date,open,high,low,close,volume,amount,price_type
2015-01-05,189.620,204.240,188.690,202.520,94515.000,,raw
2015-01-06,200.000,202.560,196.020,197.830,55020.000,,raw
2015-01-07,196.040,199.500,189.990,192.940,54797.000,,raw
2015-01-08,194.000,194.520,190.140,191.760,40525.000,,raw
2015-01-09,190.400,195.770,190.110,190.310,53982.000,,raw
2015-01-12,190.000,192.590,184.460,186.430,49914.000,,raw
2015-01-13,187.000,188.540,184.600,184.880,36708.000,,raw
2015-01-14,185.000,186.500,180.880,183.180,52403.000,,raw
2015-01-15,183.890,186.400,182.480,186.070,48585.000,,raw
2015-01-16,186.200,188.000,185.980,186.110,39978.000,,raw
2015-01-19,181.000,183.200,171.470,175.480,64679.000,,raw
2015-01-20,176.020,180.500,173.000,178.080,61022.000,,raw
2015-01-21,178.270,182.900,177.200,182.360,52674.000,,raw
2015-01-22,182.370,184.360,180.000,181.230,38254.000,,raw
2015-01-23,180.120,183.280,180.110,181.020,33084.000,,raw
2015-01-26,181.700,183.500,181.050,182.800,35649.000,,raw
2015-01-27,182.820,182.820,178.000,180.110,41883.000,,raw
2015-01-28,179.000,180.400,177.300,177.470,30680.000,,raw
2015-01-29,176.200,178.000,175.000,176.150,32492.000,,raw
2015-01-30,176.990,181.000,176.500,177.180,47508.000,,raw
2015-02-02,175.510,176.400,173.500,174.820,33983.000,,raw
2015-02-03,177.480,178.650,176.200,178.370,27792.000,,raw
2015-02-04,179.150,182.080,177.000,177.250,35293.000,,raw
2015-02-05,178.970,180.900,174.000,174.050,41239.000,,raw
2015-02-06,174.640,176.500,173.600,174.600,37102.000,,raw
2015-02-09,175.770,185.100,175.000,184.300,87293.000,,raw
2015-02-10,184.800,185.200,181.450,182.880,53638.000,,raw
2015-02-11,182.400,184.250,182.080,183.150,22894.000,,raw
2015-02-12,183.990,184.490,182.010,183.570,25050.000,,raw
2015-02-13,184.110,184.500,181.400,182.490,40127.000,,raw
2015-02-16,182.540,183.630,181.220,183.310,39521.000,,raw
2015-02-17,183.550,183.890,181.910,182.220,34172.000,,raw
2015-02-25,183.000,185.700,181.110,183.960,59935.000,,raw
2015-02-26,183.800,188.390,183.550,186.640,62297.000,,raw
2015-02-27,186.900,194.500,186.800,191.050,63370.000,,raw
2015-03-02,190.800,193.800,189.000,190.730,31098.000,,raw
2015-03-03,189.300,192.000,185.160,185.950,42999.000,,raw
2015-03-04,186.990,188.010,184.600,187.190,40662.000,,raw
2015-03-05,185.010,187.030,184.050,185.520,36206.000,,raw
2015-03-06,185.350,186.480,183.270,183.620,25470.000,,raw
2015-03-09,185.800,192.990,183.800,191.560,43486.000,,raw
2015-03-10,190.940,191.500,187.280,187.830,29637.000,,raw
2015-03-11,187.830,193.000,187.800,191.980,40583.000,,raw
2015-03-12,193.000,195.990,191.400,192.750,38496.000,,raw
2015-03-13,192.700,193.900,188.580,189.910,25479.000,,raw
2015-03-16,190.060,194.500,187.010,193.760,31160.000,,raw
2015-03-17,194.990,198.690,194.890,196.770,45904.000,,raw
2015-03-18,196.800,199.990,195.520,199.450,39304.000,,raw
2015-03-19,198.540,198.990,194.060,195.280,33539.000,,raw
2015-03-20,194.200,194.990,190.880,193.150,51373.000,,raw
2015-03-23,194.670,196.750,193.200,195.080,40979.000,,raw
2015-03-24,195.300,197.440,192.100,195.690,60079.000,,raw
2015-03-25,193.000,195.100,192.060,192.780,42240.000,,raw
2015-03-26,193.550,199.900,192.000,198.560,67105.000,,raw
2015-03-27,198.000,198.560,192.950,194.550,40144.590,,raw
2015-03-30,194.680,198.950,193.100,196.770,63451.000,,raw
2015-03-31,196.680,200.770,194.020,195.960,88130.000,,raw
2015-04-01,196.030,197.560,194.480,195.340,76875.000,,raw
2015-04-02,195.960,197.600,192.880,194.580,62981.000,,raw
2015-04-03,194.000,197.010,192.780,196.810,51210.000,,raw
2015-04-07,196.850,201.080,195.800,200.670,59824.000,,raw
2015-04-08,202.500,210.680,201.590,204.500,135857.000,,raw
2015-04-09,204.480,205.880,199.050,200.000,62399.000,,raw
2015-04-10,199.990,202.990,199.610,200.220,102019.000,,raw
2015-04-13,201.550,204.490,198.940,203.900,91356.000,,raw
2015-04-14,204.000,209.280,203.960,206.000,81903.000,,raw
2015-04-15,209.100,209.780,204.160,205.700,55005.000,,raw
2015-04-16,208.550,226.270,207.830,226.270,86014.000,,raw
2015-04-17,238.900,248.700,228.280,232.560,192094.000,,raw
2015-04-20,230.000,245.700,229.000,234.030,130588.000,,raw
2015-04-21,240.000,257.430,240.000,257.430,122401.000,,raw
2015-04-22,268.800,269.000,257.110,263.890,134635.000,,raw
2015-04-23,264.000,264.170,252.980,256.040,86030.000,,raw
2015-04-24,251.880,259.680,245.010,258.490,100531.000,,raw
2015-04-27,257.580,267.800,252.990,255.790,78973.000,,raw
2015-04-28,254.000,258.600,247.050,247.890,87291.000,,raw
2015-04-29,246.100,253.000,246.100,249.780,59300.000,,raw
2015-04-30,251.150,254.900,247.750,252.230,64064.000,,raw
2015-05-04,252.660,259.000,250.020,254.970,54739.000,,raw
2015-05-05,252.000,252.000,239.880,240.950,73700.000,,raw
2015-05-06,243.980,246.990,240.010,242.680,60324.000,,raw
2015-05-07,245.000,251.880,242.560,244.930,68102.000,,raw
2015-05-08,246.120,254.880,245.900,254.170,57805.000,,raw
2015-05-11,251.500,257.990,250.000,257.440,61345.000,,raw
2015-05-12,257.200,257.200,252.000,254.420,47031.000,,raw
2015-05-13,253.800,262.970,252.500,256.400,58913.000,,raw
2015-05-14,256.250,259.500,251.220,251.410,41853.000,,raw
2015-05-15,251.410,253.490,241.610,245.170,54185.000,,raw
2015-05-18,245.000,245.000,240.100,241.140,35363.000,,raw
2015-05-19,241.050,250.220,240.200,250.040,47637.000,,raw
2015-05-20,252.000,260.000,249.300,253.950,63771.000,,raw
2015-05-21,256.000,261.300,254.010,258.590,47669.000,,raw
2015-05-22,259.680,276.800,259.590,275.860,66649.000,,raw
2015-05-25,270.000,288.490,269.000,286.830,67473.000,,raw
2015-05-26,286.600,290.000,283.960,285.540,60914.000,,raw
2015-05-27,285.520,289.320,273.000,276.900,46934.000,,raw
2015-05-28,275.250,281.000,260.100,261.110,60884.000,,raw
2015-05-29,260.010,269.000,259.890,263.830,57783.000,,raw
2015-06-01,263.940,272.980,259.800,271.460,65816.000,,raw
2015-06-02,270.500,270.500,260.660,266.620,64635.000,,raw
2015-06-03,265.180,266.620,260.010,262.790,46424.000,,raw
2015-06-04,262.980,265.000,240.000,258.210,92362.000,,raw
2015-06-05,258.110,262.100,246.000,253.840,85738.000,,raw
2015-06-08,251.510,267.540,249.800,264.640,96007.000,,raw
2015-06-09,265.000,269.800,256.500,259.030,77851.000,,raw
2015-06-10,255.640,266.880,253.800,261.050,80462.000,,raw
2015-06-11,260.000,264.500,257.770,260.060,52954.000,,raw
2015-06-12,262.120,273.000,261.000,266.000,90909.000,,raw
2015-06-15,266.980,272.000,260.080,260.890,100014.000,,raw
2015-06-16,259.000,265.800,252.500,253.950,69303.000,,raw
2015-06-17,253.960,257.760,249.000,255.090,58388.000,,raw
2015-06-18,253.020,254.800,240.600,243.970,61506.000,,raw
2015-06-19,245.870,248.490,234.020,235.310,67608.000,,raw
2015-06-23,239.800,255.850,234.130,252.250,81247.000,,raw
2015-06-24,250.000,265.200,247.650,261.210,95706.000,,raw
2015-06-25,261.500,262.030,250.210,251.790,66521.000,,raw
2015-06-26,250.020,255.750,235.300,242.450,99332.000,,raw
2015-06-29,248.370,256.500,227.800,246.640,165071.000,,raw
2015-06-30,246.640,259.820,246.000,257.650,126298.000,,raw
2015-07-01,255.000,268.500,250.980,257.490,103326.000,,raw
2015-07-02,255.300,282.600,245.010,260.300,118459.000,,raw
2015-07-03,255.000,260.500,242.200,249.810,109605.000,,raw
2015-07-06,267.950,267.990,239.500,254.040,272799.000,,raw
2015-07-07,250.000,256.580,239.500,244.180,167562.000,,raw
2015-07-08,229.000,244.990,219.760,236.860,289140.000,,raw
2015-07-09,236.860,260.410,233.000,257.940,138203.000,,raw
2015-07-10,257.000,283.000,251.960,265.590,256149.000,,raw
2015-07-13,258.000,265.580,251.000,257.750,148926.000,,raw
2015-07-14,255.000,255.180,247.200,249.050,96768.000,,raw
2015-07-15,247.500,252.700,243.280,251.260,104077.000,,raw
2015-07-16,251.260,254.180,248.260,251.590,72814.000,,raw
2015-07-17,229.000,229.990,224.740,228.290,56418.000,"{'nd': '2014', 'fh_sh': '41.503', 'djr': '2015-07-16', 'cqr': '2015-07-17', 'FHcontent': '10派43.74元送1股'}",raw
2015-07-20,227.150,227.900,222.500,225.110,67933.000,,raw
2015-07-21,221.750,224.200,220.000,221.660,51789.000,,raw
2015-07-22,220.000,222.000,216.580,217.130,70855.000,,raw
2015-07-23,217.990,220.600,215.770,219.540,64748.000,,raw
2015-07-24,220.500,223.690,218.750,219.210,57390.000,,raw
2015-07-27,217.000,221.300,201.000,201.520,76944.000,,raw
2015-07-28,199.860,209.440,197.480,205.830,86703.000,,raw
2015-07-29,207.780,210.000,202.130,207.740,66507.000,,raw
2015-07-30,208.830,208.830,205.100,205.960,41134.000,,raw
2015-07-31,206.700,206.930,203.000,206.830,40736.000,,raw
2015-08-03,205.000,209.990,203.000,209.560,54553.000,,raw
2015-08-04,209.260,213.980,209.260,211.970,59533.000,,raw
2015-08-05,212.930,213.850,206.940,207.190,43143.000,,raw
2015-08-06,206.230,207.500,203.000,204.960,39249.000,,raw
2015-08-07,207.490,208.600,205.600,206.930,39521.000,,raw
2015-08-10,207.010,213.000,205.130,212.300,56496.000,,raw
2015-08-11,212.300,212.410,210.010,210.750,50897.000,,raw
2015-08-12,209.990,214.290,208.750,209.470,45824.000,,raw
2015-08-13,211.500,211.500,206.000,209.510,35180.000,,raw
2015-08-14,210.500,211.400,209.250,209.980,30666.000,,raw
2015-08-17,208.020,208.820,204.000,206.220,53858.000,,raw
2015-08-18,206.980,207.500,200.350,201.060,51285.000,,raw
2015-08-19,199.750,202.160,198.180,201.620,50261.000,,raw
2015-08-20,200.830,201.000,194.900,195.070,39645.000,,raw
2015-08-21,191.520,194.860,186.120,186.330,75620.000,,raw
2015-08-24,181.000,181.500,168.200,169.640,89812.000,,raw
2015-08-25,167.460,182.510,166.200,176.590,123080.000,,raw
2015-08-26,176.760,188.500,175.000,183.880,91572.000,,raw
2015-08-27,190.000,199.900,184.890,197.070,87052.000,,raw
2015-08-28,195.000,195.290,187.130,192.650,89925.000,,raw
2015-08-31,189.340,195.500,185.180,195.370,62730.000,,raw
2015-09-01,191.820,195.000,188.000,194.370,87432.000,,raw
2015-09-02,190.110,195.000,189.200,194.610,106945.000,,raw
2015-09-07,192.600,194.000,188.650,188.710,32216.000,,raw
2015-09-08,188.460,190.470,185.000,189.320,33098.000,,raw
2015-09-09,190.140,193.870,190.140,191.860,35215.000,,raw
2015-09-10,190.380,193.300,189.140,193.210,26852.000,,raw
2015-09-11,191.880,194.100,191.050,192.910,16932.000,,raw
2015-09-14,192.430,202.800,187.900,202.530,86175.000,,raw
2015-09-15,198.010,202.020,195.120,202.000,51884.000,,raw
2015-09-16,200.010,209.540,197.730,204.550,37198.000,,raw
2015-09-17,202.600,205.800,197.610,198.000,26423.000,,raw
2015-09-18,198.600,200.890,198.000,199.430,15642.000,,raw
2015-09-21,198.010,200.700,198.000,199.300,16527.000,,raw
2015-09-22,200.770,201.180,198.980,199.270,16457.000,,raw
2015-09-23,197.150,198.990,194.100,194.720,22344.000,,raw
2015-09-24,195.800,196.280,192.800,194.000,13886.000,,raw
2015-09-25,193.990,194.900,189.500,193.460,24455.000,,raw
2015-09-28,191.480,192.300,189.230,191.380,12341.000,,raw
2015-09-29,189.550,191.370,188.300,190.170,18409.000,,raw
2015-09-30,190.230,191.480,190.170,190.310,11634.000,,raw
2015-10-08,198.780,201.580,197.000,197.520,34391.000,,raw
2015-10-09,198.780,198.900,196.500,196.950,15721.000,,raw
2015-10-12,199.000,204.490,197.850,198.090,49030.000,,raw
2015-10-13,198.090,200.090,198.090,198.740,15751.000,,raw
2015-10-14,198.980,199.500,197.010,197.830,15213.000,,raw
2015-10-15,198.160,200.370,197.560,199.990,16550.000,,raw
2015-10-16,201.220,202.400,199.410,200.740,19238.000,,raw
2015-10-19,204.940,204.940,201.900,202.720,26121.000,,raw
2015-10-20,202.020,202.880,201.180,201.970,14784.000,,raw
2015-10-21,202.080,202.550,197.010,200.310,22349.000,,raw
2015-10-22,200.240,202.730,199.430,202.530,23720.000,,raw
2015-10-23,205.800,217.600,205.550,210.980,56277.000,,raw
2015-10-26,212.000,218.300,208.000,217.730,43346.000,,raw
2015-10-27,217.100,217.680,212.580,215.250,22572.000,,raw
2015-10-28,214.990,214.990,211.900,212.440,16559.000,,raw
2015-10-29,212.000,214.790,212.000,213.000,13454.000,,raw
2015-10-30,212.950,215.800,212.120,213.860,12257.000,,raw
2015-11-02,214.600,215.860,212.500,212.560,15298.000,,raw
2015-11-03,212.920,215.760,208.400,209.710,23173.000,,raw
2015-11-04,210.580,216.000,210.110,214.980,30809.000,,raw
2015-11-05,214.600,223.280,213.500,216.560,49982.000,,raw
2015-11-06,217.350,218.600,215.560,218.420,21695.000,,raw
2015-11-09,222.000,224.660,219.000,220.830,40527.000,,raw
2015-11-10,220.000,224.120,219.160,222.380,28729.000,,raw
2015-11-11,222.010,223.000,218.600,220.150,23815.000,,raw
2015-11-12,220.230,223.000,219.380,220.010,16180.000,,raw
2015-11-13,218.100,219.500,214.830,215.110,28397.000,,raw
2015-11-16,212.500,216.500,212.000,213.780,23916.000,,raw
2015-11-17,214.720,217.500,213.140,214.360,21986.000,,raw
2015-11-18,213.590,216.000,213.590,214.660,19725.000,,raw
2015-11-19,214.000,216.000,213.900,215.030,15262.000,,raw
2015-11-20,215.140,215.780,213.100,213.720,22274.000,,raw
2015-11-23,213.000,213.840,212.510,212.620,20994.000,,raw
2015-11-24,212.390,213.280,210.000,211.690,20469.000,,raw
2015-11-25,211.700,213.000,210.400,212.980,24249.000,,raw
2015-11-26,213.490,213.790,211.830,212.840,18804.000,,raw
2015-11-27,212.490,212.540,206.630,207.740,16220.000,,raw
2015-11-30,208.040,214.780,207.790,214.310,33440.000,,raw
2015-12-01,213.000,213.950,211.000,213.800,18877.000,,raw
2015-12-02,214.480,227.000,212.000,221.580,47891.000,,raw
2015-12-03,219.000,221.400,216.700,220.200,22386.000,,raw
2015-12-04,219.960,219.960,215.010,215.310,20848.000,,raw
2015-12-07,215.000,216.980,213.200,214.510,19255.000,,raw
2015-12-08,214.550,214.550,211.460,211.940,17393.000,,raw
2015-12-09,211.580,215.050,211.500,214.470,14119.000,,raw
2015-12-10,215.000,216.200,211.990,212.960,13786.000,,raw
2015-12-11,212.500,212.500,210.500,211.410,13035.000,,raw
2015-12-14,210.190,214.880,209.000,214.100,20701.000,,raw
2015-12-15,213.800,214.590,212.080,214.510,15088.000,,raw
2015-12-16,214.410,214.640,212.590,213.910,20144.000,,raw
2015-12-17,214.390,216.880,214.000,215.860,24253.000,,raw
2015-12-18,215.500,219.150,215.110,216.880,28460.000,,raw
2015-12-21,218.000,229.180,218.000,227.030,59391.000,,raw
2015-12-22,226.800,226.800,223.280,225.030,28402.000,,raw
2015-12-23,225.450,226.690,222.700,223.000,22374.000,,raw
2015-12-24,223.980,225.680,223.200,224.780,15577.000,,raw
2015-12-25,225.000,225.660,222.880,224.500,11542.000,,raw
2015-12-28,225.480,226.000,219.000,219.120,25594.000,,raw
2015-12-29,218.620,220.440,218.510,219.830,15774.000,,raw
2015-12-30,220.180,220.660,217.520,218.860,20147.000,,raw
2015-12-31,218.220,219.500,217.820,218.190,19673.000,,raw
2016-01-04,218.000,218.000,209.990,210.000,17349.000,,raw
2016-01-05,210.000,213.970,207.510,212.820,31908.000,,raw
2016-01-06,212.780,213.660,209.300,212.180,23760.000,,raw
2016-01-07,208.990,208.990,200.030,202.230,8148.000,,raw
2016-01-08,204.170,208.000,200.000,204.630,44510.000,,raw
2016-01-11,203.160,203.790,199.400,199.860,29702.000,,raw
2016-01-12,201.100,202.100,196.000,196.790,40287.000,,raw
2016-01-13,199.100,206.000,198.600,199.780,29201.000,,raw
2016-01-14,197.110,205.980,195.510,204.820,34776.000,,raw
2016-01-15,204.750,206.180,198.000,199.000,26681.000,,raw
2016-01-18,198.000,202.400,197.200,199.430,27371.000,,raw
2016-01-19,201.000,210.330,200.010,210.240,59110.000,,raw
2016-01-20,207.000,210.160,201.010,202.320,40968.000,,raw
2016-01-21,201.260,204.590,199.900,200.260,21832.000,,raw
2016-01-22,203.110,203.400,198.810,202.740,22733.000,,raw
2016-01-25,203.000,203.490,201.500,202.770,13750.000,,raw
2016-01-26,200.990,204.470,198.500,199.010,22280.000,,raw
2016-01-27,199.980,200.890,195.700,199.930,29840.000,,raw
2016-01-28,199.750,199.750,195.620,196.640,17903.000,,raw
2016-01-29,197.480,202.500,197.000,200.650,23090.000,,raw
2016-02-01,202.100,202.800,199.890,201.290,19178.000,,raw
2016-02-02,202.000,204.800,200.640,204.550,17842.000,,raw
2016-02-03,202.580,204.560,201.500,203.660,15156.000,,raw
2016-02-04,204.800,205.880,203.540,204.990,16624.000,,raw
2016-02-05,204.990,205.180,202.530,203.870,14227.000,,raw
2016-02-15,200.000,203.000,199.600,200.410,19470.000,,raw
2016-02-16,200.560,208.000,200.560,203.920,19223.000,,raw
2016-02-17,203.740,204.920,200.510,202.300,20349.000,,raw
2016-02-18,203.200,203.600,201.100,201.710,18892.000,,raw
2016-02-19,201.620,203.180,201.130,203.110,14238.000,,raw
2016-02-22,206.000,208.320,206.000,207.800,27759.000,,raw
2016-02-23,207.770,214.980,207.020,212.410,37460.000,,raw
2016-02-24,212.200,218.030,211.010,217.740,33129.000,,raw
2016-02-25,218.800,220.480,212.130,212.410,39480.000,,raw
2016-02-26,213.100,219.250,211.260,216.840,28332.000,,raw
2016-02-29,218.990,220.880,206.800,214.910,47712.000,,raw
2016-03-01,215.960,220.300,210.400,218.420,34004.000,,raw
2016-03-02,219.000,225.500,218.670,224.220,47942.000,,raw
2016-03-03,225.000,231.980,221.660,227.810,40193.000,,raw
2016-03-04,226.880,240.160,225.010,238.780,85838.000,,raw
2016-03-07,238.110,240.000,231.050,233.640,39345.000,,raw
2016-03-08,233.300,233.300,227.000,229.210,26147.000,,raw
2016-03-09,227.000,232.650,226.100,227.440,16402.000,,raw
2016-03-10,228.990,233.700,228.000,228.060,25727.000,,raw
2016-03-11,226.540,231.880,225.500,228.050,16320.000,,raw
2016-03-14,230.760,233.500,222.200,224.570,45277.000,,raw
2016-03-15,224.800,234.390,224.340,231.920,36356.000,,raw
2016-03-16,230.220,232.500,225.000,228.610,24250.000,,raw
2016-03-17,230.000,234.100,228.300,229.560,28820.000,,raw
2016-03-18,232.000,232.260,225.780,226.000,70568.000,,raw
2016-03-21,226.660,232.020,226.650,231.980,38547.000,,raw
2016-03-22,232.260,238.180,231.500,234.490,41766.000,,raw
2016-03-23,235.200,237.000,232.680,234.970,21412.000,,raw
2016-03-24,235.000,245.400,231.300,242.660,62068.000,,raw
2016-03-25,242.500,249.790,241.020,244.980,44756.000,,raw
2016-03-28,244.980,253.380,244.980,249.580,48337.000,,raw
2016-03-29,249.600,251.000,244.440,248.110,36688.000,,raw
2016-03-30,249.000,250.400,245.480,248.660,27782.000,,raw
2016-03-31,249.840,250.300,246.990,247.640,19457.000,,raw
2016-04-01,248.950,250.490,244.540,245.090,25146.000,,raw
2016-04-05,243.000,247.500,243.000,245.520,25047.000,,raw
2016-04-06,245.800,257.600,245.800,257.210,48424.000,,raw
2016-04-07,256.890,257.480,252.620,254.110,25536.000,,raw
2016-04-08,252.000,255.890,248.200,249.860,23156.000,,raw
2016-04-11,250.500,255.180,243.500,243.720,119284.000,,raw
2016-04-12,243.700,245.000,242.100,244.920,23339.000,,raw
2016-04-13,245.400,248.630,241.700,242.240,54274.000,,raw
2016-04-14,242.380,244.830,241.000,242.760,28664.000,,raw
2016-04-15,242.640,244.980,241.200,244.900,19029.000,,raw
2016-04-18,242.800,246.000,242.500,243.680,18593.000,,raw
2016-04-19,244.590,245.190,241.450,243.180,14236.000,,raw
2016-04-20,243.190,244.400,235.800,238.440,33708.000,,raw
2016-04-21,240.500,242.300,238.300,240.370,29672.000,,raw
2016-04-22,241.000,247.880,240.370,247.400,35459.000,,raw
2016-04-25,247.120,248.100,243.300,244.520,24990.000,,raw
2016-04-26,244.950,246.880,243.000,243.860,15156.000,,raw
2016-04-27,244.500,245.480,243.490,244.880,13915.000,,raw
2016-04-28,245.830,246.740,244.000,246.440,17156.000,,raw
2016-04-29,247.390,252.430,247.390,251.200,46079.000,,raw
2016-05-03,250.550,262.280,250.550,260.000,56474.000,,raw
2016-05-04,260.000,262.390,255.990,256.210,28636.000,,raw
2016-05-05,256.500,258.150,255.500,257.770,13517.000,,raw
2016-05-06,257.310,258.520,251.120,252.220,27173.000,,raw
2016-05-09,250.130,252.800,249.010,250.820,27799.000,,raw
2016-05-10,249.500,254.000,249.110,252.080,33505.000,,raw
2016-05-11,252.350,260.480,252.350,256.870,49277.000,,raw
2016-05-12,254.020,256.560,252.000,255.960,18894.000,,raw
2016-05-13,255.980,258.900,250.500,250.960,28145.000,,raw
2016-05-16,250.860,251.800,247.300,251.630,22202.000,,raw
2016-05-17,251.010,252.400,249.830,250.030,11785.000,,raw
2016-05-18,249.080,251.850,243.100,244.440,28380.000,,raw
2016-05-19,245.160,248.500,244.500,245.770,20889.000,,raw
2016-05-20,246.840,252.180,244.320,251.260,25501.000,,raw
2016-05-23,249.720,254.990,249.720,254.200,18706.000,,raw
2016-05-24,254.410,255.210,250.100,251.940,11674.000,,raw
2016-05-25,254.480,254.940,251.010,251.860,17785.000,,raw
2016-05-26,251.990,253.800,249.200,252.710,18120.000,,raw
2016-05-27,252.720,254.690,251.380,252.440,13230.000,,raw
2016-05-30,251.500,256.500,250.000,256.130,29806.000,,raw
2016-05-31,256.000,266.620,255.200,264.470,53949.000,,raw
2016-06-01,265.400,265.500,263.000,263.790,21876.000,,raw
2016-06-02,263.010,268.680,263.010,267.740,24760.000,,raw
2016-06-03,267.000,286.740,266.400,283.890,64798.000,,raw
2016-06-06,282.000,283.000,275.000,276.050,37261.000,,raw
2016-06-07,276.500,278.490,275.010,277.850,18753.000,,raw
2016-06-08,276.400,277.860,273.500,274.280,23882.000,,raw
2016-06-13,273.350,276.660,266.250,267.060,37775.000,,raw
2016-06-14,267.710,273.800,267.710,272.750,25587.000,,raw
2016-06-15,270.710,277.800,270.210,276.490,27322.000,,raw
2016-06-16,274.860,277.800,273.780,274.020,19643.000,,raw
2016-06-17,273.600,282.490,273.600,278.260,24705.000,,raw
2016-06-20,279.770,279.860,274.000,276.110,19019.000,,raw
2016-06-21,277.040,277.940,273.000,273.810,16749.000,,raw
2016-06-22,273.770,279.360,272.770,278.440,20884.000,,raw
2016-06-23,279.970,279.970,274.880,276.440,13984.000,,raw
2016-06-24,275.280,277.000,267.200,273.770,20129.000,,raw
2016-06-27,275.000,292.300,275.000,287.680,63642.000,,raw
2016-06-28,287.020,289.660,286.320,288.210,24282.000,,raw
2016-06-29,287.550,289.450,284.200,288.180,28147.000,,raw
2016-06-30,290.020,298.200,290.020,291.920,38022.000,,raw
2016-07-01,287.200,291.880,284.000,286.170,26014.000,"{'nd': '2015', 'fh_sh': '61.71', 'djr': '2016-06-30', 'cqr': '2016-07-01', 'FHcontent': '10派61.71元'}",raw
2016-07-04,287.000,295.400,286.000,293.900,29488.000,,raw
2016-07-05,295.030,303.100,295.030,300.580,41707.000,,raw
2016-07-06,299.800,318.000,299.010,317.190,47347.000,,raw
2016-07-07,315.800,326.800,312.080,316.910,50725.000,,raw
2016-07-08,313.530,315.500,306.160,309.910,45545.000,,raw
2016-07-11,309.030,324.000,309.030,315.140,57481.000,,raw
2016-07-12,315.760,326.600,315.000,324.730,53119.000,,raw
2016-07-13,323.030,324.730,315.050,317.190,53448.000,,raw
2016-07-14,316.090,320.800,315.200,317.090,29230.000,,raw
2016-07-15,317.120,318.030,315.060,317.520,26811.000,,raw
2016-07-18,317.500,319.500,315.660,316.210,23352.000,,raw
2016-07-19,315.500,316.300,305.550,308.110,41431.000,,raw
2016-07-20,308.620,310.870,307.500,308.560,17733.000,,raw
2016-07-21,310.150,317.600,309.000,314.380,33009.000,,raw
2016-07-22,312.900,315.200,307.380,307.920,28871.000,,raw
2016-07-25,307.600,314.190,307.000,311.260,23623.000,,raw
2016-07-26,309.010,319.500,308.500,319.040,35555.000,,raw
2016-07-27,319.850,320.600,308.300,314.010,39228.000,,raw
2016-07-28,312.000,319.300,311.500,316.050,39643.000,,raw
2016-07-29,315.080,318.880,313.000,313.150,29007.000,,raw
2016-08-01,313.000,313.950,305.000,306.960,31701.000,,raw
2016-08-02,307.250,310.500,302.850,306.210,26541.000,,raw
2016-08-03,307.000,307.900,304.150,306.820,24039.000,,raw
2016-08-04,306.850,308.330,304.220,306.300,21793.000,,raw
2016-08-05,306.490,308.370,305.030,305.930,20308.000,,raw
2016-08-08,306.150,308.300,303.060,308.100,22007.000,,raw
2016-08-09,308.170,317.670,306.420,315.750,39289.000,,raw
2016-08-10,315.050,316.500,313.330,313.810,20944.000,,raw
2016-08-11,314.380,321.570,314.010,316.770,31939.000,,raw
2016-08-12,317.400,317.400,314.010,316.970,23352.000,,raw
2016-08-15,315.800,321.690,314.150,318.780,34110.000,,raw
2016-08-16,322.000,322.480,308.000,309.520,88378.000,,raw
2016-08-17,309.600,310.970,306.500,308.160,43754.000,,raw
2016-08-18,307.950,309.650,305.130,306.430,31005.000,,raw
2016-08-19,305.800,307.450,304.800,306.480,19140.000,,raw
2016-08-22,306.130,309.580,306.000,307.320,20812.000,,raw
2016-08-23,307.330,309.040,305.800,306.880,19914.000,,raw
2016-08-24,307.020,307.490,303.830,305.280,22779.000,,raw
2016-08-25,305.200,305.380,300.070,303.010,25362.000,,raw
2016-08-26,303.140,304.550,300.400,301.450,21436.000,,raw
2016-08-29,308.000,308.800,305.200,307.530,38055.000,,raw
2016-08-30,307.000,308.500,304.670,305.860,21170.000,,raw
2016-08-31,306.700,310.760,305.540,310.190,40401.000,,raw
2016-09-01,309.700,312.000,308.250,308.710,17185.000,,raw
2016-09-02,308.000,309.450,304.880,305.780,18572.000,,raw
2016-09-05,306.200,309.000,305.810,308.500,19138.000,,raw
2016-09-06,308.500,310.360,308.350,309.940,20625.000,,raw
2016-09-07,309.680,309.680,305.500,306.600,29645.000,,raw
2016-09-08,305.210,306.500,304.410,305.820,16705.000,,raw
2016-09-09,306.650,306.860,304.000,304.630,16222.000,,raw
2016-09-12,302.000,304.000,297.770,298.060,38238.000,,raw
2016-09-13,299.950,300.970,299.300,300.430,16255.000,,raw
2016-09-14,300.100,302.200,298.010,299.570,18527.000,,raw
2016-09-19,300.050,301.570,299.880,300.130,12852.000,,raw
2016-09-20,300.780,300.800,294.000,294.960,34892.000,,raw
2016-09-21,295.060,295.390,289.110,294.050,39037.000,,raw
2016-09-22,294.300,299.980,294.010,296.980,29606.000,,raw
2016-09-23,297.020,298.950,295.400,297.680,12671.000,,raw
2016-09-26,297.000,297.010,288.550,288.730,37176.000,,raw
2016-09-27,288.880,291.980,288.760,291.170,17915.000,,raw
2016-09-28,291.790,291.790,287.560,288.410,22360.000,,raw
2016-09-29,287.850,293.000,287.850,290.980,23705.000,,raw
2016-09-30,290.000,299.630,290.000,297.910,29603.000,,raw
2016-10-10,298.510,303.860,298.510,302.960,21103.000,,raw
2016-10-11,304.000,309.000,303.000,308.920,41736.000,,raw
2016-10-12,308.500,308.500,304.900,305.820,19286.000,,raw
2016-10-13,306.800,306.940,303.510,303.890,16143.000,,raw
2016-10-14,303.470,306.000,303.200,305.600,12690.000,,raw
2016-10-17,305.450,305.500,301.500,302.450,18957.000,,raw
2016-10-18,302.500,308.500,302.000,307.160,30389.000,,raw
2016-10-19,308.500,308.750,305.100,306.450,14123.000,,raw
2016-10-20,307.390,307.390,304.800,305.480,14079.000,,raw
2016-10-21,305.080,305.480,302.590,304.190,11483.000,,raw
2016-10-24,302.600,307.000,302.600,306.930,26246.000,,raw
2016-10-25,307.390,313.000,307.390,312.940,43762.000,,raw
2016-10-26,313.000,318.310,311.650,313.680,46813.000,,raw
2016-10-27,312.990,318.220,311.010,316.870,32951.000,,raw
2016-10-28,317.500,318.430,314.000,317.050,20137.000,,raw
2016-10-31,319.000,322.800,316.800,317.950,43596.000,,raw
2016-11-01,317.950,319.000,315.550,316.680,19512.000,,raw
2016-11-02,316.090,317.160,313.680,315.180,20636.000,,raw
2016-11-03,315.000,316.460,314.150,315.860,18690.000,,raw
2016-11-04,315.990,318.250,313.980,314.820,20619.000,,raw
2016-11-07,315.000,317.000,313.200,315.330,16047.000,,raw
2016-11-08,316.500,322.180,315.680,320.000,34193.000,,raw
2016-11-09,320.000,321.970,313.800,316.810,30004.000,,raw
2016-11-10,319.100,321.000,317.730,319.130,17804.000,,raw
2016-11-11,317.990,318.300,314.800,315.080,35902.000,,raw
2016-11-14,315.550,315.870,309.990,310.990,39920.000,,raw
2016-11-15,310.030,315.650,310.030,314.010,24470.000,,raw
2016-11-16,313.810,315.400,312.000,313.150,13399.000,,raw
2016-11-17,312.080,313.000,310.530,311.040,18337.000,,raw
2016-11-18,311.160,311.800,309.880,310.000,19377.000,,raw
2016-11-21,311.020,311.660,308.370,309.500,26083.000,,raw
2016-11-22,310.300,310.450,308.370,308.870,26424.000,,raw
2016-11-23,311.000,313.000,309.110,312.950,34015.000,,raw
2016-11-24,313.200,317.000,311.420,316.930,39078.000,,raw
2016-11-25,317.040,318.000,313.420,316.890,22369.000,,raw
2016-11-28,317.550,320.180,316.600,319.500,49253.000,,raw
2016-11-29,320.700,330.450,319.410,323.960,58830.000,,raw
2016-11-30,321.220,323.300,318.450,319.080,26752.000,,raw
2016-12-01,320.000,324.590,318.680,321.020,27941.000,,raw
2016-12-02,321.000,323.200,319.000,321.770,30628.000,,raw
2016-12-05,319.200,324.540,315.820,315.930,42060.000,,raw
2016-12-06,316.230,326.580,316.230,326.420,38923.000,,raw
2016-12-07,327.120,328.500,323.970,327.450,25271.000,,raw
2016-12-08,328.010,340.000,327.000,337.710,54475.000,,raw
2016-12-09,337.200,339.420,334.020,337.760,34495.000,,raw
2016-12-12,337.700,340.000,325.700,326.860,50332.000,,raw
2016-12-13,326.840,335.000,325.500,333.010,41780.000,,raw
2016-12-14,333.000,334.070,328.500,332.270,32029.000,,raw
2016-12-15,332.460,332.990,325.580,328.050,39202.000,,raw
2016-12-16,327.000,329.880,323.580,327.580,25051.000,,raw
2016-12-19,326.000,334.370,325.610,325.960,30471.000,,raw
2016-12-20,326.040,327.000,321.810,326.480,30831.000,,raw
2016-12-21,326.900,329.290,323.560,328.660,24711.000,,raw
2016-12-22,328.000,328.460,324.880,325.200,14678.000,,raw
2016-12-23,323.550,324.500,319.130,320.030,31095.000,,raw
2016-12-26,319.030,324.990,316.200,324.480,26001.000,,raw
2016-12-27,324.510,328.800,323.500,326.160,20062.000,,raw
2016-12-28,326.990,328.000,323.330,323.720,17878.000,,raw
2016-12-29,324.000,327.870,323.000,327.310,21225.000,,raw
2016-12-30,326.610,335.290,326.610,334.150,34687.000,,raw
2017-01-03,334.280,337.000,332.810,334.560,20763.000,,raw
2017-01-04,334.620,352.170,334.600,351.910,65257.000,,raw
2017-01-05,350.000,351.450,345.440,346.740,41704.000,,raw
2017-01-06,346.640,359.780,346.100,350.760,68095.000,,raw
2017-01-09,347.800,352.880,346.540,348.510,35405.000,,raw
2017-01-10,348.450,352.000,346.600,349.000,31727.000,,raw
2017-01-11,348.000,348.000,343.500,345.450,23598.000,,raw
2017-01-12,346.550,347.400,344.510,347.050,17779.000,,raw
2017-01-13,346.980,347.390,343.880,344.870,18282.000,,raw
2017-01-16,344.130,344.800,338.800,341.470,36855.000,,raw
2017-01-17,342.600,351.500,342.000,349.130,35188.000,,raw
2017-01-18,348.880,356.770,347.210,355.080,46005.000,,raw
2017-01-19,355.000,358.480,351.700,354.720,28523.000,,raw
2017-01-20,354.900,357.400,353.030,354.990,21344.000,,raw
2017-01-23,356.880,359.800,349.460,351.220,32581.000,,raw
2017-01-24,351.270,352.800,346.750,350.310,26914.000,,raw
2017-01-25,349.980,349.980,346.200,347.630,22990.000,,raw
2017-01-26,348.140,348.800,341.300,344.420,37826.000,,raw
2017-02-03,346.000,349.180,345.000,346.850,20936.000,,raw
2017-02-06,348.490,348.890,344.960,346.850,15680.000,,raw
2017-02-07,346.840,347.400,343.140,343.580,20519.000,,raw
2017-02-08,343.760,345.500,342.670,344.210,19088.000,,raw
2017-02-09,345.000,348.790,344.610,347.610,23324.000,,raw
2017-02-10,348.620,349.820,345.000,345.080,24056.000,,raw
2017-02-13,344.000,351.900,341.920,349.750,53587.000,,raw
2017-02-14,349.540,352.600,349.100,350.210,26558.000,,raw
2017-02-15,351.500,352.440,347.200,348.530,26256.000,,raw
2017-02-16,348.500,348.620,345.510,348.090,17642.000,,raw
2017-02-17,348.900,354.440,347.500,350.560,29102.000,,raw
2017-02-20,350.410,362.320,350.010,361.290,61853.000,,raw
2017-02-21,361.880,362.430,357.180,358.740,27705.000,,raw
2017-02-22,360.610,366.520,360.000,361.890,37130.000,,raw
2017-02-23,360.970,365.480,359.760,361.700,23328.000,,raw
2017-02-24,362.000,362.890,360.050,362.620,17692.000,,raw
2017-02-27,362.490,362.850,356.800,357.200,25400.000,,raw
2017-02-28,357.000,359.200,353.580,354.660,27473.000,,raw
2017-03-01,355.100,358.200,355.000,356.610,21944.000,,raw
2017-03-02,356.710,357.000,354.530,356.820,22103.000,,raw
2017-03-03,355.000,358.220,355.000,356.540,14153.000,,raw
2017-03-06,357.660,359.540,356.550,358.960,22818.000,,raw
2017-03-07,358.030,368.880,358.030,367.200,46286.000,,raw
2017-03-08,367.180,368.490,365.500,367.280,16037.000,,raw
2017-03-09,367.000,369.980,365.560,369.900,23406.000,,raw
2017-03-10,369.920,377.000,368.360,369.850,40951.000,,raw
2017-03-13,370.050,374.330,367.530,371.550,27674.000,,raw
2017-03-14,371.550,373.850,368.340,369.500,20416.000,,raw
2017-03-15,369.500,375.150,369.010,374.680,25155.000,,raw
2017-03-16,376.560,378.300,372.800,374.770,25022.000,,raw
2017-03-17,373.100,384.450,373.100,378.480,34700.000,,raw
2017-03-20,380.500,386.710,378.880,386.410,31545.000,,raw
2017-03-21,386.550,396.500,386.500,394.010,48460.000,,raw
2017-03-22,390.530,394.600,385.000,394.480,45532.000,,raw
2017-03-23,392.030,393.990,386.600,389.790,34504.000,,raw
2017-03-24,392.320,393.220,385.000,386.820,33287.000,,raw
2017-03-27,386.030,389.260,378.390,378.820,53690.000,,raw
2017-03-28,379.950,381.150,376.660,380.260,41187.000,,raw
2017-03-29,381.010,385.800,379.900,383.650,37299.000,,raw
2017-03-30,383.000,386.890,382.600,386.140,31612.000,,raw
2017-03-31,386.200,388.000,384.180,386.360,24474.000,,raw
2017-04-05,385.660,394.990,385.000,389.660,40789.000,,raw
2017-04-06,389.010,393.000,386.630,391.910,28857.000,,raw
2017-04-07,392.990,394.000,389.600,392.870,24097.000,,raw
2017-04-10,394.000,394.000,388.000,389.200,28869.000,,raw
2017-04-11,388.050,390.700,380.600,385.290,43530.000,,raw
2017-04-12,385.290,391.000,384.800,390.230,27002.000,,raw
2017-04-13,390.780,398.590,390.510,398.390,45648.000,,raw
2017-04-14,399.430,399.880,395.000,395.450,23646.000,,raw
2017-04-17,391.000,398.280,388.550,395.790,28793.000,,raw
2017-04-18,394.600,406.550,394.600,404.650,49581.000,,raw
2017-04-19,403.000,409.100,402.860,405.740,37550.000,,raw
2017-04-20,406.090,420.430,406.090,415.310,50457.000,,raw
2017-04-21,415.000,415.600,400.000,400.530,49332.000,,raw
2017-04-24,400.620,405.000,389.000,398.550,50037.000,,raw
2017-04-25,404.800,420.170,404.800,418.890,76192.000,,raw
2017-04-26,418.850,428.680,413.010,417.960,56624.000,,raw
2017-04-27,415.530,421.970,410.430,421.440,28240.000,,raw
2017-04-28,421.990,423.000,409.900,413.480,49505.000,,raw
2017-05-02,411.600,415.000,409.180,412.080,23291.000,,raw
2017-05-03,411.000,417.660,411.000,417.610,20267.000,,raw
2017-05-04,414.630,418.480,414.630,416.000,26709.000,,raw
2017-05-05,416.200,422.780,415.100,416.190,37437.000,,raw
2017-05-08,416.180,417.000,404.720,405.480,40721.000,,raw
2017-05-09,404.440,409.880,398.000,408.760,52801.000,,raw
2017-05-10,408.400,414.440,407.020,410.090,26039.000,,raw
2017-05-11,408.400,414.700,406.510,412.160,30467.000,,raw
2017-05-12,413.590,415.300,410.010,413.470,22337.000,,raw
2017-05-15,413.120,420.350,413.120,419.550,33447.000,,raw
2017-05-16,419.600,431.220,418.260,430.120,50164.000,,raw
2017-05-17,429.000,430.190,424.880,426.600,27515.000,,raw
2017-05-18,425.050,430.700,425.010,429.540,24300.000,,raw
2017-05-19,429.570,441.800,429.570,440.820,38310.000,,raw
2017-05-22,439.040,446.010,436.200,441.780,35321.000,,raw
2017-05-23,442.250,454.470,442.250,454.200,48454.000,,raw
2017-05-24,452.900,456.480,446.000,450.320,40226.000,,raw
2017-05-25,448.710,452.960,447.500,450.600,28898.000,,raw
2017-05-26,450.820,455.600,448.000,451.920,27386.000,,raw
2017-05-31,450.000,450.500,440.110,442.940,44312.000,,raw
2017-06-01,442.500,449.950,441.010,449.280,40604.000,,raw
2017-06-02,450.000,450.950,445.600,447.310,21785.000,,raw
2017-06-05,448.040,449.000,442.350,444.410,19241.000,,raw
2017-06-06,444.970,449.000,444.200,448.820,20402.000,,raw
2017-06-07,449.120,460.000,449.120,459.370,38834.000,,raw
2017-06-08,461.320,464.400,458.500,464.310,28951.000,,raw
2017-06-09,464.240,470.800,463.000,465.740,31430.000,,raw
2017-06-12,467.000,475.440,465.000,472.880,35109.000,,raw
2017-06-13,473.050,474.500,467.000,473.040,24237.000,,raw
2017-06-14,472.790,477.500,470.480,474.390,33768.000,,raw
2017-06-15,475.000,475.480,464.000,464.300,50202.000,,raw
2017-06-16,461.500,467.490,461.260,462.630,33331.000,,raw
2017-06-19,461.960,470.390,461.960,470.170,38536.000,,raw
2017-06-20,473.000,474.880,465.660,466.300,34505.000,,raw
2017-06-21,469.550,473.000,466.030,472.710,42038.000,,raw
2017-06-22,473.020,477.930,471.200,472.750,38242.000,,raw
2017-06-23,472.860,474.880,468.330,472.730,31303.000,,raw
2017-06-26,473.010,485.000,472.000,484.680,52932.000,,raw
2017-06-27,482.820,485.000,480.850,484.100,27980.000,,raw
2017-06-28,484.090,484.090,473.000,475.300,37728.000,,raw
2017-06-29,476.300,477.350,470.000,473.010,35092.000,,raw
2017-06-30,471.510,474.160,467.800,471.850,22427.000,,raw
2017-07-03,474.200,474.200,457.900,460.370,49628.000,,raw
2017-07-04,458.960,460.000,449.000,451.920,56488.000,,raw
2017-07-05,453.010,460.330,453.010,460.130,37540.000,,raw
2017-07-06,458.110,460.200,450.600,455.980,42044.000,,raw
2017-07-07,451.050,451.100,441.200,445.970,37796.000,"{'nd': '2016', 'fh_sh': '67.87', 'djr': '2017-07-06', 'cqr': '2017-07-07', 'FHcontent': '10派67.87元'}",raw
2017-07-10,446.880,454.900,442.970,454.470,36624.000,,raw
2017-07-11,454.500,464.580,454.000,463.130,44601.000,,raw
2017-07-12,465.800,465.990,455.000,457.470,28950.000,,raw
2017-07-13,455.350,461.910,453.680,456.160,25951.000,,raw
2017-07-14,456.250,458.760,453.050,456.410,17726.000,,raw
2017-07-17,457.040,458.040,446.280,450.070,35263.000,,raw
2017-07-18,451.990,453.990,448.000,452.550,30684.000,,raw
2017-07-19,454.000,463.620,452.800,456.860,56259.000,,raw
2017-07-20,455.860,466.890,455.860,466.470,46634.000,,raw
2017-07-21,466.960,475.010,463.660,473.200,46792.000,,raw
2017-07-24,474.880,485.350,474.880,477.800,42716.000,,raw
2017-07-25,482.200,482.800,476.100,477.960,21929.000,,raw
2017-07-26,478.050,481.630,466.560,471.630,31470.000,,raw
2017-07-27,471.630,475.850,471.100,473.870,19595.000,,raw
2017-07-28,471.000,484.070,467.710,483.920,46618.000,,raw
2017-07-31,484.000,487.960,481.000,481.220,38412.000,,raw
2017-08-01,481.000,483.000,477.400,480.240,27501.000,,raw
2017-08-02,480.040,484.880,478.510,482.840,26774.000,,raw
2017-08-03,483.680,486.850,475.630,477.220,31768.000,,raw
2017-08-04,477.000,478.980,472.600,473.640,18681.000,,raw
2017-08-07,472.500,482.400,471.130,481.560,23099.000,,raw
2017-08-08,482.000,484.220,479.500,482.580,16051.000,,raw
2017-08-09,484.840,492.980,482.030,490.850,41794.000,,raw
2017-08-10,491.090,499.600,489.000,491.630,35364.000,,raw
2017-08-11,489.000,496.550,483.480,484.060,36572.000,,raw
2017-08-14,485.210,500.100,485.210,499.830,39331.000,,raw
2017-08-15,500.110,501.100,495.010,495.970,27163.000,,raw
2017-08-16,498.000,498.800,493.000,496.490,18587.000,,raw
2017-08-17,497.600,497.600,489.800,492.690,25846.000,,raw
2017-08-18,492.800,494.440,488.000,489.650,23857.000,,raw
2017-08-21,488.000,494.400,486.940,489.730,23546.000,,raw
2017-08-22,487.400,489.480,476.000,487.220,42457.000,,raw
2017-08-23,485.450,494.630,484.320,494.010,27214.000,,raw
2017-08-24,493.990,496.400,492.020,492.810,18156.000,,raw
2017-08-25,493.450,494.250,489.320,492.990,17297.000,,raw
2017-08-28,493.000,497.290,491.030,492.040,29021.000,,raw
2017-08-29,493.020,494.880,488.010,489.440,25176.000,,raw
2017-08-30,489.700,493.750,489.160,492.970,18503.000,,raw
2017-08-31,494.040,494.880,489.800,491.150,18736.000,,raw
2017-09-01,490.200,496.280,490.030,495.180,31451.000,,raw
2017-09-04,495.180,496.660,491.270,492.420,18931.000,,raw
2017-09-05,492.880,493.990,489.500,489.990,22622.000,,raw
2017-09-06,490.000,492.770,484.840,484.980,33006.000,,raw
2017-09-07,485.310,486.900,480.060,481.270,33320.000,,raw
2017-09-08,478.250,480.500,474.000,474.370,41173.000,,raw
2017-09-11,471.090,482.220,469.980,478.320,45374.000,,raw
2017-09-12,479.500,486.000,478.400,484.910,34341.000,,raw
2017-09-13,485.000,492.200,481.380,491.630,33075.000,,raw
2017-09-14,492.990,494.030,488.990,490.710,19399.000,,raw
2017-09-15,492.500,492.500,488.000,489.840,16039.000,,raw
2017-09-18,490.140,500.500,490.140,498.970,42206.000,,raw
2017-09-19,500.300,502.500,496.010,496.950,23054.000,,raw
2017-09-20,496.900,500.020,496.000,496.200,17318.000,,raw
2017-09-21,495.940,500.580,492.880,498.770,19402.000,,raw
2017-09-22,496.900,500.180,495.800,499.930,16343.000,,raw
2017-09-25,500.310,508.200,500.300,507.240,32697.000,,raw
2017-09-26,506.690,510.000,503.600,509.290,25470.000,,raw
2017-09-27,508.920,511.030,506.070,508.210,16671.000,,raw
2017-09-28,507.200,520.200,507.150,518.460,25969.000,,raw
2017-09-29,516.000,525.880,515.500,517.640,22436.000,,raw
2017-10-09,524.540,535.550,520.100,527.770,34891.000,,raw
2017-10-10,527.050,540.490,527.010,540.060,31006.000,,raw
2017-10-11,538.100,551.250,538.100,545.540,33406.000,,raw
2017-10-12,545.000,547.500,540.180,544.090,19646.000,,raw
2017-10-13,545.000,556.600,542.010,556.150,27858.000,,raw
2017-10-16,559.990,566.660,555.870,560.690,29909.000,,raw
2017-10-17,560.970,560.970,554.000,556.730,20977.000,,raw
2017-10-18,554.200,562.590,554.200,560.720,19178.000,,raw
2017-10-19,561.000,585.150,560.720,582.600,40658.000,,raw
2017-10-20,581.000,581.000,571.760,574.330,31534.000,,raw
2017-10-23,574.920,580.500,568.000,573.410,23771.000,,raw
2017-10-24,572.000,573.800,563.610,567.330,31274.000,,raw
2017-10-25,569.750,571.680,562.060,565.670,25076.000,,raw
2017-10-26,605.000,613.000,591.910,605.090,115434.000,,raw
2017-10-27,602.110,655.000,600.030,649.630,84383.000,,raw
2017-10-30,643.050,644.000,621.000,622.080,81007.000,,raw
2017-10-31,622.010,627.600,611.880,618.030,51875.000,,raw
2017-11-01,620.880,631.540,619.220,623.010,43435.000,,raw
2017-11-02,626.950,629.780,621.000,626.920,34249.000,,raw
2017-11-03,628.650,643.440,628.650,639.170,48188.000,,raw
2017-11-06,641.500,657.620,640.200,653.060,48513.000,,raw
2017-11-07,650.580,657.150,638.180,642.070,55564.000,,raw
2017-11-08,642.330,654.500,642.330,650.380,43951.000,,raw
2017-11-09,648.000,654.150,644.610,650.070,33641.000,,raw
2017-11-10,650.430,683.400,650.430,677.950,74078.000,,raw
2017-11-13,680.000,692.780,675.800,687.880,49869.000,,raw
2017-11-14,687.140,687.220,677.350,678.750,46366.000,,raw
2017-11-15,678.750,689.990,674.000,688.080,45036.000,,raw
2017-11-16,686.010,719.960,686.010,719.110,60716.000,,raw
2017-11-17,696.000,709.000,677.770,690.250,123861.000,,raw
2017-11-20,676.800,685.600,660.000,679.150,88305.000,,raw
2017-11-21,669.000,688.800,662.020,677.250,96016.000,,raw
2017-11-22,677.000,688.000,650.000,650.520,128498.000,,raw
2017-11-23,642.000,646.000,630.220,633.730,109599.000,,raw
2017-11-24,635.900,642.500,622.230,630.040,76541.000,,raw
2017-11-27,634.000,636.330,613.010,621.290,63548.000,,raw
2017-11-28,625.060,648.880,624.000,648.230,70291.000,,raw
2017-11-29,649.940,651.970,634.010,638.120,46763.000,,raw
2017-11-30,635.510,648.480,626.000,631.000,38019.000,,raw
2017-12-01,638.010,638.990,620.130,622.350,47192.000,,raw
2017-12-04,623.950,644.100,616.720,637.790,54267.000,,raw
2017-12-05,634.000,647.400,630.130,632.960,47465.000,,raw
2017-12-06,631.500,644.100,620.000,625.010,58174.000,,raw
2017-12-07,624.950,624.990,615.260,616.690,51032.000,,raw
2017-12-08,615.420,628.850,615.420,627.280,45503.000,,raw
2017-12-11,631.000,651.950,631.000,650.990,72849.000,,raw
2017-12-12,658.700,658.770,651.020,651.320,47889.000,,raw
2017-12-13,654.990,670.000,650.720,668.210,48502.000,,raw
2017-12-14,669.980,671.300,660.500,664.550,31967.000,,raw
2017-12-15,664.000,667.950,650.780,653.790,32255.000,,raw
2017-12-18,660.000,669.800,658.580,665.770,39162.000,,raw
2017-12-19,663.000,672.440,661.000,667.090,44072.000,,raw
2017-12-20,669.900,686.860,664.030,684.910,63601.000,,raw
2017-12-21,683.000,687.420,675.500,681.740,46680.000,,raw
2017-12-22,680.000,685.900,677.010,682.920,28317.000,,raw
2017-12-25,686.000,696.300,683.720,688.120,36214.000,,raw
2017-12-26,688.180,692.990,676.500,680.810,31867.000,,raw
2017-12-27,684.860,684.860,662.500,664.180,37722.000,,raw
2017-12-28,687.000,719.900,671.320,718.690,124141.000,,raw
2017-12-29,718.000,726.500,691.600,697.490,76038.000,,raw
2018-01-02,700.000,710.160,689.890,703.850,49612.000,,raw
2018-01-03,701.500,721.400,699.740,715.860,52019.000,,raw
2018-01-04,721.400,743.500,719.330,737.070,72205.000,,raw
2018-01-05,741.000,746.030,728.220,738.360,39989.000,,raw
2018-01-08,735.020,756.500,735.020,752.130,52204.000,,raw
2018-01-09,752.210,783.000,752.210,782.520,64591.000,,raw
2018-01-10,785.000,788.880,773.480,785.710,47714.000,,raw
2018-01-11,787.000,788.000,772.000,774.810,50656.000,,raw
2018-01-12,773.770,788.800,767.020,788.420,45988.000,,raw
2018-01-15,793.460,799.060,779.020,785.370,52473.000,,raw
2018-01-16,780.480,788.610,768.000,772.940,65428.000,,raw
2018-01-17,770.000,774.000,738.510,747.930,90709.000,,raw
2018-01-18,747.930,765.000,744.090,750.740,58978.000,,raw
2018-01-19,752.900,758.900,739.020,750.180,50925.000,,raw
2018-01-22,751.810,774.000,751.810,773.640,67126.000,,raw
2018-01-23,777.810,780.000,768.600,773.780,49549.000,,raw
2018-01-24,776.440,776.460,758.600,764.460,43298.000,,raw
2018-01-25,761.000,776.000,751.000,769.160,50040.000,,raw
2018-01-26,767.240,777.400,764.000,777.220,43978.000,,raw
2018-01-29,778.760,779.670,735.000,736.320,74535.000,,raw
2018-01-30,736.000,748.770,730.020,742.080,51911.000,,raw
2018-01-31,739.000,771.710,739.000,764.540,60402.000,,raw
2018-02-01,767.000,767.300,752.920,757.730,50582.000,,raw
2018-02-02,752.220,753.230,725.000,740.400,75420.000,,raw
2018-02-05,727.220,729.960,705.600,718.230,98995.000,,raw
2018-02-06,703.000,722.600,703.000,708.860,88168.000,,raw
2018-02-07,720.000,723.880,682.010,683.430,88289.000,,raw
2018-02-08,682.200,718.000,682.200,700.990,83409.000,,raw
2018-02-09,680.000,689.890,658.000,683.430,105578.000,,raw
2018-02-12,691.000,705.500,685.200,697.480,64179.000,,raw
2018-02-13,705.020,714.820,704.500,711.980,53389.000,,raw
2018-02-14,720.000,720.000,712.220,718.450,30652.000,,raw
2018-02-22,727.300,744.000,723.240,742.450,50764.000,,raw
2018-02-23,747.000,756.560,737.000,742.480,38158.000,,raw
2018-02-26,746.880,752.050,733.020,743.510,43658.000,,raw
2018-02-27,749.000,756.000,737.220,737.980,42601.000,,raw
2018-02-28,732.000,742.300,719.000,725.620,48330.000,,raw
2018-03-01,728.000,746.850,723.770,741.970,44794.000,,raw
2018-03-02,738.000,743.560,730.000,736.410,25991.000,,raw
2018-03-05,738.180,742.000,717.030,720.110,37234.000,,raw
2018-03-06,725.000,727.600,697.130,718.260,64570.000,,raw
2018-03-07,715.000,724.000,708.990,710.040,34595.000,,raw
2018-03-08,714.000,724.000,708.000,722.760,35349.000,,raw
2018-03-09,727.550,732.570,723.500,728.200,30171.000,,raw
2018-03-12,729.550,733.920,722.770,723.950,39888.000,,raw
2018-03-13,723.000,726.600,710.000,710.350,38577.000,,raw
2018-03-14,709.670,728.080,707.220,726.880,37355.000,,raw
2018-03-15,728.020,747.000,728.020,746.470,56148.000,,raw
2018-03-16,747.600,753.980,738.880,739.850,35855.000,,raw
2018-03-19,743.970,753.990,739.000,753.480,38666.000,,raw
2018-03-20,750.000,752.000,740.000,747.730,28877.000,,raw
2018-03-21,750.110,753.110,740.000,742.000,26742.000,,raw
2018-03-22,744.000,748.000,724.010,726.080,37486.000,,raw
2018-03-23,701.000,723.490,700.080,711.060,52546.000,,raw
2018-03-26,708.000,715.060,701.880,713.490,46256.000,,raw
2018-03-27,723.000,725.880,704.000,714.740,47548.000,,raw
2018-03-28,699.970,703.000,669.000,682.050,113539.000,,raw
2018-03-29,682.200,697.850,658.410,689.100,79081.000,,raw
2018-03-30,686.000,693.500,679.880,683.620,36540.000,,raw
2018-04-02,680.000,691.000,674.110,680.060,32039.000,,raw
2018-04-03,678.000,687.000,675.390,677.910,40235.000,,raw
2018-04-04,682.000,700.430,680.380,694.010,56891.000,,raw
2018-04-09,697.100,705.430,690.150,698.300,30833.000,,raw
2018-04-10,704.800,708.500,698.460,708.020,32043.000,,raw
2018-04-11,710.000,714.780,703.020,705.360,25723.000,,raw
2018-04-12,704.000,706.880,692.220,694.200,30713.000,,raw
2018-04-13,698.500,701.000,685.080,686.860,27549.000,,raw
2018-04-16,680.580,686.850,677.000,681.380,32939.000,,raw
2018-04-17,685.000,685.380,665.600,666.200,35172.000,,raw
2018-04-18,671.000,671.000,645.000,655.640,62616.000,,raw
2018-04-19,659.850,680.000,656.660,679.960,44207.000,,raw
2018-04-20,681.000,694.000,668.230,670.260,41511.000,,raw
2018-04-23,666.010,680.330,666.010,674.010,32659.000,,raw
2018-04-24,676.000,693.500,675.000,689.880,47282.000,,raw
2018-04-25,689.000,692.000,683.020,690.970,25252.000,,raw
2018-04-26,692.000,692.280,673.000,678.230,35047.000,,raw
2018-04-27,685.250,688.360,655.000,662.530,57915.000,,raw
2018-05-02,660.000,668.990,645.060,667.830,70259.000,,raw
2018-05-03,666.000,673.680,658.000,670.880,36326.000,,raw
2018-05-04,670.980,674.830,660.570,662.870,37375.000,,raw
2018-05-07,659.950,701.880,657.770,698.170,85591.000,,raw
2018-05-08,698.030,712.130,698.030,708.830,62497.000,,raw
2018-05-09,709.080,712.300,697.120,701.950,32331.000,,raw
2018-05-10,703.500,716.000,703.500,714.190,39293.000,,raw
2018-05-11,718.690,730.500,715.700,718.020,39141.000,,raw
2018-05-14,724.000,743.000,724.000,742.410,51014.000,,raw
2018-05-15,746.000,746.440,734.000,743.060,38055.000,,raw
2018-05-16,740.000,745.660,733.280,734.520,30795.000,,raw
2018-05-17,735.120,737.500,724.000,727.380,28517.000,,raw
2018-05-18,723.990,741.000,721.190,739.320,29255.000,,raw
2018-05-21,744.000,747.300,732.480,734.820,29059.000,,raw
2018-05-22,735.220,739.840,730.020,739.570,16998.000,,raw
2018-05-23,740.000,740.000,723.580,723.780,28268.000,,raw
2018-05-24,720.000,728.660,713.000,715.400,30416.000,,raw
2018-05-25,712.000,727.000,712.000,716.860,26511.000,,raw
2018-05-28,718.000,740.660,715.120,740.400,42805.000,,raw
2018-05-29,738.800,750.000,731.280,731.430,40820.000,,raw
2018-05-30,727.220,737.300,720.050,725.870,37147.000,,raw
2018-05-31,730.250,751.620,730.240,751.130,71852.000,,raw
2018-06-01,751.130,754.980,738.760,745.110,36177.000,,raw
2018-06-04,752.350,782.900,745.880,781.970,73805.000,,raw
2018-06-05,786.500,794.700,777.230,788.050,52629.000,,raw
2018-06-06,788.000,800.950,782.300,785.750,48969.000,,raw
2018-06-07,789.980,795.550,778.900,780.970,39167.000,,raw
2018-06-08,780.000,785.900,770.000,777.950,34958.000,,raw
2018-06-11,776.050,786.000,768.330,775.730,36547.000,,raw
2018-06-12,778.000,803.500,776.500,799.190,55287.000,,raw
2018-06-13,800.000,802.620,788.880,790.330,35244.000,,raw
2018-06-14,790.000,793.800,775.180,786.130,36159.000,,raw
2018-06-15,773.200,778.580,769.100,773.330,31707.000,"{'nd': '2017', 'fh_sh': '109.99', 'djr': '2018-06-14', 'cqr': '2018-06-15', 'FHcontent': '10派109.99元'}",raw
2018-06-19,769.000,769.000,737.000,738.000,60195.000,,raw
2018-06-20,741.000,765.000,741.000,763.590,45838.000,,raw
2018-06-21,765.220,778.890,758.770,759.320,39182.000,,raw
2018-06-22,754.000,767.000,750.000,766.530,28854.000,,raw
2018-06-25,766.000,778.970,764.900,765.560,32934.000,,raw
2018-06-26,765.310,769.880,747.000,754.800,46577.000,,raw
2018-06-27,752.000,757.000,721.000,722.440,57298.000,,raw
2018-06-28,714.000,719.000,697.000,710.930,50833.000,,raw
2018-06-29,712.300,732.300,705.000,731.460,32929.000,,raw
2018-07-02,734.520,739.330,703.000,711.550,37558.000,,raw
2018-07-03,709.760,715.780,678.230,694.920,82837.000,,raw
2018-07-04,692.000,700.000,688.000,690.910,37990.000,,raw
2018-07-05,700.000,716.200,700.000,702.390,47123.000,,raw
2018-07-06,707.000,720.930,699.260,714.120,44156.000,,raw
2018-07-09,720.030,729.860,719.730,727.240,40572.000,,raw
2018-07-10,729.000,731.500,713.330,725.760,29010.000,,raw
2018-07-11,710.000,724.000,702.220,719.580,24278.000,,raw
2018-07-12,718.000,741.170,718.000,737.540,40170.000,,raw
2018-07-13,742.300,748.100,735.120,746.990,28907.000,,raw
2018-07-16,752.300,764.110,751.030,754.680,32474.000,,raw
2018-07-17,757.000,757.000,736.020,742.430,27806.000,,raw
2018-07-18,742.430,749.690,735.000,737.440,24521.000,,raw
2018-07-19,739.000,743.950,735.020,740.950,18078.000,,raw
2018-07-20,741.500,743.130,728.000,741.130,30548.000,,raw
2018-07-23,736.000,741.150,720.010,732.070,35969.000,,raw
2018-07-24,732.680,747.300,723.000,745.400,41808.000,,raw
2018-07-25,746.950,749.880,740.010,743.810,21743.000,,raw
2018-07-26,748.900,748.900,734.230,735.620,23067.000,,raw
2018-07-27,736.000,744.300,730.000,738.560,20913.000,,raw
2018-07-30,738.900,740.660,715.000,719.210,42171.000,,raw
2018-07-31,720.300,727.880,719.210,726.440,20683.000,,raw
2018-08-01,731.400,732.300,714.110,714.940,25237.000,,raw
2018-08-02,715.970,715.970,687.880,695.840,55001.000,,raw
2018-08-03,695.000,695.000,676.200,678.990,47336.000,,raw
2018-08-06,677.000,684.000,662.250,669.680,45248.000,,raw
2018-08-07,672.300,687.830,662.020,686.280,39085.000,,raw
2018-08-08,687.020,689.000,671.870,676.220,29685.000,,raw
2018-08-09,671.000,694.500,670.120,691.880,34485.000,,raw
2018-08-10,691.880,694.770,684.200,687.180,23817.000,,raw
2018-08-13,683.000,683.000,666.680,679.220,34570.000,,raw
2018-08-14,679.220,684.500,673.510,680.130,21696.000,,raw
2018-08-15,679.800,680.000,661.000,662.800,34997.000,,raw
2018-08-16,652.000,668.500,640.000,648.440,59939.000,,raw
2018-08-17,657.500,657.500,630.010,634.860,46574.000,,raw
2018-08-20,632.450,645.550,616.860,644.790,48852.000,,raw
2018-08-21,647.000,672.300,647.000,671.490,52249.000,,raw
2018-08-22,671.000,673.200,663.000,667.700,20675.000,,raw
2018-08-23,671.700,678.500,665.180,670.210,27357.000,,raw
2018-08-24,669.000,669.000,656.460,660.300,26090.000,,raw
2018-08-27,662.000,687.300,662.000,687.300,48016.000,,raw
2018-08-28,693.000,693.780,678.550,681.000,32488.000,,raw
2018-08-29,682.000,688.880,679.100,685.850,27404.000,,raw
2018-08-30,688.210,692.600,679.010,680.400,33788.000,,raw
2018-08-31,676.250,677.000,656.500,659.190,58980.000,,raw
2018-09-03,652.000,667.670,650.800,666.210,30179.000,,raw
2018-09-04,666.800,676.000,661.600,675.040,21540.000,,raw
2018-09-05,675.000,676.990,657.000,657.790,28983.000,,raw
2018-09-06,652.000,659.260,640.000,644.000,42370.000,,raw
2018-09-07,645.500,658.030,645.140,650.970,29240.000,,raw
2018-09-10,652.200,653.810,640.700,644.800,21202.000,,raw
2018-09-11,645.570,650.970,640.630,646.000,19496.000,,raw
2018-09-12,643.000,644.870,628.010,630.000,41157.000,,raw
2018-09-13,638.000,642.000,620.000,631.980,47713.000,,raw
2018-09-14,633.980,649.780,628.530,642.900,40900.000,,raw
2018-09-17,645.000,652.960,641.060,645.810,29112.000,,raw
2018-09-18,643.000,668.000,642.220,666.700,37858.000,,raw
2018-09-19,666.580,686.000,666.000,681.420,48221.000,,raw
2018-09-20,685.200,686.900,677.360,678.550,27519.000,,raw
2018-09-21,682.000,700.010,680.010,700.010,42617.000,,raw
2018-09-25,695.000,705.770,693.260,697.020,30639.000,,raw
2018-09-26,702.100,732.680,701.990,724.930,72287.000,,raw
2018-09-27,727.500,728.000,715.400,724.000,40508.000,,raw
2018-09-28,726.700,733.200,718.880,730.000,35089.000,,raw
2018-10-08,715.410,719.000,686.150,686.150,82745.000,,raw
2018-10-09,686.900,698.710,685.900,695.000,40222.000,,raw
2018-10-10,697.260,698.000,669.690,670.920,63098.000,,raw
2018-10-11,635.010,668.940,635.010,644.990,91581.000,,raw
2018-10-12,651.000,672.680,650.580,668.000,54472.000,,raw
2018-10-15,669.490,671.950,660.030,666.900,35607.000,,raw
2018-10-16,665.980,679.530,662.010,667.140,26393.000,,raw
2018-10-17,675.000,677.300,649.900,665.720,43077.000,,raw
2018-10-18,660.000,660.000,644.970,645.940,52156.000,,raw
2018-10-19,638.000,675.000,635.080,670.000,76199.000,,raw
2018-10-22,675.000,702.020,675.000,693.000,73108.000,,raw
2018-10-23,689.000,689.000,635.000,641.740,123112.000,,raw
2018-10-24,628.110,650.000,620.000,636.990,76112.000,,raw
2018-10-25,620.000,622.500,608.580,619.000,75568.000,,raw
2018-10-26,619.000,625.000,607.980,610.100,55327.000,,raw
2018-10-29,549.090,549.090,549.090,549.090,49076.000,,raw
2018-10-30,510.000,543.000,509.020,524.000,204396.000,,raw
2018-10-31,527.000,555.000,522.000,548.900,96884.000,,raw
2018-11-01,555.000,585.500,551.250,563.000,98106.000,,raw
2018-11-02,585.000,600.000,572.240,599.900,89156.000,,raw
2018-11-05,593.000,593.000,571.770,575.800,75517.000,,raw
2018-11-06,574.000,574.160,558.010,566.000,45566.000,,raw
2018-11-07,569.000,574.950,562.010,566.400,38107.000,,raw
2018-11-08,574.000,577.000,568.000,570.340,33763.000,,raw
2018-11-09,567.220,569.000,562.000,562.000,24336.000,,raw
2018-11-12,553.000,554.200,536.800,552.000,67824.000,,raw
2018-11-13,546.120,570.000,543.000,570.000,66429.000,,raw
2018-11-14,569.960,569.960,552.550,555.100,41766.000,,raw
2018-11-15,558.800,564.800,555.500,559.700,30833.000,,raw
2018-11-16,561.000,566.000,558.030,560.000,28938.000,,raw
2018-11-19,560.300,572.000,559.110,569.020,36179.000,,raw
2018-11-20,565.000,568.000,560.000,561.600,26943.000,,raw
2018-11-21,554.000,568.900,553.680,564.700,27107.000,,raw
2018-11-22,565.150,567.330,558.000,564.500,21213.000,,raw
2018-11-23,564.000,567.300,556.900,556.900,20126.000,,raw
2018-11-26,558.000,560.200,552.000,552.110,19120.000,,raw
2018-11-27,552.000,554.990,546.500,548.100,20233.000,,raw
2018-11-28,550.850,559.190,545.500,557.000,27737.000,,raw
2018-11-29,566.030,569.800,549.010,551.600,45069.000,,raw
2018-11-30,557.000,568.890,553.000,565.000,49010.000,,raw
2018-12-03,589.000,605.000,584.770,601.200,83414.000,,raw
2018-12-04,602.990,604.260,595.000,602.230,31473.000,,raw
2018-12-05,597.500,616.500,595.000,610.100,41588.000,,raw
2018-12-06,600.000,605.980,590.360,591.800,37758.000,,raw
2018-12-07,595.600,598.860,584.700,587.000,26841.000,,raw
2018-12-10,576.000,587.500,574.180,577.230,24640.000,,raw
2018-12-11,577.000,586.550,577.000,582.990,16316.000,,raw
2018-12-12,588.790,589.200,582.800,589.000,19921.000,,raw
2018-12-13,590.000,606.880,589.600,601.750,40399.000,,raw
2018-12-14,598.010,599.800,592.000,592.960,24554.000,,raw
2018-12-17,592.570,595.970,585.010,590.520,24895.000,,raw
2018-12-18,585.880,591.540,585.000,590.940,19222.000,,raw
2018-12-19,589.000,590.990,576.030,577.800,25715.000,,raw
2018-12-20,576.220,581.500,568.890,574.500,26940.000,,raw
2018-12-21,571.000,573.450,562.210,567.410,30640.000,,raw
2018-12-24,563.500,570.910,558.000,568.000,19109.000,,raw
2018-12-25,562.220,567.500,553.610,565.790,26592.000,,raw
2018-12-26,563.810,568.400,558.000,560.080,17866.000,,raw
2018-12-27,570.000,571.850,562.220,563.000,29493.000,,raw
2018-12-28,563.300,596.400,560.000,590.010,63678.000,,raw
2019-01-02,609.980,612.000,595.010,598.980,62286.000,,raw
2019-01-03,599.970,601.660,585.800,590.000,30977.000,,raw
2019-01-04,587.280,607.670,582.020,602.000,37683.000,,raw
2019-01-07,608.000,612.000,602.220,605.490,34750.000,,raw
2019-01-08,605.500,612.000,600.280,604.790,28838.000,,raw
2019-01-09,609.990,626.160,609.040,616.120,49892.000,,raw
2019-01-10,617.130,624.880,610.250,618.770,29043.000,,raw
2019-01-11,625.000,637.000,618.750,635.880,38884.000,,raw
2019-01-14,633.000,635.890,621.550,624.600,25648.000,,raw
2019-01-15,627.860,661.500,625.000,659.980,55764.000,,raw
2019-01-16,658.000,665.650,653.600,661.100,42083.000,,raw
2019-01-17,663.000,669.700,655.800,659.250,30284.000,,raw
2019-01-18,665.000,690.200,661.500,683.610,68609.000,,raw
2019-01-21,690.000,698.880,681.880,686.980,47051.000,,raw
2019-01-22,686.000,686.000,665.220,671.000,42122.000,,raw
2019-01-23,667.220,674.500,663.130,665.660,33624.000,,raw
2019-01-24,670.300,677.830,664.680,672.500,29155.000,,raw
2019-01-25,675.880,684.900,669.930,679.700,28986.000,,raw
2019-01-28,684.000,693.980,676.030,677.000,36102.000,,raw
2019-01-29,677.500,688.000,668.000,685.000,30342.000,,raw
2019-01-30,684.990,686.220,676.000,676.000,22699.000,,raw
2019-01-31,680.000,689.600,677.560,689.600,36696.000,,raw
2019-02-01,697.040,699.000,689.610,692.670,30520.000,,raw
2019-02-11,695.000,729.500,688.180,725.300,58140.000,,raw
2019-02-12,723.000,725.490,715.200,717.920,35091.000,,raw
2019-02-13,723.000,736.160,717.220,735.250,35677.000,,raw
2019-02-14,731.200,743.660,730.140,737.160,32258.000,,raw
2019-02-15,734.880,734.880,723.020,724.780,23237.000,,raw
2019-02-18,731.000,744.950,731.000,740.000,37745.000,,raw
2019-02-19,740.960,742.500,726.660,730.760,29501.000,,raw
2019-02-20,735.000,735.000,716.060,722.000,37882.000,,raw
2019-02-21,720.000,730.480,717.000,720.250,29850.000,,raw
2019-02-22,717.000,728.490,714.100,726.010,25908.000,,raw
2019-02-25,730.750,744.440,717.990,742.330,82622.000,,raw
2019-02-26,747.800,749.180,726.000,727.350,57964.000,,raw
2019-02-27,733.000,758.020,731.000,740.700,65942.000,,raw
2019-02-28,737.900,763.420,736.950,755.010,56986.000,,raw
2019-03-01,761.500,790.000,761.000,789.300,63840.000,,raw
2019-03-04,795.000,798.330,777.220,781.860,84585.000,,raw
2019-03-05,785.000,789.550,775.880,779.780,44830.000,,raw
2019-03-06,775.000,779.500,765.880,768.000,46731.000,,raw
2019-03-07,762.220,762.220,745.560,748.600,60180.000,,raw
2019-03-08,737.900,746.830,733.650,737.500,52275.000,,raw
2019-03-11,740.040,766.950,740.040,758.540,53057.000,,raw
2019-03-12,763.820,763.830,739.000,745.010,52510.000,,raw
2019-03-13,745.500,760.750,745.500,754.000,40561.000,,raw
2019-03-14,757.000,785.000,754.000,778.000,62172.000,,raw
2019-03-15,776.000,787.500,764.850,777.300,52400.000,,raw
2019-03-18,778.800,814.530,777.000,810.090,81318.000,,raw
2019-03-19,803.000,807.920,792.300,792.610,40634.000,,raw
2019-03-20,790.000,802.300,785.000,792.800,31117.000,,raw
2019-03-21,788.000,792.800,781.500,785.750,32573.000,,raw
2019-03-22,788.220,799.980,785.000,794.000,30517.000,,raw
2019-03-25,786.000,788.000,773.300,775.600,37270.000,,raw
2019-03-26,780.000,785.940,764.100,773.000,37595.000,,raw
2019-03-27,781.000,793.880,775.000,788.500,42807.000,,raw
2019-03-28,793.430,814.480,785.680,806.800,57566.000,,raw
2019-03-29,835.000,866.680,830.170,853.990,90933.000,,raw
2019-04-01,860.000,868.950,851.000,859.000,60934.000,,raw
2019-04-02,859.990,859.990,836.060,850.000,53227.000,,raw
2019-04-03,840.120,851.740,834.210,844.500,43056.000,,raw
2019-04-04,840.000,865.800,836.200,865.000,55772.000,,raw
2019-04-08,900.000,908.000,890.120,900.200,66251.000,,raw
2019-04-09,903.000,908.200,892.510,905.000,47989.000,,raw
2019-04-10,903.000,951.900,900.000,947.990,67814.000,,raw
2019-04-11,948.000,950.000,905.550,925.200,61102.000,,raw
2019-04-12,909.000,919.990,900.010,914.000,48612.000,,raw
2019-04-15,931.000,939.000,907.000,907.000,45522.000,,raw
2019-04-16,904.900,939.900,901.220,939.900,46423.000,,raw
2019-04-17,938.000,955.510,925.000,952.000,40761.000,,raw
2019-04-18,945.410,954.680,936.220,945.500,19598.000,,raw
2019-04-19,943.960,960.950,931.310,952.560,32379.000,,raw
2019-04-22,959.500,978.890,940.610,949.200,40627.000,,raw
2019-04-23,951.000,981.220,949.200,974.950,48852.000,,raw
2019-04-24,979.880,990.000,951.220,970.000,45227.000,,raw
2019-04-25,968.790,973.990,951.220,952.370,39801.000,,raw
2019-04-26,946.300,959.880,945.000,945.000,43277.000,,raw
2019-04-29,945.000,989.000,935.000,971.970,52572.000,,raw
2019-04-30,968.000,984.960,963.110,974.000,35943.000,,raw
2019-05-06,925.500,935.000,893.000,906.000,135099.000,,raw
2019-05-07,893.280,913.940,870.220,890.000,100837.000,,raw
2019-05-08,860.000,901.800,860.000,884.400,81882.000,,raw
2019-05-09,875.000,879.870,842.500,858.810,91545.000,,raw
2019-05-10,875.660,910.780,868.190,907.120,79907.000,,raw
2019-05-13,898.860,910.980,884.000,892.000,46637.000,,raw
2019-05-14,885.000,906.000,873.000,886.570,59983.000,,raw
2019-05-15,890.240,933.000,890.240,927.000,63124.000,,raw
2019-05-16,919.000,932.000,905.000,929.910,44540.000,,raw
2019-05-17,927.020,932.300,900.100,906.790,49841.000,,raw
2019-05-20,900.000,900.000,871.000,884.960,44407.000,,raw
2019-05-21,885.000,910.000,872.020,895.000,42385.000,,raw
2019-05-22,894.980,904.000,880.000,888.000,32041.000,,raw
2019-05-23,881.000,883.980,856.220,861.000,58058.000,,raw
2019-05-24,865.000,885.000,864.440,878.500,44034.000,,raw
2019-05-27,879.100,882.990,860.050,879.000,39161.000,,raw
2019-05-28,877.990,907.490,875.020,888.000,74772.000,,raw
2019-05-29,888.010,924.950,888.010,911.910,65646.000,,raw
2019-05-30,910.000,919.990,891.220,905.300,40247.000,,raw
2019-05-31,900.530,906.990,890.000,890.000,35793.000,,raw
2019-06-03,892.000,901.350,886.280,892.000,34479.000,,raw
2019-06-04,895.000,895.430,871.000,875.300,39689.000,,raw
2019-06-05,884.000,886.260,870.000,871.600,34067.000,,raw
2019-06-06,875.620,875.770,858.000,862.130,34786.000,,raw
2019-06-10,857.980,878.950,840.000,871.080,55502.000,,raw
2019-06-11,876.000,915.610,875.000,910.890,80106.000,,raw
2019-06-12,906.220,910.990,894.000,906.700,37747.000,,raw
2019-06-13,910.000,912.300,897.000,910.000,32917.000,,raw
2019-06-14,911.000,932.300,910.020,913.000,42455.000,,raw
2019-06-17,907.000,926.940,906.020,911.600,32769.000,,raw
2019-06-18,917.000,920.000,902.600,917.000,29441.000,,raw
2019-06-19,940.000,946.700,932.010,932.010,53726.000,,raw
2019-06-20,932.500,975.500,932.200,975.000,67271.000,,raw
2019-06-21,969.970,984.490,964.500,976.300,45926.000,,raw
2019-06-24,978.300,999.690,975.000,987.100,45779.000,,raw
2019-06-25,992.000,999.000,967.000,982.980,51295.000,,raw
2019-06-26,985.000,985.000,971.220,979.860,29588.000,,raw
2019-06-27,985.000,1001.000,981.120,996.350,47978.000,,raw
2019-06-28,985.990,988.880,971.330,984.000,31088.000,"{'nd': '2018', 'fh_sh': '145.39', 'djr': '2019-06-27', 'cqr': '2019-06-28', 'FHcontent': '10派145.39元'}",raw
2019-07-01,1004.520,1035.600,1000.220,1031.860,52337.000,,raw
2019-07-02,1025.000,1029.500,1016.000,1025.000,39061.000,,raw
2019-07-03,1020.000,1023.000,981.500,987.900,67139.000,,raw
2019-07-04,985.800,990.800,971.220,981.200,46216.000,,raw
2019-07-05,986.000,1006.000,976.300,999.820,50032.000,,raw
2019-07-08,995.050,997.900,975.000,984.860,33613.000,,raw
2019-07-09,979.300,989.000,968.350,976.060,31723.000,,raw
2019-07-10,980.930,990.580,977.000,982.520,28166.000,,raw
2019-07-11,989.960,998.380,976.000,981.500,30514.000,,raw
2019-07-12,981.300,991.500,980.010,986.090,28173.000,,raw
2019-07-15,967.800,980.100,951.130,975.930,59870.000,,raw
2019-07-16,975.450,982.300,965.000,968.000,33245.000,,raw
2019-07-17,968.000,972.990,962.130,963.500,25468.000,,raw
2019-07-18,961.500,963.000,947.180,947.500,39252.000,,raw
2019-07-19,955.000,960.800,948.000,955.870,28014.000,,raw
2019-07-22,960.000,964.000,950.250,957.020,28125.000,,raw
2019-07-23,962.300,962.590,943.860,953.980,32483.000,,raw
2019-07-24,958.310,959.900,944.690,946.360,46771.000,,raw
2019-07-25,945.970,963.360,938.150,963.000,38255.000,,raw
2019-07-26,961.970,971.000,958.550,965.030,26467.000,,raw
2019-07-29,962.030,979.500,960.010,976.410,26981.000,,raw
2019-07-30,976.500,983.000,971.000,978.930,19537.000,,raw
2019-07-31,975.000,981.770,966.590,972.600,22526.000,,raw
2019-08-01,976.510,977.000,953.020,959.300,35089.000,,raw
2019-08-02,944.000,957.980,943.000,954.450,39719.000,,raw
2019-08-05,945.000,954.000,940.000,942.430,36774.000,,raw
2019-08-06,931.000,948.000,923.800,946.300,43991.000,,raw
2019-08-07,949.500,955.530,945.000,945.000,26869.000,,raw
2019-08-08,953.500,974.000,952.000,971.680,38808.000,,raw
2019-08-09,978.500,980.950,958.990,962.030,28461.000,,raw
2019-08-12,1010.310,1020.100,995.010,1018.630,81498.000,,raw
2019-08-13,1016.160,1026.000,1010.680,1017.950,30329.000,,raw
2019-08-14,1030.020,1051.900,1030.020,1043.330,41410.000,,raw
2019-08-15,1028.000,1046.480,1028.000,1044.900,27237.000,,raw
2019-08-16,1049.840,1075.580,1041.000,1054.600,36086.000,,raw
2019-08-19,1061.000,1069.980,1049.050,1055.880,32867.000,,raw
2019-08-20,1055.000,1073.680,1050.000,1070.000,28602.000,,raw
2019-08-21,1070.100,1076.970,1061.660,1066.000,25066.000,,raw
2019-08-22,1072.990,1104.000,1070.000,1104.000,37590.000,,raw
2019-08-23,1105.000,1133.560,1095.620,1130.100,40192.000,,raw
2019-08-26,1113.000,1128.000,1096.680,1102.950,48497.000,,raw
2019-08-27,1117.000,1131.310,1109.000,1109.000,52164.000,,raw
2019-08-28,1109.000,1123.190,1083.010,1100.110,47009.000,,raw
2019-08-29,1105.000,1118.180,1092.500,1113.100,29330.000,,raw
2019-08-30,1125.000,1146.000,1123.000,1142.000,44890.000,,raw
2019-09-02,1139.990,1144.980,1129.000,1138.760,28234.000,,raw
2019-09-03,1140.000,1151.020,1128.560,1140.000,29485.000,,raw
2019-09-04,1140.800,1142.910,1120.110,1125.010,33600.000,,raw
2019-09-05,1129.000,1144.900,1128.000,1144.000,32930.000,,raw
2019-09-06,1144.500,1146.150,1131.000,1142.490,26176.000,,raw
2019-09-09,1145.000,1148.000,1135.000,1136.520,29379.000,,raw
2019-09-10,1134.300,1135.000,1120.010,1123.850,26227.000,,raw
2019-09-11,1119.220,1119.970,1068.000,1069.520,81716.000,,raw
2019-09-12,1066.000,1109.980,1066.000,1099.000,41211.000,,raw
2019-09-16,1083.000,1103.950,1083.000,1099.000,31371.000,,raw
2019-09-17,1094.000,1106.660,1087.000,1094.010,25196.000,,raw
2019-09-18,1108.500,1150.000,1108.180,1148.900,69314.000,,raw
2019-09-19,1148.000,1150.000,1137.100,1145.000,24479.000,,raw
2019-09-20,1151.000,1160.000,1147.590,1157.420,37626.000,,raw
2019-09-23,1157.000,1157.000,1131.000,1149.000,30026.000,,raw
2019-09-24,1155.000,1184.900,1152.000,1184.000,36269.000,,raw
2019-09-25,1180.000,1188.870,1170.500,1174.000,24024.000,,raw
2019-09-26,1174.940,1183.350,1158.810,1167.000,26081.000,,raw
2019-09-27,1164.000,1183.000,1153.000,1174.750,22826.000,,raw
2019-09-30,1163.000,1169.430,1150.000,1150.000,30825.000,,raw
2019-10-08,1153.000,1180.000,1152.010,1167.100,31045.000,,raw
2019-10-09,1166.200,1166.200,1135.050,1146.810,35788.000,,raw
2019-10-10,1127.000,1158.930,1109.020,1155.000,41173.000,,raw
2019-10-11,1157.000,1175.000,1152.210,1174.600,28689.000,,raw
2019-10-14,1186.000,1187.660,1170.000,1180.000,27187.000,,raw
2019-10-15,1180.000,1215.680,1177.030,1211.000,40034.000,,raw
2019-10-16,1168.000,1187.500,1160.000,1170.000,59150.000,,raw
2019-10-17,1176.000,1186.660,1162.500,1183.330,30508.000,,raw
2019-10-18,1179.000,1189.990,1171.690,1175.790,28291.000,,raw
2019-10-21,1171.860,1178.900,1163.300,1168.500,25274.000,,raw
2019-10-22,1178.000,1181.500,1163.890,1170.800,19309.000,,raw
2019-10-23,1168.000,1178.000,1156.110,1158.910,23080.000,,raw
2019-10-24,1164.950,1166.000,1147.160,1150.270,26178.000,,raw
2019-10-25,1153.300,1172.500,1143.030,1171.350,25998.000,,raw
2019-10-28,1166.010,1181.010,1165.000,1178.290,22485.000,,raw
2019-10-29,1181.110,1199.960,1177.770,1193.000,27803.000,,raw
2019-10-30,1190.000,1192.700,1176.000,1183.800,21254.000,,raw
2019-10-31,1196.000,1198.000,1176.150,1180.010,25909.000,,raw
2019-11-01,1181.000,1191.950,1172.500,1185.000,22811.000,,raw
2019-11-04,1190.000,1209.990,1189.000,1199.590,26737.000,,raw
2019-11-05,1199.500,1205.000,1192.000,1199.000,22254.000,,raw
2019-11-06,1197.000,1204.000,1188.880,1193.000,19737.000,,raw
2019-11-07,1196.510,1201.880,1189.000,1201.370,16167.000,,raw
2019-11-08,1205.000,1215.650,1201.510,1205.000,24512.000,,raw
2019-11-11,1201.500,1206.200,1193.510,1199.000,17342.000,,raw
2019-11-12,1204.000,1209.600,1198.210,1201.600,19150.000,,raw
2019-11-13,1207.000,1227.800,1200.000,1224.000,31977.000,,raw
2019-11-14,1227.000,1240.000,1222.000,1230.000,23521.000,,raw
2019-11-15,1230.000,1232.910,1221.500,1224.900,16340.000,,raw
2019-11-18,1225.120,1229.450,1218.000,1227.280,18037.000,,raw
2019-11-19,1228.000,1241.610,1225.020,1232.320,20623.000,,raw
2019-11-20,1230.000,1239.510,1228.060,1233.750,15280.000,,raw
2019-11-21,1231.000,1235.510,1221.060,1231.300,19187.000,,raw
2019-11-22,1223.000,1229.000,1185.000,1194.000,47054.000,,raw
2019-11-25,1188.050,1194.000,1172.060,1182.060,38281.000,,raw
2019-11-26,1186.680,1198.600,1183.000,1185.000,40239.000,,raw
2019-11-27,1192.800,1196.620,1184.510,1189.950,19848.000,,raw
2019-11-28,1194.970,1197.510,1169.020,1175.800,28844.000,,raw
2019-11-29,1165.500,1165.500,1112.890,1129.000,82397.000,,raw
2019-12-02,1118.200,1140.020,1118.200,1133.000,30784.000,,raw
2019-12-03,1133.000,1133.000,1117.740,1118.000,27340.000,,raw
2019-12-04,1140.000,1144.660,1118.000,1122.330,35283.000,,raw
2019-12-05,1125.000,1132.010,1118.000,1129.800,21338.000,,raw
2019-12-06,1135.970,1170.000,1130.100,1170.000,39506.000,,raw
2019-12-09,1175.000,1176.000,1156.100,1158.700,21824.000,,raw
2019-12-10,1159.600,1165.000,1151.000,1164.400,15086.000,,raw
2019-12-11,1168.000,1170.750,1155.550,1158.980,14567.000,,raw
2019-12-12,1156.000,1159.940,1130.080,1137.000,29409.000,,raw
2019-12-13,1146.000,1165.000,1146.000,1163.000,30000.000,,raw
2019-12-16,1163.000,1163.000,1137.940,1147.920,30936.000,,raw
2019-12-17,1149.700,1173.600,1143.030,1169.980,42616.000,,raw
2019-12-18,1174.000,1175.200,1164.000,1168.000,19640.000,,raw
2019-12-19,1163.000,1163.000,1152.000,1157.400,19552.000,,raw
2019-12-20,1162.180,1162.180,1141.500,1146.300,23563.000,,raw
2019-12-23,1139.000,1162.500,1136.000,1149.300,25919.000,,raw
2019-12-24,1153.000,1155.000,1145.000,1148.000,11823.000,,raw
2019-12-25,1143.000,1143.000,1130.010,1133.700,24305.000,,raw
2019-12-26,1132.000,1141.980,1119.990,1135.100,22877.000,,raw
2019-12-27,1150.000,1172.000,1150.000,1163.000,47066.000,,raw
2019-12-30,1170.200,1195.500,1170.200,1185.800,40760.000,,raw
2019-12-31,1183.000,1188.000,1176.510,1183.000,22588.000,,raw
2020-01-02,1128.000,1145.060,1116.000,1130.000,148099.000,,raw
2020-01-03,1117.000,1117.000,1076.900,1078.560,130318.000,,raw
2020-01-06,1070.860,1092.900,1067.300,1077.990,63414.000,,raw
2020-01-07,1077.500,1099.000,1076.400,1094.530,47853.000,,raw
2020-01-08,1085.050,1095.500,1082.580,1088.140,25008.000,,raw
2020-01-09,1094.000,1105.390,1090.000,1102.700,37405.000,,raw
2020-01-10,1109.000,1115.990,1102.500,1112.500,35975.000,,raw
2020-01-13,1112.500,1129.200,1112.000,1124.270,38515.000,,raw
2020-01-14,1124.200,1124.890,1103.000,1107.400,35144.000,,raw
2020-01-15,1109.010,1121.600,1105.000,1112.130,26029.000,,raw
2020-01-16,1118.870,1118.870,1102.580,1107.000,23191.000,,raw
2020-01-17,1110.000,1112.780,1101.010,1107.500,23472.000,,raw
2020-01-20,1111.860,1111.860,1082.000,1091.000,35391.000,,raw
2020-01-21,1081.000,1087.000,1072.300,1075.300,32874.000,,raw
2020-01-22,1070.000,1084.000,1055.380,1075.510,36200.000,,raw
2020-01-23,1076.000,1076.000,1037.000,1052.800,53468.000,,raw
2020-02-03,985.000,1010.680,980.000,1003.920,123442.000,,raw
2020-02-04,1015.000,1057.000,1011.010,1038.010,62624.000,,raw
2020-02-05,1050.000,1054.000,1033.030,1049.990,47418.000,,raw
2020-02-06,1059.430,1075.000,1052.020,1071.000,47171.000,,raw
2020-02-07,1070.010,1077.000,1061.020,1076.000,31278.000,,raw
2020-02-10,1062.000,1074.600,1057.200,1066.490,30533.000,,raw
2020-02-11,1063.000,1099.680,1062.800,1098.000,47917.000,,raw
2020-02-12,1089.000,1098.790,1085.880,1097.270,28125.000,,raw
2020-02-13,1098.000,1113.890,1088.010,1091.000,30357.000,,raw
2020-02-14,1090.450,1093.510,1083.110,1088.000,23287.000,,raw
2020-02-17,1082.500,1096.190,1082.400,1093.820,27028.000,,raw
2020-02-18,1090.010,1096.880,1083.000,1084.000,26664.000,,raw
2020-02-19,1085.000,1101.500,1078.000,1096.500,37051.000,,raw
2020-02-20,1096.700,1124.000,1095.410,1118.000,46802.000,,raw
2020-02-21,1111.460,1123.540,1110.010,1112.880,28940.000,,raw
2020-02-24,1105.500,1110.000,1085.500,1087.180,38650.000,,raw
2020-02-25,1078.000,1082.090,1067.880,1074.810,38385.000,,raw
2020-02-26,1062.000,1084.000,1055.000,1073.700,43560.000,,raw
2020-02-27,1076.000,1094.990,1076.000,1087.390,34498.000,,raw
2020-02-28,1070.300,1082.000,1049.970,1057.000,49946.000,,raw
2020-03-02,1050.110,1096.550,1050.010,1086.010,47663.000,,raw
2020-03-03,1098.000,1118.880,1098.000,1113.000,50250.000,,raw
2020-03-04,1125.000,1139.000,1116.240,1128.920,53792.000,,raw
2020-03-05,1136.310,1174.990,1130.560,1171.000,62426.000,,raw
2020-03-06,1163.000,1176.000,1151.980,1155.500,30641.000,,raw
2020-03-09,1135.000,1135.000,1111.310,1114.010,43404.000,,raw
2020-03-10,1113.000,1168.000,1113.000,1156.000,58062.000,,raw
2020-03-11,1155.500,1169.580,1141.000,1158.520,35548.000,,raw
2020-03-12,1141.220,1153.000,1125.100,1138.500,36631.000,,raw
2020-03-13,1090.000,1128.980,1080.000,1112.030,75885.000,,raw
2020-03-16,1103.980,1107.950,1062.000,1067.000,51233.000,,raw
2020-03-17,1055.000,1078.000,1011.120,1045.100,79359.000,,raw
2020-03-18,1040.000,1060.000,1007.990,1007.990,73460.000,,raw
2020-03-19,993.990,1015.000,960.100,996.000,102265.000,,raw
2020-03-20,1011.000,1043.000,1011.000,1035.280,60139.000,,raw
2020-03-23,1000.000,1035.280,991.520,1019.000,48472.000,,raw
2020-03-24,1043.000,1058.880,1035.000,1056.000,46651.000,,raw
2020-03-25,1087.980,1091.360,1074.200,1080.100,37049.000,,raw
2020-03-26,1073.330,1091.200,1062.000,1064.920,30049.000,,raw
2020-03-27,1085.000,1092.000,1075.010,1075.500,36261.000,,raw
2020-03-30,1060.250,1077.000,1057.000,1072.000,30687.000,,raw
2020-03-31,1082.000,1115.000,1081.800,1111.000,47984.000,,raw
2020-04-01,1117.000,1129.000,1103.000,1103.000,33205.000,,raw
2020-04-02,1104.000,1145.000,1103.880,1145.000,45206.000,,raw
2020-04-03,1139.030,1147.960,1131.980,1139.790,27618.000,,raw
2020-04-07,1161.950,1166.500,1148.890,1159.950,43488.000,,raw
2020-04-08,1152.000,1166.310,1152.000,1159.760,24224.000,,raw
2020-04-09,1166.000,1169.000,1147.960,1158.500,22817.000,,raw
2020-04-10,1157.880,1181.500,1153.500,1165.000,27804.000,,raw
2020-04-13,1165.000,1169.980,1148.500,1162.300,15981.000,,raw
2020-04-14,1176.000,1191.550,1166.000,1185.100,36800.000,,raw
2020-04-15,1192.000,1203.990,1187.100,1189.600,29332.000,,raw
2020-04-16,1192.970,1197.100,1184.100,1197.100,21728.000,,raw
2020-04-17,1210.000,1234.560,1205.010,1226.000,38246.000,,raw
2020-04-20,1221.000,1231.500,1216.800,1227.300,24239.000,,raw
2020-04-21,1221.020,1223.990,1193.000,1200.000,29224.000,,raw
2020-04-22,1206.000,1249.500,1202.220,1244.500,44035.000,,raw
2020-04-23,1250.000,1265.680,1247.770,1252.260,26899.000,,raw
2020-04-24,1248.000,1259.890,1235.180,1250.560,19122.000,,raw
2020-04-27,1257.000,1278.170,1250.960,1276.000,25904.000,,raw
2020-04-28,1285.310,1299.940,1271.880,1279.130,34662.000,,raw
2020-04-29,1277.800,1288.100,1258.000,1274.900,23444.000,,raw
2020-04-30,1271.000,1285.010,1258.880,1265.700,24661.000,,raw
2020-05-06,1251.000,1300.000,1250.000,1300.000,35835.000,,raw
2020-05-07,1299.400,1314.990,1293.000,1312.000,27935.000,,raw
2020-05-08,1317.000,1338.000,1308.510,1314.610,29079.000,,raw
2020-05-11,1320.000,1335.000,1313.670,1323.010,23671.000,,raw
2020-05-12,1318.000,1334.990,1316.000,1333.000,19722.000,,raw
2020-05-13,1333.000,1337.990,1322.880,1335.950,22014.000,,raw
2020-05-14,1330.000,1334.880,1325.110,1326.590,18575.000,,raw
2020-05-15,1329.000,1333.500,1301.880,1313.000,26398.000,,raw
2020-05-18,1306.000,1351.500,1305.130,1346.210,34362.000,,raw
2020-05-19,1364.000,1364.000,1338.000,1346.110,24787.000,,raw
2020-05-20,1346.110,1359.180,1336.810,1351.000,21183.000,,raw
2020-05-21,1355.000,1371.960,1352.860,1366.100,23052.000,,raw
2020-05-22,1366.000,1366.100,1322.880,1328.200,34427.000,,raw
2020-05-25,1330.000,1366.580,1321.000,1362.900,31561.000,,raw
2020-05-26,1369.880,1369.950,1355.000,1358.000,22470.000,,raw
2020-05-27,1359.000,1360.000,1333.000,1338.000,26777.000,,raw
2020-05-28,1337.970,1346.940,1321.130,1344.000,26486.000,,raw
2020-05-29,1332.100,1369.980,1332.100,1366.600,30444.000,,raw
2020-06-01,1381.000,1420.100,1381.000,1419.500,35480.000,,raw
2020-06-02,1416.010,1427.900,1406.660,1410.710,25960.000,,raw
2020-06-03,1415.000,1417.500,1395.770,1399.300,23557.000,,raw
2020-06-04,1396.000,1411.000,1396.000,1407.990,18037.000,,raw
2020-06-05,1405.250,1428.880,1401.080,1425.000,18347.000,,raw
2020-06-08,1425.000,1435.000,1402.010,1406.100,29300.000,,raw
2020-06-09,1408.000,1425.000,1400.680,1416.550,22612.000,,raw
2020-06-10,1425.000,1433.330,1417.000,1423.660,22701.000,,raw
2020-06-11,1411.010,1417.990,1396.990,1400.460,30712.000,,raw
2020-06-12,1387.170,1416.370,1383.310,1416.370,28427.000,,raw
2020-06-15,1402.000,1411.600,1381.000,1383.000,34615.000,,raw
2020-06-16,1398.500,1414.000,1393.130,1403.880,29207.000,,raw
2020-06-17,1411.860,1411.900,1395.020,1405.000,19453.000,,raw
2020-06-18,1404.900,1413.200,1400.100,1413.000,21010.000,,raw
2020-06-19,1420.000,1445.200,1415.100,1439.840,38958.000,,raw
2020-06-22,1435.100,1443.890,1433.200,1439.000,23247.000,,raw
2020-06-23,1435.000,1482.000,1433.520,1474.500,33934.000,,raw
2020-06-24,1463.600,1465.710,1445.000,1460.010,25139.000,"{'nd': '2019', 'fh_sh': '170.25', 'djr': '2020-06-23', 'cqr': '2020-06-24', 'FHcontent': '10派170.25元'}",raw
2020-06-29,1448.000,1466.000,1437.010,1463.170,28081.000,,raw
2020-06-30,1463.120,1468.980,1455.120,1462.880,22446.000,,raw
2020-07-01,1468.000,1506.100,1464.020,1494.270,38682.000,,raw
2020-07-02,1499.000,1550.900,1495.000,1544.000,45884.000,,raw
2020-07-03,1550.000,1552.500,1516.880,1541.790,35126.000,,raw
2020-07-06,1538.000,1616.000,1531.810,1600.000,51822.000,,raw
2020-07-07,1603.090,1744.820,1601.000,1688.000,66664.000,,raw
2020-07-08,1680.000,1719.000,1660.000,1681.340,53170.000,,raw
2020-07-09,1691.000,1712.000,1682.000,1706.000,35033.000,,raw
2020-07-10,1689.000,1736.600,1688.940,1713.850,37100.000,,raw
2020-07-13,1714.680,1787.000,1714.680,1781.990,60727.000,,raw
2020-07-14,1781.990,1782.030,1748.400,1762.000,46094.000,,raw
2020-07-15,1744.880,1782.600,1744.710,1752.530,40713.000,,raw
2020-07-16,1729.910,1729.910,1600.000,1614.000,102242.000,,raw
2020-07-17,1620.000,1672.590,1620.000,1648.050,65902.000,,raw
2020-07-20,1652.500,1663.990,1588.880,1636.960,45280.000,,raw
2020-07-21,1646.640,1702.800,1630.990,1668.000,41970.000,,raw
2020-07-22,1658.000,1710.000,1658.000,1678.080,39201.000,,raw
2020-07-23,1672.000,1691.000,1650.000,1676.000,34321.000,,raw
2020-07-24,1654.850,1666.000,1585.000,1595.300,78752.000,,raw
2020-07-27,1616.010,1629.800,1600.000,1622.550,38788.000,,raw
2020-07-28,1630.000,1680.000,1630.000,1670.000,54912.000,,raw
2020-07-29,1690.000,1690.000,1633.000,1672.000,50748.000,,raw
2020-07-30,1671.200,1700.590,1670.500,1680.000,38373.000,,raw
2020-07-31,1685.000,1705.000,1646.000,1678.180,40685.000,,raw
2020-08-03,1686.880,1696.580,1660.000,1668.000,34661.000,,raw
2020-08-04,1675.000,1682.990,1660.000,1669.990,31941.000,,raw
2020-08-05,1662.090,1673.090,1643.310,1668.000,25522.000,,raw
2020-08-06,1670.000,1674.030,1630.000,1637.960,32649.000,,raw
2020-08-07,1644.770,1649.670,1598.500,1631.000,34242.000,,raw
2020-08-10,1627.970,1644.960,1608.110,1633.990,23624.000,,raw
2020-08-11,1640.000,1666.430,1640.000,1642.510,35818.000,,raw
2020-08-12,1633.000,1641.000,1605.250,1626.950,27934.000,,raw
2020-08-13,1630.000,1638.880,1609.000,1635.000,20541.000,,raw
2020-08-14,1639.900,1665.700,1631.000,1661.000,37653.000,,raw
2020-08-17,1674.000,1704.350,1670.000,1690.000,43572.000,,raw
2020-08-18,1697.380,1720.000,1691.000,1705.000,30423.000,,raw
2020-08-19,1700.000,1717.000,1682.990,1687.000,26915.000,,raw
2020-08-20,1674.000,1679.000,1656.000,1664.000,22382.000,,raw
2020-08-21,1673.000,1698.000,1671.000,1676.000,25082.000,,raw
2020-08-24,1700.000,1708.000,1691.010,1696.350,30933.000,,raw
2020-08-25,1704.800,1746.780,1698.630,1727.000,41872.000,,raw
2020-08-26,1734.000,1745.000,1715.020,1727.000,26216.000,,raw
2020-08-27,1731.990,1733.980,1705.000,1731.000,22636.000,,raw
2020-08-28,1731.000,1764.000,1721.500,1757.000,42300.000,,raw
2020-08-31,1770.580,1816.000,1770.580,1786.500,47810.000,,raw
2020-09-01,1792.000,1802.000,1775.010,1801.980,31640.000,,raw
2020-09-02,1825.000,1828.000,1770.000,1795.000,32009.000,,raw
2020-09-03,1795.000,1812.000,1779.700,1793.000,30437.000,,raw
2020-09-04,1766.000,1776.990,1746.000,1770.000,30858.000,,raw
2020-09-07,1760.000,1777.990,1703.970,1723.500,31112.000,,raw
2020-09-08,1732.000,1737.800,1677.070,1711.400,34472.000,,raw
2020-09-09,1699.670,1711.000,1680.040,1688.000,25964.000,,raw
2020-09-10,1703.740,1720.000,1700.000,1705.800,24778.000,,raw
2020-09-11,1688.000,1736.000,1688.000,1733.000,31088.000,,raw
2020-09-14,1745.000,1769.000,1730.580,1766.000,31056.000,,raw
2020-09-15,1769.990,1769.990,1747.750,1760.000,20821.000,,raw
2020-09-16,1760.000,1764.810,1719.000,1725.100,22516.000,,raw
2020-09-17,1700.000,1700.000,1658.000,1670.520,63680.000,,raw
2020-09-18,1665.000,1695.000,1635.010,1695.000,47201.000,,raw
2020-09-21,1692.760,1692.760,1666.660,1666.800,22444.000,,raw
2020-09-22,1650.000,1686.980,1650.000,1665.690,23265.000,,raw
2020-09-23,1635.000,1666.010,1621.020,1649.980,35726.000,,raw
2020-09-24,1635.970,1658.880,1626.800,1629.320,30051.000,,raw
2020-09-25,1630.000,1650.000,1625.000,1635.110,22583.000,,raw
2020-09-28,1635.190,1668.500,1635.190,1661.000,24232.000,,raw
2020-09-29,1669.330,1669.400,1652.300,1652.300,17431.000,,raw
2020-09-30,1660.000,1691.900,1660.000,1668.500,27088.000,,raw
2020-10-09,1692.000,1706.420,1688.000,1696.000,34240.000,,raw
2020-10-12,1700.000,1750.610,1700.000,1750.610,43729.000,,raw
2020-10-13,1750.620,1750.620,1735.000,1739.000,22944.000,,raw
2020-10-14,1740.000,1746.980,1726.000,1729.000,20481.000,,raw
2020-10-15,1721.130,1735.000,1721.000,1725.000,16204.000,,raw
2020-10-16,1725.000,1734.580,1703.000,1712.000,17377.000,,raw
2020-10-19,1725.000,1733.980,1691.900,1699.000,19226.000,,raw
2020-10-20,1699.990,1734.970,1695.000,1734.000,27735.000,,raw
2020-10-21,1734.100,1742.150,1723.000,1733.330,18901.000,,raw
2020-10-22,1730.000,1745.000,1715.510,1742.500,22481.000,,raw
2020-10-23,1740.780,1747.590,1714.000,1715.330,19292.000,,raw
2020-10-26,1619.000,1662.920,1600.000,1643.000,66015.000,,raw
2020-10-27,1643.000,1644.000,1616.120,1625.000,43944.000,,raw
2020-10-28,1626.000,1677.000,1625.080,1664.810,34637.000,,raw
2020-10-29,1654.840,1708.000,1647.000,1676.000,39374.000,,raw
2020-10-30,1678.000,1696.000,1665.000,1670.020,26055.000,,raw
2020-11-02,1675.000,1695.000,1672.000,1674.010,21066.000,,raw
2020-11-03,1684.990,1705.900,1675.500,1695.000,23497.000,,raw
2020-11-04,1700.000,1704.000,1685.000,1699.580,16444.000,,raw
2020-11-05,1717.000,1732.480,1712.100,1721.900,23524.000,,raw
2020-11-06,1730.550,1731.590,1690.000,1700.620,23052.000,,raw
2020-11-09,1701.380,1750.680,1700.620,1742.570,41470.000,,raw
2020-11-10,1752.920,1764.480,1736.000,1745.000,30189.000,,raw
2020-11-11,1745.000,1777.500,1731.000,1731.350,34851.000,,raw
2020-11-12,1730.010,1750.000,1722.270,1734.790,23473.000,,raw
2020-11-13,1724.000,1728.880,1691.000,1705.000,28155.000,,raw
2020-11-16,1711.000,1730.050,1697.260,1730.050,30613.000,,raw
2020-11-17,1740.000,1742.350,1701.070,1715.800,25224.000,,raw
2020-11-18,1715.000,1720.530,1683.160,1693.650,35179.000,,raw
2020-11-19,1684.500,1725.000,1680.600,1720.190,27816.000,,raw
2020-11-20,1720.000,1736.000,1712.650,1719.960,21875.000,,raw
2020-11-23,1771.010,1809.900,1771.010,1790.210,66637.000,,raw
2020-11-24,1769.990,1782.500,1751.470,1763.500,32465.000,,raw
2020-11-25,1761.500,1768.880,1724.000,1726.880,28226.000,,raw
2020-11-26,1726.000,1739.990,1725.180,1734.390,23228.000,,raw
2020-11-27,1732.660,1740.030,1718.000,1737.900,21569.000,,raw
2020-11-30,1735.000,1738.900,1713.910,1713.910,31940.000,,raw
2020-12-01,1726.000,1738.990,1720.010,1737.000,28196.000,,raw
2020-12-02,1746.000,1749.000,1731.000,1738.010,23572.000,,raw
2020-12-03,1738.010,1755.660,1732.100,1749.000,29506.000,,raw
2020-12-04,1752.000,1800.100,1752.000,1793.110,62491.000,,raw
2020-12-07,1802.700,1840.390,1800.550,1812.400,58331.000,,raw
2020-12-08,1815.000,1875.000,1813.000,1850.000,61454.000,,raw
2020-12-09,1865.950,1866.000,1839.000,1840.000,31152.000,,raw
2020-12-10,1840.000,1849.770,1828.000,1832.900,32654.000,,raw
2020-12-11,1834.780,1837.320,1804.810,1820.000,30776.000,,raw
2020-12-14,1827.770,1829.980,1815.000,1829.000,33052.000,,raw
2020-12-15,1833.500,1837.220,1805.000,1816.010,29605.000,,raw
2020-12-16,1830.500,1845.670,1820.210,1840.000,32150.000,,raw
2020-12-17,1845.500,1868.000,1840.000,1865.510,36031.000,,raw
2020-12-18,1851.810,1869.010,1841.080,1845.000,27077.000,,raw
2020-12-21,1840.000,1851.230,1837.600,1842.500,30697.000,,raw
2020-12-22,1849.970,1898.990,1842.510,1881.000,40651.000,,raw
2020-12-23,1897.990,1906.200,1821.020,1841.650,47706.000,,raw
2020-12-24,1818.000,1858.880,1795.020,1830.340,37857.000,,raw
2020-12-25,1802.990,1847.000,1800.000,1830.000,23088.000,,raw
2020-12-28,1826.600,1888.800,1826.050,1873.000,30080.000,,raw
2020-12-29,1873.000,1886.800,1855.000,1867.000,22868.000,,raw
2020-12-30,1870.000,1933.000,1869.990,1933.000,34452.000,,raw
2020-12-31,1941.000,1998.980,1939.000,1998.000,38860.000,,raw
2021-01-04,1999.980,2004.990,1983.810,1997.000,43514.000,,raw
2021-01-05,1990.000,2059.450,1982.460,2059.450,52116.000,,raw
2021-01-06,2064.800,2125.000,2036.030,2100.000,47410.000,,raw
2021-01-07,2097.000,2140.000,2075.000,2140.000,37931.000,,raw
2021-01-08,2142.000,2150.880,2063.020,2090.000,53862.000,,raw
2021-01-11,2090.000,2150.500,2058.600,2099.730,51080.000,,raw
2021-01-12,2088.000,2160.900,2085.000,2160.900,41059.000,,raw
2021-01-13,2164.000,2173.330,2135.000,2164.000,34390.000,,raw
2021-01-14,2156.000,2163.000,2116.110,2134.000,36152.000,,raw
2021-01-15,2115.000,2134.350,2029.000,2082.000,59509.000,,raw
2021-01-18,2061.060,2091.480,2040.270,2063.000,39144.000,,raw
2021-01-19,2073.110,2096.300,2006.850,2009.410,46345.000,,raw
2021-01-20,2008.000,2055.490,1982.500,2040.630,45082.000,,raw
2021-01-21,2048.000,2090.020,2041.000,2070.000,38310.000,,raw
2021-01-22,2069.000,2100.000,2060.100,2079.950,29248.000,,raw
2021-01-25,2083.000,2179.500,2083.000,2175.000,55957.000,,raw
2021-01-26,2185.000,2187.000,2125.110,2141.890,31747.000,,raw
2021-01-27,2141.890,2141.890,2085.000,2089.000,37120.000,,raw
2021-01-28,2080.000,2109.660,2060.020,2088.000,35129.000,,raw
2021-01-29,2101.190,2149.480,2090.220,2116.180,33701.000,,raw
2021-02-01,2130.000,2160.000,2095.000,2109.320,29341.000,,raw
2021-02-02,2112.220,2149.990,2102.100,2145.000,34582.000,,raw
2021-02-03,2150.000,2198.270,2140.000,2189.910,38714.000,,raw
2021-02-04,2191.000,2330.000,2191.000,2320.850,63851.000,,raw
2021-02-05,2325.000,2364.600,2291.000,2313.000,39729.000,,raw
2021-02-08,2337.000,2378.880,2313.000,2368.800,35786.000,,raw
2021-02-09,2368.800,2456.430,2350.000,2456.430,33297.000,,raw
2021-02-10,2485.000,2601.200,2485.000,2601.000,61371.000,,raw
2021-02-18,2587.980,2627.880,2465.000,2471.000,65912.000,,raw
2021-02-19,2451.160,2496.660,2381.600,2460.000,59385.000,,raw
2021-02-22,2455.000,2455.000,2278.220,2288.020,78935.000,,raw
2021-02-23,2265.140,2344.890,2265.000,2307.000,57455.000,,raw
2021-02-24,2307.990,2318.000,2160.500,2189.000,82116.000,,raw
2021-02-25,2209.000,2224.500,2121.210,2150.000,59726.000,,raw
2021-02-26,2100.000,2179.950,2067.300,2122.780,66525.000,,raw
2021-03-01,2179.000,2179.000,2120.000,2158.000,44916.000,,raw
2021-03-02,2180.000,2180.000,2033.000,2058.000,70765.000,,raw
2021-03-03,2040.000,2149.770,2033.000,2140.000,54215.000,,raw
2021-03-04,2095.000,2096.000,2010.100,2033.000,65088.000,,raw
2021-03-05,2000.000,2095.000,1988.000,2060.110,63779.000,,raw
2021-03-08,2074.960,2085.000,1960.000,1960.000,63100.000,,raw
2021-03-09,1955.000,2000.000,1900.180,1936.990,82266.000,,raw
2021-03-10,1977.000,1999.870,1967.000,1970.010,51172.000,,raw
2021-03-11,1975.000,2079.990,1961.480,2048.000,56769.000,,raw
2021-03-12,2070.000,2077.000,2002.010,2026.000,40323.000,,raw
2021-03-15,2050.000,2069.800,1951.150,1975.450,62485.000,,raw
2021-03-16,1974.930,2019.990,1965.000,2010.500,34649.000,,raw
2021-03-17,2000.000,2050.000,1976.010,2030.360,31375.000,,raw
2021-03-18,2035.000,2086.360,2035.000,2069.700,33865.000,,raw
2021-03-19,2035.000,2043.000,1992.230,2010.000,35781.000,,raw
2021-03-22,2000.100,2026.090,1955.550,1989.990,36914.000,,raw
2021-03-23,1998.880,2008.800,1970.000,1996.000,27446.000,,raw
2021-03-24,1981.000,2013.000,1981.000,1989.000,29357.000,,raw
2021-03-25,1970.010,1988.880,1946.800,1971.000,31575.000,,raw
2021-03-26,1985.000,2022.000,1958.000,2013.000,50016.000,,raw
2021-03-29,2043.200,2096.350,2026.150,2034.100,56992.000,,raw
2021-03-30,2040.000,2086.000,2035.080,2056.050,32627.000,,raw
2021-03-31,2045.100,2046.020,2000.000,2009.000,37154.000,,raw
2021-04-01,2021.000,2046.800,2001.220,2044.500,26588.000,,raw
2021-04-02,2056.000,2165.000,2056.000,2162.000,52028.000,,raw
2021-04-06,2161.000,2161.980,2102.300,2126.030,32742.000,,raw
2021-04-07,2104.060,2117.300,2050.000,2061.000,40201.000,,raw
2021-04-08,2047.030,2079.000,2044.000,2070.000,28548.000,,raw
2021-04-09,2042.000,2054.000,2005.010,2020.000,28809.000,,raw
2021-04-12,2011.000,2030.000,1991.700,2008.890,31943.000,,raw
2021-04-13,2020.000,2049.800,2009.000,2021.000,28992.000,,raw
2021-04-14,2035.000,2048.000,2016.000,2047.000,24115.000,,raw
2021-04-15,2030.900,2046.900,1990.000,2015.600,34366.000,,raw
2021-04-16,2025.080,2068.000,2012.000,2054.980,30294.000,,raw
2021-04-19,2055.000,2098.360,2033.000,2088.000,31754.000,,raw
2021-04-20,2071.100,2129.000,2070.000,2094.800,28290.000,,raw
2021-04-21,2076.000,2097.800,2065.100,2080.000,26150.000,,raw
2021-04-22,2089.900,2099.000,2051.500,2055.500,26850.000,,raw
2021-04-23,2055.970,2119.880,2052.500,2108.940,33463.000,,raw
2021-04-26,2132.000,2135.000,2073.600,2077.820,34045.000,,raw
2021-04-27,2087.080,2095.250,2065.090,2094.440,22108.000,,raw
2021-04-28,2010.000,2047.500,2003.000,2042.000,81343.000,,raw
2021-04-29,2047.040,2049.940,2014.000,2026.360,41284.000,,raw
2021-04-30,2026.000,2036.000,2003.710,2006.780,38401.000,,raw
2021-05-06,2000.000,2006.840,1953.000,1959.000,53546.000,,raw
2021-05-07,1965.000,1967.980,1901.000,1903.000,52493.000,,raw
2021-05-10,1900.000,1909.000,1866.010,1879.030,46003.000,,raw
2021-05-11,1876.000,1966.000,1873.300,1959.000,42494.000,,raw
2021-05-12,1949.080,1999.000,1949.000,1984.000,32699.000,,raw
2021-05-13,1965.750,1985.050,1953.000,1971.500,25078.000,,raw
2021-05-14,1982.000,2030.500,1976.000,2009.850,35611.000,,raw
2021-05-17,2025.100,2085.200,2025.100,2057.960,44524.000,,raw
2021-05-18,2065.000,2077.000,2045.060,2059.310,17504.000,,raw
2021-05-19,2059.000,2074.810,2040.000,2049.000,22410.000,,raw
2021-05-20,2074.000,2074.100,2045.360,2058.880,21857.000,,raw
2021-05-21,2055.080,2079.880,2037.020,2042.100,24248.000,,raw
2021-05-24,2051.000,2080.060,2031.000,2071.290,32548.000,,raw
2021-05-25,2085.000,2200.100,2085.000,2194.500,67757.000,,raw
2021-05-26,2207.980,2241.800,2193.080,2220.000,38604.000,,raw
2021-05-27,2211.020,2320.000,2201.100,2245.000,45373.000,,raw
2021-05-28,2240.970,2250.000,2205.510,2230.000,25807.000,,raw
2021-05-31,2215.500,2218.350,2172.000,2218.000,31739.000,,raw
2021-06-01,2222.000,2248.950,2206.000,2240.950,30616.000,,raw
2021-06-02,2250.000,2264.000,2208.180,2222.000,22863.000,,raw
2021-06-03,2220.000,2260.340,2210.080,2222.220,23450.000,,raw
2021-06-04,2215.000,2288.000,2214.040,2251.500,31422.000,,raw
2021-06-07,2265.000,2279.000,2240.010,2271.000,25466.000,,raw
2021-06-08,2260.000,2279.990,2161.150,2191.000,47314.000,,raw
2021-06-09,2192.000,2214.000,2160.110,2199.500,25502.000,,raw
2021-06-10,2195.000,2251.370,2190.080,2238.480,25567.000,,raw
2021-06-11,2239.000,2244.000,2178.810,2178.810,33971.000,,raw
2021-06-15,2195.100,2208.880,2148.000,2193.000,29361.000,,raw
2021-06-16,2192.000,2195.000,2148.000,2158.000,27593.000,,raw
2021-06-17,2155.650,2188.000,2144.360,2156.910,21068.000,,raw
2021-06-18,2147.000,2156.500,2065.000,2090.940,54028.000,,raw
2021-06-21,2085.000,2099.690,2050.000,2081.640,35488.000,,raw
2021-06-22,2092.000,2098.000,2053.890,2074.970,33228.000,,raw
2021-06-23,2080.000,2083.000,2034.150,2038.000,37079.000,,raw
2021-06-24,2040.010,2080.000,2021.000,2068.050,31474.000,,raw
2021-06-25,2049.960,2109.000,2042.600,2092.000,35875.000,"{'nd': '2020', 'fh_sh': '192.93', 'djr': '2021-06-24', 'cqr': '2021-06-25', 'FHcontent': '10派192.93元'}",raw
2021-06-28,2100.000,2118.000,2073.000,2103.010,27452.000,,raw
2021-06-29,2108.000,2115.000,2051.000,2062.000,33031.000,,raw
2021-06-30,2065.000,2074.000,2046.300,2056.700,21916.000,,raw
2021-07-01,2059.970,2110.000,2031.600,2105.000,33701.000,,raw
2021-07-02,2075.000,2075.000,2011.500,2013.000,46275.000,,raw
2021-07-05,2000.000,2019.880,1985.000,1994.000,34421.000,,raw
2021-07-06,1995.000,2014.000,1960.010,2012.900,35283.000,,raw
2021-07-07,2010.000,2028.880,1999.010,2004.000,28122.000,,raw
2021-07-08,2000.100,2004.000,1968.000,1985.000,35517.000,,raw
2021-07-09,1964.520,1985.910,1945.000,1972.110,30908.000,,raw
2021-07-12,1975.550,1998.780,1940.500,1961.000,39010.000,,raw
2021-07-13,1968.000,2005.500,1965.000,1982.900,29925.000,,raw
2021-07-14,1974.000,1974.500,1945.000,1962.000,30771.000,,raw
2021-07-15,1955.020,2013.000,1950.600,1997.990,42190.000,,raw
2021-07-16,1980.000,1996.600,1950.000,1955.900,35408.000,,raw
2021-07-19,1955.890,1986.000,1941.000,1975.000,30052.000,,raw
2021-07-20,1975.000,1988.930,1961.410,1980.000,23475.000,,raw
2021-07-21,1989.000,2006.000,1962.010,1969.000,29780.000,,raw
2021-07-22,1960.000,1973.900,1938.960,1940.010,39090.000,,raw
2021-07-23,1937.820,1937.820,1895.090,1900.000,47585.000,,raw
2021-07-26,1879.000,1879.000,1780.000,1804.110,98619.000,,raw
2021-07-27,1803.000,1810.000,1703.000,1712.890,86577.000,,raw
2021-07-28,1703.000,1788.200,1682.120,1768.900,85369.000,,raw
2021-07-29,1810.010,1823.000,1734.340,1749.790,63864.000,,raw
2021-07-30,1725.000,1725.000,1657.760,1678.990,77736.000,,raw
2021-08-02,1664.000,1755.980,1620.720,1755.000,97401.000,,raw
2021-08-03,1730.000,1768.990,1688.800,1749.300,54375.000,,raw
2021-08-04,1734.060,1760.000,1718.000,1724.000,38175.000,,raw
2021-08-05,1692.880,1745.000,1676.360,1699.000,48060.000,,raw
2021-08-06,1689.000,1694.010,1646.600,1671.000,45686.000,,raw
2021-08-09,1651.000,1709.000,1650.000,1693.800,47698.000,,raw
2021-08-10,1700.000,1802.880,1675.000,1799.000,83285.000,,raw
2021-08-11,1780.010,1785.010,1750.010,1750.500,38663.000,,raw
2021-08-12,1732.000,1749.000,1686.190,1690.000,47551.000,,raw
2021-08-13,1690.000,1713.000,1679.000,1700.040,37905.000,,raw
2021-08-16,1696.000,1713.600,1685.080,1699.200,28057.000,,raw
2021-08-17,1700.000,1700.000,1628.880,1635.000,61201.000,,raw
2021-08-18,1624.660,1642.990,1600.000,1620.000,59970.000,,raw
2021-08-19,1622.220,1643.200,1600.000,1619.970,41292.000,,raw
2021-08-20,1555.170,1597.550,1525.500,1548.000,114545.000,,raw
2021-08-23,1537.880,1599.000,1536.770,1570.190,71597.000,,raw
2021-08-24,1575.000,1642.550,1565.770,1625.180,72594.000,,raw
2021-08-25,1647.640,1680.870,1643.000,1665.020,54239.000,,raw
2021-08-26,1664.990,1664.990,1594.720,1595.000,54020.000,,raw
2021-08-27,1589.000,1625.000,1584.100,1596.030,36095.000,,raw
2021-08-30,1605.000,1613.000,1545.950,1586.000,51588.000,,raw
2021-08-31,1589.800,1616.350,1555.100,1558.000,43677.000,,raw
2021-09-01,1559.000,1634.990,1531.100,1622.010,77316.000,,raw
2021-09-02,1632.990,1643.000,1600.890,1618.800,42837.000,,raw
2021-09-03,1610.020,1659.790,1582.000,1658.220,52835.000,,raw
2021-09-06,1649.000,1708.160,1626.150,1670.670,55338.000,,raw
2021-09-07,1661.030,1684.480,1651.000,1669.000,31211.000,,raw
2021-09-08,1660.000,1671.180,1628.080,1633.100,33064.000,,raw
2021-09-09,1626.000,1645.000,1624.010,1634.080,19950.000,,raw
2021-09-10,1634.080,1668.800,1633.000,1662.580,33388.000,,raw
2021-09-13,1665.000,1684.000,1640.100,1654.000,27720.000,,raw
2021-09-14,1659.000,1683.000,1653.000,1657.000,33761.000,,raw
2021-09-15,1650.000,1660.000,1610.000,1615.740,41570.000,,raw
2021-09-16,1603.000,1644.000,1585.000,1638.070,45968.000,,raw
2021-09-17,1620.000,1705.600,1620.000,1686.000,55130.000,,raw
2021-09-22,1658.830,1688.000,1635.000,1637.690,31743.000,,raw
2021-09-23,1638.000,1655.880,1625.080,1635.000,30342.000,,raw
2021-09-24,1628.000,1719.980,1628.000,1694.000,69537.000,,raw
2021-09-27,1750.000,1863.400,1750.000,1855.000,126869.000,,raw
2021-09-28,1848.000,1860.000,1795.000,1822.060,49221.000,,raw
2021-09-29,1809.000,1845.010,1785.900,1820.000,43291.000,,raw
2021-09-30,1818.180,1850.220,1803.400,1830.000,40539.000,,raw
2021-10-08,1822.420,1878.000,1807.230,1839.600,47452.000,,raw
2021-10-11,1839.510,1889.900,1831.010,1867.120,37676.000,,raw
2021-10-12,1866.000,1877.000,1842.420,1870.990,30606.000,,raw
2021-10-13,1870.000,1949.950,1862.000,1929.900,50143.000,,raw
2021-10-14,1928.930,1941.800,1896.000,1911.000,26623.000,,raw
2021-10-15,1890.100,1929.990,1890.100,1916.970,28561.000,,raw
2021-10-18,1888.000,1888.000,1787.000,1800.000,69652.000,,raw
2021-10-19,1800.000,1838.800,1799.880,1812.180,40315.000,,raw
2021-10-20,1833.000,1849.800,1806.010,1841.000,28663.000,,raw
2021-10-21,1841.100,1860.000,1829.000,1844.000,23019.000,,raw
2021-10-22,1855.000,1921.010,1854.000,1901.000,35963.000,,raw
2021-10-25,1880.000,1885.010,1858.000,1873.030,32461.000,,raw
2021-10-26,1864.030,1878.990,1844.000,1861.050,21130.000,,raw
2021-10-27,1852.300,1858.300,1800.100,1819.000,34647.000,,raw
2021-10-28,1825.200,1843.780,1802.000,1825.490,29491.000,,raw
2021-10-29,1825.000,1848.000,1813.000,1826.080,28776.000,,raw
2021-11-01,1780.000,1826.300,1760.000,1803.000,41690.000,,raw
2021-11-02,1796.700,1844.220,1788.000,1804.640,32500.000,,raw
2021-11-03,1800.000,1809.980,1761.190,1765.000,27829.000,,raw
2021-11-04,1777.940,1816.000,1769.420,1804.200,31130.000,,raw
2021-11-05,1804.210,1844.990,1804.210,1819.940,27077.000,,raw
2021-11-08,1820.000,1830.800,1802.050,1820.100,17706.000,,raw
2021-11-09,1819.980,1827.870,1782.000,1790.010,27352.000,,raw
2021-11-10,1790.010,1795.000,1735.000,1753.990,35349.000,,raw
2021-11-11,1752.930,1769.600,1741.500,1769.600,22652.000,,raw
2021-11-12,1778.000,1785.050,1766.660,1773.780,17607.000,,raw
2021-11-15,1773.680,1784.000,1750.000,1761.140,24947.000,,raw
2021-11-16,1768.000,1818.000,1765.000,1808.000,33526.000,,raw
2021-11-17,1805.000,1820.500,1790.010,1795.000,24505.000,,raw
2021-11-18,1781.220,1807.000,1770.000,1792.000,19521.000,,raw
2021-11-19,1794.190,1849.000,1788.200,1828.410,31156.000,,raw
2021-11-22,1849.000,1909.000,1848.000,1854.270,42573.000,,raw
2021-11-23,1852.000,1917.000,1852.000,1896.430,45782.000,,raw
2021-11-24,1900.000,1966.000,1897.000,1941.000,54512.000,,raw
2021-11-25,1953.000,1986.200,1946.250,1956.030,39753.000,,raw
2021-11-26,1964.830,1967.000,1925.000,1941.010,32656.000,,raw
2021-11-29,1960.000,1990.000,1951.080,1985.000,42399.000,,raw
2021-11-30,1985.400,1989.900,1927.500,1930.770,36925.000,,raw
2021-12-01,1950.000,1959.950,1919.020,1932.990,26254.000,,raw
2021-12-02,1940.000,1942.150,1919.600,1934.000,20422.000,,raw
2021-12-03,1932.000,1988.620,1931.050,1971.880,35818.000,,raw
2021-12-06,1983.000,1990.000,1950.000,1967.300,31064.000,,raw
2021-12-07,1980.740,1987.870,1946.730,1955.870,36980.000,,raw
2021-12-08,1964.880,2045.000,1950.000,2043.000,61048.000,,raw
2021-12-09,2054.940,2116.920,2045.000,2086.550,64239.000,,raw
2021-12-10,2060.000,2095.780,2056.000,2090.000,43148.000,,raw
2021-12-13,2154.000,2180.000,2118.000,2118.200,65807.000,,raw
2021-12-14,2118.200,2167.900,2100.000,2150.000,40449.000,,raw
2021-12-15,2142.150,2164.950,2125.020,2135.000,30078.000,,raw
2021-12-16,2115.000,2144.050,2086.230,2118.990,37211.000,,raw
2021-12-17,2100.500,2108.000,2036.000,2050.700,48403.000,,raw
2021-12-20,2050.700,2085.660,2041.000,2058.960,32258.000,,raw
2021-12-21,2045.000,2069.130,2012.830,2038.200,26286.000,,raw
2021-12-22,2040.000,2063.000,2040.000,2048.000,17431.000,,raw
2021-12-23,2053.000,2120.000,2025.000,2120.000,39099.000,,raw
2021-12-24,2148.880,2216.960,2148.880,2194.090,56130.000,,raw
2021-12-27,2168.000,2168.000,2112.000,2131.820,37556.000,,raw
2021-12-28,2133.000,2155.500,2116.600,2138.180,27651.000,,raw
2021-12-29,2150.000,2154.250,2041.000,2041.000,54049.000,,raw
2021-12-30,2041.000,2088.980,2028.000,2075.000,35261.000,,raw
2021-12-31,2070.000,2072.980,2028.000,2050.000,29665.000,,raw
