date,open,high,low,close,volume,amount,price_type
2018-01-02,36.480,36.600,34.780,35.730,899607.000,,raw
2018-01-03,35.630,37.500,35.520,36.690,1391321.000,,raw
2018-01-04,36.370,36.950,35.880,36.900,948300.000,,raw
2018-01-05,36.700,36.780,35.870,36.040,760473.000,,raw
2018-01-08,36.000,36.020,34.920,35.570,1095769.000,,raw
2018-01-09,35.570,36.350,35.310,36.350,969156.000,,raw
2018-01-10,36.280,36.280,35.250,35.920,777371.000,,raw
2018-01-11,35.600,36.850,35.300,36.420,1112692.000,,raw
2018-01-12,36.190,36.280,35.610,35.820,646269.000,,raw
2018-01-15,35.710,37.320,35.030,36.410,1579330.000,,raw
2018-01-16,36.070,38.640,35.890,38.600,2073313.000,,raw
2018-01-17,38.900,38.900,36.600,36.980,1959538.000,,raw
2018-01-18,37.020,37.490,36.320,36.570,1032230.000,,raw
2018-01-19,36.570,37.360,36.370,36.490,797058.000,,raw
2018-01-22,36.500,36.610,35.100,36.430,1064079.000,,raw
2018-01-23,36.380,37.120,35.810,36.380,901600.000,,raw
2018-01-24,36.160,37.100,35.850,37.050,1123582.000,,raw
2018-01-25,36.940,36.940,36.030,36.060,795353.000,,raw
2018-01-26,35.700,36.040,35.000,35.000,1319820.000,,raw
2018-01-29,34.800,34.800,31.590,31.710,2322598.000,,raw
2018-01-30,31.220,31.940,30.680,31.100,1031760.000,,raw
2018-01-31,31.060,31.380,30.610,31.120,696402.000,,raw
2018-02-01,30.000,30.000,28.010,28.010,2050648.000,,raw
2018-02-02,29.000,29.360,28.500,28.820,1313932.000,,raw
2018-02-05,28.220,29.940,28.210,29.280,872541.000,,raw
2018-02-06,28.500,29.380,28.300,28.450,776433.000,,raw
2018-02-07,29.200,29.490,28.230,28.710,695313.000,,raw
2018-02-08,28.760,29.880,28.720,29.650,858400.000,,raw
2018-02-09,28.790,29.400,28.010,28.450,814982.000,,raw
2018-02-12,28.990,29.770,28.610,29.420,742885.000,,raw
2018-02-13,29.760,30.250,29.640,29.740,763613.000,,raw
2018-02-14,29.780,30.590,29.750,30.500,568732.000,,raw
2018-02-22,30.710,31.450,30.250,31.220,646542.000,,raw
2018-02-23,31.310,32.150,31.030,31.320,734002.000,,raw
2018-02-26,31.800,32.850,31.360,32.550,1181345.000,,raw
2018-02-27,33.000,33.100,32.210,32.370,909327.000,,raw
2018-02-28,31.970,32.670,31.630,32.240,698489.000,,raw
2018-03-01,31.930,32.680,31.850,32.350,583772.000,,raw
2018-03-02,32.020,32.500,31.500,31.520,594218.000,,raw
2018-03-05,31.800,32.380,31.680,32.150,492015.000,,raw
2018-03-06,32.300,33.680,32.300,33.300,1146695.000,,raw
2018-03-07,33.100,33.110,32.670,32.670,532887.000,,raw
2018-03-08,32.670,32.980,32.300,32.680,411377.000,,raw
2018-03-09,32.700,33.640,32.700,33.620,930709.000,,raw
2018-03-12,33.880,34.230,33.410,33.990,841626.000,,raw
2018-03-13,33.990,34.000,33.140,33.150,539480.000,,raw
2018-03-14,33.000,33.080,32.500,32.720,424090.000,,raw
2018-03-15,32.700,33.270,32.130,32.810,513498.000,,raw
2018-03-16,32.830,32.950,32.000,32.010,542377.000,,raw
2018-03-19,31.880,32.330,31.330,31.740,465493.000,,raw
2018-03-20,31.500,32.150,31.320,32.050,368440.000,,raw
2018-03-21,32.150,32.650,31.560,31.650,494711.000,,raw
2018-03-22,31.620,31.970,31.300,31.360,366068.000,,raw
2018-03-23,29.400,30.380,28.410,29.010,1083263.000,,raw
2018-03-26,28.400,29.680,28.300,29.490,691531.000,,raw
2018-03-27,30.050,30.650,30.050,30.430,633357.000,,raw
2018-03-28,29.870,30.280,29.610,29.620,399314.000,,raw
2018-03-29,29.940,30.120,28.750,29.840,490909.000,,raw
2018-03-30,29.900,30.450,29.730,30.150,469577.000,,raw
2018-04-02,30.380,31.300,30.160,30.820,670783.000,,raw
2018-04-03,30.200,30.370,29.760,30.090,481814.000,,raw
2018-04-04,30.200,30.500,29.820,29.990,402808.000,,raw
2018-04-09,29.600,30.300,29.100,29.960,397470.000,,raw
2018-04-10,29.980,30.790,29.730,30.700,536893.000,,raw
2018-04-11,30.850,31.860,30.840,31.640,716727.000,,raw
2018-04-12,31.500,31.940,31.170,31.200,383553.000,,raw
2018-04-13,31.590,31.800,31.060,31.200,236027.000,,raw
2018-04-16,31.200,31.450,30.410,31.310,376665.000,,raw
2018-06-13,28.180,28.180,28.180,28.180,14456.000,,raw
2018-06-14,25.360,25.360,25.360,25.360,4208.000,,raw
2018-06-15,22.820,22.820,22.820,22.820,8547.000,,raw
2018-06-19,20.540,20.540,20.540,20.540,9073.000,,raw
2018-06-20,18.490,18.490,18.490,18.490,19877.000,,raw
2018-06-21,16.640,16.640,16.640,16.640,34255.000,,raw
2018-06-22,14.980,14.980,14.980,14.980,82527.000,,raw
2018-06-25,13.480,14.170,13.480,13.480,5507680.000,,raw
2018-06-26,12.900,13.370,12.600,13.280,3048262.000,,raw
2018-06-27,13.110,13.340,12.730,12.850,2209075.000,,raw
2018-06-28,12.800,13.260,12.750,12.920,1948766.000,,raw
2018-06-29,13.070,13.120,12.410,13.030,2114445.000,,raw
2018-07-02,13.030,13.030,12.000,12.230,2491304.000,,raw
2018-07-03,12.150,13.450,12.020,13.450,2936656.000,,raw
2018-07-04,13.450,14.590,13.020,13.800,4756268.000,,raw
2018-07-05,13.500,13.770,12.730,13.000,2476527.000,,raw
2018-07-06,13.160,13.480,12.760,13.040,2031206.000,,raw
2018-07-09,13.150,13.190,12.800,13.100,1666442.000,,raw
2018-07-10,13.020,13.030,12.460,12.690,2068727.000,,raw
2018-07-11,12.240,12.340,11.850,12.100,1653742.000,,raw
2018-07-12,13.310,13.310,13.310,13.310,350821.000,,raw
2018-07-13,14.480,14.480,13.810,14.100,4419432.000,,raw
2018-07-16,14.680,15.510,14.480,15.510,2133778.000,,raw
2018-07-17,16.380,17.060,16.280,17.060,4217697.000,,raw
2018-07-18,17.560,17.560,16.060,16.530,3161499.000,,raw
2018-07-19,16.540,16.940,16.310,16.850,2213461.000,,raw
2018-07-20,16.820,16.830,16.330,16.520,1700386.000,,raw
2018-07-23,16.400,16.980,16.000,16.620,1694419.000,,raw
2018-07-24,16.630,16.780,16.400,16.680,1712971.000,,raw
2018-07-25,16.690,16.830,16.250,16.310,1519398.000,,raw
2018-07-26,16.210,16.220,15.270,15.340,2057577.000,,raw
2018-07-27,15.240,15.850,14.830,15.430,1392244.000,,raw
2018-07-30,15.350,15.550,14.920,15.080,1068878.000,,raw
2018-07-31,14.970,15.060,14.530,14.600,1158591.000,,raw
2018-08-01,14.650,15.070,14.650,14.670,1131135.000,,raw
2018-08-02,14.500,14.500,13.640,14.030,1407781.000,,raw
2018-08-03,13.910,13.940,13.340,13.350,1121559.000,,raw
2018-08-06,13.100,13.360,12.850,13.200,970793.000,,raw
2018-08-07,13.300,13.820,12.970,13.700,1342545.000,,raw
2018-08-08,13.600,13.600,12.970,13.000,1029121.000,,raw
2018-08-09,13.120,14.300,13.050,14.300,2167369.000,,raw
2018-08-10,14.610,14.680,14.090,14.500,2251141.000,,raw
2018-08-13,14.290,15.660,14.120,15.390,2639962.000,,raw
2018-08-14,15.480,16.480,15.220,16.300,2636753.000,,raw
2018-08-15,16.300,16.320,15.530,15.620,2096033.000,,raw
2018-08-16,15.260,16.580,15.110,15.860,2680917.000,,raw
2018-08-17,16.150,16.380,15.870,15.900,1782749.000,,raw
2018-08-20,15.840,16.430,15.290,16.330,1865353.000,,raw
2018-08-21,16.150,16.800,16.010,16.340,1996241.000,,raw
2018-08-22,16.130,16.560,16.000,16.030,1211492.000,,raw
2018-08-23,16.100,17.630,15.970,17.380,3280145.000,,raw
2018-08-24,17.200,17.470,16.850,17.140,2010540.000,,raw
2018-08-27,17.250,18.640,17.100,18.400,2455107.000,,raw
2018-08-28,18.230,19.540,18.170,18.950,2763448.000,,raw
2018-08-29,19.100,19.450,18.710,19.450,2084315.000,,raw
2018-08-30,19.480,19.640,18.720,18.950,2054113.000,,raw
2018-08-31,18.970,19.570,18.840,19.090,2107785.000,,raw
2018-09-03,19.000,19.000,17.400,18.150,2500720.000,,raw
2018-09-04,17.960,18.790,17.930,18.550,1936614.000,,raw
2018-09-05,18.310,19.480,18.070,18.810,2326532.000,,raw
2018-09-06,18.700,19.170,18.400,18.690,1650107.000,,raw
2018-09-07,18.900,18.910,17.790,18.090,1753971.000,,raw
2018-09-10,18.000,18.050,16.900,17.060,1847917.000,,raw
2018-09-11,17.150,17.610,17.070,17.450,1274231.000,,raw
2018-09-12,17.380,17.650,17.100,17.260,928482.000,,raw
2018-09-13,17.900,18.640,17.630,18.550,2368479.000,,raw
2018-09-14,18.540,18.660,18.180,18.360,1481760.000,,raw
2018-09-17,18.000,18.680,17.820,18.340,1255255.000,,raw
2018-09-18,18.210,18.500,17.410,18.440,1755402.000,,raw
2018-09-19,18.190,18.460,17.860,18.180,1445491.000,,raw
2018-09-20,18.180,18.880,17.990,18.290,1545133.000,,raw
2018-09-21,18.220,18.800,17.950,18.590,1571922.000,,raw
2018-09-25,18.500,18.730,18.150,18.730,1025196.000,,raw
2018-09-26,18.660,19.090,18.660,18.920,1526745.000,,raw
2018-09-27,18.790,19.070,18.350,18.380,1333183.000,,raw
2018-09-28,18.530,18.580,18.020,18.300,859443.000,,raw
2018-10-08,16.700,17.380,16.690,16.810,1557673.000,,raw
2018-10-09,16.830,17.080,16.500,16.800,887303.000,,raw
2018-10-10,16.820,17.130,16.680,16.850,629573.000,,raw
2018-10-11,16.080,16.080,15.170,15.170,1297972.000,,raw
2018-10-12,15.000,15.850,14.500,15.600,1377086.000,,raw
2018-10-15,15.570,16.620,15.500,15.970,1190215.000,,raw
2018-10-16,16.020,16.100,15.580,15.700,704824.000,,raw
2018-10-17,16.100,16.290,15.750,16.180,1102614.000,,raw
2018-10-18,16.000,16.050,15.590,15.700,708106.000,,raw
2018-10-19,15.340,17.000,15.250,16.570,1486147.000,,raw
2018-10-22,16.900,18.160,16.800,17.790,1863799.000,,raw
2018-10-23,17.800,17.870,17.030,17.340,1285459.000,,raw
2018-10-24,17.160,17.670,17.160,17.290,868575.000,,raw
2018-10-25,16.610,17.480,16.510,17.440,961229.000,,raw
2018-10-26,17.630,17.950,16.940,17.250,1069669.000,,raw
2018-10-29,17.250,17.820,16.990,17.450,1148787.000,,raw
2018-10-30,17.300,17.470,15.770,16.890,1307845.000,,raw
2018-10-31,16.800,17.280,16.430,16.930,1036652.000,,raw
2018-11-01,17.200,17.710,16.980,17.200,1378651.000,,raw
2018-11-02,18.500,18.800,17.840,18.340,2347674.000,,raw
2018-11-05,18.060,18.570,17.900,18.230,1284426.000,,raw
2018-11-06,18.130,19.180,17.950,19.030,1517765.000,,raw
2018-11-07,18.950,20.680,18.800,19.590,2507227.000,,raw
2018-11-08,19.750,20.250,19.120,19.400,1848050.000,,raw
2018-11-09,19.180,20.340,19.050,19.870,1597735.000,,raw
2018-11-12,19.690,20.460,19.690,20.200,1607889.000,,raw
2018-11-13,19.920,20.750,19.920,20.300,1573358.000,,raw
2018-11-14,20.210,20.590,19.810,19.870,1293922.000,,raw
2018-11-15,19.950,20.450,19.690,20.200,1413616.000,,raw
2018-11-16,20.300,21.880,20.180,21.790,2260769.000,,raw
2018-11-19,21.510,21.850,21.250,21.730,1362545.000,,raw
2018-11-20,21.400,21.550,20.200,20.510,1739148.000,,raw
2018-11-21,20.000,20.890,19.850,20.800,1145472.000,,raw
2018-11-22,20.730,21.080,20.190,20.460,866099.000,,raw
2018-11-23,20.360,20.580,19.660,19.770,1094974.000,,raw
2018-11-26,19.650,20.580,19.640,20.430,1059623.000,,raw
2018-11-27,20.660,21.090,20.440,20.990,1232057.000,,raw
2018-11-28,20.860,21.260,20.420,20.560,1225496.000,,raw
2018-11-29,20.600,20.830,19.310,19.490,2207829.000,,raw
2018-11-30,19.360,20.050,18.950,19.870,1282660.000,,raw
2018-12-03,21.280,21.650,20.800,21.440,2347594.000,,raw
2018-12-04,21.390,21.530,20.960,21.270,1244926.000,,raw
2018-12-05,20.770,21.220,20.710,21.090,968131.000,,raw
2018-12-06,19.880,20.290,19.500,19.890,2075563.000,,raw
2018-12-07,20.060,20.350,19.910,19.990,991094.000,,raw
2018-12-10,19.600,20.300,19.550,20.040,893859.000,,raw
2018-12-11,20.100,20.470,20.090,20.340,937520.000,,raw
2018-12-12,20.410,20.540,19.900,20.000,803589.000,,raw
2018-12-13,20.010,20.380,19.780,20.200,883211.000,,raw
2018-12-14,20.010,20.090,19.600,19.650,787880.000,,raw
2018-12-17,19.650,19.710,18.830,19.250,975954.000,,raw
2018-12-18,19.010,19.390,18.910,19.100,624146.000,,raw
2018-12-19,19.200,19.350,18.910,19.020,556885.000,,raw
2018-12-20,18.990,19.360,18.860,19.360,695235.000,,raw
2018-12-21,19.230,19.530,19.040,19.240,640819.000,,raw
2018-12-24,19.360,20.260,19.220,20.260,1457014.000,,raw
2018-12-25,19.970,20.650,19.700,20.360,1354727.000,,raw
2018-12-26,20.220,20.330,19.720,19.860,832376.000,,raw
2018-12-27,20.220,20.460,19.900,19.900,817252.000,,raw
2018-12-28,19.730,19.870,19.010,19.590,738372.000,,raw
2019-01-02,19.600,20.060,19.400,19.560,649682.000,,raw
2019-01-03,19.590,19.600,18.720,18.780,948600.000,,raw
2019-01-04,18.510,19.270,18.240,19.200,771891.000,,raw
2019-01-07,19.450,20.150,19.200,20.020,1248492.000,,raw
2019-01-08,19.920,20.260,19.730,19.900,830617.000,,raw
2019-01-09,19.950,20.350,19.790,19.920,984072.000,,raw
2019-01-10,19.900,20.350,19.780,20.070,849049.000,,raw
2019-01-11,20.290,21.270,20.290,20.510,1518342.000,,raw
2019-01-14,20.200,20.470,19.900,20.090,762049.000,,raw
2019-01-15,20.070,20.800,19.900,20.600,975654.000,,raw
2019-01-16,20.550,20.610,20.220,20.310,615087.000,,raw
2019-01-17,20.240,20.480,19.900,20.010,643691.000,,raw
2019-01-18,19.850,20.080,19.670,19.980,708480.000,,raw
2019-01-21,20.060,21.160,20.010,21.040,1855824.000,,raw
2019-01-22,21.000,21.090,20.240,20.440,1081594.000,,raw
2019-01-23,20.360,20.690,20.080,20.450,594125.000,,raw
2019-01-24,20.500,20.720,20.120,20.370,665691.000,,raw
2019-01-25,20.400,20.670,20.200,20.320,508649.000,,raw
2019-01-28,20.350,20.550,20.120,20.240,484500.000,,raw
2019-01-29,20.100,20.200,19.700,19.980,569530.000,,raw
2019-01-30,19.980,20.140,19.680,19.710,429831.000,,raw
2019-01-31,19.760,20.380,19.760,20.110,723098.000,,raw
2019-02-01,20.220,20.530,19.900,20.410,705106.000,,raw
2019-02-11,20.200,20.990,20.160,20.870,912809.000,,raw
2019-02-12,20.930,21.130,20.600,21.060,837727.000,,raw
2019-02-13,21.110,23.170,20.950,22.950,2412237.000,,raw
2019-02-14,22.700,23.120,22.550,22.850,1311908.000,,raw
2019-02-15,22.750,23.700,22.550,23.000,1372753.000,,raw
2019-02-18,23.450,24.150,23.250,24.140,1493215.000,,raw
2019-02-19,24.460,24.880,23.620,24.060,1341400.000,,raw
2019-02-20,24.070,24.250,23.420,24.000,994730.000,,raw
2019-02-21,23.960,26.300,23.850,25.310,1821326.000,,raw
2019-02-22,25.500,27.840,25.320,27.840,2098379.000,,raw
2019-02-25,30.600,30.600,29.100,30.310,3190504.000,,raw
2019-02-26,30.180,32.780,28.600,29.900,3239619.000,,raw
2019-02-27,29.380,30.840,28.920,29.450,1972814.000,,raw
2019-02-28,29.470,30.220,29.120,29.800,1421570.000,,raw
2019-03-01,30.030,30.150,28.800,29.730,1235940.000,,raw
2019-03-04,30.110,31.550,29.900,30.310,2159491.000,,raw
2019-03-05,30.220,31.700,29.650,31.650,1906566.000,,raw
2019-03-06,32.430,32.870,30.550,31.300,2140882.000,,raw
2019-03-07,30.670,31.120,30.000,30.400,1688287.000,,raw
2019-03-08,29.100,31.010,28.880,29.210,1739426.000,,raw
2019-03-11,29.800,30.500,29.300,30.400,1370705.000,,raw
2019-03-12,30.660,31.100,30.310,31.090,1727617.000,,raw
2019-03-13,29.840,30.150,28.350,28.680,2286629.000,,raw
2019-03-14,28.500,28.560,27.490,28.250,1242688.000,,raw
2019-03-15,28.550,28.830,28.240,28.380,766498.000,,raw
2019-03-18,28.380,29.210,27.770,29.190,930481.000,,raw
2019-03-19,29.000,29.620,28.840,29.030,798103.000,,raw
2019-03-20,28.920,29.450,28.720,28.980,642784.000,,raw
2019-03-21,29.170,29.290,28.880,28.900,699078.000,,raw
2019-03-22,28.800,28.840,27.700,28.220,1036826.000,,raw
2019-03-25,27.510,28.770,27.400,28.330,894689.000,,raw
2019-03-26,28.450,28.580,27.050,27.130,832679.000,,raw
2019-03-27,27.350,27.630,26.200,26.670,876586.000,,raw
2019-03-28,28.300,29.340,27.910,29.340,2530819.000,,raw
2019-03-29,28.500,29.340,27.660,29.200,2355035.000,,raw
2019-04-01,29.700,30.550,29.700,30.000,1828261.000,,raw
2019-04-02,30.010,30.400,29.490,29.900,1280241.000,,raw
2019-04-03,29.810,29.960,29.330,29.850,875200.000,,raw
2019-04-04,30.170,30.300,29.500,29.980,871282.000,,raw
2019-04-08,30.050,30.250,29.100,29.240,855990.000,,raw
2019-04-09,29.240,30.800,29.190,30.200,1354219.000,,raw
2019-04-10,30.150,32.250,29.800,31.500,1804568.000,,raw
2019-04-11,31.000,31.250,30.100,30.390,1072725.000,,raw
2019-04-12,30.200,31.000,30.100,30.260,570955.000,,raw
2019-04-15,30.820,31.990,30.350,30.500,1048541.000,,raw
2019-04-16,30.310,33.550,30.100,33.550,2304204.000,,raw
2019-04-17,34.000,34.750,32.980,34.080,2310984.000,,raw
2019-04-18,33.500,35.620,33.300,34.090,1792256.000,,raw
2019-04-19,33.950,36.900,33.600,36.490,1904800.000,,raw
2019-04-22,36.500,38.500,35.660,36.760,2235859.000,,raw
2019-04-23,36.310,37.160,35.200,35.530,1601327.000,,raw
2019-04-24,35.450,35.800,33.980,35.020,1653636.000,,raw
2019-04-25,34.950,35.360,33.550,33.650,1387543.000,,raw
2019-04-26,33.010,35.000,33.010,34.170,1251393.000,,raw
2019-04-29,34.200,34.450,32.990,33.850,1164960.000,,raw
2019-04-30,32.100,32.440,30.500,32.150,1714840.000,,raw
2019-05-06,29.300,30.690,28.940,28.940,1507203.000,,raw
2019-05-07,29.200,29.700,27.410,29.010,1511928.000,,raw
2019-05-08,27.910,29.770,27.800,28.890,1201768.000,,raw
2019-05-09,28.540,29.360,28.180,28.300,878925.000,,raw
2019-05-10,29.150,31.000,28.000,30.880,1846948.000,,raw
2019-05-13,30.020,30.790,29.850,30.210,1078269.000,,raw
2019-05-14,29.700,30.690,29.610,29.950,1045375.000,,raw
2019-05-15,30.580,30.720,30.080,30.510,1100000.000,,raw
2019-05-16,30.000,30.130,29.000,29.620,1285610.000,,raw
2019-05-17,29.500,30.210,28.000,28.500,1293069.000,,raw
2019-05-20,28.460,28.630,26.500,27.900,1312073.000,,raw
2019-05-21,28.000,29.830,27.650,29.200,1530663.000,,raw
2019-05-22,29.230,30.550,28.880,29.480,1470854.000,,raw
2019-05-23,29.180,29.180,28.130,28.240,1018689.000,,raw
2019-05-24,28.050,28.580,28.000,28.250,574920.000,,raw
2019-05-27,28.270,29.590,28.020,29.290,1118500.000,,raw
2019-05-28,29.500,29.570,28.950,29.300,786025.000,,raw
2019-05-29,28.900,29.580,28.810,29.160,619180.000,,raw
2019-05-30,28.900,28.970,27.950,28.380,859556.000,,raw
2019-05-31,28.410,29.150,28.290,28.760,746412.000,,raw
2019-06-03,29.300,31.190,28.960,30.290,1894903.000,,raw
2019-06-04,30.700,31.510,30.050,30.500,1701285.000,,raw
2019-06-05,31.150,32.300,30.660,32.090,1862005.000,,raw
2019-06-06,31.560,31.560,29.290,29.780,1861741.000,,raw
2019-06-10,29.780,31.280,29.780,31.020,1383037.000,,raw
2019-06-11,31.010,31.960,30.350,31.620,1720584.000,,raw
2019-06-12,31.010,32.100,31.000,31.470,1231723.000,,raw
2019-06-13,31.350,31.880,31.000,31.220,789016.000,,raw
2019-06-14,31.220,31.480,30.080,30.280,1008294.000,,raw
2019-06-17,30.280,30.360,29.610,29.920,609678.000,,raw
2019-06-18,29.950,30.230,29.530,30.000,520406.000,,raw
2019-06-19,31.500,31.800,30.900,30.970,1561323.000,,raw
2019-06-20,30.800,32.160,30.500,31.970,1768050.000,,raw
2019-06-21,32.000,32.320,31.620,31.930,1362642.000,,raw
2019-06-24,31.670,31.790,30.930,31.300,1053413.000,,raw
2019-06-25,31.230,31.830,30.500,31.580,1163128.000,,raw
2019-06-26,31.300,31.900,31.050,31.480,738982.000,,raw
2019-06-27,31.900,33.490,31.870,32.810,1887996.000,,raw
2019-06-28,32.730,32.760,32.130,32.530,913521.000,,raw
2019-07-01,34.520,34.520,33.520,33.900,1499823.000,,raw
2019-07-02,33.900,34.320,33.600,34.080,1042217.000,,raw
2019-07-03,33.830,34.080,33.030,33.200,882543.000,,raw
2019-07-04,33.200,33.720,32.910,33.240,641363.000,,raw
2019-07-05,33.290,33.550,33.140,33.280,503998.000,,raw
2019-07-08,33.220,33.220,32.130,32.260,744052.000,,raw
2019-07-09,32.400,32.690,31.380,32.180,690491.000,,raw
2019-07-10,32.380,32.500,31.780,32.440,513064.000,,raw
2019-07-11,32.600,32.700,32.040,32.060,508563.000,,raw
2019-07-12,32.190,32.360,31.780,32.200,469765.000,,raw
2019-07-15,32.020,33.280,31.730,32.870,773611.000,,raw
2019-07-16,32.780,33.280,32.670,32.930,613542.000,,raw
2019-07-17,32.910,32.990,32.440,32.510,527001.000,,raw
2019-07-18,32.200,32.220,31.360,31.360,785884.000,,raw
2019-07-19,31.270,31.750,31.010,31.220,643885.000,,raw
2019-07-22,31.210,31.760,30.410,31.280,637326.000,,raw
2019-07-23,31.180,31.670,31.110,31.570,443102.000,,raw
2019-07-24,31.860,33.050,31.720,32.710,1193079.000,,raw
2019-07-25,32.850,33.460,32.660,33.150,971264.000,,raw
2019-07-26,33.100,33.650,32.940,33.400,790246.000,,raw
2019-07-29,33.490,34.010,33.180,33.340,735040.000,,raw
2019-07-30,33.410,33.900,33.130,33.330,656741.000,,raw
2019-07-31,33.300,33.440,32.890,32.920,601307.000,,raw
2019-08-01,32.780,33.090,32.630,32.730,445680.000,,raw
2019-08-02,31.610,31.910,30.820,31.400,1025096.000,,raw
2019-08-05,31.390,31.930,30.900,31.130,754862.000,,raw
2019-08-06,30.390,30.790,29.570,30.500,992693.000,,raw
2019-08-07,30.690,30.970,30.110,30.170,605187.000,,raw
2019-08-08,30.280,30.490,30.020,30.240,516865.000,,raw
2019-08-09,30.330,30.530,27.220,27.900,2264589.000,,raw
2019-08-12,27.870,28.750,27.400,28.750,1078932.000,,raw
2019-08-13,28.390,28.900,28.040,28.320,656572.000,,raw
2019-08-14,29.470,29.500,28.570,28.670,884797.000,,raw
2019-08-15,27.230,28.640,27.000,28.370,1136978.000,,raw
2019-08-16,28.100,28.660,28.010,28.180,828507.000,,raw
2019-08-19,29.070,30.130,28.620,29.960,1667979.000,,raw
2019-08-20,30.040,30.370,29.700,29.850,979000.000,,raw
2019-08-21,29.700,30.190,29.400,30.130,741942.000,,raw
2019-08-22,30.130,30.130,29.470,29.690,679668.000,,raw
2019-08-23,29.690,29.700,29.110,29.240,619114.000,,raw
2019-08-26,27.950,28.910,27.800,28.850,625800.000,,raw
2019-08-27,29.050,29.730,29.050,29.710,803307.000,,raw
2019-08-28,30.510,30.770,29.750,29.790,942853.000,,raw
2019-08-29,29.800,29.800,29.100,29.180,695374.000,,raw
2019-08-30,29.460,29.580,28.690,28.810,651852.000,,raw
2019-09-02,28.850,29.480,28.850,29.360,689780.000,,raw
2019-09-03,29.390,29.970,29.070,29.830,923764.000,,raw
2019-09-04,29.750,29.850,29.280,29.600,721448.000,,raw
2019-09-05,29.710,31.220,29.710,30.650,1702961.000,,raw
2019-09-06,31.810,33.720,31.810,33.490,3189113.000,,raw
2019-09-09,33.500,36.840,33.270,36.840,2750240.000,,raw
2019-09-10,37.600,37.670,35.620,36.930,2624261.000,,raw
2019-09-11,36.710,37.180,35.210,35.460,1681815.000,,raw
2019-09-12,35.830,35.880,35.150,35.740,1060323.000,,raw
2019-09-16,35.890,35.890,34.800,35.290,1086339.000,,raw
2019-09-17,35.200,35.200,33.960,34.400,1189551.000,,raw
2019-09-18,34.560,34.640,34.000,34.020,981944.000,,raw
2019-09-19,34.170,35.170,33.900,35.000,1017881.000,,raw
2019-09-20,34.900,34.960,34.120,34.400,906914.000,,raw
2019-09-23,33.990,33.990,33.010,33.690,893052.000,,raw
2019-09-24,33.710,35.100,33.630,34.530,1197018.000,,raw
2019-09-25,34.100,34.430,33.530,33.880,663828.000,,raw
2019-09-26,34.060,34.140,32.250,32.610,948270.000,,raw
2019-09-27,32.510,33.380,32.510,33.200,581602.000,,raw
2019-09-30,32.990,32.990,32.010,32.010,584756.000,,raw
2019-10-08,32.470,32.590,31.730,31.810,483615.000,,raw
2019-10-09,31.500,32.200,31.000,32.150,512971.000,,raw
2019-10-10,32.200,33.200,31.930,32.870,896483.000,,raw
2019-10-11,33.120,33.240,32.350,32.900,655648.000,,raw
2019-10-14,33.550,33.900,32.710,32.960,988588.000,,raw
2019-10-15,32.990,33.020,32.020,32.050,571954.000,,raw
2019-10-16,32.220,32.600,31.960,32.010,478725.000,,raw
2019-10-17,32.000,32.290,31.760,32.160,401950.000,,raw
2019-10-18,32.150,33.190,32.020,32.530,852968.000,,raw
2019-10-21,32.460,32.460,31.580,31.980,518818.000,,raw
2019-10-22,32.100,32.340,31.700,32.160,442238.000,,raw
2019-10-23,32.090,32.830,31.900,32.320,629258.000,,raw
2019-10-24,32.100,32.600,31.910,32.200,358485.000,,raw
2019-10-25,32.200,33.350,32.040,33.350,881362.000,,raw
2019-10-28,33.820,33.950,32.890,33.640,887535.000,,raw
2019-10-29,33.000,34.760,32.850,33.740,1266193.000,,raw
2019-10-30,33.320,34.250,32.860,33.230,731872.000,,raw
2019-10-31,33.330,33.990,32.990,33.400,658135.000,,raw
2019-11-01,33.160,34.300,33.030,34.000,844422.000,,raw
2019-11-04,34.180,35.180,34.050,34.480,980450.000,,raw
2019-11-05,34.400,34.720,34.080,34.240,702190.000,,raw
2019-11-06,34.140,34.370,33.080,33.220,803382.000,,raw
2019-11-07,33.160,33.520,32.980,33.330,426004.000,,raw
2019-11-08,33.670,33.730,32.740,32.850,638968.000,,raw
2019-11-11,32.480,32.760,32.200,32.370,486465.000,,raw
2019-11-12,32.210,32.520,31.900,32.490,457153.000,,raw
2019-11-13,32.400,32.750,32.100,32.560,368255.000,,raw
2019-11-14,32.560,32.860,32.420,32.770,446689.000,,raw
2019-11-15,32.650,32.650,31.300,31.340,1068819.000,,raw
2019-11-18,31.250,31.610,30.900,31.360,452153.000,,raw
2019-11-19,31.360,31.970,31.020,31.890,661975.000,,raw
2019-11-20,31.900,31.900,31.250,31.360,448091.000,,raw
2019-11-21,31.180,31.360,30.930,31.090,469628.000,,raw
2019-11-22,31.100,31.630,30.450,30.700,647142.000,,raw
2019-11-25,30.290,30.440,28.960,30.410,652973.000,,raw
2019-11-26,30.410,30.750,30.130,30.400,395474.000,,raw
2019-11-27,30.400,30.640,30.050,30.460,426222.000,,raw
2019-11-28,30.350,30.700,30.310,30.650,369994.000,,raw
2019-11-29,30.600,30.710,30.150,30.710,378412.000,,raw
2019-12-02,30.680,30.790,30.420,30.570,326767.000,,raw
2019-12-03,30.410,30.720,30.210,30.670,339699.000,,raw
2019-12-04,30.310,31.300,30.310,31.180,596214.000,,raw
2019-12-05,31.190,32.150,31.040,31.950,852151.000,,raw
2019-12-06,31.950,32.100,31.450,31.910,481762.000,,raw
2019-12-09,31.900,31.940,31.500,31.600,440104.000,,raw
2019-12-10,31.570,32.300,31.340,32.080,636150.000,,raw
2019-12-11,31.980,32.360,31.650,31.850,392000.000,,raw
2019-12-12,31.850,33.110,31.660,32.850,1209468.000,,raw
2019-12-13,33.310,33.540,32.610,33.200,1051398.000,,raw
2019-12-16,33.400,33.700,32.890,33.550,887071.000,,raw
2019-12-17,33.620,33.950,33.200,33.590,931645.000,,raw
2019-12-18,33.560,35.190,33.410,34.250,1312638.000,,raw
2019-12-19,34.020,34.800,33.810,34.490,884620.000,,raw
2019-12-20,34.200,34.510,33.340,33.370,901540.000,,raw
2019-12-23,33.100,33.110,32.210,32.260,731934.000,,raw
2019-12-24,32.410,33.240,32.200,33.120,670343.000,,raw
2019-12-25,32.930,34.210,32.830,33.750,824519.000,,raw
2019-12-26,33.780,34.050,33.450,33.900,456105.000,,raw
2019-12-27,34.010,34.280,33.500,33.640,639170.000,,raw
2019-12-30,33.380,34.630,33.210,34.350,861985.000,,raw
2019-12-31,34.600,36.280,34.420,35.390,1351542.000,,raw
2020-01-02,35.660,35.800,35.130,35.450,1014254.000,,raw
2020-01-03,36.690,37.760,36.200,36.550,1790841.000,,raw
2020-01-06,36.050,37.170,35.900,36.700,1138537.000,,raw
2020-01-07,36.700,36.900,36.070,36.600,823031.000,,raw
2020-01-08,36.330,36.880,35.660,35.710,820530.000,,raw
2020-01-09,36.320,37.360,36.320,37.020,973297.000,,raw
2020-01-10,37.250,38.380,37.020,37.360,1012875.000,,raw
2020-01-13,37.680,37.960,37.180,37.960,805883.000,,raw
2020-01-14,37.890,37.900,36.640,36.710,1115816.000,,raw
2020-01-15,36.500,37.080,36.110,36.920,780882.000,,raw
2020-01-16,37.330,38.410,37.290,37.410,1032443.000,,raw
2020-01-17,37.730,39.350,37.730,38.840,1321881.000,,raw
2020-01-20,38.700,40.100,38.410,40.060,1074075.000,,raw
2020-01-21,39.500,40.060,38.570,38.610,942715.000,,raw
2020-01-22,38.380,41.110,38.290,40.650,1090415.000,,raw
2020-01-23,39.950,40.500,38.300,39.170,1115977.000,,raw
2020-02-03,35.250,37.210,35.250,35.910,1802123.000,,raw
2020-02-04,36.520,38.660,36.520,38.370,1348124.000,,raw
2020-02-05,38.700,39.250,37.660,38.200,1254895.000,,raw
2020-02-06,37.900,39.590,37.560,39.220,1076155.000,,raw
2020-02-07,38.880,39.310,37.910,38.930,963201.000,,raw
2020-02-10,38.550,40.740,38.310,40.120,1028561.000,,raw
2020-02-11,40.290,40.900,39.600,40.010,728437.000,,raw
2020-02-12,39.750,40.300,39.380,40.140,813833.000,,raw
2020-02-13,39.710,40.550,39.090,39.710,921121.000,,raw
2020-02-14,39.550,40.170,39.060,39.470,859952.000,,raw
2020-02-17,40.200,43.410,39.680,43.120,1813868.000,,raw
2020-02-18,42.850,43.530,42.110,43.530,1286440.000,,raw
2020-02-19,43.490,46.050,43.330,43.680,1327126.000,,raw
2020-02-20,44.120,45.100,43.720,44.590,1088150.000,,raw
2020-02-21,45.000,46.550,44.350,45.550,1191125.000,,raw
2020-02-24,47.200,50.110,47.200,50.110,1398446.000,,raw
2020-02-25,50.700,55.110,49.070,55.110,2768553.000,,raw
2020-02-26,53.500,53.930,50.500,50.950,2068191.000,,raw
2020-02-27,51.150,52.640,49.180,51.480,1588425.000,,raw
2020-02-28,48.400,51.000,48.400,50.000,1536741.000,,raw
2020-03-02,52.000,55.000,50.500,54.600,2273847.000,,raw
2020-03-03,56.700,56.700,52.500,52.940,2439030.000,,raw
2020-03-04,51.980,52.980,49.100,51.360,1800910.000,,raw
2020-03-05,53.500,53.660,51.380,51.910,1630876.000,,raw
2020-03-06,50.520,51.300,50.020,50.860,965455.000,,raw
2020-03-09,50.000,53.390,49.700,51.010,1563081.000,,raw
2020-03-10,50.500,54.290,48.980,54.160,2171684.000,,raw
2020-03-11,54.200,56.290,52.400,52.480,1739020.000,,raw
2020-03-12,51.130,52.060,50.010,51.420,1250095.000,,raw
2020-03-13,49.300,51.910,49.000,50.790,1297494.000,,raw
2020-03-16,47.360,48.700,45.710,45.710,3087663.000,,raw
2020-03-17,45.610,45.610,41.140,41.550,3072236.000,,raw
2020-03-18,41.900,42.350,38.800,39.100,2542153.000,,raw
2020-03-19,38.650,42.810,37.750,41.750,2752128.000,,raw
2020-03-20,42.020,42.300,40.200,41.880,1739661.000,,raw
2020-03-23,40.010,42.280,39.700,40.830,1246403.000,,raw
2020-03-24,41.920,42.580,40.140,42.550,1576308.000,,raw
2020-03-25,43.880,45.150,43.510,44.850,1862665.000,,raw
2020-03-26,44.010,44.260,42.900,43.100,1151427.000,,raw
2020-03-27,43.990,44.380,43.210,43.390,907859.000,,raw
2020-03-30,42.460,43.360,40.860,42.740,1115888.000,,raw
2020-03-31,43.500,44.400,42.080,42.800,1180658.000,,raw
2020-04-01,42.000,43.440,41.380,41.480,1214341.000,,raw
2020-04-02,41.510,43.000,41.400,42.700,1237418.000,,raw
2020-04-03,41.800,41.940,40.850,40.970,1478452.000,,raw
2020-04-07,41.800,41.970,41.200,41.700,1247163.000,,raw
2020-04-08,41.300,42.090,40.900,41.130,1138415.000,,raw
2020-04-09,41.430,41.970,41.070,41.120,870990.000,,raw
2020-04-10,40.650,40.800,39.030,39.290,1315760.000,,raw
2020-04-13,38.800,39.070,38.060,38.500,704261.000,,raw
2020-04-14,38.710,39.530,38.710,39.530,814616.000,,raw
2020-04-15,39.800,40.400,39.200,39.490,887962.000,,raw
2020-04-16,39.100,39.430,38.700,39.200,592104.000,,raw
2020-04-17,39.900,40.890,39.820,40.000,1228039.000,,raw
2020-04-20,40.160,41.410,40.150,40.700,884399.000,,raw
2020-04-21,40.330,40.630,39.900,40.380,664597.000,,raw
2020-04-22,40.030,40.600,39.900,40.600,480707.000,,raw
2020-04-23,41.000,41.090,39.910,39.970,548115.000,,raw
2020-04-24,39.970,40.300,38.450,38.850,880124.000,,raw
2020-04-27,39.500,39.590,38.790,38.850,581637.000,,raw
2020-04-28,38.630,39.210,37.500,39.160,823661.000,,raw
2020-04-29,38.890,39.100,38.660,38.740,506235.000,,raw
2020-04-30,39.150,41.580,39.130,41.090,1538846.000,,raw
2020-05-06,40.500,41.990,40.350,41.920,1135423.000,,raw
2020-05-07,43.410,44.680,42.190,42.210,1501444.000,,raw
2020-05-08,42.690,42.980,42.100,42.490,904654.000,,raw
2020-05-11,42.750,43.300,42.460,43.040,813826.000,,raw
2020-05-12,42.890,42.900,41.480,42.220,772514.000,,raw
2020-05-13,41.700,42.050,41.490,41.760,533452.000,,raw
2020-05-14,41.500,41.690,40.600,40.680,785412.000,,raw
2020-05-15,40.870,41.530,40.400,41.170,796786.000,,raw
2020-05-18,41.100,41.360,38.980,40.210,849835.000,,raw
2020-05-19,40.600,40.920,40.050,40.430,630590.000,,raw
2020-05-20,40.300,40.800,39.860,40.450,613086.000,,raw
2020-05-21,40.700,40.750,39.030,39.300,844488.000,,raw
2020-05-22,39.000,39.260,38.120,38.380,654426.000,,raw
2020-05-25,38.000,38.050,36.780,37.080,863729.000,,raw
2020-05-26,37.310,37.640,37.140,37.530,592409.000,,raw
2020-05-27,37.540,37.640,36.920,37.000,494858.000,,raw
2020-05-28,37.000,37.000,35.400,36.300,889704.000,,raw
2020-05-29,36.000,36.460,35.690,36.050,602256.000,,raw
2020-06-01,36.720,38.880,36.600,38.550,1220964.000,,raw
2020-06-02,38.700,38.970,38.080,38.640,794234.000,,raw
2020-06-03,38.680,39.570,38.300,38.700,895889.000,,raw
2020-06-04,38.900,39.080,38.200,38.240,521317.000,,raw
2020-06-05,38.260,38.420,37.890,38.170,439070.000,,raw
2020-06-08,38.540,39.610,38.540,38.920,814138.000,,raw
2020-06-09,38.940,39.080,38.510,38.750,463860.000,,raw
2020-06-10,38.750,38.750,38.080,38.540,475062.000,,raw
2020-06-11,38.500,38.970,38.110,38.280,611529.000,,raw
2020-06-12,37.120,38.530,37.030,38.200,662499.000,,raw
2020-06-15,37.950,38.450,37.510,37.590,609025.000,,raw
2020-06-16,38.800,40.150,38.560,40.150,1695319.000,,raw
2020-06-17,40.170,40.170,39.270,39.750,939173.000,,raw
2020-06-18,39.800,43.520,39.350,42.380,2141500.000,,raw
2020-06-19,42.470,44.190,41.900,42.870,1840450.000,,raw
2020-06-22,41.700,42.600,41.500,42.190,1538874.000,,raw
2020-06-23,41.550,41.610,39.570,39.830,1953508.000,,raw
2020-06-24,39.680,40.400,39.600,39.710,797553.000,,raw
2020-06-29,39.510,39.910,39.020,39.200,621959.000,,raw
2020-06-30,39.600,40.680,39.600,40.130,975998.000,,raw
2020-07-01,40.110,40.560,39.140,39.750,993269.000,,raw
2020-07-02,39.050,40.560,38.530,40.500,1447193.000,,raw
2020-07-03,40.550,42.890,40.090,42.410,1801844.000,,raw
2020-07-06,42.850,45.200,42.560,44.640,2001603.000,,raw
2020-07-07,45.220,47.470,44.410,45.350,2071849.000,,raw
2020-07-08,45.300,46.160,44.310,46.050,1470823.000,,raw
2020-07-09,46.670,47.880,45.810,47.120,1627084.000,,raw
2020-07-10,46.450,46.660,44.900,44.940,1535427.000,,raw
2020-07-13,44.710,46.170,44.090,46.170,1419335.000,,raw
2020-07-14,46.000,46.000,44.130,44.800,1212797.000,,raw
2020-07-15,44.800,45.200,42.720,42.720,1213688.000,,raw
2020-07-16,42.720,43.280,39.680,40.070,1340588.000,,raw
2020-07-17,40.080,40.600,39.510,40.330,832899.000,,raw
2020-07-20,40.580,41.360,39.900,41.240,840271.000,,raw
2020-07-21,41.400,41.590,40.670,40.980,639717.000,,raw
2020-07-22,41.020,42.140,40.640,41.400,832841.000,,raw
2020-07-23,40.580,40.840,38.960,39.720,1609138.000,,raw
2020-07-24,39.300,39.530,37.650,37.920,1135422.000,,raw
2020-07-27,37.940,38.450,37.680,38.280,684752.000,,raw
2020-07-28,38.590,38.800,38.060,38.380,493857.000,,raw
2020-07-29,38.400,39.580,38.140,39.540,776311.000,,raw
2020-07-30,39.710,39.740,38.880,38.910,558697.000,,raw
2020-07-31,38.900,39.680,38.840,39.170,635017.000,,raw
2020-08-03,39.200,39.570,38.920,39.500,1040432.000,,raw
2020-08-04,39.560,39.700,38.610,38.880,908018.000,,raw
2020-08-05,39.500,39.600,38.710,39.140,810334.000,,raw
2020-08-06,39.030,39.030,38.230,38.710,732087.000,,raw
2020-08-07,38.800,39.490,38.280,38.900,799901.000,,raw
2020-08-10,38.410,38.600,37.800,38.340,610249.000,,raw
2020-08-11,38.350,38.580,37.950,38.030,508144.000,,raw
2020-08-12,37.830,38.650,36.990,38.620,925880.000,"{'nd': '2019', 'fh_sh': '2', 'djr': '2020-08-11', 'cqr': '2020-08-12', 'FHcontent': '10派2元'}",raw
2020-08-13,38.610,38.610,38.000,38.190,464204.000,,raw
2020-08-14,38.000,38.560,38.000,38.370,377228.000,,raw
2020-08-17,39.000,40.370,38.750,40.250,1401029.000,,raw
2020-08-18,40.000,40.190,39.540,39.750,710183.000,,raw
2020-08-19,39.700,39.700,38.550,38.650,691525.000,,raw
2020-08-20,38.370,38.850,38.000,38.850,386902.000,,raw
2020-08-21,39.080,39.370,38.620,38.880,393112.000,,raw
2020-08-24,38.870,38.970,38.400,38.490,437010.000,,raw
2020-08-25,38.530,38.700,38.070,38.220,404611.000,,raw
2020-08-26,38.210,38.580,37.930,38.040,458858.000,,raw
2020-08-27,38.190,39.040,37.980,38.880,606876.000,,raw
2020-08-28,38.670,38.880,38.180,38.830,490013.000,,raw
2020-08-31,39.340,39.850,39.000,39.000,797310.000,,raw
2020-09-01,38.800,38.970,38.390,38.670,488589.000,,raw
2020-09-02,38.790,39.350,38.590,38.840,504105.000,,raw
2020-09-03,38.500,38.500,37.450,37.660,946408.000,,raw
2020-09-04,37.010,37.500,36.920,37.480,419763.000,,raw
2020-09-07,37.480,37.640,36.500,36.600,532517.000,,raw
2020-09-08,36.610,36.820,35.780,36.230,462004.000,,raw
2020-09-09,35.710,35.900,34.600,34.760,657164.000,,raw
2020-09-10,35.160,35.240,32.200,32.990,979176.000,,raw
2020-09-11,32.990,33.790,32.300,33.700,587416.000,,raw
2020-09-14,33.780,33.890,33.300,33.480,394292.000,,raw
2020-09-15,33.520,33.770,33.240,33.610,287349.000,,raw
2020-09-16,33.600,33.950,33.350,33.630,294372.000,,raw
2020-09-17,33.400,33.890,33.000,33.380,364512.000,,raw
2020-09-18,33.500,33.800,33.310,33.780,442896.000,,raw
2020-09-21,33.920,35.200,33.900,34.700,670657.000,,raw
2020-09-22,34.400,34.590,34.090,34.270,309734.000,,raw
2020-09-23,34.270,34.480,33.830,34.020,246474.000,,raw
2020-09-24,33.610,33.770,33.030,33.180,299936.000,,raw
2020-09-25,33.180,33.420,33.020,33.110,208712.000,,raw
2020-09-28,33.100,33.220,32.580,32.590,217662.000,,raw
2020-09-29,32.730,33.180,32.670,32.910,252184.000,,raw
2020-09-30,32.900,33.200,32.700,33.100,228998.000,,raw
2020-10-09,33.660,33.940,33.260,33.380,390657.000,,raw
2020-10-12,34.000,34.880,33.890,34.860,724314.000,,raw
2020-10-13,35.300,36.300,35.150,35.740,723773.000,,raw
2020-10-14,35.580,35.740,34.900,35.300,451411.000,,raw
2020-10-15,35.300,35.600,34.720,34.760,331521.000,,raw
2020-10-16,34.880,34.980,34.110,34.470,277833.000,,raw
2020-10-19,35.000,35.400,34.430,34.500,294625.000,,raw
2020-10-20,34.490,34.850,34.030,34.840,209452.000,,raw
2020-10-21,34.850,34.880,34.050,34.130,258410.000,,raw
2020-10-22,33.920,33.950,33.460,33.630,223725.000,,raw
2020-10-23,33.490,33.880,33.360,33.430,186851.000,,raw
2020-10-26,33.250,33.770,33.000,33.490,181652.000,,raw
2020-10-27,33.300,33.560,33.140,33.400,144686.000,,raw
2020-10-28,33.390,34.630,33.210,34.500,493341.000,,raw
2020-10-29,33.200,33.350,32.520,33.080,738882.000,,raw
2020-10-30,33.070,33.310,32.000,32.270,544098.000,,raw
2020-11-02,32.130,32.430,30.160,31.130,585917.000,,raw
2020-11-03,30.520,32.180,30.520,31.960,386030.000,,raw
2020-11-04,32.100,32.230,31.600,31.640,275597.000,,raw
2020-11-05,32.580,34.800,32.230,34.800,1395268.000,,raw
2020-11-06,35.670,36.880,35.040,35.800,2121017.000,,raw
2020-11-09,36.950,38.930,36.400,38.070,2173566.000,,raw
2020-11-10,37.600,37.600,36.120,36.560,1297933.000,,raw
2020-11-11,36.360,36.990,35.650,35.920,876479.000,,raw
2020-11-12,36.300,36.850,35.900,36.100,649392.000,,raw
2020-11-13,35.480,35.950,35.000,35.820,749585.000,,raw
2020-11-16,35.840,35.940,34.810,35.170,568811.000,,raw
2020-11-17,35.170,35.550,34.330,35.500,614198.000,,raw
2020-11-18,35.260,36.100,34.960,35.730,687496.000,,raw
2020-11-19,35.400,36.990,35.200,36.300,848690.000,,raw
2020-11-20,36.350,36.770,35.860,36.220,629911.000,,raw
2020-11-23,36.300,36.440,35.400,35.750,583998.000,,raw
2020-11-24,35.590,36.790,35.410,36.580,818333.000,,raw
2020-11-25,36.200,36.310,35.410,35.540,726490.000,,raw
2020-11-26,35.540,36.000,35.340,35.700,374897.000,,raw
2020-11-27,35.480,35.650,34.660,34.990,557704.000,,raw
2020-11-30,34.760,35.630,34.380,34.730,632352.000,,raw
2020-12-01,34.710,35.200,34.620,35.060,429000.000,,raw
2020-12-02,35.000,35.930,34.880,35.480,590157.000,,raw
2020-12-03,35.480,35.490,34.850,35.060,421459.000,,raw
2020-12-04,34.840,35.000,34.610,34.810,271520.000,,raw
2020-12-07,34.650,34.860,33.730,33.810,565816.000,,raw
2020-12-08,33.750,34.100,33.700,33.800,228757.000,,raw
2020-12-09,33.810,33.900,32.800,32.840,475452.000,,raw
2020-12-10,32.750,33.160,32.500,32.840,315509.000,,raw
2020-12-11,32.840,32.930,32.000,32.170,456463.000,,raw
2020-12-14,32.190,32.710,32.000,32.510,288614.000,,raw
2020-12-15,32.550,33.350,32.320,32.880,329556.000,,raw
2020-12-16,33.000,33.120,32.450,32.500,236105.000,,raw
2020-12-17,32.500,32.830,32.020,32.810,295374.000,,raw
2020-12-18,32.910,33.310,32.770,32.810,306196.000,,raw
2020-12-21,32.500,32.780,32.160,32.380,354691.000,,raw
2020-12-22,32.230,32.300,31.410,31.520,545996.000,,raw
2020-12-23,31.400,31.960,30.880,31.790,511015.000,,raw
2020-12-24,31.770,31.950,31.050,31.170,297984.000,,raw
2020-12-25,31.150,31.150,30.720,31.040,317974.000,,raw
2020-12-28,31.040,31.070,30.510,30.570,314693.000,,raw
2020-12-29,30.650,33.630,30.650,33.630,1605073.000,,raw
2020-12-30,33.590,33.590,32.600,33.440,1140459.000,,raw
2020-12-31,33.430,34.060,32.820,33.650,1051162.000,,raw
2021-01-04,33.000,34.480,32.720,34.330,1296473.000,,raw
2021-01-05,33.980,35.130,33.650,34.510,1254766.000,,raw
2021-01-06,34.800,34.870,33.320,33.630,917743.000,,raw
2021-01-07,33.300,33.310,32.210,32.670,921043.000,,raw
2021-01-08,32.550,35.050,32.380,33.900,1338192.000,,raw
2021-01-11,34.190,35.050,33.680,34.930,1488158.000,,raw
2021-01-12,35.100,35.350,34.360,35.320,1333629.000,,raw
2021-01-13,35.640,37.240,35.210,36.720,2028073.000,,raw
2021-01-14,36.400,36.870,35.500,35.910,1403494.000,,raw
2021-01-15,35.920,35.970,34.730,35.100,888857.000,,raw
2021-01-18,35.300,36.680,35.100,36.330,1125083.000,,raw
2021-01-19,36.430,37.090,35.620,35.860,1019412.000,,raw
2021-01-20,35.600,36.090,35.090,35.870,700122.000,,raw
2021-01-21,35.860,35.860,34.700,35.320,937432.000,,raw
2021-01-22,35.400,35.400,33.800,33.880,1012345.000,,raw
2021-01-25,34.960,36.100,34.450,35.700,1466260.000,,raw
2021-01-26,35.290,35.810,33.840,34.030,999956.000,,raw
2021-01-27,34.060,34.550,33.880,33.920,545174.000,,raw
2021-01-28,33.500,33.500,32.200,32.520,822462.000,,raw
2021-01-29,32.800,32.850,31.800,32.190,509971.000,,raw
2021-02-01,31.980,32.600,31.710,32.320,373256.000,,raw
2021-02-02,32.250,32.270,31.520,31.720,532988.000,,raw
2021-02-03,31.400,32.790,31.160,31.940,659506.000,,raw
2021-02-04,31.400,31.700,30.570,31.490,868950.000,,raw
2021-02-05,31.410,31.640,30.830,30.890,496823.000,,raw
2021-02-08,31.180,31.440,30.470,30.920,524649.000,,raw
2021-02-09,30.860,31.980,30.730,31.700,576529.000,,raw
2021-02-10,31.710,32.440,31.360,32.210,592964.000,,raw
2021-02-18,32.890,33.170,32.400,32.460,705319.000,,raw
2021-02-19,32.370,33.000,31.950,32.950,560512.000,,raw
2021-02-22,33.010,33.340,32.660,32.700,695510.000,,raw
2021-02-23,32.600,32.990,32.100,32.350,546163.000,,raw
2021-02-24,32.360,32.780,31.810,32.080,518429.000,,raw
2021-02-25,32.490,32.550,31.960,31.980,408210.000,,raw
2021-02-26,31.480,32.250,31.390,31.760,448856.000,,raw
2021-03-01,31.760,32.100,31.430,32.070,450168.000,,raw
2021-03-02,32.210,32.660,31.870,32.150,555115.000,,raw
2021-03-03,32.370,32.540,31.920,32.330,455841.000,,raw
2021-03-04,32.340,32.500,31.400,31.630,621624.000,,raw
2021-03-05,31.030,31.910,31.000,31.710,376368.000,,raw
2021-03-08,31.720,32.360,31.480,31.590,457035.000,,raw
2021-03-09,31.440,31.500,30.480,30.870,523652.000,,raw
2021-03-10,31.160,31.280,30.500,30.760,434887.000,,raw
2021-03-11,30.820,31.660,30.560,31.400,522669.000,,raw
2021-03-12,31.450,31.450,30.710,30.940,382249.000,,raw
2021-03-15,30.390,30.390,27.850,28.220,1377207.000,,raw
2021-03-16,28.300,28.740,27.800,28.550,588667.000,,raw
2021-03-17,29.860,30.700,29.450,30.530,1123317.000,,raw
2021-03-18,30.400,30.570,30.100,30.450,538672.000,,raw
2021-03-19,30.000,30.200,29.480,29.530,467818.000,,raw
2021-03-22,29.480,29.850,29.370,29.660,332489.000,,raw
2021-03-23,29.800,30.280,29.650,29.710,377260.000,,raw
2021-03-24,29.700,29.710,29.000,29.050,341574.000,,raw
2021-03-25,29.070,29.280,28.780,28.880,257576.000,,raw
2021-03-26,29.200,29.650,29.150,29.480,382675.000,,raw
2021-03-29,29.480,29.630,29.200,29.250,284581.000,,raw
2021-03-30,29.270,29.550,29.130,29.320,254264.000,,raw
2021-04-01,29.960,29.960,29.330,29.390,365511.000,,raw
2021-04-02,29.400,29.850,29.400,29.600,296826.000,,raw
2021-04-06,29.610,29.620,29.330,29.400,231670.000,,raw
2021-04-07,29.330,29.330,28.850,29.110,317477.000,,raw
2021-04-08,29.000,29.130,28.800,28.870,268393.000,,raw
2021-04-09,28.880,28.950,28.180,28.310,386570.000,,raw
2021-04-12,28.340,28.390,28.010,28.020,255906.000,,raw
2021-04-13,28.030,28.240,27.860,28.000,240071.000,,raw
2021-04-14,28.000,28.170,27.820,28.080,327013.000,,raw
2021-04-15,28.010,28.010,27.680,27.720,260864.000,,raw
2021-04-16,27.790,28.460,27.700,28.360,377684.000,,raw
2021-04-19,28.200,29.080,28.160,28.920,466754.000,,raw
2021-04-20,28.840,29.020,28.560,28.580,298679.000,,raw
2021-04-21,28.530,28.530,28.210,28.300,209961.000,,raw
2021-04-22,28.210,30.250,28.210,29.530,765059.000,,raw
2021-04-23,29.330,29.660,29.140,29.190,427198.000,,raw
2021-04-26,29.200,29.830,29.030,29.140,454612.000,,raw
2021-04-27,29.110,29.300,28.780,29.130,289236.000,,raw
2021-04-28,29.090,29.570,28.910,29.560,315947.000,,raw
2021-04-29,29.650,29.970,29.160,29.190,459194.000,,raw
2021-04-30,29.170,29.340,28.770,28.950,334982.000,,raw
2021-05-06,28.850,28.980,28.480,28.520,265685.000,,raw
2021-05-07,28.510,28.760,28.110,28.140,281473.000,,raw
2021-05-10,28.120,28.380,27.750,28.330,257722.000,,raw
2021-05-11,28.120,28.490,28.110,28.440,230960.000,,raw
2021-05-12,28.330,28.660,28.250,28.580,240015.000,,raw
2021-05-13,28.370,28.750,28.160,28.180,320511.000,,raw
2021-05-14,28.350,29.240,28.100,29.080,468446.000,,raw
2021-05-17,28.970,29.500,28.950,29.150,410768.000,,raw
2021-05-18,29.280,29.850,28.960,29.460,496626.000,,raw
2021-05-19,29.390,29.390,29.000,29.120,313078.000,,raw
2021-05-20,29.110,29.410,28.970,29.090,298184.000,,raw
2021-05-21,29.050,29.280,28.710,28.710,296770.000,,raw
2021-05-24,28.690,29.680,28.380,29.430,556416.000,,raw
2021-05-25,29.420,30.080,29.350,29.910,737943.000,,raw
2021-05-26,29.800,30.390,29.700,29.760,550794.000,,raw
2021-05-27,29.830,30.940,29.810,30.540,744326.000,,raw
2021-05-28,30.400,31.850,30.360,31.370,1057847.000,,raw
2021-05-31,31.380,32.110,31.090,31.440,701046.000,,raw
2021-06-01,31.560,31.980,31.400,31.560,577562.000,,raw
2021-06-02,31.610,31.630,30.600,30.740,567107.000,,raw
2021-06-03,30.810,33.500,30.810,32.780,1629612.000,,raw
2021-06-04,33.030,33.390,32.570,33.000,796142.000,,raw
2021-06-07,33.100,34.280,33.100,33.640,808818.000,,raw
2021-06-08,33.600,33.700,33.020,33.220,546676.000,,raw
2021-06-09,33.200,33.360,32.530,32.940,450732.000,,raw
2021-06-10,33.080,33.650,32.940,33.110,518683.000,,raw
2021-06-11,33.050,33.110,32.300,32.450,511550.000,,raw
2021-06-15,32.920,33.280,32.200,32.250,435555.000,,raw
2021-06-16,32.480,32.570,31.690,31.970,417814.000,,raw
2021-06-17,32.080,32.860,31.760,32.800,578636.000,,raw
2021-06-18,32.530,34.500,32.510,34.150,1265834.000,,raw
2021-06-21,33.920,34.450,33.360,33.420,702453.000,,raw
2021-06-22,33.410,33.700,32.590,32.710,550487.000,,raw
2021-06-23,32.720,33.590,32.510,33.000,499631.000,,raw
2021-06-24,33.050,33.260,32.120,32.260,529658.000,,raw
2021-06-25,32.120,32.550,31.920,32.330,402606.000,,raw
2021-06-28,32.450,33.530,32.450,33.390,699538.000,,raw
2021-06-29,33.300,33.300,32.540,32.540,457052.000,,raw
2021-06-30,32.410,33.420,32.030,33.230,643807.000,,raw
2021-07-01,33.330,33.900,32.800,32.810,547848.000,,raw
2021-07-02,32.680,32.680,31.610,31.750,541678.000,,raw
2021-07-05,31.650,32.140,31.370,32.090,388784.000,,raw
2021-07-06,32.000,32.000,30.890,31.430,546452.000,,raw
2021-07-07,31.200,31.390,30.870,31.160,442400.000,,raw
2021-07-08,31.110,31.380,30.920,31.030,390257.000,,raw
2021-07-09,31.000,31.550,30.750,31.270,478292.000,,raw
2021-07-12,33.000,34.400,32.900,34.400,989889.000,,raw
2021-07-13,35.760,36.450,34.830,35.590,2537101.000,,raw
2021-07-14,35.690,36.950,35.480,36.030,1573220.000,,raw
2021-07-15,36.040,36.350,35.350,35.800,944847.000,,raw
2021-07-16,35.900,36.480,35.670,35.870,980883.000,,raw
2021-07-19,35.460,38.490,34.980,37.940,1893795.000,,raw
2021-07-20,37.400,37.800,36.740,37.270,1023122.000,,raw
2021-07-21,37.200,37.440,36.460,36.990,987107.000,,raw
2021-07-22,36.910,37.750,36.560,37.140,940033.000,,raw
2021-07-23,37.440,37.450,36.110,36.370,788722.000,,raw
2021-07-26,36.000,36.780,34.990,36.150,887554.000,,raw
2021-07-27,36.350,38.790,35.810,36.770,1871404.000,,raw
2021-07-28,36.640,38.150,35.030,37.290,1491838.000,,raw
2021-07-29,38.120,38.280,37.050,37.550,1368689.000,,raw
2021-07-30,37.250,39.130,37.100,38.800,1681169.000,,raw
2021-08-02,39.800,41.060,39.110,40.750,1783673.000,,raw
2021-08-03,40.390,41.680,39.510,39.800,1360792.000,,raw
2021-08-04,39.740,41.320,39.720,41.060,1210186.000,,raw
2021-08-05,40.700,40.890,39.900,40.300,862331.000,,raw
2021-08-06,40.530,40.560,39.150,39.650,863405.000,,raw
2021-08-09,39.660,40.300,38.800,39.720,889987.000,,raw
2021-08-10,39.600,40.070,39.350,39.900,620771.000,,raw
2021-08-11,39.590,39.590,36.520,36.720,2118004.000,,raw
2021-08-12,36.180,37.390,36.040,36.500,1035025.000,,raw
2021-08-13,36.400,36.400,35.000,35.500,1184059.000,,raw
2021-08-16,35.450,36.090,35.110,35.610,608222.000,,raw
2021-08-17,35.750,35.830,34.860,35.010,652559.000,,raw
2021-08-18,35.010,35.250,34.650,35.210,539207.000,,raw
2021-08-19,35.180,36.330,35.000,36.290,910068.000,,raw
2021-08-20,35.880,35.910,35.180,35.380,567775.000,"{'nd': '2020', 'fh_sh': '2', 'djr': '2021-08-19', 'cqr': '2021-08-20', 'FHcontent': '10派2元'}",raw
2021-08-23,35.350,35.680,34.870,35.490,492205.000,,raw
2021-08-24,35.110,35.430,34.900,35.040,569172.000,,raw
2021-08-25,35.010,35.280,33.810,34.160,1023741.000,,raw
2021-08-26,34.130,34.400,33.670,33.900,562047.000,,raw
2021-08-27,34.000,34.600,33.700,34.420,599831.000,,raw
2021-08-30,34.710,34.730,32.440,32.800,1333391.000,,raw
2021-08-31,32.830,33.220,32.470,33.200,653129.000,,raw
2021-09-01,33.200,34.140,32.680,33.720,803637.000,,raw
2021-09-02,33.730,33.800,32.890,33.150,564486.000,,raw
2021-09-03,32.940,33.730,32.930,33.240,496250.000,,raw
2021-09-06,33.200,34.060,33.030,33.930,588715.000,,raw
2021-09-07,34.080,34.100,33.550,33.840,518148.000,,raw
2021-09-08,34.000,34.940,33.650,34.640,821342.000,,raw
2021-09-09,34.500,35.030,34.270,34.650,517013.000,,raw
2021-09-10,34.700,35.430,34.270,35.190,749496.000,,raw
2021-09-13,34.920,34.920,34.170,34.180,558745.000,,raw
2021-09-14,34.100,34.620,33.330,33.500,472875.000,,raw
2021-09-15,33.350,34.180,33.180,33.790,380518.000,,raw
2021-09-16,33.780,34.500,33.500,33.930,455286.000,,raw
2021-09-17,33.930,34.330,33.400,34.000,335641.000,,raw
2021-09-22,33.330,34.110,33.200,33.800,293374.000,,raw
2021-09-23,34.140,35.400,34.140,35.030,810186.000,,raw
2021-09-24,34.810,35.150,34.390,34.470,421765.000,,raw
2021-09-27,35.330,35.880,34.500,34.660,604720.000,,raw
2021-09-28,34.400,34.510,33.570,34.200,384268.000,,raw
2021-09-29,33.900,33.920,32.600,32.650,594507.000,,raw
2021-09-30,32.560,33.270,32.560,33.130,271310.000,,raw
2021-10-08,33.660,34.330,33.620,33.860,374925.000,,raw
2021-10-11,34.190,35.200,33.780,34.600,573710.000,,raw
2021-10-12,34.390,35.200,33.910,34.400,493676.000,,raw
2021-10-13,34.380,35.160,34.200,34.890,511046.000,,raw
2021-10-14,35.010,35.080,33.910,33.980,476244.000,,raw
2021-10-15,35.380,35.480,34.070,34.170,563922.000,,raw
2021-10-18,34.000,34.440,33.580,33.760,508817.000,,raw
2021-10-19,33.560,34.200,33.560,34.080,285212.000,,raw
2021-10-20,34.150,34.290,33.680,33.780,344075.000,,raw
2021-10-21,33.810,33.990,33.140,33.410,397589.000,,raw
2021-10-22,33.390,33.600,33.180,33.260,373273.000,,raw
2021-10-25,33.300,34.060,32.850,33.940,396049.000,,raw
2021-10-26,34.020,34.500,33.610,34.150,561291.000,,raw
2021-10-27,34.050,34.230,33.500,33.530,315435.000,,raw
2021-10-28,33.670,33.850,32.800,32.960,408724.000,,raw
2021-10-29,33.100,33.250,32.580,32.620,532172.000,,raw
2021-11-01,32.000,32.000,30.400,31.390,1124899.000,,raw
2021-11-02,31.290,31.920,30.810,31.160,493634.000,,raw
2021-11-03,31.180,31.400,30.860,31.080,318717.000,,raw
2021-11-04,31.200,31.680,31.090,31.670,399626.000,,raw
2021-11-05,31.540,31.880,31.290,31.300,403617.000,,raw
2021-11-08,31.120,31.420,31.010,31.150,279430.000,,raw
2021-11-09,31.170,31.700,31.100,31.490,293247.000,,raw
2021-11-10,31.360,31.810,31.250,31.760,360309.000,,raw
2021-11-11,31.600,32.150,31.590,32.150,397744.000,,raw
2021-11-12,32.000,32.220,31.720,31.820,337946.000,,raw
2021-11-15,31.810,32.020,31.230,31.540,342387.000,,raw
2021-11-16,31.800,32.120,31.600,31.700,364997.000,,raw
2021-11-17,31.630,32.160,31.340,32.080,426037.000,,raw
2021-11-18,31.880,32.100,31.760,31.820,289446.000,,raw
2021-11-19,31.700,32.050,31.520,31.990,276697.000,,raw
2021-11-22,31.990,32.830,31.910,32.400,395291.000,,raw
2021-11-23,32.500,32.890,32.370,32.420,294006.000,,raw
2021-11-24,32.680,32.800,32.200,32.650,389905.000,,raw
2021-11-25,32.640,32.770,32.150,32.160,308233.000,,raw
2021-11-26,32.060,32.180,31.120,31.220,480647.000,,raw
2021-11-29,30.850,31.190,30.680,30.990,328019.000,,raw
2021-11-30,31.110,31.230,30.600,30.680,421710.000,,raw
2021-12-01,30.660,30.930,30.550,30.900,283395.000,,raw
2021-12-02,30.790,30.870,30.500,30.580,328298.000,,raw
2021-12-03,30.660,31.000,30.620,30.940,266738.000,,raw
2021-12-06,30.880,31.160,30.790,30.800,287987.000,,raw
2021-12-07,30.990,31.000,30.660,30.990,228472.000,,raw
2021-12-08,31.050,31.220,30.900,31.180,301141.000,,raw
2021-12-09,31.100,32.220,31.050,31.930,612051.000,,raw
2021-12-10,31.780,32.390,31.700,32.110,400506.000,,raw
2021-12-13,32.260,33.490,32.110,32.860,720787.000,,raw
2021-12-14,32.610,33.150,32.600,32.750,372720.000,,raw
2021-12-15,32.780,33.750,32.760,33.230,573672.000,,raw
2021-12-16,33.050,33.170,32.780,32.990,360466.000,,raw
2021-12-17,32.880,33.430,32.460,32.660,462073.000,,raw
2021-12-20,32.600,32.850,31.840,31.880,344045.000,,raw
2021-12-21,32.090,32.380,31.890,32.250,259330.000,,raw
2021-12-22,32.350,32.950,32.200,32.430,302514.000,,raw
2021-12-23,32.450,32.890,32.100,32.720,308013.000,,raw
2021-12-24,32.680,32.850,31.920,32.050,324740.000,,raw
2021-12-27,31.980,33.580,31.960,33.130,574293.000,,raw
2021-12-28,33.260,33.430,32.760,32.990,310456.000,,raw
2021-12-29,32.990,33.130,32.650,32.670,226696.000,,raw
2021-12-30,32.850,33.250,32.700,32.980,272595.000,,raw
2021-12-31,33.120,33.660,33.040,33.500,438690.000,,raw
2022-01-04,33.580,33.640,33.130,33.420,290034.000,,raw
2022-01-05,33.410,33.690,32.690,32.950,393241.000,,raw
2022-01-06,32.700,33.230,32.510,33.090,287422.000,,raw
2022-01-07,33.150,34.160,33.130,33.500,513499.000,,raw
2022-01-10,33.700,34.600,33.600,34.580,746048.000,,raw
2022-01-11,34.450,34.760,34.100,34.160,500707.000,,raw
2022-01-12,34.300,34.430,33.810,34.080,304087.000,,raw
2022-01-13,34.420,34.550,33.380,33.450,356692.000,,raw
2022-01-14,33.110,33.470,32.930,33.000,298427.000,,raw
2022-01-17,33.000,34.670,33.000,34.290,598189.000,,raw
2022-01-18,34.280,34.570,34.010,34.310,377620.000,,raw
2022-01-19,34.100,34.360,33.470,33.650,391666.000,,raw
2022-01-20,33.650,34.330,33.530,34.020,515591.000,,raw
2022-01-21,33.990,34.090,32.850,32.950,469152.000,,raw
2022-01-24,32.700,32.860,31.350,31.880,524639.000,,raw
2022-01-25,31.650,32.030,31.000,31.030,304485.000,,raw
2022-01-26,31.230,31.320,30.800,31.120,325645.000,,raw
2022-01-27,31.000,31.070,30.010,30.060,442289.000,,raw
2022-01-28,30.200,30.590,29.700,30.140,342928.000,,raw
2022-02-07,30.650,30.800,29.150,29.500,791606.000,,raw
2022-02-08,29.500,29.830,29.260,29.810,362732.000,,raw
2022-02-09,29.810,30.850,29.600,30.780,525979.000,,raw
2022-02-10,30.600,30.690,30.130,30.320,347089.000,,raw
2022-02-11,30.010,30.500,29.720,30.060,374263.000,,raw
2022-02-14,29.880,29.880,29.070,29.300,424198.000,,raw
2022-02-15,29.270,29.580,29.200,29.360,314879.000,,raw
2022-02-16,29.700,29.760,29.230,29.360,309132.000,,raw
2022-02-17,29.290,29.300,29.010,29.110,304943.000,,raw
2022-02-18,29.200,29.440,29.070,29.390,297970.000,,raw
2022-02-21,29.690,30.580,29.680,30.220,601052.000,,raw
2022-02-22,29.800,29.980,29.440,29.580,373698.000,,raw
2022-02-23,29.790,30.120,29.510,30.060,334585.000,,raw
2022-02-24,29.820,29.950,28.880,29.150,507899.000,,raw
2022-02-25,29.400,29.560,29.040,29.200,330191.000,,raw
2022-02-28,29.210,29.220,28.680,29.060,263940.000,,raw
2022-03-01,29.070,29.400,29.010,29.370,262944.000,,raw
2022-03-02,29.180,29.290,28.900,29.200,218573.000,,raw
2022-03-03,29.200,29.350,28.940,29.030,231911.000,,raw
2022-03-04,28.850,29.130,28.620,28.750,296275.000,,raw
2022-03-07,27.780,27.790,25.960,26.150,1278213.000,,raw
2022-03-08,25.950,26.150,25.000,25.660,616592.000,,raw
2022-03-09,25.980,26.050,24.370,25.350,535280.000,,raw
2022-03-10,25.900,25.990,25.350,25.400,444458.000,,raw
2022-03-11,24.840,25.060,23.900,25.040,702701.000,,raw
2022-03-14,24.600,25.100,24.060,24.060,475822.000,,raw
2022-03-15,23.910,23.910,22.530,22.550,672236.000,,raw
2022-03-16,23.230,23.570,22.200,23.510,650031.000,,raw
2022-03-17,24.000,24.140,23.510,23.610,619181.000,,raw
2022-03-18,23.540,24.070,23.300,24.000,428886.000,,raw
2022-03-21,24.160,24.260,23.500,23.670,421002.000,,raw
2022-03-22,23.640,23.860,23.450,23.630,299943.000,,raw
2022-03-23,25.990,25.990,25.990,25.990,153962.000,,raw
2022-03-24,28.500,28.500,26.410,26.620,2227850.000,,raw
2022-03-25,26.080,26.210,25.220,25.360,1059380.000,,raw
2022-03-28,24.700,25.480,24.110,24.850,701545.000,,raw
2022-03-29,24.600,24.860,24.040,24.060,565818.000,,raw
2022-03-30,24.140,24.340,24.060,24.330,464884.000,,raw
2022-03-31,24.300,24.300,23.860,23.900,444158.000,,raw
2022-04-01,23.660,24.040,23.350,23.930,388540.000,,raw
2022-04-06,23.900,24.020,23.620,23.780,290823.000,,raw
2022-04-07,23.780,23.890,23.140,23.180,342608.000,,raw
2022-04-08,23.300,23.330,22.730,22.980,345819.000,,raw
2022-04-11,22.800,22.840,21.740,21.870,503494.000,,raw
2022-04-12,21.750,22.280,21.520,22.240,346109.000,,raw
2022-04-13,22.040,22.410,21.950,22.000,289994.000,,raw
2022-04-14,22.150,22.500,22.110,22.330,273567.000,,raw
2022-04-15,22.100,22.860,21.970,22.690,384515.000,,raw
2022-04-18,22.500,23.180,22.370,23.170,347195.000,,raw
2022-04-19,23.050,23.220,22.520,22.640,293731.000,,raw
2022-04-20,22.620,22.880,22.320,22.440,227526.000,,raw
2022-04-21,22.280,22.520,21.680,21.790,295618.000,,raw
2022-04-22,21.540,23.060,21.390,22.810,620911.000,,raw
2022-04-25,22.500,22.880,21.710,21.790,485106.000,,raw
2022-04-26,22.270,23.400,22.230,22.460,852421.000,,raw
2022-04-27,22.350,23.880,22.330,23.710,888374.000,,raw
2022-04-28,23.440,23.770,23.060,23.710,552150.000,,raw
2022-04-29,23.850,24.280,23.520,24.130,604163.000,,raw
2022-05-05,24.000,24.100,23.600,23.750,455284.000,,raw
2022-05-06,23.150,23.560,23.050,23.230,295515.000,,raw
2022-05-09,22.990,23.360,22.910,23.160,189035.000,,raw
2022-05-10,22.800,23.500,22.380,23.400,364258.000,"{'nd': '2021', 'fh_sh': '3', 'djr': '2022-05-09', 'cqr': '2022-05-10', 'FHcontent': '10派3元'}",raw
2022-05-11,23.400,23.970,23.310,23.350,523346.000,,raw
2022-05-12,23.070,23.530,23.030,23.360,291852.000,,raw
2022-05-13,23.450,23.560,23.060,23.260,244818.000,,raw
2022-05-16,23.530,23.680,23.010,23.120,269268.000,,raw
2022-05-17,23.160,23.800,23.040,23.760,427624.000,,raw
2022-05-18,23.860,23.910,23.530,23.810,283639.000,,raw
2022-05-19,23.500,23.760,23.260,23.690,286305.000,,raw
2022-05-20,23.660,24.150,23.650,23.780,372886.000,,raw
2022-05-23,23.640,23.640,23.230,23.340,392782.000,,raw
2022-05-24,23.340,23.400,22.320,22.360,411962.000,,raw
2022-05-25,22.310,22.620,22.300,22.530,243798.000,,raw
2022-05-26,22.590,24.550,22.390,24.200,1043039.000,,raw
2022-05-27,24.000,24.250,23.800,24.100,451401.000,,raw
2022-05-30,24.220,24.280,23.820,24.000,275258.000,,raw
2022-05-31,24.080,24.390,23.940,24.330,426527.000,,raw
2022-06-01,24.110,24.260,23.910,24.050,293890.000,,raw
2022-06-02,23.910,24.320,23.860,24.220,267668.000,,raw
2022-06-06,24.210,24.760,24.160,24.720,509019.000,,raw
2022-06-07,24.650,25.250,24.550,24.650,478112.000,,raw
2022-06-08,24.570,24.930,24.330,24.630,401468.000,,raw
2022-06-09,24.620,24.620,24.120,24.250,302975.000,,raw
2022-06-10,24.110,24.480,23.900,24.470,290443.000,,raw
2022-06-13,24.290,25.020,24.220,24.700,402445.000,,raw
2022-06-14,24.510,24.860,24.010,24.770,424959.000,,raw
2022-06-15,24.770,26.250,24.770,25.590,900481.000,,raw
2022-06-16,25.590,26.250,25.400,25.580,445999.000,,raw
2022-06-17,25.400,25.750,25.210,25.700,348336.000,,raw
2022-06-20,25.820,25.950,25.460,25.520,296607.000,,raw
2022-06-21,25.550,25.770,25.220,25.490,256809.000,,raw
2022-06-22,25.590,25.630,24.900,24.950,311237.000,,raw
2022-06-23,24.950,25.170,24.630,25.160,304295.000,,raw
2022-06-24,25.180,25.290,24.700,24.900,485995.000,,raw
2022-06-27,25.000,25.500,24.920,25.190,390226.000,,raw
2022-06-28,25.150,25.520,24.510,25.500,523317.000,,raw
2022-06-29,25.400,26.120,25.280,25.370,511773.000,,raw
2022-06-30,25.330,25.950,25.320,25.530,360196.000,,raw
2022-07-01,25.450,25.780,25.210,25.260,245821.000,,raw
2022-07-04,25.260,25.290,24.870,25.120,291178.000,,raw
2022-07-05,25.150,25.270,24.560,24.880,347232.000,,raw
2022-07-06,24.860,25.360,24.550,24.670,311128.000,,raw
2022-07-07,24.680,24.850,24.500,24.690,202320.000,,raw
2022-07-08,24.730,24.960,24.600,24.670,207969.000,,raw
2022-07-11,24.600,24.880,24.260,24.650,284541.000,,raw
2022-07-12,24.540,24.540,23.960,24.000,278679.000,,raw
2022-07-13,23.960,24.060,23.630,23.750,256711.000,,raw
2022-07-14,23.720,23.880,23.500,23.630,303972.000,,raw
2022-07-15,23.650,24.000,23.450,23.480,253807.000,,raw
2022-07-18,23.550,24.500,23.500,24.390,377333.000,,raw
2022-07-19,24.390,25.290,24.350,25.030,435272.000,,raw
2022-07-20,25.100,25.270,24.950,25.050,308030.000,,raw
2022-07-21,25.040,25.600,24.990,25.000,309402.000,,raw
2022-07-22,25.000,25.400,24.800,25.000,216443.000,,raw
2022-07-25,25.030,25.150,24.630,24.730,183997.000,,raw
2022-07-26,24.860,24.920,24.480,24.620,196713.000,,raw
2022-07-27,24.630,24.790,24.380,24.550,174934.000,,raw
2022-07-28,24.660,25.030,24.630,24.840,262305.000,,raw
2022-07-29,24.890,25.020,24.420,24.420,227814.000,,raw
2022-08-01,24.180,24.300,23.740,24.000,334015.000,,raw
2022-08-02,23.790,23.960,22.870,23.200,374513.000,,raw
2022-08-03,23.100,23.770,23.100,23.230,287048.000,,raw
2022-08-04,23.410,23.710,23.300,23.570,191212.000,,raw
2022-08-05,23.620,25.440,23.580,25.380,730593.000,,raw
2022-08-08,25.440,25.850,24.810,25.060,454102.000,,raw
2022-08-09,25.020,25.300,24.940,25.150,255090.000,,raw
2022-08-10,25.020,25.230,24.750,24.870,201617.000,,raw
2022-08-11,25.000,25.340,24.920,25.280,286117.000,,raw
2022-08-12,25.260,25.350,25.050,25.060,170790.000,,raw
2022-08-15,24.950,24.980,24.620,24.690,238998.000,,raw
2022-08-16,24.690,24.710,24.180,24.330,252691.000,,raw
2022-08-17,24.320,25.000,24.110,24.920,330519.000,,raw
2022-08-18,24.800,24.930,24.560,24.700,173437.000,,raw
2022-08-19,24.660,25.170,24.640,24.680,280821.000,,raw
2022-08-22,24.620,25.100,24.330,24.860,220751.000,,raw
2022-08-23,24.800,24.860,24.520,24.540,169460.000,,raw
2022-08-24,24.510,24.710,23.910,23.910,287465.000,,raw
2022-08-25,24.100,24.220,23.800,24.160,167445.000,,raw
2022-08-26,24.300,25.000,24.170,24.530,287889.000,,raw
2022-08-29,24.670,24.700,24.010,24.080,306059.000,,raw
2022-08-30,24.080,24.940,24.030,24.500,366342.000,,raw
2022-08-31,24.350,24.630,24.030,24.500,290294.000,,raw
2022-09-01,24.410,24.690,24.010,24.030,271639.000,,raw
2022-09-02,24.050,24.570,23.910,24.270,270318.000,,raw
2022-09-05,24.270,24.300,23.750,24.030,264356.000,,raw
2022-09-06,24.080,24.750,24.050,24.610,363085.000,,raw
2022-09-07,24.610,24.970,24.500,24.580,241789.000,,raw
2022-09-08,24.610,24.700,24.370,24.390,168026.000,,raw
2022-09-09,24.390,24.880,24.340,24.760,245495.000,,raw
2022-09-13,24.760,25.260,24.710,25.020,374251.000,,raw
2022-09-14,24.700,25.250,24.580,25.080,366090.000,,raw
2022-09-15,25.160,25.350,24.580,24.670,346507.000,,raw
2022-09-16,24.640,25.220,24.560,24.560,466663.000,,raw
2022-09-19,24.460,24.470,23.260,23.270,466707.000,,raw
2022-09-20,23.450,23.570,23.050,23.110,262412.000,,raw
2022-09-21,23.010,23.240,22.530,23.060,272941.000,,raw
2022-09-22,22.880,22.940,22.450,22.560,293685.000,,raw
2022-09-23,22.560,22.680,22.060,22.330,264801.000,,raw
2022-09-26,22.030,22.250,21.600,21.720,282085.000,,raw
2022-09-27,21.790,22.060,21.610,22.040,198797.000,,raw
2022-09-28,22.030,22.030,21.510,21.510,206176.000,,raw
2022-09-29,21.700,21.820,21.050,21.240,237245.000,,raw
2022-09-30,21.200,21.550,21.080,21.400,234103.000,,raw
2022-10-10,21.400,21.500,20.570,20.600,366241.000,,raw
2022-10-11,20.610,20.740,20.300,20.520,188854.000,,raw
2022-10-12,20.560,21.280,20.330,21.270,296629.000,,raw
2022-10-13,21.260,21.650,21.180,21.310,234306.000,,raw
2022-10-14,21.510,21.840,21.400,21.770,227864.000,,raw
2022-10-17,21.570,22.200,21.500,22.120,200449.000,,raw
2022-10-18,22.160,22.320,21.950,22.130,192235.000,,raw
2022-10-19,22.100,22.330,21.880,21.920,151963.000,,raw
2022-10-20,21.770,22.440,21.700,22.040,215153.000,,raw
2022-10-21,22.080,22.350,21.930,22.020,124616.000,,raw
2022-10-24,22.060,22.440,21.520,21.600,243124.000,,raw
2022-10-25,21.550,21.780,21.300,21.550,176512.000,,raw
2022-10-26,21.630,22.400,21.630,22.160,230556.000,,raw
2022-10-27,23.000,23.000,22.110,22.150,383460.000,,raw
2022-10-28,22.020,22.110,21.310,21.360,295058.000,,raw
2022-10-31,21.340,22.390,21.280,22.170,412305.000,,raw
2022-11-01,22.180,22.500,22.060,22.450,283171.000,,raw
2022-11-02,22.310,22.980,22.280,22.810,383538.000,,raw
2022-11-03,22.490,22.560,22.160,22.300,333535.000,,raw
2022-11-04,22.330,23.310,22.200,23.200,617341.000,,raw
2022-11-07,23.000,23.990,22.900,23.690,545751.000,,raw
2022-11-08,23.560,23.660,23.290,23.450,282460.000,,raw
2022-11-09,23.390,23.500,22.930,22.950,273463.000,,raw
2022-11-10,22.860,23.070,22.670,22.890,221399.000,,raw
2022-11-11,23.400,24.230,23.270,23.830,715470.000,,raw
2022-11-14,24.000,24.240,23.880,24.120,375112.000,,raw
2022-11-15,23.920,24.430,23.870,24.330,312199.000,,raw
2022-11-16,24.280,24.840,24.090,24.200,374725.000,,raw
2022-11-17,24.300,24.550,24.000,24.540,280578.000,,raw
2022-11-18,24.580,25.460,24.530,25.120,632710.000,,raw
2022-11-21,24.910,25.430,24.850,25.060,283728.000,,raw
2022-11-22,24.970,25.550,24.610,25.010,433121.000,,raw
2022-11-23,24.910,25.030,24.450,24.520,292701.000,,raw
2022-11-24,24.560,24.850,24.200,24.240,172222.000,,raw
2022-11-25,24.230,24.710,24.230,24.400,196731.000,,raw
2022-11-28,23.800,24.070,23.500,23.940,283742.000,,raw
2022-11-29,24.090,24.980,24.020,24.590,275881.000,,raw
2022-11-30,24.580,24.700,24.290,24.500,203418.000,,raw
2022-12-01,24.740,25.640,24.690,25.200,538204.000,,raw
2022-12-02,25.050,25.350,24.980,25.050,200025.000,,raw
2022-12-05,25.200,26.990,25.200,26.760,851522.000,,raw
2022-12-06,27.000,27.400,26.630,26.920,589869.000,,raw
2022-12-07,26.900,26.920,26.300,26.600,352675.000,,raw
2022-12-08,26.460,26.970,26.400,26.660,231663.000,,raw
2022-12-09,26.670,26.990,26.330,26.510,273353.000,,raw
2022-12-12,26.330,26.940,26.300,26.590,217780.000,,raw
2022-12-13,26.500,26.870,26.320,26.350,219198.000,,raw
2022-12-14,26.550,26.920,26.490,26.620,216517.000,,raw
2022-12-15,26.510,26.820,26.370,26.550,157363.000,,raw
2022-12-16,26.400,26.500,26.000,26.340,186075.000,,raw
2022-12-19,26.380,26.490,25.720,25.830,207152.000,,raw
2022-12-20,25.840,26.200,25.050,25.390,208650.000,,raw
2022-12-21,25.550,25.550,25.010,25.140,131857.000,,raw
2022-12-22,25.310,25.450,24.890,24.980,182369.000,,raw
2022-12-23,24.960,25.470,24.940,25.150,133120.000,,raw
2022-12-26,25.140,25.320,24.900,25.070,142230.000,,raw
2022-12-27,25.070,25.800,25.060,25.720,208776.000,,raw
2022-12-28,25.620,25.720,25.080,25.180,200173.000,,raw
2022-12-29,25.000,25.640,25.000,25.550,209923.000,,raw
2022-12-30,25.620,26.000,25.550,25.860,222644.000,,raw
2023-01-03,25.880,26.180,25.480,25.930,227326.000,,raw
2023-01-04,26.060,26.720,25.960,26.440,328139.000,,raw
2023-01-05,26.420,26.710,26.220,26.440,237419.000,,raw
2023-01-06,26.440,26.490,25.970,26.000,195635.000,,raw
2023-01-09,25.940,26.180,25.500,25.640,263791.000,,raw
2023-01-10,25.740,25.740,25.300,25.490,179968.000,,raw
2023-01-11,25.500,26.940,25.500,26.290,510517.000,,raw
2023-01-12,26.290,26.870,26.200,26.600,277985.000,,raw
2023-01-13,26.660,26.790,26.130,26.430,190227.000,,raw
2023-01-16,26.320,27.020,26.320,26.800,309975.000,,raw
2023-01-17,26.760,26.830,26.450,26.530,193711.000,,raw
2023-01-18,26.530,26.850,26.490,26.800,142784.000,,raw
2023-01-19,26.700,26.820,26.420,26.810,193547.000,,raw
2023-01-20,26.750,27.600,26.700,27.360,441418.000,,raw
2023-01-30,27.590,27.720,26.960,27.010,364304.000,,raw
2023-01-31,26.890,27.020,26.600,26.640,176964.000,,raw
2023-02-01,26.640,27.130,26.640,26.980,204241.000,,raw
2023-02-02,27.040,27.420,26.810,26.950,250759.000,,raw
2023-02-03,26.840,27.130,26.510,27.110,258123.000,,raw
2023-02-06,26.940,27.460,26.670,26.830,263408.000,,raw
2023-02-07,26.860,27.390,26.680,27.170,262590.000,,raw
2023-02-08,27.200,27.490,26.710,26.750,226452.000,,raw
2023-02-09,26.660,27.970,26.420,27.830,532834.000,,raw
2023-02-10,27.800,29.000,27.690,28.200,635800.000,,raw
2023-02-13,28.300,28.310,27.820,28.160,334056.000,,raw
2023-02-14,28.140,28.420,28.030,28.280,255785.000,,raw
2023-02-15,28.280,29.380,28.160,29.100,557332.000,,raw
2023-02-16,29.110,31.080,28.950,29.860,1242596.000,,raw
2023-02-17,29.800,29.800,27.970,27.970,848566.000,,raw
2023-02-20,27.810,29.620,27.810,29.570,861617.000,,raw
2023-02-21,29.340,31.100,29.290,30.160,1061401.000,,raw
2023-02-22,29.820,30.980,29.720,30.640,837677.000,,raw
2023-02-23,30.500,30.900,29.390,29.780,805564.000,,raw
2023-02-24,29.800,30.540,29.600,30.100,507631.000,,raw
2023-02-27,29.880,31.670,29.840,31.290,1139455.000,,raw
2023-02-28,32.500,33.600,31.670,32.240,1919904.000,,raw
2023-03-01,32.090,33.750,31.880,32.910,1972734.000,,raw
2023-03-02,32.750,33.520,32.310,32.590,1408805.000,,raw
2023-03-03,32.000,32.500,31.110,31.980,1069644.000,,raw
2023-03-06,32.500,33.710,32.160,32.760,1453692.000,,raw
2023-03-07,32.100,32.720,30.900,31.150,1104161.000,,raw
2023-03-08,30.990,31.750,30.880,31.400,741717.000,,raw
2023-03-09,31.400,33.130,30.580,32.590,1178838.000,,raw
2023-03-10,32.310,33.170,32.150,32.290,915857.000,,raw
2023-03-13,31.680,34.180,31.510,34.010,1529267.000,,raw
2023-03-14,33.690,34.200,33.220,33.730,1155278.000,,raw
2023-03-15,33.770,34.070,32.500,33.010,697503.000,,raw
2023-03-16,32.780,33.100,32.150,32.420,502724.000,,raw
2023-03-17,32.850,35.100,32.700,34.680,1671168.000,,raw
2023-03-20,34.700,35.970,33.480,33.700,1416117.000,,raw
2023-03-21,34.000,34.200,33.220,33.900,656519.000,,raw
2023-03-22,34.010,35.850,33.380,35.720,1319133.000,,raw
2023-03-23,35.490,37.010,35.260,36.600,1585353.000,,raw
2023-03-24,36.300,36.600,34.510,35.390,1416328.000,,raw
2023-03-27,35.290,35.340,33.720,34.290,1283745.000,,raw
2023-03-28,34.100,35.200,33.930,34.800,870357.000,,raw
2023-03-29,34.880,35.000,33.700,34.690,782218.000,,raw
2023-03-30,34.500,34.500,31.220,31.600,2030804.000,,raw
2023-03-31,32.120,32.830,31.550,32.560,1011588.000,,raw
2023-04-03,32.470,32.730,29.930,32.280,2587193.000,,raw
2023-04-04,31.530,33.150,31.400,32.520,1486654.000,,raw
2023-04-06,32.000,34.680,31.700,33.640,1444083.000,,raw
2023-04-07,35.430,37.000,35.410,37.000,2775660.000,,raw
2023-04-10,37.000,37.430,35.260,35.600,1886850.000,,raw
2023-04-11,35.480,35.550,34.300,35.050,1097152.000,,raw
2023-04-12,34.670,38.080,34.540,36.950,1953392.000,,raw
2023-04-13,36.460,36.480,34.360,34.570,1509964.000,,raw
2023-04-14,34.320,34.860,33.780,34.400,831417.000,,raw
2023-04-17,34.000,34.230,33.330,33.680,952312.000,,raw
2023-04-18,33.770,35.080,33.730,34.820,992448.000,,raw
2023-04-19,34.500,36.500,34.370,35.350,1247249.000,,raw
2023-04-20,35.740,37.460,35.740,37.300,1732022.000,,raw
2023-04-21,38.000,38.530,35.700,36.570,1653819.000,,raw
2023-04-24,37.600,38.880,37.250,38.030,1876185.000,,raw
2023-04-25,37.490,38.050,36.450,36.890,1392285.000,,raw
2023-04-26,36.600,36.880,34.740,35.260,1239105.000,,raw
2023-04-27,34.850,35.230,33.620,34.670,874144.000,,raw
2023-04-28,34.370,36.450,34.360,35.620,995790.000,,raw
2023-05-04,35.500,35.500,33.300,33.630,1262681.000,,raw
2023-05-05,33.640,33.810,32.800,33.450,678094.000,,raw
2023-05-08,33.500,34.600,33.120,34.500,827497.000,,raw
2023-05-09,34.250,34.860,33.030,33.160,806165.000,,raw
2023-05-10,33.100,33.570,31.680,32.120,889489.000,,raw
2023-05-11,32.160,32.400,31.500,31.680,479344.000,,raw
2023-05-12,31.500,31.930,30.800,31.050,627425.000,,raw
2023-05-15,30.740,31.440,29.930,31.360,888803.000,,raw
2023-05-16,31.260,31.740,30.950,31.110,636477.000,"{'nd': '2022', 'fh_sh': '4', 'djr': '2023-05-15', 'cqr': '2023-05-16', 'FHcontent': '10派4元'}",raw
2023-05-17,30.830,31.620,30.510,31.270,519871.000,,raw
2023-05-18,31.350,32.850,31.320,32.460,829457.000,,raw
2023-05-19,32.100,33.130,32.060,32.640,596294.000,,raw
2023-05-22,32.580,32.870,31.760,32.160,417800.000,,raw
2023-05-23,32.130,32.130,31.150,31.210,570713.000,,raw
2023-05-24,31.190,31.980,30.660,31.350,470254.000,,raw
2023-05-25,32.800,34.000,31.500,32.150,1050161.000,,raw
2023-05-26,32.270,33.810,32.270,33.650,1080129.000,,raw
2023-05-29,34.200,35.230,34.060,34.420,1007646.000,,raw
2023-05-30,34.200,35.180,33.860,34.980,845008.000,,raw
2023-05-31,34.790,35.460,34.600,35.180,599807.000,,raw
2023-06-01,35.000,36.500,34.900,35.910,828542.000,,raw
2023-06-02,36.400,36.600,35.600,36.030,684462.000,,raw
2023-06-05,36.030,36.420,35.800,36.050,458296.000,,raw
2023-06-06,36.010,36.230,35.170,35.310,579118.000,,raw
2023-06-07,35.660,35.960,35.030,35.660,440556.000,,raw
2023-06-08,35.260,35.540,34.770,35.390,480240.000,,raw
2023-06-09,35.590,36.560,35.150,36.400,739083.000,,raw
2023-06-12,36.410,37.290,35.800,35.970,787159.000,,raw
2023-06-13,35.800,36.940,35.270,36.780,739847.000,,raw
2023-06-14,36.600,37.100,36.010,36.830,647530.000,,raw
2023-06-15,37.040,38.800,36.990,37.700,1294125.000,,raw
2023-06-16,37.230,39.280,37.230,39.000,1106277.000,,raw
2023-06-19,39.000,40.000,37.730,39.680,1298249.000,,raw
2023-06-20,40.000,43.650,39.900,43.650,2381147.000,,raw
2023-06-21,43.510,43.600,42.060,42.820,1553468.000,,raw
2023-06-26,42.000,43.180,41.170,41.850,1256469.000,,raw
2023-06-27,41.110,45.440,41.100,44.390,1643612.000,,raw
2023-06-28,43.710,43.960,41.500,42.600,1522964.000,,raw
2023-06-29,42.550,45.980,42.380,45.180,1492587.000,,raw
2023-06-30,45.180,46.350,44.530,45.540,1096454.000,,raw
2023-07-03,46.100,46.750,44.300,45.250,1156065.000,,raw
2023-07-04,44.500,45.240,44.350,44.600,726846.000,,raw
2023-07-05,44.570,45.350,43.600,43.640,804616.000,,raw
2023-07-06,43.100,44.500,42.950,43.280,912173.000,,raw
2023-07-07,43.280,43.500,41.980,42.990,681196.000,,raw
2023-07-10,43.500,43.600,41.940,42.400,519227.000,,raw
2023-07-11,42.420,44.300,42.000,43.310,750164.000,,raw
2023-07-12,43.220,43.470,41.040,41.500,849629.000,,raw
2023-07-13,42.040,42.880,41.000,42.480,730021.000,,raw
2023-07-14,43.580,45.000,42.900,44.010,1069466.000,,raw
2023-07-17,43.900,45.290,43.400,44.170,666339.000,,raw
2023-07-18,44.290,44.750,42.800,42.850,598949.000,,raw
2023-07-19,42.760,43.030,42.100,42.190,483201.000,,raw
2023-07-20,42.500,42.560,40.050,40.190,1034429.000,,raw
2023-07-21,40.980,40.980,39.610,40.180,521330.000,,raw
2023-07-24,40.190,42.140,39.820,41.180,749486.000,,raw
2023-07-25,41.800,42.100,40.580,40.860,815994.000,,raw
2023-07-26,40.700,40.740,39.090,39.350,822073.000,,raw
2023-07-27,39.370,39.770,38.790,39.020,477076.000,,raw
2023-07-28,39.020,39.750,38.910,39.360,484523.000,,raw
2023-07-31,39.160,39.650,38.900,39.150,606214.000,,raw
2023-08-01,39.020,40.480,38.390,39.830,835988.000,,raw
2023-08-02,39.620,40.650,39.510,39.900,530829.000,,raw
2023-08-03,39.700,40.640,39.330,39.820,423105.000,,raw
2023-08-04,39.740,41.060,39.610,40.820,694348.000,,raw
2023-08-07,41.810,41.850,36.740,36.750,2368945.000,,raw
2023-08-08,37.740,38.300,37.310,37.410,1238747.000,,raw
2023-08-09,37.210,37.940,36.700,36.890,725096.000,,raw
2023-08-10,36.780,37.070,36.180,36.470,558851.000,,raw
2023-08-11,36.680,36.800,35.600,35.750,487268.000,,raw
2023-08-14,35.490,36.810,35.310,36.620,589513.000,,raw
2023-08-15,36.620,37.530,36.400,36.710,472533.000,,raw
2023-08-16,36.300,36.400,35.350,35.550,559252.000,,raw
2023-08-17,35.550,36.350,35.040,35.910,378166.000,,raw
2023-08-18,35.780,35.780,34.460,34.610,772551.000,,raw
2023-08-21,34.800,35.500,34.500,34.600,497092.000,,raw
2023-08-22,35.100,36.500,34.700,36.330,844792.000,,raw
2023-08-23,35.830,35.830,34.700,34.730,577891.000,,raw
2023-08-24,35.360,35.710,34.360,34.950,641828.000,,raw
2023-08-25,34.220,34.240,32.900,33.710,608734.000,,raw
2023-08-28,35.400,35.540,34.120,34.270,584306.000,,raw
2023-08-29,34.000,35.110,33.630,34.910,745582.000,,raw
2023-08-30,34.940,36.200,34.920,35.200,722747.000,,raw
2023-08-31,34.980,35.840,34.850,35.450,510618.000,,raw
2023-09-01,35.510,35.600,34.400,34.860,552293.000,,raw
2023-09-04,35.300,35.450,34.640,35.220,532118.000,,raw
2023-09-05,35.170,35.170,34.020,34.200,611561.000,,raw
2023-09-06,33.980,34.060,33.270,33.880,606891.000,,raw
2023-09-07,33.900,33.980,33.100,33.170,383421.000,,raw
2023-09-08,33.020,33.400,32.550,32.850,402693.000,,raw
2023-09-11,32.940,34.950,32.880,34.180,862357.000,,raw
2023-09-12,34.000,34.300,33.620,33.900,369799.000,,raw
2023-09-13,33.730,33.730,32.730,33.000,432399.000,,raw
2023-09-14,33.420,34.230,33.210,33.340,639482.000,,raw
2023-09-15,33.280,33.420,32.560,32.600,499254.000,,raw
2023-09-18,32.540,33.250,32.300,32.630,377943.000,,raw
2023-09-19,32.600,32.740,32.080,32.320,339075.000,,raw
2023-09-20,32.350,32.860,32.300,32.430,298545.000,,raw
2023-09-21,32.530,34.090,32.450,33.210,879338.000,,raw
2023-09-22,33.140,34.800,32.880,34.760,1136451.000,,raw
2023-09-25,34.540,34.650,33.680,33.770,657004.000,,raw
2023-09-26,33.720,34.420,33.650,33.880,559525.000,,raw
2023-09-27,33.650,33.850,32.730,32.980,841364.000,,raw
2023-09-28,32.820,33.060,32.420,32.680,566094.000,,raw
2023-10-09,32.440,33.880,32.080,33.550,807014.000,,raw
2023-10-10,33.550,33.750,32.870,32.930,420966.000,,raw
2023-10-11,33.010,34.380,33.010,33.920,800077.000,,raw
2023-10-12,34.180,34.290,33.560,33.730,493028.000,,raw
2023-10-13,33.500,33.500,31.810,32.260,971231.000,,raw
2023-10-16,32.260,32.260,31.320,31.740,581556.000,,raw
2023-10-17,31.800,31.980,31.340,31.470,413611.000,,raw
2023-10-18,30.980,31.000,30.000,30.350,753371.000,,raw
2023-10-19,30.400,30.970,30.100,30.210,533023.000,,raw
2023-10-20,30.140,30.180,29.000,29.090,752096.000,,raw
2023-10-23,28.950,29.000,27.730,27.980,857997.000,,raw
2023-10-24,27.990,28.090,25.570,26.190,1877177.000,,raw
2023-10-25,26.750,26.750,25.690,25.900,1219896.000,,raw
2023-10-26,25.550,25.740,24.900,25.660,1183049.000,,raw
2023-10-27,25.400,26.300,25.150,26.060,1352143.000,,raw
2023-10-30,25.820,27.120,25.560,26.620,1355142.000,,raw
2023-10-31,26.630,26.630,26.000,26.150,803655.000,,raw
2023-11-01,26.230,26.470,25.830,26.030,564257.000,,raw
2023-11-02,26.150,26.280,25.650,25.710,603785.000,,raw
2023-11-03,25.720,26.380,25.720,26.300,868433.000,,raw
2023-11-06,26.550,27.200,26.280,27.060,1186666.000,,raw
2023-11-07,26.900,27.450,26.530,27.210,1104851.000,,raw
2023-11-08,27.200,27.570,26.760,27.270,1032309.000,,raw
2023-11-09,27.120,27.790,27.050,27.690,1205056.000,,raw
2023-11-10,27.400,27.570,27.060,27.210,848213.000,,raw
2023-11-13,27.350,28.160,27.350,27.920,1273197.000,,raw
2023-11-14,27.890,28.040,27.550,27.780,869652.000,,raw
2023-11-15,28.120,28.170,27.700,27.770,818260.000,,raw
2023-11-16,27.640,27.910,27.430,27.430,694843.000,,raw
2023-11-17,27.250,27.850,27.170,27.560,728543.000,,raw
2023-11-20,27.480,27.870,27.060,27.520,920525.000,,raw
2023-11-21,27.770,27.950,27.180,27.240,813366.000,,raw
2023-11-22,27.210,27.240,26.570,26.570,828416.000,,raw
2023-11-23,26.670,26.830,26.380,26.830,612117.000,,raw
2023-11-24,26.820,26.850,26.160,26.250,608012.000,,raw
2023-11-27,26.060,26.360,25.850,26.110,501471.000,,raw
2023-11-28,26.090,26.190,25.790,25.980,455252.000,,raw
2023-11-29,25.980,26.150,25.710,25.780,462955.000,,raw
2023-11-30,25.640,25.840,25.430,25.630,435479.000,,raw
2023-12-01,25.590,26.280,25.520,26.140,771401.000,,raw
2023-12-04,26.150,26.300,25.610,25.780,690326.000,,raw
2023-12-05,25.650,25.650,25.030,25.080,703615.000,,raw
2023-12-06,25.000,25.420,24.920,25.210,479788.000,,raw
2023-12-07,25.140,25.370,24.920,25.170,520484.000,,raw
2023-12-08,25.100,26.480,25.040,26.100,1292807.000,,raw
2023-12-11,25.900,26.620,25.510,26.570,960616.000,,raw
2023-12-12,26.450,26.780,26.200,26.450,656303.000,,raw
2023-12-13,26.450,26.520,25.880,25.880,563549.000,,raw
2023-12-14,26.040,27.270,26.040,26.350,1281248.000,,raw
2023-12-15,26.460,27.240,26.120,26.680,1428091.000,,raw
2023-12-18,26.450,26.540,25.750,25.970,784957.000,,raw
2023-12-19,25.830,26.240,25.660,25.940,597919.000,,raw
2023-12-20,25.940,26.010,25.150,25.160,721277.000,,raw
2023-12-21,24.930,25.740,24.700,25.570,738459.000,,raw
2023-12-22,25.570,25.950,25.010,25.170,690325.000,,raw
2023-12-25,25.100,25.660,25.100,25.320,446304.000,,raw
2023-12-26,25.270,25.320,24.380,24.640,709432.000,,raw
2023-12-27,24.630,24.850,24.480,24.640,523596.000,,raw
2023-12-28,24.540,26.410,24.460,26.300,1679723.000,,raw
2023-12-29,26.250,26.530,26.100,26.480,802470.000,,raw
2024-01-02,26.500,26.510,25.580,25.600,1124613.000,,raw
2024-01-03,25.500,25.770,25.060,25.330,739696.000,,raw
2024-01-04,25.420,25.420,24.760,24.940,774604.000,,raw
2024-01-05,25.020,25.330,24.380,24.550,961239.000,,raw
2024-01-08,24.480,24.500,23.390,23.400,1160359.000,,raw
2024-01-09,23.540,24.150,23.420,23.770,873155.000,,raw
2024-01-10,23.610,24.240,23.250,23.800,782668.000,,raw
2024-01-11,23.760,24.290,23.660,24.130,907951.000,,raw
2024-01-12,23.970,24.010,23.540,23.560,718094.000,,raw
2024-01-15,23.310,23.930,23.250,23.630,498830.000,,raw
2024-01-16,23.480,24.100,23.310,24.070,728181.000,,raw
2024-01-17,23.920,24.100,23.370,23.370,627686.000,,raw
2024-01-18,23.200,24.050,23.100,24.050,1097115.000,,raw
2024-01-19,23.990,24.300,23.720,23.800,766256.000,,raw
2024-01-22,23.850,23.930,22.670,22.870,875641.000,,raw
2024-01-23,22.800,24.030,22.710,23.890,1158605.000,,raw
2024-01-24,24.040,24.090,23.110,24.020,1030620.000,,raw
2024-01-25,23.850,24.890,23.710,24.720,1436593.000,,raw
2024-01-26,24.520,24.660,24.110,24.220,953656.000,,raw
2024-01-29,24.400,24.460,23.560,23.630,789844.000,,raw
2024-01-30,23.420,23.750,22.800,22.850,775232.000,,raw
2024-01-31,22.750,22.860,21.940,21.960,895286.000,,raw
2024-02-01,21.680,22.780,21.550,22.270,778354.000,,raw
2024-02-02,22.320,22.620,21.030,21.700,843858.000,,raw
2024-02-05,21.430,22.330,20.890,21.860,1006248.000,,raw
2024-02-06,21.580,23.090,21.560,23.080,1122665.000,,raw
2024-02-07,23.070,23.340,22.810,23.150,983806.000,,raw
2024-02-08,23.380,24.150,23.300,24.000,1083458.000,,raw
2024-02-19,24.600,24.770,24.060,24.700,1205906.000,,raw
2024-02-20,24.490,24.560,24.100,24.290,800374.000,,raw
2024-02-21,24.040,24.970,24.010,24.440,1113943.000,,raw
2024-02-22,24.990,25.900,24.840,25.320,1394077.000,,raw
2024-02-23,25.600,25.740,25.250,25.520,1032786.000,,raw
2024-02-26,25.660,26.130,25.420,25.600,1159985.000,,raw
2024-02-27,25.500,28.160,25.380,28.160,2894597.000,,raw
2024-02-28,28.880,29.360,27.380,27.380,3582095.000,,raw
2024-02-29,27.180,29.980,27.160,29.860,3453449.000,,raw
2024-03-01,29.850,30.930,29.480,30.540,3209033.000,,raw
2024-03-04,30.990,31.200,29.640,30.270,2508688.000,,raw
2024-03-05,29.720,29.990,28.920,29.100,2732851.000,,raw
2024-03-06,28.980,30.490,28.920,29.570,2226859.000,,raw
2024-03-07,29.490,29.820,28.520,28.640,1837098.000,,raw
2024-03-08,28.900,30.250,28.650,30.180,2376912.000,,raw
2024-03-11,29.520,30.070,29.480,30.000,1877608.000,,raw
2024-03-12,29.800,29.930,29.110,29.220,1638834.000,,raw
2024-03-13,29.590,29.750,29.100,29.160,1402234.000,,raw
2024-03-14,28.750,29.240,28.300,28.800,1391116.000,,raw
2024-03-15,28.650,29.100,28.220,29.000,1231825.000,,raw
2024-03-18,29.000,29.730,28.850,29.540,1527768.000,,raw
2024-03-19,29.270,29.560,29.060,29.060,1058831.000,,raw
2024-03-20,28.940,29.350,28.750,29.180,1029361.000,,raw
2024-03-21,29.170,29.370,28.670,28.690,1016634.000,,raw
2024-03-22,28.520,28.720,27.610,27.880,1637636.000,,raw
2024-03-25,27.880,28.380,27.430,27.520,931378.000,,raw
2024-03-26,27.450,27.720,26.780,27.050,1065381.000,,raw
2024-03-27,27.180,27.230,26.150,26.150,1006924.000,,raw
2024-03-28,26.160,27.880,26.160,27.450,1485531.000,,raw
2024-03-29,27.400,28.050,26.940,27.990,1268143.000,,raw
2024-04-01,28.130,28.270,27.880,28.160,1021777.000,,raw
2024-04-02,28.040,28.110,27.550,27.740,760249.000,,raw
2024-04-03,27.560,27.660,27.170,27.220,681086.000,,raw
2024-04-08,26.980,27.330,26.820,26.840,580912.000,,raw
2024-04-09,26.840,27.060,26.590,27.020,538008.000,,raw
2024-04-10,26.950,26.950,26.290,26.490,584848.000,,raw
2024-04-11,26.340,27.190,26.310,26.760,717887.000,,raw
2024-04-12,26.840,27.290,26.840,26.960,853801.000,,raw
2024-04-15,26.980,28.400,26.970,28.190,1524682.000,,raw
2024-04-16,28.000,28.190,27.500,27.590,1022714.000,,raw
2024-04-17,27.800,28.990,27.640,28.990,1503113.000,,raw
2024-04-18,28.710,29.150,28.550,28.660,1078318.000,,raw
2024-04-19,28.570,28.900,27.750,28.030,1050880.000,,raw
2024-04-22,27.390,27.780,27.050,27.480,744519.000,,raw
2024-04-23,27.690,27.890,27.200,27.500,603311.000,,raw
2024-04-24,27.630,28.280,27.390,28.240,938751.000,,raw
2024-04-25,27.970,28.170,27.680,27.800,677983.000,,raw
2024-04-26,28.350,28.960,28.250,28.740,1489819.000,,raw
2024-04-29,28.810,29.280,28.550,28.880,1354670.000,,raw
2024-04-30,28.970,29.100,28.550,28.670,853953.000,,raw
2024-05-06,29.000,29.280,28.670,28.740,1177108.000,,raw
2024-05-07,28.730,28.970,28.270,28.410,907807.000,,raw
2024-05-08,28.200,28.240,27.580,27.630,897075.000,,raw
2024-05-09,27.540,28.260,27.520,28.070,658361.000,,raw
2024-05-10,28.100,28.300,27.600,27.990,707043.000,,raw
2024-05-13,27.780,28.960,27.610,28.590,1134327.000,,raw
2024-05-14,28.600,28.780,28.200,28.690,800809.000,,raw
2024-05-15,28.580,28.660,28.150,28.180,581021.000,,raw
2024-05-16,28.420,28.880,28.380,28.530,1040199.000,,raw
2024-05-17,28.530,28.530,27.920,28.350,818938.000,,raw
2024-05-20,27.800,28.140,27.400,27.830,1113376.000,,raw
2024-05-21,27.750,27.890,27.250,27.410,863123.000,,raw
2024-05-22,27.310,27.680,27.200,27.480,543098.000,,raw
2024-05-23,27.500,27.550,26.930,27.000,657361.000,,raw
2024-05-24,26.910,27.270,26.780,26.800,462945.000,,raw
2024-05-27,26.900,27.270,26.640,27.260,527678.000,,raw
2024-05-28,27.190,27.480,26.950,26.980,447859.000,,raw
2024-05-29,26.980,27.190,26.730,26.810,375025.000,,raw
2024-05-30,26.760,27.050,26.510,26.850,415739.000,,raw
2024-05-31,26.880,27.330,26.830,26.960,497638.000,,raw
2024-06-03,26.870,27.480,26.810,27.230,602887.000,,raw
2024-06-04,27.100,27.330,26.950,27.260,421921.000,,raw
2024-06-05,27.260,27.500,27.140,27.160,495763.000,,raw
2024-06-06,27.300,27.580,27.030,27.240,690356.000,,raw
2024-06-07,27.250,27.310,26.600,26.790,680272.000,,raw
2024-06-11,26.660,26.990,26.520,26.930,382798.000,,raw
2024-06-12,26.860,27.650,26.830,27.520,875872.000,,raw
2024-06-13,27.550,28.000,27.440,27.700,738020.000,,raw
2024-06-14,27.560,28.060,27.510,27.820,794286.000,,raw
2024-06-17,27.730,27.950,27.690,27.750,589596.000,,raw
2024-06-18,27.720,28.470,27.700,28.320,955485.000,,raw
2024-06-19,28.320,28.450,28.110,28.230,656557.000,,raw
2024-06-20,28.160,28.310,27.450,27.470,794338.000,,raw
2024-06-21,27.330,28.070,27.270,27.960,676518.000,,raw
2024-06-24,27.800,28.070,26.980,27.000,765081.000,,raw
2024-06-25,27.000,27.120,26.290,26.460,709501.000,,raw
2024-06-26,26.500,27.540,26.400,27.420,732062.000,,raw
2024-06-27,27.300,27.360,26.800,26.880,513939.000,,raw
2024-06-28,26.880,28.250,26.870,27.970,1297605.000,,raw
2024-07-01,27.970,28.250,27.840,28.140,694333.000,,raw
2024-07-02,28.100,28.210,27.600,27.730,601244.000,,raw
2024-07-03,27.730,27.950,27.410,27.720,499216.000,,raw
2024-07-04,27.850,28.080,27.470,27.490,626475.000,,raw
2024-07-05,27.410,27.650,27.060,27.490,595667.000,,raw
2024-07-08,27.400,27.610,27.100,27.200,508715.000,,raw
2024-07-09,27.160,28.890,27.110,28.870,1940748.000,,raw
2024-07-10,28.800,29.150,28.660,28.850,1169915.000,,raw
2024-07-11,29.180,29.610,28.820,29.120,1306868.000,,raw
2024-07-12,28.800,28.910,28.420,28.620,808726.000,,raw
2024-07-15,28.000,28.070,27.630,27.780,594469.000,"{'nd': '2023', 'fh_sh': '6.83', 'djr': '2024-07-12', 'cqr': '2024-07-15', 'FHcontent': '10派6.83元'}",raw
2024-07-16,27.730,28.550,27.700,28.430,942418.000,,raw
2024-07-17,28.260,28.540,27.900,27.990,764518.000,,raw
2024-07-18,27.690,27.810,27.080,27.790,941210.000,,raw
2024-07-19,27.600,28.320,27.560,28.110,807846.000,,raw
2024-07-22,28.120,28.210,27.710,27.870,600216.000,,raw
2024-07-23,27.970,27.990,27.080,27.100,649892.000,,raw
2024-07-24,27.070,27.320,26.790,26.930,602606.000,,raw
2024-07-25,26.740,26.960,26.500,26.740,549392.000,,raw
2024-07-26,26.800,27.050,26.710,26.930,470048.000,,raw
2024-07-29,26.990,27.020,26.660,26.660,396585.000,,raw
2024-07-30,26.540,26.780,26.110,26.760,497493.000,,raw
2024-07-31,26.600,27.520,26.600,27.420,814297.000,,raw
2024-08-01,27.420,27.520,27.150,27.160,561443.000,,raw
2024-08-02,26.870,27.070,26.570,26.610,558219.000,,raw
2024-08-05,26.500,26.640,25.830,25.830,729204.000,,raw
2024-08-06,26.150,26.270,25.850,26.050,430292.000,,raw
2024-08-07,26.060,26.320,25.930,26.040,366285.000,,raw
2024-08-08,25.820,26.100,25.500,25.920,401271.000,,raw
2024-08-09,26.100,26.240,25.810,25.810,307755.000,,raw
2024-08-12,25.710,25.770,25.450,25.550,292877.000,,raw
2024-08-13,25.610,25.840,25.460,25.840,255995.000,,raw
2024-08-14,25.890,25.950,25.720,25.720,244014.000,,raw
2024-08-15,25.650,26.080,25.560,25.980,343037.000,,raw
2024-08-16,25.980,26.220,25.860,26.040,379490.000,,raw
2024-08-19,26.040,26.380,25.840,26.160,422749.000,,raw
2024-08-20,26.150,26.160,25.540,25.620,425062.000,,raw
2024-08-21,25.530,25.720,25.260,25.260,329991.000,,raw
2024-08-22,25.230,25.250,23.760,24.080,1020619.000,,raw
2024-08-23,24.000,24.440,23.950,24.380,426385.000,,raw
2024-08-26,24.380,24.620,24.310,24.430,301616.000,,raw
2024-08-27,24.300,24.310,23.850,23.900,316666.000,,raw
2024-08-28,23.850,24.200,23.820,23.990,250201.000,,raw
2024-08-29,23.800,24.490,23.730,24.320,379613.000,,raw
2024-08-30,24.290,25.130,24.250,24.830,596404.000,,raw
2024-09-02,24.870,24.970,24.190,24.200,402144.000,,raw
2024-09-03,24.100,24.530,24.100,24.360,234626.000,,raw
2024-09-04,24.120,24.420,24.020,24.230,241646.000,,raw
2024-09-05,24.200,24.570,24.200,24.450,253536.000,,raw
2024-09-06,24.470,24.490,24.040,24.090,248579.000,,raw
2024-09-09,23.950,24.040,23.330,23.530,474252.000,,raw
2024-09-10,23.550,23.940,23.300,23.860,399666.000,,raw
2024-09-11,23.700,23.900,23.650,23.790,223239.000,,raw
2024-09-12,23.860,24.120,23.700,23.720,240120.000,,raw
2024-09-13,23.670,23.910,23.530,23.540,222060.000,,raw
2024-09-18,23.590,23.710,23.350,23.650,233080.000,,raw
2024-09-19,23.780,24.180,23.510,23.930,408034.000,,raw
2024-09-20,23.950,24.330,23.950,24.160,456201.000,,raw
2024-09-23,24.490,25.250,24.390,24.900,937921.000,,raw
2024-09-24,24.980,25.430,24.630,25.420,922583.000,,raw
2024-09-25,25.690,26.100,25.390,25.480,984133.000,,raw
2024-09-26,25.440,26.300,25.360,26.300,910927.000,,raw
2024-09-27,26.660,28.790,26.640,28.660,1913912.000,,raw
2024-09-30,29.580,31.380,29.020,31.150,2869478.000,,raw
2024-10-08,34.270,34.270,32.600,34.270,3165877.000,,raw
2024-10-09,33.870,34.240,31.740,32.050,2690199.000,,raw
2024-10-10,32.800,33.050,31.190,31.650,1710849.000,,raw
2024-10-11,31.310,31.580,29.420,29.840,1668100.000,,raw
2024-10-14,29.980,30.560,29.460,30.410,1176964.000,,raw
2024-10-15,30.340,31.100,29.960,29.980,1155446.000,,raw
2024-10-16,29.440,29.970,29.290,29.440,861217.000,,raw
2024-10-17,29.700,30.170,29.440,29.450,862595.000,,raw
2024-10-18,29.450,31.630,29.330,30.880,1711644.000,,raw
2024-10-21,31.140,32.290,30.910,31.710,1642325.000,,raw
2024-10-22,30.500,30.610,29.780,30.080,2250618.000,,raw
2024-10-23,30.010,31.770,29.810,30.680,2025788.000,,raw
2024-10-24,31.100,32.480,31.000,31.550,2663498.000,,raw
2024-10-25,31.390,31.610,31.010,31.400,1445307.000,,raw
2024-10-28,31.250,31.270,30.810,31.040,1054507.000,,raw
2024-10-29,31.180,31.860,30.770,30.780,1484372.000,,raw
2024-10-30,30.500,30.890,29.860,30.250,1339219.000,,raw
2024-10-31,30.040,30.670,29.810,30.280,1146458.000,,raw
2024-11-01,30.070,30.400,29.600,29.600,1013292.000,,raw
2024-11-04,29.730,30.430,29.720,30.300,778097.000,,raw
2024-11-05,30.270,31.160,30.110,31.080,1368791.000,,raw
2024-11-06,31.070,32.400,30.760,31.310,2065713.000,,raw
2024-11-07,30.890,31.880,30.800,31.850,1461598.000,,raw
2024-11-08,32.350,33.910,32.210,32.780,2488118.000,,raw
2024-11-11,32.860,36.060,32.520,36.060,2559714.000,,raw
2024-11-12,36.060,36.410,34.350,34.800,3435301.000,,raw
2024-11-13,34.450,36.250,34.420,35.440,2718257.000,,raw
2024-11-14,35.150,35.380,33.130,33.210,2319455.000,,raw
2024-11-15,33.180,34.160,32.890,32.940,1816138.000,,raw
2024-11-18,33.340,33.510,32.070,32.290,1400844.000,,raw
2024-11-19,32.460,32.620,31.350,32.500,1339492.000,,raw
2024-11-20,32.210,32.660,32.120,32.400,1072339.000,,raw
2024-11-21,32.260,32.680,32.000,32.290,868293.000,,raw
2024-11-22,32.210,32.750,30.930,30.950,1323392.000,,raw
2024-11-25,30.810,31.070,30.040,30.630,984065.000,,raw
2024-11-26,31.000,31.140,30.360,30.410,647084.000,,raw
2024-11-27,30.200,31.030,30.200,31.020,737323.000,,raw
2024-11-28,31.030,31.300,30.700,30.740,661399.000,,raw
2024-11-29,30.660,31.530,30.580,31.160,799662.000,,raw
2024-12-02,31.160,31.600,31.030,31.600,846871.000,,raw
2024-12-03,31.550,31.570,30.800,31.140,744615.000,,raw
2024-12-04,31.100,31.350,30.590,30.790,670180.000,,raw
2024-12-05,30.600,30.950,30.550,30.770,451353.000,,raw
2024-12-06,30.860,31.420,30.780,31.300,746902.000,,raw
2024-12-09,31.200,31.550,30.810,31.060,578617.000,,raw
2024-12-10,32.140,32.140,31.060,31.130,974733.000,,raw
2024-12-11,31.130,31.280,30.880,31.150,552632.000,,raw
2024-12-12,31.160,31.300,30.890,31.280,607592.000,,raw
2024-12-13,30.980,31.060,30.500,30.550,731001.000,,raw
2024-12-16,30.580,31.380,30.560,31.350,1101096.000,,raw
2024-12-17,33.000,34.490,32.970,33.160,4936477.000,,raw
2024-12-18,32.490,35.620,32.110,34.560,4320620.000,,raw
2024-12-19,34.870,38.020,34.870,37.800,6040314.000,,raw
2024-12-20,36.800,37.960,36.380,37.380,3995630.000,,raw
2024-12-23,38.150,38.470,35.910,36.150,2929980.000,,raw
2024-12-24,36.660,37.390,35.800,36.810,2433445.000,,raw
2024-12-25,36.500,39.120,36.420,38.090,3415517.000,,raw
2024-12-26,37.950,41.620,37.660,40.990,3464332.000,,raw
2024-12-27,40.800,40.990,39.810,40.080,2460934.000,,raw
2024-12-30,40.880,42.100,40.060,40.800,2774037.000,,raw
2024-12-31,40.810,42.050,39.950,40.400,2848384.000,,raw
2025-01-02,40.390,40.930,37.560,37.930,3299998.000,,raw
2025-01-03,38.250,38.320,35.550,35.650,2734935.000,,raw
2025-01-06,35.760,36.400,34.440,34.800,2155967.000,,raw
2025-01-07,35.100,35.650,34.510,35.430,2443071.000,,raw
2025-01-08,34.870,35.400,33.500,34.880,2362416.000,,raw
2025-01-09,34.490,38.370,34.400,38.370,3915049.000,,raw
2025-01-10,38.300,39.830,37.690,37.710,3370072.000,,raw
2025-01-13,37.410,39.770,37.370,39.000,2758927.000,,raw
2025-01-14,39.020,42.580,38.070,41.500,3340166.000,,raw
2025-01-15,41.000,42.140,40.350,40.920,2430896.000,,raw
2025-01-16,41.000,41.670,38.940,39.960,2906352.000,,raw
2025-01-17,39.550,42.600,38.960,41.270,3254677.000,,raw
2025-01-20,41.810,42.170,40.150,40.490,2427273.000,,raw
2025-01-21,41.280,43.600,41.020,42.880,3518079.000,,raw
2025-01-22,42.320,43.530,41.880,43.050,2473063.000,,raw
2025-01-23,43.720,43.750,40.410,41.100,3065700.000,,raw
2025-01-24,41.020,43.170,40.950,42.920,2680087.000,,raw
2025-01-27,42.700,42.700,39.980,39.980,2358798.000,,raw
2025-02-05,41.510,42.980,41.400,42.560,2676284.000,,raw
2025-02-06,42.250,44.660,42.200,43.400,2626993.000,,raw
2025-02-07,43.000,44.300,41.990,42.910,3287620.000,,raw
2025-02-10,42.800,42.800,41.100,42.250,2247084.000,,raw
2025-02-11,42.010,42.310,41.410,41.630,1590993.000,,raw
2025-02-12,41.510,41.940,40.590,41.940,2395058.000,,raw
2025-02-13,41.500,41.500,39.580,39.770,2786776.000,,raw
2025-02-14,39.420,40.180,39.150,39.740,1889271.000,,raw
2025-02-17,40.200,41.400,39.950,40.900,2238283.000,,raw
2025-02-18,40.320,40.550,39.150,39.290,1648229.000,,raw
2025-02-19,39.120,40.790,38.960,40.390,1780757.000,,raw
2025-02-20,40.190,40.340,39.420,39.820,1217664.000,,raw
2025-02-21,40.380,43.800,39.830,43.410,3875239.000,,raw
2025-02-24,42.920,44.080,42.400,43.800,2901901.000,,raw
2025-02-25,42.400,43.700,41.870,42.500,2018823.000,,raw
2025-02-26,42.600,42.900,41.580,42.280,1601150.000,,raw
2025-02-27,42.100,42.550,40.010,40.480,2013366.000,,raw
2025-02-28,39.990,40.250,38.600,38.660,1669925.000,,raw
2025-03-03,37.360,37.500,35.410,36.140,2571578.000,,raw
2025-03-04,35.890,37.500,35.550,37.010,1586183.000,,raw
2025-03-05,37.000,37.360,36.520,37.010,1074194.000,,raw
2025-03-06,37.650,38.580,37.650,38.000,1768662.000,,raw
2025-03-07,37.890,38.210,37.060,37.290,1227383.000,,raw
2025-03-10,37.190,37.590,36.850,37.210,792303.000,,raw
2025-03-11,36.550,37.230,36.460,37.060,690092.000,,raw
2025-03-12,37.080,40.330,36.880,38.780,2527824.000,,raw
2025-03-13,38.000,38.350,36.960,37.170,1669849.000,,raw
2025-03-14,36.900,37.750,36.800,37.660,1231941.000,,raw
2025-03-17,37.590,37.600,37.100,37.290,824722.000,,raw
2025-03-18,37.360,37.770,37.260,37.390,734792.000,,raw
2025-03-19,37.130,37.160,36.640,36.760,858678.000,,raw
2025-03-20,36.770,36.800,36.080,36.200,862792.000,,raw
2025-03-21,36.010,36.190,35.000,35.110,1275809.000,,raw
2025-03-24,35.000,35.200,34.110,34.890,1167983.000,,raw
2025-03-25,34.840,34.840,34.120,34.210,730542.000,,raw
2025-03-26,34.200,34.650,34.200,34.320,582439.000,,raw
2025-03-27,34.260,34.980,33.970,34.570,832038.000,,raw
2025-03-28,34.600,34.920,34.300,34.680,648063.000,,raw
2025-03-31,34.510,34.580,33.810,34.220,787469.000,,raw
2025-04-01,34.310,34.780,34.040,34.440,641639.000,,raw
2025-04-02,34.440,35.180,34.440,35.040,893853.000,,raw
2025-04-03,34.600,34.950,34.330,34.760,694271.000,,raw
2025-04-07,32.400,32.620,31.280,31.280,1249666.000,,raw
2025-04-08,31.000,31.650,29.630,30.360,1568804.000,,raw
2025-04-09,29.510,31.200,28.670,30.960,1475244.000,,raw
2025-04-10,31.700,32.600,31.630,31.640,1265159.000,,raw
2025-04-11,31.230,32.460,31.230,32.080,878985.000,,raw
2025-04-14,32.820,33.040,32.420,32.580,879408.000,,raw
2025-04-15,32.600,32.600,31.950,32.150,556951.000,,raw
2025-04-16,31.480,31.660,30.910,31.350,523507.000,"{'nd': '2024', 'fh_sh': '6.17', 'djr': '2025-04-15', 'cqr': '2025-04-16', 'FHcontent': '10派6.17元'}",raw
2025-04-17,31.100,31.500,31.030,31.200,380612.000,,raw
2025-04-18,31.090,32.590,31.010,32.410,1272725.000,,raw
2025-04-21,32.000,32.330,31.800,32.270,760935.000,,raw
2025-04-22,32.100,32.130,31.710,31.740,621473.000,,raw
2025-04-23,31.980,32.370,31.930,32.080,779197.000,,raw
2025-04-24,32.010,32.040,31.400,31.570,552602.000,,raw
2025-04-25,31.670,31.950,31.590,31.620,436615.000,,raw
2025-04-28,31.590,31.680,31.340,31.380,327579.000,,raw
2025-04-29,31.340,31.690,31.170,31.460,332111.000,,raw
2025-04-30,31.560,32.100,31.470,31.940,526099.000,,raw
2025-05-06,32.230,32.770,32.160,32.760,733586.000,,raw
2025-05-07,33.330,33.490,32.410,32.680,744816.000,,raw
2025-05-08,32.600,33.320,32.510,33.060,721985.000,,raw
2025-05-09,32.970,32.980,32.300,32.510,546410.000,,raw
2025-05-12,32.880,33.420,32.820,33.170,806503.000,,raw
2025-05-13,33.600,33.600,32.750,32.780,684383.000,,raw
2025-05-14,32.800,33.250,32.620,33.000,664964.000,,raw
2025-05-15,32.990,32.990,32.120,32.170,607476.000,,raw
2025-05-16,32.020,32.380,31.930,32.130,357519.000,,raw
2025-05-19,32.030,32.070,31.660,31.990,352711.000,,raw
2025-05-20,31.920,32.140,31.780,32.010,316658.000,,raw
2025-05-21,31.990,32.300,31.870,32.000,391715.000,,raw
2025-05-22,31.830,32.220,31.710,31.710,368096.000,,raw
2025-05-23,31.650,31.850,31.170,31.200,481140.000,,raw
2025-05-26,31.130,31.750,31.130,31.470,372413.000,,raw
2025-05-27,31.420,31.450,30.900,31.000,416694.000,,raw
2025-05-28,31.020,31.240,30.920,30.980,263891.000,,raw
2025-05-29,31.020,31.540,31.020,31.510,462450.000,,raw
2025-05-30,31.300,31.330,31.000,31.090,359881.000,,raw
2025-06-03,30.940,31.300,30.860,31.110,314143.000,,raw
2025-06-04,31.200,31.760,31.200,31.610,471688.000,,raw
2025-06-05,31.630,32.300,31.510,32.200,672550.000,,raw
2025-06-06,32.090,32.600,32.060,32.310,641591.000,,raw
2025-06-09,32.320,32.600,32.320,32.440,478790.000,,raw
2025-06-10,32.430,32.440,31.770,32.030,528264.000,,raw
2025-06-11,32.020,32.370,31.980,32.090,393234.000,,raw
2025-06-12,32.000,32.430,31.920,31.940,457739.000,,raw
2025-06-13,31.860,32.130,31.280,31.480,540474.000,,raw
2025-06-16,31.360,31.940,31.300,31.710,344087.000,,raw
2025-06-17,31.710,31.780,31.440,31.500,275094.000,,raw
2025-06-18,31.500,31.670,31.180,31.510,378498.000,,raw
2025-06-19,31.500,31.750,31.140,31.190,449180.000,,raw
2025-06-20,31.130,31.450,30.910,30.960,390039.000,,raw
2025-06-23,30.700,31.250,30.550,31.130,366245.000,,raw
2025-06-24,31.200,31.900,31.200,31.730,576877.000,,raw
2025-06-25,31.750,32.250,31.700,32.230,710736.000,,raw
2025-06-26,32.230,32.500,32.010,32.010,579033.000,,raw
2025-06-27,32.120,32.770,31.930,32.390,849938.000,,raw
2025-06-30,32.400,32.600,32.360,32.490,496822.000,,raw
2025-07-01,32.410,33.090,32.130,32.640,714795.000,,raw
2025-07-02,32.500,32.500,31.940,32.040,554247.000,,raw
2025-07-03,32.010,33.300,32.000,32.700,1078506.000,,raw
2025-07-04,32.670,32.700,32.260,32.320,618000.000,,raw
2025-07-07,32.200,32.250,31.850,31.890,535022.000,,raw
2025-07-08,31.900,32.780,31.870,32.720,1038973.000,,raw
2025-07-09,32.660,33.260,32.600,32.860,951518.000,,raw
2025-07-10,32.860,33.500,32.860,33.120,897593.000,,raw
2025-07-11,33.130,33.640,32.940,33.440,998075.000,,raw
2025-07-14,33.450,33.490,33.180,33.190,545887.000,,raw
2025-07-15,33.180,33.960,33.100,33.500,1132784.000,,raw
2025-07-16,33.680,33.850,33.120,33.240,709838.000,,raw
2025-07-17,33.180,34.660,33.100,34.530,1565780.000,,raw
2025-07-18,34.640,34.750,34.120,34.220,828133.000,,raw
2025-07-21,34.220,34.340,33.940,34.250,726884.000,,raw
2025-07-22,34.110,34.200,33.730,33.950,701189.000,,raw
2025-07-23,33.890,34.240,33.750,33.890,692324.000,,raw
2025-07-24,33.890,34.850,33.810,34.670,1035034.000,,raw
2025-07-25,34.640,34.650,34.080,34.390,660622.000,,raw
2025-07-28,34.530,34.670,34.270,34.470,554737.000,,raw
2025-07-29,34.130,35.780,33.510,35.090,1490591.000,,raw
2025-07-30,34.960,35.100,34.360,34.600,765812.000,,raw
2025-07-31,34.590,35.470,34.170,34.290,1135878.000,,raw
2025-08-01,34.230,34.580,33.560,33.900,785985.000,,raw
2025-08-04,33.600,33.880,33.590,33.870,379288.000,,raw
2025-08-05,33.930,34.550,33.930,34.420,614925.000,,raw
2025-08-06,34.350,35.050,34.080,34.550,604127.000,,raw
2025-08-07,34.540,34.690,34.020,34.190,598500.000,,raw
2025-08-08,34.160,34.190,33.750,33.780,484312.000,,raw
2025-08-11,33.790,34.160,33.780,34.000,500378.000,,raw
2025-08-12,34.000,34.650,33.890,34.550,832619.000,,raw
2025-08-13,34.550,35.500,34.510,35.500,1610778.000,,raw
2025-08-14,35.420,35.560,34.780,34.810,1028186.000,,raw
2025-08-15,34.700,35.290,34.700,35.210,790528.000,,raw
2025-08-18,35.450,38.730,35.450,38.310,3859223.000,,raw
2025-08-19,37.760,38.170,37.370,37.800,2106640.000,,raw
2025-08-20,38.100,40.390,37.420,39.940,3379238.000,,raw
2025-08-21,43.530,43.930,42.300,42.560,5105601.000,,raw
2025-08-22,43.500,46.680,42.500,46.550,4436296.000,,raw
2025-08-25,47.580,47.900,44.480,45.840,4476640.000,,raw
2025-08-26,45.010,45.980,44.360,45.020,2422692.000,,raw
2025-08-27,45.300,46.580,44.000,44.100,2888878.000,,raw
2025-08-28,44.000,47.440,43.750,47.420,3533706.000,,raw
2025-08-29,46.110,46.350,45.000,45.440,2659285.000,,raw
2025-09-01,46.370,48.880,46.000,48.000,3228638.000,,raw
2025-09-02,47.660,48.200,44.050,44.830,3021997.000,,raw
2025-09-03,44.820,45.330,43.360,43.940,1850780.000,,raw
2025-09-04,43.910,44.260,40.100,40.840,2866183.000,,raw
2025-09-05,41.310,42.020,40.220,41.820,1716621.000,,raw
2025-09-08,41.850,42.460,41.100,41.800,1554084.000,,raw
2025-09-09,41.830,41.990,40.350,40.660,1185951.000,,raw
2025-09-10,40.750,41.600,40.580,41.090,1218464.000,,raw
2025-09-11,41.180,44.330,40.580,43.740,2585581.000,,raw
2025-09-12,43.030,45.260,43.030,44.080,2214126.000,,raw
2025-09-15,44.010,44.030,43.000,43.060,1253419.000,,raw
2025-09-16,43.170,44.890,43.160,44.300,1829678.000,,raw
2025-09-17,44.210,45.250,43.600,44.130,1527623.000,,raw
2025-09-18,44.300,45.740,43.480,44.250,2507808.000,,raw
2025-09-19,43.990,45.200,43.690,43.780,1437034.000,,raw
2025-09-22,44.090,45.750,43.860,45.020,1996780.000,,raw
2025-09-23,45.030,45.300,42.250,43.500,2103793.000,,raw
2025-09-24,42.880,44.200,42.500,43.970,1708326.000,,raw
2025-09-25,44.000,46.360,43.830,45.800,2659461.000,,raw
2025-09-26,45.360,47.050,43.820,44.470,2747519.000,,raw
2025-09-29,44.420,45.600,43.630,45.110,1657327.000,,raw
2025-09-30,45.220,46.180,44.660,45.640,1490819.000,,raw
2025-10-09,45.880,50.200,45.860,49.980,4508686.000,,raw
2025-10-10,51.010,54.090,50.000,52.000,4906947.000,,raw
2025-10-13,51.040,55.000,50.200,53.670,3682499.000,,raw
2025-10-14,54.110,55.850,50.000,50.200,3667510.000,,raw
2025-10-15,51.030,51.680,48.530,50.400,2449380.000,,raw
2025-10-16,50.410,55.260,50.410,54.030,3369629.000,,raw
2025-10-17,53.400,53.880,48.630,48.630,3195953.000,,raw
2025-10-20,49.000,49.870,47.840,48.600,1880815.000,,raw
2025-10-21,48.870,51.940,48.300,51.240,2242076.000,,raw
2025-10-22,50.190,50.580,48.720,49.940,1638570.000,,raw
2025-10-23,49.750,49.760,47.460,48.190,1531197.000,,raw
2025-10-24,48.800,50.130,48.470,49.850,1802633.000,,raw
2025-10-27,50.500,52.500,50.100,51.320,2071917.000,,raw
2025-10-28,50.400,50.590,48.920,49.390,1960553.000,,raw
2025-10-29,45.450,46.700,44.590,46.200,3991959.000,,raw
2025-10-30,45.610,45.880,44.760,44.830,2285196.000,,raw
2025-10-31,44.650,44.660,43.400,43.460,1862971.000,,raw
2025-11-03,43.130,43.200,42.100,42.790,1439132.000,,raw
2025-11-04,42.600,43.000,41.400,41.730,1411742.000,,raw
2025-11-05,40.930,41.540,40.730,41.100,1105086.000,,raw
2025-11-06,41.400,42.660,41.320,42.600,1715311.000,,raw
2025-11-07,42.050,42.140,41.600,41.720,935288.000,,raw
2025-11-10,41.690,42.250,41.500,42.110,948677.000,,raw
2025-11-11,42.400,42.400,40.690,40.900,1197792.000,,raw
2025-11-12,40.100,40.360,39.200,39.730,1342441.000,,raw
2025-11-13,39.580,40.600,39.450,40.350,850355.000,,raw
2025-11-14,40.150,40.660,39.720,39.760,754558.000,,raw
2025-11-17,39.580,39.990,38.900,39.200,980877.000,,raw
2025-11-18,39.060,39.810,38.890,39.450,789847.000,,raw
2025-11-19,39.210,39.900,39.070,39.290,655184.000,,raw
2025-11-20,39.760,39.970,39.130,39.190,671988.000,,raw
2025-11-21,38.600,39.100,37.990,38.070,999375.000,,raw
2025-11-24,38.200,39.130,37.920,38.650,821584.000,,raw
2025-11-25,39.020,40.450,38.960,39.860,1511047.000,,raw
2025-11-26,39.590,41.350,39.520,40.970,1517587.000,,raw
2025-11-27,42.380,43.350,41.510,42.300,2614947.000,,raw
2025-11-28,42.320,42.790,41.600,42.090,1400968.000,,raw
2025-12-01,42.450,46.300,42.030,46.300,3272576.000,,raw
2025-12-02,47.770,47.770,45.000,45.500,4380023.000,,raw
2025-12-03,45.000,45.720,43.250,43.300,3028884.000,,raw
2025-12-04,42.820,43.490,42.420,42.920,1543902.000,,raw
2025-12-05,42.960,42.990,41.670,41.950,1658028.000,,raw
2025-12-08,41.510,42.680,41.500,42.230,1520764.000,,raw
2025-12-09,42.020,43.600,42.000,42.370,1763128.000,,raw
2025-12-10,42.010,42.360,41.480,42.020,1128484.000,,raw
2025-12-11,41.000,41.000,37.820,37.820,4361714.000,,raw
2025-12-12,36.900,38.750,36.380,37.750,2957693.000,,raw
2025-12-15,37.340,37.570,36.820,36.840,1363592.000,,raw
2025-12-16,36.680,36.710,35.610,35.770,1216094.000,,raw
2025-12-17,35.810,37.180,35.810,36.960,1304640.000,,raw
2025-12-18,36.500,37.160,36.380,36.520,816105.000,,raw
2025-12-19,36.760,37.360,36.640,37.030,968171.000,,raw
2025-12-22,37.110,37.690,37.050,37.370,1090797.000,,raw
2025-12-23,37.320,37.430,36.850,37.190,1004013.000,,raw
2025-12-24,37.100,38.490,36.930,38.270,1640739.000,,raw
2025-12-25,38.370,38.440,37.740,38.110,990805.000,,raw
2025-12-26,38.110,38.110,37.480,37.900,942406.000,,raw
2025-12-29,37.790,38.230,37.180,37.480,1086128.000,,raw
2025-12-30,37.260,37.660,37.200,37.270,752798.000,,raw
2025-12-31,37.450,38.130,37.330,37.840,1295931.000,,raw
