date,open,high,low,close,volume,amount,price_type
2018-01-02,28.850,29.150,28.340,29.120,146501.000,,raw
2018-01-03,29.000,30.570,28.960,30.300,211544.000,,raw
2018-01-04,30.290,30.320,29.850,30.260,95519.000,,raw
2018-01-05,30.240,30.440,29.630,29.860,102335.000,,raw
2018-01-08,29.760,29.820,28.890,29.290,122648.000,,raw
2018-01-09,29.260,29.620,28.990,29.580,124704.000,,raw
2018-01-10,29.560,29.560,28.910,29.150,100673.000,,raw
2018-01-11,29.050,30.130,28.910,29.900,145050.000,,raw
2018-01-12,29.780,29.840,29.450,29.470,76578.000,,raw
2018-01-15,29.460,29.540,28.340,28.460,158337.000,,raw
2018-01-16,28.460,29.040,28.080,28.400,142281.000,,raw
2018-01-17,28.720,28.790,27.200,28.310,132978.000,,raw
2018-01-18,28.250,28.540,27.660,27.770,93305.000,,raw
2018-01-19,27.770,28.190,27.700,27.860,69912.000,,raw
2018-01-22,27.930,28.580,27.370,28.380,98837.000,,raw
2018-01-23,28.200,28.500,27.800,27.880,99095.000,,raw
2018-01-24,27.940,28.850,27.540,28.800,131130.000,,raw
2018-01-25,28.800,29.090,28.460,28.680,122902.000,,raw
2018-01-26,28.960,29.660,28.920,29.470,169177.000,,raw
2018-01-29,29.860,29.860,27.250,27.790,256950.000,,raw
2018-01-30,27.530,28.090,27.420,27.590,69394.000,,raw
2018-01-31,27.800,27.870,26.160,26.220,140632.000,,raw
2018-02-01,26.110,26.200,24.480,25.130,213654.000,,raw
2018-02-02,25.090,26.060,24.800,25.820,129085.000,,raw
2018-02-05,25.300,26.060,25.010,25.140,76411.000,,raw
2018-02-06,24.000,24.950,24.000,24.140,91199.000,,raw
2018-02-07,24.900,25.200,23.600,24.940,134684.000,,raw
2018-02-08,24.850,25.950,24.680,25.840,128257.000,,raw
2018-02-09,25.110,25.700,24.810,25.120,79158.000,,raw
2018-02-12,25.390,26.560,25.390,26.270,96414.000,,raw
2018-02-13,26.290,26.780,26.100,26.290,67796.000,,raw
2018-02-14,26.200,26.730,26.110,26.420,43437.000,,raw
2018-02-22,26.500,27.330,26.500,26.870,60061.000,,raw
2018-02-23,27.080,27.580,26.500,26.680,68738.000,,raw
2018-02-26,27.000,28.390,26.830,28.040,143902.000,,raw
2018-02-27,28.060,28.880,27.800,27.910,172663.000,,raw
2018-02-28,27.640,28.810,27.480,28.420,115553.000,,raw
2018-03-01,28.100,29.700,28.020,29.150,140166.000,,raw
2018-03-02,29.020,29.370,28.480,28.890,106274.000,,raw
2018-03-05,28.870,29.340,28.330,29.250,91913.000,,raw
2018-03-06,29.310,29.890,28.850,29.550,128226.000,,raw
2018-03-07,29.430,29.440,28.820,28.890,74043.000,,raw
2018-03-08,28.860,29.160,28.500,28.740,56783.000,,raw
2018-03-09,28.700,29.860,28.700,29.760,108709.000,,raw
2018-03-12,29.910,30.290,29.540,30.030,106761.000,,raw
2018-03-13,30.000,30.000,29.000,29.210,82619.000,,raw
2018-03-14,29.080,29.200,28.650,28.660,56920.000,,raw
2018-03-15,28.600,29.080,28.110,28.590,69154.000,,raw
2018-03-16,28.790,28.870,28.330,28.430,43077.000,,raw
2018-03-19,28.110,28.670,28.040,28.160,55847.000,,raw
2018-03-20,28.000,28.080,27.550,27.730,63744.000,,raw
2018-03-21,27.920,28.680,27.840,27.970,85990.000,,raw
2018-03-22,27.950,28.370,27.480,27.680,53367.000,,raw
2018-03-23,26.070,26.880,25.170,25.440,125311.000,,raw
2018-03-26,25.100,26.680,24.950,26.610,86369.000,,raw
2018-03-27,27.200,28.380,27.200,27.560,100684.000,,raw
2018-03-28,27.030,28.280,27.030,27.780,93836.000,,raw
2018-03-29,27.880,28.200,27.120,27.700,58264.000,,raw
2018-03-30,27.700,28.830,27.500,28.720,112467.000,,raw
2018-04-02,28.790,29.660,28.490,28.910,121866.000,,raw
2018-04-03,28.440,29.260,27.880,29.010,110441.000,,raw
2018-04-04,29.050,29.250,28.050,28.170,83048.000,,raw
2018-04-09,28.160,28.390,27.000,27.340,90875.000,,raw
2018-04-10,27.500,27.660,27.080,27.600,75407.000,,raw
2018-04-11,27.750,28.300,27.680,27.900,69275.000,,raw
2018-04-12,27.800,28.130,27.250,27.280,58952.000,,raw
2018-04-13,27.480,27.980,27.000,27.430,57031.000,,raw
2018-04-16,27.300,27.610,26.740,27.000,69948.000,,raw
2018-04-17,27.670,27.970,25.930,26.300,187183.000,,raw
2018-04-18,26.620,26.620,23.670,24.490,385455.000,,raw
2018-04-19,24.500,25.260,24.030,25.040,195036.000,,raw
2018-04-20,25.020,27.000,24.650,26.190,232765.000,,raw
2018-04-23,26.450,27.160,25.740,26.250,157112.000,,raw
2018-04-24,26.300,27.500,25.750,27.470,153377.000,,raw
2018-04-25,27.630,28.680,27.530,28.260,259955.000,,raw
2018-04-26,28.370,28.720,27.680,28.130,246032.000,,raw
2018-04-27,28.660,29.380,26.900,27.280,336853.000,,raw
2018-05-02,27.100,27.290,26.010,26.420,173569.000,,raw
2018-05-03,26.480,26.980,25.650,26.570,160850.000,,raw
2018-05-04,26.570,26.780,26.090,26.270,108220.000,,raw
2018-05-07,26.330,26.820,26.330,26.700,91465.000,,raw
2018-05-08,26.650,26.940,26.200,26.780,112574.000,,raw
2018-05-09,26.760,26.760,26.210,26.300,90646.000,,raw
2018-05-10,26.460,26.780,26.360,26.630,97097.000,,raw
2018-05-11,26.670,26.770,25.860,25.940,98399.000,,raw
2018-05-14,26.380,26.880,26.380,26.500,152962.000,,raw
2018-05-15,26.500,26.500,25.400,25.940,171599.000,,raw
2018-05-16,25.750,26.150,25.470,25.600,115099.000,,raw
2018-05-17,25.570,25.800,25.560,25.680,60472.000,,raw
2018-05-18,25.900,26.150,25.630,26.050,96496.000,,raw
2018-05-21,26.680,28.560,26.680,28.020,349438.000,,raw
2018-05-22,27.700,29.880,27.680,29.350,372409.000,,raw
2018-05-23,28.940,29.500,28.550,28.680,257775.000,,raw
2018-05-24,28.960,29.280,28.500,28.890,196688.000,,raw
2018-05-25,28.790,28.880,27.370,27.710,232155.000,,raw
2018-05-28,27.970,28.460,27.740,27.890,205399.000,,raw
2018-05-29,28.150,28.260,27.020,27.270,197606.000,,raw
2018-05-30,26.750,26.830,25.600,26.260,181737.000,,raw
2018-05-31,26.360,26.800,26.130,26.550,94915.000,,raw
2018-06-01,26.400,26.580,25.900,26.180,84529.000,,raw
2018-06-04,26.420,26.550,25.880,25.960,110492.000,,raw
2018-06-05,26.050,26.840,25.900,26.800,135867.000,,raw
2018-06-06,27.000,27.880,26.930,27.500,175136.000,,raw
2018-06-07,27.500,27.700,27.050,27.490,99353.000,,raw
2018-06-08,27.700,28.120,27.210,27.770,171630.000,,raw
2018-06-11,27.600,27.600,26.880,26.930,105283.000,,raw
2018-06-12,26.980,27.200,26.120,26.940,107764.000,,raw
2018-06-13,26.550,27.430,26.390,26.700,107202.000,,raw
2018-06-14,26.180,26.750,26.110,26.280,95339.000,,raw
2018-06-15,26.400,26.540,25.020,25.230,184427.000,,raw
2018-06-19,24.780,25.100,22.830,23.300,204034.000,,raw
2018-06-20,23.300,23.700,22.720,23.400,148258.000,,raw
2018-06-21,23.400,23.400,22.470,22.520,127343.000,,raw
2018-06-22,22.470,23.040,21.860,23.010,109693.000,,raw
2018-06-25,23.190,23.390,22.700,22.850,87865.000,,raw
2018-06-26,22.500,23.760,22.200,23.470,125366.000,,raw
2018-06-27,23.440,23.640,22.900,23.100,87304.000,,raw
2018-06-28,23.800,24.210,23.440,23.630,181152.000,,raw
2018-06-29,23.820,24.950,23.380,24.850,156768.000,,raw
2018-07-02,25.500,25.840,24.550,25.070,182243.000,,raw
2018-07-03,25.160,26.070,24.210,25.890,207639.000,,raw
2018-07-04,25.690,26.010,25.000,25.050,123604.000,,raw
2018-07-05,24.810,25.160,24.420,24.480,84499.000,,raw
2018-07-06,24.510,25.600,24.380,24.880,127436.000,,raw
2018-07-09,25.050,25.890,24.930,25.650,93845.000,,raw
2018-07-10,25.660,25.780,25.020,25.570,93428.000,,raw
2018-07-11,24.950,24.950,23.780,24.550,139490.000,,raw
2018-07-12,25.600,26.190,25.020,25.900,204938.000,,raw
2018-07-13,25.600,26.160,25.570,25.890,136734.000,,raw
2018-07-16,26.250,27.360,26.160,26.680,202052.000,,raw
2018-07-17,27.000,27.400,26.650,26.970,188942.000,,raw
2018-07-18,27.060,27.360,26.590,26.690,148791.000,,raw
2018-07-19,26.800,28.080,26.800,27.700,230571.000,,raw
2018-07-20,27.810,28.440,27.200,28.160,168167.000,,raw
2018-07-23,28.300,29.940,28.200,29.630,258142.000,,raw
2018-07-24,29.600,30.150,28.800,29.450,219475.000,,raw
2018-07-25,29.390,30.050,28.800,29.740,187723.000,"{'nd': '2017', 'fh_sh': '3.4', 'djr': '2018-07-24', 'cqr': '2018-07-25', 'FHcontent': '10派3.4元'}",raw
2018-07-26,29.600,29.910,28.320,28.570,150018.000,,raw
2018-07-27,28.600,29.570,28.600,28.880,125273.000,,raw
2018-07-30,29.560,29.900,27.570,28.090,151013.000,,raw
2018-07-31,28.400,29.200,28.400,28.720,129913.000,,raw
2018-08-01,28.900,31.030,28.750,29.540,319747.000,,raw
2018-08-02,29.590,30.580,28.890,29.990,323527.000,,raw
2018-08-03,30.000,30.000,27.080,27.440,265321.000,,raw
2018-08-06,26.890,28.170,26.630,27.400,121822.000,,raw
2018-08-07,27.550,29.380,27.150,29.150,175721.000,,raw
2018-08-08,29.000,30.410,28.880,29.260,206788.000,,raw
2018-08-09,29.000,31.300,28.730,30.680,311658.000,,raw
2018-08-10,30.550,31.140,30.240,30.980,184092.000,,raw
2018-08-13,31.000,32.880,30.750,32.330,312575.000,,raw
2018-08-14,31.750,32.940,31.710,32.030,175945.000,,raw
2018-08-15,32.150,32.250,30.250,31.120,201762.000,,raw
2018-08-16,30.630,32.430,30.380,31.450,217895.000,,raw
2018-08-17,31.850,32.740,30.860,31.480,184370.000,,raw
2018-08-20,30.880,31.830,30.320,31.830,179099.000,,raw
2018-08-21,31.640,31.970,30.500,31.200,193324.000,,raw
2018-08-22,31.050,31.910,30.620,30.930,138545.000,,raw
2018-08-23,31.000,31.860,30.610,31.190,245646.000,,raw
2018-08-24,30.340,30.360,29.400,29.870,278012.000,,raw
2018-08-27,30.010,32.000,30.000,31.400,358214.000,,raw
2018-08-28,31.550,32.500,30.690,31.170,281103.000,,raw
2018-08-29,31.400,31.410,30.300,30.680,198538.000,,raw
2018-08-30,30.700,30.780,29.010,29.370,239061.000,,raw
2018-08-31,28.970,29.750,28.810,28.870,150609.000,,raw
2018-09-03,28.700,29.900,27.650,29.600,252183.000,,raw
2018-09-04,29.220,30.060,29.120,29.640,236071.000,,raw
2018-09-05,29.660,30.250,29.230,29.370,198301.000,,raw
2018-09-06,29.110,29.780,28.830,29.170,161182.000,,raw
2018-09-07,29.170,29.750,28.010,28.340,190897.000,,raw
2018-09-10,28.350,29.000,27.800,28.080,191569.000,,raw
2018-09-11,28.280,28.870,27.910,28.830,176622.000,,raw
2018-09-12,28.830,29.060,28.300,28.820,153942.000,,raw
2018-09-13,29.280,29.830,28.750,29.820,288815.000,,raw
2018-09-14,29.770,29.890,28.850,29.220,212423.000,,raw
2018-09-17,28.700,29.330,28.430,28.760,135566.000,,raw
2018-09-18,28.430,28.920,27.230,28.030,265935.000,,raw
2018-09-19,27.630,28.280,26.980,27.800,278397.000,,raw
2018-09-20,27.750,28.630,27.520,27.940,200629.000,,raw
2018-09-21,27.820,28.350,27.330,28.180,196694.000,,raw
2018-09-25,28.050,28.990,27.900,28.710,224566.000,,raw
2018-09-26,28.770,30.350,28.400,29.960,391834.000,,raw
2018-09-27,29.880,30.290,29.500,29.840,220710.000,,raw
2018-09-28,29.910,29.990,29.290,29.840,190649.000,,raw
2018-10-08,28.700,28.780,27.460,27.500,219457.000,,raw
2018-10-09,27.560,27.980,25.960,26.700,235323.000,,raw
2018-10-10,26.610,26.830,25.950,26.400,166721.000,,raw
2018-10-11,24.680,25.440,23.760,24.050,248175.000,,raw
2018-10-12,24.000,25.430,23.950,25.250,189298.000,,raw
2018-10-15,25.500,26.380,25.320,25.470,169218.000,,raw
2018-10-16,25.580,25.780,24.420,25.100,131537.000,,raw
2018-10-17,25.670,26.100,24.740,25.770,195917.000,,raw
2018-10-18,25.320,26.130,25.100,25.680,144476.000,,raw
2018-10-19,25.160,27.050,25.020,26.720,204719.000,,raw
2018-10-22,27.550,28.910,27.520,28.360,276065.000,,raw
2018-10-23,28.400,28.840,27.800,28.100,177797.000,,raw
2018-10-24,27.700,28.480,27.700,27.970,115190.000,,raw
2018-10-25,26.900,28.680,26.750,28.540,144043.000,,raw
2018-10-26,28.710,29.250,27.700,27.780,131363.000,,raw
2018-10-29,27.850,28.850,27.610,28.320,145866.000,,raw
2018-10-30,28.200,28.220,25.580,27.680,224689.000,,raw
2018-10-31,27.420,27.420,25.520,26.560,371407.000,,raw
2018-11-01,26.800,27.430,26.660,26.870,233654.000,,raw
2018-11-02,28.050,28.350,27.520,28.150,225730.000,,raw
2018-11-05,28.100,29.490,28.000,29.040,244069.000,,raw
2018-11-06,28.830,29.380,28.580,29.320,145700.000,,raw
2018-11-07,29.280,30.980,28.850,29.800,291710.000,,raw
2018-11-08,30.100,30.200,28.700,28.820,192074.000,,raw
2018-11-09,28.650,30.350,28.400,29.530,228276.000,,raw
2018-11-12,29.510,30.600,29.380,30.370,220913.000,,raw
2018-11-13,29.890,30.930,29.710,29.880,256687.000,,raw
2018-11-14,29.800,29.970,29.250,29.600,146801.000,,raw
2018-11-15,29.500,29.900,29.000,29.840,189133.000,,raw
2018-11-16,29.680,30.750,29.410,30.670,258266.000,,raw
2018-11-19,30.500,30.920,29.850,30.390,141756.000,,raw
2018-11-20,29.900,29.900,28.430,28.950,269397.000,,raw
2018-11-21,28.480,29.080,28.360,28.810,116039.000,,raw
2018-11-22,28.950,29.300,28.430,28.730,75665.000,,raw
2018-11-23,28.660,28.850,27.580,27.650,144592.000,,raw
2018-11-26,27.250,28.580,27.250,28.050,122667.000,,raw
2018-11-27,28.350,28.950,28.180,28.700,135361.000,,raw
2018-11-28,28.700,29.380,28.450,29.110,153560.000,,raw
2018-11-29,29.260,29.550,27.900,27.980,232753.000,,raw
2018-11-30,27.480,28.390,27.480,28.220,93357.000,,raw
2018-12-03,29.550,30.000,29.090,29.680,278829.000,,raw
2018-12-04,29.610,29.990,29.420,29.680,133491.000,,raw
2018-12-05,29.180,29.570,29.020,29.420,131707.000,,raw
2018-12-06,28.100,28.100,26.560,27.330,469359.000,,raw
2018-12-07,27.400,27.850,27.300,27.450,161154.000,,raw
2018-12-10,27.130,27.970,27.030,27.600,187210.000,,raw
2018-12-11,27.760,28.390,27.610,28.280,179733.000,,raw
2018-12-12,28.390,28.500,27.860,27.950,111212.000,,raw
2018-12-13,28.000,28.460,27.880,28.350,151100.000,,raw
2018-12-14,28.240,28.270,27.330,27.490,167408.000,,raw
2018-12-17,27.470,27.470,26.560,27.300,116334.000,,raw
2018-12-18,27.100,27.510,26.650,26.990,88823.000,,raw
2018-12-19,27.110,27.490,26.760,26.880,98001.000,,raw
2018-12-20,26.780,27.110,26.410,27.110,113984.000,,raw
2018-12-21,27.020,27.260,26.750,27.030,88836.000,,raw
2018-12-24,27.110,28.350,27.080,28.300,251112.000,,raw
2018-12-25,27.990,29.010,27.650,28.750,252957.000,,raw
2018-12-26,28.580,28.760,27.970,28.270,161974.000,,raw
2018-12-27,28.520,28.910,28.050,28.080,159926.000,,raw
2018-12-28,27.980,28.540,27.340,28.470,185568.000,,raw
2019-01-02,28.330,28.880,28.270,28.480,149071.000,,raw
2019-01-03,28.400,28.400,27.420,27.520,152002.000,,raw
2019-01-04,27.180,28.000,27.060,27.870,137462.000,,raw
2019-01-07,27.960,29.120,27.800,29.080,265584.000,,raw
2019-01-08,28.920,29.170,28.460,28.810,174163.000,,raw
2019-01-09,28.760,29.430,28.640,28.730,196728.000,,raw
2019-01-10,28.700,29.370,28.470,28.780,180291.000,,raw
2019-01-11,29.230,29.990,28.900,29.130,313061.000,,raw
2019-01-14,29.000,29.080,28.520,28.970,130207.000,,raw
2019-01-15,28.900,29.490,28.700,29.430,168899.000,,raw
2019-01-16,29.400,29.400,29.030,29.100,118033.000,,raw
2019-01-17,29.120,29.660,28.960,29.030,134054.000,,raw
2019-01-18,28.900,29.550,28.770,29.410,150475.000,,raw
2019-01-21,29.500,30.420,29.290,29.980,215909.000,,raw
2019-01-22,29.870,29.870,28.880,29.020,208846.000,,raw
2019-01-23,28.820,29.180,28.810,29.130,95871.000,,raw
2019-01-24,29.110,29.550,28.860,29.250,129559.000,,raw
2019-01-25,29.330,29.500,28.940,28.950,101691.000,,raw
2019-01-28,29.080,29.340,28.600,28.600,138469.000,,raw
2019-01-29,28.500,28.500,27.700,28.140,168556.000,,raw
2019-01-30,28.050,28.180,27.250,27.430,169241.000,,raw
2019-01-31,27.560,28.060,27.450,27.900,130543.000,,raw
2019-02-01,28.100,28.440,27.660,28.360,145712.000,,raw
2019-02-11,28.330,29.100,28.200,29.040,177271.000,,raw
2019-02-12,29.000,29.240,28.750,29.050,172115.000,,raw
2019-02-13,29.280,31.210,28.970,30.520,461828.000,,raw
2019-02-14,30.300,30.450,29.820,30.150,270176.000,,raw
2019-02-15,30.000,30.560,29.780,29.870,208499.000,,raw
2019-02-18,30.180,30.990,30.030,30.930,351358.000,,raw
2019-02-19,31.380,31.380,30.040,30.340,306679.000,,raw
2019-02-20,30.200,30.310,29.700,30.100,175524.000,,raw
2019-02-21,30.100,32.370,29.980,31.020,604465.000,,raw
2019-02-22,30.500,34.020,30.500,33.470,582457.000,,raw
2019-02-25,34.680,35.680,34.000,34.440,743698.000,,raw
2019-02-26,34.000,35.250,32.810,33.350,648136.000,,raw
2019-02-27,33.030,33.550,32.010,32.470,450275.000,,raw
2019-02-28,32.550,32.950,32.390,32.780,267380.000,,raw
2019-03-01,32.880,32.980,32.150,32.610,226247.000,,raw
2019-03-04,33.000,33.920,32.410,32.700,545098.000,,raw
2019-03-05,32.700,33.660,32.330,33.640,433380.000,,raw
2019-03-06,33.810,34.230,32.880,33.380,419072.000,,raw
2019-03-07,33.000,33.000,31.840,32.370,502773.000,,raw
2019-03-08,31.700,33.460,31.250,32.290,509104.000,,raw
2019-03-11,32.410,33.800,32.410,33.520,462548.000,,raw
2019-03-12,33.580,33.740,32.710,33.300,556100.000,,raw
2019-03-13,33.350,33.350,31.530,31.800,417853.000,,raw
2019-03-14,31.600,32.320,31.260,31.940,297456.000,,raw
2019-03-15,31.930,32.150,31.100,31.320,292781.000,,raw
2019-03-18,31.320,31.880,31.320,31.770,235939.000,,raw
2019-03-19,31.850,32.130,31.630,31.800,245142.000,,raw
2019-03-20,31.820,32.080,31.120,31.530,201817.000,,raw
2019-03-21,31.700,32.000,31.590,31.840,254681.000,,raw
2019-03-22,31.900,31.980,31.200,31.560,178025.000,,raw
2019-03-25,31.030,31.490,30.910,31.260,177617.000,,raw
2019-03-26,31.380,31.490,30.290,30.430,189350.000,,raw
2019-03-27,30.480,30.650,29.920,30.400,145071.000,,raw
2019-03-28,30.530,32.120,30.530,31.170,363501.000,,raw
2019-03-29,31.000,31.540,30.230,31.510,327504.000,,raw
2019-04-01,31.710,32.450,31.510,32.450,401839.000,,raw
2019-04-02,32.590,32.750,32.050,32.280,326411.000,,raw
2019-04-03,31.990,32.170,31.700,32.130,212742.000,,raw
2019-04-04,32.130,32.280,31.550,31.690,258900.000,,raw
2019-04-08,31.890,31.960,30.780,31.100,241253.000,,raw
2019-04-09,31.010,31.920,31.010,31.690,214599.000,,raw
2019-04-10,31.580,32.300,31.120,32.030,283576.000,,raw
2019-04-11,32.490,32.630,31.090,31.110,309948.000,,raw
2019-04-12,31.010,31.290,30.550,30.810,159907.000,,raw
2019-04-15,31.220,31.990,30.900,30.910,241615.000,,raw
2019-04-16,30.910,32.580,30.310,32.480,512432.000,,raw
2019-04-17,32.500,32.650,31.880,32.170,376535.000,,raw
2019-04-18,32.170,32.590,31.720,31.980,320276.000,,raw
2019-04-19,31.970,32.700,31.620,32.470,393647.000,,raw
2019-04-22,32.740,34.000,32.470,33.080,686837.000,,raw
2019-04-23,33.100,33.100,31.820,31.950,323723.000,,raw
2019-04-24,32.000,32.640,31.800,32.440,245630.000,,raw
2019-04-25,32.230,32.370,30.810,30.820,308357.000,,raw
2019-04-26,30.480,31.290,30.260,30.300,245587.000,,raw
2019-04-29,30.300,30.460,28.650,28.940,272703.000,,raw
2019-04-30,29.150,29.650,29.000,29.290,154094.000,,raw
2019-05-06,27.990,27.990,26.360,26.360,288580.000,,raw
2019-05-07,26.500,26.740,25.910,26.550,199740.000,,raw
2019-05-08,26.000,27.180,25.700,26.590,163939.000,,raw
2019-05-09,26.110,26.790,26.010,26.320,110846.000,,raw
2019-05-10,26.700,27.760,26.010,27.500,237906.000,,raw
2019-05-13,27.100,27.160,26.850,26.940,140616.000,,raw
2019-05-14,26.500,26.960,26.160,26.530,159061.000,,raw
2019-05-15,26.850,27.090,26.740,26.960,136393.000,,raw
2019-05-16,27.050,27.160,26.700,26.980,117549.000,,raw
2019-05-17,26.980,27.300,25.970,26.130,151386.000,,raw
2019-05-20,26.100,26.970,25.780,26.600,141956.000,,raw
2019-05-21,26.700,27.370,26.410,27.070,162945.000,,raw
2019-05-22,27.280,27.830,27.010,27.290,195785.000,,raw
2019-05-23,27.200,27.200,26.400,26.470,127599.000,,raw
2019-05-24,26.380,26.700,26.220,26.270,73756.000,,raw
2019-05-27,26.280,27.090,26.220,27.000,121346.000,,raw
2019-05-28,27.010,27.310,26.810,26.900,105884.000,,raw
2019-05-29,26.860,27.080,26.700,26.800,88099.000,,raw
2019-05-30,26.750,26.760,26.210,26.410,93616.000,,raw
2019-05-31,26.500,26.750,26.340,26.490,81645.000,,raw
2019-06-03,26.670,27.830,26.370,27.430,249846.000,,raw
2019-06-04,27.890,29.450,27.880,28.590,455118.000,,raw
2019-06-05,29.060,29.480,28.330,29.100,334884.000,,raw
2019-06-06,29.110,29.110,27.670,27.830,220587.000,,raw
2019-06-10,27.880,28.800,27.870,28.450,192392.000,,raw
2019-06-11,28.480,29.050,27.870,28.900,245806.000,,raw
2019-06-12,28.800,29.130,28.620,28.700,162455.000,,raw
2019-06-13,28.620,28.850,28.200,28.470,109993.000,,raw
2019-06-14,28.550,28.590,27.700,27.750,122673.000,,raw
2019-06-17,27.700,27.950,27.620,27.830,63390.000,,raw
2019-06-18,27.990,28.240,27.820,27.960,78048.000,,raw
2019-06-19,28.900,29.080,28.000,28.190,175617.000,,raw
2019-06-20,28.130,28.650,27.920,28.480,160829.000,,raw
2019-06-21,28.600,28.880,28.410,28.620,188418.000,,raw
2019-06-24,28.600,28.600,28.000,28.120,157644.000,,raw
2019-06-25,28.150,28.150,27.340,27.740,137884.000,,raw
2019-06-26,27.700,28.120,27.510,27.800,102702.000,,raw
2019-06-27,28.010,28.680,27.960,28.350,211957.000,,raw
2019-06-28,28.290,28.290,27.700,27.860,117470.000,,raw
2019-07-01,28.710,28.880,28.510,28.630,286051.000,,raw
2019-07-02,28.600,28.750,28.340,28.400,131360.000,,raw
2019-07-03,28.430,28.470,27.770,27.860,162221.000,,raw
2019-07-04,27.930,28.060,27.700,27.810,104068.000,,raw
2019-07-05,27.840,27.970,27.770,27.900,73742.000,,raw
2019-07-08,27.800,27.800,26.760,26.850,144582.000,,raw
2019-07-09,26.840,27.100,26.610,26.940,68069.000,,raw
2019-07-10,26.910,27.070,26.630,26.820,66863.000,,raw
2019-07-11,27.000,27.130,26.690,26.910,62496.000,,raw
2019-07-12,26.690,26.800,26.450,26.630,55267.000,"{'nd': '2018', 'fh_sh': '3.4', 'djr': '2019-07-11', 'cqr': '2019-07-12', 'FHcontent': '10派3.4元'}",raw
2019-07-15,26.690,27.130,26.200,26.900,87565.000,,raw
2019-07-16,26.850,27.340,26.800,27.170,97579.000,,raw
2019-07-17,27.150,27.280,26.960,27.040,68874.000,,raw
2019-07-18,26.840,26.840,26.440,26.500,68526.000,,raw
2019-07-19,26.540,26.790,26.460,26.520,55751.000,,raw
2019-07-22,26.530,26.680,26.000,26.010,79407.000,,raw
2019-07-23,26.120,26.430,26.070,26.350,48328.000,,raw
2019-07-24,26.500,26.990,26.420,26.800,104577.000,,raw
2019-07-25,26.810,27.150,26.700,26.900,125335.000,,raw
2019-07-26,26.790,26.980,26.690,26.920,85980.000,,raw
2019-07-29,26.960,27.450,26.920,27.180,108771.000,,raw
2019-07-30,27.200,27.760,27.190,27.480,175818.000,,raw
2019-07-31,27.460,27.900,27.320,27.600,142879.000,,raw
2019-08-01,27.500,27.860,27.400,27.800,135197.000,,raw
2019-08-02,27.000,28.830,26.900,28.630,413406.000,,raw
2019-08-05,28.500,30.070,28.410,29.000,399657.000,,raw
2019-08-06,28.450,29.980,28.310,29.610,415855.000,,raw
2019-08-07,29.720,29.960,28.930,29.000,281172.000,,raw
2019-08-08,29.100,29.570,28.710,29.210,225262.000,,raw
2019-08-09,29.490,29.620,27.980,28.640,309178.000,,raw
2019-08-12,28.800,29.830,28.700,29.820,245158.000,,raw
2019-08-13,29.400,30.290,29.300,29.600,208741.000,,raw
2019-08-14,30.250,30.360,28.850,28.970,226760.000,,raw
2019-08-15,27.960,29.250,27.670,29.080,211248.000,,raw
2019-08-16,28.820,29.190,28.550,28.550,160280.000,,raw
2019-08-19,28.850,30.000,28.850,29.970,279637.000,,raw
2019-08-20,30.240,30.240,29.480,29.610,167534.000,,raw
2019-08-21,29.500,29.860,29.330,29.700,127176.000,,raw
2019-08-22,29.550,29.710,28.910,29.270,150375.000,,raw
2019-08-23,29.220,29.290,28.510,28.730,151017.000,,raw
2019-08-26,28.060,28.440,27.940,28.110,173627.000,,raw
2019-08-27,28.260,28.800,28.260,28.690,137132.000,,raw
2019-08-28,28.800,28.960,28.450,28.790,118386.000,,raw
2019-08-29,28.420,28.420,27.030,27.500,389208.000,,raw
2019-08-30,27.610,27.680,26.750,26.910,274167.000,,raw
2019-09-02,26.900,27.290,26.840,27.260,200127.000,,raw
2019-09-03,27.250,27.830,27.150,27.800,231271.000,,raw
2019-09-04,27.750,27.750,27.390,27.630,172278.000,,raw
2019-09-05,27.700,28.850,27.700,28.230,360481.000,,raw
2019-09-06,28.510,29.560,28.400,28.880,465627.000,,raw
2019-09-09,29.180,30.340,28.780,30.300,557682.000,,raw
2019-09-10,30.330,30.460,29.410,29.690,373343.000,,raw
2019-09-11,29.830,29.840,29.030,29.090,215370.000,,raw
2019-09-12,29.380,29.510,29.130,29.490,154977.000,,raw
2019-09-16,29.490,29.770,29.310,29.350,165813.000,,raw
2019-09-17,29.200,29.280,28.420,28.690,200838.000,,raw
2019-09-18,28.700,28.850,28.320,28.470,106986.000,,raw
2019-09-19,28.480,28.930,28.390,28.860,144612.000,,raw
2019-09-20,28.900,28.950,28.460,28.600,143530.000,,raw
2019-09-23,28.500,28.580,28.120,28.480,112140.000,,raw
2019-09-24,28.600,29.290,28.600,29.060,198796.000,,raw
2019-09-25,28.800,28.950,28.450,28.550,126201.000,,raw
2019-09-26,28.750,28.790,27.250,27.260,245264.000,,raw
2019-09-27,27.130,27.600,27.130,27.480,89817.000,,raw
2019-09-30,27.480,27.650,27.230,27.360,68551.000,,raw
2019-10-08,27.410,27.650,27.330,27.450,69187.000,,raw
2019-10-09,27.330,27.670,26.920,27.660,62935.000,,raw
2019-10-10,27.650,27.850,27.480,27.760,106732.000,,raw
2019-10-11,27.820,27.820,27.150,27.270,121201.000,,raw
2019-10-14,27.550,27.720,27.310,27.400,153634.000,,raw
2019-10-15,27.400,27.400,27.010,27.070,125468.000,,raw
2019-10-16,27.440,27.440,26.840,26.910,103137.000,,raw
2019-10-17,26.990,27.260,26.850,27.190,67358.000,,raw
2019-10-18,27.270,27.540,27.130,27.240,97677.000,,raw
2019-10-21,27.270,27.280,26.780,27.100,60498.000,,raw
2019-10-22,27.190,27.480,27.120,27.390,73237.000,,raw
2019-10-23,27.400,27.420,27.120,27.180,64767.000,,raw
2019-10-24,27.200,27.270,26.810,26.930,65604.000,,raw
2019-10-25,26.960,26.960,26.440,26.660,108960.000,,raw
2019-10-28,26.810,27.170,26.800,27.140,109203.000,,raw
2019-10-29,27.170,27.170,26.650,26.650,98251.000,,raw
2019-10-30,26.540,26.710,26.300,26.320,91579.000,,raw
2019-10-31,26.330,26.520,26.200,26.290,71844.000,,raw
2019-11-01,26.360,26.670,26.250,26.590,84036.000,,raw
2019-11-04,26.700,27.160,26.700,26.880,135820.000,,raw
2019-11-05,26.900,26.950,26.600,26.870,101186.000,,raw
2019-11-06,26.880,26.910,26.710,26.780,70850.000,,raw
2019-11-07,26.810,26.860,26.670,26.810,65058.000,,raw
2019-11-08,27.000,27.170,26.860,26.870,104538.000,,raw
2019-11-11,26.610,26.690,26.310,26.330,76256.000,,raw
2019-11-12,26.300,26.450,26.010,26.400,71619.000,,raw
2019-11-13,26.430,26.450,26.200,26.260,41844.000,,raw
2019-11-14,26.260,26.450,26.210,26.270,52860.000,,raw
2019-11-15,26.270,26.450,26.010,26.160,68555.000,,raw
2019-11-18,26.180,26.260,26.100,26.150,67633.000,,raw
2019-11-19,26.160,26.300,26.100,26.240,133069.000,,raw
2019-11-20,26.280,26.380,26.110,26.140,92883.000,,raw
2019-11-21,26.030,26.070,25.470,25.580,143118.000,,raw
2019-11-22,25.650,25.830,25.000,25.090,142881.000,,raw
2019-11-25,25.090,25.110,24.080,24.380,164371.000,,raw
2019-11-26,24.450,24.810,24.400,24.810,134910.000,,raw
2019-11-27,24.670,24.900,24.520,24.580,71431.000,,raw
2019-11-28,25.170,25.700,25.020,25.160,188053.000,,raw
2019-11-29,25.100,25.200,24.750,24.880,98335.000,,raw
2019-12-02,24.740,24.860,24.510,24.620,81231.000,,raw
2019-12-03,24.450,24.880,24.390,24.880,64626.000,,raw
2019-12-04,24.720,24.900,24.680,24.790,46344.000,,raw
2019-12-05,24.840,25.190,24.840,25.140,115348.000,,raw
2019-12-06,25.100,25.320,25.000,25.310,90329.000,,raw
2019-12-09,25.370,25.400,25.120,25.260,66813.000,,raw
2019-12-10,25.260,26.390,25.160,26.240,257118.000,,raw
2019-12-11,26.230,26.410,25.880,25.990,107887.000,,raw
2019-12-12,25.910,26.100,25.850,25.960,85741.000,,raw
2019-12-13,26.200,26.250,25.820,26.030,113166.000,,raw
2019-12-16,26.120,26.310,26.020,26.290,121019.000,,raw
2019-12-17,26.260,26.850,26.160,26.650,192465.000,,raw
2019-12-18,26.660,27.060,26.500,26.640,124597.000,,raw
2019-12-19,26.800,27.230,26.780,26.830,126537.000,,raw
2019-12-20,26.960,27.160,26.640,26.700,100275.000,,raw
2019-12-23,26.810,27.190,25.990,26.000,162881.000,,raw
2019-12-24,26.200,26.580,25.810,26.450,104580.000,,raw
2019-12-25,26.570,27.180,26.570,27.000,163956.000,,raw
2019-12-26,27.060,27.240,26.880,27.120,118331.000,,raw
2019-12-27,27.280,27.600,27.020,27.100,180082.000,,raw
2019-12-30,26.910,27.540,26.720,27.540,136280.000,,raw
2019-12-31,27.380,27.870,27.260,27.450,110651.000,,raw
2020-01-02,27.590,27.780,27.430,27.640,139042.000,,raw
2020-01-03,27.650,28.140,27.510,27.910,146467.000,,raw
2020-01-06,27.620,28.040,27.380,27.740,142046.000,,raw
2020-01-07,27.880,27.980,27.360,27.560,122644.000,,raw
2020-01-08,27.280,27.280,26.690,26.780,196377.000,,raw
2020-01-09,27.010,27.590,27.010,27.550,160738.000,,raw
2020-01-10,27.680,27.780,27.250,27.420,97043.000,,raw
2020-01-13,27.400,27.980,27.350,27.930,143321.000,,raw
2020-01-14,27.960,28.130,27.590,27.670,105796.000,,raw
2020-01-15,27.620,27.830,27.270,27.580,87094.000,,raw
2020-01-16,27.680,27.870,27.260,27.290,94392.000,,raw
2020-01-17,27.500,27.830,27.360,27.400,97636.000,,raw
2020-01-20,27.380,28.000,27.350,28.000,152213.000,,raw
2020-01-21,27.990,28.010,27.100,27.170,161053.000,,raw
2020-01-22,26.800,27.670,26.510,27.490,144446.000,,raw
2020-01-23,26.830,27.190,25.550,26.000,212961.000,,raw
2020-02-03,23.400,23.400,23.400,23.400,46773.000,,raw
2020-02-04,21.100,23.030,21.100,22.460,297430.000,,raw
2020-02-05,22.500,23.540,22.500,23.030,221884.000,,raw
2020-02-06,23.200,23.600,22.910,23.490,169574.000,,raw
2020-02-07,23.410,24.320,23.300,24.280,189683.000,,raw
2020-02-10,24.250,24.870,23.980,24.590,139392.000,,raw
2020-02-11,24.600,25.040,24.300,24.370,128137.000,,raw
2020-02-12,24.440,24.650,24.260,24.600,109097.000,,raw
2020-02-13,24.590,24.800,24.210,24.250,120156.000,,raw
2020-02-14,24.200,24.630,24.160,24.350,98685.000,,raw
2020-02-17,24.460,25.630,24.410,25.600,227548.000,,raw
2020-02-18,25.620,26.150,25.450,25.950,182999.000,,raw
2020-02-19,25.960,26.140,25.600,25.690,157953.000,,raw
2020-02-20,25.710,25.980,25.240,25.840,176334.000,,raw
2020-02-21,25.830,26.670,25.700,26.310,248455.000,,raw
2020-02-24,27.170,28.940,27.170,28.940,604865.000,,raw
2020-02-25,30.000,31.470,28.750,31.090,1064975.000,,raw
2020-02-26,30.160,30.780,28.500,28.790,700726.000,,raw
2020-02-27,29.050,29.880,28.210,29.500,498248.000,,raw
2020-02-28,28.010,30.450,28.010,29.980,481880.000,,raw
2020-03-02,31.310,32.980,30.550,32.980,695313.000,,raw
2020-03-03,34.980,36.200,32.610,33.000,1075535.000,,raw
2020-03-04,32.550,33.580,31.600,33.300,653664.000,,raw
2020-03-05,35.500,35.850,32.900,33.010,763739.000,,raw
2020-03-06,32.010,34.660,31.700,33.650,516965.000,,raw
2020-03-09,33.500,36.300,33.030,34.500,821898.000,,raw
2020-03-10,34.510,37.950,32.020,37.710,1122627.000,,raw
2020-03-11,38.200,40.880,37.620,37.900,1305043.000,,raw
2020-03-12,36.720,41.600,36.610,41.350,1197949.000,,raw
2020-03-13,39.280,41.950,39.260,39.460,1296010.000,,raw
2020-03-16,39.500,40.650,36.710,37.730,1160710.000,,raw
2020-03-17,38.510,38.850,34.800,36.500,948317.000,,raw
2020-03-18,36.900,37.650,34.110,34.330,860427.000,,raw
2020-03-19,34.280,37.760,34.200,37.760,1085449.000,,raw
2020-03-20,37.760,38.880,36.830,38.400,942984.000,,raw
2020-03-23,36.950,40.250,36.830,37.800,876767.000,,raw
2020-03-24,39.100,39.480,36.500,39.200,890049.000,,raw
2020-03-25,40.240,40.480,38.750,39.150,729767.000,,raw
2020-03-26,38.000,38.410,36.780,37.060,620996.000,,raw
2020-03-27,37.550,37.760,35.010,35.660,606051.000,,raw
2020-03-30,34.200,34.450,32.600,33.010,622089.000,,raw
2020-03-31,33.590,34.300,32.880,33.040,443861.000,,raw
2020-04-01,32.660,33.690,32.000,32.240,443140.000,,raw
2020-04-02,32.400,34.140,32.350,34.140,533305.000,,raw
2020-04-03,33.500,33.680,32.540,32.770,411295.000,,raw
2020-04-07,33.630,34.140,33.180,33.710,462971.000,,raw
2020-04-08,33.720,34.970,33.330,34.250,455628.000,,raw
2020-04-09,34.520,34.600,33.760,33.900,330461.000,,raw
2020-04-10,33.580,33.580,31.880,32.230,382195.000,,raw
2020-04-13,31.800,32.250,31.070,31.880,203715.000,,raw
2020-04-14,32.180,32.790,31.880,32.790,244232.000,,raw
2020-04-15,32.510,33.140,31.950,32.070,289312.000,,raw
2020-04-16,31.580,32.550,31.310,32.120,265219.000,,raw
2020-04-17,32.650,33.150,32.290,32.450,342193.000,,raw
2020-04-20,32.450,33.100,32.320,32.980,257181.000,,raw
2020-04-21,32.700,32.700,31.650,32.310,267475.000,,raw
2020-04-22,31.970,32.860,31.820,32.650,233337.000,,raw
2020-04-23,32.700,32.780,31.790,31.830,211226.000,,raw
2020-04-24,32.140,32.370,30.950,31.010,209800.000,,raw
2020-04-27,31.300,32.660,31.050,32.180,325022.000,,raw
2020-04-28,32.100,32.100,30.200,31.150,301732.000,,raw
2020-04-29,30.960,31.680,30.080,30.430,301061.000,,raw
2020-04-30,30.540,32.190,30.540,31.800,486564.000,,raw
2020-05-06,31.450,33.140,31.300,32.900,426757.000,,raw
2020-05-07,33.870,34.480,32.890,33.160,477991.000,,raw
2020-05-08,33.840,35.720,33.220,34.890,696261.000,,raw
2020-05-11,36.000,37.280,35.550,36.530,715576.000,,raw
2020-05-12,36.590,36.930,35.220,36.330,535239.000,,raw
2020-05-13,35.970,36.500,35.420,36.490,299165.000,,raw
2020-05-14,36.050,36.200,34.910,35.010,299377.000,,raw
2020-05-15,35.300,35.880,34.830,35.080,243670.000,,raw
2020-05-18,34.700,34.920,31.970,33.200,482990.000,,raw
2020-05-19,33.460,33.580,32.570,33.230,282353.000,,raw
2020-05-20,33.000,34.330,32.650,33.620,330847.000,,raw
2020-05-21,33.620,33.790,32.200,32.260,256481.000,,raw
2020-05-22,32.110,33.080,31.650,32.170,237785.000,,raw
2020-05-25,29.900,30.380,28.950,29.000,712519.000,,raw
2020-05-26,29.250,29.630,28.840,29.610,326246.000,,raw
2020-05-27,29.680,29.710,28.330,28.430,383289.000,,raw
2020-05-28,28.340,28.790,27.490,28.350,314236.000,,raw
2020-05-29,28.040,28.450,27.740,27.950,201534.000,,raw
2020-06-01,28.360,29.480,28.100,29.280,366308.000,,raw
2020-06-02,29.460,29.560,28.800,29.180,271452.000,,raw
2020-06-03,29.330,30.900,28.950,30.250,450036.000,,raw
2020-06-04,30.130,30.340,29.690,29.840,223504.000,,raw
2020-06-05,30.310,30.630,29.740,29.850,243850.000,,raw
2020-06-08,30.050,30.700,29.900,29.980,207011.000,,raw
2020-06-09,29.860,29.870,29.160,29.550,192664.000,,raw
2020-06-10,29.550,29.550,28.950,29.160,165731.000,,raw
2020-06-11,29.150,29.590,28.900,29.020,188709.000,,raw
2020-06-12,28.050,28.850,28.030,28.640,223137.000,,raw
2020-06-15,28.490,28.960,28.260,28.300,152893.000,,raw
2020-06-16,28.800,29.670,28.800,29.620,315204.000,,raw
2020-06-17,29.840,29.840,29.040,29.400,191990.000,,raw
2020-06-18,29.240,30.820,29.110,30.350,458223.000,,raw
2020-06-19,30.350,30.650,29.830,30.070,282540.000,,raw
2020-06-22,29.960,30.170,29.550,29.830,277090.000,,raw
2020-06-23,29.700,29.730,29.030,29.090,277669.000,,raw
2020-06-24,29.090,29.300,29.020,29.170,177196.000,,raw
2020-06-29,29.000,29.000,28.300,28.590,222868.000,,raw
2020-06-30,28.780,29.320,28.760,28.910,207919.000,,raw
2020-07-01,28.980,29.240,28.600,28.940,235759.000,,raw
2020-07-02,28.930,29.820,28.600,29.810,402241.000,,raw
2020-07-03,29.990,30.300,29.640,30.140,446225.000,,raw
2020-07-06,30.530,33.080,30.310,32.360,667258.000,,raw
2020-07-07,33.070,33.500,31.620,32.350,683699.000,,raw
2020-07-08,32.140,33.420,31.720,32.960,530092.000,,raw
2020-07-09,33.000,34.590,32.670,33.960,596320.000,,raw
2020-07-10,33.800,33.800,32.850,32.860,448944.000,,raw
2020-07-13,32.490,33.500,32.420,33.450,430494.000,,raw
2020-07-14,33.450,33.760,31.910,32.260,498514.000,,raw
2020-07-15,32.350,32.640,30.800,30.970,419015.000,,raw
2020-07-16,30.970,31.250,28.900,29.170,372795.000,,raw
2020-07-17,29.000,29.110,28.400,28.820,237366.000,"{'nd': '2019', 'fh_sh': '3.4', 'djr': '2020-07-16', 'cqr': '2020-07-17', 'FHcontent': '10派3.4元'}",raw
2020-07-20,29.020,29.770,28.750,29.740,223279.000,,raw
2020-07-21,29.770,30.120,29.300,29.940,202564.000,,raw
2020-07-22,29.940,30.250,29.550,29.710,212038.000,,raw
2020-07-23,29.340,29.340,28.570,28.990,243888.000,,raw
2020-07-24,28.780,29.290,27.850,28.010,238972.000,,raw
2020-07-27,28.010,28.390,27.590,28.190,126227.000,,raw
2020-07-28,28.230,28.480,28.070,28.290,103914.000,,raw
2020-07-29,28.350,28.810,28.080,28.750,168622.000,,raw
2020-07-30,28.930,28.970,28.250,28.310,148498.000,,raw
2020-07-31,28.290,28.750,28.150,28.390,157245.000,,raw
2020-08-03,28.470,29.000,28.390,28.990,230825.000,,raw
2020-08-04,29.040,29.100,28.480,28.550,199912.000,,raw
2020-08-05,28.710,28.900,28.440,28.700,153650.000,,raw
2020-08-06,28.600,28.700,28.030,28.250,202382.000,,raw
2020-08-07,28.250,28.250,27.600,27.700,198139.000,,raw
2020-08-10,27.500,27.920,27.410,27.760,133052.000,,raw
2020-08-11,27.770,27.990,27.450,27.460,144450.000,,raw
2020-08-12,27.410,27.870,27.080,27.870,182057.000,,raw
2020-08-13,27.900,28.070,27.600,27.610,118885.000,,raw
2020-08-14,27.560,27.810,27.440,27.740,82668.000,,raw
2020-08-17,27.810,28.400,27.770,28.350,196536.000,,raw
2020-08-18,28.500,28.560,28.110,28.240,131046.000,,raw
2020-08-19,28.170,28.170,27.500,27.600,148263.000,,raw
2020-08-20,27.350,27.680,27.220,27.370,89572.000,,raw
2020-08-21,27.250,27.790,27.250,27.390,88898.000,,raw
2020-08-24,27.250,27.410,26.950,27.010,152715.000,,raw
2020-08-25,27.050,27.160,26.750,26.790,122956.000,,raw
2020-08-26,26.810,26.870,25.950,26.000,171359.000,,raw
2020-08-27,26.030,26.440,25.610,26.150,138236.000,,raw
2020-08-28,26.120,26.250,25.700,26.160,127933.000,,raw
2020-08-31,26.100,26.730,26.000,26.300,144989.000,,raw
2020-09-01,26.280,26.650,26.200,26.550,90671.000,,raw
2020-09-02,26.580,26.660,26.200,26.310,95711.000,,raw
2020-09-03,26.300,26.300,25.620,25.670,145525.000,,raw
2020-09-04,25.400,25.460,25.100,25.410,113890.000,,raw
2020-09-07,25.410,25.660,24.930,24.990,117982.000,,raw
2020-09-08,24.990,25.080,24.110,24.400,150899.000,,raw
2020-09-09,24.200,24.330,23.760,23.810,135956.000,,raw
2020-09-10,24.000,24.160,23.400,23.490,109488.000,,raw
2020-09-11,23.590,23.970,23.370,23.910,80641.000,,raw
2020-09-14,24.090,24.380,23.960,24.270,74166.000,,raw
2020-09-15,24.400,24.410,24.130,24.210,54399.000,,raw
2020-09-16,24.190,24.470,24.020,24.300,65461.000,,raw
2020-09-17,24.200,24.450,23.900,24.300,83851.000,,raw
2020-09-18,24.300,24.750,24.160,24.720,97215.000,,raw
2020-09-21,24.750,25.400,24.750,25.120,108259.000,,raw
2020-09-22,24.880,25.060,24.460,24.510,76297.000,,raw
2020-09-23,24.730,24.730,24.400,24.430,47369.000,,raw
2020-09-24,24.200,24.340,23.820,23.910,72348.000,,raw
2020-09-25,24.030,24.100,23.650,23.660,48023.000,,raw
2020-09-28,23.690,23.870,23.590,23.590,40853.000,,raw
2020-09-29,23.670,24.200,23.670,23.850,55429.000,,raw
2020-09-30,23.960,24.000,23.680,23.760,45137.000,,raw
2020-10-09,24.000,24.410,24.000,24.390,70995.000,,raw
2020-10-12,24.450,24.980,24.450,24.940,89654.000,,raw
2020-10-13,24.950,25.100,24.750,24.990,71073.000,,raw
2020-10-14,24.900,24.910,24.640,24.660,58793.000,,raw
2020-10-15,24.690,24.760,24.430,24.440,47559.000,,raw
2020-10-16,24.580,24.660,24.200,24.320,46288.000,,raw
2020-10-19,24.800,25.250,24.550,24.690,121607.000,,raw
2020-10-20,24.620,24.930,24.360,24.930,60324.000,,raw
2020-10-21,25.000,25.000,24.530,24.610,48454.000,,raw
2020-10-22,24.510,24.720,24.360,24.600,38728.000,,raw
2020-10-23,24.550,24.790,24.420,24.420,39084.000,,raw
2020-10-26,24.430,24.430,24.030,24.070,52197.000,,raw
2020-10-27,24.000,24.180,23.910,24.000,35160.000,,raw
2020-10-28,24.020,24.250,23.700,24.110,57020.000,,raw
2020-10-29,23.880,24.040,23.800,23.850,54810.000,,raw
2020-10-30,23.950,24.090,23.570,23.610,66215.000,,raw
2020-11-02,23.950,23.950,22.820,22.910,98191.000,,raw
2020-11-03,22.910,23.590,22.910,23.520,68443.000,,raw
2020-11-04,23.600,23.750,23.390,23.590,47381.000,,raw
2020-11-05,23.800,25.950,23.780,25.950,377976.000,,raw
2020-11-06,26.100,26.560,25.630,25.850,348006.000,,raw
2020-11-09,26.100,26.870,25.780,26.320,359339.000,,raw
2020-11-10,26.200,26.210,25.710,25.710,171737.000,,raw
2020-11-11,25.630,25.780,25.160,25.220,134169.000,,raw
2020-11-12,25.250,25.620,25.130,25.160,102917.000,,raw
2020-11-13,24.980,24.980,24.590,24.820,103092.000,,raw
2020-11-16,24.880,25.280,24.620,25.200,102640.000,,raw
2020-11-17,25.060,25.280,24.720,25.270,85966.000,,raw
2020-11-18,24.990,25.430,24.950,25.100,96782.000,,raw
2020-11-19,25.040,25.700,25.010,25.640,131540.000,,raw
2020-11-20,25.700,25.870,25.330,25.650,118344.000,,raw
2020-11-23,25.690,25.720,25.270,25.330,94986.000,,raw
2020-11-24,25.290,25.830,25.250,25.560,94807.000,,raw
2020-11-25,25.400,25.820,25.210,25.330,125737.000,,raw
2020-11-26,25.260,25.480,25.100,25.250,74051.000,,raw
2020-11-27,25.270,25.400,24.830,24.950,79546.000,,raw
2020-11-30,24.930,25.420,24.740,24.860,93250.000,,raw
2020-12-01,24.970,25.130,24.860,25.040,76771.000,,raw
2020-12-02,25.000,25.570,24.920,25.380,137630.000,,raw
2020-12-03,25.380,25.530,25.130,25.170,83277.000,,raw
2020-12-04,25.200,25.240,24.930,24.980,64598.000,,raw
2020-12-07,24.990,25.060,24.180,24.270,106789.000,,raw
2020-12-08,24.310,24.580,24.310,24.380,51939.000,,raw
2020-12-09,24.390,24.480,23.750,23.750,94996.000,,raw
2020-12-10,23.750,23.980,23.560,23.580,66922.000,,raw
2020-12-11,23.600,23.660,23.030,23.250,105972.000,,raw
2020-12-14,23.300,23.560,23.200,23.410,59271.000,,raw
2020-12-15,23.420,23.690,23.220,23.640,55011.000,,raw
2020-12-16,23.660,23.800,23.210,23.270,55935.000,,raw
2020-12-17,23.260,23.500,23.060,23.440,55281.000,,raw
2020-12-18,23.400,23.610,23.300,23.320,50611.000,,raw
2020-12-21,23.320,23.530,23.180,23.320,59281.000,,raw
2020-12-22,23.280,23.390,22.800,22.820,100088.000,,raw
2020-12-23,22.820,22.940,22.410,22.680,91657.000,,raw
2020-12-24,22.600,22.780,22.130,22.160,77127.000,,raw
2020-12-25,22.160,22.300,22.000,22.240,55435.000,,raw
2020-12-28,22.250,22.290,21.700,21.730,74649.000,,raw
2020-12-29,21.950,23.900,21.930,23.900,206487.000,,raw
2020-12-30,24.000,24.250,23.200,24.010,236635.000,,raw
2020-12-31,24.020,24.310,23.620,24.080,188816.000,,raw
2021-01-04,23.650,24.630,23.520,24.600,239623.000,,raw
2021-01-05,24.500,25.100,24.260,24.670,235848.000,,raw
2021-01-06,24.870,24.890,23.940,24.100,159131.000,,raw
2021-01-07,24.000,24.110,23.360,23.650,132347.000,,raw
2021-01-08,23.580,25.150,23.560,24.450,241865.000,,raw
2021-01-11,24.300,24.850,24.130,24.500,180380.000,,raw
2021-01-12,24.300,24.690,24.050,24.600,149820.000,,raw
2021-01-13,24.640,25.500,24.480,25.280,315311.000,,raw
2021-01-14,25.050,25.610,24.810,25.100,225453.000,,raw
2021-01-15,25.150,25.150,24.410,24.440,159300.000,,raw
2021-01-18,24.300,24.870,24.220,24.640,156686.000,,raw
2021-01-19,24.790,24.860,23.980,24.270,161580.000,,raw
2021-01-20,24.120,24.300,23.920,24.220,91650.000,,raw
2021-01-21,24.160,24.260,23.650,23.890,130499.000,,raw
2021-01-22,23.880,23.880,22.700,22.790,216493.000,,raw
2021-01-25,20.860,21.920,20.860,21.520,284242.000,,raw
2021-01-26,21.400,21.750,21.050,21.140,126978.000,,raw
2021-01-27,21.110,21.460,21.050,21.140,73833.000,,raw
2021-01-28,21.030,21.250,20.910,20.990,84443.000,,raw
2021-01-29,20.990,21.130,19.940,20.060,189497.000,,raw
2021-02-01,20.110,20.270,19.090,19.230,182207.000,,raw
2021-02-02,19.220,19.480,18.720,19.200,118700.000,,raw
2021-02-03,19.210,19.380,18.820,18.840,116426.000,,raw
2021-02-04,18.840,18.970,17.900,18.410,154560.000,,raw
2021-02-05,18.350,18.680,18.050,18.080,82298.000,,raw
2021-02-08,18.240,18.400,18.140,18.190,65846.000,,raw
2021-02-09,18.200,18.650,18.110,18.550,84900.000,,raw
2021-02-10,18.560,18.700,18.370,18.630,71795.000,,raw
2021-02-18,19.010,19.360,18.860,19.270,103084.000,,raw
2021-02-19,19.340,19.850,19.110,19.750,98276.000,,raw
2021-02-22,19.900,20.080,19.530,19.620,151788.000,,raw
2021-02-23,19.610,19.830,19.380,19.480,85259.000,,raw
2021-02-24,19.480,19.770,19.290,19.510,77011.000,,raw
2021-02-25,19.600,19.690,19.270,19.280,70068.000,,raw
2021-02-26,19.100,19.500,18.910,19.140,80755.000,,raw
2021-03-01,19.180,19.620,19.100,19.570,87161.000,,raw
2021-03-02,19.600,19.690,19.340,19.420,65789.000,,raw
2021-03-03,19.390,19.580,19.280,19.520,66348.000,,raw
2021-03-04,19.400,19.550,19.040,19.070,84644.000,,raw
2021-03-05,19.050,19.440,18.920,19.340,74246.000,,raw
2021-03-08,19.410,19.740,19.170,19.180,95566.000,,raw
2021-03-09,19.180,19.370,18.580,18.820,97206.000,,raw
2021-03-10,19.000,19.090,18.480,18.520,72545.000,,raw
2021-03-11,18.510,18.830,18.310,18.690,64012.000,,raw
2021-03-12,18.700,18.710,18.410,18.520,50189.000,,raw
2021-03-15,18.430,18.430,18.000,18.150,78322.000,,raw
2021-03-16,18.230,18.550,18.110,18.440,64392.000,,raw
2021-03-17,18.580,19.270,18.580,18.940,116301.000,,raw
2021-03-18,18.930,18.930,18.610,18.660,59199.000,,raw
2021-03-19,18.460,18.710,18.350,18.390,49635.000,,raw
2021-03-22,18.380,18.550,18.340,18.500,40477.000,,raw
2021-03-23,18.510,18.700,18.440,18.520,44092.000,,raw
2021-03-24,18.480,18.550,18.270,18.320,45920.000,,raw
2021-03-25,18.290,18.430,18.260,18.320,34633.000,,raw
2021-03-26,18.460,18.680,18.460,18.640,60599.000,,raw
2021-03-29,18.760,18.770,18.510,18.540,44805.000,,raw
2021-03-30,18.540,18.570,18.330,18.360,43505.000,,raw
2021-03-31,18.370,18.500,18.280,18.400,32906.000,,raw
2021-04-01,18.520,18.790,18.360,18.600,60433.000,,raw
2021-04-02,18.510,18.750,18.490,18.640,51984.000,,raw
2021-04-06,18.640,18.680,18.550,18.630,36213.000,,raw
2021-04-07,18.680,19.260,18.550,19.190,116700.000,,raw
2021-04-08,19.130,19.150,18.800,18.820,78285.000,,raw
2021-04-09,18.870,18.970,18.690,18.860,49405.000,,raw
2021-04-12,18.860,18.910,18.570,18.590,49636.000,,raw
2021-04-13,18.590,18.710,18.410,18.460,41417.000,,raw
2021-04-14,18.400,18.580,18.380,18.490,37695.000,,raw
2021-04-15,18.470,18.470,18.200,18.270,45331.000,,raw
2021-04-16,18.270,18.650,18.260,18.510,44302.000,,raw
2021-04-19,18.480,18.860,18.420,18.810,64007.000,,raw
2021-04-20,18.800,18.850,18.670,18.700,46456.000,,raw
2021-04-21,18.660,18.660,18.400,18.530,37964.000,,raw
2021-04-22,18.550,18.990,18.460,18.760,80587.000,,raw
2021-04-23,18.610,18.940,18.550,18.890,84747.000,,raw
2021-04-26,18.990,19.090,18.650,18.770,78660.000,,raw
2021-04-27,18.980,18.980,18.400,18.400,65466.000,,raw
2021-04-28,18.340,18.480,18.260,18.470,42843.000,,raw
2021-04-29,18.390,18.550,18.310,18.320,49276.000,,raw
2021-04-30,18.300,18.350,17.670,17.850,126820.000,,raw
2021-05-06,17.800,17.840,17.680,17.710,48368.000,,raw
2021-05-07,17.690,17.760,17.400,17.440,61978.000,,raw
2021-05-10,17.440,17.440,17.000,17.030,85449.000,,raw
2021-05-11,17.000,17.340,16.840,17.320,68624.000,,raw
2021-05-12,17.230,17.380,17.140,17.360,43278.000,,raw
2021-05-13,17.170,17.560,17.170,17.280,49980.000,,raw
2021-05-14,17.300,17.520,17.240,17.480,49374.000,,raw
2021-05-17,17.490,17.740,17.490,17.560,58479.000,,raw
2021-05-18,17.630,17.740,17.450,17.610,47446.000,,raw
2021-05-19,17.560,17.570,17.390,17.410,45532.000,,raw
2021-05-20,17.400,17.470,17.300,17.320,39407.000,,raw
2021-05-21,17.300,17.410,17.230,17.260,40912.000,,raw
2021-05-24,17.260,17.420,17.120,17.350,58124.000,,raw
2021-05-25,17.320,17.600,17.270,17.580,69691.000,,raw
2021-05-26,17.620,17.840,17.520,17.540,69514.000,,raw
2021-05-27,17.500,18.060,17.500,17.760,130552.000,,raw
2021-05-28,17.760,18.120,17.740,17.970,107909.000,,raw
2021-05-31,17.970,18.290,17.970,18.090,86482.000,,raw
2021-06-01,18.100,18.230,17.920,18.090,83336.000,,raw
2021-06-02,18.120,18.180,17.770,17.780,78217.000,,raw
2021-06-03,17.820,18.850,17.810,18.400,218122.000,,raw
2021-06-04,18.340,18.650,18.280,18.570,125870.000,,raw
2021-06-07,18.560,18.940,18.500,18.680,115538.000,,raw
2021-06-08,18.670,18.810,18.430,18.620,111376.000,,raw
2021-06-09,18.660,18.830,18.370,18.410,95771.000,,raw
2021-06-10,18.370,18.870,18.360,18.820,168626.000,,raw
2021-06-11,18.890,18.940,18.540,18.590,162049.000,,raw
2021-06-15,18.540,18.770,18.040,18.080,130106.000,,raw
2021-06-16,18.250,18.430,17.970,18.080,95649.000,,raw
2021-06-17,18.040,18.410,18.040,18.350,90141.000,,raw
2021-06-18,18.360,18.880,18.290,18.710,131077.000,,raw
2021-06-21,18.620,18.870,18.540,18.720,96314.000,,raw
2021-06-22,18.710,18.750,18.460,18.550,82146.000,,raw
2021-06-23,18.490,18.800,18.370,18.780,138190.000,,raw
2021-06-24,18.800,18.970,18.580,18.600,122188.000,,raw
2021-06-25,18.520,18.740,18.400,18.610,83573.000,,raw
2021-06-28,18.670,19.150,18.570,19.030,164499.000,,raw
2021-06-29,18.910,19.040,18.500,18.510,129668.000,,raw
2021-06-30,18.530,18.660,18.400,18.630,70531.000,,raw
2021-07-01,18.630,18.690,18.030,18.060,95683.000,,raw
2021-07-02,17.990,17.990,17.550,17.620,104733.000,,raw
2021-07-05,17.630,17.840,17.630,17.780,58664.000,,raw
2021-07-06,17.730,17.860,17.600,17.770,63903.000,,raw
2021-07-07,17.690,17.740,17.560,17.690,63455.000,,raw
2021-07-08,17.710,17.730,17.390,17.450,82248.000,,raw
2021-07-09,17.410,17.620,17.380,17.540,55686.000,,raw
2021-07-12,17.780,19.250,17.770,18.970,375960.000,,raw
2021-07-13,18.940,19.140,18.600,18.840,238032.000,,raw
2021-07-14,18.890,19.280,18.770,18.780,164007.000,,raw
2021-07-15,18.830,18.960,18.410,18.570,125462.000,,raw
2021-07-16,18.520,18.630,18.340,18.400,88648.000,"{'nd': '2020', 'fh_sh': '0.8', 'djr': '2021-07-15', 'cqr': '2021-07-16', 'FHcontent': '10派0.8元'}",raw
2021-07-19,18.300,19.650,17.920,19.650,398666.000,,raw
2021-07-20,19.500,19.590,19.130,19.390,214559.000,,raw
2021-07-21,19.390,19.560,19.190,19.330,214317.000,,raw
2021-07-22,19.330,20.150,19.220,19.500,254454.000,,raw
2021-07-23,19.820,20.070,19.250,19.570,204196.000,,raw
2021-07-26,19.460,19.480,18.500,18.920,195390.000,,raw
2021-07-27,18.920,19.900,18.760,19.430,328603.000,,raw
2021-07-28,19.360,19.970,18.730,19.920,374944.000,,raw
2021-07-29,20.200,20.290,19.650,20.050,366438.000,,raw
2021-07-30,19.700,20.560,19.620,19.870,340420.000,,raw
2021-08-02,19.920,20.680,19.920,20.680,354018.000,,raw
2021-08-03,20.760,21.600,20.220,20.300,434421.000,,raw
2021-08-04,20.100,20.710,20.000,20.420,255819.000,,raw
2021-08-05,20.200,20.320,19.860,19.980,201810.000,,raw
2021-08-06,19.890,20.500,19.680,20.240,187341.000,,raw
2021-08-09,20.270,20.630,20.100,20.420,161391.000,,raw
2021-08-10,20.420,20.500,20.010,20.190,155359.000,,raw
2021-08-11,20.180,20.180,19.500,19.560,233635.000,,raw
2021-08-12,19.430,19.830,19.370,19.590,136769.000,,raw
2021-08-13,19.490,19.650,19.290,19.400,122195.000,,raw
2021-08-16,19.340,19.560,19.200,19.290,96419.000,,raw
2021-08-17,19.220,19.310,18.850,18.870,131176.000,,raw
2021-08-18,18.820,19.050,18.810,19.050,86027.000,,raw
2021-08-19,18.950,19.450,18.930,19.440,134503.000,,raw
2021-08-20,19.250,19.370,18.900,19.080,96825.000,,raw
2021-08-23,19.180,19.300,18.960,19.230,98021.000,,raw
2021-08-24,19.220,19.220,18.980,19.080,89576.000,,raw
2021-08-25,19.080,19.210,18.910,18.920,81916.000,,raw
2021-08-26,18.900,18.900,18.300,18.310,167955.000,,raw
2021-08-27,18.260,18.480,18.180,18.460,81599.000,,raw
2021-08-30,18.600,18.690,18.010,18.130,114326.000,,raw
2021-08-31,18.140,18.200,17.850,18.180,95405.000,,raw
2021-09-01,18.180,18.380,18.000,18.360,99337.000,,raw
2021-09-02,18.360,18.360,18.120,18.160,77981.000,,raw
2021-09-03,18.100,18.370,18.090,18.270,68319.000,,raw
2021-09-06,18.280,18.680,18.210,18.590,97701.000,,raw
2021-09-07,18.590,18.770,18.500,18.630,90299.000,,raw
2021-09-08,18.630,18.850,18.590,18.740,103134.000,,raw
2021-09-09,18.740,18.850,18.560,18.720,90605.000,,raw
2021-09-10,18.700,18.790,18.520,18.600,102228.000,,raw
2021-09-13,18.540,18.550,18.240,18.280,93508.000,,raw
2021-09-14,18.280,18.570,18.260,18.330,86728.000,,raw
2021-09-15,18.230,18.460,18.140,18.350,51470.000,,raw
2021-09-16,18.340,18.410,18.000,18.090,81787.000,,raw
2021-09-17,18.020,18.150,17.860,18.110,63943.000,,raw
2021-09-22,18.010,18.110,17.930,18.080,49345.000,,raw
2021-09-23,18.180,18.400,18.140,18.230,79074.000,,raw
2021-09-24,18.240,18.320,18.010,18.050,60820.000,,raw
2021-09-27,18.380,18.500,18.080,18.150,83041.000,,raw
2021-09-28,17.970,18.060,17.890,17.950,50413.000,,raw
2021-09-29,17.820,17.880,17.560,17.610,73700.000,,raw
2021-09-30,17.590,17.800,17.580,17.640,39395.000,,raw
2021-10-08,17.740,17.980,17.740,17.890,49234.000,,raw
2021-10-11,17.920,18.970,17.900,18.750,183346.000,,raw
2021-10-12,18.500,18.840,18.430,18.560,102860.000,,raw
2021-10-13,18.560,18.750,18.550,18.660,89792.000,,raw
2021-10-14,18.660,18.750,18.530,18.640,62727.000,,raw
2021-10-15,18.700,18.850,18.350,18.490,80689.000,,raw
2021-10-18,18.430,18.430,18.250,18.340,56502.000,,raw
2021-10-19,18.360,18.390,18.120,18.340,62854.000,,raw
2021-10-20,18.430,18.430,18.060,18.060,65545.000,,raw
2021-10-21,18.060,18.130,17.770,17.830,83631.000,,raw
2021-10-22,17.880,18.000,17.750,17.990,53931.000,,raw
2021-10-25,17.800,17.830,17.530,17.680,71364.000,,raw
2021-10-26,17.540,17.680,17.500,17.550,61521.000,,raw
2021-10-27,17.550,17.550,17.030,17.080,92431.000,,raw
2021-10-28,17.030,17.220,17.030,17.130,52854.000,,raw
2021-10-29,17.150,17.290,17.110,17.230,38603.000,,raw
2021-11-01,17.230,17.300,17.040,17.260,53133.000,,raw
2021-11-02,17.280,17.530,17.130,17.280,69559.000,,raw
2021-11-03,17.350,17.590,17.290,17.490,54778.000,,raw
2021-11-04,17.450,18.000,17.430,17.730,94911.000,,raw
2021-11-05,17.710,17.880,17.570,17.570,63026.000,,raw
2021-11-08,17.580,17.640,17.380,17.410,47682.000,,raw
2021-11-09,17.450,17.640,17.370,17.620,47779.000,,raw
2021-11-10,17.600,17.720,17.480,17.590,53987.000,,raw
2021-11-11,17.560,17.770,17.450,17.690,63079.000,,raw
2021-11-12,17.640,18.100,17.640,17.950,95832.000,,raw
2021-11-15,18.040,18.110,17.860,17.960,61272.000,,raw
2021-11-16,17.980,18.140,17.860,17.930,74860.000,,raw
2021-11-17,17.940,18.090,17.800,18.010,69101.000,,raw
2021-11-18,17.940,18.140,17.700,17.700,81026.000,,raw
2021-11-19,17.640,17.930,17.520,17.890,73371.000,,raw
2021-11-22,17.890,18.070,17.840,17.990,68918.000,,raw
2021-11-23,17.910,18.200,17.910,18.040,74933.000,,raw
2021-11-24,18.050,18.260,18.000,18.190,93230.000,,raw
2021-11-25,18.260,18.290,17.900,17.910,83349.000,,raw
2021-11-26,17.910,17.940,17.750,17.770,64260.000,,raw
2021-11-29,17.530,17.640,17.490,17.490,77766.000,,raw
2021-11-30,17.590,17.800,17.590,17.750,74748.000,,raw
2021-12-01,17.760,18.190,17.660,18.120,110284.000,,raw
2021-12-02,18.180,18.230,18.020,18.100,77259.000,,raw
2021-12-03,18.140,18.190,18.010,18.130,60348.000,,raw
2021-12-06,18.150,18.190,17.800,17.820,64745.000,,raw
2021-12-07,17.860,17.920,17.640,17.700,67326.000,,raw
2021-12-08,17.750,17.770,17.640,17.740,58274.000,,raw
2021-12-09,17.740,17.930,17.680,17.810,77436.000,,raw
2021-12-10,17.720,17.740,17.610,17.710,83714.000,,raw
2021-12-13,17.720,17.910,17.620,17.760,100367.000,,raw
2021-12-14,17.740,18.040,17.700,17.900,85654.000,,raw
2021-12-15,17.920,18.120,17.880,17.910,98047.000,,raw
2021-12-16,17.820,18.020,17.760,18.020,78318.000,,raw
2021-12-17,17.980,18.160,17.900,17.980,92012.000,,raw
2021-12-20,18.010,18.170,17.790,17.840,76218.000,,raw
2021-12-21,17.810,17.990,17.750,17.930,63315.000,,raw
2021-12-22,17.930,18.040,17.840,17.850,74896.000,,raw
2021-12-23,17.830,17.850,17.630,17.640,88247.000,,raw
2021-12-24,17.660,17.740,17.500,17.570,58816.000,,raw
2021-12-27,17.530,17.800,17.520,17.690,49768.000,,raw
2021-12-28,17.690,17.830,17.630,17.760,51679.000,,raw
2021-12-29,17.760,17.780,17.660,17.680,48601.000,,raw
2021-12-30,17.660,17.910,17.660,17.860,63873.000,,raw
2021-12-31,17.850,18.050,17.750,17.980,85981.000,,raw
2022-01-04,17.990,18.240,17.980,18.170,121792.000,,raw
2022-01-05,18.170,18.270,17.980,18.030,91230.000,,raw
2022-01-06,18.080,18.230,17.900,18.020,81763.000,,raw
2022-01-07,18.020,18.150,17.920,17.930,79817.000,,raw
2022-01-10,17.920,18.190,17.770,18.160,103206.000,,raw
2022-01-11,18.120,18.360,18.010,18.020,104611.000,,raw
2022-01-12,18.060,18.170,17.910,18.020,61462.000,,raw
2022-01-13,18.240,18.410,17.990,18.020,100034.000,,raw
2022-01-14,17.920,18.030,17.810,17.840,70719.000,,raw
2022-01-17,17.920,18.590,17.910,18.550,234152.000,,raw
2022-01-18,18.530,18.680,18.360,18.410,149530.000,,raw
2022-01-19,18.330,18.550,18.320,18.510,102842.000,,raw
2022-01-20,18.650,18.650,18.290,18.370,100988.000,,raw
2022-01-21,18.320,18.450,18.040,18.130,89453.000,,raw
2022-01-24,18.090,18.210,17.870,17.870,87214.000,,raw
2022-01-25,17.810,17.870,17.100,17.100,150509.000,,raw
2022-01-26,17.220,17.280,16.660,16.810,135847.000,,raw
2022-01-27,16.730,16.800,16.160,16.160,125177.000,,raw
2022-01-28,16.320,16.480,16.190,16.350,76680.000,,raw
2022-02-07,16.650,16.700,16.510,16.540,58501.000,,raw
2022-02-08,16.510,16.780,16.430,16.780,56475.000,,raw
2022-02-09,16.780,17.210,16.700,17.200,82753.000,,raw
2022-02-10,17.160,17.230,16.940,17.070,62120.000,,raw
2022-02-11,17.000,17.120,16.910,16.990,48470.000,,raw
2022-02-14,16.870,16.940,16.710,16.860,42736.000,,raw
2022-02-15,16.850,17.030,16.780,16.940,31937.000,,raw
2022-02-16,17.050,17.140,16.870,16.950,35919.000,,raw
2022-02-17,16.900,16.930,16.740,16.830,56830.000,,raw
2022-02-18,16.880,17.130,16.800,17.120,67432.000,,raw
2022-02-21,17.350,17.890,17.230,17.820,168263.000,,raw
2022-02-22,17.680,18.040,17.580,17.840,113795.000,,raw
2022-02-23,17.810,17.960,17.720,17.840,75672.000,,raw
2022-02-24,17.720,17.860,17.320,17.480,106475.000,,raw
2022-02-25,17.650,17.700,17.340,17.380,60901.000,,raw
2022-02-28,17.380,17.470,17.130,17.200,66672.000,,raw
2022-03-01,17.200,17.300,17.130,17.220,48558.000,,raw
2022-03-02,17.180,17.380,17.110,17.320,49104.000,,raw
2022-03-03,17.350,17.400,17.030,17.100,56675.000,,raw
2022-03-04,17.090,17.090,16.810,16.890,57370.000,,raw
2022-03-07,16.770,16.770,16.360,16.400,90510.000,,raw
2022-03-08,16.400,16.600,15.910,16.000,101777.000,,raw
2022-03-09,16.080,16.160,15.000,15.590,114033.000,,raw
2022-03-10,15.900,15.950,15.560,15.610,65355.000,,raw
2022-03-11,15.400,15.740,15.150,15.730,66406.000,,raw
2022-03-14,15.600,15.750,15.370,15.370,50329.000,,raw
2022-03-15,15.300,15.350,14.420,14.450,121330.000,,raw
2022-03-16,14.650,14.830,13.950,14.730,101509.000,,raw
2022-03-17,14.920,15.140,14.860,14.910,78625.000,,raw
2022-03-18,14.950,15.110,14.780,15.060,46439.000,,raw
2022-03-21,15.160,15.160,14.850,14.980,57625.000,,raw
2022-03-22,14.940,15.070,14.860,14.900,39217.000,,raw
2022-03-23,14.880,16.390,14.880,16.390,303015.000,,raw
2022-03-24,16.290,16.290,15.580,15.620,224138.000,,raw
2022-03-25,15.580,15.650,15.330,15.340,92291.000,,raw
2022-03-28,15.200,15.440,14.930,15.300,102345.000,,raw
2022-03-29,15.320,15.480,15.060,15.120,74360.000,,raw
2022-03-30,15.170,15.300,15.050,15.240,60780.000,,raw
2022-03-31,15.190,15.240,15.120,15.130,48304.000,,raw
2022-04-01,15.130,15.160,14.940,15.070,51446.000,,raw
2022-04-06,15.000,15.190,14.950,15.170,41883.000,,raw
2022-04-07,15.140,15.200,14.720,14.740,76335.000,,raw
2022-04-08,14.690,14.800,14.320,14.530,63595.000,,raw
2022-04-11,14.520,14.520,14.010,14.130,57097.000,,raw
2022-04-12,14.160,14.490,14.000,14.470,44604.000,,raw
2022-04-13,14.390,14.450,14.190,14.190,35007.000,,raw
2022-04-14,14.290,14.400,14.270,14.280,30718.000,,raw
2022-04-15,14.230,14.250,14.050,14.130,34425.000,,raw
2022-04-18,14.090,14.420,14.020,14.420,52589.000,,raw
2022-04-19,14.350,14.610,14.320,14.570,43995.000,,raw
2022-04-20,14.700,14.720,14.300,14.400,39636.000,,raw
2022-04-21,14.310,14.480,14.030,14.080,47267.000,,raw
2022-04-22,14.010,14.380,13.980,14.230,46538.000,,raw
2022-04-25,14.150,14.150,13.110,13.190,102556.000,,raw
2022-04-26,13.360,13.450,12.510,12.590,98342.000,,raw
2022-04-27,12.400,13.140,12.330,13.100,86677.000,,raw
2022-04-28,13.000,13.110,12.660,12.880,58137.000,,raw
2022-04-29,12.980,13.580,12.980,13.430,73647.000,,raw
2022-05-05,13.150,13.470,13.140,13.340,68683.000,,raw
2022-05-06,13.080,13.230,12.980,13.070,55609.000,,raw
2022-05-09,13.030,13.170,12.960,13.110,33475.000,,raw
2022-05-10,13.020,13.260,12.940,13.200,49771.000,,raw
2022-05-11,13.200,13.490,13.180,13.200,70979.000,,raw
2022-05-12,13.180,13.380,13.140,13.270,39071.000,,raw
2022-05-13,13.340,13.410,13.200,13.320,35569.000,,raw
2022-05-16,13.390,13.420,13.200,13.230,40995.000,,raw
2022-05-17,13.230,13.300,13.100,13.290,32281.000,,raw
2022-05-18,13.300,13.450,13.290,13.310,42252.000,,raw
2022-05-19,13.120,13.370,13.090,13.350,48603.000,,raw
2022-05-20,13.370,13.580,13.370,13.550,58315.000,,raw
2022-05-23,13.590,13.610,13.430,13.580,52951.000,,raw
2022-05-24,13.580,13.580,12.980,12.990,84634.000,,raw
2022-05-25,13.000,13.140,12.990,13.120,45539.000,,raw
2022-05-26,13.130,13.880,12.960,13.730,163351.000,,raw
2022-05-27,13.660,13.890,13.590,13.770,90171.000,,raw
2022-05-30,13.900,14.330,13.840,14.090,121836.000,,raw
2022-05-31,13.970,14.190,13.880,14.140,86570.000,,raw
2022-06-01,14.130,14.320,14.010,14.190,85452.000,,raw
2022-06-02,14.190,14.460,14.130,14.380,88113.000,,raw
2022-06-06,14.330,14.640,14.280,14.550,81735.000,,raw
2022-06-07,14.520,14.560,14.250,14.370,77480.000,,raw
2022-06-08,14.310,14.420,14.050,14.220,74258.000,,raw
2022-06-09,14.180,14.290,13.880,14.010,68223.000,,raw
2022-06-10,14.000,14.390,13.950,14.390,89329.000,,raw
2022-06-13,14.300,14.570,14.280,14.360,85454.000,,raw
2022-06-14,14.300,14.420,13.900,14.400,80505.000,,raw
2022-06-15,14.380,14.680,14.360,14.410,99105.000,,raw
2022-06-16,14.380,14.670,14.360,14.460,67050.000,,raw
2022-06-17,14.300,14.520,14.160,14.360,61226.000,,raw
2022-06-20,14.470,14.550,14.300,14.340,50675.000,,raw
2022-06-21,14.360,14.450,14.160,14.300,50617.000,,raw
2022-06-22,14.370,14.390,14.010,14.010,51067.000,,raw
2022-06-23,13.960,14.240,13.960,14.220,49001.000,,raw
2022-06-24,14.260,14.430,14.210,14.290,57477.000,,raw
2022-06-27,14.340,14.430,14.250,14.280,53453.000,,raw
2022-06-28,14.260,14.650,14.180,14.590,124460.000,,raw
2022-06-29,14.590,14.880,14.460,14.520,121542.000,,raw
2022-06-30,14.520,14.640,14.460,14.480,77216.000,,raw
2022-07-01,14.500,14.560,14.310,14.350,58981.000,,raw
2022-07-04,14.340,14.360,14.150,14.240,58753.000,,raw
2022-07-05,14.240,14.310,13.930,14.110,76930.000,,raw
2022-07-06,14.110,14.240,13.980,14.100,48000.000,,raw
2022-07-07,14.060,14.240,14.060,14.130,39805.000,,raw
2022-07-08,14.140,14.590,14.130,14.530,116172.000,,raw
2022-07-11,14.520,14.530,14.060,14.090,94638.000,,raw
2022-07-12,14.090,14.110,13.840,13.860,57317.000,,raw
2022-07-13,13.880,13.980,13.860,13.940,33597.000,,raw
2022-07-14,13.960,14.100,13.860,13.960,39512.000,,raw
2022-07-15,13.880,13.970,13.640,13.640,43479.000,"{'nd': '2021', 'fh_sh': '0.8', 'djr': '2022-07-14', 'cqr': '2022-07-15', 'FHcontent': '10派0.8元'}",raw
2022-07-18,13.700,14.140,13.650,14.140,59520.000,,raw
2022-07-19,14.150,14.690,14.140,14.490,113376.000,,raw
2022-07-20,14.610,14.640,14.470,14.550,71112.000,,raw
2022-07-21,14.630,14.780,14.500,14.500,66481.000,,raw
2022-07-22,14.500,14.650,14.270,14.400,48140.000,,raw
2022-07-25,14.390,14.510,14.190,14.270,52543.000,,raw
2022-07-26,14.270,14.390,14.250,14.390,34421.000,,raw
2022-07-27,14.310,14.680,14.290,14.590,64979.000,,raw
2022-07-28,14.660,14.840,14.600,14.660,84006.000,,raw
2022-07-29,14.790,14.800,14.430,14.440,52027.000,,raw
2022-08-01,14.430,14.600,14.320,14.590,48436.000,,raw
2022-08-02,14.460,14.460,13.920,14.140,98391.000,,raw
2022-08-03,14.140,14.650,14.140,14.250,95025.000,,raw
2022-08-04,14.350,14.550,14.300,14.450,56218.000,,raw
2022-08-05,14.540,15.090,14.420,15.030,171844.000,,raw
2022-08-08,15.070,15.130,14.870,15.050,111630.000,,raw
2022-08-09,15.040,15.080,14.810,15.020,85318.000,,raw
2022-08-10,15.020,15.150,14.870,14.980,79361.000,,raw
2022-08-11,15.000,15.350,15.000,15.150,102480.000,,raw
2022-08-12,15.200,15.200,14.880,14.890,78540.000,,raw
2022-08-15,14.850,14.930,14.690,14.800,55520.000,,raw
2022-08-16,14.840,14.870,14.640,14.670,61932.000,,raw
2022-08-17,14.670,14.790,14.630,14.760,55818.000,,raw
2022-08-18,14.750,15.060,14.660,14.980,85866.000,,raw
2022-08-19,14.970,15.130,14.650,14.660,85217.000,,raw
2022-08-22,14.640,14.790,14.390,14.750,62058.000,,raw
2022-08-23,14.670,14.710,14.490,14.600,59994.000,,raw
2022-08-24,14.570,14.630,14.080,14.130,82016.000,,raw
2022-08-25,14.190,14.200,13.860,13.990,69836.000,,raw
2022-08-26,14.040,14.160,13.890,13.930,45568.000,,raw
2022-08-29,13.700,14.250,13.680,14.210,68945.000,,raw
2022-08-30,14.200,14.870,14.160,14.580,133111.000,,raw
2022-08-31,14.590,14.740,14.350,14.390,76657.000,,raw
2022-09-01,14.390,14.700,14.290,14.350,54619.000,,raw
2022-09-02,14.390,15.050,14.390,14.950,172635.000,,raw
2022-09-05,14.890,15.030,14.740,14.970,90243.000,,raw
2022-09-06,14.990,15.190,14.900,15.060,97817.000,,raw
2022-09-07,15.000,15.260,14.900,14.970,86373.000,,raw
2022-09-08,14.920,15.000,14.750,14.760,58954.000,,raw
2022-09-09,14.850,14.930,14.710,14.790,58418.000,,raw
2022-09-13,14.750,14.980,14.650,14.700,55163.000,,raw
2022-09-14,14.590,14.650,14.480,14.600,45311.000,,raw
2022-09-15,14.620,14.660,14.150,14.240,71421.000,,raw
2022-09-16,14.240,14.440,13.900,13.900,65074.000,,raw
2022-09-19,13.890,14.000,13.300,13.400,97769.000,,raw
2022-09-20,13.450,13.620,13.380,13.440,55951.000,,raw
2022-09-21,13.440,13.500,13.090,13.430,52734.000,,raw
2022-09-22,13.300,13.480,13.210,13.300,37890.000,,raw
2022-09-23,13.320,13.330,12.950,13.180,57636.000,,raw
2022-09-26,13.010,13.120,12.750,12.800,77280.000,,raw
2022-09-27,12.820,13.080,12.820,13.060,46111.000,,raw
2022-09-28,13.060,13.080,12.730,12.750,43775.000,,raw
2022-09-29,12.910,12.940,12.590,12.670,46809.000,,raw
2022-09-30,12.670,12.780,12.410,12.420,53404.000,,raw
2022-10-10,12.410,12.500,12.150,12.160,52420.000,,raw
2022-10-11,12.200,12.390,12.150,12.310,33658.000,,raw
2022-10-12,12.300,12.910,12.250,12.870,85543.000,,raw
2022-10-13,12.770,13.440,12.770,13.310,97379.000,,raw
2022-10-14,13.350,13.500,13.320,13.370,62809.000,,raw
2022-10-17,13.300,13.550,13.270,13.520,51143.000,,raw
2022-10-18,13.540,13.740,13.390,13.610,60478.000,,raw
2022-10-19,13.610,13.690,13.490,13.520,38893.000,,raw
2022-10-20,13.450,13.720,13.390,13.550,52086.000,,raw
2022-10-21,13.650,13.720,13.520,13.590,30087.000,,raw
2022-10-24,13.710,13.840,13.450,13.550,62949.000,,raw
2022-10-25,13.450,13.750,13.320,13.470,46887.000,,raw
2022-10-26,13.480,13.860,13.480,13.820,62678.000,,raw
2022-10-27,13.950,14.120,13.810,13.820,62587.000,,raw
2022-10-28,13.790,13.870,13.450,13.490,50569.000,,raw
2022-10-31,13.360,13.960,13.360,13.780,59659.000,,raw
2022-11-01,13.780,14.020,13.760,13.960,62890.000,,raw
2022-11-02,14.000,14.110,13.820,14.000,68491.000,,raw
2022-11-03,13.930,13.930,13.600,13.780,61376.000,,raw
2022-11-04,13.780,13.930,13.660,13.910,58067.000,,raw
2022-11-07,13.910,13.970,13.780,13.880,52649.000,,raw
2022-11-08,13.880,13.930,13.680,13.920,45065.000,,raw
2022-11-09,13.930,13.930,13.770,13.770,31794.000,,raw
2022-11-10,13.740,13.820,13.610,13.660,41313.000,,raw
2022-11-11,13.950,13.970,13.770,13.800,54460.000,,raw
2022-11-14,13.800,13.940,13.740,13.800,50242.000,,raw
2022-11-15,13.840,14.080,13.770,14.050,66821.000,,raw
2022-11-16,14.010,14.190,13.960,14.060,57740.000,,raw
2022-11-17,14.110,14.250,14.030,14.250,61364.000,,raw
2022-11-18,14.290,14.480,14.290,14.330,87669.000,,raw
2022-11-21,14.250,14.300,14.080,14.150,46236.000,,raw
2022-11-22,14.110,14.390,13.980,14.210,73864.000,,raw
2022-11-23,14.210,14.480,14.060,14.170,80318.000,,raw
2022-11-24,14.200,14.280,13.980,14.010,50202.000,,raw
2022-11-25,13.950,14.050,13.830,13.890,42596.000,,raw
2022-11-28,13.750,13.780,13.600,13.600,48881.000,,raw
2022-11-29,13.680,13.930,13.650,13.880,44852.000,,raw
2022-11-30,13.850,13.950,13.690,13.690,124350.000,,raw
2022-12-01,13.820,14.200,13.800,13.980,82757.000,,raw
2022-12-02,13.980,14.160,13.930,14.040,44925.000,,raw
2022-12-05,14.050,14.400,14.050,14.360,95254.000,,raw
2022-12-06,14.300,14.430,14.220,14.260,64693.000,,raw
2022-12-07,14.210,14.250,14.050,14.050,46605.000,,raw
2022-12-08,14.050,14.070,13.870,13.890,52314.000,,raw
2022-12-09,13.900,13.950,13.790,13.790,55557.000,,raw
2022-12-12,13.790,13.870,13.700,13.800,40338.000,,raw
2022-12-13,13.770,13.800,13.670,13.700,38803.000,,raw
2022-12-14,13.720,13.810,13.680,13.700,34011.000,,raw
2022-12-15,13.750,13.930,13.660,13.770,49183.000,,raw
2022-12-16,13.720,13.770,13.550,13.620,40935.000,,raw
2022-12-19,13.610,13.680,13.270,13.330,41311.000,,raw
2022-12-20,13.290,13.470,13.150,13.230,34000.000,,raw
2022-12-21,13.250,13.290,12.980,13.090,40174.000,,raw
2022-12-22,13.120,13.180,12.900,12.920,30901.000,,raw
2022-12-23,12.870,13.200,12.870,13.070,24918.000,,raw
2022-12-26,13.060,13.210,13.020,13.190,26264.000,,raw
2022-12-27,13.190,13.240,13.110,13.170,18517.000,,raw
2022-12-28,13.140,13.160,13.030,13.060,18524.000,,raw
2022-12-29,13.050,13.140,12.930,13.090,22084.000,,raw
2022-12-30,13.120,13.180,13.030,13.140,17230.000,,raw
2023-01-03,13.150,13.430,13.100,13.370,38992.000,,raw
2023-01-04,13.370,13.520,13.340,13.420,36768.000,,raw
2023-01-05,13.500,13.550,13.380,13.440,31347.000,,raw
2023-01-06,13.370,13.480,13.320,13.340,30493.000,,raw
2023-01-09,13.350,13.450,13.340,13.340,25429.000,,raw
2023-01-10,13.330,13.430,13.300,13.370,21407.000,,raw
2023-01-11,13.340,13.550,13.270,13.310,38134.000,,raw
2023-01-12,13.380,13.470,13.290,13.420,30634.000,,raw
2023-01-13,13.470,13.480,13.360,13.430,23531.000,,raw
2023-01-16,13.430,13.590,13.400,13.490,48071.000,,raw
2023-01-17,13.520,13.570,13.440,13.480,26422.000,,raw
2023-01-18,13.500,13.650,13.460,13.580,48162.000,,raw
2023-01-19,13.600,13.670,13.550,13.670,41814.000,,raw
2023-01-20,13.680,13.970,13.660,13.910,69429.000,,raw
2023-01-30,14.000,14.170,13.990,14.000,73050.000,,raw
2023-01-31,14.060,14.060,13.940,14.050,39990.000,,raw
2023-02-01,14.100,14.250,14.000,14.220,70369.000,,raw
2023-02-02,14.260,14.380,14.170,14.230,87050.000,,raw
2023-02-03,14.240,14.290,14.050,14.220,64928.000,,raw
2023-02-06,14.170,14.400,14.130,14.370,77514.000,,raw
2023-02-07,14.370,14.770,14.290,14.570,108002.000,,raw
2023-02-08,14.500,14.650,14.260,14.260,83859.000,,raw
2023-02-09,14.220,14.860,14.220,14.740,129648.000,,raw
2023-02-10,14.760,15.350,14.740,15.080,219980.000,,raw
2023-02-13,15.160,15.450,15.050,15.240,155610.000,,raw
2023-02-14,15.400,16.060,15.270,15.730,248451.000,,raw
2023-02-15,15.900,16.730,15.810,16.700,414041.000,,raw
2023-02-16,16.480,17.040,16.020,16.160,429426.000,,raw
2023-02-17,16.160,16.320,15.740,15.850,213254.000,,raw
2023-02-20,15.790,16.160,15.720,16.100,163706.000,,raw
2023-02-21,16.000,16.380,15.950,16.090,133615.000,,raw
2023-02-22,15.870,16.170,15.860,16.100,90953.000,,raw
2023-02-23,16.030,16.120,15.790,15.860,111815.000,,raw
2023-02-24,15.920,16.250,15.840,16.050,99941.000,,raw
2023-02-27,15.900,16.360,15.850,16.080,111190.000,,raw
2023-02-28,16.350,16.960,16.320,16.680,231401.000,,raw
2023-03-01,16.680,17.240,16.600,17.150,257064.000,,raw
2023-03-02,17.140,17.490,16.990,17.120,191800.000,,raw
2023-03-03,17.010,17.280,16.900,17.070,161149.000,,raw
2023-03-06,17.150,17.770,17.060,17.700,344094.000,,raw
2023-03-07,17.540,17.700,16.800,16.820,249483.000,,raw
2023-03-08,16.780,17.360,16.780,17.160,144491.000,,raw
2023-03-09,17.230,17.540,16.970,17.380,161436.000,,raw
2023-03-10,17.250,17.340,16.900,16.950,121623.000,,raw
2023-03-13,16.950,17.540,16.820,17.410,228038.000,,raw
2023-03-14,17.400,17.600,17.140,17.380,173356.000,,raw
2023-03-15,17.380,17.520,17.010,17.080,127025.000,,raw
2023-03-16,16.980,17.270,16.780,16.820,131356.000,,raw
2023-03-17,16.960,17.450,16.960,17.280,171914.000,,raw
2023-03-20,17.300,18.360,17.290,17.670,292726.000,,raw
2023-03-21,17.650,17.680,17.290,17.440,133723.000,,raw
2023-03-22,17.500,18.220,17.350,18.180,215805.000,,raw
2023-03-23,18.150,20.000,17.910,19.880,747528.000,,raw
2023-03-24,19.830,20.260,19.140,19.800,639384.000,,raw
2023-03-27,20.090,21.310,19.730,20.400,772038.000,,raw
2023-03-28,20.180,20.600,19.600,19.830,427975.000,,raw
2023-03-29,19.950,20.480,19.800,19.860,429426.000,,raw
2023-03-30,19.500,19.900,18.370,19.220,537279.000,,raw
2023-03-31,19.200,19.870,18.680,19.600,334836.000,,raw
2023-04-03,19.990,20.380,19.480,20.100,394528.000,,raw
2023-04-04,19.990,20.900,19.800,20.280,580855.000,,raw
2023-04-06,20.300,21.160,20.010,20.500,487554.000,,raw
2023-04-07,20.500,20.960,20.270,20.530,289334.000,,raw
2023-04-10,20.570,21.200,19.640,19.700,470498.000,,raw
2023-04-11,19.700,20.210,19.570,20.080,284885.000,,raw
2023-04-12,20.190,22.090,20.000,22.090,586600.000,,raw
2023-04-13,21.560,21.950,20.890,21.340,686200.000,,raw
2023-04-14,21.130,21.870,20.920,21.310,356700.000,,raw
2023-04-17,20.950,20.950,20.300,20.700,315235.000,,raw
2023-04-18,20.680,21.260,20.230,21.190,354444.000,,raw
2023-04-19,20.920,21.500,20.600,20.950,412997.000,,raw
2023-04-20,21.250,21.780,21.120,21.600,431520.000,,raw
2023-04-21,21.450,21.450,19.850,19.990,415839.000,,raw
2023-04-24,20.500,21.990,20.500,21.990,709347.000,,raw
2023-04-25,22.600,22.600,21.080,21.320,777512.000,,raw
2023-04-26,21.230,21.400,19.190,19.810,735637.000,,raw
2023-04-27,19.050,19.950,18.800,19.150,443547.000,,raw
2023-04-28,19.120,20.650,19.120,20.450,410557.000,,raw
2023-05-04,20.160,20.300,18.850,19.200,420269.000,,raw
2023-05-05,19.250,19.250,18.390,18.520,294245.000,,raw
2023-05-08,18.540,19.550,18.410,19.350,322200.000,,raw
2023-05-09,19.340,19.680,19.000,19.100,280990.000,,raw
2023-05-10,19.120,19.350,18.460,18.570,193436.000,,raw
2023-05-11,18.660,18.790,18.210,18.250,167164.000,,raw
2023-05-12,18.300,18.480,17.950,17.990,138826.000,,raw
2023-05-15,18.000,18.180,17.350,18.020,199862.000,,raw
2023-05-16,18.200,18.320,17.700,17.850,120609.000,,raw
2023-05-17,17.790,18.090,17.540,17.830,134786.000,,raw
2023-05-18,17.850,18.680,17.830,18.580,280037.000,,raw
2023-05-19,18.310,18.620,18.080,18.190,190808.000,,raw
2023-05-22,18.300,18.310,17.820,17.930,115274.000,,raw
2023-05-23,17.830,17.970,17.500,17.520,137064.000,,raw
2023-05-24,17.450,17.990,17.400,17.660,145987.000,,raw
2023-05-25,17.900,18.350,17.370,17.710,176492.000,,raw
2023-05-26,17.690,18.500,17.630,18.370,206805.000,,raw
2023-05-29,18.500,19.330,18.410,18.880,260346.000,,raw
2023-05-30,18.570,19.500,18.510,19.380,225237.000,,raw
2023-05-31,19.220,19.590,19.110,19.550,167769.000,,raw
2023-06-01,19.520,20.100,19.400,19.900,216072.000,,raw
2023-06-02,20.000,20.310,19.900,19.960,240255.000,,raw
2023-06-05,19.970,20.480,19.920,20.190,203184.000,,raw
2023-06-06,20.140,20.300,19.550,19.690,168136.000,,raw
2023-06-07,19.730,20.210,19.500,19.910,136836.000,,raw
2023-06-08,19.800,19.880,19.400,19.740,122991.000,,raw
2023-06-09,19.790,20.650,19.750,20.590,269230.000,,raw
2023-06-12,21.010,21.860,20.740,21.440,358114.000,,raw
2023-06-13,21.400,22.250,21.360,21.910,332990.000,,raw
2023-06-14,21.550,22.030,21.450,21.880,256151.000,,raw
2023-06-15,21.910,22.170,21.440,21.500,246327.000,,raw
2023-06-16,21.500,22.000,21.160,21.710,213425.000,,raw
2023-06-19,21.800,22.970,21.800,22.720,454245.000,,raw
2023-06-20,22.520,22.520,21.550,21.900,360674.000,,raw
2023-06-21,21.900,22.100,21.320,21.440,233562.000,,raw
2023-06-26,21.070,21.680,20.230,20.390,316329.000,,raw
2023-06-27,20.520,20.980,20.050,20.710,195327.000,,raw
2023-06-28,20.760,20.770,19.500,20.000,226664.000,,raw
2023-06-29,20.000,20.670,19.920,20.310,160498.000,,raw
2023-06-30,20.120,20.660,19.900,20.370,195479.000,,raw
2023-07-03,20.610,20.820,19.890,20.280,202040.000,,raw
2023-07-04,20.100,20.530,20.100,20.240,122753.000,,raw
2023-07-05,20.020,20.300,19.600,19.610,136769.000,,raw
2023-07-06,19.620,20.200,19.500,19.810,144860.000,,raw
2023-07-07,19.770,19.880,19.160,19.400,143133.000,,raw
2023-07-10,19.440,19.550,18.920,19.060,121742.000,,raw
2023-07-11,19.230,19.450,19.000,19.230,94552.000,,raw
2023-07-12,19.200,19.200,18.420,18.450,149920.000,,raw
2023-07-13,18.560,18.760,18.300,18.660,102520.000,,raw
2023-07-14,18.660,19.360,18.600,19.100,154335.000,"{'nd': '2022', 'fh_sh': '1.1', 'djr': '2023-07-13', 'cqr': '2023-07-14', 'FHcontent': '10派1.1元'}",raw
2023-07-17,19.000,19.350,18.950,19.180,124055.000,,raw
2023-07-18,19.240,19.400,18.900,18.950,101592.000,,raw
2023-07-19,19.130,19.350,18.820,18.840,87872.000,,raw
2023-07-20,18.840,18.930,18.260,18.300,106455.000,,raw
2023-07-21,18.310,18.390,17.940,18.120,87023.000,,raw
2023-07-24,18.060,18.490,17.920,18.170,67912.000,,raw
2023-07-25,18.290,18.630,18.150,18.440,88584.000,,raw
2023-07-26,18.460,18.460,17.850,17.960,92507.000,,raw
2023-07-27,17.970,18.130,17.630,17.660,102275.000,,raw
2023-07-28,17.680,17.870,17.570,17.800,89022.000,,raw
2023-07-31,17.800,17.950,17.610,17.710,132477.000,,raw
2023-08-01,17.880,18.050,17.540,17.930,112196.000,,raw
2023-08-02,17.870,17.990,17.780,17.850,87652.000,,raw
2023-08-03,17.800,18.020,17.680,17.780,77937.000,,raw
2023-08-04,17.780,18.480,17.770,18.470,169582.000,,raw
2023-08-07,18.500,18.760,18.210,18.320,157030.000,,raw
2023-08-08,18.500,18.500,17.900,17.980,110637.000,,raw
2023-08-09,17.900,17.940,17.310,17.360,153358.000,,raw
2023-08-10,17.360,17.530,17.280,17.440,76580.000,,raw
2023-08-11,17.480,17.650,17.220,17.220,90151.000,,raw
2023-08-14,17.030,17.440,16.980,17.410,83562.000,,raw
2023-08-15,17.450,17.850,17.290,17.530,114479.000,,raw
2023-08-16,17.480,17.480,16.840,16.940,136784.000,,raw
2023-08-17,16.900,17.160,16.790,17.100,67065.000,,raw
2023-08-18,17.060,17.180,16.740,16.750,66619.000,,raw
2023-08-21,16.660,17.150,16.660,16.760,82550.000,,raw
2023-08-22,16.960,17.300,16.700,17.220,94724.000,,raw
2023-08-23,17.070,17.150,16.780,16.780,70665.000,,raw
2023-08-24,16.940,16.980,16.600,16.630,71510.000,,raw
2023-08-25,16.500,16.560,16.060,16.160,90084.000,,raw
2023-08-28,16.960,17.280,16.700,16.740,161071.000,,raw
2023-08-29,16.650,17.040,16.550,16.880,137208.000,,raw
2023-08-30,16.840,17.270,16.780,17.080,188520.000,,raw
2023-08-31,16.990,18.520,16.900,17.780,449263.000,,raw
2023-09-01,17.610,17.880,17.160,17.880,249521.000,,raw
2023-09-04,18.000,18.780,17.960,18.670,475406.000,,raw
2023-09-05,19.000,19.780,18.690,18.870,663131.000,,raw
2023-09-06,18.600,19.360,18.160,19.310,380775.000,,raw
2023-09-07,19.180,19.180,18.500,18.540,233743.000,,raw
2023-09-08,18.400,19.600,18.100,19.260,331392.000,,raw
2023-09-11,19.180,19.910,19.060,19.600,343641.000,,raw
2023-09-12,19.450,20.200,19.430,19.890,329419.000,,raw
2023-09-13,19.800,19.800,19.110,19.450,278165.000,,raw
2023-09-14,19.500,19.640,19.150,19.270,179344.000,,raw
2023-09-15,19.210,19.450,18.780,18.880,205670.000,,raw
2023-09-18,18.860,19.100,18.750,18.860,156691.000,,raw
2023-09-19,18.830,18.900,18.400,18.440,111959.000,,raw
2023-09-20,18.300,19.060,18.300,18.550,126231.000,,raw
2023-09-21,18.550,19.520,18.380,19.000,222012.000,,raw
2023-09-22,19.080,20.380,18.940,20.090,376094.000,,raw
2023-09-25,19.900,20.030,19.710,19.920,188465.000,,raw
2023-09-26,19.870,20.060,19.630,19.840,127493.000,,raw
2023-09-27,19.600,19.700,19.000,19.260,244321.000,,raw
2023-09-28,19.350,19.710,19.060,19.550,170364.000,,raw
2023-10-09,19.610,20.360,19.370,19.700,215246.000,,raw
2023-10-10,19.800,20.000,19.490,19.730,167614.000,,raw
2023-10-11,19.690,20.160,19.560,20.080,187606.000,,raw
2023-10-12,20.110,20.140,19.550,19.630,156823.000,,raw
2023-10-13,19.450,20.100,19.320,19.850,141325.000,,raw
2023-10-16,20.030,21.230,20.000,20.690,349121.000,,raw
2023-10-17,20.470,21.160,20.400,20.700,199492.000,,raw
2023-10-18,21.700,22.500,20.940,21.350,518019.000,,raw
2023-10-19,21.370,21.370,19.850,20.200,389150.000,,raw
2023-10-20,19.990,20.320,19.180,19.310,258375.000,,raw
2023-10-23,19.170,19.900,19.060,19.380,195105.000,,raw
2023-10-24,19.260,19.350,18.630,19.030,185749.000,,raw
2023-10-25,19.250,20.080,19.020,19.070,266855.000,,raw
2023-10-26,18.980,19.580,18.750,18.820,286006.000,,raw
2023-10-27,18.680,18.880,18.370,18.780,204978.000,,raw
2023-10-30,18.790,18.790,17.380,17.990,447578.000,,raw
2023-10-31,17.790,18.260,17.720,17.970,181777.000,,raw
2023-11-01,18.050,18.100,17.680,17.790,140035.000,,raw
2023-11-02,18.050,18.950,17.830,18.500,343912.000,,raw
2023-11-03,18.250,19.100,18.210,18.840,269786.000,,raw
2023-11-06,18.970,19.420,18.840,19.270,225899.000,,raw
2023-11-07,19.270,19.950,19.110,19.850,224560.000,,raw
2023-11-08,20.230,20.990,19.810,20.100,299692.000,,raw
2023-11-09,20.200,20.350,19.800,19.900,189113.000,,raw
2023-11-10,19.700,19.990,19.570,19.720,176557.000,,raw
2023-11-13,19.760,20.080,19.760,20.020,123538.000,,raw
2023-11-14,20.030,20.290,19.920,20.030,127373.000,,raw
2023-11-15,20.170,20.540,19.750,20.410,219151.000,,raw
2023-11-16,20.110,20.850,19.910,20.410,200056.000,,raw
2023-11-17,19.990,20.050,19.600,19.800,258503.000,,raw
2023-11-20,19.800,19.930,19.650,19.720,179214.000,,raw
2023-11-21,19.710,19.800,19.330,19.350,133020.000,,raw
2023-11-22,19.260,19.370,19.000,19.050,131496.000,,raw
2023-11-23,18.990,19.110,18.740,19.040,152211.000,,raw
2023-11-24,19.030,19.040,18.430,18.520,171468.000,,raw
2023-11-27,18.500,18.600,18.120,18.420,145417.000,,raw
2023-11-28,18.420,18.450,18.120,18.320,112159.000,,raw
2023-11-29,18.230,18.260,17.880,18.000,182211.000,,raw
2023-11-30,17.980,18.020,17.690,17.820,123012.000,,raw
2023-12-01,17.790,18.310,17.710,18.270,153057.000,,raw
2023-12-04,18.400,18.700,18.250,18.540,228650.000,,raw
2023-12-05,18.500,18.540,17.610,17.620,200919.000,,raw
2023-12-06,17.460,17.680,17.420,17.530,115034.000,,raw
2023-12-07,17.500,17.950,17.420,17.850,101207.000,,raw
2023-12-08,17.870,18.540,17.870,18.320,178826.000,,raw
2023-12-11,18.230,18.340,17.870,18.290,168237.000,,raw
2023-12-12,18.270,18.450,18.130,18.240,91625.000,,raw
2023-12-13,18.120,18.270,17.980,18.000,71576.000,,raw
2023-12-14,18.020,18.310,17.950,17.980,89449.000,,raw
2023-12-15,18.010,18.050,17.570,17.570,117334.000,,raw
2023-12-18,17.530,17.570,17.100,17.220,132944.000,,raw
2023-12-19,17.210,17.270,17.070,17.220,64397.000,,raw
2023-12-20,17.230,17.260,16.510,16.570,140283.000,,raw
2023-12-21,16.500,16.950,16.360,16.540,128010.000,,raw
2023-12-22,16.600,16.630,16.230,16.290,112865.000,,raw
2023-12-25,16.330,16.490,16.200,16.400,71939.000,,raw
2023-12-26,16.350,16.440,15.920,16.010,86227.000,,raw
2023-12-27,16.010,16.170,15.900,16.110,89289.000,,raw
2023-12-28,16.140,16.550,15.980,16.470,131137.000,,raw
2023-12-29,16.450,16.700,16.360,16.640,126846.000,,raw
2024-01-02,16.700,16.740,16.430,16.430,85581.000,,raw
2024-01-03,16.400,16.400,15.880,15.890,167398.000,,raw
2024-01-04,15.890,16.100,15.820,15.910,114155.000,,raw
2024-01-05,15.960,16.010,15.580,15.650,112262.000,,raw
2024-01-08,15.650,15.650,15.190,15.200,92342.000,,raw
2024-01-09,15.280,15.450,14.970,15.100,100555.000,,raw
2024-01-10,15.050,15.070,14.810,14.860,76272.000,,raw
2024-01-11,14.820,15.320,14.820,15.170,96692.000,,raw
2024-01-12,15.110,15.240,14.800,14.850,97867.000,,raw
2024-01-15,14.770,14.920,14.600,14.800,89928.000,,raw
2024-01-16,14.740,14.830,14.470,14.730,91971.000,,raw
2024-01-17,14.670,14.830,14.330,14.330,70962.000,,raw
2024-01-18,14.300,14.490,13.960,14.480,126313.000,,raw
2024-01-19,14.480,14.630,14.310,14.330,81574.000,,raw
2024-01-22,14.520,14.980,13.450,13.540,154622.000,,raw
2024-01-23,13.640,14.050,13.500,13.930,138438.000,,raw
2024-01-24,14.100,14.150,13.550,14.130,115134.000,,raw
2024-01-25,14.160,14.930,14.010,14.910,164222.000,,raw
2024-01-26,14.940,15.000,14.630,14.690,119768.000,,raw
2024-01-29,14.690,14.790,14.270,14.340,114700.000,,raw
2024-01-30,14.150,14.570,13.920,13.950,112496.000,,raw
2024-01-31,13.730,14.070,13.250,13.340,163203.000,,raw
2024-02-01,13.200,13.740,13.110,13.300,116836.000,,raw
2024-02-02,13.340,13.620,12.410,12.890,176968.000,,raw
2024-02-05,12.760,12.880,11.880,12.410,208090.000,,raw
2024-02-06,12.320,13.360,12.170,13.280,199192.000,,raw
2024-02-07,13.290,14.230,13.190,14.200,269904.000,,raw
2024-02-08,14.420,15.290,14.420,14.730,251445.000,,raw
2024-02-19,15.160,15.380,14.900,15.340,256193.000,,raw
2024-02-20,15.130,15.190,14.760,14.960,179081.000,,raw
2024-02-21,14.800,15.220,14.690,14.840,164339.000,,raw
2024-02-22,15.290,15.660,15.200,15.570,291001.000,,raw
2024-02-23,15.960,15.980,15.600,15.930,310753.000,,raw
2024-02-26,16.200,16.550,16.010,16.330,384526.000,,raw
2024-02-27,16.110,17.960,16.060,17.960,608800.000,,raw
2024-02-28,18.130,18.470,17.030,17.030,692477.000,,raw
2024-02-29,16.960,18.160,16.930,18.040,553308.000,,raw
2024-03-01,17.890,18.660,17.750,18.480,586531.000,,raw
2024-03-04,18.920,19.500,18.440,19.480,702806.000,,raw
2024-03-05,19.130,19.480,18.460,18.660,618777.000,,raw
2024-03-06,18.460,18.960,18.390,18.640,392171.000,,raw
2024-03-07,18.580,18.720,17.960,18.030,384496.000,,raw
2024-03-08,18.080,19.210,17.900,19.130,497859.000,,raw
2024-03-11,18.850,19.280,18.710,19.110,388494.000,,raw
2024-03-12,19.070,19.230,18.600,18.670,301017.000,,raw
2024-03-13,18.960,19.020,18.500,18.580,243954.000,,raw
2024-03-14,18.200,18.710,18.100,18.400,253937.000,,raw
2024-03-15,18.290,18.510,18.020,18.500,258000.000,,raw
2024-03-18,18.720,20.350,18.700,20.350,623819.000,,raw
2024-03-19,21.380,21.380,20.000,20.590,1066348.000,,raw
2024-03-20,20.660,20.880,19.670,19.990,720012.000,,raw
2024-03-21,19.700,19.950,19.230,19.330,570107.000,,raw
2024-03-22,19.300,19.410,18.520,18.640,467407.000,,raw
2024-03-25,18.800,19.060,18.350,18.380,414487.000,,raw
2024-03-26,18.000,18.490,17.520,17.570,452150.000,,raw
2024-03-27,17.700,17.810,16.850,16.870,321699.000,,raw
2024-03-28,16.840,18.020,16.810,17.840,408362.000,,raw
2024-03-29,17.760,17.990,17.300,17.930,256248.000,,raw
2024-04-01,18.050,18.520,18.010,18.190,284726.000,,raw
2024-04-02,18.010,18.140,17.560,17.710,229811.000,,raw
2024-04-03,17.550,17.670,17.110,17.230,175536.000,,raw
2024-04-08,17.220,17.300,16.900,16.950,169521.000,,raw
2024-04-09,16.900,17.050,16.580,16.750,173415.000,,raw
2024-04-10,16.710,16.720,16.150,16.310,168419.000,,raw
2024-04-11,16.150,16.620,16.150,16.340,160425.000,,raw
2024-04-12,16.510,17.580,16.500,16.840,347691.000,,raw
2024-04-15,16.700,17.340,16.700,17.000,319120.000,,raw
2024-04-16,16.850,17.250,16.310,16.370,285266.000,,raw
2024-04-17,16.680,17.110,16.600,17.080,259202.000,,raw
2024-04-18,16.990,18.000,16.670,17.440,414718.000,,raw
2024-04-19,17.300,17.420,16.670,16.830,287957.000,,raw
2024-04-22,16.300,16.500,15.570,16.230,289760.000,,raw
2024-04-23,16.430,16.680,15.960,16.050,171738.000,,raw
2024-04-24,16.150,16.650,16.130,16.630,226053.000,,raw
2024-04-25,16.550,16.550,16.260,16.340,152324.000,,raw
2024-04-26,16.460,17.500,16.460,17.440,428913.000,,raw
2024-04-29,17.600,18.380,17.590,18.200,410584.000,,raw
2024-04-30,18.190,18.190,17.520,17.680,267209.000,,raw
2024-05-06,17.930,18.020,17.390,17.530,321799.000,,raw
2024-05-07,17.570,17.720,17.280,17.510,202522.000,,raw
2024-05-08,17.430,17.790,17.260,17.450,230714.000,,raw
2024-05-09,17.370,17.570,17.310,17.520,173564.000,,raw
2024-05-10,17.480,17.480,16.900,17.020,198089.000,,raw
2024-05-13,17.010,17.030,16.620,16.680,215241.000,,raw
2024-05-14,16.680,16.970,16.430,16.670,177977.000,,raw
2024-05-15,16.670,16.800,16.450,16.500,121506.000,,raw
2024-05-16,16.620,17.000,16.620,16.700,218695.000,,raw
2024-05-17,16.710,16.920,16.620,16.860,136745.000,,raw
2024-05-20,16.890,17.270,16.710,17.230,231380.000,,raw
2024-05-21,17.170,17.170,16.870,16.900,149323.000,,raw
2024-05-22,16.930,16.990,16.650,16.700,151805.000,,raw
2024-05-23,16.760,16.850,16.350,16.450,167562.000,,raw
2024-05-24,16.450,17.540,16.300,16.800,446811.000,,raw
2024-05-27,16.460,16.630,15.930,16.470,322349.000,,raw
2024-05-28,16.300,16.480,16.050,16.090,157484.000,,raw
2024-05-29,16.100,16.260,15.980,16.040,106701.000,,raw
2024-05-30,16.010,16.200,15.750,16.090,103730.000,,raw
2024-05-31,16.180,16.460,16.090,16.090,133984.000,,raw
2024-06-03,16.130,16.340,16.000,16.160,137574.000,,raw
2024-06-04,16.110,16.230,15.930,16.200,139742.000,,raw
2024-06-05,16.190,16.280,15.910,15.940,132868.000,,raw
2024-06-06,16.030,16.140,15.600,15.640,177745.000,,raw
2024-06-07,15.790,15.830,15.300,15.500,142784.000,,raw
2024-06-11,15.440,15.740,15.340,15.690,97481.000,,raw
2024-06-12,15.690,15.950,15.640,15.890,96203.000,,raw
2024-06-13,15.890,16.080,15.790,15.890,101163.000,,raw
2024-06-14,15.860,16.320,15.750,16.250,227063.000,,raw
2024-06-17,16.160,16.320,16.100,16.220,122693.000,,raw
2024-06-18,16.230,16.550,16.230,16.400,174151.000,,raw
2024-06-19,16.390,16.530,16.230,16.250,122481.000,,raw
2024-06-20,16.210,16.240,15.810,15.840,152847.000,,raw
2024-06-21,15.780,16.120,15.580,15.960,115113.000,,raw
2024-06-24,15.860,15.970,15.390,15.430,131341.000,,raw
2024-06-25,15.430,15.470,14.890,14.990,152166.000,,raw
2024-06-26,15.080,15.540,14.920,15.510,124404.000,,raw
2024-06-27,15.490,15.560,15.250,15.270,85076.000,,raw
2024-06-28,15.250,16.100,15.200,15.900,225873.000,,raw
2024-07-01,15.880,16.130,15.810,16.060,120107.000,,raw
2024-07-02,16.020,16.110,15.860,15.930,80762.000,,raw
2024-07-03,15.890,15.980,15.730,15.730,73618.000,,raw
2024-07-04,15.760,15.910,15.430,15.440,82556.000,,raw
2024-07-05,15.380,15.490,15.160,15.360,82502.000,,raw
2024-07-08,15.260,15.350,14.980,15.040,86234.000,,raw
2024-07-09,14.970,16.000,14.930,15.960,195663.000,,raw
2024-07-10,15.890,16.050,15.750,15.850,122322.000,,raw
2024-07-11,16.080,16.150,15.770,15.980,154230.000,,raw
2024-07-12,15.820,15.840,15.660,15.720,84655.000,"{'nd': '2023', 'fh_sh': '1.28', 'djr': '2024-07-11', 'cqr': '2024-07-12', 'FHcontent': '10派1.28元'}",raw
2024-07-15,15.730,15.730,15.380,15.420,86650.000,,raw
2024-07-16,15.420,15.820,15.300,15.730,102713.000,,raw
2024-07-17,15.660,15.850,15.410,15.410,98522.000,,raw
2024-07-18,15.310,15.360,14.900,15.220,125787.000,,raw
2024-07-19,15.150,15.450,15.070,15.280,102295.000,,raw
2024-07-22,15.240,15.490,15.100,15.360,109681.000,,raw
2024-07-23,15.380,15.400,15.000,15.010,95313.000,,raw
2024-07-24,15.000,15.420,14.970,15.110,137675.000,,raw
2024-07-25,15.000,15.070,14.710,14.750,139204.000,,raw
2024-07-26,14.820,15.130,14.720,15.030,97218.000,,raw
2024-07-29,15.000,15.340,14.930,15.210,89498.000,,raw
2024-07-30,15.140,15.350,15.020,15.190,73997.000,,raw
2024-07-31,15.150,15.660,15.150,15.640,145077.000,,raw
2024-08-01,15.690,15.880,15.600,15.620,120877.000,,raw
2024-08-02,15.520,15.630,15.160,15.180,124119.000,,raw
2024-08-05,15.030,15.150,14.600,14.620,183792.000,,raw
2024-08-06,14.800,14.850,14.450,14.590,124337.000,,raw
2024-08-07,14.720,15.180,14.700,14.920,181141.000,,raw
2024-08-08,15.100,15.470,14.710,14.790,143306.000,,raw
2024-08-09,14.850,14.930,14.620,14.620,97333.000,,raw
2024-08-12,14.550,14.630,14.360,14.440,70258.000,,raw
2024-08-13,14.440,14.580,14.410,14.580,52142.000,,raw
2024-08-14,14.600,14.650,14.430,14.430,44920.000,,raw
2024-08-15,14.370,14.660,14.310,14.470,78343.000,,raw
2024-08-16,14.560,14.610,14.430,14.460,53401.000,,raw
2024-08-19,14.450,14.730,14.380,14.610,83743.000,,raw
2024-08-20,14.580,14.630,14.320,14.370,73798.000,,raw
2024-08-21,14.320,14.460,14.270,14.300,54148.000,,raw
2024-08-22,14.300,14.340,14.010,14.010,72297.000,,raw
2024-08-23,14.020,14.460,14.000,14.380,91210.000,,raw
2024-08-26,14.470,14.590,14.350,14.470,87601.000,,raw
2024-08-27,14.450,14.460,14.040,14.170,88393.000,,raw
2024-08-28,14.170,14.240,14.000,14.050,75492.000,,raw
2024-08-29,14.000,14.240,13.860,14.150,104901.000,,raw
2024-08-30,14.130,14.670,14.080,14.450,146301.000,,raw
2024-09-02,14.470,14.520,14.040,14.050,107045.000,,raw
2024-09-03,14.060,14.180,13.980,14.170,88574.000,,raw
2024-09-04,14.050,14.300,14.000,14.250,85773.000,,raw
2024-09-05,14.240,14.450,14.230,14.320,68013.000,,raw
2024-09-06,14.270,14.410,14.000,14.000,76918.000,,raw
2024-09-09,13.920,14.000,13.610,13.740,117927.000,,raw
2024-09-10,13.770,14.170,13.580,14.100,113307.000,,raw
2024-09-11,14.000,14.140,13.980,14.080,62388.000,,raw
2024-09-12,14.170,14.250,14.010,14.030,54063.000,,raw
2024-09-13,14.000,14.140,13.980,13.990,50334.000,,raw
2024-09-18,13.990,14.040,13.710,14.010,54979.000,,raw
2024-09-19,14.100,14.550,13.880,14.300,158782.000,,raw
2024-09-20,14.250,14.470,14.180,14.380,141989.000,,raw
2024-09-23,14.650,14.920,14.460,14.780,248136.000,,raw
2024-09-24,14.710,14.940,14.420,14.880,263449.000,,raw
2024-09-25,14.920,15.230,14.810,14.830,244696.000,,raw
2024-09-26,14.790,15.220,14.750,15.220,188896.000,,raw
2024-09-27,15.450,15.830,15.330,15.750,203767.000,,raw
2024-09-30,16.480,17.230,16.320,17.160,525180.000,,raw
2024-10-08,18.880,18.880,17.350,18.510,649516.000,,raw
2024-10-09,18.300,18.300,17.000,17.110,476926.000,,raw
2024-10-10,17.370,17.710,16.750,17.020,331471.000,,raw
2024-10-11,16.990,17.080,16.100,16.310,234805.000,,raw
2024-10-14,16.320,16.720,16.030,16.720,242847.000,,raw
2024-10-15,16.620,16.950,16.330,16.330,215651.000,,raw
2024-10-16,16.100,16.400,16.050,16.160,151445.000,,raw
2024-10-17,16.300,16.790,16.230,16.380,249116.000,,raw
2024-10-18,16.390,17.270,16.390,17.000,378769.000,,raw
2024-10-21,17.190,17.490,16.970,17.310,358352.000,,raw
2024-10-22,17.410,17.530,17.110,17.240,259224.000,,raw
2024-10-23,17.120,17.670,17.110,17.460,303808.000,,raw
2024-10-24,17.670,18.680,17.570,18.320,876915.000,,raw
2024-10-25,18.320,18.330,17.770,18.160,521321.000,,raw
2024-10-28,18.160,18.600,17.760,18.240,492583.000,,raw
2024-10-29,18.110,18.750,17.990,18.530,534366.000,,raw
2024-10-30,18.400,19.410,18.290,19.190,618404.000,,raw
2024-10-31,19.330,20.230,19.120,19.170,809383.000,,raw
2024-11-01,18.800,18.950,18.190,18.340,545695.000,,raw
2024-11-04,18.180,19.180,18.180,18.760,370804.000,,raw
2024-11-05,18.880,19.320,18.670,19.210,411519.000,,raw
2024-11-06,19.220,19.360,18.920,19.060,430367.000,,raw
2024-11-07,18.800,19.190,18.720,19.060,337530.000,,raw
2024-11-08,19.200,19.900,19.150,19.610,641667.000,,raw
2024-11-11,19.770,21.430,19.600,20.900,884570.000,,raw
2024-11-12,20.910,20.950,19.980,20.210,527539.000,,raw
2024-11-13,19.880,20.380,19.780,20.010,311703.000,,raw
2024-11-14,20.060,20.060,19.240,19.280,296538.000,,raw
2024-11-15,19.200,19.490,18.760,18.780,307576.000,,raw
2024-11-18,18.790,18.960,18.130,18.360,273318.000,,raw
2024-11-19,18.160,18.580,17.980,18.510,294612.000,,raw
2024-11-20,18.520,18.930,18.450,18.900,248991.000,,raw
2024-11-21,18.980,18.980,18.580,18.770,226021.000,,raw
2024-11-22,18.770,18.850,17.960,17.980,231974.000,,raw
2024-11-25,18.040,18.160,17.310,17.580,230372.000,,raw
2024-11-26,17.700,18.140,17.600,17.700,175611.000,,raw
2024-11-27,17.540,18.190,17.330,18.180,204407.000,,raw
2024-11-28,18.180,18.290,17.900,17.930,163219.000,,raw
2024-11-29,17.920,18.400,17.820,18.230,187638.000,,raw
2024-12-02,18.380,18.540,18.000,18.530,197369.000,,raw
2024-12-03,18.780,18.920,18.320,18.590,214889.000,,raw
2024-12-04,18.620,18.700,18.150,18.230,159668.000,,raw
2024-12-05,18.190,18.440,18.110,18.290,118282.000,,raw
2024-12-06,18.320,18.550,18.160,18.390,172488.000,,raw
2024-12-09,18.380,18.440,18.010,18.180,137511.000,,raw
2024-12-10,18.690,18.760,18.210,18.280,192626.000,,raw
2024-12-11,18.230,18.590,18.230,18.570,166907.000,,raw
2024-12-12,18.600,18.830,18.400,18.670,172347.000,,raw
2024-12-13,18.540,18.620,18.180,18.230,200816.000,,raw
2024-12-16,18.180,18.610,18.140,18.260,156697.000,,raw
2024-12-17,18.200,19.000,18.200,18.320,368690.000,,raw
2024-12-18,18.220,19.000,18.010,18.710,380475.000,,raw
2024-12-19,18.500,20.040,18.440,19.890,837091.000,,raw
2024-12-20,19.500,19.820,19.190,19.550,535414.000,,raw
2024-12-23,19.500,19.850,19.010,19.020,396370.000,,raw
2024-12-24,19.080,19.360,18.740,19.080,348759.000,,raw
2024-12-25,19.300,19.740,19.020,19.200,410027.000,,raw
2024-12-26,19.090,20.200,18.810,20.050,734715.000,,raw
2024-12-27,20.000,20.000,19.450,19.510,504109.000,,raw
2024-12-30,19.540,19.960,19.270,19.860,517801.000,,raw
2024-12-31,19.910,19.990,19.380,19.460,380865.000,,raw
2025-01-02,19.240,19.260,17.850,18.050,493994.000,,raw
2025-01-03,18.090,18.130,17.180,17.250,310603.000,,raw
2025-01-06,17.070,17.650,17.060,17.210,194124.000,,raw
2025-01-07,17.280,18.580,17.210,18.410,396210.000,,raw
2025-01-08,18.380,18.590,17.810,18.420,332580.000,,raw
2025-01-09,18.290,19.040,18.230,18.750,339024.000,,raw
2025-01-10,18.630,18.920,18.180,18.180,277192.000,,raw
2025-01-13,17.910,18.220,17.700,17.890,181899.000,,raw
2025-01-14,17.950,19.160,17.730,19.120,388638.000,,raw
2025-01-15,19.060,19.330,19.010,19.070,218358.000,,raw
2025-01-16,19.180,19.370,18.780,19.070,278867.000,,raw
2025-01-17,18.910,19.320,18.880,19.190,237464.000,,raw
2025-01-20,19.290,19.400,19.120,19.200,198416.000,,raw
2025-01-21,19.380,19.580,19.200,19.420,239177.000,,raw
2025-01-22,19.350,19.550,19.240,19.350,210687.000,,raw
2025-01-23,19.550,19.950,19.150,19.160,293320.000,,raw
2025-01-24,19.000,20.000,19.000,20.000,524621.000,,raw
2025-01-27,19.810,19.890,18.900,18.900,373454.000,,raw
2025-02-05,19.310,19.570,19.060,19.370,314961.000,,raw
2025-02-06,19.250,20.050,19.120,19.940,360821.000,,raw
2025-02-07,19.940,20.780,19.820,20.440,532756.000,,raw
2025-02-10,21.400,21.800,20.950,21.080,679933.000,,raw
2025-02-11,21.480,22.220,21.160,21.390,767742.000,,raw
2025-02-12,21.100,21.960,21.100,21.670,608920.000,,raw
2025-02-13,21.610,23.840,21.150,22.970,1219728.000,,raw
2025-02-14,22.800,25.270,22.730,25.270,1300452.000,,raw
2025-02-17,26.710,27.590,24.630,24.940,1938225.000,,raw
2025-02-18,24.500,25.950,24.500,25.390,1288276.000,,raw
2025-02-19,24.910,27.930,24.200,27.930,1019256.000,,raw
2025-02-20,28.460,29.330,27.200,27.490,1778161.000,,raw
2025-02-21,27.580,29.230,27.000,28.660,1508130.000,,raw
2025-02-24,29.200,29.200,27.610,27.970,1101131.000,,raw
2025-02-25,26.340,27.000,25.950,26.100,1058279.000,,raw
2025-02-26,26.340,26.400,25.210,25.760,941116.000,,raw
2025-02-27,25.700,25.920,24.630,25.330,823900.000,,raw
2025-02-28,25.030,25.750,24.340,24.500,657344.000,,raw
2025-03-03,24.800,24.870,23.580,24.060,562739.000,,raw
2025-03-04,23.580,24.220,23.560,24.050,377234.000,,raw
2025-03-05,24.390,24.950,24.250,24.850,763806.000,,raw
2025-03-06,25.300,25.900,24.800,25.610,827935.000,,raw
2025-03-07,25.900,26.310,24.500,24.680,784586.000,,raw
2025-03-10,24.600,24.800,24.080,24.400,430468.000,,raw
2025-03-11,24.410,24.540,23.950,24.160,335657.000,,raw
2025-03-12,24.370,25.280,24.240,24.850,646307.000,,raw
2025-03-13,24.830,25.030,23.700,24.020,455426.000,,raw
2025-03-14,24.000,24.350,23.620,24.110,394673.000,,raw
2025-03-17,24.280,25.140,23.910,24.840,527944.000,,raw
2025-03-18,24.850,25.180,24.580,24.990,391934.000,,raw
2025-03-19,24.970,24.980,24.200,24.240,322898.000,,raw
2025-03-20,24.250,24.420,23.850,23.860,293206.000,,raw
2025-03-21,23.610,23.710,23.040,23.140,347682.000,,raw
2025-03-24,23.220,23.340,22.300,22.730,294897.000,,raw
2025-03-25,22.950,22.990,22.320,22.420,203939.000,,raw
2025-03-26,22.380,22.970,22.350,22.620,187438.000,,raw
2025-03-27,22.480,22.950,22.420,22.550,179656.000,,raw
2025-03-28,22.420,22.760,22.310,22.330,131887.000,,raw
2025-03-31,22.100,22.740,21.670,22.570,260772.000,,raw
2025-04-01,22.650,22.720,22.320,22.370,152798.000,,raw
2025-04-02,22.300,22.660,22.240,22.530,133655.000,,raw
2025-04-03,22.720,23.200,22.710,22.950,345105.000,,raw
2025-04-07,21.070,21.670,20.660,20.660,202916.000,,raw
2025-04-08,20.250,20.660,19.150,19.730,435439.000,,raw
2025-04-09,19.200,20.710,18.690,20.560,396192.000,,raw
2025-04-10,21.240,21.550,20.880,21.040,298615.000,,raw
2025-04-11,20.850,21.660,20.790,21.380,226063.000,,raw
2025-04-14,21.950,21.950,21.360,21.400,189483.000,,raw
2025-04-15,21.410,21.440,21.040,21.270,115720.000,,raw
2025-04-16,21.310,22.090,21.200,21.400,292394.000,,raw
2025-04-17,21.270,21.940,21.200,21.360,227554.000,,raw
2025-04-18,21.200,22.100,21.180,21.970,342004.000,,raw
2025-04-21,22.260,22.270,21.700,21.970,300524.000,,raw
2025-04-22,21.740,21.900,21.410,21.430,212639.000,,raw
2025-04-23,21.510,22.050,21.420,21.680,255677.000,,raw
2025-04-24,21.520,21.610,21.020,21.180,194425.000,,raw
2025-04-25,21.200,21.690,21.170,21.480,186974.000,,raw
2025-04-28,21.480,21.880,21.300,21.320,169548.000,,raw
2025-04-29,21.300,21.780,21.160,21.680,188339.000,,raw
2025-04-30,21.470,21.600,20.400,21.360,343790.000,,raw
2025-05-06,21.550,22.390,21.550,22.230,338729.000,,raw
2025-05-07,22.550,22.590,21.820,21.990,278028.000,,raw
2025-05-08,21.990,22.380,21.900,22.310,245541.000,,raw
2025-05-09,22.310,22.310,21.680,21.790,196334.000,,raw
2025-05-12,22.010,22.250,21.920,22.190,185490.000,,raw
2025-05-13,22.520,22.540,21.800,21.870,199117.000,,raw
2025-05-14,21.850,22.500,21.850,21.950,291536.000,,raw
2025-05-15,21.960,21.980,20.900,20.960,273755.000,,raw
2025-05-16,20.800,21.150,20.740,20.890,140233.000,,raw
2025-05-19,20.840,20.890,20.580,20.840,137031.000,,raw
2025-05-20,20.820,21.120,20.650,21.000,122610.000,,raw
2025-05-21,21.180,21.240,20.860,20.900,108831.000,,raw
2025-05-22,20.720,20.920,20.570,20.600,112834.000,,raw
2025-05-23,20.560,20.690,20.160,20.180,142629.000,,raw
2025-05-26,20.140,20.560,20.140,20.370,91734.000,,raw
2025-05-27,20.370,20.370,19.980,20.020,109584.000,,raw
2025-05-28,20.040,20.190,19.930,20.000,91274.000,,raw
2025-05-29,19.950,20.330,19.950,20.290,128141.000,,raw
2025-05-30,20.300,20.660,19.770,20.080,242553.000,,raw
2025-06-03,19.910,20.310,19.880,19.950,141005.000,,raw
2025-06-04,20.200,20.350,20.010,20.190,154749.000,,raw
2025-06-05,20.200,20.740,20.050,20.660,222668.000,,raw
2025-06-06,20.640,20.850,20.460,20.710,163589.000,,raw
2025-06-09,20.900,21.150,20.850,20.990,185420.000,,raw
2025-06-10,21.000,21.030,20.300,20.540,180387.000,,raw
2025-06-11,20.540,20.670,20.370,20.380,136864.000,,raw
2025-06-12,20.330,20.650,20.210,20.400,128671.000,,raw
2025-06-13,20.250,20.490,19.900,19.940,163874.000,,raw
2025-06-16,19.890,20.350,19.830,20.270,137822.000,,raw
2025-06-17,20.380,20.390,20.030,20.060,105639.000,,raw
2025-06-18,20.080,20.580,19.960,20.380,172941.000,,raw
2025-06-19,20.430,20.690,20.160,20.220,151292.000,,raw
2025-06-20,20.010,20.190,19.560,19.600,143230.000,"{'nd': '2024', 'fh_sh': '1.79', 'djr': '2025-06-19', 'cqr': '2025-06-20', 'FHcontent': '10派1.79元'}",raw
2025-06-23,19.450,19.920,19.400,19.860,118767.000,,raw
2025-06-24,19.900,20.480,19.900,20.460,191477.000,,raw
2025-06-25,20.460,20.800,20.420,20.740,202159.000,,raw
2025-06-26,20.790,20.880,20.520,20.560,180247.000,,raw
2025-06-27,20.650,20.820,20.420,20.640,150057.000,,raw
2025-06-30,20.650,21.220,20.650,21.030,211620.000,,raw
2025-07-01,21.040,21.050,20.740,20.880,139296.000,,raw
2025-07-02,20.890,20.900,20.480,20.580,133800.000,,raw
2025-07-03,20.540,20.980,20.530,20.810,123823.000,,raw
2025-07-04,20.750,20.830,20.570,20.610,108826.000,,raw
2025-07-07,20.620,20.620,20.320,20.400,89989.000,,raw
2025-07-08,20.400,21.300,20.330,21.270,319850.000,,raw
2025-07-09,21.200,21.270,21.000,21.150,166279.000,,raw
2025-07-10,21.160,21.550,21.100,21.410,256357.000,,raw
2025-07-11,21.370,21.490,21.190,21.400,167130.000,,raw
2025-07-14,21.520,21.530,21.320,21.330,116451.000,,raw
2025-07-15,21.330,21.680,21.300,21.480,211000.000,,raw
2025-07-16,21.590,21.820,21.340,21.430,193888.000,,raw
2025-07-17,21.350,22.050,21.340,22.030,309626.000,,raw
2025-07-18,22.100,22.150,21.740,21.790,196481.000,,raw
2025-07-21,21.740,21.860,21.550,21.770,160215.000,,raw
2025-07-22,21.830,22.040,21.660,21.800,194086.000,,raw
2025-07-23,21.690,21.710,21.390,21.450,195458.000,,raw
2025-07-24,21.500,21.650,21.420,21.600,144242.000,,raw
2025-07-25,21.550,21.740,21.500,21.700,173417.000,,raw
2025-07-28,21.880,22.020,21.730,21.860,201630.000,,raw
2025-07-29,21.780,22.190,21.520,22.170,322598.000,,raw
2025-07-30,22.100,22.100,21.710,21.860,202621.000,,raw
2025-07-31,21.890,22.780,21.770,22.460,605127.000,,raw
2025-08-01,22.450,22.500,21.710,22.110,416912.000,,raw
2025-08-04,21.980,22.380,21.810,22.090,204788.000,,raw
2025-08-05,22.180,22.300,21.900,22.230,238520.000,,raw
2025-08-06,22.200,22.550,21.990,22.350,237945.000,,raw
2025-08-07,22.360,23.200,21.960,22.910,586852.000,,raw
2025-08-08,22.850,23.280,22.500,23.080,476666.000,,raw
2025-08-11,23.380,24.660,23.350,24.200,694503.000,,raw
2025-08-12,24.200,25.200,23.920,25.200,695942.000,,raw
2025-08-13,25.200,25.540,24.800,25.450,714134.000,,raw
2025-08-14,25.680,25.720,24.650,24.830,482583.000,,raw
2025-08-15,24.690,25.250,24.690,24.870,332138.000,,raw
2025-08-18,24.930,26.020,24.900,25.590,537353.000,,raw
2025-08-19,25.350,26.350,25.260,25.930,498701.000,,raw
2025-08-20,25.680,25.930,24.900,25.800,418997.000,,raw
2025-08-21,25.810,26.830,25.810,26.020,507780.000,,raw
2025-08-22,26.060,26.970,25.860,26.560,614650.000,,raw
2025-08-25,27.510,29.220,26.970,28.290,1153446.000,,raw
2025-08-26,27.750,27.930,26.980,27.090,899910.000,,raw
2025-08-27,27.060,27.630,26.380,26.550,624803.000,,raw
2025-08-28,26.380,28.200,26.360,28.000,884815.000,,raw
2025-08-29,27.800,27.890,27.200,27.430,559630.000,,raw
2025-09-01,27.520,28.040,26.850,27.160,575294.000,,raw
2025-09-02,26.990,27.250,25.400,25.680,664699.000,,raw
2025-09-03,25.620,26.220,25.410,25.640,437185.000,,raw
2025-09-04,25.830,26.050,23.530,24.070,577248.000,,raw
2025-09-05,24.280,24.620,23.830,24.540,393662.000,,raw
2025-09-08,24.460,24.630,23.950,24.400,367761.000,,raw
2025-09-09,24.380,24.560,23.980,24.230,262693.000,,raw
2025-09-10,24.390,24.560,24.000,24.280,244212.000,,raw
2025-09-11,24.420,25.450,24.250,25.400,580600.000,,raw
2025-09-12,25.150,25.900,25.150,25.530,389562.000,,raw
2025-09-15,25.400,25.470,24.910,24.970,329714.000,,raw
2025-09-16,24.950,25.880,24.860,25.540,407887.000,,raw
2025-09-17,25.480,26.600,25.300,26.250,447865.000,,raw
2025-09-18,26.250,28.880,26.170,28.880,1516218.000,,raw
2025-09-19,30.470,31.480,29.610,29.880,1726503.000,,raw
2025-09-22,29.800,30.850,29.000,29.650,1278454.000,,raw
2025-09-23,29.750,30.000,27.200,28.060,1232556.000,,raw
2025-09-24,28.090,28.800,27.710,28.490,812970.000,,raw
2025-09-25,28.400,29.830,28.270,29.140,941453.000,,raw
2025-09-26,29.140,29.680,28.130,28.150,590805.000,,raw
2025-09-29,28.000,28.290,27.490,27.980,492280.000,,raw
2025-09-30,28.590,28.710,27.330,27.450,525761.000,,raw
2025-10-09,27.490,28.500,27.490,27.810,644424.000,,raw
2025-10-10,27.510,27.950,26.830,27.250,555186.000,,raw
2025-10-13,26.000,27.190,25.900,26.850,426142.000,,raw
2025-10-14,26.900,27.180,25.090,25.240,591058.000,,raw
2025-10-15,25.350,26.880,25.290,26.250,643847.000,,raw
2025-10-16,26.380,27.150,26.040,26.620,579614.000,,raw
2025-10-17,27.150,27.290,25.510,25.550,470607.000,,raw
2025-10-20,25.900,26.600,25.570,25.830,348638.000,,raw
2025-10-21,25.660,26.390,25.490,26.150,381088.000,,raw
2025-10-22,25.960,25.990,25.570,25.670,250679.000,,raw
2025-10-23,25.600,25.660,24.450,25.100,383304.000,,raw
2025-10-24,25.330,25.660,25.200,25.560,348507.000,,raw
2025-10-27,25.710,26.400,25.710,26.250,413974.000,,raw
2025-10-28,26.130,26.520,26.080,26.240,325996.000,,raw
2025-10-29,26.350,26.460,25.910,26.250,285555.000,,raw
2025-10-30,26.490,26.490,25.000,25.090,538411.000,,raw
2025-10-31,25.100,25.150,24.260,24.310,483008.000,,raw
2025-11-03,24.190,24.310,23.850,24.280,282718.000,,raw
2025-11-04,24.280,24.280,23.600,23.810,253369.000,,raw
2025-11-05,23.500,23.930,23.420,23.760,203932.000,,raw
2025-11-06,23.860,24.260,23.790,24.250,349571.000,,raw
2025-11-07,24.100,24.440,23.920,24.330,288281.000,,raw
2025-11-10,24.330,24.610,23.910,24.130,282091.000,,raw
2025-11-11,24.140,24.280,23.730,23.830,215547.000,,raw
2025-11-12,23.710,23.780,23.280,23.400,205571.000,,raw
2025-11-13,23.320,23.520,23.110,23.500,188254.000,,raw
2025-11-14,23.400,23.450,23.120,23.120,184438.000,,raw
2025-11-17,23.010,23.260,22.880,23.120,192803.000,,raw
2025-11-18,23.080,23.270,22.880,23.060,168845.000,,raw
2025-11-19,23.010,23.140,22.520,22.780,220806.000,,raw
2025-11-20,22.930,23.050,22.550,22.580,168630.000,,raw
2025-11-21,21.950,22.190,21.580,21.610,290934.000,,raw
2025-11-24,21.820,22.180,21.670,22.090,210834.000,,raw
2025-11-25,22.200,23.030,22.160,22.830,373397.000,,raw
2025-11-26,22.830,24.100,22.640,23.300,574455.000,,raw
2025-11-27,23.050,23.390,22.900,22.920,420350.000,,raw
2025-11-28,22.840,22.990,22.670,22.860,202422.000,,raw
2025-12-01,22.990,23.850,22.910,23.740,558076.000,,raw
2025-12-02,23.350,23.740,22.860,22.920,533256.000,,raw
2025-12-03,23.100,23.300,22.700,22.720,314493.000,,raw
2025-12-04,22.670,22.670,22.200,22.530,305824.000,,raw
2025-12-05,22.510,23.060,22.350,22.970,418725.000,,raw
2025-12-08,23.290,25.260,23.270,24.850,1336011.000,,raw
2025-12-09,24.800,24.990,24.310,24.630,819761.000,,raw
2025-12-10,24.500,25.080,24.110,24.880,646101.000,,raw
2025-12-11,25.080,25.820,24.580,25.400,1202070.000,,raw
2025-12-12,25.280,26.900,25.010,26.480,1431662.000,,raw
2025-12-15,26.040,27.270,25.670,26.770,1258443.000,,raw
2025-12-16,26.200,26.390,25.080,25.310,856071.000,,raw
2025-12-17,25.600,26.800,25.480,26.700,1134914.000,,raw
2025-12-18,27.000,27.180,26.210,26.310,1052919.000,,raw
2025-12-19,26.580,28.490,26.100,27.580,1478198.000,,raw
2025-12-22,27.830,29.330,27.600,28.550,1474533.000,,raw
2025-12-23,28.310,28.580,27.020,27.400,1040515.000,,raw
2025-12-24,27.010,27.810,26.730,27.750,725128.000,,raw
2025-12-25,27.500,28.520,27.450,27.870,920946.000,,raw
2025-12-26,27.700,30.360,27.600,29.450,1787251.000,,raw
2025-12-29,30.500,31.740,30.080,30.470,1587196.000,,raw
2025-12-30,30.090,31.150,28.890,29.160,1407901.000,,raw
2025-12-31,29.890,32.080,29.890,32.080,1343975.000,,raw
