date,open,high,low,close,volume,amount,price_type
2018-01-02,29.670,29.790,29.080,29.600,123736.000,,raw
2018-01-03,29.920,31.150,29.620,31.040,241021.000,,raw
2018-01-04,31.000,31.100,30.580,31.080,138878.000,,raw
2018-01-05,30.950,31.100,30.050,30.180,179869.000,,raw
2018-01-08,30.020,30.180,29.200,30.170,141247.000,,raw
2018-01-09,30.490,31.460,30.180,31.430,237204.000,,raw
2018-01-10,31.080,31.420,30.330,30.900,155011.000,,raw
2018-01-11,30.600,32.100,30.400,31.790,262415.000,,raw
2018-01-12,31.700,32.060,31.150,31.170,151326.000,,raw
2018-01-15,30.800,30.950,29.540,29.720,217427.000,,raw
2018-01-16,29.500,30.280,29.210,30.010,171608.000,,raw
2018-01-17,30.080,30.170,27.600,28.770,261395.000,,raw
2018-01-18,28.410,28.980,27.900,28.030,119226.000,,raw
2018-01-19,28.040,28.340,26.980,27.000,178707.000,,raw
2018-01-22,27.050,27.640,26.440,27.280,145601.000,,raw
2018-01-23,26.730,27.250,25.810,26.070,178104.000,,raw
2018-01-24,25.960,27.240,25.900,27.240,157019.000,,raw
2018-01-25,27.150,27.150,26.690,26.810,117947.000,,raw
2018-01-26,26.800,27.190,26.300,26.670,72011.000,,raw
2018-01-29,26.580,26.980,25.370,25.440,140869.000,,raw
2018-01-30,25.360,25.810,25.050,25.320,53287.000,,raw
2018-01-31,25.050,25.650,24.520,25.150,87288.000,,raw
2018-02-01,25.030,25.230,22.800,22.820,172067.000,,raw
2018-02-02,23.000,23.480,22.810,23.100,99748.000,,raw
2018-02-05,22.600,23.480,22.400,23.060,75317.000,,raw
2018-02-06,22.450,22.850,20.870,20.950,112734.000,,raw
2018-02-07,21.800,21.840,20.000,21.320,123184.000,,raw
2018-02-08,21.200,22.650,20.900,22.300,138020.000,,raw
2018-02-09,21.500,22.860,21.200,21.970,120799.000,,raw
2018-02-12,22.450,23.050,22.100,22.900,116597.000,,raw
2018-02-13,23.000,23.110,22.580,22.690,87448.000,,raw
2018-02-14,22.780,22.870,22.300,22.730,50910.000,,raw
2018-02-22,23.000,24.200,22.790,23.850,123466.000,,raw
2018-02-23,23.730,24.160,23.500,23.860,85524.000,,raw
2018-02-26,24.230,26.250,23.950,26.250,201693.000,,raw
2018-02-27,26.400,26.780,25.800,25.820,225505.000,,raw
2018-02-28,25.520,26.370,25.300,25.930,159850.000,,raw
2018-03-01,25.600,26.860,25.500,26.560,174211.000,,raw
2018-03-02,26.210,26.820,26.100,26.300,132212.000,,raw
2018-03-05,26.350,27.290,26.290,26.920,159275.000,,raw
2018-03-06,27.050,27.610,26.600,26.780,219346.000,,raw
2018-03-07,26.490,26.700,26.170,26.230,115025.000,,raw
2018-03-08,26.120,26.560,25.880,26.120,96424.000,,raw
2018-03-09,26.080,28.720,26.080,28.590,313226.000,,raw
2018-03-12,28.500,28.840,28.180,28.650,275182.000,,raw
2018-03-13,28.300,28.780,27.850,28.290,160061.000,,raw
2018-03-14,28.090,28.730,28.050,28.090,132558.000,,raw
2018-03-15,27.800,28.550,27.030,28.180,149985.000,,raw
2018-03-16,28.180,28.430,27.410,27.500,100329.000,,raw
2018-03-19,27.520,28.460,27.170,27.860,132175.000,,raw
2018-03-20,27.430,27.900,26.910,27.480,108106.000,,raw
2018-03-21,28.030,29.000,27.320,27.500,191905.000,,raw
2018-03-22,27.130,28.040,27.130,27.550,126556.000,,raw
2018-03-23,26.050,26.730,24.920,25.480,222332.000,,raw
2018-03-26,25.200,26.790,24.930,26.600,161139.000,,raw
2018-03-27,27.100,27.770,26.800,27.390,227337.000,,raw
2018-03-28,26.880,27.890,26.770,27.280,174691.000,,raw
2018-03-29,27.390,27.800,26.760,27.150,120842.000,,raw
2018-03-30,27.230,29.090,27.230,28.730,290403.000,,raw
2018-04-02,29.000,29.560,28.420,28.780,279355.000,,raw
2018-04-03,28.220,29.350,28.100,29.280,227702.000,,raw
2018-04-04,29.280,29.440,28.180,28.220,161490.000,,raw
2018-04-09,28.200,28.960,27.810,28.560,143237.000,,raw
2018-04-10,28.280,28.480,27.320,27.800,159991.000,,raw
2018-04-11,27.990,28.390,27.610,27.720,100173.000,,raw
2018-04-12,27.520,27.650,26.700,26.900,147493.000,,raw
2018-04-13,27.100,27.320,26.880,27.000,76815.000,,raw
2018-04-16,26.880,27.520,26.710,27.510,100168.000,,raw
2018-04-17,29.880,29.890,27.610,27.970,427762.000,,raw
2018-04-18,28.570,30.150,28.060,29.640,588019.000,,raw
2018-04-19,29.320,29.560,28.540,28.580,408839.000,,raw
2018-04-20,27.900,27.950,26.390,26.660,390318.000,,raw
2018-04-23,26.850,26.980,25.000,25.660,208440.000,,raw
2018-04-24,25.460,26.460,25.460,26.380,143891.000,,raw
2018-04-25,26.700,27.550,26.380,27.100,224514.000,,raw
2018-04-26,26.000,26.320,25.630,26.000,212601.000,,raw
2018-04-27,26.700,26.940,26.000,26.080,135793.000,,raw
2018-05-02,25.960,25.960,24.110,24.620,183686.000,,raw
2018-05-03,24.600,25.400,24.060,25.270,125371.000,,raw
2018-05-04,25.330,25.460,24.900,24.900,86634.000,,raw
2018-05-07,25.080,25.480,24.940,25.200,86937.000,,raw
2018-05-08,25.280,25.380,24.960,25.260,85154.000,,raw
2018-05-09,25.240,25.750,25.110,25.400,96718.000,,raw
2018-05-10,25.450,25.700,25.050,25.420,99869.000,,raw
2018-05-11,25.200,25.210,23.660,23.890,242251.000,,raw
2018-05-14,24.800,25.260,24.200,24.210,184512.000,,raw
2018-05-15,24.030,24.390,23.680,24.200,162357.000,,raw
2018-05-16,24.360,25.040,24.330,24.550,195956.000,,raw
2018-05-17,24.590,25.030,24.390,24.600,97522.000,,raw
2018-05-18,24.580,25.110,24.420,25.090,142228.000,,raw
2018-05-21,25.490,26.770,25.480,26.370,257839.000,,raw
2018-05-22,26.380,27.670,26.090,27.120,257231.000,,raw
2018-05-23,26.650,27.050,25.830,26.050,227170.000,,raw
2018-05-24,26.120,26.460,25.490,25.770,173018.000,,raw
2018-05-25,25.590,25.680,25.100,25.510,122851.000,,raw
2018-05-28,25.550,25.960,25.190,25.300,121815.000,,raw
2018-05-29,24.680,25.100,24.620,24.980,101804.000,,raw
2018-05-30,24.450,24.790,23.690,23.850,107175.000,"{'nd': '2017', 'fh_sh': '1.7', 'djr': '2018-05-29', 'cqr': '2018-05-30', 'FHcontent': '10派1.7元'}",raw
2018-05-31,24.200,24.370,23.770,24.080,78284.000,,raw
2018-06-01,23.830,24.320,23.830,23.980,66059.000,,raw
2018-06-04,24.180,24.380,23.900,23.960,66359.000,,raw
2018-06-05,24.020,24.630,24.000,24.610,91737.000,,raw
2018-06-06,24.740,25.360,24.630,25.280,134500.000,,raw
2018-06-07,25.040,25.370,24.800,25.020,90764.000,,raw
2018-06-08,25.290,25.550,24.850,25.240,125476.000,,raw
2018-06-11,25.000,25.120,24.120,24.130,84718.000,,raw
2018-06-12,24.300,24.540,23.800,24.330,70424.000,,raw
2018-06-13,24.100,24.750,23.920,24.080,64317.000,,raw
2018-06-14,23.950,24.360,23.850,24.100,50607.000,,raw
2018-06-15,24.230,24.400,22.800,22.900,119870.000,,raw
2018-06-19,22.010,22.590,20.610,20.620,152697.000,,raw
2018-06-20,20.600,21.090,20.260,20.800,87381.000,,raw
2018-06-21,20.900,20.960,19.200,19.420,137406.000,,raw
2018-06-22,19.510,20.180,19.070,20.110,91524.000,,raw
2018-06-25,20.330,20.490,19.720,19.810,64436.000,,raw
2018-06-26,19.400,20.750,19.300,20.510,81526.000,,raw
2018-06-27,20.650,20.800,20.260,20.340,53180.000,,raw
2018-06-28,20.810,20.950,20.010,20.090,95838.000,,raw
2018-06-29,20.250,21.250,20.150,21.200,103801.000,,raw
2018-07-02,21.300,21.930,20.810,21.100,122454.000,,raw
2018-07-03,21.120,22.140,20.780,21.980,117800.000,,raw
2018-07-04,21.800,21.950,21.230,21.380,84087.000,,raw
2018-07-05,21.300,21.400,20.310,20.350,83448.000,,raw
2018-07-06,20.410,21.230,20.300,20.720,92805.000,,raw
2018-07-09,20.800,21.270,20.780,21.100,83912.000,,raw
2018-07-10,21.330,21.980,21.300,21.720,127447.000,,raw
2018-07-11,21.090,21.150,20.450,20.980,101108.000,,raw
2018-07-12,21.800,22.160,21.410,22.060,166395.000,,raw
2018-07-13,21.800,21.950,21.610,21.800,103262.000,,raw
2018-07-16,21.990,22.690,21.850,22.340,138160.000,,raw
2018-07-17,22.150,22.600,22.000,22.390,90352.000,,raw
2018-07-18,22.400,22.520,21.750,21.750,76143.000,,raw
2018-07-19,21.710,22.290,21.710,21.880,68766.000,,raw
2018-07-20,21.910,22.100,21.320,21.990,80760.000,,raw
2018-07-23,22.200,22.890,22.120,22.740,133691.000,,raw
2018-07-24,22.700,22.880,22.300,22.700,91411.000,,raw
2018-07-25,22.690,23.070,22.450,22.540,84578.000,,raw
2018-07-26,22.560,22.590,21.870,21.950,74555.000,,raw
2018-07-27,21.830,22.370,21.830,22.060,56504.000,,raw
2018-07-30,21.990,22.250,21.000,21.250,66920.000,,raw
2018-07-31,21.290,21.600,21.250,21.410,43662.000,,raw
2018-08-01,21.480,22.310,21.410,21.600,85301.000,,raw
2018-08-02,21.290,21.390,20.510,20.900,72120.000,,raw
2018-08-03,20.930,21.040,20.070,20.120,54242.000,,raw
2018-08-06,19.980,20.280,19.700,19.870,41913.000,,raw
2018-08-07,19.920,21.200,19.860,21.060,77320.000,,raw
2018-08-08,20.910,21.770,20.820,21.390,92920.000,,raw
2018-08-09,21.180,23.470,21.170,22.740,188155.000,,raw
2018-08-10,22.810,23.740,22.680,23.270,177737.000,,raw
2018-08-13,23.310,24.330,23.200,24.040,214854.000,,raw
2018-08-14,24.050,24.190,23.530,23.730,117012.000,,raw
2018-08-15,24.040,24.400,23.410,23.410,132406.000,,raw
2018-08-16,23.320,24.670,23.220,23.930,197141.000,,raw
2018-08-17,24.180,25.150,24.120,24.500,229677.000,,raw
2018-08-20,24.500,24.940,23.720,24.730,180213.000,,raw
2018-08-21,24.530,24.610,23.890,24.370,151167.000,,raw
2018-08-22,24.340,25.080,24.120,24.240,160805.000,,raw
2018-08-23,24.110,25.270,24.030,24.940,199073.000,,raw
2018-08-24,24.670,24.730,24.030,24.160,154797.000,,raw
2018-08-27,24.000,26.050,23.860,25.860,263418.000,,raw
2018-08-28,25.810,26.560,25.730,26.000,234905.000,,raw
2018-08-29,26.070,26.200,25.570,26.200,119749.000,,raw
2018-08-30,27.280,27.590,25.650,26.300,230209.000,,raw
2018-08-31,26.130,26.720,25.700,25.780,119074.000,,raw
2018-09-03,25.720,26.580,24.250,26.460,182764.000,,raw
2018-09-04,26.280,27.140,26.150,26.590,160657.000,,raw
2018-09-05,26.360,27.640,26.130,27.060,202254.000,,raw
2018-09-06,26.790,27.560,26.660,26.990,126189.000,,raw
2018-09-07,27.070,27.290,25.430,25.540,200777.000,,raw
2018-09-10,25.460,26.270,25.150,25.250,157197.000,,raw
2018-09-11,25.500,26.460,25.210,26.030,150935.000,,raw
2018-09-12,25.950,26.290,24.920,25.200,144467.000,,raw
2018-09-13,25.810,27.460,25.810,27.180,264235.000,,raw
2018-09-14,27.210,27.210,26.000,26.140,214532.000,,raw
2018-09-17,25.980,26.650,25.330,26.090,134562.000,,raw
2018-09-18,25.830,26.320,25.030,26.190,134692.000,,raw
2018-09-19,25.820,26.870,25.360,26.290,168463.000,,raw
2018-09-20,26.130,26.950,26.130,26.710,132607.000,,raw
2018-09-21,26.650,26.820,25.900,26.550,137454.000,,raw
2018-09-25,26.180,27.330,26.020,27.330,163115.000,,raw
2018-09-26,27.110,27.700,26.850,27.180,170405.000,,raw
2018-09-27,27.030,27.720,26.880,27.210,128997.000,,raw
2018-09-28,27.190,27.330,26.170,26.690,153614.000,,raw
2018-10-08,25.850,25.850,24.610,24.610,141215.000,,raw
2018-10-09,24.620,25.060,24.010,24.700,85687.000,,raw
2018-10-10,24.400,25.000,24.160,24.500,80310.000,,raw
2018-10-11,23.500,23.670,22.050,22.230,165785.000,,raw
2018-10-12,22.220,23.480,22.020,23.280,112812.000,,raw
2018-10-15,23.360,24.190,23.280,23.380,109394.000,,raw
2018-10-16,23.400,23.590,22.210,22.600,94718.000,,raw
2018-10-17,23.120,23.780,22.590,23.300,143275.000,,raw
2018-10-18,22.990,23.570,22.600,22.800,108633.000,,raw
2018-10-19,22.120,23.880,22.110,23.690,117439.000,,raw
2018-10-22,24.500,26.060,24.160,25.980,208303.000,,raw
2018-10-23,25.680,26.060,25.430,25.800,111731.000,,raw
2018-10-24,25.700,26.250,25.500,25.930,90254.000,,raw
2018-10-25,25.000,26.770,24.820,26.750,157288.000,,raw
2018-10-26,26.940,27.580,25.840,26.370,154709.000,,raw
2018-10-29,26.300,27.200,26.220,26.480,113320.000,,raw
2018-10-30,26.190,26.500,24.100,25.750,169761.000,,raw
2018-10-31,25.750,26.000,25.060,25.680,112922.000,,raw
2018-11-01,26.040,26.620,25.690,25.690,124619.000,,raw
2018-11-02,26.490,26.800,25.990,26.650,159182.000,,raw
2018-11-05,26.290,27.170,26.200,27.030,159658.000,,raw
2018-11-06,26.800,26.950,26.110,26.820,88502.000,,raw
2018-11-07,26.700,28.090,26.590,27.500,215389.000,,raw
2018-11-08,27.650,27.800,26.580,26.600,126719.000,,raw
2018-11-09,26.300,28.360,26.020,27.900,214304.000,,raw
2018-11-12,28.010,28.780,27.500,28.700,229822.000,,raw
2018-11-13,28.120,28.960,27.930,28.200,153284.000,,raw
2018-11-14,28.080,28.340,27.710,27.920,110780.000,,raw
2018-11-15,27.800,28.360,27.560,28.130,121548.000,,raw
2018-11-16,27.900,28.560,27.750,28.420,139554.000,,raw
2018-11-19,28.300,28.400,27.450,28.050,113473.000,,raw
2018-11-20,27.470,27.780,26.530,27.050,120053.000,,raw
2018-11-21,26.680,27.490,26.490,26.740,93300.000,,raw
2018-11-22,26.810,27.150,26.540,26.700,50955.000,,raw
2018-11-23,26.800,26.920,26.130,26.200,78608.000,,raw
2018-11-26,26.200,27.300,26.150,27.000,95395.000,,raw
2018-11-27,27.300,27.560,26.980,27.200,106723.000,,raw
2018-11-28,27.200,27.500,26.700,27.210,85366.000,,raw
2018-11-29,27.330,27.520,26.060,26.060,146276.000,,raw
2018-11-30,25.800,26.700,25.240,26.460,98715.000,,raw
2018-12-03,27.530,28.000,27.200,27.720,182233.000,,raw
2018-12-04,27.620,27.900,27.460,27.730,101971.000,,raw
2018-12-05,27.060,27.480,27.000,27.200,65414.000,,raw
2018-12-06,26.490,26.490,24.870,25.140,242341.000,,raw
2018-12-07,25.500,25.670,25.220,25.380,81795.000,,raw
2018-12-10,25.200,26.050,25.030,25.550,93810.000,,raw
2018-12-11,25.730,26.150,25.500,25.830,95336.000,,raw
2018-12-12,26.090,26.140,25.510,25.680,61758.000,,raw
2018-12-13,25.780,26.250,25.540,26.100,103000.000,,raw
2018-12-14,26.030,26.100,25.470,25.610,79038.000,,raw
2018-12-17,25.470,25.470,24.900,25.380,58057.000,,raw
2018-12-18,25.200,25.550,24.950,25.390,55954.000,,raw
2018-12-19,25.540,26.060,25.450,25.550,108274.000,,raw
2018-12-20,25.370,25.860,25.200,25.610,72496.000,,raw
2018-12-21,25.470,25.830,25.330,25.800,71785.000,,raw
2018-12-24,25.940,27.200,25.850,27.000,186314.000,,raw
2018-12-25,26.660,27.590,26.500,27.290,202881.000,,raw
2018-12-26,27.020,27.220,26.600,26.750,139334.000,,raw
2018-12-27,27.010,27.360,26.810,26.870,135544.000,,raw
2018-12-28,26.760,27.050,26.090,26.860,126303.000,,raw
2019-01-02,26.740,27.110,26.590,26.720,103562.000,,raw
2019-01-03,26.610,26.750,25.080,25.410,160384.000,,raw
2019-01-04,24.950,25.950,24.800,25.800,89432.000,,raw
2019-01-07,26.100,26.940,25.860,26.930,162663.000,,raw
2019-01-08,26.800,27.150,26.500,26.780,110481.000,,raw
2019-01-09,26.860,27.360,26.520,26.650,133507.000,,raw
2019-01-10,26.660,27.290,26.430,26.800,128269.000,,raw
2019-01-11,27.230,28.190,27.010,27.020,213793.000,,raw
2019-01-14,26.870,27.280,26.600,27.070,113057.000,,raw
2019-01-15,26.970,27.430,26.600,27.330,132797.000,,raw
2019-01-16,27.280,27.480,27.040,27.070,84574.000,,raw
2019-01-17,26.830,27.360,26.650,26.670,84639.000,,raw
2019-01-18,26.570,26.790,26.100,26.510,96942.000,,raw
2019-01-21,26.590,27.450,26.430,27.160,133143.000,,raw
2019-01-22,27.010,27.110,26.220,26.530,109644.000,,raw
2019-01-23,26.300,26.560,26.080,26.350,69954.000,,raw
2019-01-24,26.400,27.000,26.110,26.550,89421.000,,raw
2019-01-25,26.610,26.720,26.200,26.280,69987.000,,raw
2019-01-28,26.250,26.870,26.230,26.310,86439.000,,raw
2019-01-29,26.200,26.300,25.470,25.900,98499.000,,raw
2019-01-30,25.980,26.450,25.800,25.940,70420.000,,raw
2019-01-31,25.810,26.480,25.810,26.000,71679.000,,raw
2019-02-01,26.120,26.590,26.090,26.580,83204.000,,raw
2019-02-11,26.620,27.350,26.620,27.210,128130.000,,raw
2019-02-12,27.210,27.340,26.960,27.230,102755.000,,raw
2019-02-13,27.390,28.630,27.220,28.240,253290.000,,raw
2019-02-14,28.100,28.170,27.810,27.990,142071.000,,raw
2019-02-15,28.170,28.470,27.750,27.870,128390.000,,raw
2019-02-18,28.230,29.090,28.000,29.080,207683.000,,raw
2019-02-19,29.150,29.280,28.390,28.820,158089.000,,raw
2019-02-20,28.500,29.050,28.080,28.830,144363.000,,raw
2019-02-21,28.570,31.710,28.500,31.110,460105.000,,raw
2019-02-22,30.950,33.750,30.590,32.940,376118.000,,raw
2019-02-25,34.100,34.480,33.020,33.700,436643.000,,raw
2019-02-26,33.600,34.240,32.100,32.600,377706.000,,raw
2019-02-27,32.120,32.860,31.290,31.750,251333.000,,raw
2019-02-28,31.790,32.260,31.460,32.170,160960.000,,raw
2019-03-01,32.180,32.280,31.270,31.900,196588.000,,raw
2019-03-04,32.240,33.150,31.770,32.010,301060.000,,raw
2019-03-05,31.810,33.120,31.450,33.120,288080.000,,raw
2019-03-06,33.460,33.700,32.180,32.680,271152.000,,raw
2019-03-07,32.200,32.300,31.080,31.620,292214.000,,raw
2019-03-08,31.000,34.500,30.680,32.580,476406.000,,raw
2019-03-11,33.460,34.600,32.300,33.980,349613.000,,raw
2019-03-12,34.580,35.770,33.230,34.540,398397.000,,raw
2019-03-13,34.090,34.090,31.880,32.210,308005.000,,raw
2019-03-14,32.000,34.400,31.860,33.900,384419.000,,raw
2019-03-15,33.920,34.270,32.480,33.100,220987.000,,raw
2019-03-18,32.770,33.700,32.350,33.680,177978.000,,raw
2019-03-19,33.810,34.600,33.240,33.750,204965.000,,raw
2019-03-20,33.530,34.360,32.850,33.250,160773.000,,raw
2019-03-21,33.310,33.940,33.000,33.300,161434.000,,raw
2019-03-22,33.460,33.790,32.110,32.520,183321.000,,raw
2019-03-25,31.980,32.460,31.800,31.820,158226.000,,raw
2019-03-26,31.820,32.050,30.260,30.350,199963.000,,raw
2019-03-27,30.600,30.900,29.890,30.610,119299.000,,raw
2019-03-28,31.000,32.300,30.810,30.990,210002.000,,raw
2019-03-29,30.610,31.690,30.010,31.560,174121.000,,raw
2019-04-01,31.440,32.560,31.140,32.280,214396.000,,raw
2019-04-02,32.390,32.390,31.500,31.670,219138.000,,raw
2019-04-03,31.500,31.510,31.010,31.380,156744.000,,raw
2019-04-04,31.540,31.760,31.020,31.170,138748.000,,raw
2019-04-08,31.500,31.520,30.030,30.790,178002.000,,raw
2019-04-09,30.500,31.500,30.430,31.030,120302.000,,raw
2019-04-10,31.030,31.800,30.480,31.560,161958.000,,raw
2019-04-11,31.610,31.670,30.540,30.540,108684.000,,raw
2019-04-12,30.490,30.700,30.120,30.380,77897.000,,raw
2019-04-15,31.000,31.550,30.320,30.350,152793.000,,raw
2019-04-16,30.400,32.300,30.200,32.250,271760.000,,raw
2019-04-17,32.300,32.490,31.520,31.710,195976.000,,raw
2019-04-18,31.660,32.350,31.540,32.000,171808.000,,raw
2019-04-19,31.990,32.310,31.280,31.920,153096.000,,raw
2019-04-22,32.000,33.180,31.920,32.030,224787.000,,raw
2019-04-23,31.900,32.130,31.010,31.170,132596.000,,raw
2019-04-24,31.170,31.890,31.010,31.660,119587.000,,raw
2019-04-25,31.510,31.930,30.040,30.040,189284.000,,raw
2019-04-26,29.900,30.420,29.440,29.600,118128.000,,raw
2019-04-29,29.590,29.850,27.800,27.940,163555.000,,raw
2019-04-30,27.660,28.350,27.660,28.130,77093.000,,raw
2019-05-06,27.000,27.100,25.320,25.320,167302.000,,raw
2019-05-07,25.330,25.710,24.910,25.420,89489.000,,raw
2019-05-08,24.800,25.750,24.560,25.170,74786.000,,raw
2019-05-09,24.810,25.460,24.750,24.950,58901.000,,raw
2019-05-10,25.200,26.360,24.400,26.320,155752.000,,raw
2019-05-13,25.900,26.090,25.520,25.690,99520.000,,raw
2019-05-14,24.910,25.860,24.880,25.530,80405.000,,raw
2019-05-15,25.800,25.970,25.640,25.860,70439.000,,raw
2019-05-16,25.900,25.900,25.200,25.720,78857.000,,raw
2019-05-17,25.830,26.600,25.220,25.320,126072.000,,raw
2019-05-20,25.560,26.660,25.400,26.520,172835.000,,raw
2019-05-21,26.400,27.350,26.100,26.780,154269.000,,raw
2019-05-22,26.690,27.950,26.530,27.230,173134.000,,raw
2019-05-23,27.200,27.320,26.210,26.320,103378.000,,raw
2019-05-24,25.990,26.250,25.330,25.750,82879.000,,raw
2019-05-27,25.740,26.950,25.410,26.680,102903.000,,raw
2019-05-28,26.770,27.040,26.490,26.580,93745.000,,raw
2019-05-29,26.400,27.130,26.350,26.650,79567.000,,raw
2019-05-30,26.630,26.630,25.910,26.260,65144.000,,raw
2019-05-31,26.180,26.890,26.180,26.400,64984.000,,raw
2019-06-03,26.380,27.930,26.350,27.390,173865.000,,raw
2019-06-04,27.950,28.800,27.560,27.970,252037.000,,raw
2019-06-05,28.400,28.800,27.820,28.270,185391.000,,raw
2019-06-06,28.360,28.370,26.270,26.550,180309.000,,raw
2019-06-10,26.530,27.590,26.500,27.190,126118.000,,raw
2019-06-11,27.270,27.800,26.600,27.770,153376.000,,raw
2019-06-12,27.510,27.920,27.340,27.400,128383.000,,raw
2019-06-13,27.390,27.850,27.100,27.310,73249.000,,raw
2019-06-14,27.300,27.530,26.530,26.580,93179.000,,raw
2019-06-17,26.530,26.650,26.000,26.220,61581.000,,raw
2019-06-18,26.260,26.490,26.100,26.340,42858.000,,raw
2019-06-19,27.270,27.470,26.610,26.610,111907.000,,raw
2019-06-20,26.610,27.100,26.200,26.950,113360.000,,raw
2019-06-21,27.000,27.520,26.990,27.220,117849.000,,raw
2019-06-24,27.340,27.340,26.580,26.700,97416.000,,raw
2019-06-25,26.690,26.760,25.900,26.360,85968.000,,raw
2019-06-26,26.250,26.720,26.130,26.330,62514.000,,raw
2019-06-27,26.510,27.200,26.510,27.010,144351.000,,raw
2019-06-28,27.000,27.000,26.270,26.480,74089.000,,raw
2019-07-01,27.440,27.890,27.310,27.350,175846.000,,raw
2019-07-02,27.360,27.480,27.030,27.090,89650.000,,raw
2019-07-03,27.100,27.100,26.500,26.550,78200.000,,raw
2019-07-04,26.580,26.740,26.430,26.620,56545.000,,raw
2019-07-05,26.620,26.690,26.440,26.540,40356.000,,raw
2019-07-08,26.540,26.550,25.350,25.420,95432.000,,raw
2019-07-09,25.420,25.600,25.110,25.420,45763.000,,raw
2019-07-10,25.590,25.620,25.170,25.280,36385.000,,raw
2019-07-11,25.550,25.720,25.250,25.330,29737.000,,raw
2019-07-12,25.320,25.480,24.870,25.400,36960.000,"{'nd': '2018', 'fh_sh': '1.7', 'djr': '2019-07-11', 'cqr': '2019-07-12', 'FHcontent': '10派1.7元'}",raw
2019-07-15,25.420,25.960,25.110,25.720,55243.000,,raw
2019-07-16,26.000,26.840,26.000,26.490,135615.000,,raw
2019-07-17,26.350,26.650,26.250,26.380,80937.000,,raw
2019-07-18,26.240,26.240,25.710,25.710,56643.000,,raw
2019-07-19,25.750,26.100,25.500,25.550,57763.000,,raw
2019-07-22,25.590,25.690,24.880,24.950,50040.000,,raw
2019-07-23,24.960,25.500,24.960,25.430,42889.000,,raw
2019-07-24,25.600,26.120,25.520,25.880,73071.000,,raw
2019-07-25,25.900,26.620,25.810,26.240,130821.000,,raw
2019-07-26,26.300,26.580,26.020,26.460,89392.000,,raw
2019-07-29,26.600,27.090,26.550,26.710,95739.000,,raw
2019-07-30,26.720,28.170,26.720,27.670,282669.000,,raw
2019-07-31,27.690,28.140,27.500,27.820,152541.000,,raw
2019-08-01,27.700,27.980,27.530,27.880,117082.000,,raw
2019-08-02,26.880,27.700,26.620,27.420,139319.000,,raw
2019-08-05,27.330,28.470,27.150,27.580,185494.000,,raw
2019-08-06,26.860,28.130,26.410,28.080,216576.000,,raw
2019-08-07,28.070,28.080,26.980,27.000,196592.000,,raw
2019-08-08,27.000,27.380,26.750,27.210,104036.000,,raw
2019-08-09,27.390,27.480,26.020,26.250,161640.000,,raw
2019-08-12,26.250,27.060,25.560,27.040,146896.000,,raw
2019-08-13,26.700,27.160,26.520,26.990,100686.000,,raw
2019-08-14,27.630,27.800,26.830,26.840,144404.000,,raw
2019-08-15,25.910,27.180,25.750,27.000,117624.000,,raw
2019-08-16,27.060,27.560,26.880,27.130,120805.000,,raw
2019-08-19,27.500,28.700,27.300,28.510,255874.000,,raw
2019-08-20,28.330,28.580,27.910,28.080,160108.000,,raw
2019-08-21,28.000,28.270,27.720,28.150,107790.000,,raw
2019-08-22,28.230,28.250,27.600,27.720,107321.000,,raw
2019-08-23,27.750,28.060,27.120,27.170,111250.000,,raw
2019-08-26,26.520,28.350,26.520,28.270,216421.000,,raw
2019-08-27,28.360,29.220,28.000,28.730,246120.000,,raw
2019-08-28,28.600,29.050,28.300,28.700,146559.000,,raw
2019-08-29,28.670,28.960,28.280,28.400,128821.000,,raw
2019-08-30,28.680,29.150,28.100,28.560,201050.000,,raw
2019-09-02,28.430,29.580,28.180,29.420,219004.000,,raw
2019-09-03,29.430,30.450,29.370,30.120,260805.000,,raw
2019-09-04,29.970,30.300,29.680,30.060,174234.000,,raw
2019-09-05,31.500,33.000,30.600,31.580,456955.000,,raw
2019-09-06,31.900,33.150,31.180,31.960,374400.000,,raw
2019-09-09,32.300,32.930,31.960,32.810,344823.000,,raw
2019-09-10,32.510,32.710,31.410,31.680,237614.000,,raw
2019-09-11,31.730,32.100,31.250,31.340,142095.000,,raw
2019-09-12,31.530,31.940,31.130,31.940,118735.000,,raw
2019-09-16,32.250,32.450,31.500,31.700,161639.000,,raw
2019-09-17,31.430,31.430,30.320,30.530,171778.000,,raw
2019-09-18,30.700,30.820,30.150,30.680,117124.000,,raw
2019-09-19,30.750,31.180,30.530,30.980,112707.000,,raw
2019-09-20,31.080,31.140,30.510,30.530,142565.000,,raw
2019-09-23,30.460,30.490,29.810,30.410,136562.000,,raw
2019-09-24,30.540,31.780,30.540,31.300,217794.000,,raw
2019-09-25,31.020,31.100,29.700,29.960,171381.000,,raw
2019-09-26,30.050,30.160,28.500,28.630,153630.000,,raw
2019-09-27,28.490,29.170,28.490,28.910,89827.000,,raw
2019-09-30,28.840,28.960,28.230,28.440,80677.000,,raw
2019-10-08,28.510,28.850,28.330,28.430,68855.000,,raw
2019-10-09,28.300,29.160,27.810,29.090,81466.000,,raw
2019-10-10,28.880,29.430,28.850,29.250,97013.000,,raw
2019-10-11,29.300,29.310,28.510,28.860,86699.000,,raw
2019-10-14,29.290,29.600,29.100,29.470,109029.000,,raw
2019-10-15,29.300,29.300,28.750,28.840,65457.000,,raw
2019-10-16,28.840,29.200,28.750,28.860,48451.000,,raw
2019-10-17,28.870,29.300,28.750,28.960,45693.000,,raw
2019-10-18,28.950,29.540,28.820,29.190,88993.000,,raw
2019-10-21,29.100,29.100,28.100,28.580,62085.000,,raw
2019-10-22,28.590,28.900,28.300,28.590,56625.000,,raw
2019-10-23,28.580,28.580,27.820,27.850,72097.000,,raw
2019-10-24,27.570,27.850,26.540,27.010,135574.000,,raw
2019-10-25,26.800,27.080,26.600,26.820,85706.000,,raw
2019-10-28,27.010,27.810,27.010,27.810,112906.000,,raw
2019-10-29,27.700,27.770,27.070,27.100,73525.000,,raw
2019-10-30,27.100,27.220,26.600,26.630,76788.000,,raw
2019-10-31,26.630,27.370,26.630,27.200,80545.000,,raw
2019-11-01,27.200,27.400,26.980,27.190,91181.000,,raw
2019-11-04,27.200,27.850,27.110,27.460,103677.000,,raw
2019-11-05,27.460,27.780,27.200,27.640,80024.000,,raw
2019-11-06,27.500,27.880,27.380,27.470,74197.000,,raw
2019-11-07,27.390,27.750,27.240,27.540,53351.000,,raw
2019-11-08,27.860,28.280,27.760,27.930,105288.000,,raw
2019-11-11,27.960,28.340,27.510,27.700,115611.000,,raw
2019-11-12,27.690,27.990,26.850,27.470,89521.000,,raw
2019-11-13,27.510,27.660,27.120,27.600,54037.000,,raw
2019-11-14,27.690,28.250,27.400,28.230,99980.000,,raw
2019-11-15,28.240,28.570,27.820,28.050,95684.000,,raw
2019-11-18,28.150,28.430,27.910,28.290,76860.000,,raw
2019-11-19,28.270,29.100,28.150,29.090,139765.000,,raw
2019-11-20,29.020,29.020,28.520,28.610,97862.000,,raw
2019-11-21,28.430,28.460,28.120,28.310,66550.000,,raw
2019-11-22,28.420,29.130,28.250,28.760,147723.000,,raw
2019-11-25,28.690,28.690,27.760,28.140,96058.000,,raw
2019-11-26,28.130,28.410,27.910,28.100,66542.000,,raw
2019-11-27,27.870,28.350,27.760,28.000,58352.000,,raw
2019-11-28,28.000,28.340,27.820,28.040,46472.000,,raw
2019-11-29,27.890,28.190,27.700,27.900,49511.000,,raw
2019-12-02,27.900,28.510,27.900,28.510,95961.000,,raw
2019-12-03,28.400,28.780,28.250,28.750,83974.000,,raw
2019-12-04,28.500,28.700,28.380,28.630,69552.000,,raw
2019-12-05,28.740,29.360,28.560,29.330,148399.000,,raw
2019-12-06,29.360,29.400,28.950,29.300,109966.000,,raw
2019-12-09,29.250,29.400,28.840,28.950,108158.000,,raw
2019-12-10,28.860,29.780,28.710,29.680,147143.000,,raw
2019-12-11,29.410,29.670,28.840,28.990,129525.000,,raw
2019-12-12,28.820,29.840,28.770,29.510,167731.000,,raw
2019-12-13,29.800,29.890,29.160,29.510,152547.000,,raw
2019-12-16,29.550,30.220,29.550,30.090,172633.000,,raw
2019-12-17,30.100,30.990,29.950,29.990,239712.000,,raw
2019-12-18,30.130,30.620,29.730,30.350,193269.000,,raw
2019-12-19,30.350,30.430,29.900,30.250,104717.000,,raw
2019-12-20,30.330,30.450,29.230,29.270,156513.000,,raw
2019-12-23,29.110,29.210,28.530,28.530,104299.000,,raw
2019-12-24,28.640,28.960,28.610,28.750,73004.000,,raw
2019-12-25,28.760,29.990,28.600,29.700,146846.000,,raw
2019-12-26,29.680,29.950,29.260,29.540,113477.000,,raw
2019-12-27,29.620,30.420,29.520,29.550,143379.000,,raw
2019-12-30,29.310,29.800,28.800,29.550,93119.000,,raw
2019-12-31,29.500,30.240,29.460,29.780,79183.000,,raw
2020-01-02,29.960,30.570,29.720,30.300,144225.000,,raw
2020-01-03,30.350,30.830,30.260,30.450,146331.000,,raw
2020-01-06,30.090,31.080,30.040,30.750,148041.000,,raw
2020-01-07,30.900,31.000,30.260,30.620,103700.000,,raw
2020-01-08,30.500,30.500,29.700,29.840,130274.000,,raw
2020-01-09,30.200,32.110,30.200,31.660,288291.000,,raw
2020-01-10,31.610,32.200,31.550,31.730,173758.000,,raw
2020-01-13,31.760,32.060,31.300,31.960,151424.000,,raw
2020-01-14,31.960,32.140,31.210,31.250,136342.000,,raw
2020-01-15,31.250,31.530,30.910,31.270,101257.000,,raw
2020-01-16,31.270,31.800,31.150,31.460,122367.000,,raw
2020-01-17,31.460,32.140,31.170,31.650,141829.000,,raw
2020-01-20,31.650,32.400,31.280,32.340,153744.000,,raw
2020-01-21,32.090,32.190,31.400,31.400,128704.000,,raw
2020-01-22,31.050,32.040,30.700,31.860,139846.000,,raw
2020-01-23,31.000,31.390,29.080,29.550,210883.000,,raw
2020-02-03,26.600,26.600,26.600,26.600,21504.000,,raw
2020-02-04,23.940,26.070,23.940,25.670,238689.000,,raw
2020-02-05,25.600,27.360,25.440,26.540,215703.000,,raw
2020-02-06,26.540,27.550,26.360,27.410,188823.000,,raw
2020-02-07,27.500,28.360,27.260,28.180,167275.000,,raw
2020-02-10,27.880,28.840,27.870,28.470,133939.000,,raw
2020-02-11,28.580,28.850,27.850,28.140,122375.000,,raw
2020-02-12,28.140,28.850,28.010,28.730,113199.000,,raw
2020-02-13,28.760,28.970,28.200,28.400,112836.000,,raw
2020-02-14,28.380,29.430,28.190,28.820,155691.000,,raw
2020-02-17,29.010,30.000,29.000,29.910,161084.000,,raw
2020-02-18,29.990,30.790,29.860,30.410,163459.000,,raw
2020-02-19,30.240,30.760,29.900,30.040,149730.000,,raw
2020-02-20,30.160,30.500,29.480,30.400,156899.000,,raw
2020-02-21,30.660,32.170,30.630,31.650,265360.000,,raw
2020-02-24,31.990,34.590,31.990,33.990,406869.000,,raw
2020-02-25,33.320,35.670,32.180,34.990,475312.000,,raw
2020-02-26,34.180,34.220,31.550,31.900,404942.000,,raw
2020-02-27,32.090,32.650,30.980,31.900,213623.000,,raw
2020-02-28,29.980,31.200,29.780,29.880,210402.000,,raw
2020-03-02,30.500,32.870,30.490,32.440,267578.000,,raw
2020-03-03,33.500,34.330,31.680,32.000,313843.000,,raw
2020-03-04,32.140,33.600,32.000,32.740,218255.000,,raw
2020-03-05,34.200,34.850,32.750,33.360,271345.000,,raw
2020-03-06,32.400,33.480,32.400,32.950,144638.000,,raw
2020-03-09,32.420,34.520,31.930,32.500,280771.000,,raw
2020-03-10,32.010,35.750,31.500,35.750,477835.000,,raw
2020-03-11,36.610,38.150,34.980,35.010,619332.000,,raw
2020-03-12,34.010,34.620,32.800,34.440,390925.000,,raw
2020-03-13,32.790,34.580,32.540,33.890,358032.000,,raw
2020-03-16,33.950,33.960,30.500,30.510,376779.000,,raw
2020-03-17,30.850,31.570,28.800,31.010,256012.000,,raw
2020-03-18,31.300,32.230,30.550,30.710,231946.000,,raw
2020-03-19,30.710,32.880,30.710,32.400,250435.000,,raw
2020-03-20,32.990,33.350,32.030,32.490,187831.000,,raw
2020-03-23,31.700,34.950,31.310,33.740,387000.000,,raw
2020-03-24,34.490,36.520,32.740,36.010,475629.000,,raw
2020-03-25,36.630,36.630,35.200,35.290,356697.000,,raw
2020-03-26,34.800,35.690,34.420,34.460,203926.000,,raw
2020-03-27,35.000,35.450,33.380,33.500,205723.000,,raw
2020-03-30,32.600,32.610,31.310,31.830,199935.000,,raw
2020-03-31,32.200,32.550,31.380,31.410,128713.000,,raw
2020-04-01,31.300,32.130,30.780,30.980,156216.000,,raw
2020-04-02,31.060,32.320,31.010,32.280,162786.000,,raw
2020-04-03,31.990,32.230,31.330,31.500,119274.000,,raw
2020-04-07,32.210,32.350,31.750,32.110,163535.000,,raw
2020-04-08,31.980,33.760,31.840,33.450,228043.000,,raw
2020-04-09,33.500,34.500,33.190,33.700,197873.000,,raw
2020-04-10,33.500,33.550,31.840,32.000,176351.000,,raw
2020-04-13,31.810,31.930,30.850,31.100,107894.000,,raw
2020-04-14,31.500,31.790,31.160,31.690,112812.000,,raw
2020-04-15,31.530,31.950,31.100,31.250,110899.000,,raw
2020-04-16,31.180,31.260,30.500,31.150,90816.000,,raw
2020-04-17,31.490,31.940,31.100,31.230,134518.000,,raw
2020-04-20,31.310,31.620,31.070,31.530,108395.000,,raw
2020-04-21,31.260,31.260,30.740,31.080,90412.000,,raw
2020-04-22,30.770,31.130,30.680,31.000,71196.000,,raw
2020-04-23,31.030,31.110,29.220,29.490,208057.000,,raw
2020-04-24,29.490,29.970,29.100,29.260,108509.000,,raw
2020-04-27,29.260,30.000,28.710,29.660,127213.000,,raw
2020-04-28,29.670,29.900,28.530,28.950,127970.000,,raw
2020-04-29,28.900,29.080,27.810,28.290,146586.000,,raw
2020-04-30,29.110,29.890,29.000,29.700,190125.000,,raw
2020-05-06,29.500,30.630,29.310,30.490,187800.000,,raw
2020-05-07,31.000,31.800,30.620,30.790,180505.000,,raw
2020-05-08,30.920,31.680,30.920,31.440,166868.000,,raw
2020-05-11,31.800,32.050,31.390,31.680,156883.000,,raw
2020-05-12,31.640,31.640,30.840,31.380,106568.000,,raw
2020-05-13,31.300,31.480,31.040,31.250,72201.000,,raw
2020-05-14,31.000,31.450,30.790,30.840,78799.000,,raw
2020-05-15,31.000,31.460,30.700,30.900,92596.000,,raw
2020-05-18,31.000,31.230,29.650,29.680,144568.000,,raw
2020-05-19,30.110,30.250,29.720,30.020,92687.000,,raw
2020-05-20,30.200,30.750,29.720,30.260,118387.000,,raw
2020-05-21,30.290,30.300,29.260,29.260,103778.000,,raw
2020-05-22,29.280,29.700,28.610,28.720,86934.000,,raw
2020-05-25,28.000,28.040,27.060,27.370,135797.000,,raw
2020-05-26,27.710,28.450,27.700,28.350,78753.000,,raw
2020-05-27,28.380,28.400,27.700,27.740,60321.000,,raw
2020-05-28,27.680,28.000,27.200,27.580,66395.000,,raw
2020-05-29,27.380,27.710,27.180,27.350,57940.000,,raw
2020-06-01,27.600,29.340,27.300,29.070,144750.000,,raw
2020-06-02,29.080,30.380,29.020,29.880,161027.000,,raw
2020-06-03,29.880,30.380,29.350,29.650,131713.000,,raw
2020-06-04,29.680,29.940,29.300,29.370,60987.000,,raw
2020-06-05,30.000,30.100,29.130,29.750,110066.000,,raw
2020-06-08,30.250,31.370,30.150,30.380,171885.000,,raw
2020-06-09,30.300,30.930,30.190,30.390,107860.000,,raw
2020-06-10,30.300,30.580,29.790,29.900,71919.000,,raw
2020-06-11,30.000,30.250,29.440,29.510,102760.000,,raw
2020-06-12,28.830,29.270,28.700,29.070,122897.000,,raw
2020-06-15,29.090,29.500,28.870,29.070,78043.000,,raw
2020-06-16,29.580,31.690,29.410,31.570,287062.000,,raw
2020-06-17,31.850,32.880,31.710,32.710,315596.000,,raw
2020-06-18,32.600,33.550,32.320,33.000,273222.000,,raw
2020-06-19,33.000,33.170,32.360,32.420,160406.000,,raw
2020-06-22,32.740,33.180,32.440,32.580,101797.000,,raw
2020-06-23,32.580,32.780,32.090,32.550,94407.000,,raw
2020-06-24,32.720,32.890,32.180,32.590,104116.000,,raw
2020-06-29,32.590,32.830,31.830,32.130,114957.000,,raw
2020-06-30,32.450,33.740,32.450,32.860,184426.000,,raw
2020-07-01,32.900,33.090,31.660,32.200,159483.000,,raw
2020-07-02,32.210,33.180,31.830,32.720,140805.000,,raw
2020-07-03,32.730,33.380,32.310,33.380,166475.000,,raw
2020-07-06,33.920,34.520,33.320,34.130,266581.000,,raw
2020-07-07,34.450,35.430,33.800,34.700,243207.000,,raw
2020-07-08,34.500,35.830,34.230,35.580,219724.000,,raw
2020-07-09,35.760,36.380,35.030,35.760,224149.000,,raw
2020-07-10,35.680,36.770,35.100,35.120,197524.000,,raw
2020-07-13,36.000,37.800,35.900,37.050,253505.000,,raw
2020-07-14,36.980,37.350,35.100,36.090,241688.000,,raw
2020-07-15,35.920,36.660,34.800,35.900,233745.000,,raw
2020-07-16,35.870,36.070,34.150,34.700,186431.000,,raw
2020-07-17,34.900,36.000,34.010,35.830,193525.000,,raw
2020-07-20,36.370,36.370,35.100,36.220,153089.000,,raw
2020-07-21,35.980,36.750,35.380,36.110,139822.000,,raw
2020-07-22,36.090,36.620,35.400,36.250,136128.000,,raw
2020-07-23,35.780,35.970,34.560,35.200,172745.000,,raw
2020-07-24,34.120,34.770,32.060,32.100,173960.000,"{'nd': '2019', 'fh_sh': '1.7', 'djr': '2020-07-23', 'cqr': '2020-07-24', 'FHcontent': '10派1.7元'}",raw
2020-07-27,32.410,32.590,31.620,31.870,65519.000,,raw
2020-07-28,32.140,32.490,31.820,31.990,57052.000,,raw
2020-07-29,32.000,32.750,31.900,32.700,65521.000,,raw
2020-07-30,32.740,32.940,32.060,32.110,68215.000,,raw
2020-07-31,32.320,33.020,32.100,32.300,94844.000,,raw
2020-08-03,32.570,33.180,32.440,33.160,108456.000,,raw
2020-08-04,33.300,34.220,33.180,33.320,128729.000,,raw
2020-08-05,33.860,33.860,32.810,33.260,91077.000,,raw
2020-08-06,33.210,33.230,31.920,32.410,132915.000,,raw
2020-08-07,32.320,32.320,31.530,31.860,90172.000,,raw
2020-08-10,31.500,31.900,31.010,31.550,95545.000,,raw
2020-08-11,31.700,31.990,31.240,31.270,74869.000,,raw
2020-08-12,31.180,31.540,30.500,30.860,80762.000,,raw
2020-08-13,31.060,31.760,30.680,31.330,89217.000,,raw
2020-08-14,31.180,31.810,31.030,31.590,81627.000,,raw
2020-08-17,31.740,32.300,31.360,31.970,89130.000,,raw
2020-08-18,32.000,32.100,31.290,31.500,77235.000,,raw
2020-08-19,31.600,31.770,30.510,30.660,65934.000,,raw
2020-08-20,30.360,30.560,29.800,30.200,67620.000,,raw
2020-08-21,30.740,31.040,30.160,30.530,56577.000,,raw
2020-08-24,30.980,31.300,30.290,31.100,75370.000,,raw
2020-08-25,31.550,33.200,31.520,32.350,167288.000,,raw
2020-08-26,34.330,34.390,32.280,32.710,357809.000,,raw
2020-08-27,32.800,33.860,32.620,33.250,208768.000,,raw
2020-08-28,32.930,33.180,32.500,33.130,131371.000,,raw
2020-08-31,33.310,33.700,32.820,32.820,122720.000,,raw
2020-09-01,32.820,33.760,32.660,33.520,165125.000,,raw
2020-09-02,33.770,34.720,33.550,34.380,178390.000,,raw
2020-09-03,34.520,34.860,34.110,34.420,138593.000,,raw
2020-09-04,33.950,34.650,33.780,34.170,109456.000,,raw
2020-09-07,34.170,34.470,33.170,33.220,134916.000,,raw
2020-09-08,33.680,33.920,33.300,33.730,86862.000,,raw
2020-09-09,33.290,33.740,32.700,33.010,116910.000,,raw
2020-09-10,33.350,33.920,31.940,32.240,136020.000,,raw
2020-09-11,31.900,32.180,31.170,31.870,129911.000,,raw
2020-09-14,31.990,32.600,31.800,32.300,92929.000,,raw
2020-09-15,32.990,33.200,32.150,33.110,101585.000,,raw
2020-09-16,32.980,33.820,32.800,33.530,107644.000,,raw
2020-09-17,33.600,34.490,33.210,34.000,131659.000,,raw
2020-09-18,34.190,34.480,33.800,34.250,116644.000,,raw
2020-09-21,34.160,34.800,33.910,34.090,83334.000,,raw
2020-09-22,33.670,35.220,33.670,34.870,155975.000,,raw
2020-09-23,34.760,35.150,34.370,34.970,96198.000,,raw
2020-09-24,34.690,35.200,34.500,34.870,100405.000,,raw
2020-09-25,34.900,34.950,34.150,34.230,78970.000,,raw
2020-09-28,34.600,34.680,33.600,33.600,69600.000,,raw
2020-09-29,34.030,35.180,33.900,35.100,121951.000,,raw
2020-09-30,35.000,35.350,34.650,34.970,83046.000,,raw
2020-10-09,35.470,35.950,34.990,35.150,124090.000,,raw
2020-10-12,35.170,36.520,35.080,36.450,179906.000,,raw
2020-10-13,36.200,36.200,35.720,36.050,122008.000,,raw
2020-10-14,36.040,36.040,34.710,34.980,139738.000,,raw
2020-10-15,34.980,35.100,34.480,34.480,78039.000,,raw
2020-10-16,34.620,34.800,33.340,33.350,143058.000,,raw
2020-10-19,35.000,35.760,34.200,34.400,381642.000,,raw
2020-10-20,34.120,34.140,32.700,33.190,231426.000,,raw
2020-10-21,33.100,33.130,31.710,32.110,198016.000,,raw
2020-10-22,31.930,32.460,31.210,32.420,132444.000,,raw
2020-10-23,31.960,32.270,31.600,31.640,129740.000,,raw
2020-10-26,31.600,32.350,31.420,32.180,95910.000,,raw
2020-10-27,32.100,32.560,31.860,32.560,98344.000,,raw
2020-10-28,32.530,32.570,31.880,31.990,118949.000,,raw
2020-10-29,31.500,31.910,31.210,31.740,99784.000,,raw
2020-10-30,31.730,32.320,31.390,31.400,118181.000,,raw
2020-11-02,31.380,31.430,30.180,30.730,136996.000,,raw
2020-11-03,31.410,31.850,31.080,31.790,127167.000,,raw
2020-11-04,31.780,31.870,31.000,31.070,103703.000,,raw
2020-11-05,31.450,33.140,31.360,32.960,231893.000,,raw
2020-11-06,32.810,33.200,32.470,32.640,144582.000,,raw
2020-11-09,33.180,33.820,32.910,33.450,231295.000,,raw
2020-11-10,33.390,33.390,32.550,32.750,143498.000,,raw
2020-11-11,32.560,32.770,31.600,31.700,123097.000,,raw
2020-11-12,31.900,32.150,31.270,31.690,76719.000,,raw
2020-11-13,31.670,32.100,31.350,32.000,76735.000,,raw
2020-11-16,32.000,32.170,31.410,32.170,89700.000,,raw
2020-11-17,31.960,31.960,30.800,31.230,133568.000,,raw
2020-11-18,31.230,31.580,31.070,31.320,67243.000,,raw
2020-11-19,31.000,31.350,30.800,31.290,79004.000,,raw
2020-11-20,31.400,31.550,30.850,31.100,85582.000,,raw
2020-11-23,31.150,31.310,30.710,31.150,84482.000,,raw
2020-11-24,31.150,31.380,30.900,31.300,80601.000,,raw
2020-11-25,31.490,31.980,31.200,31.600,133302.000,,raw
2020-11-26,31.430,31.660,31.010,31.110,78190.000,,raw
2020-11-27,31.110,31.260,30.530,30.840,83632.000,,raw
2020-11-30,30.850,31.130,30.620,30.700,64342.000,,raw
2020-12-01,30.680,30.980,30.630,30.950,59960.000,,raw
2020-12-02,30.990,31.640,30.760,31.460,109589.000,,raw
2020-12-03,31.380,31.380,30.920,31.180,77942.000,,raw
2020-12-04,31.180,32.140,30.980,32.130,139925.000,,raw
2020-12-07,32.150,32.150,31.690,31.700,80280.000,,raw
2020-12-08,31.650,32.080,31.620,31.690,61795.000,,raw
2020-12-09,31.710,31.770,30.800,30.800,80219.000,,raw
2020-12-10,30.900,31.110,30.690,30.890,42148.000,,raw
2020-12-11,30.690,30.760,29.050,29.150,200661.000,,raw
2020-12-14,29.010,29.440,28.860,29.220,59099.000,,raw
2020-12-15,29.130,29.700,29.030,29.550,46547.000,,raw
2020-12-16,29.580,29.750,29.170,29.190,34374.000,,raw
2020-12-17,29.190,29.450,28.900,29.450,47921.000,,raw
2020-12-18,29.550,29.730,29.230,29.440,43007.000,,raw
2020-12-21,29.380,29.980,29.110,29.740,61776.000,,raw
2020-12-22,29.580,29.920,29.050,29.090,55268.000,,raw
2020-12-23,29.150,29.290,28.060,29.000,90163.000,,raw
2020-12-24,28.990,28.990,28.150,28.200,58989.000,,raw
2020-12-25,28.150,28.370,27.550,28.320,55052.000,,raw
2020-12-28,28.200,28.200,27.010,27.190,85905.000,,raw
2020-12-29,27.320,29.250,27.260,28.840,128031.000,,raw
2020-12-30,28.850,29.190,28.250,28.930,85162.000,,raw
2020-12-31,28.970,29.490,28.650,29.040,77526.000,,raw
2021-01-04,29.060,29.550,28.800,29.440,95465.000,,raw
2021-01-05,29.200,29.850,29.100,29.580,101991.000,,raw
2021-01-06,29.650,29.670,28.800,28.880,77037.000,,raw
2021-01-07,28.780,28.880,27.850,28.300,92655.000,,raw
2021-01-08,28.300,29.470,28.250,29.000,97803.000,,raw
2021-01-11,29.080,29.780,28.640,28.860,107621.000,,raw
2021-01-12,28.810,29.290,28.500,29.270,74375.000,,raw
2021-01-13,29.290,30.130,29.070,30.110,151770.000,,raw
2021-01-14,30.180,30.500,29.670,29.980,133665.000,,raw
2021-01-15,30.100,30.100,29.290,29.460,81910.000,,raw
2021-01-18,29.400,30.260,29.280,30.050,83706.000,,raw
2021-01-19,29.900,30.450,29.480,29.530,78956.000,,raw
2021-01-20,29.570,29.700,29.140,29.640,58425.000,,raw
2021-01-21,29.660,29.740,29.150,29.390,75987.000,,raw
2021-01-22,29.320,29.380,28.200,28.530,104236.000,,raw
2021-01-25,28.420,28.420,27.800,27.940,87009.000,,raw
2021-01-26,27.940,28.470,27.530,27.650,63450.000,,raw
2021-01-27,27.790,27.920,27.520,27.770,47312.000,,raw
2021-01-28,27.380,27.890,27.080,27.100,62424.000,,raw
2021-01-29,27.280,27.400,25.450,25.880,110849.000,,raw
2021-02-01,25.640,26.270,25.460,25.820,62937.000,,raw
2021-02-02,25.920,26.640,25.850,26.220,75918.000,,raw
2021-02-03,26.290,26.450,24.400,24.500,147330.000,,raw
2021-02-04,24.550,24.790,23.500,24.110,131092.000,,raw
2021-02-05,24.150,24.400,23.100,23.170,91446.000,,raw
2021-02-08,23.170,23.610,23.040,23.180,68098.000,,raw
2021-02-09,23.260,23.580,23.060,23.450,84702.000,,raw
2021-02-10,23.450,23.950,23.240,23.860,80591.000,,raw
2021-02-18,24.150,24.680,24.050,24.320,84877.000,,raw
2021-02-19,24.340,24.860,24.110,24.820,86049.000,,raw
2021-02-22,25.090,25.100,24.300,24.390,129975.000,,raw
2021-02-23,24.110,24.700,23.860,24.460,103218.000,,raw
2021-02-24,24.450,24.980,24.240,24.510,110837.000,,raw
2021-02-25,24.610,24.770,24.230,24.280,64608.000,,raw
2021-02-26,23.900,24.480,23.790,24.420,80484.000,,raw
2021-03-01,24.420,24.720,24.320,24.700,98312.000,,raw
2021-03-02,24.750,24.830,24.210,24.350,98626.000,,raw
2021-03-03,24.410,24.800,24.410,24.730,90019.000,,raw
2021-03-04,24.640,24.770,24.210,24.370,81596.000,,raw
2021-03-05,24.220,24.600,24.160,24.460,76692.000,,raw
2021-03-08,24.600,24.820,24.100,24.120,97962.000,,raw
2021-03-09,23.940,24.060,22.880,22.880,137784.000,,raw
2021-03-10,23.150,23.480,22.050,22.100,118662.000,,raw
2021-03-11,22.280,22.750,21.910,22.560,85420.000,,raw
2021-03-12,22.600,22.710,22.350,22.570,58144.000,,raw
2021-03-15,22.560,22.560,21.730,21.890,87333.000,,raw
2021-03-16,21.880,22.120,21.640,21.780,62844.000,,raw
2021-03-17,21.940,22.130,21.750,22.090,65047.000,,raw
2021-03-18,22.090,22.210,21.800,21.880,54955.000,,raw
2021-03-19,21.700,22.040,21.530,21.900,64145.000,,raw
2021-03-22,21.750,22.240,21.710,22.240,49349.000,,raw
2021-03-23,22.240,22.330,21.920,22.050,58243.000,,raw
2021-03-24,21.820,22.170,21.680,21.750,52925.000,,raw
2021-03-25,21.610,21.940,21.580,21.870,39624.000,,raw
2021-03-26,22.080,22.420,22.080,22.330,65748.000,,raw
2021-03-29,22.400,22.580,22.120,22.170,61998.000,,raw
2021-03-30,22.130,22.230,21.880,22.130,44935.000,,raw
2021-03-31,22.130,22.250,21.820,22.220,44303.000,,raw
2021-04-01,22.200,22.620,22.050,22.520,60187.000,,raw
2021-04-02,22.480,23.200,22.460,23.000,105333.000,,raw
2021-04-06,22.980,23.010,22.630,22.780,65780.000,,raw
2021-04-07,22.780,22.860,22.490,22.740,67273.000,,raw
2021-04-08,22.640,22.670,22.330,22.360,62735.000,,raw
2021-04-09,22.240,22.440,22.030,22.100,48806.000,,raw
2021-04-12,22.000,22.040,21.630,21.710,53862.000,,raw
2021-04-13,21.670,21.820,21.600,21.660,43674.000,,raw
2021-04-14,22.030,22.690,21.910,22.310,119314.000,,raw
2021-04-15,22.240,23.150,22.120,23.130,147007.000,,raw
2021-04-16,23.150,23.330,22.850,23.330,123563.000,,raw
2021-04-19,23.340,23.600,23.060,23.530,117207.000,,raw
2021-04-20,23.480,23.620,23.100,23.200,99701.000,,raw
2021-04-21,23.180,23.360,22.980,23.140,61669.000,,raw
2021-04-22,23.140,23.570,23.070,23.370,93812.000,,raw
2021-04-23,23.180,23.440,22.720,23.390,109131.000,,raw
2021-04-26,23.450,23.520,22.930,22.940,92156.000,,raw
2021-04-27,22.900,23.350,22.880,23.120,81420.000,,raw
2021-04-28,23.100,23.280,22.770,22.890,75617.000,,raw
2021-04-29,22.810,23.060,22.730,22.880,54968.000,,raw
2021-04-30,22.910,22.930,22.160,22.230,97324.000,,raw
2021-05-06,22.230,22.790,22.100,22.530,77209.000,,raw
2021-05-07,22.530,22.570,22.350,22.450,63537.000,,raw
2021-05-10,22.440,22.440,21.750,21.800,70072.000,,raw
2021-05-11,21.700,22.060,21.660,22.060,45256.000,,raw
2021-05-12,21.960,22.190,21.870,22.190,43968.000,,raw
2021-05-13,21.950,22.730,21.900,22.630,76403.000,,raw
2021-05-14,22.800,22.950,22.600,22.870,68632.000,,raw
2021-05-17,23.000,23.190,22.880,22.890,77133.000,,raw
2021-05-18,22.790,23.390,22.750,23.270,68747.000,,raw
2021-05-19,23.430,23.430,23.030,23.140,51355.000,,raw
2021-05-20,23.070,23.330,22.900,23.300,54458.000,,raw
2021-05-21,23.340,23.350,22.900,22.940,49301.000,,raw
2021-05-24,22.740,23.380,22.740,23.340,63403.000,,raw
2021-05-25,23.330,23.740,23.280,23.640,89897.000,,raw
2021-05-26,23.720,24.160,23.420,23.440,97158.000,,raw
2021-05-27,23.650,24.350,23.540,23.890,153172.000,,raw
2021-05-28,24.170,24.350,23.810,24.030,96927.000,,raw
2021-05-31,24.110,24.870,24.110,24.740,123191.000,,raw
2021-06-01,24.530,24.840,24.420,24.550,94906.000,,raw
2021-06-02,24.620,25.130,24.480,24.520,128974.000,,raw
2021-06-03,24.540,25.000,24.330,24.450,116361.000,,raw
2021-06-04,24.500,24.820,24.130,24.250,106454.000,,raw
2021-06-07,24.490,24.940,24.490,24.800,107616.000,,raw
2021-06-08,24.800,24.860,24.450,24.540,74390.000,,raw
2021-06-09,24.450,24.780,23.940,24.070,83388.000,,raw
2021-06-10,24.150,24.380,23.930,24.260,84677.000,,raw
2021-06-11,24.190,24.250,23.660,23.670,97485.000,,raw
2021-06-15,23.610,24.070,23.610,23.830,65229.000,,raw
2021-06-16,23.750,24.810,23.700,24.490,121279.000,,raw
2021-06-17,24.460,25.090,24.290,25.030,129652.000,,raw
2021-06-18,25.080,25.080,24.500,24.820,107178.000,,raw
2021-06-21,24.640,24.970,24.510,24.700,94390.000,,raw
2021-06-22,24.700,24.710,23.910,24.120,100599.000,,raw
2021-06-23,23.970,25.580,23.860,25.350,194660.000,,raw
2021-06-24,25.430,25.750,25.060,25.470,139087.000,,raw
2021-06-25,25.340,25.350,24.650,24.960,147197.000,,raw
2021-06-28,24.960,25.360,24.710,24.990,108433.000,,raw
2021-06-29,25.000,25.180,24.260,24.460,103683.000,,raw
2021-06-30,24.480,24.820,24.450,24.600,70387.000,,raw
2021-07-01,24.640,24.660,23.600,23.610,111755.000,,raw
2021-07-02,23.610,23.820,23.470,23.530,66919.000,,raw
2021-07-05,23.380,23.710,22.820,23.130,100120.000,,raw
2021-07-06,23.060,23.320,22.820,23.180,69537.000,,raw
2021-07-07,23.010,23.700,22.900,23.560,73255.000,,raw
2021-07-08,23.600,23.720,23.250,23.400,75582.000,,raw
2021-07-09,23.230,23.920,23.220,23.470,82396.000,"{'nd': '2020', 'fh_sh': '1.7', 'djr': '2021-07-08', 'cqr': '2021-07-09', 'FHcontent': '10派1.7元'}",raw
2021-07-12,23.540,25.230,23.480,24.830,204139.000,,raw
2021-07-13,24.880,25.220,24.600,25.060,170056.000,,raw
2021-07-14,25.070,25.180,24.740,24.760,110334.000,,raw
2021-07-15,24.810,25.140,24.400,25.000,107655.000,,raw
2021-07-16,24.860,24.870,24.260,24.340,103170.000,,raw
2021-07-19,24.290,25.130,23.700,25.030,157749.000,,raw
2021-07-20,24.800,25.200,24.620,25.170,119115.000,,raw
2021-07-21,25.180,25.220,24.680,24.900,115041.000,,raw
2021-07-22,24.840,25.170,24.410,24.840,117785.000,,raw
2021-07-23,25.050,25.880,24.920,25.530,241326.000,,raw
2021-07-26,25.390,25.480,24.520,24.740,163667.000,,raw
2021-07-27,24.990,26.600,24.860,25.810,304242.000,,raw
2021-07-28,25.910,27.220,25.000,27.200,367863.000,,raw
2021-07-29,27.500,28.440,26.700,27.780,412459.000,,raw
2021-07-30,27.330,28.470,27.010,27.420,317686.000,,raw
2021-08-02,27.590,28.750,27.280,28.510,315484.000,,raw
2021-08-03,28.720,29.470,27.810,27.930,316812.000,,raw
2021-08-04,27.660,28.300,27.310,27.850,248829.000,,raw
2021-08-05,27.840,27.840,27.070,27.110,178088.000,,raw
2021-08-06,27.020,27.280,26.550,27.100,173040.000,,raw
2021-08-09,27.000,27.660,26.710,27.560,180919.000,,raw
2021-08-10,27.290,27.390,26.890,27.090,142166.000,,raw
2021-08-11,26.960,26.980,26.510,26.730,131983.000,,raw
2021-08-12,26.560,27.960,26.540,27.720,218680.000,,raw
2021-08-13,27.800,28.400,26.800,26.920,236230.000,,raw
2021-08-16,26.640,26.640,25.600,25.660,203843.000,,raw
2021-08-17,25.510,25.860,25.030,25.100,131459.000,,raw
2021-08-18,25.100,25.220,24.610,24.940,109892.000,,raw
2021-08-19,24.990,25.560,24.830,25.550,110908.000,,raw
2021-08-20,25.550,25.550,24.980,25.180,81141.000,,raw
2021-08-23,25.250,26.050,25.250,25.870,120868.000,,raw
2021-08-24,25.820,25.950,25.550,25.870,88612.000,,raw
2021-08-25,25.920,26.350,25.270,25.650,129888.000,,raw
2021-08-26,25.420,25.480,23.770,23.990,269269.000,,raw
2021-08-27,23.990,24.250,23.520,24.140,118993.000,,raw
2021-08-30,24.190,24.550,24.040,24.150,106406.000,,raw
2021-08-31,24.160,24.160,23.450,23.770,103943.000,,raw
2021-09-01,23.760,23.870,23.240,23.670,108668.000,,raw
2021-09-02,23.600,23.640,23.330,23.410,84489.000,,raw
2021-09-03,23.420,23.780,23.380,23.730,93594.000,,raw
2021-09-06,23.670,24.110,23.530,24.030,93259.000,,raw
2021-09-07,24.040,24.090,23.660,24.010,91195.000,,raw
2021-09-08,24.010,24.390,23.860,24.300,101599.000,,raw
2021-09-09,24.150,24.270,23.880,23.990,79189.000,,raw
2021-09-10,23.900,24.080,23.670,23.830,90793.000,,raw
2021-09-13,23.820,23.820,23.350,23.430,86719.000,,raw
2021-09-14,23.420,23.830,23.350,23.530,78500.000,,raw
2021-09-15,23.550,23.570,23.310,23.330,58198.000,,raw
2021-09-16,23.460,23.650,23.350,23.440,68656.000,,raw
2021-09-17,23.430,23.430,22.770,23.090,88551.000,,raw
2021-09-22,22.760,22.980,22.720,22.890,37689.000,,raw
2021-09-23,23.000,23.450,22.950,23.270,63533.000,,raw
2021-09-24,23.300,23.460,23.090,23.110,52082.000,,raw
2021-09-27,23.880,23.990,23.200,23.330,70694.000,,raw
2021-09-28,23.360,23.400,22.970,22.990,49388.000,,raw
2021-09-29,22.750,22.800,22.290,22.300,72331.000,,raw
2021-09-30,22.360,22.510,22.220,22.400,37765.000,,raw
2021-10-08,22.680,22.990,22.640,22.940,56261.000,,raw
2021-10-11,22.940,23.490,22.910,23.230,61198.000,,raw
2021-10-12,23.100,23.260,22.810,23.000,43178.000,,raw
2021-10-13,22.990,23.300,22.880,23.240,39053.000,,raw
2021-10-14,23.260,23.350,22.960,23.020,38027.000,,raw
2021-10-15,23.120,23.410,22.880,23.150,54534.000,,raw
2021-10-18,23.150,23.230,22.960,23.060,40439.000,,raw
2021-10-19,23.000,23.200,23.000,23.090,35174.000,,raw
2021-10-20,23.090,23.210,22.910,22.920,41707.000,,raw
2021-10-21,22.800,22.800,22.340,22.450,63540.000,,raw
2021-10-22,22.440,22.590,22.340,22.530,30092.000,,raw
2021-10-25,22.530,22.620,22.420,22.460,33525.000,,raw
2021-10-26,22.300,22.620,22.030,22.590,73728.000,,raw
2021-10-27,22.340,22.460,21.360,21.560,110821.000,,raw
2021-10-28,21.550,21.690,21.220,21.470,45038.000,,raw
2021-10-29,21.470,21.770,21.440,21.690,41119.000,,raw
2021-11-01,21.650,22.100,21.580,22.000,46516.000,,raw
2021-11-02,22.000,22.450,21.910,22.020,69131.000,,raw
2021-11-03,22.020,22.300,21.870,22.070,43479.000,,raw
2021-11-04,22.150,22.350,22.060,22.310,44883.000,,raw
2021-11-05,22.310,22.740,22.300,22.500,63827.000,,raw
2021-11-08,22.490,22.500,21.980,22.130,50074.000,,raw
2021-11-09,22.100,22.350,21.990,22.320,47155.000,,raw
2021-11-10,22.290,22.440,22.090,22.290,41783.000,,raw
2021-11-11,22.300,22.850,22.240,22.720,71064.000,,raw
2021-11-12,22.740,23.350,22.640,23.170,85583.000,,raw
2021-11-15,22.930,23.710,22.690,23.330,130599.000,,raw
2021-11-16,23.190,23.440,22.760,22.760,106903.000,,raw
2021-11-17,22.850,23.690,22.690,23.630,130071.000,,raw
2021-11-18,23.700,23.730,23.250,23.300,85908.000,,raw
2021-11-19,23.200,23.300,22.920,23.240,66906.000,,raw
2021-11-22,23.260,23.580,23.010,23.450,91276.000,,raw
2021-11-23,23.450,23.970,23.350,23.660,124877.000,,raw
2021-11-24,23.570,24.440,23.520,24.260,171689.000,,raw
2021-11-25,24.400,24.700,23.880,23.950,148681.000,,raw
2021-11-26,23.800,24.170,23.420,23.430,107128.000,,raw
2021-11-29,23.150,23.390,23.100,23.200,70098.000,,raw
2021-11-30,23.420,23.680,23.100,23.300,74791.000,,raw
2021-12-01,23.150,23.920,23.130,23.720,78079.000,,raw
2021-12-02,23.860,24.120,23.260,23.350,81964.000,,raw
2021-12-03,23.340,23.500,23.210,23.350,60159.000,,raw
2021-12-06,23.380,23.460,22.660,22.680,90354.000,,raw
2021-12-07,22.810,22.950,22.170,22.350,83183.000,,raw
2021-12-08,22.460,22.640,22.280,22.600,55050.000,,raw
2021-12-09,22.540,22.950,22.510,22.830,65330.000,,raw
2021-12-10,22.720,22.780,22.480,22.700,64896.000,,raw
2021-12-13,22.710,22.960,22.590,22.810,61105.000,,raw
2021-12-14,22.680,23.250,22.620,23.190,75112.000,,raw
2021-12-15,23.110,23.590,22.990,23.070,88568.000,,raw
2021-12-16,23.220,23.240,22.920,23.090,56553.000,,raw
2021-12-17,23.020,23.070,22.470,22.490,80368.000,,raw
2021-12-20,22.500,22.630,22.150,22.160,57573.000,,raw
2021-12-21,22.200,22.360,22.130,22.330,51401.000,,raw
2021-12-22,22.300,22.550,22.290,22.420,51583.000,,raw
2021-12-23,22.430,22.470,22.040,22.150,62970.000,,raw
2021-12-24,22.160,22.230,21.810,22.030,57527.000,,raw
2021-12-27,22.000,22.410,21.920,22.290,51882.000,,raw
2021-12-28,22.650,22.830,22.410,22.480,87150.000,,raw
2021-12-29,22.570,23.750,22.490,23.180,166960.000,,raw
2021-12-30,23.080,23.480,22.980,23.230,86006.000,,raw
2021-12-31,23.180,23.370,23.070,23.290,85661.000,,raw
2022-01-04,23.380,23.640,23.160,23.460,88715.000,,raw
2022-01-05,23.450,23.570,23.010,23.090,78142.000,,raw
2022-01-06,23.040,23.180,22.850,22.970,56837.000,,raw
2022-01-07,23.030,23.170,22.560,22.560,71815.000,,raw
2022-01-10,22.610,23.220,22.410,23.140,74646.000,,raw
2022-01-11,23.170,23.330,22.780,22.860,56691.000,,raw
2022-01-12,22.870,23.050,22.560,22.790,57239.000,,raw
2022-01-13,23.030,23.500,22.600,22.650,84932.000,,raw
2022-01-14,22.490,22.790,22.260,22.300,63811.000,,raw
2022-01-17,22.480,23.460,22.450,23.410,182857.000,,raw
2022-01-18,23.500,23.660,23.210,23.240,115178.000,,raw
2022-01-19,23.170,23.550,23.060,23.420,97931.000,,raw
2022-01-20,23.410,23.420,22.950,23.030,71822.000,,raw
2022-01-21,23.050,23.220,22.670,22.740,68745.000,,raw
2022-01-24,22.500,22.650,22.150,22.230,75156.000,,raw
2022-01-25,22.160,22.190,20.620,20.650,173293.000,,raw
2022-01-26,20.720,20.840,20.040,20.380,71840.000,,raw
2022-01-27,20.380,20.380,19.950,19.980,57092.000,,raw
2022-01-28,20.130,20.260,19.950,20.010,46983.000,,raw
2022-02-07,20.380,20.420,20.160,20.200,36505.000,,raw
2022-02-08,20.210,20.440,20.080,20.440,30947.000,,raw
2022-02-09,20.450,20.980,20.380,20.820,52875.000,,raw
2022-02-10,20.800,20.870,20.610,20.700,38304.000,,raw
2022-02-11,20.600,20.720,20.390,20.510,40061.000,,raw
2022-02-14,20.300,20.530,20.080,20.420,29775.000,,raw
2022-02-15,20.420,20.650,20.360,20.550,30720.000,,raw
2022-02-16,20.630,20.700,20.460,20.530,27804.000,,raw
2022-02-17,20.420,20.570,20.340,20.390,29123.000,,raw
2022-02-18,20.780,21.120,20.680,21.040,94227.000,,raw
2022-02-21,21.490,22.770,21.470,22.360,189394.000,,raw
2022-02-22,22.000,22.450,21.920,22.320,113222.000,,raw
2022-02-23,22.300,22.800,22.280,22.680,105337.000,,raw
2022-02-24,22.510,22.640,21.450,21.780,128759.000,,raw
2022-02-25,22.020,22.200,21.550,21.650,71347.000,,raw
2022-02-28,21.530,21.890,21.210,21.620,59522.000,,raw
2022-03-01,21.730,22.150,21.620,21.780,64707.000,,raw
2022-03-02,21.630,22.050,21.550,21.810,48148.000,,raw
2022-03-03,21.990,22.010,21.390,21.420,61994.000,,raw
2022-03-04,21.460,21.590,21.130,21.230,48315.000,,raw
2022-03-07,21.100,21.100,20.200,20.400,90026.000,,raw
2022-03-08,20.400,20.480,19.810,19.980,69745.000,,raw
2022-03-09,20.300,20.330,18.560,19.400,92567.000,,raw
2022-03-10,19.810,19.920,19.300,19.360,59363.000,,raw
2022-03-11,19.110,19.590,18.800,19.460,52343.000,,raw
2022-03-14,19.330,19.530,19.000,19.020,35691.000,,raw
2022-03-15,18.980,18.980,18.000,18.040,70300.000,,raw
2022-03-16,18.320,18.550,17.500,18.460,75055.000,,raw
2022-03-17,18.650,18.940,18.510,18.530,56875.000,,raw
2022-03-18,18.490,18.680,18.370,18.550,43589.000,,raw
2022-03-21,18.620,18.710,18.250,18.450,44750.000,,raw
2022-03-22,18.380,18.430,18.080,18.180,44160.000,,raw
2022-03-23,18.270,19.540,18.160,19.540,152656.000,,raw
2022-03-24,19.300,19.300,18.560,18.600,101750.000,,raw
2022-03-25,18.600,18.600,18.180,18.190,58095.000,,raw
2022-03-28,18.030,18.360,17.750,18.310,46378.000,,raw
2022-03-29,18.300,18.400,17.960,18.020,34322.000,,raw
2022-03-30,18.140,18.250,18.030,18.220,32304.000,,raw
2022-03-31,18.180,18.250,18.020,18.080,28507.000,,raw
2022-04-01,18.020,18.170,17.850,18.030,34211.000,,raw
2022-04-06,18.060,18.120,17.930,18.120,28252.000,,raw
2022-04-07,18.000,18.050,17.320,17.320,67299.000,,raw
2022-04-08,17.280,17.350,16.770,17.080,51120.000,,raw
2022-04-11,16.980,16.990,16.220,16.370,48360.000,,raw
2022-04-12,16.380,16.850,16.250,16.830,33280.000,,raw
2022-04-13,16.740,16.770,16.420,16.570,20743.000,,raw
2022-04-14,16.640,16.960,16.610,16.620,26983.000,,raw
2022-04-15,16.520,16.520,16.200,16.400,32116.000,,raw
2022-04-18,16.470,16.670,16.250,16.630,28166.000,,raw
2022-04-19,16.610,16.750,16.550,16.660,22158.000,,raw
2022-04-20,16.730,16.780,16.360,16.490,27597.000,,raw
2022-04-21,16.490,16.550,15.800,15.840,47759.000,,raw
2022-04-22,15.840,15.840,15.330,15.390,52766.000,,raw
2022-04-25,15.280,15.280,14.390,14.410,75854.000,,raw
2022-04-26,14.590,14.790,13.940,13.990,73427.000,,raw
2022-04-27,13.940,14.740,13.900,14.670,57917.000,,raw
2022-04-28,14.520,14.720,14.300,14.600,44227.000,,raw
2022-04-29,14.770,15.180,14.610,15.060,53883.000,,raw
2022-05-05,15.050,15.420,14.940,15.220,43009.000,,raw
2022-05-06,14.920,15.290,14.780,15.230,37642.000,,raw
2022-05-09,15.180,15.460,15.030,15.290,29930.000,,raw
2022-05-10,15.060,15.670,15.060,15.610,40829.000,,raw
2022-05-11,15.650,16.030,15.550,15.580,58628.000,,raw
2022-05-12,15.450,15.840,15.410,15.710,38777.000,,raw
2022-05-13,15.800,15.910,15.470,15.660,34707.000,,raw
2022-05-16,15.730,15.840,15.410,15.480,30633.000,,raw
2022-05-17,15.540,15.590,15.250,15.580,30008.000,,raw
2022-05-18,15.620,15.850,15.520,15.670,32564.000,,raw
2022-05-19,15.480,15.840,15.420,15.840,38253.000,,raw
2022-05-20,15.790,16.050,15.770,16.050,43503.000,,raw
2022-05-23,16.100,16.120,15.880,16.030,34681.000,,raw
2022-05-24,16.020,16.130,15.250,15.280,55183.000,,raw
2022-05-25,15.300,15.710,15.280,15.670,36019.000,,raw
2022-05-26,15.750,16.320,15.450,16.190,64396.000,,raw
2022-05-27,16.200,16.280,15.880,16.010,43514.000,,raw
2022-05-30,16.000,16.180,15.860,16.130,32168.000,,raw
2022-05-31,16.000,16.300,15.900,16.290,55278.000,,raw
2022-06-01,16.200,16.450,16.160,16.260,43298.000,,raw
2022-06-02,16.430,16.570,16.240,16.550,55769.000,,raw
2022-06-06,16.530,16.890,16.500,16.790,59432.000,,raw
2022-06-07,16.800,16.840,16.390,16.480,57771.000,,raw
2022-06-08,16.510,16.880,16.410,16.700,63638.000,,raw
2022-06-09,16.550,16.550,16.110,16.210,57933.000,,raw
2022-06-10,16.210,16.790,16.180,16.780,71081.000,,raw
2022-06-13,16.680,16.850,16.590,16.840,61935.000,,raw
2022-06-14,16.660,16.850,16.210,16.840,59136.000,,raw
2022-06-15,16.840,17.140,16.720,16.870,78876.000,,raw
2022-06-16,16.900,17.150,16.860,16.990,69456.000,,raw
2022-06-17,16.720,16.870,16.510,16.830,58705.000,"{'nd': '2021', 'fh_sh': '1.7', 'djr': '2022-06-16', 'cqr': '2022-06-17', 'FHcontent': '10派1.7元'}",raw
2022-06-20,16.840,17.160,16.840,17.070,62056.000,,raw
2022-06-21,17.050,17.070,16.700,16.920,47254.000,,raw
2022-06-22,16.900,16.960,16.520,16.550,44622.000,,raw
2022-06-23,16.500,16.870,16.460,16.860,51565.000,,raw
2022-06-24,16.880,17.130,16.840,17.030,58245.000,,raw
2022-06-27,17.120,17.130,16.880,16.930,47973.000,,raw
2022-06-28,16.950,17.400,16.800,17.390,75871.000,,raw
2022-06-29,17.420,18.790,17.250,17.940,189027.000,,raw
2022-06-30,17.810,17.890,17.500,17.580,124726.000,,raw
2022-07-01,17.440,17.740,17.310,17.310,67333.000,,raw
2022-07-04,17.390,17.480,17.010,17.110,57070.000,,raw
2022-07-05,17.160,17.230,16.800,16.970,56195.000,,raw
2022-07-06,16.960,17.100,16.740,16.860,40819.000,,raw
2022-07-07,16.980,17.010,16.850,16.900,35239.000,,raw
2022-07-08,16.920,17.160,16.840,16.960,35580.000,,raw
2022-07-11,17.600,17.770,17.240,17.370,128765.000,,raw
2022-07-12,17.390,17.470,17.190,17.200,48344.000,,raw
2022-07-13,17.210,17.400,17.200,17.390,34785.000,,raw
2022-07-14,17.240,17.600,17.240,17.450,48079.000,,raw
2022-07-15,17.330,17.490,17.030,17.040,42568.000,,raw
2022-07-18,17.200,17.420,17.010,17.380,38422.000,,raw
2022-07-19,17.430,17.820,17.380,17.730,72771.000,,raw
2022-07-20,17.750,17.830,17.630,17.800,55966.000,,raw
2022-07-21,17.760,17.970,17.700,17.800,48787.000,,raw
2022-07-22,17.800,18.090,17.600,17.860,62799.000,,raw
2022-07-25,17.850,17.900,17.400,17.480,44511.000,,raw
2022-07-26,17.520,17.610,17.370,17.600,30110.000,,raw
2022-07-27,17.570,17.650,17.470,17.540,25476.000,,raw
2022-07-28,17.600,17.960,17.600,17.860,66116.000,,raw
2022-07-29,17.990,17.990,17.500,17.790,61368.000,,raw
2022-08-01,17.760,19.330,17.630,18.970,231838.000,,raw
2022-08-02,19.050,19.100,18.180,18.400,136549.000,,raw
2022-08-03,18.350,18.910,18.300,18.380,97606.000,,raw
2022-08-04,18.480,18.820,18.300,18.610,76143.000,,raw
2022-08-05,18.660,19.440,18.630,19.370,125500.000,,raw
2022-08-08,19.330,19.730,19.010,19.530,91622.000,,raw
2022-08-09,19.390,19.630,19.220,19.470,75019.000,,raw
2022-08-10,19.280,19.550,19.220,19.320,63093.000,,raw
2022-08-11,19.370,20.290,19.370,19.850,151587.000,,raw
2022-08-12,19.730,20.450,19.710,20.030,108953.000,,raw
2022-08-15,20.000,20.000,19.650,19.740,64363.000,,raw
2022-08-16,19.700,19.710,19.360,19.520,61046.000,,raw
2022-08-17,19.470,19.860,19.430,19.730,45997.000,,raw
2022-08-18,19.750,19.970,19.520,19.890,50003.000,,raw
2022-08-19,19.950,20.150,19.110,19.180,91498.000,,raw
2022-08-22,19.120,19.530,18.910,19.390,48629.000,,raw
2022-08-23,19.300,19.430,19.080,19.220,39369.000,,raw
2022-08-24,19.320,19.320,18.300,18.350,77519.000,,raw
2022-08-25,18.820,18.880,18.090,18.290,49747.000,,raw
2022-08-26,18.400,18.780,18.060,18.140,44177.000,,raw
2022-08-29,18.000,18.420,17.880,18.250,60333.000,,raw
2022-08-30,18.290,18.450,18.100,18.250,40187.000,,raw
2022-08-31,18.190,18.360,17.510,17.570,73064.000,,raw
2022-09-01,17.670,17.890,17.560,17.580,35837.000,,raw
2022-09-02,17.660,18.280,17.530,18.200,50696.000,,raw
2022-09-05,18.240,18.300,17.930,18.000,37214.000,,raw
2022-09-06,18.070,18.330,18.000,18.270,33089.000,,raw
2022-09-07,18.310,18.560,18.150,18.270,40295.000,,raw
2022-09-08,18.360,18.360,18.100,18.200,25820.000,,raw
2022-09-09,18.180,18.190,17.830,17.940,37250.000,,raw
2022-09-13,17.980,18.260,17.750,17.800,31419.000,,raw
2022-09-14,17.630,17.740,17.430,17.620,24031.000,,raw
2022-09-15,17.730,17.730,16.300,16.550,110938.000,,raw
2022-09-16,16.590,16.810,16.280,16.280,48758.000,,raw
2022-09-19,16.270,16.380,15.950,16.140,30694.000,,raw
2022-09-20,16.280,16.440,16.110,16.140,27450.000,,raw
2022-09-21,16.070,16.270,15.730,16.100,33397.000,,raw
2022-09-22,16.000,16.280,15.920,16.110,29485.000,,raw
2022-09-23,16.130,16.170,15.560,15.700,39604.000,,raw
2022-09-26,15.600,15.800,15.400,15.470,39792.000,,raw
2022-09-27,15.520,15.880,15.520,15.840,35454.000,,raw
2022-09-28,15.840,15.920,15.330,15.380,31566.000,,raw
2022-09-29,15.490,15.650,15.130,15.210,38221.000,,raw
2022-09-30,15.260,15.350,15.080,15.160,38102.000,,raw
2022-10-10,15.180,15.280,14.730,14.750,38402.000,,raw
2022-10-11,14.650,15.030,14.520,14.820,40491.000,,raw
2022-10-12,14.810,15.450,14.760,15.430,46205.000,,raw
2022-10-13,15.430,15.940,15.370,15.810,46619.000,,raw
2022-10-14,15.850,15.980,15.810,15.920,39036.000,,raw
2022-10-17,15.830,16.420,15.830,16.350,48960.000,,raw
2022-10-18,16.440,16.460,16.120,16.350,36188.000,,raw
2022-10-19,16.360,16.460,16.070,16.250,33987.000,,raw
2022-10-20,16.240,16.560,16.000,16.370,43807.000,,raw
2022-10-21,16.310,16.390,16.070,16.250,30267.000,,raw
2022-10-24,16.360,16.690,16.050,16.210,42160.000,,raw
2022-10-25,16.180,16.320,15.880,16.110,40171.000,,raw
2022-10-26,16.120,16.710,16.110,16.630,50294.000,,raw
2022-10-27,16.960,17.360,16.800,16.890,76987.000,,raw
2022-10-28,16.850,17.000,16.370,16.400,60558.000,,raw
2022-10-31,16.480,17.150,16.450,17.000,60337.000,,raw
2022-11-01,17.010,17.250,16.820,17.200,56570.000,,raw
2022-11-02,17.160,17.240,17.010,17.110,53982.000,,raw
2022-11-03,16.960,17.200,16.930,17.150,42673.000,,raw
2022-11-04,17.140,17.330,17.060,17.260,42308.000,,raw
2022-11-07,17.240,17.340,17.010,17.140,49586.000,,raw
2022-11-08,17.060,17.140,16.950,17.100,32865.000,,raw
2022-11-09,17.130,17.140,16.820,16.840,35578.000,,raw
2022-11-10,16.800,16.940,16.700,16.740,24946.000,,raw
2022-11-11,17.050,17.150,16.760,16.820,41067.000,,raw
2022-11-14,16.850,17.030,16.630,16.730,41423.000,,raw
2022-11-15,16.770,17.170,16.680,17.170,46834.000,,raw
2022-11-16,17.150,17.350,17.120,17.210,42642.000,,raw
2022-11-17,17.090,17.530,17.060,17.490,47300.000,,raw
2022-11-18,17.510,17.680,17.430,17.480,49370.000,,raw
2022-11-21,17.390,17.560,17.150,17.430,36262.000,,raw
2022-11-22,17.500,17.730,17.350,17.470,46627.000,,raw
2022-11-23,17.470,17.660,17.130,17.390,49183.000,,raw
2022-11-24,17.480,17.600,17.150,17.180,34201.000,,raw
2022-11-25,17.190,17.290,16.970,16.970,27864.000,,raw
2022-11-28,16.880,16.990,16.500,16.690,41040.000,,raw
2022-11-29,16.770,17.040,16.630,16.970,31011.000,,raw
2022-11-30,17.100,17.100,16.830,16.910,26272.000,,raw
2022-12-01,17.030,17.340,17.010,17.100,40002.000,,raw
2022-12-02,17.080,17.360,17.080,17.150,30264.000,,raw
2022-12-05,17.150,17.450,17.140,17.350,49927.000,,raw
2022-12-06,17.260,17.620,17.200,17.520,53306.000,,raw
2022-12-07,17.410,17.510,17.310,17.380,31274.000,,raw
2022-12-08,17.340,17.440,17.140,17.230,33275.000,,raw
2022-12-09,17.200,17.290,16.820,16.820,53962.000,,raw
2022-12-12,16.800,17.050,16.660,17.000,39856.000,,raw
2022-12-13,16.910,16.940,16.670,16.730,25453.000,,raw
2022-12-14,16.740,16.900,16.560,16.610,30881.000,,raw
2022-12-15,16.610,16.910,16.450,16.720,31061.000,,raw
2022-12-16,16.680,16.690,16.290,16.370,38182.000,,raw
2022-12-19,16.400,16.550,15.970,16.080,32288.000,,raw
2022-12-20,16.080,16.210,15.860,15.960,29355.000,,raw
2022-12-21,15.950,16.060,15.680,15.770,25436.000,,raw
2022-12-22,15.880,15.890,15.480,15.570,27001.000,,raw
2022-12-23,15.510,15.800,15.420,15.580,20243.000,,raw
2022-12-26,15.510,15.860,15.500,15.840,21561.000,,raw
2022-12-27,15.850,15.910,15.650,15.790,29209.000,,raw
2022-12-28,15.680,15.700,15.540,15.580,21403.000,,raw
2022-12-29,15.740,15.880,15.550,15.680,25956.000,,raw
2022-12-30,15.840,15.860,15.660,15.720,15695.000,,raw
2023-01-03,15.730,16.280,15.650,16.230,37571.000,,raw
2023-01-04,16.230,16.350,16.150,16.290,24855.000,,raw
2023-01-05,16.310,16.350,16.190,16.340,23302.000,,raw
2023-01-06,16.340,16.410,16.250,16.340,25662.000,,raw
2023-01-09,16.390,16.490,16.240,16.280,21715.000,,raw
2023-01-10,16.290,16.370,16.210,16.260,20793.000,,raw
2023-01-11,16.240,16.440,16.110,16.170,23416.000,,raw
2023-01-12,16.170,16.300,16.110,16.230,15483.000,,raw
2023-01-13,16.220,16.330,16.160,16.260,18373.000,,raw
2023-01-16,16.240,16.610,16.210,16.480,33054.000,,raw
2023-01-17,16.420,16.640,16.410,16.610,31642.000,,raw
2023-01-18,16.600,16.720,16.560,16.690,28234.000,,raw
2023-01-19,16.610,16.970,16.600,16.920,33915.000,,raw
2023-01-20,16.990,17.150,16.910,17.040,43678.000,,raw
2023-01-30,17.260,17.450,17.170,17.170,57788.000,,raw
2023-01-31,17.190,17.460,17.110,17.370,47678.000,,raw
2023-02-01,17.470,17.800,17.380,17.780,68423.000,,raw
2023-02-02,18.080,19.360,18.000,18.500,246506.000,,raw
2023-02-03,18.460,19.150,18.400,18.880,230153.000,,raw
2023-02-06,19.190,20.200,18.900,19.920,297534.000,,raw
2023-02-07,19.510,20.580,19.370,19.990,351246.000,,raw
2023-02-08,19.820,20.190,19.090,19.160,276103.000,,raw
2023-02-09,19.040,20.430,18.980,20.350,330954.000,,raw
2023-02-10,20.580,22.390,19.900,22.390,601292.000,,raw
2023-02-13,23.500,24.250,22.890,23.410,886795.000,,raw
2023-02-14,23.100,23.960,22.920,23.190,568761.000,,raw
2023-02-15,22.880,24.170,22.690,23.810,586649.000,,raw
2023-02-16,23.200,23.620,21.990,22.220,609148.000,,raw
2023-02-17,22.000,22.220,20.820,20.980,390947.000,,raw
2023-02-20,21.220,21.920,21.080,21.780,323626.000,,raw
2023-02-21,21.750,21.850,21.210,21.500,241224.000,,raw
2023-02-22,21.350,21.740,21.030,21.530,194468.000,,raw
2023-02-23,21.450,22.170,21.400,21.730,302915.000,,raw
2023-02-24,21.850,22.770,21.840,22.090,328412.000,,raw
2023-02-27,21.940,22.570,21.710,21.860,233599.000,,raw
2023-02-28,22.300,22.650,22.000,22.330,244272.000,,raw
2023-03-01,22.020,23.080,22.020,22.790,323071.000,,raw
2023-03-02,22.870,23.790,22.860,23.140,364483.000,,raw
2023-03-03,22.900,22.920,22.340,22.770,284491.000,,raw
2023-03-06,22.660,23.900,22.600,23.260,368522.000,,raw
2023-03-07,23.190,23.450,22.000,22.210,305671.000,,raw
2023-03-08,22.050,23.200,22.050,22.990,290063.000,,raw
2023-03-09,22.950,22.960,22.300,22.750,216369.000,,raw
2023-03-10,22.410,23.100,22.400,22.440,190136.000,,raw
2023-03-13,22.560,23.140,22.500,23.140,233253.000,,raw
2023-03-14,23.280,23.450,22.490,22.690,254078.000,,raw
2023-03-15,22.780,22.920,22.160,22.260,202303.000,,raw
2023-03-16,22.050,22.480,21.960,22.040,154764.000,,raw
2023-03-17,22.260,23.280,22.180,23.000,334083.000,,raw
2023-03-20,23.230,23.960,22.940,23.210,331875.000,,raw
2023-03-21,23.070,23.440,22.700,23.240,204557.000,,raw
2023-03-22,23.200,25.560,23.030,25.560,597948.000,,raw
2023-03-23,25.900,26.360,25.040,25.790,807255.000,,raw
2023-03-24,25.900,26.200,25.100,26.150,584253.000,,raw
2023-03-27,26.000,27.500,25.750,27.480,652677.000,,raw
2023-03-28,27.000,27.200,25.700,25.700,515318.000,,raw
2023-03-29,25.700,26.830,25.680,26.160,446941.000,,raw
2023-03-30,26.200,26.390,25.310,25.580,340189.000,,raw
2023-03-31,25.590,26.120,25.000,26.000,338533.000,,raw
2023-04-03,26.310,28.370,26.310,27.960,620354.000,,raw
2023-04-04,27.770,28.590,27.400,27.830,568527.000,,raw
2023-04-06,27.000,29.680,26.900,28.510,628794.000,,raw
2023-04-07,28.510,28.660,27.750,28.410,362509.000,,raw
2023-04-10,28.770,29.590,27.100,27.440,498690.000,,raw
2023-04-11,27.100,27.600,26.380,26.900,387840.000,,raw
2023-04-12,26.900,28.180,26.260,27.850,354012.000,,raw
2023-04-13,27.690,27.730,26.090,26.220,359124.000,,raw
2023-04-14,26.210,26.410,25.280,26.350,299380.000,,raw
2023-04-17,26.100,26.100,25.330,25.860,213410.000,,raw
2023-04-18,25.820,27.670,25.710,27.030,424752.000,,raw
2023-04-19,27.070,29.700,26.940,28.720,668425.000,,raw
2023-04-20,28.980,30.410,28.880,30.030,588491.000,,raw
2023-04-21,30.150,30.260,28.180,28.340,476247.000,,raw
2023-04-24,28.590,29.490,28.100,28.650,394118.000,,raw
2023-04-25,28.300,28.300,27.000,27.760,379773.000,,raw
2023-04-26,26.000,26.300,24.980,24.980,472949.000,,raw
2023-04-27,23.770,24.140,22.710,23.180,436353.000,,raw
2023-04-28,23.180,24.200,23.130,23.950,291874.000,,raw
2023-05-04,23.690,24.050,22.600,22.850,268242.000,,raw
2023-05-05,22.850,23.280,22.300,22.550,193150.000,,raw
2023-05-08,22.870,24.810,22.570,24.810,386182.000,,raw
2023-05-09,24.330,25.770,24.240,24.260,372288.000,,raw
2023-05-10,24.510,24.990,23.240,23.420,238116.000,,raw
2023-05-11,23.420,23.750,22.950,22.980,155642.000,,raw
2023-05-12,23.030,23.630,22.880,22.880,203846.000,,raw
2023-05-15,22.740,23.230,22.070,23.020,194713.000,,raw
2023-05-16,22.880,23.030,22.290,22.390,159523.000,,raw
2023-05-17,22.390,24.630,22.300,24.630,328095.000,,raw
2023-05-18,24.680,27.090,24.680,27.090,707892.000,,raw
2023-05-19,26.640,26.820,25.590,25.670,547135.000,,raw
2023-05-22,25.860,26.400,25.430,25.930,325925.000,,raw
2023-05-23,25.710,26.260,25.030,25.210,288557.000,,raw
2023-05-24,25.060,26.200,24.880,25.450,385744.000,,raw
2023-05-25,26.310,26.680,25.110,26.060,408704.000,,raw
2023-05-26,25.660,27.740,25.510,27.000,513765.000,,raw
2023-05-29,26.920,27.720,26.440,26.680,433873.000,,raw
2023-05-30,26.040,29.020,25.820,28.260,524030.000,,raw
2023-05-31,27.810,28.200,27.000,27.730,402752.000,,raw
2023-06-01,27.270,28.370,27.050,27.520,320201.000,,raw
2023-06-02,27.500,27.870,27.000,27.210,259822.000,,raw
2023-06-05,27.000,27.790,26.900,27.260,226306.000,,raw
2023-06-06,27.000,27.380,25.950,26.020,290126.000,,raw
2023-06-07,26.450,27.760,25.830,27.360,385501.000,,raw
2023-06-08,27.110,27.280,26.400,26.880,224279.000,,raw
2023-06-09,26.900,29.330,26.810,28.790,585313.000,,raw
2023-06-12,28.860,29.810,28.580,28.750,490430.000,,raw
2023-06-13,28.580,29.550,28.580,28.970,363891.000,,raw
2023-06-14,29.300,31.870,28.970,31.870,810348.000,,raw
2023-06-15,32.700,35.060,32.190,35.060,557621.000,,raw
2023-06-16,34.730,37.600,33.820,36.690,1087247.000,,raw
2023-06-19,37.430,40.360,37.260,40.360,767499.000,,raw
2023-06-20,40.000,44.400,40.000,44.360,1098080.000,,raw
2023-06-21,42.840,43.570,39.920,40.000,1021646.000,,raw
2023-06-26,38.530,39.100,36.000,36.330,862256.000,,raw
2023-06-27,36.140,36.990,35.100,36.690,640784.000,,raw
2023-06-28,35.490,35.490,33.100,34.760,600619.000,,raw
2023-06-29,34.800,35.230,33.920,35.060,625121.000,,raw
2023-06-30,34.320,38.390,34.110,37.090,1001124.000,,raw
2023-07-03,36.750,36.980,34.740,36.420,611610.000,,raw
2023-07-04,36.020,37.180,35.900,36.380,464143.000,,raw
2023-07-05,35.850,38.020,35.530,36.750,676233.000,,raw
2023-07-06,35.820,38.880,35.800,38.180,681413.000,,raw
2023-07-07,37.300,37.880,35.100,36.840,543707.000,"{'nd': '2022', 'fh_sh': '1.7', 'djr': '2023-07-06', 'cqr': '2023-07-07', 'FHcontent': '10派1.7元'}",raw
2023-07-10,36.600,36.810,34.760,35.360,422303.000,,raw
2023-07-11,35.040,35.570,34.580,35.380,402540.000,,raw
2023-07-12,34.900,35.100,32.970,33.360,539279.000,,raw
2023-07-13,33.370,34.180,32.700,34.100,464965.000,,raw
2023-07-14,34.380,35.460,33.900,34.930,467258.000,,raw
2023-07-17,34.600,36.040,34.400,35.280,394014.000,,raw
2023-07-18,35.370,36.180,34.620,34.820,282296.000,,raw
2023-07-19,34.820,35.090,34.100,34.810,233210.000,,raw
2023-07-20,34.600,34.600,32.340,32.440,390293.000,,raw
2023-07-21,32.600,32.620,31.510,32.010,266231.000,,raw
2023-07-24,32.000,33.040,31.780,32.360,203160.000,,raw
2023-07-25,32.580,33.080,31.730,32.380,247434.000,,raw
2023-07-26,32.000,32.000,31.020,31.440,218602.000,,raw
2023-07-27,31.240,31.470,30.580,30.740,186274.000,,raw
2023-07-28,30.740,31.050,30.170,30.390,187895.000,,raw
2023-07-31,30.060,30.690,29.520,30.390,187570.000,,raw
2023-08-01,30.200,30.700,29.680,30.510,270702.000,,raw
2023-08-02,30.240,30.560,29.890,30.480,145978.000,,raw
2023-08-03,30.100,30.740,29.800,30.240,165130.000,,raw
2023-08-04,30.010,31.180,29.950,30.910,328266.000,,raw
2023-08-07,31.080,32.860,31.070,32.480,530041.000,,raw
2023-08-08,32.240,32.980,31.880,32.450,343960.000,,raw
2023-08-09,31.800,31.950,29.800,29.920,416503.000,,raw
2023-08-10,29.660,30.320,29.350,29.750,201299.000,,raw
2023-08-11,29.780,30.180,29.100,29.270,179927.000,,raw
2023-08-14,28.700,29.440,28.560,29.430,154730.000,,raw
2023-08-15,29.970,30.300,28.870,29.230,195098.000,,raw
2023-08-16,28.700,29.090,28.280,28.600,163597.000,,raw
2023-08-17,28.320,29.020,28.010,28.840,155701.000,,raw
2023-08-18,28.750,28.810,27.730,27.810,171166.000,,raw
2023-08-21,27.510,28.520,27.280,27.820,168741.000,,raw
2023-08-22,28.550,28.560,27.500,28.480,172038.000,,raw
2023-08-23,28.130,28.200,27.560,27.730,118293.000,,raw
2023-08-24,28.170,28.300,27.300,27.630,169716.000,,raw
2023-08-25,26.850,26.950,25.850,25.960,226068.000,,raw
2023-08-28,27.900,27.900,26.410,26.480,207204.000,,raw
2023-08-29,26.330,27.740,26.000,27.480,205222.000,,raw
2023-08-30,27.400,28.310,27.100,27.850,209517.000,,raw
2023-08-31,27.610,28.170,27.330,28.030,202270.000,,raw
2023-09-01,27.790,28.070,27.290,27.410,121636.000,,raw
2023-09-04,27.600,28.410,27.350,28.160,200442.000,,raw
2023-09-05,28.160,28.160,27.400,27.730,156086.000,,raw
2023-09-06,27.600,27.990,27.210,27.950,150282.000,,raw
2023-09-07,27.850,28.070,27.270,27.350,156216.000,,raw
2023-09-08,27.200,27.450,26.760,27.190,111694.000,,raw
2023-09-11,27.290,29.440,27.170,28.950,417139.000,,raw
2023-09-12,28.800,31.850,28.550,31.850,502683.000,,raw
2023-09-13,32.000,33.480,31.620,31.800,899682.000,,raw
2023-09-14,31.290,33.380,31.260,32.240,650862.000,,raw
2023-09-15,31.640,32.120,29.860,30.060,592221.000,,raw
2023-09-18,30.180,31.350,29.900,30.130,375750.000,,raw
2023-09-19,29.500,29.650,27.310,28.190,430066.000,,raw
2023-09-20,28.090,29.980,28.020,28.740,441057.000,,raw
2023-09-21,28.320,29.370,28.160,28.380,325873.000,,raw
2023-09-22,28.010,31.220,27.950,31.220,369593.000,,raw
2023-09-25,32.500,34.300,32.250,33.080,1059659.000,,raw
2023-09-26,33.150,33.610,31.990,32.410,694646.000,,raw
2023-09-27,31.930,32.950,31.680,32.030,456190.000,,raw
2023-09-28,32.230,32.650,31.480,32.260,487760.000,,raw
2023-10-09,33.800,35.000,33.100,34.070,856946.000,,raw
2023-10-10,34.070,34.600,33.400,33.720,522628.000,,raw
2023-10-11,33.370,34.360,33.010,33.400,430111.000,,raw
2023-10-12,33.550,33.760,32.550,32.860,327896.000,,raw
2023-10-13,32.500,32.820,31.960,32.020,324256.000,,raw
2023-10-16,32.030,33.380,31.930,32.340,398396.000,,raw
2023-10-17,32.340,32.410,30.880,31.740,313299.000,,raw
2023-10-18,31.060,31.370,29.520,30.730,303589.000,,raw
2023-10-19,30.340,30.970,29.900,29.990,259629.000,,raw
2023-10-20,29.400,30.150,28.080,28.150,353085.000,,raw
2023-10-23,27.730,28.280,26.300,26.610,287093.000,,raw
2023-10-24,26.870,27.960,26.710,27.190,297581.000,,raw
2023-10-25,27.390,27.940,26.570,26.760,332618.000,,raw
2023-10-26,26.320,29.440,26.000,29.440,696195.000,,raw
2023-10-27,29.440,29.450,28.620,28.790,500623.000,,raw
2023-10-30,28.280,28.590,27.810,28.450,334195.000,,raw
2023-10-31,28.450,28.450,26.500,26.860,602842.000,,raw
2023-11-01,26.800,28.090,26.410,27.230,543275.000,,raw
2023-11-02,28.100,28.450,26.650,26.760,477474.000,,raw
2023-11-03,26.520,27.930,26.510,27.230,450925.000,,raw
2023-11-06,27.310,28.450,27.310,28.100,466360.000,,raw
2023-11-07,28.000,30.370,27.700,29.850,777052.000,,raw
2023-11-08,29.790,30.200,29.070,30.120,637935.000,,raw
2023-11-09,29.970,30.650,29.310,29.690,445174.000,,raw
2023-11-10,29.460,30.140,29.190,29.290,288597.000,,raw
2023-11-13,29.700,30.160,29.510,29.830,402173.000,,raw
2023-11-14,29.700,30.050,29.500,29.800,312057.000,,raw
2023-11-15,30.090,30.200,29.250,29.640,310038.000,,raw
2023-11-16,29.310,29.540,28.770,28.770,285435.000,,raw
2023-11-17,28.690,29.750,28.660,29.630,356627.000,,raw
2023-11-20,29.430,29.590,28.940,29.230,271962.000,,raw
2023-11-21,29.340,30.150,29.120,29.570,436768.000,,raw
2023-11-22,29.240,29.240,27.820,27.820,414501.000,,raw
2023-11-23,27.700,28.080,27.530,27.960,192280.000,,raw
2023-11-24,28.000,28.050,26.850,27.050,230054.000,,raw
2023-11-27,26.880,27.680,26.800,27.320,217486.000,,raw
2023-11-28,27.320,27.330,26.790,27.140,153615.000,,raw
2023-11-29,27.200,27.470,26.940,27.030,168755.000,,raw
2023-11-30,26.850,27.340,26.640,27.340,187527.000,,raw
2023-12-01,27.400,30.070,27.300,30.070,1044899.000,,raw
2023-12-04,30.500,32.100,29.880,31.210,1102473.000,,raw
2023-12-05,31.160,31.390,29.600,29.610,603632.000,,raw
2023-12-06,29.500,30.020,28.980,29.460,413546.000,,raw
2023-12-07,29.360,30.120,29.360,29.650,549791.000,,raw
2023-12-08,29.900,32.600,29.680,31.740,991955.000,,raw
2023-12-11,31.180,31.940,31.090,31.750,647072.000,,raw
2023-12-12,31.550,31.990,30.690,31.170,479661.000,,raw
2023-12-13,31.380,31.760,30.800,30.820,438087.000,,raw
2023-12-14,31.100,31.480,30.320,30.420,363192.000,,raw
2023-12-15,30.300,30.560,29.330,29.750,301857.000,,raw
2023-12-18,29.530,29.810,28.870,29.010,263921.000,,raw
2023-12-19,28.960,29.120,28.170,28.730,220266.000,,raw
2023-12-20,28.760,28.870,27.800,27.820,233036.000,,raw
2023-12-21,27.570,29.190,27.260,28.550,350025.000,,raw
2023-12-22,28.400,28.780,27.660,27.870,265115.000,,raw
2023-12-25,27.990,28.380,27.490,28.340,205492.000,,raw
2023-12-26,28.180,28.230,27.150,27.450,212316.000,,raw
2023-12-27,27.650,27.740,26.890,27.270,219771.000,,raw
2023-12-28,27.120,28.150,26.950,28.010,269094.000,,raw
2023-12-29,27.980,28.960,27.870,28.500,280545.000,,raw
2024-01-02,28.350,28.650,27.900,27.900,184064.000,,raw
2024-01-03,27.800,28.160,27.330,27.620,186308.000,,raw
2024-01-04,27.640,28.140,27.390,28.020,179218.000,,raw
2024-01-05,27.860,27.860,26.120,26.360,342253.000,,raw
2024-01-08,26.360,26.440,24.980,25.000,278655.000,,raw
2024-01-09,25.460,25.730,24.700,25.180,222607.000,,raw
2024-01-10,24.950,24.960,24.000,24.110,232341.000,,raw
2024-01-11,24.000,25.060,23.970,24.900,233143.000,,raw
2024-01-12,24.700,24.790,24.260,24.320,142325.000,,raw
2024-01-15,24.110,24.660,24.010,24.380,126184.000,,raw
2024-01-16,24.310,24.400,23.650,24.080,178682.000,,raw
2024-01-17,24.060,24.290,23.500,23.550,167745.000,,raw
2024-01-18,23.020,24.590,22.910,24.580,365332.000,,raw
2024-01-19,24.340,25.300,24.220,24.490,312368.000,,raw
2024-01-22,25.150,25.270,23.490,23.760,324797.000,,raw
2024-01-23,23.520,25.720,23.520,25.320,472845.000,,raw
2024-01-24,25.320,25.800,24.630,25.680,425421.000,,raw
2024-01-25,25.400,26.600,25.170,26.420,440528.000,,raw
2024-01-26,26.180,26.300,25.480,25.700,287523.000,,raw
2024-01-29,25.700,25.700,23.740,23.740,311626.000,,raw
2024-01-30,23.550,24.220,22.950,23.010,201994.000,,raw
2024-01-31,22.750,22.980,21.700,21.720,283627.000,,raw
2024-02-01,21.480,23.440,21.250,22.680,368614.000,,raw
2024-02-02,22.430,23.030,20.850,21.600,315761.000,,raw
2024-02-05,21.230,21.630,19.580,20.240,342871.000,,raw
2024-02-06,20.010,22.260,19.900,22.260,430513.000,,raw
2024-02-07,22.210,23.420,22.010,22.970,378478.000,,raw
2024-02-08,23.320,24.530,23.320,23.790,349573.000,,raw
2024-02-19,25.020,26.170,24.410,26.170,459722.000,,raw
2024-02-20,26.170,26.940,25.840,26.250,522121.000,,raw
2024-02-21,25.730,26.660,25.580,25.920,389104.000,,raw
2024-02-22,27.990,28.510,26.940,27.390,593913.000,,raw
2024-02-23,27.700,28.680,27.120,28.250,546858.000,,raw
2024-02-26,27.510,28.790,27.250,27.820,512724.000,,raw
2024-02-27,27.500,29.680,27.360,29.380,626349.000,,raw
2024-02-28,29.360,29.550,27.240,27.290,607758.000,,raw
2024-02-29,27.590,30.020,27.520,30.020,962641.000,,raw
2024-03-01,30.320,33.020,30.080,33.020,1014877.000,,raw
2024-03-04,34.450,36.320,34.110,36.320,860447.000,,raw
2024-03-05,36.350,38.700,35.000,35.470,1541865.000,,raw
2024-03-06,35.680,38.600,35.660,37.900,1251724.000,,raw
2024-03-07,37.380,37.890,35.130,35.420,1004108.000,,raw
2024-03-08,36.800,38.960,36.030,38.960,1353635.000,,raw
2024-03-11,38.000,42.860,37.790,42.860,1347191.000,,raw
2024-03-12,42.860,42.900,39.660,40.660,1212911.000,,raw
2024-03-13,41.660,41.900,38.600,39.340,1118375.000,,raw
2024-03-14,37.880,40.680,37.880,40.420,1004856.000,,raw
2024-03-15,39.620,40.260,38.300,39.910,961697.000,,raw
2024-03-18,39.800,40.980,39.600,40.320,849791.000,,raw
2024-03-19,39.550,40.800,38.880,39.630,761956.000,,raw
2024-03-20,38.980,40.500,38.680,39.170,668254.000,,raw
2024-03-21,38.770,39.490,38.230,38.300,583409.000,,raw
2024-03-22,38.300,38.880,37.390,38.240,614295.000,,raw
2024-03-25,38.380,39.400,37.400,37.450,603014.000,,raw
2024-03-26,36.830,37.850,34.700,35.490,782784.000,,raw
2024-03-27,36.980,37.860,35.900,35.940,901536.000,,raw
2024-03-28,35.820,39.530,35.110,38.520,1156507.000,,raw
2024-03-29,38.070,38.910,37.280,38.520,760052.000,,raw
2024-04-01,38.930,42.300,38.930,40.720,849298.000,,raw
2024-04-02,40.010,40.640,37.860,38.200,689449.000,,raw
2024-04-03,37.440,38.060,36.280,36.380,450071.000,,raw
2024-04-08,36.000,36.810,35.810,35.850,347714.000,,raw
2024-04-09,35.550,35.970,34.340,35.010,392081.000,,raw
2024-04-10,34.960,34.980,33.210,33.600,359888.000,,raw
2024-04-11,33.800,34.350,33.330,33.500,319602.000,,raw
2024-04-12,33.880,35.760,33.750,34.600,551503.000,,raw
2024-04-15,34.650,36.320,34.610,35.410,561451.000,,raw
2024-04-16,34.650,35.810,33.890,33.980,397823.000,,raw
2024-04-17,34.600,35.770,34.050,35.660,442380.000,,raw
2024-04-18,35.000,38.500,34.400,36.970,695245.000,,raw
2024-04-19,36.040,36.300,34.150,34.870,567929.000,,raw
2024-04-22,32.770,34.150,31.760,33.430,388252.000,,raw
2024-04-23,33.930,34.000,32.920,33.180,270051.000,,raw
2024-04-24,33.660,35.600,33.360,35.240,448080.000,,raw
2024-04-25,35.070,36.400,34.790,35.700,367270.000,,raw
2024-04-26,35.000,38.480,34.190,37.920,938507.000,,raw
2024-04-29,38.220,38.220,37.250,37.700,618652.000,,raw
2024-04-30,37.980,38.130,37.120,37.630,403919.000,,raw
2024-05-06,38.250,38.380,37.130,37.290,374707.000,,raw
2024-05-07,37.340,37.730,35.200,35.570,577124.000,,raw
2024-05-08,35.170,35.500,34.700,34.900,283453.000,,raw
2024-05-09,34.890,35.850,34.400,35.620,360763.000,,raw
2024-05-10,35.470,35.470,33.950,34.090,336956.000,,raw
2024-05-13,33.780,34.390,33.520,33.650,221079.000,,raw
2024-05-14,33.700,34.340,32.910,33.470,277013.000,,raw
2024-05-15,33.490,34.320,33.170,33.830,221413.000,,raw
2024-05-16,34.410,36.180,34.410,35.250,529661.000,,raw
2024-05-17,34.770,35.600,34.240,35.310,317604.000,,raw
2024-05-20,35.310,37.560,34.550,37.010,571153.000,,raw
2024-05-21,36.990,37.490,36.250,36.820,370484.000,,raw
2024-05-22,36.370,36.940,36.110,36.440,249463.000,,raw
2024-05-23,36.920,37.050,35.210,35.500,308577.000,,raw
2024-05-24,35.250,36.340,34.300,34.400,345128.000,,raw
2024-05-27,34.340,35.550,33.920,34.630,249451.000,,raw
2024-05-28,34.210,34.480,33.430,33.590,251043.000,,raw
2024-05-29,33.990,34.090,33.030,33.230,188879.000,,raw
2024-05-30,33.000,33.440,32.650,33.080,172016.000,,raw
2024-05-31,33.000,33.870,32.710,33.000,207897.000,,raw
2024-06-03,33.120,34.190,32.920,33.750,321427.000,,raw
2024-06-04,33.390,33.780,32.900,33.500,218212.000,,raw
2024-06-05,33.440,33.500,32.320,32.330,212149.000,,raw
2024-06-06,32.800,33.990,32.750,32.880,368455.000,,raw
2024-06-07,32.900,33.160,31.550,31.890,273794.000,,raw
2024-06-11,31.660,32.460,31.370,32.390,190149.000,,raw
2024-06-12,32.270,33.100,32.170,32.780,159555.000,,raw
2024-06-13,32.700,33.660,32.700,32.940,212529.000,,raw
2024-06-14,32.750,35.300,32.700,34.800,571849.000,,raw
2024-06-17,34.660,35.180,34.250,34.680,316103.000,,raw
2024-06-18,34.550,36.150,34.500,35.680,411565.000,,raw
2024-06-19,35.950,36.180,35.090,35.120,234635.000,,raw
2024-06-20,35.120,35.640,34.200,34.330,212278.000,,raw
2024-06-21,33.800,37.760,32.970,36.710,561302.000,,raw
2024-06-24,36.120,38.830,36.110,36.770,652989.000,,raw
2024-06-25,36.500,38.060,35.820,37.440,538218.000,,raw
2024-06-26,37.660,38.100,36.660,37.580,413665.000,,raw
2024-06-27,37.150,38.380,36.490,36.890,340653.000,,raw
2024-06-28,36.800,38.600,36.710,37.370,398730.000,,raw
2024-07-01,37.560,39.100,37.180,38.390,446024.000,,raw
2024-07-02,37.970,38.000,36.840,37.010,317795.000,,raw
2024-07-03,36.760,37.420,36.280,36.370,213661.000,,raw
2024-07-04,36.620,36.980,35.930,35.970,209761.000,,raw
2024-07-05,36.060,37.490,35.720,37.360,305418.000,,raw
2024-07-08,37.400,37.640,36.720,36.960,232740.000,,raw
2024-07-09,37.080,38.700,36.300,38.490,355093.000,,raw
2024-07-10,38.250,38.970,37.890,38.030,299137.000,,raw
2024-07-11,38.400,38.580,36.720,37.950,328025.000,,raw
2024-07-12,36.900,37.140,36.420,36.660,192839.000,"{'nd': '2023', 'fh_sh': '2.4', 'djr': '2024-07-11', 'cqr': '2024-07-12', 'FHcontent': '10派2.4元'}",raw
2024-07-15,36.400,36.840,35.360,36.000,211876.000,,raw
2024-07-16,35.720,36.460,34.300,36.200,383053.000,,raw
2024-07-17,36.000,37.580,35.880,35.890,346424.000,,raw
2024-07-18,35.000,35.700,33.500,34.680,334356.000,,raw
2024-07-19,34.300,35.060,34.180,34.590,218388.000,,raw
2024-07-22,34.800,36.520,34.740,35.250,255165.000,,raw
2024-07-23,35.400,35.560,33.900,33.900,190107.000,,raw
2024-07-24,33.790,34.930,33.500,33.600,184760.000,,raw
2024-07-25,33.170,33.400,32.420,32.600,185641.000,,raw
2024-07-26,32.620,33.140,32.220,32.820,161575.000,,raw
2024-07-29,32.820,33.580,32.520,33.080,160725.000,,raw
2024-07-30,32.930,33.180,32.240,32.740,142728.000,,raw
2024-07-31,32.500,33.950,32.500,33.900,231133.000,,raw
2024-08-01,34.390,34.590,33.430,33.490,200790.000,,raw
2024-08-02,32.820,33.200,31.910,32.010,209601.000,,raw
2024-08-05,31.300,31.770,29.530,29.540,320592.000,,raw
2024-08-06,30.110,30.820,29.750,30.190,189208.000,,raw
2024-08-07,30.050,30.980,29.820,30.390,176542.000,,raw
2024-08-08,30.160,30.480,29.600,29.700,156547.000,,raw
2024-08-09,30.210,30.420,29.650,29.650,132509.000,,raw
2024-08-12,29.530,29.880,29.210,29.560,105218.000,,raw
2024-08-13,29.760,30.090,29.480,29.810,106562.000,,raw
2024-08-14,30.180,30.280,29.530,29.530,111577.000,,raw
2024-08-15,29.250,30.080,29.250,29.680,132701.000,,raw
2024-08-16,29.900,30.700,29.810,30.070,235751.000,,raw
2024-08-19,29.950,30.580,29.820,30.250,150275.000,,raw
2024-08-20,30.200,30.290,29.380,29.520,153791.000,,raw
2024-08-21,29.330,29.870,29.230,29.490,111591.000,,raw
2024-08-22,29.400,29.560,28.630,28.770,178480.000,,raw
2024-08-23,28.740,29.100,28.530,28.820,138931.000,,raw
2024-08-26,28.650,28.830,27.460,27.850,266713.000,,raw
2024-08-27,27.740,28.280,27.350,27.990,176247.000,,raw
2024-08-28,27.980,28.570,27.850,28.120,112611.000,,raw
2024-08-29,27.860,28.530,27.360,28.250,149712.000,,raw
2024-08-30,28.190,29.500,28.160,29.130,198494.000,,raw
2024-09-02,28.880,29.070,27.410,27.460,238830.000,,raw
2024-09-03,27.680,27.960,27.480,27.760,109658.000,,raw
2024-09-04,27.240,27.680,26.810,27.480,113522.000,,raw
2024-09-05,27.650,27.790,27.240,27.390,116748.000,,raw
2024-09-06,27.320,27.550,26.310,26.360,182725.000,,raw
2024-09-09,26.250,26.720,26.230,26.650,160272.000,,raw
2024-09-10,26.560,27.490,26.120,27.180,173918.000,,raw
2024-09-11,27.060,27.360,26.850,27.010,97632.000,,raw
2024-09-12,27.550,27.550,26.670,26.670,114190.000,,raw
2024-09-13,26.660,27.270,26.660,26.720,169781.000,,raw
2024-09-18,26.500,26.920,26.220,26.570,106846.000,,raw
2024-09-19,26.620,27.040,26.200,26.630,172805.000,,raw
2024-09-20,26.700,26.830,26.440,26.820,134050.000,,raw
2024-09-23,26.770,27.620,26.540,26.870,222034.000,,raw
2024-09-24,26.970,28.100,26.560,28.000,361987.000,,raw
2024-09-25,28.060,28.920,28.060,28.130,337297.000,,raw
2024-09-26,28.140,29.160,28.060,29.160,319359.000,,raw
2024-09-27,29.530,31.150,29.300,30.770,406002.000,,raw
2024-09-30,31.800,33.710,31.340,33.610,558879.000,,raw
2024-10-08,36.970,36.970,33.890,36.930,685818.000,,raw
2024-10-09,35.280,35.620,33.240,33.240,572505.000,,raw
2024-10-10,33.600,34.180,31.720,32.430,409946.000,,raw
2024-10-11,31.960,32.430,30.090,30.600,291128.000,,raw
2024-10-14,30.570,33.300,30.520,33.130,515020.000,,raw
2024-10-15,33.130,33.650,32.000,32.000,361971.000,,raw
2024-10-16,31.080,32.070,31.080,31.470,222516.000,,raw
2024-10-17,31.900,32.580,31.710,31.910,272571.000,,raw
2024-10-18,31.970,35.100,31.970,35.100,732435.000,,raw
2024-10-21,36.000,38.290,35.580,37.100,988301.000,,raw
2024-10-22,38.600,38.800,37.120,37.950,750591.000,,raw
2024-10-23,37.000,39.500,36.940,37.310,688519.000,,raw
2024-10-24,36.750,38.800,36.320,37.050,497252.000,,raw
2024-10-25,37.460,37.460,36.370,36.760,393764.000,,raw
2024-10-28,36.800,37.780,36.600,37.130,381167.000,,raw
2024-10-29,37.300,38.780,36.350,37.630,527271.000,,raw
2024-10-30,39.660,41.390,39.560,41.390,295626.000,,raw
2024-10-31,43.890,45.530,43.040,45.530,1079824.000,,raw
2024-11-01,45.500,45.500,42.010,43.030,996304.000,,raw
2024-11-04,42.890,46.260,42.870,44.100,679920.000,,raw
2024-11-05,43.580,46.980,43.580,45.730,703313.000,,raw
2024-11-06,46.510,47.240,44.300,44.920,621401.000,,raw
2024-11-07,44.050,45.920,43.630,45.290,384703.000,,raw
2024-11-08,45.750,49.200,45.350,47.960,604663.000,,raw
2024-11-11,48.090,51.520,47.560,50.080,595384.000,,raw
2024-11-12,49.500,52.200,48.910,49.920,539827.000,,raw
2024-11-13,49.510,49.960,47.830,49.130,411958.000,,raw
2024-11-14,48.800,49.400,47.570,47.710,280118.000,,raw
2024-11-15,47.770,48.670,45.000,45.190,376426.000,,raw
2024-11-18,44.990,45.900,43.400,44.330,359950.000,,raw
2024-11-19,44.490,45.350,43.400,45.100,299039.000,,raw
2024-11-20,45.120,46.160,44.820,45.590,330021.000,,raw
2024-11-21,45.140,46.110,44.140,45.210,250890.000,,raw
2024-11-22,45.250,45.570,42.200,42.370,367855.000,,raw
2024-11-25,42.170,42.600,40.150,41.060,378009.000,,raw
2024-11-26,41.490,42.560,41.200,41.350,245562.000,,raw
2024-11-27,41.000,42.130,40.000,42.090,232580.000,,raw
2024-11-28,42.100,42.440,41.320,41.650,218484.000,,raw
2024-11-29,41.440,42.800,41.160,42.150,267319.000,,raw
2024-12-02,42.150,43.180,42.010,42.760,251651.000,,raw
2024-12-03,42.450,42.730,41.300,42.000,212046.000,,raw
2024-12-04,42.400,42.600,41.480,41.840,140208.000,,raw
2024-12-05,41.550,42.650,41.550,42.040,166064.000,,raw
2024-12-06,42.000,42.580,41.370,41.940,206456.000,,raw
2024-12-09,41.700,41.730,40.180,40.720,261737.000,,raw
2024-12-10,42.450,42.450,40.530,40.670,247356.000,,raw
2024-12-11,41.510,42.680,41.100,42.580,411815.000,,raw
2024-12-12,44.000,45.600,43.170,43.360,591960.000,,raw
2024-12-13,43.370,45.500,41.900,44.310,653196.000,,raw
2024-12-16,46.500,48.740,45.180,47.790,1053501.000,,raw
2024-12-17,46.990,51.500,46.500,47.860,920794.000,,raw
2024-12-18,48.260,49.810,45.670,47.460,704532.000,,raw
2024-12-19,47.560,52.210,47.550,52.210,392568.000,,raw
2024-12-20,56.860,57.430,54.560,57.430,823783.000,,raw
2024-12-23,58.650,60.800,56.060,56.610,1230330.000,,raw
2024-12-24,57.740,58.840,55.020,56.300,823885.000,,raw
2024-12-25,56.480,59.800,56.010,56.800,788741.000,,raw
2024-12-26,56.500,60.800,56.180,59.450,977899.000,,raw
2024-12-27,57.880,57.900,55.700,56.000,808420.000,,raw
2024-12-30,56.100,57.360,55.170,55.490,594033.000,,raw
2024-12-31,55.550,56.000,52.170,52.170,672155.000,,raw
2025-01-02,51.800,52.000,49.660,50.520,429421.000,,raw
2025-01-03,50.570,50.780,47.680,47.920,423528.000,,raw
2025-01-06,48.570,50.590,47.220,47.660,448076.000,,raw
2025-01-07,47.640,49.880,47.530,49.830,596987.000,,raw
2025-01-08,48.700,50.300,47.100,49.690,546862.000,,raw
2025-01-09,49.680,51.480,49.400,50.240,543314.000,,raw
2025-01-10,49.800,50.830,48.180,48.180,421213.000,,raw
2025-01-13,47.950,48.840,47.010,48.050,290159.000,,raw
2025-01-14,48.800,50.890,47.540,50.770,457676.000,,raw
2025-01-15,50.770,51.000,49.490,49.600,338730.000,,raw
2025-01-16,50.190,52.580,49.700,52.260,654336.000,,raw
2025-01-17,51.500,51.720,50.180,51.030,438121.000,,raw
2025-01-20,51.720,53.000,50.760,51.550,395636.000,,raw
2025-01-21,52.390,53.990,52.350,53.740,481875.000,,raw
2025-01-22,53.580,55.500,53.350,54.500,472334.000,,raw
2025-01-23,54.900,55.200,51.180,51.350,608009.000,,raw
2025-01-24,50.430,52.300,50.300,51.920,358062.000,,raw
2025-01-27,50.240,50.720,48.340,48.410,408872.000,,raw
2025-02-05,47.990,48.140,44.530,47.770,490345.000,,raw
2025-02-06,47.550,48.280,46.530,48.080,421625.000,,raw
2025-02-07,48.200,50.310,48.180,49.000,512515.000,,raw
2025-02-10,49.550,50.750,49.110,49.640,380510.000,,raw
2025-02-11,49.640,50.440,48.810,49.750,330821.000,,raw
2025-02-12,51.000,53.630,50.620,53.270,644459.000,,raw
2025-02-13,53.030,53.030,51.110,51.310,439441.000,,raw
2025-02-14,51.250,52.500,49.560,50.090,429179.000,,raw
2025-02-17,50.610,55.100,50.610,54.200,827439.000,,raw
2025-02-18,53.710,55.400,51.810,52.070,544943.000,,raw
2025-02-19,52.020,53.080,51.500,52.700,387025.000,,raw
2025-02-20,53.460,53.660,51.820,52.350,405359.000,,raw
2025-02-21,54.960,57.590,53.700,57.590,758794.000,,raw
2025-02-24,57.350,59.380,56.780,57.520,767085.000,,raw
2025-02-25,55.820,57.510,55.130,56.100,461601.000,,raw
2025-02-26,56.100,59.380,54.510,58.300,607805.000,,raw
2025-02-27,58.640,59.110,55.000,56.500,514888.000,,raw
2025-02-28,55.100,57.790,52.800,54.610,513876.000,,raw
2025-03-03,54.610,54.920,51.000,51.590,408690.000,,raw
2025-03-04,49.850,51.600,49.690,51.200,230554.000,,raw
2025-03-05,51.560,52.590,50.890,52.570,260552.000,,raw
2025-03-06,53.400,54.580,52.560,53.700,348987.000,,raw
2025-03-07,53.150,53.500,51.400,51.880,278783.000,,raw
2025-03-10,51.480,52.300,51.000,52.180,181018.000,,raw
2025-03-11,51.190,51.500,50.560,51.010,199545.000,,raw
2025-03-12,51.550,52.500,51.000,51.590,230725.000,,raw
2025-03-13,51.680,52.190,49.470,49.490,225629.000,,raw
2025-03-14,49.210,50.760,48.990,50.470,195998.000,,raw
2025-03-17,50.880,51.540,50.690,50.910,171912.000,,raw
2025-03-18,51.080,51.480,50.300,51.330,220038.000,,raw
2025-03-19,50.820,50.820,49.580,49.830,194085.000,,raw
2025-03-20,49.730,49.960,49.190,49.190,121702.000,,raw
2025-03-21,48.900,49.300,47.090,47.110,239130.000,,raw
2025-03-24,47.080,47.590,45.500,46.810,183587.000,,raw
2025-03-25,47.010,47.390,45.650,45.800,142704.000,,raw
2025-03-26,45.790,46.540,45.600,46.090,101816.000,,raw
2025-03-27,45.900,46.510,45.350,46.180,107717.000,,raw
2025-03-28,46.400,46.450,45.410,45.410,105724.000,,raw
2025-03-31,45.010,45.960,44.880,45.820,121585.000,,raw
2025-04-01,46.170,46.300,45.550,45.840,100430.000,,raw
2025-04-02,45.800,47.960,45.650,47.580,250437.000,,raw
2025-04-03,46.790,48.370,46.640,47.900,212215.000,,raw
2025-04-07,43.610,44.700,43.110,43.110,156180.000,,raw
2025-04-08,42.820,43.090,38.800,39.730,326394.000,,raw
2025-04-09,38.010,41.440,36.240,40.600,320518.000,,raw
2025-04-10,42.450,42.780,41.340,41.350,225736.000,,raw
2025-04-11,40.810,42.590,40.600,41.890,183946.000,,raw
2025-04-14,43.100,43.470,42.400,42.700,167824.000,,raw
2025-04-15,42.590,42.890,41.830,42.350,106212.000,,raw
2025-04-16,42.010,42.290,40.770,41.440,118773.000,,raw
2025-04-17,41.450,42.270,41.400,41.510,102070.000,,raw
2025-04-18,41.520,42.150,41.300,41.990,107124.000,,raw
2025-04-21,42.500,43.000,41.910,42.860,117104.000,,raw
2025-04-22,42.860,43.220,42.400,42.840,119700.000,,raw
2025-04-23,43.320,44.790,43.030,44.600,252648.000,,raw
2025-04-24,43.000,43.000,41.850,41.850,321221.000,,raw
2025-04-25,41.980,42.960,41.880,42.160,173624.000,,raw
2025-04-28,42.080,42.820,41.820,42.190,109652.000,,raw
2025-04-29,42.160,42.270,41.640,41.710,111291.000,,raw
2025-04-30,41.660,43.060,41.630,42.710,179589.000,,raw
2025-05-06,43.550,45.450,43.500,45.100,289110.000,,raw
2025-05-07,45.700,45.940,44.540,44.940,202355.000,,raw
2025-05-08,44.970,47.140,44.880,46.090,342501.000,,raw
2025-05-09,45.490,46.000,44.700,45.160,199317.000,,raw
2025-05-12,45.850,45.990,45.100,45.540,168048.000,,raw
2025-05-13,45.990,46.120,45.000,45.180,135701.000,,raw
2025-05-14,45.700,46.100,45.000,45.380,179026.000,,raw
2025-05-15,45.430,45.450,43.590,43.610,179083.000,,raw
2025-05-16,43.500,44.270,43.260,43.660,99066.000,,raw
2025-05-19,43.720,44.000,42.920,43.110,96424.000,,raw
2025-05-20,43.100,43.460,42.440,43.060,102979.000,,raw
2025-05-21,43.000,43.000,42.190,42.270,122090.000,,raw
2025-05-22,42.270,42.560,41.870,41.940,89752.000,,raw
2025-05-23,41.910,42.330,41.210,41.220,110088.000,,raw
2025-05-26,41.140,41.900,41.110,41.810,99703.000,,raw
2025-05-27,41.730,41.810,40.770,41.180,105803.000,,raw
2025-05-28,41.180,41.550,41.010,41.200,84308.000,,raw
2025-05-29,41.290,42.300,41.290,42.160,145950.000,,raw
2025-05-30,42.000,42.000,41.010,41.200,122565.000,,raw
2025-06-03,40.540,41.160,40.540,40.810,83284.000,,raw
2025-06-04,41.150,42.060,41.100,41.720,147595.000,,raw
2025-06-05,41.760,43.820,41.460,43.630,279983.000,,raw
2025-06-06,43.630,44.290,43.470,44.000,203446.000,,raw
2025-06-09,44.000,44.990,43.800,44.460,205190.000,,raw
2025-06-10,44.460,44.570,43.150,43.480,183608.000,,raw
2025-06-11,43.770,44.000,43.180,43.200,120741.000,,raw
2025-06-12,43.190,45.980,43.100,44.720,393108.000,,raw
2025-06-13,44.090,44.680,43.200,43.550,251052.000,,raw
2025-06-16,43.510,45.500,43.310,44.660,248179.000,,raw
2025-06-17,44.400,44.840,44.120,44.260,165735.000,"{'nd': '2024', 'fh_sh': '2.6', 'djr': '2025-06-16', 'cqr': '2025-06-17', 'FHcontent': '10派2.6元'}",raw
2025-06-18,44.310,45.190,43.500,45.040,252855.000,,raw
2025-06-19,44.700,45.590,44.100,44.430,223771.000,,raw
2025-06-20,44.400,44.650,42.610,43.000,188022.000,,raw
2025-06-23,42.260,43.350,42.260,42.900,159497.000,,raw
2025-06-24,43.230,47.190,43.230,47.190,563005.000,,raw
2025-06-25,48.050,48.610,46.880,47.710,585017.000,,raw
2025-06-26,47.910,49.240,47.600,48.450,470484.000,,raw
2025-06-27,48.210,49.490,47.350,48.520,422149.000,,raw
2025-06-30,48.400,50.090,48.400,49.320,458093.000,,raw
2025-07-01,48.830,49.520,48.200,48.550,259909.000,,raw
2025-07-02,48.020,48.150,46.700,46.970,259607.000,,raw
2025-07-03,47.200,48.450,47.100,47.960,260318.000,,raw
2025-07-04,47.920,48.430,47.100,47.270,213435.000,,raw
2025-07-07,47.060,47.230,45.600,46.140,223620.000,,raw
2025-07-08,46.700,47.450,44.000,47.230,423075.000,,raw
2025-07-09,47.180,48.170,46.830,47.120,329502.000,,raw
2025-07-10,47.280,47.580,46.010,46.390,236055.000,,raw
2025-07-11,46.250,46.870,45.930,46.380,182980.000,,raw
2025-07-14,46.360,47.010,46.350,46.690,159431.000,,raw
2025-07-15,47.000,49.700,46.990,48.750,612899.000,,raw
2025-07-16,48.770,49.070,47.390,47.470,446461.000,,raw
2025-07-17,47.060,50.500,47.030,49.310,608516.000,,raw
2025-07-18,49.350,50.020,48.680,48.750,465608.000,,raw
2025-07-21,48.560,48.750,47.700,48.290,331443.000,,raw
2025-07-22,48.130,49.630,48.010,48.080,366608.000,,raw
2025-07-23,47.670,47.670,46.750,47.230,287911.000,,raw
2025-07-24,47.590,47.600,47.060,47.380,204553.000,,raw
2025-07-25,47.390,47.800,47.130,47.800,213223.000,,raw
2025-07-28,49.500,52.580,49.500,52.580,1101063.000,,raw
2025-07-29,51.500,52.630,51.380,52.400,821517.000,,raw
2025-07-30,52.670,52.950,51.000,51.700,447068.000,,raw
2025-07-31,52.050,53.530,51.450,51.950,791505.000,,raw
2025-08-01,51.610,52.000,49.700,50.160,471514.000,,raw
2025-08-04,49.790,50.190,49.320,49.910,301968.000,,raw
2025-08-05,50.390,51.500,49.510,51.100,487239.000,,raw
2025-08-06,50.630,52.180,50.500,51.420,360501.000,,raw
2025-08-07,51.980,51.990,49.910,50.320,346367.000,,raw
2025-08-08,50.080,50.670,49.840,50.020,196770.000,,raw
2025-08-11,50.160,50.990,50.050,50.850,264676.000,,raw
2025-08-12,50.850,52.000,50.300,52.000,416179.000,,raw
2025-08-13,52.000,53.990,51.680,53.000,570774.000,,raw
2025-08-14,52.680,53.120,51.560,51.910,463488.000,,raw
2025-08-15,51.910,53.140,51.820,52.280,410703.000,,raw
2025-08-18,52.250,54.790,52.250,54.060,592018.000,,raw
2025-08-19,54.800,57.900,54.750,55.000,649767.000,,raw
2025-08-20,54.510,60.500,53.600,60.500,846332.000,,raw
2025-08-21,61.000,61.500,57.180,57.660,780309.000,,raw
2025-08-22,58.300,61.000,57.800,59.920,770797.000,,raw
2025-08-25,61.120,65.000,60.330,62.350,837668.000,,raw
2025-08-26,61.500,65.220,61.300,63.800,626802.000,,raw
2025-08-27,63.400,69.890,63.100,65.800,787025.000,,raw
2025-08-28,66.000,72.000,64.560,70.630,939613.000,,raw
2025-08-29,70.280,70.280,67.000,68.710,679317.000,,raw
2025-09-01,72.050,75.580,70.720,74.190,779883.000,,raw
2025-09-02,72.560,74.150,66.770,66.770,934816.000,,raw
2025-09-03,66.030,67.650,63.500,65.450,713634.000,,raw
2025-09-04,65.450,66.270,58.910,58.910,792222.000,,raw
2025-09-05,59.920,62.090,58.910,61.830,595839.000,,raw
2025-09-08,61.000,61.780,59.160,60.580,494183.000,,raw
2025-09-09,60.150,60.270,58.150,58.650,334290.000,,raw
2025-09-10,58.760,60.350,56.920,59.430,565156.000,,raw
2025-09-11,60.380,64.370,59.450,63.920,757790.000,,raw
2025-09-12,63.650,66.560,63.000,65.150,748238.000,,raw
2025-09-15,64.300,66.500,62.360,64.500,540855.000,,raw
2025-09-16,64.380,67.590,64.030,67.510,652427.000,,raw
2025-09-17,67.000,68.220,65.880,67.350,494024.000,,raw
2025-09-18,67.500,72.060,65.560,69.160,821445.000,,raw
2025-09-19,69.870,71.320,68.000,68.720,622536.000,,raw
2025-09-22,69.500,73.980,68.000,73.450,716235.000,,raw
2025-09-23,73.500,74.910,66.660,69.850,828140.000,,raw
2025-09-24,67.500,69.760,66.290,68.800,463026.000,,raw
2025-09-25,68.810,73.350,68.810,71.630,570902.000,,raw
2025-09-26,70.810,71.800,67.660,67.670,445382.000,,raw
2025-09-29,67.240,70.000,67.010,68.970,397910.000,,raw
2025-09-30,69.200,69.800,66.380,66.600,468013.000,,raw
2025-10-09,66.770,67.980,66.400,66.450,395905.000,,raw
2025-10-10,66.080,66.120,62.900,63.090,378745.000,,raw
2025-10-13,59.780,62.190,59.620,62.190,271226.000,,raw
2025-10-14,62.670,62.960,58.400,58.720,341403.000,,raw
2025-10-15,59.270,60.000,58.140,59.930,226900.000,,raw
2025-10-16,59.500,61.330,59.440,60.260,250865.000,,raw
2025-10-17,61.330,61.460,58.400,58.600,261247.000,,raw
2025-10-20,59.850,61.060,58.800,59.370,284206.000,,raw
2025-10-21,59.880,61.800,58.880,61.420,375940.000,,raw
2025-10-22,61.600,63.470,61.010,62.010,407628.000,,raw
2025-10-23,61.990,61.990,59.280,61.150,259442.000,,raw
2025-10-24,62.000,63.300,61.020,63.230,406591.000,,raw
2025-10-27,66.380,67.660,65.580,66.820,619745.000,,raw
2025-10-28,66.500,68.460,66.080,66.750,471230.000,,raw
2025-10-29,67.340,68.300,65.830,67.300,461519.000,,raw
2025-10-30,67.050,67.950,64.880,65.780,459488.000,,raw
2025-10-31,65.500,65.850,62.910,62.980,408089.000,,raw
2025-11-03,62.320,62.600,60.580,62.030,282960.000,,raw
2025-11-04,61.870,62.330,60.280,60.800,200611.000,,raw
2025-11-05,59.460,60.160,58.800,59.710,217856.000,,raw
2025-11-06,60.200,62.110,60.200,61.990,295018.000,,raw
2025-11-07,61.300,62.250,60.250,61.480,214456.000,,raw
2025-11-10,61.480,62.230,59.810,60.870,204382.000,,raw
2025-11-11,61.490,61.580,58.680,58.850,255213.000,,raw
2025-11-12,58.300,58.450,56.810,57.730,230745.000,,raw
2025-11-13,58.360,58.850,57.680,58.780,155192.000,,raw
2025-11-14,58.000,58.000,56.600,56.610,161869.000,,raw
2025-11-17,56.560,57.550,56.410,56.900,129583.000,,raw
2025-11-18,56.420,58.200,56.020,57.250,164939.000,,raw
2025-11-19,58.010,58.440,56.680,57.180,187433.000,,raw
2025-11-20,58.440,58.640,56.400,56.830,157408.000,,raw
2025-11-21,55.110,55.750,54.000,54.400,202152.000,,raw
2025-11-24,55.210,57.480,55.190,56.950,304068.000,,raw
2025-11-25,57.500,60.490,57.300,58.900,404247.000,,raw
2025-11-26,58.560,61.300,58.170,60.280,405622.000,,raw
2025-11-27,59.680,62.400,59.510,60.960,390455.000,,raw
2025-11-28,60.420,61.380,60.060,60.630,245554.000,,raw
2025-12-01,60.950,62.260,60.460,61.970,282131.000,,raw
2025-12-02,61.380,61.990,60.950,61.150,196165.000,,raw
2025-12-03,61.100,62.070,60.300,60.470,210873.000,,raw
2025-12-04,60.020,60.870,59.060,60.730,182564.000,,raw
2025-12-05,60.600,63.100,60.350,62.710,386361.000,,raw
2025-12-08,62.800,66.310,62.590,65.440,436889.000,,raw
2025-12-09,65.660,67.380,65.510,66.400,449807.000,,raw
2025-12-10,66.000,68.940,65.800,68.550,517447.000,,raw
2025-12-11,68.160,68.160,66.300,66.350,356278.000,,raw
2025-12-12,66.000,68.760,65.000,67.240,394394.000,,raw
2025-12-15,66.250,66.400,64.800,64.830,280345.000,,raw
2025-12-16,64.550,64.700,62.060,62.350,253910.000,,raw
2025-12-17,62.920,68.590,62.350,68.590,495295.000,,raw
2025-12-18,68.600,70.770,67.960,68.010,615500.000,,raw
2025-12-19,68.550,70.060,67.570,68.480,433977.000,,raw
2025-12-22,69.500,70.650,69.060,70.240,529638.000,,raw
2025-12-23,69.990,71.460,69.270,70.740,502266.000,,raw
2025-12-24,70.920,71.320,69.660,71.120,412072.000,,raw
2025-12-25,70.410,71.080,68.360,70.680,414685.000,,raw
2025-12-26,70.000,71.050,68.900,69.600,277012.000,,raw
2025-12-29,69.600,72.200,69.150,70.800,365878.000,,raw
2025-12-30,70.390,73.280,70.180,70.450,358499.000,,raw
2025-12-31,70.800,71.500,69.250,69.950,280182.000,,raw
