date,open,high,low,close,volume,amount,price_type
2018-01-02,28.870,29.080,28.120,28.420,42169.000,,raw
2018-01-03,28.560,29.660,28.440,29.580,72212.000,,raw
2018-01-04,29.560,29.560,28.660,28.860,66521.000,,raw
2018-01-05,28.810,29.100,28.210,28.270,39588.000,,raw
2018-01-08,28.330,28.330,25.450,25.500,99445.000,,raw
2018-01-09,25.400,26.100,25.130,25.960,43490.000,,raw
2018-01-10,25.760,26.030,25.550,25.700,33230.000,,raw
2018-01-11,25.750,26.300,25.600,25.940,29731.000,,raw
2018-01-12,25.990,26.000,24.600,24.600,50352.000,,raw
2018-01-15,25.030,25.180,23.100,23.470,59724.000,,raw
2018-01-16,23.800,24.150,23.480,23.710,37083.000,,raw
2018-01-17,22.990,24.150,22.000,23.480,58932.000,,raw
2018-01-18,23.640,24.580,23.640,24.070,52529.000,,raw
2018-01-19,24.050,24.650,23.500,23.590,39003.000,,raw
2018-01-22,24.280,24.650,23.750,24.360,43429.000,,raw
2018-01-23,24.320,25.200,24.310,24.650,43265.000,,raw
2018-01-24,24.700,25.320,24.100,25.100,47252.000,,raw
2018-01-25,25.000,25.260,24.340,24.340,38749.000,,raw
2018-01-26,24.330,24.620,23.810,23.900,20856.000,,raw
2018-01-29,23.900,23.900,22.900,23.290,30372.000,,raw
2018-01-30,23.150,23.660,23.150,23.470,18846.000,,raw
2018-01-31,23.800,23.800,22.690,22.700,20162.000,,raw
2018-02-01,22.500,22.940,21.500,21.700,24572.000,,raw
2018-02-02,21.510,22.200,21.050,21.970,18821.000,,raw
2018-02-05,21.620,22.310,21.400,21.810,21635.000,,raw
2018-02-06,21.360,22.200,20.810,20.990,23322.000,,raw
2018-02-07,21.840,21.840,20.000,21.410,24161.000,,raw
2018-02-08,21.400,22.880,21.350,22.660,37470.000,,raw
2018-02-09,22.280,23.250,21.900,22.370,43035.000,,raw
2018-02-12,22.800,23.400,22.600,23.250,35715.000,,raw
2018-02-13,23.300,23.300,22.610,22.750,25636.000,,raw
2018-02-14,22.690,22.940,22.210,22.460,14427.000,,raw
2018-02-22,22.800,23.600,22.220,23.310,24126.000,,raw
2018-02-23,23.180,23.500,23.000,23.320,19187.000,,raw
2018-02-26,23.580,25.520,23.250,25.180,59543.000,,raw
2018-02-27,24.880,26.200,24.520,25.510,70619.000,,raw
2018-02-28,25.100,26.340,24.800,25.810,56472.000,,raw
2018-03-01,25.700,26.260,25.510,26.160,37412.000,,raw
2018-03-02,25.940,26.230,24.900,25.130,43973.000,,raw
2018-03-05,25.020,26.820,25.020,26.700,62893.000,,raw
2018-03-06,26.900,27.480,26.210,26.460,55761.000,,raw
2018-03-07,26.300,26.610,25.570,26.020,38161.000,,raw
2018-03-08,25.880,26.290,25.580,26.240,30232.000,,raw
2018-03-09,26.080,27.400,26.000,27.260,69767.000,,raw
2018-03-12,27.270,27.740,26.700,27.280,61831.000,,raw
2018-03-13,26.910,27.290,26.590,26.590,40735.000,,raw
2018-03-14,26.410,26.630,26.020,26.030,32192.000,,raw
2018-03-15,25.800,26.010,25.220,25.840,29996.000,,raw
2018-03-16,25.890,25.980,25.340,25.350,20396.000,,raw
2018-03-19,25.190,25.820,25.180,25.410,20520.000,,raw
2018-03-20,25.160,25.340,23.930,24.390,44701.000,,raw
2018-03-21,24.540,25.050,24.050,24.120,31897.000,,raw
2018-03-22,24.030,24.370,23.400,23.950,46531.000,,raw
2018-03-23,23.000,23.170,21.560,21.680,53985.000,,raw
2018-03-26,21.150,22.060,20.300,21.990,43383.000,,raw
2018-03-27,22.180,23.100,22.180,22.900,50625.000,,raw
2018-03-28,22.400,23.450,22.220,22.520,47013.000,,raw
2018-03-29,22.790,23.180,22.520,22.740,38019.000,,raw
2018-03-30,22.930,23.950,22.830,23.890,57120.000,,raw
2018-04-02,23.900,25.210,23.550,25.100,78077.000,,raw
2018-04-03,24.520,24.880,24.000,24.770,58161.000,,raw
2018-04-04,24.610,24.970,24.190,24.190,37608.000,,raw
2018-04-09,24.000,24.400,23.000,23.660,35427.000,,raw
2018-04-10,22.360,22.670,21.290,21.290,79287.000,,raw
2018-04-11,20.980,21.560,20.750,21.410,61296.000,,raw
2018-04-12,21.220,21.430,20.950,21.070,33201.000,,raw
2018-04-13,21.280,21.350,20.800,20.850,31470.000,,raw
2018-04-16,20.850,21.490,20.650,21.400,37605.000,,raw
2018-04-17,23.540,23.540,22.140,22.450,131198.000,,raw
2018-04-18,24.700,24.700,23.080,24.700,198610.000,,raw
2018-04-19,25.500,25.500,23.880,24.340,248193.000,,raw
2018-04-20,23.400,23.620,22.450,22.700,128904.000,,raw
2018-04-23,22.350,22.600,21.510,22.070,73517.000,,raw
2018-04-24,22.060,22.920,21.800,22.600,69909.000,,raw
2018-04-25,22.190,23.450,22.000,23.000,96805.000,,raw
2018-04-26,22.800,22.800,20.830,21.210,70478.000,,raw
2018-04-27,21.500,21.700,21.010,21.370,37217.000,,raw
2018-05-02,21.350,21.480,20.000,20.140,51419.000,,raw
2018-05-03,20.140,20.610,19.820,20.570,36910.000,,raw
2018-05-04,20.390,20.500,20.150,20.170,28674.000,,raw
2018-05-07,20.250,20.650,20.210,20.570,28018.000,,raw
2018-05-08,20.620,20.910,20.600,20.900,29266.000,,raw
2018-05-09,20.700,21.130,20.500,21.050,33740.000,,raw
2018-05-10,20.970,21.700,20.970,21.390,48605.000,,raw
2018-05-11,21.440,21.450,20.670,20.720,39072.000,,raw
2018-05-14,21.100,21.580,20.760,20.890,38582.000,,raw
2018-05-15,20.720,20.750,20.200,20.580,43679.000,,raw
2018-05-16,20.580,20.660,20.220,20.310,27014.000,,raw
2018-05-17,20.290,20.500,20.140,20.340,21347.000,,raw
2018-05-18,20.310,20.480,20.150,20.350,18559.000,,raw
2018-05-21,20.800,21.280,20.630,21.020,47993.000,,raw
2018-05-22,21.250,22.980,21.250,22.180,96392.000,,raw
2018-05-23,22.500,22.680,21.310,21.330,66350.000,,raw
2018-05-24,21.340,21.740,21.270,21.280,33513.000,,raw
2018-05-25,21.370,21.370,20.520,20.690,40899.000,,raw
2018-05-28,20.720,21.390,20.720,20.990,33543.000,,raw
2018-05-29,20.770,20.990,20.500,20.510,29028.000,,raw
2018-05-30,19.130,19.180,18.460,18.460,59184.000,,raw
2018-05-31,18.600,18.830,17.000,18.100,36202.000,,raw
2018-06-01,17.900,18.050,17.300,17.540,24280.000,,raw
2018-06-04,17.700,17.930,17.510,17.700,16042.000,,raw
2018-06-05,17.710,18.310,17.710,18.290,21428.000,,raw
2018-06-06,18.200,18.550,18.150,18.300,27686.000,"{'nd': '2017', 'fh_sh': '1.2', 'djr': '2018-06-05', 'cqr': '2018-06-06', 'FHcontent': '10派1.2元'}",raw
2018-06-07,18.300,18.500,17.800,18.000,20981.000,,raw
2018-06-08,18.150,18.550,18.000,18.240,28041.000,,raw
2018-06-11,18.100,18.500,17.750,18.240,21190.000,,raw
2018-06-12,18.320,18.320,17.610,18.150,20787.000,,raw
2018-06-13,17.830,18.440,17.750,17.800,22261.000,,raw
2018-06-14,17.770,18.000,17.580,17.740,12806.000,,raw
2018-06-15,17.900,18.030,17.000,17.260,24261.000,,raw
2018-06-19,16.360,16.720,15.530,15.530,25831.000,,raw
2018-06-20,15.500,15.600,14.010,15.010,40307.000,,raw
2018-06-21,14.870,15.080,13.600,13.640,37640.000,,raw
2018-06-22,13.150,13.920,13.010,13.840,23641.000,,raw
2018-06-25,14.000,14.210,13.750,13.850,18926.000,,raw
2018-06-26,13.570,14.370,13.570,14.250,19749.000,,raw
2018-06-27,14.300,14.650,14.160,14.350,18540.000,,raw
2018-06-28,14.300,14.750,14.180,14.340,17381.000,,raw
2018-06-29,14.260,14.980,14.260,14.790,25565.000,,raw
2018-07-02,14.890,15.110,14.470,14.600,17252.000,,raw
2018-07-03,14.800,15.350,14.510,15.350,31273.000,,raw
2018-07-04,15.700,15.750,14.700,14.870,35061.000,,raw
2018-07-05,14.600,14.730,13.500,13.980,29814.000,,raw
2018-07-06,13.970,14.490,13.770,14.280,23506.000,,raw
2018-07-09,14.310,14.600,14.160,14.570,13878.000,,raw
2018-07-10,14.580,14.780,14.480,14.670,15414.000,,raw
2018-07-11,14.490,14.490,13.450,13.920,24829.000,,raw
2018-07-12,14.380,15.310,14.360,15.310,26308.000,,raw
2018-07-13,15.610,15.670,15.000,15.080,63059.000,,raw
2018-07-16,15.150,15.690,15.150,15.300,41618.000,,raw
2018-07-17,15.300,15.410,14.840,15.040,29462.000,,raw
2018-07-18,15.080,15.500,14.800,14.800,25230.000,,raw
2018-07-19,14.950,15.750,14.860,15.160,47644.000,,raw
2018-07-20,15.000,15.130,13.660,14.900,37655.000,,raw
2018-07-23,15.100,15.380,14.900,15.060,32105.000,,raw
2018-07-24,14.450,15.000,14.450,14.920,34130.000,,raw
2018-07-25,14.850,15.250,14.700,14.900,25680.000,,raw
2018-07-26,14.810,14.970,14.440,14.550,19937.000,,raw
2018-07-27,14.580,14.780,14.450,14.660,17451.000,,raw
2018-07-30,14.650,14.650,13.800,13.950,26448.000,,raw
2018-07-31,13.970,14.150,13.900,14.050,10892.000,,raw
2018-08-01,14.100,14.230,13.720,13.750,13915.000,,raw
2018-08-02,13.760,13.760,12.730,13.140,23293.000,,raw
2018-08-03,13.120,13.180,12.760,12.760,9906.000,,raw
2018-08-06,12.760,12.840,12.220,12.300,13161.000,,raw
2018-08-07,12.330,12.660,12.170,12.650,13378.000,,raw
2018-08-08,12.620,12.650,12.200,12.260,12545.000,,raw
2018-08-09,12.190,12.950,12.060,12.700,21889.000,,raw
2018-08-10,12.710,13.090,12.630,12.900,19143.000,,raw
2018-08-13,13.000,14.190,12.800,14.190,28979.000,,raw
2018-08-14,15.010,15.010,14.380,14.610,115089.000,,raw
2018-08-15,14.200,14.350,13.780,13.900,54211.000,,raw
2018-08-16,13.550,14.580,13.190,13.690,61403.000,,raw
2018-08-17,14.070,14.250,13.660,13.660,52476.000,,raw
2018-08-20,13.520,15.030,13.520,15.030,44987.000,,raw
2018-08-21,16.400,16.530,15.900,16.530,152805.000,,raw
2018-08-22,16.600,18.180,16.100,16.990,244249.000,,raw
2018-08-23,16.350,18.690,16.150,18.690,205237.000,,raw
2018-08-24,18.800,20.420,17.950,18.200,252285.000,,raw
2018-08-27,17.520,19.800,17.520,19.550,210682.000,,raw
2018-08-28,18.760,19.620,18.340,18.880,166650.000,,raw
2018-08-29,18.620,18.790,18.040,18.500,95735.000,,raw
2018-08-30,18.440,19.150,17.750,18.900,139990.000,,raw
2018-08-31,18.340,19.860,18.340,18.750,134869.000,,raw
2018-09-03,18.720,18.720,16.880,18.150,105242.000,,raw
2018-09-04,18.140,19.380,18.000,19.160,119932.000,,raw
2018-09-05,18.700,20.760,18.580,19.690,159559.000,,raw
2018-09-06,19.300,20.680,19.160,20.160,129317.000,,raw
2018-09-07,19.950,20.560,19.000,19.920,108069.000,,raw
2018-09-10,19.580,20.250,19.190,19.590,84268.000,,raw
2018-09-11,19.800,21.490,19.800,21.200,149375.000,,raw
2018-09-12,20.940,21.280,20.400,20.410,97557.000,,raw
2018-09-13,20.730,21.260,19.430,20.600,118249.000,,raw
2018-09-14,20.160,20.500,19.700,19.900,74833.000,,raw
2018-09-17,19.330,20.280,19.230,19.770,53593.000,,raw
2018-09-18,19.500,19.950,18.410,19.700,80032.000,,raw
2018-09-19,19.310,20.020,19.040,19.430,70833.000,,raw
2018-09-20,19.180,20.000,18.880,19.010,69492.000,,raw
2018-09-21,19.100,19.500,18.880,19.250,57930.000,,raw
2018-09-25,19.030,19.370,18.650,19.350,43147.000,,raw
2018-09-26,19.500,19.670,18.800,19.110,67101.000,,raw
2018-09-27,18.940,19.050,17.500,17.610,71209.000,,raw
2018-09-28,17.650,17.930,17.410,17.800,39300.000,,raw
2018-10-08,17.090,17.910,17.050,17.430,43823.000,,raw
2018-10-09,17.740,17.790,16.660,17.040,32140.000,,raw
2018-10-10,17.180,17.940,16.620,17.880,62840.000,,raw
2018-10-11,17.000,17.510,16.100,16.760,65675.000,,raw
2018-10-12,16.100,17.930,16.100,17.720,73507.000,,raw
2018-10-15,17.760,18.460,17.560,17.640,56351.000,,raw
2018-10-16,17.410,17.780,16.420,16.960,40638.000,,raw
2018-10-17,17.270,18.120,17.000,17.920,65258.000,,raw
2018-10-18,17.700,17.700,16.730,16.800,47659.000,,raw
2018-10-19,16.150,18.000,16.150,17.700,58464.000,,raw
2018-10-22,18.150,19.020,17.770,18.730,75336.000,,raw
2018-10-23,18.430,19.160,18.380,18.880,67936.000,,raw
2018-10-24,18.800,19.100,18.380,18.460,43155.000,,raw
2018-10-25,17.800,18.370,17.290,18.250,44727.000,,raw
2018-10-26,18.380,19.470,18.380,19.270,83517.000,,raw
2018-10-29,19.000,19.730,18.800,19.590,64715.000,,raw
2018-10-30,19.310,19.630,18.500,19.040,53662.000,,raw
2018-10-31,18.970,19.690,18.630,19.500,61151.000,,raw
2018-11-01,19.640,20.310,19.320,19.560,61584.000,,raw
2018-11-02,20.000,20.290,19.330,19.510,65167.000,,raw
2018-11-05,19.380,20.090,19.090,19.640,50205.000,,raw
2018-11-06,19.450,19.820,18.810,19.780,48949.000,,raw
2018-11-07,19.900,20.680,19.760,19.960,72982.000,,raw
2018-11-08,19.960,20.000,19.070,19.130,46244.000,,raw
2018-11-09,18.940,19.910,18.850,19.250,40538.000,,raw
2018-11-12,19.360,19.660,19.160,19.540,32098.000,,raw
2018-11-13,19.280,19.620,19.100,19.270,37756.000,,raw
2018-11-14,19.260,19.310,18.550,18.930,39318.000,,raw
2018-11-15,18.850,19.450,18.650,19.450,49400.000,,raw
2018-11-16,19.550,19.870,19.350,19.710,50605.000,,raw
2018-11-19,19.660,19.900,19.090,19.800,40723.000,,raw
2018-11-20,19.580,19.700,19.050,19.140,25892.000,,raw
2018-11-21,19.090,19.350,18.920,19.200,18591.000,,raw
2018-11-22,19.300,19.310,18.550,18.550,25852.000,,raw
2018-11-23,18.500,18.540,17.410,17.450,27929.000,,raw
2018-11-26,17.400,17.800,17.010,17.650,16387.000,,raw
2018-11-27,17.670,18.140,17.500,17.950,23368.000,,raw
2018-11-28,17.770,17.950,17.100,17.690,25460.000,,raw
2018-11-29,17.800,18.050,16.530,16.600,35770.000,,raw
2018-11-30,16.500,16.870,16.150,16.700,20826.000,,raw
2018-12-03,17.120,18.370,17.120,18.370,54187.000,,raw
2018-12-04,18.380,18.760,18.030,18.400,46515.000,,raw
2018-12-05,18.000,18.310,17.710,18.100,38545.000,,raw
2018-12-06,17.580,17.890,16.880,17.070,41552.000,,raw
2018-12-07,17.180,18.780,17.180,18.210,78387.000,,raw
2018-12-10,17.960,18.890,17.710,18.110,68908.000,,raw
2018-12-11,18.430,19.180,18.370,18.820,78556.000,,raw
2018-12-12,18.790,18.950,18.200,18.380,46666.000,,raw
2018-12-13,18.390,18.880,18.120,18.600,52569.000,,raw
2018-12-14,18.420,18.490,17.620,17.900,48814.000,,raw
2018-12-17,17.860,18.000,17.370,17.930,17927.000,,raw
2018-12-18,17.880,18.060,17.410,17.600,19046.000,,raw
2018-12-19,17.710,17.990,17.450,17.540,17918.000,,raw
2018-12-20,17.360,17.880,17.340,17.600,20332.000,,raw
2018-12-21,17.430,17.860,17.430,17.740,22577.000,,raw
2018-12-24,17.790,18.750,17.790,18.490,51392.000,,raw
2018-12-25,18.040,19.000,17.840,18.900,67799.000,,raw
2018-12-26,18.640,19.000,18.400,18.750,45050.000,,raw
2018-12-27,18.840,20.180,18.840,19.480,98782.000,,raw
2018-12-28,19.350,19.880,18.940,19.650,63568.000,,raw
2019-01-02,19.600,19.910,19.350,19.400,53215.000,,raw
2019-01-03,19.120,19.270,18.250,18.650,47673.000,,raw
2019-01-04,18.520,19.170,18.300,18.890,38619.000,,raw
2019-01-07,19.010,19.950,18.650,19.850,73627.000,,raw
2019-01-08,19.640,19.990,19.270,19.550,43958.000,,raw
2019-01-09,19.460,21.280,19.380,20.120,97853.000,,raw
2019-01-10,20.400,22.130,20.100,22.130,101665.000,,raw
2019-01-11,23.500,24.340,21.450,21.610,184100.000,,raw
2019-01-14,21.330,22.380,21.060,22.370,108109.000,,raw
2019-01-15,21.850,22.190,21.120,21.320,89197.000,,raw
2019-01-16,20.820,22.260,20.820,21.790,88216.000,,raw
2019-01-17,21.690,22.020,21.030,21.100,58979.000,,raw
2019-01-18,21.110,21.660,20.600,21.210,41666.000,,raw
2019-01-21,21.340,22.360,21.320,21.700,64563.000,,raw
2019-01-22,21.590,22.290,21.490,22.060,47903.000,,raw
2019-01-23,21.800,22.340,21.770,21.980,33908.000,,raw
2019-01-24,21.970,23.500,21.790,22.900,62802.000,,raw
2019-01-25,22.740,22.870,22.160,22.180,49165.000,,raw
2019-01-28,22.610,22.680,21.430,21.450,35819.000,,raw
2019-01-29,21.210,21.880,20.400,21.290,30521.000,,raw
2019-01-30,21.000,21.560,20.760,20.850,15968.000,,raw
2019-01-31,20.950,21.390,20.470,20.630,25021.000,,raw
2019-02-01,20.900,21.350,20.750,21.000,27003.000,,raw
2019-02-11,21.210,22.450,21.210,22.140,43542.000,,raw
2019-02-12,22.030,22.800,21.860,22.490,59694.000,,raw
2019-02-13,22.480,23.350,22.330,22.740,70614.000,,raw
2019-02-14,21.960,22.540,21.660,22.510,60633.000,,raw
2019-02-15,22.320,22.470,22.070,22.070,32855.000,,raw
2019-02-18,22.200,24.280,22.100,24.140,97323.000,,raw
2019-02-19,24.260,24.330,23.230,23.600,52736.000,,raw
2019-02-20,23.570,25.030,23.330,24.930,59209.000,,raw
2019-02-21,24.890,26.380,24.500,25.470,78926.000,,raw
2019-02-22,25.470,26.910,25.360,26.540,76044.000,,raw
2019-02-25,26.800,28.280,26.550,27.770,90120.000,,raw
2019-02-26,27.580,27.700,26.490,26.510,59311.000,,raw
2019-02-27,26.350,27.120,25.710,26.520,43375.000,,raw
2019-02-28,27.550,28.950,27.540,27.580,61560.000,,raw
2019-03-01,27.900,28.380,27.420,28.060,45777.000,,raw
2019-03-04,28.200,30.440,28.200,28.990,72272.000,,raw
2019-03-05,29.420,31.890,29.420,31.600,80020.000,,raw
2019-03-06,31.820,33.660,30.000,31.200,107108.000,,raw
2019-03-07,31.480,31.480,29.970,30.300,71064.000,,raw
2019-03-08,29.500,31.030,28.970,29.790,60783.000,,raw
2019-03-11,29.760,30.940,29.210,30.650,60878.000,,raw
2019-03-12,30.650,31.650,30.520,30.990,72159.000,,raw
2019-03-13,30.780,30.780,28.680,29.300,56399.000,,raw
2019-03-14,29.180,29.680,28.260,28.950,64746.000,,raw
2019-03-15,29.580,29.730,28.710,29.370,45142.000,,raw
2019-03-18,29.370,30.000,28.520,29.920,39138.000,,raw
2019-03-19,29.800,30.070,29.080,29.480,37870.000,,raw
2019-03-20,29.450,29.790,28.600,29.000,24549.000,,raw
2019-03-21,29.000,29.660,28.650,29.110,44508.000,,raw
2019-03-22,29.260,29.720,28.840,29.300,35367.000,,raw
2019-03-25,28.800,29.600,28.700,29.150,40716.000,,raw
2019-03-26,29.230,29.300,26.740,27.130,58808.000,,raw
2019-03-27,27.100,27.510,26.680,26.740,36967.000,,raw
2019-03-28,27.160,28.990,27.160,27.830,60081.000,,raw
2019-03-29,27.500,28.200,26.730,27.830,61103.000,,raw
2019-04-01,28.100,29.170,28.100,28.260,61767.000,,raw
2019-04-02,28.550,29.380,28.130,28.770,61771.000,,raw
2019-04-03,28.850,29.130,28.380,28.510,40778.000,,raw
2019-04-04,28.650,28.690,27.500,27.680,54875.000,,raw
2019-04-08,28.580,28.580,27.600,27.800,55620.000,,raw
2019-04-09,27.950,30.190,27.940,29.650,102058.000,,raw
2019-04-10,29.100,31.090,28.710,30.400,97137.000,,raw
2019-04-11,30.400,30.450,29.190,29.400,52675.000,,raw
2019-04-12,29.310,30.080,28.700,28.750,48188.000,,raw
2019-04-15,29.410,30.100,27.650,27.900,84586.000,,raw
2019-04-16,27.300,30.200,27.000,29.900,103599.000,,raw
2019-04-17,29.800,30.160,29.250,29.330,61061.000,,raw
2019-04-18,29.420,30.950,29.330,30.390,92691.000,,raw
2019-04-19,30.010,31.000,29.510,30.530,60024.000,,raw
2019-04-22,30.650,31.800,30.010,30.370,86515.000,,raw
2019-04-23,30.170,30.980,29.050,29.270,48595.000,,raw
2019-04-24,29.750,29.800,28.200,29.330,46721.000,,raw
2019-04-25,29.300,29.800,28.510,28.530,43280.000,,raw
2019-04-26,28.450,29.350,28.130,28.530,36886.000,,raw
2019-04-29,28.620,29.750,27.880,29.390,56580.000,,raw
2019-04-30,28.880,29.880,28.320,29.580,53961.000,,raw
2019-05-06,27.620,27.620,26.620,26.620,34893.000,,raw
2019-05-07,25.510,26.160,23.960,24.700,91012.000,,raw
2019-05-08,23.950,26.250,23.100,25.300,73418.000,,raw
2019-05-09,24.700,25.590,24.110,24.800,26617.000,,raw
2019-05-10,25.500,25.900,24.220,25.710,50750.000,,raw
2019-05-13,25.260,26.240,24.800,24.990,46823.000,,raw
2019-05-14,24.800,25.600,24.800,24.990,37545.000,,raw
2019-05-15,25.470,25.580,24.800,25.080,40574.000,,raw
2019-05-16,25.000,25.170,24.090,25.010,49603.000,,raw
2019-05-17,25.100,25.360,23.200,23.870,56475.000,,raw
2019-05-20,23.400,23.620,21.840,22.650,61035.000,,raw
2019-05-21,22.750,24.500,22.730,24.220,66210.000,,raw
2019-05-22,24.690,25.090,23.840,24.280,65436.000,,raw
2019-05-23,24.000,24.000,22.880,23.440,50736.000,,raw
2019-05-24,23.680,23.700,22.410,22.470,40449.000,,raw
2019-05-27,22.520,24.380,22.470,24.350,59464.000,,raw
2019-05-28,25.980,26.000,24.550,24.590,90909.000,,raw
2019-05-29,24.400,25.400,24.230,24.540,55316.000,,raw
2019-05-30,24.190,24.430,23.400,23.980,53269.000,,raw
2019-05-31,24.080,25.200,24.080,24.400,60172.000,,raw
2019-06-03,25.010,26.200,24.650,25.850,99074.000,,raw
2019-06-04,25.990,26.680,25.050,25.650,102950.000,,raw
2019-06-05,26.150,26.580,25.100,26.160,78974.000,,raw
2019-06-06,26.000,26.000,23.550,23.580,96306.000,,raw
2019-06-10,23.050,24.560,23.000,24.210,64353.000,,raw
2019-06-11,24.400,24.930,23.810,24.690,61647.000,,raw
2019-06-12,25.000,25.550,24.410,24.470,66120.000,,raw
2019-06-13,24.550,25.250,24.210,24.300,69538.000,,raw
2019-06-14,24.160,24.370,22.890,22.940,80063.000,"{'nd': '2018', 'fh_sh': '1.2', 'djr': '2019-06-13', 'cqr': '2019-06-14', 'FHcontent': '10派1.2元'}",raw
2019-06-17,23.080,23.090,22.000,22.590,61957.000,,raw
2019-06-18,22.760,22.770,22.220,22.460,37346.000,,raw
2019-06-19,23.290,23.700,23.020,23.130,66606.000,,raw
2019-06-20,23.010,23.650,22.460,23.330,54810.000,,raw
2019-06-21,23.670,23.970,23.390,23.640,51947.000,,raw
2019-06-24,23.750,23.750,23.000,23.190,43099.000,,raw
2019-06-25,23.020,23.570,22.890,23.570,44649.000,,raw
2019-06-26,23.390,23.860,23.000,23.160,41300.000,,raw
2019-06-27,23.400,24.580,23.300,24.580,104540.000,,raw
2019-06-28,24.350,24.690,23.550,24.520,72674.000,,raw
2019-07-01,25.370,25.770,24.900,25.040,122103.000,,raw
2019-07-02,25.090,25.390,24.590,25.270,69554.000,,raw
2019-07-03,25.000,25.170,24.450,24.910,54820.000,,raw
2019-07-04,24.920,24.990,24.250,24.500,47811.000,,raw
2019-07-05,24.540,24.790,24.000,24.180,56558.000,,raw
2019-07-08,24.150,24.180,22.620,22.880,65810.000,,raw
2019-07-09,22.920,23.250,22.810,23.070,31798.000,,raw
2019-07-10,23.250,23.480,22.900,23.210,27810.000,,raw
2019-07-11,23.400,23.400,22.630,22.960,32159.000,,raw
2019-07-12,22.990,23.570,22.660,23.570,40611.000,,raw
2019-07-15,24.070,25.900,23.700,25.190,140364.000,,raw
2019-07-16,25.100,26.820,25.010,26.370,127006.000,,raw
2019-07-17,26.660,27.100,26.190,26.570,109619.000,,raw
2019-07-18,26.570,27.270,26.030,26.680,107086.000,,raw
2019-07-19,26.900,26.900,26.260,26.620,70828.000,,raw
2019-07-22,26.810,26.810,25.360,25.920,68087.000,,raw
2019-07-23,26.260,26.850,26.030,26.380,71319.000,,raw
2019-07-24,26.700,27.500,26.600,26.800,102170.000,,raw
2019-07-25,26.990,27.840,26.810,27.530,90668.000,,raw
2019-07-26,27.350,27.780,27.020,27.700,63925.000,,raw
2019-07-29,27.590,28.700,27.310,28.310,84364.000,,raw
2019-07-30,28.200,29.450,28.010,28.110,100239.000,,raw
2019-07-31,28.250,28.760,27.900,28.160,79029.000,,raw
2019-08-01,27.880,28.800,27.570,28.800,77077.000,,raw
2019-08-02,27.920,28.260,26.250,27.770,78155.000,,raw
2019-08-05,27.600,28.460,27.140,27.250,66183.000,,raw
2019-08-06,26.720,28.050,26.700,27.630,89117.000,,raw
2019-08-07,27.900,28.050,26.510,26.870,83682.000,,raw
2019-08-08,26.630,27.480,26.060,27.470,72153.000,,raw
2019-08-09,27.550,27.570,25.660,26.140,84882.000,,raw
2019-08-12,26.300,27.800,26.180,27.800,84692.000,,raw
2019-08-13,27.470,28.250,27.200,27.900,89114.000,,raw
2019-08-14,28.580,28.870,27.770,27.780,92575.000,,raw
2019-08-15,26.830,29.000,26.600,28.850,96876.000,,raw
2019-08-16,28.680,29.850,28.620,29.420,116515.000,,raw
2019-08-19,30.030,30.740,29.240,30.460,121340.000,,raw
2019-08-20,30.330,30.960,30.120,30.490,87683.000,,raw
2019-08-21,30.590,31.000,29.860,30.720,81426.000,,raw
2019-08-22,30.500,30.880,29.750,30.400,94346.000,,raw
2019-08-23,30.580,31.830,30.030,31.630,99813.000,,raw
2019-08-26,30.700,31.360,30.620,31.070,77203.000,,raw
2019-08-27,31.100,31.800,30.700,31.240,88765.000,,raw
2019-08-28,31.000,31.460,30.390,31.130,56268.000,,raw
2019-08-29,31.250,31.430,30.650,30.650,43775.000,,raw
2019-08-30,30.720,30.900,29.310,29.780,82203.000,,raw
2019-09-02,29.840,31.750,29.580,31.520,97526.000,,raw
2019-09-03,31.800,34.670,31.400,34.160,202193.000,,raw
2019-09-04,33.960,35.850,33.850,34.850,174222.000,,raw
2019-09-05,38.000,38.340,36.460,38.340,102348.000,,raw
2019-09-06,41.520,42.170,39.270,41.990,303409.000,,raw
2019-09-09,40.100,42.260,40.010,41.950,216754.000,,raw
2019-09-10,41.600,41.600,38.610,39.480,200837.000,,raw
2019-09-11,39.880,40.300,38.600,38.990,137489.000,,raw
2019-09-12,39.250,40.180,38.670,39.320,112908.000,,raw
2019-09-16,39.590,41.550,39.130,40.680,146663.000,,raw
2019-09-17,40.300,40.510,37.730,39.080,106643.000,,raw
2019-09-18,39.200,39.550,37.900,38.890,79583.000,,raw
2019-09-19,38.880,39.660,38.510,39.450,75233.000,,raw
2019-09-20,39.160,39.880,38.500,39.450,90096.000,,raw
2019-09-23,38.960,39.200,38.210,38.900,67103.000,,raw
2019-09-24,39.200,42.790,39.070,41.630,174599.000,,raw
2019-09-25,41.500,41.500,37.470,37.490,147794.000,,raw
2019-09-26,37.650,37.930,34.160,34.470,127851.000,,raw
2019-09-27,34.880,35.980,34.040,35.180,84668.000,,raw
2019-09-30,34.830,35.860,34.420,34.580,57068.000,,raw
2019-10-08,34.000,35.140,33.560,33.810,69828.000,,raw
2019-10-09,34.250,36.850,33.830,36.630,104938.000,,raw
2019-10-10,36.630,40.230,36.310,39.550,136662.000,,raw
2019-10-11,39.550,40.200,38.570,40.200,87420.000,,raw
2019-10-14,40.480,41.900,39.000,41.580,100082.000,,raw
2019-10-15,39.190,39.680,37.420,39.120,138134.000,,raw
2019-10-16,38.950,39.230,38.050,38.110,51189.000,,raw
2019-10-17,37.840,39.220,37.750,38.250,51935.000,,raw
2019-10-18,38.300,38.440,36.810,37.000,59692.000,,raw
2019-10-21,37.520,38.290,36.340,38.170,61737.000,,raw
2019-10-22,38.010,39.670,38.000,38.560,70548.000,,raw
2019-10-23,37.960,39.640,37.690,38.720,73975.000,,raw
2019-10-24,38.400,38.890,37.330,38.430,49050.000,,raw
2019-10-25,38.180,39.250,37.560,39.140,58008.000,,raw
2019-10-28,38.990,40.480,38.450,39.930,86012.000,,raw
2019-10-29,40.290,40.290,37.870,38.140,76729.000,,raw
2019-10-30,38.000,38.920,37.300,38.080,47505.000,,raw
2019-10-31,38.200,39.150,38.080,38.450,56455.000,,raw
2019-11-01,38.110,38.300,36.010,36.810,99072.000,,raw
2019-11-04,37.000,38.100,36.590,37.790,65267.000,,raw
2019-11-05,37.620,38.080,36.700,37.150,61422.000,,raw
2019-11-06,36.810,37.400,35.910,36.170,54514.000,,raw
2019-11-07,36.340,36.580,35.650,35.830,42647.000,,raw
2019-11-08,36.270,37.500,36.030,36.540,78667.000,,raw
2019-11-11,35.990,37.030,35.050,36.010,55674.000,,raw
2019-11-12,36.000,36.190,34.400,35.930,73385.000,,raw
2019-11-13,35.500,36.290,35.470,35.920,38278.000,,raw
2019-11-14,36.030,36.380,35.330,36.130,73112.000,,raw
2019-11-15,35.930,36.120,35.280,35.280,47525.000,,raw
2019-11-18,34.800,35.880,34.800,35.620,39909.000,,raw
2019-11-19,35.760,39.180,35.640,39.180,184713.000,,raw
2019-11-20,40.100,40.350,38.600,38.830,153627.000,,raw
2019-11-21,38.790,38.880,37.770,38.170,82491.000,,raw
2019-11-22,38.290,39.240,37.000,37.130,106646.000,,raw
2019-11-25,36.810,37.460,35.700,36.300,60502.000,,raw
2019-11-26,36.490,36.750,35.880,35.980,38008.000,,raw
2019-11-27,35.960,36.900,35.620,36.360,51824.000,,raw
2019-11-28,36.590,38.220,36.380,36.730,74377.000,,raw
2019-11-29,36.380,37.800,36.360,37.210,56775.000,,raw
2019-12-02,37.410,37.800,36.370,37.580,61796.000,,raw
2019-12-03,36.800,37.560,36.420,37.520,52646.000,,raw
2019-12-04,37.230,37.360,36.300,36.430,62608.000,,raw
2019-12-05,36.600,38.520,36.500,38.170,118497.000,,raw
2019-12-06,38.100,38.800,37.630,38.760,101076.000,,raw
2019-12-09,39.770,39.780,37.840,37.910,99876.000,,raw
2019-12-10,37.060,37.230,36.280,36.850,113633.000,,raw
2019-12-11,36.640,37.130,36.300,36.500,56762.000,,raw
2019-12-12,36.580,39.280,36.570,38.190,149444.000,,raw
2019-12-13,38.570,38.840,37.860,38.700,111927.000,,raw
2019-12-16,39.690,40.550,39.180,40.150,140101.000,,raw
2019-12-17,41.190,44.170,40.830,44.170,206595.000,,raw
2019-12-18,44.260,45.200,43.500,44.510,219593.000,,raw
2019-12-19,43.910,43.950,42.500,42.760,129351.000,,raw
2019-12-20,42.680,43.060,41.340,41.640,100152.000,,raw
2019-12-23,41.200,42.230,40.630,41.050,85152.000,,raw
2019-12-24,41.410,43.180,41.120,43.010,107487.000,,raw
2019-12-25,42.600,43.170,42.100,43.090,84592.000,,raw
2019-12-26,42.800,43.170,42.410,43.000,56568.000,,raw
2019-12-27,43.680,45.580,39.860,40.260,201087.000,,raw
2019-12-30,38.780,40.000,37.310,39.250,105393.000,,raw
2019-12-31,39.010,40.500,39.000,40.140,80994.000,,raw
2020-01-02,40.800,41.000,40.000,40.770,72462.000,,raw
2020-01-03,40.770,41.250,39.710,40.330,76637.000,,raw
2020-01-06,40.030,41.130,39.010,40.290,72359.000,,raw
2020-01-07,40.610,40.730,39.710,40.300,67427.000,,raw
2020-01-08,39.950,40.250,39.050,39.120,72471.000,,raw
2020-01-09,39.820,41.350,39.740,41.130,108875.000,,raw
2020-01-10,41.220,41.740,40.600,41.450,77017.000,,raw
2020-01-13,41.440,42.990,41.060,42.970,89459.000,,raw
2020-01-14,42.880,43.240,41.920,42.070,76686.000,,raw
2020-01-15,41.810,42.860,41.350,42.560,64025.000,,raw
2020-01-16,42.580,42.950,42.010,42.460,59810.000,,raw
2020-01-17,42.600,46.680,42.050,45.400,208204.000,,raw
2020-01-20,47.390,49.900,47.110,49.270,190555.000,,raw
2020-01-21,49.270,51.570,48.870,49.850,125791.000,,raw
2020-01-22,49.180,54.840,49.050,54.840,153348.000,,raw
2020-01-23,54.000,54.600,51.000,51.900,152207.000,,raw
2020-02-03,46.710,46.710,46.710,46.710,31576.000,,raw
2020-02-04,45.000,50.300,44.220,49.850,166312.000,,raw
2020-02-05,50.310,54.160,50.100,52.410,151131.000,,raw
2020-02-06,50.750,57.620,50.750,57.360,146463.000,,raw
2020-02-07,58.000,63.030,57.110,62.950,150330.000,,raw
2020-02-10,62.000,63.880,58.890,61.860,139481.000,,raw
2020-02-11,60.250,63.500,59.510,61.790,100986.000,,raw
2020-02-12,59.050,63.300,59.020,62.110,135815.000,,raw
2020-02-13,61.320,61.400,58.900,58.900,116200.000,,raw
2020-02-14,58.910,60.860,58.000,59.100,81391.000,,raw
2020-02-17,60.100,65.010,60.100,65.000,134592.000,,raw
2020-02-18,64.880,68.580,63.880,66.660,117948.000,,raw
2020-02-19,66.200,66.200,62.860,63.270,90002.000,,raw
2020-02-20,63.500,66.790,62.810,65.250,94691.000,,raw
2020-02-21,64.780,71.380,64.500,68.900,98814.000,,raw
2020-02-24,70.000,75.790,69.990,75.790,108580.000,,raw
2020-02-25,73.800,80.500,69.260,80.190,157802.000,,raw
2020-02-26,78.000,78.010,72.170,72.170,138469.000,,raw
2020-02-27,73.000,75.460,69.510,72.300,109574.000,,raw
2020-02-28,67.000,72.000,66.850,66.920,107605.000,,raw
2020-03-02,69.780,73.610,68.000,73.600,119250.000,,raw
2020-03-03,76.900,79.200,70.600,70.730,170292.000,,raw
2020-03-04,69.700,70.480,65.700,68.160,132071.000,,raw
2020-03-05,71.230,71.750,65.030,67.600,138395.000,,raw
2020-03-06,65.650,69.290,65.000,67.940,90988.000,,raw
2020-03-09,67.830,71.060,66.800,67.920,126885.000,,raw
2020-03-10,68.660,73.480,65.280,73.100,150187.000,,raw
2020-03-11,73.870,74.560,68.000,68.390,151087.000,,raw
2020-03-12,66.490,67.180,64.040,65.020,106348.000,,raw
2020-03-13,60.970,64.580,60.000,63.050,119933.000,,raw
2020-03-16,63.000,63.600,56.750,56.750,141808.000,,raw
2020-03-17,58.650,59.190,54.340,57.400,120951.000,,raw
2020-03-18,58.680,60.150,57.200,57.540,124309.000,,raw
2020-03-19,58.040,62.500,57.570,62.180,140265.000,,raw
2020-03-20,63.700,65.500,62.800,63.030,115621.000,,raw
2020-03-23,61.050,65.400,60.600,61.030,104615.000,,raw
2020-03-24,63.200,63.880,58.500,61.800,101148.000,,raw
2020-03-25,63.830,64.380,61.280,63.180,76749.000,,raw
2020-03-26,62.310,63.090,60.780,61.180,54299.000,,raw
2020-03-27,61.900,62.700,60.090,60.530,55017.000,,raw
2020-03-30,58.680,60.760,56.510,57.930,73410.000,,raw
2020-03-31,59.680,60.000,58.000,58.350,56444.000,,raw
2020-04-01,58.220,60.980,57.100,59.430,63618.000,,raw
2020-04-02,60.020,63.160,59.010,63.160,89067.000,,raw
2020-04-03,62.830,64.830,62.480,63.200,71735.000,,raw
2020-04-07,65.020,65.350,63.310,64.000,68084.000,,raw
2020-04-08,63.450,69.670,63.060,69.170,130032.000,,raw
2020-04-09,69.050,69.260,67.210,68.900,73382.000,,raw
2020-04-10,69.140,70.800,64.800,65.010,93586.000,,raw
2020-04-13,63.900,66.500,62.900,63.660,59448.000,,raw
2020-04-14,64.250,66.460,63.920,66.430,68329.000,,raw
2020-04-15,66.520,69.690,65.850,67.190,73620.000,,raw
2020-04-16,66.800,68.010,65.880,67.680,41338.000,,raw
2020-04-17,68.490,72.270,68.410,70.000,96139.000,,raw
2020-04-20,69.990,72.690,69.500,72.050,64314.000,,raw
2020-04-21,71.000,72.950,70.010,72.900,61114.000,,raw
2020-04-22,71.570,72.070,70.160,71.330,54333.000,,raw
2020-04-23,72.110,72.480,67.060,67.250,84724.000,,raw
2020-04-24,67.730,69.330,66.730,67.960,55678.000,,raw
2020-04-27,68.000,69.280,67.610,68.000,44419.000,,raw
2020-04-28,67.990,69.690,65.230,68.530,62368.000,,raw
2020-04-29,68.000,68.900,67.430,68.260,36374.000,,raw
2020-04-30,68.900,73.550,68.900,72.300,79749.000,,raw
2020-05-06,72.000,75.900,71.810,75.560,75138.000,,raw
2020-05-07,77.010,79.700,73.360,73.920,73836.000,,raw
2020-05-08,75.500,77.600,74.420,75.000,57837.000,,raw
2020-05-11,76.430,78.420,74.970,76.440,64133.000,,raw
2020-05-12,75.720,76.640,73.480,75.440,57182.000,,raw
2020-05-13,74.640,77.500,74.410,76.930,52031.000,,raw
2020-05-14,76.200,76.660,74.480,74.900,44428.000,,raw
2020-05-15,75.580,76.350,74.140,74.930,42686.000,,raw
2020-05-18,73.990,73.990,70.100,70.160,82388.000,,raw
2020-05-19,71.010,72.180,69.050,71.000,73742.000,,raw
2020-05-20,70.890,71.270,67.610,68.410,75716.000,,raw
2020-05-21,68.680,69.530,67.680,68.300,50844.000,,raw
2020-05-22,68.880,69.220,65.680,66.250,56809.000,,raw
2020-05-25,66.390,67.880,65.050,65.950,45500.000,,raw
2020-05-26,66.360,68.960,66.360,68.650,54159.000,,raw
2020-05-27,69.000,69.000,65.210,65.380,54675.000,,raw
2020-05-28,65.270,66.320,63.750,66.280,47733.000,,raw
2020-05-29,46.990,46.990,44.770,46.520,67619.000,"{'nd': '2019', 'fh_sh': '1.8', 'djr': '2020-05-28', 'cqr': '2020-05-29', 'FHcontent': '10派1.8元转4股'}",raw
2020-06-01,46.990,50.360,46.900,49.930,122152.000,,raw
2020-06-02,49.990,50.300,48.720,49.240,65111.000,,raw
2020-06-03,49.440,49.490,48.290,48.310,72696.000,,raw
2020-06-04,48.200,48.300,46.900,47.250,60726.000,,raw
2020-06-05,47.500,48.040,46.000,46.810,72211.000,,raw
2020-06-08,47.420,48.900,46.730,46.790,89204.000,,raw
2020-06-09,47.400,47.500,46.300,47.020,62483.000,,raw
2020-06-10,46.690,47.000,45.670,46.290,76517.000,,raw
2020-06-11,46.150,49.990,46.000,48.680,162807.000,,raw
2020-06-12,47.500,52.180,47.500,51.450,188252.000,,raw
2020-06-15,52.300,52.800,51.190,51.570,150997.000,,raw
2020-06-16,53.000,54.020,51.870,52.440,110243.000,,raw
2020-06-17,52.610,54.320,51.650,52.350,103757.000,,raw
2020-06-18,52.310,57.590,51.010,57.590,164842.000,,raw
2020-06-19,58.000,59.180,56.800,58.300,164433.000,,raw
2020-06-22,58.500,60.450,58.000,58.880,122535.000,,raw
2020-06-23,58.880,60.000,57.610,59.990,90970.000,,raw
2020-06-24,60.380,61.280,58.610,60.000,99422.000,,raw
2020-06-29,59.160,61.260,59.050,60.160,80677.000,,raw
2020-06-30,61.200,63.920,60.500,63.120,98373.000,,raw
2020-07-01,63.870,63.870,60.510,61.600,104067.000,,raw
2020-07-02,61.660,63.260,60.890,62.010,80024.000,,raw
2020-07-03,61.800,62.430,59.510,61.650,91039.000,,raw
2020-07-06,61.500,64.670,61.490,64.120,98694.000,,raw
2020-07-07,64.200,67.850,63.550,64.660,115290.000,,raw
2020-07-08,65.200,69.220,65.020,68.000,101091.000,,raw
2020-07-09,67.800,69.960,66.900,68.000,115701.000,,raw
2020-07-10,67.900,69.800,66.770,69.220,87112.000,,raw
2020-07-13,76.140,76.140,76.140,76.140,18272.000,,raw
2020-07-14,83.660,83.750,79.130,81.420,319613.000,,raw
2020-07-15,80.600,80.630,73.280,73.280,251243.000,,raw
2020-07-16,72.220,72.850,67.000,68.800,210639.000,,raw
2020-07-17,68.810,71.720,67.300,70.400,133466.000,,raw
2020-07-20,71.510,72.790,69.120,72.150,91615.000,,raw
2020-07-21,71.510,73.110,69.680,71.840,86868.000,,raw
2020-07-22,71.500,74.980,71.000,72.860,84407.000,,raw
2020-07-23,71.510,73.050,69.690,71.730,86811.000,,raw
2020-07-24,71.260,73.150,68.210,68.300,97269.000,,raw
2020-07-27,68.800,70.440,68.120,68.610,60629.000,,raw
2020-07-28,70.020,71.370,69.240,70.450,52625.000,,raw
2020-07-29,71.270,73.560,69.800,73.380,73257.000,,raw
2020-07-30,73.800,73.800,70.000,71.100,80447.000,,raw
2020-07-31,71.490,74.930,71.180,72.570,105154.000,,raw
2020-08-03,75.250,79.700,73.280,77.910,123348.000,,raw
2020-08-04,77.660,77.950,74.800,76.660,86447.000,,raw
2020-08-05,77.050,77.600,75.900,77.080,61153.000,,raw
2020-08-06,77.770,77.800,74.010,75.400,63372.000,,raw
2020-08-07,74.060,76.100,70.210,71.940,89278.000,,raw
2020-08-10,72.000,72.640,68.430,70.460,79344.000,,raw
2020-08-11,70.440,72.270,69.100,69.190,55336.000,,raw
2020-08-12,68.600,69.890,66.000,67.660,72558.000,,raw
2020-08-13,67.930,68.830,67.050,67.920,43622.000,,raw
2020-08-14,68.000,70.280,67.670,69.800,48098.000,,raw
2020-08-17,69.740,70.500,67.700,69.980,70464.000,,raw
2020-08-18,69.680,69.680,65.600,67.980,98443.000,,raw
2020-08-19,68.000,69.110,65.030,65.170,70736.000,,raw
2020-08-20,64.800,66.050,63.660,64.990,53548.000,,raw
2020-08-21,65.500,67.180,64.180,65.300,66334.000,,raw
2020-08-24,65.990,67.280,64.740,66.390,74041.000,,raw
2020-08-25,66.700,71.600,66.420,68.630,105093.000,,raw
2020-08-26,68.880,69.190,65.260,65.940,66839.000,,raw
2020-08-27,65.520,68.500,65.520,67.890,62580.000,,raw
2020-08-28,67.500,68.480,66.820,68.270,57565.000,,raw
2020-08-31,68.300,69.000,66.800,67.090,53354.000,,raw
2020-09-01,66.580,67.520,65.100,67.290,55655.000,,raw
2020-09-02,67.290,67.500,66.010,66.800,40700.000,,raw
2020-09-03,67.200,67.550,66.020,66.110,40059.000,,raw
2020-09-04,65.000,67.640,64.750,66.990,53537.000,,raw
2020-09-07,66.620,67.580,64.600,65.030,52453.000,,raw
2020-09-08,65.030,65.480,60.550,61.790,82676.000,,raw
2020-09-09,60.980,61.750,59.020,59.350,61701.000,,raw
2020-09-10,59.500,60.280,57.020,57.320,54194.000,,raw
2020-09-11,57.910,59.500,57.120,59.160,48469.000,,raw
2020-09-14,59.900,62.210,59.410,61.510,66295.000,,raw
2020-09-15,63.600,63.760,61.310,62.900,39411.000,,raw
2020-09-16,62.130,63.110,60.500,61.230,40909.000,,raw
2020-09-17,61.480,63.590,60.370,62.800,49010.000,,raw
2020-09-18,62.390,63.360,61.680,63.300,37722.000,,raw
2020-09-21,63.380,65.500,63.120,63.260,53892.000,,raw
2020-09-22,62.850,64.970,62.850,63.130,41472.000,,raw
2020-09-23,63.250,64.380,63.200,64.120,33334.000,,raw
2020-09-24,63.080,63.790,61.600,61.820,33778.000,,raw
2020-09-25,62.230,63.270,60.870,61.540,31024.000,,raw
2020-09-28,61.850,62.480,60.640,60.640,31550.000,,raw
2020-09-29,61.170,64.380,61.170,63.770,58438.000,,raw
2020-09-30,63.690,64.470,63.150,64.250,38959.000,,raw
2020-10-09,65.400,65.870,64.520,65.270,57060.000,,raw
2020-10-12,65.400,70.070,65.020,68.850,81636.000,,raw
2020-10-13,69.370,71.500,68.000,69.940,66915.000,,raw
2020-10-14,70.390,70.790,69.120,70.090,42208.000,,raw
2020-10-15,69.360,70.480,68.000,69.730,40357.000,,raw
2020-10-16,68.670,69.560,67.560,68.880,39186.000,,raw
2020-10-19,70.730,70.880,68.080,68.830,40571.000,,raw
2020-10-20,68.270,69.330,67.910,69.280,30508.000,,raw
2020-10-21,69.280,69.280,65.800,66.020,49771.000,,raw
2020-10-22,65.630,66.290,64.500,65.300,35829.000,,raw
2020-10-23,64.780,66.290,63.200,64.200,31826.000,,raw
2020-10-26,63.300,64.820,61.800,63.820,38555.000,,raw
2020-10-27,63.630,69.180,63.600,68.550,69141.000,,raw
2020-10-28,67.000,67.670,62.900,64.290,98476.000,,raw
2020-10-29,63.600,64.760,62.800,63.990,50555.000,,raw
2020-10-30,64.390,64.770,59.470,59.500,83991.000,,raw
2020-11-02,59.600,60.290,57.290,57.810,91923.000,,raw
2020-11-03,58.500,61.060,58.120,60.550,65038.000,,raw
2020-11-04,61.450,61.450,60.020,60.560,45631.000,,raw
2020-11-05,61.560,69.960,61.300,67.800,165261.000,,raw
2020-11-06,69.000,70.180,67.790,68.720,137425.000,,raw
2020-11-09,70.380,75.580,69.100,72.700,162918.000,,raw
2020-11-10,71.080,71.080,67.860,68.240,107762.000,,raw
2020-11-11,68.250,68.700,63.750,63.980,99181.000,,raw
2020-11-12,65.000,65.200,62.670,62.740,67035.000,,raw
2020-11-13,62.110,63.520,61.120,62.410,69518.000,,raw
2020-11-16,61.700,62.760,60.000,60.500,80652.000,,raw
2020-11-17,60.980,60.980,58.830,60.200,68659.000,,raw
2020-11-18,60.280,61.660,59.600,60.680,70202.000,,raw
2020-11-19,60.380,61.770,59.350,61.390,58669.000,,raw
2020-11-20,61.410,61.950,59.450,59.920,62542.000,,raw
2020-11-23,59.510,60.240,58.350,59.040,54439.000,,raw
2020-11-24,59.300,60.280,59.020,59.750,61479.000,,raw
2020-11-25,59.670,62.400,58.000,60.130,109198.000,,raw
2020-11-26,59.730,59.750,58.600,58.810,50640.000,,raw
2020-11-27,58.820,59.500,58.150,58.920,35781.000,,raw
2020-11-30,58.280,58.280,54.810,56.520,87031.000,,raw
2020-12-01,56.740,57.780,56.200,57.440,60714.000,,raw
2020-12-02,57.600,60.300,57.600,59.480,79913.000,,raw
2020-12-03,59.010,59.800,58.200,58.460,49565.000,,raw
2020-12-04,58.450,58.950,58.070,58.410,34664.000,,raw
2020-12-07,58.350,59.790,57.530,57.690,54818.000,,raw
2020-12-08,58.300,60.230,58.210,58.260,64289.000,,raw
2020-12-09,58.130,59.140,57.610,57.680,47123.000,,raw
2020-12-10,57.800,58.200,56.500,57.420,43882.000,,raw
2020-12-11,58.130,58.130,53.300,56.230,117456.000,,raw
2020-12-14,55.980,56.880,54.750,56.670,58237.000,,raw
2020-12-15,57.100,58.180,55.930,55.960,56857.000,,raw
2020-12-16,56.490,56.500,53.720,53.720,71955.000,,raw
2020-12-17,53.600,55.290,53.200,55.020,69030.000,,raw
2020-12-18,55.080,55.160,53.500,53.590,48991.000,,raw
2020-12-21,53.060,55.110,52.830,54.370,65595.000,,raw
2020-12-22,53.840,54.370,51.900,51.910,72639.000,,raw
2020-12-23,52.300,53.140,51.350,52.890,58180.000,,raw
2020-12-24,53.000,55.460,52.670,54.540,73367.000,,raw
2020-12-25,54.290,54.640,52.700,53.370,58614.000,,raw
2020-12-28,53.300,53.300,51.120,51.950,68165.000,,raw
2020-12-29,51.920,56.680,51.820,55.400,133802.000,,raw
2020-12-30,55.050,55.110,52.820,53.830,104343.000,,raw
2020-12-31,53.680,55.830,53.350,55.480,98864.000,,raw
2021-01-04,55.540,56.500,54.370,56.320,92674.000,,raw
2021-01-05,56.100,58.870,55.910,58.090,108527.000,,raw
2021-01-06,58.000,58.000,54.190,54.460,138366.000,,raw
2021-01-07,53.920,54.310,50.400,50.800,134112.000,,raw
2021-01-08,50.470,52.770,49.600,50.900,105917.000,,raw
2021-01-11,50.470,53.590,50.130,51.860,95940.000,,raw
2021-01-12,52.240,52.580,51.010,52.200,66462.000,,raw
2021-01-13,51.900,54.680,51.270,54.410,135045.000,,raw
2021-01-14,54.490,57.150,54.000,55.700,141154.000,,raw
2021-01-15,55.960,55.960,51.500,52.880,124805.000,,raw
2021-01-18,52.320,55.300,51.520,55.300,115544.000,,raw
2021-01-19,54.910,56.590,54.710,55.100,107764.000,,raw
2021-01-20,55.180,56.920,54.050,56.050,94404.000,,raw
2021-01-21,55.650,56.830,55.120,55.920,73175.000,,raw
2021-01-22,55.790,56.000,53.630,54.730,88508.000,,raw
2021-01-25,54.100,54.560,52.440,52.710,79843.000,,raw
2021-01-26,52.700,54.000,51.890,52.280,55374.000,,raw
2021-01-27,51.980,54.900,51.890,54.050,74077.000,,raw
2021-01-28,54.700,57.110,52.610,52.980,134118.000,,raw
2021-01-29,53.830,55.200,52.300,54.690,83975.000,,raw
2021-02-01,55.100,56.440,54.150,55.740,93099.000,,raw
2021-02-02,55.800,55.900,53.000,53.320,100221.000,,raw
2021-02-03,53.320,53.730,51.620,51.840,68598.000,,raw
2021-02-04,51.700,51.700,48.000,49.020,90582.000,,raw
2021-02-05,48.990,49.650,46.690,46.780,70905.000,,raw
2021-02-08,47.200,48.150,46.520,47.660,45927.000,,raw
2021-02-09,47.010,48.260,46.800,47.750,41608.000,,raw
2021-02-10,47.590,50.380,46.930,49.620,72263.000,,raw
2021-02-18,50.780,51.090,48.740,49.810,60085.000,,raw
2021-02-19,49.850,51.490,49.300,51.450,53322.000,,raw
2021-02-22,51.620,51.620,49.380,49.380,80113.000,,raw
2021-02-23,49.030,49.870,48.200,48.460,56599.000,,raw
2021-02-24,48.490,50.140,48.250,49.020,63459.000,,raw
2021-02-25,49.300,49.990,47.900,48.110,50670.000,,raw
2021-02-26,47.150,47.850,45.800,46.080,91348.000,,raw
2021-03-01,46.500,47.940,46.500,47.900,67006.000,,raw
2021-03-02,47.990,47.990,46.270,46.690,53413.000,,raw
2021-03-03,46.810,47.380,46.470,47.190,38445.000,,raw
2021-03-04,47.200,47.200,44.680,44.980,86270.000,,raw
2021-03-05,44.530,45.820,44.350,45.450,52005.000,,raw
2021-03-08,45.300,46.080,43.020,43.020,78874.000,,raw
2021-03-09,43.400,43.530,41.200,41.340,64712.000,,raw
2021-03-10,42.270,42.300,40.490,40.660,46760.000,,raw
2021-03-11,40.860,41.560,39.940,41.300,54726.000,,raw
2021-03-12,41.300,41.340,39.700,40.250,64922.000,,raw
2021-03-15,39.980,40.000,38.800,39.190,56388.000,,raw
2021-03-16,39.350,40.190,38.310,38.570,61567.000,,raw
2021-03-17,39.200,39.800,38.400,39.390,57387.000,,raw
2021-03-18,39.400,40.080,38.860,39.850,51623.000,,raw
2021-03-19,39.260,39.900,38.910,39.350,40406.000,,raw
2021-03-22,39.360,40.200,39.120,39.930,49172.000,,raw
2021-03-23,40.240,41.670,40.090,40.670,98593.000,,raw
2021-03-24,39.700,39.750,38.020,38.030,84735.000,,raw
2021-03-25,38.500,40.050,38.120,39.140,69294.000,,raw
2021-03-26,40.120,42.180,40.120,41.880,106477.000,,raw
2021-03-29,42.250,42.250,40.630,41.090,68337.000,,raw
2021-03-30,40.900,41.290,40.450,41.130,45195.000,,raw
2021-03-31,41.030,41.130,40.200,40.790,32772.000,,raw
2021-04-01,41.030,42.710,40.510,42.530,76182.000,,raw
2021-04-02,43.350,45.980,43.300,45.070,147143.000,,raw
2021-04-06,44.440,44.500,43.300,44.100,101336.000,,raw
2021-04-07,43.560,44.550,42.770,44.500,83124.000,,raw
2021-04-08,43.860,44.470,43.300,43.300,59515.000,,raw
2021-04-09,43.340,43.500,42.770,43.100,35831.000,,raw
2021-04-12,42.800,43.000,41.190,41.340,47467.000,,raw
2021-04-13,41.400,41.980,40.610,40.860,44506.000,,raw
2021-04-14,41.120,41.530,40.660,41.110,40269.000,,raw
2021-04-15,40.930,41.090,40.120,40.730,37894.000,,raw
2021-04-16,40.800,42.150,40.780,41.910,52117.000,,raw
2021-04-19,41.810,43.310,41.610,42.820,58025.000,,raw
2021-04-20,42.600,43.200,42.050,42.210,53359.000,,raw
2021-04-21,42.270,42.370,40.870,41.580,55054.000,,raw
2021-04-22,41.600,43.550,41.420,42.960,67384.000,,raw
2021-04-23,43.200,43.230,41.410,42.050,78477.000,,raw
2021-04-26,42.220,42.600,40.770,40.790,82871.000,,raw
2021-04-27,41.060,41.060,39.310,39.900,60740.000,,raw
2021-04-28,39.980,40.280,39.420,40.090,47181.000,,raw
2021-04-29,40.100,40.470,39.750,39.790,46296.000,,raw
2021-04-30,40.000,40.000,38.470,38.620,56417.000,,raw
2021-05-06,38.400,39.380,38.050,38.680,41333.000,,raw
2021-05-07,38.780,38.780,36.900,36.980,70022.000,,raw
2021-05-10,36.870,36.870,35.220,35.700,68978.000,,raw
2021-05-11,35.290,36.440,35.250,36.280,43380.000,,raw
2021-05-12,36.000,36.220,35.700,36.170,32379.000,,raw
2021-05-13,35.900,38.670,35.600,38.510,102601.000,,raw
2021-05-14,38.220,39.930,38.200,39.790,105288.000,,raw
2021-05-17,40.100,40.800,39.590,40.000,79868.000,,raw
2021-05-18,39.980,41.400,39.290,40.850,66615.000,,raw
2021-05-19,41.300,41.400,40.500,40.500,43468.000,,raw
2021-05-20,40.020,41.710,40.020,41.590,68928.000,,raw
2021-05-21,41.580,42.670,41.500,41.600,64975.000,,raw
2021-05-24,41.550,41.800,40.700,41.230,53086.000,,raw
2021-05-25,41.140,43.400,41.030,43.110,96547.000,,raw
2021-05-26,43.080,43.510,42.700,43.110,53708.000,,raw
2021-05-27,43.500,47.150,43.500,46.980,143262.000,,raw
2021-05-28,47.100,48.440,46.610,47.500,99445.000,,raw
2021-05-31,48.000,49.380,47.530,48.980,92831.000,,raw
2021-06-01,49.310,50.260,45.540,46.780,180987.000,,raw
2021-06-02,47.240,47.870,46.010,46.020,69065.000,,raw
2021-06-03,46.440,49.280,45.800,47.400,90796.000,,raw
2021-06-04,47.460,49.200,47.440,47.960,77195.000,,raw
2021-06-07,47.680,48.600,47.150,48.350,61629.000,,raw
2021-06-08,34.500,34.550,32.900,33.050,92020.000,"{'nd': '2020', 'fh_sh': '2.71708', 'djr': '2021-06-07', 'cqr': '2021-06-08', 'FHcontent': '10派2.71708元转4.00253股'}",raw
2021-06-09,33.080,33.600,32.670,33.200,53319.000,,raw
2021-06-10,33.070,33.800,32.730,33.310,56850.000,,raw
2021-06-11,33.200,33.300,32.400,32.500,63026.000,,raw
2021-06-15,32.400,32.680,31.240,32.170,86654.000,,raw
2021-06-16,32.300,33.920,32.000,32.050,91662.000,,raw
2021-06-17,31.920,33.200,31.750,33.200,80861.000,,raw
2021-06-18,33.290,34.000,32.520,32.710,99700.000,,raw
2021-06-21,32.500,33.190,31.900,32.720,83733.000,,raw
2021-06-22,32.820,33.150,31.190,31.290,122617.000,,raw
2021-06-23,31.280,32.560,31.030,32.170,106698.000,,raw
2021-06-24,32.260,32.520,31.460,31.640,60999.000,,raw
2021-06-25,31.370,31.490,30.190,30.770,109409.000,,raw
2021-06-28,31.480,31.610,30.700,31.350,115004.000,,raw
2021-06-29,31.230,32.320,30.930,30.960,99598.000,,raw
2021-06-30,30.910,31.800,30.810,31.250,70700.000,,raw
2021-07-01,31.220,31.480,29.710,29.740,101267.000,,raw
2021-07-02,29.450,29.880,28.990,29.020,67383.000,,raw
2021-07-05,29.140,29.300,28.200,28.930,82652.000,,raw
2021-07-06,28.870,29.390,28.430,28.800,61773.000,,raw
2021-07-07,28.630,29.750,28.310,29.710,71001.000,,raw
2021-07-08,29.710,30.980,29.400,30.500,105404.000,,raw
2021-07-09,32.880,34.580,32.110,32.250,281582.000,,raw
2021-07-12,32.310,38.010,32.250,36.490,431721.000,,raw
2021-07-13,35.330,38.250,35.170,37.480,341294.000,,raw
2021-07-14,37.470,37.980,36.700,36.970,185422.000,,raw
2021-07-15,37.380,38.200,36.090,37.110,200933.000,,raw
2021-07-16,36.600,36.600,35.100,35.300,226723.000,,raw
2021-07-19,35.100,38.200,34.370,37.920,318857.000,,raw
2021-07-20,37.100,37.990,36.630,37.290,200708.000,,raw
2021-07-21,37.330,37.400,36.360,36.600,187046.000,,raw
2021-07-22,36.380,37.900,35.580,37.440,250338.000,,raw
2021-07-23,37.010,40.400,35.950,39.330,388953.000,,raw
2021-07-26,39.200,40.810,38.530,39.920,301266.000,,raw
2021-07-27,40.350,43.750,39.190,41.150,408073.000,,raw
2021-07-28,40.000,44.530,38.600,44.100,460675.000,,raw
2021-07-29,45.900,45.900,42.830,44.120,489505.000,,raw
2021-07-30,43.130,47.580,43.130,45.770,434243.000,,raw
2021-08-02,46.570,48.760,45.360,48.300,472232.000,,raw
2021-08-03,47.510,49.690,46.140,46.790,374297.000,,raw
2021-08-04,46.300,47.360,44.930,45.720,426902.000,,raw
2021-08-05,45.300,46.650,44.310,46.460,317464.000,,raw
2021-08-06,45.830,46.200,43.510,43.800,332160.000,,raw
2021-08-09,41.150,42.000,40.050,41.630,399360.000,,raw
2021-08-10,41.900,42.890,40.900,42.250,236024.000,,raw
2021-08-11,41.860,42.300,40.400,40.800,234935.000,,raw
2021-08-12,40.420,41.440,39.480,39.500,238342.000,,raw
2021-08-13,39.630,39.980,38.040,38.760,261830.000,,raw
2021-08-16,39.060,39.580,38.400,38.750,179137.000,,raw
2021-08-17,38.750,38.910,36.450,36.720,215876.000,,raw
2021-08-18,36.830,37.090,35.600,36.180,173191.000,,raw
2021-08-19,36.220,38.150,36.000,38.130,320864.000,,raw
2021-08-20,37.800,38.280,37.060,37.890,177663.000,,raw
2021-08-23,37.610,38.380,37.320,38.100,205424.000,,raw
2021-08-24,37.980,38.120,36.800,37.840,171936.000,,raw
2021-08-25,38.100,39.290,37.580,38.360,206103.000,,raw
2021-08-26,38.880,38.880,36.270,36.270,211331.000,,raw
2021-08-27,36.050,36.590,35.370,36.220,131020.000,,raw
2021-08-30,35.820,36.800,35.640,35.740,108118.000,,raw
2021-08-31,35.360,35.700,33.720,34.270,213035.000,,raw
2021-09-01,34.280,35.250,34.000,34.800,138159.000,,raw
2021-09-02,34.200,34.640,33.850,34.190,106531.000,,raw
2021-09-03,33.990,35.960,33.940,35.220,185752.000,,raw
2021-09-06,34.930,36.580,34.620,36.450,173091.000,,raw
2021-09-07,36.460,36.870,35.850,36.360,126623.000,,raw
2021-09-08,36.500,38.330,35.890,38.130,245054.000,,raw
2021-09-09,38.150,38.550,37.210,38.200,184707.000,,raw
2021-09-10,37.990,38.850,37.400,37.900,152005.000,,raw
2021-09-13,37.920,37.920,35.050,36.000,201990.000,,raw
2021-09-14,35.620,36.260,34.750,34.850,121823.000,,raw
2021-09-15,34.910,35.510,34.400,34.960,91263.000,,raw
2021-09-16,34.950,35.170,33.970,34.000,84011.000,,raw
2021-09-17,34.000,34.290,31.520,32.650,154624.000,,raw
2021-09-22,32.420,32.980,32.180,32.760,69400.000,,raw
2021-09-23,32.900,33.850,32.830,33.300,96840.000,,raw
2021-09-24,33.450,33.540,32.340,32.340,69485.000,,raw
2021-09-27,33.580,35.000,33.270,33.760,132175.000,,raw
2021-09-28,33.190,34.200,32.760,33.850,83282.000,,raw
2021-09-29,33.500,33.750,32.500,33.000,69954.000,,raw
2021-09-30,33.000,33.810,32.960,33.670,58929.000,,raw
2021-10-08,34.400,34.760,33.880,34.410,59876.000,,raw
2021-10-11,34.300,36.360,33.700,35.710,152738.000,,raw
2021-10-12,35.050,35.970,34.410,35.170,93991.000,,raw
2021-10-13,34.740,35.980,34.740,35.610,91349.000,,raw
2021-10-14,35.380,35.960,34.750,34.900,82168.000,,raw
2021-10-15,35.290,35.570,33.990,33.990,86776.000,,raw
2021-10-18,33.710,33.710,31.840,32.000,166828.000,,raw
2021-10-19,32.150,32.250,31.430,31.560,128956.000,,raw
2021-10-20,31.600,31.790,31.240,31.450,87025.000,,raw
2021-10-21,31.380,31.450,30.820,30.900,82388.000,,raw
2021-10-22,30.900,31.150,29.880,29.930,127638.000,,raw
2021-10-25,29.990,30.810,29.680,30.340,95464.000,,raw
2021-10-26,30.340,31.450,30.070,31.100,140000.000,,raw
2021-10-27,31.000,31.390,29.910,30.520,102502.000,,raw
2021-10-28,29.000,29.560,27.910,28.180,179520.000,,raw
2021-10-29,28.260,28.780,28.200,28.370,79924.000,,raw
2021-11-01,28.270,29.380,28.020,29.110,94396.000,,raw
2021-11-02,29.010,30.440,29.000,29.290,126225.000,,raw
2021-11-03,29.400,29.700,28.950,29.410,60378.000,,raw
2021-11-04,29.500,29.990,29.470,29.570,70946.000,,raw
2021-11-05,29.450,30.100,29.370,29.650,86188.000,,raw
2021-11-08,29.900,29.950,28.920,29.100,66537.000,,raw
2021-11-09,29.100,29.920,28.800,29.690,106764.000,,raw
2021-11-10,29.400,29.950,29.360,29.830,70453.000,,raw
2021-11-11,29.670,30.880,29.650,30.690,129488.000,,raw
2021-11-12,30.640,30.780,30.200,30.670,79280.000,,raw
2021-11-15,30.730,31.300,30.540,30.720,80805.000,,raw
2021-11-16,30.730,31.170,29.700,29.800,99567.000,,raw
2021-11-17,29.820,31.100,29.820,30.790,114779.000,,raw
2021-11-18,30.890,31.070,30.130,30.150,87439.000,,raw
2021-11-19,30.060,30.510,29.860,30.450,74182.000,,raw
2021-11-22,30.440,32.480,30.240,32.050,229211.000,,raw
2021-11-23,32.950,35.180,32.300,33.850,421649.000,,raw
2021-11-24,33.990,37.200,33.990,36.480,554807.000,,raw
2021-11-25,36.120,37.150,35.970,36.260,313916.000,,raw
2021-11-26,35.970,36.500,34.510,35.100,286428.000,,raw
2021-11-29,34.040,34.990,34.010,34.730,137738.000,,raw
2021-11-30,35.070,35.130,34.050,34.500,150330.000,,raw
2021-12-01,34.220,35.160,34.110,34.940,122739.000,,raw
2021-12-02,34.760,34.980,33.500,33.750,142040.000,,raw
2021-12-03,33.990,34.200,33.500,33.650,83809.000,,raw
2021-12-06,33.630,34.000,32.360,32.550,128302.000,,raw
2021-12-07,32.730,32.880,30.500,30.830,186631.000,,raw
2021-12-08,31.200,32.170,30.990,32.000,165215.000,,raw
2021-12-09,31.900,32.660,31.720,32.060,109611.000,,raw
2021-12-10,31.770,32.870,31.600,32.720,122922.000,,raw
2021-12-13,33.000,33.850,32.950,33.100,137333.000,,raw
2021-12-14,32.750,36.340,32.660,36.050,367246.000,,raw
2021-12-15,36.930,38.180,36.080,36.280,448700.000,,raw
2021-12-16,36.880,36.970,35.790,35.870,194300.000,,raw
2021-12-17,35.730,36.080,34.690,34.730,116108.000,,raw
2021-12-20,34.500,35.150,33.780,33.880,90222.000,,raw
2021-12-21,33.800,37.130,33.790,36.310,222597.000,,raw
2021-12-22,36.200,37.960,36.050,37.140,179246.000,,raw
2021-12-23,37.140,37.360,36.470,37.080,113608.000,,raw
2021-12-24,36.930,37.550,36.220,36.770,97693.000,,raw
2021-12-27,36.530,39.580,36.480,39.000,245127.000,,raw
2021-12-28,39.150,39.680,38.250,39.220,181300.000,,raw
2021-12-29,38.800,39.080,38.220,38.550,112192.000,,raw
2021-12-30,38.550,39.250,38.320,38.630,82708.000,,raw
2021-12-31,38.670,40.110,37.600,39.180,136236.000,,raw
2022-01-04,39.100,40.170,37.860,39.320,130059.000,,raw
2022-01-05,39.000,39.650,37.280,37.940,114764.000,,raw
2022-01-06,37.550,39.380,37.550,38.280,158382.000,,raw
2022-01-07,38.280,38.930,36.950,36.970,95509.000,,raw
2022-01-10,37.040,38.720,36.360,38.570,106674.000,,raw
2022-01-11,38.480,39.190,38.010,38.100,60263.000,,raw
2022-01-12,38.100,38.630,35.000,36.630,222340.000,,raw
2022-01-13,36.750,37.150,34.090,34.380,172099.000,,raw
2022-01-14,34.380,34.770,34.010,34.390,85309.000,,raw
2022-01-17,34.800,38.830,34.550,38.260,228625.000,,raw
2022-01-18,38.200,39.580,37.600,38.420,177428.000,,raw
2022-01-19,38.500,39.350,37.960,38.290,101529.000,,raw
2022-01-20,38.570,38.870,37.560,37.890,107228.000,,raw
2022-01-21,38.710,39.580,37.310,37.840,112645.000,,raw
2022-01-24,36.500,37.770,36.280,37.320,84777.000,,raw
2022-01-25,37.150,38.790,36.820,36.850,136759.000,,raw
2022-01-26,36.800,37.380,35.800,36.920,82008.000,,raw
2022-01-27,36.600,36.840,35.030,35.400,115285.000,,raw
2022-01-28,35.450,36.740,34.810,34.930,76212.000,,raw
2022-02-07,35.800,37.500,35.800,36.320,88309.000,,raw
2022-02-08,36.220,36.680,34.600,35.420,98195.000,,raw
2022-02-09,35.800,38.390,35.610,38.250,160502.000,,raw
2022-02-10,37.630,38.830,37.620,38.150,103020.000,,raw
2022-02-11,37.680,37.990,35.690,36.750,130477.000,,raw
2022-02-14,36.300,38.000,35.890,37.170,81486.000,,raw
2022-02-15,36.800,38.340,36.610,38.060,111159.000,,raw
2022-02-16,38.720,39.000,37.940,38.110,95379.000,,raw
2022-02-17,38.070,38.390,36.620,36.940,106965.000,,raw
2022-02-18,38.550,39.380,37.800,38.500,192999.000,,raw
2022-02-21,39.360,41.560,38.570,40.960,296194.000,,raw
2022-02-22,39.960,40.000,38.710,38.790,199898.000,,raw
2022-02-23,38.810,40.090,38.200,39.650,156502.000,,raw
2022-02-24,39.340,39.900,36.550,37.700,184076.000,,raw
2022-02-25,37.820,38.700,36.840,37.100,135649.000,,raw
2022-02-28,36.700,38.300,36.360,37.660,118590.000,,raw
2022-03-01,37.700,38.660,37.400,38.280,92404.000,,raw
2022-03-02,37.900,38.050,36.960,37.220,75470.000,,raw
2022-03-03,37.420,37.670,36.500,36.510,67917.000,,raw
2022-03-04,36.380,36.900,35.100,35.450,106479.000,,raw
2022-03-07,35.450,35.700,33.330,33.980,129509.000,,raw
2022-03-08,33.510,34.400,33.040,33.730,112095.000,,raw
2022-03-09,33.880,34.350,31.580,34.260,114681.000,,raw
2022-03-10,35.580,35.580,33.670,33.930,100736.000,,raw
2022-03-11,33.130,33.210,31.610,33.030,113275.000,,raw
2022-03-14,32.670,32.670,31.130,31.300,90386.000,,raw
2022-03-15,31.010,31.220,29.530,29.530,138992.000,,raw
2022-03-16,30.090,30.660,28.810,30.520,128289.000,,raw
2022-03-17,30.900,31.790,30.900,31.310,117743.000,,raw
2022-03-18,31.060,31.500,30.830,31.300,58705.000,,raw
2022-03-21,31.300,31.890,30.950,31.430,60171.000,,raw
2022-03-22,31.230,31.280,30.410,30.620,64616.000,,raw
2022-03-23,30.880,33.830,30.280,33.400,205253.000,,raw
2022-03-24,32.500,32.900,31.750,32.000,134958.000,,raw
2022-03-25,31.680,31.840,30.780,30.960,81403.000,,raw
2022-03-28,30.490,31.620,29.880,31.520,78068.000,,raw
2022-03-29,31.590,32.140,30.810,31.140,52909.000,,raw
2022-03-30,31.500,31.890,31.200,31.600,53222.000,,raw
2022-03-31,31.500,31.500,30.890,31.200,44496.000,,raw
2022-04-01,31.030,31.060,30.070,30.190,80144.000,,raw
2022-04-06,30.010,30.110,29.400,29.810,58492.000,,raw
2022-04-07,29.610,29.800,28.520,28.880,62086.000,,raw
2022-04-08,29.050,29.100,27.860,28.670,56757.000,,raw
2022-04-11,28.410,28.690,26.720,27.140,64331.000,,raw
2022-04-12,26.930,27.450,26.430,27.170,62343.000,,raw
2022-04-13,26.820,26.850,25.900,25.900,63308.000,,raw
2022-04-14,26.300,26.680,25.910,26.420,67837.000,,raw
2022-04-15,26.070,27.140,25.930,26.940,79444.000,,raw
2022-04-18,26.900,28.370,26.550,28.290,88662.000,,raw
2022-04-19,28.070,28.550,28.030,28.350,49831.000,,raw
2022-04-20,28.460,28.900,28.010,28.400,46332.000,,raw
2022-04-21,28.230,28.680,27.370,27.530,63320.000,,raw
2022-04-22,27.000,27.250,23.120,23.130,270571.000,,raw
2022-04-25,23.070,23.720,22.130,22.130,150313.000,,raw
2022-04-26,22.560,22.950,21.210,21.450,114098.000,,raw
2022-04-27,21.190,23.000,21.030,22.920,135434.000,,raw
2022-04-28,22.600,22.830,21.720,22.030,108682.000,,raw
2022-04-29,22.490,23.730,21.810,23.370,175309.000,,raw
2022-05-05,23.050,24.390,23.050,23.840,141386.000,,raw
2022-05-06,23.120,23.800,23.050,23.500,75527.000,,raw
2022-05-09,23.440,24.020,23.160,23.600,71190.000,,raw
2022-05-10,23.200,24.960,23.110,24.800,122511.000,,raw
2022-05-11,24.760,27.480,24.510,25.860,181539.000,,raw
2022-05-12,25.710,26.230,25.630,26.040,75826.000,,raw
2022-05-13,26.200,26.250,25.290,25.910,74799.000,,raw
2022-05-16,25.930,26.360,25.110,25.400,72926.000,,raw
2022-05-17,25.570,25.840,25.020,25.740,60384.000,,raw
2022-05-18,25.910,26.260,25.640,25.740,53113.000,,raw
2022-05-19,25.060,25.750,25.020,25.500,59261.000,,raw
2022-05-20,25.600,26.120,25.330,25.600,83963.000,,raw
2022-05-23,25.630,25.770,25.060,25.610,59853.000,,raw
2022-05-24,25.610,26.230,24.010,24.080,100898.000,,raw
2022-05-25,23.940,24.260,23.840,24.140,63879.000,,raw
2022-05-26,24.560,25.750,23.510,25.390,132353.000,,raw
2022-05-27,25.390,25.750,24.360,24.600,82498.000,,raw
2022-05-30,24.480,25.310,24.220,24.900,63929.000,,raw
2022-05-31,24.820,25.940,24.680,25.760,96398.000,,raw
2022-06-01,25.590,26.260,25.500,25.770,66783.000,,raw
2022-06-02,25.550,26.450,25.480,26.250,92583.000,,raw
2022-06-06,26.400,27.300,26.280,27.140,95429.000,,raw
2022-06-07,27.350,27.350,26.550,26.990,87050.000,,raw
2022-06-08,27.000,27.470,26.200,26.690,78305.000,,raw
2022-06-09,26.800,26.800,25.710,25.900,62254.000,,raw
2022-06-10,25.800,26.710,25.670,26.590,64195.000,,raw
2022-06-13,26.500,27.060,26.280,26.780,54751.000,,raw
2022-06-14,26.400,26.410,25.120,26.030,91761.000,,raw
2022-06-15,25.880,27.200,25.830,26.450,95395.000,,raw
2022-06-16,26.600,27.110,26.310,26.540,80875.000,,raw
2022-06-17,26.320,26.830,25.950,26.620,93252.000,,raw
2022-06-20,27.100,27.650,26.620,26.760,104918.000,,raw
2022-06-21,26.910,26.920,25.800,26.090,97209.000,,raw
2022-06-22,26.190,26.260,24.570,24.780,110406.000,,raw
2022-06-23,24.740,25.800,24.740,25.710,111040.000,"{'nd': '2021', 'fh_sh': '1.13', 'djr': '2022-06-22', 'cqr': '2022-06-23', 'FHcontent': '10派1.13元'}",raw
2022-06-24,25.950,26.090,25.000,25.290,145379.000,,raw
2022-06-27,25.490,26.150,25.270,25.560,116406.000,,raw
2022-06-28,25.500,26.150,24.880,26.130,123351.000,,raw
2022-06-29,25.990,26.810,25.550,25.650,150137.000,,raw
2022-06-30,25.550,26.630,25.500,26.200,125552.000,,raw
2022-07-01,26.080,26.330,25.360,25.570,120320.000,,raw
2022-07-04,25.510,25.640,24.120,24.400,225111.000,,raw
2022-07-05,24.400,24.840,23.870,24.210,127983.000,,raw
2022-07-06,24.130,24.730,24.010,24.300,99982.000,,raw
2022-07-07,24.220,24.390,23.570,23.890,83696.000,,raw
2022-07-08,24.000,24.390,23.600,23.650,98209.000,,raw
2022-07-11,23.520,23.520,22.460,22.800,134279.000,,raw
2022-07-12,22.800,22.800,22.150,22.150,88623.000,,raw
2022-07-13,22.240,22.430,21.900,22.020,75059.000,,raw
2022-07-14,22.370,23.740,22.280,23.250,164162.000,,raw
2022-07-15,22.960,24.380,22.880,23.640,159602.000,,raw
2022-07-18,23.870,24.680,23.200,24.510,141985.000,,raw
2022-07-19,24.340,25.350,24.340,24.970,178157.000,,raw
2022-07-20,24.940,25.580,24.920,25.280,150117.000,,raw
2022-07-21,25.150,25.820,24.950,25.020,143380.000,,raw
2022-07-22,25.070,25.470,24.390,24.810,113153.000,,raw
2022-07-25,24.950,25.500,24.620,24.790,97164.000,,raw
2022-07-26,24.760,24.800,24.260,24.640,68068.000,,raw
2022-07-27,24.660,25.450,24.580,25.300,112824.000,,raw
2022-07-28,25.320,25.950,25.320,25.360,117749.000,,raw
2022-07-29,25.620,25.640,24.730,25.130,111522.000,,raw
2022-08-01,25.040,25.850,24.400,25.560,130566.000,,raw
2022-08-02,25.180,25.250,23.940,24.480,143565.000,,raw
2022-08-03,24.710,26.130,24.710,25.190,200490.000,,raw
2022-08-04,25.580,25.690,24.950,25.510,116591.000,,raw
2022-08-05,25.600,26.740,25.410,26.660,268090.000,,raw
2022-08-08,26.920,27.060,26.200,26.580,154920.000,,raw
2022-08-09,26.940,27.080,26.410,26.870,206398.000,,raw
2022-08-10,26.830,27.180,26.510,26.700,133703.000,,raw
2022-08-11,26.730,29.290,26.730,28.830,356164.000,,raw
2022-08-12,28.910,29.000,27.760,27.800,201302.000,,raw
2022-08-15,27.740,28.160,27.230,27.960,134406.000,,raw
2022-08-16,28.080,28.100,27.200,27.540,126815.000,,raw
2022-08-17,27.640,28.280,27.300,27.990,132312.000,,raw
2022-08-18,27.900,28.880,27.610,28.520,134799.000,,raw
2022-08-19,28.400,29.080,27.660,27.660,115989.000,,raw
2022-08-22,27.580,27.890,27.060,27.620,91443.000,,raw
2022-08-23,27.430,27.650,27.100,27.420,81565.000,,raw
2022-08-24,27.360,27.500,25.990,26.010,137902.000,,raw
2022-08-25,26.170,26.350,25.580,26.130,93473.000,,raw
2022-08-26,25.500,25.890,24.700,24.880,210888.000,,raw
2022-08-29,24.390,25.330,24.390,25.100,84589.000,,raw
2022-08-30,25.090,25.430,24.740,25.220,67546.000,,raw
2022-08-31,25.060,25.350,24.440,24.540,84172.000,,raw
2022-09-01,24.500,24.720,23.770,23.900,103214.000,,raw
2022-09-02,23.990,25.030,23.960,24.740,99023.000,,raw
2022-09-05,24.660,24.850,24.210,24.360,60736.000,,raw
2022-09-06,24.400,24.730,24.110,24.660,72253.000,,raw
2022-09-07,24.870,25.190,24.510,24.640,85171.000,,raw
2022-09-08,24.580,24.730,24.110,24.130,77411.000,,raw
2022-09-09,24.180,24.270,23.880,24.040,68338.000,,raw
2022-09-13,24.280,24.540,23.760,23.900,67205.000,,raw
2022-09-14,23.500,23.690,23.250,23.490,62511.000,,raw
2022-09-15,23.660,23.660,22.250,22.600,97596.000,,raw
2022-09-16,22.600,22.820,22.000,22.000,67533.000,,raw
2022-09-19,22.050,22.320,21.680,21.990,68203.000,,raw
2022-09-20,22.200,22.240,21.730,21.980,63673.000,,raw
2022-09-21,21.920,22.200,21.420,21.980,60869.000,,raw
2022-09-22,21.900,22.390,21.780,22.190,60397.000,,raw
2022-09-23,22.100,22.200,21.200,21.600,70089.000,,raw
2022-09-26,21.450,21.720,21.300,21.400,48045.000,,raw
2022-09-27,21.400,21.990,21.400,21.960,60865.000,,raw
2022-09-28,21.820,21.860,20.860,20.900,75480.000,,raw
2022-09-29,21.270,21.900,21.090,21.470,80220.000,,raw
2022-09-30,21.470,21.690,21.100,21.140,50169.000,,raw
2022-10-10,21.180,21.290,20.160,20.300,70364.000,,raw
2022-10-11,20.200,20.770,20.020,20.360,54735.000,,raw
2022-10-12,20.410,21.370,20.310,21.370,91080.000,,raw
2022-10-13,21.460,22.030,21.300,21.760,91152.000,,raw
2022-10-14,21.880,22.130,21.630,21.960,80830.000,,raw
2022-10-17,21.700,22.460,21.700,22.330,77804.000,,raw
2022-10-18,22.350,22.450,21.880,22.250,79104.000,,raw
2022-10-19,22.000,22.540,22.000,22.170,74963.000,,raw
2022-10-20,22.060,22.720,21.770,22.440,93974.000,,raw
2022-10-21,22.520,22.660,21.890,22.180,65007.000,,raw
2022-10-24,22.270,22.720,21.700,21.800,75741.000,,raw
2022-10-25,21.810,22.180,21.480,21.820,65645.000,,raw
2022-10-26,21.890,22.790,21.720,22.600,94186.000,,raw
2022-10-27,25.900,26.920,25.360,25.380,564152.000,,raw
2022-10-28,25.520,26.040,24.330,24.460,280282.000,,raw
2022-10-31,24.650,26.100,24.500,25.870,250076.000,,raw
2022-11-01,25.830,26.500,25.400,26.410,187288.000,,raw
2022-11-02,26.300,27.070,26.200,26.500,164996.000,,raw
2022-11-03,26.020,27.570,26.010,27.320,187337.000,,raw
2022-11-04,27.200,27.840,26.900,27.540,154942.000,,raw
2022-11-07,27.220,27.770,26.940,27.300,123736.000,,raw
2022-11-08,27.120,27.240,26.660,26.980,77884.000,,raw
2022-11-09,26.950,27.130,26.600,26.720,63443.000,,raw
2022-11-10,26.700,27.100,26.000,26.120,110516.000,,raw
2022-11-11,26.870,27.060,26.190,26.330,89827.000,,raw
2022-11-14,26.350,27.050,26.050,26.480,85878.000,,raw
2022-11-15,26.300,27.810,26.220,27.600,136129.000,,raw
2022-11-16,27.740,28.440,27.500,27.800,131738.000,,raw
2022-11-17,27.700,28.280,27.460,28.230,99932.000,,raw
2022-11-18,28.250,28.490,27.440,27.470,105421.000,,raw
2022-11-21,27.120,28.570,27.110,28.160,134718.000,,raw
2022-11-22,27.970,28.060,27.080,27.300,88702.000,,raw
2022-11-23,27.250,27.400,26.160,26.700,114932.000,,raw
2022-11-24,26.850,27.120,26.500,26.740,66027.000,,raw
2022-11-25,26.730,26.880,26.080,26.170,54436.000,,raw
2022-11-28,25.700,25.960,25.400,25.660,71278.000,,raw
2022-11-29,25.740,26.050,25.660,25.830,83708.000,,raw
2022-11-30,25.830,26.090,25.600,25.800,56868.000,,raw
2022-12-01,26.120,26.550,25.750,25.790,80334.000,,raw
2022-12-02,25.660,26.410,25.660,25.790,62473.000,,raw
2022-12-05,26.010,26.100,25.380,25.850,71959.000,,raw
2022-12-06,25.710,25.820,25.300,25.380,62226.000,,raw
2022-12-07,25.200,25.410,24.930,25.020,84839.000,,raw
2022-12-08,25.210,25.260,24.700,24.930,61114.000,,raw
2022-12-09,24.880,25.110,24.570,24.850,99380.000,,raw
2022-12-12,24.860,25.630,24.820,25.360,86643.000,,raw
2022-12-13,25.260,25.400,24.570,24.640,78933.000,,raw
2022-12-14,24.770,25.100,24.550,24.660,54018.000,,raw
2022-12-15,24.520,25.180,24.310,25.120,64680.000,,raw
2022-12-16,25.160,25.160,24.100,24.230,93030.000,,raw
2022-12-19,24.340,24.670,23.750,24.000,51593.000,,raw
2022-12-20,24.000,24.120,23.600,23.900,46715.000,,raw
2022-12-21,23.910,24.060,23.350,23.550,39132.000,,raw
2022-12-22,23.630,23.730,23.080,23.200,37559.000,,raw
2022-12-23,23.030,23.330,23.030,23.250,25090.000,,raw
2022-12-26,23.260,23.630,23.040,23.400,60578.000,,raw
2022-12-27,23.470,23.890,23.460,23.580,57605.000,,raw
2022-12-28,23.590,23.750,23.050,23.220,53244.000,,raw
2022-12-29,23.190,23.960,23.070,23.620,82888.000,,raw
2022-12-30,23.620,24.020,23.530,23.750,52766.000,,raw
2023-01-03,23.670,24.880,23.550,24.700,99425.000,,raw
2023-01-04,24.700,25.050,24.440,24.810,85833.000,,raw
2023-01-05,24.750,25.130,24.580,25.070,63576.000,,raw
2023-01-06,24.980,25.520,24.940,25.220,74541.000,,raw
2023-01-09,25.260,25.430,24.880,24.960,67040.000,,raw
2023-01-10,24.960,25.120,24.730,24.890,50219.000,,raw
2023-01-11,25.050,25.100,24.500,24.520,58409.000,,raw
2023-01-12,24.510,24.750,24.410,24.680,46533.000,,raw
2023-01-13,24.930,24.930,24.240,24.520,56839.000,,raw
2023-01-16,24.420,25.360,24.400,25.100,82307.000,,raw
2023-01-17,25.120,25.290,24.950,25.170,41728.000,,raw
2023-01-18,25.170,25.390,24.910,25.300,59028.000,,raw
2023-01-19,25.200,25.460,25.080,25.420,70670.000,,raw
2023-01-20,25.360,25.800,25.360,25.600,74207.000,,raw
2023-01-30,25.930,26.300,25.680,25.760,94105.000,,raw
2023-01-31,25.510,25.670,24.880,25.140,182209.000,,raw
2023-02-01,25.130,25.790,25.130,25.790,148324.000,,raw
2023-02-02,25.780,26.510,25.780,26.140,161000.000,,raw
2023-02-03,26.420,26.880,25.780,26.390,178344.000,,raw
2023-02-06,26.390,27.500,26.380,27.240,279649.000,,raw
2023-02-07,26.880,29.300,26.850,28.950,488354.000,,raw
2023-02-08,30.090,30.290,28.370,28.580,347244.000,,raw
2023-02-09,28.500,32.000,28.170,32.000,510521.000,,raw
2023-02-10,32.000,34.850,31.780,32.460,689185.000,,raw
2023-02-13,33.000,34.000,32.500,33.720,480473.000,,raw
2023-02-14,33.000,33.440,32.010,32.360,382147.000,,raw
2023-02-15,32.300,33.560,32.080,33.050,361260.000,,raw
2023-02-16,32.730,32.730,30.900,31.480,378922.000,,raw
2023-02-17,31.840,32.090,30.650,30.840,250480.000,,raw
2023-02-20,30.770,31.460,30.490,31.270,182591.000,,raw
2023-02-21,31.150,31.740,30.510,30.840,197596.000,,raw
2023-02-22,30.560,31.540,30.240,30.980,181202.000,,raw
2023-02-23,30.680,31.060,30.330,30.660,120597.000,,raw
2023-02-24,30.850,32.150,30.800,31.380,285884.000,,raw
2023-02-27,31.100,31.730,30.760,30.900,170193.000,,raw
2023-02-28,31.900,32.990,31.550,32.190,360125.000,,raw
2023-03-01,31.920,33.770,31.920,33.160,357492.000,,raw
2023-03-02,33.120,34.790,32.700,33.410,371319.000,,raw
2023-03-03,33.000,33.390,31.960,32.500,327472.000,,raw
2023-03-06,32.400,33.120,32.000,32.160,200515.000,,raw
2023-03-07,32.100,32.280,30.390,30.420,316256.000,,raw
2023-03-08,30.460,31.320,30.460,31.080,209949.000,,raw
2023-03-09,31.030,31.800,30.350,31.370,182018.000,,raw
2023-03-10,31.030,31.500,30.790,30.840,127151.000,,raw
2023-03-13,30.530,31.660,30.530,31.640,170249.000,,raw
2023-03-14,31.460,31.720,30.600,30.870,192379.000,,raw
2023-03-15,31.010,31.440,29.930,30.000,190211.000,,raw
2023-03-16,29.500,30.240,29.500,29.560,151991.000,,raw
2023-03-17,29.900,31.660,29.880,31.360,288720.000,,raw
2023-03-20,31.430,33.070,31.400,31.900,351037.000,,raw
2023-03-21,31.810,32.450,31.210,32.130,220257.000,,raw
2023-03-22,32.060,37.070,31.790,37.050,725239.000,,raw
2023-03-23,36.700,40.290,36.280,38.960,854354.000,,raw
2023-03-24,38.700,39.460,37.950,39.300,455823.000,,raw
2023-03-27,39.120,43.210,39.120,43.200,656329.000,,raw
2023-03-28,42.010,44.880,41.490,42.730,662337.000,,raw
2023-03-29,42.200,47.000,42.200,45.310,685943.000,,raw
2023-03-30,44.450,45.950,43.710,45.560,518896.000,,raw
2023-03-31,44.980,49.250,43.580,48.500,596251.000,,raw
2023-04-03,51.200,58.200,50.500,58.200,895453.000,,raw
2023-04-04,59.900,61.700,58.400,61.700,787072.000,,raw
2023-04-06,60.200,70.790,60.010,65.890,865677.000,,raw
2023-04-07,66.050,70.200,65.390,70.200,583605.000,,raw
2023-04-10,72.650,76.880,68.660,71.850,734505.000,,raw
2023-04-11,70.770,75.400,68.180,72.080,744024.000,,raw
2023-04-12,70.710,72.390,67.850,70.990,602789.000,,raw
2023-04-13,71.160,72.120,65.650,66.860,678730.000,,raw
2023-04-14,67.990,72.930,67.050,72.680,744492.000,,raw
2023-04-17,70.500,71.940,67.890,69.830,449844.000,,raw
2023-04-18,71.000,82.660,69.890,79.900,829017.000,,raw
2023-04-19,80.120,82.350,77.010,77.010,656328.000,,raw
2023-04-20,78.290,83.300,76.610,82.570,650239.000,,raw
2023-04-21,80.400,81.000,75.700,75.700,555621.000,,raw
2023-04-24,75.310,80.500,74.330,78.990,553503.000,,raw
2023-04-25,77.010,78.500,71.600,73.800,553774.000,,raw
2023-04-26,76.010,76.100,68.000,71.200,616483.000,,raw
2023-04-27,66.000,67.480,61.660,63.000,785973.000,,raw
2023-04-28,65.040,70.190,63.680,68.990,543863.000,,raw
2023-05-04,68.020,70.600,62.620,64.210,502160.000,,raw
2023-05-05,64.000,66.710,58.810,59.650,557552.000,,raw
2023-05-08,60.100,64.310,58.500,61.940,420653.000,,raw
2023-05-09,61.020,67.300,61.010,64.280,392600.000,,raw
2023-05-10,65.280,67.880,60.400,61.560,355811.000,,raw
2023-05-11,61.010,63.870,60.410,60.890,256996.000,,raw
2023-05-12,61.000,66.180,60.850,62.770,392914.000,,raw
2023-05-15,64.130,66.000,59.500,63.610,467917.000,,raw
2023-05-16,61.640,62.340,58.490,59.990,432412.000,,raw
2023-05-17,60.500,63.630,59.230,61.460,365174.000,,raw
2023-05-18,67.000,73.750,63.400,73.750,655087.000,,raw
2023-05-19,71.010,73.380,65.550,66.300,681524.000,,raw
2023-05-22,64.510,66.160,61.280,62.390,390740.000,,raw
2023-05-23,62.800,63.980,60.780,63.030,404960.000,,raw
2023-05-24,61.470,67.020,61.030,64.080,446611.000,,raw
2023-05-25,68.880,71.800,64.000,68.550,598665.000,,raw
2023-05-26,67.000,72.600,66.800,69.400,454642.000,,raw
2023-05-29,72.000,75.440,69.910,71.490,470025.000,,raw
2023-05-30,72.270,78.400,71.600,76.310,515207.000,,raw
2023-05-31,75.320,87.870,72.380,84.430,619350.000,,raw
2023-06-01,80.900,84.020,79.990,81.800,398000.000,,raw
2023-06-02,83.100,84.000,78.290,79.230,306911.000,,raw
2023-06-05,77.160,82.660,77.000,80.250,307690.000,,raw
2023-06-06,79.300,84.700,78.680,79.500,311729.000,,raw
2023-06-07,79.750,83.680,77.480,80.550,300056.000,,raw
2023-06-08,56.010,56.950,52.870,55.080,420399.000,"{'nd': '2022', 'fh_sh': '1.26', 'djr': '2023-06-07', 'cqr': '2023-06-08', 'FHcontent': '10派1.26元转4股'}",raw
2023-06-09,55.080,60.380,54.300,58.890,591644.000,,raw
2023-06-12,58.180,62.160,58.170,60.820,534483.000,,raw
2023-06-13,60.000,64.560,58.000,61.380,547481.000,,raw
2023-06-14,61.500,68.860,60.510,65.800,700861.000,,raw
2023-06-15,67.130,68.190,63.580,63.800,631888.000,,raw
2023-06-16,63.840,69.150,62.110,68.640,770883.000,,raw
2023-06-19,69.640,81.180,69.210,78.300,840431.000,,raw
2023-06-20,76.000,80.360,72.750,80.000,682470.000,,raw
2023-06-21,77.920,77.920,70.010,70.440,722313.000,,raw
2023-06-26,70.010,71.090,63.400,64.280,750354.000,,raw
2023-06-27,64.280,64.620,60.880,61.560,507979.000,,raw
2023-06-28,59.500,59.500,55.130,57.000,633515.000,,raw
2023-06-29,58.000,61.530,56.110,60.600,790530.000,,raw
2023-06-30,59.390,70.500,59.050,67.970,957579.000,,raw
2023-07-03,68.500,70.680,61.250,67.760,835406.000,,raw
2023-07-04,68.540,74.200,68.540,71.390,905464.000,,raw
2023-07-05,71.390,71.600,65.800,66.410,763144.000,,raw
2023-07-06,66.300,71.500,65.010,68.000,657238.000,,raw
2023-07-07,68.550,70.330,63.830,67.480,610928.000,,raw
2023-07-10,66.510,68.400,63.320,64.850,471547.000,,raw
2023-07-11,64.650,65.770,62.900,65.300,435734.000,,raw
2023-07-12,64.400,64.970,58.920,59.340,677091.000,,raw
2023-07-13,60.520,63.770,59.380,63.400,608304.000,,raw
2023-07-14,66.150,67.680,64.000,65.390,598310.000,,raw
2023-07-17,65.400,68.500,64.050,68.180,546938.000,,raw
2023-07-18,69.210,69.900,64.850,65.030,421209.000,,raw
2023-07-19,66.420,66.950,63.540,64.170,257007.000,,raw
2023-07-20,63.470,63.630,57.510,57.820,598003.000,,raw
2023-07-21,58.000,58.640,54.100,55.620,531858.000,,raw
2023-07-24,55.130,58.490,54.610,56.550,346536.000,,raw
2023-07-25,57.730,60.250,55.880,57.800,423243.000,,raw
2023-07-26,57.810,58.000,53.800,55.000,396162.000,,raw
2023-07-27,55.120,55.320,52.940,53.490,331097.000,,raw
2023-07-28,53.490,54.320,51.870,52.600,335827.000,,raw
2023-07-31,51.650,54.200,50.530,51.900,397692.000,,raw
2023-08-01,51.900,54.640,50.200,53.770,574644.000,,raw
2023-08-02,53.010,55.500,52.810,54.590,412929.000,,raw
2023-08-03,53.500,56.000,52.850,53.510,309610.000,,raw
2023-08-04,53.100,57.070,52.480,56.730,511683.000,,raw
2023-08-07,57.480,60.500,57.180,57.670,486204.000,,raw
2023-08-08,57.500,59.500,55.610,55.690,337232.000,,raw
2023-08-09,55.160,56.480,52.540,52.770,410570.000,,raw
2023-08-10,52.350,53.700,51.370,51.760,308873.000,,raw
2023-08-11,52.690,52.690,50.610,50.650,193712.000,,raw
2023-08-14,49.790,51.140,49.180,51.000,322816.000,,raw
2023-08-15,53.330,53.770,50.000,50.340,408591.000,,raw
2023-08-16,50.020,50.700,48.280,49.130,315725.000,,raw
2023-08-17,48.730,51.310,47.910,50.180,395628.000,,raw
2023-08-18,50.010,50.490,47.000,47.000,408778.000,,raw
2023-08-21,46.970,49.380,46.500,47.860,284213.000,,raw
2023-08-22,49.200,50.250,47.230,49.960,459066.000,,raw
2023-08-23,49.290,49.680,47.150,47.200,283888.000,,raw
2023-08-24,49.000,49.000,46.550,46.900,377050.000,,raw
2023-08-25,44.010,46.000,43.350,43.800,567689.000,,raw
2023-08-28,46.340,46.800,43.440,44.480,427691.000,,raw
2023-08-29,44.100,46.800,42.810,45.150,608644.000,,raw
2023-08-30,45.760,47.090,44.750,45.420,450507.000,,raw
2023-08-31,45.130,46.770,44.980,45.580,364671.000,,raw
2023-09-01,45.020,45.760,43.740,44.250,250595.000,,raw
2023-09-04,44.570,45.070,43.930,44.840,213226.000,,raw
2023-09-05,44.750,44.750,43.510,43.800,267732.000,,raw
2023-09-06,43.500,44.100,43.000,43.830,222958.000,,raw
2023-09-07,43.750,43.800,42.100,42.190,265326.000,,raw
2023-09-08,42.010,42.500,41.020,41.390,206917.000,,raw
2023-09-11,41.650,45.380,41.650,44.020,557356.000,,raw
2023-09-12,43.540,45.800,43.400,44.280,479932.000,,raw
2023-09-13,44.000,44.350,42.000,42.490,313965.000,,raw
2023-09-14,42.850,43.400,41.570,41.820,243412.000,,raw
2023-09-15,41.570,41.960,40.020,40.250,307030.000,,raw
2023-09-18,40.250,40.570,38.840,39.050,262507.000,,raw
2023-09-19,39.050,39.880,38.040,38.920,288112.000,,raw
2023-09-20,38.750,41.500,38.700,39.640,418369.000,,raw
2023-09-21,39.710,41.260,39.230,39.800,319573.000,,raw
2023-09-22,39.980,45.100,39.830,44.640,780854.000,,raw
2023-09-25,44.050,45.470,42.450,42.700,594215.000,,raw
2023-09-26,43.550,45.320,43.010,43.860,639465.000,,raw
2023-09-27,44.390,46.450,43.860,45.100,576574.000,,raw
2023-09-28,46.180,47.530,45.100,46.000,578892.000,,raw
2023-10-09,45.150,46.640,43.990,44.970,445496.000,,raw
2023-10-10,44.810,46.000,44.400,44.730,314182.000,,raw
2023-10-11,44.500,46.520,44.180,45.030,395587.000,,raw
2023-10-12,45.650,45.820,43.510,43.730,333089.000,,raw
2023-10-13,43.180,44.530,42.400,42.870,324373.000,,raw
2023-10-16,42.020,43.050,40.880,41.200,317161.000,,raw
2023-10-17,41.220,42.050,39.860,41.070,276634.000,,raw
2023-10-18,39.900,40.110,37.220,39.180,393418.000,,raw
2023-10-19,39.150,39.580,37.920,38.120,259658.000,,raw
2023-10-20,38.010,38.440,36.410,36.560,269760.000,,raw
2023-10-23,35.680,35.930,32.500,33.410,595529.000,,raw
2023-10-24,34.330,35.240,33.300,33.960,442966.000,,raw
2023-10-25,33.950,34.050,32.050,32.260,424327.000,,raw
2023-10-26,32.260,33.010,31.610,32.700,427700.000,,raw
2023-10-27,32.310,32.700,31.680,32.410,358580.000,,raw
2023-10-30,32.400,32.670,31.360,32.440,392722.000,,raw
2023-10-31,32.420,32.420,31.070,31.380,324723.000,,raw
2023-11-01,31.430,31.880,30.600,30.680,280545.000,,raw
2023-11-02,30.990,31.460,29.980,30.060,335297.000,,raw
2023-11-03,30.490,33.450,30.150,32.000,756315.000,,raw
2023-11-06,32.320,33.500,31.980,33.010,561056.000,,raw
2023-11-07,32.940,39.610,32.650,39.610,1337160.000,,raw
2023-11-08,38.000,41.640,37.800,41.250,1384198.000,,raw
2023-11-09,42.180,42.910,40.600,41.410,1059532.000,,raw
2023-11-10,40.710,43.500,40.710,42.600,939593.000,,raw
2023-11-13,43.560,46.350,42.940,43.250,1107330.000,,raw
2023-11-14,44.170,45.450,43.200,44.060,796460.000,,raw
2023-11-15,45.000,45.380,41.660,42.690,748187.000,,raw
2023-11-16,42.310,43.080,41.400,41.470,524683.000,,raw
2023-11-17,41.830,48.320,41.200,46.830,1130567.000,,raw
2023-11-20,46.020,47.900,45.530,47.240,895083.000,,raw
2023-11-21,47.240,48.220,46.000,46.280,680518.000,,raw
2023-11-22,46.200,46.510,43.300,43.450,624424.000,,raw
2023-11-23,43.220,45.320,42.930,44.650,527345.000,,raw
2023-11-24,44.070,44.600,42.270,42.570,450034.000,,raw
2023-11-27,42.080,46.150,42.080,45.300,704208.000,,raw
2023-11-28,44.960,45.480,44.170,44.850,389773.000,,raw
2023-11-29,44.730,45.540,43.400,44.290,389381.000,,raw
2023-11-30,44.000,46.470,44.000,46.300,715976.000,,raw
2023-12-01,45.810,51.830,45.600,49.830,1058647.000,,raw
2023-12-04,49.020,50.830,48.510,49.000,731855.000,,raw
2023-12-05,48.750,50.220,47.800,48.100,630323.000,,raw
2023-12-06,47.600,49.120,46.960,48.400,537507.000,,raw
2023-12-07,48.400,52.360,48.110,50.980,804712.000,,raw
2023-12-08,51.000,58.200,50.200,54.200,1145413.000,,raw
2023-12-11,53.000,55.490,52.580,55.280,701085.000,,raw
2023-12-12,54.450,55.200,50.860,52.730,837980.000,,raw
2023-12-13,52.600,53.910,51.860,52.380,415421.000,,raw
2023-12-14,53.390,55.780,52.520,53.800,665832.000,,raw
2023-12-15,54.000,54.550,50.110,51.000,581678.000,,raw
2023-12-18,51.360,53.250,51.000,51.700,512664.000,,raw
2023-12-19,51.700,52.680,49.750,51.880,426435.000,,raw
2023-12-20,51.270,51.500,48.700,49.220,461731.000,,raw
2023-12-21,49.000,52.540,47.900,50.760,520201.000,,raw
2023-12-22,50.650,51.080,48.400,48.850,449765.000,,raw
2023-12-25,49.030,50.380,48.000,49.470,306287.000,,raw
2023-12-26,48.950,49.680,46.770,47.360,376504.000,,raw
2023-12-27,47.900,48.340,46.830,47.020,277794.000,,raw
2023-12-28,46.530,49.100,46.530,48.300,385446.000,,raw
2023-12-29,48.160,50.860,47.910,49.320,417872.000,,raw
2024-01-02,48.760,50.350,47.800,47.970,306484.000,,raw
2024-01-03,47.500,47.740,45.450,46.520,399256.000,,raw
2024-01-04,46.690,47.930,45.880,47.580,367824.000,,raw
2024-01-05,47.290,47.290,44.440,44.720,382785.000,,raw
2024-01-08,44.610,45.610,43.550,43.960,282530.000,,raw
2024-01-09,45.250,46.290,44.800,45.330,394832.000,,raw
2024-01-10,45.000,45.700,43.810,44.390,274968.000,,raw
2024-01-11,44.110,46.560,44.100,45.910,355351.000,,raw
2024-01-12,45.920,45.940,43.620,44.210,306129.000,,raw
2024-01-15,43.640,47.550,43.610,46.850,560144.000,,raw
2024-01-16,46.430,47.800,45.800,47.790,342560.000,,raw
2024-01-17,48.100,49.990,47.860,48.270,497508.000,,raw
2024-01-18,47.840,52.770,46.800,52.540,695563.000,,raw
2024-01-19,52.090,52.770,50.970,51.040,461946.000,,raw
2024-01-22,53.000,54.500,51.930,52.510,688931.000,,raw
2024-01-23,52.110,55.630,52.000,54.790,602036.000,,raw
2024-01-24,54.450,54.700,50.500,53.560,619847.000,,raw
2024-01-25,52.200,55.490,51.590,54.600,618528.000,,raw
2024-01-26,53.110,54.090,51.300,52.000,419243.000,,raw
2024-01-29,51.180,51.180,43.000,44.700,599970.000,,raw
2024-01-30,44.190,46.180,42.240,42.990,445582.000,,raw
2024-01-31,41.980,44.870,41.520,42.400,448912.000,,raw
2024-02-01,41.800,47.400,41.220,45.470,599588.000,,raw
2024-02-02,45.450,47.600,44.370,45.500,487338.000,,raw
2024-02-05,45.000,48.490,43.740,46.320,569983.000,,raw
2024-02-06,44.400,52.380,44.210,51.800,599512.000,,raw
2024-02-07,51.290,53.050,50.900,52.700,469118.000,,raw
2024-02-08,54.200,58.570,53.660,54.900,575825.000,,raw
2024-02-19,58.950,65.880,57.220,65.880,789380.000,,raw
2024-02-20,63.000,65.800,62.000,63.000,632361.000,,raw
2024-02-21,60.990,61.570,59.270,59.520,549918.000,,raw
2024-02-22,62.000,62.290,57.840,60.060,568030.000,,raw
2024-02-23,61.500,62.780,59.300,59.960,561309.000,,raw
2024-02-26,58.110,62.680,58.070,60.720,469839.000,,raw
2024-02-27,59.670,65.000,59.120,63.730,635617.000,,raw
2024-02-28,62.610,63.590,57.950,57.950,571891.000,,raw
2024-02-29,58.310,61.020,58.250,60.050,413715.000,,raw
2024-03-01,60.300,66.060,60.280,64.800,721298.000,,raw
2024-03-04,66.100,71.380,64.120,69.450,641837.000,,raw
2024-03-05,68.290,73.960,67.860,68.680,690321.000,,raw
2024-03-06,68.880,69.690,66.700,67.900,393580.000,,raw
2024-03-07,68.900,69.620,65.380,65.430,423928.000,,raw
2024-03-08,66.800,69.310,65.070,68.810,496196.000,,raw
2024-03-11,65.370,68.580,64.760,67.900,469688.000,,raw
2024-03-12,67.000,70.190,65.410,67.150,455786.000,,raw
2024-03-13,69.200,69.550,66.120,66.530,426564.000,,raw
2024-03-14,64.840,69.080,64.800,67.800,423175.000,,raw
2024-03-15,66.700,78.250,65.510,76.980,862475.000,,raw
2024-03-18,77.000,82.180,76.320,79.400,748656.000,,raw
2024-03-19,77.300,78.480,75.430,77.060,479494.000,,raw
2024-03-20,76.980,78.580,73.370,74.930,453202.000,,raw
2024-03-21,75.000,78.490,74.260,75.220,423203.000,,raw
2024-03-22,74.650,79.990,74.650,79.700,613027.000,,raw
2024-03-25,78.000,79.700,75.640,75.850,440672.000,,raw
2024-03-26,75.000,78.800,66.000,70.470,772106.000,,raw
2024-03-27,71.000,72.000,66.540,67.010,510066.000,,raw
2024-03-28,67.800,70.000,66.030,67.970,513496.000,,raw
2024-03-29,67.040,68.200,65.600,67.000,316643.000,,raw
2024-04-01,67.320,71.200,66.500,70.930,406594.000,,raw
2024-04-02,70.100,73.450,69.710,71.350,413337.000,,raw
2024-04-03,70.010,70.090,67.150,67.770,276407.000,,raw
2024-04-08,66.600,71.180,66.600,69.090,343787.000,,raw
2024-04-09,69.000,69.980,66.690,67.510,239764.000,,raw
2024-04-10,66.720,67.300,64.300,65.470,240101.000,,raw
2024-04-11,66.010,67.550,65.800,66.090,248260.000,,raw
2024-04-12,67.460,72.310,67.450,69.500,457469.000,,raw
2024-04-15,68.900,72.610,68.890,70.830,343297.000,,raw
2024-04-16,69.500,71.990,67.400,68.250,320468.000,,raw
2024-04-17,69.500,72.010,68.270,71.450,308760.000,,raw
2024-04-18,69.770,72.210,68.510,70.500,274291.000,,raw
2024-04-19,69.760,71.620,67.000,68.800,290352.000,,raw
2024-04-22,62.000,65.800,59.500,65.150,432425.000,,raw
2024-04-23,68.020,70.490,67.830,69.040,440683.000,,raw
2024-04-24,70.080,79.960,70.080,79.380,682684.000,,raw
2024-04-25,78.900,80.330,78.300,79.160,317227.000,,raw
2024-04-26,82.880,86.200,82.210,83.800,544540.000,,raw
2024-04-29,85.000,88.250,84.990,87.300,398805.000,,raw
2024-04-30,86.100,88.300,86.100,86.500,245752.000,,raw
2024-05-06,88.500,88.740,84.280,85.870,259462.000,,raw
2024-05-07,87.450,89.380,82.490,83.300,454541.000,,raw
2024-05-08,83.300,85.030,82.550,83.630,252540.000,,raw
2024-05-09,82.800,84.840,81.600,84.190,243359.000,,raw
2024-05-10,83.000,84.470,81.200,83.830,244093.000,,raw
2024-05-13,85.430,86.000,82.670,83.480,272961.000,,raw
2024-05-14,83.980,84.390,78.700,80.150,378983.000,,raw
2024-05-15,80.100,83.000,79.930,80.770,203246.000,,raw
2024-05-16,83.970,85.330,82.390,82.730,342871.000,,raw
2024-05-17,80.800,85.860,80.510,85.000,288258.000,,raw
2024-05-20,83.080,90.650,82.820,90.120,388410.000,,raw
2024-05-21,89.980,91.350,89.000,89.840,229348.000,,raw
2024-05-22,89.200,89.980,87.110,88.650,214272.000,,raw
2024-05-23,91.000,91.660,84.540,87.000,338397.000,,raw
2024-05-24,87.640,93.160,84.800,85.300,450106.000,,raw
2024-05-27,87.890,90.800,87.110,88.830,324462.000,,raw
2024-05-28,88.010,91.880,87.000,88.460,326000.000,,raw
2024-05-29,90.590,91.000,87.100,87.860,232387.000,,raw
2024-05-30,87.010,88.280,85.200,86.600,194253.000,,raw
2024-05-31,85.010,89.450,83.660,86.730,215928.000,,raw
2024-06-03,88.000,96.990,87.900,95.350,448029.000,,raw
2024-06-04,95.000,96.510,94.110,96.080,240031.000,,raw
2024-06-05,96.020,96.490,93.040,93.320,173328.000,,raw
2024-06-06,96.500,97.920,93.500,93.780,307034.000,,raw
2024-06-07,92.970,93.760,89.600,91.120,233638.000,,raw
2024-06-11,90.940,92.770,90.170,91.740,165909.000,,raw
2024-06-12,91.000,92.600,90.390,91.750,151315.000,,raw
2024-06-13,93.600,97.730,92.350,95.680,277382.000,,raw
2024-06-14,95.490,113.330,95.200,108.500,562629.000,,raw
2024-06-17,111.640,113.220,109.350,110.490,373378.000,,raw
2024-06-18,110.500,119.660,110.500,115.200,381147.000,,raw
2024-06-19,117.060,118.200,113.680,114.930,230503.000,,raw
2024-06-20,115.830,117.130,113.040,113.100,214553.000,,raw
2024-06-21,109.980,114.990,109.800,112.770,225988.000,,raw
2024-06-24,111.720,114.580,110.200,111.100,181957.000,,raw
2024-06-25,107.000,109.410,104.630,105.780,286265.000,,raw
2024-06-26,108.080,110.460,107.600,108.610,274428.000,,raw
2024-06-27,106.540,107.980,104.100,105.040,187408.000,,raw
2024-06-28,104.690,107.860,104.310,105.550,192376.000,,raw
2024-07-01,104.600,111.680,104.600,110.330,295102.000,,raw
2024-07-02,110.360,115.000,108.180,112.950,319012.000,,raw
2024-07-03,111.010,112.720,108.570,109.990,189689.000,,raw
2024-07-04,112.990,116.590,111.800,112.330,279274.000,,raw
2024-07-05,112.900,114.460,108.590,112.980,213239.000,"{'nd': '2023', 'fh_sh': '1.55', 'djr': '2024-07-04', 'cqr': '2024-07-05', 'FHcontent': '10派1.55元'}",raw
2024-07-08,112.010,115.280,111.760,113.450,194244.000,,raw
2024-07-09,112.670,120.100,111.670,118.560,285715.000,,raw
2024-07-10,118.270,120.450,116.660,119.400,203397.000,,raw
2024-07-11,121.770,121.770,112.780,116.290,305821.000,,raw
2024-07-12,111.500,114.670,110.050,113.350,208480.000,,raw
2024-07-15,111.800,113.500,109.680,112.420,156427.000,,raw
2024-07-16,117.000,117.600,110.160,113.990,286911.000,,raw
2024-07-17,113.000,115.500,109.350,110.550,205867.000,,raw
2024-07-18,108.000,109.330,102.120,108.820,349441.000,,raw
2024-07-19,107.880,108.870,105.000,105.360,197817.000,,raw
2024-07-22,105.920,106.980,103.860,105.110,148245.000,,raw
2024-07-23,107.270,107.880,102.120,102.190,164769.000,,raw
2024-07-24,101.500,106.010,100.560,101.060,194566.000,,raw
2024-07-25,99.050,99.100,91.910,93.690,355457.000,,raw
2024-07-26,93.690,96.800,92.510,95.370,208782.000,,raw
2024-07-29,95.300,101.330,94.100,99.660,271503.000,,raw
2024-07-30,98.010,99.060,96.120,97.690,157145.000,,raw
2024-07-31,96.900,100.000,94.500,99.770,307821.000,,raw
2024-08-01,104.800,106.700,101.450,101.760,279475.000,,raw
2024-08-02,96.950,97.300,92.340,92.410,427536.000,,raw
2024-08-05,86.860,91.090,85.290,85.500,421712.000,,raw
2024-08-06,89.900,92.200,88.970,90.490,285644.000,,raw
2024-08-07,90.000,93.590,88.810,91.670,264059.000,,raw
2024-08-08,90.620,91.950,89.000,90.800,181910.000,,raw
2024-08-09,93.510,95.990,92.500,93.880,279093.000,,raw
2024-08-12,93.100,97.690,93.100,95.430,195971.000,,raw
2024-08-13,96.370,99.340,94.650,95.980,208145.000,,raw
2024-08-14,98.000,98.670,95.000,95.000,162754.000,,raw
2024-08-15,94.700,96.200,93.980,94.600,129553.000,,raw
2024-08-16,97.440,100.780,97.000,98.200,253270.000,,raw
2024-08-19,98.260,101.700,97.110,99.600,183984.000,,raw
2024-08-20,101.640,102.530,99.350,99.890,172265.000,,raw
2024-08-21,98.000,101.920,97.560,100.410,151355.000,,raw
2024-08-22,100.860,101.660,98.650,100.450,120282.000,,raw
2024-08-23,99.560,100.210,98.100,98.990,122254.000,,raw
2024-08-26,100.500,100.900,95.590,97.350,174592.000,,raw
2024-08-27,96.310,99.610,95.000,97.570,148172.000,,raw
2024-08-28,97.010,101.000,95.770,97.830,160805.000,,raw
2024-08-29,91.880,92.970,87.520,91.590,302884.000,,raw
2024-08-30,91.810,95.900,91.110,93.790,308048.000,,raw
2024-09-02,93.960,94.650,88.250,88.490,263034.000,,raw
2024-09-03,88.500,89.680,87.180,88.410,152175.000,,raw
2024-09-04,83.400,89.870,82.280,88.200,260582.000,,raw
2024-09-05,87.850,92.700,87.120,90.270,222134.000,,raw
2024-09-06,89.900,90.850,87.950,88.610,130729.000,,raw
2024-09-09,87.060,91.270,87.020,91.090,177184.000,,raw
2024-09-10,90.510,95.000,90.070,92.610,267556.000,,raw
2024-09-11,93.400,95.970,92.900,93.620,205127.000,,raw
2024-09-12,97.030,98.320,95.210,95.220,225768.000,,raw
2024-09-13,95.410,104.900,95.300,100.330,383271.000,,raw
2024-09-18,99.400,101.890,99.000,99.570,175442.000,,raw
2024-09-19,99.400,99.560,95.090,97.860,233580.000,,raw
2024-09-20,98.690,98.860,95.300,95.760,168252.000,,raw
2024-09-23,94.960,97.980,94.600,95.250,131341.000,,raw
2024-09-24,95.330,106.000,95.330,105.300,320687.000,,raw
2024-09-25,107.910,108.500,103.950,104.650,248471.000,,raw
2024-09-26,105.140,110.100,104.680,109.970,229862.000,,raw
2024-09-27,107.560,116.580,105.230,112.360,439038.000,,raw
2024-09-30,113.000,130.000,112.000,129.970,549897.000,,raw
2024-10-08,140.000,155.960,138.800,155.960,614223.000,,raw
2024-10-09,149.000,160.200,142.000,148.500,610659.000,,raw
2024-10-10,147.530,151.880,135.550,143.310,419398.000,,raw
2024-10-11,140.010,153.000,139.810,143.980,335774.000,,raw
2024-10-14,142.000,149.250,135.590,148.530,423559.000,,raw
2024-10-15,146.610,149.900,141.890,141.890,347695.000,,raw
2024-10-16,136.000,139.300,131.800,133.450,365767.000,,raw
2024-10-17,135.000,136.680,133.170,134.360,254201.000,,raw
2024-10-18,134.000,153.970,133.510,146.950,538419.000,,raw
2024-10-21,147.880,148.520,136.800,141.450,512194.000,,raw
2024-10-22,144.000,145.120,138.190,141.750,368627.000,,raw
2024-10-23,134.200,140.330,130.850,135.320,370695.000,,raw
2024-10-24,134.050,142.880,133.660,139.520,375324.000,,raw
2024-10-25,146.800,147.980,140.010,142.650,438666.000,,raw
2024-10-28,140.000,143.210,134.800,136.060,414802.000,,raw
2024-10-29,134.000,134.980,128.860,130.500,400758.000,,raw
2024-10-30,132.000,133.990,127.970,130.000,305895.000,,raw
2024-10-31,127.000,134.350,126.080,130.170,329547.000,,raw
2024-11-01,127.900,133.890,127.000,129.360,297944.000,,raw
2024-11-04,129.000,135.490,129.000,131.770,245653.000,,raw
2024-11-05,130.700,135.580,129.200,133.460,367524.000,,raw
2024-11-06,134.000,134.160,126.090,127.490,424730.000,,raw
2024-11-07,124.950,134.000,123.740,131.900,361975.000,,raw
2024-11-08,134.100,141.520,129.760,129.920,498454.000,,raw
2024-11-11,128.220,135.200,126.490,132.870,393689.000,,raw
2024-11-12,133.000,136.880,130.510,132.700,375805.000,,raw
2024-11-13,133.250,145.550,131.300,141.980,622943.000,,raw
2024-11-14,139.670,141.090,135.480,136.100,354273.000,,raw
2024-11-15,135.510,139.770,127.180,127.720,370691.000,,raw
2024-11-18,125.720,127.840,119.200,121.000,337925.000,,raw
2024-11-19,122.440,128.590,121.110,125.000,295208.000,,raw
2024-11-20,125.000,129.550,124.250,126.470,264549.000,,raw
2024-11-21,123.900,127.680,121.810,123.650,299905.000,,raw
2024-11-22,122.790,125.500,118.000,118.000,293215.000,,raw
2024-11-25,118.000,118.660,111.330,113.380,302943.000,,raw
2024-11-26,113.000,117.650,112.000,115.460,249163.000,,raw
2024-11-27,114.800,116.390,112.680,116.260,249787.000,,raw
2024-11-28,115.990,115.990,111.480,111.880,284966.000,,raw
2024-11-29,112.000,117.500,112.000,114.950,297714.000,,raw
2024-12-02,116.720,121.960,115.040,120.710,350239.000,,raw
2024-12-03,120.080,121.210,116.600,118.530,213103.000,,raw
2024-12-04,117.440,119.290,116.300,117.330,166168.000,,raw
2024-12-05,119.000,123.870,118.940,121.080,324745.000,,raw
2024-12-06,120.500,123.950,120.500,120.900,205579.000,,raw
2024-12-09,120.900,120.900,115.010,116.000,256471.000,,raw
2024-12-10,119.570,120.380,114.680,116.850,302625.000,,raw
2024-12-11,115.990,126.450,114.000,123.910,440098.000,,raw
2024-12-12,124.000,132.000,124.000,129.970,411143.000,,raw
2024-12-13,131.930,134.350,127.500,129.240,614892.000,,raw
2024-12-16,133.100,134.800,124.760,132.180,465239.000,,raw
2024-12-17,130.100,141.160,130.100,133.700,392119.000,,raw
2024-12-18,133.000,133.800,125.990,128.530,276712.000,,raw
2024-12-19,126.940,130.270,125.590,127.750,230085.000,,raw
2024-12-20,127.110,132.800,126.640,128.650,249374.000,,raw
2024-12-23,123.150,128.300,123.150,124.650,401878.000,,raw
2024-12-24,125.500,125.760,118.120,122.000,314456.000,,raw
2024-12-25,121.920,126.760,121.080,122.000,221084.000,,raw
2024-12-26,122.000,130.800,120.010,128.930,346322.000,,raw
2024-12-27,129.900,132.490,126.610,129.420,247480.000,,raw
2024-12-30,129.000,129.580,120.200,120.440,340866.000,,raw
2024-12-31,120.000,120.260,115.580,115.580,243578.000,,raw
2025-01-02,115.010,118.430,112.500,113.470,207899.000,,raw
2025-01-03,113.800,119.920,112.900,116.000,284924.000,,raw
2025-01-06,117.750,120.980,115.000,117.020,231535.000,,raw
2025-01-07,118.000,120.270,114.490,120.000,226028.000,,raw
2025-01-08,117.020,117.920,113.960,117.020,187745.000,,raw
2025-01-09,115.980,116.980,113.000,114.740,204233.000,,raw
2025-01-10,113.710,113.760,108.260,108.260,282809.000,,raw
2025-01-13,108.190,112.640,108.190,110.290,234436.000,,raw
2025-01-14,109.780,113.830,106.200,113.690,286930.000,,raw
2025-01-15,112.540,113.530,109.760,111.700,200873.000,,raw
2025-01-16,113.000,120.040,111.800,118.680,429300.000,,raw
2025-01-17,117.480,121.040,117.010,119.430,270005.000,,raw
2025-01-20,120.940,129.290,120.940,127.650,329811.000,,raw
2025-01-21,136.000,136.000,131.000,133.200,364185.000,,raw
2025-01-22,138.180,144.080,137.010,141.500,450643.000,,raw
2025-01-23,141.500,143.680,135.600,136.700,328271.000,,raw
2025-01-24,136.710,137.430,134.050,134.490,236642.000,,raw
2025-01-27,127.770,129.390,125.010,125.770,234859.000,,raw
2025-02-05,118.000,118.000,102.180,102.510,533915.000,,raw
2025-02-06,106.000,108.440,104.870,106.650,452272.000,,raw
2025-02-07,108.000,115.530,108.000,113.390,410080.000,,raw
2025-02-10,115.120,116.040,111.800,114.560,246888.000,,raw
2025-02-11,115.070,117.550,113.770,115.550,208754.000,,raw
2025-02-12,114.110,115.500,112.800,114.500,224404.000,,raw
2025-02-13,113.360,113.810,110.440,110.510,213995.000,,raw
2025-02-14,111.510,114.140,108.010,109.010,216200.000,,raw
2025-02-17,110.990,124.220,110.900,123.300,469220.000,,raw
2025-02-18,120.840,129.390,120.610,123.800,383828.000,,raw
2025-02-19,122.950,123.750,119.360,121.380,274852.000,,raw
2025-02-20,120.210,121.300,117.000,119.200,244147.000,,raw
2025-02-21,119.210,124.490,117.820,121.040,375421.000,,raw
2025-02-24,118.990,119.690,113.330,113.500,427235.000,,raw
2025-02-25,110.200,112.630,109.600,110.700,260911.000,,raw
2025-02-26,110.750,113.240,108.690,113.000,281028.000,,raw
2025-02-27,113.000,114.310,105.000,106.370,444823.000,,raw
2025-02-28,101.060,101.170,94.760,96.040,623773.000,,raw
2025-03-03,96.090,96.500,90.280,91.800,505523.000,,raw
2025-03-04,87.500,93.510,87.400,93.150,400457.000,,raw
2025-03-05,93.200,95.550,93.200,94.290,306770.000,,raw
2025-03-06,94.990,96.580,92.700,95.340,398383.000,,raw
2025-03-07,93.680,94.600,91.960,92.870,333938.000,,raw
2025-03-10,93.070,94.810,92.000,94.400,262296.000,,raw
2025-03-11,92.010,94.300,91.790,94.300,206282.000,,raw
2025-03-12,95.220,95.530,93.390,93.860,259902.000,,raw
2025-03-13,95.260,96.500,92.180,92.530,294628.000,,raw
2025-03-14,92.900,95.180,90.110,93.830,421329.000,,raw
2025-03-17,94.020,96.680,94.020,95.660,343377.000,,raw
2025-03-18,95.660,104.600,94.110,103.700,690169.000,,raw
2025-03-19,100.380,101.880,97.580,98.130,451807.000,,raw
2025-03-20,98.830,99.770,97.700,98.440,227746.000,,raw
2025-03-21,97.870,99.320,94.980,95.070,229323.000,,raw
2025-03-24,94.480,99.970,94.480,99.400,397727.000,,raw
2025-03-25,101.500,103.600,98.850,98.890,369458.000,,raw
2025-03-26,99.010,101.770,97.730,97.790,233367.000,,raw
2025-03-27,95.000,96.920,93.500,95.190,256185.000,,raw
2025-03-28,95.000,98.000,93.780,95.170,196075.000,,raw
2025-03-31,94.000,98.120,93.940,98.120,243931.000,,raw
2025-04-01,98.510,98.980,96.310,97.180,178132.000,,raw
2025-04-02,97.600,101.650,97.210,99.530,299755.000,,raw
2025-04-03,95.000,95.990,89.670,92.780,465705.000,,raw
2025-04-07,79.750,79.880,74.220,74.220,399174.000,,raw
2025-04-08,75.740,76.200,68.430,70.370,619956.000,,raw
2025-04-09,67.880,71.350,65.640,70.410,460949.000,,raw
2025-04-10,79.000,81.380,76.420,76.770,596359.000,,raw
2025-04-11,75.400,80.340,74.600,77.740,396850.000,,raw
2025-04-14,80.000,82.330,78.370,78.920,405973.000,,raw
2025-04-15,78.280,79.220,76.700,78.560,239981.000,,raw
2025-04-16,75.940,76.000,73.540,75.080,292132.000,,raw
2025-04-17,75.480,76.680,74.210,75.320,211413.000,,raw
2025-04-18,75.620,77.940,75.180,77.860,294241.000,,raw
2025-04-21,79.610,81.480,78.500,81.420,363801.000,,raw
2025-04-22,81.000,81.880,79.600,81.200,311091.000,,raw
2025-04-23,86.830,93.500,84.850,91.330,818427.000,,raw
2025-04-24,90.930,92.630,90.000,90.350,414446.000,,raw
2025-04-25,93.000,98.260,92.540,95.160,583142.000,,raw
2025-04-28,95.880,95.970,91.000,91.210,410624.000,,raw
2025-04-29,91.300,91.910,89.350,90.350,296249.000,,raw
2025-04-30,90.320,90.600,88.650,89.790,254081.000,,raw
2025-05-06,92.900,94.580,92.800,93.630,387073.000,,raw
2025-05-07,95.980,96.680,93.220,94.200,329912.000,,raw
2025-05-08,96.500,109.600,96.500,107.950,965723.000,,raw
2025-05-09,106.260,110.920,106.200,109.210,560959.000,,raw
2025-05-12,114.000,115.080,109.500,112.840,587720.000,,raw
2025-05-13,115.000,118.880,113.000,115.880,603816.000,,raw
2025-05-14,118.990,125.550,118.010,118.850,665092.000,,raw
2025-05-15,119.990,120.000,115.200,115.890,470811.000,,raw
2025-05-16,115.820,121.560,114.820,118.600,378028.000,,raw
2025-05-19,118.500,119.500,115.500,115.980,277514.000,,raw
2025-05-20,116.760,118.080,115.400,116.530,208339.000,,raw
2025-05-21,117.520,118.300,114.310,116.760,219599.000,,raw
2025-05-22,115.500,120.990,114.900,117.720,320632.000,,raw
2025-05-23,117.100,118.510,115.470,115.930,192824.000,,raw
2025-05-26,117.000,117.600,113.400,115.760,211832.000,,raw
2025-05-27,114.120,115.050,108.880,112.130,366624.000,,raw
2025-05-28,81.030,85.800,81.030,84.620,580525.000,"{'nd': '2024', 'fh_sh': '4.5', 'djr': '2025-05-27', 'cqr': '2025-05-28', 'FHcontent': '10派4.5元转4股'}",raw
2025-05-29,86.000,89.880,85.000,87.160,625566.000,,raw
2025-05-30,85.000,88.570,84.510,88.270,387265.000,,raw
2025-06-03,87.150,88.160,85.840,86.360,308703.000,,raw
2025-06-04,88.500,93.880,88.500,92.550,638431.000,,raw
2025-06-05,94.400,98.460,92.330,96.900,555070.000,,raw
2025-06-06,95.900,101.260,94.970,99.730,466925.000,,raw
2025-06-09,103.000,103.970,98.980,100.870,583346.000,,raw
2025-06-10,99.200,101.470,98.530,99.600,417237.000,,raw
2025-06-11,100.150,100.700,97.960,98.360,361026.000,,raw
2025-06-12,97.760,104.140,97.130,100.810,598080.000,,raw
2025-06-13,99.110,102.810,98.880,100.050,329096.000,,raw
2025-06-16,99.600,108.200,99.600,106.700,584456.000,,raw
2025-06-17,107.000,108.670,105.110,107.120,364149.000,,raw
2025-06-18,106.090,112.560,104.530,112.220,563977.000,,raw
2025-06-19,110.500,114.890,110.500,113.000,445477.000,,raw
2025-06-20,113.970,113.970,108.200,110.010,430760.000,,raw
2025-06-23,108.070,109.960,104.720,107.280,399667.000,,raw
2025-06-24,108.380,109.970,105.900,106.710,350815.000,,raw
2025-06-25,109.900,110.990,106.680,110.400,513647.000,,raw
2025-06-26,111.900,117.990,111.000,116.800,556445.000,,raw
2025-06-27,115.800,124.660,113.880,123.180,606225.000,,raw
2025-06-30,124.700,128.390,121.380,127.020,593811.000,,raw
2025-07-01,125.030,128.800,124.890,127.200,289897.000,,raw
2025-07-02,124.920,125.580,121.300,124.980,350244.000,,raw
2025-07-03,127.420,130.970,126.050,129.660,457260.000,,raw
2025-07-04,129.820,132.280,127.330,128.350,439030.000,,raw
2025-07-07,126.500,128.890,121.400,126.490,407601.000,,raw
2025-07-08,126.480,135.000,126.050,134.980,478315.000,,raw
2025-07-09,134.550,137.970,134.010,135.550,358957.000,,raw
2025-07-10,137.550,138.580,129.350,133.050,525019.000,,raw
2025-07-11,134.290,134.350,130.050,131.160,318894.000,,raw
2025-07-14,132.500,133.100,129.380,130.900,303612.000,,raw
2025-07-15,149.020,157.080,148.280,157.080,525323.000,,raw
2025-07-16,161.710,179.280,161.000,169.800,1149386.000,,raw
2025-07-17,167.010,185.000,167.010,183.500,677761.000,,raw
2025-07-18,186.500,191.000,180.000,182.320,643490.000,,raw
2025-07-21,184.830,186.600,173.790,178.260,606420.000,,raw
2025-07-22,178.270,184.200,174.830,176.710,562958.000,,raw
2025-07-23,172.610,175.550,169.800,174.200,431956.000,,raw
2025-07-24,176.710,177.330,167.590,172.800,526642.000,,raw
2025-07-25,172.300,175.730,172.200,172.970,286817.000,,raw
2025-07-28,172.960,179.760,170.180,177.800,647447.000,,raw
2025-07-29,178.270,194.430,178.230,193.390,775884.000,,raw
2025-07-30,188.000,192.370,183.830,190.350,571082.000,,raw
2025-07-31,199.000,200.880,188.100,189.210,749112.000,,raw
2025-08-01,185.140,191.600,180.440,183.120,505863.000,,raw
2025-08-04,179.640,185.340,177.830,184.500,333705.000,,raw
2025-08-05,189.000,190.010,176.300,182.450,442166.000,,raw
2025-08-06,180.000,187.580,179.110,186.400,309181.000,,raw
2025-08-07,186.400,189.460,176.420,183.620,406133.000,,raw
2025-08-08,183.000,185.580,180.880,182.280,261915.000,,raw
2025-08-11,182.330,196.300,182.320,192.890,416047.000,,raw
2025-08-12,193.380,205.000,193.200,204.900,517867.000,,raw
2025-08-13,206.000,238.600,204.610,236.560,601120.000,,raw
2025-08-14,233.300,239.800,230.660,231.060,449757.000,,raw
2025-08-15,230.010,237.210,226.890,233.200,400483.000,,raw
2025-08-18,233.340,251.660,227.860,244.290,499041.000,,raw
2025-08-19,244.290,263.600,241.520,256.790,451176.000,,raw
2025-08-20,247.000,255.480,236.220,255.140,418241.000,,raw
2025-08-21,255.810,262.600,246.220,257.860,397304.000,,raw
2025-08-22,254.210,279.000,254.210,273.810,460223.000,,raw
2025-08-25,283.320,304.080,275.780,296.120,587100.000,,raw
2025-08-26,298.000,300.900,282.040,282.040,489957.000,,raw
2025-08-27,290.090,324.420,290.090,308.330,735108.000,,raw
2025-08-28,301.800,355.190,301.800,354.950,730042.000,,raw
2025-08-29,350.000,368.000,337.000,356.200,608797.000,,raw
2025-09-01,362.000,399.900,352.010,388.500,660462.000,,raw
2025-09-02,388.000,401.100,345.000,358.200,926196.000,,raw
2025-09-03,355.000,382.000,345.800,369.710,736126.000,,raw
2025-09-04,383.000,393.710,309.000,312.100,1041403.000,,raw
2025-09-05,321.000,354.000,310.000,349.250,846435.000,,raw
2025-09-08,339.990,340.000,295.160,314.500,794767.000,,raw
2025-09-09,307.020,320.310,305.000,315.320,530050.000,,raw
2025-09-10,340.010,346.880,321.370,334.950,745752.000,,raw
2025-09-11,345.990,381.520,345.000,379.900,760904.000,,raw
2025-09-12,360.000,365.990,352.800,357.980,579420.000,,raw
2025-09-15,343.010,355.980,338.000,350.300,377524.000,,raw
2025-09-16,348.940,357.880,332.330,345.750,510928.000,,raw
2025-09-17,343.080,352.260,336.000,347.660,343930.000,,raw
2025-09-18,339.020,359.890,333.880,345.510,525091.000,,raw
2025-09-19,350.900,358.470,336.970,350.000,444820.000,,raw
2025-09-22,348.000,348.000,328.880,343.000,410119.000,,raw
2025-09-23,361.110,369.800,338.000,353.000,555747.000,,raw
2025-09-24,344.020,363.990,333.800,354.640,439716.000,,raw
2025-09-25,348.230,385.880,341.000,376.000,564322.000,,raw
2025-09-26,376.130,388.410,372.000,374.000,386107.000,,raw
2025-09-29,370.110,398.600,370.110,388.280,413732.000,,raw
2025-09-30,389.000,395.000,363.000,365.770,495882.000,,raw
2025-10-09,374.000,374.770,350.000,351.150,522921.000,,raw
2025-10-10,355.010,365.560,345.210,346.200,439541.000,,raw
2025-10-13,328.120,348.600,325.200,348.600,443519.000,,raw
2025-10-14,355.700,355.700,315.680,316.500,612318.000,,raw
2025-10-15,321.300,324.330,310.000,322.590,355211.000,,raw
2025-10-16,317.810,336.000,317.030,324.760,311754.000,,raw
2025-10-17,322.500,326.660,314.220,316.310,306536.000,,raw
2025-10-20,335.010,345.750,324.580,329.240,487326.000,,raw
2025-10-21,330.010,375.580,324.330,365.420,614690.000,,raw
2025-10-22,360.310,373.770,360.310,362.830,389182.000,,raw
2025-10-23,360.200,363.000,340.000,347.760,334563.000,,raw
2025-10-24,355.000,378.200,345.010,372.970,548936.000,,raw
2025-10-27,390.000,414.000,381.000,403.950,581617.000,,raw
2025-10-28,395.000,423.200,395.000,410.620,480215.000,,raw
2025-10-29,428.000,433.330,399.310,406.100,563578.000,,raw
2025-10-30,382.000,394.870,372.480,374.000,785612.000,,raw
2025-10-31,371.840,373.000,342.100,344.310,584004.000,,raw
2025-11-03,339.980,350.500,335.850,346.760,387029.000,,raw
2025-11-04,349.110,359.630,345.000,348.040,346396.000,,raw
2025-11-05,335.100,348.500,335.100,346.100,257618.000,,raw
2025-11-06,353.020,362.560,347.690,356.710,394465.000,,raw
2025-11-07,350.100,358.000,344.110,349.790,293140.000,,raw
2025-11-10,349.950,353.790,322.750,336.000,472601.000,,raw
2025-11-11,340.000,346.970,322.750,326.000,376095.000,,raw
2025-11-12,320.330,331.680,315.880,329.100,404972.000,,raw
2025-11-13,328.800,328.880,317.550,325.850,278656.000,,raw
2025-11-14,318.010,319.680,310.580,310.580,326768.000,,raw
2025-11-17,314.330,320.070,306.660,311.700,319867.000,,raw
2025-11-18,308.010,324.930,306.610,316.860,344079.000,,raw
2025-11-19,316.300,328.000,313.890,322.400,350956.000,,raw
2025-11-20,338.520,343.280,324.250,327.740,393776.000,,raw
2025-11-21,313.900,314.000,299.850,300.000,437004.000,,raw
2025-11-24,304.560,308.780,287.310,293.000,468357.000,,raw
2025-11-25,303.000,315.500,302.030,304.720,464201.000,,raw
2025-11-26,302.000,341.610,297.550,331.120,678786.000,,raw
2025-11-27,324.000,364.900,323.500,340.800,631253.000,,raw
2025-11-28,340.000,357.770,338.000,347.800,414492.000,,raw
2025-12-01,352.000,361.000,343.570,355.610,386859.000,,raw
2025-12-02,355.620,369.110,351.490,365.000,378605.000,,raw
2025-12-03,371.800,392.800,370.000,373.130,580277.000,,raw
2025-12-04,367.130,375.910,362.780,374.250,336775.000,,raw
2025-12-05,381.650,386.000,373.730,377.510,354272.000,,raw
2025-12-08,375.120,415.510,375.030,404.520,559413.000,,raw
2025-12-09,404.830,426.500,402.030,419.130,483437.000,,raw
2025-12-10,418.000,438.890,398.680,432.260,515106.000,,raw
2025-12-11,428.530,451.710,415.000,416.510,610493.000,,raw
2025-12-12,417.000,439.550,417.000,428.000,583769.000,,raw
2025-12-15,411.880,443.000,410.000,426.810,386532.000,,raw
2025-12-16,420.980,425.980,401.800,407.200,387885.000,,raw
2025-12-17,408.510,446.330,408.500,446.100,492639.000,,raw
2025-12-18,437.210,443.600,423.500,425.500,400421.000,,raw
2025-12-19,436.000,449.090,425.510,434.300,357191.000,,raw
2025-12-22,451.170,466.660,447.000,462.990,393324.000,,raw
2025-12-23,462.900,468.810,454.100,458.000,295434.000,,raw
2025-12-24,459.990,461.990,447.000,453.510,298163.000,,raw
2025-12-25,456.000,464.550,441.000,447.990,282568.000,,raw
2025-12-26,441.000,450.000,435.790,445.300,249069.000,,raw
2025-12-29,440.000,450.980,433.670,444.500,246676.000,,raw
2025-12-30,440.000,454.880,436.710,446.000,258850.000,,raw
2025-12-31,445.000,451.290,430.000,430.880,286178.000,,raw
