trade_date,open,high,low,close,adj_close,volume,amount,price_type
2019-01-02,20.685,20.695,20.335,20.475,20.475,50160.0,,adjusted
2019-01-03,20.465,21.625,20.405,21.095,21.095,116371.0,,adjusted
2019-01-04,21.005,21.275,20.645,21.215,21.215,86602.0,,adjusted
2019-01-07,21.315,22.045,21.295,21.925,21.925,128968.0,,adjusted
2019-01-08,21.845,21.845,21.445,21.535,21.535,59419.0,,adjusted
2019-01-09,21.675,21.775,21.425,21.485,21.485,50547.0,,adjusted
2019-01-10,21.485,21.725,21.315,21.585,21.585,52367.0,,adjusted
2019-01-11,21.445,21.765,21.445,21.695,21.695,41489.0,,adjusted
2019-01-14,21.695,21.725,21.405,21.525,21.525,29311.0,,adjusted
2019-01-15,21.525,21.725,21.475,21.645,21.645,33027.0,,adjusted
2019-01-16,21.685,21.755,21.435,21.555,21.555,41700.0,,adjusted
2019-01-17,21.615,21.665,21.215,21.275,21.275,38986.0,,adjusted
2019-01-18,21.355,21.625,21.285,21.495,21.495,39529.0,,adjusted
2019-01-21,21.565,21.735,21.425,21.665,21.665,46146.0,,adjusted
2019-01-22,21.565,21.655,21.105,21.265,21.265,42453.0,,adjusted
2019-01-23,21.275,21.515,21.135,21.505,21.505,44312.0,,adjusted
2019-01-24,21.535,21.925,21.285,21.815,21.815,66098.0,,adjusted
2019-01-25,21.805,21.865,21.555,21.575,21.575,32777.0,,adjusted
2019-01-28,21.685,21.885,21.355,21.425,21.425,45268.0,,adjusted
2019-01-29,21.435,21.535,21.025,21.105,21.105,56005.0,,adjusted
2019-01-30,21.085,21.325,21.025,21.155,21.155,35636.0,,adjusted
2019-01-31,21.205,21.305,20.875,20.975,20.975,50039.0,,adjusted
2019-02-01,21.025,21.325,21.005,21.285,21.285,34702.0,,adjusted
2019-02-11,21.325,21.665,21.285,21.655,21.655,55468.0,,adjusted
2019-02-12,21.655,22.105,21.535,21.935,21.935,79832.0,,adjusted
2019-02-13,21.965,22.495,21.865,22.315,22.315,88515.0,,adjusted
2019-02-14,22.365,22.635,22.305,22.395,22.395,74459.0,,adjusted
2019-02-15,22.395,22.635,22.175,22.275,22.275,67571.0,,adjusted
2019-02-18,22.335,23.335,22.335,23.225,23.225,130036.0,,adjusted
2019-02-19,23.375,23.635,23.015,23.515,23.515,119996.0,,adjusted
2019-02-20,23.515,23.935,23.105,23.675,23.675,121155.0,,adjusted
2019-02-21,24.055,24.595,23.355,23.475,23.475,171384.0,,adjusted
2019-02-22,23.355,23.925,23.175,23.805,23.805,85305.0,,adjusted
2019-02-25,24.065,25.355,23.935,25.155,25.155,223466.0,,adjusted
2019-02-26,24.745,24.885,24.265,24.445,24.445,254316.0,,adjusted
2019-02-27,24.175,25.225,23.935,24.225,24.225,237455.0,,adjusted
2019-02-28,24.475,24.755,23.875,24.215,24.215,149692.0,,adjusted
2019-03-01,24.315,24.315,23.765,24.095,24.095,114656.0,,adjusted
2019-03-04,24.175,24.935,24.095,24.485,24.485,207018.0,,adjusted
2019-03-05,24.445,25.155,24.355,25.005,25.005,163066.0,,adjusted
2019-03-06,25.385,25.505,24.635,25.045,25.045,153721.0,,adjusted
2019-03-07,24.895,25.305,24.625,24.795,24.795,145416.0,,adjusted
2019-03-08,24.455,24.895,23.795,23.885,23.885,172211.0,,adjusted
2019-03-11,23.925,24.915,23.925,24.855,24.855,139233.0,,adjusted
2019-03-12,25.275,26.155,24.885,25.665,25.665,304292.0,,adjusted
2019-03-13,25.865,26.925,25.185,25.515,25.515,322266.0,,adjusted
2019-03-14,25.615,25.645,24.445,24.825,24.825,190244.0,,adjusted
2019-03-15,25.095,25.225,24.285,24.535,24.535,170224.0,,adjusted
2019-03-18,24.625,24.925,24.455,24.865,24.865,134843.0,,adjusted
2019-03-19,25.055,25.525,24.835,25.205,25.205,139344.0,,adjusted
2019-03-20,25.215,25.245,24.375,24.815,24.815,117237.0,,adjusted
2019-03-21,24.825,25.095,24.785,24.895,24.895,97730.0,,adjusted
2019-03-22,24.815,25.675,24.805,25.675,25.675,184283.0,,adjusted
2019-03-25,25.735,27.375,25.575,26.435,26.435,365921.0,,adjusted
2019-03-26,26.465,26.575,25.185,25.275,25.275,202860.0,,adjusted
2019-03-27,25.375,25.425,24.725,25.045,25.045,115599.0,,adjusted
2019-03-28,25.015,25.465,24.745,24.855,24.855,88549.0,,adjusted
2019-03-29,24.885,25.375,24.835,25.375,25.375,184228.0,,adjusted
2019-04-01,25.665,26.125,25.385,25.965,25.965,240498.0,,adjusted
2019-04-02,26.035,26.655,25.685,25.925,25.925,230660.0,,adjusted
2019-04-03,25.675,26.255,25.575,26.085,26.085,168028.0,,adjusted
2019-04-04,26.275,26.355,25.825,26.105,26.105,163418.0,,adjusted
2019-04-08,26.375,26.505,25.475,25.605,25.605,189108.0,,adjusted
2019-04-09,25.625,25.705,25.305,25.525,25.525,104857.0,,adjusted
2019-04-10,25.415,25.475,25.045,25.305,25.305,114091.0,,adjusted
2019-04-11,25.285,25.755,25.125,25.455,25.455,139196.0,,adjusted
2019-04-12,25.445,25.475,25.075,25.185,25.185,78321.0,,adjusted
2019-04-15,25.415,25.695,25.075,25.105,25.105,127958.0,,adjusted
2019-04-16,24.975,25.335,24.525,25.335,25.335,111656.0,,adjusted
2019-04-17,25.315,25.575,25.185,25.355,25.355,87826.0,,adjusted
2019-04-18,25.415,25.625,25.225,25.395,25.395,89007.0,,adjusted
2019-04-19,25.355,25.515,25.045,25.405,25.405,72632.0,,adjusted
2019-04-22,25.515,25.655,25.245,25.265,25.265,91020.0,,adjusted
2019-04-23,25.205,25.335,24.535,24.625,24.625,102671.0,,adjusted
2019-04-24,24.635,24.855,24.495,24.715,24.715,66627.0,,adjusted
2019-04-25,24.715,24.715,23.875,23.895,23.895,124694.0,,adjusted
2019-04-26,23.835,23.935,23.465,23.575,23.575,89809.0,,adjusted
2019-04-29,23.685,23.815,23.235,23.285,23.285,73183.0,,adjusted
2019-04-30,23.335,23.675,23.195,23.285,23.285,72131.0,,adjusted
2019-05-06,23.055,23.395,21.675,22.235,22.235,147666.0,,adjusted
2019-05-07,22.275,22.615,22.125,22.385,22.385,88483.0,,adjusted
2019-05-08,21.995,22.475,21.895,22.285,22.285,63669.0,,adjusted
2019-05-09,22.275,22.475,21.955,22.215,22.215,73743.0,,adjusted
2019-05-10,22.335,23.065,22.075,22.925,22.925,103534.0,,adjusted
2019-05-13,22.695,22.895,22.385,22.455,22.455,67034.0,,adjusted
2019-05-14,22.325,22.715,22.275,22.375,22.375,73429.0,,adjusted
2019-05-15,22.555,22.605,22.255,22.535,22.535,75191.0,,adjusted
2019-05-16,22.525,23.035,22.405,22.875,22.875,96941.0,,adjusted
2019-05-17,22.865,22.865,22.125,22.155,22.155,79695.0,,adjusted
2019-05-20,22.175,22.525,22.095,22.405,22.405,52953.0,,adjusted
2019-05-21,22.405,22.825,22.175,22.615,22.615,77211.0,,adjusted
2019-05-22,22.625,22.815,22.275,22.465,22.465,50707.0,,adjusted
2019-05-23,22.525,23.015,22.375,22.515,22.515,94400.0,,adjusted
2019-05-24,22.375,22.605,22.125,22.165,22.165,58049.0,,adjusted
2019-05-27,22.285,22.705,22.095,22.595,22.595,61421.0,,adjusted
2019-05-28,22.585,22.915,22.465,22.915,22.915,82558.0,,adjusted
2019-05-29,22.655,22.845,22.555,22.675,22.675,48583.0,,adjusted
2019-05-30,22.605,22.675,22.245,22.435,22.435,64288.0,,adjusted
2019-05-31,22.607,22.607,22.327,22.477,22.477,51294.0,,adjusted
2019-06-03,22.587,22.617,22.017,22.117,22.117,64900.0,,adjusted
2019-06-04,22.087,22.097,21.867,21.927,21.927,50844.0,,adjusted
2019-06-05,22.007,22.107,21.637,21.637,21.637,62286.0,,adjusted
2019-06-06,21.607,21.607,21.017,21.037,21.037,78855.0,,adjusted
2019-06-10,21.067,21.337,21.047,21.277,21.277,66441.0,,adjusted
2019-06-11,21.277,21.777,21.127,21.757,21.757,92678.0,,adjusted
2019-06-12,21.717,21.777,21.447,21.487,21.487,68296.0,,adjusted
2019-06-13,21.617,21.637,21.437,21.517,21.517,50788.0,,adjusted
2019-06-14,21.487,21.837,21.317,21.327,21.327,89617.0,,adjusted
2019-06-17,21.277,21.357,20.777,20.917,20.917,84970.0,,adjusted
2019-06-18,20.927,20.997,20.747,20.857,20.857,56785.0,,adjusted
2019-06-19,21.117,21.367,21.117,21.237,21.237,91534.0,,adjusted
2019-06-20,21.247,21.627,21.067,21.547,21.547,80879.0,,adjusted
2019-06-21,21.547,21.827,21.517,21.757,21.757,96378.0,,adjusted
2019-06-24,21.807,21.947,21.607,21.717,21.717,61403.0,,adjusted
2019-06-25,21.767,21.947,21.447,21.877,21.877,82856.0,,adjusted
2019-06-26,21.727,22.057,21.597,22.057,22.057,55150.0,,adjusted
2019-06-27,22.067,22.337,21.987,22.117,22.117,88354.0,,adjusted
2019-06-28,22.117,22.217,21.627,21.827,21.827,60546.0,,adjusted
2019-07-01,22.067,22.347,22.067,22.277,22.277,89475.0,,adjusted
2019-07-02,22.427,22.547,22.117,22.277,22.277,81273.0,,adjusted
2019-07-03,22.217,22.447,22.017,22.367,22.367,90945.0,,adjusted
2019-07-04,22.267,23.567,22.227,23.077,23.077,276971.0,,adjusted
2019-07-05,22.977,23.087,22.727,22.777,22.777,99582.0,,adjusted
2019-07-22,22.717,22.717,21.447,21.617,21.617,171691.0,,adjusted
2019-07-23,21.557,21.827,21.367,21.727,21.727,116030.0,,adjusted
2019-07-24,21.817,22.367,21.797,22.197,22.197,94028.0,,adjusted
2019-07-25,22.197,22.487,22.017,22.117,22.117,63077.0,,adjusted
2019-07-26,22.137,22.657,21.997,22.567,22.567,109819.0,,adjusted
2019-07-29,22.547,22.787,22.507,22.567,22.567,74483.0,,adjusted
2019-07-30,22.797,22.807,22.457,22.517,22.517,59368.0,,adjusted
2019-07-31,22.427,22.677,22.407,22.617,22.617,63479.0,,adjusted
2019-08-01,22.667,22.777,22.117,22.127,22.127,91439.0,,adjusted
2019-08-02,21.777,21.797,21.467,21.607,21.607,96125.0,,adjusted
2019-08-05,21.337,21.907,21.327,21.417,21.417,86018.0,,adjusted
2019-08-06,21.117,21.487,20.737,21.097,21.097,103878.0,,adjusted
2019-08-07,21.137,21.437,20.907,21.117,21.117,72428.0,,adjusted
2019-08-08,21.277,21.577,21.177,21.297,21.297,51391.0,,adjusted
2019-08-09,21.367,21.447,20.847,20.897,20.897,72435.0,,adjusted
2019-08-12,20.967,21.107,20.897,21.097,21.097,53908.0,,adjusted
2019-08-13,20.937,21.397,20.927,21.147,21.147,39217.0,,adjusted
2019-08-14,21.367,21.407,21.007,21.247,21.247,55896.0,,adjusted
2019-08-15,20.817,21.237,20.757,21.177,21.177,42712.0,,adjusted
2019-08-16,21.177,21.487,21.167,21.307,21.307,63235.0,,adjusted
2019-08-19,21.407,21.987,21.317,21.837,21.837,98379.0,,adjusted
2019-08-20,21.837,22.047,21.747,21.817,21.817,66962.0,,adjusted
2019-08-21,21.817,22.177,21.737,22.017,22.017,69484.0,,adjusted
2019-08-22,22.117,22.357,21.947,22.157,22.157,74302.0,,adjusted
2019-08-23,22.107,22.377,21.907,22.077,22.077,58035.0,,adjusted
2019-08-26,21.637,22.097,21.327,22.057,22.057,93153.0,,adjusted
2019-08-27,22.127,22.497,21.777,22.217,22.217,117423.0,,adjusted
2019-08-28,22.287,22.567,22.027,22.187,22.187,85979.0,,adjusted
2019-08-29,22.307,22.707,22.127,22.387,22.387,118356.0,,adjusted
2019-08-30,22.387,22.747,22.357,22.677,22.677,128201.0,,adjusted
2019-09-02,22.777,23.937,22.767,23.707,23.707,262215.0,,adjusted
2019-09-03,23.557,23.817,23.357,23.497,23.497,151188.0,,adjusted
2019-09-04,23.467,23.667,23.127,23.437,23.437,111208.0,,adjusted
2019-09-05,23.517,23.747,23.327,23.607,23.607,164808.0,,adjusted
2019-09-06,23.617,23.807,23.147,23.257,23.257,156237.0,,adjusted
2019-09-09,23.397,23.607,23.057,23.537,23.537,184806.0,,adjusted
2019-09-10,23.567,23.987,23.297,23.567,23.567,156266.0,,adjusted
2019-09-11,23.517,23.667,23.237,23.567,23.567,94878.0,,adjusted
2019-09-12,23.607,23.607,23.167,23.397,23.397,110675.0,,adjusted
2019-09-16,23.467,23.557,23.087,23.177,23.177,113262.0,,adjusted
2019-09-17,23.077,23.127,22.337,22.377,22.377,128426.0,,adjusted
2019-09-18,22.407,22.567,22.287,22.317,22.317,60541.0,,adjusted
2019-09-19,22.417,22.577,22.297,22.517,22.517,56719.0,,adjusted
2019-09-20,22.537,22.567,22.237,22.517,22.517,81110.0,,adjusted
2019-09-23,22.407,22.487,21.847,22.017,22.017,87570.0,,adjusted
2019-09-24,22.067,22.167,21.917,22.017,22.017,69009.0,,adjusted
2019-09-25,21.907,21.967,21.587,21.617,21.617,64294.0,,adjusted
2019-09-26,21.767,21.767,20.967,21.037,21.037,126977.0,,adjusted
2019-09-27,21.057,21.257,21.017,21.127,21.127,75440.0,,adjusted
2019-09-30,21.127,21.227,20.907,20.987,20.987,53492.0,,adjusted
2019-10-08,21.097,21.167,20.827,20.827,20.827,62691.0,,adjusted
2019-10-09,20.897,21.067,20.797,21.067,21.067,35973.0,,adjusted
2019-10-10,21.067,21.147,20.977,21.107,21.107,52247.0,,adjusted
2019-10-11,21.117,21.207,20.857,21.027,21.027,51053.0,,adjusted
2019-10-14,21.307,21.307,21.127,21.237,21.237,60161.0,,adjusted
2019-10-15,21.247,21.267,20.907,20.957,20.957,58656.0,,adjusted
2019-10-16,20.957,21.077,20.957,21.057,21.057,47755.0,,adjusted
2019-10-17,21.047,21.057,20.877,20.917,20.917,36547.0,,adjusted
2019-10-18,20.937,21.077,20.437,20.437,20.437,74853.0,,adjusted
2019-10-21,20.437,20.467,20.047,20.197,20.197,61806.0,,adjusted
2019-10-22,20.207,20.407,20.207,20.377,20.377,34917.0,,adjusted
2019-10-23,20.917,20.917,20.357,20.377,20.377,56366.0,,adjusted
2019-10-24,20.317,20.567,20.127,20.437,20.437,52470.0,,adjusted
2019-10-25,20.387,20.537,20.197,20.527,20.527,52304.0,,adjusted
2019-10-28,20.557,20.587,20.317,20.557,20.557,62834.0,,adjusted
2019-10-29,20.557,20.557,20.117,20.187,20.187,73299.0,,adjusted
2019-10-30,19.977,20.457,19.707,20.237,20.237,87728.0,,adjusted
2019-10-31,20.257,20.347,20.117,20.257,20.257,44516.0,,adjusted
2019-11-01,20.197,20.317,20.017,20.307,20.307,43761.0,,adjusted
2019-11-04,20.317,20.367,20.137,20.197,20.197,42386.0,,adjusted
2019-11-05,20.207,20.367,20.127,20.297,20.297,41058.0,,adjusted
2019-11-06,20.517,20.877,20.427,20.517,20.517,107357.0,,adjusted
2019-11-07,20.427,20.617,20.397,20.457,20.457,51339.0,,adjusted
2019-11-08,20.327,20.367,19.527,19.597,19.597,146046.0,,adjusted
2019-11-11,19.437,19.497,18.917,19.077,19.077,100174.0,,adjusted
2019-11-12,19.017,19.107,18.767,19.017,19.017,50765.0,,adjusted
2019-11-13,18.997,19.117,18.877,19.067,19.067,32717.0,,adjusted
2019-11-14,19.047,19.097,18.827,18.917,18.917,50296.0,,adjusted
2019-11-15,18.917,18.967,18.287,18.287,18.287,73269.0,,adjusted
2019-11-18,18.357,18.767,18.267,18.707,18.707,55076.0,,adjusted
2019-11-19,18.657,18.947,18.647,18.747,18.747,56994.0,,adjusted
2019-11-20,18.747,18.827,18.617,18.627,18.627,40747.0,,adjusted
2019-11-21,18.617,19.217,18.557,19.107,19.107,74627.0,,adjusted
2019-11-22,19.037,19.247,18.887,19.137,19.137,51898.0,,adjusted
2019-11-25,19.127,19.137,18.867,19.077,19.077,36645.0,,adjusted
2019-11-26,19.167,19.477,19.007,19.477,19.477,66241.0,,adjusted
2019-11-27,19.277,19.277,19.037,19.267,19.267,37914.0,,adjusted
2019-11-28,19.197,19.307,19.077,19.267,19.267,22480.0,,adjusted
2019-11-29,19.277,19.397,19.107,19.397,19.397,32999.0,,adjusted
2019-12-02,19.387,19.387,19.157,19.237,19.237,23795.0,,adjusted
2019-12-03,19.217,19.217,18.897,19.087,19.087,47484.0,,adjusted
2019-12-04,18.987,19.417,18.897,19.397,19.397,50928.0,,adjusted
2019-12-05,19.377,19.707,19.317,19.617,19.617,48769.0,,adjusted
2019-12-06,19.617,19.727,19.377,19.587,19.587,35215.0,,adjusted
2019-12-09,19.517,19.587,19.297,19.407,19.407,39759.0,,adjusted
2019-12-10,19.317,19.427,19.267,19.287,19.287,30980.0,,adjusted
2019-12-11,19.417,19.417,19.187,19.267,19.267,32296.0,,adjusted
2019-12-12,19.307,19.407,19.197,19.297,19.297,42358.0,,adjusted
2019-12-13,19.357,19.457,19.217,19.447,19.447,72951.0,,adjusted
2019-12-16,19.507,19.877,19.377,19.787,19.787,92735.0,,adjusted
2019-12-17,19.737,20.037,19.717,19.847,19.847,96145.0,,adjusted
2019-12-18,19.977,19.977,19.737,19.737,19.737,58914.0,,adjusted
2019-12-19,19.717,19.877,19.667,19.767,19.767,52773.0,,adjusted
2019-12-20,19.747,19.827,19.427,19.427,19.427,60220.0,,adjusted
2019-12-23,19.377,19.497,18.937,18.947,18.947,67584.0,,adjusted
2019-12-24,19.017,19.197,19.017,19.167,19.167,37027.0,,adjusted
2019-12-25,19.197,19.287,19.047,19.107,19.107,61597.0,,adjusted
2019-12-26,19.067,19.487,19.027,19.477,19.477,55868.0,,adjusted
2019-12-27,19.427,19.877,19.427,19.767,19.767,83186.0,,adjusted
2019-12-30,19.697,20.597,19.557,20.577,20.577,150942.0,,adjusted
2019-12-31,20.617,20.807,20.397,20.797,20.797,98556.0,,adjusted
2020-01-02,20.817,21.877,20.677,21.487,21.487,159696.0,,adjusted
2020-01-03,21.547,21.707,21.267,21.557,21.557,122536.0,,adjusted
2020-01-06,21.787,22.237,21.257,21.417,21.417,157699.0,,adjusted
2020-01-07,21.307,22.217,21.307,22.117,22.117,161767.0,,adjusted
2020-01-08,22.267,22.717,22.097,22.327,22.327,186023.0,,adjusted
2020-01-09,21.897,22.347,21.787,22.157,22.157,97092.0,,adjusted
2020-01-10,22.017,22.337,21.657,21.867,21.867,73782.0,,adjusted
2020-01-13,21.807,21.987,21.467,21.697,21.697,78670.0,,adjusted
2020-01-14,21.947,22.207,21.577,21.657,21.657,84608.0,,adjusted
2020-01-15,21.647,21.707,21.277,21.337,21.337,82246.0,,adjusted
2020-01-16,21.457,21.797,21.357,21.387,21.387,63210.0,,adjusted
2020-01-17,21.387,21.647,21.227,21.357,21.357,86095.0,,adjusted
2020-01-20,21.407,21.667,21.247,21.367,21.367,99787.0,,adjusted
2020-01-21,21.367,21.797,21.097,21.197,21.197,113292.0,,adjusted
2020-01-22,21.107,21.107,20.627,21.027,21.027,84560.0,,adjusted
2020-01-23,20.917,21.487,20.317,20.707,20.707,114844.0,,adjusted
2020-02-03,18.547,18.837,18.547,18.547,18.547,121311.0,,adjusted
2020-02-04,18.417,18.887,18.197,18.817,18.817,136669.0,,adjusted
2020-02-05,18.787,19.297,18.637,19.067,19.067,119397.0,,adjusted
2020-02-06,19.187,19.467,18.977,19.297,19.297,112372.0,,adjusted
2020-02-07,19.297,20.117,19.147,19.917,19.917,119896.0,,adjusted
2020-02-10,19.847,19.917,19.477,19.607,19.607,110507.0,,adjusted
2020-02-11,19.617,19.737,19.477,19.517,19.517,81070.0,,adjusted
2020-02-12,19.527,19.717,19.427,19.677,19.677,67113.0,,adjusted
2020-02-13,19.617,19.677,19.157,19.177,19.177,104553.0,,adjusted
2020-02-14,19.157,19.427,19.087,19.287,19.287,67004.0,,adjusted
2020-02-17,21.237,21.307,20.667,21.307,21.307,165703.0,,adjusted
2020-02-18,23.527,23.527,23.527,23.527,23.527,53826.0,,adjusted
2020-02-19,24.117,25.967,23.827,25.337,25.337,1300988.0,,adjusted
2020-02-20,24.827,24.827,23.667,24.187,24.187,766867.0,,adjusted
2020-02-21,24.217,26.117,23.917,25.297,25.297,622103.0,,adjusted
2020-02-24,24.807,24.977,24.247,24.557,24.557,394070.0,,adjusted
2020-02-25,23.717,24.067,22.417,23.607,23.607,463627.0,,adjusted
2020-02-26,23.117,24.237,22.887,22.887,22.887,341190.0,,adjusted
2020-02-27,23.217,24.267,23.017,23.637,23.637,331301.0,,adjusted
2020-02-28,22.627,23.217,22.207,22.217,22.217,294972.0,,adjusted
2020-03-02,22.447,23.367,22.127,22.937,22.937,210796.0,,adjusted
2020-03-03,23.057,25.077,23.027,23.687,23.687,377821.0,,adjusted
2020-03-04,23.407,24.767,23.407,24.207,24.207,282734.0,,adjusted
2020-03-05,24.517,24.967,23.787,24.237,24.237,273685.0,,adjusted
2020-03-06,23.927,24.317,23.677,23.917,23.917,171244.0,,adjusted
2020-03-09,23.217,23.617,22.567,22.567,22.567,186662.0,,adjusted
2020-03-10,22.317,23.507,22.227,23.397,23.397,160977.0,,adjusted
2020-03-11,23.437,24.377,23.377,23.647,23.647,247289.0,,adjusted
2020-03-12,23.167,24.107,22.967,23.307,23.307,168716.0,,adjusted
2020-03-13,22.477,24.167,22.387,23.917,23.917,289011.0,,adjusted
2020-03-16,24.247,24.607,23.017,23.117,23.117,263889.0,,adjusted
2020-03-17,23.367,23.717,22.167,22.927,22.927,165467.0,,adjusted
2020-03-18,23.117,23.407,22.217,22.217,22.217,149552.0,,adjusted
2020-03-19,22.267,22.597,21.547,21.947,21.947,265058.0,,adjusted
2020-03-20,22.307,22.387,21.627,22.367,22.367,155101.0,,adjusted
2020-03-23,21.797,21.967,21.127,21.287,21.287,136274.0,,adjusted
2020-03-24,21.727,21.817,21.057,21.587,21.587,95035.0,,adjusted
2020-03-25,22.027,22.057,21.567,21.917,21.917,111226.0,,adjusted
2020-03-26,21.737,21.827,21.267,21.407,21.407,96176.0,,adjusted
2020-03-27,21.887,22.047,21.367,21.367,21.367,99849.0,,adjusted
2020-03-30,20.967,21.017,20.167,20.617,20.617,129489.0,,adjusted
2020-03-31,20.797,20.857,20.247,20.317,20.317,65532.0,,adjusted
2020-04-01,20.277,20.537,19.967,19.997,19.997,84750.0,,adjusted
2020-04-02,19.997,20.637,19.977,20.637,20.637,84469.0,,adjusted
2020-04-03,20.527,20.947,20.357,20.827,20.827,79453.0,,adjusted
2020-04-07,21.117,21.677,21.027,21.357,21.357,107754.0,,adjusted
2020-04-08,21.127,22.687,21.087,22.437,22.437,185213.0,,adjusted
2020-04-09,22.397,22.557,22.037,22.367,22.367,84482.0,,adjusted
2020-04-10,22.317,22.317,21.737,21.797,21.797,82209.0,,adjusted
2020-04-13,21.817,21.817,21.287,21.407,21.407,69220.0,,adjusted
2020-04-14,21.517,21.867,21.377,21.857,21.857,57749.0,,adjusted
2020-04-15,21.817,22.017,21.607,21.757,21.757,54229.0,,adjusted
2020-04-16,21.637,22.577,21.507,22.107,22.107,113585.0,,adjusted
2020-04-17,22.267,22.347,21.697,21.897,21.897,108959.0,,adjusted
2020-04-20,22.117,22.787,22.017,22.697,22.697,159155.0,,adjusted
2020-04-21,22.557,23.597,22.407,23.117,23.117,171702.0,,adjusted
2020-04-22,22.907,23.197,22.697,23.007,23.007,90269.0,,adjusted
2020-04-23,23.097,23.607,22.817,23.077,23.077,124647.0,,adjusted
2020-04-24,23.277,23.337,22.527,22.767,22.767,103760.0,,adjusted
2020-04-27,22.667,22.947,22.237,22.307,22.307,87970.0,,adjusted
2020-04-28,22.737,22.897,21.727,22.567,22.567,135663.0,,adjusted
2020-04-29,22.407,23.667,22.337,23.417,23.417,131577.0,,adjusted
2020-04-30,23.337,24.067,23.237,23.867,23.867,145976.0,,adjusted
2020-05-06,23.847,24.217,23.607,24.217,24.217,155853.0,,adjusted
2020-05-07,24.067,24.177,23.817,24.077,24.077,107454.0,,adjusted
2020-05-08,24.077,24.447,23.887,23.987,23.987,131751.0,,adjusted
2020-05-12,23.927,23.987,23.417,23.577,23.577,107660.0,,adjusted
2020-05-13,23.567,23.797,23.347,23.617,23.617,87089.0,,adjusted
2020-05-14,23.567,23.907,23.317,23.427,23.427,91653.0,,adjusted
2020-05-15,23.467,23.877,23.467,23.697,23.697,89414.0,,adjusted
2020-05-18,23.917,25.447,23.917,24.727,24.727,245877.0,,adjusted
2020-05-19,24.817,24.947,24.467,24.817,24.817,121443.0,,adjusted
2020-05-20,24.737,24.997,24.067,24.167,24.167,122489.0,,adjusted
2020-05-21,24.267,24.427,23.697,23.827,23.827,82660.0,,adjusted
2020-05-22,23.837,24.247,23.297,23.337,23.337,97868.0,,adjusted
2020-05-25,23.317,23.747,23.207,23.687,23.687,73330.0,,adjusted
2020-05-26,23.737,23.957,23.447,23.717,23.717,64629.0,,adjusted
2020-05-27,23.617,23.817,23.067,23.107,23.107,69254.0,,adjusted
2020-05-28,23.127,23.357,22.837,23.167,23.167,65873.0,,adjusted
2020-05-29,23.017,23.357,22.927,23.167,23.167,74784.0,,adjusted
2020-06-01,23.257,23.667,23.027,23.527,23.527,111694.0,,adjusted
2020-06-02,23.517,24.117,23.447,23.527,23.527,104966.0,,adjusted
2020-06-03,23.577,23.667,23.237,23.247,23.247,77901.0,,adjusted
2020-06-04,23.347,23.607,23.007,23.227,23.227,68408.0,,adjusted
2020-06-05,23.297,23.317,22.617,22.777,22.777,117994.0,,adjusted
2020-06-08,22.847,23.047,22.587,22.667,22.667,86133.0,,adjusted
2020-06-09,22.697,22.767,22.317,22.537,22.537,98314.0,,adjusted
2020-06-10,22.557,22.687,22.297,22.507,22.507,76398.0,,adjusted
2020-06-11,22.617,22.887,22.217,22.397,22.397,101186.0,,adjusted
2020-06-12,22.017,22.467,21.967,22.417,22.417,97642.0,,adjusted
2020-06-15,22.147,22.327,21.807,21.817,21.817,113842.0,,adjusted
2020-06-16,21.997,22.187,21.937,22.137,22.137,60883.0,,adjusted
2020-06-17,22.397,22.887,22.367,22.517,22.517,113016.0,,adjusted
2020-06-18,22.247,22.327,21.947,22.087,22.087,87270.0,,adjusted
2020-06-19,22.017,22.327,22.017,22.217,22.217,86899.0,,adjusted
2020-06-22,22.317,22.687,22.277,22.597,22.597,88188.0,,adjusted
2020-06-23,22.667,22.797,22.497,22.767,22.767,91044.0,,adjusted
2020-06-24,22.717,22.717,22.337,22.467,22.467,72344.0,,adjusted
2020-06-29,22.407,23.267,22.277,22.677,22.677,118875.0,,adjusted
2020-06-30,22.797,22.797,22.417,22.597,22.597,98575.0,,adjusted
2020-07-01,22.627,23.137,22.447,23.007,23.007,143424.0,,adjusted
2020-07-02,22.887,23.377,22.757,23.317,23.317,154997.0,,adjusted
2020-07-03,23.397,23.937,23.217,23.517,23.517,196040.0,,adjusted
2020-07-06,23.917,25.567,23.827,25.307,25.307,381132.0,,adjusted
2020-07-07,25.617,27.187,25.177,26.327,26.327,482493.0,,adjusted
2020-07-08,26.167,29.047,26.157,29.047,29.047,531878.0,,adjusted
2020-07-09,31.967,32.037,30.917,32.037,32.037,752961.0,,adjusted
2020-07-10,32.617,33.857,30.987,31.317,31.317,881379.0,,adjusted
2020-07-13,31.267,32.017,30.567,31.617,31.617,563141.0,,adjusted
2020-07-14,31.117,33.517,30.967,31.717,31.717,531466.0,,adjusted
2020-07-15,31.871,32.251,29.951,30.411,30.411,433386.0,,adjusted
2020-07-16,30.561,31.131,29.001,29.081,29.081,304590.0,,adjusted
2020-07-17,29.251,31.361,29.121,30.071,30.071,425211.0,,adjusted
2020-07-20,30.961,33.151,30.671,33.151,33.151,597966.0,,adjusted
2020-07-21,33.161,33.161,31.111,31.181,31.181,508302.0,,adjusted
2020-07-22,30.671,33.101,30.591,31.601,31.601,404550.0,,adjusted
2020-07-23,32.261,34.711,31.551,33.671,33.671,648322.0,,adjusted
2020-07-24,34.201,36.381,32.861,33.471,33.471,779644.0,,adjusted
2020-07-27,33.061,35.971,32.591,34.571,34.571,582582.0,,adjusted
2020-07-28,34.261,37.141,33.431,36.801,36.801,625231.0,,adjusted
2020-07-29,36.261,37.501,35.761,37.301,37.301,497923.0,,adjusted
2020-07-30,36.961,39.361,35.871,36.581,36.581,560062.0,,adjusted
2020-07-31,36.501,36.641,35.021,36.131,36.131,367795.0,,adjusted
2020-08-03,36.361,39.821,36.361,39.821,39.821,623073.0,,adjusted
2020-08-04,40.261,40.441,38.181,38.851,38.851,500768.0,,adjusted
2020-08-05,38.831,42.811,38.631,41.811,41.811,645157.0,,adjusted
2020-08-06,41.271,46.071,41.131,45.811,45.811,789758.0,,adjusted
2020-08-07,45.261,50.471,44.461,50.471,50.471,799529.0,,adjusted
2020-08-10,52.261,55.591,49.271,49.381,49.381,1116409.0,,adjusted
2020-08-11,49.361,52.521,48.361,50.341,50.341,638501.0,,adjusted
2020-08-12,48.361,48.771,45.271,46.811,46.811,609664.0,,adjusted
2020-08-13,48.361,49.581,47.071,48.261,48.261,418924.0,,adjusted
2020-08-14,48.011,51.211,47.141,49.071,49.071,425538.0,,adjusted
2020-08-17,49.961,50.461,47.761,50.261,50.261,396084.0,,adjusted
2020-08-18,49.571,51.491,49.261,50.761,50.761,294358.0,,adjusted
2020-08-19,50.251,50.661,46.871,47.161,47.161,354484.0,,adjusted
2020-08-20,46.261,47.951,45.281,45.871,45.871,338792.0,,adjusted
2020-08-21,46.431,47.181,44.851,45.261,45.261,303155.0,,adjusted
2020-08-24,45.901,47.031,45.471,45.771,45.771,252894.0,,adjusted
2020-08-25,45.921,46.231,41.121,43.081,43.081,661296.0,,adjusted
2020-08-26,43.261,44.101,40.061,40.301,40.301,617781.0,,adjusted
2020-08-27,40.911,41.301,39.671,41.051,41.051,378847.0,,adjusted
2020-08-28,41.751,43.761,40.861,43.151,43.151,477837.0,,adjusted
2020-08-31,43.461,45.561,42.791,43.901,43.901,512468.0,,adjusted
2020-09-01,44.311,44.901,43.171,43.691,43.691,324843.0,,adjusted
2020-09-02,44.901,44.911,42.091,42.261,42.261,341882.0,,adjusted
2020-09-03,41.441,43.531,41.021,42.761,42.761,301939.0,,adjusted
2020-09-04,41.791,42.731,41.511,42.131,42.131,172389.0,,adjusted
2020-09-07,42.351,42.521,40.031,40.251,40.251,245423.0,,adjusted
2020-09-08,40.761,40.851,38.781,39.541,39.541,286020.0,,adjusted
2020-09-09,39.061,40.501,38.561,39.181,39.181,329948.0,,adjusted
2020-09-10,39.271,41.251,39.261,39.561,39.561,309163.0,,adjusted
2020-09-11,39.291,40.111,38.541,40.011,40.011,191866.0,,adjusted
2020-09-14,40.511,40.641,38.341,39.191,39.191,242531.0,,adjusted
2020-09-15,39.371,40.511,39.091,39.511,39.511,171250.0,,adjusted
2020-09-16,39.511,39.761,38.551,38.661,38.661,151737.0,,adjusted
2020-09-17,38.961,41.461,38.301,40.111,40.111,257338.0,,adjusted
2020-09-18,40.161,41.371,40.121,40.831,40.831,311844.0,,adjusted
2020-09-21,41.201,42.631,40.841,41.381,41.381,365902.0,,adjusted
2020-09-22,40.241,40.511,39.021,39.791,39.791,211005.0,,adjusted
2020-09-23,39.661,39.891,38.701,39.341,39.341,192555.0,,adjusted
2020-09-24,38.931,39.331,38.371,38.601,38.601,137039.0,,adjusted
2020-09-25,38.861,38.991,37.491,37.771,37.771,155436.0,,adjusted
2020-09-28,38.141,38.381,37.401,37.781,37.781,174477.0,,adjusted
2020-09-29,38.171,41.171,38.171,40.261,40.261,345036.0,,adjusted
2020-09-30,40.661,40.761,39.661,40.511,40.511,165320.0,,adjusted
2020-10-09,41.091,41.561,40.011,41.021,41.021,209943.0,,adjusted
2020-10-12,41.781,43.061,40.871,42.721,42.721,426896.0,,adjusted
2020-10-13,42.261,42.741,41.611,42.361,42.361,188858.0,,adjusted
2020-10-14,42.271,43.641,41.131,41.461,41.461,215098.0,,adjusted
2020-10-15,41.261,41.891,40.591,40.591,40.591,141709.0,,adjusted
2020-10-16,40.461,40.911,38.931,39.131,39.131,203232.0,,adjusted
2020-10-19,39.251,39.601,38.611,38.761,38.761,147136.0,,adjusted
2020-10-20,38.861,39.041,37.611,38.961,38.961,173416.0,,adjusted
2020-10-21,38.971,39.051,36.161,36.311,36.311,258339.0,,adjusted
2020-10-22,36.081,36.501,35.341,36.091,36.091,143906.0,,adjusted
2020-10-23,36.281,36.861,34.811,35.101,35.101,173442.0,,adjusted
2020-10-26,35.071,35.861,34.621,35.311,35.311,88571.0,,adjusted
2020-10-27,35.391,36.011,35.061,35.721,35.721,131528.0,,adjusted
2020-10-28,35.711,35.711,34.591,35.321,35.321,128808.0,,adjusted
2020-10-29,34.761,35.911,34.371,35.711,35.711,122852.0,,adjusted
2020-10-30,37.461,38.361,35.621,35.801,35.801,355644.0,,adjusted
2020-11-02,36.161,36.311,33.761,35.191,35.191,312533.0,,adjusted
2020-11-03,35.411,37.831,34.991,37.661,37.661,349095.0,,adjusted
2020-11-04,37.611,38.511,37.101,38.191,38.191,269209.0,,adjusted
2020-11-05,37.961,38.411,36.171,37.781,37.781,277481.0,,adjusted
2020-11-06,37.611,37.871,36.761,37.031,37.031,139225.0,,adjusted
2020-11-09,36.961,37.521,35.861,37.481,37.481,321254.0,,adjusted
2020-11-10,37.261,37.371,36.061,36.241,36.241,176876.0,,adjusted
2020-11-11,36.551,37.331,35.411,35.681,35.681,185378.0,,adjusted
2020-11-12,35.491,36.181,35.141,35.671,35.671,101089.0,,adjusted
2020-11-13,35.581,37.731,35.361,37.601,37.601,261645.0,,adjusted
2020-11-16,37.601,38.361,37.321,37.951,37.951,187306.0,,adjusted
2020-11-17,37.931,38.011,35.661,35.921,35.921,248978.0,,adjusted
2020-11-18,36.061,37.911,35.761,37.311,37.311,220203.0,,adjusted
2020-11-19,37.471,40.931,37.171,40.261,40.261,553585.0,,adjusted
2020-11-20,40.261,42.211,40.261,41.201,41.201,559150.0,,adjusted
2020-11-23,42.011,42.411,40.331,41.541,41.541,447704.0,,adjusted
2020-11-24,41.541,43.861,41.491,42.721,42.721,382136.0,,adjusted
2020-11-25,42.261,43.031,40.561,40.841,40.841,360140.0,,adjusted
2020-11-26,40.871,43.141,40.421,42.171,42.171,361459.0,,adjusted
2020-11-27,42.221,45.691,41.491,44.261,44.261,506552.0,,adjusted
2020-11-30,44.061,45.691,43.461,44.581,44.581,366821.0,,adjusted
2020-12-01,45.031,48.051,44.601,47.261,47.261,411937.0,,adjusted
2020-12-02,46.601,48.041,46.261,46.681,46.681,303959.0,,adjusted
2020-12-03,46.161,46.761,45.061,45.561,45.561,283507.0,,adjusted
2020-12-04,45.611,47.591,44.631,47.261,47.261,341226.0,,adjusted
2020-12-07,47.161,48.571,46.961,46.961,46.961,308773.0,,adjusted
2020-12-08,46.701,47.531,45.591,46.251,46.251,261071.0,,adjusted
2020-12-09,46.161,46.551,44.061,44.161,44.161,328879.0,,adjusted
2020-12-10,43.761,44.951,43.371,44.311,44.311,263323.0,,adjusted
2020-12-11,44.541,44.741,42.781,43.411,43.411,305661.0,,adjusted
2020-12-14,43.691,45.561,43.071,45.011,45.011,317667.0,,adjusted
2020-12-15,44.751,46.131,44.161,44.831,44.831,251266.0,,adjusted
2020-12-16,44.601,45.841,44.211,45.111,45.111,213633.0,,adjusted
2020-12-17,45.061,45.141,42.141,43.281,43.281,434161.0,,adjusted
2020-12-18,43.601,44.391,42.951,43.031,43.031,253249.0,,adjusted
2020-12-21,42.661,46.561,42.661,45.991,45.991,431261.0,,adjusted
2020-12-22,45.751,46.801,45.001,45.141,45.141,362223.0,,adjusted
2020-12-23,45.641,49.731,45.351,49.731,49.731,600619.0,,adjusted
2020-12-24,50.261,52.531,49.371,49.711,49.711,686411.0,,adjusted
2020-12-25,50.251,51.761,48.411,51.191,51.191,372064.0,,adjusted
2020-12-28,51.361,52.931,50.421,52.261,52.261,394300.0,,adjusted
2020-12-29,52.011,52.711,50.291,50.581,50.581,336444.0,,adjusted
2020-12-30,49.871,54.911,49.741,53.561,53.561,492163.0,,adjusted
2020-12-31,53.981,58.991,53.481,58.611,58.611,644213.0,,adjusted
2021-01-04,59.961,64.551,59.141,64.551,64.551,666837.0,,adjusted
2021-01-05,64.561,69.241,63.261,66.561,66.561,712342.0,,adjusted
2021-01-06,66.011,71.161,64.911,67.761,67.761,652972.0,,adjusted
2021-01-07,67.781,74.611,66.931,74.601,74.601,832658.0,,adjusted
2021-01-08,74.261,75.791,70.101,73.481,73.481,770366.0,,adjusted
2021-01-11,76.061,77.061,67.951,68.811,68.811,941806.0,,adjusted
2021-01-12,68.881,75.141,68.881,74.061,74.061,825765.0,,adjusted
2021-01-13,75.261,80.021,72.371,77.161,77.161,884965.0,,adjusted
2021-01-14,74.761,75.391,69.371,69.371,69.371,1033680.0,,adjusted
2021-01-15,67.971,69.411,62.961,66.161,66.161,991612.0,,adjusted
2021-01-18,66.101,68.081,65.711,67.281,67.281,578842.0,,adjusted
2021-01-19,65.961,68.801,64.161,66.061,66.061,593917.0,,adjusted
2021-01-20,65.821,70.761,64.561,70.161,70.161,766314.0,,adjusted
2021-01-21,69.151,74.501,68.511,72.341,72.341,708001.0,,adjusted
2021-01-22,71.961,75.171,71.591,74.731,74.731,636217.0,,adjusted
2021-01-25,76.061,79.271,72.191,73.911,73.911,902985.0,,adjusted
2021-01-26,72.361,72.761,66.451,66.451,66.451,1029235.0,,adjusted
2021-01-27,64.761,65.731,62.471,64.441,64.441,730761.0,,adjusted
2021-01-28,62.911,64.321,60.661,61.461,61.461,611410.0,,adjusted
2021-01-29,62.261,62.361,56.511,58.851,58.851,681520.0,,adjusted
2021-02-01,59.451,60.151,58.241,59.061,59.061,375646.0,,adjusted
2021-02-02,59.161,60.861,57.261,60.251,60.251,548879.0,,adjusted
2021-02-03,60.261,60.641,57.271,57.851,57.851,429446.0,,adjusted
2021-02-04,56.451,58.821,56.151,56.591,56.591,365953.0,,adjusted
2021-02-05,57.851,58.631,55.141,55.151,55.151,346764.0,,adjusted
2021-02-08,55.761,57.261,54.951,56.911,56.911,371461.0,,adjusted
2021-02-09,57.141,62.681,57.011,62.681,62.681,552195.0,,adjusted
2021-02-10,64.251,64.451,60.861,64.171,64.171,626372.0,,adjusted
2021-02-18,65.011,65.961,62.041,62.391,62.391,587228.0,,adjusted
2021-02-19,61.801,63.541,61.021,62.641,62.641,336692.0,,adjusted
2021-02-22,62.591,62.591,56.761,57.321,57.321,600469.0,,adjusted
2021-02-23,56.061,61.041,55.371,59.621,59.621,537766.0,,adjusted
2021-02-24,60.761,61.841,58.661,61.001,61.001,513514.0,,adjusted
2021-02-25,60.981,64.701,59.561,63.491,63.491,640579.0,,adjusted
2021-02-26,61.491,63.761,58.561,59.441,59.441,532651.0,,adjusted
2021-03-01,59.851,62.131,57.971,62.111,62.111,397602.0,,adjusted
2021-03-02,62.631,66.151,61.171,65.341,65.341,669471.0,,adjusted
2021-03-03,63.761,65.961,63.461,65.111,65.111,462742.0,,adjusted
2021-03-04,64.461,67.941,63.511,64.041,64.041,589318.0,,adjusted
2021-03-05,62.181,62.211,58.261,58.531,58.531,596075.0,,adjusted
2021-03-08,57.631,58.851,52.601,52.601,52.601,759750.0,,adjusted
2021-03-09,50.291,51.051,47.271,47.511,47.511,739442.0,,adjusted
2021-03-10,48.261,48.561,47.261,47.741,47.741,368012.0,,adjusted
2021-03-11,47.411,49.431,46.841,48.611,48.611,379754.0,,adjusted
2021-03-12,48.761,48.811,46.541,47.471,47.471,348312.0,,adjusted
2021-03-15,47.261,48.411,45.861,46.421,46.421,306488.0,,adjusted
2021-03-16,47.211,47.261,45.321,45.741,45.741,236709.0,,adjusted
2021-03-17,45.991,47.061,45.751,46.571,46.571,273629.0,,adjusted
2021-03-18,46.491,48.461,46.261,47.361,47.361,339299.0,,adjusted
2021-03-19,46.261,49.211,45.831,47.881,47.881,464101.0,,adjusted
2021-03-22,47.261,48.021,46.351,47.191,47.191,255838.0,,adjusted
2021-03-23,46.911,48.001,46.541,46.641,46.641,231668.0,,adjusted
2021-03-24,46.131,47.031,43.331,43.811,43.811,445174.0,,adjusted
2021-03-25,43.441,45.211,43.431,44.651,44.651,253815.0,,adjusted
2021-03-26,44.651,46.061,44.651,46.021,46.021,228093.0,,adjusted
2021-03-29,46.401,48.261,46.281,47.011,47.011,340106.0,,adjusted
2021-03-30,47.401,51.541,47.321,49.911,49.911,600496.0,,adjusted
2021-03-31,47.861,47.861,44.851,44.851,44.851,647125.0,,adjusted
2021-04-01,43.961,44.981,43.811,44.401,44.401,333954.0,,adjusted
2021-04-02,44.441,45.561,44.221,45.051,45.051,292884.0,,adjusted
2021-04-06,45.251,45.881,45.061,45.461,45.461,229687.0,,adjusted
2021-04-07,45.471,45.541,44.571,44.861,44.861,180856.0,,adjusted
2021-04-08,44.801,45.411,44.281,44.711,44.711,164602.0,,adjusted
2021-04-09,45.101,45.611,42.921,43.341,43.341,318904.0,,adjusted
2021-04-12,42.761,43.221,40.711,41.041,41.041,437300.0,,adjusted
2021-04-13,40.751,41.441,40.421,40.761,40.761,197199.0,,adjusted
2021-04-14,40.751,41.711,40.421,41.631,41.631,220117.0,,adjusted
2021-04-15,41.461,41.561,40.801,41.321,41.321,150190.0,,adjusted
2021-04-16,41.561,41.761,40.661,41.111,41.111,175075.0,,adjusted
2021-04-19,41.061,42.561,40.601,42.311,42.311,306412.0,,adjusted
2021-04-20,42.061,43.151,41.781,42.521,42.521,329466.0,,adjusted
2021-04-21,42.461,43.151,41.471,41.941,41.941,323053.0,,adjusted
2021-04-22,41.971,43.221,41.971,42.241,42.241,322028.0,,adjusted
2021-04-23,41.961,42.741,41.341,41.821,41.821,302396.0,,adjusted
2021-04-26,41.901,43.991,41.831,42.191,42.191,453773.0,,adjusted
2021-04-27,41.911,42.011,40.101,40.521,40.521,315947.0,,adjusted
2021-04-28,40.221,41.471,40.151,41.451,41.451,228232.0,,adjusted
2021-04-29,41.591,42.681,41.071,41.211,41.211,291836.0,,adjusted
2021-04-30,39.261,39.261,37.021,37.151,37.151,795176.0,,adjusted
2021-05-06,37.111,39.231,36.921,38.631,38.631,523645.0,,adjusted
2021-05-07,38.441,38.711,37.751,37.771,37.771,215874.0,,adjusted
2021-05-10,37.781,37.861,36.581,37.061,37.061,222623.0,,adjusted
2021-05-11,37.261,39.481,37.041,38.691,38.691,421917.0,,adjusted
2021-05-12,38.261,38.991,38.081,38.921,38.921,206137.0,,adjusted
2021-05-13,38.491,40.311,38.341,38.411,38.411,329894.0,,adjusted
2021-05-14,38.711,41.211,38.021,41.161,41.161,548772.0,,adjusted
2021-05-17,41.411,42.331,40.391,40.731,40.731,484189.0,,adjusted
2021-05-18,40.661,43.811,40.311,43.101,43.101,615839.0,,adjusted
2021-05-19,42.701,43.191,42.161,42.861,42.861,409567.0,,adjusted
2021-05-20,42.661,43.831,42.361,42.441,42.441,414357.0,,adjusted
2021-05-21,42.471,42.761,41.221,41.351,41.351,319080.0,,adjusted
2021-05-24,41.261,42.101,41.141,41.611,41.611,204975.0,,adjusted
2021-05-25,41.951,45.851,41.311,45.851,45.851,840819.0,,adjusted
2021-05-26,47.061,48.711,46.461,47.961,47.961,1031979.0,,adjusted
2021-05-27,47.811,49.141,47.161,48.101,48.101,513874.0,,adjusted
2021-05-28,47.611,50.381,47.161,50.051,50.051,674185.0,,adjusted
2021-05-31,50.411,53.481,49.111,53.251,53.251,827354.0,,adjusted
2021-06-01,53.231,54.561,51.861,52.321,52.321,718910.0,,adjusted
2021-06-02,51.861,53.801,50.861,51.361,51.361,585469.0,,adjusted
2021-06-03,51.071,51.801,49.141,49.561,49.561,560187.0,,adjusted
2021-06-04,49.401,51.131,49.131,50.391,50.391,518651.0,,adjusted
2021-06-07,50.771,52.661,50.261,51.261,51.261,541250.0,,adjusted
2021-06-08,50.761,54.761,50.271,54.361,54.361,681270.0,,adjusted
2021-06-09,55.761,56.891,54.411,55.021,55.021,728250.0,,adjusted
2021-06-10,54.861,56.121,54.051,55.251,55.251,608967.0,,adjusted
2021-06-11,55.251,55.741,49.861,51.181,51.181,999047.0,,adjusted
2021-06-15,50.211,51.921,49.461,50.891,50.891,493036.0,,adjusted
2021-06-16,50.461,51.221,47.461,49.691,49.691,588871.0,,adjusted
2021-06-17,49.791,50.961,48.841,50.071,50.071,412745.0,,adjusted
2021-06-18,50.501,54.061,49.861,53.251,53.251,684321.0,,adjusted
2021-06-21,53.531,55.801,52.861,55.581,55.581,700561.0,,adjusted
2021-06-22,55.581,55.581,53.511,54.281,54.281,515632.0,,adjusted
2021-06-23,53.481,54.831,52.461,53.861,53.861,487632.0,,adjusted
2021-06-24,53.941,55.041,51.771,51.791,51.791,441546.0,,adjusted
2021-06-25,51.391,53.111,50.251,52.011,52.011,449863.0,,adjusted
2021-06-28,52.391,53.801,51.311,52.941,52.941,423609.0,,adjusted
2021-06-29,52.571,53.891,51.581,51.751,51.751,435918.0,,adjusted
2021-06-30,51.281,52.591,50.561,52.581,52.581,375506.0,,adjusted
2021-07-01,53.401,53.871,49.191,49.191,49.191,609136.0,,adjusted
2021-07-02,48.381,48.381,45.741,45.751,45.751,570683.0,,adjusted
2021-07-05,45.021,46.231,44.771,45.001,45.001,323022.0,,adjusted
2021-07-06,44.891,45.441,44.271,45.371,45.371,331331.0,,adjusted
2021-07-07,44.891,48.351,44.691,47.631,47.631,478946.0,,adjusted
2021-07-08,47.421,51.391,47.191,50.421,50.421,609728.0,,adjusted
2021-07-09,50.421,51.191,49.371,49.921,49.921,480511.0,,adjusted
2021-07-12,49.991,52.451,48.731,50.891,50.891,513220.0,,adjusted
2021-07-13,50.671,51.691,49.851,50.571,50.571,313648.0,,adjusted
2021-07-14,49.971,50.271,48.091,48.121,48.121,451056.0,,adjusted
2021-07-15,47.891,49.571,47.761,48.561,48.561,270979.0,,adjusted
2021-07-16,48.631,53.481,48.241,53.481,53.481,785256.0,,adjusted
2021-07-19,55.291,55.721,52.931,54.141,54.141,962199.0,,adjusted
2021-07-20,53.591,55.951,53.371,55.321,55.321,792665.0,,adjusted
2021-07-21,54.391,57.991,54.361,57.591,57.591,874407.0,,adjusted
2021-07-22,57.371,58.691,56.071,57.811,57.811,656846.0,,adjusted
2021-07-23,57.711,62.371,55.821,60.091,60.091,965142.0,,adjusted
2021-07-26,60.381,63.401,57.891,58.291,58.291,995003.0,,adjusted
2021-07-27,57.221,60.201,55.471,56.571,56.571,928942.0,,adjusted
2021-07-28,55.391,56.031,51.361,51.991,51.991,689522.0,,adjusted
2021-07-29,53.451,55.531,52.611,54.481,54.481,629395.0,,adjusted
2021-07-30,54.401,56.191,53.191,54.241,54.241,539370.0,,adjusted
2021-08-02,54.891,59.411,53.461,58.341,58.341,768970.0,,adjusted
2021-08-03,58.291,60.071,52.451,56.981,56.981,596257.0,,adjusted
2021-08-04,56.881,60.491,56.711,59.921,59.921,652888.0,,adjusted
2021-08-05,60.251,64.561,59.891,62.341,62.341,931487.0,,adjusted
2021-08-06,62.281,63.931,60.451,63.321,63.321,646569.0,,adjusted
2021-08-09,63.391,65.181,61.491,63.121,63.121,502554.0,,adjusted
2021-08-10,62.391,69.101,62.301,66.591,66.591,827853.0,,adjusted
2021-08-11,65.891,69.081,65.421,66.671,66.671,587628.0,,adjusted
2021-08-12,66.051,66.621,61.891,61.891,61.891,783153.0,,adjusted
2021-08-13,61.701,63.851,60.301,61.891,61.891,668277.0,,adjusted
2021-08-16,61.411,62.781,60.501,61.051,61.051,387749.0,,adjusted
2021-08-17,61.071,62.881,59.051,59.741,59.741,630956.0,,adjusted
2021-08-18,59.391,62.891,59.391,62.591,62.591,604650.0,,adjusted
2021-08-19,62.491,65.401,61.611,64.341,64.341,579773.0,,adjusted
2021-08-20,63.491,64.891,62.231,62.391,62.391,435866.0,,adjusted
2021-08-23,63.021,67.221,62.631,65.501,65.501,610012.0,,adjusted
2021-08-24,63.391,67.611,62.571,66.881,66.881,674511.0,,adjusted
2021-08-25,66.201,67.151,64.411,65.751,65.751,376256.0,,adjusted
2021-08-26,65.191,67.611,64.871,64.891,64.891,458573.0,,adjusted
2021-08-27,64.391,64.391,61.191,62.191,62.191,551102.0,,adjusted
2021-08-30,64.851,68.471,64.511,67.841,67.841,1160753.0,,adjusted
2021-08-31,67.841,69.891,65.941,67.471,67.471,832529.0,,adjusted
2021-09-01,68.481,69.191,60.661,62.531,62.531,883195.0,,adjusted
2021-09-02,61.191,63.191,60.701,62.501,62.501,399489.0,,adjusted
2021-09-03,61.391,62.461,56.621,58.341,58.341,693064.0,,adjusted
2021-09-06,57.891,59.081,57.111,59.081,59.081,341405.0,,adjusted
2021-09-07,59.021,61.001,58.191,59.571,59.571,378824.0,,adjusted
2021-09-08,60.391,60.991,58.241,58.901,58.901,295096.0,,adjusted
2021-09-09,58.761,61.911,57.611,61.311,61.311,497125.0,,adjusted
2021-09-10,61.151,61.151,59.591,59.731,59.731,364996.0,,adjusted
2021-09-13,59.691,60.221,57.771,58.011,58.011,305752.0,,adjusted
2021-09-14,57.991,59.181,56.161,56.311,56.311,368388.0,,adjusted
2021-09-15,56.021,57.441,54.371,56.751,56.751,365694.0,,adjusted
2021-09-16,56.681,57.141,53.891,53.981,53.981,315459.0,,adjusted
2021-09-17,53.981,54.891,50.661,52.061,52.061,443715.0,,adjusted
2021-09-22,51.391,54.171,50.971,52.951,52.951,307711.0,,adjusted
2021-09-23,52.981,54.651,52.981,54.471,54.471,332036.0,,adjusted
2021-09-24,54.001,54.371,52.811,53.261,53.261,246175.0,,adjusted
2021-09-27,52.891,54.291,51.501,52.561,52.561,276062.0,,adjusted
2021-09-28,52.401,54.941,52.351,54.331,54.331,378202.0,,adjusted
2021-09-29,54.011,55.041,51.551,52.391,52.391,314437.0,,adjusted
2021-09-30,52.891,53.541,52.101,52.581,52.581,190565.0,,adjusted
2021-10-08,52.791,53.051,49.791,50.681,50.681,297754.0,,adjusted
2021-10-11,50.681,55.191,50.671,52.921,52.921,474376.0,,adjusted
2021-10-12,52.791,52.821,51.051,51.391,51.391,239577.0,,adjusted
2021-10-13,50.391,51.811,49.091,51.461,51.461,295068.0,,adjusted
2021-10-14,51.301,53.591,50.941,52.981,52.981,339393.0,,adjusted
2021-10-15,52.961,53.941,52.391,53.031,53.031,233438.0,,adjusted
2021-10-18,53.031,55.591,52.741,54.981,54.981,372605.0,,adjusted
2021-10-19,54.401,54.791,53.391,54.331,54.331,238102.0,,adjusted
2021-10-20,54.361,55.341,53.791,54.831,54.831,272047.0,,adjusted
2021-10-21,54.391,54.481,53.081,53.561,53.561,226129.0,,adjusted
2021-10-22,53.541,54.231,52.771,53.511,53.511,181135.0,,adjusted
2021-10-25,53.481,55.591,53.401,55.191,55.191,329889.0,,adjusted
2021-10-26,54.841,56.691,54.841,55.831,55.831,306086.0,,adjusted
2021-10-27,57.111,57.891,55.291,56.371,56.371,345210.0,,adjusted
2021-10-28,56.361,57.721,55.141,55.191,55.191,398505.0,,adjusted
2021-10-29,55.411,59.481,55.141,58.551,58.551,612795.0,,adjusted
2021-11-01,58.701,59.891,58.151,59.061,59.061,452998.0,,adjusted
2021-11-02,60.191,60.891,59.031,59.911,59.911,540605.0,,adjusted
2021-11-03,58.561,59.371,57.131,58.401,58.401,355411.0,,adjusted
2021-11-04,58.291,59.811,57.901,59.591,59.591,346727.0,,adjusted
2021-11-05,59.391,59.791,57.921,58.061,58.061,240802.0,,adjusted
2021-11-08,57.851,58.831,56.571,58.781,58.781,244602.0,,adjusted
2021-11-09,58.561,62.721,58.261,61.691,61.691,594287.0,,adjusted
2021-11-10,61.891,62.541,60.591,60.991,60.991,345042.0,,adjusted
2021-11-11,60.891,61.591,60.181,61.041,61.041,237741.0,,adjusted
2021-11-12,61.091,64.571,61.041,64.011,64.011,588667.0,,adjusted
2021-11-15,64.051,66.891,62.661,62.781,62.781,633052.0,,adjusted
2021-11-16,62.281,63.891,59.411,59.541,59.541,474053.0,,adjusted
2021-11-17,59.521,61.121,58.161,60.141,60.141,444426.0,,adjusted
2021-11-18,60.041,63.281,59.221,62.221,62.221,459219.0,,adjusted
2021-11-19,62.851,63.541,61.611,62.691,62.691,322088.0,,adjusted
2021-11-22,62.891,63.591,62.001,63.111,63.111,249638.0,,adjusted
2021-11-23,63.101,63.111,61.061,61.991,61.991,314853.0,,adjusted
2021-11-24,61.611,62.891,60.401,60.811,60.811,275920.0,,adjusted
2021-11-25,60.421,61.841,59.681,59.961,59.961,239787.0,,adjusted
2021-11-26,59.961,62.111,59.791,60.381,60.381,260065.0,,adjusted
2021-11-29,59.791,64.001,59.671,63.071,63.071,500461.0,,adjusted
2021-11-30,63.081,64.891,62.721,63.731,63.731,427623.0,,adjusted
2021-12-01,63.391,64.371,62.791,64.091,64.091,258612.0,,adjusted
2021-12-02,64.271,64.791,63.111,64.471,64.471,280790.0,,adjusted
2021-12-03,64.471,65.921,64.051,64.991,64.991,358137.0,,adjusted
2021-12-06,65.001,65.661,63.191,64.191,64.191,258921.0,,adjusted
2021-12-07,64.031,64.381,60.211,61.091,61.091,429436.0,,adjusted
2021-12-08,61.341,63.051,61.241,62.901,62.901,250580.0,,adjusted
2021-12-09,62.721,63.281,61.541,62.151,62.151,206222.0,,adjusted
2021-12-10,61.671,62.141,60.401,61.381,61.381,242414.0,,adjusted
2021-12-13,61.101,62.561,59.711,61.791,61.791,277767.0,,adjusted
2021-12-14,61.391,65.111,61.071,64.171,64.171,398512.0,,adjusted
2021-12-15,64.081,64.611,63.191,63.701,63.701,219241.0,,adjusted
2021-12-16,63.711,65.871,63.441,64.611,64.611,259494.0,,adjusted
2021-12-17,64.971,65.431,63.111,63.291,63.291,256403.0,,adjusted
2021-12-20,62.201,64.421,60.871,61.091,61.091,238195.0,,adjusted
2021-12-21,62.161,62.271,60.001,61.701,61.701,208041.0,,adjusted
2021-12-22,61.881,62.221,60.691,61.141,61.141,187526.0,,adjusted
2021-12-23,61.101,62.861,60.371,61.611,61.611,233841.0,,adjusted
2021-12-24,61.431,62.051,60.191,60.281,60.281,199357.0,,adjusted
2021-12-27,60.191,60.681,59.391,59.771,59.771,154526.0,,adjusted
2021-12-28,59.811,60.061,58.031,59.461,59.461,272329.0,,adjusted
2021-12-29,59.461,60.731,59.461,59.651,59.651,228168.0,,adjusted
2021-12-30,59.691,63.881,59.321,62.471,62.471,537216.0,,adjusted
2021-12-31,62.491,63.271,61.941,62.851,62.851,265122.0,,adjusted
2022-01-04,63.101,63.871,62.471,62.941,62.941,265368.0,,adjusted
2022-01-05,62.831,63.311,58.491,59.171,59.171,399236.0,,adjusted
2022-01-06,58.591,59.581,56.591,57.691,57.691,299851.0,,adjusted
2022-01-07,57.691,58.161,55.391,55.571,55.571,276455.0,,adjusted
2022-01-10,54.891,55.491,54.131,54.981,54.981,232370.0,,adjusted
2022-01-11,55.361,55.561,51.831,52.141,52.141,396040.0,,adjusted
2022-01-12,52.541,54.071,52.301,53.851,53.851,252482.0,,adjusted
2022-01-13,53.861,53.911,52.281,52.591,52.591,172912.0,,adjusted
2022-01-14,52.681,53.541,52.091,52.191,52.191,172128.0,,adjusted
2022-01-17,51.891,53.201,51.291,52.891,52.891,226324.0,,adjusted
2022-01-18,52.691,54.321,52.271,53.141,53.141,221583.0,,adjusted
2022-01-19,53.091,53.101,50.471,51.391,51.391,252714.0,,adjusted
2022-01-20,51.391,51.671,49.701,50.151,50.151,308342.0,,adjusted
2022-01-21,49.341,49.881,48.051,49.621,49.621,402151.0,,adjusted
2022-01-24,49.451,50.241,48.991,49.541,49.541,186112.0,,adjusted
2022-01-25,49.881,51.081,48.321,48.391,48.391,232501.0,,adjusted
2022-01-26,48.401,49.891,48.401,49.771,49.771,234114.0,,adjusted
2022-01-27,49.451,49.861,48.191,48.261,48.261,163482.0,,adjusted
2022-01-28,48.601,49.291,46.971,47.571,47.571,201214.0,,adjusted
2022-02-07,48.491,48.851,47.131,47.541,47.541,185994.0,,adjusted
2022-02-08,47.901,48.051,45.831,47.581,47.581,177921.0,,adjusted
2022-02-09,47.571,49.151,47.161,48.891,48.891,235147.0,,adjusted
2022-02-10,48.891,49.691,48.341,49.081,49.081,184392.0,,adjusted
2022-02-11,48.881,49.241,47.261,47.421,47.421,175186.0,,adjusted
2022-02-14,47.371,48.491,46.591,46.941,46.941,240693.0,,adjusted
2022-02-15,46.951,48.711,46.841,48.671,48.671,206825.0,,adjusted
2022-02-16,48.161,48.191,47.191,47.391,47.391,202915.0,,adjusted
2022-02-17,47.241,48.181,46.731,47.751,47.751,207969.0,,adjusted
2022-02-18,47.591,47.601,46.901,47.561,47.561,111982.0,,adjusted
2022-02-21,47.701,48.301,46.891,47.251,47.251,144567.0,,adjusted
2022-02-22,47.771,47.971,46.221,46.581,46.581,189232.0,,adjusted
2022-02-23,46.291,48.921,46.101,48.591,48.591,342812.0,,adjusted
2022-02-24,48.181,52.391,47.941,49.461,49.461,630941.0,,adjusted
2022-02-25,48.531,49.891,47.841,49.431,49.431,296595.0,,adjusted
2022-02-28,50.241,51.241,49.451,49.911,49.911,267695.0,,adjusted
2022-03-01,50.391,51.841,49.901,51.201,51.201,334732.0,,adjusted
2022-03-02,51.091,51.241,50.191,50.701,50.701,193487.0,,adjusted
2022-03-03,50.721,50.721,49.291,49.411,49.411,183965.0,,adjusted
2022-03-04,49.231,49.771,46.981,47.441,47.441,255798.0,,adjusted
2022-03-07,48.141,48.321,46.271,46.571,46.571,221464.0,,adjusted
2022-03-08,46.291,46.941,43.851,43.901,43.901,280531.0,,adjusted
2022-03-09,43.901,44.281,39.691,42.151,42.151,473083.0,,adjusted
2022-03-10,43.091,43.761,42.261,42.861,42.861,318879.0,,adjusted
2022-03-11,42.391,43.571,41.981,43.521,43.521,221620.0,,adjusted
2022-03-14,43.271,46.421,43.071,44.861,44.861,355553.0,,adjusted
2022-03-15,44.381,45.841,43.341,43.441,43.441,270416.0,,adjusted
2022-03-16,44.191,44.871,42.211,44.801,44.801,275178.0,,adjusted
2022-03-17,45.061,45.941,44.671,44.951,44.951,271864.0,,adjusted
2022-03-18,44.591,44.841,43.651,44.391,44.391,153820.0,,adjusted
2022-03-21,44.471,45.311,43.891,44.511,44.511,167475.0,,adjusted
2022-03-22,45.041,45.471,43.571,43.811,43.811,162400.0,,adjusted
2022-03-23,43.771,46.031,43.271,45.561,45.561,353548.0,,adjusted
2022-03-24,44.891,45.691,44.821,44.961,44.961,166241.0,,adjusted
2022-03-25,45.161,46.831,44.921,44.981,44.981,291954.0,,adjusted
2022-03-28,44.381,44.431,42.951,43.541,43.541,192264.0,,adjusted
2022-03-29,44.111,46.691,44.081,44.691,44.691,397989.0,,adjusted
2022-03-30,44.931,46.091,44.351,45.591,45.591,194699.0,,adjusted
2022-03-31,45.211,45.451,43.771,44.291,44.291,186580.0,,adjusted
2022-04-01,43.891,44.471,43.551,43.741,43.741,147050.0,,adjusted
2022-04-06,43.761,43.831,41.631,42.291,42.291,238613.0,,adjusted
2022-04-07,42.291,43.491,42.051,42.341,42.341,168595.0,,adjusted
2022-04-08,42.391,42.641,40.891,41.251,41.251,240865.0,,adjusted
2022-04-11,40.191,40.191,38.101,38.591,38.591,460086.0,,adjusted
2022-04-12,38.391,38.841,36.841,37.971,37.971,355921.0,,adjusted
2022-04-13,37.741,37.891,37.091,37.241,37.241,178866.0,,adjusted
2022-04-14,37.391,37.671,36.951,37.471,37.471,199729.0,,adjusted
2022-04-15,37.391,37.891,36.891,37.391,37.391,205081.0,,adjusted
2022-04-18,37.071,38.481,36.731,38.371,38.371,219803.0,,adjusted
2022-04-19,38.191,39.041,38.091,38.461,38.461,174330.0,,adjusted
2022-04-20,38.461,38.691,37.601,37.831,37.831,130113.0,,adjusted
2022-04-21,37.751,38.701,36.451,36.781,36.781,171856.0,,adjusted
2022-04-22,36.371,36.881,35.801,36.051,36.051,149237.0,,adjusted
2022-04-25,35.191,35.461,33.351,33.361,33.361,270850.0,,adjusted
2022-04-26,33.091,33.291,31.441,31.941,31.941,281436.0,,adjusted
2022-04-27,31.311,34.571,31.091,34.221,34.221,345851.0,,adjusted
2022-04-28,34.241,35.671,33.901,34.721,34.721,221746.0,,adjusted
2022-04-29,35.431,37.271,34.831,37.171,37.171,309819.0,,adjusted
2022-05-05,37.081,39.191,36.391,38.281,38.281,357049.0,,adjusted
2022-05-06,37.191,38.851,37.071,38.481,38.481,198546.0,,adjusted
2022-05-09,38.401,39.961,38.251,39.241,39.241,212550.0,,adjusted
2022-05-10,38.411,39.571,38.401,39.231,39.231,226475.0,,adjusted
2022-05-11,39.681,40.121,37.941,38.361,38.361,288546.0,,adjusted
2022-05-12,37.971,39.491,37.971,38.771,38.771,183595.0,,adjusted
2022-05-13,39.121,39.161,37.991,38.511,38.511,123730.0,,adjusted
2022-05-16,39.111,39.611,37.991,38.151,38.151,162978.0,,adjusted
2022-05-17,38.161,39.151,37.561,38.841,38.841,132237.0,,adjusted
2022-05-18,39.041,39.351,38.231,38.891,38.891,154442.0,,adjusted
2022-05-19,38.151,39.111,37.691,39.001,39.001,140895.0,,adjusted
2022-05-20,39.171,39.461,38.471,39.071,39.071,155717.0,,adjusted
2022-05-23,39.031,39.031,37.821,38.591,38.591,178068.0,,adjusted
2022-05-24,38.691,40.091,37.281,37.411,37.411,354194.0,,adjusted
2022-05-25,36.901,38.381,36.861,37.991,37.991,230041.0,,adjusted
2022-05-26,37.881,40.571,37.881,39.441,39.441,526193.0,,adjusted
2022-05-27,39.671,40.131,38.391,38.831,38.831,267637.0,,adjusted
2022-05-30,39.081,39.241,38.251,38.751,38.751,206277.0,,adjusted
2022-05-31,38.731,39.271,38.181,38.921,38.921,228333.0,,adjusted
2022-06-01,38.941,40.531,38.721,39.551,39.551,340278.0,,adjusted
2022-06-02,39.331,40.541,39.001,40.411,40.411,271258.0,,adjusted
2022-06-06,40.541,41.481,39.801,41.101,41.101,416928.0,,adjusted
2022-06-07,41.091,41.971,40.871,41.421,41.421,342337.0,,adjusted
2022-06-08,41.371,41.571,39.541,40.291,40.291,351727.0,,adjusted
2022-06-09,40.271,40.391,38.861,39.221,39.221,303524.0,,adjusted
2022-06-10,39.141,40.901,38.921,40.901,40.901,400202.0,,adjusted
2022-06-13,40.781,41.691,40.081,40.871,40.871,299867.0,,adjusted
2022-06-14,40.391,40.731,38.331,39.131,39.131,468038.0,,adjusted
2022-06-15,39.131,40.731,38.891,39.771,39.771,445860.0,,adjusted
2022-06-16,39.591,41.351,39.581,40.381,40.381,318248.0,,adjusted
2022-06-17,39.961,40.551,39.381,40.351,40.351,245089.0,,adjusted
2022-06-20,40.351,40.921,40.001,40.811,40.811,319562.0,,adjusted
2022-06-21,40.991,41.071,39.021,39.371,39.371,358486.0,,adjusted
2022-06-22,39.341,39.701,38.521,38.601,38.601,253738.0,,adjusted
2022-06-23,38.616,42.516,38.386,42.516,42.516,732576.0,,adjusted
2022-06-24,43.826,45.486,43.296,44.636,44.636,975262.0,,adjusted
2022-06-27,45.126,46.256,44.246,45.926,45.926,563649.0,,adjusted
2022-06-28,45.556,46.906,45.276,45.676,45.676,479923.0,,adjusted
2022-06-29,45.526,46.016,43.996,44.176,44.176,386971.0,,adjusted
2022-06-30,44.146,45.516,43.606,45.036,45.036,355998.0,,adjusted
2022-07-01,45.326,46.676,44.226,44.966,44.966,350334.0,,adjusted
2022-07-04,44.926,48.506,44.726,47.696,47.696,546001.0,,adjusted
2022-07-05,47.826,48.026,46.826,47.626,47.626,345408.0,,adjusted
2022-07-06,47.466,49.526,46.706,47.556,47.556,530354.0,,adjusted
2022-07-07,47.826,51.866,47.826,51.516,51.516,738027.0,,adjusted
2022-07-08,51.746,53.326,50.726,51.826,51.826,527422.0,,adjusted
2022-07-11,51.666,52.896,50.036,52.706,52.706,484200.0,,adjusted
2022-07-12,52.516,54.876,50.176,50.406,50.406,713973.0,,adjusted
2022-07-13,50.146,50.866,48.856,49.636,49.636,417345.0,,adjusted
2022-07-14,49.526,51.916,49.376,51.076,51.076,351182.0,,adjusted
2022-07-15,50.836,52.436,50.126,50.756,50.756,306264.0,,adjusted
2022-07-18,50.326,50.536,48.326,50.326,50.326,376464.0,,adjusted
2022-07-19,50.076,51.676,49.606,50.006,50.006,279288.0,,adjusted
2022-07-20,50.326,53.056,50.126,53.026,53.026,467972.0,,adjusted
2022-07-21,52.526,53.006,51.206,51.866,51.866,364333.0,,adjusted
2022-07-22,51.866,53.406,51.026,52.326,52.326,274900.0,,adjusted
2022-07-25,53.026,53.536,51.116,51.346,51.346,273623.0,,adjusted
2022-07-26,51.226,51.976,50.396,51.526,51.526,179139.0,,adjusted
2022-07-27,51.726,52.496,50.416,50.806,50.806,249594.0,,adjusted
2022-07-28,50.926,51.916,50.216,51.826,51.826,285020.0,,adjusted
2022-07-29,52.066,52.076,49.026,49.296,49.296,400133.0,,adjusted
2022-08-01,49.406,50.206,48.836,49.466,49.466,195306.0,,adjusted
2022-08-02,51.406,51.566,47.816,48.506,48.506,360944.0,,adjusted
2022-08-03,48.516,53.326,48.076,52.326,52.326,753690.0,,adjusted
2022-08-04,52.486,52.706,50.926,51.616,51.616,370763.0,,adjusted
2022-08-05,51.396,52.446,49.436,50.746,50.746,361505.0,,adjusted
2022-08-08,50.076,53.056,50.036,52.426,52.426,377207.0,,adjusted
2022-08-09,52.426,54.976,51.526,54.126,54.126,466160.0,,adjusted
2022-08-10,53.816,54.806,53.226,53.816,53.816,286573.0,,adjusted
2022-08-11,53.626,53.806,52.776,53.326,53.326,225185.0,,adjusted
2022-08-12,53.286,53.286,51.356,51.566,51.566,262801.0,,adjusted
2022-08-15,51.566,52.426,51.326,51.956,51.956,141320.0,,adjusted
2022-08-16,52.056,53.026,51.226,51.526,51.526,199993.0,,adjusted
2022-08-17,51.426,51.666,50.186,50.926,50.926,177450.0,,adjusted
2022-08-18,50.926,51.626,50.426,50.666,50.666,170780.0,,adjusted
2022-08-19,50.716,51.076,49.126,49.206,49.206,195039.0,,adjusted
2022-08-22,49.026,50.696,48.826,50.236,50.236,188430.0,,adjusted
2022-08-23,50.106,50.986,49.456,50.216,50.216,161988.0,,adjusted
2022-08-24,50.016,50.106,47.066,47.266,47.266,331661.0,,adjusted
2022-08-25,47.266,47.926,46.626,47.476,47.476,171575.0,,adjusted
2022-08-26,47.526,48.856,47.126,47.696,47.696,191482.0,,adjusted
2022-08-29,47.226,50.056,46.536,49.436,49.436,336675.0,,adjusted
2022-08-30,49.726,49.826,47.376,47.406,47.406,225608.0,,adjusted
2022-08-31,47.406,47.706,45.186,45.496,45.496,256887.0,,adjusted
2022-09-01,45.546,46.406,45.126,45.406,45.406,160993.0,,adjusted
2022-09-02,45.326,45.656,44.316,44.746,44.746,222199.0,,adjusted
2022-09-05,44.326,46.076,44.326,45.296,45.296,209004.0,,adjusted
2022-09-06,45.626,47.496,45.346,46.666,46.666,243003.0,,adjusted
2022-09-07,46.236,47.126,46.206,46.766,46.766,196525.0,,adjusted
2022-09-08,46.646,47.926,46.536,47.286,47.286,220280.0,,adjusted
2022-09-09,47.306,48.486,46.906,47.556,47.556,177969.0,,adjusted
2022-09-13,47.726,48.756,47.516,48.526,48.526,203259.0,,adjusted
2022-09-14,47.926,48.946,47.726,48.756,48.756,230866.0,,adjusted
2022-09-15,48.696,48.696,46.056,46.726,46.726,254469.0,,adjusted
2022-09-16,46.526,47.626,46.246,46.406,46.406,221611.0,,adjusted
2022-09-19,46.036,47.076,45.126,45.536,45.536,137205.0,,adjusted
2022-09-20,45.906,46.126,44.556,45.276,45.276,138498.0,,adjusted
2022-09-21,44.946,45.266,43.296,44.326,44.326,210529.0,,adjusted
2022-09-22,44.076,46.626,44.076,46.126,46.126,267168.0,,adjusted
2022-09-23,46.016,47.966,45.776,46.266,46.266,206879.0,,adjusted
2022-09-26,45.746,46.206,44.546,44.816,44.816,155876.0,,adjusted
2022-09-27,44.816,46.086,44.816,45.996,45.996,141844.0,,adjusted
2022-09-28,45.706,46.696,43.396,43.506,43.506,203783.0,,adjusted
2022-09-29,43.876,44.406,42.416,42.906,42.906,207952.0,,adjusted
2022-09-30,43.086,43.166,41.366,41.476,41.476,161512.0,,adjusted
2022-10-10,42.026,42.046,40.426,40.966,40.966,155787.0,,adjusted
2022-10-11,41.106,41.366,40.256,41.026,41.026,127842.0,,adjusted
2022-10-12,41.046,42.126,40.036,42.116,42.116,159764.0,,adjusted
2022-10-13,41.756,44.526,41.686,42.816,42.816,243818.0,,adjusted
2022-10-14,43.026,45.066,42.826,44.736,44.736,218610.0,,adjusted
2022-10-17,44.736,46.606,44.546,46.146,46.146,257974.0,,adjusted
2022-10-18,46.126,46.176,45.506,45.846,45.846,128624.0,,adjusted
2022-10-19,45.746,46.706,45.316,45.566,45.566,135103.0,,adjusted
2022-10-20,45.326,46.416,44.676,45.646,45.646,174833.0,,adjusted
2022-10-21,45.656,45.806,44.166,45.026,45.026,191592.0,,adjusted
2022-10-24,45.806,48.826,45.806,47.976,47.976,520220.0,,adjusted
2022-10-25,47.976,48.416,46.876,47.626,47.626,282899.0,,adjusted
2022-10-26,47.526,48.606,46.916,47.836,47.836,299151.0,,adjusted
2022-10-27,47.926,48.016,46.426,47.336,47.336,265419.0,,adjusted
2022-10-28,47.126,47.886,46.136,46.506,46.506,182646.0,,adjusted
2022-10-31,44.426,48.756,42.526,48.166,48.166,533609.0,,adjusted
2022-11-01,48.026,48.596,46.566,47.276,47.276,325471.0,,adjusted
2022-11-02,47.026,47.556,46.136,46.606,46.606,293380.0,,adjusted
2022-11-03,46.326,47.606,46.106,47.316,47.316,233195.0,,adjusted
2022-11-04,47.106,47.626,46.636,47.596,47.596,223852.0,,adjusted
2022-11-07,47.826,48.686,45.976,46.586,46.586,305948.0,,adjusted
2022-11-08,46.596,46.836,45.836,46.536,46.536,161316.0,,adjusted
2022-11-09,47.016,47.326,45.806,45.836,45.836,168863.0,,adjusted
2022-11-10,45.526,45.526,43.876,44.486,44.486,263486.0,,adjusted
2022-11-11,45.496,45.536,44.316,44.596,44.596,180654.0,,adjusted
2022-11-14,44.426,45.016,43.036,43.326,43.326,309125.0,,adjusted
2022-11-15,43.216,44.226,43.086,43.736,43.736,275568.0,,adjusted
2022-11-16,43.966,44.796,43.616,44.026,44.026,299378.0,,adjusted
2022-11-17,43.636,44.416,42.606,44.316,44.316,222178.0,,adjusted
2022-11-18,44.176,44.486,43.376,43.376,43.376,171365.0,,adjusted
2022-11-21,42.886,44.286,42.776,44.026,44.026,176034.0,,adjusted
2022-11-22,44.026,45.526,43.626,44.626,44.626,267442.0,,adjusted
2022-11-23,44.406,45.256,44.026,44.886,44.886,184921.0,,adjusted
2022-11-24,44.896,45.226,44.336,44.526,44.526,113593.0,,adjusted
2022-11-25,44.436,44.726,43.536,43.696,43.696,175384.0,,adjusted
2022-11-28,43.026,44.586,42.866,44.556,44.556,185461.0,,adjusted
2022-11-29,44.556,45.296,44.156,44.426,44.426,193164.0,,adjusted
2022-11-30,44.626,45.186,44.026,45.116,45.116,219265.0,,adjusted
2022-12-01,44.876,45.486,44.876,45.096,45.096,156942.0,,adjusted
2022-12-02,45.116,45.316,43.636,43.726,43.726,200052.0,,adjusted
2022-12-05,44.056,44.296,43.406,43.926,43.926,206709.0,,adjusted
2022-12-06,43.996,44.656,43.336,44.626,44.626,217808.0,,adjusted
2022-12-07,44.416,44.916,44.316,44.546,44.546,131139.0,,adjusted
2022-12-08,44.376,44.676,43.906,44.146,44.146,121325.0,,adjusted
2022-12-09,44.146,44.276,42.906,43.526,43.526,248959.0,,adjusted
2022-12-12,43.426,43.806,42.556,43.146,43.146,207209.0,,adjusted
2022-12-13,43.026,43.326,42.256,42.536,42.536,168067.0,,adjusted
2022-12-14,42.536,43.326,42.486,42.706,42.706,114822.0,,adjusted
2022-12-15,42.736,42.956,42.326,42.476,42.476,112992.0,,adjusted
2022-12-16,42.426,42.426,41.646,42.286,42.286,118022.0,,adjusted
2022-12-19,42.226,42.526,41.076,41.306,41.306,118336.0,,adjusted
2022-12-20,41.136,41.756,40.976,41.336,41.336,76680.0,,adjusted
2022-12-21,41.206,41.596,40.646,40.886,40.886,87601.0,,adjusted
2022-12-22,41.076,41.626,40.076,41.106,41.106,132137.0,,adjusted
2022-12-23,40.736,41.336,40.656,41.026,41.026,106086.0,,adjusted
2022-12-26,41.026,41.946,40.926,41.776,41.776,149086.0,,adjusted
2022-12-27,41.776,42.006,41.336,41.496,41.496,115978.0,,adjusted
2022-12-28,41.596,41.646,40.476,40.676,40.676,177437.0,,adjusted
2022-12-29,40.526,42.206,40.486,41.796,41.796,213932.0,,adjusted
2022-12-30,41.826,42.286,41.676,41.806,41.806,93330.0,,adjusted
2019-01-02,21.71,21.72,21.36,21.5,,50160.0,,raw
2019-01-03,21.49,22.65,21.43,22.12,,116371.0,,raw
2019-01-04,22.03,22.3,21.67,22.24,,86602.0,,raw
2019-01-07,22.34,23.07,22.32,22.95,,128968.0,,raw
2019-01-08,22.87,22.87,22.47,22.56,,59419.0,,raw
2019-01-09,22.7,22.8,22.45,22.51,,50547.0,,raw
2019-01-10,22.51,22.75,22.34,22.61,,52367.0,,raw
2019-01-11,22.47,22.79,22.47,22.72,,41489.0,,raw
2019-01-14,22.72,22.75,22.43,22.55,,29311.0,,raw
2019-01-15,22.55,22.75,22.5,22.67,,33027.0,,raw
2019-01-16,22.71,22.78,22.46,22.58,,41700.0,,raw
2019-01-17,22.64,22.69,22.24,22.3,,38986.0,,raw
2019-01-18,22.38,22.65,22.31,22.52,,39529.0,,raw
2019-01-21,22.59,22.76,22.45,22.69,,46146.0,,raw
2019-01-22,22.59,22.68,22.13,22.29,,42453.0,,raw
2019-01-23,22.3,22.54,22.16,22.53,,44312.0,,raw
2019-01-24,22.56,22.95,22.31,22.84,,66098.0,,raw
2019-01-25,22.83,22.89,22.58,22.6,,32777.0,,raw
2019-01-28,22.71,22.91,22.38,22.45,,45268.0,,raw
2019-01-29,22.46,22.56,22.05,22.13,,56005.0,,raw
2019-01-30,22.11,22.35,22.05,22.18,,35636.0,,raw
2019-01-31,22.23,22.33,21.9,22.0,,50039.0,,raw
2019-02-01,22.05,22.35,22.03,22.31,,34702.0,,raw
2019-02-11,22.35,22.69,22.31,22.68,,55468.0,,raw
2019-02-12,22.68,23.13,22.56,22.96,,79832.0,,raw
2019-02-13,22.99,23.52,22.89,23.34,,88515.0,,raw
2019-02-14,23.39,23.66,23.33,23.42,,74459.0,,raw
2019-02-15,23.42,23.66,23.2,23.3,,67571.0,,raw
2019-02-18,23.36,24.36,23.36,24.25,,130036.0,,raw
2019-02-19,24.4,24.66,24.04,24.54,,119996.0,,raw
2019-02-20,24.54,24.96,24.13,24.7,,121155.0,,raw
2019-02-21,25.08,25.62,24.38,24.5,,171384.0,,raw
2019-02-22,24.38,24.95,24.2,24.83,,85305.0,,raw
2019-02-25,25.09,26.38,24.96,26.18,,223466.0,,raw
2019-02-26,25.77,25.91,25.29,25.47,,254316.0,,raw
2019-02-27,25.2,26.25,24.96,25.25,,237455.0,,raw
2019-02-28,25.5,25.78,24.9,25.24,,149692.0,,raw
2019-03-01,25.34,25.34,24.79,25.12,,114656.0,,raw
2019-03-04,25.2,25.96,25.12,25.51,,207018.0,,raw
2019-03-05,25.47,26.18,25.38,26.03,,163066.0,,raw
2019-03-06,26.41,26.53,25.66,26.07,,153721.0,,raw
2019-03-07,25.92,26.33,25.65,25.82,,145416.0,,raw
2019-03-08,25.48,25.92,24.82,24.91,,172211.0,,raw
2019-03-11,24.95,25.94,24.95,25.88,,139233.0,,raw
2019-03-12,26.3,27.18,25.91,26.69,,304292.0,,raw
2019-03-13,26.89,27.95,26.21,26.54,,322266.0,,raw
2019-03-14,26.64,26.67,25.47,25.85,,190244.0,,raw
2019-03-15,26.12,26.25,25.31,25.56,,170224.0,,raw
2019-03-18,25.65,25.95,25.48,25.89,,134843.0,,raw
2019-03-19,26.08,26.55,25.86,26.23,,139344.0,,raw
2019-03-20,26.24,26.27,25.4,25.84,,117237.0,,raw
2019-03-21,25.85,26.12,25.81,25.92,,97730.0,,raw
2019-03-22,25.84,26.7,25.83,26.7,,184283.0,,raw
2019-03-25,26.76,28.4,26.6,27.46,,365921.0,,raw
2019-03-26,27.49,27.6,26.21,26.3,,202860.0,,raw
2019-03-27,26.4,26.45,25.75,26.07,,115599.0,,raw
2019-03-28,26.04,26.49,25.77,25.88,,88549.0,,raw
2019-03-29,25.91,26.4,25.86,26.4,,184228.0,,raw
2019-04-01,26.69,27.15,26.41,26.99,,240498.0,,raw
2019-04-02,27.06,27.68,26.71,26.95,,230660.0,,raw
2019-04-03,26.7,27.28,26.6,27.11,,168028.0,,raw
2019-04-04,27.3,27.38,26.85,27.13,,163418.0,,raw
2019-04-08,27.4,27.53,26.5,26.63,,189108.0,,raw
2019-04-09,26.65,26.73,26.33,26.55,,104857.0,,raw
2019-04-10,26.44,26.5,26.07,26.33,,114091.0,,raw
2019-04-11,26.31,26.78,26.15,26.48,,139196.0,,raw
2019-04-12,26.47,26.5,26.1,26.21,,78321.0,,raw
2019-04-15,26.44,26.72,26.1,26.13,,127958.0,,raw
2019-04-16,26.0,26.36,25.55,26.36,,111656.0,,raw
2019-04-17,26.34,26.6,26.21,26.38,,87826.0,,raw
2019-04-18,26.44,26.65,26.25,26.42,,89007.0,,raw
2019-04-19,26.38,26.54,26.07,26.43,,72632.0,,raw
2019-04-22,26.54,26.68,26.27,26.29,,91020.0,,raw
2019-04-23,26.23,26.36,25.56,25.65,,102671.0,,raw
2019-04-24,25.66,25.88,25.52,25.74,,66627.0,,raw
2019-04-25,25.74,25.74,24.9,24.92,,124694.0,,raw
2019-04-26,24.86,24.96,24.49,24.6,,89809.0,,raw
2019-04-29,24.71,24.84,24.26,24.31,,73183.0,,raw
2019-04-30,24.36,24.7,24.22,24.31,,72131.0,,raw
2019-05-06,24.08,24.42,22.7,23.26,,147666.0,,raw
2019-05-07,23.3,23.64,23.15,23.41,,88483.0,,raw
2019-05-08,23.02,23.5,22.92,23.31,,63669.0,,raw
2019-05-09,23.3,23.5,22.98,23.24,,73743.0,,raw
2019-05-10,23.36,24.09,23.1,23.95,,103534.0,,raw
2019-05-13,23.72,23.92,23.41,23.48,,67034.0,,raw
2019-05-14,23.35,23.74,23.3,23.4,,73429.0,,raw
2019-05-15,23.58,23.63,23.28,23.56,,75191.0,,raw
2019-05-16,23.55,24.06,23.43,23.9,,96941.0,,raw
2019-05-17,23.89,23.89,23.15,23.18,,79695.0,,raw
2019-05-20,23.2,23.55,23.12,23.43,,52953.0,,raw
2019-05-21,23.43,23.85,23.2,23.64,,77211.0,,raw
2019-05-22,23.65,23.84,23.3,23.49,,50707.0,,raw
2019-05-23,23.55,24.04,23.4,23.54,,94400.0,,raw
2019-05-24,23.4,23.63,23.15,23.19,,58049.0,,raw
2019-05-27,23.31,23.73,23.12,23.62,,61421.0,,raw
2019-05-28,23.61,23.94,23.49,23.94,,82558.0,,raw
2019-05-29,23.68,23.87,23.58,23.7,,48583.0,,raw
2019-05-30,23.63,23.7,23.27,23.46,,64288.0,,raw
2019-05-31,23.49,23.49,23.21,23.36,,51294.0,,raw
2019-06-03,23.47,23.5,22.9,23.0,,64900.0,,raw
2019-06-04,22.97,22.98,22.75,22.81,,50844.0,,raw
2019-06-05,22.89,22.99,22.52,22.52,,62286.0,,raw
2019-06-06,22.49,22.49,21.9,21.92,,78855.0,,raw
2019-06-10,21.95,22.22,21.93,22.16,,66441.0,,raw
2019-06-11,22.16,22.66,22.01,22.64,,92678.0,,raw
2019-06-12,22.6,22.66,22.33,22.37,,68296.0,,raw
2019-06-13,22.5,22.52,22.32,22.4,,50788.0,,raw
2019-06-14,22.37,22.72,22.2,22.21,,89617.0,,raw
2019-06-17,22.16,22.24,21.66,21.8,,84970.0,,raw
2019-06-18,21.81,21.88,21.63,21.74,,56785.0,,raw
2019-06-19,22.0,22.25,22.0,22.12,,91534.0,,raw
2019-06-20,22.13,22.51,21.95,22.43,,80879.0,,raw
2019-06-21,22.43,22.71,22.4,22.64,,96378.0,,raw
2019-06-24,22.69,22.83,22.49,22.6,,61403.0,,raw
2019-06-25,22.65,22.83,22.33,22.76,,82856.0,,raw
2019-06-26,22.61,22.94,22.48,22.94,,55150.0,,raw
2019-06-27,22.95,23.22,22.87,23.0,,88354.0,,raw
2019-06-28,23.0,23.1,22.51,22.71,,60546.0,,raw
2019-07-01,22.95,23.23,22.95,23.16,,89475.0,,raw
2019-07-02,23.31,23.43,23.0,23.16,,81273.0,,raw
2019-07-03,23.1,23.33,22.9,23.25,,90945.0,,raw
2019-07-04,23.15,24.45,23.11,23.96,,276971.0,,raw
2019-07-05,23.86,23.97,23.61,23.66,,99582.0,,raw
2019-07-22,23.6,23.6,22.33,22.5,,171691.0,,raw
2019-07-23,22.44,22.71,22.25,22.61,,116030.0,,raw
2019-07-24,22.7,23.25,22.68,23.08,,94028.0,,raw
2019-07-25,23.08,23.37,22.9,23.0,,63077.0,,raw
2019-07-26,23.02,23.54,22.88,23.45,,109819.0,,raw
2019-07-29,23.43,23.67,23.39,23.45,,74483.0,,raw
2019-07-30,23.68,23.69,23.34,23.4,,59368.0,,raw
2019-07-31,23.31,23.56,23.29,23.5,,63479.0,,raw
2019-08-01,23.55,23.66,23.0,23.01,,91439.0,,raw
2019-08-02,22.66,22.68,22.35,22.49,,96125.0,,raw
2019-08-05,22.22,22.79,22.21,22.3,,86018.0,,raw
2019-08-06,22.0,22.37,21.62,21.98,,103878.0,,raw
2019-08-07,22.02,22.32,21.79,22.0,,72428.0,,raw
2019-08-08,22.16,22.46,22.06,22.18,,51391.0,,raw
2019-08-09,22.25,22.33,21.73,21.78,,72435.0,,raw
2019-08-12,21.85,21.99,21.78,21.98,,53908.0,,raw
2019-08-13,21.82,22.28,21.81,22.03,,39217.0,,raw
2019-08-14,22.25,22.29,21.89,22.13,,55896.0,,raw
2019-08-15,21.7,22.12,21.64,22.06,,42712.0,,raw
2019-08-16,22.06,22.37,22.05,22.19,,63235.0,,raw
2019-08-19,22.29,22.87,22.2,22.72,,98379.0,,raw
2019-08-20,22.72,22.93,22.63,22.7,,66962.0,,raw
2019-08-21,22.7,23.06,22.62,22.9,,69484.0,,raw
2019-08-22,23.0,23.24,22.83,23.04,,74302.0,,raw
2019-08-23,22.99,23.26,22.79,22.96,,58035.0,,raw
2019-08-26,22.52,22.98,22.21,22.94,,93153.0,,raw
2019-08-27,23.01,23.38,22.66,23.1,,117423.0,,raw
2019-08-28,23.17,23.45,22.91,23.07,,85979.0,,raw
2019-08-29,23.19,23.59,23.01,23.27,,118356.0,,raw
2019-08-30,23.27,23.63,23.24,23.56,,128201.0,,raw
2019-09-02,23.66,24.82,23.65,24.59,,262215.0,,raw
2019-09-03,24.44,24.7,24.24,24.38,,151188.0,,raw
2019-09-04,24.35,24.55,24.01,24.32,,111208.0,,raw
2019-09-05,24.4,24.63,24.21,24.49,,164808.0,,raw
2019-09-06,24.5,24.69,24.03,24.14,,156237.0,,raw
2019-09-09,24.28,24.49,23.94,24.42,,184806.0,,raw
2019-09-10,24.45,24.87,24.18,24.45,,156266.0,,raw
2019-09-11,24.4,24.55,24.12,24.45,,94878.0,,raw
2019-09-12,24.49,24.49,24.05,24.28,,110675.0,,raw
2019-09-16,24.35,24.44,23.97,24.06,,113262.0,,raw
2019-09-17,23.96,24.01,23.22,23.26,,128426.0,,raw
2019-09-18,23.29,23.45,23.17,23.2,,60541.0,,raw
2019-09-19,23.3,23.46,23.18,23.4,,56719.0,,raw
2019-09-20,23.42,23.45,23.12,23.4,,81110.0,,raw
2019-09-23,23.29,23.37,22.73,22.9,,87570.0,,raw
2019-09-24,22.95,23.05,22.8,22.9,,69009.0,,raw
2019-09-25,22.79,22.85,22.47,22.5,,64294.0,,raw
2019-09-26,22.65,22.65,21.85,21.92,,126977.0,,raw
2019-09-27,21.94,22.14,21.9,22.01,,75440.0,,raw
2019-09-30,22.01,22.11,21.79,21.87,,53492.0,,raw
2019-10-08,21.98,22.05,21.71,21.71,,62691.0,,raw
2019-10-09,21.78,21.95,21.68,21.95,,35973.0,,raw
2019-10-10,21.95,22.03,21.86,21.99,,52247.0,,raw
2019-10-11,22.0,22.09,21.74,21.91,,51053.0,,raw
2019-10-14,22.19,22.19,22.01,22.12,,60161.0,,raw
2019-10-15,22.13,22.15,21.79,21.84,,58656.0,,raw
2019-10-16,21.84,21.96,21.84,21.94,,47755.0,,raw
2019-10-17,21.93,21.94,21.76,21.8,,36547.0,,raw
2019-10-18,21.82,21.96,21.32,21.32,,74853.0,,raw
2019-10-21,21.32,21.35,20.93,21.08,,61806.0,,raw
2019-10-22,21.09,21.29,21.09,21.26,,34917.0,,raw
2019-10-23,21.8,21.8,21.24,21.26,,56366.0,,raw
2019-10-24,21.2,21.45,21.01,21.32,,52470.0,,raw
2019-10-25,21.27,21.42,21.08,21.41,,52304.0,,raw
2019-10-28,21.44,21.47,21.2,21.44,,62834.0,,raw
2019-10-29,21.44,21.44,21.0,21.07,,73299.0,,raw
2019-10-30,20.86,21.34,20.59,21.12,,87728.0,,raw
2019-10-31,21.14,21.23,21.0,21.14,,44516.0,,raw
2019-11-01,21.08,21.2,20.9,21.19,,43761.0,,raw
2019-11-04,21.2,21.25,21.02,21.08,,42386.0,,raw
2019-11-05,21.09,21.25,21.01,21.18,,41058.0,,raw
2019-11-06,21.4,21.76,21.31,21.4,,107357.0,,raw
2019-11-07,21.31,21.5,21.28,21.34,,51339.0,,raw
2019-11-08,21.21,21.25,20.41,20.48,,146046.0,,raw
2019-11-11,20.32,20.38,19.8,19.96,,100174.0,,raw
2019-11-12,19.9,19.99,19.65,19.9,,50765.0,,raw
2019-11-13,19.88,20.0,19.76,19.95,,32717.0,,raw
2019-11-14,19.93,19.98,19.71,19.8,,50296.0,,raw
2019-11-15,19.8,19.85,19.17,19.17,,73269.0,,raw
2019-11-18,19.24,19.65,19.15,19.59,,55076.0,,raw
2019-11-19,19.54,19.83,19.53,19.63,,56994.0,,raw
2019-11-20,19.63,19.71,19.5,19.51,,40747.0,,raw
2019-11-21,19.5,20.1,19.44,19.99,,74627.0,,raw
2019-11-22,19.92,20.13,19.77,20.02,,51898.0,,raw
2019-11-25,20.01,20.02,19.75,19.96,,36645.0,,raw
2019-11-26,20.05,20.36,19.89,20.36,,66241.0,,raw
2019-11-27,20.16,20.16,19.92,20.15,,37914.0,,raw
2019-11-28,20.08,20.19,19.96,20.15,,22480.0,,raw
2019-11-29,20.16,20.28,19.99,20.28,,32999.0,,raw
2019-12-02,20.27,20.27,20.04,20.12,,23795.0,,raw
2019-12-03,20.1,20.1,19.78,19.97,,47484.0,,raw
2019-12-04,19.87,20.3,19.78,20.28,,50928.0,,raw
2019-12-05,20.26,20.59,20.2,20.5,,48769.0,,raw
2019-12-06,20.5,20.61,20.26,20.47,,35215.0,,raw
2019-12-09,20.4,20.47,20.18,20.29,,39759.0,,raw
2019-12-10,20.2,20.31,20.15,20.17,,30980.0,,raw
2019-12-11,20.3,20.3,20.07,20.15,,32296.0,,raw
2019-12-12,20.19,20.29,20.08,20.18,,42358.0,,raw
2019-12-13,20.24,20.34,20.1,20.33,,72951.0,,raw
2019-12-16,20.39,20.76,20.26,20.67,,92735.0,,raw
2019-12-17,20.62,20.92,20.6,20.73,,96145.0,,raw
2019-12-18,20.86,20.86,20.62,20.62,,58914.0,,raw
2019-12-19,20.6,20.76,20.55,20.65,,52773.0,,raw
2019-12-20,20.63,20.71,20.31,20.31,,60220.0,,raw
2019-12-23,20.26,20.38,19.82,19.83,,67584.0,,raw
2019-12-24,19.9,20.08,19.9,20.05,,37027.0,,raw
2019-12-25,20.08,20.17,19.93,19.99,,61597.0,,raw
2019-12-26,19.95,20.37,19.91,20.36,,55868.0,,raw
2019-12-27,20.31,20.76,20.31,20.65,,83186.0,,raw
2019-12-30,20.58,21.48,20.44,21.46,,150942.0,,raw
2019-12-31,21.5,21.69,21.28,21.68,,98556.0,,raw
2020-01-02,21.7,22.76,21.56,22.37,,159696.0,,raw
2020-01-03,22.43,22.59,22.15,22.44,,122536.0,,raw
2020-01-06,22.67,23.12,22.14,22.3,,157699.0,,raw
2020-01-07,22.19,23.1,22.19,23.0,,161767.0,,raw
2020-01-08,23.15,23.6,22.98,23.21,,186023.0,,raw
2020-01-09,22.78,23.23,22.67,23.04,,97092.0,,raw
2020-01-10,22.9,23.22,22.54,22.75,,73782.0,,raw
2020-01-13,22.69,22.87,22.35,22.58,,78670.0,,raw
2020-01-14,22.83,23.09,22.46,22.54,,84608.0,,raw
2020-01-15,22.53,22.59,22.16,22.22,,82246.0,,raw
2020-01-16,22.34,22.68,22.24,22.27,,63210.0,,raw
2020-01-17,22.27,22.53,22.11,22.24,,86095.0,,raw
2020-01-20,22.29,22.55,22.13,22.25,,99787.0,,raw
2020-01-21,22.25,22.68,21.98,22.08,,113292.0,,raw
2020-01-22,21.99,21.99,21.51,21.91,,84560.0,,raw
2020-01-23,21.8,22.37,21.2,21.59,,114844.0,,raw
2020-02-03,19.43,19.72,19.43,19.43,,121311.0,,raw
2020-02-04,19.3,19.77,19.08,19.7,,136669.0,,raw
2020-02-05,19.67,20.18,19.52,19.95,,119397.0,,raw
2020-02-06,20.07,20.35,19.86,20.18,,112372.0,,raw
2020-02-07,20.18,21.0,20.03,20.8,,119896.0,,raw
2020-02-10,20.73,20.8,20.36,20.49,,110507.0,,raw
2020-02-11,20.5,20.62,20.36,20.4,,81070.0,,raw
2020-02-12,20.41,20.6,20.31,20.56,,67113.0,,raw
2020-02-13,20.5,20.56,20.04,20.06,,104553.0,,raw
2020-02-14,20.04,20.31,19.97,20.17,,67004.0,,raw
2020-02-17,22.12,22.19,21.55,22.19,,165703.0,,raw
2020-02-18,24.41,24.41,24.41,24.41,,53826.0,,raw
2020-02-19,25.0,26.85,24.71,26.22,,1300988.0,,raw
2020-02-20,25.71,25.71,24.55,25.07,,766867.0,,raw
2020-02-21,25.1,27.0,24.8,26.18,,622103.0,,raw
2020-02-24,25.69,25.86,25.13,25.44,,394070.0,,raw
2020-02-25,24.6,24.95,23.3,24.49,,463627.0,,raw
2020-02-26,24.0,25.12,23.77,23.77,,341190.0,,raw
2020-02-27,24.1,25.15,23.9,24.52,,331301.0,,raw
2020-02-28,23.51,24.1,23.09,23.1,,294972.0,,raw
2020-03-02,23.33,24.25,23.01,23.82,,210796.0,,raw
2020-03-03,23.94,25.96,23.91,24.57,,377821.0,,raw
2020-03-04,24.29,25.65,24.29,25.09,,282734.0,,raw
2020-03-05,25.4,25.85,24.67,25.12,,273685.0,,raw
2020-03-06,24.81,25.2,24.56,24.8,,171244.0,,raw
2020-03-09,24.1,24.5,23.45,23.45,,186662.0,,raw
2020-03-10,23.2,24.39,23.11,24.28,,160977.0,,raw
2020-03-11,24.32,25.26,24.26,24.53,,247289.0,,raw
2020-03-12,24.05,24.99,23.85,24.19,,168716.0,,raw
2020-03-13,23.36,25.05,23.27,24.8,,289011.0,,raw
2020-03-16,25.13,25.49,23.9,24.0,,263889.0,,raw
2020-03-17,24.25,24.6,23.05,23.81,,165467.0,,raw
2020-03-18,24.0,24.29,23.1,23.1,,149552.0,,raw
2020-03-19,23.15,23.48,22.43,22.83,,265058.0,,raw
2020-03-20,23.19,23.27,22.51,23.25,,155101.0,,raw
2020-03-23,22.68,22.85,22.01,22.17,,136274.0,,raw
2020-03-24,22.61,22.7,21.94,22.47,,95035.0,,raw
2020-03-25,22.91,22.94,22.45,22.8,,111226.0,,raw
2020-03-26,22.62,22.71,22.15,22.29,,96176.0,,raw
2020-03-27,22.77,22.93,22.25,22.25,,99849.0,,raw
2020-03-30,21.85,21.9,21.05,21.5,,129489.0,,raw
2020-03-31,21.68,21.74,21.13,21.2,,65532.0,,raw
2020-04-01,21.16,21.42,20.85,20.88,,84750.0,,raw
2020-04-02,20.88,21.52,20.86,21.52,,84469.0,,raw
2020-04-03,21.41,21.83,21.24,21.71,,79453.0,,raw
2020-04-07,22.0,22.56,21.91,22.24,,107754.0,,raw
2020-04-08,22.01,23.57,21.97,23.32,,185213.0,,raw
2020-04-09,23.28,23.44,22.92,23.25,,84482.0,,raw
2020-04-10,23.2,23.2,22.62,22.68,,82209.0,,raw
2020-04-13,22.7,22.7,22.17,22.29,,69220.0,,raw
2020-04-14,22.4,22.75,22.26,22.74,,57749.0,,raw
2020-04-15,22.7,22.9,22.49,22.64,,54229.0,,raw
2020-04-16,22.52,23.46,22.39,22.99,,113585.0,,raw
2020-04-17,23.15,23.23,22.58,22.78,,108959.0,,raw
2020-04-20,23.0,23.67,22.9,23.58,,159155.0,,raw
2020-04-21,23.44,24.48,23.29,24.0,,171702.0,,raw
2020-04-22,23.79,24.08,23.58,23.89,,90269.0,,raw
2020-04-23,23.98,24.49,23.7,23.96,,124647.0,,raw
2020-04-24,24.16,24.22,23.41,23.65,,103760.0,,raw
2020-04-27,23.55,23.83,23.12,23.19,,87970.0,,raw
2020-04-28,23.62,23.78,22.61,23.45,,135663.0,,raw
2020-04-29,23.29,24.55,23.22,24.3,,131577.0,,raw
2020-04-30,24.22,24.95,24.12,24.75,,145976.0,,raw
2020-05-06,24.73,25.1,24.49,25.1,,155853.0,,raw
2020-05-07,24.95,25.06,24.7,24.96,,107454.0,,raw
2020-05-08,24.96,25.33,24.77,24.87,,131751.0,,raw
2020-05-12,24.81,24.87,24.3,24.46,,107660.0,,raw
2020-05-13,24.45,24.68,24.23,24.5,,87089.0,,raw
2020-05-14,24.45,24.79,24.2,24.31,,91653.0,,raw
2020-05-15,24.35,24.76,24.35,24.58,,89414.0,,raw
2020-05-18,24.8,26.33,24.8,25.61,,245877.0,,raw
2020-05-19,25.7,25.83,25.35,25.7,,121443.0,,raw
2020-05-20,25.62,25.88,24.95,25.05,,122489.0,,raw
2020-05-21,25.15,25.31,24.58,24.71,,82660.0,,raw
2020-05-22,24.72,25.13,24.18,24.22,,97868.0,,raw
2020-05-25,24.2,24.63,24.09,24.57,,73330.0,,raw
2020-05-26,24.62,24.84,24.33,24.6,,64629.0,,raw
2020-05-27,24.5,24.7,23.95,23.99,,69254.0,,raw
2020-05-28,24.01,24.24,23.72,24.05,,65873.0,,raw
2020-05-29,23.9,24.24,23.81,24.05,,74784.0,,raw
2020-06-01,24.14,24.55,23.91,24.41,,111694.0,,raw
2020-06-02,24.4,25.0,24.33,24.41,,104966.0,,raw
2020-06-03,24.46,24.55,24.12,24.13,,77901.0,,raw
2020-06-04,24.23,24.49,23.89,24.11,,68408.0,,raw
2020-06-05,24.18,24.2,23.5,23.66,,117994.0,,raw
2020-06-08,23.73,23.93,23.47,23.55,,86133.0,,raw
2020-06-09,23.58,23.65,23.2,23.42,,98314.0,,raw
2020-06-10,23.44,23.57,23.18,23.39,,76398.0,,raw
2020-06-11,23.5,23.77,23.1,23.28,,101186.0,,raw
2020-06-12,22.9,23.35,22.85,23.3,,97642.0,,raw
2020-06-15,23.03,23.21,22.69,22.7,,113842.0,,raw
2020-06-16,22.88,23.07,22.82,23.02,,60883.0,,raw
2020-06-17,23.28,23.77,23.25,23.4,,113016.0,,raw
2020-06-18,23.13,23.21,22.83,22.97,,87270.0,,raw
2020-06-19,22.9,23.21,22.9,23.1,,86899.0,,raw
2020-06-22,23.2,23.57,23.16,23.48,,88188.0,,raw
2020-06-23,23.55,23.68,23.38,23.65,,91044.0,,raw
2020-06-24,23.6,23.6,23.22,23.35,,72344.0,,raw
2020-06-29,23.29,24.15,23.16,23.56,,118875.0,,raw
2020-06-30,23.68,23.68,23.3,23.48,,98575.0,,raw
2020-07-01,23.51,24.02,23.33,23.89,,143424.0,,raw
2020-07-02,23.77,24.26,23.64,24.2,,154997.0,,raw
2020-07-03,24.28,24.82,24.1,24.4,,196040.0,,raw
2020-07-06,24.8,26.45,24.71,26.19,,381132.0,,raw
2020-07-07,26.5,28.07,26.06,27.21,,482493.0,,raw
2020-07-08,27.05,29.93,27.04,29.93,,531878.0,,raw
2020-07-09,32.85,32.92,31.8,32.92,,752961.0,,raw
2020-07-10,33.5,34.74,31.87,32.2,,881379.0,,raw
2020-07-13,32.15,32.9,31.45,32.5,,563141.0,,raw
2020-07-14,32.0,34.4,31.85,32.6,,531466.0,,raw
2020-07-15,32.61,32.99,30.69,31.15,,433386.0,,raw
2020-07-16,31.3,31.87,29.74,29.82,,304590.0,,raw
2020-07-17,29.99,32.1,29.86,30.81,,425211.0,,raw
2020-07-20,31.7,33.89,31.41,33.89,,597966.0,,raw
2020-07-21,33.9,33.9,31.85,31.92,,508302.0,,raw
2020-07-22,31.41,33.84,31.33,32.34,,404550.0,,raw
2020-07-23,33.0,35.45,32.29,34.41,,648322.0,,raw
2020-07-24,34.94,37.12,33.6,34.21,,779644.0,,raw
2020-07-27,33.8,36.71,33.33,35.31,,582582.0,,raw
2020-07-28,35.0,37.88,34.17,37.54,,625231.0,,raw
2020-07-29,37.0,38.24,36.5,38.04,,497923.0,,raw
2020-07-30,37.7,40.1,36.61,37.32,,560062.0,,raw
2020-07-31,37.24,37.38,35.76,36.87,,367795.0,,raw
2020-08-03,37.1,40.56,37.1,40.56,,623073.0,,raw
2020-08-04,41.0,41.18,38.92,39.59,,500768.0,,raw
2020-08-05,39.57,43.55,39.37,42.55,,645157.0,,raw
2020-08-06,42.01,46.81,41.87,46.55,,789758.0,,raw
2020-08-07,46.0,51.21,45.2,51.21,,799529.0,,raw
2020-08-10,53.0,56.33,50.01,50.12,,1116409.0,,raw
2020-08-11,50.1,53.26,49.1,51.08,,638501.0,,raw
2020-08-12,49.1,49.51,46.01,47.55,,609664.0,,raw
2020-08-13,49.1,50.32,47.81,49.0,,418924.0,,raw
2020-08-14,48.75,51.95,47.88,49.81,,425538.0,,raw
2020-08-17,50.7,51.2,48.5,51.0,,396084.0,,raw
2020-08-18,50.31,52.23,50.0,51.5,,294358.0,,raw
2020-08-19,50.99,51.4,47.61,47.9,,354484.0,,raw
2020-08-20,47.0,48.69,46.02,46.61,,338792.0,,raw
2020-08-21,47.17,47.92,45.59,46.0,,303155.0,,raw
2020-08-24,46.64,47.77,46.21,46.51,,252894.0,,raw
2020-08-25,46.66,46.97,41.86,43.82,,661296.0,,raw
2020-08-26,44.0,44.84,40.8,41.04,,617781.0,,raw
2020-08-27,41.65,42.04,40.41,41.79,,378847.0,,raw
2020-08-28,42.49,44.5,41.6,43.89,,477837.0,,raw
2020-08-31,44.2,46.3,43.53,44.64,,512468.0,,raw
2020-09-01,45.05,45.64,43.91,44.43,,324843.0,,raw
2020-09-02,45.64,45.65,42.83,43.0,,341882.0,,raw
2020-09-03,42.18,44.27,41.76,43.5,,301939.0,,raw
2020-09-04,42.53,43.47,42.25,42.87,,172389.0,,raw
2020-09-07,43.09,43.26,40.77,40.99,,245423.0,,raw
2020-09-08,41.5,41.59,39.52,40.28,,286020.0,,raw
2020-09-09,39.8,41.24,39.3,39.92,,329948.0,,raw
2020-09-10,40.01,41.99,40.0,40.3,,309163.0,,raw
2020-09-11,40.03,40.85,39.28,40.75,,191866.0,,raw
2020-09-14,41.25,41.38,39.08,39.93,,242531.0,,raw
2020-09-15,40.11,41.25,39.83,40.25,,171250.0,,raw
2020-09-16,40.25,40.5,39.29,39.4,,151737.0,,raw
2020-09-17,39.7,42.2,39.04,40.85,,257338.0,,raw
2020-09-18,40.9,42.11,40.86,41.57,,311844.0,,raw
2020-09-21,41.94,43.37,41.58,42.12,,365902.0,,raw
2020-09-22,40.98,41.25,39.76,40.53,,211005.0,,raw
2020-09-23,40.4,40.63,39.44,40.08,,192555.0,,raw
2020-09-24,39.67,40.07,39.11,39.34,,137039.0,,raw
2020-09-25,39.6,39.73,38.23,38.51,,155436.0,,raw
2020-09-28,38.88,39.12,38.14,38.52,,174477.0,,raw
2020-09-29,38.91,41.91,38.91,41.0,,345036.0,,raw
2020-09-30,41.4,41.5,40.4,41.25,,165320.0,,raw
2020-10-09,41.83,42.3,40.75,41.76,,209943.0,,raw
2020-10-12,42.52,43.8,41.61,43.46,,426896.0,,raw
2020-10-13,43.0,43.48,42.35,43.1,,188858.0,,raw
2020-10-14,43.01,44.38,41.87,42.2,,215098.0,,raw
2020-10-15,42.0,42.63,41.33,41.33,,141709.0,,raw
2020-10-16,41.2,41.65,39.67,39.87,,203232.0,,raw
2020-10-19,39.99,40.34,39.35,39.5,,147136.0,,raw
2020-10-20,39.6,39.78,38.35,39.7,,173416.0,,raw
2020-10-21,39.71,39.79,36.9,37.05,,258339.0,,raw
2020-10-22,36.82,37.24,36.08,36.83,,143906.0,,raw
2020-10-23,37.02,37.6,35.55,35.84,,173442.0,,raw
2020-10-26,35.81,36.6,35.36,36.05,,88571.0,,raw
2020-10-27,36.13,36.75,35.8,36.46,,131528.0,,raw
2020-10-28,36.45,36.45,35.33,36.06,,128808.0,,raw
2020-10-29,35.5,36.65,35.11,36.45,,122852.0,,raw
2020-10-30,38.2,39.1,36.36,36.54,,355644.0,,raw
2020-11-02,36.9,37.05,34.5,35.93,,312533.0,,raw
2020-11-03,36.15,38.57,35.73,38.4,,349095.0,,raw
2020-11-04,38.35,39.25,37.84,38.93,,269209.0,,raw
2020-11-05,38.7,39.15,36.91,38.52,,277481.0,,raw
2020-11-06,38.35,38.61,37.5,37.77,,139225.0,,raw
2020-11-09,37.7,38.26,36.6,38.22,,321254.0,,raw
2020-11-10,38.0,38.11,36.8,36.98,,176876.0,,raw
2020-11-11,37.29,38.07,36.15,36.42,,185378.0,,raw
2020-11-12,36.23,36.92,35.88,36.41,,101089.0,,raw
2020-11-13,36.32,38.47,36.1,38.34,,261645.0,,raw
2020-11-16,38.34,39.1,38.06,38.69,,187306.0,,raw
2020-11-17,38.67,38.75,36.4,36.66,,248978.0,,raw
2020-11-18,36.8,38.65,36.5,38.05,,220203.0,,raw
2020-11-19,38.21,41.67,37.91,41.0,,553585.0,,raw
2020-11-20,41.0,42.95,41.0,41.94,,559150.0,,raw
2020-11-23,42.75,43.15,41.07,42.28,,447704.0,,raw
2020-11-24,42.28,44.6,42.23,43.46,,382136.0,,raw
2020-11-25,43.0,43.77,41.3,41.58,,360140.0,,raw
2020-11-26,41.61,43.88,41.16,42.91,,361459.0,,raw
2020-11-27,42.96,46.43,42.23,45.0,,506552.0,,raw
2020-11-30,44.8,46.43,44.2,45.32,,366821.0,,raw
2020-12-01,45.77,48.79,45.34,48.0,,411937.0,,raw
2020-12-02,47.34,48.78,47.0,47.42,,303959.0,,raw
2020-12-03,46.9,47.5,45.8,46.3,,283507.0,,raw
2020-12-04,46.35,48.33,45.37,48.0,,341226.0,,raw
2020-12-07,47.9,49.31,47.7,47.7,,308773.0,,raw
2020-12-08,47.44,48.27,46.33,46.99,,261071.0,,raw
2020-12-09,46.9,47.29,44.8,44.9,,328879.0,,raw
2020-12-10,44.5,45.69,44.11,45.05,,263323.0,,raw
2020-12-11,45.28,45.48,43.52,44.15,,305661.0,,raw
2020-12-14,44.43,46.3,43.81,45.75,,317667.0,,raw
2020-12-15,45.49,46.87,44.9,45.57,,251266.0,,raw
2020-12-16,45.34,46.58,44.95,45.85,,213633.0,,raw
2020-12-17,45.8,45.88,42.88,44.02,,434161.0,,raw
2020-12-18,44.34,45.13,43.69,43.77,,253249.0,,raw
2020-12-21,43.4,47.3,43.4,46.73,,431261.0,,raw
2020-12-22,46.49,47.54,45.74,45.88,,362223.0,,raw
2020-12-23,46.38,50.47,46.09,50.47,,600619.0,,raw
2020-12-24,51.0,53.27,50.11,50.45,,686411.0,,raw
2020-12-25,50.99,52.5,49.15,51.93,,372064.0,,raw
2020-12-28,52.1,53.67,51.16,53.0,,394300.0,,raw
2020-12-29,52.75,53.45,51.03,51.32,,336444.0,,raw
2020-12-30,50.61,55.65,50.48,54.3,,492163.0,,raw
2020-12-31,54.72,59.73,54.22,59.35,,644213.0,,raw
2021-01-04,60.7,65.29,59.88,65.29,,666837.0,,raw
2021-01-05,65.3,69.98,64.0,67.3,,712342.0,,raw
2021-01-06,66.75,71.9,65.65,68.5,,652972.0,,raw
2021-01-07,68.52,75.35,67.67,75.34,,832658.0,,raw
2021-01-08,75.0,76.53,70.84,74.22,,770366.0,,raw
2021-01-11,76.8,77.8,68.69,69.55,,941806.0,,raw
2021-01-12,69.62,75.88,69.62,74.8,,825765.0,,raw
2021-01-13,76.0,80.76,73.11,77.9,,884965.0,,raw
2021-01-14,75.5,76.13,70.11,70.11,,1033680.0,,raw
2021-01-15,68.71,70.15,63.7,66.9,,991612.0,,raw
2021-01-18,66.84,68.82,66.45,68.02,,578842.0,,raw
2021-01-19,66.7,69.54,64.9,66.8,,593917.0,,raw
2021-01-20,66.56,71.5,65.3,70.9,,766314.0,,raw
2021-01-21,69.89,75.24,69.25,73.08,,708001.0,,raw
2021-01-22,72.7,75.91,72.33,75.47,,636217.0,,raw
2021-01-25,76.8,80.01,72.93,74.65,,902985.0,,raw
2021-01-26,73.1,73.5,67.19,67.19,,1029235.0,,raw
2021-01-27,65.5,66.47,63.21,65.18,,730761.0,,raw
2021-01-28,63.65,65.06,61.4,62.2,,611410.0,,raw
2021-01-29,63.0,63.1,57.25,59.59,,681520.0,,raw
2021-02-01,60.19,60.89,58.98,59.8,,375646.0,,raw
2021-02-02,59.9,61.6,58.0,60.99,,548879.0,,raw
2021-02-03,61.0,61.38,58.01,58.59,,429446.0,,raw
2021-02-04,57.19,59.56,56.89,57.33,,365953.0,,raw
2021-02-05,58.59,59.37,55.88,55.89,,346764.0,,raw
2021-02-08,56.5,58.0,55.69,57.65,,371461.0,,raw
2021-02-09,57.88,63.42,57.75,63.42,,552195.0,,raw
2021-02-10,64.99,65.19,61.6,64.91,,626372.0,,raw
2021-02-18,65.75,66.7,62.78,63.13,,587228.0,,raw
2021-02-19,62.54,64.28,61.76,63.38,,336692.0,,raw
2021-02-22,63.33,63.33,57.5,58.06,,600469.0,,raw
2021-02-23,56.8,61.78,56.11,60.36,,537766.0,,raw
2021-02-24,61.5,62.58,59.4,61.74,,513514.0,,raw
2021-02-25,61.72,65.44,60.3,64.23,,640579.0,,raw
2021-02-26,62.23,64.5,59.3,60.18,,532651.0,,raw
2021-03-01,60.59,62.87,58.71,62.85,,397602.0,,raw
2021-03-02,63.37,66.89,61.91,66.08,,669471.0,,raw
2021-03-03,64.5,66.7,64.2,65.85,,462742.0,,raw
2021-03-04,65.2,68.68,64.25,64.78,,589318.0,,raw
2021-03-05,62.92,62.95,59.0,59.27,,596075.0,,raw
2021-03-08,58.37,59.59,53.34,53.34,,759750.0,,raw
2021-03-09,51.03,51.79,48.01,48.25,,739442.0,,raw
2021-03-10,49.0,49.3,48.0,48.48,,368012.0,,raw
2021-03-11,48.15,50.17,47.58,49.35,,379754.0,,raw
2021-03-12,49.5,49.55,47.28,48.21,,348312.0,,raw
2021-03-15,48.0,49.15,46.6,47.16,,306488.0,,raw
2021-03-16,47.95,48.0,46.06,46.48,,236709.0,,raw
2021-03-17,46.73,47.8,46.49,47.31,,273629.0,,raw
2021-03-18,47.23,49.2,47.0,48.1,,339299.0,,raw
2021-03-19,47.0,49.95,46.57,48.62,,464101.0,,raw
2021-03-22,48.0,48.76,47.09,47.93,,255838.0,,raw
2021-03-23,47.65,48.74,47.28,47.38,,231668.0,,raw
2021-03-24,46.87,47.77,44.07,44.55,,445174.0,,raw
2021-03-25,44.18,45.95,44.17,45.39,,253815.0,,raw
2021-03-26,45.39,46.8,45.39,46.76,,228093.0,,raw
2021-03-29,47.14,49.0,47.02,47.75,,340106.0,,raw
2021-03-30,48.14,52.28,48.06,50.65,,600496.0,,raw
2021-03-31,48.6,48.6,45.59,45.59,,647125.0,,raw
2021-04-01,44.7,45.72,44.55,45.14,,333954.0,,raw
2021-04-02,45.18,46.3,44.96,45.79,,292884.0,,raw
2021-04-06,45.99,46.62,45.8,46.2,,229687.0,,raw
2021-04-07,46.21,46.28,45.31,45.6,,180856.0,,raw
2021-04-08,45.54,46.15,45.02,45.45,,164602.0,,raw
2021-04-09,45.84,46.35,43.66,44.08,,318904.0,,raw
2021-04-12,43.5,43.96,41.45,41.78,,437300.0,,raw
2021-04-13,41.49,42.18,41.16,41.5,,197199.0,,raw
2021-04-14,41.49,42.45,41.16,42.37,,220117.0,,raw
2021-04-15,42.2,42.3,41.54,42.06,,150190.0,,raw
2021-04-16,42.3,42.5,41.4,41.85,,175075.0,,raw
2021-04-19,41.8,43.3,41.34,43.05,,306412.0,,raw
2021-04-20,42.8,43.89,42.52,43.26,,329466.0,,raw
2021-04-21,43.2,43.89,42.21,42.68,,323053.0,,raw
2021-04-22,42.71,43.96,42.71,42.98,,322028.0,,raw
2021-04-23,42.7,43.48,42.08,42.56,,302396.0,,raw
2021-04-26,42.64,44.73,42.57,42.93,,453773.0,,raw
2021-04-27,42.65,42.75,40.84,41.26,,315947.0,,raw
2021-04-28,40.96,42.21,40.89,42.19,,228232.0,,raw
2021-04-29,42.33,43.42,41.81,41.95,,291836.0,,raw
2021-04-30,40.0,40.0,37.76,37.89,,795176.0,,raw
2021-05-06,37.85,39.97,37.66,39.37,,523645.0,,raw
2021-05-07,39.18,39.45,38.49,38.51,,215874.0,,raw
2021-05-10,38.52,38.6,37.32,37.8,,222623.0,,raw
2021-05-11,38.0,40.22,37.78,39.43,,421917.0,,raw
2021-05-12,39.0,39.73,38.82,39.66,,206137.0,,raw
2021-05-13,39.23,41.05,39.08,39.15,,329894.0,,raw
2021-05-14,39.45,41.95,38.76,41.9,,548772.0,,raw
2021-05-17,42.15,43.07,41.13,41.47,,484189.0,,raw
2021-05-18,41.4,44.55,41.05,43.84,,615839.0,,raw
2021-05-19,43.44,43.93,42.9,43.6,,409567.0,,raw
2021-05-20,43.4,44.57,43.1,43.18,,414357.0,,raw
2021-05-21,43.21,43.5,41.96,42.09,,319080.0,,raw
2021-05-24,42.0,42.84,41.88,42.35,,204975.0,,raw
2021-05-25,42.69,46.59,42.05,46.59,,840819.0,,raw
2021-05-26,47.8,49.45,47.2,48.7,,1031979.0,,raw
2021-05-27,48.55,49.88,47.9,48.84,,513874.0,,raw
2021-05-28,48.35,51.12,47.9,50.79,,674185.0,,raw
2021-05-31,51.15,54.22,49.85,53.99,,827354.0,,raw
2021-06-01,53.97,55.3,52.6,53.06,,718910.0,,raw
2021-06-02,52.6,54.54,51.6,52.1,,585469.0,,raw
2021-06-03,51.81,52.54,49.88,50.3,,560187.0,,raw
2021-06-04,50.14,51.87,49.87,51.13,,518651.0,,raw
2021-06-07,51.51,53.4,51.0,52.0,,541250.0,,raw
2021-06-08,51.5,55.5,51.01,55.1,,681270.0,,raw
2021-06-09,56.5,57.63,55.15,55.76,,728250.0,,raw
2021-06-10,55.6,56.86,54.79,55.99,,608967.0,,raw
2021-06-11,55.99,56.48,50.6,51.92,,999047.0,,raw
2021-06-15,50.95,52.66,50.2,51.63,,493036.0,,raw
2021-06-16,51.2,51.96,48.2,50.43,,588871.0,,raw
2021-06-17,50.53,51.7,49.58,50.81,,412745.0,,raw
2021-06-18,51.24,54.8,50.6,53.99,,684321.0,,raw
2021-06-21,54.27,56.54,53.6,56.32,,700561.0,,raw
2021-06-22,56.32,56.32,54.25,55.02,,515632.0,,raw
2021-06-23,54.09,55.44,53.07,54.47,,487632.0,,raw
2021-06-24,54.55,55.65,52.38,52.4,,441546.0,,raw
2021-06-25,52.0,53.72,50.86,52.62,,449863.0,,raw
2021-06-28,53.0,54.41,51.92,53.55,,423609.0,,raw
2021-06-29,53.18,54.5,52.19,52.36,,435918.0,,raw
2021-06-30,51.89,53.2,51.17,53.19,,375506.0,,raw
2021-07-01,54.01,54.48,49.8,49.8,,609136.0,,raw
2021-07-02,48.99,48.99,46.35,46.36,,570683.0,,raw
2021-07-05,45.63,46.84,45.38,45.61,,323022.0,,raw
2021-07-06,45.5,46.05,44.88,45.98,,331331.0,,raw
2021-07-07,45.5,48.96,45.3,48.24,,478946.0,,raw
2021-07-08,48.03,52.0,47.8,51.03,,609728.0,,raw
2021-07-09,51.03,51.8,49.98,50.53,,480511.0,,raw
2021-07-12,50.6,53.06,49.34,51.5,,513220.0,,raw
2021-07-13,51.28,52.3,50.46,51.18,,313648.0,,raw
2021-07-14,50.58,50.88,48.7,48.73,,451056.0,,raw
2021-07-15,48.5,50.18,48.37,49.17,,270979.0,,raw
2021-07-16,49.24,54.09,48.85,54.09,,785256.0,,raw
2021-07-19,55.9,56.33,53.54,54.75,,962199.0,,raw
2021-07-20,54.2,56.56,53.98,55.93,,792665.0,,raw
2021-07-21,55.0,58.6,54.97,58.2,,874407.0,,raw
2021-07-22,57.98,59.3,56.68,58.42,,656846.0,,raw
2021-07-23,58.32,62.98,56.43,60.7,,965142.0,,raw
2021-07-26,60.99,64.01,58.5,58.9,,995003.0,,raw
2021-07-27,57.83,60.81,56.08,57.18,,928942.0,,raw
2021-07-28,56.0,56.64,51.97,52.6,,689522.0,,raw
2021-07-29,54.06,56.14,53.22,55.09,,629395.0,,raw
2021-07-30,55.01,56.8,53.8,54.85,,539370.0,,raw
2021-08-02,55.5,60.02,54.07,58.95,,768970.0,,raw
2021-08-03,58.9,60.68,53.06,57.59,,596257.0,,raw
2021-08-04,57.49,61.1,57.32,60.53,,652888.0,,raw
2021-08-05,60.86,65.17,60.5,62.95,,931487.0,,raw
2021-08-06,62.89,64.54,61.06,63.93,,646569.0,,raw
2021-08-09,64.0,65.79,62.1,63.73,,502554.0,,raw
2021-08-10,63.0,69.71,62.91,67.2,,827853.0,,raw
2021-08-11,66.5,69.69,66.03,67.28,,587628.0,,raw
2021-08-12,66.66,67.23,62.5,62.5,,783153.0,,raw
2021-08-13,62.31,64.46,60.91,62.5,,668277.0,,raw
2021-08-16,62.02,63.39,61.11,61.66,,387749.0,,raw
2021-08-17,61.68,63.49,59.66,60.35,,630956.0,,raw
2021-08-18,60.0,63.5,60.0,63.2,,604650.0,,raw
2021-08-19,63.1,66.01,62.22,64.95,,579773.0,,raw
2021-08-20,64.1,65.5,62.84,63.0,,435866.0,,raw
2021-08-23,63.63,67.83,63.24,66.11,,610012.0,,raw
2021-08-24,64.0,68.22,63.18,67.49,,674511.0,,raw
2021-08-25,66.81,67.76,65.02,66.36,,376256.0,,raw
2021-08-26,65.8,68.22,65.48,65.5,,458573.0,,raw
2021-08-27,65.0,65.0,61.8,62.8,,551102.0,,raw
2021-08-30,65.46,69.08,65.12,68.45,,1160753.0,,raw
2021-08-31,68.45,70.5,66.55,68.08,,832529.0,,raw
2021-09-01,69.09,69.8,61.27,63.14,,883195.0,,raw
2021-09-02,61.8,63.8,61.31,63.11,,399489.0,,raw
2021-09-03,62.0,63.07,57.23,58.95,,693064.0,,raw
2021-09-06,58.5,59.69,57.72,59.69,,341405.0,,raw
2021-09-07,59.63,61.61,58.8,60.18,,378824.0,,raw
2021-09-08,61.0,61.6,58.85,59.51,,295096.0,,raw
2021-09-09,59.37,62.52,58.22,61.92,,497125.0,,raw
2021-09-10,61.76,61.76,60.2,60.34,,364996.0,,raw
2021-09-13,60.3,60.83,58.38,58.62,,305752.0,,raw
2021-09-14,58.6,59.79,56.77,56.92,,368388.0,,raw
2021-09-15,56.63,58.05,54.98,57.36,,365694.0,,raw
2021-09-16,57.29,57.75,54.5,54.59,,315459.0,,raw
2021-09-17,54.59,55.5,51.27,52.67,,443715.0,,raw
2021-09-22,52.0,54.78,51.58,53.56,,307711.0,,raw
2021-09-23,53.59,55.26,53.59,55.08,,332036.0,,raw
2021-09-24,54.61,54.98,53.42,53.87,,246175.0,,raw
2021-09-27,53.5,54.9,52.11,53.17,,276062.0,,raw
2021-09-28,53.01,55.55,52.96,54.94,,378202.0,,raw
2021-09-29,54.62,55.65,52.16,53.0,,314437.0,,raw
2021-09-30,53.5,54.15,52.71,53.19,,190565.0,,raw
2021-10-08,53.4,53.66,50.4,51.29,,297754.0,,raw
2021-10-11,51.29,55.8,51.28,53.53,,474376.0,,raw
2021-10-12,53.4,53.43,51.66,52.0,,239577.0,,raw
2021-10-13,51.0,52.42,49.7,52.07,,295068.0,,raw
2021-10-14,51.91,54.2,51.55,53.59,,339393.0,,raw
2021-10-15,53.57,54.55,53.0,53.64,,233438.0,,raw
2021-10-18,53.64,56.2,53.35,55.59,,372605.0,,raw
2021-10-19,55.01,55.4,54.0,54.94,,238102.0,,raw
2021-10-20,54.97,55.95,54.4,55.44,,272047.0,,raw
2021-10-21,55.0,55.09,53.69,54.17,,226129.0,,raw
2021-10-22,54.15,54.84,53.38,54.12,,181135.0,,raw
2021-10-25,54.09,56.2,54.01,55.8,,329889.0,,raw
2021-10-26,55.45,57.3,55.45,56.44,,306086.0,,raw
2021-10-27,57.72,58.5,55.9,56.98,,345210.0,,raw
2021-10-28,56.97,58.33,55.75,55.8,,398505.0,,raw
2021-10-29,56.02,60.09,55.75,59.16,,612795.0,,raw
2021-11-01,59.31,60.5,58.76,59.67,,452998.0,,raw
2021-11-02,60.8,61.5,59.64,60.52,,540605.0,,raw
2021-11-03,59.17,59.98,57.74,59.01,,355411.0,,raw
2021-11-04,58.9,60.42,58.51,60.2,,346727.0,,raw
2021-11-05,60.0,60.4,58.53,58.67,,240802.0,,raw
2021-11-08,58.46,59.44,57.18,59.39,,244602.0,,raw
2021-11-09,59.17,63.33,58.87,62.3,,594287.0,,raw
2021-11-10,62.5,63.15,61.2,61.6,,345042.0,,raw
2021-11-11,61.5,62.2,60.79,61.65,,237741.0,,raw
2021-11-12,61.7,65.18,61.65,64.62,,588667.0,,raw
2021-11-15,64.66,67.5,63.27,63.39,,633052.0,,raw
2021-11-16,62.89,64.5,60.02,60.15,,474053.0,,raw
2021-11-17,60.13,61.73,58.77,60.75,,444426.0,,raw
2021-11-18,60.65,63.89,59.83,62.83,,459219.0,,raw
2021-11-19,63.46,64.15,62.22,63.3,,322088.0,,raw
2021-11-22,63.5,64.2,62.61,63.72,,249638.0,,raw
2021-11-23,63.71,63.72,61.67,62.6,,314853.0,,raw
2021-11-24,62.22,63.5,61.01,61.42,,275920.0,,raw
2021-11-25,61.03,62.45,60.29,60.57,,239787.0,,raw
2021-11-26,60.57,62.72,60.4,60.99,,260065.0,,raw
2021-11-29,60.4,64.61,60.28,63.68,,500461.0,,raw
2021-11-30,63.69,65.5,63.33,64.34,,427623.0,,raw
2021-12-01,64.0,64.98,63.4,64.7,,258612.0,,raw
2021-12-02,64.88,65.4,63.72,65.08,,280790.0,,raw
2021-12-03,65.08,66.53,64.66,65.6,,358137.0,,raw
2021-12-06,65.61,66.27,63.8,64.8,,258921.0,,raw
2021-12-07,64.64,64.99,60.82,61.7,,429436.0,,raw
2021-12-08,61.95,63.66,61.85,63.51,,250580.0,,raw
2021-12-09,63.33,63.89,62.15,62.76,,206222.0,,raw
2021-12-10,62.28,62.75,61.01,61.99,,242414.0,,raw
2021-12-13,61.71,63.17,60.32,62.4,,277767.0,,raw
2021-12-14,62.0,65.72,61.68,64.78,,398512.0,,raw
2021-12-15,64.69,65.22,63.8,64.31,,219241.0,,raw
2021-12-16,64.32,66.48,64.05,65.22,,259494.0,,raw
2021-12-17,65.58,66.04,63.72,63.9,,256403.0,,raw
2021-12-20,62.81,65.03,61.48,61.7,,238195.0,,raw
2021-12-21,62.77,62.88,60.61,62.31,,208041.0,,raw
2021-12-22,62.49,62.83,61.3,61.75,,187526.0,,raw
2021-12-23,61.71,63.47,60.98,62.22,,233841.0,,raw
2021-12-24,62.04,62.66,60.8,60.89,,199357.0,,raw
2021-12-27,60.8,61.29,60.0,60.38,,154526.0,,raw
2021-12-28,60.42,60.67,58.64,60.07,,272329.0,,raw
2021-12-29,60.07,61.34,60.07,60.26,,228168.0,,raw
2021-12-30,60.3,64.49,59.93,63.08,,537216.0,,raw
2021-12-31,63.1,63.88,62.55,63.46,,265122.0,,raw
2022-01-04,63.71,64.48,63.08,63.55,,265368.0,,raw
2022-01-05,63.44,63.92,59.1,59.78,,399236.0,,raw
2022-01-06,59.2,60.19,57.2,58.3,,299851.0,,raw
2022-01-07,58.3,58.77,56.0,56.18,,276455.0,,raw
2022-01-10,55.5,56.1,54.74,55.59,,232370.0,,raw
2022-01-11,55.97,56.17,52.44,52.75,,396040.0,,raw
2022-01-12,53.15,54.68,52.91,54.46,,252482.0,,raw
2022-01-13,54.47,54.52,52.89,53.2,,172912.0,,raw
2022-01-14,53.29,54.15,52.7,52.8,,172128.0,,raw
2022-01-17,52.5,53.81,51.9,53.5,,226324.0,,raw
2022-01-18,53.3,54.93,52.88,53.75,,221583.0,,raw
2022-01-19,53.7,53.71,51.08,52.0,,252714.0,,raw
2022-01-20,52.0,52.28,50.31,50.76,,308342.0,,raw
2022-01-21,49.95,50.49,48.66,50.23,,402151.0,,raw
2022-01-24,50.06,50.85,49.6,50.15,,186112.0,,raw
2022-01-25,50.49,51.69,48.93,49.0,,232501.0,,raw
2022-01-26,49.01,50.5,49.01,50.38,,234114.0,,raw
2022-01-27,50.06,50.47,48.8,48.87,,163482.0,,raw
2022-01-28,49.21,49.9,47.58,48.18,,201214.0,,raw
2022-02-07,49.1,49.46,47.74,48.15,,185994.0,,raw
2022-02-08,48.51,48.66,46.44,48.19,,177921.0,,raw
2022-02-09,48.18,49.76,47.77,49.5,,235147.0,,raw
2022-02-10,49.5,50.3,48.95,49.69,,184392.0,,raw
2022-02-11,49.49,49.85,47.87,48.03,,175186.0,,raw
2022-02-14,47.98,49.1,47.2,47.55,,240693.0,,raw
2022-02-15,47.56,49.32,47.45,49.28,,206825.0,,raw
2022-02-16,48.77,48.8,47.8,48.0,,202915.0,,raw
2022-02-17,47.85,48.79,47.34,48.36,,207969.0,,raw
2022-02-18,48.2,48.21,47.51,48.17,,111982.0,,raw
2022-02-21,48.31,48.91,47.5,47.86,,144567.0,,raw
2022-02-22,48.38,48.58,46.83,47.19,,189232.0,,raw
2022-02-23,46.9,49.53,46.71,49.2,,342812.0,,raw
2022-02-24,48.79,53.0,48.55,50.07,,630941.0,,raw
2022-02-25,49.14,50.5,48.45,50.04,,296595.0,,raw
2022-02-28,50.85,51.85,50.06,50.52,,267695.0,,raw
2022-03-01,51.0,52.45,50.51,51.81,,334732.0,,raw
2022-03-02,51.7,51.85,50.8,51.31,,193487.0,,raw
2022-03-03,51.33,51.33,49.9,50.02,,183965.0,,raw
2022-03-04,49.84,50.38,47.59,48.05,,255798.0,,raw
2022-03-07,48.75,48.93,46.88,47.18,,221464.0,,raw
2022-03-08,46.9,47.55,44.46,44.51,,280531.0,,raw
2022-03-09,44.51,44.89,40.3,42.76,,473083.0,,raw
2022-03-10,43.7,44.37,42.87,43.47,,318879.0,,raw
2022-03-11,43.0,44.18,42.59,44.13,,221620.0,,raw
2022-03-14,43.88,47.03,43.68,45.47,,355553.0,,raw
2022-03-15,44.99,46.45,43.95,44.05,,270416.0,,raw
2022-03-16,44.8,45.48,42.82,45.41,,275178.0,,raw
2022-03-17,45.67,46.55,45.28,45.56,,271864.0,,raw
2022-03-18,45.2,45.45,44.26,45.0,,153820.0,,raw
2022-03-21,45.08,45.92,44.5,45.12,,167475.0,,raw
2022-03-22,45.65,46.08,44.18,44.42,,162400.0,,raw
2022-03-23,44.38,46.64,43.88,46.17,,353548.0,,raw
2022-03-24,45.5,46.3,45.43,45.57,,166241.0,,raw
2022-03-25,45.77,47.44,45.53,45.59,,291954.0,,raw
2022-03-28,44.99,45.04,43.56,44.15,,192264.0,,raw
2022-03-29,44.72,47.3,44.69,45.3,,397989.0,,raw
2022-03-30,45.54,46.7,44.96,46.2,,194699.0,,raw
2022-03-31,45.82,46.06,44.38,44.9,,186580.0,,raw
2022-04-01,44.5,45.08,44.16,44.35,,147050.0,,raw
2022-04-06,44.37,44.44,42.24,42.9,,238613.0,,raw
2022-04-07,42.9,44.1,42.66,42.95,,168595.0,,raw
2022-04-08,43.0,43.25,41.5,41.86,,240865.0,,raw
2022-04-11,40.8,40.8,38.71,39.2,,460086.0,,raw
2022-04-12,39.0,39.45,37.45,38.58,,355921.0,,raw
2022-04-13,38.35,38.5,37.7,37.85,,178866.0,,raw
2022-04-14,38.0,38.28,37.56,38.08,,199729.0,,raw
2022-04-15,38.0,38.5,37.5,38.0,,205081.0,,raw
2022-04-18,37.68,39.09,37.34,38.98,,219803.0,,raw
2022-04-19,38.8,39.65,38.7,39.07,,174330.0,,raw
2022-04-20,39.07,39.3,38.21,38.44,,130113.0,,raw
2022-04-21,38.36,39.31,37.06,37.39,,171856.0,,raw
2022-04-22,36.98,37.49,36.41,36.66,,149237.0,,raw
2022-04-25,35.8,36.07,33.96,33.97,,270850.0,,raw
2022-04-26,33.7,33.9,32.05,32.55,,281436.0,,raw
2022-04-27,31.92,35.18,31.7,34.83,,345851.0,,raw
2022-04-28,34.85,36.28,34.51,35.33,,221746.0,,raw
2022-04-29,36.04,37.88,35.44,37.78,,309819.0,,raw
2022-05-05,37.69,39.8,37.0,38.89,,357049.0,,raw
2022-05-06,37.8,39.46,37.68,39.09,,198546.0,,raw
2022-05-09,39.01,40.57,38.86,39.85,,212550.0,,raw
2022-05-10,39.02,40.18,39.01,39.84,,226475.0,,raw
2022-05-11,40.29,40.73,38.55,38.97,,288546.0,,raw
2022-05-12,38.58,40.1,38.58,39.38,,183595.0,,raw
2022-05-13,39.73,39.77,38.6,39.12,,123730.0,,raw
2022-05-16,39.72,40.22,38.6,38.76,,162978.0,,raw
2022-05-17,38.77,39.76,38.17,39.45,,132237.0,,raw
2022-05-18,39.65,39.96,38.84,39.5,,154442.0,,raw
2022-05-19,38.76,39.72,38.3,39.61,,140895.0,,raw
2022-05-20,39.78,40.07,39.08,39.68,,155717.0,,raw
2022-05-23,39.64,39.64,38.43,39.2,,178068.0,,raw
2022-05-24,39.3,40.7,37.89,38.02,,354194.0,,raw
2022-05-25,37.51,38.99,37.47,38.6,,230041.0,,raw
2022-05-26,38.49,41.18,38.49,40.05,,526193.0,,raw
2022-05-27,40.28,40.74,39.0,39.44,,267637.0,,raw
2022-05-30,39.69,39.85,38.86,39.36,,206277.0,,raw
2022-05-31,39.34,39.88,38.79,39.53,,228333.0,,raw
2022-06-01,39.55,41.14,39.33,40.16,,340278.0,,raw
2022-06-02,39.94,41.15,39.61,41.02,,271258.0,,raw
2022-06-06,41.15,42.09,40.41,41.71,,416928.0,,raw
2022-06-07,41.7,42.58,41.48,42.03,,342337.0,,raw
2022-06-08,41.98,42.18,40.15,40.9,,351727.0,,raw
2022-06-09,40.88,41.0,39.47,39.83,,303524.0,,raw
2022-06-10,39.75,41.51,39.53,41.51,,400202.0,,raw
2022-06-13,41.39,42.3,40.69,41.48,,299867.0,,raw
2022-06-14,41.0,41.34,38.94,39.74,,468038.0,,raw
2022-06-15,39.74,41.34,39.5,40.38,,445860.0,,raw
2022-06-16,40.2,41.96,40.19,40.99,,318248.0,,raw
2022-06-17,40.57,41.16,39.99,40.96,,245089.0,,raw
2022-06-20,40.96,41.53,40.61,41.42,,319562.0,,raw
2022-06-21,41.6,41.68,39.63,39.98,,358486.0,,raw
2022-06-22,39.95,40.31,39.13,39.21,,253738.0,,raw
2022-06-23,39.09,42.99,38.86,42.99,,732576.0,,raw
2022-06-24,44.3,45.96,43.77,45.11,,975262.0,,raw
2022-06-27,45.6,46.73,44.72,46.4,,563649.0,,raw
2022-06-28,46.03,47.38,45.75,46.15,,479923.0,,raw
2022-06-29,46.0,46.49,44.47,44.65,,386971.0,,raw
2022-06-30,44.62,45.99,44.08,45.51,,355998.0,,raw
2022-07-01,45.8,47.15,44.7,45.44,,350334.0,,raw
2022-07-04,45.4,48.98,45.2,48.17,,546001.0,,raw
2022-07-05,48.3,48.5,47.3,48.1,,345408.0,,raw
2022-07-06,47.94,50.0,47.18,48.03,,530354.0,,raw
2022-07-07,48.3,52.34,48.3,51.99,,738027.0,,raw
2022-07-08,52.22,53.8,51.2,52.3,,527422.0,,raw
2022-07-11,52.14,53.37,50.51,53.18,,484200.0,,raw
2022-07-12,52.99,55.35,50.65,50.88,,713973.0,,raw
2022-07-13,50.62,51.34,49.33,50.11,,417345.0,,raw
2022-07-14,50.0,52.39,49.85,51.55,,351182.0,,raw
2022-07-15,51.31,52.91,50.6,51.23,,306264.0,,raw
2022-07-18,50.8,51.01,48.8,50.8,,376464.0,,raw
2022-07-19,50.55,52.15,50.08,50.48,,279288.0,,raw
2022-07-20,50.8,53.53,50.6,53.5,,467972.0,,raw
2022-07-21,53.0,53.48,51.68,52.34,,364333.0,,raw
2022-07-22,52.34,53.88,51.5,52.8,,274900.0,,raw
2022-07-25,53.5,54.01,51.59,51.82,,273623.0,,raw
2022-07-26,51.7,52.45,50.87,52.0,,179139.0,,raw
2022-07-27,52.2,52.97,50.89,51.28,,249594.0,,raw
2022-07-28,51.4,52.39,50.69,52.3,,285020.0,,raw
2022-07-29,52.54,52.55,49.5,49.77,,400133.0,,raw
2022-08-01,49.88,50.68,49.31,49.94,,195306.0,,raw
2022-08-02,51.88,52.04,48.29,48.98,,360944.0,,raw
2022-08-03,48.99,53.8,48.55,52.8,,753690.0,,raw
2022-08-04,52.96,53.18,51.4,52.09,,370763.0,,raw
2022-08-05,51.87,52.92,49.91,51.22,,361505.0,,raw
2022-08-08,50.55,53.53,50.51,52.9,,377207.0,,raw
2022-08-09,52.9,55.45,52.0,54.6,,466160.0,,raw
2022-08-10,54.29,55.28,53.7,54.29,,286573.0,,raw
2022-08-11,54.1,54.28,53.25,53.8,,225185.0,,raw
2022-08-12,53.76,53.76,51.83,52.04,,262801.0,,raw
2022-08-15,52.04,52.9,51.8,52.43,,141320.0,,raw
2022-08-16,52.53,53.5,51.7,52.0,,199993.0,,raw
2022-08-17,51.9,52.14,50.66,51.4,,177450.0,,raw
2022-08-18,51.4,52.1,50.9,51.14,,170780.0,,raw
2022-08-19,51.19,51.55,49.6,49.68,,195039.0,,raw
2022-08-22,49.5,51.17,49.3,50.71,,188430.0,,raw
2022-08-23,50.58,51.46,49.93,50.69,,161988.0,,raw
2022-08-24,50.49,50.58,47.54,47.74,,331661.0,,raw
2022-08-25,47.74,48.4,47.1,47.95,,171575.0,,raw
2022-08-26,48.0,49.33,47.6,48.17,,191482.0,,raw
2022-08-29,47.7,50.53,47.01,49.91,,336675.0,,raw
2022-08-30,50.2,50.3,47.85,47.88,,225608.0,,raw
2022-08-31,47.88,48.18,45.66,45.97,,256887.0,,raw
2022-09-01,46.02,46.88,45.6,45.88,,160993.0,,raw
2022-09-02,45.8,46.13,44.79,45.22,,222199.0,,raw
2022-09-05,44.8,46.55,44.8,45.77,,209004.0,,raw
2022-09-06,46.1,47.97,45.82,47.14,,243003.0,,raw
2022-09-07,46.71,47.6,46.68,47.24,,196525.0,,raw
2022-09-08,47.12,48.4,47.01,47.76,,220280.0,,raw
2022-09-09,47.78,48.96,47.38,48.03,,177969.0,,raw
2022-09-13,48.2,49.23,47.99,49.0,,203259.0,,raw
2022-09-14,48.4,49.42,48.2,49.23,,230866.0,,raw
2022-09-15,49.17,49.17,46.53,47.2,,254469.0,,raw
2022-09-16,47.0,48.1,46.72,46.88,,221611.0,,raw
2022-09-19,46.51,47.55,45.6,46.01,,137205.0,,raw
2022-09-20,46.38,46.6,45.03,45.75,,138498.0,,raw
2022-09-21,45.42,45.74,43.77,44.8,,210529.0,,raw
2022-09-22,44.55,47.1,44.55,46.6,,267168.0,,raw
2022-09-23,46.49,48.44,46.25,46.74,,206879.0,,raw
2022-09-26,46.22,46.68,45.02,45.29,,155876.0,,raw
2022-09-27,45.29,46.56,45.29,46.47,,141844.0,,raw
2022-09-28,46.18,47.17,43.87,43.98,,203783.0,,raw
2022-09-29,44.35,44.88,42.89,43.38,,207952.0,,raw
2022-09-30,43.56,43.64,41.84,41.95,,161512.0,,raw
2022-10-10,42.5,42.52,40.9,41.44,,155787.0,,raw
2022-10-11,41.58,41.84,40.73,41.5,,127842.0,,raw
2022-10-12,41.52,42.6,40.51,42.59,,159764.0,,raw
2022-10-13,42.23,45.0,42.16,43.29,,243818.0,,raw
2022-10-14,43.5,45.54,43.3,45.21,,218610.0,,raw
2022-10-17,45.21,47.08,45.02,46.62,,257974.0,,raw
2022-10-18,46.6,46.65,45.98,46.32,,128624.0,,raw
2022-10-19,46.22,47.18,45.79,46.04,,135103.0,,raw
2022-10-20,45.8,46.89,45.15,46.12,,174833.0,,raw
2022-10-21,46.13,46.28,44.64,45.5,,191592.0,,raw
2022-10-24,46.28,49.3,46.28,48.45,,520220.0,,raw
2022-10-25,48.45,48.89,47.35,48.1,,282899.0,,raw
2022-10-26,48.0,49.08,47.39,48.31,,299151.0,,raw
2022-10-27,48.4,48.49,46.9,47.81,,265419.0,,raw
2022-10-28,47.6,48.36,46.61,46.98,,182646.0,,raw
2022-10-31,44.9,49.23,43.0,48.64,,533609.0,,raw
2022-11-01,48.5,49.07,47.04,47.75,,325471.0,,raw
2022-11-02,47.5,48.03,46.61,47.08,,293380.0,,raw
2022-11-03,46.8,48.08,46.58,47.79,,233195.0,,raw
2022-11-04,47.58,48.1,47.11,48.07,,223852.0,,raw
2022-11-07,48.3,49.16,46.45,47.06,,305948.0,,raw
2022-11-08,47.07,47.31,46.31,47.01,,161316.0,,raw
2022-11-09,47.49,47.8,46.28,46.31,,168863.0,,raw
2022-11-10,46.0,46.0,44.35,44.96,,263486.0,,raw
2022-11-11,45.97,46.01,44.79,45.07,,180654.0,,raw
2022-11-14,44.9,45.49,43.51,43.8,,309125.0,,raw
2022-11-15,43.69,44.7,43.56,44.21,,275568.0,,raw
2022-11-16,44.44,45.27,44.09,44.5,,299378.0,,raw
2022-11-17,44.11,44.89,43.08,44.79,,222178.0,,raw
2022-11-18,44.65,44.96,43.85,43.85,,171365.0,,raw
2022-11-21,43.36,44.76,43.25,44.5,,176034.0,,raw
2022-11-22,44.5,46.0,44.1,45.1,,267442.0,,raw
2022-11-23,44.88,45.73,44.5,45.36,,184921.0,,raw
2022-11-24,45.37,45.7,44.81,45.0,,113593.0,,raw
2022-11-25,44.91,45.2,44.01,44.17,,175384.0,,raw
2022-11-28,43.5,45.06,43.34,45.03,,185461.0,,raw
2022-11-29,45.03,45.77,44.63,44.9,,193164.0,,raw
2022-11-30,45.1,45.66,44.5,45.59,,219265.0,,raw
2022-12-01,45.35,45.96,45.35,45.57,,156942.0,,raw
2022-12-02,45.59,45.79,44.11,44.2,,200052.0,,raw
2022-12-05,44.53,44.77,43.88,44.4,,206709.0,,raw
2022-12-06,44.47,45.13,43.81,45.1,,217808.0,,raw
2022-12-07,44.89,45.39,44.79,45.02,,131139.0,,raw
2022-12-08,44.85,45.15,44.38,44.62,,121325.0,,raw
2022-12-09,44.62,44.75,43.38,44.0,,248959.0,,raw
2022-12-12,43.9,44.28,43.03,43.62,,207209.0,,raw
2022-12-13,43.5,43.8,42.73,43.01,,168067.0,,raw
2022-12-14,43.01,43.8,42.96,43.18,,114822.0,,raw
2022-12-15,43.21,43.43,42.8,42.95,,112992.0,,raw
2022-12-16,42.9,42.9,42.12,42.76,,118022.0,,raw
2022-12-19,42.7,43.0,41.55,41.78,,118336.0,,raw
2022-12-20,41.61,42.23,41.45,41.81,,76680.0,,raw
2022-12-21,41.68,42.07,41.12,41.36,,87601.0,,raw
2022-12-22,41.55,42.1,40.55,41.58,,132137.0,,raw
2022-12-23,41.21,41.81,41.13,41.5,,106086.0,,raw
2022-12-26,41.5,42.42,41.4,42.25,,149086.0,,raw
2022-12-27,42.25,42.48,41.81,41.97,,115978.0,,raw
2022-12-28,42.07,42.12,40.95,41.15,,177437.0,,raw
2022-12-29,41.0,42.68,40.96,42.27,,213932.0,,raw
2022-12-30,42.3,42.76,42.15,42.28,,93330.0,,raw
