trade_date,open,high,low,close,adj_close,volume,amount,price_type
2022-01-04,2.927,2.937,2.887,2.937,2.937,246228.0,,adjusted
2022-01-05,2.937,2.987,2.917,2.967,2.967,254835.0,,adjusted
2022-01-06,2.967,2.977,2.917,2.937,2.937,173422.0,,adjusted
2022-01-07,2.937,3.007,2.927,3.007,3.007,381488.0,,adjusted
2022-01-10,3.017,3.037,2.967,2.997,2.997,262429.0,,adjusted
2022-01-11,3.007,3.057,2.987,3.037,3.037,256230.0,,adjusted
2022-01-12,3.057,3.057,3.007,3.037,3.037,238550.0,,adjusted
2022-01-13,3.037,3.087,3.007,3.047,3.047,244670.0,,adjusted
2022-01-14,3.037,3.037,2.947,2.957,2.957,272291.0,,adjusted
2022-01-17,2.967,3.007,2.957,2.967,2.967,172050.0,,adjusted
2022-01-18,2.977,3.077,2.967,3.057,3.057,251563.0,,adjusted
2022-01-19,3.057,3.087,3.027,3.067,3.067,237169.0,,adjusted
2022-01-20,3.077,3.117,3.067,3.107,3.107,251761.0,,adjusted
2022-01-21,3.107,3.107,3.047,3.067,3.067,186607.0,,adjusted
2022-01-24,3.057,3.067,3.017,3.037,3.037,184144.0,,adjusted
2022-01-25,3.027,3.057,2.967,2.967,2.967,200348.0,,adjusted
2022-01-26,2.987,3.007,2.957,2.987,2.987,159436.0,,adjusted
2022-01-27,2.987,3.037,2.967,2.997,2.997,182040.0,,adjusted
2022-01-28,2.987,3.037,2.957,2.957,2.957,222425.0,,adjusted
2022-02-07,2.997,3.087,2.987,3.077,3.077,232321.0,,adjusted
2022-02-08,3.077,3.147,3.057,3.137,3.137,295461.0,,adjusted
2022-02-09,3.127,3.167,3.117,3.127,3.127,238273.0,,adjusted
2022-02-10,3.127,3.167,3.087,3.147,3.147,208459.0,,adjusted
2022-02-11,3.137,3.197,3.137,3.167,3.167,259249.0,,adjusted
2022-02-14,3.147,3.157,3.077,3.097,3.097,320204.0,,adjusted
2022-02-15,3.107,3.117,3.027,3.057,3.057,223197.0,,adjusted
2022-02-16,3.077,3.107,3.057,3.057,3.057,157749.0,,adjusted
2022-02-17,3.077,3.107,3.037,3.047,3.047,190668.0,,adjusted
2022-02-18,3.047,3.097,2.997,3.097,3.097,334037.0,,adjusted
2022-02-21,3.077,3.097,3.047,3.087,3.087,189825.0,,adjusted
2022-02-22,3.057,3.077,3.017,3.037,3.037,181956.0,,adjusted
2022-02-23,3.037,3.057,2.997,2.997,2.997,209398.0,,adjusted
2022-02-24,2.997,3.007,2.917,2.927,2.927,266453.0,,adjusted
2022-02-25,2.927,2.957,2.907,2.917,2.917,208697.0,,adjusted
2022-02-28,2.917,2.927,2.857,2.907,2.907,194631.0,,adjusted
2022-03-01,2.907,2.947,2.897,2.937,2.937,218104.0,,adjusted
2022-03-02,2.917,2.957,2.917,2.937,2.937,166662.0,,adjusted
2022-03-03,2.937,2.977,2.937,2.967,2.967,195607.0,,adjusted
2022-03-04,2.957,2.997,2.917,2.967,2.967,217762.0,,adjusted
2022-03-07,2.957,2.967,2.897,2.907,2.907,240521.0,,adjusted
2022-03-08,2.897,2.917,2.837,2.837,2.837,235948.0,,adjusted
2022-03-09,2.847,2.867,2.717,2.797,2.797,297208.0,,adjusted
2022-03-10,2.837,2.847,2.787,2.787,2.787,223560.0,,adjusted
2022-03-11,2.787,2.877,2.727,2.867,2.867,327410.0,,adjusted
2022-03-14,2.827,2.897,2.807,2.827,2.827,249498.0,,adjusted
2022-03-15,2.817,2.827,2.627,2.667,2.667,362658.0,,adjusted
2022-03-16,2.697,2.747,2.617,2.717,2.717,304472.0,,adjusted
2022-03-17,2.757,2.767,2.707,2.717,2.717,248988.0,,adjusted
2022-03-18,2.717,2.817,2.707,2.787,2.787,284238.0,,adjusted
2022-03-21,2.787,2.797,2.747,2.757,2.757,184913.0,,adjusted
2022-03-22,2.757,2.847,2.747,2.827,2.827,238327.0,,adjusted
2022-03-23,2.827,2.827,2.757,2.797,2.797,320846.0,,adjusted
2022-03-24,2.787,2.807,2.757,2.777,2.777,204570.0,,adjusted
2022-03-25,2.807,2.937,2.787,2.867,2.867,575486.0,,adjusted
2022-03-28,2.867,3.197,2.837,3.157,3.157,1320662.0,,adjusted
2022-03-29,3.177,3.257,3.077,3.177,3.177,726254.0,,adjusted
2022-03-30,3.177,3.437,3.137,3.417,3.417,1132873.0,,adjusted
2022-03-31,3.387,3.457,3.327,3.397,3.397,643975.0,,adjusted
2022-04-01,3.357,3.557,3.357,3.547,3.547,931740.0,,adjusted
2022-04-06,3.517,3.557,3.427,3.487,3.487,738621.0,,adjusted
2022-04-07,3.487,3.517,3.307,3.347,3.347,1064277.0,,adjusted
2022-04-08,3.357,3.407,3.307,3.397,3.397,698480.0,,adjusted
2022-04-11,3.387,3.397,3.287,3.307,3.307,467962.0,,adjusted
2022-04-12,3.327,3.437,3.257,3.357,3.357,569730.0,,adjusted
2022-04-13,3.327,3.407,3.327,3.337,3.337,364284.0,,adjusted
2022-04-14,3.367,3.487,3.317,3.407,3.407,435567.0,,adjusted
2022-04-15,3.357,3.547,3.357,3.467,3.467,776823.0,,adjusted
2022-04-18,3.407,3.577,3.337,3.397,3.397,708404.0,,adjusted
2022-04-19,3.377,3.437,3.337,3.417,3.417,329712.0,,adjusted
2022-04-20,3.407,3.417,3.297,3.317,3.317,291863.0,,adjusted
2022-04-21,3.297,3.377,3.267,3.297,3.297,411320.0,,adjusted
2022-04-22,3.277,3.417,3.237,3.397,3.397,392723.0,,adjusted
2022-04-25,3.357,3.397,3.197,3.207,3.207,449376.0,,adjusted
2022-04-26,3.217,3.327,3.157,3.247,3.247,468722.0,,adjusted
2022-04-27,3.237,3.307,3.147,3.237,3.237,487479.0,,adjusted
2022-04-28,3.207,3.337,3.197,3.317,3.317,351026.0,,adjusted
2022-04-29,3.317,3.397,3.187,3.337,3.337,694699.0,,adjusted
2022-05-05,3.107,3.127,2.987,3.017,3.017,958227.0,,adjusted
2022-05-06,2.957,2.987,2.887,2.947,2.947,475407.0,,adjusted
2022-05-09,2.927,3.017,2.897,2.977,2.977,300723.0,,adjusted
2022-05-10,2.957,3.027,2.937,3.017,3.017,297726.0,,adjusted
2022-05-11,3.017,3.037,2.977,3.007,3.007,245721.0,,adjusted
2022-05-12,2.987,2.997,2.947,2.977,2.977,174902.0,,adjusted
2022-05-13,2.987,3.017,2.957,2.997,2.997,257018.0,,adjusted
2022-05-16,2.977,3.007,2.947,2.987,2.987,227282.0,,adjusted
2022-05-17,2.997,2.997,2.947,2.987,2.987,202807.0,,adjusted
2022-05-18,2.987,2.997,2.917,2.927,2.927,232775.0,,adjusted
2022-05-19,2.887,2.937,2.867,2.917,2.917,397908.0,,adjusted
2022-05-20,2.897,2.957,2.897,2.947,2.947,354392.0,,adjusted
2022-05-23,2.947,2.957,2.927,2.937,2.937,219667.0,,adjusted
2022-05-24,2.947,2.947,2.887,2.887,2.887,235522.0,,adjusted
2022-05-25,2.887,2.937,2.877,2.927,2.927,196843.0,,adjusted
2022-05-26,2.927,2.967,2.917,2.937,2.937,237215.0,,adjusted
2022-05-27,2.947,2.967,2.927,2.957,2.957,213066.0,,adjusted
2022-05-30,2.967,2.987,2.947,2.957,2.957,172303.0,,adjusted
2022-05-31,2.967,2.977,2.937,2.957,2.957,199330.0,,adjusted
2022-06-01,2.957,2.977,2.947,2.957,2.957,208636.0,,adjusted
2022-06-02,2.977,2.987,2.957,2.987,2.987,213477.0,,adjusted
2022-06-06,2.967,2.977,2.927,2.977,2.977,272627.0,,adjusted
2022-06-07,2.977,3.017,2.957,3.007,3.007,279013.0,,adjusted
2022-06-08,3.007,3.027,2.977,3.017,3.017,210089.0,,adjusted
2022-06-09,3.017,3.057,3.007,3.047,3.047,234039.0,,adjusted
2022-06-10,3.017,3.067,2.997,3.067,3.067,267531.0,,adjusted
2022-06-13,3.037,3.047,2.967,2.987,2.987,249753.0,,adjusted
2022-06-14,2.967,3.047,2.947,3.037,3.037,213211.0,,adjusted
2022-06-15,3.037,3.197,3.037,3.127,3.127,484382.0,,adjusted
2022-06-16,3.137,3.147,3.067,3.097,3.097,275039.0,,adjusted
2022-06-17,3.087,3.097,3.047,3.087,3.087,437948.0,,adjusted
2022-06-20,3.097,3.097,3.027,3.067,3.067,230143.0,,adjusted
2022-06-21,3.057,3.107,3.047,3.087,3.087,193142.0,,adjusted
2022-06-22,3.087,3.097,3.037,3.047,3.047,175792.0,,adjusted
2022-06-23,3.057,3.137,3.047,3.107,3.107,273456.0,,adjusted
2022-06-24,3.107,3.137,3.057,3.077,3.077,223485.0,,adjusted
2022-06-27,3.087,3.097,3.057,3.057,3.057,260807.0,,adjusted
2022-06-28,3.067,3.067,3.037,3.047,3.047,269957.0,,adjusted
2022-06-29,3.047,3.067,3.037,3.067,3.067,276982.0,,adjusted
2022-06-30,3.057,3.077,3.047,3.057,3.057,227215.0,,adjusted
2022-07-01,3.057,3.067,3.037,3.047,3.047,182569.0,,adjusted
2022-07-04,3.047,3.057,3.017,3.047,3.047,237657.0,,adjusted
2022-07-05,3.047,3.077,3.027,3.077,3.077,269719.0,,adjusted
2022-07-06,3.077,3.077,3.017,3.027,3.027,180581.0,,adjusted
2022-07-07,3.027,3.027,2.987,2.987,2.987,208519.0,,adjusted
2022-07-08,2.997,3.017,2.977,3.007,3.007,142842.0,,adjusted
2022-07-11,2.987,3.047,2.987,3.047,3.047,232325.0,,adjusted
2022-07-12,3.037,3.077,3.017,3.057,3.057,225936.0,,adjusted
2022-07-13,3.037,3.047,2.957,2.977,2.977,296121.0,,adjusted
2022-07-14,2.977,2.977,2.887,2.927,2.927,250566.0,,adjusted
2022-07-15,2.917,2.927,2.827,2.847,2.847,278612.0,,adjusted
2022-07-18,2.867,2.907,2.857,2.897,2.897,215796.0,,adjusted
2022-07-19,2.897,2.937,2.877,2.937,2.937,174638.0,,adjusted
2022-07-20,2.937,3.017,2.937,3.007,3.007,243210.0,,adjusted
2022-07-21,2.997,3.017,2.967,2.967,2.967,185410.0,,adjusted
2022-07-22,2.967,3.017,2.967,2.997,2.997,171897.0,,adjusted
2022-07-25,3.007,3.057,2.987,3.047,3.047,224684.0,,adjusted
2022-07-26,3.047,3.057,3.017,3.037,3.037,220860.0,,adjusted
2022-07-27,3.047,3.047,3.007,3.037,3.037,312012.0,,adjusted
2022-07-28,3.029,3.039,2.979,2.989,2.989,386092.0,,adjusted
2022-07-29,2.999,3.039,2.949,2.969,2.969,322423.0,,adjusted
2022-08-01,2.969,2.979,2.919,2.939,2.939,218965.0,,adjusted
2022-08-02,2.929,2.939,2.869,2.889,2.889,231464.0,,adjusted
2022-08-03,2.879,2.909,2.859,2.859,2.859,153618.0,,adjusted
2022-08-04,2.879,2.889,2.859,2.869,2.869,136043.0,,adjusted
2022-08-05,2.879,2.919,2.869,2.899,2.899,135202.0,,adjusted
2022-08-08,2.909,2.949,2.869,2.899,2.899,183158.0,,adjusted
2022-08-09,2.899,2.909,2.879,2.889,2.889,103140.0,,adjusted
2022-08-10,2.889,2.889,2.869,2.869,2.869,88568.0,,adjusted
2022-08-11,2.879,2.929,2.869,2.919,2.919,133740.0,,adjusted
2022-08-12,2.909,2.939,2.889,2.919,2.919,174454.0,,adjusted
2022-08-15,2.909,2.929,2.879,2.909,2.909,182566.0,,adjusted
2022-08-16,2.909,2.929,2.899,2.919,2.919,150036.0,,adjusted
2022-08-17,2.929,2.959,2.889,2.959,2.959,198343.0,,adjusted
2022-08-18,2.949,2.959,2.919,2.939,2.939,122501.0,,adjusted
2022-08-19,2.949,2.969,2.939,2.959,2.959,134530.0,,adjusted
2022-08-22,2.939,2.999,2.939,2.959,2.959,198405.0,,adjusted
2022-08-23,2.969,2.969,2.919,2.949,2.949,144011.0,,adjusted
2022-08-24,2.939,2.979,2.919,2.929,2.929,141171.0,,adjusted
2022-08-25,2.939,2.989,2.929,2.979,2.979,172670.0,,adjusted
2022-08-26,2.989,2.999,2.949,2.969,2.969,119396.0,,adjusted
2022-08-29,2.949,3.079,2.949,3.029,3.029,411804.0,,adjusted
2022-08-30,3.039,3.079,3.029,3.079,3.079,301323.0,,adjusted
2022-08-31,3.069,3.129,3.069,3.089,3.089,342837.0,,adjusted
2022-09-01,3.079,3.189,3.059,3.159,3.159,448708.0,,adjusted
2022-09-02,3.159,3.189,3.129,3.179,3.179,279346.0,,adjusted
2022-09-05,3.159,3.249,3.139,3.239,3.239,352344.0,,adjusted
2022-09-06,3.249,3.299,3.199,3.239,3.239,297007.0,,adjusted
2022-09-07,3.249,3.249,3.159,3.219,3.219,194011.0,,adjusted
2022-09-08,3.219,3.259,3.169,3.229,3.229,206791.0,,adjusted
2022-09-09,3.239,3.279,3.199,3.239,3.239,219131.0,,adjusted
2022-09-13,3.229,3.289,3.199,3.229,3.229,261590.0,,adjusted
2022-09-14,3.199,3.219,3.169,3.189,3.189,193900.0,,adjusted
2022-09-15,3.189,3.269,3.179,3.249,3.249,311612.0,,adjusted
2022-09-16,3.239,3.259,3.149,3.149,3.149,255419.0,,adjusted
2022-09-19,3.179,3.209,3.149,3.189,3.189,267066.0,,adjusted
2022-09-20,3.189,3.199,3.139,3.159,3.159,235666.0,,adjusted
2022-09-21,3.139,3.249,3.109,3.229,3.229,229568.0,,adjusted
2022-09-22,3.199,3.229,3.159,3.199,3.199,147181.0,,adjusted
2022-09-23,3.199,3.269,3.199,3.259,3.259,221191.0,,adjusted
2022-09-26,3.279,3.289,3.159,3.169,3.169,347016.0,,adjusted
2022-09-27,3.169,3.219,3.119,3.199,3.199,211645.0,,adjusted
2022-09-28,3.199,3.249,3.159,3.219,3.219,210369.0,,adjusted
2022-09-29,3.229,3.239,3.139,3.139,3.139,262082.0,,adjusted
2022-09-30,3.159,3.209,3.149,3.169,3.169,167132.0,,adjusted
2022-10-10,3.139,3.299,3.139,3.229,3.229,341223.0,,adjusted
2022-10-11,3.239,3.259,3.159,3.179,3.179,194834.0,,adjusted
2022-10-12,3.189,3.279,3.169,3.279,3.279,332847.0,,adjusted
2022-10-13,3.279,3.299,3.219,3.239,3.239,243825.0,,adjusted
2022-10-14,3.259,3.439,3.259,3.289,3.289,437975.0,,adjusted
2022-10-17,3.279,3.339,3.249,3.269,3.269,251133.0,,adjusted
2022-10-18,3.269,3.289,3.179,3.199,3.199,247441.0,,adjusted
2022-10-19,3.179,3.219,3.169,3.179,3.179,122224.0,,adjusted
2022-10-20,3.169,3.219,3.159,3.169,3.169,155285.0,,adjusted
2022-10-21,3.189,3.259,3.159,3.229,3.229,273644.0,,adjusted
2022-10-24,3.239,3.249,3.139,3.159,3.159,264869.0,,adjusted
2022-10-25,3.159,3.169,3.069,3.079,3.079,215421.0,,adjusted
2022-10-26,3.079,3.129,3.009,3.029,3.029,249477.0,,adjusted
2022-10-27,3.019,3.059,3.019,3.019,3.019,202932.0,,adjusted
2022-10-28,3.009,3.059,2.969,3.009,3.009,233167.0,,adjusted
2022-10-31,2.999,3.009,2.919,2.939,2.939,295858.0,,adjusted
2022-11-01,2.959,3.059,2.949,3.049,3.049,304133.0,,adjusted
2022-11-02,3.019,3.049,2.979,3.009,3.009,166692.0,,adjusted
2022-11-03,3.019,3.019,2.949,2.989,2.989,148966.0,,adjusted
2022-11-04,2.979,3.049,2.959,3.029,3.029,210838.0,,adjusted
2022-11-07,2.999,3.069,2.989,3.059,3.059,207370.0,,adjusted
2022-11-08,3.059,3.079,3.029,3.069,3.069,143127.0,,adjusted
2022-11-09,3.059,3.089,3.039,3.049,3.049,119696.0,,adjusted
2022-11-10,3.039,3.089,3.009,3.089,3.089,150560.0,,adjusted
2022-11-11,3.109,3.209,3.099,3.199,3.199,316518.0,,adjusted
2022-11-14,3.209,3.379,3.199,3.319,3.319,649798.0,,adjusted
2022-11-15,3.319,3.359,3.279,3.289,3.289,290355.0,,adjusted
2022-11-16,3.289,3.329,3.239,3.249,3.249,201301.0,,adjusted
2022-11-17,3.259,3.279,3.199,3.219,3.219,167992.0,,adjusted
2022-11-18,3.229,3.239,3.169,3.179,3.179,177181.0,,adjusted
2022-11-21,3.159,3.249,3.139,3.189,3.189,214256.0,,adjusted
2022-11-22,3.179,3.459,3.179,3.359,3.359,521344.0,,adjusted
2022-11-23,3.389,3.689,3.379,3.549,3.549,866613.0,,adjusted
2022-11-24,3.579,3.629,3.509,3.529,3.529,551587.0,,adjusted
2022-11-25,3.549,3.689,3.529,3.659,3.659,545686.0,,adjusted
2022-11-28,3.579,3.579,3.409,3.469,3.469,543805.0,,adjusted
2022-11-29,3.509,3.759,3.479,3.749,3.749,978560.0,,adjusted
2022-11-30,3.719,3.719,3.589,3.639,3.639,501592.0,,adjusted
2022-12-01,3.689,3.699,3.559,3.589,3.589,411839.0,,adjusted
2022-12-02,3.579,3.609,3.509,3.529,3.529,318435.0,,adjusted
2022-12-05,3.579,3.769,3.539,3.709,3.709,662092.0,,adjusted
2022-12-06,3.689,3.739,3.639,3.709,3.709,336392.0,,adjusted
2022-12-07,3.699,3.719,3.589,3.619,3.619,454717.0,,adjusted
2022-12-08,3.639,3.749,3.629,3.679,3.679,379015.0,,adjusted
2022-12-09,3.669,3.799,3.629,3.719,3.719,531148.0,,adjusted
2022-12-12,3.699,3.769,3.629,3.649,3.649,311305.0,,adjusted
2022-12-13,3.649,3.739,3.639,3.699,3.699,251525.0,,adjusted
2022-12-14,3.709,3.769,3.649,3.719,3.719,294276.0,,adjusted
2022-12-15,3.729,3.739,3.639,3.639,3.639,216751.0,,adjusted
2022-12-16,3.629,3.709,3.629,3.669,3.669,186933.0,,adjusted
2022-12-19,3.699,3.709,3.559,3.589,3.589,238122.0,,adjusted
2022-12-20,3.559,3.609,3.429,3.509,3.509,354272.0,,adjusted
2022-12-21,3.529,3.579,3.489,3.539,3.539,180040.0,,adjusted
2022-12-22,3.569,3.619,3.519,3.539,3.539,148345.0,,adjusted
2022-12-23,3.529,3.569,3.479,3.489,3.489,124190.0,,adjusted
2022-12-26,3.509,3.519,3.439,3.439,3.439,189583.0,,adjusted
2022-12-27,3.499,3.539,3.469,3.509,3.509,170231.0,,adjusted
2022-12-28,3.519,3.629,3.479,3.589,3.589,209361.0,,adjusted
2022-12-29,3.559,3.569,3.449,3.539,3.539,260632.0,,adjusted
2022-12-30,3.549,3.629,3.539,3.589,3.589,216134.0,,adjusted
2023-01-03,3.559,3.659,3.509,3.589,3.589,336244.0,,adjusted
2023-01-04,3.609,3.719,3.589,3.699,3.699,353048.0,,adjusted
2023-01-05,3.709,3.719,3.619,3.649,3.649,294798.0,,adjusted
2023-01-06,3.649,3.679,3.609,3.649,3.649,259228.0,,adjusted
2023-01-09,3.669,3.729,3.599,3.689,3.689,280373.0,,adjusted
2023-01-10,3.689,3.709,3.609,3.639,3.639,256049.0,,adjusted
2023-01-11,3.619,3.689,3.619,3.649,3.649,169384.0,,adjusted
2023-01-12,3.669,3.679,3.589,3.679,3.679,242103.0,,adjusted
2023-01-13,3.669,3.729,3.659,3.709,3.709,233012.0,,adjusted
2023-01-16,3.729,3.769,3.639,3.669,3.669,473201.0,,adjusted
2023-01-17,3.679,3.709,3.649,3.689,3.689,310319.0,,adjusted
2023-01-18,3.709,3.719,3.669,3.669,3.669,222707.0,,adjusted
2023-01-19,3.669,3.709,3.649,3.669,3.669,200762.0,,adjusted
2023-01-20,3.689,3.689,3.659,3.679,3.679,244844.0,,adjusted
2023-01-30,3.719,3.729,3.669,3.679,3.679,267207.0,,adjusted
2023-01-31,3.699,3.709,3.629,3.659,3.659,239609.0,,adjusted
2023-02-01,3.659,3.669,3.589,3.649,3.649,357913.0,,adjusted
2023-02-02,3.649,3.659,3.599,3.629,3.629,263588.0,,adjusted
2023-02-03,3.609,3.629,3.559,3.579,3.579,210719.0,,adjusted
2023-02-06,3.549,3.559,3.519,3.549,3.549,262651.0,,adjusted
2023-02-07,3.559,3.579,3.539,3.559,3.559,171031.0,,adjusted
2023-02-08,3.579,3.579,3.529,3.529,3.529,154737.0,,adjusted
2023-02-09,3.539,3.579,3.519,3.549,3.549,190094.0,,adjusted
2023-02-10,3.539,3.559,3.519,3.549,3.549,131946.0,,adjusted
2023-02-13,3.539,3.549,3.489,3.519,3.519,272887.0,,adjusted
2023-02-14,3.529,3.559,3.519,3.549,3.549,167682.0,,adjusted
2023-02-15,3.549,3.559,3.509,3.519,3.519,160688.0,,adjusted
2023-02-16,3.519,3.569,3.499,3.519,3.519,181075.0,,adjusted
2023-02-17,3.519,3.539,3.469,3.479,3.479,170711.0,,adjusted
2023-02-20,3.499,3.569,3.469,3.569,3.569,277141.0,,adjusted
2023-02-21,3.559,3.599,3.549,3.589,3.589,226209.0,,adjusted
2023-02-22,3.589,3.589,3.549,3.549,3.549,126792.0,,adjusted
2023-02-23,3.559,3.589,3.529,3.539,3.539,148403.0,,adjusted
2023-02-24,3.549,3.549,3.509,3.509,3.509,143960.0,,adjusted
2023-02-27,3.509,3.529,3.489,3.509,3.509,139941.0,,adjusted
2023-02-28,3.509,3.529,3.499,3.529,3.529,115751.0,,adjusted
2023-03-01,3.539,3.599,3.519,3.589,3.589,242907.0,,adjusted
2023-03-02,3.579,3.699,3.559,3.689,3.689,369823.0,,adjusted
2023-03-03,3.699,3.759,3.669,3.749,3.749,343205.0,,adjusted
2023-03-06,3.739,3.789,3.709,3.739,3.739,397492.0,,adjusted
2023-03-07,3.729,3.979,3.729,3.809,3.809,674664.0,,adjusted
2023-03-08,3.759,3.789,3.709,3.779,3.779,322773.0,,adjusted
2023-03-09,3.779,3.839,3.769,3.789,3.789,270162.0,,adjusted
2023-03-10,3.759,3.809,3.679,3.689,3.689,227329.0,,adjusted
2023-03-13,3.679,3.769,3.629,3.759,3.759,234196.0,,adjusted
2023-03-14,3.729,3.809,3.659,3.709,3.709,254865.0,,adjusted
2023-03-15,3.769,3.769,3.689,3.749,3.749,232982.0,,adjusted
2023-03-16,3.729,3.959,3.709,3.879,3.879,604896.0,,adjusted
2023-03-17,3.869,3.949,3.819,3.869,3.869,408822.0,,adjusted
2023-03-20,3.879,4.239,3.859,4.129,4.129,1261263.0,,adjusted
2023-03-21,4.129,4.339,4.079,4.099,4.099,725034.0,,adjusted
2023-03-22,4.119,4.199,4.039,4.089,4.089,404923.0,,adjusted
2023-03-23,4.109,4.149,4.049,4.129,4.129,379789.0,,adjusted
2023-03-24,4.109,4.259,4.089,4.179,4.179,475535.0,,adjusted
2023-03-27,4.179,4.209,3.989,4.019,4.019,496133.0,,adjusted
2023-03-28,4.069,4.169,4.019,4.139,4.139,370747.0,,adjusted
2023-03-29,4.179,4.189,4.039,4.059,4.059,236999.0,,adjusted
2023-03-30,4.079,4.149,4.029,4.139,4.139,356117.0,,adjusted
2023-03-31,4.119,4.119,4.009,4.039,4.039,313049.0,,adjusted
2023-04-03,4.049,4.059,3.989,4.009,4.009,358770.0,,adjusted
2023-04-04,4.029,4.139,3.969,4.119,4.119,361141.0,,adjusted
2023-04-06,4.139,4.169,4.069,4.089,4.089,202255.0,,adjusted
2023-04-07,4.089,4.099,4.029,4.049,4.049,156990.0,,adjusted
2023-04-10,4.049,4.089,3.939,4.019,4.019,369051.0,,adjusted
2023-04-11,4.039,4.129,3.999,4.099,4.099,367767.0,,adjusted
2023-04-12,4.099,4.369,4.089,4.279,4.279,550217.0,,adjusted
2023-04-13,4.269,4.359,4.249,4.329,4.329,301295.0,,adjusted
2023-04-14,4.319,4.509,4.309,4.469,4.469,503300.0,,adjusted
2023-04-17,4.519,4.619,4.479,4.599,4.599,428113.0,,adjusted
2023-04-18,4.589,4.809,4.579,4.669,4.669,606748.0,,adjusted
2023-04-19,4.709,4.749,4.599,4.689,4.689,371315.0,,adjusted
2023-04-20,4.659,4.779,4.569,4.659,4.659,416581.0,,adjusted
2023-04-21,4.669,4.719,4.539,4.559,4.559,320825.0,,adjusted
2023-04-24,4.589,4.739,4.519,4.669,4.669,588696.0,,adjusted
2023-04-25,4.679,5.239,4.659,5.099,5.099,1235999.0,,adjusted
2023-04-26,5.059,5.079,4.849,4.989,4.989,632345.0,,adjusted
2023-04-27,4.989,5.069,4.949,5.029,5.029,563197.0,,adjusted
2023-04-28,5.059,5.189,4.919,5.109,5.109,623519.0,,adjusted
2023-05-04,5.029,5.579,5.029,5.549,5.549,766119.0,,adjusted
2023-05-05,5.529,5.789,5.409,5.479,5.479,804883.0,,adjusted
2023-05-08,5.519,6.169,5.489,6.169,6.169,1561697.0,,adjusted
2023-05-09,6.309,6.879,6.139,6.539,6.539,2291965.0,,adjusted
2023-05-10,6.359,6.409,5.839,6.049,6.049,1908004.0,,adjusted
2023-05-11,5.969,6.039,5.769,5.829,5.829,1116393.0,,adjusted
2023-05-12,5.789,5.889,5.699,5.759,5.759,811220.0,,adjusted
2023-05-15,5.739,5.749,5.349,5.649,5.649,1321926.0,,adjusted
2023-05-16,5.639,5.769,5.529,5.569,5.569,668621.0,,adjusted
2023-05-17,5.559,5.709,5.479,5.589,5.589,459516.0,,adjusted
2023-05-18,5.659,5.879,5.629,5.679,5.679,840742.0,,adjusted
2023-05-19,5.629,5.709,5.519,5.539,5.539,397313.0,,adjusted
2023-05-22,5.519,5.809,5.499,5.639,5.639,709354.0,,adjusted
2023-05-23,5.609,5.779,5.319,5.359,5.359,935698.0,,adjusted
2023-05-24,5.329,5.329,5.059,5.099,5.099,954675.0,,adjusted
2023-05-25,5.099,5.169,5.039,5.149,5.149,513762.0,,adjusted
2023-05-26,5.149,5.179,5.039,5.159,5.159,352589.0,,adjusted
2023-05-29,5.089,5.279,5.039,5.199,5.199,518973.0,,adjusted
2023-05-30,5.179,5.229,5.079,5.169,5.169,401458.0,,adjusted
2023-05-31,5.109,5.129,5.009,5.059,5.059,379119.0,,adjusted
2023-06-01,5.099,5.279,4.989,5.199,5.199,609197.0,,adjusted
2023-06-02,5.179,5.289,5.159,5.199,5.199,439236.0,,adjusted
2023-06-05,5.209,5.489,5.179,5.379,5.379,580937.0,,adjusted
2023-06-06,5.369,5.509,5.239,5.269,5.269,500469.0,,adjusted
2023-06-07,5.289,5.389,5.219,5.259,5.259,423039.0,,adjusted
2023-06-08,5.309,5.579,5.179,5.459,5.459,633427.0,,adjusted
2023-06-09,5.429,5.469,5.179,5.219,5.219,820200.0,,adjusted
2023-06-12,5.159,5.159,4.919,4.959,4.959,1138153.0,,adjusted
2023-06-13,4.939,4.999,4.839,4.859,4.859,686670.0,,adjusted
2023-06-14,4.859,4.889,4.649,4.749,4.749,1018442.0,,adjusted
2023-06-15,4.769,4.789,4.709,4.779,4.779,448495.0,,adjusted
2023-06-16,4.779,4.789,4.699,4.719,4.719,450648.0,,adjusted
2023-06-19,4.729,4.739,4.669,4.719,4.719,482261.0,,adjusted
2023-06-20,4.729,4.749,4.609,4.639,4.639,452317.0,,adjusted
2023-06-21,4.609,4.739,4.609,4.629,4.629,498972.0,,adjusted
2023-06-26,4.609,4.639,4.489,4.539,4.539,538837.0,,adjusted
2023-06-27,4.529,4.629,4.489,4.569,4.569,377390.0,,adjusted
2023-06-28,4.579,4.619,4.509,4.559,4.559,280553.0,,adjusted
2023-06-29,4.539,4.569,4.499,4.529,4.529,269351.0,,adjusted
2023-06-30,4.509,4.629,4.499,4.589,4.589,300404.0,,adjusted
2023-07-03,4.689,4.699,4.419,4.589,4.589,631281.0,,adjusted
2023-07-04,4.569,4.589,4.519,4.569,4.569,364109.0,,adjusted
2023-07-05,4.569,4.589,4.509,4.549,4.549,234189.0,,adjusted
2023-07-06,4.539,4.579,4.459,4.469,4.469,297929.0,,adjusted
2023-07-07,4.469,4.539,4.449,4.519,4.519,238997.0,,adjusted
2023-07-10,4.539,4.549,4.479,4.489,4.489,167340.0,,adjusted
2023-07-11,4.509,4.549,4.479,4.529,4.529,141860.0,,adjusted
2023-07-12,4.539,4.579,4.459,4.469,4.469,259183.0,,adjusted
2023-07-13,4.499,4.679,4.489,4.679,4.679,474700.0,,adjusted
2023-07-14,4.679,4.889,4.659,4.789,4.789,696039.0,,adjusted
2023-07-17,4.779,4.789,4.639,4.689,4.689,285847.0,,adjusted
2023-07-18,4.689,4.709,4.579,4.599,4.599,356976.0,,adjusted
2023-07-19,4.599,4.699,4.589,4.689,4.689,411933.0,,adjusted
2023-07-20,4.688,4.688,4.478,4.518,4.518,818226.0,,adjusted
2023-07-21,4.538,4.608,4.518,4.568,4.568,372405.0,,adjusted
2023-07-24,4.538,4.688,4.518,4.628,4.628,447618.0,,adjusted
2023-07-25,4.708,4.888,4.668,4.828,4.828,636765.0,,adjusted
2023-07-26,4.808,4.868,4.668,4.718,4.718,365647.0,,adjusted
2023-07-27,4.718,4.908,4.718,4.808,4.808,493959.0,,adjusted
2023-07-28,4.788,5.038,4.768,4.998,4.998,794294.0,,adjusted
2023-07-31,5.018,5.118,4.908,4.948,4.948,883548.0,,adjusted
2023-08-01,4.928,5.018,4.898,4.968,4.968,599689.0,,adjusted
2023-08-02,4.938,4.938,4.738,4.768,4.768,709570.0,,adjusted
2023-08-03,4.768,4.838,4.688,4.808,4.808,389665.0,,adjusted
2023-08-04,4.858,4.948,4.818,4.858,4.858,474426.0,,adjusted
2023-08-07,4.838,4.838,4.708,4.758,4.758,509016.0,,adjusted
2023-08-08,4.738,4.748,4.668,4.688,4.688,396265.0,,adjusted
2023-08-09,4.668,4.708,4.648,4.688,4.688,216665.0,,adjusted
2023-08-10,4.678,4.688,4.618,4.668,4.668,253188.0,,adjusted
2023-08-11,4.668,4.678,4.538,4.538,4.538,401277.0,,adjusted
2023-08-14,4.478,4.488,4.408,4.438,4.438,486238.0,,adjusted
2023-08-15,4.458,4.548,4.438,4.518,4.518,438661.0,,adjusted
2023-08-16,4.508,4.528,4.468,4.508,4.508,260195.0,,adjusted
2023-08-17,4.488,4.528,4.408,4.458,4.458,292751.0,,adjusted
2023-08-18,4.448,4.618,4.438,4.518,4.518,422948.0,,adjusted
2023-08-21,4.528,4.538,4.418,4.418,4.418,281462.0,,adjusted
2023-08-22,4.448,4.478,4.418,4.478,4.478,242941.0,,adjusted
2023-08-23,4.468,4.578,4.438,4.508,4.508,333057.0,,adjusted
2023-08-24,4.508,4.638,4.458,4.468,4.468,373842.0,,adjusted
2023-08-25,4.468,4.528,4.408,4.448,4.448,589127.0,,adjusted
2023-08-28,4.738,4.748,4.518,4.538,4.538,595614.0,,adjusted
2023-08-29,4.548,4.568,4.428,4.468,4.468,530913.0,,adjusted
2023-08-30,4.468,4.488,4.398,4.398,4.398,461827.0,,adjusted
2023-08-31,4.398,4.438,4.368,4.398,4.398,344810.0,,adjusted
2023-09-01,4.408,4.448,4.388,4.408,4.408,258764.0,,adjusted
2023-09-04,4.428,4.628,4.408,4.608,4.608,754293.0,,adjusted
2023-09-05,4.578,4.578,4.518,4.528,4.528,306328.0,,adjusted
2023-09-06,4.508,4.548,4.488,4.538,4.538,215616.0,,adjusted
2023-09-07,4.528,4.558,4.488,4.518,4.518,247271.0,,adjusted
2023-09-08,4.508,4.528,4.468,4.488,4.488,243644.0,,adjusted
2023-09-11,4.508,4.538,4.468,4.518,4.518,253812.0,,adjusted
2023-09-12,4.508,4.548,4.498,4.528,4.528,160484.0,,adjusted
2023-09-13,4.528,4.528,4.478,4.488,4.488,222164.0,,adjusted
2023-09-14,4.508,4.658,4.488,4.648,4.648,613850.0,,adjusted
2023-09-15,4.648,4.748,4.578,4.598,4.598,617786.0,,adjusted
2023-09-18,4.588,4.668,4.538,4.648,4.648,383280.0,,adjusted
2023-09-19,4.638,4.678,4.608,4.668,4.668,272875.0,,adjusted
2023-09-20,4.658,4.748,4.628,4.718,4.718,301566.0,,adjusted
2023-09-21,4.708,4.758,4.638,4.678,4.678,280464.0,,adjusted
2023-09-22,4.668,4.738,4.628,4.738,4.738,335835.0,,adjusted
2023-09-25,4.708,4.778,4.668,4.748,4.748,374036.0,,adjusted
2023-09-26,4.718,4.798,4.688,4.718,4.718,273375.0,,adjusted
2023-09-27,4.698,4.748,4.668,4.678,4.678,277527.0,,adjusted
2023-09-28,4.688,4.718,4.648,4.658,4.658,204510.0,,adjusted
2023-10-09,4.638,4.668,4.548,4.638,4.638,298417.0,,adjusted
2023-10-10,4.668,4.668,4.568,4.588,4.588,279305.0,,adjusted
2023-10-11,4.618,4.648,4.538,4.558,4.558,269579.0,,adjusted
2023-10-12,4.638,4.758,4.618,4.718,4.718,444382.0,,adjusted
2023-10-13,4.698,4.778,4.668,4.738,4.738,324052.0,,adjusted
2023-10-16,4.738,4.758,4.638,4.748,4.748,294082.0,,adjusted
2023-10-17,4.738,4.798,4.728,4.788,4.788,307828.0,,adjusted
2023-10-18,4.778,4.878,4.768,4.828,4.828,381759.0,,adjusted
2023-10-19,4.798,4.808,4.638,4.668,4.668,422712.0,,adjusted
2023-10-20,4.648,4.688,4.598,4.608,4.608,228873.0,,adjusted
2023-10-23,4.598,4.638,4.558,4.588,4.588,248955.0,,adjusted
2023-10-24,4.588,4.608,4.458,4.498,4.498,363891.0,,adjusted
2023-10-25,4.528,4.538,4.448,4.508,4.508,251580.0,,adjusted
2023-10-26,4.498,4.578,4.458,4.558,4.558,233903.0,,adjusted
2023-10-27,4.558,4.598,4.488,4.518,4.518,306549.0,,adjusted
2023-10-30,4.498,4.508,4.248,4.268,4.268,769327.0,,adjusted
2023-10-31,4.258,4.328,4.228,4.318,4.318,469043.0,,adjusted
2023-11-01,4.328,4.378,4.288,4.358,4.358,408324.0,,adjusted
2023-11-02,4.358,4.478,4.348,4.438,4.438,380470.0,,adjusted
2023-11-03,4.438,4.438,4.378,4.388,4.388,313368.0,,adjusted
2023-11-06,4.398,4.418,4.298,4.348,4.348,517735.0,,adjusted
2023-11-07,4.328,4.378,4.318,4.358,4.358,282806.0,,adjusted
2023-11-08,4.338,4.368,4.308,4.318,4.318,228679.0,,adjusted
2023-11-09,4.328,4.388,4.308,4.378,4.378,305749.0,,adjusted
2023-11-10,4.368,4.428,4.328,4.338,4.338,252497.0,,adjusted
2023-11-13,4.328,4.348,4.268,4.328,4.328,263928.0,,adjusted
2023-11-14,4.338,4.388,4.318,4.338,4.338,245310.0,,adjusted
2023-11-15,4.378,4.398,4.348,4.388,4.388,246212.0,,adjusted
2023-11-16,4.378,4.418,4.358,4.378,4.378,183513.0,,adjusted
2023-11-17,4.368,4.398,4.328,4.338,4.338,220597.0,,adjusted
2023-11-20,4.348,4.368,4.308,4.358,4.358,149973.0,,adjusted
2023-11-21,4.368,4.428,4.358,4.408,4.408,295287.0,,adjusted
2023-11-22,4.388,4.438,4.378,4.388,4.388,206057.0,,adjusted
2023-11-23,4.398,4.418,4.368,4.388,4.388,158492.0,,adjusted
2023-11-24,4.388,4.418,4.368,4.388,4.388,188992.0,,adjusted
2023-11-27,4.398,4.408,4.308,4.338,4.338,256070.0,,adjusted
2023-11-28,4.358,4.358,4.318,4.348,4.348,263215.0,,adjusted
2023-11-29,4.348,4.378,4.258,4.268,4.268,346606.0,,adjusted
2023-11-30,4.288,4.368,4.268,4.328,4.328,294993.0,,adjusted
2023-12-01,4.328,4.418,4.308,4.398,4.398,356819.0,,adjusted
2023-12-04,4.398,4.448,4.348,4.348,4.348,217752.0,,adjusted
2023-12-05,4.348,4.358,4.248,4.248,4.248,270630.0,,adjusted
2023-12-06,4.248,4.278,4.128,4.178,4.178,368785.0,,adjusted
2023-12-07,4.188,4.228,4.128,4.218,4.218,353788.0,,adjusted
2023-12-08,4.218,4.318,4.178,4.248,4.248,387726.0,,adjusted
2023-12-11,4.228,4.238,4.108,4.208,4.208,435623.0,,adjusted
2023-12-12,4.198,4.308,4.168,4.298,4.298,335851.0,,adjusted
2023-12-13,4.308,4.318,4.258,4.268,4.268,203523.0,,adjusted
2023-12-14,4.288,4.288,4.218,4.238,4.238,161825.0,,adjusted
2023-12-15,4.238,4.288,4.188,4.188,4.188,182715.0,,adjusted
2023-12-18,4.198,4.248,4.158,4.208,4.208,258335.0,,adjusted
2023-12-19,4.208,4.228,4.168,4.188,4.188,171892.0,,adjusted
2023-12-20,4.198,4.248,4.178,4.188,4.188,166537.0,,adjusted
2023-12-21,4.178,4.198,4.128,4.178,4.178,245554.0,,adjusted
2023-12-22,4.168,4.228,4.168,4.198,4.198,223924.0,,adjusted
2023-12-25,4.208,4.228,4.178,4.218,4.218,168696.0,,adjusted
2023-12-26,4.208,4.238,4.168,4.178,4.178,193473.0,,adjusted
2023-12-27,4.178,4.198,4.138,4.188,4.188,193050.0,,adjusted
2023-12-28,4.208,4.268,4.178,4.258,4.258,392039.0,,adjusted
2023-12-29,4.248,4.278,4.218,4.228,4.228,234312.0,,adjusted
2024-01-02,4.238,4.268,4.208,4.228,4.228,282750.0,,adjusted
2024-01-03,4.228,4.318,4.218,4.308,4.308,329530.0,,adjusted
2024-01-04,4.328,4.378,4.298,4.368,4.368,347643.0,,adjusted
2024-01-05,4.368,4.768,4.358,4.608,4.608,1100122.0,,adjusted
2024-01-08,4.538,4.628,4.438,4.498,4.498,713902.0,,adjusted
2024-01-09,4.478,4.548,4.418,4.528,4.528,494181.0,,adjusted
2024-01-10,4.518,4.578,4.488,4.528,4.528,356073.0,,adjusted
2024-01-11,4.518,4.538,4.448,4.458,4.458,384285.0,,adjusted
2024-01-12,4.448,4.588,4.438,4.528,4.528,325055.0,,adjusted
2024-01-15,4.528,4.608,4.488,4.588,4.588,315496.0,,adjusted
2024-01-16,4.578,4.718,4.568,4.678,4.678,528989.0,,adjusted
2024-01-17,4.658,4.708,4.588,4.588,4.588,407164.0,,adjusted
2024-01-18,4.568,4.608,4.428,4.558,4.558,543385.0,,adjusted
2024-01-19,4.548,4.578,4.478,4.548,4.548,307764.0,,adjusted
2024-01-22,4.548,4.608,4.448,4.508,4.508,595092.0,,adjusted
2024-01-23,4.518,4.578,4.458,4.558,4.558,461998.0,,adjusted
2024-01-24,4.588,4.698,4.558,4.688,4.688,501791.0,,adjusted
2024-01-25,4.718,4.908,4.708,4.888,4.888,766819.0,,adjusted
2024-01-26,4.918,5.008,4.828,4.968,4.968,686256.0,,adjusted
2024-01-29,4.968,5.458,4.928,5.248,5.248,1313132.0,,adjusted
2024-01-30,5.198,5.288,5.068,5.178,5.178,839200.0,,adjusted
2024-01-31,5.108,5.258,5.108,5.198,5.198,611214.0,,adjusted
2024-02-01,5.168,5.238,5.078,5.098,5.098,646214.0,,adjusted
2024-02-02,5.088,5.268,5.018,5.018,5.018,731488.0,,adjusted
2024-02-05,5.068,5.388,5.068,5.288,5.288,1292274.0,,adjusted
2024-02-06,5.268,5.318,5.158,5.258,5.258,970236.0,,adjusted
2024-02-07,5.188,5.218,5.018,5.118,5.118,1236587.0,,adjusted
2024-02-08,5.108,5.108,4.828,5.038,5.038,1096551.0,,adjusted
2024-02-19,5.038,5.258,4.948,5.238,5.238,928465.0,,adjusted
2024-02-20,5.238,5.378,5.178,5.308,5.308,591366.0,,adjusted
2024-02-21,5.278,5.618,5.248,5.508,5.508,858216.0,,adjusted
2024-02-22,5.468,5.568,5.408,5.558,5.558,512041.0,,adjusted
2024-02-23,5.558,5.708,5.518,5.558,5.558,501837.0,,adjusted
2024-02-26,5.528,5.568,5.358,5.388,5.388,461059.0,,adjusted
2024-02-27,5.378,5.498,5.358,5.398,5.398,434255.0,,adjusted
2024-02-28,5.388,5.418,5.288,5.348,5.348,461850.0,,adjusted
2024-02-29,5.338,5.388,5.308,5.368,5.368,400783.0,,adjusted
2024-03-01,5.338,5.408,5.298,5.378,5.378,368381.0,,adjusted
2024-03-04,5.338,5.338,5.208,5.298,5.298,513027.0,,adjusted
2024-03-05,5.278,5.478,5.258,5.468,5.468,530388.0,,adjusted
2024-03-06,5.468,5.538,5.368,5.388,5.388,407971.0,,adjusted
2024-03-07,5.368,5.448,5.358,5.378,5.378,333135.0,,adjusted
2024-03-08,5.368,5.428,5.328,5.338,5.338,397789.0,,adjusted
2024-03-11,5.348,5.378,5.248,5.318,5.318,420870.0,,adjusted
2024-03-12,5.308,5.308,5.128,5.158,5.158,578483.0,,adjusted
2024-03-13,5.168,5.168,5.058,5.138,5.138,365205.0,,adjusted
2024-03-14,5.118,5.228,5.108,5.118,5.118,273679.0,,adjusted
2024-03-15,5.148,5.218,5.128,5.148,5.148,353364.0,,adjusted
2024-03-18,5.168,5.228,5.138,5.178,5.178,336971.0,,adjusted
2024-03-19,5.208,5.218,5.138,5.148,5.148,258297.0,,adjusted
2024-03-20,5.138,5.278,5.098,5.248,5.248,379971.0,,adjusted
2024-03-21,5.248,5.338,5.218,5.298,5.298,373084.0,,adjusted
2024-03-22,5.208,5.208,4.998,5.068,5.068,824323.0,,adjusted
2024-03-25,5.078,5.198,5.048,5.158,5.158,486735.0,,adjusted
2024-03-26,5.198,5.218,5.118,5.178,5.178,330816.0,,adjusted
2024-03-27,5.188,5.288,5.168,5.228,5.228,436678.0,,adjusted
2024-03-28,5.228,5.268,5.098,5.118,5.118,486477.0,,adjusted
2024-03-29,5.098,5.198,5.098,5.178,5.178,313351.0,,adjusted
2024-04-01,5.168,5.198,5.128,5.188,5.188,328918.0,,adjusted
2024-04-02,5.178,5.258,5.158,5.208,5.208,350873.0,,adjusted
2024-04-03,5.218,5.228,5.148,5.178,5.178,295876.0,,adjusted
2024-04-08,5.178,5.388,5.138,5.368,5.368,686772.0,,adjusted
2024-04-09,5.368,5.428,5.278,5.308,5.308,531000.0,,adjusted
2024-04-10,5.328,5.448,5.318,5.408,5.408,753041.0,,adjusted
2024-04-11,5.378,5.438,5.288,5.408,5.408,454642.0,,adjusted
2024-04-12,5.388,5.478,5.378,5.418,5.418,442021.0,,adjusted
2024-04-15,5.388,5.668,5.378,5.648,5.648,750995.0,,adjusted
2024-04-16,5.668,5.738,5.548,5.548,5.548,1047421.0,,adjusted
2024-04-17,5.528,6.208,5.518,6.208,6.208,2132987.0,,adjusted
2024-04-18,6.248,6.938,6.218,6.868,6.868,3487677.0,,adjusted
2024-04-19,6.438,6.478,6.158,6.208,6.208,2577108.0,,adjusted
2024-04-22,6.268,6.268,5.928,5.958,5.958,1424215.0,,adjusted
2024-04-23,5.938,6.048,5.848,5.978,5.978,945780.0,,adjusted
2024-04-24,5.938,6.008,5.868,5.888,5.888,720024.0,,adjusted
2024-04-25,5.888,5.928,5.828,5.898,5.898,604309.0,,adjusted
2024-04-26,5.878,5.928,5.738,5.818,5.818,739486.0,,adjusted
2024-04-29,5.778,5.868,5.738,5.818,5.818,714762.0,,adjusted
2024-04-30,5.798,5.908,5.788,5.818,5.818,625613.0,,adjusted
2024-05-06,5.838,5.858,5.778,5.818,5.818,589301.0,,adjusted
2024-05-07,5.798,5.898,5.788,5.888,5.888,571612.0,,adjusted
2024-05-08,5.878,6.018,5.858,5.958,5.958,789074.0,,adjusted
2024-05-09,5.938,5.998,5.888,5.928,5.928,585139.0,,adjusted
2024-05-10,5.928,6.008,5.908,5.988,5.988,479391.0,,adjusted
2024-05-13,5.948,6.028,5.898,6.008,6.008,553571.0,,adjusted
2024-05-14,5.988,5.998,5.808,5.848,5.848,612410.0,,adjusted
2024-05-15,5.818,5.818,5.718,5.758,5.758,577587.0,,adjusted
2024-05-16,5.778,5.928,5.768,5.908,5.908,767515.0,,adjusted
2024-05-17,5.888,5.958,5.878,5.958,5.958,503412.0,,adjusted
2024-05-20,5.958,6.038,5.908,5.928,5.928,459156.0,,adjusted
2024-05-21,5.938,6.008,5.888,5.978,5.978,419598.0,,adjusted
2024-05-22,5.978,6.088,5.938,6.028,6.028,524606.0,,adjusted
2024-05-23,6.018,6.158,5.958,6.058,6.058,564396.0,,adjusted
2024-05-24,6.068,6.128,5.998,6.018,6.018,471138.0,,adjusted
2024-05-27,6.028,6.278,5.988,6.258,6.258,713589.0,,adjusted
2024-05-28,6.238,6.298,6.158,6.248,6.248,456965.0,,adjusted
2024-05-29,6.198,6.298,6.108,6.118,6.118,479140.0,,adjusted
2024-05-30,6.058,6.158,6.038,6.068,6.068,361060.0,,adjusted
2024-05-31,6.078,6.188,6.038,6.148,6.148,326629.0,,adjusted
2024-06-03,6.128,6.148,5.898,5.948,5.948,594495.0,,adjusted
2024-06-04,5.928,5.988,5.888,5.918,5.918,291998.0,,adjusted
2024-06-05,5.938,5.958,5.788,5.858,5.858,379749.0,,adjusted
2024-06-06,5.858,5.938,5.848,5.858,5.858,332543.0,,adjusted
2024-06-07,5.898,5.988,5.788,5.878,5.878,491234.0,,adjusted
2024-06-11,5.848,5.858,5.608,5.618,5.618,802454.0,,adjusted
2024-06-12,5.618,5.628,5.378,5.478,5.478,1060822.0,,adjusted
2024-06-13,5.478,5.488,5.288,5.338,5.338,1081904.0,,adjusted
2024-06-14,5.338,5.448,5.278,5.418,5.418,1903746.0,,adjusted
2024-06-17,5.378,5.418,5.188,5.398,5.398,1219574.0,,adjusted
2024-06-18,5.388,5.478,5.308,5.478,5.478,657675.0,,adjusted
2024-06-19,5.478,5.598,5.448,5.478,5.478,610509.0,,adjusted
2024-06-20,5.478,5.498,5.388,5.458,5.458,435044.0,,adjusted
2024-06-21,5.458,5.598,5.408,5.598,5.598,1396959.0,,adjusted
2024-06-24,5.558,5.558,5.398,5.458,5.458,701175.0,,adjusted
2024-06-25,5.468,5.598,5.428,5.528,5.528,539158.0,,adjusted
2024-06-26,5.508,5.638,5.498,5.538,5.538,514514.0,,adjusted
2024-06-27,5.528,5.698,5.498,5.618,5.618,646451.0,,adjusted
2024-06-28,5.608,5.688,5.568,5.638,5.638,427194.0,,adjusted
2024-07-01,5.628,5.778,5.618,5.728,5.728,440039.0,,adjusted
2024-07-02,5.718,5.938,5.718,5.918,5.918,646535.0,,adjusted
2024-07-03,5.918,5.928,5.718,5.778,5.778,644891.0,,adjusted
2024-07-04,5.748,5.838,5.738,5.788,5.788,488295.0,,adjusted
2024-07-05,5.788,5.798,5.538,5.578,5.578,642154.0,,adjusted
2024-07-08,5.528,5.678,5.518,5.648,5.648,459923.0,,adjusted
2024-07-09,5.648,5.708,5.558,5.658,5.658,533850.0,,adjusted
2024-07-10,5.714,5.734,5.664,5.724,5.724,430339.0,,adjusted
2024-07-11,5.734,5.744,5.624,5.644,5.644,417658.0,,adjusted
2024-07-12,5.664,5.774,5.644,5.744,5.744,441187.0,,adjusted
2024-07-15,5.764,5.834,5.734,5.834,5.834,348716.0,,adjusted
2024-07-16,5.824,5.854,5.694,5.744,5.744,497176.0,,adjusted
2024-07-17,5.724,5.814,5.714,5.804,5.804,411634.0,,adjusted
2024-07-18,5.794,5.804,5.694,5.774,5.774,414879.0,,adjusted
2024-07-19,5.774,5.774,5.634,5.704,5.704,482956.0,,adjusted
2024-07-22,5.674,5.694,5.514,5.564,5.564,489642.0,,adjusted
2024-07-23,5.564,5.714,5.534,5.614,5.614,592945.0,,adjusted
2024-07-24,5.604,5.674,5.574,5.644,5.644,405829.0,,adjusted
2024-07-25,5.654,5.664,5.434,5.494,5.494,617184.0,,adjusted
2024-07-26,5.504,5.504,5.334,5.374,5.374,471696.0,,adjusted
2024-07-29,5.364,5.544,5.314,5.544,5.544,485707.0,,adjusted
2024-07-30,5.524,5.564,5.464,5.514,5.514,305693.0,,adjusted
2024-07-31,5.514,5.554,5.484,5.534,5.534,360259.0,,adjusted
2024-08-01,5.534,5.624,5.464,5.584,5.584,456619.0,,adjusted
2024-08-02,5.594,5.644,5.534,5.564,5.564,335890.0,,adjusted
2024-08-05,5.604,5.604,5.444,5.474,5.474,425019.0,,adjusted
2024-08-06,5.504,5.534,5.314,5.364,5.364,448374.0,,adjusted
2024-08-07,5.354,5.444,5.344,5.374,5.374,343936.0,,adjusted
2024-08-08,5.384,5.424,5.334,5.374,5.374,277748.0,,adjusted
2024-08-09,5.374,5.454,5.364,5.394,5.394,239214.0,,adjusted
2024-08-12,5.384,5.404,5.354,5.374,5.374,241955.0,,adjusted
2024-08-13,5.374,5.484,5.354,5.484,5.484,450315.0,,adjusted
2024-08-14,5.484,5.594,5.474,5.584,5.584,370991.0,,adjusted
2024-08-15,5.584,5.714,5.544,5.694,5.694,508702.0,,adjusted
2024-08-16,5.684,5.794,5.664,5.774,5.774,414296.0,,adjusted
2024-08-19,5.794,5.894,5.724,5.874,5.874,477323.0,,adjusted
2024-08-20,5.884,5.924,5.824,5.854,5.854,427538.0,,adjusted
2024-08-21,5.844,5.964,5.794,5.894,5.894,549364.0,,adjusted
2024-08-22,5.884,6.004,5.854,5.954,5.954,460888.0,,adjusted
2024-08-23,5.984,5.994,5.864,5.924,5.924,317772.0,,adjusted
2024-08-26,5.914,5.944,5.834,5.904,5.904,359799.0,,adjusted
2024-08-27,5.924,6.004,5.884,5.954,5.954,307110.0,,adjusted
2024-08-28,5.964,6.004,5.834,5.854,5.854,315340.0,,adjusted
2024-08-29,5.854,5.864,5.624,5.644,5.644,643777.0,,adjusted
2024-08-30,5.634,5.664,5.404,5.414,5.414,850070.0,,adjusted
2024-09-02,5.404,5.474,5.364,5.424,5.424,588668.0,,adjusted
2024-09-03,5.424,5.434,5.224,5.294,5.294,647784.0,,adjusted
2024-09-04,5.274,5.324,5.194,5.224,5.224,418397.0,,adjusted
2024-09-05,5.244,5.254,5.154,5.174,5.174,386762.0,,adjusted
2024-09-06,5.174,5.284,5.164,5.174,5.174,344901.0,,adjusted
2024-09-09,5.164,5.164,5.044,5.084,5.084,359535.0,,adjusted
2024-09-10,5.084,5.144,5.044,5.144,5.144,369612.0,,adjusted
2024-09-11,5.114,5.124,4.934,4.964,4.964,449958.0,,adjusted
2024-09-12,4.954,5.084,4.924,5.064,5.064,387815.0,,adjusted
2024-09-13,5.084,5.114,5.034,5.074,5.074,284162.0,,adjusted
2024-09-18,5.064,5.114,5.024,5.104,5.104,220277.0,,adjusted
2024-09-19,5.124,5.134,5.024,5.134,5.134,344645.0,,adjusted
2024-09-20,5.124,5.174,5.094,5.144,5.144,337870.0,,adjusted
2024-09-23,5.144,5.284,5.094,5.274,5.274,351747.0,,adjusted
2024-09-24,5.324,5.594,5.254,5.554,5.554,828782.0,,adjusted
2024-09-25,5.674,5.804,5.604,5.664,5.664,684113.0,,adjusted
2024-09-26,5.704,5.994,5.664,5.974,5.974,913045.0,,adjusted
2024-09-27,6.124,6.294,5.794,5.914,5.914,663851.0,,adjusted
2024-09-30,6.054,6.354,5.914,6.274,6.274,1634443.0,,adjusted
2024-10-08,6.764,6.924,6.114,6.464,6.464,2294905.0,,adjusted
2024-10-09,6.254,6.284,5.894,5.894,5.894,1362657.0,,adjusted
2024-10-10,5.994,6.234,5.924,6.094,6.094,1268335.0,,adjusted
2024-10-11,6.094,6.154,5.944,5.984,5.984,585261.0,,adjusted
2024-10-14,6.084,6.244,6.044,6.154,6.154,1240594.0,,adjusted
2024-10-15,6.114,6.194,5.964,5.964,5.964,728709.0,,adjusted
2024-10-16,5.934,6.174,5.914,6.164,6.164,980865.0,,adjusted
2024-10-17,6.144,6.234,6.044,6.044,6.044,553175.0,,adjusted
2024-10-18,6.044,6.204,5.944,6.134,6.134,734890.0,,adjusted
2024-10-21,6.154,6.164,5.974,6.034,6.034,547713.0,,adjusted
2024-10-22,6.034,6.114,6.004,6.034,6.034,433392.0,,adjusted
2024-10-23,6.034,6.104,6.024,6.044,6.044,443798.0,,adjusted
2024-10-24,6.024,6.114,6.014,6.044,6.044,478407.0,,adjusted
2024-10-25,6.044,6.054,5.974,5.994,5.994,367071.0,,adjusted
2024-10-28,5.994,5.994,5.844,5.934,5.934,490801.0,,adjusted
2024-10-29,5.944,5.994,5.884,5.914,5.914,368963.0,,adjusted
2024-10-30,5.904,5.974,5.804,5.824,5.824,393529.0,,adjusted
2024-10-31,5.844,5.894,5.724,5.784,5.784,493326.0,,adjusted
2024-11-01,5.804,5.954,5.774,5.924,5.924,569418.0,,adjusted
2024-11-04,5.944,5.954,5.794,5.944,5.944,400084.0,,adjusted
2024-11-05,5.944,5.994,5.914,5.994,5.994,430644.0,,adjusted
2024-11-06,5.994,5.994,5.884,5.934,5.934,431875.0,,adjusted
2024-11-07,5.904,6.134,5.884,6.124,6.124,635353.0,,adjusted
2024-11-08,6.154,6.174,5.974,6.004,6.004,565615.0,,adjusted
2024-11-11,5.924,5.944,5.834,5.854,5.854,692144.0,,adjusted
2024-11-12,5.854,5.954,5.784,5.804,5.804,569051.0,,adjusted
2024-11-13,5.804,5.884,5.774,5.864,5.864,450807.0,,adjusted
2024-11-14,5.834,5.944,5.834,5.884,5.884,567108.0,,adjusted
2024-11-15,5.894,5.924,5.744,5.824,5.824,578175.0,,adjusted
2024-11-18,5.894,6.154,5.884,6.004,6.004,1255134.0,,adjusted
2024-11-19,5.974,6.124,5.874,6.064,6.064,845807.0,,adjusted
2024-11-20,6.034,6.084,5.964,5.984,5.984,588668.0,,adjusted
2024-11-21,5.994,6.024,5.924,6.024,6.024,460512.0,,adjusted
2024-11-22,6.024,6.054,5.864,5.864,5.864,513168.0,,adjusted
2024-11-25,5.944,5.964,5.874,5.894,5.894,464209.0,,adjusted
2024-11-26,5.874,5.984,5.834,5.974,5.974,490616.0,,adjusted
2024-11-27,5.954,6.114,5.934,6.114,6.114,928762.0,,adjusted
2024-11-28,6.104,6.174,6.074,6.104,6.104,649044.0,,adjusted
2024-11-29,6.164,6.204,6.044,6.054,6.054,596201.0,,adjusted
2024-12-02,6.144,6.154,6.004,6.064,6.064,532768.0,,adjusted
2024-12-03,6.044,6.254,6.014,6.244,6.244,1009123.0,,adjusted
2024-12-04,6.234,6.474,6.204,6.424,6.424,1245326.0,,adjusted
2024-12-05,6.414,6.534,6.394,6.494,6.494,855833.0,,adjusted
2024-12-06,6.524,6.624,6.484,6.524,6.524,629117.0,,adjusted
2024-12-09,6.514,6.614,6.464,6.554,6.554,521124.0,,adjusted
2024-12-10,6.614,6.714,6.544,6.574,6.574,772224.0,,adjusted
2024-12-11,6.577,6.597,6.357,6.387,6.387,997665.0,,adjusted
2024-12-12,6.347,6.407,6.327,6.377,6.377,1360354.0,,adjusted
2024-12-13,6.337,6.367,6.247,6.277,6.277,1232525.0,,adjusted
2024-12-16,6.287,6.367,6.277,6.307,6.307,724908.0,,adjusted
2024-12-17,6.337,6.397,6.247,6.257,6.257,648903.0,,adjusted
2024-12-18,6.317,6.487,6.307,6.367,6.367,1134791.0,,adjusted
2024-12-19,6.357,6.367,6.187,6.217,6.217,1036489.0,,adjusted
2024-12-20,6.217,6.257,6.167,6.167,6.167,706023.0,,adjusted
2024-12-23,6.177,6.317,6.167,6.287,6.287,1204395.0,,adjusted
2024-12-24,6.267,6.437,6.267,6.397,6.397,902350.0,,adjusted
2024-12-25,6.427,6.487,6.367,6.457,6.457,857308.0,,adjusted
2024-12-26,6.427,6.457,6.327,6.387,6.387,701304.0,,adjusted
2024-12-27,6.387,6.417,6.267,6.387,6.387,690960.0,,adjusted
2024-12-30,6.387,6.527,6.377,6.507,6.507,1191099.0,,adjusted
2024-12-31,6.477,6.547,6.417,6.427,6.427,989357.0,,adjusted
2025-01-02,6.407,6.477,6.207,6.227,6.227,1032363.0,,adjusted
2025-01-03,6.257,6.307,6.167,6.237,6.237,802844.0,,adjusted
2025-01-06,6.267,6.267,6.077,6.237,6.237,725092.0,,adjusted
2025-01-07,6.197,6.257,6.177,6.237,6.237,491958.0,,adjusted
2025-01-08,6.237,6.377,6.237,6.297,6.297,834774.0,,adjusted
2025-01-09,6.297,6.297,6.177,6.217,6.217,558708.0,,adjusted
2025-01-10,6.227,6.257,6.117,6.197,6.197,685683.0,,adjusted
2025-01-13,6.187,6.187,6.017,6.077,6.077,637867.0,,adjusted
2025-01-14,6.067,6.157,6.047,6.147,6.147,852509.0,,adjusted
2025-01-15,6.127,6.317,6.117,6.197,6.197,1000636.0,,adjusted
2025-01-16,6.197,6.237,6.147,6.197,6.197,739843.0,,adjusted
2025-01-17,6.207,6.217,6.097,6.107,6.107,705114.0,,adjusted
2025-01-20,6.127,6.137,6.057,6.067,6.067,850643.0,,adjusted
2025-01-21,6.107,6.127,6.027,6.097,6.097,735442.0,,adjusted
2025-01-22,6.107,6.107,5.937,5.947,5.947,875221.0,,adjusted
2025-01-23,6.007,6.087,5.987,6.047,6.047,1288419.0,,adjusted
2025-01-24,6.037,6.047,5.947,5.977,5.977,1164095.0,,adjusted
2025-01-27,5.997,6.107,5.987,6.087,6.087,1025635.0,,adjusted
2025-02-05,6.097,6.097,5.987,5.997,5.997,989461.0,,adjusted
2025-02-06,5.997,6.047,5.947,5.987,5.987,704656.0,,adjusted
2025-02-07,5.977,5.987,5.927,5.957,5.957,1005414.0,,adjusted
2025-02-10,5.947,5.957,5.907,5.917,5.917,835970.0,,adjusted
2025-02-11,5.927,5.977,5.907,5.927,5.927,876508.0,,adjusted
2025-02-12,5.927,5.927,5.837,5.867,5.867,1328541.0,,adjusted
2025-02-13,5.857,5.917,5.827,5.897,5.897,1404070.0,,adjusted
2025-02-14,5.887,5.937,5.877,5.917,5.917,846794.0,,adjusted
2025-02-17,5.927,6.017,5.907,6.017,6.017,1664098.0,,adjusted
2025-02-18,6.017,6.207,6.007,6.147,6.147,2185239.0,,adjusted
2025-02-19,6.137,6.167,6.087,6.107,6.107,1069151.0,,adjusted
2025-02-20,6.107,6.147,6.077,6.087,6.087,763820.0,,adjusted
2025-02-21,6.087,6.097,5.997,6.067,6.067,1286689.0,,adjusted
2025-02-24,6.057,6.087,5.977,5.997,5.997,1215131.0,,adjusted
2025-02-25,5.997,6.027,5.907,5.927,5.927,1238176.0,,adjusted
2025-02-26,5.917,5.987,5.907,5.947,5.947,1337730.0,,adjusted
2025-02-27,5.947,6.147,5.897,6.137,6.137,1834188.0,,adjusted
2025-02-28,6.107,6.397,6.097,6.347,6.347,2696363.0,,adjusted
2025-03-03,6.337,6.357,6.247,6.297,6.297,1124507.0,,adjusted
2025-03-04,6.297,6.367,6.227,6.247,6.247,630791.0,,adjusted
2025-03-05,6.277,6.467,6.227,6.437,6.437,1218472.0,,adjusted
2025-03-06,6.407,6.437,6.257,6.347,6.347,1115093.0,,adjusted
2025-03-07,6.347,6.457,6.297,6.447,6.447,885137.0,,adjusted
2025-03-10,6.397,6.487,6.347,6.457,6.457,889555.0,,adjusted
2025-03-11,6.437,6.567,6.427,6.517,6.517,874023.0,,adjusted
2025-03-12,6.547,6.587,6.467,6.497,6.497,786767.0,,adjusted
2025-03-13,6.517,6.737,6.467,6.617,6.617,1072102.0,,adjusted
2025-03-14,6.617,6.777,6.587,6.617,6.617,1012223.0,,adjusted
2025-03-17,6.697,6.767,6.647,6.717,6.717,781070.0,,adjusted
2025-03-18,6.717,6.797,6.627,6.747,6.747,616233.0,,adjusted
2025-03-19,6.737,6.887,6.717,6.887,6.887,621156.0,,adjusted
2025-03-20,6.867,6.917,6.757,6.877,6.877,595252.0,,adjusted
2025-03-21,6.877,6.937,6.657,6.657,6.657,1395564.0,,adjusted
2025-03-24,6.777,6.817,6.667,6.787,6.787,880079.0,,adjusted
2025-03-25,6.787,6.877,6.677,6.727,6.727,971039.0,,adjusted
2025-03-26,6.687,6.797,6.657,6.697,6.697,660377.0,,adjusted
2025-03-27,6.657,6.777,6.657,6.697,6.697,431353.0,,adjusted
2025-03-28,6.697,6.697,6.537,6.557,6.557,597284.0,,adjusted
2025-03-31,6.597,6.617,6.497,6.557,6.557,617628.0,,adjusted
2025-04-01,6.567,6.597,6.407,6.557,6.557,777523.0,,adjusted
2025-04-02,6.547,6.687,6.527,6.617,6.617,603874.0,,adjusted
2025-04-03,6.557,6.697,6.527,6.667,6.667,435139.0,,adjusted
2025-04-07,6.497,6.567,6.067,6.337,6.337,1175235.0,,adjusted
2025-04-08,6.307,6.487,6.257,6.437,6.437,1267084.0,,adjusted
2025-04-09,6.427,6.427,6.257,6.367,6.367,1036601.0,,adjusted
2025-04-10,6.407,6.537,6.317,6.467,6.467,740942.0,,adjusted
2025-04-11,6.517,6.517,6.347,6.467,6.467,756719.0,,adjusted
2025-04-14,6.477,6.617,6.437,6.537,6.537,730982.0,,adjusted
2025-04-15,6.547,6.707,6.527,6.667,6.667,652536.0,,adjusted
2025-04-16,6.697,6.797,6.597,6.797,6.797,709891.0,,adjusted
2025-04-17,6.757,6.857,6.617,6.857,6.857,674747.0,,adjusted
2025-04-18,6.797,6.897,6.767,6.847,6.847,424345.0,,adjusted
2025-04-21,6.827,6.917,6.767,6.767,6.767,517971.0,,adjusted
2025-04-22,6.757,6.807,6.717,6.717,6.717,503973.0,,adjusted
2025-04-23,6.737,6.757,6.647,6.647,6.647,407839.0,,adjusted
2025-04-24,6.677,6.757,6.647,6.707,6.707,415611.0,,adjusted
2025-04-25,6.707,6.757,6.597,6.647,6.647,422497.0,,adjusted
2025-04-28,6.647,6.817,6.627,6.797,6.797,661764.0,,adjusted
2025-04-29,6.767,6.817,6.647,6.647,6.647,424627.0,,adjusted
2025-04-30,6.667,6.697,6.527,6.657,6.657,887325.0,,adjusted
2025-05-06,6.697,6.697,6.567,6.587,6.587,642301.0,,adjusted
2025-05-07,6.647,6.687,6.567,6.677,6.677,576352.0,,adjusted
2025-05-08,6.647,6.747,6.647,6.747,6.747,447807.0,,adjusted
2025-05-09,6.747,6.947,6.717,6.917,6.917,754388.0,,adjusted
2025-05-12,6.917,6.957,6.837,6.897,6.897,540865.0,,adjusted
2025-05-13,6.887,7.087,6.837,7.077,7.077,644183.0,,adjusted
2025-05-14,7.057,7.147,7.007,7.097,7.097,606103.0,,adjusted
2025-05-15,7.077,7.137,7.037,7.067,7.067,394330.0,,adjusted
2025-05-16,7.057,7.067,6.847,6.977,6.977,538522.0,,adjusted
2025-05-19,6.977,7.017,6.927,6.957,6.957,368032.0,,adjusted
2025-05-20,6.977,7.117,6.937,6.957,6.957,490856.0,,adjusted
2025-05-21,6.957,7.097,6.957,7.047,7.047,429429.0,,adjusted
2025-05-22,7.067,7.347,7.017,7.337,7.337,949059.0,,adjusted
2025-05-23,7.337,7.487,7.207,7.247,7.247,811284.0,,adjusted
2025-05-26,7.227,7.287,7.057,7.087,7.087,532057.0,,adjusted
2025-05-27,7.097,7.197,7.087,7.107,7.107,444849.0,,adjusted
2025-05-28,7.107,7.207,7.087,7.167,7.167,404665.0,,adjusted
2025-05-29,7.177,7.187,7.087,7.127,7.127,403351.0,,adjusted
2025-05-30,7.157,7.437,7.147,7.407,7.407,765253.0,,adjusted
2025-06-03,7.437,7.737,7.387,7.677,7.677,1197874.0,,adjusted
2025-06-04,7.657,7.837,7.627,7.807,7.807,573112.0,,adjusted
2025-06-05,7.797,7.887,7.727,7.777,7.777,452508.0,,adjusted
2025-06-06,7.797,7.897,7.777,7.857,7.857,489564.0,,adjusted
2025-06-09,7.857,7.907,7.567,7.857,7.857,723849.0,,adjusted
2025-06-10,7.847,7.957,7.747,7.787,7.787,587403.0,,adjusted
2025-06-11,7.827,7.897,7.747,7.847,7.847,521986.0,,adjusted
2025-06-12,7.877,8.007,7.797,7.807,7.807,581120.0,,adjusted
2025-06-13,7.827,7.927,7.727,7.787,7.787,1597976.0,,adjusted
2025-06-16,7.807,7.927,7.767,7.877,7.877,647106.0,,adjusted
2025-06-17,7.867,8.017,7.867,7.947,7.947,445535.0,,adjusted
2025-06-18,7.967,8.117,7.937,8.097,8.097,488823.0,,adjusted
2025-06-19,8.097,8.257,8.047,8.227,8.227,475617.0,,adjusted
2025-06-20,8.197,8.327,8.127,8.147,8.147,611307.0,,adjusted
2025-06-23,8.137,8.167,7.947,8.137,8.137,715876.0,,adjusted
2025-06-24,8.127,8.177,7.937,8.037,8.037,861966.0,,adjusted
2025-06-25,8.047,8.157,7.937,8.147,8.147,773749.0,,adjusted
2025-06-26,8.127,8.227,8.047,8.207,8.207,495863.0,,adjusted
2025-06-27,8.177,8.217,7.877,7.907,7.907,932893.0,,adjusted
2025-06-30,7.837,7.957,7.757,7.947,7.947,617130.0,,adjusted
2025-07-01,7.957,8.087,7.947,8.047,8.047,349461.0,,adjusted
2025-07-02,8.047,8.097,7.957,7.957,7.957,584898.0,,adjusted
2025-07-03,7.977,8.087,7.897,8.017,8.017,657216.0,,adjusted
2025-07-04,8.027,8.347,8.007,8.337,8.337,808592.0,,adjusted
2025-07-07,8.337,8.457,8.247,8.427,8.427,564552.0,,adjusted
2025-07-08,8.417,8.487,8.257,8.397,8.397,506337.0,,adjusted
2025-07-09,8.387,8.517,8.307,8.407,8.407,544941.0,,adjusted
2025-07-10,8.449,8.509,8.359,8.359,8.359,877504.0,,adjusted
2025-07-11,8.389,8.429,8.129,8.129,8.129,866381.0,,adjusted
2025-07-14,8.159,8.369,8.149,8.289,8.289,796829.0,,adjusted
2025-07-15,8.279,8.339,8.159,8.229,8.229,626922.0,,adjusted
2025-07-16,8.219,8.259,8.049,8.179,8.179,515792.0,,adjusted
2025-07-17,8.129,8.179,8.049,8.089,8.089,397221.0,,adjusted
2025-07-18,8.099,8.159,8.069,8.079,8.079,431003.0,,adjusted
2025-07-21,8.039,8.139,7.989,8.119,8.119,531328.0,,adjusted
2025-07-22,8.089,8.149,7.969,8.029,8.029,601997.0,,adjusted
2025-07-23,8.049,8.149,7.999,8.059,8.059,567342.0,,adjusted
2025-07-24,8.059,8.059,7.829,7.859,7.859,827371.0,,adjusted
2025-07-25,7.849,7.889,7.739,7.759,7.759,526803.0,,adjusted
2025-07-28,7.759,7.929,7.739,7.799,7.799,662697.0,,adjusted
2025-07-29,7.789,7.889,7.729,7.739,7.739,496207.0,,adjusted
2025-07-30,7.769,7.889,7.729,7.809,7.809,558501.0,,adjusted
2025-07-31,7.819,7.849,7.679,7.809,7.809,518449.0,,adjusted
2025-08-01,7.789,7.869,7.689,7.809,7.809,546026.0,,adjusted
2025-08-04,7.769,7.899,7.769,7.869,7.869,529282.0,,adjusted
2025-08-05,7.839,8.109,7.829,8.049,8.049,681945.0,,adjusted
2025-08-06,8.079,8.129,7.989,7.999,7.999,398115.0,,adjusted
2025-08-07,7.989,8.039,7.899,8.039,8.039,368267.0,,adjusted
2025-08-08,8.039,8.079,7.989,8.009,8.009,280796.0,,adjusted
2025-08-11,7.989,8.029,7.839,7.859,7.859,517870.0,,adjusted
2025-08-12,7.849,7.989,7.839,7.969,7.969,439413.0,,adjusted
2025-08-13,7.999,8.019,7.849,7.869,7.869,448038.0,,adjusted
2025-08-14,7.869,8.009,7.849,7.889,7.889,414213.0,,adjusted
2025-08-15,7.879,7.899,7.579,7.679,7.679,874114.0,,adjusted
2025-08-18,7.649,7.669,7.509,7.589,7.589,999749.0,,adjusted
2025-08-19,7.579,7.619,7.519,7.569,7.569,597024.0,,adjusted
2025-08-20,7.549,7.639,7.499,7.589,7.589,515570.0,,adjusted
2025-08-21,7.609,7.749,7.569,7.699,7.699,607145.0,,adjusted
2025-08-22,7.699,7.699,7.529,7.639,7.639,552985.0,,adjusted
2025-08-25,7.609,7.709,7.579,7.699,7.699,558829.0,,adjusted
2025-08-26,7.669,7.709,7.619,7.639,7.639,1077479.0,,adjusted
2025-08-27,7.629,7.639,7.479,7.529,7.529,800840.0,,adjusted
2025-08-28,7.499,7.629,7.389,7.599,7.599,830331.0,,adjusted
2025-08-29,7.599,7.779,7.499,7.519,7.519,1006554.0,,adjusted
2025-09-01,7.529,7.589,7.369,7.399,7.399,735972.0,,adjusted
2025-09-02,7.399,7.629,7.389,7.609,7.609,921714.0,,adjusted
2025-09-03,7.619,7.629,7.429,7.469,7.469,561626.0,,adjusted
2025-09-04,7.439,7.669,7.279,7.639,7.639,1152085.0,,adjusted
2025-09-05,7.579,7.599,7.399,7.429,7.429,853899.0,,adjusted
2025-09-08,7.409,7.509,7.319,7.339,7.339,674467.0,,adjusted
2025-09-09,7.359,7.439,7.329,7.429,7.429,484195.0,,adjusted
2025-09-10,7.439,7.549,7.399,7.519,7.519,542856.0,,adjusted
2025-09-11,7.509,7.559,7.419,7.519,7.519,575700.0,,adjusted
2025-09-12,7.509,7.539,7.399,7.429,7.429,396176.0,,adjusted
2025-09-15,7.429,7.469,7.329,7.369,7.369,482205.0,,adjusted
2025-09-16,7.349,7.389,7.229,7.259,7.259,523980.0,,adjusted
2025-09-17,7.259,7.309,7.199,7.229,7.229,499606.0,,adjusted
2025-09-18,7.229,7.249,7.079,7.099,7.099,596095.0,,adjusted
2025-09-19,7.089,7.099,6.939,7.019,7.019,638981.0,,adjusted
2025-09-22,6.999,7.089,6.979,7.009,7.009,358617.0,,adjusted
2025-09-23,6.969,7.139,6.929,7.079,7.079,585076.0,,adjusted
2025-09-24,7.069,7.129,6.989,6.999,6.999,618929.0,,adjusted
2025-09-25,6.999,7.009,6.899,6.959,6.959,477995.0,,adjusted
2025-09-26,6.949,7.059,6.849,7.019,7.019,514817.0,,adjusted
2025-09-29,7.009,7.019,6.869,6.919,6.919,687472.0,,adjusted
2025-09-30,6.939,6.949,6.789,6.819,6.819,731264.0,,adjusted
2025-10-09,6.799,6.879,6.749,6.879,6.879,490309.0,,adjusted
2025-10-10,6.849,6.979,6.839,6.879,6.879,617349.0,,adjusted
2025-10-13,6.859,6.969,6.769,6.929,6.929,776142.0,,adjusted
2025-10-14,6.889,7.139,6.849,7.129,7.129,1194059.0,,adjusted
2025-10-15,7.109,7.219,7.079,7.169,7.169,829312.0,,adjusted
2025-10-16,7.159,7.469,7.149,7.459,7.459,1225719.0,,adjusted
2025-10-17,7.469,7.519,7.389,7.409,7.409,860328.0,,adjusted
2025-10-20,7.389,7.419,7.219,7.329,7.329,663581.0,,adjusted
2025-10-21,7.329,7.389,7.269,7.369,7.369,519647.0,,adjusted
2025-10-22,7.369,7.599,7.339,7.549,7.549,738015.0,,adjusted
2025-10-23,7.549,7.689,7.469,7.579,7.579,595566.0,,adjusted
2025-10-24,7.549,7.659,7.429,7.559,7.559,738131.0,,adjusted
2025-10-27,7.529,7.619,7.379,7.459,7.459,860334.0,,adjusted
2025-10-28,7.469,7.499,7.329,7.419,7.419,499015.0,,adjusted
2025-10-29,7.369,7.419,7.249,7.339,7.339,613323.0,,adjusted
2025-10-30,7.369,7.489,7.319,7.459,7.459,719999.0,,adjusted
2025-10-31,7.379,7.449,7.239,7.359,7.359,914976.0,,adjusted
2025-11-03,7.379,7.549,7.279,7.479,7.479,716263.0,,adjusted
2025-11-04,7.499,7.769,7.469,7.739,7.739,907336.0,,adjusted
2025-11-05,7.759,7.769,7.629,7.719,7.719,644698.0,,adjusted
2025-11-06,7.669,7.709,7.599,7.619,7.619,583162.0,,adjusted
2025-11-07,7.649,7.819,7.629,7.729,7.729,604403.0,,adjusted
2025-11-10,7.699,7.859,7.649,7.849,7.849,479551.0,,adjusted
2025-11-11,7.809,7.869,7.749,7.769,7.769,322962.0,,adjusted
2025-11-12,7.809,7.899,7.749,7.749,7.749,450200.0,,adjusted
2025-11-13,7.749,7.789,7.589,7.669,7.669,561432.0,,adjusted
2025-11-14,7.679,7.759,7.649,7.659,7.659,372268.0,,adjusted
2025-11-17,7.689,7.699,7.559,7.589,7.589,421902.0,,adjusted
2025-11-18,7.589,7.619,7.519,7.539,7.539,342741.0,,adjusted
2025-11-19,7.549,7.709,7.519,7.659,7.659,491925.0,,adjusted
2025-11-20,7.659,7.869,7.629,7.769,7.769,802756.0,,adjusted
2025-11-21,7.767,7.877,7.707,7.727,7.727,680672.0,,adjusted
2025-11-24,7.737,7.807,7.527,7.527,7.527,629683.0,,adjusted
2025-11-25,7.587,7.727,7.477,7.717,7.717,603844.0,,adjusted
2025-11-26,7.727,7.777,7.557,7.617,7.617,477451.0,,adjusted
2025-11-27,7.597,7.677,7.517,7.647,7.647,371985.0,,adjusted
2025-11-28,7.617,7.627,7.537,7.567,7.567,354623.0,,adjusted
2025-12-01,7.537,7.647,7.467,7.587,7.587,550279.0,,adjusted
2025-12-02,7.597,7.717,7.547,7.587,7.587,526976.0,,adjusted
2025-12-03,7.567,7.697,7.527,7.587,7.587,496338.0,,adjusted
2025-12-04,7.577,7.677,7.567,7.587,7.587,434451.0,,adjusted
2025-12-05,7.607,7.697,7.517,7.537,7.537,517012.0,,adjusted
2025-12-08,7.517,7.527,7.367,7.447,7.447,578560.0,,adjusted
2025-12-09,7.457,7.477,7.387,7.427,7.427,348634.0,,adjusted
2025-12-10,7.417,7.437,7.257,7.297,7.297,461981.0,,adjusted
2025-12-11,7.317,7.337,7.237,7.317,7.317,574556.0,,adjusted
2025-12-12,7.297,7.307,7.147,7.267,7.267,876162.0,,adjusted
2025-12-15,7.237,7.297,7.137,7.227,7.227,546467.0,,adjusted
2025-12-16,7.217,7.267,7.117,7.167,7.167,542717.0,,adjusted
2025-12-17,7.177,7.227,7.097,7.187,7.187,524164.0,,adjusted
2025-12-18,7.187,7.347,7.177,7.317,7.317,404349.0,,adjusted
2025-12-19,7.317,7.337,7.217,7.267,7.267,385670.0,,adjusted
2025-12-22,7.257,7.257,7.167,7.197,7.197,359640.0,,adjusted
2025-12-23,7.187,7.307,7.177,7.277,7.277,528789.0,,adjusted
2025-12-24,7.297,7.297,7.197,7.227,7.227,305036.0,,adjusted
2025-12-25,7.217,7.337,7.197,7.287,7.287,400727.0,,adjusted
2025-12-26,7.277,7.307,7.207,7.227,7.227,288125.0,,adjusted
2025-12-29,7.217,7.417,7.187,7.377,7.377,734185.0,,adjusted
2025-12-30,7.367,7.477,7.307,7.427,7.427,621055.0,,adjusted
2025-12-31,7.427,7.557,7.337,7.507,7.507,553998.0,,adjusted
2022-01-04,4.62,4.63,4.58,4.63,,246228.0,,raw
2022-01-05,4.63,4.68,4.61,4.66,,254835.0,,raw
2022-01-06,4.66,4.67,4.61,4.63,,173422.0,,raw
2022-01-07,4.63,4.7,4.62,4.7,,381488.0,,raw
2022-01-10,4.71,4.73,4.66,4.69,,262429.0,,raw
2022-01-11,4.7,4.75,4.68,4.73,,256230.0,,raw
2022-01-12,4.75,4.75,4.7,4.73,,238550.0,,raw
2022-01-13,4.73,4.78,4.7,4.74,,244670.0,,raw
2022-01-14,4.73,4.73,4.64,4.65,,272291.0,,raw
2022-01-17,4.66,4.7,4.65,4.66,,172050.0,,raw
2022-01-18,4.67,4.77,4.66,4.75,,251563.0,,raw
2022-01-19,4.75,4.78,4.72,4.76,,237169.0,,raw
2022-01-20,4.77,4.81,4.76,4.8,,251761.0,,raw
2022-01-21,4.8,4.8,4.74,4.76,,186607.0,,raw
2022-01-24,4.75,4.76,4.71,4.73,,184144.0,,raw
2022-01-25,4.72,4.75,4.66,4.66,,200348.0,,raw
2022-01-26,4.68,4.7,4.65,4.68,,159436.0,,raw
2022-01-27,4.68,4.73,4.66,4.69,,182040.0,,raw
2022-01-28,4.68,4.73,4.65,4.65,,222425.0,,raw
2022-02-07,4.69,4.78,4.68,4.77,,232321.0,,raw
2022-02-08,4.77,4.84,4.75,4.83,,295461.0,,raw
2022-02-09,4.82,4.86,4.81,4.82,,238273.0,,raw
2022-02-10,4.82,4.86,4.78,4.84,,208459.0,,raw
2022-02-11,4.83,4.89,4.83,4.86,,259249.0,,raw
2022-02-14,4.84,4.85,4.77,4.79,,320204.0,,raw
2022-02-15,4.8,4.81,4.72,4.75,,223197.0,,raw
2022-02-16,4.77,4.8,4.75,4.75,,157749.0,,raw
2022-02-17,4.77,4.8,4.73,4.74,,190668.0,,raw
2022-02-18,4.74,4.79,4.69,4.79,,334037.0,,raw
2022-02-21,4.77,4.79,4.74,4.78,,189825.0,,raw
2022-02-22,4.75,4.77,4.71,4.73,,181956.0,,raw
2022-02-23,4.73,4.75,4.69,4.69,,209398.0,,raw
2022-02-24,4.69,4.7,4.61,4.62,,266453.0,,raw
2022-02-25,4.62,4.65,4.6,4.61,,208697.0,,raw
2022-02-28,4.61,4.62,4.55,4.6,,194631.0,,raw
2022-03-01,4.6,4.64,4.59,4.63,,218104.0,,raw
2022-03-02,4.61,4.65,4.61,4.63,,166662.0,,raw
2022-03-03,4.63,4.67,4.63,4.66,,195607.0,,raw
2022-03-04,4.65,4.69,4.61,4.66,,217762.0,,raw
2022-03-07,4.65,4.66,4.59,4.6,,240521.0,,raw
2022-03-08,4.59,4.61,4.53,4.53,,235948.0,,raw
2022-03-09,4.54,4.56,4.41,4.49,,297208.0,,raw
2022-03-10,4.53,4.54,4.48,4.48,,223560.0,,raw
2022-03-11,4.48,4.57,4.42,4.56,,327410.0,,raw
2022-03-14,4.52,4.59,4.5,4.52,,249498.0,,raw
2022-03-15,4.51,4.52,4.32,4.36,,362658.0,,raw
2022-03-16,4.39,4.44,4.31,4.41,,304472.0,,raw
2022-03-17,4.45,4.46,4.4,4.41,,248988.0,,raw
2022-03-18,4.41,4.51,4.4,4.48,,284238.0,,raw
2022-03-21,4.48,4.49,4.44,4.45,,184913.0,,raw
2022-03-22,4.45,4.54,4.44,4.52,,238327.0,,raw
2022-03-23,4.52,4.52,4.45,4.49,,320846.0,,raw
2022-03-24,4.48,4.5,4.45,4.47,,204570.0,,raw
2022-03-25,4.5,4.63,4.48,4.56,,575486.0,,raw
2022-03-28,4.56,4.89,4.53,4.85,,1320662.0,,raw
2022-03-29,4.87,4.95,4.77,4.87,,726254.0,,raw
2022-03-30,4.87,5.13,4.83,5.11,,1132873.0,,raw
2022-03-31,5.08,5.15,5.02,5.09,,643975.0,,raw
2022-04-01,5.05,5.25,5.05,5.24,,931740.0,,raw
2022-04-06,5.21,5.25,5.12,5.18,,738621.0,,raw
2022-04-07,5.18,5.21,5.0,5.04,,1064277.0,,raw
2022-04-08,5.05,5.1,5.0,5.09,,698480.0,,raw
2022-04-11,5.08,5.09,4.98,5.0,,467962.0,,raw
2022-04-12,5.02,5.13,4.95,5.05,,569730.0,,raw
2022-04-13,5.02,5.1,5.02,5.03,,364284.0,,raw
2022-04-14,5.06,5.18,5.01,5.1,,435567.0,,raw
2022-04-15,5.05,5.24,5.05,5.16,,776823.0,,raw
2022-04-18,5.1,5.27,5.03,5.09,,708404.0,,raw
2022-04-19,5.07,5.13,5.03,5.11,,329712.0,,raw
2022-04-20,5.1,5.11,4.99,5.01,,291863.0,,raw
2022-04-21,4.99,5.07,4.96,4.99,,411320.0,,raw
2022-04-22,4.97,5.11,4.93,5.09,,392723.0,,raw
2022-04-25,5.05,5.09,4.89,4.9,,449376.0,,raw
2022-04-26,4.91,5.02,4.85,4.94,,468722.0,,raw
2022-04-27,4.93,5.0,4.84,4.93,,487479.0,,raw
2022-04-28,4.9,5.03,4.89,5.01,,351026.0,,raw
2022-04-29,5.01,5.09,4.88,5.03,,694699.0,,raw
2022-05-05,4.8,4.82,4.68,4.71,,958227.0,,raw
2022-05-06,4.65,4.68,4.58,4.64,,475407.0,,raw
2022-05-09,4.62,4.71,4.59,4.67,,300723.0,,raw
2022-05-10,4.65,4.72,4.63,4.71,,297726.0,,raw
2022-05-11,4.71,4.73,4.67,4.7,,245721.0,,raw
2022-05-12,4.68,4.69,4.64,4.67,,174902.0,,raw
2022-05-13,4.68,4.71,4.65,4.69,,257018.0,,raw
2022-05-16,4.67,4.7,4.64,4.68,,227282.0,,raw
2022-05-17,4.69,4.69,4.64,4.68,,202807.0,,raw
2022-05-18,4.68,4.69,4.61,4.62,,232775.0,,raw
2022-05-19,4.58,4.63,4.56,4.61,,397908.0,,raw
2022-05-20,4.59,4.65,4.59,4.64,,354392.0,,raw
2022-05-23,4.64,4.65,4.62,4.63,,219667.0,,raw
2022-05-24,4.64,4.64,4.58,4.58,,235522.0,,raw
2022-05-25,4.58,4.63,4.57,4.62,,196843.0,,raw
2022-05-26,4.62,4.66,4.61,4.63,,237215.0,,raw
2022-05-27,4.64,4.66,4.62,4.65,,213066.0,,raw
2022-05-30,4.66,4.68,4.64,4.65,,172303.0,,raw
2022-05-31,4.66,4.67,4.63,4.65,,199330.0,,raw
2022-06-01,4.65,4.67,4.64,4.65,,208636.0,,raw
2022-06-02,4.67,4.68,4.65,4.68,,213477.0,,raw
2022-06-06,4.66,4.67,4.62,4.67,,272627.0,,raw
2022-06-07,4.67,4.71,4.65,4.7,,279013.0,,raw
2022-06-08,4.7,4.72,4.67,4.71,,210089.0,,raw
2022-06-09,4.71,4.75,4.7,4.74,,234039.0,,raw
2022-06-10,4.71,4.76,4.69,4.76,,267531.0,,raw
2022-06-13,4.73,4.74,4.66,4.68,,249753.0,,raw
2022-06-14,4.66,4.74,4.64,4.73,,213211.0,,raw
2022-06-15,4.73,4.89,4.73,4.82,,484382.0,,raw
2022-06-16,4.83,4.84,4.76,4.79,,275039.0,,raw
2022-06-17,4.78,4.79,4.74,4.78,,437948.0,,raw
2022-06-20,4.79,4.79,4.72,4.76,,230143.0,,raw
2022-06-21,4.75,4.8,4.74,4.78,,193142.0,,raw
2022-06-22,4.78,4.79,4.73,4.74,,175792.0,,raw
2022-06-23,4.75,4.83,4.74,4.8,,273456.0,,raw
2022-06-24,4.8,4.83,4.75,4.77,,223485.0,,raw
2022-06-27,4.78,4.79,4.75,4.75,,260807.0,,raw
2022-06-28,4.76,4.76,4.73,4.74,,269957.0,,raw
2022-06-29,4.74,4.76,4.73,4.76,,276982.0,,raw
2022-06-30,4.75,4.77,4.74,4.75,,227215.0,,raw
2022-07-01,4.75,4.76,4.73,4.74,,182569.0,,raw
2022-07-04,4.74,4.75,4.71,4.74,,237657.0,,raw
2022-07-05,4.74,4.77,4.72,4.77,,269719.0,,raw
2022-07-06,4.77,4.77,4.71,4.72,,180581.0,,raw
2022-07-07,4.72,4.72,4.68,4.68,,208519.0,,raw
2022-07-08,4.69,4.71,4.67,4.7,,142842.0,,raw
2022-07-11,4.68,4.74,4.68,4.74,,232325.0,,raw
2022-07-12,4.73,4.77,4.71,4.75,,225936.0,,raw
2022-07-13,4.73,4.74,4.65,4.67,,296121.0,,raw
2022-07-14,4.67,4.67,4.58,4.62,,250566.0,,raw
2022-07-15,4.61,4.62,4.52,4.54,,278612.0,,raw
2022-07-18,4.56,4.6,4.55,4.59,,215796.0,,raw
2022-07-19,4.59,4.63,4.57,4.63,,174638.0,,raw
2022-07-20,4.63,4.71,4.63,4.7,,243210.0,,raw
2022-07-21,4.69,4.71,4.66,4.66,,185410.0,,raw
2022-07-22,4.66,4.71,4.66,4.69,,171897.0,,raw
2022-07-25,4.7,4.75,4.68,4.74,,224684.0,,raw
2022-07-26,4.74,4.75,4.71,4.73,,220860.0,,raw
2022-07-27,4.74,4.74,4.7,4.73,,312012.0,,raw
2022-07-28,4.42,4.43,4.37,4.38,,386092.0,,raw
2022-07-29,4.39,4.43,4.34,4.36,,322423.0,,raw
2022-08-01,4.36,4.37,4.31,4.33,,218965.0,,raw
2022-08-02,4.32,4.33,4.26,4.28,,231464.0,,raw
2022-08-03,4.27,4.3,4.25,4.25,,153618.0,,raw
2022-08-04,4.27,4.28,4.25,4.26,,136043.0,,raw
2022-08-05,4.27,4.31,4.26,4.29,,135202.0,,raw
2022-08-08,4.3,4.34,4.26,4.29,,183158.0,,raw
2022-08-09,4.29,4.3,4.27,4.28,,103140.0,,raw
2022-08-10,4.28,4.28,4.26,4.26,,88568.0,,raw
2022-08-11,4.27,4.32,4.26,4.31,,133740.0,,raw
2022-08-12,4.3,4.33,4.28,4.31,,174454.0,,raw
2022-08-15,4.3,4.32,4.27,4.3,,182566.0,,raw
2022-08-16,4.3,4.32,4.29,4.31,,150036.0,,raw
2022-08-17,4.32,4.35,4.28,4.35,,198343.0,,raw
2022-08-18,4.34,4.35,4.31,4.33,,122501.0,,raw
2022-08-19,4.34,4.36,4.33,4.35,,134530.0,,raw
2022-08-22,4.33,4.39,4.33,4.35,,198405.0,,raw
2022-08-23,4.36,4.36,4.31,4.34,,144011.0,,raw
2022-08-24,4.33,4.37,4.31,4.32,,141171.0,,raw
2022-08-25,4.33,4.38,4.32,4.37,,172670.0,,raw
2022-08-26,4.38,4.39,4.34,4.36,,119396.0,,raw
2022-08-29,4.34,4.47,4.34,4.42,,411804.0,,raw
2022-08-30,4.43,4.47,4.42,4.47,,301323.0,,raw
2022-08-31,4.46,4.52,4.46,4.48,,342837.0,,raw
2022-09-01,4.47,4.58,4.45,4.55,,448708.0,,raw
2022-09-02,4.55,4.58,4.52,4.57,,279346.0,,raw
2022-09-05,4.55,4.64,4.53,4.63,,352344.0,,raw
2022-09-06,4.64,4.69,4.59,4.63,,297007.0,,raw
2022-09-07,4.64,4.64,4.55,4.61,,194011.0,,raw
2022-09-08,4.61,4.65,4.56,4.62,,206791.0,,raw
2022-09-09,4.63,4.67,4.59,4.63,,219131.0,,raw
2022-09-13,4.62,4.68,4.59,4.62,,261590.0,,raw
2022-09-14,4.59,4.61,4.56,4.58,,193900.0,,raw
2022-09-15,4.58,4.66,4.57,4.64,,311612.0,,raw
2022-09-16,4.63,4.65,4.54,4.54,,255419.0,,raw
2022-09-19,4.57,4.6,4.54,4.58,,267066.0,,raw
2022-09-20,4.58,4.59,4.53,4.55,,235666.0,,raw
2022-09-21,4.53,4.64,4.5,4.62,,229568.0,,raw
2022-09-22,4.59,4.62,4.55,4.59,,147181.0,,raw
2022-09-23,4.59,4.66,4.59,4.65,,221191.0,,raw
2022-09-26,4.67,4.68,4.55,4.56,,347016.0,,raw
2022-09-27,4.56,4.61,4.51,4.59,,211645.0,,raw
2022-09-28,4.59,4.64,4.55,4.61,,210369.0,,raw
2022-09-29,4.62,4.63,4.53,4.53,,262082.0,,raw
2022-09-30,4.55,4.6,4.54,4.56,,167132.0,,raw
2022-10-10,4.53,4.69,4.53,4.62,,341223.0,,raw
2022-10-11,4.63,4.65,4.55,4.57,,194834.0,,raw
2022-10-12,4.58,4.67,4.56,4.67,,332847.0,,raw
2022-10-13,4.67,4.69,4.61,4.63,,243825.0,,raw
2022-10-14,4.65,4.83,4.65,4.68,,437975.0,,raw
2022-10-17,4.67,4.73,4.64,4.66,,251133.0,,raw
2022-10-18,4.66,4.68,4.57,4.59,,247441.0,,raw
2022-10-19,4.57,4.61,4.56,4.57,,122224.0,,raw
2022-10-20,4.56,4.61,4.55,4.56,,155285.0,,raw
2022-10-21,4.58,4.65,4.55,4.62,,273644.0,,raw
2022-10-24,4.63,4.64,4.53,4.55,,264869.0,,raw
2022-10-25,4.55,4.56,4.46,4.47,,215421.0,,raw
2022-10-26,4.47,4.52,4.4,4.42,,249477.0,,raw
2022-10-27,4.41,4.45,4.41,4.41,,202932.0,,raw
2022-10-28,4.4,4.45,4.36,4.4,,233167.0,,raw
2022-10-31,4.39,4.4,4.31,4.33,,295858.0,,raw
2022-11-01,4.35,4.45,4.34,4.44,,304133.0,,raw
2022-11-02,4.41,4.44,4.37,4.4,,166692.0,,raw
2022-11-03,4.41,4.41,4.34,4.38,,148966.0,,raw
2022-11-04,4.37,4.44,4.35,4.42,,210838.0,,raw
2022-11-07,4.39,4.46,4.38,4.45,,207370.0,,raw
2022-11-08,4.45,4.47,4.42,4.46,,143127.0,,raw
2022-11-09,4.45,4.48,4.43,4.44,,119696.0,,raw
2022-11-10,4.43,4.48,4.4,4.48,,150560.0,,raw
2022-11-11,4.5,4.6,4.49,4.59,,316518.0,,raw
2022-11-14,4.6,4.77,4.59,4.71,,649798.0,,raw
2022-11-15,4.71,4.75,4.67,4.68,,290355.0,,raw
2022-11-16,4.68,4.72,4.63,4.64,,201301.0,,raw
2022-11-17,4.65,4.67,4.59,4.61,,167992.0,,raw
2022-11-18,4.62,4.63,4.56,4.57,,177181.0,,raw
2022-11-21,4.55,4.64,4.53,4.58,,214256.0,,raw
2022-11-22,4.57,4.85,4.57,4.75,,521344.0,,raw
2022-11-23,4.78,5.08,4.77,4.94,,866613.0,,raw
2022-11-24,4.97,5.02,4.9,4.92,,551587.0,,raw
2022-11-25,4.94,5.08,4.92,5.05,,545686.0,,raw
2022-11-28,4.97,4.97,4.8,4.86,,543805.0,,raw
2022-11-29,4.9,5.15,4.87,5.14,,978560.0,,raw
2022-11-30,5.11,5.11,4.98,5.03,,501592.0,,raw
2022-12-01,5.08,5.09,4.95,4.98,,411839.0,,raw
2022-12-02,4.97,5.0,4.9,4.92,,318435.0,,raw
2022-12-05,4.97,5.16,4.93,5.1,,662092.0,,raw
2022-12-06,5.08,5.13,5.03,5.1,,336392.0,,raw
2022-12-07,5.09,5.11,4.98,5.01,,454717.0,,raw
2022-12-08,5.03,5.14,5.02,5.07,,379015.0,,raw
2022-12-09,5.06,5.19,5.02,5.11,,531148.0,,raw
2022-12-12,5.09,5.16,5.02,5.04,,311305.0,,raw
2022-12-13,5.04,5.13,5.03,5.09,,251525.0,,raw
2022-12-14,5.1,5.16,5.04,5.11,,294276.0,,raw
2022-12-15,5.12,5.13,5.03,5.03,,216751.0,,raw
2022-12-16,5.02,5.1,5.02,5.06,,186933.0,,raw
2022-12-19,5.09,5.1,4.95,4.98,,238122.0,,raw
2022-12-20,4.95,5.0,4.82,4.9,,354272.0,,raw
2022-12-21,4.92,4.97,4.88,4.93,,180040.0,,raw
2022-12-22,4.96,5.01,4.91,4.93,,148345.0,,raw
2022-12-23,4.92,4.96,4.87,4.88,,124190.0,,raw
2022-12-26,4.9,4.91,4.83,4.83,,189583.0,,raw
2022-12-27,4.89,4.93,4.86,4.9,,170231.0,,raw
2022-12-28,4.91,5.02,4.87,4.98,,209361.0,,raw
2022-12-29,4.95,4.96,4.84,4.93,,260632.0,,raw
2022-12-30,4.94,5.02,4.93,4.98,,216134.0,,raw
2023-01-03,4.95,5.05,4.9,4.98,,336244.0,,raw
2023-01-04,5.0,5.11,4.98,5.09,,353048.0,,raw
2023-01-05,5.1,5.11,5.01,5.04,,294798.0,,raw
2023-01-06,5.04,5.07,5.0,5.04,,259228.0,,raw
2023-01-09,5.06,5.12,4.99,5.08,,280373.0,,raw
2023-01-10,5.08,5.1,5.0,5.03,,256049.0,,raw
2023-01-11,5.01,5.08,5.01,5.04,,169384.0,,raw
2023-01-12,5.06,5.07,4.98,5.07,,242103.0,,raw
2023-01-13,5.06,5.12,5.05,5.1,,233012.0,,raw
2023-01-16,5.12,5.16,5.03,5.06,,473201.0,,raw
2023-01-17,5.07,5.1,5.04,5.08,,310319.0,,raw
2023-01-18,5.1,5.11,5.06,5.06,,222707.0,,raw
2023-01-19,5.06,5.1,5.04,5.06,,200762.0,,raw
2023-01-20,5.08,5.08,5.05,5.07,,244844.0,,raw
2023-01-30,5.11,5.12,5.06,5.07,,267207.0,,raw
2023-01-31,5.09,5.1,5.02,5.05,,239609.0,,raw
2023-02-01,5.05,5.06,4.98,5.04,,357913.0,,raw
2023-02-02,5.04,5.05,4.99,5.02,,263588.0,,raw
2023-02-03,5.0,5.02,4.95,4.97,,210719.0,,raw
2023-02-06,4.94,4.95,4.91,4.94,,262651.0,,raw
2023-02-07,4.95,4.97,4.93,4.95,,171031.0,,raw
2023-02-08,4.97,4.97,4.92,4.92,,154737.0,,raw
2023-02-09,4.93,4.97,4.91,4.94,,190094.0,,raw
2023-02-10,4.93,4.95,4.91,4.94,,131946.0,,raw
2023-02-13,4.93,4.94,4.88,4.91,,272887.0,,raw
2023-02-14,4.92,4.95,4.91,4.94,,167682.0,,raw
2023-02-15,4.94,4.95,4.9,4.91,,160688.0,,raw
2023-02-16,4.91,4.96,4.89,4.91,,181075.0,,raw
2023-02-17,4.91,4.93,4.86,4.87,,170711.0,,raw
2023-02-20,4.89,4.96,4.86,4.96,,277141.0,,raw
2023-02-21,4.95,4.99,4.94,4.98,,226209.0,,raw
2023-02-22,4.98,4.98,4.94,4.94,,126792.0,,raw
2023-02-23,4.95,4.98,4.92,4.93,,148403.0,,raw
2023-02-24,4.94,4.94,4.9,4.9,,143960.0,,raw
2023-02-27,4.9,4.92,4.88,4.9,,139941.0,,raw
2023-02-28,4.9,4.92,4.89,4.92,,115751.0,,raw
2023-03-01,4.93,4.99,4.91,4.98,,242907.0,,raw
2023-03-02,4.97,5.09,4.95,5.08,,369823.0,,raw
2023-03-03,5.09,5.15,5.06,5.14,,343205.0,,raw
2023-03-06,5.13,5.18,5.1,5.13,,397492.0,,raw
2023-03-07,5.12,5.37,5.12,5.2,,674664.0,,raw
2023-03-08,5.15,5.18,5.1,5.17,,322773.0,,raw
2023-03-09,5.17,5.23,5.16,5.18,,270162.0,,raw
2023-03-10,5.15,5.2,5.07,5.08,,227329.0,,raw
2023-03-13,5.07,5.16,5.02,5.15,,234196.0,,raw
2023-03-14,5.12,5.2,5.05,5.1,,254865.0,,raw
2023-03-15,5.16,5.16,5.08,5.14,,232982.0,,raw
2023-03-16,5.12,5.35,5.1,5.27,,604896.0,,raw
2023-03-17,5.26,5.34,5.21,5.26,,408822.0,,raw
2023-03-20,5.27,5.63,5.25,5.52,,1261263.0,,raw
2023-03-21,5.52,5.73,5.47,5.49,,725034.0,,raw
2023-03-22,5.51,5.59,5.43,5.48,,404923.0,,raw
2023-03-23,5.5,5.54,5.44,5.52,,379789.0,,raw
2023-03-24,5.5,5.65,5.48,5.57,,475535.0,,raw
2023-03-27,5.57,5.6,5.38,5.41,,496133.0,,raw
2023-03-28,5.46,5.56,5.41,5.53,,370747.0,,raw
2023-03-29,5.57,5.58,5.43,5.45,,236999.0,,raw
2023-03-30,5.47,5.54,5.42,5.53,,356117.0,,raw
2023-03-31,5.51,5.51,5.4,5.43,,313049.0,,raw
2023-04-03,5.44,5.45,5.38,5.4,,358770.0,,raw
2023-04-04,5.42,5.53,5.36,5.51,,361141.0,,raw
2023-04-06,5.53,5.56,5.46,5.48,,202255.0,,raw
2023-04-07,5.48,5.49,5.42,5.44,,156990.0,,raw
2023-04-10,5.44,5.48,5.33,5.41,,369051.0,,raw
2023-04-11,5.43,5.52,5.39,5.49,,367767.0,,raw
2023-04-12,5.49,5.76,5.48,5.67,,550217.0,,raw
2023-04-13,5.66,5.75,5.64,5.72,,301295.0,,raw
2023-04-14,5.71,5.9,5.7,5.86,,503300.0,,raw
2023-04-17,5.91,6.01,5.87,5.99,,428113.0,,raw
2023-04-18,5.98,6.2,5.97,6.06,,606748.0,,raw
2023-04-19,6.1,6.14,5.99,6.08,,371315.0,,raw
2023-04-20,6.05,6.17,5.96,6.05,,416581.0,,raw
2023-04-21,6.06,6.11,5.93,5.95,,320825.0,,raw
2023-04-24,5.98,6.13,5.91,6.06,,588696.0,,raw
2023-04-25,6.07,6.63,6.05,6.49,,1235999.0,,raw
2023-04-26,6.45,6.47,6.24,6.38,,632345.0,,raw
2023-04-27,6.38,6.46,6.34,6.42,,563197.0,,raw
2023-04-28,6.45,6.58,6.31,6.5,,623519.0,,raw
2023-05-04,6.42,6.97,6.42,6.94,,766119.0,,raw
2023-05-05,6.92,7.18,6.8,6.87,,804883.0,,raw
2023-05-08,6.91,7.56,6.88,7.56,,1561697.0,,raw
2023-05-09,7.7,8.27,7.53,7.93,,2291965.0,,raw
2023-05-10,7.75,7.8,7.23,7.44,,1908004.0,,raw
2023-05-11,7.36,7.43,7.16,7.22,,1116393.0,,raw
2023-05-12,7.18,7.28,7.09,7.15,,811220.0,,raw
2023-05-15,7.13,7.14,6.74,7.04,,1321926.0,,raw
2023-05-16,7.03,7.16,6.92,6.96,,668621.0,,raw
2023-05-17,6.95,7.1,6.87,6.98,,459516.0,,raw
2023-05-18,7.05,7.27,7.02,7.07,,840742.0,,raw
2023-05-19,7.02,7.1,6.91,6.93,,397313.0,,raw
2023-05-22,6.91,7.2,6.89,7.03,,709354.0,,raw
2023-05-23,7.0,7.17,6.71,6.75,,935698.0,,raw
2023-05-24,6.72,6.72,6.45,6.49,,954675.0,,raw
2023-05-25,6.49,6.56,6.43,6.54,,513762.0,,raw
2023-05-26,6.54,6.57,6.43,6.55,,352589.0,,raw
2023-05-29,6.48,6.67,6.43,6.59,,518973.0,,raw
2023-05-30,6.57,6.62,6.47,6.56,,401458.0,,raw
2023-05-31,6.5,6.52,6.4,6.45,,379119.0,,raw
2023-06-01,6.49,6.67,6.38,6.59,,609197.0,,raw
2023-06-02,6.57,6.68,6.55,6.59,,439236.0,,raw
2023-06-05,6.6,6.88,6.57,6.77,,580937.0,,raw
2023-06-06,6.76,6.9,6.63,6.66,,500469.0,,raw
2023-06-07,6.68,6.78,6.61,6.65,,423039.0,,raw
2023-06-08,6.7,6.97,6.57,6.85,,633427.0,,raw
2023-06-09,6.82,6.86,6.57,6.61,,820200.0,,raw
2023-06-12,6.55,6.55,6.31,6.35,,1138153.0,,raw
2023-06-13,6.33,6.39,6.23,6.25,,686670.0,,raw
2023-06-14,6.25,6.28,6.04,6.14,,1018442.0,,raw
2023-06-15,6.16,6.18,6.1,6.17,,448495.0,,raw
2023-06-16,6.17,6.18,6.09,6.11,,450648.0,,raw
2023-06-19,6.12,6.13,6.06,6.11,,482261.0,,raw
2023-06-20,6.12,6.14,6.0,6.03,,452317.0,,raw
2023-06-21,6.0,6.13,6.0,6.02,,498972.0,,raw
2023-06-26,6.0,6.03,5.88,5.93,,538837.0,,raw
2023-06-27,5.92,6.02,5.88,5.96,,377390.0,,raw
2023-06-28,5.97,6.01,5.9,5.95,,280553.0,,raw
2023-06-29,5.93,5.96,5.89,5.92,,269351.0,,raw
2023-06-30,5.9,6.02,5.89,5.98,,300404.0,,raw
2023-07-03,6.08,6.09,5.81,5.98,,631281.0,,raw
2023-07-04,5.96,5.98,5.91,5.96,,364109.0,,raw
2023-07-05,5.96,5.98,5.9,5.94,,234189.0,,raw
2023-07-06,5.93,5.97,5.85,5.86,,297929.0,,raw
2023-07-07,5.86,5.93,5.84,5.91,,238997.0,,raw
2023-07-10,5.93,5.94,5.87,5.88,,167340.0,,raw
2023-07-11,5.9,5.94,5.87,5.92,,141860.0,,raw
2023-07-12,5.93,5.97,5.85,5.86,,259183.0,,raw
2023-07-13,5.89,6.07,5.88,6.07,,474700.0,,raw
2023-07-14,6.07,6.28,6.05,6.18,,696039.0,,raw
2023-07-17,6.17,6.18,6.03,6.08,,285847.0,,raw
2023-07-18,6.08,6.1,5.97,5.99,,356976.0,,raw
2023-07-19,5.99,6.09,5.98,6.08,,411933.0,,raw
2023-07-20,5.75,5.75,5.54,5.58,,818226.0,,raw
2023-07-21,5.6,5.67,5.58,5.63,,372405.0,,raw
2023-07-24,5.6,5.75,5.58,5.69,,447618.0,,raw
2023-07-25,5.77,5.95,5.73,5.89,,636765.0,,raw
2023-07-26,5.87,5.93,5.73,5.78,,365647.0,,raw
2023-07-27,5.78,5.97,5.78,5.87,,493959.0,,raw
2023-07-28,5.85,6.1,5.83,6.06,,794294.0,,raw
2023-07-31,6.08,6.18,5.97,6.01,,883548.0,,raw
2023-08-01,5.99,6.08,5.96,6.03,,599689.0,,raw
2023-08-02,6.0,6.0,5.8,5.83,,709570.0,,raw
2023-08-03,5.83,5.9,5.75,5.87,,389665.0,,raw
2023-08-04,5.92,6.01,5.88,5.92,,474426.0,,raw
2023-08-07,5.9,5.9,5.77,5.82,,509016.0,,raw
2023-08-08,5.8,5.81,5.73,5.75,,396265.0,,raw
2023-08-09,5.73,5.77,5.71,5.75,,216665.0,,raw
2023-08-10,5.74,5.75,5.68,5.73,,253188.0,,raw
2023-08-11,5.73,5.74,5.6,5.6,,401277.0,,raw
2023-08-14,5.54,5.55,5.47,5.5,,486238.0,,raw
2023-08-15,5.52,5.61,5.5,5.58,,438661.0,,raw
2023-08-16,5.57,5.59,5.53,5.57,,260195.0,,raw
2023-08-17,5.55,5.59,5.47,5.52,,292751.0,,raw
2023-08-18,5.51,5.68,5.5,5.58,,422948.0,,raw
2023-08-21,5.59,5.6,5.48,5.48,,281462.0,,raw
2023-08-22,5.51,5.54,5.48,5.54,,242941.0,,raw
2023-08-23,5.53,5.64,5.5,5.57,,333057.0,,raw
2023-08-24,5.57,5.7,5.52,5.53,,373842.0,,raw
2023-08-25,5.53,5.59,5.47,5.51,,589127.0,,raw
2023-08-28,5.8,5.81,5.58,5.6,,595614.0,,raw
2023-08-29,5.61,5.63,5.49,5.53,,530913.0,,raw
2023-08-30,5.53,5.55,5.46,5.46,,461827.0,,raw
2023-08-31,5.46,5.5,5.43,5.46,,344810.0,,raw
2023-09-01,5.47,5.51,5.45,5.47,,258764.0,,raw
2023-09-04,5.49,5.69,5.47,5.67,,754293.0,,raw
2023-09-05,5.64,5.64,5.58,5.59,,306328.0,,raw
2023-09-06,5.57,5.61,5.55,5.6,,215616.0,,raw
2023-09-07,5.59,5.62,5.55,5.58,,247271.0,,raw
2023-09-08,5.57,5.59,5.53,5.55,,243644.0,,raw
2023-09-11,5.57,5.6,5.53,5.58,,253812.0,,raw
2023-09-12,5.57,5.61,5.56,5.59,,160484.0,,raw
2023-09-13,5.59,5.59,5.54,5.55,,222164.0,,raw
2023-09-14,5.57,5.72,5.55,5.71,,613850.0,,raw
2023-09-15,5.71,5.81,5.64,5.66,,617786.0,,raw
2023-09-18,5.65,5.73,5.6,5.71,,383280.0,,raw
2023-09-19,5.7,5.74,5.67,5.73,,272875.0,,raw
2023-09-20,5.72,5.81,5.69,5.78,,301566.0,,raw
2023-09-21,5.77,5.82,5.7,5.74,,280464.0,,raw
2023-09-22,5.73,5.8,5.69,5.8,,335835.0,,raw
2023-09-25,5.77,5.84,5.73,5.81,,374036.0,,raw
2023-09-26,5.78,5.86,5.75,5.78,,273375.0,,raw
2023-09-27,5.76,5.81,5.73,5.74,,277527.0,,raw
2023-09-28,5.75,5.78,5.71,5.72,,204510.0,,raw
2023-10-09,5.7,5.73,5.61,5.7,,298417.0,,raw
2023-10-10,5.73,5.73,5.63,5.65,,279305.0,,raw
2023-10-11,5.68,5.71,5.6,5.62,,269579.0,,raw
2023-10-12,5.7,5.82,5.68,5.78,,444382.0,,raw
2023-10-13,5.76,5.84,5.73,5.8,,324052.0,,raw
2023-10-16,5.8,5.82,5.7,5.81,,294082.0,,raw
2023-10-17,5.8,5.86,5.79,5.85,,307828.0,,raw
2023-10-18,5.84,5.94,5.83,5.89,,381759.0,,raw
2023-10-19,5.86,5.87,5.7,5.73,,422712.0,,raw
2023-10-20,5.71,5.75,5.66,5.67,,228873.0,,raw
2023-10-23,5.66,5.7,5.62,5.65,,248955.0,,raw
2023-10-24,5.65,5.67,5.52,5.56,,363891.0,,raw
2023-10-25,5.59,5.6,5.51,5.57,,251580.0,,raw
2023-10-26,5.56,5.64,5.52,5.62,,233903.0,,raw
2023-10-27,5.62,5.66,5.55,5.58,,306549.0,,raw
2023-10-30,5.56,5.57,5.31,5.33,,769327.0,,raw
2023-10-31,5.32,5.39,5.29,5.38,,469043.0,,raw
2023-11-01,5.39,5.44,5.35,5.42,,408324.0,,raw
2023-11-02,5.42,5.54,5.41,5.5,,380470.0,,raw
2023-11-03,5.5,5.5,5.44,5.45,,313368.0,,raw
2023-11-06,5.46,5.48,5.36,5.41,,517735.0,,raw
2023-11-07,5.39,5.44,5.38,5.42,,282806.0,,raw
2023-11-08,5.4,5.43,5.37,5.38,,228679.0,,raw
2023-11-09,5.39,5.45,5.37,5.44,,305749.0,,raw
2023-11-10,5.43,5.49,5.39,5.4,,252497.0,,raw
2023-11-13,5.39,5.41,5.33,5.39,,263928.0,,raw
2023-11-14,5.4,5.45,5.38,5.4,,245310.0,,raw
2023-11-15,5.44,5.46,5.41,5.45,,246212.0,,raw
2023-11-16,5.44,5.48,5.42,5.44,,183513.0,,raw
2023-11-17,5.43,5.46,5.39,5.4,,220597.0,,raw
2023-11-20,5.41,5.43,5.37,5.42,,149973.0,,raw
2023-11-21,5.43,5.49,5.42,5.47,,295287.0,,raw
2023-11-22,5.45,5.5,5.44,5.45,,206057.0,,raw
2023-11-23,5.46,5.48,5.43,5.45,,158492.0,,raw
2023-11-24,5.45,5.48,5.43,5.45,,188992.0,,raw
2023-11-27,5.46,5.47,5.37,5.4,,256070.0,,raw
2023-11-28,5.42,5.42,5.38,5.41,,263215.0,,raw
2023-11-29,5.41,5.44,5.32,5.33,,346606.0,,raw
2023-11-30,5.35,5.43,5.33,5.39,,294993.0,,raw
2023-12-01,5.39,5.48,5.37,5.46,,356819.0,,raw
2023-12-04,5.46,5.51,5.41,5.41,,217752.0,,raw
2023-12-05,5.41,5.42,5.31,5.31,,270630.0,,raw
2023-12-06,5.31,5.34,5.19,5.24,,368785.0,,raw
2023-12-07,5.25,5.29,5.19,5.28,,353788.0,,raw
2023-12-08,5.28,5.38,5.24,5.31,,387726.0,,raw
2023-12-11,5.29,5.3,5.17,5.27,,435623.0,,raw
2023-12-12,5.26,5.37,5.23,5.36,,335851.0,,raw
2023-12-13,5.37,5.38,5.32,5.33,,203523.0,,raw
2023-12-14,5.35,5.35,5.28,5.3,,161825.0,,raw
2023-12-15,5.3,5.35,5.25,5.25,,182715.0,,raw
2023-12-18,5.26,5.31,5.22,5.27,,258335.0,,raw
2023-12-19,5.27,5.29,5.23,5.25,,171892.0,,raw
2023-12-20,5.26,5.31,5.24,5.25,,166537.0,,raw
2023-12-21,5.24,5.26,5.19,5.24,,245554.0,,raw
2023-12-22,5.23,5.29,5.23,5.26,,223924.0,,raw
2023-12-25,5.27,5.29,5.24,5.28,,168696.0,,raw
2023-12-26,5.27,5.3,5.23,5.24,,193473.0,,raw
2023-12-27,5.24,5.26,5.2,5.25,,193050.0,,raw
2023-12-28,5.27,5.33,5.24,5.32,,392039.0,,raw
2023-12-29,5.31,5.34,5.28,5.29,,234312.0,,raw
2024-01-02,5.3,5.33,5.27,5.29,,282750.0,,raw
2024-01-03,5.29,5.38,5.28,5.37,,329530.0,,raw
2024-01-04,5.39,5.44,5.36,5.43,,347643.0,,raw
2024-01-05,5.43,5.83,5.42,5.67,,1100122.0,,raw
2024-01-08,5.6,5.69,5.5,5.56,,713902.0,,raw
2024-01-09,5.54,5.61,5.48,5.59,,494181.0,,raw
2024-01-10,5.58,5.64,5.55,5.59,,356073.0,,raw
2024-01-11,5.58,5.6,5.51,5.52,,384285.0,,raw
2024-01-12,5.51,5.65,5.5,5.59,,325055.0,,raw
2024-01-15,5.59,5.67,5.55,5.65,,315496.0,,raw
2024-01-16,5.64,5.78,5.63,5.74,,528989.0,,raw
2024-01-17,5.72,5.77,5.65,5.65,,407164.0,,raw
2024-01-18,5.63,5.67,5.49,5.62,,543385.0,,raw
2024-01-19,5.61,5.64,5.54,5.61,,307764.0,,raw
2024-01-22,5.61,5.67,5.51,5.57,,595092.0,,raw
2024-01-23,5.58,5.64,5.52,5.62,,461998.0,,raw
2024-01-24,5.65,5.76,5.62,5.75,,501791.0,,raw
2024-01-25,5.78,5.97,5.77,5.95,,766819.0,,raw
2024-01-26,5.98,6.07,5.89,6.03,,686256.0,,raw
2024-01-29,6.03,6.52,5.99,6.31,,1313132.0,,raw
2024-01-30,6.26,6.35,6.13,6.24,,839200.0,,raw
2024-01-31,6.17,6.32,6.17,6.26,,611214.0,,raw
2024-02-01,6.23,6.3,6.14,6.16,,646214.0,,raw
2024-02-02,6.15,6.33,6.08,6.08,,731488.0,,raw
2024-02-05,6.13,6.45,6.13,6.35,,1292274.0,,raw
2024-02-06,6.33,6.38,6.22,6.32,,970236.0,,raw
2024-02-07,6.25,6.28,6.08,6.18,,1236587.0,,raw
2024-02-08,6.17,6.17,5.89,6.1,,1096551.0,,raw
2024-02-19,6.1,6.32,6.01,6.3,,928465.0,,raw
2024-02-20,6.3,6.44,6.24,6.37,,591366.0,,raw
2024-02-21,6.34,6.68,6.31,6.57,,858216.0,,raw
2024-02-22,6.53,6.63,6.47,6.62,,512041.0,,raw
2024-02-23,6.62,6.77,6.58,6.62,,501837.0,,raw
2024-02-26,6.59,6.63,6.42,6.45,,461059.0,,raw
2024-02-27,6.44,6.56,6.42,6.46,,434255.0,,raw
2024-02-28,6.45,6.48,6.35,6.41,,461850.0,,raw
2024-02-29,6.4,6.45,6.37,6.43,,400783.0,,raw
2024-03-01,6.4,6.47,6.36,6.44,,368381.0,,raw
2024-03-04,6.4,6.4,6.27,6.36,,513027.0,,raw
2024-03-05,6.34,6.54,6.32,6.53,,530388.0,,raw
2024-03-06,6.53,6.6,6.43,6.45,,407971.0,,raw
2024-03-07,6.43,6.51,6.42,6.44,,333135.0,,raw
2024-03-08,6.43,6.49,6.39,6.4,,397789.0,,raw
2024-03-11,6.41,6.44,6.31,6.38,,420870.0,,raw
2024-03-12,6.37,6.37,6.19,6.22,,578483.0,,raw
2024-03-13,6.23,6.23,6.12,6.2,,365205.0,,raw
2024-03-14,6.18,6.29,6.17,6.18,,273679.0,,raw
2024-03-15,6.21,6.28,6.19,6.21,,353364.0,,raw
2024-03-18,6.23,6.29,6.2,6.24,,336971.0,,raw
2024-03-19,6.27,6.28,6.2,6.21,,258297.0,,raw
2024-03-20,6.2,6.34,6.16,6.31,,379971.0,,raw
2024-03-21,6.31,6.4,6.28,6.36,,373084.0,,raw
2024-03-22,6.27,6.27,6.06,6.13,,824323.0,,raw
2024-03-25,6.14,6.26,6.11,6.22,,486735.0,,raw
2024-03-26,6.26,6.28,6.18,6.24,,330816.0,,raw
2024-03-27,6.25,6.35,6.23,6.29,,436678.0,,raw
2024-03-28,6.29,6.33,6.16,6.18,,486477.0,,raw
2024-03-29,6.16,6.26,6.16,6.24,,313351.0,,raw
2024-04-01,6.23,6.26,6.19,6.25,,328918.0,,raw
2024-04-02,6.24,6.32,6.22,6.27,,350873.0,,raw
2024-04-03,6.28,6.29,6.21,6.24,,295876.0,,raw
2024-04-08,6.24,6.45,6.2,6.43,,686772.0,,raw
2024-04-09,6.43,6.49,6.34,6.37,,531000.0,,raw
2024-04-10,6.39,6.51,6.38,6.47,,753041.0,,raw
2024-04-11,6.44,6.5,6.35,6.47,,454642.0,,raw
2024-04-12,6.45,6.54,6.44,6.48,,442021.0,,raw
2024-04-15,6.45,6.73,6.44,6.71,,750995.0,,raw
2024-04-16,6.73,6.8,6.61,6.61,,1047421.0,,raw
2024-04-17,6.59,7.27,6.58,7.27,,2132987.0,,raw
2024-04-18,7.31,8.0,7.28,7.93,,3487677.0,,raw
2024-04-19,7.5,7.54,7.22,7.27,,2577108.0,,raw
2024-04-22,7.33,7.33,6.99,7.02,,1424215.0,,raw
2024-04-23,7.0,7.11,6.91,7.04,,945780.0,,raw
2024-04-24,7.0,7.07,6.93,6.95,,720024.0,,raw
2024-04-25,6.95,6.99,6.89,6.96,,604309.0,,raw
2024-04-26,6.94,6.99,6.8,6.88,,739486.0,,raw
2024-04-29,6.84,6.93,6.8,6.88,,714762.0,,raw
2024-04-30,6.86,6.97,6.85,6.88,,625613.0,,raw
2024-05-06,6.9,6.92,6.84,6.88,,589301.0,,raw
2024-05-07,6.86,6.96,6.85,6.95,,571612.0,,raw
2024-05-08,6.94,7.08,6.92,7.02,,789074.0,,raw
2024-05-09,7.0,7.06,6.95,6.99,,585139.0,,raw
2024-05-10,6.99,7.07,6.97,7.05,,479391.0,,raw
2024-05-13,7.01,7.09,6.96,7.07,,553571.0,,raw
2024-05-14,7.05,7.06,6.87,6.91,,612410.0,,raw
2024-05-15,6.88,6.88,6.78,6.82,,577587.0,,raw
2024-05-16,6.84,6.99,6.83,6.97,,767515.0,,raw
2024-05-17,6.95,7.02,6.94,7.02,,503412.0,,raw
2024-05-20,7.02,7.1,6.97,6.99,,459156.0,,raw
2024-05-21,7.0,7.07,6.95,7.04,,419598.0,,raw
2024-05-22,7.04,7.15,7.0,7.09,,524606.0,,raw
2024-05-23,7.08,7.22,7.02,7.12,,564396.0,,raw
2024-05-24,7.13,7.19,7.06,7.08,,471138.0,,raw
2024-05-27,7.09,7.34,7.05,7.32,,713589.0,,raw
2024-05-28,7.3,7.36,7.22,7.31,,456965.0,,raw
2024-05-29,7.26,7.36,7.17,7.18,,479140.0,,raw
2024-05-30,7.12,7.22,7.1,7.13,,361060.0,,raw
2024-05-31,7.14,7.25,7.1,7.21,,326629.0,,raw
2024-06-03,7.19,7.21,6.96,7.01,,594495.0,,raw
2024-06-04,6.99,7.05,6.95,6.98,,291998.0,,raw
2024-06-05,7.0,7.02,6.85,6.92,,379749.0,,raw
2024-06-06,6.92,7.0,6.91,6.92,,332543.0,,raw
2024-06-07,6.96,7.05,6.85,6.94,,491234.0,,raw
2024-06-11,6.91,6.92,6.67,6.68,,802454.0,,raw
2024-06-12,6.68,6.69,6.44,6.54,,1060822.0,,raw
2024-06-13,6.54,6.55,6.35,6.4,,1081904.0,,raw
2024-06-14,6.4,6.51,6.34,6.48,,1903746.0,,raw
2024-06-17,6.44,6.48,6.25,6.46,,1219574.0,,raw
2024-06-18,6.45,6.54,6.37,6.54,,657675.0,,raw
2024-06-19,6.54,6.66,6.51,6.54,,610509.0,,raw
2024-06-20,6.54,6.56,6.45,6.52,,435044.0,,raw
2024-06-21,6.52,6.66,6.47,6.66,,1396959.0,,raw
2024-06-24,6.62,6.62,6.46,6.52,,701175.0,,raw
2024-06-25,6.53,6.66,6.49,6.59,,539158.0,,raw
2024-06-26,6.57,6.7,6.56,6.6,,514514.0,,raw
2024-06-27,6.59,6.76,6.56,6.68,,646451.0,,raw
2024-06-28,6.67,6.75,6.63,6.7,,427194.0,,raw
2024-07-01,6.69,6.84,6.68,6.79,,440039.0,,raw
2024-07-02,6.78,7.0,6.78,6.98,,646535.0,,raw
2024-07-03,6.98,6.99,6.78,6.84,,644891.0,,raw
2024-07-04,6.81,6.9,6.8,6.85,,488295.0,,raw
2024-07-05,6.85,6.86,6.6,6.64,,642154.0,,raw
2024-07-08,6.59,6.74,6.58,6.71,,459923.0,,raw
2024-07-09,6.71,6.77,6.62,6.72,,533850.0,,raw
2024-07-10,6.45,6.47,6.4,6.46,,430339.0,,raw
2024-07-11,6.47,6.48,6.36,6.38,,417658.0,,raw
2024-07-12,6.4,6.51,6.38,6.48,,441187.0,,raw
2024-07-15,6.5,6.57,6.47,6.57,,348716.0,,raw
2024-07-16,6.56,6.59,6.43,6.48,,497176.0,,raw
2024-07-17,6.46,6.55,6.45,6.54,,411634.0,,raw
2024-07-18,6.53,6.54,6.43,6.51,,414879.0,,raw
2024-07-19,6.51,6.51,6.37,6.44,,482956.0,,raw
2024-07-22,6.41,6.43,6.25,6.3,,489642.0,,raw
2024-07-23,6.3,6.45,6.27,6.35,,592945.0,,raw
2024-07-24,6.34,6.41,6.31,6.38,,405829.0,,raw
2024-07-25,6.39,6.4,6.17,6.23,,617184.0,,raw
2024-07-26,6.24,6.24,6.07,6.11,,471696.0,,raw
2024-07-29,6.1,6.28,6.05,6.28,,485707.0,,raw
2024-07-30,6.26,6.3,6.2,6.25,,305693.0,,raw
2024-07-31,6.25,6.29,6.22,6.27,,360259.0,,raw
2024-08-01,6.27,6.36,6.2,6.32,,456619.0,,raw
2024-08-02,6.33,6.38,6.27,6.3,,335890.0,,raw
2024-08-05,6.34,6.34,6.18,6.21,,425019.0,,raw
2024-08-06,6.24,6.27,6.05,6.1,,448374.0,,raw
2024-08-07,6.09,6.18,6.08,6.11,,343936.0,,raw
2024-08-08,6.12,6.16,6.07,6.11,,277748.0,,raw
2024-08-09,6.11,6.19,6.1,6.13,,239214.0,,raw
2024-08-12,6.12,6.14,6.09,6.11,,241955.0,,raw
2024-08-13,6.11,6.22,6.09,6.22,,450315.0,,raw
2024-08-14,6.22,6.33,6.21,6.32,,370991.0,,raw
2024-08-15,6.32,6.45,6.28,6.43,,508702.0,,raw
2024-08-16,6.42,6.53,6.4,6.51,,414296.0,,raw
2024-08-19,6.53,6.63,6.46,6.61,,477323.0,,raw
2024-08-20,6.62,6.66,6.56,6.59,,427538.0,,raw
2024-08-21,6.58,6.7,6.53,6.63,,549364.0,,raw
2024-08-22,6.62,6.74,6.59,6.69,,460888.0,,raw
2024-08-23,6.72,6.73,6.6,6.66,,317772.0,,raw
2024-08-26,6.65,6.68,6.57,6.64,,359799.0,,raw
2024-08-27,6.66,6.74,6.62,6.69,,307110.0,,raw
2024-08-28,6.7,6.74,6.57,6.59,,315340.0,,raw
2024-08-29,6.59,6.6,6.36,6.38,,643777.0,,raw
2024-08-30,6.37,6.4,6.14,6.15,,850070.0,,raw
2024-09-02,6.14,6.21,6.1,6.16,,588668.0,,raw
2024-09-03,6.16,6.17,5.96,6.03,,647784.0,,raw
2024-09-04,6.01,6.06,5.93,5.96,,418397.0,,raw
2024-09-05,5.98,5.99,5.89,5.91,,386762.0,,raw
2024-09-06,5.91,6.02,5.9,5.91,,344901.0,,raw
2024-09-09,5.9,5.9,5.78,5.82,,359535.0,,raw
2024-09-10,5.82,5.88,5.78,5.88,,369612.0,,raw
2024-09-11,5.85,5.86,5.67,5.7,,449958.0,,raw
2024-09-12,5.69,5.82,5.66,5.8,,387815.0,,raw
2024-09-13,5.82,5.85,5.77,5.81,,284162.0,,raw
2024-09-18,5.8,5.85,5.76,5.84,,220277.0,,raw
2024-09-19,5.86,5.87,5.76,5.87,,344645.0,,raw
2024-09-20,5.86,5.91,5.83,5.88,,337870.0,,raw
2024-09-23,5.88,6.02,5.83,6.01,,351747.0,,raw
2024-09-24,6.06,6.33,5.99,6.29,,828782.0,,raw
2024-09-25,6.41,6.54,6.34,6.4,,684113.0,,raw
2024-09-26,6.44,6.73,6.4,6.71,,913045.0,,raw
2024-09-27,6.86,7.03,6.53,6.65,,663851.0,,raw
2024-09-30,6.79,7.09,6.65,7.01,,1634443.0,,raw
2024-10-08,7.5,7.66,6.85,7.2,,2294905.0,,raw
2024-10-09,6.99,7.02,6.63,6.63,,1362657.0,,raw
2024-10-10,6.73,6.97,6.66,6.83,,1268335.0,,raw
2024-10-11,6.83,6.89,6.68,6.72,,585261.0,,raw
2024-10-14,6.82,6.98,6.78,6.89,,1240594.0,,raw
2024-10-15,6.85,6.93,6.7,6.7,,728709.0,,raw
2024-10-16,6.67,6.91,6.65,6.9,,980865.0,,raw
2024-10-17,6.88,6.97,6.78,6.78,,553175.0,,raw
2024-10-18,6.78,6.94,6.68,6.87,,734890.0,,raw
2024-10-21,6.89,6.9,6.71,6.77,,547713.0,,raw
2024-10-22,6.77,6.85,6.74,6.77,,433392.0,,raw
2024-10-23,6.77,6.84,6.76,6.78,,443798.0,,raw
2024-10-24,6.76,6.85,6.75,6.78,,478407.0,,raw
2024-10-25,6.78,6.79,6.71,6.73,,367071.0,,raw
2024-10-28,6.73,6.73,6.58,6.67,,490801.0,,raw
2024-10-29,6.68,6.73,6.62,6.65,,368963.0,,raw
2024-10-30,6.64,6.71,6.54,6.56,,393529.0,,raw
2024-10-31,6.58,6.63,6.46,6.52,,493326.0,,raw
2024-11-01,6.54,6.69,6.51,6.66,,569418.0,,raw
2024-11-04,6.68,6.69,6.53,6.68,,400084.0,,raw
2024-11-05,6.68,6.73,6.65,6.73,,430644.0,,raw
2024-11-06,6.73,6.73,6.62,6.67,,431875.0,,raw
2024-11-07,6.64,6.87,6.62,6.86,,635353.0,,raw
2024-11-08,6.89,6.91,6.71,6.74,,565615.0,,raw
2024-11-11,6.66,6.68,6.57,6.59,,692144.0,,raw
2024-11-12,6.59,6.69,6.52,6.54,,569051.0,,raw
2024-11-13,6.54,6.62,6.51,6.6,,450807.0,,raw
2024-11-14,6.57,6.68,6.57,6.62,,567108.0,,raw
2024-11-15,6.63,6.66,6.48,6.56,,578175.0,,raw
2024-11-18,6.63,6.89,6.62,6.74,,1255134.0,,raw
2024-11-19,6.71,6.86,6.61,6.8,,845807.0,,raw
2024-11-20,6.77,6.82,6.7,6.72,,588668.0,,raw
2024-11-21,6.73,6.76,6.66,6.76,,460512.0,,raw
2024-11-22,6.76,6.79,6.6,6.6,,513168.0,,raw
2024-11-25,6.68,6.7,6.61,6.63,,464209.0,,raw
2024-11-26,6.61,6.72,6.57,6.71,,490616.0,,raw
2024-11-27,6.69,6.85,6.67,6.85,,928762.0,,raw
2024-11-28,6.84,6.91,6.81,6.84,,649044.0,,raw
2024-11-29,6.9,6.94,6.78,6.79,,596201.0,,raw
2024-12-02,6.88,6.89,6.74,6.8,,532768.0,,raw
2024-12-03,6.78,6.99,6.75,6.98,,1009123.0,,raw
2024-12-04,6.97,7.21,6.94,7.16,,1245326.0,,raw
2024-12-05,7.15,7.27,7.13,7.23,,855833.0,,raw
2024-12-06,7.26,7.36,7.22,7.26,,629117.0,,raw
2024-12-09,7.25,7.35,7.2,7.29,,521124.0,,raw
2024-12-10,7.35,7.45,7.28,7.31,,772224.0,,raw
2024-12-11,7.13,7.15,6.91,6.94,,997665.0,,raw
2024-12-12,6.9,6.96,6.88,6.93,,1360354.0,,raw
2024-12-13,6.89,6.92,6.8,6.83,,1232525.0,,raw
2024-12-16,6.84,6.92,6.83,6.86,,724908.0,,raw
2024-12-17,6.89,6.95,6.8,6.81,,648903.0,,raw
2024-12-18,6.87,7.04,6.86,6.92,,1134791.0,,raw
2024-12-19,6.91,6.92,6.74,6.77,,1036489.0,,raw
2024-12-20,6.77,6.81,6.72,6.72,,706023.0,,raw
2024-12-23,6.73,6.87,6.72,6.84,,1204395.0,,raw
2024-12-24,6.82,6.99,6.82,6.95,,902350.0,,raw
2024-12-25,6.98,7.04,6.92,7.01,,857308.0,,raw
2024-12-26,6.98,7.01,6.88,6.94,,701304.0,,raw
2024-12-27,6.94,6.97,6.82,6.94,,690960.0,,raw
2024-12-30,6.94,7.08,6.93,7.06,,1191099.0,,raw
2024-12-31,7.03,7.1,6.97,6.98,,989357.0,,raw
2025-01-02,6.96,7.03,6.76,6.78,,1032363.0,,raw
2025-01-03,6.81,6.86,6.72,6.79,,802844.0,,raw
2025-01-06,6.82,6.82,6.63,6.79,,725092.0,,raw
2025-01-07,6.75,6.81,6.73,6.79,,491958.0,,raw
2025-01-08,6.79,6.93,6.79,6.85,,834774.0,,raw
2025-01-09,6.85,6.85,6.73,6.77,,558708.0,,raw
2025-01-10,6.78,6.81,6.67,6.75,,685683.0,,raw
2025-01-13,6.74,6.74,6.57,6.63,,637867.0,,raw
2025-01-14,6.62,6.71,6.6,6.7,,852509.0,,raw
2025-01-15,6.68,6.87,6.67,6.75,,1000636.0,,raw
2025-01-16,6.75,6.79,6.7,6.75,,739843.0,,raw
2025-01-17,6.76,6.77,6.65,6.66,,705114.0,,raw
2025-01-20,6.68,6.69,6.61,6.62,,850643.0,,raw
2025-01-21,6.66,6.68,6.58,6.65,,735442.0,,raw
2025-01-22,6.66,6.66,6.49,6.5,,875221.0,,raw
2025-01-23,6.56,6.64,6.54,6.6,,1288419.0,,raw
2025-01-24,6.59,6.6,6.5,6.53,,1164095.0,,raw
2025-01-27,6.55,6.66,6.54,6.64,,1025635.0,,raw
2025-02-05,6.65,6.65,6.54,6.55,,989461.0,,raw
2025-02-06,6.55,6.6,6.5,6.54,,704656.0,,raw
2025-02-07,6.53,6.54,6.48,6.51,,1005414.0,,raw
2025-02-10,6.5,6.51,6.46,6.47,,835970.0,,raw
2025-02-11,6.48,6.53,6.46,6.48,,876508.0,,raw
2025-02-12,6.48,6.48,6.39,6.42,,1328541.0,,raw
2025-02-13,6.41,6.47,6.38,6.45,,1404070.0,,raw
2025-02-14,6.44,6.49,6.43,6.47,,846794.0,,raw
2025-02-17,6.48,6.57,6.46,6.57,,1664098.0,,raw
2025-02-18,6.57,6.76,6.56,6.7,,2185239.0,,raw
2025-02-19,6.69,6.72,6.64,6.66,,1069151.0,,raw
2025-02-20,6.66,6.7,6.63,6.64,,763820.0,,raw
2025-02-21,6.64,6.65,6.55,6.62,,1286689.0,,raw
2025-02-24,6.61,6.64,6.53,6.55,,1215131.0,,raw
2025-02-25,6.55,6.58,6.46,6.48,,1238176.0,,raw
2025-02-26,6.47,6.54,6.46,6.5,,1337730.0,,raw
2025-02-27,6.5,6.7,6.45,6.69,,1834188.0,,raw
2025-02-28,6.66,6.95,6.65,6.9,,2696363.0,,raw
2025-03-03,6.89,6.91,6.8,6.85,,1124507.0,,raw
2025-03-04,6.85,6.92,6.78,6.8,,630791.0,,raw
2025-03-05,6.83,7.02,6.78,6.99,,1218472.0,,raw
2025-03-06,6.96,6.99,6.81,6.9,,1115093.0,,raw
2025-03-07,6.9,7.01,6.85,7.0,,885137.0,,raw
2025-03-10,6.95,7.04,6.9,7.01,,889555.0,,raw
2025-03-11,6.99,7.12,6.98,7.07,,874023.0,,raw
2025-03-12,7.1,7.14,7.02,7.05,,786767.0,,raw
2025-03-13,7.07,7.29,7.02,7.17,,1072102.0,,raw
2025-03-14,7.17,7.33,7.14,7.17,,1012223.0,,raw
2025-03-17,7.25,7.32,7.2,7.27,,781070.0,,raw
2025-03-18,7.27,7.35,7.18,7.3,,616233.0,,raw
2025-03-19,7.29,7.44,7.27,7.44,,621156.0,,raw
2025-03-20,7.42,7.47,7.31,7.43,,595252.0,,raw
2025-03-21,7.43,7.49,7.21,7.21,,1395564.0,,raw
2025-03-24,7.33,7.37,7.22,7.34,,880079.0,,raw
2025-03-25,7.34,7.43,7.23,7.28,,971039.0,,raw
2025-03-26,7.24,7.35,7.21,7.25,,660377.0,,raw
2025-03-27,7.21,7.33,7.21,7.25,,431353.0,,raw
2025-03-28,7.25,7.25,7.09,7.11,,597284.0,,raw
2025-03-31,7.15,7.17,7.05,7.11,,617628.0,,raw
2025-04-01,7.12,7.15,6.96,7.11,,777523.0,,raw
2025-04-02,7.1,7.24,7.08,7.17,,603874.0,,raw
2025-04-03,7.11,7.25,7.08,7.22,,435139.0,,raw
2025-04-07,7.05,7.12,6.62,6.89,,1175235.0,,raw
2025-04-08,6.86,7.04,6.81,6.99,,1267084.0,,raw
2025-04-09,6.98,6.98,6.81,6.92,,1036601.0,,raw
2025-04-10,6.96,7.09,6.87,7.02,,740942.0,,raw
2025-04-11,7.07,7.07,6.9,7.02,,756719.0,,raw
2025-04-14,7.03,7.17,6.99,7.09,,730982.0,,raw
2025-04-15,7.1,7.26,7.08,7.22,,652536.0,,raw
2025-04-16,7.25,7.35,7.15,7.35,,709891.0,,raw
2025-04-17,7.31,7.41,7.17,7.41,,674747.0,,raw
2025-04-18,7.35,7.45,7.32,7.4,,424345.0,,raw
2025-04-21,7.38,7.47,7.32,7.32,,517971.0,,raw
2025-04-22,7.31,7.36,7.27,7.27,,503973.0,,raw
2025-04-23,7.29,7.31,7.2,7.2,,407839.0,,raw
2025-04-24,7.23,7.31,7.2,7.26,,415611.0,,raw
2025-04-25,7.26,7.31,7.15,7.2,,422497.0,,raw
2025-04-28,7.2,7.37,7.18,7.35,,661764.0,,raw
2025-04-29,7.32,7.37,7.2,7.2,,424627.0,,raw
2025-04-30,7.22,7.25,7.08,7.21,,887325.0,,raw
2025-05-06,7.25,7.25,7.12,7.14,,642301.0,,raw
2025-05-07,7.2,7.24,7.12,7.23,,576352.0,,raw
2025-05-08,7.2,7.3,7.2,7.3,,447807.0,,raw
2025-05-09,7.3,7.5,7.27,7.47,,754388.0,,raw
2025-05-12,7.47,7.51,7.39,7.45,,540865.0,,raw
2025-05-13,7.44,7.64,7.39,7.63,,644183.0,,raw
2025-05-14,7.61,7.7,7.56,7.65,,606103.0,,raw
2025-05-15,7.63,7.69,7.59,7.62,,394330.0,,raw
2025-05-16,7.61,7.62,7.4,7.53,,538522.0,,raw
2025-05-19,7.53,7.57,7.48,7.51,,368032.0,,raw
2025-05-20,7.53,7.67,7.49,7.51,,490856.0,,raw
2025-05-21,7.51,7.65,7.51,7.6,,429429.0,,raw
2025-05-22,7.62,7.9,7.57,7.89,,949059.0,,raw
2025-05-23,7.89,8.04,7.76,7.8,,811284.0,,raw
2025-05-26,7.78,7.84,7.61,7.64,,532057.0,,raw
2025-05-27,7.65,7.75,7.64,7.66,,444849.0,,raw
2025-05-28,7.66,7.76,7.64,7.72,,404665.0,,raw
2025-05-29,7.73,7.74,7.64,7.68,,403351.0,,raw
2025-05-30,7.71,7.99,7.7,7.96,,765253.0,,raw
2025-06-03,7.99,8.29,7.94,8.23,,1197874.0,,raw
2025-06-04,8.21,8.39,8.18,8.36,,573112.0,,raw
2025-06-05,8.35,8.44,8.28,8.33,,452508.0,,raw
2025-06-06,8.35,8.45,8.33,8.41,,489564.0,,raw
2025-06-09,8.41,8.46,8.12,8.41,,723849.0,,raw
2025-06-10,8.4,8.51,8.3,8.34,,587403.0,,raw
2025-06-11,8.38,8.45,8.3,8.4,,521986.0,,raw
2025-06-12,8.43,8.56,8.35,8.36,,581120.0,,raw
2025-06-13,8.38,8.48,8.28,8.34,,1597976.0,,raw
2025-06-16,8.36,8.48,8.32,8.43,,647106.0,,raw
2025-06-17,8.42,8.57,8.42,8.5,,445535.0,,raw
2025-06-18,8.52,8.67,8.49,8.65,,488823.0,,raw
2025-06-19,8.65,8.81,8.6,8.78,,475617.0,,raw
2025-06-20,8.75,8.88,8.68,8.7,,611307.0,,raw
2025-06-23,8.69,8.72,8.5,8.69,,715876.0,,raw
2025-06-24,8.68,8.73,8.49,8.59,,861966.0,,raw
2025-06-25,8.6,8.71,8.49,8.7,,773749.0,,raw
2025-06-26,8.68,8.78,8.6,8.76,,495863.0,,raw
2025-06-27,8.73,8.77,8.43,8.46,,932893.0,,raw
2025-06-30,8.39,8.51,8.31,8.5,,617130.0,,raw
2025-07-01,8.51,8.64,8.5,8.6,,349461.0,,raw
2025-07-02,8.6,8.65,8.51,8.51,,584898.0,,raw
2025-07-03,8.53,8.64,8.45,8.57,,657216.0,,raw
2025-07-04,8.58,8.9,8.56,8.89,,808592.0,,raw
2025-07-07,8.89,9.01,8.8,8.98,,564552.0,,raw
2025-07-08,8.97,9.04,8.81,8.95,,506337.0,,raw
2025-07-09,8.94,9.07,8.86,8.96,,544941.0,,raw
2025-07-10,8.83,8.89,8.74,8.74,,877504.0,,raw
2025-07-11,8.77,8.81,8.51,8.51,,866381.0,,raw
2025-07-14,8.54,8.75,8.53,8.67,,796829.0,,raw
2025-07-15,8.66,8.72,8.54,8.61,,626922.0,,raw
2025-07-16,8.6,8.64,8.43,8.56,,515792.0,,raw
2025-07-17,8.51,8.56,8.43,8.47,,397221.0,,raw
2025-07-18,8.48,8.54,8.45,8.46,,431003.0,,raw
2025-07-21,8.42,8.52,8.37,8.5,,531328.0,,raw
2025-07-22,8.47,8.53,8.35,8.41,,601997.0,,raw
2025-07-23,8.43,8.53,8.38,8.44,,567342.0,,raw
2025-07-24,8.44,8.44,8.21,8.24,,827371.0,,raw
2025-07-25,8.23,8.27,8.12,8.14,,526803.0,,raw
2025-07-28,8.14,8.31,8.12,8.18,,662697.0,,raw
2025-07-29,8.17,8.27,8.11,8.12,,496207.0,,raw
2025-07-30,8.15,8.27,8.11,8.19,,558501.0,,raw
2025-07-31,8.2,8.23,8.06,8.19,,518449.0,,raw
2025-08-01,8.17,8.25,8.07,8.19,,546026.0,,raw
2025-08-04,8.15,8.28,8.15,8.25,,529282.0,,raw
2025-08-05,8.22,8.49,8.21,8.43,,681945.0,,raw
2025-08-06,8.46,8.51,8.37,8.38,,398115.0,,raw
2025-08-07,8.37,8.42,8.28,8.42,,368267.0,,raw
2025-08-08,8.42,8.46,8.37,8.39,,280796.0,,raw
2025-08-11,8.37,8.41,8.22,8.24,,517870.0,,raw
2025-08-12,8.23,8.37,8.22,8.35,,439413.0,,raw
2025-08-13,8.38,8.4,8.23,8.25,,448038.0,,raw
2025-08-14,8.25,8.39,8.23,8.27,,414213.0,,raw
2025-08-15,8.26,8.28,7.96,8.06,,874114.0,,raw
2025-08-18,8.03,8.05,7.89,7.97,,999749.0,,raw
2025-08-19,7.96,8.0,7.9,7.95,,597024.0,,raw
2025-08-20,7.93,8.02,7.88,7.97,,515570.0,,raw
2025-08-21,7.99,8.13,7.95,8.08,,607145.0,,raw
2025-08-22,8.08,8.08,7.91,8.02,,552985.0,,raw
2025-08-25,7.99,8.09,7.96,8.08,,558829.0,,raw
2025-08-26,8.05,8.09,8.0,8.02,,1077479.0,,raw
2025-08-27,8.01,8.02,7.86,7.91,,800840.0,,raw
2025-08-28,7.88,8.01,7.77,7.98,,830331.0,,raw
2025-08-29,7.98,8.16,7.88,7.9,,1006554.0,,raw
2025-09-01,7.91,7.97,7.75,7.78,,735972.0,,raw
2025-09-02,7.78,8.01,7.77,7.99,,921714.0,,raw
2025-09-03,8.0,8.01,7.81,7.85,,561626.0,,raw
2025-09-04,7.82,8.05,7.66,8.02,,1152085.0,,raw
2025-09-05,7.96,7.98,7.78,7.81,,853899.0,,raw
2025-09-08,7.79,7.89,7.7,7.72,,674467.0,,raw
2025-09-09,7.74,7.82,7.71,7.81,,484195.0,,raw
2025-09-10,7.82,7.93,7.78,7.9,,542856.0,,raw
2025-09-11,7.89,7.94,7.8,7.9,,575700.0,,raw
2025-09-12,7.89,7.92,7.78,7.81,,396176.0,,raw
2025-09-15,7.81,7.85,7.71,7.75,,482205.0,,raw
2025-09-16,7.73,7.77,7.61,7.64,,523980.0,,raw
2025-09-17,7.64,7.69,7.58,7.61,,499606.0,,raw
2025-09-18,7.61,7.63,7.46,7.48,,596095.0,,raw
2025-09-19,7.47,7.48,7.32,7.4,,638981.0,,raw
2025-09-22,7.38,7.47,7.36,7.39,,358617.0,,raw
2025-09-23,7.35,7.52,7.31,7.46,,585076.0,,raw
2025-09-24,7.45,7.51,7.37,7.38,,618929.0,,raw
2025-09-25,7.38,7.39,7.28,7.34,,477995.0,,raw
2025-09-26,7.33,7.44,7.23,7.4,,514817.0,,raw
2025-09-29,7.39,7.4,7.25,7.3,,687472.0,,raw
2025-09-30,7.32,7.33,7.17,7.2,,731264.0,,raw
2025-10-09,7.18,7.26,7.13,7.26,,490309.0,,raw
2025-10-10,7.23,7.36,7.22,7.26,,617349.0,,raw
2025-10-13,7.24,7.35,7.15,7.31,,776142.0,,raw
2025-10-14,7.27,7.52,7.23,7.51,,1194059.0,,raw
2025-10-15,7.49,7.6,7.46,7.55,,829312.0,,raw
2025-10-16,7.54,7.85,7.53,7.84,,1225719.0,,raw
2025-10-17,7.85,7.9,7.77,7.79,,860328.0,,raw
2025-10-20,7.77,7.8,7.6,7.71,,663581.0,,raw
2025-10-21,7.71,7.77,7.65,7.75,,519647.0,,raw
2025-10-22,7.75,7.98,7.72,7.93,,738015.0,,raw
2025-10-23,7.93,8.07,7.85,7.96,,595566.0,,raw
2025-10-24,7.93,8.04,7.81,7.94,,738131.0,,raw
2025-10-27,7.91,8.0,7.76,7.84,,860334.0,,raw
2025-10-28,7.85,7.88,7.71,7.8,,499015.0,,raw
2025-10-29,7.75,7.8,7.63,7.72,,613323.0,,raw
2025-10-30,7.75,7.87,7.7,7.84,,719999.0,,raw
2025-10-31,7.76,7.83,7.62,7.74,,914976.0,,raw
2025-11-03,7.76,7.93,7.66,7.86,,716263.0,,raw
2025-11-04,7.88,8.15,7.85,8.12,,907336.0,,raw
2025-11-05,8.14,8.15,8.01,8.1,,644698.0,,raw
2025-11-06,8.05,8.09,7.98,8.0,,583162.0,,raw
2025-11-07,8.03,8.2,8.01,8.11,,604403.0,,raw
2025-11-10,8.08,8.24,8.03,8.23,,479551.0,,raw
2025-11-11,8.19,8.25,8.13,8.15,,322962.0,,raw
2025-11-12,8.19,8.28,8.13,8.13,,450200.0,,raw
2025-11-13,8.13,8.17,7.97,8.05,,561432.0,,raw
2025-11-14,8.06,8.14,8.03,8.04,,372268.0,,raw
2025-11-17,8.07,8.08,7.94,7.97,,421902.0,,raw
2025-11-18,7.97,8.0,7.9,7.92,,342741.0,,raw
2025-11-19,7.93,8.09,7.9,8.04,,491925.0,,raw
2025-11-20,8.04,8.25,8.01,8.15,,802756.0,,raw
2025-11-21,7.96,8.07,7.9,7.92,,680672.0,,raw
2025-11-24,7.93,8.0,7.72,7.72,,629683.0,,raw
2025-11-25,7.78,7.92,7.67,7.91,,603844.0,,raw
2025-11-26,7.92,7.97,7.75,7.81,,477451.0,,raw
2025-11-27,7.79,7.87,7.71,7.84,,371985.0,,raw
2025-11-28,7.81,7.82,7.73,7.76,,354623.0,,raw
2025-12-01,7.73,7.84,7.66,7.78,,550279.0,,raw
2025-12-02,7.79,7.91,7.74,7.78,,526976.0,,raw
2025-12-03,7.76,7.89,7.72,7.78,,496338.0,,raw
2025-12-04,7.77,7.87,7.76,7.78,,434451.0,,raw
2025-12-05,7.8,7.89,7.71,7.73,,517012.0,,raw
2025-12-08,7.71,7.72,7.56,7.64,,578560.0,,raw
2025-12-09,7.65,7.67,7.58,7.62,,348634.0,,raw
2025-12-10,7.61,7.63,7.45,7.49,,461981.0,,raw
2025-12-11,7.51,7.53,7.43,7.51,,574556.0,,raw
2025-12-12,7.49,7.5,7.34,7.46,,876162.0,,raw
2025-12-15,7.43,7.49,7.33,7.42,,546467.0,,raw
2025-12-16,7.41,7.46,7.31,7.36,,542717.0,,raw
2025-12-17,7.37,7.42,7.29,7.38,,524164.0,,raw
2025-12-18,7.38,7.54,7.37,7.51,,404349.0,,raw
2025-12-19,7.51,7.53,7.41,7.46,,385670.0,,raw
2025-12-22,7.45,7.45,7.36,7.39,,359640.0,,raw
2025-12-23,7.38,7.5,7.37,7.47,,528789.0,,raw
2025-12-24,7.49,7.49,7.39,7.42,,305036.0,,raw
2025-12-25,7.41,7.53,7.39,7.48,,400727.0,,raw
2025-12-26,7.47,7.5,7.4,7.42,,288125.0,,raw
2025-12-29,7.41,7.61,7.38,7.57,,734185.0,,raw
2025-12-30,7.56,7.67,7.5,7.62,,621055.0,,raw
2025-12-31,7.62,7.75,7.53,7.7,,553998.0,,raw
