trade_date,open,high,low,close,adj_close,volume,amount,price_type
2019-01-02,6375.54,6439.16,6323.06,6404.64,6404.64,3452995.0,,adjusted
2019-01-03,6392.65,6680.44,6389.31,6535.18,6535.18,5664430.0,,adjusted
2019-01-04,6473.82,6686.89,6462.7,6683.22,6683.22,5792744.0,,adjusted
2019-01-07,6738.41,6956.66,6732.05,6921.22,6921.22,7829011.0,,adjusted
2019-01-08,6894.32,6897.37,6799.98,6825.04,6825.04,5281533.0,,adjusted
2019-01-09,6831.31,6874.64,6770.44,6771.9,6771.9,4582452.0,,adjusted
2019-01-10,6770.06,6818.94,6750.32,6767.94,6767.94,3411428.0,,adjusted
2019-01-11,6784.95,6891.08,6784.35,6883.11,6883.11,3813060.0,,adjusted
2019-01-14,6878.27,6894.54,6790.63,6812.77,6812.77,2911674.0,,adjusted
2019-01-15,6807.92,6878.37,6790.52,6876.58,6876.58,2885858.0,,adjusted
2019-01-16,6873.12,6895.75,6806.35,6809.41,6809.41,3008569.0,,adjusted
2019-01-17,6818.04,6824.13,6724.33,6734.33,6734.33,2482538.0,,adjusted
2019-01-18,6741.62,6791.91,6712.38,6788.71,6788.71,2367088.0,,adjusted
2019-01-21,6798.57,6857.85,6762.23,6834.96,6834.96,2453350.0,,adjusted
2019-01-22,6820.57,6820.57,6687.4,6724.37,6724.37,2582911.0,,adjusted
2019-01-23,6714.44,6744.17,6692.08,6734.94,6734.94,1767620.0,,adjusted
2019-01-24,6744.51,6848.54,6697.11,6813.82,6813.82,3074388.0,,adjusted
2019-01-25,6814.5,6826.37,6757.9,6757.9,6757.9,2652521.0,,adjusted
2019-01-28,6802.48,6839.39,6718.99,6733.41,6733.41,2733481.0,,adjusted
2019-01-29,6728.99,6728.99,6547.5,6620.18,6620.18,2930373.0,,adjusted
2019-01-30,6613.78,6721.28,6597.88,6642.77,6642.77,2467569.0,,adjusted
2019-01-31,6657.21,6657.9,6534.41,6564.84,6564.84,2701010.0,,adjusted
2019-02-01,6593.78,6717.64,6587.02,6716.83,6716.83,2369577.0,,adjusted
2019-02-11,6744.29,6878.87,6744.29,6878.3,6878.3,2952740.0,,adjusted
2019-02-12,6871.29,6944.05,6863.52,6927.81,6927.81,3158614.0,,adjusted
2019-02-13,6933.0,7085.82,6908.13,7061.42,7061.42,5063838.0,,adjusted
2019-02-14,7059.98,7122.43,7050.34,7087.25,7087.25,3820316.0,,adjusted
2019-02-15,7083.55,7114.62,7007.94,7020.45,7020.45,3187657.0,,adjusted
2019-02-18,7063.74,7295.3,7063.74,7295.3,7295.3,5393227.0,,adjusted
2019-02-19,7325.5,7383.12,7192.3,7383.03,7383.03,6317654.0,,adjusted
2019-02-20,7348.06,7429.3,7251.41,7365.38,7365.38,6414580.0,,adjusted
2019-02-21,7396.0,7500.67,7254.55,7286.44,7286.44,7736739.0,,adjusted
2019-02-22,7251.29,7432.35,7247.27,7431.54,7431.54,5735017.0,,adjusted
2019-02-25,7504.62,7914.33,7504.62,7886.5,7886.5,11180882.0,,adjusted
2019-02-26,7869.28,7933.48,7758.74,7781.44,7781.44,9506469.0,,adjusted
2019-02-27,7777.32,8093.4,7774.46,7870.44,7870.44,10047266.0,,adjusted
2019-02-28,7963.31,8006.86,7777.22,7852.8,7852.8,6454693.0,,adjusted
2019-03-01,7894.39,7907.18,7738.58,7888.22,7888.22,6556408.0,,adjusted
2019-03-04,7935.51,8103.62,7899.95,8007.44,8007.44,10412098.0,,adjusted
2019-03-05,7979.47,8197.57,7941.12,8195.12,8195.12,10207485.0,,adjusted
2019-03-06,8224.55,8263.86,8062.16,8215.08,8215.08,9791268.0,,adjusted
2019-03-07,8176.54,8265.42,8110.54,8183.92,8183.92,9328782.0,,adjusted
2019-03-08,8036.08,8298.87,7939.17,7959.05,7959.05,11144775.0,,adjusted
2019-03-11,8023.76,8233.23,7993.0,8233.07,8233.07,8670509.0,,adjusted
2019-03-12,8307.05,8557.48,8239.2,8522.57,8522.57,12662377.0,,adjusted
2019-03-13,8579.33,8726.71,8258.45,8328.29,8328.29,11852238.0,,adjusted
2019-03-14,8287.44,8322.14,7976.8,8118.34,8118.34,8599977.0,,adjusted
2019-03-15,8163.54,8196.93,8034.78,8089.51,8089.51,6244937.0,,adjusted
2019-03-18,8116.11,8239.21,8046.45,8238.9,8238.9,6736489.0,,adjusted
2019-03-19,8253.77,8428.03,8240.05,8357.63,8357.63,8168138.0,,adjusted
2019-03-20,8355.6,8355.6,8112.79,8250.07,8250.07,6457873.0,,adjusted
2019-03-21,8253.0,8353.84,8228.78,8304.89,8304.89,6481892.0,,adjusted
2019-03-22,8305.93,8344.29,8200.64,8333.8,8333.8,6575951.0,,adjusted
2019-03-25,8282.42,8890.8,8268.52,8691.15,8691.15,18257371.0,,adjusted
2019-03-26,8714.86,8717.38,8256.92,8262.43,8262.43,13210855.0,,adjusted
2019-03-27,8310.9,8336.33,8057.12,8186.68,8186.68,7328374.0,,adjusted
2019-03-28,8187.9,8353.28,8108.12,8119.88,8119.88,6988478.0,,adjusted
2019-03-29,8229.28,8452.15,8206.73,8451.65,8451.65,10497817.0,,adjusted
2019-04-01,8573.54,8868.82,8573.54,8850.67,8850.67,13195995.0,,adjusted
2019-04-02,8971.22,9131.97,8850.55,8899.17,8899.17,16778021.0,,adjusted
2019-04-03,8841.59,8988.87,8778.76,8958.63,8958.63,11250071.0,,adjusted
2019-04-04,8967.15,9044.7,8858.7,8977.27,8977.27,11731686.0,,adjusted
2019-04-08,9122.97,9153.57,8758.1,8839.72,8839.72,11155250.0,,adjusted
2019-04-09,8846.29,8860.56,8741.44,8820.53,8820.53,7366424.0,,adjusted
2019-04-10,8790.72,8816.33,8700.57,8751.81,8751.81,7207130.0,,adjusted
2019-04-11,8749.01,8795.92,8581.66,8582.34,8582.34,6883315.0,,adjusted
2019-04-12,8573.25,8586.17,8465.66,8544.66,8544.66,5439019.0,,adjusted
2019-04-15,8658.12,8749.19,8513.36,8517.37,8517.37,6278043.0,,adjusted
2019-04-16,8479.42,8651.19,8367.97,8651.19,8651.19,6242798.0,,adjusted
2019-04-17,8649.4,8727.74,8599.51,8677.62,8677.62,5862283.0,,adjusted
2019-04-18,8671.74,8819.21,8635.9,8734.98,8734.98,8282715.0,,adjusted
2019-04-19,8704.19,8726.26,8578.81,8713.94,8713.94,6312372.0,,adjusted
2019-04-22,8744.19,8761.21,8597.11,8621.11,8621.11,6079730.0,,adjusted
2019-04-23,8610.49,8611.14,8290.95,8314.62,8314.62,6837556.0,,adjusted
2019-04-24,8329.14,8399.76,8228.43,8390.15,8390.15,4631762.0,,adjusted
2019-04-25,8369.99,8370.37,8050.99,8051.44,8051.44,5598265.0,,adjusted
2019-04-26,8024.85,8121.94,8007.95,8010.76,8010.76,4528910.0,,adjusted
2019-04-29,8025.73,8055.77,7776.39,7784.33,7784.33,5131669.0,,adjusted
2019-04-30,7800.35,7939.96,7772.99,7852.32,7852.32,3954900.0,,adjusted
2019-05-06,7651.75,7651.75,7219.07,7278.3,7278.3,7042951.0,,adjusted
2019-05-07,7304.17,7377.04,7224.31,7343.42,7343.42,4751373.0,,adjusted
2019-05-08,7180.43,7444.64,7152.46,7371.27,7371.27,4736372.0,,adjusted
2019-05-09,7326.14,7483.43,7319.57,7391.05,7391.05,4387631.0,,adjusted
2019-05-10,7450.41,7733.64,7333.76,7718.33,7718.33,7034382.0,,adjusted
2019-05-13,7657.36,7732.13,7602.5,7642.6,7642.6,3790484.0,,adjusted
2019-05-14,7554.28,7732.9,7552.79,7617.35,7617.35,5448427.0,,adjusted
2019-05-15,7654.25,7705.88,7619.52,7692.29,7692.29,4538362.0,,adjusted
2019-05-16,7677.95,7812.84,7647.46,7762.02,7762.02,5258894.0,,adjusted
2019-05-17,7765.45,7796.41,7488.71,7514.11,7514.11,5441485.0,,adjusted
2019-05-20,7521.77,7677.8,7521.77,7677.8,7677.8,4945959.0,,adjusted
2019-05-21,7665.64,7772.86,7585.24,7759.7,7759.7,5059679.0,,adjusted
2019-05-22,7756.89,7787.92,7668.95,7738.09,7738.09,4363101.0,,adjusted
2019-05-23,7744.26,7809.55,7609.11,7624.35,7624.35,5063179.0,,adjusted
2019-05-24,7555.36,7609.22,7423.3,7427.93,7427.93,4080756.0,,adjusted
2019-05-27,7447.5,7710.26,7413.3,7700.67,7700.67,4494300.0,,adjusted
2019-05-28,7705.05,7769.67,7648.47,7715.16,7715.16,4661729.0,,adjusted
2019-05-29,7676.36,7768.81,7658.16,7720.08,7720.08,4361471.0,,adjusted
2019-05-30,7680.69,7684.86,7565.32,7647.89,7647.89,3912469.0,,adjusted
2019-05-31,7652.28,7704.96,7620.24,7657.42,7657.42,3978927.0,,adjusted
2019-06-03,7706.3,7736.16,7513.62,7547.58,7547.58,4420301.0,,adjusted
2019-06-04,7533.75,7535.64,7368.5,7410.11,7410.11,4070315.0,,adjusted
2019-06-05,7470.58,7489.86,7358.06,7365.34,7365.34,3227885.0,,adjusted
2019-06-06,7371.67,7373.69,7203.99,7222.73,7222.73,3280080.0,,adjusted
2019-06-10,7235.22,7315.26,7224.32,7273.77,7273.77,2933938.0,,adjusted
2019-06-11,7280.0,7499.31,7214.25,7497.66,7497.66,4830746.0,,adjusted
2019-06-12,7475.35,7506.08,7408.07,7424.08,7424.08,4339314.0,,adjusted
2019-06-13,7408.53,7447.78,7366.66,7405.75,7405.75,3510618.0,,adjusted
2019-06-14,7429.96,7607.16,7341.06,7349.42,7349.42,6635350.0,,adjusted
2019-06-17,7324.46,7324.46,7262.16,7288.18,7288.18,3256450.0,,adjusted
2019-06-18,7278.35,7294.78,7215.94,7246.26,7246.26,2705939.0,,adjusted
2019-06-19,7377.62,7419.78,7362.63,7379.04,7379.04,4410093.0,,adjusted
2019-06-20,7370.05,7528.07,7315.45,7508.51,7508.51,5019380.0,,adjusted
2019-06-21,7534.14,7667.25,7534.14,7636.82,7636.82,5579766.0,,adjusted
2019-06-24,7653.36,7670.9,7578.12,7624.37,7624.37,3974739.0,,adjusted
2019-06-25,7609.71,7646.06,7509.12,7598.99,7598.99,3974574.0,,adjusted
2019-06-26,7565.4,7697.38,7530.88,7694.19,7694.19,4022549.0,,adjusted
2019-06-27,7755.39,7808.84,7720.23,7725.55,7725.55,5715891.0,,adjusted
2019-06-28,7720.8,7720.8,7579.13,7619.1,7619.1,3732004.0,,adjusted
2019-07-01,7745.77,7808.84,7731.33,7807.65,7807.65,4925898.0,,adjusted
2019-07-02,7965.72,7978.57,7875.54,7901.63,7901.63,7870975.0,,adjusted
2019-07-03,7873.21,8046.02,7801.45,7983.7,7983.7,8499602.0,,adjusted
2019-07-04,7967.42,8250.76,7950.26,8076.7,8076.7,12560249.0,,adjusted
2019-07-05,8046.96,8073.86,7971.1,8013.45,8013.45,7202216.0,,adjusted
2019-07-08,7989.31,7989.31,7699.94,7753.89,7753.89,7767150.0,,adjusted
2019-07-09,7730.53,7792.84,7684.5,7763.08,7763.08,4341655.0,,adjusted
2019-07-10,7774.01,7854.25,7710.85,7742.96,7742.96,4625797.0,,adjusted
2019-07-11,7771.33,7828.92,7675.28,7715.71,7715.71,3915481.0,,adjusted
2019-07-12,7711.34,7736.83,7649.59,7702.66,7702.66,3145586.0,,adjusted
2019-07-15,7706.17,7916.78,7680.1,7916.46,7916.46,5669756.0,,adjusted
2019-07-16,7908.51,7976.08,7879.13,7916.07,7916.07,4480794.0,,adjusted
2019-07-17,7916.43,7998.12,7906.98,7946.82,7946.82,4366056.0,,adjusted
2019-07-18,7896.02,7896.02,7791.01,7791.01,7791.01,3727920.0,,adjusted
2019-07-19,7808.39,7874.56,7799.27,7806.27,7806.27,3054915.0,,adjusted
2019-07-22,7809.38,7809.38,7567.2,7595.41,7595.41,4286677.0,,adjusted
2019-07-23,7608.54,7720.9,7605.57,7720.44,7720.44,2960955.0,,adjusted
2019-07-24,7763.28,7891.49,7760.8,7857.3,7857.3,4030926.0,,adjusted
2019-07-25,7863.93,7919.93,7854.88,7906.17,7906.17,3248751.0,,adjusted
2019-07-26,7883.85,7983.53,7870.64,7980.75,7980.75,3945803.0,,adjusted
2019-07-29,7998.52,8067.04,7966.44,8018.67,8018.67,3741462.0,,adjusted
2019-07-30,8026.14,8042.77,7984.49,7991.18,7991.18,3330319.0,,adjusted
2019-07-31,7971.11,8027.12,7938.28,8009.21,8009.21,3292111.0,,adjusted
2019-08-01,8007.94,8014.62,7908.87,7926.63,7926.63,3544143.0,,adjusted
2019-08-02,7749.44,7827.87,7706.79,7780.39,7780.39,4200474.0,,adjusted
2019-08-05,7748.21,7905.26,7734.25,7734.69,7734.69,3535489.0,,adjusted
2019-08-06,7582.96,7621.87,7412.01,7576.11,7576.11,5050803.0,,adjusted
2019-08-07,7601.12,7625.29,7449.06,7449.12,7449.12,3566157.0,,adjusted
2019-08-08,7486.93,7633.59,7486.59,7605.16,7605.16,5160074.0,,adjusted
2019-08-09,7639.58,7645.47,7426.68,7438.69,7438.69,4172444.0,,adjusted
2019-08-12,7436.54,7549.12,7403.4,7548.57,7548.57,2585253.0,,adjusted
2019-08-13,7480.93,7594.56,7454.09,7534.19,7534.19,3318669.0,,adjusted
2019-08-14,7623.46,7633.68,7552.47,7613.0,7613.0,4094588.0,,adjusted
2019-08-15,7450.59,7634.15,7424.6,7616.5,7616.5,4705217.0,,adjusted
2019-08-16,7624.06,7686.7,7598.45,7626.18,7626.18,3907534.0,,adjusted
2019-08-19,7671.48,7866.32,7664.39,7866.32,7866.32,5005372.0,,adjusted
2019-08-20,7865.68,7951.1,7832.43,7879.52,7879.52,5199876.0,,adjusted
2019-08-21,7868.02,7920.52,7841.83,7886.32,7886.32,3622473.0,,adjusted
2019-08-22,7906.85,7998.34,7882.8,7985.34,7985.34,4799905.0,,adjusted
2019-08-23,7968.99,8022.44,7893.73,7928.54,7928.54,3676724.0,,adjusted
2019-08-26,7771.45,7918.12,7754.87,7915.38,7915.38,4072763.0,,adjusted
2019-08-27,7955.88,8085.74,7919.48,8066.19,8066.19,5570331.0,,adjusted
2019-08-28,8068.77,8207.14,8034.68,8086.33,8086.33,6497671.0,,adjusted
2019-08-29,8114.99,8182.38,8083.02,8137.56,8137.56,5543311.0,,adjusted
2019-08-30,8179.17,8349.01,8145.08,8308.87,8308.87,9333170.0,,adjusted
2019-09-02,8365.7,8758.0,8365.7,8706.56,8706.56,13113428.0,,adjusted
2019-09-03,8689.72,8798.62,8599.26,8726.09,8726.09,10904742.0,,adjusted
2019-09-04,8668.66,8709.57,8573.07,8659.21,8659.21,7602552.0,,adjusted
2019-09-05,8697.36,8801.16,8648.7,8687.53,8687.53,9399287.0,,adjusted
2019-09-06,8696.66,8777.1,8678.59,8740.23,8740.23,7350547.0,,adjusted
2019-09-09,8814.75,8846.03,8725.56,8846.03,8846.03,7614681.0,,adjusted
2019-09-10,8842.7,8975.73,8720.09,8742.99,8742.99,8311310.0,,adjusted
2019-09-11,8753.83,8762.24,8623.85,8634.23,8634.23,6226474.0,,adjusted
2019-09-12,8662.16,8673.22,8601.98,8660.99,8660.99,4568547.0,,adjusted
2019-09-16,8698.85,8730.04,8600.67,8641.94,8641.94,4833791.0,,adjusted
2019-09-17,8627.58,8627.58,8347.85,8372.5,8372.5,6584750.0,,adjusted
2019-09-18,8396.99,8407.33,8296.69,8324.45,8324.45,5253578.0,,adjusted
2019-09-19,8346.42,8445.01,8329.18,8445.01,8445.01,5380971.0,,adjusted
2019-09-20,8448.25,8450.17,8313.64,8397.32,8397.32,5614798.0,,adjusted
2019-09-23,8366.28,8383.81,8248.59,8325.27,8325.27,4682438.0,,adjusted
2019-09-24,8330.71,8400.46,8291.7,8324.71,8324.71,4591126.0,,adjusted
2019-09-25,8303.04,8321.95,8165.27,8166.23,8166.23,4586802.0,,adjusted
2019-09-26,8186.67,8204.34,7869.58,7869.63,7869.63,5782339.0,,adjusted
2019-09-27,7876.7,7985.43,7876.19,7933.11,7933.11,3396134.0,,adjusted
2019-09-30,7944.77,7987.55,7864.89,7865.3,7865.3,2872868.0,,adjusted
2019-10-08,7873.48,7893.35,7770.95,7771.54,7771.54,2990007.0,,adjusted
2019-10-09,7758.22,7819.68,7702.73,7818.03,7818.03,2512561.0,,adjusted
2019-10-10,7824.22,7891.65,7813.04,7888.32,7888.32,2530360.0,,adjusted
2019-10-11,7907.08,7910.64,7800.04,7862.23,7862.23,2787297.0,,adjusted
2019-10-14,7922.82,7980.95,7908.48,7961.95,7961.95,3742192.0,,adjusted
2019-10-15,7949.23,7949.24,7795.78,7804.8,7804.8,3020801.0,,adjusted
2019-10-16,7818.8,7845.32,7752.66,7759.43,7759.43,2295794.0,,adjusted
2019-10-17,7765.73,7793.43,7712.58,7722.02,7722.02,2030179.0,,adjusted
2019-10-18,7739.34,7764.01,7587.29,7596.1,7596.1,2767514.0,,adjusted
2019-10-21,7591.21,7617.18,7475.5,7601.1,7601.1,2532104.0,,adjusted
2019-10-22,7606.5,7664.93,7589.49,7664.2,7664.2,2086101.0,,adjusted
2019-10-23,7687.98,7688.27,7581.64,7594.27,7594.27,2293262.0,,adjusted
2019-10-24,7585.82,7600.7,7512.33,7595.39,7595.39,2540451.0,,adjusted
2019-10-25,7597.87,7654.38,7530.98,7635.29,7635.29,2842168.0,,adjusted
2019-10-28,7700.76,7787.76,7691.09,7786.75,7786.75,3906903.0,,adjusted
2019-10-29,7794.71,7794.71,7670.93,7670.93,7670.93,3155700.0,,adjusted
2019-10-30,7638.32,7638.54,7550.83,7584.51,7584.51,2607478.0,,adjusted
2019-10-31,7580.79,7615.83,7557.22,7578.32,7578.32,2552636.0,,adjusted
2019-11-01,7562.63,7621.18,7531.5,7609.7,7609.7,2558854.0,,adjusted
2019-11-04,7623.54,7647.93,7581.71,7589.37,7589.37,2482761.0,,adjusted
2019-11-05,7595.43,7632.17,7540.06,7621.0,7621.0,2479384.0,,adjusted
2019-11-06,7695.59,7836.97,7691.13,7713.8,7713.8,4449431.0,,adjusted
2019-11-07,7696.75,7697.36,7642.42,7658.58,7658.58,3240140.0,,adjusted
2019-11-08,7694.86,7705.93,7616.67,7618.98,7618.98,2779971.0,,adjusted
2019-11-11,7586.55,7586.58,7409.42,7415.81,7415.81,3013942.0,,adjusted
2019-11-12,7403.71,7422.58,7305.93,7408.44,7408.44,2299102.0,,adjusted
2019-11-13,7409.96,7415.66,7359.0,7382.07,7382.07,1776859.0,,adjusted
2019-11-14,7389.15,7425.15,7368.77,7403.67,7403.67,1936115.0,,adjusted
2019-11-15,7397.62,7421.09,7326.03,7342.73,7342.73,2198829.0,,adjusted
2019-11-18,7322.93,7380.43,7294.4,7370.06,7370.06,1724294.0,,adjusted
2019-11-19,7374.27,7489.4,7364.58,7488.14,7488.14,2240854.0,,adjusted
2019-11-20,7489.17,7492.34,7405.88,7411.81,7411.81,2143582.0,,adjusted
2019-11-21,7402.53,7506.93,7382.46,7488.4,7488.4,2584559.0,,adjusted
2019-11-22,7463.73,7527.62,7406.42,7456.79,7456.79,2926834.0,,adjusted
2019-11-25,7451.73,7451.73,7355.11,7392.18,7392.18,2207055.0,,adjusted
2019-11-26,7413.85,7447.77,7377.51,7420.02,7420.02,2944645.0,,adjusted
2019-11-27,7419.01,7429.37,7380.13,7391.73,7391.73,2026047.0,,adjusted
2019-11-28,7383.69,7403.89,7357.92,7369.06,7369.06,1482425.0,,adjusted
2019-11-29,7381.55,7425.55,7351.5,7416.96,7416.96,2159929.0,,adjusted
2019-12-02,7421.19,7466.75,7400.21,7414.64,7414.64,2280518.0,,adjusted
2019-12-03,7399.31,7476.19,7379.14,7474.73,7474.73,2497150.0,,adjusted
2019-12-04,7445.85,7552.33,7434.86,7551.62,7551.62,2567390.0,,adjusted
2019-12-05,7567.62,7649.58,7559.08,7630.29,7630.29,2972149.0,,adjusted
2019-12-06,7631.77,7646.69,7591.28,7646.69,7646.69,2661667.0,,adjusted
2019-12-09,7641.55,7659.79,7603.4,7616.96,7616.96,2444006.0,,adjusted
2019-12-10,7613.45,7613.6,7550.22,7593.66,7593.66,2785382.0,,adjusted
2019-12-11,7597.72,7615.17,7549.73,7562.54,7562.54,2725906.0,,adjusted
2019-12-12,7563.15,7618.28,7543.09,7569.73,7569.73,3490604.0,,adjusted
2019-12-13,7597.9,7613.71,7555.01,7604.58,7604.58,3971412.0,,adjusted
2019-12-16,7620.92,7784.78,7612.89,7781.12,7781.12,5502897.0,,adjusted
2019-12-17,7785.74,7865.74,7778.12,7843.04,7843.04,5940055.0,,adjusted
2019-12-18,7884.23,7928.81,7832.67,7838.5,7838.5,6058970.0,,adjusted
2019-12-19,7880.3,7880.98,7817.37,7851.97,7851.97,5324280.0,,adjusted
2019-12-20,7848.55,7850.86,7719.47,7723.72,7723.72,4076346.0,,adjusted
2019-12-23,7695.78,7732.9,7558.76,7560.87,7560.87,3744054.0,,adjusted
2019-12-24,7570.76,7633.87,7570.76,7631.64,7631.64,2822399.0,,adjusted
2019-12-25,7622.82,7671.03,7612.96,7653.85,7653.85,3221260.0,,adjusted
2019-12-26,7661.42,7718.86,7644.67,7718.84,7718.84,3112408.0,,adjusted
2019-12-27,7719.74,7801.36,7701.58,7702.81,7702.81,4487731.0,,adjusted
2019-12-30,7701.75,7751.49,7611.76,7749.95,7749.95,3824139.0,,adjusted
2019-12-31,7747.12,7779.28,7701.21,7763.1,7763.1,3133672.0,,adjusted
2020-01-02,7806.84,7912.07,7775.09,7889.66,7889.66,4826571.0,,adjusted
2020-01-03,7906.6,8042.94,7901.49,8019.62,8019.62,6761392.0,,adjusted
2020-01-06,8110.49,8193.77,8072.3,8130.35,8130.35,8308437.0,,adjusted
2020-01-07,8098.99,8152.78,8098.08,8150.99,8150.99,5580307.0,,adjusted
2020-01-08,8206.63,8318.96,8151.85,8259.04,8259.04,10392405.0,,adjusted
2020-01-09,8141.78,8180.84,8090.49,8175.97,8175.97,7128081.0,,adjusted
2020-01-10,8179.6,8202.55,8090.63,8116.67,8116.67,5052531.0,,adjusted
2020-01-13,8115.85,8210.86,8075.24,8209.43,8209.43,4498418.0,,adjusted
2020-01-14,8225.74,8225.74,8134.43,8142.05,8142.05,4101402.0,,adjusted
2020-01-15,8124.96,8134.4,8037.78,8071.55,8071.55,4079768.0,,adjusted
2020-01-16,8086.86,8242.71,8084.84,8147.98,8147.98,5416433.0,,adjusted
2020-01-17,8156.07,8188.28,8112.3,8128.65,8128.65,4108170.0,,adjusted
2020-01-20,8153.81,8288.16,8152.38,8286.83,8286.83,6205867.0,,adjusted
2020-01-21,8285.75,8286.35,8200.85,8208.65,8208.65,6392712.0,,adjusted
2020-01-22,8159.81,8271.11,8064.99,8242.74,8242.74,6201479.0,,adjusted
2020-01-23,8189.79,8392.8,8008.61,8065.37,8065.37,8501800.0,,adjusted
2020-02-03,7294.2,7357.0,7269.44,7326.39,7326.39,5202426.0,,adjusted
2020-02-04,6998.42,7387.54,6998.42,7364.66,7364.66,9376689.0,,adjusted
2020-02-05,7389.18,7663.34,7369.41,7577.4,7577.4,7857885.0,,adjusted
2020-02-06,7650.73,7885.5,7581.25,7863.64,7863.64,8621264.0,,adjusted
2020-02-07,7967.96,8067.92,7897.5,8058.29,8058.29,11895438.0,,adjusted
2020-02-10,8114.66,8205.56,8001.14,8123.12,8123.12,12292978.0,,adjusted
2020-02-11,8111.63,8115.58,7989.65,8032.24,8032.24,9247573.0,,adjusted
2020-02-12,8011.4,8208.46,8008.75,8205.78,8205.78,8387226.0,,adjusted
2020-02-13,8219.35,8224.51,8078.39,8117.94,8117.94,10838372.0,,adjusted
2020-02-14,8107.99,8212.77,8086.47,8131.31,8131.31,8983305.0,,adjusted
2020-02-17,8237.38,8630.58,8237.38,8625.58,8625.58,13851060.0,,adjusted
2020-02-18,8780.5,8941.66,8773.56,8940.46,8940.46,16107942.0,,adjusted
2020-02-19,8889.26,9018.95,8795.07,8804.7,8804.7,15491650.0,,adjusted
2020-02-20,8805.48,8880.93,8676.42,8867.94,8867.94,11780826.0,,adjusted
2020-02-21,8872.59,9178.94,8863.95,9118.64,9118.64,14167611.0,,adjusted
2020-02-24,9089.58,9249.61,9034.88,9204.03,9204.03,12600622.0,,adjusted
2020-02-25,8976.38,9238.25,8745.73,9214.75,9214.75,15192643.0,,adjusted
2020-02-26,9074.29,9324.7,8979.82,9017.02,9017.02,15891381.0,,adjusted
2020-02-27,9050.68,9103.43,8782.79,8934.25,8934.25,11714176.0,,adjusted
2020-02-28,8580.94,8740.98,8388.25,8410.67,8410.67,11558352.0,,adjusted
2020-03-02,8531.15,8780.06,8463.24,8732.36,8732.36,9782557.0,,adjusted
2020-03-03,8872.34,9136.94,8824.95,8928.26,8928.26,12509121.0,,adjusted
2020-03-04,8863.84,9039.59,8759.51,8917.27,8917.27,9288965.0,,adjusted
2020-03-05,9047.18,9072.62,8885.94,8958.57,8958.57,10483947.0,,adjusted
2020-03-06,8831.07,8995.7,8804.6,8920.58,8920.58,8579202.0,,adjusted
2020-03-09,8759.84,8809.94,8438.99,8439.53,8439.53,10093700.0,,adjusted
2020-03-10,8360.19,8824.47,8360.19,8822.01,8822.01,10334103.0,,adjusted
2020-03-11,8881.55,9152.67,8839.91,8840.52,8840.52,14061321.0,,adjusted
2020-03-12,8685.84,8801.25,8549.4,8640.58,8640.58,9587393.0,,adjusted
2020-03-13,8227.71,8728.96,8218.88,8629.48,8629.48,10580218.0,,adjusted
2020-03-16,8692.91,8692.91,8092.22,8125.2,8125.2,10375622.0,,adjusted
2020-03-17,8218.85,8287.01,7874.48,8127.51,8127.51,7877561.0,,adjusted
2020-03-18,8203.43,8304.56,7918.98,7919.11,7919.11,7589575.0,,adjusted
2020-03-19,7957.32,8087.25,7831.51,8039.98,8039.98,7598641.0,,adjusted
2020-03-20,8117.79,8150.04,7953.56,8084.53,8084.53,6090088.0,,adjusted
2020-03-23,7846.31,7894.51,7640.92,7672.77,7672.77,6004543.0,,adjusted
2020-03-24,7834.27,7870.85,7619.13,7826.59,7826.59,5676395.0,,adjusted
2020-03-25,7994.74,7997.49,7866.27,7937.56,7937.56,5224143.0,,adjusted
2020-03-26,7892.93,7941.0,7817.69,7827.73,7827.73,4081595.0,,adjusted
2020-03-27,7923.09,7952.75,7818.38,7821.89,7821.89,4291641.0,,adjusted
2020-03-30,7711.78,7832.35,7513.76,7735.76,7735.76,6143634.0,,adjusted
2020-03-31,7782.94,7804.56,7645.93,7651.55,7651.55,4760644.0,,adjusted
2020-04-01,7634.53,7752.48,7605.99,7611.86,7611.86,4345640.0,,adjusted
2020-04-02,7588.42,7849.93,7585.62,7849.93,7849.93,5173534.0,,adjusted
2020-04-03,7837.36,7843.59,7708.84,7755.53,7755.53,4548827.0,,adjusted
2020-04-07,7928.62,8105.78,7904.64,8088.47,8088.47,7562436.0,,adjusted
2020-04-08,8030.32,8236.94,8024.3,8205.91,8205.91,8168881.0,,adjusted
2020-04-09,8249.62,8311.85,8169.31,8200.85,8200.85,6403760.0,,adjusted
2020-04-10,8184.98,8200.08,8048.52,8072.65,8072.65,6109918.0,,adjusted
2020-04-13,8018.42,8069.02,7927.7,8059.8,8059.8,4552241.0,,adjusted
2020-04-14,8095.75,8156.73,8045.34,8156.73,8156.73,4663541.0,,adjusted
2020-04-15,8160.7,8183.17,8068.01,8073.77,8073.77,5228494.0,,adjusted
2020-04-16,8018.85,8209.75,7997.59,8174.85,8174.85,5423092.0,,adjusted
2020-04-17,8210.74,8258.6,8132.84,8147.68,8147.68,5853428.0,,adjusted
2020-04-20,8170.56,8294.21,8142.84,8293.81,8293.81,5564042.0,,adjusted
2020-04-21,8296.92,8355.1,8228.43,8303.92,8303.92,7594293.0,,adjusted
2020-04-22,8221.99,8331.21,8201.61,8313.18,8313.18,6046888.0,,adjusted
2020-04-23,8328.98,8461.19,8267.49,8369.19,8369.19,8397897.0,,adjusted
2020-04-24,8355.26,8386.0,8117.88,8222.38,8222.38,9060076.0,,adjusted
2020-04-27,8212.41,8226.38,8083.77,8090.4,8090.4,6839220.0,,adjusted
2020-04-28,8089.11,8096.74,7747.02,7964.05,7964.05,6861198.0,,adjusted
2020-04-29,7929.3,8118.55,7929.19,8095.48,8095.48,5047125.0,,adjusted
2020-04-30,8141.63,8329.77,8133.69,8314.88,8314.88,6897135.0,,adjusted
2020-05-06,8295.82,8493.51,8279.95,8493.45,8493.45,7664141.0,,adjusted
2020-05-07,8494.6,8526.95,8446.92,8472.64,8472.64,7135201.0,,adjusted
2020-05-08,8525.25,8618.55,8505.96,8569.18,8569.18,7535642.0,,adjusted
2020-05-11,8592.16,8659.54,8527.48,8592.99,8592.99,6918794.0,,adjusted
2020-05-12,8586.92,8607.13,8487.03,8586.77,8586.77,5995946.0,,adjusted
2020-05-13,8565.25,8600.23,8534.62,8571.62,8571.62,5132652.0,,adjusted
2020-05-14,8532.96,8666.59,8491.2,8582.06,8582.06,7871143.0,,adjusted
2020-05-15,8605.63,8638.66,8546.83,8576.22,8576.22,7572373.0,,adjusted
2020-05-18,8609.56,8849.72,8581.39,8715.29,8715.29,10846230.0,,adjusted
2020-05-19,8742.14,8768.28,8694.82,8768.19,8768.19,7378632.0,,adjusted
2020-05-20,8767.82,8769.44,8503.15,8529.94,8529.94,8471042.0,,adjusted
2020-05-21,8551.98,8554.37,8357.92,8383.14,8383.14,5848230.0,,adjusted
2020-05-22,8372.7,8456.26,8222.57,8255.05,8255.05,5652460.0,,adjusted
2020-05-25,8253.78,8277.04,8126.1,8165.05,8165.05,4577491.0,,adjusted
2020-05-26,8193.56,8307.48,8193.56,8302.47,8302.47,4065230.0,,adjusted
2020-05-27,8303.22,8314.41,8190.8,8212.09,8212.09,4745639.0,,adjusted
2020-05-28,8203.08,8257.95,8086.11,8205.54,8205.54,5003720.0,,adjusted
2020-05-29,8172.83,8267.59,8149.77,8255.3,8255.3,4861678.0,,adjusted
2020-06-01,8287.8,8452.79,8285.28,8437.94,8437.94,6320945.0,,adjusted
2020-06-02,8430.72,8545.32,8398.83,8459.77,8459.77,6969518.0,,adjusted
2020-06-03,8465.5,8482.24,8397.91,8397.91,8397.91,5928244.0,,adjusted
2020-06-04,8434.93,8447.24,8320.23,8325.09,8325.09,4723370.0,,adjusted
2020-06-05,8335.5,8363.3,8265.83,8315.03,8315.03,4194168.0,,adjusted
2020-06-08,8356.56,8390.7,8297.39,8304.57,8304.57,4705728.0,,adjusted
2020-06-09,8314.57,8314.57,8252.5,8286.73,8286.73,4093985.0,,adjusted
2020-06-10,8269.71,8278.79,8227.33,8275.92,8275.92,4179399.0,,adjusted
2020-06-11,8269.22,8388.87,8259.32,8301.93,8301.93,6388068.0,,adjusted
2020-06-12,8177.5,8311.54,8155.3,8306.68,8306.68,6806864.0,,adjusted
2020-06-15,8300.98,8300.98,8187.16,8187.16,8187.16,7247740.0,,adjusted
2020-06-16,8226.15,8277.55,8204.72,8269.9,8269.9,6365973.0,,adjusted
2020-06-17,8344.39,8415.88,8330.18,8391.24,8391.24,9374389.0,,adjusted
2020-06-18,8338.3,8338.3,8223.71,8271.85,8271.85,7484416.0,,adjusted
2020-06-19,8264.16,8340.22,8249.93,8325.05,8325.05,6189005.0,,adjusted
2020-06-22,8348.77,8414.65,8343.93,8407.17,8407.17,7548251.0,,adjusted
2020-06-23,8441.32,8445.31,8359.62,8414.71,8414.71,8064202.0,,adjusted
2020-06-24,8411.43,8415.06,8349.89,8357.06,8357.06,6603428.0,,adjusted
2020-06-29,8349.67,8454.62,8346.05,8380.4,8380.4,6591691.0,,adjusted
2020-06-30,8421.31,8509.04,8415.05,8505.13,8505.13,6238926.0,,adjusted
2020-07-01,8525.75,8533.49,8411.83,8520.67,8520.67,7057979.0,,adjusted
2020-07-02,8500.48,8629.94,8459.34,8629.79,8629.79,9178805.0,,adjusted
2020-07-03,8648.42,8720.37,8631.85,8713.65,8713.65,10025732.0,,adjusted
2020-07-06,8781.84,9203.21,8781.84,9179.36,9179.36,15896510.0,,adjusted
2020-07-07,9285.88,9545.66,9167.52,9380.5,9380.5,17616878.0,,adjusted
2020-07-08,9358.27,10088.14,9356.03,10088.14,10088.14,21148972.0,,adjusted
2020-07-09,10353.21,10577.38,10297.66,10442.11,10442.11,22525277.0,,adjusted
2020-07-10,10539.95,10553.05,10257.92,10310.31,10310.31,19625159.0,,adjusted
2020-07-13,10264.07,10508.34,10197.46,10508.34,10508.34,17860772.0,,adjusted
2020-07-14,10476.63,10907.26,10365.87,10582.45,10582.45,19553099.0,,adjusted
2020-07-15,10622.5,10667.08,10126.73,10179.75,10179.75,16016582.0,,adjusted
2020-07-16,10165.9,10350.03,9701.41,9775.94,9775.94,14267574.0,,adjusted
2020-07-17,9814.42,10260.07,9730.94,10065.57,10065.57,13627853.0,,adjusted
2020-07-20,10283.08,10863.15,10283.08,10863.15,10863.15,18988952.0,,adjusted
2020-07-21,10969.41,10969.41,10476.13,10580.23,10580.23,18387684.0,,adjusted
2020-07-22,10513.46,11003.28,10513.46,10769.96,10769.96,18596587.0,,adjusted
2020-07-23,10859.26,11275.84,10776.95,11215.75,11215.75,25166456.0,,adjusted
2020-07-24,11272.33,11443.62,10837.0,10838.2,10838.2,29129634.0,,adjusted
2020-07-27,10784.45,11035.41,10505.43,10764.74,10764.74,17677123.0,,adjusted
2020-07-28,10773.31,11086.79,10679.65,10931.18,10931.18,15285088.0,,adjusted
2020-07-29,10856.88,11158.18,10798.4,11156.37,11156.37,14232613.0,,adjusted
2020-07-30,11241.2,11422.62,10979.78,11034.0,11034.0,16837439.0,,adjusted
2020-07-31,10996.4,11044.45,10789.17,10923.14,10923.14,13068653.0,,adjusted
2020-08-03,11042.97,11747.03,11042.97,11734.37,11734.37,21794396.0,,adjusted
2020-08-04,11738.69,11738.69,11319.01,11380.36,11380.36,18668622.0,,adjusted
2020-08-05,11332.78,11932.37,11332.78,11802.02,11802.02,18263798.0,,adjusted
2020-08-06,11761.88,12370.29,11750.57,12269.6,12269.6,24339375.0,,adjusted
2020-08-07,12145.2,12730.15,11945.79,12592.75,12592.75,24219897.0,,adjusted
2020-08-10,12568.83,13251.28,12298.61,12308.61,12308.61,23704967.0,,adjusted
2020-08-11,12186.46,12652.74,12060.25,12239.89,12239.89,21483671.0,,adjusted
2020-08-12,12060.56,12088.55,11445.17,11643.92,11643.92,16606084.0,,adjusted
2020-08-13,11692.06,11943.08,11632.47,11734.09,11734.09,10853682.0,,adjusted
2020-08-14,11701.94,12212.76,11681.96,12126.66,12126.66,12663981.0,,adjusted
2020-08-17,12276.01,12494.56,12086.04,12485.99,12485.99,16370287.0,,adjusted
2020-08-18,12420.72,12696.46,12381.37,12519.96,12519.96,14012035.0,,adjusted
2020-08-19,12480.24,12497.27,12167.68,12192.85,12192.85,15590341.0,,adjusted
2020-08-20,12068.14,12188.55,11691.52,11755.08,11755.08,12984431.0,,adjusted
2020-08-21,11865.91,12004.86,11617.54,11726.25,11726.25,9179795.0,,adjusted
2020-08-24,11796.91,11960.74,11677.56,11801.11,11801.11,7841848.0,,adjusted
2020-08-25,11810.47,11818.06,11315.03,11382.28,11382.28,12492864.0,,adjusted
2020-08-26,11376.76,11489.61,10984.94,11042.14,11042.14,10064330.0,,adjusted
2020-08-27,11093.51,11249.05,10970.79,11236.69,11236.69,7970489.0,,adjusted
2020-08-28,11262.08,11501.9,11252.26,11485.55,11485.55,9910062.0,,adjusted
2020-08-31,11545.43,11753.14,11464.09,11552.07,11552.07,10880137.0,,adjusted
2020-09-01,11617.27,11885.6,11616.79,11836.31,11836.31,11333648.0,,adjusted
2020-09-02,11860.92,11860.92,11565.82,11664.31,11664.31,10706682.0,,adjusted
2020-09-03,11615.01,11631.94,11383.85,11543.94,11543.94,9324155.0,,adjusted
2020-09-04,11333.97,11497.59,11323.43,11473.87,11473.87,7139541.0,,adjusted
2020-09-07,11459.62,11555.08,11105.41,11140.37,11140.37,9097890.0,,adjusted
2020-09-08,11192.44,11238.2,10926.48,11095.44,11095.44,7760918.0,,adjusted
2020-09-09,10987.59,11202.03,10794.37,11016.46,11016.46,10874523.0,,adjusted
2020-09-10,11012.61,11061.94,10614.62,10631.4,10631.4,8892299.0,,adjusted
2020-09-11,10569.79,10643.79,10444.49,10628.97,10628.97,6692815.0,,adjusted
2020-09-14,10665.92,10705.92,10510.61,10585.77,10585.77,6375869.0,,adjusted
2020-09-15,10601.76,10757.37,10576.45,10719.57,10719.57,6775725.0,,adjusted
2020-09-16,10697.02,10697.02,10490.83,10537.61,10537.61,5367340.0,,adjusted
2020-09-17,10542.47,10729.46,10434.12,10649.34,10649.34,5994417.0,,adjusted
2020-09-18,10668.26,10936.35,10667.65,10932.62,10932.62,7793024.0,,adjusted
2020-09-21,11011.37,11400.93,11009.18,11222.73,11222.73,10884260.0,,adjusted
2020-09-22,11061.5,11117.56,10954.19,10996.15,10996.15,7263389.0,,adjusted
2020-09-23,11026.36,11037.57,10902.94,10985.86,10985.86,5753658.0,,adjusted
2020-09-24,10887.4,10912.06,10653.81,10653.81,10653.81,6101673.0,,adjusted
2020-09-25,10717.25,10787.9,10616.56,10680.96,10680.96,5354355.0,,adjusted
2020-09-28,10691.86,10719.66,10523.09,10532.18,10532.18,4437016.0,,adjusted
2020-09-29,10613.03,11018.56,10613.03,10946.43,10946.43,8210210.0,,adjusted
2020-09-30,10967.43,11027.03,10841.22,10964.02,10964.02,7752707.0,,adjusted
2020-10-09,11135.4,11189.0,11019.79,11144.73,11144.73,8006885.0,,adjusted
2020-10-12,11196.73,11657.79,11185.1,11632.17,11632.17,11385455.0,,adjusted
2020-10-13,11603.57,11704.34,11537.04,11677.21,11677.21,8434474.0,,adjusted
2020-10-14,11691.37,11855.41,11517.51,11576.84,11576.84,8700083.0,,adjusted
2020-10-15,11533.33,11594.91,11473.82,11480.46,11480.46,6913378.0,,adjusted
2020-10-16,11451.26,11532.2,11255.76,11298.42,11298.42,6292516.0,,adjusted
2020-10-19,11390.3,11439.82,11235.55,11248.86,11248.86,7578847.0,,adjusted
2020-10-20,11212.01,11295.22,11089.25,11294.85,11294.85,6188954.0,,adjusted
2020-10-21,11283.34,11284.33,10939.59,10979.02,10979.02,6607401.0,,adjusted
2020-10-22,10927.49,10927.49,10741.89,10849.45,10849.45,5271073.0,,adjusted
2020-10-23,10857.01,10939.38,10655.09,10673.56,10673.56,6027182.0,,adjusted
2020-10-26,10629.79,10790.73,10517.45,10761.8,10761.8,4771905.0,,adjusted
2020-10-27,10728.12,10899.09,10718.68,10853.95,10853.95,5742685.0,,adjusted
2020-10-28,10852.96,10855.63,10625.23,10781.69,10781.69,5717296.0,,adjusted
2020-10-29,10624.08,10702.8,10565.04,10642.92,10642.92,5338217.0,,adjusted
2020-10-30,10761.81,10937.11,10437.43,10454.91,10454.91,7853287.0,,adjusted
2020-11-02,10439.86,10484.1,10286.75,10408.44,10408.44,6765202.0,,adjusted
2020-11-03,10461.08,10742.19,10398.03,10738.08,10738.08,6638444.0,,adjusted
2020-11-04,10744.06,10908.2,10628.13,10865.81,10865.81,7166312.0,,adjusted
2020-11-05,10868.14,10918.25,10706.97,10854.54,10854.54,6151009.0,,adjusted
2020-11-06,10840.62,10842.82,10616.32,10684.02,10684.02,5366545.0,,adjusted
2020-11-09,10677.12,10885.94,10606.06,10875.56,10875.56,8214858.0,,adjusted
2020-11-10,10879.77,10879.81,10625.49,10667.42,10667.42,6266870.0,,adjusted
2020-11-11,10662.41,10753.78,10451.97,10464.03,10464.03,5748090.0,,adjusted
2020-11-12,10477.99,10583.61,10399.57,10420.75,10420.75,4963765.0,,adjusted
2020-11-13,10434.71,10759.01,10356.52,10690.28,10690.28,7011505.0,,adjusted
2020-11-16,10691.74,10762.39,10623.0,10704.93,10704.93,5453385.0,,adjusted
2020-11-17,10692.96,10692.96,10414.58,10475.47,10475.47,5655700.0,,adjusted
2020-11-18,10471.29,10596.83,10457.98,10537.45,10537.45,5016668.0,,adjusted
2020-11-19,10499.91,11038.53,10415.86,11003.7,11003.7,10475437.0,,adjusted
2020-11-20,11022.2,11265.35,10988.89,11130.9,11130.9,10057280.0,,adjusted
2020-11-23,11130.28,11244.96,10986.12,11156.88,11156.88,9328113.0,,adjusted
2020-11-24,11142.87,11347.73,11139.51,11199.75,11199.75,8597338.0,,adjusted
2020-11-25,11173.35,11214.19,10882.84,10896.22,10896.22,7752741.0,,adjusted
2020-11-26,10918.71,11184.29,10858.64,11123.31,11123.31,9621551.0,,adjusted
2020-11-27,11102.6,11514.72,10991.9,11301.19,11301.19,11089616.0,,adjusted
2020-11-30,11315.62,11515.88,11244.6,11381.78,11381.78,10144801.0,,adjusted
2020-12-01,11395.82,11680.45,11364.17,11625.1,11625.1,8877499.0,,adjusted
2020-12-02,11614.75,11735.58,11536.16,11631.95,11631.95,8303762.0,,adjusted
2020-12-03,11588.61,11594.25,11387.94,11420.29,11420.29,7256432.0,,adjusted
2020-12-04,11391.97,11578.05,11293.43,11552.13,11552.13,6712500.0,,adjusted
2020-12-07,11550.59,11713.59,11533.98,11581.38,11581.38,7395909.0,,adjusted
2020-12-08,11565.53,11655.84,11516.38,11537.69,11537.69,6921758.0,,adjusted
2020-12-09,11536.9,11590.25,11269.04,11275.18,11275.18,7994342.0,,adjusted
2020-12-10,11231.74,11380.8,11160.76,11285.18,11285.18,6527084.0,,adjusted
2020-12-11,11279.96,11284.29,10885.97,11034.55,11034.55,9135780.0,,adjusted
2020-12-14,11000.82,11308.8,10923.69,11262.06,11262.06,7070390.0,,adjusted
2020-12-15,11245.01,11418.68,11188.16,11283.34,11283.34,6376159.0,,adjusted
2020-12-16,11249.09,11340.2,11151.18,11212.94,11212.94,6493255.0,,adjusted
2020-12-17,11168.41,11224.99,10875.14,11118.22,11118.22,7076860.0,,adjusted
2020-12-18,11140.52,11314.48,11093.4,11115.58,11115.58,6560145.0,,adjusted
2020-12-21,11091.29,11600.82,11087.0,11595.75,11595.75,8505120.0,,adjusted
2020-12-22,11563.49,11698.15,11399.74,11399.74,11399.74,8462895.0,,adjusted
2020-12-23,11457.85,11983.34,11413.74,11983.34,11983.34,10759165.0,,adjusted
2020-12-24,12084.46,12493.45,12069.93,12115.43,12115.43,14468894.0,,adjusted
2020-12-25,12087.37,12322.64,11932.2,12283.45,12283.45,9502453.0,,adjusted
2020-12-28,12296.06,12497.23,12124.74,12272.96,12272.96,8754206.0,,adjusted
2020-12-29,12241.51,12448.68,12064.21,12154.17,12154.17,10234365.0,,adjusted
2020-12-30,12084.79,12615.07,12055.01,12484.23,12484.23,12137621.0,,adjusted
2020-12-31,12487.9,13043.78,12454.12,13035.06,13035.06,15345412.0,,adjusted
2021-01-04,13274.55,13998.85,13248.24,13905.15,13905.15,18939315.0,,adjusted
2021-01-05,13848.4,14365.42,13742.25,14026.15,14026.15,19255473.0,,adjusted
2021-01-06,13941.37,14544.79,13868.03,14242.96,14242.96,19545470.0,,adjusted
2021-01-07,14105.67,14676.32,14023.98,14596.82,14596.82,17352417.0,,adjusted
2021-01-08,14528.48,14609.17,13989.17,14207.16,14207.16,14807388.0,,adjusted
2021-01-11,14398.66,14537.57,13625.42,13734.09,13734.09,15951063.0,,adjusted
2021-01-12,13697.42,14349.11,13697.42,14286.48,14286.48,16872471.0,,adjusted
2021-01-13,14392.23,14477.56,13914.24,14071.12,14071.12,20241949.0,,adjusted
2021-01-14,13894.52,13894.52,13257.75,13264.4,13264.4,17817649.0,,adjusted
2021-01-15,13204.31,13384.38,12813.14,13163.31,13163.31,13627701.0,,adjusted
2021-01-18,13209.61,13618.85,13209.61,13454.44,13454.44,12359734.0,,adjusted
2021-01-19,13358.73,13557.76,13081.17,13153.51,13153.51,10435131.0,,adjusted
2021-01-20,13122.76,13470.76,13043.6,13416.05,13416.05,9393222.0,,adjusted
2021-01-21,13358.37,13653.64,13295.49,13543.72,13543.72,10872903.0,,adjusted
2021-01-22,13471.26,13594.55,13318.62,13579.46,13579.46,10726378.0,,adjusted
2021-01-25,13648.94,13995.16,13499.41,13593.11,13593.11,12400431.0,,adjusted
2021-01-26,13431.72,13431.72,12627.5,12682.33,12682.33,13520167.0,,adjusted
2021-01-27,12548.3,12787.46,12484.29,12652.7,12652.7,8729627.0,,adjusted
2021-01-28,12518.63,12854.43,12415.38,12466.39,12466.39,8912743.0,,adjusted
2021-01-29,12552.87,12609.38,11819.41,12070.04,12070.04,9436480.0,,adjusted
2021-02-01,12088.85,12189.59,11956.32,12009.97,12009.97,6601962.0,,adjusted
2021-02-02,12038.75,12226.54,11856.03,12210.84,12210.84,7222539.0,,adjusted
2021-02-03,12203.39,12229.09,11799.78,11810.56,11810.56,7075480.0,,adjusted
2021-02-04,11740.84,11964.82,11503.67,11645.98,11645.98,6979306.0,,adjusted
2021-02-05,11784.26,11877.21,11404.82,11404.82,11404.82,5601258.0,,adjusted
2021-02-08,11439.14,11532.13,11230.22,11446.18,11446.18,5543720.0,,adjusted
2021-02-09,11503.1,12115.76,11427.77,12096.11,12096.11,7993750.0,,adjusted
2021-02-10,12131.06,12131.06,11825.01,12037.62,12037.62,6972071.0,,adjusted
2021-02-18,12174.27,12244.92,11924.86,11961.81,11961.81,6976340.0,,adjusted
2021-02-19,11936.95,12011.19,11793.52,12002.19,12002.19,6374427.0,,adjusted
2021-02-22,11990.86,12067.77,11604.01,11604.02,11604.02,9203339.0,,adjusted
2021-02-23,11481.43,12026.51,11411.61,11926.25,11926.25,9749911.0,,adjusted
2021-02-24,12010.26,12173.97,11719.54,11930.51,11930.51,9878257.0,,adjusted
2021-02-25,11925.89,12321.46,11870.53,12161.1,12161.1,8946818.0,,adjusted
2021-02-26,11900.17,12074.93,11721.71,11748.63,11748.63,7243309.0,,adjusted
2021-03-01,11812.07,11970.61,11698.02,11969.4,11969.4,6051615.0,,adjusted
2021-03-02,12051.94,12115.5,11757.09,12049.52,12049.52,7236245.0,,adjusted
2021-03-03,11906.99,12028.73,11830.97,12026.69,12026.69,6147469.0,,adjusted
2021-03-04,11941.63,12210.95,11813.54,11865.68,11865.68,9557626.0,,adjusted
2021-03-05,11681.36,11800.28,11449.38,11615.43,11615.43,7383491.0,,adjusted
2021-03-08,11603.7,11646.07,10830.94,10830.94,10830.94,9556111.0,,adjusted
2021-03-09,10720.1,10730.12,10157.95,10257.53,10257.53,8833025.0,,adjusted
2021-03-10,10368.79,10432.95,10151.86,10189.01,10189.01,5667972.0,,adjusted
2021-03-11,10202.07,10391.88,10110.03,10364.74,10364.74,5073575.0,,adjusted
2021-03-12,10402.17,10403.18,10159.57,10284.31,10284.31,5031672.0,,adjusted
2021-03-15,10251.36,10380.88,10120.7,10215.46,10215.46,5004974.0,,adjusted
2021-03-16,10233.94,10334.58,10140.9,10202.35,10202.35,4708395.0,,adjusted
2021-03-17,10208.78,10435.76,10171.94,10372.52,10372.52,5263661.0,,adjusted
2021-03-18,10365.66,10602.54,10365.66,10493.52,10493.52,5513963.0,,adjusted
2021-03-19,10369.59,10733.09,10325.7,10565.03,10565.03,7174326.0,,adjusted
2021-03-22,10502.43,10691.11,10451.94,10653.47,10653.47,5948811.0,,adjusted
2021-03-23,10645.43,10705.62,10526.15,10580.87,10580.87,5113815.0,,adjusted
2021-03-24,10522.37,10631.35,10305.86,10385.63,10385.63,5414602.0,,adjusted
2021-03-25,10352.15,10516.58,10327.54,10431.38,10431.38,4314303.0,,adjusted
2021-03-26,10430.68,10603.03,10430.29,10596.32,10596.32,4477875.0,,adjusted
2021-03-29,10668.52,10928.05,10668.2,10788.56,10788.56,6238773.0,,adjusted
2021-03-30,10801.93,11162.27,10797.45,11019.32,11019.32,8533055.0,,adjusted
2021-03-31,10940.53,10940.53,10551.39,10573.04,10573.04,6642273.0,,adjusted
2021-04-01,10591.14,10682.33,10579.56,10660.63,10660.63,4601273.0,,adjusted
2021-04-02,10662.26,10764.48,10625.24,10701.74,10701.74,4297848.0,,adjusted
2021-04-06,10742.02,10848.81,10703.6,10809.48,10809.48,6157909.0,,adjusted
2021-04-07,10792.46,10792.8,10663.23,10743.28,10743.28,5525948.0,,adjusted
2021-04-08,10708.05,10823.32,10630.95,10716.62,10716.62,5328863.0,,adjusted
2021-04-09,10821.24,10935.93,10751.76,10778.24,10778.24,5413804.0,,adjusted
2021-04-12,10747.66,10774.32,10387.82,10425.78,10425.78,5736240.0,,adjusted
2021-04-13,10375.96,10474.85,10323.18,10395.24,10395.24,4283449.0,,adjusted
2021-04-14,10358.04,10554.86,10357.44,10551.16,10551.16,3502532.0,,adjusted
2021-04-15,10538.18,10557.92,10427.98,10520.25,10520.25,3689948.0,,adjusted
2021-04-16,10524.55,10585.39,10436.43,10537.2,10537.2,4757666.0,,adjusted
2021-04-19,10520.61,10697.48,10466.07,10688.75,10688.75,5729071.0,,adjusted
2021-04-20,10644.3,10736.47,10581.25,10632.77,10632.77,5623161.0,,adjusted
2021-04-21,10588.82,10611.71,10470.09,10539.73,10539.73,4701497.0,,adjusted
2021-04-22,10567.26,10632.62,10509.77,10541.68,10541.68,4503801.0,,adjusted
2021-04-23,10529.7,10581.53,10448.73,10499.88,10499.88,4613127.0,,adjusted
2021-04-26,10549.26,10695.01,10485.83,10494.14,10494.14,6089220.0,,adjusted
2021-04-27,10491.19,10499.99,10258.96,10351.54,10351.54,4799873.0,,adjusted
2021-04-28,10350.14,10442.27,10338.23,10442.12,10442.12,3906287.0,,adjusted
2021-04-29,10436.16,10514.35,10402.95,10433.86,10433.86,4588798.0,,adjusted
2021-04-30,10337.22,10337.22,10008.54,10079.59,10079.59,7548341.0,,adjusted
2021-05-06,10050.61,10284.31,10029.38,10216.15,10216.15,6256049.0,,adjusted
2021-05-07,10208.1,10249.35,10063.59,10065.78,10065.78,4832438.0,,adjusted
2021-05-10,10059.99,10059.99,9870.87,9921.19,9921.19,5304574.0,,adjusted
2021-05-11,9894.81,10220.3,9890.47,10175.58,10175.58,5849664.0,,adjusted
2021-05-12,10122.68,10144.87,10041.83,10138.87,10138.87,3867645.0,,adjusted
2021-05-13,10058.6,10265.54,10047.15,10098.27,10098.27,5964174.0,,adjusted
2021-05-14,10115.51,10496.15,10073.14,10494.42,10494.42,8762573.0,,adjusted
2021-05-17,10596.97,10702.5,10521.17,10557.44,10557.44,7527251.0,,adjusted
2021-05-18,10521.33,10839.52,10451.15,10794.27,10794.27,8608752.0,,adjusted
2021-05-19,10756.65,10876.33,10694.54,10814.66,10814.66,6646359.0,,adjusted
2021-05-20,10783.93,10965.99,10761.89,10832.18,10832.18,6443785.0,,adjusted
2021-05-21,10867.98,10870.66,10597.81,10610.86,10610.86,5825770.0,,adjusted
2021-05-24,10590.66,10720.83,10580.43,10709.94,10709.94,5063989.0,,adjusted
2021-05-25,10708.9,11095.72,10655.67,11077.72,11077.72,9016812.0,,adjusted
2021-05-26,11125.52,11267.23,11036.38,11081.68,11081.68,8799349.0,,adjusted
2021-05-27,11072.45,11212.54,11038.77,11176.15,11176.15,6788961.0,,adjusted
2021-05-28,11144.73,11292.53,11104.32,11237.4,11237.4,6979193.0,,adjusted
2021-05-31,11271.8,11586.26,11256.26,11573.63,11573.63,9140528.0,,adjusted
2021-06-01,11546.33,11644.03,11466.17,11498.88,11498.88,8293300.0,,adjusted
2021-06-02,11467.94,11570.15,11204.18,11226.98,11226.98,7613184.0,,adjusted
2021-06-03,11210.5,11268.35,11065.66,11069.75,11069.75,6142013.0,,adjusted
2021-06-04,11049.15,11252.2,11008.14,11190.95,11190.95,6097116.0,,adjusted
2021-06-07,11276.5,11499.44,11276.04,11390.35,11390.35,7098130.0,,adjusted
2021-06-08,11376.47,11552.47,11321.46,11538.39,11538.39,8674967.0,,adjusted
2021-06-09,11631.46,11783.26,11513.94,11618.1,11618.1,8245806.0,,adjusted
2021-06-10,11607.18,11659.8,11493.04,11643.3,11643.3,8209895.0,,adjusted
2021-06-11,11638.62,11639.43,11183.22,11217.12,11217.12,10006648.0,,adjusted
2021-06-15,11170.72,11302.44,11111.31,11249.62,11249.62,8593864.0,,adjusted
2021-06-16,11233.28,11355.05,11010.68,11106.01,11106.01,8227178.0,,adjusted
2021-06-17,11150.17,11272.58,11080.13,11219.78,11219.78,7557352.0,,adjusted
2021-06-18,11220.93,11565.69,11198.39,11467.07,11467.07,10622834.0,,adjusted
2021-06-21,11472.99,11925.04,11471.76,11921.44,11921.44,12136433.0,,adjusted
2021-06-22,11972.78,11972.78,11747.85,11834.29,11834.29,10777194.0,,adjusted
2021-06-23,11780.05,11896.74,11689.36,11820.46,11820.46,9060507.0,,adjusted
2021-06-24,11834.81,11996.98,11623.27,11631.49,11631.49,9324242.0,,adjusted
2021-06-25,11565.6,11674.55,11464.5,11663.03,11663.03,8264203.0,,adjusted
2021-06-28,11689.37,11782.48,11625.17,11730.39,11730.39,7412725.0,,adjusted
2021-06-29,11700.4,11799.19,11466.19,11470.86,11470.86,7349049.0,,adjusted
2021-06-30,11470.35,11639.99,11433.22,11638.65,11638.65,6244123.0,,adjusted
2021-07-01,11710.47,11748.42,11143.57,11143.69,11143.69,8487053.0,,adjusted
2021-07-02,11109.38,11109.38,10727.93,10768.9,10768.9,9075388.0,,adjusted
2021-07-05,10747.49,10927.85,10743.61,10819.32,10819.32,6046273.0,,adjusted
2021-07-06,10810.64,10894.23,10693.21,10889.26,10889.26,6222595.0,,adjusted
2021-07-07,10816.34,11209.36,10795.4,11197.67,11197.67,7299241.0,,adjusted
2021-07-08,11186.34,11687.02,11175.37,11643.37,11643.37,10524855.0,,adjusted
2021-07-09,11610.84,11661.89,11496.97,11545.99,11545.99,8893421.0,,adjusted
2021-07-12,11586.88,11810.16,11448.5,11711.45,11711.45,9341029.0,,adjusted
2021-07-13,11716.82,11816.58,11565.24,11651.94,11651.94,7851773.0,,adjusted
2021-07-14,11591.91,11616.34,11340.52,11422.06,11422.06,8046234.0,,adjusted
2021-07-15,11431.73,11608.35,11268.04,11426.68,11426.68,7097649.0,,adjusted
2021-07-16,11403.09,12043.15,11341.78,11897.58,11897.58,12764619.0,,adjusted
2021-07-19,11984.52,12113.65,11743.98,11813.57,11813.57,11397951.0,,adjusted
2021-07-20,11698.63,12068.13,11680.11,12022.59,12022.59,9829971.0,,adjusted
2021-07-21,12018.53,12254.59,11982.78,12217.2,12217.2,11428068.0,,adjusted
2021-07-22,12201.0,12204.94,12020.58,12185.41,12185.41,10757564.0,,adjusted
2021-07-23,12166.22,12599.0,12003.03,12435.42,12435.42,14732643.0,,adjusted
2021-07-26,12465.41,13028.98,12459.88,12544.57,12544.57,20949994.0,,adjusted
2021-07-27,12494.9,12809.95,12282.66,12294.23,12294.23,19776651.0,,adjusted
2021-07-28,12108.86,12121.19,11502.91,11692.78,11692.78,14002570.0,,adjusted
2021-07-29,11866.41,12278.85,11844.13,12220.55,12220.55,11880172.0,,adjusted
2021-07-30,12195.64,12294.89,12025.84,12221.05,12221.05,11232880.0,,adjusted
2021-08-02,12263.66,12891.07,12236.97,12858.19,12858.19,16044287.0,,adjusted
2021-08-03,12820.2,13001.81,12556.0,12624.37,12624.37,13430875.0,,adjusted
2021-08-04,12590.1,13015.24,12590.1,13005.58,13005.58,12265193.0,,adjusted
2021-08-05,13016.11,13669.3,12998.49,13457.39,13457.39,21181747.0,,adjusted
2021-08-06,13418.29,13635.94,13254.56,13532.78,13532.78,15677298.0,,adjusted
2021-08-09,13573.1,13753.25,13407.32,13475.32,13475.32,13644834.0,,adjusted
2021-08-10,13399.58,14237.39,13396.71,13959.06,13959.06,19141781.0,,adjusted
2021-08-11,13915.51,14112.88,13787.64,13907.88,13907.88,14857330.0,,adjusted
2021-08-12,13836.81,13921.76,13496.14,13524.76,13524.76,14198398.0,,adjusted
2021-08-13,13486.06,13742.37,13322.18,13464.36,13464.36,13480002.0,,adjusted
2021-08-16,13420.96,13526.82,13137.21,13218.68,13218.68,10367899.0,,adjusted
2021-08-17,13224.84,13401.11,12929.1,12998.77,12998.77,12839432.0,,adjusted
2021-08-18,12980.95,13433.75,12961.2,13328.67,13328.67,12339351.0,,adjusted
2021-08-19,13272.62,13750.06,13157.92,13641.86,13641.86,13112874.0,,adjusted
2021-08-20,13550.4,13817.86,13384.94,13611.05,13611.05,12692791.0,,adjusted
2021-08-23,13729.44,14346.67,13729.21,14204.26,14204.26,16411967.0,,adjusted
2021-08-24,13771.59,14164.07,13484.88,14103.87,14103.87,16849911.0,,adjusted
2021-08-25,14047.03,14191.49,13854.41,13978.61,13978.61,15963422.0,,adjusted
2021-08-26,13919.51,14211.96,13916.02,13941.26,13941.26,17377697.0,,adjusted
2021-08-27,13895.52,13925.33,13580.6,13696.27,13696.27,14693526.0,,adjusted
2021-08-30,13831.88,14365.51,13831.88,14094.02,14094.02,17206463.0,,adjusted
2021-08-31,14142.1,14285.11,13907.63,14114.69,14114.69,17520993.0,,adjusted
2021-09-01,14118.85,14119.13,13342.48,13620.29,13620.29,19448990.0,,adjusted
2021-09-02,13529.33,13663.39,13448.85,13590.07,13590.07,13772917.0,,adjusted
2021-09-03,13517.61,13565.37,12848.49,13075.22,13075.22,15179532.0,,adjusted
2021-09-06,13033.38,13272.74,12953.34,13270.06,13270.06,11656440.0,,adjusted
2021-09-07,13264.92,13531.93,13194.75,13438.76,13438.76,13658089.0,,adjusted
2021-09-08,13441.54,13441.57,13165.41,13270.77,13270.77,12278848.0,,adjusted
2021-09-09,13238.83,13593.1,13103.0,13558.0,13558.0,15790574.0,,adjusted
2021-09-10,13565.23,13588.14,13327.04,13428.62,13428.62,13540548.0,,adjusted
2021-09-13,13404.76,13484.1,13201.5,13297.48,13297.48,12264629.0,,adjusted
2021-09-14,13298.5,13500.1,13106.83,13134.88,13134.88,11794547.0,,adjusted
2021-09-15,13134.05,13302.32,12990.55,13233.2,13233.2,10348342.0,,adjusted
2021-09-16,13199.51,13303.32,12893.45,12903.37,12903.37,11404438.0,,adjusted
2021-09-17,12939.91,13050.88,12427.96,12719.03,12719.03,11163297.0,,adjusted
2021-09-22,12532.53,13018.89,12504.94,12944.18,12944.18,10270938.0,,adjusted
2021-09-23,12964.04,13317.7,12928.43,13277.2,13277.2,13521310.0,,adjusted
2021-09-24,13230.85,13313.86,13123.73,13214.05,13214.05,9850178.0,,adjusted
2021-09-27,13166.99,13252.91,12568.26,12770.15,12770.15,11445772.0,,adjusted
2021-09-28,12740.74,13004.29,12740.74,12913.54,12913.54,7321679.0,,adjusted
2021-09-29,12816.42,12862.79,12410.79,12410.88,12410.88,8414608.0,,adjusted
2021-09-30,12470.51,12673.39,12470.51,12543.94,12543.94,5627034.0,,adjusted
2021-10-08,12645.03,12659.91,12278.89,12340.37,12340.37,6491002.0,,adjusted
2021-10-11,12380.92,12873.84,12346.81,12628.5,12628.5,8556922.0,,adjusted
2021-10-12,12525.02,12525.02,12091.16,12197.74,12197.74,7488657.0,,adjusted
2021-10-13,12059.54,12282.81,11856.94,12238.66,12238.66,6482498.0,,adjusted
2021-10-14,12230.61,12577.38,12225.17,12473.17,12473.17,6304520.0,,adjusted
2021-10-15,12495.74,12618.09,12427.41,12553.77,12553.77,6049989.0,,adjusted
2021-10-18,12545.76,12779.12,12542.55,12731.96,12731.96,6816249.0,,adjusted
2021-10-19,12702.74,12752.71,12597.55,12747.6,12747.6,6281348.0,,adjusted
2021-10-20,12737.41,12975.69,12710.31,12896.43,12896.43,6636209.0,,adjusted
2021-10-21,12859.51,12878.68,12642.19,12734.63,12734.63,6720315.0,,adjusted
2021-10-22,12714.18,12817.33,12697.47,12751.44,12751.44,5788691.0,,adjusted
2021-10-25,12754.37,12987.75,12697.96,12973.12,12973.12,7407374.0,,adjusted
2021-10-26,12924.34,13015.7,12887.5,12946.23,12946.23,6691792.0,,adjusted
2021-10-27,13131.73,13238.83,12969.19,13042.21,13042.21,8137330.0,,adjusted
2021-10-28,12931.4,13064.8,12748.32,12782.77,12782.77,7991481.0,,adjusted
2021-10-29,12790.23,13223.65,12741.11,13219.3,13219.3,9139751.0,,adjusted
2021-11-01,13288.06,13529.74,13245.33,13451.87,13451.87,8967546.0,,adjusted
2021-11-02,13570.81,13882.37,13570.81,13777.07,13777.07,15564658.0,,adjusted
2021-11-03,13637.36,13721.93,13439.18,13641.03,13641.03,10428083.0,,adjusted
2021-11-04,13630.25,13826.84,13576.06,13811.58,13811.58,9495076.0,,adjusted
2021-11-05,13803.05,13880.48,13640.06,13649.32,13649.32,9186380.0,,adjusted
2021-11-08,13600.54,13725.33,13453.87,13725.3,13725.3,6960619.0,,adjusted
2021-11-09,13726.12,14340.11,13700.37,14229.64,14229.64,10726248.0,,adjusted
2021-11-10,14223.77,14434.06,14141.29,14211.17,14211.17,10051538.0,,adjusted
2021-11-11,14159.06,14291.95,14029.01,14226.12,14226.12,7884398.0,,adjusted
2021-11-12,14210.04,14787.78,14210.04,14749.35,14749.35,12509747.0,,adjusted
2021-11-15,14789.82,14966.31,14464.36,14529.66,14529.66,12652345.0,,adjusted
2021-11-16,14452.46,14673.0,13944.18,13944.46,13944.46,11937282.0,,adjusted
2021-11-17,13949.94,14244.48,13746.43,14224.33,14224.33,9715181.0,,adjusted
2021-11-18,14190.57,14733.87,14120.73,14613.88,14613.88,10261574.0,,adjusted
2021-11-19,14619.49,14730.75,14503.93,14609.96,14609.96,9166177.0,,adjusted
2021-11-22,14623.22,14788.93,14513.49,14752.75,14752.75,8597238.0,,adjusted
2021-11-23,14732.15,14834.39,14593.86,14678.32,14678.32,8964776.0,,adjusted
2021-11-24,14674.33,14798.11,14397.65,14408.6,14408.6,8564246.0,,adjusted
2021-11-25,14363.4,14561.93,14278.46,14331.09,14331.09,8079739.0,,adjusted
2021-11-26,14317.16,14520.64,14299.69,14324.67,14324.67,7477386.0,,adjusted
2021-11-29,14189.06,14738.42,14158.54,14670.13,14670.13,9035360.0,,adjusted
2021-11-30,14729.97,15154.13,14703.87,14996.01,14996.01,13118124.0,,adjusted
2021-12-01,14938.01,14976.49,14687.92,14748.38,14748.38,8932874.0,,adjusted
2021-12-02,14732.61,14745.17,14528.02,14613.36,14613.36,8598043.0,,adjusted
2021-12-03,14637.34,14979.55,14637.34,14968.83,14968.83,11575273.0,,adjusted
2021-12-06,14947.62,15115.31,14797.37,14921.39,14921.39,10942759.0,,adjusted
2021-12-07,14923.61,14973.44,14275.57,14391.58,14391.58,11102991.0,,adjusted
2021-12-08,14442.91,14733.96,14442.51,14723.09,14723.09,10993640.0,,adjusted
2021-12-09,14694.24,14775.69,14470.01,14610.15,14610.15,10942598.0,,adjusted
2021-12-10,14560.27,14575.87,14394.26,14512.94,14512.94,9806270.0,,adjusted
2021-12-13,14523.25,14566.76,14261.78,14503.78,14503.78,10599639.0,,adjusted
2021-12-14,14467.84,14761.33,14399.04,14637.82,14637.82,9123946.0,,adjusted
2021-12-15,14627.48,14702.56,14520.97,14551.77,14551.77,8079053.0,,adjusted
2021-12-16,14549.09,14696.2,14523.88,14596.04,14596.04,8983916.0,,adjusted
2021-12-17,14589.6,14589.6,14316.96,14316.96,14316.96,9952775.0,,adjusted
2021-12-20,14222.29,14423.45,13999.93,14009.43,14009.43,9137073.0,,adjusted
2021-12-21,14023.12,14149.65,13887.17,14054.53,14054.53,6983674.0,,adjusted
2021-12-22,14059.69,14161.32,13900.64,14051.05,14051.05,6952235.0,,adjusted
2021-12-23,14046.17,14281.62,13972.7,14169.4,14169.4,7285992.0,,adjusted
2021-12-24,14141.8,14226.8,14078.02,14155.08,14155.08,7653611.0,,adjusted
2021-12-27,14120.68,14237.86,14073.9,14108.42,14108.42,6900931.0,,adjusted
2021-12-28,14111.63,14205.0,13968.22,14203.89,14203.89,6877061.0,,adjusted
2021-12-29,14211.14,14462.0,14211.14,14424.77,14424.77,11185823.0,,adjusted
2021-12-30,14405.16,14924.11,14394.29,14877.0,14877.0,12142368.0,,adjusted
2021-12-31,14888.27,14977.07,14797.86,14896.89,14896.89,9857953.0,,adjusted
2022-01-04,14894.07,14972.07,14631.92,14732.88,14732.88,10205898.0,,adjusted
2022-01-05,14690.36,14750.57,13958.84,13979.6,13979.6,11728915.0,,adjusted
2022-01-06,13902.36,13983.25,13664.19,13805.97,13805.97,9017952.0,,adjusted
2022-01-07,13834.46,13928.36,13605.02,13614.24,13614.24,8502496.0,,adjusted
2022-01-10,13532.83,13651.95,13317.84,13500.72,13500.72,7639643.0,,adjusted
2022-01-11,13501.45,13527.02,13107.03,13142.41,13142.41,8400340.0,,adjusted
2022-01-12,13173.91,13468.38,13173.91,13459.64,13459.64,7206025.0,,adjusted
2022-01-13,13482.93,13482.93,13124.23,13182.13,13182.13,7490930.0,,adjusted
2022-01-14,13133.14,13392.95,13121.18,13241.65,13241.65,6890434.0,,adjusted
2022-01-17,13231.33,13508.72,13231.31,13474.25,13474.25,7061841.0,,adjusted
2022-01-18,13481.91,13643.55,13398.51,13507.44,13507.44,7749033.0,,adjusted
2022-01-19,13479.47,13539.71,13128.5,13219.4,13219.4,7700355.0,,adjusted
2022-01-20,13257.07,13259.21,12868.34,12902.49,12902.49,9025320.0,,adjusted
2022-01-21,12723.05,12724.68,12491.83,12564.34,12564.34,9936393.0,,adjusted
2022-01-24,12520.27,12785.8,12495.32,12716.66,12716.66,7388662.0,,adjusted
2022-01-25,12757.44,12968.59,12505.73,12505.98,12505.98,8353687.0,,adjusted
2022-01-26,12524.37,12639.67,12331.66,12489.0,12489.0,6427605.0,,adjusted
2022-01-27,12487.91,12604.64,12181.92,12185.17,12185.17,6661893.0,,adjusted
2022-01-28,12288.66,12421.81,12022.17,12214.79,12214.79,6563294.0,,adjusted
2022-02-07,12387.37,12427.79,12122.5,12157.25,12157.25,6197259.0,,adjusted
2022-02-08,12171.83,12171.83,11789.26,12058.28,12058.28,6532530.0,,adjusted
2022-02-09,12047.35,12345.6,11991.15,12335.2,12335.2,6916652.0,,adjusted
2022-02-10,12339.92,12384.93,12181.63,12233.85,12233.85,5278660.0,,adjusted
2022-02-11,12175.25,12192.87,11968.42,11993.99,11993.99,5477735.0,,adjusted
2022-02-14,11969.78,12239.52,11957.85,12035.27,12035.27,6761877.0,,adjusted
2022-02-15,12029.62,12318.81,12029.62,12314.03,12314.03,6296213.0,,adjusted
2022-02-16,12269.75,12273.41,12125.26,12171.79,12171.79,5268726.0,,adjusted
2022-02-17,12140.06,12299.07,12055.45,12253.62,12253.62,6698753.0,,adjusted
2022-02-18,12178.86,12217.43,12101.26,12216.9,12216.9,5123588.0,,adjusted
2022-02-21,12217.97,12342.54,12185.64,12239.62,12239.62,5561221.0,,adjusted
2022-02-22,12309.29,12328.83,12043.71,12142.13,12142.13,7456871.0,,adjusted
2022-02-23,12091.4,12626.49,12089.46,12596.34,12596.34,8947012.0,,adjusted
2022-02-24,12566.22,13000.19,12487.49,12724.35,12724.35,16444723.0,,adjusted
2022-02-25,12618.09,12800.39,12593.56,12689.07,12689.07,9297856.0,,adjusted
2022-02-28,12795.22,12981.53,12765.01,12874.11,12874.11,8370386.0,,adjusted
2022-03-01,12892.01,13082.1,12826.08,13054.25,13054.25,9110121.0,,adjusted
2022-03-02,13038.94,13038.94,12860.8,12940.5,12940.5,6945334.0,,adjusted
2022-03-03,12954.48,12956.16,12616.79,12635.81,12635.81,7692291.0,,adjusted
2022-03-04,12575.78,12749.04,12394.55,12458.51,12458.51,8382570.0,,adjusted
2022-03-07,12482.81,12524.96,12198.95,12250.7,12250.7,7431610.0,,adjusted
2022-03-08,12233.05,12328.96,11784.62,11801.59,11801.59,8965978.0,,adjusted
2022-03-09,11822.79,11864.58,11028.37,11561.68,11561.68,10782012.0,,adjusted
2022-03-10,11804.0,11975.93,11777.6,11797.64,11797.64,8000635.0,,adjusted
2022-03-11,11665.1,11850.93,11452.07,11848.19,11848.19,6601277.0,,adjusted
2022-03-14,11733.44,12095.63,11695.19,11776.6,11776.6,7393197.0,,adjusted
2022-03-15,11711.38,11844.97,11312.09,11312.09,11312.09,8273863.0,,adjusted
2022-03-16,11479.7,11708.38,11039.84,11686.35,11686.35,8942833.0,,adjusted
2022-03-17,11789.67,11998.35,11769.07,11804.62,11804.62,8261194.0,,adjusted
2022-03-18,11747.15,11747.15,11416.94,11645.63,11645.63,6071993.0,,adjusted
2022-03-21,11660.37,11920.16,11603.42,11808.48,11808.48,7007506.0,,adjusted
2022-03-22,11839.78,11883.34,11620.08,11675.31,11675.31,7081324.0,,adjusted
2022-03-23,11665.77,12059.51,11604.68,11921.41,11921.41,8692242.0,,adjusted
2022-03-24,11843.12,11846.42,11729.33,11776.54,11776.54,6627688.0,,adjusted
2022-03-25,11779.04,11962.55,11668.41,11668.41,11668.41,7030396.0,,adjusted
2022-03-28,11552.91,11570.98,11376.45,11433.67,11433.67,6126557.0,,adjusted
2022-03-29,11525.3,11828.52,11525.3,11573.49,11573.49,7187875.0,,adjusted
2022-03-30,11622.58,11780.15,11555.14,11755.39,11755.39,6019715.0,,adjusted
2022-03-31,11720.7,11720.7,11450.09,11516.9,11516.9,6171919.0,,adjusted
2022-04-01,11461.17,11639.73,11443.01,11518.09,11518.09,5691765.0,,adjusted
2022-04-06,11487.13,11487.13,11213.77,11284.3,11284.3,5993829.0,,adjusted
2022-04-07,11254.59,11440.72,11093.5,11111.17,11111.17,6192957.0,,adjusted
2022-04-08,11116.88,11132.55,10884.3,11003.56,11003.56,6214121.0,,adjusted
2022-04-11,10965.9,10965.9,10424.29,10457.36,10457.36,6937166.0,,adjusted
2022-04-12,10460.39,10612.69,10336.14,10612.17,10612.17,6836872.0,,adjusted
2022-04-13,10541.67,10541.67,10328.26,10329.63,10329.63,5084921.0,,adjusted
2022-04-14,10390.27,10406.69,10249.98,10356.75,10356.75,4913450.0,,adjusted
2022-04-15,10305.55,10402.83,10161.27,10356.25,10356.25,6517353.0,,adjusted
2022-04-18,10300.41,10676.91,10260.45,10668.44,10668.44,6847588.0,,adjusted
2022-04-19,10653.83,10728.3,10596.15,10632.2,10632.2,5541386.0,,adjusted
2022-04-20,10645.91,10660.93,10424.27,10458.04,10458.04,5001845.0,,adjusted
2022-04-21,10419.23,10557.51,10108.18,10128.63,10128.63,5971739.0,,adjusted
2022-04-22,10075.13,10096.46,9873.03,9995.66,9995.66,5874027.0,,adjusted
2022-04-25,9851.51,9851.51,9228.8,9228.98,9228.98,8017705.0,,adjusted
2022-04-26,9198.95,9269.05,8825.34,8840.23,8840.23,8912569.0,,adjusted
2022-04-27,8727.92,9448.66,8713.62,9428.49,9428.49,9263172.0,,adjusted
2022-04-28,9353.94,9628.23,9281.73,9494.37,9494.37,7387351.0,,adjusted
2022-04-29,9563.21,10062.16,9523.39,10051.59,10051.59,8796401.0,,adjusted
2022-05-05,10059.4,10592.96,10033.08,10401.9,10401.9,9416181.0,,adjusted
2022-05-06,10165.68,10436.47,10132.41,10297.92,10297.92,6519711.0,,adjusted
2022-05-09,10263.92,10594.93,10249.24,10561.84,10561.84,6726367.0,,adjusted
2022-05-10,10410.6,10730.48,10401.94,10597.71,10597.71,6951584.0,,adjusted
2022-05-11,10655.42,10819.75,10549.06,10553.98,10553.98,8062403.0,,adjusted
2022-05-12,10490.24,10687.0,10478.81,10631.08,10631.08,5670009.0,,adjusted
2022-05-13,10670.83,10705.36,10557.01,10640.03,10640.03,5000580.0,,adjusted
2022-05-16,10744.55,10880.02,10601.11,10634.23,10634.23,5708182.0,,adjusted
2022-05-17,10626.02,10775.68,10512.44,10755.75,10755.75,5008653.0,,adjusted
2022-05-18,10764.12,10895.5,10676.9,10804.37,10804.37,5836212.0,,adjusted
2022-05-19,10652.53,10852.65,10599.19,10852.65,10852.65,5712521.0,,adjusted
2022-05-20,10881.18,10951.36,10688.26,10824.05,10824.05,6072868.0,,adjusted
2022-05-23,10793.98,10823.97,10626.26,10808.8,10808.8,6229377.0,,adjusted
2022-05-24,10803.83,11026.09,10424.08,10424.29,10424.29,9227137.0,,adjusted
2022-05-25,10396.97,10555.61,10367.03,10549.73,10549.73,6079368.0,,adjusted
2022-05-26,10541.1,11010.5,10526.74,10868.07,10868.07,12917758.0,,adjusted
2022-05-27,10953.65,11036.62,10772.64,10856.12,10856.12,8673094.0,,adjusted
2022-05-30,10895.01,10981.96,10775.39,10978.95,10978.95,9150456.0,,adjusted
2022-05-31,10940.5,11036.73,10798.67,11020.18,11020.18,8506160.0,,adjusted
2022-06-01,10984.39,11148.85,10968.99,11106.15,11106.15,9185764.0,,adjusted
2022-06-02,11058.47,11340.44,11051.23,11327.48,11327.48,7897731.0,,adjusted
2022-06-06,11327.68,11540.19,11258.79,11514.32,11514.32,9173812.0,,adjusted
2022-06-07,11495.6,11573.4,11352.78,11473.86,11473.86,8326551.0,,adjusted
2022-06-08,11449.41,11513.99,11165.01,11346.4,11346.4,8515444.0,,adjusted
2022-06-09,11335.55,11335.55,11003.89,11060.61,11060.61,7203669.0,,adjusted
2022-06-10,11031.13,11491.41,11021.99,11481.87,11481.87,9036343.0,,adjusted
2022-06-13,11498.17,11606.31,11357.99,11541.12,11541.12,12470250.0,,adjusted
2022-06-14,11395.81,11400.51,11044.17,11327.0,11327.0,13441595.0,,adjusted
2022-06-15,11346.33,11550.58,11344.7,11363.65,11363.65,14279642.0,,adjusted
2022-06-16,11361.86,11548.92,11347.83,11407.97,11407.97,9828437.0,,adjusted
2022-06-17,11348.75,11469.09,11226.09,11453.16,11453.16,10474486.0,,adjusted
2022-06-20,11470.74,11625.83,11451.6,11589.36,11589.36,11038425.0,,adjusted
2022-06-21,11590.75,11590.75,11258.18,11353.46,11353.46,9305610.0,,adjusted
2022-06-22,11366.53,11416.75,11137.82,11147.41,11147.41,8541591.0,,adjusted
2022-06-23,11150.55,11724.07,11136.16,11723.91,11723.91,12953710.0,,adjusted
2022-06-24,11818.7,12169.58,11818.7,12036.39,12036.39,14557423.0,,adjusted
2022-06-27,12111.1,12115.11,11936.44,12044.39,12044.39,10494679.0,,adjusted
2022-06-28,12041.73,12303.35,12032.44,12285.38,12285.38,11964927.0,,adjusted
2022-06-29,12233.78,12278.44,11927.14,11942.16,11942.16,10682962.0,,adjusted
2022-06-30,11947.19,12087.77,11907.85,12010.17,12010.17,8630102.0,,adjusted
2022-07-01,12025.91,12192.9,11920.46,11970.87,11970.87,8854721.0,,adjusted
2022-07-04,12028.19,12372.32,11848.57,12366.51,12366.51,11521952.0,,adjusted
2022-07-05,12351.6,12354.76,12075.88,12279.84,12279.84,9655228.0,,adjusted
2022-07-06,12231.2,12364.11,12010.29,12149.76,12149.76,9120507.0,,adjusted
2022-07-07,12154.57,12451.64,12146.53,12385.1,12385.1,10581607.0,,adjusted
2022-07-08,12374.94,12383.59,12189.33,12211.21,12211.21,8676183.0,,adjusted
2022-07-11,12186.98,12186.98,11931.93,12106.13,12106.13,8340301.0,,adjusted
2022-07-12,12093.79,12302.91,11900.89,11911.01,11911.01,8241538.0,,adjusted
2022-07-13,11907.58,11947.63,11730.02,11835.18,11835.18,7297934.0,,adjusted
2022-07-14,11825.23,12193.64,11815.94,12109.1,12109.1,10002604.0,,adjusted
2022-07-15,12077.69,12218.98,11931.56,11933.92,11933.92,9231708.0,,adjusted
2022-07-18,11940.53,11964.41,11718.75,11948.36,11948.36,7619385.0,,adjusted
2022-07-19,11930.78,12116.24,11873.92,12009.62,12009.62,9145975.0,,adjusted
2022-07-20,12042.2,12489.67,12037.29,12487.58,12487.58,16193365.0,,adjusted
2022-07-21,12463.79,12463.79,12249.48,12294.43,12294.43,12013863.0,,adjusted
2022-07-22,12289.23,12429.45,12135.73,12282.76,12282.76,9121568.0,,adjusted
2022-07-25,12362.29,12472.86,12067.11,12115.42,12115.42,8714038.0,,adjusted
2022-07-26,12106.6,12238.76,12014.56,12188.54,12188.54,7038920.0,,adjusted
2022-07-27,12185.54,12420.27,12166.62,12308.07,12308.07,9084213.0,,adjusted
2022-07-28,12332.36,12472.37,12264.89,12463.36,12463.36,10092394.0,,adjusted
2022-07-29,12441.25,12441.25,12136.42,12209.39,12209.39,9227155.0,,adjusted
2022-08-01,12252.09,12329.84,12152.89,12227.89,12227.89,9340921.0,,adjusted
2022-08-02,12356.49,12444.48,11993.42,12073.99,12073.99,19050376.0,,adjusted
2022-08-03,12012.46,12687.97,11969.92,12506.04,12506.04,25993001.0,,adjusted
2022-08-04,12520.25,12523.79,12231.93,12306.23,12306.23,16529163.0,,adjusted
2022-08-05,12276.08,12392.83,12148.13,12369.18,12369.18,14139900.0,,adjusted
2022-08-08,12349.48,12659.28,12313.5,12647.93,12647.93,12915943.0,,adjusted
2022-08-09,12622.19,12892.65,12502.97,12843.03,12843.03,13491306.0,,adjusted
2022-08-10,12786.82,13006.83,12770.43,12866.98,12866.98,13477801.0,,adjusted
2022-08-11,12875.74,12906.12,12741.3,12897.48,12897.48,13826998.0,,adjusted
2022-08-12,12852.91,12852.91,12607.68,12612.21,12612.21,12313670.0,,adjusted
2022-08-15,12569.31,12655.28,12550.21,12623.61,12623.61,9077585.0,,adjusted
2022-08-16,12601.46,12792.63,12576.19,12655.28,12655.28,9348208.0,,adjusted
2022-08-17,12629.27,12662.93,12469.46,12605.79,12605.79,9969311.0,,adjusted
2022-08-18,12596.92,12712.11,12565.23,12696.56,12696.56,9721400.0,,adjusted
2022-08-19,12698.76,12804.28,12428.44,12438.63,12438.63,10965279.0,,adjusted
2022-08-22,12396.33,12628.74,12342.91,12616.24,12616.24,10672067.0,,adjusted
2022-08-23,12581.18,12623.52,12465.18,12525.36,12525.36,8961921.0,,adjusted
2022-08-24,12536.12,12540.73,12018.83,12039.61,12039.61,11869549.0,,adjusted
2022-08-25,12047.37,12193.07,11931.47,12053.9,12053.9,9512028.0,,adjusted
2022-08-26,12072.03,12103.57,11798.82,11831.04,11831.04,8593913.0,,adjusted
2022-08-29,11697.18,12103.26,11651.13,12075.9,12075.9,8933540.0,,adjusted
2022-08-30,12068.9,12111.68,11948.89,11981.89,11981.89,8104055.0,,adjusted
2022-08-31,11960.76,12043.41,11596.1,11653.42,11653.42,8744094.0,,adjusted
2022-09-01,11650.94,11782.47,11590.94,11623.62,11623.62,6862375.0,,adjusted
2022-09-02,11624.2,11884.36,11594.9,11796.35,11796.35,9616893.0,,adjusted
2022-09-05,11785.04,11944.43,11722.53,11829.98,11829.98,9029586.0,,adjusted
2022-09-06,11869.77,12166.04,11834.36,12151.38,12151.38,10995027.0,,adjusted
2022-09-07,12096.09,12264.02,12074.45,12239.43,12239.43,8734994.0,,adjusted
2022-09-08,12231.95,12455.87,12209.59,12389.76,12389.76,9674656.0,,adjusted
2022-09-09,12385.45,12486.95,12223.53,12311.38,12311.38,8909102.0,,adjusted
2022-09-13,12329.69,12428.86,12259.75,12410.6,12410.6,9505220.0,,adjusted
2022-09-14,12267.92,12598.98,12248.54,12535.47,12535.47,10082161.0,,adjusted
2022-09-15,12557.74,12557.74,12007.92,12149.1,12149.1,11473708.0,,adjusted
2022-09-16,12122.7,12455.85,12117.88,12140.41,12140.41,10534373.0,,adjusted
2022-09-19,12119.18,12207.43,11837.04,11917.51,11917.51,9015193.0,,adjusted
2022-09-20,11992.44,12105.07,11881.97,11926.63,11926.63,7013792.0,,adjusted
2022-09-21,11901.04,11919.65,11670.06,11859.97,11859.97,7529532.0,,adjusted
2022-09-22,11809.17,12213.9,11790.36,12127.21,12127.21,9617459.0,,adjusted
2022-09-23,12107.91,12435.14,11971.2,12050.81,12050.81,8796919.0,,adjusted
2022-09-26,11938.0,11965.0,11643.08,11668.17,11668.17,8352242.0,,adjusted
2022-09-27,11685.02,11842.71,11685.02,11826.62,11826.62,7010462.0,,adjusted
2022-09-28,11805.4,11947.39,11384.44,11387.0,11387.0,7676321.0,,adjusted
2022-09-29,11484.58,11626.51,11363.26,11425.2,11425.2,6607207.0,,adjusted
2022-09-30,11419.56,11419.77,11082.3,11098.14,11098.14,6582120.0,,adjusted
2022-10-10,11118.93,11189.92,10871.12,10913.94,10913.94,6735190.0,,adjusted
2022-10-11,10907.97,11013.24,10828.71,10960.95,10960.95,5613363.0,,adjusted
2022-10-12,10943.43,11188.98,10697.7,11186.5,11186.5,7976496.0,,adjusted
2022-10-13,11127.68,11398.64,11106.91,11285.55,11285.55,8197552.0,,adjusted
2022-10-14,11343.77,11562.64,11257.67,11537.66,11537.66,8376090.0,,adjusted
2022-10-17,11518.91,11893.94,11501.19,11845.94,11845.94,9670991.0,,adjusted
2022-10-18,11844.17,11903.89,11712.98,11838.97,11838.97,9294207.0,,adjusted
2022-10-19,11803.27,11917.73,11701.77,11782.67,11782.67,7688686.0,,adjusted
2022-10-20,11724.26,11939.07,11578.51,11812.45,11812.45,8838370.0,,adjusted
2022-10-21,11796.41,11901.02,11661.07,11802.7,11802.7,7995538.0,,adjusted
2022-10-24,11909.07,12398.5,11909.07,12225.81,12225.81,14767737.0,,adjusted
2022-10-25,12182.93,12330.96,12052.6,12235.64,12235.64,12089355.0,,adjusted
2022-10-26,12222.99,12469.01,12047.16,12400.0,12400.0,12180105.0,,adjusted
2022-10-27,12385.93,12454.48,12243.63,12317.72,12317.72,10856509.0,,adjusted
2022-10-28,12239.0,12391.78,12043.94,12089.34,12089.34,10170078.0,,adjusted
2022-10-31,12005.47,12515.06,11872.7,12421.48,12421.48,13105949.0,,adjusted
2022-11-01,12417.41,12474.55,12141.85,12328.13,12328.13,11283234.0,,adjusted
2022-11-02,12267.72,12369.12,12175.61,12241.68,12241.68,11406241.0,,adjusted
2022-11-03,12142.04,12404.49,12126.4,12349.51,12349.51,9743530.0,,adjusted
2022-11-04,12331.33,12387.33,12258.59,12386.95,12386.95,10622381.0,,adjusted
2022-11-07,12401.76,12452.57,12083.87,12153.83,12153.83,10986356.0,,adjusted
2022-11-08,12154.03,12225.14,12067.06,12190.22,12190.22,10072522.0,,adjusted
2022-11-09,12276.45,12314.69,12087.66,12088.18,12088.18,9226154.0,,adjusted
2022-11-10,11987.12,12030.5,11787.31,11842.13,11842.13,8376955.0,,adjusted
2022-11-11,12034.01,12080.3,11807.23,11947.0,11947.0,11157779.0,,adjusted
2022-11-14,11885.28,11976.37,11751.55,11816.12,11816.12,9130669.0,,adjusted
2022-11-15,11770.49,12012.76,11742.72,11979.08,11979.08,8958049.0,,adjusted
2022-11-16,11976.57,12202.25,11952.67,12024.2,12024.2,10952139.0,,adjusted
2022-11-17,11959.63,12092.97,11756.2,12091.32,12091.32,10005183.0,,adjusted
2022-11-18,12080.56,12115.84,11903.86,11915.34,11915.34,11141106.0,,adjusted
2022-11-21,11852.9,12056.7,11801.13,12030.78,12030.78,9079951.0,,adjusted
2022-11-22,11998.56,12201.78,11928.26,12022.03,12022.03,12035924.0,,adjusted
2022-11-23,12000.08,12028.47,11848.3,11983.33,11983.33,10497489.0,,adjusted
2022-11-24,11964.01,12042.77,11835.68,11855.07,11855.07,8090927.0,,adjusted
2022-11-25,11835.41,11835.52,11673.44,11682.64,11682.64,7025677.0,,adjusted
2022-11-28,11527.94,11680.22,11464.03,11660.31,11660.31,7954110.0,,adjusted
2022-11-29,11688.83,11753.32,11592.94,11653.93,11653.93,7825813.0,,adjusted
2022-11-30,11683.09,11708.0,11564.32,11666.37,11666.37,8696305.0,,adjusted
2022-12-01,11677.58,11813.73,11662.2,11780.61,11780.61,9097629.0,,adjusted
2022-12-02,11750.78,11855.53,11634.93,11641.51,11641.51,7925705.0,,adjusted
2022-12-05,11664.74,11711.29,11596.8,11685.35,11685.35,11413750.0,,adjusted
2022-12-06,11658.79,11737.22,11555.87,11727.46,11727.46,9538377.0,,adjusted
2022-12-07,11687.33,11738.13,11608.2,11654.51,11654.51,8484933.0,,adjusted
2022-12-08,11635.32,11635.32,11468.14,11489.48,11489.48,7383685.0,,adjusted
2022-12-09,11491.02,11522.3,11332.24,11436.9,11436.9,8908123.0,,adjusted
2022-12-12,11424.77,11584.28,11329.47,11547.77,11547.77,8269669.0,,adjusted
2022-12-13,11542.54,11553.01,11335.21,11342.87,11342.87,7238786.0,,adjusted
2022-12-14,11350.63,11466.59,11283.65,11305.27,11305.27,6638573.0,,adjusted
2022-12-15,11300.84,11379.09,11240.43,11327.13,11327.13,5148210.0,,adjusted
2022-12-16,11266.35,11280.21,11103.64,11169.94,11169.94,5955111.0,,adjusted
2022-12-19,11143.2,11207.99,11019.64,11054.43,11054.43,5156324.0,,adjusted
2022-12-20,11058.17,11173.46,10984.5,11038.5,11038.5,5283171.0,,adjusted
2022-12-21,11022.61,11057.18,10835.07,10867.32,10867.32,4620638.0,,adjusted
2022-12-22,10899.23,10913.45,10708.95,10750.37,10750.37,5572157.0,,adjusted
2022-12-23,10684.16,10746.35,10597.24,10645.15,10645.15,4106246.0,,adjusted
2022-12-26,10677.92,10971.95,10677.92,10968.98,10968.98,5416988.0,,adjusted
2022-12-27,10990.91,11054.13,10938.58,11032.79,11032.79,4623369.0,,adjusted
2022-12-28,11025.84,11084.39,10865.32,10899.73,10899.73,5640628.0,,adjusted
2022-12-29,10879.9,11148.23,10867.97,11072.07,11072.07,6405500.0,,adjusted
2022-12-30,11076.32,11149.08,11027.56,11062.02,11062.02,4694873.0,,adjusted
2019-01-02,6375.54,6439.16,6323.06,6404.64,,3452995.0,,raw
2019-01-03,6392.65,6680.44,6389.31,6535.18,,5664430.0,,raw
2019-01-04,6473.82,6686.89,6462.7,6683.22,,5792744.0,,raw
2019-01-07,6738.41,6956.66,6732.05,6921.22,,7829011.0,,raw
2019-01-08,6894.32,6897.37,6799.98,6825.04,,5281533.0,,raw
2019-01-09,6831.31,6874.64,6770.44,6771.9,,4582452.0,,raw
2019-01-10,6770.06,6818.94,6750.32,6767.94,,3411428.0,,raw
2019-01-11,6784.95,6891.08,6784.35,6883.11,,3813060.0,,raw
2019-01-14,6878.27,6894.54,6790.63,6812.77,,2911674.0,,raw
2019-01-15,6807.92,6878.37,6790.52,6876.58,,2885858.0,,raw
2019-01-16,6873.12,6895.75,6806.35,6809.41,,3008569.0,,raw
2019-01-17,6818.04,6824.13,6724.33,6734.33,,2482538.0,,raw
2019-01-18,6741.62,6791.91,6712.38,6788.71,,2367088.0,,raw
2019-01-21,6798.57,6857.85,6762.23,6834.96,,2453350.0,,raw
2019-01-22,6820.57,6820.57,6687.4,6724.37,,2582911.0,,raw
2019-01-23,6714.44,6744.17,6692.08,6734.94,,1767620.0,,raw
2019-01-24,6744.51,6848.54,6697.11,6813.82,,3074388.0,,raw
2019-01-25,6814.5,6826.37,6757.9,6757.9,,2652521.0,,raw
2019-01-28,6802.48,6839.39,6718.99,6733.41,,2733481.0,,raw
2019-01-29,6728.99,6728.99,6547.5,6620.18,,2930373.0,,raw
2019-01-30,6613.78,6721.28,6597.88,6642.77,,2467569.0,,raw
2019-01-31,6657.21,6657.9,6534.41,6564.84,,2701010.0,,raw
2019-02-01,6593.78,6717.64,6587.02,6716.83,,2369577.0,,raw
2019-02-11,6744.29,6878.87,6744.29,6878.3,,2952740.0,,raw
2019-02-12,6871.29,6944.05,6863.52,6927.81,,3158614.0,,raw
2019-02-13,6933.0,7085.82,6908.13,7061.42,,5063838.0,,raw
2019-02-14,7059.98,7122.43,7050.34,7087.25,,3820316.0,,raw
2019-02-15,7083.55,7114.62,7007.94,7020.45,,3187657.0,,raw
2019-02-18,7063.74,7295.3,7063.74,7295.3,,5393227.0,,raw
2019-02-19,7325.5,7383.12,7192.3,7383.03,,6317654.0,,raw
2019-02-20,7348.06,7429.3,7251.41,7365.38,,6414580.0,,raw
2019-02-21,7396.0,7500.67,7254.55,7286.44,,7736739.0,,raw
2019-02-22,7251.29,7432.35,7247.27,7431.54,,5735017.0,,raw
2019-02-25,7504.62,7914.33,7504.62,7886.5,,11180882.0,,raw
2019-02-26,7869.28,7933.48,7758.74,7781.44,,9506469.0,,raw
2019-02-27,7777.32,8093.4,7774.46,7870.44,,10047266.0,,raw
2019-02-28,7963.31,8006.86,7777.22,7852.8,,6454693.0,,raw
2019-03-01,7894.39,7907.18,7738.58,7888.22,,6556408.0,,raw
2019-03-04,7935.51,8103.62,7899.95,8007.44,,10412098.0,,raw
2019-03-05,7979.47,8197.57,7941.12,8195.12,,10207485.0,,raw
2019-03-06,8224.55,8263.86,8062.16,8215.08,,9791268.0,,raw
2019-03-07,8176.54,8265.42,8110.54,8183.92,,9328782.0,,raw
2019-03-08,8036.08,8298.87,7939.17,7959.05,,11144775.0,,raw
2019-03-11,8023.76,8233.23,7993.0,8233.07,,8670509.0,,raw
2019-03-12,8307.05,8557.48,8239.2,8522.57,,12662377.0,,raw
2019-03-13,8579.33,8726.71,8258.45,8328.29,,11852238.0,,raw
2019-03-14,8287.44,8322.14,7976.8,8118.34,,8599977.0,,raw
2019-03-15,8163.54,8196.93,8034.78,8089.51,,6244937.0,,raw
2019-03-18,8116.11,8239.21,8046.45,8238.9,,6736489.0,,raw
2019-03-19,8253.77,8428.03,8240.05,8357.63,,8168138.0,,raw
2019-03-20,8355.6,8355.6,8112.79,8250.07,,6457873.0,,raw
2019-03-21,8253.0,8353.84,8228.78,8304.89,,6481892.0,,raw
2019-03-22,8305.93,8344.29,8200.64,8333.8,,6575951.0,,raw
2019-03-25,8282.42,8890.8,8268.52,8691.15,,18257371.0,,raw
2019-03-26,8714.86,8717.38,8256.92,8262.43,,13210855.0,,raw
2019-03-27,8310.9,8336.33,8057.12,8186.68,,7328374.0,,raw
2019-03-28,8187.9,8353.28,8108.12,8119.88,,6988478.0,,raw
2019-03-29,8229.28,8452.15,8206.73,8451.65,,10497817.0,,raw
2019-04-01,8573.54,8868.82,8573.54,8850.67,,13195995.0,,raw
2019-04-02,8971.22,9131.97,8850.55,8899.17,,16778021.0,,raw
2019-04-03,8841.59,8988.87,8778.76,8958.63,,11250071.0,,raw
2019-04-04,8967.15,9044.7,8858.7,8977.27,,11731686.0,,raw
2019-04-08,9122.97,9153.57,8758.1,8839.72,,11155250.0,,raw
2019-04-09,8846.29,8860.56,8741.44,8820.53,,7366424.0,,raw
2019-04-10,8790.72,8816.33,8700.57,8751.81,,7207130.0,,raw
2019-04-11,8749.01,8795.92,8581.66,8582.34,,6883315.0,,raw
2019-04-12,8573.25,8586.17,8465.66,8544.66,,5439019.0,,raw
2019-04-15,8658.12,8749.19,8513.36,8517.37,,6278043.0,,raw
2019-04-16,8479.42,8651.19,8367.97,8651.19,,6242798.0,,raw
2019-04-17,8649.4,8727.74,8599.51,8677.62,,5862283.0,,raw
2019-04-18,8671.74,8819.21,8635.9,8734.98,,8282715.0,,raw
2019-04-19,8704.19,8726.26,8578.81,8713.94,,6312372.0,,raw
2019-04-22,8744.19,8761.21,8597.11,8621.11,,6079730.0,,raw
2019-04-23,8610.49,8611.14,8290.95,8314.62,,6837556.0,,raw
2019-04-24,8329.14,8399.76,8228.43,8390.15,,4631762.0,,raw
2019-04-25,8369.99,8370.37,8050.99,8051.44,,5598265.0,,raw
2019-04-26,8024.85,8121.94,8007.95,8010.76,,4528910.0,,raw
2019-04-29,8025.73,8055.77,7776.39,7784.33,,5131669.0,,raw
2019-04-30,7800.35,7939.96,7772.99,7852.32,,3954900.0,,raw
2019-05-06,7651.75,7651.75,7219.07,7278.3,,7042951.0,,raw
2019-05-07,7304.17,7377.04,7224.31,7343.42,,4751373.0,,raw
2019-05-08,7180.43,7444.64,7152.46,7371.27,,4736372.0,,raw
2019-05-09,7326.14,7483.43,7319.57,7391.05,,4387631.0,,raw
2019-05-10,7450.41,7733.64,7333.76,7718.33,,7034382.0,,raw
2019-05-13,7657.36,7732.13,7602.5,7642.6,,3790484.0,,raw
2019-05-14,7554.28,7732.9,7552.79,7617.35,,5448427.0,,raw
2019-05-15,7654.25,7705.88,7619.52,7692.29,,4538362.0,,raw
2019-05-16,7677.95,7812.84,7647.46,7762.02,,5258894.0,,raw
2019-05-17,7765.45,7796.41,7488.71,7514.11,,5441485.0,,raw
2019-05-20,7521.77,7677.8,7521.77,7677.8,,4945959.0,,raw
2019-05-21,7665.64,7772.86,7585.24,7759.7,,5059679.0,,raw
2019-05-22,7756.89,7787.92,7668.95,7738.09,,4363101.0,,raw
2019-05-23,7744.26,7809.55,7609.11,7624.35,,5063179.0,,raw
2019-05-24,7555.36,7609.22,7423.3,7427.93,,4080756.0,,raw
2019-05-27,7447.5,7710.26,7413.3,7700.67,,4494300.0,,raw
2019-05-28,7705.05,7769.67,7648.47,7715.16,,4661729.0,,raw
2019-05-29,7676.36,7768.81,7658.16,7720.08,,4361471.0,,raw
2019-05-30,7680.69,7684.86,7565.32,7647.89,,3912469.0,,raw
2019-05-31,7652.28,7704.96,7620.24,7657.42,,3978927.0,,raw
2019-06-03,7706.3,7736.16,7513.62,7547.58,,4420301.0,,raw
2019-06-04,7533.75,7535.64,7368.5,7410.11,,4070315.0,,raw
2019-06-05,7470.58,7489.86,7358.06,7365.34,,3227885.0,,raw
2019-06-06,7371.67,7373.69,7203.99,7222.73,,3280080.0,,raw
2019-06-10,7235.22,7315.26,7224.32,7273.77,,2933938.0,,raw
2019-06-11,7280.0,7499.31,7214.25,7497.66,,4830746.0,,raw
2019-06-12,7475.35,7506.08,7408.07,7424.08,,4339314.0,,raw
2019-06-13,7408.53,7447.78,7366.66,7405.75,,3510618.0,,raw
2019-06-14,7429.96,7607.16,7341.06,7349.42,,6635350.0,,raw
2019-06-17,7324.46,7324.46,7262.16,7288.18,,3256450.0,,raw
2019-06-18,7278.35,7294.78,7215.94,7246.26,,2705939.0,,raw
2019-06-19,7377.62,7419.78,7362.63,7379.04,,4410093.0,,raw
2019-06-20,7370.05,7528.07,7315.45,7508.51,,5019380.0,,raw
2019-06-21,7534.14,7667.25,7534.14,7636.82,,5579766.0,,raw
2019-06-24,7653.36,7670.9,7578.12,7624.37,,3974739.0,,raw
2019-06-25,7609.71,7646.06,7509.12,7598.99,,3974574.0,,raw
2019-06-26,7565.4,7697.38,7530.88,7694.19,,4022549.0,,raw
2019-06-27,7755.39,7808.84,7720.23,7725.55,,5715891.0,,raw
2019-06-28,7720.8,7720.8,7579.13,7619.1,,3732004.0,,raw
2019-07-01,7745.77,7808.84,7731.33,7807.65,,4925898.0,,raw
2019-07-02,7965.72,7978.57,7875.54,7901.63,,7870975.0,,raw
2019-07-03,7873.21,8046.02,7801.45,7983.7,,8499602.0,,raw
2019-07-04,7967.42,8250.76,7950.26,8076.7,,12560249.0,,raw
2019-07-05,8046.96,8073.86,7971.1,8013.45,,7202216.0,,raw
2019-07-08,7989.31,7989.31,7699.94,7753.89,,7767150.0,,raw
2019-07-09,7730.53,7792.84,7684.5,7763.08,,4341655.0,,raw
2019-07-10,7774.01,7854.25,7710.85,7742.96,,4625797.0,,raw
2019-07-11,7771.33,7828.92,7675.28,7715.71,,3915481.0,,raw
2019-07-12,7711.34,7736.83,7649.59,7702.66,,3145586.0,,raw
2019-07-15,7706.17,7916.78,7680.1,7916.46,,5669756.0,,raw
2019-07-16,7908.51,7976.08,7879.13,7916.07,,4480794.0,,raw
2019-07-17,7916.43,7998.12,7906.98,7946.82,,4366056.0,,raw
2019-07-18,7896.02,7896.02,7791.01,7791.01,,3727920.0,,raw
2019-07-19,7808.39,7874.56,7799.27,7806.27,,3054915.0,,raw
2019-07-22,7809.38,7809.38,7567.2,7595.41,,4286677.0,,raw
2019-07-23,7608.54,7720.9,7605.57,7720.44,,2960955.0,,raw
2019-07-24,7763.28,7891.49,7760.8,7857.3,,4030926.0,,raw
2019-07-25,7863.93,7919.93,7854.88,7906.17,,3248751.0,,raw
2019-07-26,7883.85,7983.53,7870.64,7980.75,,3945803.0,,raw
2019-07-29,7998.52,8067.04,7966.44,8018.67,,3741462.0,,raw
2019-07-30,8026.14,8042.77,7984.49,7991.18,,3330319.0,,raw
2019-07-31,7971.11,8027.12,7938.28,8009.21,,3292111.0,,raw
2019-08-01,8007.94,8014.62,7908.87,7926.63,,3544143.0,,raw
2019-08-02,7749.44,7827.87,7706.79,7780.39,,4200474.0,,raw
2019-08-05,7748.21,7905.26,7734.25,7734.69,,3535489.0,,raw
2019-08-06,7582.96,7621.87,7412.01,7576.11,,5050803.0,,raw
2019-08-07,7601.12,7625.29,7449.06,7449.12,,3566157.0,,raw
2019-08-08,7486.93,7633.59,7486.59,7605.16,,5160074.0,,raw
2019-08-09,7639.58,7645.47,7426.68,7438.69,,4172444.0,,raw
2019-08-12,7436.54,7549.12,7403.4,7548.57,,2585253.0,,raw
2019-08-13,7480.93,7594.56,7454.09,7534.19,,3318669.0,,raw
2019-08-14,7623.46,7633.68,7552.47,7613.0,,4094588.0,,raw
2019-08-15,7450.59,7634.15,7424.6,7616.5,,4705217.0,,raw
2019-08-16,7624.06,7686.7,7598.45,7626.18,,3907534.0,,raw
2019-08-19,7671.48,7866.32,7664.39,7866.32,,5005372.0,,raw
2019-08-20,7865.68,7951.1,7832.43,7879.52,,5199876.0,,raw
2019-08-21,7868.02,7920.52,7841.83,7886.32,,3622473.0,,raw
2019-08-22,7906.85,7998.34,7882.8,7985.34,,4799905.0,,raw
2019-08-23,7968.99,8022.44,7893.73,7928.54,,3676724.0,,raw
2019-08-26,7771.45,7918.12,7754.87,7915.38,,4072763.0,,raw
2019-08-27,7955.88,8085.74,7919.48,8066.19,,5570331.0,,raw
2019-08-28,8068.77,8207.14,8034.68,8086.33,,6497671.0,,raw
2019-08-29,8114.99,8182.38,8083.02,8137.56,,5543311.0,,raw
2019-08-30,8179.17,8349.01,8145.08,8308.87,,9333170.0,,raw
2019-09-02,8365.7,8758.0,8365.7,8706.56,,13113428.0,,raw
2019-09-03,8689.72,8798.62,8599.26,8726.09,,10904742.0,,raw
2019-09-04,8668.66,8709.57,8573.07,8659.21,,7602552.0,,raw
2019-09-05,8697.36,8801.16,8648.7,8687.53,,9399287.0,,raw
2019-09-06,8696.66,8777.1,8678.59,8740.23,,7350547.0,,raw
2019-09-09,8814.75,8846.03,8725.56,8846.03,,7614681.0,,raw
2019-09-10,8842.7,8975.73,8720.09,8742.99,,8311310.0,,raw
2019-09-11,8753.83,8762.24,8623.85,8634.23,,6226474.0,,raw
2019-09-12,8662.16,8673.22,8601.98,8660.99,,4568547.0,,raw
2019-09-16,8698.85,8730.04,8600.67,8641.94,,4833791.0,,raw
2019-09-17,8627.58,8627.58,8347.85,8372.5,,6584750.0,,raw
2019-09-18,8396.99,8407.33,8296.69,8324.45,,5253578.0,,raw
2019-09-19,8346.42,8445.01,8329.18,8445.01,,5380971.0,,raw
2019-09-20,8448.25,8450.17,8313.64,8397.32,,5614798.0,,raw
2019-09-23,8366.28,8383.81,8248.59,8325.27,,4682438.0,,raw
2019-09-24,8330.71,8400.46,8291.7,8324.71,,4591126.0,,raw
2019-09-25,8303.04,8321.95,8165.27,8166.23,,4586802.0,,raw
2019-09-26,8186.67,8204.34,7869.58,7869.63,,5782339.0,,raw
2019-09-27,7876.7,7985.43,7876.19,7933.11,,3396134.0,,raw
2019-09-30,7944.77,7987.55,7864.89,7865.3,,2872868.0,,raw
2019-10-08,7873.48,7893.35,7770.95,7771.54,,2990007.0,,raw
2019-10-09,7758.22,7819.68,7702.73,7818.03,,2512561.0,,raw
2019-10-10,7824.22,7891.65,7813.04,7888.32,,2530360.0,,raw
2019-10-11,7907.08,7910.64,7800.04,7862.23,,2787297.0,,raw
2019-10-14,7922.82,7980.95,7908.48,7961.95,,3742192.0,,raw
2019-10-15,7949.23,7949.24,7795.78,7804.8,,3020801.0,,raw
2019-10-16,7818.8,7845.32,7752.66,7759.43,,2295794.0,,raw
2019-10-17,7765.73,7793.43,7712.58,7722.02,,2030179.0,,raw
2019-10-18,7739.34,7764.01,7587.29,7596.1,,2767514.0,,raw
2019-10-21,7591.21,7617.18,7475.5,7601.1,,2532104.0,,raw
2019-10-22,7606.5,7664.93,7589.49,7664.2,,2086101.0,,raw
2019-10-23,7687.98,7688.27,7581.64,7594.27,,2293262.0,,raw
2019-10-24,7585.82,7600.7,7512.33,7595.39,,2540451.0,,raw
2019-10-25,7597.87,7654.38,7530.98,7635.29,,2842168.0,,raw
2019-10-28,7700.76,7787.76,7691.09,7786.75,,3906903.0,,raw
2019-10-29,7794.71,7794.71,7670.93,7670.93,,3155700.0,,raw
2019-10-30,7638.32,7638.54,7550.83,7584.51,,2607478.0,,raw
2019-10-31,7580.79,7615.83,7557.22,7578.32,,2552636.0,,raw
2019-11-01,7562.63,7621.18,7531.5,7609.7,,2558854.0,,raw
2019-11-04,7623.54,7647.93,7581.71,7589.37,,2482761.0,,raw
2019-11-05,7595.43,7632.17,7540.06,7621.0,,2479384.0,,raw
2019-11-06,7695.59,7836.97,7691.13,7713.8,,4449431.0,,raw
2019-11-07,7696.75,7697.36,7642.42,7658.58,,3240140.0,,raw
2019-11-08,7694.86,7705.93,7616.67,7618.98,,2779971.0,,raw
2019-11-11,7586.55,7586.58,7409.42,7415.81,,3013942.0,,raw
2019-11-12,7403.71,7422.58,7305.93,7408.44,,2299102.0,,raw
2019-11-13,7409.96,7415.66,7359.0,7382.07,,1776859.0,,raw
2019-11-14,7389.15,7425.15,7368.77,7403.67,,1936115.0,,raw
2019-11-15,7397.62,7421.09,7326.03,7342.73,,2198829.0,,raw
2019-11-18,7322.93,7380.43,7294.4,7370.06,,1724294.0,,raw
2019-11-19,7374.27,7489.4,7364.58,7488.14,,2240854.0,,raw
2019-11-20,7489.17,7492.34,7405.88,7411.81,,2143582.0,,raw
2019-11-21,7402.53,7506.93,7382.46,7488.4,,2584559.0,,raw
2019-11-22,7463.73,7527.62,7406.42,7456.79,,2926834.0,,raw
2019-11-25,7451.73,7451.73,7355.11,7392.18,,2207055.0,,raw
2019-11-26,7413.85,7447.77,7377.51,7420.02,,2944645.0,,raw
2019-11-27,7419.01,7429.37,7380.13,7391.73,,2026047.0,,raw
2019-11-28,7383.69,7403.89,7357.92,7369.06,,1482425.0,,raw
2019-11-29,7381.55,7425.55,7351.5,7416.96,,2159929.0,,raw
2019-12-02,7421.19,7466.75,7400.21,7414.64,,2280518.0,,raw
2019-12-03,7399.31,7476.19,7379.14,7474.73,,2497150.0,,raw
2019-12-04,7445.85,7552.33,7434.86,7551.62,,2567390.0,,raw
2019-12-05,7567.62,7649.58,7559.08,7630.29,,2972149.0,,raw
2019-12-06,7631.77,7646.69,7591.28,7646.69,,2661667.0,,raw
2019-12-09,7641.55,7659.79,7603.4,7616.96,,2444006.0,,raw
2019-12-10,7613.45,7613.6,7550.22,7593.66,,2785382.0,,raw
2019-12-11,7597.72,7615.17,7549.73,7562.54,,2725906.0,,raw
2019-12-12,7563.15,7618.28,7543.09,7569.73,,3490604.0,,raw
2019-12-13,7597.9,7613.71,7555.01,7604.58,,3971412.0,,raw
2019-12-16,7620.92,7784.78,7612.89,7781.12,,5502897.0,,raw
2019-12-17,7785.74,7865.74,7778.12,7843.04,,5940055.0,,raw
2019-12-18,7884.23,7928.81,7832.67,7838.5,,6058970.0,,raw
2019-12-19,7880.3,7880.98,7817.37,7851.97,,5324280.0,,raw
2019-12-20,7848.55,7850.86,7719.47,7723.72,,4076346.0,,raw
2019-12-23,7695.78,7732.9,7558.76,7560.87,,3744054.0,,raw
2019-12-24,7570.76,7633.87,7570.76,7631.64,,2822399.0,,raw
2019-12-25,7622.82,7671.03,7612.96,7653.85,,3221260.0,,raw
2019-12-26,7661.42,7718.86,7644.67,7718.84,,3112408.0,,raw
2019-12-27,7719.74,7801.36,7701.58,7702.81,,4487731.0,,raw
2019-12-30,7701.75,7751.49,7611.76,7749.95,,3824139.0,,raw
2019-12-31,7747.12,7779.28,7701.21,7763.1,,3133672.0,,raw
2020-01-02,7806.84,7912.07,7775.09,7889.66,,4826571.0,,raw
2020-01-03,7906.6,8042.94,7901.49,8019.62,,6761392.0,,raw
2020-01-06,8110.49,8193.77,8072.3,8130.35,,8308437.0,,raw
2020-01-07,8098.99,8152.78,8098.08,8150.99,,5580307.0,,raw
2020-01-08,8206.63,8318.96,8151.85,8259.04,,10392405.0,,raw
2020-01-09,8141.78,8180.84,8090.49,8175.97,,7128081.0,,raw
2020-01-10,8179.6,8202.55,8090.63,8116.67,,5052531.0,,raw
2020-01-13,8115.85,8210.86,8075.24,8209.43,,4498418.0,,raw
2020-01-14,8225.74,8225.74,8134.43,8142.05,,4101402.0,,raw
2020-01-15,8124.96,8134.4,8037.78,8071.55,,4079768.0,,raw
2020-01-16,8086.86,8242.71,8084.84,8147.98,,5416433.0,,raw
2020-01-17,8156.07,8188.28,8112.3,8128.65,,4108170.0,,raw
2020-01-20,8153.81,8288.16,8152.38,8286.83,,6205867.0,,raw
2020-01-21,8285.75,8286.35,8200.85,8208.65,,6392712.0,,raw
2020-01-22,8159.81,8271.11,8064.99,8242.74,,6201479.0,,raw
2020-01-23,8189.79,8392.8,8008.61,8065.37,,8501800.0,,raw
2020-02-03,7294.2,7357.0,7269.44,7326.39,,5202426.0,,raw
2020-02-04,6998.42,7387.54,6998.42,7364.66,,9376689.0,,raw
2020-02-05,7389.18,7663.34,7369.41,7577.4,,7857885.0,,raw
2020-02-06,7650.73,7885.5,7581.25,7863.64,,8621264.0,,raw
2020-02-07,7967.96,8067.92,7897.5,8058.29,,11895438.0,,raw
2020-02-10,8114.66,8205.56,8001.14,8123.12,,12292978.0,,raw
2020-02-11,8111.63,8115.58,7989.65,8032.24,,9247573.0,,raw
2020-02-12,8011.4,8208.46,8008.75,8205.78,,8387226.0,,raw
2020-02-13,8219.35,8224.51,8078.39,8117.94,,10838372.0,,raw
2020-02-14,8107.99,8212.77,8086.47,8131.31,,8983305.0,,raw
2020-02-17,8237.38,8630.58,8237.38,8625.58,,13851060.0,,raw
2020-02-18,8780.5,8941.66,8773.56,8940.46,,16107942.0,,raw
2020-02-19,8889.26,9018.95,8795.07,8804.7,,15491650.0,,raw
2020-02-20,8805.48,8880.93,8676.42,8867.94,,11780826.0,,raw
2020-02-21,8872.59,9178.94,8863.95,9118.64,,14167611.0,,raw
2020-02-24,9089.58,9249.61,9034.88,9204.03,,12600622.0,,raw
2020-02-25,8976.38,9238.25,8745.73,9214.75,,15192643.0,,raw
2020-02-26,9074.29,9324.7,8979.82,9017.02,,15891381.0,,raw
2020-02-27,9050.68,9103.43,8782.79,8934.25,,11714176.0,,raw
2020-02-28,8580.94,8740.98,8388.25,8410.67,,11558352.0,,raw
2020-03-02,8531.15,8780.06,8463.24,8732.36,,9782557.0,,raw
2020-03-03,8872.34,9136.94,8824.95,8928.26,,12509121.0,,raw
2020-03-04,8863.84,9039.59,8759.51,8917.27,,9288965.0,,raw
2020-03-05,9047.18,9072.62,8885.94,8958.57,,10483947.0,,raw
2020-03-06,8831.07,8995.7,8804.6,8920.58,,8579202.0,,raw
2020-03-09,8759.84,8809.94,8438.99,8439.53,,10093700.0,,raw
2020-03-10,8360.19,8824.47,8360.19,8822.01,,10334103.0,,raw
2020-03-11,8881.55,9152.67,8839.91,8840.52,,14061321.0,,raw
2020-03-12,8685.84,8801.25,8549.4,8640.58,,9587393.0,,raw
2020-03-13,8227.71,8728.96,8218.88,8629.48,,10580218.0,,raw
2020-03-16,8692.91,8692.91,8092.22,8125.2,,10375622.0,,raw
2020-03-17,8218.85,8287.01,7874.48,8127.51,,7877561.0,,raw
2020-03-18,8203.43,8304.56,7918.98,7919.11,,7589575.0,,raw
2020-03-19,7957.32,8087.25,7831.51,8039.98,,7598641.0,,raw
2020-03-20,8117.79,8150.04,7953.56,8084.53,,6090088.0,,raw
2020-03-23,7846.31,7894.51,7640.92,7672.77,,6004543.0,,raw
2020-03-24,7834.27,7870.85,7619.13,7826.59,,5676395.0,,raw
2020-03-25,7994.74,7997.49,7866.27,7937.56,,5224143.0,,raw
2020-03-26,7892.93,7941.0,7817.69,7827.73,,4081595.0,,raw
2020-03-27,7923.09,7952.75,7818.38,7821.89,,4291641.0,,raw
2020-03-30,7711.78,7832.35,7513.76,7735.76,,6143634.0,,raw
2020-03-31,7782.94,7804.56,7645.93,7651.55,,4760644.0,,raw
2020-04-01,7634.53,7752.48,7605.99,7611.86,,4345640.0,,raw
2020-04-02,7588.42,7849.93,7585.62,7849.93,,5173534.0,,raw
2020-04-03,7837.36,7843.59,7708.84,7755.53,,4548827.0,,raw
2020-04-07,7928.62,8105.78,7904.64,8088.47,,7562436.0,,raw
2020-04-08,8030.32,8236.94,8024.3,8205.91,,8168881.0,,raw
2020-04-09,8249.62,8311.85,8169.31,8200.85,,6403760.0,,raw
2020-04-10,8184.98,8200.08,8048.52,8072.65,,6109918.0,,raw
2020-04-13,8018.42,8069.02,7927.7,8059.8,,4552241.0,,raw
2020-04-14,8095.75,8156.73,8045.34,8156.73,,4663541.0,,raw
2020-04-15,8160.7,8183.17,8068.01,8073.77,,5228494.0,,raw
2020-04-16,8018.85,8209.75,7997.59,8174.85,,5423092.0,,raw
2020-04-17,8210.74,8258.6,8132.84,8147.68,,5853428.0,,raw
2020-04-20,8170.56,8294.21,8142.84,8293.81,,5564042.0,,raw
2020-04-21,8296.92,8355.1,8228.43,8303.92,,7594293.0,,raw
2020-04-22,8221.99,8331.21,8201.61,8313.18,,6046888.0,,raw
2020-04-23,8328.98,8461.19,8267.49,8369.19,,8397897.0,,raw
2020-04-24,8355.26,8386.0,8117.88,8222.38,,9060076.0,,raw
2020-04-27,8212.41,8226.38,8083.77,8090.4,,6839220.0,,raw
2020-04-28,8089.11,8096.74,7747.02,7964.05,,6861198.0,,raw
2020-04-29,7929.3,8118.55,7929.19,8095.48,,5047125.0,,raw
2020-04-30,8141.63,8329.77,8133.69,8314.88,,6897135.0,,raw
2020-05-06,8295.82,8493.51,8279.95,8493.45,,7664141.0,,raw
2020-05-07,8494.6,8526.95,8446.92,8472.64,,7135201.0,,raw
2020-05-08,8525.25,8618.55,8505.96,8569.18,,7535642.0,,raw
2020-05-11,8592.16,8659.54,8527.48,8592.99,,6918794.0,,raw
2020-05-12,8586.92,8607.13,8487.03,8586.77,,5995946.0,,raw
2020-05-13,8565.25,8600.23,8534.62,8571.62,,5132652.0,,raw
2020-05-14,8532.96,8666.59,8491.2,8582.06,,7871143.0,,raw
2020-05-15,8605.63,8638.66,8546.83,8576.22,,7572373.0,,raw
2020-05-18,8609.56,8849.72,8581.39,8715.29,,10846230.0,,raw
2020-05-19,8742.14,8768.28,8694.82,8768.19,,7378632.0,,raw
2020-05-20,8767.82,8769.44,8503.15,8529.94,,8471042.0,,raw
2020-05-21,8551.98,8554.37,8357.92,8383.14,,5848230.0,,raw
2020-05-22,8372.7,8456.26,8222.57,8255.05,,5652460.0,,raw
2020-05-25,8253.78,8277.04,8126.1,8165.05,,4577491.0,,raw
2020-05-26,8193.56,8307.48,8193.56,8302.47,,4065230.0,,raw
2020-05-27,8303.22,8314.41,8190.8,8212.09,,4745639.0,,raw
2020-05-28,8203.08,8257.95,8086.11,8205.54,,5003720.0,,raw
2020-05-29,8172.83,8267.59,8149.77,8255.3,,4861678.0,,raw
2020-06-01,8287.8,8452.79,8285.28,8437.94,,6320945.0,,raw
2020-06-02,8430.72,8545.32,8398.83,8459.77,,6969518.0,,raw
2020-06-03,8465.5,8482.24,8397.91,8397.91,,5928244.0,,raw
2020-06-04,8434.93,8447.24,8320.23,8325.09,,4723370.0,,raw
2020-06-05,8335.5,8363.3,8265.83,8315.03,,4194168.0,,raw
2020-06-08,8356.56,8390.7,8297.39,8304.57,,4705728.0,,raw
2020-06-09,8314.57,8314.57,8252.5,8286.73,,4093985.0,,raw
2020-06-10,8269.71,8278.79,8227.33,8275.92,,4179399.0,,raw
2020-06-11,8269.22,8388.87,8259.32,8301.93,,6388068.0,,raw
2020-06-12,8177.5,8311.54,8155.3,8306.68,,6806864.0,,raw
2020-06-15,8300.98,8300.98,8187.16,8187.16,,7247740.0,,raw
2020-06-16,8226.15,8277.55,8204.72,8269.9,,6365973.0,,raw
2020-06-17,8344.39,8415.88,8330.18,8391.24,,9374389.0,,raw
2020-06-18,8338.3,8338.3,8223.71,8271.85,,7484416.0,,raw
2020-06-19,8264.16,8340.22,8249.93,8325.05,,6189005.0,,raw
2020-06-22,8348.77,8414.65,8343.93,8407.17,,7548251.0,,raw
2020-06-23,8441.32,8445.31,8359.62,8414.71,,8064202.0,,raw
2020-06-24,8411.43,8415.06,8349.89,8357.06,,6603428.0,,raw
2020-06-29,8349.67,8454.62,8346.05,8380.4,,6591691.0,,raw
2020-06-30,8421.31,8509.04,8415.05,8505.13,,6238926.0,,raw
2020-07-01,8525.75,8533.49,8411.83,8520.67,,7057979.0,,raw
2020-07-02,8500.48,8629.94,8459.34,8629.79,,9178805.0,,raw
2020-07-03,8648.42,8720.37,8631.85,8713.65,,10025732.0,,raw
2020-07-06,8781.84,9203.21,8781.84,9179.36,,15896510.0,,raw
2020-07-07,9285.88,9545.66,9167.52,9380.5,,17616878.0,,raw
2020-07-08,9358.27,10088.14,9356.03,10088.14,,21148972.0,,raw
2020-07-09,10353.21,10577.38,10297.66,10442.11,,22525277.0,,raw
2020-07-10,10539.95,10553.05,10257.92,10310.31,,19625159.0,,raw
2020-07-13,10264.07,10508.34,10197.46,10508.34,,17860772.0,,raw
2020-07-14,10476.63,10907.26,10365.87,10582.45,,19553099.0,,raw
2020-07-15,10622.5,10667.08,10126.73,10179.75,,16016582.0,,raw
2020-07-16,10165.9,10350.03,9701.41,9775.94,,14267574.0,,raw
2020-07-17,9814.42,10260.07,9730.94,10065.57,,13627853.0,,raw
2020-07-20,10283.08,10863.15,10283.08,10863.15,,18988952.0,,raw
2020-07-21,10969.41,10969.41,10476.13,10580.23,,18387684.0,,raw
2020-07-22,10513.46,11003.28,10513.46,10769.96,,18596587.0,,raw
2020-07-23,10859.26,11275.84,10776.95,11215.75,,25166456.0,,raw
2020-07-24,11272.33,11443.62,10837.0,10838.2,,29129634.0,,raw
2020-07-27,10784.45,11035.41,10505.43,10764.74,,17677123.0,,raw
2020-07-28,10773.31,11086.79,10679.65,10931.18,,15285088.0,,raw
2020-07-29,10856.88,11158.18,10798.4,11156.37,,14232613.0,,raw
2020-07-30,11241.2,11422.62,10979.78,11034.0,,16837439.0,,raw
2020-07-31,10996.4,11044.45,10789.17,10923.14,,13068653.0,,raw
2020-08-03,11042.97,11747.03,11042.97,11734.37,,21794396.0,,raw
2020-08-04,11738.69,11738.69,11319.01,11380.36,,18668622.0,,raw
2020-08-05,11332.78,11932.37,11332.78,11802.02,,18263798.0,,raw
2020-08-06,11761.88,12370.29,11750.57,12269.6,,24339375.0,,raw
2020-08-07,12145.2,12730.15,11945.79,12592.75,,24219897.0,,raw
2020-08-10,12568.83,13251.28,12298.61,12308.61,,23704967.0,,raw
2020-08-11,12186.46,12652.74,12060.25,12239.89,,21483671.0,,raw
2020-08-12,12060.56,12088.55,11445.17,11643.92,,16606084.0,,raw
2020-08-13,11692.06,11943.08,11632.47,11734.09,,10853682.0,,raw
2020-08-14,11701.94,12212.76,11681.96,12126.66,,12663981.0,,raw
2020-08-17,12276.01,12494.56,12086.04,12485.99,,16370287.0,,raw
2020-08-18,12420.72,12696.46,12381.37,12519.96,,14012035.0,,raw
2020-08-19,12480.24,12497.27,12167.68,12192.85,,15590341.0,,raw
2020-08-20,12068.14,12188.55,11691.52,11755.08,,12984431.0,,raw
2020-08-21,11865.91,12004.86,11617.54,11726.25,,9179795.0,,raw
2020-08-24,11796.91,11960.74,11677.56,11801.11,,7841848.0,,raw
2020-08-25,11810.47,11818.06,11315.03,11382.28,,12492864.0,,raw
2020-08-26,11376.76,11489.61,10984.94,11042.14,,10064330.0,,raw
2020-08-27,11093.51,11249.05,10970.79,11236.69,,7970489.0,,raw
2020-08-28,11262.08,11501.9,11252.26,11485.55,,9910062.0,,raw
2020-08-31,11545.43,11753.14,11464.09,11552.07,,10880137.0,,raw
2020-09-01,11617.27,11885.6,11616.79,11836.31,,11333648.0,,raw
2020-09-02,11860.92,11860.92,11565.82,11664.31,,10706682.0,,raw
2020-09-03,11615.01,11631.94,11383.85,11543.94,,9324155.0,,raw
2020-09-04,11333.97,11497.59,11323.43,11473.87,,7139541.0,,raw
2020-09-07,11459.62,11555.08,11105.41,11140.37,,9097890.0,,raw
2020-09-08,11192.44,11238.2,10926.48,11095.44,,7760918.0,,raw
2020-09-09,10987.59,11202.03,10794.37,11016.46,,10874523.0,,raw
2020-09-10,11012.61,11061.94,10614.62,10631.4,,8892299.0,,raw
2020-09-11,10569.79,10643.79,10444.49,10628.97,,6692815.0,,raw
2020-09-14,10665.92,10705.92,10510.61,10585.77,,6375869.0,,raw
2020-09-15,10601.76,10757.37,10576.45,10719.57,,6775725.0,,raw
2020-09-16,10697.02,10697.02,10490.83,10537.61,,5367340.0,,raw
2020-09-17,10542.47,10729.46,10434.12,10649.34,,5994417.0,,raw
2020-09-18,10668.26,10936.35,10667.65,10932.62,,7793024.0,,raw
2020-09-21,11011.37,11400.93,11009.18,11222.73,,10884260.0,,raw
2020-09-22,11061.5,11117.56,10954.19,10996.15,,7263389.0,,raw
2020-09-23,11026.36,11037.57,10902.94,10985.86,,5753658.0,,raw
2020-09-24,10887.4,10912.06,10653.81,10653.81,,6101673.0,,raw
2020-09-25,10717.25,10787.9,10616.56,10680.96,,5354355.0,,raw
2020-09-28,10691.86,10719.66,10523.09,10532.18,,4437016.0,,raw
2020-09-29,10613.03,11018.56,10613.03,10946.43,,8210210.0,,raw
2020-09-30,10967.43,11027.03,10841.22,10964.02,,7752707.0,,raw
2020-10-09,11135.4,11189.0,11019.79,11144.73,,8006885.0,,raw
2020-10-12,11196.73,11657.79,11185.1,11632.17,,11385455.0,,raw
2020-10-13,11603.57,11704.34,11537.04,11677.21,,8434474.0,,raw
2020-10-14,11691.37,11855.41,11517.51,11576.84,,8700083.0,,raw
2020-10-15,11533.33,11594.91,11473.82,11480.46,,6913378.0,,raw
2020-10-16,11451.26,11532.2,11255.76,11298.42,,6292516.0,,raw
2020-10-19,11390.3,11439.82,11235.55,11248.86,,7578847.0,,raw
2020-10-20,11212.01,11295.22,11089.25,11294.85,,6188954.0,,raw
2020-10-21,11283.34,11284.33,10939.59,10979.02,,6607401.0,,raw
2020-10-22,10927.49,10927.49,10741.89,10849.45,,5271073.0,,raw
2020-10-23,10857.01,10939.38,10655.09,10673.56,,6027182.0,,raw
2020-10-26,10629.79,10790.73,10517.45,10761.8,,4771905.0,,raw
2020-10-27,10728.12,10899.09,10718.68,10853.95,,5742685.0,,raw
2020-10-28,10852.96,10855.63,10625.23,10781.69,,5717296.0,,raw
2020-10-29,10624.08,10702.8,10565.04,10642.92,,5338217.0,,raw
2020-10-30,10761.81,10937.11,10437.43,10454.91,,7853287.0,,raw
2020-11-02,10439.86,10484.1,10286.75,10408.44,,6765202.0,,raw
2020-11-03,10461.08,10742.19,10398.03,10738.08,,6638444.0,,raw
2020-11-04,10744.06,10908.2,10628.13,10865.81,,7166312.0,,raw
2020-11-05,10868.14,10918.25,10706.97,10854.54,,6151009.0,,raw
2020-11-06,10840.62,10842.82,10616.32,10684.02,,5366545.0,,raw
2020-11-09,10677.12,10885.94,10606.06,10875.56,,8214858.0,,raw
2020-11-10,10879.77,10879.81,10625.49,10667.42,,6266870.0,,raw
2020-11-11,10662.41,10753.78,10451.97,10464.03,,5748090.0,,raw
2020-11-12,10477.99,10583.61,10399.57,10420.75,,4963765.0,,raw
2020-11-13,10434.71,10759.01,10356.52,10690.28,,7011505.0,,raw
2020-11-16,10691.74,10762.39,10623.0,10704.93,,5453385.0,,raw
2020-11-17,10692.96,10692.96,10414.58,10475.47,,5655700.0,,raw
2020-11-18,10471.29,10596.83,10457.98,10537.45,,5016668.0,,raw
2020-11-19,10499.91,11038.53,10415.86,11003.7,,10475437.0,,raw
2020-11-20,11022.2,11265.35,10988.89,11130.9,,10057280.0,,raw
2020-11-23,11130.28,11244.96,10986.12,11156.88,,9328113.0,,raw
2020-11-24,11142.87,11347.73,11139.51,11199.75,,8597338.0,,raw
2020-11-25,11173.35,11214.19,10882.84,10896.22,,7752741.0,,raw
2020-11-26,10918.71,11184.29,10858.64,11123.31,,9621551.0,,raw
2020-11-27,11102.6,11514.72,10991.9,11301.19,,11089616.0,,raw
2020-11-30,11315.62,11515.88,11244.6,11381.78,,10144801.0,,raw
2020-12-01,11395.82,11680.45,11364.17,11625.1,,8877499.0,,raw
2020-12-02,11614.75,11735.58,11536.16,11631.95,,8303762.0,,raw
2020-12-03,11588.61,11594.25,11387.94,11420.29,,7256432.0,,raw
2020-12-04,11391.97,11578.05,11293.43,11552.13,,6712500.0,,raw
2020-12-07,11550.59,11713.59,11533.98,11581.38,,7395909.0,,raw
2020-12-08,11565.53,11655.84,11516.38,11537.69,,6921758.0,,raw
2020-12-09,11536.9,11590.25,11269.04,11275.18,,7994342.0,,raw
2020-12-10,11231.74,11380.8,11160.76,11285.18,,6527084.0,,raw
2020-12-11,11279.96,11284.29,10885.97,11034.55,,9135780.0,,raw
2020-12-14,11000.82,11308.8,10923.69,11262.06,,7070390.0,,raw
2020-12-15,11245.01,11418.68,11188.16,11283.34,,6376159.0,,raw
2020-12-16,11249.09,11340.2,11151.18,11212.94,,6493255.0,,raw
2020-12-17,11168.41,11224.99,10875.14,11118.22,,7076860.0,,raw
2020-12-18,11140.52,11314.48,11093.4,11115.58,,6560145.0,,raw
2020-12-21,11091.29,11600.82,11087.0,11595.75,,8505120.0,,raw
2020-12-22,11563.49,11698.15,11399.74,11399.74,,8462895.0,,raw
2020-12-23,11457.85,11983.34,11413.74,11983.34,,10759165.0,,raw
2020-12-24,12084.46,12493.45,12069.93,12115.43,,14468894.0,,raw
2020-12-25,12087.37,12322.64,11932.2,12283.45,,9502453.0,,raw
2020-12-28,12296.06,12497.23,12124.74,12272.96,,8754206.0,,raw
2020-12-29,12241.51,12448.68,12064.21,12154.17,,10234365.0,,raw
2020-12-30,12084.79,12615.07,12055.01,12484.23,,12137621.0,,raw
2020-12-31,12487.9,13043.78,12454.12,13035.06,,15345412.0,,raw
2021-01-04,13274.55,13998.85,13248.24,13905.15,,18939315.0,,raw
2021-01-05,13848.4,14365.42,13742.25,14026.15,,19255473.0,,raw
2021-01-06,13941.37,14544.79,13868.03,14242.96,,19545470.0,,raw
2021-01-07,14105.67,14676.32,14023.98,14596.82,,17352417.0,,raw
2021-01-08,14528.48,14609.17,13989.17,14207.16,,14807388.0,,raw
2021-01-11,14398.66,14537.57,13625.42,13734.09,,15951063.0,,raw
2021-01-12,13697.42,14349.11,13697.42,14286.48,,16872471.0,,raw
2021-01-13,14392.23,14477.56,13914.24,14071.12,,20241949.0,,raw
2021-01-14,13894.52,13894.52,13257.75,13264.4,,17817649.0,,raw
2021-01-15,13204.31,13384.38,12813.14,13163.31,,13627701.0,,raw
2021-01-18,13209.61,13618.85,13209.61,13454.44,,12359734.0,,raw
2021-01-19,13358.73,13557.76,13081.17,13153.51,,10435131.0,,raw
2021-01-20,13122.76,13470.76,13043.6,13416.05,,9393222.0,,raw
2021-01-21,13358.37,13653.64,13295.49,13543.72,,10872903.0,,raw
2021-01-22,13471.26,13594.55,13318.62,13579.46,,10726378.0,,raw
2021-01-25,13648.94,13995.16,13499.41,13593.11,,12400431.0,,raw
2021-01-26,13431.72,13431.72,12627.5,12682.33,,13520167.0,,raw
2021-01-27,12548.3,12787.46,12484.29,12652.7,,8729627.0,,raw
2021-01-28,12518.63,12854.43,12415.38,12466.39,,8912743.0,,raw
2021-01-29,12552.87,12609.38,11819.41,12070.04,,9436480.0,,raw
2021-02-01,12088.85,12189.59,11956.32,12009.97,,6601962.0,,raw
2021-02-02,12038.75,12226.54,11856.03,12210.84,,7222539.0,,raw
2021-02-03,12203.39,12229.09,11799.78,11810.56,,7075480.0,,raw
2021-02-04,11740.84,11964.82,11503.67,11645.98,,6979306.0,,raw
2021-02-05,11784.26,11877.21,11404.82,11404.82,,5601258.0,,raw
2021-02-08,11439.14,11532.13,11230.22,11446.18,,5543720.0,,raw
2021-02-09,11503.1,12115.76,11427.77,12096.11,,7993750.0,,raw
2021-02-10,12131.06,12131.06,11825.01,12037.62,,6972071.0,,raw
2021-02-18,12174.27,12244.92,11924.86,11961.81,,6976340.0,,raw
2021-02-19,11936.95,12011.19,11793.52,12002.19,,6374427.0,,raw
2021-02-22,11990.86,12067.77,11604.01,11604.02,,9203339.0,,raw
2021-02-23,11481.43,12026.51,11411.61,11926.25,,9749911.0,,raw
2021-02-24,12010.26,12173.97,11719.54,11930.51,,9878257.0,,raw
2021-02-25,11925.89,12321.46,11870.53,12161.1,,8946818.0,,raw
2021-02-26,11900.17,12074.93,11721.71,11748.63,,7243309.0,,raw
2021-03-01,11812.07,11970.61,11698.02,11969.4,,6051615.0,,raw
2021-03-02,12051.94,12115.5,11757.09,12049.52,,7236245.0,,raw
2021-03-03,11906.99,12028.73,11830.97,12026.69,,6147469.0,,raw
2021-03-04,11941.63,12210.95,11813.54,11865.68,,9557626.0,,raw
2021-03-05,11681.36,11800.28,11449.38,11615.43,,7383491.0,,raw
2021-03-08,11603.7,11646.07,10830.94,10830.94,,9556111.0,,raw
2021-03-09,10720.1,10730.12,10157.95,10257.53,,8833025.0,,raw
2021-03-10,10368.79,10432.95,10151.86,10189.01,,5667972.0,,raw
2021-03-11,10202.07,10391.88,10110.03,10364.74,,5073575.0,,raw
2021-03-12,10402.17,10403.18,10159.57,10284.31,,5031672.0,,raw
2021-03-15,10251.36,10380.88,10120.7,10215.46,,5004974.0,,raw
2021-03-16,10233.94,10334.58,10140.9,10202.35,,4708395.0,,raw
2021-03-17,10208.78,10435.76,10171.94,10372.52,,5263661.0,,raw
2021-03-18,10365.66,10602.54,10365.66,10493.52,,5513963.0,,raw
2021-03-19,10369.59,10733.09,10325.7,10565.03,,7174326.0,,raw
2021-03-22,10502.43,10691.11,10451.94,10653.47,,5948811.0,,raw
2021-03-23,10645.43,10705.62,10526.15,10580.87,,5113815.0,,raw
2021-03-24,10522.37,10631.35,10305.86,10385.63,,5414602.0,,raw
2021-03-25,10352.15,10516.58,10327.54,10431.38,,4314303.0,,raw
2021-03-26,10430.68,10603.03,10430.29,10596.32,,4477875.0,,raw
2021-03-29,10668.52,10928.05,10668.2,10788.56,,6238773.0,,raw
2021-03-30,10801.93,11162.27,10797.45,11019.32,,8533055.0,,raw
2021-03-31,10940.53,10940.53,10551.39,10573.04,,6642273.0,,raw
2021-04-01,10591.14,10682.33,10579.56,10660.63,,4601273.0,,raw
2021-04-02,10662.26,10764.48,10625.24,10701.74,,4297848.0,,raw
2021-04-06,10742.02,10848.81,10703.6,10809.48,,6157909.0,,raw
2021-04-07,10792.46,10792.8,10663.23,10743.28,,5525948.0,,raw
2021-04-08,10708.05,10823.32,10630.95,10716.62,,5328863.0,,raw
2021-04-09,10821.24,10935.93,10751.76,10778.24,,5413804.0,,raw
2021-04-12,10747.66,10774.32,10387.82,10425.78,,5736240.0,,raw
2021-04-13,10375.96,10474.85,10323.18,10395.24,,4283449.0,,raw
2021-04-14,10358.04,10554.86,10357.44,10551.16,,3502532.0,,raw
2021-04-15,10538.18,10557.92,10427.98,10520.25,,3689948.0,,raw
2021-04-16,10524.55,10585.39,10436.43,10537.2,,4757666.0,,raw
2021-04-19,10520.61,10697.48,10466.07,10688.75,,5729071.0,,raw
2021-04-20,10644.3,10736.47,10581.25,10632.77,,5623161.0,,raw
2021-04-21,10588.82,10611.71,10470.09,10539.73,,4701497.0,,raw
2021-04-22,10567.26,10632.62,10509.77,10541.68,,4503801.0,,raw
2021-04-23,10529.7,10581.53,10448.73,10499.88,,4613127.0,,raw
2021-04-26,10549.26,10695.01,10485.83,10494.14,,6089220.0,,raw
2021-04-27,10491.19,10499.99,10258.96,10351.54,,4799873.0,,raw
2021-04-28,10350.14,10442.27,10338.23,10442.12,,3906287.0,,raw
2021-04-29,10436.16,10514.35,10402.95,10433.86,,4588798.0,,raw
2021-04-30,10337.22,10337.22,10008.54,10079.59,,7548341.0,,raw
2021-05-06,10050.61,10284.31,10029.38,10216.15,,6256049.0,,raw
2021-05-07,10208.1,10249.35,10063.59,10065.78,,4832438.0,,raw
2021-05-10,10059.99,10059.99,9870.87,9921.19,,5304574.0,,raw
2021-05-11,9894.81,10220.3,9890.47,10175.58,,5849664.0,,raw
2021-05-12,10122.68,10144.87,10041.83,10138.87,,3867645.0,,raw
2021-05-13,10058.6,10265.54,10047.15,10098.27,,5964174.0,,raw
2021-05-14,10115.51,10496.15,10073.14,10494.42,,8762573.0,,raw
2021-05-17,10596.97,10702.5,10521.17,10557.44,,7527251.0,,raw
2021-05-18,10521.33,10839.52,10451.15,10794.27,,8608752.0,,raw
2021-05-19,10756.65,10876.33,10694.54,10814.66,,6646359.0,,raw
2021-05-20,10783.93,10965.99,10761.89,10832.18,,6443785.0,,raw
2021-05-21,10867.98,10870.66,10597.81,10610.86,,5825770.0,,raw
2021-05-24,10590.66,10720.83,10580.43,10709.94,,5063989.0,,raw
2021-05-25,10708.9,11095.72,10655.67,11077.72,,9016812.0,,raw
2021-05-26,11125.52,11267.23,11036.38,11081.68,,8799349.0,,raw
2021-05-27,11072.45,11212.54,11038.77,11176.15,,6788961.0,,raw
2021-05-28,11144.73,11292.53,11104.32,11237.4,,6979193.0,,raw
2021-05-31,11271.8,11586.26,11256.26,11573.63,,9140528.0,,raw
2021-06-01,11546.33,11644.03,11466.17,11498.88,,8293300.0,,raw
2021-06-02,11467.94,11570.15,11204.18,11226.98,,7613184.0,,raw
2021-06-03,11210.5,11268.35,11065.66,11069.75,,6142013.0,,raw
2021-06-04,11049.15,11252.2,11008.14,11190.95,,6097116.0,,raw
2021-06-07,11276.5,11499.44,11276.04,11390.35,,7098130.0,,raw
2021-06-08,11376.47,11552.47,11321.46,11538.39,,8674967.0,,raw
2021-06-09,11631.46,11783.26,11513.94,11618.1,,8245806.0,,raw
2021-06-10,11607.18,11659.8,11493.04,11643.3,,8209895.0,,raw
2021-06-11,11638.62,11639.43,11183.22,11217.12,,10006648.0,,raw
2021-06-15,11170.72,11302.44,11111.31,11249.62,,8593864.0,,raw
2021-06-16,11233.28,11355.05,11010.68,11106.01,,8227178.0,,raw
2021-06-17,11150.17,11272.58,11080.13,11219.78,,7557352.0,,raw
2021-06-18,11220.93,11565.69,11198.39,11467.07,,10622834.0,,raw
2021-06-21,11472.99,11925.04,11471.76,11921.44,,12136433.0,,raw
2021-06-22,11972.78,11972.78,11747.85,11834.29,,10777194.0,,raw
2021-06-23,11780.05,11896.74,11689.36,11820.46,,9060507.0,,raw
2021-06-24,11834.81,11996.98,11623.27,11631.49,,9324242.0,,raw
2021-06-25,11565.6,11674.55,11464.5,11663.03,,8264203.0,,raw
2021-06-28,11689.37,11782.48,11625.17,11730.39,,7412725.0,,raw
2021-06-29,11700.4,11799.19,11466.19,11470.86,,7349049.0,,raw
2021-06-30,11470.35,11639.99,11433.22,11638.65,,6244123.0,,raw
2021-07-01,11710.47,11748.42,11143.57,11143.69,,8487053.0,,raw
2021-07-02,11109.38,11109.38,10727.93,10768.9,,9075388.0,,raw
2021-07-05,10747.49,10927.85,10743.61,10819.32,,6046273.0,,raw
2021-07-06,10810.64,10894.23,10693.21,10889.26,,6222595.0,,raw
2021-07-07,10816.34,11209.36,10795.4,11197.67,,7299241.0,,raw
2021-07-08,11186.34,11687.02,11175.37,11643.37,,10524855.0,,raw
2021-07-09,11610.84,11661.89,11496.97,11545.99,,8893421.0,,raw
2021-07-12,11586.88,11810.16,11448.5,11711.45,,9341029.0,,raw
2021-07-13,11716.82,11816.58,11565.24,11651.94,,7851773.0,,raw
2021-07-14,11591.91,11616.34,11340.52,11422.06,,8046234.0,,raw
2021-07-15,11431.73,11608.35,11268.04,11426.68,,7097649.0,,raw
2021-07-16,11403.09,12043.15,11341.78,11897.58,,12764619.0,,raw
2021-07-19,11984.52,12113.65,11743.98,11813.57,,11397951.0,,raw
2021-07-20,11698.63,12068.13,11680.11,12022.59,,9829971.0,,raw
2021-07-21,12018.53,12254.59,11982.78,12217.2,,11428068.0,,raw
2021-07-22,12201.0,12204.94,12020.58,12185.41,,10757564.0,,raw
2021-07-23,12166.22,12599.0,12003.03,12435.42,,14732643.0,,raw
2021-07-26,12465.41,13028.98,12459.88,12544.57,,20949994.0,,raw
2021-07-27,12494.9,12809.95,12282.66,12294.23,,19776651.0,,raw
2021-07-28,12108.86,12121.19,11502.91,11692.78,,14002570.0,,raw
2021-07-29,11866.41,12278.85,11844.13,12220.55,,11880172.0,,raw
2021-07-30,12195.64,12294.89,12025.84,12221.05,,11232880.0,,raw
2021-08-02,12263.66,12891.07,12236.97,12858.19,,16044287.0,,raw
2021-08-03,12820.2,13001.81,12556.0,12624.37,,13430875.0,,raw
2021-08-04,12590.1,13015.24,12590.1,13005.58,,12265193.0,,raw
2021-08-05,13016.11,13669.3,12998.49,13457.39,,21181747.0,,raw
2021-08-06,13418.29,13635.94,13254.56,13532.78,,15677298.0,,raw
2021-08-09,13573.1,13753.25,13407.32,13475.32,,13644834.0,,raw
2021-08-10,13399.58,14237.39,13396.71,13959.06,,19141781.0,,raw
2021-08-11,13915.51,14112.88,13787.64,13907.88,,14857330.0,,raw
2021-08-12,13836.81,13921.76,13496.14,13524.76,,14198398.0,,raw
2021-08-13,13486.06,13742.37,13322.18,13464.36,,13480002.0,,raw
2021-08-16,13420.96,13526.82,13137.21,13218.68,,10367899.0,,raw
2021-08-17,13224.84,13401.11,12929.1,12998.77,,12839432.0,,raw
2021-08-18,12980.95,13433.75,12961.2,13328.67,,12339351.0,,raw
2021-08-19,13272.62,13750.06,13157.92,13641.86,,13112874.0,,raw
2021-08-20,13550.4,13817.86,13384.94,13611.05,,12692791.0,,raw
2021-08-23,13729.44,14346.67,13729.21,14204.26,,16411967.0,,raw
2021-08-24,13771.59,14164.07,13484.88,14103.87,,16849911.0,,raw
2021-08-25,14047.03,14191.49,13854.41,13978.61,,15963422.0,,raw
2021-08-26,13919.51,14211.96,13916.02,13941.26,,17377697.0,,raw
2021-08-27,13895.52,13925.33,13580.6,13696.27,,14693526.0,,raw
2021-08-30,13831.88,14365.51,13831.88,14094.02,,17206463.0,,raw
2021-08-31,14142.1,14285.11,13907.63,14114.69,,17520993.0,,raw
2021-09-01,14118.85,14119.13,13342.48,13620.29,,19448990.0,,raw
2021-09-02,13529.33,13663.39,13448.85,13590.07,,13772917.0,,raw
2021-09-03,13517.61,13565.37,12848.49,13075.22,,15179532.0,,raw
2021-09-06,13033.38,13272.74,12953.34,13270.06,,11656440.0,,raw
2021-09-07,13264.92,13531.93,13194.75,13438.76,,13658089.0,,raw
2021-09-08,13441.54,13441.57,13165.41,13270.77,,12278848.0,,raw
2021-09-09,13238.83,13593.1,13103.0,13558.0,,15790574.0,,raw
2021-09-10,13565.23,13588.14,13327.04,13428.62,,13540548.0,,raw
2021-09-13,13404.76,13484.1,13201.5,13297.48,,12264629.0,,raw
2021-09-14,13298.5,13500.1,13106.83,13134.88,,11794547.0,,raw
2021-09-15,13134.05,13302.32,12990.55,13233.2,,10348342.0,,raw
2021-09-16,13199.51,13303.32,12893.45,12903.37,,11404438.0,,raw
2021-09-17,12939.91,13050.88,12427.96,12719.03,,11163297.0,,raw
2021-09-22,12532.53,13018.89,12504.94,12944.18,,10270938.0,,raw
2021-09-23,12964.04,13317.7,12928.43,13277.2,,13521310.0,,raw
2021-09-24,13230.85,13313.86,13123.73,13214.05,,9850178.0,,raw
2021-09-27,13166.99,13252.91,12568.26,12770.15,,11445772.0,,raw
2021-09-28,12740.74,13004.29,12740.74,12913.54,,7321679.0,,raw
2021-09-29,12816.42,12862.79,12410.79,12410.88,,8414608.0,,raw
2021-09-30,12470.51,12673.39,12470.51,12543.94,,5627034.0,,raw
2021-10-08,12645.03,12659.91,12278.89,12340.37,,6491002.0,,raw
2021-10-11,12380.92,12873.84,12346.81,12628.5,,8556922.0,,raw
2021-10-12,12525.02,12525.02,12091.16,12197.74,,7488657.0,,raw
2021-10-13,12059.54,12282.81,11856.94,12238.66,,6482498.0,,raw
2021-10-14,12230.61,12577.38,12225.17,12473.17,,6304520.0,,raw
2021-10-15,12495.74,12618.09,12427.41,12553.77,,6049989.0,,raw
2021-10-18,12545.76,12779.12,12542.55,12731.96,,6816249.0,,raw
2021-10-19,12702.74,12752.71,12597.55,12747.6,,6281348.0,,raw
2021-10-20,12737.41,12975.69,12710.31,12896.43,,6636209.0,,raw
2021-10-21,12859.51,12878.68,12642.19,12734.63,,6720315.0,,raw
2021-10-22,12714.18,12817.33,12697.47,12751.44,,5788691.0,,raw
2021-10-25,12754.37,12987.75,12697.96,12973.12,,7407374.0,,raw
2021-10-26,12924.34,13015.7,12887.5,12946.23,,6691792.0,,raw
2021-10-27,13131.73,13238.83,12969.19,13042.21,,8137330.0,,raw
2021-10-28,12931.4,13064.8,12748.32,12782.77,,7991481.0,,raw
2021-10-29,12790.23,13223.65,12741.11,13219.3,,9139751.0,,raw
2021-11-01,13288.06,13529.74,13245.33,13451.87,,8967546.0,,raw
2021-11-02,13570.81,13882.37,13570.81,13777.07,,15564658.0,,raw
2021-11-03,13637.36,13721.93,13439.18,13641.03,,10428083.0,,raw
2021-11-04,13630.25,13826.84,13576.06,13811.58,,9495076.0,,raw
2021-11-05,13803.05,13880.48,13640.06,13649.32,,9186380.0,,raw
2021-11-08,13600.54,13725.33,13453.87,13725.3,,6960619.0,,raw
2021-11-09,13726.12,14340.11,13700.37,14229.64,,10726248.0,,raw
2021-11-10,14223.77,14434.06,14141.29,14211.17,,10051538.0,,raw
2021-11-11,14159.06,14291.95,14029.01,14226.12,,7884398.0,,raw
2021-11-12,14210.04,14787.78,14210.04,14749.35,,12509747.0,,raw
2021-11-15,14789.82,14966.31,14464.36,14529.66,,12652345.0,,raw
2021-11-16,14452.46,14673.0,13944.18,13944.46,,11937282.0,,raw
2021-11-17,13949.94,14244.48,13746.43,14224.33,,9715181.0,,raw
2021-11-18,14190.57,14733.87,14120.73,14613.88,,10261574.0,,raw
2021-11-19,14619.49,14730.75,14503.93,14609.96,,9166177.0,,raw
2021-11-22,14623.22,14788.93,14513.49,14752.75,,8597238.0,,raw
2021-11-23,14732.15,14834.39,14593.86,14678.32,,8964776.0,,raw
2021-11-24,14674.33,14798.11,14397.65,14408.6,,8564246.0,,raw
2021-11-25,14363.4,14561.93,14278.46,14331.09,,8079739.0,,raw
2021-11-26,14317.16,14520.64,14299.69,14324.67,,7477386.0,,raw
2021-11-29,14189.06,14738.42,14158.54,14670.13,,9035360.0,,raw
2021-11-30,14729.97,15154.13,14703.87,14996.01,,13118124.0,,raw
2021-12-01,14938.01,14976.49,14687.92,14748.38,,8932874.0,,raw
2021-12-02,14732.61,14745.17,14528.02,14613.36,,8598043.0,,raw
2021-12-03,14637.34,14979.55,14637.34,14968.83,,11575273.0,,raw
2021-12-06,14947.62,15115.31,14797.37,14921.39,,10942759.0,,raw
2021-12-07,14923.61,14973.44,14275.57,14391.58,,11102991.0,,raw
2021-12-08,14442.91,14733.96,14442.51,14723.09,,10993640.0,,raw
2021-12-09,14694.24,14775.69,14470.01,14610.15,,10942598.0,,raw
2021-12-10,14560.27,14575.87,14394.26,14512.94,,9806270.0,,raw
2021-12-13,14523.25,14566.76,14261.78,14503.78,,10599639.0,,raw
2021-12-14,14467.84,14761.33,14399.04,14637.82,,9123946.0,,raw
2021-12-15,14627.48,14702.56,14520.97,14551.77,,8079053.0,,raw
2021-12-16,14549.09,14696.2,14523.88,14596.04,,8983916.0,,raw
2021-12-17,14589.6,14589.6,14316.96,14316.96,,9952775.0,,raw
2021-12-20,14222.29,14423.45,13999.93,14009.43,,9137073.0,,raw
2021-12-21,14023.12,14149.65,13887.17,14054.53,,6983674.0,,raw
2021-12-22,14059.69,14161.32,13900.64,14051.05,,6952235.0,,raw
2021-12-23,14046.17,14281.62,13972.7,14169.4,,7285992.0,,raw
2021-12-24,14141.8,14226.8,14078.02,14155.08,,7653611.0,,raw
2021-12-27,14120.68,14237.86,14073.9,14108.42,,6900931.0,,raw
2021-12-28,14111.63,14205.0,13968.22,14203.89,,6877061.0,,raw
2021-12-29,14211.14,14462.0,14211.14,14424.77,,11185823.0,,raw
2021-12-30,14405.16,14924.11,14394.29,14877.0,,12142368.0,,raw
2021-12-31,14888.27,14977.07,14797.86,14896.89,,9857953.0,,raw
2022-01-04,14894.07,14972.07,14631.92,14732.88,,10205898.0,,raw
2022-01-05,14690.36,14750.57,13958.84,13979.6,,11728915.0,,raw
2022-01-06,13902.36,13983.25,13664.19,13805.97,,9017952.0,,raw
2022-01-07,13834.46,13928.36,13605.02,13614.24,,8502496.0,,raw
2022-01-10,13532.83,13651.95,13317.84,13500.72,,7639643.0,,raw
2022-01-11,13501.45,13527.02,13107.03,13142.41,,8400340.0,,raw
2022-01-12,13173.91,13468.38,13173.91,13459.64,,7206025.0,,raw
2022-01-13,13482.93,13482.93,13124.23,13182.13,,7490930.0,,raw
2022-01-14,13133.14,13392.95,13121.18,13241.65,,6890434.0,,raw
2022-01-17,13231.33,13508.72,13231.31,13474.25,,7061841.0,,raw
2022-01-18,13481.91,13643.55,13398.51,13507.44,,7749033.0,,raw
2022-01-19,13479.47,13539.71,13128.5,13219.4,,7700355.0,,raw
2022-01-20,13257.07,13259.21,12868.34,12902.49,,9025320.0,,raw
2022-01-21,12723.05,12724.68,12491.83,12564.34,,9936393.0,,raw
2022-01-24,12520.27,12785.8,12495.32,12716.66,,7388662.0,,raw
2022-01-25,12757.44,12968.59,12505.73,12505.98,,8353687.0,,raw
2022-01-26,12524.37,12639.67,12331.66,12489.0,,6427605.0,,raw
2022-01-27,12487.91,12604.64,12181.92,12185.17,,6661893.0,,raw
2022-01-28,12288.66,12421.81,12022.17,12214.79,,6563294.0,,raw
2022-02-07,12387.37,12427.79,12122.5,12157.25,,6197259.0,,raw
2022-02-08,12171.83,12171.83,11789.26,12058.28,,6532530.0,,raw
2022-02-09,12047.35,12345.6,11991.15,12335.2,,6916652.0,,raw
2022-02-10,12339.92,12384.93,12181.63,12233.85,,5278660.0,,raw
2022-02-11,12175.25,12192.87,11968.42,11993.99,,5477735.0,,raw
2022-02-14,11969.78,12239.52,11957.85,12035.27,,6761877.0,,raw
2022-02-15,12029.62,12318.81,12029.62,12314.03,,6296213.0,,raw
2022-02-16,12269.75,12273.41,12125.26,12171.79,,5268726.0,,raw
2022-02-17,12140.06,12299.07,12055.45,12253.62,,6698753.0,,raw
2022-02-18,12178.86,12217.43,12101.26,12216.9,,5123588.0,,raw
2022-02-21,12217.97,12342.54,12185.64,12239.62,,5561221.0,,raw
2022-02-22,12309.29,12328.83,12043.71,12142.13,,7456871.0,,raw
2022-02-23,12091.4,12626.49,12089.46,12596.34,,8947012.0,,raw
2022-02-24,12566.22,13000.19,12487.49,12724.35,,16444723.0,,raw
2022-02-25,12618.09,12800.39,12593.56,12689.07,,9297856.0,,raw
2022-02-28,12795.22,12981.53,12765.01,12874.11,,8370386.0,,raw
2022-03-01,12892.01,13082.1,12826.08,13054.25,,9110121.0,,raw
2022-03-02,13038.94,13038.94,12860.8,12940.5,,6945334.0,,raw
2022-03-03,12954.48,12956.16,12616.79,12635.81,,7692291.0,,raw
2022-03-04,12575.78,12749.04,12394.55,12458.51,,8382570.0,,raw
2022-03-07,12482.81,12524.96,12198.95,12250.7,,7431610.0,,raw
2022-03-08,12233.05,12328.96,11784.62,11801.59,,8965978.0,,raw
2022-03-09,11822.79,11864.58,11028.37,11561.68,,10782012.0,,raw
2022-03-10,11804.0,11975.93,11777.6,11797.64,,8000635.0,,raw
2022-03-11,11665.1,11850.93,11452.07,11848.19,,6601277.0,,raw
2022-03-14,11733.44,12095.63,11695.19,11776.6,,7393197.0,,raw
2022-03-15,11711.38,11844.97,11312.09,11312.09,,8273863.0,,raw
2022-03-16,11479.7,11708.38,11039.84,11686.35,,8942833.0,,raw
2022-03-17,11789.67,11998.35,11769.07,11804.62,,8261194.0,,raw
2022-03-18,11747.15,11747.15,11416.94,11645.63,,6071993.0,,raw
2022-03-21,11660.37,11920.16,11603.42,11808.48,,7007506.0,,raw
2022-03-22,11839.78,11883.34,11620.08,11675.31,,7081324.0,,raw
2022-03-23,11665.77,12059.51,11604.68,11921.41,,8692242.0,,raw
2022-03-24,11843.12,11846.42,11729.33,11776.54,,6627688.0,,raw
2022-03-25,11779.04,11962.55,11668.41,11668.41,,7030396.0,,raw
2022-03-28,11552.91,11570.98,11376.45,11433.67,,6126557.0,,raw
2022-03-29,11525.3,11828.52,11525.3,11573.49,,7187875.0,,raw
2022-03-30,11622.58,11780.15,11555.14,11755.39,,6019715.0,,raw
2022-03-31,11720.7,11720.7,11450.09,11516.9,,6171919.0,,raw
2022-04-01,11461.17,11639.73,11443.01,11518.09,,5691765.0,,raw
2022-04-06,11487.13,11487.13,11213.77,11284.3,,5993829.0,,raw
2022-04-07,11254.59,11440.72,11093.5,11111.17,,6192957.0,,raw
2022-04-08,11116.88,11132.55,10884.3,11003.56,,6214121.0,,raw
2022-04-11,10965.9,10965.9,10424.29,10457.36,,6937166.0,,raw
2022-04-12,10460.39,10612.69,10336.14,10612.17,,6836872.0,,raw
2022-04-13,10541.67,10541.67,10328.26,10329.63,,5084921.0,,raw
2022-04-14,10390.27,10406.69,10249.98,10356.75,,4913450.0,,raw
2022-04-15,10305.55,10402.83,10161.27,10356.25,,6517353.0,,raw
2022-04-18,10300.41,10676.91,10260.45,10668.44,,6847588.0,,raw
2022-04-19,10653.83,10728.3,10596.15,10632.2,,5541386.0,,raw
2022-04-20,10645.91,10660.93,10424.27,10458.04,,5001845.0,,raw
2022-04-21,10419.23,10557.51,10108.18,10128.63,,5971739.0,,raw
2022-04-22,10075.13,10096.46,9873.03,9995.66,,5874027.0,,raw
2022-04-25,9851.51,9851.51,9228.8,9228.98,,8017705.0,,raw
2022-04-26,9198.95,9269.05,8825.34,8840.23,,8912569.0,,raw
2022-04-27,8727.92,9448.66,8713.62,9428.49,,9263172.0,,raw
2022-04-28,9353.94,9628.23,9281.73,9494.37,,7387351.0,,raw
2022-04-29,9563.21,10062.16,9523.39,10051.59,,8796401.0,,raw
2022-05-05,10059.4,10592.96,10033.08,10401.9,,9416181.0,,raw
2022-05-06,10165.68,10436.47,10132.41,10297.92,,6519711.0,,raw
2022-05-09,10263.92,10594.93,10249.24,10561.84,,6726367.0,,raw
2022-05-10,10410.6,10730.48,10401.94,10597.71,,6951584.0,,raw
2022-05-11,10655.42,10819.75,10549.06,10553.98,,8062403.0,,raw
2022-05-12,10490.24,10687.0,10478.81,10631.08,,5670009.0,,raw
2022-05-13,10670.83,10705.36,10557.01,10640.03,,5000580.0,,raw
2022-05-16,10744.55,10880.02,10601.11,10634.23,,5708182.0,,raw
2022-05-17,10626.02,10775.68,10512.44,10755.75,,5008653.0,,raw
2022-05-18,10764.12,10895.5,10676.9,10804.37,,5836212.0,,raw
2022-05-19,10652.53,10852.65,10599.19,10852.65,,5712521.0,,raw
2022-05-20,10881.18,10951.36,10688.26,10824.05,,6072868.0,,raw
2022-05-23,10793.98,10823.97,10626.26,10808.8,,6229377.0,,raw
2022-05-24,10803.83,11026.09,10424.08,10424.29,,9227137.0,,raw
2022-05-25,10396.97,10555.61,10367.03,10549.73,,6079368.0,,raw
2022-05-26,10541.1,11010.5,10526.74,10868.07,,12917758.0,,raw
2022-05-27,10953.65,11036.62,10772.64,10856.12,,8673094.0,,raw
2022-05-30,10895.01,10981.96,10775.39,10978.95,,9150456.0,,raw
2022-05-31,10940.5,11036.73,10798.67,11020.18,,8506160.0,,raw
2022-06-01,10984.39,11148.85,10968.99,11106.15,,9185764.0,,raw
2022-06-02,11058.47,11340.44,11051.23,11327.48,,7897731.0,,raw
2022-06-06,11327.68,11540.19,11258.79,11514.32,,9173812.0,,raw
2022-06-07,11495.6,11573.4,11352.78,11473.86,,8326551.0,,raw
2022-06-08,11449.41,11513.99,11165.01,11346.4,,8515444.0,,raw
2022-06-09,11335.55,11335.55,11003.89,11060.61,,7203669.0,,raw
2022-06-10,11031.13,11491.41,11021.99,11481.87,,9036343.0,,raw
2022-06-13,11498.17,11606.31,11357.99,11541.12,,12470250.0,,raw
2022-06-14,11395.81,11400.51,11044.17,11327.0,,13441595.0,,raw
2022-06-15,11346.33,11550.58,11344.7,11363.65,,14279642.0,,raw
2022-06-16,11361.86,11548.92,11347.83,11407.97,,9828437.0,,raw
2022-06-17,11348.75,11469.09,11226.09,11453.16,,10474486.0,,raw
2022-06-20,11470.74,11625.83,11451.6,11589.36,,11038425.0,,raw
2022-06-21,11590.75,11590.75,11258.18,11353.46,,9305610.0,,raw
2022-06-22,11366.53,11416.75,11137.82,11147.41,,8541591.0,,raw
2022-06-23,11150.55,11724.07,11136.16,11723.91,,12953710.0,,raw
2022-06-24,11818.7,12169.58,11818.7,12036.39,,14557423.0,,raw
2022-06-27,12111.1,12115.11,11936.44,12044.39,,10494679.0,,raw
2022-06-28,12041.73,12303.35,12032.44,12285.38,,11964927.0,,raw
2022-06-29,12233.78,12278.44,11927.14,11942.16,,10682962.0,,raw
2022-06-30,11947.19,12087.77,11907.85,12010.17,,8630102.0,,raw
2022-07-01,12025.91,12192.9,11920.46,11970.87,,8854721.0,,raw
2022-07-04,12028.19,12372.32,11848.57,12366.51,,11521952.0,,raw
2022-07-05,12351.6,12354.76,12075.88,12279.84,,9655228.0,,raw
2022-07-06,12231.2,12364.11,12010.29,12149.76,,9120507.0,,raw
2022-07-07,12154.57,12451.64,12146.53,12385.1,,10581607.0,,raw
2022-07-08,12374.94,12383.59,12189.33,12211.21,,8676183.0,,raw
2022-07-11,12186.98,12186.98,11931.93,12106.13,,8340301.0,,raw
2022-07-12,12093.79,12302.91,11900.89,11911.01,,8241538.0,,raw
2022-07-13,11907.58,11947.63,11730.02,11835.18,,7297934.0,,raw
2022-07-14,11825.23,12193.64,11815.94,12109.1,,10002604.0,,raw
2022-07-15,12077.69,12218.98,11931.56,11933.92,,9231708.0,,raw
2022-07-18,11940.53,11964.41,11718.75,11948.36,,7619385.0,,raw
2022-07-19,11930.78,12116.24,11873.92,12009.62,,9145975.0,,raw
2022-07-20,12042.2,12489.67,12037.29,12487.58,,16193365.0,,raw
2022-07-21,12463.79,12463.79,12249.48,12294.43,,12013863.0,,raw
2022-07-22,12289.23,12429.45,12135.73,12282.76,,9121568.0,,raw
2022-07-25,12362.29,12472.86,12067.11,12115.42,,8714038.0,,raw
2022-07-26,12106.6,12238.76,12014.56,12188.54,,7038920.0,,raw
2022-07-27,12185.54,12420.27,12166.62,12308.07,,9084213.0,,raw
2022-07-28,12332.36,12472.37,12264.89,12463.36,,10092394.0,,raw
2022-07-29,12441.25,12441.25,12136.42,12209.39,,9227155.0,,raw
2022-08-01,12252.09,12329.84,12152.89,12227.89,,9340921.0,,raw
2022-08-02,12356.49,12444.48,11993.42,12073.99,,19050376.0,,raw
2022-08-03,12012.46,12687.97,11969.92,12506.04,,25993001.0,,raw
2022-08-04,12520.25,12523.79,12231.93,12306.23,,16529163.0,,raw
2022-08-05,12276.08,12392.83,12148.13,12369.18,,14139900.0,,raw
2022-08-08,12349.48,12659.28,12313.5,12647.93,,12915943.0,,raw
2022-08-09,12622.19,12892.65,12502.97,12843.03,,13491306.0,,raw
2022-08-10,12786.82,13006.83,12770.43,12866.98,,13477801.0,,raw
2022-08-11,12875.74,12906.12,12741.3,12897.48,,13826998.0,,raw
2022-08-12,12852.91,12852.91,12607.68,12612.21,,12313670.0,,raw
2022-08-15,12569.31,12655.28,12550.21,12623.61,,9077585.0,,raw
2022-08-16,12601.46,12792.63,12576.19,12655.28,,9348208.0,,raw
2022-08-17,12629.27,12662.93,12469.46,12605.79,,9969311.0,,raw
2022-08-18,12596.92,12712.11,12565.23,12696.56,,9721400.0,,raw
2022-08-19,12698.76,12804.28,12428.44,12438.63,,10965279.0,,raw
2022-08-22,12396.33,12628.74,12342.91,12616.24,,10672067.0,,raw
2022-08-23,12581.18,12623.52,12465.18,12525.36,,8961921.0,,raw
2022-08-24,12536.12,12540.73,12018.83,12039.61,,11869549.0,,raw
2022-08-25,12047.37,12193.07,11931.47,12053.9,,9512028.0,,raw
2022-08-26,12072.03,12103.57,11798.82,11831.04,,8593913.0,,raw
2022-08-29,11697.18,12103.26,11651.13,12075.9,,8933540.0,,raw
2022-08-30,12068.9,12111.68,11948.89,11981.89,,8104055.0,,raw
2022-08-31,11960.76,12043.41,11596.1,11653.42,,8744094.0,,raw
2022-09-01,11650.94,11782.47,11590.94,11623.62,,6862375.0,,raw
2022-09-02,11624.2,11884.36,11594.9,11796.35,,9616893.0,,raw
2022-09-05,11785.04,11944.43,11722.53,11829.98,,9029586.0,,raw
2022-09-06,11869.77,12166.04,11834.36,12151.38,,10995027.0,,raw
2022-09-07,12096.09,12264.02,12074.45,12239.43,,8734994.0,,raw
2022-09-08,12231.95,12455.87,12209.59,12389.76,,9674656.0,,raw
2022-09-09,12385.45,12486.95,12223.53,12311.38,,8909102.0,,raw
2022-09-13,12329.69,12428.86,12259.75,12410.6,,9505220.0,,raw
2022-09-14,12267.92,12598.98,12248.54,12535.47,,10082161.0,,raw
2022-09-15,12557.74,12557.74,12007.92,12149.1,,11473708.0,,raw
2022-09-16,12122.7,12455.85,12117.88,12140.41,,10534373.0,,raw
2022-09-19,12119.18,12207.43,11837.04,11917.51,,9015193.0,,raw
2022-09-20,11992.44,12105.07,11881.97,11926.63,,7013792.0,,raw
2022-09-21,11901.04,11919.65,11670.06,11859.97,,7529532.0,,raw
2022-09-22,11809.17,12213.9,11790.36,12127.21,,9617459.0,,raw
2022-09-23,12107.91,12435.14,11971.2,12050.81,,8796919.0,,raw
2022-09-26,11938.0,11965.0,11643.08,11668.17,,8352242.0,,raw
2022-09-27,11685.02,11842.71,11685.02,11826.62,,7010462.0,,raw
2022-09-28,11805.4,11947.39,11384.44,11387.0,,7676321.0,,raw
2022-09-29,11484.58,11626.51,11363.26,11425.2,,6607207.0,,raw
2022-09-30,11419.56,11419.77,11082.3,11098.14,,6582120.0,,raw
2022-10-10,11118.93,11189.92,10871.12,10913.94,,6735190.0,,raw
2022-10-11,10907.97,11013.24,10828.71,10960.95,,5613363.0,,raw
2022-10-12,10943.43,11188.98,10697.7,11186.5,,7976496.0,,raw
2022-10-13,11127.68,11398.64,11106.91,11285.55,,8197552.0,,raw
2022-10-14,11343.77,11562.64,11257.67,11537.66,,8376090.0,,raw
2022-10-17,11518.91,11893.94,11501.19,11845.94,,9670991.0,,raw
2022-10-18,11844.17,11903.89,11712.98,11838.97,,9294207.0,,raw
2022-10-19,11803.27,11917.73,11701.77,11782.67,,7688686.0,,raw
2022-10-20,11724.26,11939.07,11578.51,11812.45,,8838370.0,,raw
2022-10-21,11796.41,11901.02,11661.07,11802.7,,7995538.0,,raw
2022-10-24,11909.07,12398.5,11909.07,12225.81,,14767737.0,,raw
2022-10-25,12182.93,12330.96,12052.6,12235.64,,12089355.0,,raw
2022-10-26,12222.99,12469.01,12047.16,12400.0,,12180105.0,,raw
2022-10-27,12385.93,12454.48,12243.63,12317.72,,10856509.0,,raw
2022-10-28,12239.0,12391.78,12043.94,12089.34,,10170078.0,,raw
2022-10-31,12005.47,12515.06,11872.7,12421.48,,13105949.0,,raw
2022-11-01,12417.41,12474.55,12141.85,12328.13,,11283234.0,,raw
2022-11-02,12267.72,12369.12,12175.61,12241.68,,11406241.0,,raw
2022-11-03,12142.04,12404.49,12126.4,12349.51,,9743530.0,,raw
2022-11-04,12331.33,12387.33,12258.59,12386.95,,10622381.0,,raw
2022-11-07,12401.76,12452.57,12083.87,12153.83,,10986356.0,,raw
2022-11-08,12154.03,12225.14,12067.06,12190.22,,10072522.0,,raw
2022-11-09,12276.45,12314.69,12087.66,12088.18,,9226154.0,,raw
2022-11-10,11987.12,12030.5,11787.31,11842.13,,8376955.0,,raw
2022-11-11,12034.01,12080.3,11807.23,11947.0,,11157779.0,,raw
2022-11-14,11885.28,11976.37,11751.55,11816.12,,9130669.0,,raw
2022-11-15,11770.49,12012.76,11742.72,11979.08,,8958049.0,,raw
2022-11-16,11976.57,12202.25,11952.67,12024.2,,10952139.0,,raw
2022-11-17,11959.63,12092.97,11756.2,12091.32,,10005183.0,,raw
2022-11-18,12080.56,12115.84,11903.86,11915.34,,11141106.0,,raw
2022-11-21,11852.9,12056.7,11801.13,12030.78,,9079951.0,,raw
2022-11-22,11998.56,12201.78,11928.26,12022.03,,12035924.0,,raw
2022-11-23,12000.08,12028.47,11848.3,11983.33,,10497489.0,,raw
2022-11-24,11964.01,12042.77,11835.68,11855.07,,8090927.0,,raw
2022-11-25,11835.41,11835.52,11673.44,11682.64,,7025677.0,,raw
2022-11-28,11527.94,11680.22,11464.03,11660.31,,7954110.0,,raw
2022-11-29,11688.83,11753.32,11592.94,11653.93,,7825813.0,,raw
2022-11-30,11683.09,11708.0,11564.32,11666.37,,8696305.0,,raw
2022-12-01,11677.58,11813.73,11662.2,11780.61,,9097629.0,,raw
2022-12-02,11750.78,11855.53,11634.93,11641.51,,7925705.0,,raw
2022-12-05,11664.74,11711.29,11596.8,11685.35,,11413750.0,,raw
2022-12-06,11658.79,11737.22,11555.87,11727.46,,9538377.0,,raw
2022-12-07,11687.33,11738.13,11608.2,11654.51,,8484933.0,,raw
2022-12-08,11635.32,11635.32,11468.14,11489.48,,7383685.0,,raw
2022-12-09,11491.02,11522.3,11332.24,11436.9,,8908123.0,,raw
2022-12-12,11424.77,11584.28,11329.47,11547.77,,8269669.0,,raw
2022-12-13,11542.54,11553.01,11335.21,11342.87,,7238786.0,,raw
2022-12-14,11350.63,11466.59,11283.65,11305.27,,6638573.0,,raw
2022-12-15,11300.84,11379.09,11240.43,11327.13,,5148210.0,,raw
2022-12-16,11266.35,11280.21,11103.64,11169.94,,5955111.0,,raw
2022-12-19,11143.2,11207.99,11019.64,11054.43,,5156324.0,,raw
2022-12-20,11058.17,11173.46,10984.5,11038.5,,5283171.0,,raw
2022-12-21,11022.61,11057.18,10835.07,10867.32,,4620638.0,,raw
2022-12-22,10899.23,10913.45,10708.95,10750.37,,5572157.0,,raw
2022-12-23,10684.16,10746.35,10597.24,10645.15,,4106246.0,,raw
2022-12-26,10677.92,10971.95,10677.92,10968.98,,5416988.0,,raw
2022-12-27,10990.91,11054.13,10938.58,11032.79,,4623369.0,,raw
2022-12-28,11025.84,11084.39,10865.32,10899.73,,5640628.0,,raw
2022-12-29,10879.9,11148.23,10867.97,11072.07,,6405500.0,,raw
2022-12-30,11076.32,11149.08,11027.56,11062.02,,4694873.0,,raw
