trade_date,open,high,low,close,adj_close,volume,amount,price_type
2019-01-02,52.56,52.91,50.93,51.83,51.83,69185.0,,adjusted
2019-01-03,51.67,51.67,48.53,49.01,49.01,112042.0,,adjusted
2019-01-04,48.08,50.24,47.76,49.13,49.13,106282.0,,adjusted
2019-01-07,49.41,50.61,48.92,50.13,50.13,85276.0,,adjusted
2019-01-08,49.85,51.93,49.77,51.63,51.63,61794.0,,adjusted
2019-01-09,51.64,54.59,51.58,52.93,52.93,127351.0,,adjusted
2019-01-10,52.89,53.43,51.83,52.13,52.13,61271.0,,adjusted
2019-01-11,52.44,53.03,51.8,52.71,52.71,63140.0,,adjusted
2019-01-14,52.18,52.67,50.49,50.63,50.63,54941.0,,adjusted
2019-01-15,50.83,52.98,50.83,52.81,52.81,93667.0,,adjusted
2019-01-16,53.02,53.51,52.03,53.16,53.16,68661.0,,adjusted
2019-01-17,53.19,53.19,52.48,52.83,52.83,43180.0,,adjusted
2019-01-18,50.63,51.98,49.03,51.46,51.46,221084.0,,adjusted
2019-01-21,51.55,52.33,51.31,51.9,51.9,108908.0,,adjusted
2019-01-22,52.01,52.01,50.42,50.93,50.93,66798.0,,adjusted
2019-01-23,51.18,51.63,50.53,51.14,51.14,40175.0,,adjusted
2019-01-24,45.34,48.15,45.34,48.03,48.03,299595.0,,adjusted
2019-01-25,47.28,49.14,47.09,48.46,48.46,114745.0,,adjusted
2019-01-28,48.53,49.0,46.7,47.03,47.03,158471.0,,adjusted
2019-01-29,46.7,48.08,46.53,47.9,47.9,91538.0,,adjusted
2019-01-30,47.83,47.83,46.04,46.43,46.43,168843.0,,adjusted
2019-01-31,46.23,46.88,45.38,46.53,46.53,113524.0,,adjusted
2019-02-01,46.83,46.93,45.53,46.53,46.53,140500.0,,adjusted
2019-02-11,46.57,50.61,46.57,50.13,50.13,171996.0,,adjusted
2019-02-12,49.83,50.83,49.33,50.21,50.21,94221.0,,adjusted
2019-02-13,50.21,52.38,50.21,52.03,52.03,132804.0,,adjusted
2019-02-14,52.21,54.51,51.61,53.86,53.86,122842.0,,adjusted
2019-02-15,53.73,54.39,51.42,51.64,51.64,116975.0,,adjusted
2019-02-18,52.39,53.5,52.33,53.3,53.3,119729.0,,adjusted
2019-02-19,53.05,54.21,52.88,53.53,53.53,87579.0,,adjusted
2019-02-20,53.53,55.54,53.53,54.48,54.48,91214.0,,adjusted
2019-02-21,54.48,55.36,53.83,54.55,54.55,76679.0,,adjusted
2019-02-22,54.63,55.03,53.24,54.96,54.96,73026.0,,adjusted
2019-02-25,55.03,56.95,54.24,56.8,56.8,150921.0,,adjusted
2019-02-26,56.79,58.07,54.03,54.38,54.38,151254.0,,adjusted
2019-02-27,54.43,56.25,54.39,55.11,55.11,116817.0,,adjusted
2019-02-28,55.03,56.62,54.63,55.83,55.83,72638.0,,adjusted
2019-03-01,56.63,57.58,55.26,56.48,56.48,88637.0,,adjusted
2019-03-04,57.01,57.98,55.33,55.76,55.76,148736.0,,adjusted
2019-03-05,55.51,56.03,53.22,54.43,54.43,193718.0,,adjusted
2019-03-06,54.41,54.43,52.8,53.7,53.7,171152.0,,adjusted
2019-03-07,53.53,53.68,52.74,53.53,53.53,115113.0,,adjusted
2019-03-08,52.55,53.03,50.69,51.58,51.58,230256.0,,adjusted
2019-03-11,51.93,53.06,51.93,53.03,53.03,117192.0,,adjusted
2019-03-12,54.03,54.03,51.96,52.17,52.17,160052.0,,adjusted
2019-03-13,52.21,52.91,51.43,51.96,51.96,105418.0,,adjusted
2019-03-14,52.03,52.88,51.96,52.17,52.17,77396.0,,adjusted
2019-03-15,52.6,53.41,52.03,52.98,52.98,125815.0,,adjusted
2019-03-18,52.98,55.03,52.53,54.93,54.93,174446.0,,adjusted
2019-03-19,55.23,55.69,54.63,54.92,54.92,108453.0,,adjusted
2019-03-20,54.99,56.22,54.72,55.73,55.73,125577.0,,adjusted
2019-03-21,55.51,56.23,54.18,55.93,55.93,111708.0,,adjusted
2019-03-22,55.72,57.71,55.37,56.28,56.28,118578.0,,adjusted
2019-03-25,55.03,55.46,54.28,54.64,54.64,142000.0,,adjusted
2019-03-26,54.96,56.03,54.93,55.68,55.68,95941.0,,adjusted
2019-03-27,56.18,57.54,55.75,57.5,57.5,149165.0,,adjusted
2019-03-28,57.59,61.77,57.05,59.82,59.82,234690.0,,adjusted
2019-03-29,59.91,63.21,59.91,62.11,62.11,183314.0,,adjusted
2019-04-01,63.03,65.63,61.89,62.01,62.01,160971.0,,adjusted
2019-04-02,62.38,63.3,61.32,62.45,62.45,95241.0,,adjusted
2019-04-03,62.43,64.22,61.88,63.65,63.65,84944.0,,adjusted
2019-04-04,63.63,64.7,62.72,64.38,64.38,66345.0,,adjusted
2019-04-08,64.02,66.36,62.91,64.14,64.14,115046.0,,adjusted
2019-04-09,64.03,65.76,64.02,65.26,65.26,73510.0,,adjusted
2019-04-10,65.41,65.43,63.14,64.43,64.43,86004.0,,adjusted
2019-04-11,64.59,66.34,63.24,64.28,64.28,112941.0,,adjusted
2019-04-12,64.21,65.58,62.74,63.41,63.41,90567.0,,adjusted
2019-04-15,64.83,67.53,64.82,64.94,64.94,118805.0,,adjusted
2019-04-16,64.57,66.7,64.57,66.7,66.7,118477.0,,adjusted
2019-04-17,66.89,68.21,66.05,68.21,68.21,97506.0,,adjusted
2019-04-18,67.73,70.43,67.68,70.26,70.26,79968.0,,adjusted
2019-04-19,70.4,71.33,68.17,70.67,70.67,61654.0,,adjusted
2019-04-22,70.03,72.18,69.25,70.03,70.03,63821.0,,adjusted
2019-04-23,70.03,71.53,69.43,69.43,69.43,105778.0,,adjusted
2019-04-24,69.96,71.18,69.44,70.86,70.86,82481.0,,adjusted
2019-04-25,70.28,72.37,70.23,71.35,71.35,80515.0,,adjusted
2019-04-26,70.83,71.77,67.68,69.33,69.33,119972.0,,adjusted
2019-04-29,70.68,72.91,69.32,72.01,72.01,144159.0,,adjusted
2019-04-30,71.58,71.78,69.17,69.52,69.52,100925.0,,adjusted
2019-05-06,67.03,68.93,66.03,68.04,68.04,152401.0,,adjusted
2019-05-07,68.04,69.73,66.91,68.43,68.43,177226.0,,adjusted
2019-05-08,67.69,68.68,65.03,65.44,65.44,80976.0,,adjusted
2019-05-09,64.69,66.75,63.44,65.68,65.68,127195.0,,adjusted
2019-05-10,66.08,70.11,66.03,69.18,69.18,125881.0,,adjusted
2019-05-13,68.51,70.81,68.18,69.05,69.05,64533.0,,adjusted
2019-05-14,67.83,69.03,66.83,67.18,67.18,98652.0,,adjusted
2019-05-15,68.03,70.16,66.93,69.83,69.83,79930.0,,adjusted
2019-05-16,70.01,71.07,69.28,71.03,71.03,91346.0,,adjusted
2019-05-17,71.23,71.38,69.01,69.22,69.22,81274.0,,adjusted
2019-05-20,68.48,69.02,66.53,68.04,68.04,82422.0,,adjusted
2019-05-21,68.37,70.05,68.13,68.35,68.35,79358.0,,adjusted
2019-05-22,68.72,70.03,67.83,69.0,69.0,75950.0,,adjusted
2019-05-23,68.53,68.92,66.68,67.36,67.36,70339.0,,adjusted
2019-05-24,67.63,68.86,67.03,67.33,67.33,47628.0,,adjusted
2019-05-27,67.18,68.26,65.4,67.82,67.82,71211.0,,adjusted
2019-05-28,67.93,70.42,67.63,70.03,70.03,96738.0,,adjusted
2019-05-29,69.03,69.49,68.18,68.73,68.73,69823.0,,adjusted
2019-05-30,68.68,69.12,67.33,67.85,67.85,70941.0,,adjusted
2019-05-31,68.23,70.13,67.55,69.42,69.42,78382.0,,adjusted
2019-06-03,69.41,70.46,67.92,68.65,68.65,67730.0,,adjusted
2019-06-04,68.54,69.03,67.13,67.73,67.73,59629.0,,adjusted
2019-06-05,68.32,68.53,66.44,66.58,66.58,59384.0,,adjusted
2019-06-06,67.1,67.52,65.47,65.96,65.96,74697.0,,adjusted
2019-06-10,66.59,68.53,66.05,67.97,67.97,61192.0,,adjusted
2019-06-11,68.35,71.01,68.35,70.73,70.73,107302.0,,adjusted
2019-06-12,70.68,71.19,70.08,71.08,71.08,59990.0,,adjusted
2019-06-13,71.18,71.23,69.8,70.53,70.53,46017.0,,adjusted
2019-06-14,71.02,73.63,70.91,71.49,71.49,83920.0,,adjusted
2019-06-17,71.95,74.09,71.55,73.33,73.33,77653.0,,adjusted
2019-06-18,73.43,73.61,71.82,72.06,72.06,55385.0,,adjusted
2019-06-19,73.51,75.01,72.91,74.7,74.7,84067.0,,adjusted
2019-06-20,74.71,79.92,74.06,77.71,77.71,125663.0,,adjusted
2019-06-21,77.63,79.23,76.33,77.07,77.07,91475.0,,adjusted
2019-06-24,77.45,79.07,76.36,78.09,78.09,69309.0,,adjusted
2019-06-25,78.2,78.57,76.18,77.1,77.1,71395.0,,adjusted
2019-06-26,76.95,77.98,76.65,77.58,77.58,53412.0,,adjusted
2019-06-27,77.99,79.81,77.18,79.16,79.16,85341.0,,adjusted
2019-06-28,79.16,81.27,78.39,81.23,81.23,61963.0,,adjusted
2019-07-01,82.18,83.86,81.99,82.78,82.78,90370.0,,adjusted
2019-07-02,82.78,84.18,81.16,83.76,83.76,91137.0,,adjusted
2019-07-03,83.58,84.27,80.08,80.76,80.76,94825.0,,adjusted
2019-07-04,78.88,78.91,74.23,75.88,75.88,287743.0,,adjusted
2019-07-05,76.08,79.91,75.84,79.08,79.08,151454.0,,adjusted
2019-07-08,79.47,79.48,76.56,77.58,77.58,93275.0,,adjusted
2019-07-09,78.2,78.37,77.15,77.6,77.6,49925.0,,adjusted
2019-07-10,78.46,81.35,77.68,80.52,80.52,100088.0,,adjusted
2019-07-11,81.17,82.18,77.91,78.7,78.7,110088.0,,adjusted
2019-07-12,78.58,81.44,78.58,80.29,80.29,76338.0,,adjusted
2019-07-15,80.98,80.99,79.18,80.4,80.4,58777.0,,adjusted
2019-07-16,80.7,80.7,78.63,78.78,78.78,64104.0,,adjusted
2019-07-17,78.38,78.38,75.08,77.29,77.29,126942.0,,adjusted
2019-07-18,77.59,78.28,77.33,77.78,77.78,61637.0,,adjusted
2019-07-19,78.38,79.93,77.92,78.46,78.46,59662.0,,adjusted
2019-07-22,77.77,80.98,77.59,80.6,80.6,71568.0,,adjusted
2019-07-23,80.55,80.58,78.18,78.71,78.71,75078.0,,adjusted
2019-07-24,78.87,79.13,78.2,78.55,78.55,46319.0,,adjusted
2019-07-25,78.87,80.7,78.25,80.68,80.68,75869.0,,adjusted
2019-07-26,80.43,83.07,80.22,82.18,82.18,84197.0,,adjusted
2019-07-29,82.56,83.08,81.98,83.08,83.08,48526.0,,adjusted
2019-07-30,83.26,83.38,81.38,82.52,82.52,60138.0,,adjusted
2019-07-31,81.84,83.14,80.61,83.08,83.08,62760.0,,adjusted
2019-08-01,82.58,84.51,80.76,82.08,82.08,86907.0,,adjusted
2019-08-02,81.48,83.68,80.33,83.05,83.05,70292.0,,adjusted
2019-08-05,81.91,82.46,78.31,78.38,78.38,121512.0,,adjusted
2019-08-06,74.88,78.48,74.85,78.43,78.43,149509.0,,adjusted
2019-08-07,78.75,80.17,77.78,78.78,78.78,74587.0,,adjusted
2019-08-08,79.08,80.38,78.98,80.1,80.1,53567.0,,adjusted
2019-08-09,80.88,81.07,79.73,79.98,79.98,45063.0,,adjusted
2019-08-12,80.18,80.72,79.46,80.18,80.18,44986.0,,adjusted
2019-08-13,79.48,79.77,77.06,79.38,79.38,81815.0,,adjusted
2019-08-14,79.99,81.38,79.99,81.23,81.23,73436.0,,adjusted
2019-08-15,79.58,80.86,79.08,80.01,80.01,51406.0,,adjusted
2019-08-16,80.13,84.34,79.44,83.3,83.3,103338.0,,adjusted
2019-08-19,83.78,85.03,82.18,83.48,83.48,74449.0,,adjusted
2019-08-20,83.38,83.95,82.61,83.78,83.78,44822.0,,adjusted
2019-08-21,83.88,83.93,82.77,83.38,83.38,32426.0,,adjusted
2019-08-22,84.1,87.38,83.78,86.93,86.93,96727.0,,adjusted
2019-08-23,87.33,89.46,86.59,87.86,87.86,65128.0,,adjusted
2019-08-26,87.08,89.08,86.33,87.42,87.42,76118.0,,adjusted
2019-08-27,87.95,89.22,87.42,88.15,88.15,75944.0,,adjusted
2019-08-28,87.6,88.28,85.96,87.47,87.47,62220.0,,adjusted
2019-08-29,87.58,87.88,86.11,87.48,87.48,51408.0,,adjusted
2019-08-30,87.58,88.93,87.01,88.06,88.06,87519.0,,adjusted
2019-09-02,88.61,88.76,84.73,86.97,86.97,108784.0,,adjusted
2019-09-03,86.76,88.03,86.33,87.16,87.16,65077.0,,adjusted
2019-09-04,86.58,86.58,83.89,84.82,84.82,118642.0,,adjusted
2019-09-05,85.83,87.58,85.44,85.63,85.63,109571.0,,adjusted
2019-09-06,86.58,87.88,85.0,86.76,86.76,84791.0,,adjusted
2019-09-09,87.44,88.03,86.11,86.38,86.38,69488.0,,adjusted
2019-09-10,86.27,86.87,84.95,85.57,85.57,64306.0,,adjusted
2019-09-11,85.67,85.88,82.98,83.69,83.69,109408.0,,adjusted
2019-09-12,83.68,85.23,82.58,84.97,84.97,67651.0,,adjusted
2019-09-16,85.58,85.67,84.38,85.33,85.33,52638.0,,adjusted
2019-09-17,85.38,86.05,84.28,84.62,84.62,56199.0,,adjusted
2019-09-18,84.88,87.64,84.66,86.38,86.38,83781.0,,adjusted
2019-09-19,87.27,88.48,86.58,88.19,88.19,89496.0,,adjusted
2019-09-20,88.44,88.54,85.95,85.95,85.95,159888.0,,adjusted
2019-09-23,86.23,86.23,84.58,85.37,85.37,64665.0,,adjusted
2019-09-24,85.78,86.73,84.78,86.38,86.38,57464.0,,adjusted
2019-09-25,86.36,87.93,85.8,86.77,86.77,65838.0,,adjusted
2019-09-26,87.4,87.98,85.96,86.11,86.11,53685.0,,adjusted
2019-09-27,86.48,86.93,84.58,85.59,85.59,55277.0,,adjusted
2019-09-30,85.16,87.16,85.16,85.64,85.64,56936.0,,adjusted
2019-10-08,86.37,90.85,86.25,89.68,89.68,188864.0,,adjusted
2019-10-09,89.37,89.38,85.14,85.83,85.83,159048.0,,adjusted
2019-10-10,86.51,88.07,84.49,87.86,87.86,83925.0,,adjusted
2019-10-11,88.38,88.46,87.38,87.39,87.39,46753.0,,adjusted
2019-10-14,88.18,88.43,86.67,87.21,87.21,50312.0,,adjusted
2019-10-15,87.21,88.08,86.66,87.89,87.89,37971.0,,adjusted
2019-10-16,88.08,89.48,87.89,88.28,88.28,44167.0,,adjusted
2019-10-17,88.28,90.08,88.13,88.83,88.83,36124.0,,adjusted
2019-10-18,89.28,89.47,87.57,87.83,87.83,36655.0,,adjusted
2019-10-21,87.66,88.63,86.68,87.33,87.33,31630.0,,adjusted
2019-10-22,88.24,88.24,85.58,86.9,86.9,56967.0,,adjusted
2019-10-23,86.08,86.89,84.58,84.65,84.65,61741.0,,adjusted
2019-10-24,84.65,84.78,79.69,81.23,81.23,177140.0,,adjusted
2019-10-25,81.21,83.21,80.68,82.97,82.97,84542.0,,adjusted
2019-10-28,82.97,84.72,82.78,84.15,84.15,65725.0,,adjusted
2019-10-29,84.69,85.37,83.08,84.51,84.51,87699.0,,adjusted
2019-10-30,81.76,83.94,81.76,82.73,82.73,101411.0,,adjusted
2019-10-31,82.88,83.28,81.28,82.93,82.93,78455.0,,adjusted
2019-11-01,83.03,84.03,82.13,83.39,83.39,53304.0,,adjusted
2019-11-04,84.38,85.91,83.28,85.5,85.5,81681.0,,adjusted
2019-11-05,85.4,86.48,84.36,85.4,85.4,63977.0,,adjusted
2019-11-06,85.26,85.51,84.52,84.97,84.97,48754.0,,adjusted
2019-11-07,84.61,84.88,82.58,83.23,83.23,75371.0,,adjusted
2019-11-08,84.08,84.46,83.08,83.08,83.08,41184.0,,adjusted
2019-11-11,82.63,82.73,79.58,80.28,80.28,123769.0,,adjusted
2019-11-12,80.96,81.27,78.86,79.5,79.5,72230.0,,adjusted
2019-11-13,79.58,79.76,77.56,77.88,77.88,172850.0,,adjusted
2019-11-14,78.15,78.52,76.96,77.3,77.3,124366.0,,adjusted
2019-11-15,77.93,78.05,76.99,77.08,77.08,79434.0,,adjusted
2019-11-18,77.38,79.68,77.1,79.23,79.23,135544.0,,adjusted
2019-11-19,78.87,79.83,78.38,79.53,79.53,93283.0,,adjusted
2019-11-20,79.53,79.78,78.58,78.99,78.99,58022.0,,adjusted
2019-11-21,78.43,78.91,77.54,78.86,78.86,54725.0,,adjusted
2019-11-22,78.84,79.66,76.39,77.28,77.28,83215.0,,adjusted
2019-11-25,77.26,77.27,74.76,75.61,75.61,119903.0,,adjusted
2019-11-26,76.14,78.91,76.14,76.96,76.96,145657.0,,adjusted
2019-11-27,77.94,79.48,75.78,76.65,76.65,85226.0,,adjusted
2019-11-28,76.42,76.77,75.48,75.68,75.68,50992.0,,adjusted
2019-11-29,75.63,76.53,74.66,76.38,76.38,69616.0,,adjusted
2019-12-02,76.38,76.7,75.57,76.06,76.06,60457.0,,adjusted
2019-12-03,76.08,76.76,74.78,76.46,76.46,71912.0,,adjusted
2019-12-04,76.16,77.69,75.4,77.4,77.4,79992.0,,adjusted
2019-12-05,77.85,79.23,77.58,78.86,78.86,68154.0,,adjusted
2019-12-06,79.46,80.29,78.66,79.78,79.78,57135.0,,adjusted
2019-12-09,80.15,80.54,77.68,77.88,77.88,61816.0,,adjusted
2019-12-10,78.09,81.24,77.95,81.05,81.05,120209.0,,adjusted
2019-12-11,81.36,81.68,79.96,81.18,81.18,58301.0,,adjusted
2019-12-12,81.46,81.57,80.68,81.38,81.38,41286.0,,adjusted
2019-12-13,82.58,83.88,81.94,82.7,82.7,97483.0,,adjusted
2019-12-16,83.09,83.7,77.58,78.7,78.7,301853.0,,adjusted
2019-12-17,78.16,78.92,77.33,78.19,78.19,168692.0,,adjusted
2019-12-18,78.17,78.38,77.58,77.69,77.69,72076.0,,adjusted
2019-12-19,77.78,78.58,77.66,78.05,78.05,71444.0,,adjusted
2019-12-20,78.57,81.03,77.97,80.27,80.27,119808.0,,adjusted
2019-12-23,80.58,82.12,79.26,79.41,79.41,93601.0,,adjusted
2019-12-24,79.42,80.51,77.87,79.79,79.79,43409.0,,adjusted
2019-12-25,79.68,80.13,78.78,79.7,79.7,38074.0,,adjusted
2019-12-26,79.98,81.13,79.9,80.74,80.74,48443.0,,adjusted
2019-12-27,81.15,82.35,80.58,80.7,80.7,60131.0,,adjusted
2019-12-30,80.58,81.69,80.18,81.58,81.58,79054.0,,adjusted
2019-12-31,81.08,81.67,80.41,81.53,81.53,57997.0,,adjusted
2020-01-02,81.59,83.26,81.58,82.63,82.63,73491.0,,adjusted
2020-01-03,83.58,83.8,82.57,83.56,83.56,70270.0,,adjusted
2020-01-06,82.8,84.49,82.08,82.58,82.58,68575.0,,adjusted
2020-01-07,83.32,84.46,83.3,83.49,83.49,55208.0,,adjusted
2020-01-08,82.63,84.46,82.26,83.88,83.88,70121.0,,adjusted
2020-01-09,84.57,87.3,84.46,86.58,86.58,88167.0,,adjusted
2020-01-10,87.76,87.76,86.63,86.92,86.92,56159.0,,adjusted
2020-01-13,83.58,85.31,82.68,83.58,83.58,205279.0,,adjusted
2020-01-14,84.38,84.53,80.89,81.42,81.42,144294.0,,adjusted
2020-01-15,81.42,82.17,80.99,81.94,81.94,64136.0,,adjusted
2020-01-16,82.39,83.41,81.5,82.97,82.97,69959.0,,adjusted
2020-01-17,83.42,83.88,81.89,82.43,82.43,67499.0,,adjusted
2020-01-20,82.73,82.88,77.73,79.48,79.48,209408.0,,adjusted
2020-01-21,78.26,78.26,75.58,76.33,76.33,232072.0,,adjusted
2020-01-22,75.58,77.94,75.19,77.16,77.16,123340.0,,adjusted
2020-01-23,75.58,76.11,72.98,74.58,74.58,248091.0,,adjusted
2020-02-03,66.38,66.38,66.38,66.38,66.38,202001.0,,adjusted
2020-02-04,66.38,69.38,66.08,67.66,67.66,308469.0,,adjusted
2020-02-05,70.28,71.05,68.72,70.36,70.36,259335.0,,adjusted
2020-02-06,71.48,73.38,70.8,73.38,73.38,202305.0,,adjusted
2020-02-07,72.85,73.18,70.86,72.78,72.78,173476.0,,adjusted
2020-02-10,72.08,72.86,71.09,71.58,71.58,134697.0,,adjusted
2020-02-11,72.1,72.98,71.55,72.63,72.63,137075.0,,adjusted
2020-02-12,72.58,73.3,72.08,72.98,72.98,91286.0,,adjusted
2020-02-13,73.06,73.06,71.28,71.74,71.74,127488.0,,adjusted
2020-02-14,71.2,74.01,71.2,73.52,73.52,131659.0,,adjusted
2020-02-17,73.52,74.39,73.35,73.83,73.83,143153.0,,adjusted
2020-02-18,73.88,74.18,72.18,72.78,72.78,131840.0,,adjusted
2020-02-19,72.33,76.0,71.99,75.89,75.89,182784.0,,adjusted
2020-02-20,77.42,79.41,77.18,78.38,78.38,226742.0,,adjusted
2020-02-21,78.3,78.78,77.07,77.65,77.65,115521.0,,adjusted
2020-02-24,76.18,77.65,75.31,75.55,75.55,170001.0,,adjusted
2020-02-25,74.54,74.56,73.35,74.42,74.42,127635.0,,adjusted
2020-02-26,73.46,73.86,72.41,72.78,72.78,147424.0,,adjusted
2020-02-27,73.16,74.59,72.58,73.03,73.03,166170.0,,adjusted
2020-02-28,69.01,72.58,69.01,71.08,71.08,174421.0,,adjusted
2020-03-02,70.63,71.85,69.46,70.97,70.97,141896.0,,adjusted
2020-03-03,72.08,72.56,70.97,71.75,71.75,142904.0,,adjusted
2020-03-04,71.75,72.38,70.25,71.64,71.64,113274.0,,adjusted
2020-03-05,72.48,77.41,72.48,76.69,76.69,258300.0,,adjusted
2020-03-06,75.68,77.18,75.28,75.85,75.85,122065.0,,adjusted
2020-03-09,74.18,74.18,70.92,71.71,71.71,188819.0,,adjusted
2020-03-10,71.58,75.46,71.2,74.06,74.06,115434.0,,adjusted
2020-03-11,73.7,77.38,72.7,75.24,75.24,183675.0,,adjusted
2020-03-12,73.56,74.16,71.46,71.66,71.66,140499.0,,adjusted
2020-03-13,67.58,77.08,67.58,76.17,76.17,287941.0,,adjusted
2020-03-16,75.08,75.17,70.38,70.38,70.38,203655.0,,adjusted
2020-03-17,70.33,72.48,67.38,69.8,69.8,119813.0,,adjusted
2020-03-18,70.28,70.87,66.7,67.96,67.96,126317.0,,adjusted
2020-03-19,66.44,68.57,62.64,64.5,64.5,157135.0,,adjusted
2020-03-20,65.86,69.08,65.38,68.18,68.18,161599.0,,adjusted
2020-03-23,65.73,67.18,64.08,64.73,64.73,120420.0,,adjusted
2020-03-24,66.08,68.43,64.71,65.85,65.85,131747.0,,adjusted
2020-03-25,68.38,68.86,64.78,67.38,67.38,260637.0,,adjusted
2020-03-26,65.7,66.72,64.96,65.48,65.48,135378.0,,adjusted
2020-03-27,66.2,66.28,64.63,65.0,65.0,100273.0,,adjusted
2020-03-30,63.58,63.85,59.08,60.53,60.53,240120.0,,adjusted
2020-03-31,61.15,61.15,59.75,59.78,59.78,111436.0,,adjusted
2020-04-01,59.83,62.82,59.6,61.11,61.11,135308.0,,adjusted
2020-04-02,61.08,64.58,60.69,64.41,64.41,124682.0,,adjusted
2020-04-03,64.53,66.99,64.41,65.21,65.21,121980.0,,adjusted
2020-04-07,67.88,68.56,67.2,68.13,68.13,183501.0,,adjusted
2020-04-08,67.23,70.02,67.22,68.2,68.2,115076.0,,adjusted
2020-04-09,68.65,70.26,67.93,70.08,70.08,75962.0,,adjusted
2020-04-10,69.78,72.42,69.15,69.9,69.9,76182.0,,adjusted
2020-04-13,69.08,71.53,68.99,71.01,71.01,75413.0,,adjusted
2020-04-14,71.58,72.12,70.3,71.97,71.97,131620.0,,adjusted
2020-04-15,71.93,71.93,68.18,69.18,69.18,121155.0,,adjusted
2020-04-16,68.43,69.88,68.14,69.58,69.58,71206.0,,adjusted
2020-04-17,71.58,75.15,71.58,73.88,73.88,193457.0,,adjusted
2020-04-20,74.76,76.27,72.95,75.38,75.38,142136.0,,adjusted
2020-04-21,75.57,75.86,73.43,74.8,74.8,94106.0,,adjusted
2020-04-22,75.86,78.93,75.13,78.5,78.5,211734.0,,adjusted
2020-04-23,81.08,81.58,78.38,79.14,79.14,157356.0,,adjusted
2020-04-24,78.97,81.33,78.97,80.27,80.27,98170.0,,adjusted
2020-04-27,80.44,80.94,78.12,78.98,78.98,91161.0,,adjusted
2020-04-28,78.49,83.18,78.16,82.2,82.2,144491.0,,adjusted
2020-04-29,81.92,84.38,81.92,82.88,82.88,101543.0,,adjusted
2020-04-30,83.18,86.37,81.58,83.88,83.88,98585.0,,adjusted
2020-05-06,82.08,84.02,81.88,82.83,82.83,159248.0,,adjusted
2020-05-07,83.02,84.02,81.69,83.78,83.78,73743.0,,adjusted
2020-05-08,85.58,86.18,83.8,85.26,85.26,78600.0,,adjusted
2020-05-11,85.46,86.07,81.24,81.48,81.48,143757.0,,adjusted
2020-05-12,82.42,84.38,82.27,83.02,83.02,129353.0,,adjusted
2020-05-13,83.08,83.76,82.08,82.57,82.57,68164.0,,adjusted
2020-05-14,81.7,82.38,81.08,81.43,81.43,62146.0,,adjusted
2020-05-15,81.87,82.32,79.94,80.15,80.15,90573.0,,adjusted
2020-05-18,80.47,81.28,80.06,80.08,80.08,73919.0,,adjusted
2020-05-19,81.28,83.99,80.78,81.98,81.98,128089.0,,adjusted
2020-05-20,81.96,83.23,79.94,80.24,80.24,87943.0,,adjusted
2020-05-21,81.08,81.4,79.63,80.36,80.36,80926.0,,adjusted
2020-05-22,80.59,81.48,78.12,78.75,78.75,125278.0,,adjusted
2020-05-25,79.36,82.52,78.48,81.37,81.37,110381.0,,adjusted
2020-05-26,82.46,89.45,82.4,88.6,88.6,183132.0,,adjusted
2020-05-27,87.86,89.22,86.27,89.18,89.18,125821.0,,adjusted
2020-05-28,89.78,90.07,86.67,87.58,87.58,121149.0,,adjusted
2020-05-29,87.14,93.81,86.33,93.81,93.81,187179.0,,adjusted
2020-06-01,94.08,97.12,91.8,94.76,94.76,159126.0,,adjusted
2020-06-02,96.48,97.95,92.02,92.45,92.45,260914.0,,adjusted
2020-06-03,94.58,95.24,90.66,94.76,94.76,130163.0,,adjusted
2020-06-04,93.58,94.33,92.48,92.5,92.5,79008.0,,adjusted
2020-06-05,92.44,100.66,92.44,98.99,98.99,174327.0,,adjusted
2020-06-08,97.68,100.78,96.83,98.76,98.76,92119.0,,adjusted
2020-06-09,98.58,104.58,97.58,102.58,102.58,99914.0,,adjusted
2020-06-10,98.58,100.58,95.26,98.92,98.92,238111.0,,adjusted
2020-06-11,97.58,103.64,96.57,101.53,101.53,156897.0,,adjusted
2020-06-12,100.38,112.43,100.04,112.43,112.43,200100.0,,adjusted
2020-06-15,112.59,121.08,111.33,112.58,112.58,241210.0,,adjusted
2020-06-16,114.48,119.15,111.48,119.08,119.08,127969.0,,adjusted
2020-06-17,118.07,118.68,115.38,117.46,117.46,98758.0,,adjusted
2020-06-18,116.58,122.06,115.18,121.66,121.66,111603.0,,adjusted
2020-06-19,120.02,123.98,118.08,123.39,123.39,128414.0,,adjusted
2020-06-22,122.6,122.89,117.18,118.83,118.83,129406.0,,adjusted
2020-06-23,118.78,122.08,116.3,119.08,119.08,117054.0,,adjusted
2020-06-24,120.13,122.35,118.08,119.88,119.88,108089.0,,adjusted
2020-06-29,119.51,132.61,117.79,132.61,132.61,168839.0,,adjusted
2020-06-30,139.08,146.61,137.68,146.61,146.61,292303.0,,adjusted
2020-07-01,150.73,160.76,147.48,159.86,159.86,290701.0,,adjusted
2020-07-02,158.58,165.77,154.58,158.72,158.72,239326.0,,adjusted
2020-07-03,158.58,175.33,158.08,175.33,175.33,233984.0,,adjusted
2020-07-06,180.81,193.61,174.58,193.61,193.61,183000.0,,adjusted
2020-07-07,206.58,211.46,179.6,184.98,184.98,460523.0,,adjusted
2020-07-08,177.58,191.98,174.66,188.44,188.44,414108.0,,adjusted
2020-07-09,183.58,189.44,179.58,186.37,186.37,271546.0,,adjusted
2020-07-10,183.98,205.52,180.1,196.07,196.07,316848.0,,adjusted
2020-07-13,198.58,200.58,179.58,187.25,187.25,320542.0,,adjusted
2020-07-14,181.42,189.55,181.39,182.58,182.58,229319.0,,adjusted
2020-07-15,182.68,188.26,179.09,183.11,183.11,265085.0,,adjusted
2020-07-16,183.31,185.1,164.3,164.3,164.3,313732.0,,adjusted
2020-07-17,173.3,181.4,173.3,181.4,181.4,290002.0,,adjusted
2020-07-20,185.29,197.69,182.71,189.3,189.3,281397.0,,adjusted
2020-07-21,187.3,193.6,183.3,190.05,190.05,174129.0,,adjusted
2020-07-22,193.27,209.73,189.31,199.91,199.91,328083.0,,adjusted
2020-07-23,197.3,220.57,194.46,220.57,220.57,341294.0,,adjusted
2020-07-24,219.3,221.8,197.84,197.84,197.84,413670.0,,adjusted
2020-07-27,193.3,203.29,189.25,192.99,192.99,246236.0,,adjusted
2020-07-28,195.3,206.18,188.3,200.0,200.0,229097.0,,adjusted
2020-07-29,196.5,211.98,196.3,207.3,207.3,190261.0,,adjusted
2020-07-30,208.24,226.05,205.3,216.6,216.6,227962.0,,adjusted
2020-07-31,217.3,237.66,217.3,236.3,236.3,235983.0,,adjusted
2020-08-03,240.29,242.3,219.3,231.8,231.8,262552.0,,adjusted
2020-08-04,227.3,227.3,213.42,216.85,216.85,250660.0,,adjusted
2020-08-05,213.3,221.3,211.5,217.15,217.15,138350.0,,adjusted
2020-08-06,217.3,218.15,207.41,211.56,211.56,183251.0,,adjusted
2020-08-07,213.3,222.15,208.3,214.18,214.18,178329.0,,adjusted
2020-08-10,207.4,212.89,203.0,207.0,207.0,161619.0,,adjusted
2020-08-11,205.25,216.74,205.25,207.58,207.58,139653.0,,adjusted
2020-08-12,207.8,211.27,196.9,199.95,199.95,203701.0,,adjusted
2020-08-13,200.3,203.9,193.31,197.79,197.79,139725.0,,adjusted
2020-08-14,195.3,202.26,194.44,200.55,200.55,113505.0,,adjusted
2020-08-17,201.0,205.2,197.36,200.5,200.5,124958.0,,adjusted
2020-08-18,202.12,208.8,200.5,204.25,204.25,134381.0,,adjusted
2020-08-19,204.3,204.3,191.8,193.3,193.3,161804.0,,adjusted
2020-08-20,184.3,198.26,184.3,187.3,187.3,211703.0,,adjusted
2020-08-21,189.3,199.9,187.96,192.68,192.68,152849.0,,adjusted
2020-08-24,194.3,198.88,190.1,196.82,196.82,120361.0,,adjusted
2020-08-25,201.09,210.1,196.89,203.61,203.61,173898.0,,adjusted
2020-08-26,201.5,206.1,195.5,196.83,196.83,102373.0,,adjusted
2020-08-27,194.8,199.92,193.32,197.29,197.29,72925.0,,adjusted
2020-08-28,197.69,216.3,197.31,213.6,213.6,192954.0,,adjusted
2020-08-31,214.3,214.3,201.3,201.3,201.3,210476.0,,adjusted
2020-09-01,200.3,212.13,199.4,210.1,210.1,143951.0,,adjusted
2020-09-02,215.04,220.27,212.18,216.3,216.3,150430.0,,adjusted
2020-09-03,214.8,222.9,214.8,217.6,217.6,114931.0,,adjusted
2020-09-04,212.3,214.4,203.3,213.1,213.1,122714.0,,adjusted
2020-09-07,210.3,214.8,200.32,202.58,202.58,157603.0,,adjusted
2020-09-08,204.58,206.05,194.3,197.5,197.5,121581.0,,adjusted
2020-09-09,193.6,196.4,189.1,190.48,190.48,117433.0,,adjusted
2020-09-10,194.29,201.3,193.75,198.9,198.9,138661.0,,adjusted
2020-09-11,197.3,202.1,196.3,200.51,200.51,92990.0,,adjusted
2020-09-14,201.3,210.8,200.84,207.6,207.6,120300.0,,adjusted
2020-09-15,207.61,218.08,205.43,215.88,215.88,116346.0,,adjusted
2020-09-16,216.52,217.66,207.81,210.56,210.56,99620.0,,adjusted
2020-09-17,213.1,213.1,201.88,205.43,205.43,94407.0,,adjusted
2020-09-18,205.3,209.3,203.2,209.3,209.3,101197.0,,adjusted
2020-09-21,210.3,213.2,201.3,202.31,202.31,118044.0,,adjusted
2020-09-22,203.3,204.48,196.88,200.01,200.01,97385.0,,adjusted
2020-09-23,200.35,212.63,198.58,210.8,210.8,115841.0,,adjusted
2020-09-24,211.51,212.28,203.96,206.4,206.4,82876.0,,adjusted
2020-09-25,209.29,216.1,208.53,212.5,212.5,110136.0,,adjusted
2020-09-28,214.3,223.84,211.78,218.2,218.2,157860.0,,adjusted
2020-09-29,217.3,220.24,213.3,217.6,217.6,93856.0,,adjusted
2020-09-30,220.3,222.2,214.63,216.24,216.24,88134.0,,adjusted
2020-10-09,216.3,216.3,193.95,197.4,197.4,325848.0,,adjusted
2020-10-12,197.46,206.2,194.3,205.3,205.3,177850.0,,adjusted
2020-10-13,212.3,212.8,202.1,207.4,207.4,140029.0,,adjusted
2020-10-14,205.22,207.3,199.8,202.5,202.5,137897.0,,adjusted
2020-10-15,200.3,202.78,195.3,196.13,196.13,140874.0,,adjusted
2020-10-16,196.41,198.74,194.94,196.73,196.73,69306.0,,adjusted
2020-10-19,194.31,198.31,192.1,193.4,193.4,99528.0,,adjusted
2020-10-20,193.4,196.35,191.77,193.32,193.32,71137.0,,adjusted
2020-10-21,198.3,198.3,187.32,188.9,188.9,132667.0,,adjusted
2020-10-22,187.3,190.08,180.1,189.29,189.29,126108.0,,adjusted
2020-10-23,190.18,192.53,186.3,186.36,186.36,67458.0,,adjusted
2020-10-26,185.95,185.95,175.18,178.98,178.98,107554.0,,adjusted
2020-10-27,175.91,179.67,172.9,178.11,178.11,118149.0,,adjusted
2020-10-28,183.3,194.3,181.41,191.71,191.71,180517.0,,adjusted
2020-10-29,189.3,196.8,187.9,193.73,193.73,126288.0,,adjusted
2020-10-30,196.33,198.3,191.91,192.7,192.7,103129.0,,adjusted
2020-11-02,191.52,197.48,185.52,187.7,187.7,149615.0,,adjusted
2020-11-03,189.64,193.07,186.33,191.06,191.06,107505.0,,adjusted
2020-11-04,190.72,197.1,190.72,195.73,195.73,104412.0,,adjusted
2020-11-05,198.3,200.13,191.81,193.4,193.4,125422.0,,adjusted
2020-11-06,193.3,194.8,186.13,189.62,189.62,119430.0,,adjusted
2020-11-09,190.5,192.9,186.94,192.8,192.8,106987.0,,adjusted
2020-11-10,182.83,186.82,176.8,178.57,178.57,306634.0,,adjusted
2020-11-11,181.3,183.09,177.05,177.9,177.9,133429.0,,adjusted
2020-11-12,178.8,190.1,176.84,189.45,189.45,215348.0,,adjusted
2020-11-13,188.5,188.5,180.18,185.8,185.8,126216.0,,adjusted
2020-11-16,182.3,183.2,177.4,179.75,179.75,164875.0,,adjusted
2020-11-17,179.76,180.26,173.09,174.3,174.3,133219.0,,adjusted
2020-11-18,174.91,177.4,166.07,168.55,168.55,180682.0,,adjusted
2020-11-19,169.02,177.88,167.3,176.61,176.61,159122.0,,adjusted
2020-11-20,178.61,181.08,175.56,178.3,178.3,89639.0,,adjusted
2020-11-23,178.3,183.48,174.8,181.19,181.19,124083.0,,adjusted
2020-11-24,182.24,189.78,178.69,186.69,186.69,136134.0,,adjusted
2020-11-25,188.23,188.75,182.3,182.3,182.3,79478.0,,adjusted
2020-11-26,181.81,191.1,181.81,184.55,184.55,95083.0,,adjusted
2020-11-27,183.63,187.18,181.5,186.5,186.5,60681.0,,adjusted
2020-11-30,183.81,190.56,183.81,186.5,186.5,99385.0,,adjusted
2020-12-01,187.3,191.68,186.5,189.3,189.3,87067.0,,adjusted
2020-12-02,190.72,192.8,187.33,188.82,188.82,60431.0,,adjusted
2020-12-03,187.38,190.58,187.31,188.23,188.23,57556.0,,adjusted
2020-12-04,187.3,190.9,185.6,189.73,189.73,73114.0,,adjusted
2020-12-07,190.3,202.28,188.8,201.05,201.05,178176.0,,adjusted
2020-12-08,202.93,203.6,197.4,201.33,201.33,84924.0,,adjusted
2020-12-09,201.13,202.65,195.52,195.63,195.63,73433.0,,adjusted
2020-12-10,197.54,202.67,194.42,201.1,201.1,91149.0,,adjusted
2020-12-11,204.18,204.18,195.97,199.3,199.3,95330.0,,adjusted
2020-12-14,199.11,209.3,196.31,206.9,206.9,153766.0,,adjusted
2020-12-15,207.36,213.0,205.85,211.68,211.68,122134.0,,adjusted
2020-12-16,213.8,216.6,210.5,213.66,213.66,77984.0,,adjusted
2020-12-17,213.8,219.18,212.3,218.79,218.79,99744.0,,adjusted
2020-12-18,216.08,218.08,210.15,210.55,210.55,114645.0,,adjusted
2020-12-21,211.3,223.2,210.3,222.43,222.43,121202.0,,adjusted
2020-12-22,222.43,238.47,219.8,230.25,230.25,161250.0,,adjusted
2020-12-23,230.3,248.62,230.3,240.18,240.18,170868.0,,adjusted
2020-12-24,246.3,255.79,242.87,245.5,245.5,126032.0,,adjusted
2020-12-25,243.3,255.17,239.3,252.3,252.3,92794.0,,adjusted
2020-12-28,257.18,258.2,247.21,250.9,250.9,102642.0,,adjusted
2020-12-29,249.3,252.3,241.5,248.45,248.45,98367.0,,adjusted
2020-12-30,246.4,259.35,246.4,256.42,256.42,112464.0,,adjusted
2020-12-31,263.32,279.1,260.82,275.75,275.75,147882.0,,adjusted
2021-01-04,275.3,293.92,275.05,285.55,285.55,140347.0,,adjusted
2021-01-05,283.3,292.99,282.3,286.32,286.32,118714.0,,adjusted
2021-01-06,283.3,287.13,277.32,281.3,281.3,126381.0,,adjusted
2021-01-07,286.65,304.3,283.3,304.3,304.3,151153.0,,adjusted
2021-01-08,304.3,304.7,280.3,284.3,284.3,196177.0,,adjusted
2021-01-11,283.3,299.38,277.4,291.7,291.7,170500.0,,adjusted
2021-01-12,289.25,315.16,288.89,312.4,312.4,124108.0,,adjusted
2021-01-13,311.3,312.3,285.9,293.29,293.29,181166.0,,adjusted
2021-01-14,286.86,287.64,269.98,273.85,273.85,240306.0,,adjusted
2021-01-15,272.79,280.0,265.8,273.31,273.31,151425.0,,adjusted
2021-01-18,271.52,272.3,261.3,267.5,267.5,173566.0,,adjusted
2021-01-19,270.41,275.23,261.3,261.45,261.45,135251.0,,adjusted
2021-01-20,263.57,268.29,256.3,266.24,266.24,140386.0,,adjusted
2021-01-21,264.79,269.28,256.3,265.3,265.3,196955.0,,adjusted
2021-01-22,265.33,278.3,263.4,276.3,276.3,181720.0,,adjusted
2021-01-25,281.31,304.3,281.31,301.3,301.3,238161.0,,adjusted
2021-01-26,294.85,299.09,287.22,291.28,291.28,133392.0,,adjusted
2021-01-27,292.4,292.4,276.33,290.3,290.3,132332.0,,adjusted
2021-01-28,282.87,288.45,278.9,280.3,280.3,90008.0,,adjusted
2021-01-29,286.2,294.18,283.31,287.3,287.3,134044.0,,adjusted
2021-02-01,301.2,309.17,291.3,299.3,299.3,203642.0,,adjusted
2021-02-02,301.7,326.6,294.41,324.31,324.31,181854.0,,adjusted
2021-02-03,323.98,342.18,321.3,334.28,334.28,151614.0,,adjusted
2021-02-04,328.78,334.7,314.65,322.24,322.24,134351.0,,adjusted
2021-02-05,328.38,347.1,326.3,340.25,340.25,137601.0,,adjusted
2021-02-08,340.3,355.3,336.5,351.29,351.29,116740.0,,adjusted
2021-02-09,354.58,356.48,342.34,353.03,353.03,97515.0,,adjusted
2021-02-10,351.3,381.16,349.36,381.16,381.16,116169.0,,adjusted
2021-02-18,388.96,397.08,365.3,373.2,373.2,180950.0,,adjusted
2021-02-19,372.3,380.86,348.41,365.2,365.2,144169.0,,adjusted
2021-02-22,372.28,372.3,332.06,332.3,332.3,218115.0,,adjusted
2021-02-23,323.18,337.2,321.1,326.08,326.08,160342.0,,adjusted
2021-02-24,329.29,332.9,304.6,307.93,307.93,189564.0,,adjusted
2021-02-25,315.3,320.18,306.83,312.4,312.4,134180.0,,adjusted
2021-02-26,299.3,307.95,294.3,301.21,301.21,159713.0,,adjusted
2021-03-01,308.26,320.1,308.1,317.86,317.86,141863.0,,adjusted
2021-03-02,326.3,327.6,302.15,309.4,309.4,161737.0,,adjusted
2021-03-03,308.1,322.01,305.3,317.8,317.8,105627.0,,adjusted
2021-03-04,311.24,311.24,294.17,302.93,302.93,168136.0,,adjusted
2021-03-05,293.1,305.77,288.3,299.18,299.18,109018.0,,adjusted
2021-03-08,298.2,300.84,269.3,272.29,272.29,212974.0,,adjusted
2021-03-09,273.3,288.6,263.2,275.59,275.59,211446.0,,adjusted
2021-03-10,284.3,298.18,283.31,292.92,292.92,169336.0,,adjusted
2021-03-11,292.3,300.58,288.35,295.08,295.08,121648.0,,adjusted
2021-03-12,299.6,308.24,296.31,302.71,302.71,140597.0,,adjusted
2021-03-15,297.16,302.3,283.8,291.1,291.1,125918.0,,adjusted
2021-03-16,292.3,295.18,278.92,289.87,289.87,105408.0,,adjusted
2021-03-17,286.25,303.09,280.41,301.37,301.37,105217.0,,adjusted
2021-03-18,306.3,313.55,302.1,306.0,306.0,116849.0,,adjusted
2021-03-19,298.3,315.9,296.62,299.86,299.86,124536.0,,adjusted
2021-03-22,299.3,311.3,295.18,304.95,304.95,98851.0,,adjusted
2021-03-23,308.3,308.4,284.31,293.32,293.32,117643.0,,adjusted
2021-03-24,290.3,296.3,285.9,288.34,288.34,84906.0,,adjusted
2021-03-25,281.4,292.6,277.36,292.3,292.3,101739.0,,adjusted
2021-03-26,294.17,307.44,292.63,306.73,306.73,116455.0,,adjusted
2021-03-29,306.27,316.18,299.98,309.15,309.15,122946.0,,adjusted
2021-03-30,306.3,318.68,304.41,311.18,311.18,95229.0,,adjusted
2021-03-31,309.55,311.02,294.83,299.38,299.38,109446.0,,adjusted
2021-04-01,302.0,315.25,299.6,315.25,315.25,89283.0,,adjusted
2021-04-02,314.3,331.12,313.3,326.8,326.8,104552.0,,adjusted
2021-04-06,328.28,328.28,305.97,310.5,310.5,138867.0,,adjusted
2021-04-07,309.21,310.25,300.3,305.2,305.2,102519.0,,adjusted
2021-04-08,300.8,308.3,298.83,305.58,305.58,85730.0,,adjusted
2021-04-09,303.3,305.3,294.34,294.9,294.9,95395.0,,adjusted
2021-04-12,289.31,297.89,282.3,288.69,288.69,146373.0,,adjusted
2021-04-13,286.12,296.18,259.15,259.15,259.15,235381.0,,adjusted
2021-04-14,253.3,282.68,253.3,281.5,281.5,258066.0,,adjusted
2021-04-15,280.26,280.26,271.4,276.36,276.36,101691.0,,adjusted
2021-04-16,280.48,281.46,270.8,279.15,279.15,93925.0,,adjusted
2021-04-19,278.88,291.31,277.15,287.8,287.8,110021.0,,adjusted
2021-04-20,287.51,295.77,284.88,286.29,286.29,106023.0,,adjusted
2021-04-21,281.3,291.99,281.29,291.96,291.96,78048.0,,adjusted
2021-04-22,290.3,291.2,276.8,289.3,289.3,137406.0,,adjusted
2021-04-23,291.45,296.57,289.36,292.59,292.59,106775.0,,adjusted
2021-04-26,294.3,303.19,290.6,291.74,291.74,112245.0,,adjusted
2021-04-27,294.85,301.15,292.32,300.28,300.28,96834.0,,adjusted
2021-04-28,299.97,304.79,288.3,303.3,303.3,102716.0,,adjusted
2021-04-29,300.52,309.4,298.3,303.62,303.62,88525.0,,adjusted
2021-04-30,301.38,311.18,298.3,305.29,305.29,100351.0,,adjusted
2021-05-06,312.3,312.3,289.0,289.0,289.0,131524.0,,adjusted
2021-05-07,288.33,294.1,280.83,281.3,281.3,88714.0,,adjusted
2021-05-10,282.65,296.3,282.65,292.19,292.19,87718.0,,adjusted
2021-05-11,287.8,295.1,285.61,292.3,292.3,62559.0,,adjusted
2021-05-12,292.69,297.8,288.31,296.3,296.3,61799.0,,adjusted
2021-05-13,291.29,295.07,281.4,288.3,288.3,98790.0,,adjusted
2021-05-14,290.3,303.3,286.3,302.88,302.88,132437.0,,adjusted
2021-05-17,306.3,315.4,303.55,312.69,312.69,124513.0,,adjusted
2021-05-18,312.61,315.3,307.3,311.35,311.35,55098.0,,adjusted
2021-05-19,310.67,323.28,308.42,319.82,319.82,73130.0,,adjusted
2021-05-20,317.86,323.1,314.3,318.31,318.31,75204.0,,adjusted
2021-05-21,321.84,323.4,307.32,311.3,311.3,71743.0,,adjusted
2021-05-24,311.3,316.3,306.8,313.59,313.59,55126.0,,adjusted
2021-05-25,316.12,332.82,313.31,332.58,332.58,129888.0,,adjusted
2021-05-26,335.3,342.0,328.2,333.29,333.29,90244.0,,adjusted
2021-05-27,333.28,341.6,330.3,337.84,337.84,84332.0,,adjusted
2021-05-28,335.3,342.58,332.3,337.59,337.59,68299.0,,adjusted
2021-05-31,336.29,337.29,322.9,327.8,327.8,112209.0,,adjusted
2021-06-01,325.29,330.61,321.95,327.42,327.42,84087.0,,adjusted
2021-06-02,329.3,330.7,317.3,318.6,318.6,71991.0,,adjusted
2021-06-03,321.29,325.15,315.32,319.14,319.14,62519.0,,adjusted
2021-06-04,315.31,318.3,310.3,312.86,312.86,98451.0,,adjusted
2021-06-07,313.22,313.22,303.93,310.3,310.3,77897.0,,adjusted
2021-06-08,310.04,317.88,307.77,310.68,310.68,79787.0,,adjusted
2021-06-09,307.6,312.3,304.26,306.1,306.1,71217.0,,adjusted
2021-06-10,304.32,310.67,304.0,306.76,306.76,76099.0,,adjusted
2021-06-11,307.85,310.3,298.68,304.3,304.3,92804.0,,adjusted
2021-06-15,303.99,303.99,288.8,290.98,290.98,130587.0,,adjusted
2021-06-16,293.8,294.3,281.5,283.0,283.0,105930.0,,adjusted
2021-06-17,283.0,287.24,276.98,279.3,279.3,120224.0,,adjusted
2021-06-18,278.3,281.05,269.72,280.78,280.78,129951.0,,adjusted
2021-06-21,278.3,278.3,267.6,275.28,275.28,146047.0,,adjusted
2021-06-22,277.3,282.3,268.6,280.79,280.79,120976.0,,adjusted
2021-06-23,283.3,294.57,283.28,291.2,291.2,166550.0,,adjusted
2021-06-24,295.8,296.75,282.81,288.48,288.48,102967.0,,adjusted
2021-06-25,288.2,293.8,284.48,291.0,291.0,99719.0,,adjusted
2021-06-28,295.3,304.26,295.3,302.13,302.13,100421.0,,adjusted
2021-06-29,302.23,303.3,293.31,296.05,296.05,103454.0,,adjusted
2021-06-30,292.48,298.28,290.38,294.4,294.4,68044.0,,adjusted
2021-07-01,293.3,294.39,286.9,294.3,294.3,88672.0,,adjusted
2021-07-02,287.6,287.6,273.3,275.39,275.39,175888.0,,adjusted
2021-07-05,271.8,279.28,269.8,274.19,274.19,91360.0,,adjusted
2021-07-06,278.26,283.37,269.3,275.8,275.8,117451.0,,adjusted
2021-07-07,270.17,274.23,266.31,269.3,269.3,137092.0,,adjusted
2021-07-08,271.29,272.13,262.3,263.69,263.69,134725.0,,adjusted
2021-07-09,262.29,266.08,258.7,259.46,259.46,107278.0,,adjusted
2021-07-12,265.3,281.3,258.42,280.0,280.0,203296.0,,adjusted
2021-07-13,281.76,293.3,280.3,283.09,283.09,150025.0,,adjusted
2021-07-14,282.99,282.99,275.24,276.6,276.6,108535.0,,adjusted
2021-07-15,275.3,280.96,273.31,279.23,279.23,72365.0,,adjusted
2021-07-16,279.3,280.65,269.1,269.3,269.3,114097.0,,adjusted
2021-07-19,268.78,284.52,263.3,284.52,284.52,147585.0,,adjusted
2021-07-20,284.8,290.97,282.18,287.75,287.75,141294.0,,adjusted
2021-07-21,289.4,291.97,278.88,278.99,278.99,131219.0,,adjusted
2021-07-22,276.39,286.3,273.31,276.26,276.26,100763.0,,adjusted
2021-07-23,276.25,277.3,267.83,271.98,271.98,105533.0,,adjusted
2021-07-26,268.3,268.3,250.3,257.28,257.28,193103.0,,adjusted
2021-07-27,255.5,259.32,247.29,248.3,248.3,133906.0,,adjusted
2021-07-28,244.4,253.97,239.3,245.14,245.14,137249.0,,adjusted
2021-07-29,249.45,259.8,249.32,252.31,252.31,141432.0,,adjusted
2021-07-30,247.3,248.74,234.8,235.3,235.3,186103.0,,adjusted
2021-08-02,222.2,235.7,218.43,233.65,233.65,266968.0,,adjusted
2021-08-03,230.66,249.66,230.04,248.17,248.17,201578.0,,adjusted
2021-08-04,249.19,253.3,243.24,249.3,249.3,140808.0,,adjusted
2021-08-05,250.1,258.3,244.32,249.3,249.3,126913.0,,adjusted
2021-08-06,245.3,249.7,241.97,246.3,246.3,93939.0,,adjusted
2021-08-09,246.32,263.09,246.32,254.7,254.7,160847.0,,adjusted
2021-08-10,252.3,262.3,245.74,261.65,261.65,157151.0,,adjusted
2021-08-11,261.8,262.87,252.28,253.3,253.3,101470.0,,adjusted
2021-08-12,249.3,252.78,245.81,247.38,247.38,86297.0,,adjusted
2021-08-13,245.81,253.8,245.3,251.95,251.95,78882.0,,adjusted
2021-08-16,253.3,262.75,251.3,257.14,257.14,135436.0,,adjusted
2021-08-17,257.63,262.26,238.02,239.28,239.28,174447.0,,adjusted
2021-08-18,240.87,241.56,227.29,230.02,230.02,186681.0,,adjusted
2021-08-19,230.04,235.78,224.22,230.39,230.39,125659.0,,adjusted
2021-08-20,229.42,229.42,218.44,222.57,222.57,156367.0,,adjusted
2021-08-23,226.3,231.29,223.33,226.4,226.4,114436.0,,adjusted
2021-08-24,228.58,235.48,225.88,234.4,234.4,108328.0,,adjusted
2021-08-25,236.3,248.16,233.94,241.24,241.24,139969.0,,adjusted
2021-08-26,241.3,241.3,231.3,239.44,239.44,93735.0,,adjusted
2021-08-27,236.3,240.3,232.48,234.53,234.53,82938.0,,adjusted
2021-08-30,236.6,237.5,227.5,233.8,233.8,109938.0,,adjusted
2021-08-31,234.71,234.98,215.3,222.59,222.59,207527.0,,adjusted
2021-09-01,223.09,234.47,218.3,230.59,230.59,154781.0,,adjusted
2021-09-02,233.3,236.17,221.37,222.35,222.35,146890.0,,adjusted
2021-09-03,220.3,231.3,216.8,230.7,230.7,135674.0,,adjusted
2021-09-06,230.98,240.0,225.81,237.3,237.3,177211.0,,adjusted
2021-09-07,237.8,246.4,237.34,243.86,243.86,145450.0,,adjusted
2021-09-08,243.89,245.28,240.35,243.63,243.63,97932.0,,adjusted
2021-09-09,242.96,244.9,237.4,239.37,239.37,73956.0,,adjusted
2021-09-10,237.48,249.88,237.48,249.3,249.3,129791.0,,adjusted
2021-09-13,246.48,259.3,244.31,245.55,245.55,146510.0,,adjusted
2021-09-14,245.6,250.96,240.38,241.15,241.15,100654.0,,adjusted
2021-09-15,239.31,240.0,226.7,229.27,229.27,119897.0,,adjusted
2021-09-16,227.3,236.09,222.78,235.66,235.66,128936.0,,adjusted
2021-09-17,232.33,246.3,227.38,243.8,243.8,119810.0,,adjusted
2021-09-22,239.3,242.3,230.66,232.42,232.42,86428.0,,adjusted
2021-09-23,228.3,233.27,227.38,228.9,228.9,96699.0,,adjusted
2021-09-24,227.33,245.03,226.3,241.3,241.3,137686.0,,adjusted
2021-09-27,242.3,256.47,241.9,251.02,251.02,165768.0,,adjusted
2021-09-28,249.3,251.07,240.9,248.28,248.28,91352.0,,adjusted
2021-09-29,244.17,248.0,238.74,245.58,245.58,81017.0,,adjusted
2021-09-30,256.3,260.3,249.92,254.3,254.3,169627.0,,adjusted
2021-10-08,266.3,269.7,261.31,264.6,264.6,158293.0,,adjusted
2021-10-11,264.6,270.49,256.68,257.8,257.8,120324.0,,adjusted
2021-10-12,259.99,264.02,255.99,261.5,261.5,86360.0,,adjusted
2021-10-13,260.3,272.98,257.32,272.5,272.5,110127.0,,adjusted
2021-10-14,271.3,273.67,263.53,267.39,267.39,92772.0,,adjusted
2021-10-15,267.3,267.3,257.96,263.85,263.85,92446.0,,adjusted
2021-10-18,262.85,262.85,250.31,254.14,254.14,90552.0,,adjusted
2021-10-19,253.68,258.8,252.3,253.42,253.42,62471.0,,adjusted
2021-10-20,258.65,261.07,250.6,253.8,253.8,72672.0,,adjusted
2021-10-21,252.3,255.27,248.53,251.3,251.3,66801.0,,adjusted
2021-10-22,253.24,266.86,251.85,263.3,263.3,109698.0,,adjusted
2021-10-25,260.33,262.23,255.36,258.77,258.77,74562.0,,adjusted
2021-10-26,259.3,264.77,257.63,259.3,259.3,51303.0,,adjusted
2021-10-27,256.3,256.3,251.95,252.3,252.3,55550.0,,adjusted
2021-10-28,251.55,260.9,251.13,258.78,258.78,69058.0,,adjusted
2021-10-29,256.38,265.8,256.3,262.76,262.76,81576.0,,adjusted
2021-11-01,240.54,241.3,235.91,235.91,235.91,96054.0,,adjusted
2021-11-02,224.3,227.3,212.25,217.18,217.18,477077.0,,adjusted
2021-11-03,219.18,224.15,217.2,222.6,222.6,180544.0,,adjusted
2021-11-04,225.15,230.95,225.0,227.96,227.96,116179.0,,adjusted
2021-11-05,229.45,229.8,224.38,225.08,225.08,78071.0,,adjusted
2021-11-08,225.2,230.9,222.81,223.72,223.72,98147.0,,adjusted
2021-11-09,225.96,225.96,219.7,221.92,221.92,68149.0,,adjusted
2021-11-10,222.91,223.07,217.07,221.41,221.41,66938.0,,adjusted
2021-11-11,220.3,225.48,219.3,223.1,223.1,63297.0,,adjusted
2021-11-12,227.61,227.78,216.33,217.86,217.86,108047.0,,adjusted
2021-11-15,223.24,224.3,217.3,224.18,224.18,103554.0,,adjusted
2021-11-16,224.3,230.3,222.81,228.3,228.3,93022.0,,adjusted
2021-11-17,226.6,227.61,223.96,224.74,224.74,53471.0,,adjusted
2021-11-18,222.75,222.8,218.2,218.4,218.4,79828.0,,adjusted
2021-11-19,218.3,220.98,217.68,219.6,219.6,51376.0,,adjusted
2021-11-22,218.4,220.8,216.8,217.86,217.86,97722.0,,adjusted
2021-11-23,218.3,219.9,212.48,214.8,214.8,120740.0,,adjusted
2021-11-24,214.3,215.99,212.86,215.29,215.29,74743.0,,adjusted
2021-11-25,214.3,215.4,205.8,206.1,206.1,179791.0,,adjusted
2021-11-26,205.15,208.17,201.3,205.62,205.62,91466.0,,adjusted
2021-11-29,199.28,203.3,195.58,197.6,197.6,200976.0,,adjusted
2021-11-30,198.3,204.19,198.3,199.75,199.75,116323.0,,adjusted
2021-12-01,198.3,200.3,195.61,197.19,197.19,94071.0,,adjusted
2021-12-02,196.8,199.1,196.11,196.12,196.12,62781.0,,adjusted
2021-12-03,196.43,198.68,191.5,198.36,198.36,125998.0,,adjusted
2021-12-06,203.46,207.9,201.3,206.29,206.29,198125.0,,adjusted
2021-12-07,205.9,208.87,203.4,207.3,207.3,101721.0,,adjusted
2021-12-08,206.8,210.53,204.48,209.76,209.76,100937.0,,adjusted
2021-12-09,210.2,224.34,209.3,222.68,222.68,241830.0,,adjusted
2021-12-10,220.33,225.8,220.3,223.98,223.98,135796.0,,adjusted
2021-12-13,225.3,229.1,222.3,223.5,223.5,105077.0,,adjusted
2021-12-14,221.2,224.8,220.3,222.3,222.3,83379.0,,adjusted
2021-12-15,222.23,223.8,217.59,217.59,217.59,77945.0,,adjusted
2021-12-16,219.18,220.18,214.5,219.35,219.35,73002.0,,adjusted
2021-12-17,219.18,219.18,211.31,211.58,211.58,95945.0,,adjusted
2021-12-20,206.3,211.3,206.11,206.8,206.8,78118.0,,adjusted
2021-12-21,208.9,211.44,207.88,209.3,209.3,51188.0,,adjusted
2021-12-22,212.18,213.29,204.9,206.31,206.31,79081.0,,adjusted
2021-12-23,207.33,208.29,203.37,204.65,204.65,79260.0,,adjusted
2021-12-24,204.3,213.77,200.3,212.2,212.2,118302.0,,adjusted
2021-12-27,211.3,215.29,210.58,214.3,214.3,83927.0,,adjusted
2021-12-28,214.3,220.16,213.51,217.02,217.02,94466.0,,adjusted
2021-12-29,216.3,217.09,208.79,210.28,210.28,75763.0,,adjusted
2021-12-30,210.06,214.53,209.78,211.8,211.8,59500.0,,adjusted
2021-12-31,213.64,215.8,210.96,213.71,213.71,61691.0,,adjusted
2022-01-04,215.98,216.77,204.89,208.36,208.36,111434.0,,adjusted
2022-01-05,208.4,212.8,205.83,208.5,208.5,94939.0,,adjusted
2022-01-06,205.42,208.2,201.8,204.41,204.41,93277.0,,adjusted
2022-01-07,204.28,206.9,201.2,202.08,202.08,69911.0,,adjusted
2022-01-10,198.3,202.1,188.58,201.41,201.41,139978.0,,adjusted
2022-01-11,198.33,200.18,194.3,195.51,195.51,91606.0,,adjusted
2022-01-12,195.3,208.09,195.3,206.3,206.3,129775.0,,adjusted
2022-01-13,207.21,207.96,200.95,201.33,201.33,70094.0,,adjusted
2022-01-14,199.8,199.8,194.5,194.79,194.79,96970.0,,adjusted
2022-01-17,184.3,190.34,182.09,184.73,184.73,211386.0,,adjusted
2022-01-18,186.29,187.25,182.3,185.01,185.01,98537.0,,adjusted
2022-01-19,183.5,185.96,179.42,182.92,182.92,91895.0,,adjusted
2022-01-20,182.33,189.07,181.32,188.18,188.18,113687.0,,adjusted
2022-01-21,191.3,197.3,191.1,194.96,194.96,155631.0,,adjusted
2022-01-24,198.3,204.28,196.5,201.6,201.6,119056.0,,adjusted
2022-01-25,199.31,205.16,199.0,200.93,200.93,103818.0,,adjusted
2022-01-26,201.65,203.3,197.67,201.65,201.65,71048.0,,adjusted
2022-01-27,201.3,202.8,195.92,198.0,198.0,74415.0,,adjusted
2022-01-28,201.05,208.78,197.7,200.86,200.86,142433.0,,adjusted
2022-02-07,208.9,211.3,202.67,205.11,205.11,105617.0,,adjusted
2022-02-08,205.04,206.79,199.26,204.68,204.68,71436.0,,adjusted
2022-02-09,203.81,209.4,201.1,206.9,206.9,91399.0,,adjusted
2022-02-10,207.27,219.48,205.1,218.3,218.3,176479.0,,adjusted
2022-02-11,215.5,224.8,215.46,219.73,219.73,156914.0,,adjusted
2022-02-14,224.18,226.18,218.3,221.8,221.8,141553.0,,adjusted
2022-02-15,219.3,219.3,213.17,217.14,217.14,97733.0,,adjusted
2022-02-16,218.4,222.38,215.3,218.5,218.5,62137.0,,adjusted
2022-02-17,218.3,219.83,213.0,214.83,214.83,68996.0,,adjusted
2022-02-18,212.8,217.18,212.31,215.65,215.65,41836.0,,adjusted
2022-02-21,213.3,214.3,208.98,209.85,209.85,59257.0,,adjusted
2022-02-22,207.56,207.69,202.3,205.1,205.1,77688.0,,adjusted
2022-02-23,205.38,206.83,200.96,205.19,205.19,65006.0,,adjusted
2022-02-24,202.8,204.3,195.9,198.29,198.29,100871.0,,adjusted
2022-02-25,200.88,207.19,199.85,204.42,204.42,85389.0,,adjusted
2022-02-28,202.3,204.4,195.88,196.8,196.8,107110.0,,adjusted
2022-03-01,196.35,202.9,194.81,202.55,202.55,100376.0,,adjusted
2022-03-02,200.5,200.78,195.48,196.8,196.8,77692.0,,adjusted
2022-03-03,199.29,202.29,191.55,192.57,192.57,156643.0,,adjusted
2022-03-04,189.3,197.3,188.3,195.75,195.75,95333.0,,adjusted
2022-03-07,191.5,192.3,180.71,182.58,182.58,187198.0,,adjusted
2022-03-08,185.4,191.45,182.32,183.8,183.8,135308.0,,adjusted
2022-03-09,186.3,186.8,175.28,182.13,182.13,127366.0,,adjusted
2022-03-10,186.3,186.85,180.52,181.07,181.07,108051.0,,adjusted
2022-03-11,179.3,184.26,173.31,180.9,180.9,131695.0,,adjusted
2022-03-14,173.18,173.3,164.9,165.3,165.3,236363.0,,adjusted
2022-03-15,161.88,164.08,154.19,154.3,154.3,196120.0,,adjusted
2022-03-16,158.1,164.88,156.02,164.3,164.3,191154.0,,adjusted
2022-03-17,170.96,174.38,165.8,169.8,169.8,190611.0,,adjusted
2022-03-18,169.8,171.69,167.4,170.75,170.75,91965.0,,adjusted
2022-03-21,170.1,170.29,165.41,167.25,167.25,81270.0,,adjusted
2022-03-22,164.25,167.3,162.63,164.45,164.45,76409.0,,adjusted
2022-03-23,165.8,166.23,162.52,163.41,163.41,74209.0,,adjusted
2022-03-24,162.3,163.1,159.9,160.92,160.92,72253.0,,adjusted
2022-03-25,161.63,163.2,156.8,157.15,157.15,75246.0,,adjusted
2022-03-28,152.12,156.27,151.38,153.8,153.8,98038.0,,adjusted
2022-03-29,154.11,155.95,150.03,150.4,150.4,82672.0,,adjusted
2022-03-30,153.52,162.69,151.18,161.5,161.5,152292.0,,adjusted
2022-03-31,158.32,161.4,157.7,158.67,158.67,82572.0,,adjusted
2022-04-01,156.94,171.6,156.52,168.56,168.56,193001.0,,adjusted
2022-04-06,162.5,162.9,157.3,158.4,158.4,206322.0,,adjusted
2022-04-07,156.1,161.7,155.67,159.25,159.25,129957.0,,adjusted
2022-04-08,158.21,160.0,155.11,158.78,158.78,93036.0,,adjusted
2022-04-11,155.49,155.49,147.89,150.41,150.41,168854.0,,adjusted
2022-04-12,152.1,166.02,151.85,166.02,166.02,191928.0,,adjusted
2022-04-13,170.1,171.1,164.02,166.3,166.3,231824.0,,adjusted
2022-04-14,169.06,179.4,169.06,175.88,175.88,234919.0,,adjusted
2022-04-15,172.6,180.1,171.47,176.54,176.54,143882.0,,adjusted
2022-04-18,173.32,176.29,171.81,175.18,175.18,77924.0,,adjusted
2022-04-19,172.9,177.97,171.33,172.93,172.93,121673.0,,adjusted
2022-04-20,172.64,180.3,169.06,176.56,176.56,146279.0,,adjusted
2022-04-21,173.4,176.07,167.8,169.46,169.46,123064.0,,adjusted
2022-04-22,168.3,173.29,165.62,171.28,171.28,104003.0,,adjusted
2022-04-25,162.68,175.6,160.4,167.79,167.79,204194.0,,adjusted
2022-04-26,169.3,179.35,169.3,174.32,174.32,202670.0,,adjusted
2022-04-27,172.8,179.63,171.3,178.29,178.29,180307.0,,adjusted
2022-04-28,175.3,181.96,172.3,175.88,175.88,159360.0,,adjusted
2022-04-29,177.1,177.8,168.6,176.29,176.29,162888.0,,adjusted
2022-05-05,173.3,177.1,169.74,174.04,174.04,123012.0,,adjusted
2022-05-06,168.3,169.53,156.18,157.99,157.99,213780.0,,adjusted
2022-05-09,153.8,157.9,150.52,154.3,154.3,135382.0,,adjusted
2022-05-10,150.3,162.7,149.48,160.25,160.25,151650.0,,adjusted
2022-05-11,161.25,173.79,161.25,170.95,170.95,213629.0,,adjusted
2022-05-12,167.85,169.15,164.66,166.25,166.25,81891.0,,adjusted
2022-05-13,167.8,168.3,164.41,167.3,167.3,65170.0,,adjusted
2022-05-16,168.85,172.3,166.18,168.62,168.62,101174.0,,adjusted
2022-05-17,168.28,170.98,166.88,169.22,169.22,68813.0,,adjusted
2022-05-18,170.0,170.24,162.45,164.65,164.65,94997.0,,adjusted
2022-05-19,160.3,163.75,159.62,162.1,162.1,84779.0,,adjusted
2022-05-20,163.46,170.3,163.46,170.05,170.05,136996.0,,adjusted
2022-05-23,170.33,170.8,160.75,161.07,161.07,190999.0,,adjusted
2022-05-24,161.54,162.5,158.28,158.7,158.7,92240.0,,adjusted
2022-05-25,157.35,161.4,156.73,159.95,159.95,95077.0,,adjusted
2022-05-26,159.99,161.2,155.3,157.35,157.35,119890.0,,adjusted
2022-05-27,159.6,162.9,158.3,159.25,159.25,117747.0,,adjusted
2022-05-30,164.19,166.82,160.6,166.3,166.3,175705.0,,adjusted
2022-05-31,165.3,172.19,163.9,171.0,171.0,186136.0,,adjusted
2022-06-01,172.3,174.1,169.63,170.22,170.22,126982.0,,adjusted
2022-06-02,169.3,170.96,168.91,169.69,169.69,86565.0,,adjusted
2022-06-06,171.3,175.83,166.72,175.27,175.27,147917.0,,adjusted
2022-06-07,176.12,181.29,173.8,179.1,179.1,156648.0,,adjusted
2022-06-08,182.3,187.3,181.1,185.86,185.86,177916.0,,adjusted
2022-06-09,188.31,188.79,179.59,181.2,181.2,121694.0,,adjusted
2022-06-10,178.38,183.7,178.37,182.05,182.05,117698.0,,adjusted
2022-06-13,177.3,178.79,170.08,172.61,172.61,181662.0,,adjusted
2022-06-14,169.8,175.77,169.31,175.31,175.31,97469.0,,adjusted
2022-06-15,174.91,181.28,171.0,176.28,176.28,154046.0,,adjusted
2022-06-16,176.6,179.3,175.66,176.3,176.3,76981.0,,adjusted
2022-06-17,174.3,186.19,173.81,184.69,184.69,183977.0,,adjusted
2022-06-20,185.2,192.65,185.2,191.3,191.3,160090.0,,adjusted
2022-06-21,191.31,195.29,189.1,191.73,191.73,146553.0,,adjusted
2022-06-22,191.3,192.2,186.39,186.6,186.6,117421.0,,adjusted
2022-06-23,189.1,195.32,188.56,193.8,193.8,149207.0,,adjusted
2022-06-24,192.99,198.53,191.74,195.42,195.42,140764.0,,adjusted
2022-06-27,205.3,215.53,204.3,208.7,208.7,307551.0,,adjusted
2022-06-28,207.69,217.18,205.43,217.18,217.18,227107.0,,adjusted
2022-06-29,219.3,225.48,212.7,213.35,213.35,192760.0,,adjusted
2022-06-30,218.7,232.1,215.54,227.23,227.23,250131.0,,adjusted
2022-07-01,223.4,224.93,214.5,219.41,219.41,166566.0,,adjusted
2022-07-04,214.1,223.5,211.28,220.42,220.42,143328.0,,adjusted
2022-07-05,220.6,223.42,212.26,215.21,215.21,154794.0,,adjusted
2022-07-06,210.79,211.28,202.2,203.79,203.79,232460.0,,adjusted
2022-07-07,202.3,205.29,198.8,203.71,203.71,151340.0,,adjusted
2022-07-08,209.0,212.46,205.86,206.27,206.27,123725.0,,adjusted
2022-07-11,200.8,202.8,197.86,201.65,201.65,113619.0,,adjusted
2022-07-12,201.63,203.68,195.17,197.84,197.84,96804.0,,adjusted
2022-07-13,198.35,201.81,197.71,199.9,199.9,93699.0,,adjusted
2022-07-14,197.3,206.3,197.3,203.8,203.8,125268.0,,adjusted
2022-07-15,201.8,208.69,199.8,200.16,200.16,109202.0,,adjusted
2022-07-18,201.8,205.08,196.82,202.38,202.38,83354.0,,adjusted
2022-07-19,206.8,207.05,200.81,204.8,204.8,94218.0,,adjusted
2022-07-20,206.13,212.31,204.54,210.75,210.75,115549.0,,adjusted
2022-07-21,210.36,210.36,204.5,204.75,204.75,82429.0,,adjusted
2022-07-22,203.8,210.85,203.8,210.42,210.42,106618.0,,adjusted
2022-07-25,210.4,217.08,209.3,215.41,215.41,108155.0,,adjusted
2022-07-26,218.7,221.84,213.6,214.8,214.8,104427.0,,adjusted
2022-07-27,212.85,215.03,209.8,210.63,210.63,80368.0,,adjusted
2022-07-28,217.8,222.46,213.76,215.78,215.78,149652.0,,adjusted
2022-07-29,210.3,214.4,204.98,205.7,205.7,135201.0,,adjusted
2022-08-01,203.8,209.3,202.13,207.5,207.5,73428.0,,adjusted
2022-08-02,202.8,206.4,201.35,202.06,202.06,112645.0,,adjusted
2022-08-03,202.06,205.05,195.18,195.85,195.85,153781.0,,adjusted
2022-08-04,196.8,197.56,191.16,196.25,196.25,125577.0,,adjusted
2022-08-05,190.88,196.27,188.88,194.7,194.7,132414.0,,adjusted
2022-08-08,181.8,188.7,179.8,185.39,185.39,213799.0,,adjusted
2022-08-09,186.32,193.8,185.8,193.26,193.26,127647.0,,adjusted
2022-08-10,192.3,193.83,189.43,191.8,191.8,64083.0,,adjusted
2022-08-11,191.39,198.29,190.71,196.99,196.99,88964.0,,adjusted
2022-08-12,193.8,195.77,189.84,191.46,191.46,111860.0,,adjusted
2022-08-15,189.81,192.29,187.9,190.55,190.55,74316.0,,adjusted
2022-08-16,190.9,191.78,185.89,185.98,185.98,110942.0,,adjusted
2022-08-17,186.06,190.3,184.4,188.96,188.96,81581.0,,adjusted
2022-08-18,187.44,188.79,183.8,184.42,184.42,119484.0,,adjusted
2022-08-19,184.6,186.58,182.8,183.8,183.8,89660.0,,adjusted
2022-08-22,182.8,190.0,182.46,188.93,188.93,105755.0,,adjusted
2022-08-23,190.35,191.69,185.5,188.78,188.78,87440.0,,adjusted
2022-08-24,188.8,191.24,184.8,185.6,185.6,79008.0,,adjusted
2022-08-25,185.5,189.5,183.53,188.62,188.62,81608.0,,adjusted
2022-08-26,189.8,196.98,187.91,188.21,188.21,125492.0,,adjusted
2022-08-29,185.49,189.49,184.81,188.05,188.05,56424.0,,adjusted
2022-08-30,188.05,189.68,183.4,186.2,186.2,66467.0,,adjusted
2022-08-31,184.55,193.57,183.81,191.3,191.3,167077.0,,adjusted
2022-09-01,189.81,190.76,181.86,182.6,182.6,130443.0,,adjusted
2022-09-02,180.7,182.4,175.26,176.11,176.11,123089.0,,adjusted
2022-09-05,174.8,175.9,171.0,175.9,175.9,109365.0,,adjusted
2022-09-06,176.48,180.64,174.0,178.52,178.52,82406.0,,adjusted
2022-09-07,174.9,180.19,174.9,179.75,179.75,50144.0,,adjusted
2022-09-08,180.64,185.29,180.3,181.8,181.8,75532.0,,adjusted
2022-09-09,180.3,187.4,179.35,186.89,186.89,94230.0,,adjusted
2022-09-13,190.79,190.8,186.35,188.27,188.27,66652.0,,adjusted
2022-09-14,185.27,189.46,184.71,187.35,187.35,59069.0,,adjusted
2022-09-15,188.3,189.98,185.71,187.15,187.15,70694.0,,adjusted
2022-09-16,186.0,189.51,183.8,184.31,184.31,76684.0,,adjusted
2022-09-19,185.8,188.0,182.6,184.25,184.25,59168.0,,adjusted
2022-09-20,185.81,190.8,183.5,190.03,190.03,83216.0,,adjusted
2022-09-21,189.41,191.35,180.81,181.34,181.34,115280.0,,adjusted
2022-09-22,179.8,183.95,176.85,182.9,182.9,74001.0,,adjusted
2022-09-23,181.68,184.62,179.18,181.21,181.21,55780.0,,adjusted
2022-09-26,181.13,194.26,181.1,190.31,190.31,174270.0,,adjusted
2022-09-27,190.33,199.38,188.8,198.25,198.25,156716.0,,adjusted
2022-09-28,195.8,200.25,194.37,198.28,198.28,99917.0,,adjusted
2022-09-29,199.13,199.3,191.86,193.05,193.05,95697.0,,adjusted
2022-09-30,194.04,196.3,191.51,194.05,194.05,80998.0,,adjusted
2022-10-10,193.0,193.45,183.6,183.6,183.6,98273.0,,adjusted
2022-10-11,185.3,185.3,180.8,181.43,181.43,47974.0,,adjusted
2022-10-12,181.45,181.78,170.24,176.83,176.83,128276.0,,adjusted
2022-10-13,174.86,178.72,174.61,175.95,175.95,61732.0,,adjusted
2022-10-14,177.68,186.0,176.8,181.26,181.26,105580.0,,adjusted
2022-10-17,180.76,184.0,179.38,182.73,182.73,77150.0,,adjusted
2022-10-18,185.8,188.3,183.14,184.8,184.8,59530.0,,adjusted
2022-10-19,183.81,184.68,175.4,175.4,175.4,83935.0,,adjusted
2022-10-20,170.8,178.9,169.95,175.2,175.2,141623.0,,adjusted
2022-10-21,172.41,174.9,170.35,171.37,171.37,82616.0,,adjusted
2022-10-24,169.85,170.1,160.83,162.8,162.8,170739.0,,adjusted
2022-10-25,163.6,169.6,162.03,167.19,167.19,109762.0,,adjusted
2022-10-26,167.4,171.29,167.1,168.81,168.81,95181.0,,adjusted
2022-10-27,167.8,173.8,164.28,164.8,164.8,118288.0,,adjusted
2022-10-28,164.33,168.66,162.85,163.25,163.25,92120.0,,adjusted
2022-10-31,159.9,162.3,155.4,156.16,156.16,129015.0,,adjusted
2022-11-01,155.98,172.2,152.31,172.2,172.2,207564.0,,adjusted
2022-11-02,171.3,186.4,169.83,178.1,178.1,293152.0,,adjusted
2022-11-03,173.8,180.57,172.95,178.41,178.41,133651.0,,adjusted
2022-11-04,178.3,194.8,178.22,192.89,192.89,230569.0,,adjusted
2022-11-07,187.8,192.7,185.37,187.1,187.1,140401.0,,adjusted
2022-11-08,186.99,189.67,185.03,187.15,187.15,77052.0,,adjusted
2022-11-09,186.8,188.98,183.73,184.91,184.91,58109.0,,adjusted
2022-11-10,180.8,186.8,179.9,184.79,184.79,92899.0,,adjusted
2022-11-11,194.8,197.31,185.98,191.68,191.68,262039.0,,adjusted
2022-11-14,191.68,195.57,181.93,183.3,183.3,175579.0,,adjusted
2022-11-15,184.74,190.3,184.17,186.8,186.8,120024.0,,adjusted
2022-11-16,190.8,196.67,187.48,190.0,190.0,171743.0,,adjusted
2022-11-17,187.8,190.94,184.8,188.79,188.79,101647.0,,adjusted
2022-11-18,188.5,189.86,186.31,186.6,186.6,61392.0,,adjusted
2022-11-21,182.3,182.3,175.8,180.32,180.32,123198.0,,adjusted
2022-11-22,179.9,182.79,177.31,179.05,179.05,74415.0,,adjusted
2022-11-23,177.31,178.55,175.65,176.96,176.96,66792.0,,adjusted
2022-11-24,178.56,178.77,174.2,174.9,174.9,60525.0,,adjusted
2022-11-25,175.75,176.3,172.81,174.46,174.46,47490.0,,adjusted
2022-11-28,169.78,180.46,167.91,179.66,179.66,129972.0,,adjusted
2022-11-29,179.81,193.7,179.3,190.77,190.77,204901.0,,adjusted
2022-11-30,190.6,193.4,188.31,193.28,193.28,157039.0,,adjusted
2022-12-01,206.8,209.0,196.6,199.8,199.8,241033.0,,adjusted
2022-12-02,199.64,200.59,194.8,195.2,195.2,128844.0,,adjusted
2022-12-05,200.8,205.62,197.57,200.72,200.72,186829.0,,adjusted
2022-12-06,201.49,210.91,200.74,205.8,205.8,179801.0,,adjusted
2022-12-07,208.8,214.05,205.75,210.2,210.2,212911.0,,adjusted
2022-12-08,211.59,211.8,206.81,210.3,210.3,138294.0,,adjusted
2022-12-09,210.21,210.3,203.1,209.03,209.03,150829.0,,adjusted
2022-12-12,206.8,214.64,206.37,211.57,211.57,139666.0,,adjusted
2022-12-13,212.8,213.67,208.78,209.54,209.54,90773.0,,adjusted
2022-12-14,210.5,216.4,209.8,214.64,214.64,132263.0,,adjusted
2022-12-15,218.18,219.82,212.23,215.5,215.5,112941.0,,adjusted
2022-12-16,213.8,217.8,213.3,217.5,217.5,76978.0,,adjusted
2022-12-19,215.86,218.67,212.6,213.8,213.8,82162.0,,adjusted
2022-12-20,212.85,214.2,208.1,209.0,209.0,102273.0,,adjusted
2022-12-21,211.2,212.8,209.06,210.89,210.89,66037.0,,adjusted
2022-12-22,213.23,219.71,211.3,216.84,216.84,115472.0,,adjusted
2022-12-23,216.3,222.58,214.18,219.13,219.13,83120.0,,adjusted
2022-12-26,221.28,225.35,212.85,213.95,213.95,155096.0,,adjusted
2022-12-27,216.3,216.3,210.76,214.01,214.01,108879.0,,adjusted
2022-12-28,213.8,215.96,212.7,214.6,214.6,76161.0,,adjusted
2022-12-29,212.8,215.26,211.34,211.95,211.95,95851.0,,adjusted
2022-12-30,213.68,214.52,208.85,211.83,211.83,87758.0,,adjusted
2023-01-03,212.8,214.3,207.98,209.9,209.9,88057.0,,adjusted
2023-01-04,209.6,212.71,208.64,210.91,210.91,69785.0,,adjusted
2023-01-05,213.6,222.49,210.6,221.7,221.7,175531.0,,adjusted
2023-01-06,221.53,221.64,218.66,220.47,220.47,77195.0,,adjusted
2023-01-09,221.25,222.6,219.1,221.48,221.48,83623.0,,adjusted
2023-01-10,221.3,229.13,220.25,227.78,227.78,131938.0,,adjusted
2023-01-11,227.8,228.63,224.3,224.4,224.4,61821.0,,adjusted
2023-01-12,225.49,228.48,219.2,220.82,220.82,97180.0,,adjusted
2023-01-13,220.82,224.68,219.91,224.3,224.3,98923.0,,adjusted
2023-01-16,226.68,231.8,225.38,228.6,228.6,148098.0,,adjusted
2023-01-17,228.86,229.51,223.94,226.79,226.79,65262.0,,adjusted
2023-01-18,228.8,230.8,224.8,225.1,225.1,62111.0,,adjusted
2023-01-19,225.92,228.65,220.35,227.44,227.44,102439.0,,adjusted
2023-01-20,229.76,230.0,225.59,226.3,226.3,71914.0,,adjusted
2023-01-30,235.3,235.79,212.2,213.29,213.29,300596.0,,adjusted
2023-01-31,214.0,215.7,206.78,208.1,208.1,177607.0,,adjusted
2023-02-01,209.79,209.79,204.68,208.65,208.65,158388.0,,adjusted
2023-02-02,209.38,211.37,206.5,211.02,211.02,124111.0,,adjusted
2023-02-03,209.71,209.8,203.73,206.76,206.76,111671.0,,adjusted
2023-02-06,203.8,204.8,199.83,201.96,201.96,135347.0,,adjusted
2023-02-07,201.81,203.25,200.3,201.36,201.36,84532.0,,adjusted
2023-02-08,201.81,202.79,199.84,200.11,200.11,62146.0,,adjusted
2023-02-09,199.8,203.79,199.61,201.49,201.49,111068.0,,adjusted
2023-02-10,200.8,201.0,197.81,200.22,200.22,94318.0,,adjusted
2023-02-13,199.13,204.48,198.01,203.8,203.8,149740.0,,adjusted
2023-02-14,203.0,203.6,198.88,201.25,201.25,138468.0,,adjusted
2023-02-15,200.8,201.25,196.19,196.3,196.3,140555.0,,adjusted
2023-02-16,196.45,202.8,196.45,199.98,199.98,165110.0,,adjusted
2023-02-17,198.91,202.6,196.31,196.34,196.34,102986.0,,adjusted
2023-02-20,196.87,201.8,194.57,201.77,201.77,117596.0,,adjusted
2023-02-21,200.8,201.7,197.1,199.3,199.3,96534.0,,adjusted
2023-02-22,197.37,198.8,195.91,196.34,196.34,78750.0,,adjusted
2023-02-23,196.0,197.68,195.0,195.79,195.79,64544.0,,adjusted
2023-02-24,196.47,196.68,192.81,193.31,193.31,86521.0,,adjusted
2023-02-27,191.5,194.38,190.65,193.11,193.11,80009.0,,adjusted
2023-02-28,194.1,195.09,190.71,193.38,193.38,88489.0,,adjusted
2023-03-01,192.9,194.5,191.57,192.65,192.65,99848.0,,adjusted
2023-03-02,192.66,193.6,190.9,191.32,191.32,73392.0,,adjusted
2023-03-03,192.09,193.0,190.35,191.86,191.86,76193.0,,adjusted
2023-03-06,192.76,193.29,185.68,187.73,187.73,190255.0,,adjusted
2023-03-07,187.64,188.5,184.37,184.4,184.4,115365.0,,adjusted
2023-03-08,183.22,184.25,182.48,183.45,183.45,69297.0,,adjusted
2023-03-09,183.58,184.13,179.28,180.29,180.29,123287.0,,adjusted
2023-03-10,177.8,179.69,177.46,177.53,177.53,91583.0,,adjusted
2023-03-13,177.33,184.19,177.3,182.61,182.61,150244.0,,adjusted
2023-03-14,181.9,182.71,179.52,182.15,182.15,80750.0,,adjusted
2023-03-15,185.41,186.0,178.35,178.75,178.75,123776.0,,adjusted
2023-03-16,176.8,181.79,175.8,180.06,180.06,110336.0,,adjusted
2023-03-17,181.94,184.6,180.3,181.1,181.1,122351.0,,adjusted
2023-03-20,181.6,181.6,176.3,178.47,178.47,90504.0,,adjusted
2023-03-21,179.3,184.03,178.91,183.8,183.8,115620.0,,adjusted
2023-03-22,184.8,185.54,179.84,180.49,180.49,123595.0,,adjusted
2023-03-23,179.3,180.9,177.8,180.36,180.36,77246.0,,adjusted
2023-03-24,179.5,183.3,179.41,182.12,182.12,81838.0,,adjusted
2023-03-27,182.13,182.13,179.6,180.55,180.55,70080.0,,adjusted
2023-03-28,181.4,181.67,177.47,178.41,178.41,98443.0,,adjusted
2023-03-29,179.2,181.29,177.69,178.34,178.34,80704.0,,adjusted
2023-03-30,178.39,183.37,178.37,183.27,183.27,131502.0,,adjusted
2023-03-31,183.32,183.79,178.58,179.04,179.04,143722.0,,adjusted
2023-04-03,178.8,182.8,176.81,180.19,180.19,157422.0,,adjusted
2023-04-04,179.9,180.1,171.7,173.84,173.84,259280.0,,adjusted
2023-04-06,170.81,176.28,169.44,172.62,172.62,143948.0,,adjusted
2023-04-07,172.8,179.23,172.67,177.62,177.62,151658.0,,adjusted
2023-04-10,176.96,177.6,174.49,175.65,175.65,88417.0,,adjusted
2023-04-11,175.67,178.62,174.01,175.07,175.07,110630.0,,adjusted
2023-04-12,175.07,175.8,171.59,171.8,171.8,130404.0,,adjusted
2023-04-13,171.75,173.12,170.26,172.45,172.45,110460.0,,adjusted
2023-04-14,172.58,173.3,170.14,170.58,170.58,111485.0,,adjusted
2023-04-17,171.86,176.12,170.95,175.61,175.61,182016.0,,adjusted
2023-04-18,176.12,177.04,174.08,176.1,176.1,99498.0,,adjusted
2023-04-19,176.2,176.2,171.11,172.76,172.76,120753.0,,adjusted
2023-04-20,172.4,172.76,166.0,166.8,166.8,183436.0,,adjusted
2023-04-21,166.8,167.28,162.46,162.97,162.97,166861.0,,adjusted
2023-04-24,162.9,162.91,158.81,159.69,159.69,140556.0,,adjusted
2023-04-25,157.91,158.58,154.92,157.75,157.75,147288.0,,adjusted
2023-04-26,157.47,160.88,157.31,157.8,157.8,120450.0,,adjusted
2023-04-27,157.9,158.75,156.52,157.4,157.4,113459.0,,adjusted
2023-04-28,160.57,162.18,153.41,156.78,156.78,227473.0,,adjusted
2023-05-04,153.8,154.78,147.6,149.12,149.12,309366.0,,adjusted
2023-05-05,149.05,150.3,146.79,148.68,148.68,132288.0,,adjusted
2023-05-08,148.3,148.3,143.91,145.66,145.66,188784.0,,adjusted
2023-05-09,144.8,146.75,143.4,143.41,143.41,160127.0,,adjusted
2023-05-10,142.79,143.55,140.52,140.78,140.78,167774.0,,adjusted
2023-05-11,141.33,142.0,139.6,139.85,139.85,120937.0,,adjusted
2023-05-12,140.15,140.95,135.49,135.5,135.5,187286.0,,adjusted
2023-05-15,134.8,137.94,134.52,137.8,137.8,148402.0,,adjusted
2023-05-16,137.8,137.8,133.68,134.58,134.58,167254.0,,adjusted
2023-05-17,134.3,134.9,131.47,132.24,132.24,135996.0,,adjusted
2023-05-18,131.8,132.7,128.87,129.68,129.68,146813.0,,adjusted
2023-05-19,130.15,131.62,127.31,130.96,130.96,194958.0,,adjusted
2023-05-22,129.8,136.37,128.33,134.67,134.67,225065.0,,adjusted
2023-05-23,133.09,134.6,132.3,132.31,132.31,113881.0,,adjusted
2023-05-24,131.8,131.8,129.31,129.31,129.31,104950.0,,adjusted
2023-05-25,128.03,129.3,126.47,127.2,127.2,126886.0,,adjusted
2023-05-26,127.45,128.05,124.68,126.5,126.5,109002.0,,adjusted
2023-05-29,126.5,126.94,123.19,123.24,123.24,134933.0,,adjusted
2023-05-30,123.67,125.03,121.01,123.6,123.6,121892.0,,adjusted
2023-05-31,121.8,122.24,117.88,118.9,118.9,241034.0,,adjusted
2023-06-01,119.28,119.82,116.6,116.75,116.75,197160.0,,adjusted
2023-06-02,117.8,119.74,116.66,118.61,118.61,187073.0,,adjusted
2023-06-05,118.72,118.72,115.34,115.35,115.35,145230.0,,adjusted
2023-06-06,115.99,117.1,112.67,113.51,113.51,188702.0,,adjusted
2023-06-07,114.24,114.77,111.91,112.38,112.38,152714.0,,adjusted
2023-06-08,112.58,114.68,111.4,113.38,113.38,155789.0,,adjusted
2023-06-09,113.79,115.17,111.76,112.6,112.6,160627.0,,adjusted
2023-06-12,111.8,117.6,110.8,115.81,115.81,226284.0,,adjusted
2023-06-13,115.3,117.0,114.4,116.6,116.6,142711.0,,adjusted
2023-06-14,117.27,120.11,116.13,116.93,116.93,251452.0,,adjusted
2023-06-15,117.18,126.7,116.0,125.8,125.8,457500.0,,adjusted
2023-06-16,126.3,126.8,123.08,125.96,125.96,275686.0,,adjusted
2023-06-19,125.3,125.53,122.56,123.1,123.1,169946.0,,adjusted
2023-06-20,122.67,124.4,121.82,122.08,122.08,126718.0,,adjusted
2023-06-21,121.81,123.0,117.82,117.95,117.95,181530.0,,adjusted
2023-06-26,115.8,117.46,113.03,113.24,113.24,205621.0,,adjusted
2023-06-27,115.02,115.16,111.61,112.49,112.49,190227.0,,adjusted
2023-06-28,112.5,112.97,111.0,111.59,111.59,131690.0,,adjusted
2023-06-29,111.63,111.74,106.43,106.69,106.69,307645.0,,adjusted
2023-06-30,106.56,107.65,104.71,106.33,106.33,218899.0,,adjusted
2019-01-02,60.53,60.88,58.9,59.8,,69185.0,,raw
2019-01-03,59.64,59.64,56.5,56.98,,112042.0,,raw
2019-01-04,56.05,58.21,55.73,57.1,,106282.0,,raw
2019-01-07,57.38,58.58,56.89,58.1,,85276.0,,raw
2019-01-08,57.82,59.9,57.74,59.6,,61794.0,,raw
2019-01-09,59.61,62.56,59.55,60.9,,127351.0,,raw
2019-01-10,60.86,61.4,59.8,60.1,,61271.0,,raw
2019-01-11,60.41,61.0,59.77,60.68,,63140.0,,raw
2019-01-14,60.15,60.64,58.46,58.6,,54941.0,,raw
2019-01-15,58.8,60.95,58.8,60.78,,93667.0,,raw
2019-01-16,60.99,61.48,60.0,61.13,,68661.0,,raw
2019-01-17,61.16,61.16,60.45,60.8,,43180.0,,raw
2019-01-18,58.6,59.95,57.0,59.43,,221084.0,,raw
2019-01-21,59.52,60.3,59.28,59.87,,108908.0,,raw
2019-01-22,59.98,59.98,58.39,58.9,,66798.0,,raw
2019-01-23,59.15,59.6,58.5,59.11,,40175.0,,raw
2019-01-24,53.31,56.12,53.31,56.0,,299595.0,,raw
2019-01-25,55.25,57.11,55.06,56.43,,114745.0,,raw
2019-01-28,56.5,56.97,54.67,55.0,,158471.0,,raw
2019-01-29,54.67,56.05,54.5,55.87,,91538.0,,raw
2019-01-30,55.8,55.8,54.01,54.4,,168843.0,,raw
2019-01-31,54.2,54.85,53.35,54.5,,113524.0,,raw
2019-02-01,54.8,54.9,53.5,54.5,,140500.0,,raw
2019-02-11,54.54,58.58,54.54,58.1,,171996.0,,raw
2019-02-12,57.8,58.8,57.3,58.18,,94221.0,,raw
2019-02-13,58.18,60.35,58.18,60.0,,132804.0,,raw
2019-02-14,60.18,62.48,59.58,61.83,,122842.0,,raw
2019-02-15,61.7,62.36,59.39,59.61,,116975.0,,raw
2019-02-18,60.36,61.47,60.3,61.27,,119729.0,,raw
2019-02-19,61.02,62.18,60.85,61.5,,87579.0,,raw
2019-02-20,61.5,63.51,61.5,62.45,,91214.0,,raw
2019-02-21,62.45,63.33,61.8,62.52,,76679.0,,raw
2019-02-22,62.6,63.0,61.21,62.93,,73026.0,,raw
2019-02-25,63.0,64.92,62.21,64.77,,150921.0,,raw
2019-02-26,64.76,66.04,62.0,62.35,,151254.0,,raw
2019-02-27,62.4,64.22,62.36,63.08,,116817.0,,raw
2019-02-28,63.0,64.59,62.6,63.8,,72638.0,,raw
2019-03-01,64.6,65.55,63.23,64.45,,88637.0,,raw
2019-03-04,64.98,65.95,63.3,63.73,,148736.0,,raw
2019-03-05,63.48,64.0,61.19,62.4,,193718.0,,raw
2019-03-06,62.38,62.4,60.77,61.67,,171152.0,,raw
2019-03-07,61.5,61.65,60.71,61.5,,115113.0,,raw
2019-03-08,60.52,61.0,58.66,59.55,,230256.0,,raw
2019-03-11,59.9,61.03,59.9,61.0,,117192.0,,raw
2019-03-12,62.0,62.0,59.93,60.14,,160052.0,,raw
2019-03-13,60.18,60.88,59.4,59.93,,105418.0,,raw
2019-03-14,60.0,60.85,59.93,60.14,,77396.0,,raw
2019-03-15,60.57,61.38,60.0,60.95,,125815.0,,raw
2019-03-18,60.95,63.0,60.5,62.9,,174446.0,,raw
2019-03-19,63.2,63.66,62.6,62.89,,108453.0,,raw
2019-03-20,62.96,64.19,62.69,63.7,,125577.0,,raw
2019-03-21,63.48,64.2,62.15,63.9,,111708.0,,raw
2019-03-22,63.69,65.68,63.34,64.25,,118578.0,,raw
2019-03-25,63.0,63.43,62.25,62.61,,142000.0,,raw
2019-03-26,62.93,64.0,62.9,63.65,,95941.0,,raw
2019-03-27,64.15,65.51,63.72,65.47,,149165.0,,raw
2019-03-28,65.56,69.74,65.02,67.79,,234690.0,,raw
2019-03-29,67.88,71.18,67.88,70.08,,183314.0,,raw
2019-04-01,71.0,73.6,69.86,69.98,,160971.0,,raw
2019-04-02,70.35,71.27,69.29,70.42,,95241.0,,raw
2019-04-03,70.4,72.19,69.85,71.62,,84944.0,,raw
2019-04-04,71.6,72.67,70.69,72.35,,66345.0,,raw
2019-04-08,71.99,74.33,70.88,72.11,,115046.0,,raw
2019-04-09,72.0,73.73,71.99,73.23,,73510.0,,raw
2019-04-10,73.38,73.4,71.11,72.4,,86004.0,,raw
2019-04-11,72.56,74.31,71.21,72.25,,112941.0,,raw
2019-04-12,72.18,73.55,70.71,71.38,,90567.0,,raw
2019-04-15,72.8,75.5,72.79,72.91,,118805.0,,raw
2019-04-16,72.54,74.67,72.54,74.67,,118477.0,,raw
2019-04-17,74.86,76.18,74.02,76.18,,97506.0,,raw
2019-04-18,75.7,78.4,75.65,78.23,,79968.0,,raw
2019-04-19,78.37,79.3,76.14,78.64,,61654.0,,raw
2019-04-22,78.0,80.15,77.22,78.0,,63821.0,,raw
2019-04-23,78.0,79.5,77.4,77.4,,105778.0,,raw
2019-04-24,77.93,79.15,77.41,78.83,,82481.0,,raw
2019-04-25,78.25,80.34,78.2,79.32,,80515.0,,raw
2019-04-26,78.8,79.74,75.65,77.3,,119972.0,,raw
2019-04-29,78.65,80.88,77.29,79.98,,144159.0,,raw
2019-04-30,79.55,79.75,77.14,77.49,,100925.0,,raw
2019-05-06,75.0,76.9,74.0,76.01,,152401.0,,raw
2019-05-07,76.01,77.7,74.88,76.4,,177226.0,,raw
2019-05-08,75.66,76.65,73.0,73.41,,80976.0,,raw
2019-05-09,72.66,74.72,71.41,73.65,,127195.0,,raw
2019-05-10,74.05,78.08,74.0,77.15,,125881.0,,raw
2019-05-13,76.48,78.78,76.15,77.02,,64533.0,,raw
2019-05-14,75.8,77.0,74.8,75.15,,98652.0,,raw
2019-05-15,76.0,78.13,74.9,77.8,,79930.0,,raw
2019-05-16,77.98,79.04,77.25,79.0,,91346.0,,raw
2019-05-17,79.2,79.35,76.98,77.19,,81274.0,,raw
2019-05-20,76.45,76.99,74.5,76.01,,82422.0,,raw
2019-05-21,76.34,78.02,76.1,76.32,,79358.0,,raw
2019-05-22,76.69,78.0,75.8,76.97,,75950.0,,raw
2019-05-23,76.5,76.89,74.65,75.33,,70339.0,,raw
2019-05-24,75.6,76.83,75.0,75.3,,47628.0,,raw
2019-05-27,75.15,76.23,73.37,75.79,,71211.0,,raw
2019-05-28,75.9,78.39,75.6,78.0,,96738.0,,raw
2019-05-29,77.0,77.46,76.15,76.7,,69823.0,,raw
2019-05-30,76.65,77.09,75.3,75.82,,70941.0,,raw
2019-05-31,76.2,78.1,75.52,77.39,,78382.0,,raw
2019-06-03,77.38,78.43,75.89,76.62,,67730.0,,raw
2019-06-04,76.51,77.0,75.1,75.7,,59629.0,,raw
2019-06-05,76.29,76.5,74.41,74.55,,59384.0,,raw
2019-06-06,75.07,75.49,73.44,73.93,,74697.0,,raw
2019-06-10,74.56,76.5,74.02,75.94,,61192.0,,raw
2019-06-11,76.32,78.98,76.32,78.7,,107302.0,,raw
2019-06-12,78.65,79.16,78.05,79.05,,59990.0,,raw
2019-06-13,79.15,79.2,77.77,78.5,,46017.0,,raw
2019-06-14,78.99,81.6,78.88,79.46,,83920.0,,raw
2019-06-17,79.92,82.06,79.52,81.3,,77653.0,,raw
2019-06-18,81.4,81.58,79.79,80.03,,55385.0,,raw
2019-06-19,81.48,82.98,80.88,82.67,,84067.0,,raw
2019-06-20,82.68,87.89,82.03,85.68,,125663.0,,raw
2019-06-21,85.6,87.2,84.3,85.04,,91475.0,,raw
2019-06-24,84.87,86.49,83.78,85.51,,69309.0,,raw
2019-06-25,85.62,85.99,83.6,84.52,,71395.0,,raw
2019-06-26,84.37,85.4,84.07,85.0,,53412.0,,raw
2019-06-27,85.41,87.23,84.6,86.58,,85341.0,,raw
2019-06-28,86.58,88.69,85.81,88.65,,61963.0,,raw
2019-07-01,89.6,91.28,89.41,90.2,,90370.0,,raw
2019-07-02,90.2,91.6,88.58,91.18,,91137.0,,raw
2019-07-03,91.0,91.69,87.5,88.18,,94825.0,,raw
2019-07-04,86.3,86.33,81.65,83.3,,287743.0,,raw
2019-07-05,83.5,87.33,83.26,86.5,,151454.0,,raw
2019-07-08,86.89,86.9,83.98,85.0,,93275.0,,raw
2019-07-09,85.62,85.79,84.57,85.02,,49925.0,,raw
2019-07-10,85.88,88.77,85.1,87.94,,100088.0,,raw
2019-07-11,88.59,89.6,85.33,86.12,,110088.0,,raw
2019-07-12,86.0,88.86,86.0,87.71,,76338.0,,raw
2019-07-15,88.4,88.41,86.6,87.82,,58777.0,,raw
2019-07-16,88.12,88.12,86.05,86.2,,64104.0,,raw
2019-07-17,85.8,85.8,82.5,84.71,,126942.0,,raw
2019-07-18,85.01,85.7,84.75,85.2,,61637.0,,raw
2019-07-19,85.8,87.35,85.34,85.88,,59662.0,,raw
2019-07-22,85.19,88.4,85.01,88.02,,71568.0,,raw
2019-07-23,87.97,88.0,85.6,86.13,,75078.0,,raw
2019-07-24,86.29,86.55,85.62,85.97,,46319.0,,raw
2019-07-25,86.29,88.12,85.67,88.1,,75869.0,,raw
2019-07-26,87.85,90.49,87.64,89.6,,84197.0,,raw
2019-07-29,89.98,90.5,89.4,90.5,,48526.0,,raw
2019-07-30,90.68,90.8,88.8,89.94,,60138.0,,raw
2019-07-31,89.26,90.56,88.03,90.5,,62760.0,,raw
2019-08-01,90.0,91.93,88.18,89.5,,86907.0,,raw
2019-08-02,88.9,91.1,87.75,90.47,,70292.0,,raw
2019-08-05,89.33,89.88,85.73,85.8,,121512.0,,raw
2019-08-06,82.3,85.9,82.27,85.85,,149509.0,,raw
2019-08-07,86.17,87.59,85.2,86.2,,74587.0,,raw
2019-08-08,86.5,87.8,86.4,87.52,,53567.0,,raw
2019-08-09,88.3,88.49,87.15,87.4,,45063.0,,raw
2019-08-12,87.6,88.14,86.88,87.6,,44986.0,,raw
2019-08-13,86.9,87.19,84.48,86.8,,81815.0,,raw
2019-08-14,87.41,88.8,87.41,88.65,,73436.0,,raw
2019-08-15,87.0,88.28,86.5,87.43,,51406.0,,raw
2019-08-16,87.55,91.76,86.86,90.72,,103338.0,,raw
2019-08-19,91.2,92.45,89.6,90.9,,74449.0,,raw
2019-08-20,90.8,91.37,90.03,91.2,,44822.0,,raw
2019-08-21,91.3,91.35,90.19,90.8,,32426.0,,raw
2019-08-22,91.52,94.8,91.2,94.35,,96727.0,,raw
2019-08-23,94.75,96.88,94.01,95.28,,65128.0,,raw
2019-08-26,94.5,96.5,93.75,94.84,,76118.0,,raw
2019-08-27,95.37,96.64,94.84,95.57,,75944.0,,raw
2019-08-28,95.02,95.7,93.38,94.89,,62220.0,,raw
2019-08-29,95.0,95.3,93.53,94.9,,51408.0,,raw
2019-08-30,95.0,96.35,94.43,95.48,,87519.0,,raw
2019-09-02,96.03,96.18,92.15,94.39,,108784.0,,raw
2019-09-03,94.18,95.45,93.75,94.58,,65077.0,,raw
2019-09-04,94.0,94.0,91.31,92.24,,118642.0,,raw
2019-09-05,93.25,95.0,92.86,93.05,,109571.0,,raw
2019-09-06,94.0,95.3,92.42,94.18,,84791.0,,raw
2019-09-09,94.86,95.45,93.53,93.8,,69488.0,,raw
2019-09-10,93.69,94.29,92.37,92.99,,64306.0,,raw
2019-09-11,93.09,93.3,90.4,91.11,,109408.0,,raw
2019-09-12,91.1,92.65,90.0,92.39,,67651.0,,raw
2019-09-16,93.0,93.09,91.8,92.75,,52638.0,,raw
2019-09-17,92.8,93.47,91.7,92.04,,56199.0,,raw
2019-09-18,92.3,95.06,92.08,93.8,,83781.0,,raw
2019-09-19,94.69,95.9,94.0,95.61,,89496.0,,raw
2019-09-20,95.86,95.96,93.37,93.37,,159888.0,,raw
2019-09-23,93.65,93.65,92.0,92.79,,64665.0,,raw
2019-09-24,93.2,94.15,92.2,93.8,,57464.0,,raw
2019-09-25,93.78,95.35,93.22,94.19,,65838.0,,raw
2019-09-26,94.82,95.4,93.38,93.53,,53685.0,,raw
2019-09-27,93.9,94.35,92.0,93.01,,55277.0,,raw
2019-09-30,92.58,94.58,92.58,93.06,,56936.0,,raw
2019-10-08,93.79,98.27,93.67,97.1,,188864.0,,raw
2019-10-09,96.79,96.8,92.56,93.25,,159048.0,,raw
2019-10-10,93.93,95.49,91.91,95.28,,83925.0,,raw
2019-10-11,95.8,95.88,94.8,94.81,,46753.0,,raw
2019-10-14,95.6,95.85,94.09,94.63,,50312.0,,raw
2019-10-15,94.63,95.5,94.08,95.31,,37971.0,,raw
2019-10-16,95.5,96.9,95.31,95.7,,44167.0,,raw
2019-10-17,95.7,97.5,95.55,96.25,,36124.0,,raw
2019-10-18,96.7,96.89,94.99,95.25,,36655.0,,raw
2019-10-21,95.08,96.05,94.1,94.75,,31630.0,,raw
2019-10-22,95.66,95.66,93.0,94.32,,56967.0,,raw
2019-10-23,93.5,94.31,92.0,92.07,,61741.0,,raw
2019-10-24,92.07,92.2,87.11,88.65,,177140.0,,raw
2019-10-25,88.63,90.63,88.1,90.39,,84542.0,,raw
2019-10-28,90.39,92.14,90.2,91.57,,65725.0,,raw
2019-10-29,92.11,92.79,90.5,91.93,,87699.0,,raw
2019-10-30,89.18,91.36,89.18,90.15,,101411.0,,raw
2019-10-31,90.3,90.7,88.7,90.35,,78455.0,,raw
2019-11-01,90.45,91.45,89.55,90.81,,53304.0,,raw
2019-11-04,91.8,93.33,90.7,92.92,,81681.0,,raw
2019-11-05,92.82,93.9,91.78,92.82,,63977.0,,raw
2019-11-06,92.68,92.93,91.94,92.39,,48754.0,,raw
2019-11-07,92.03,92.3,90.0,90.65,,75371.0,,raw
2019-11-08,91.5,91.88,90.5,90.5,,41184.0,,raw
2019-11-11,90.05,90.15,87.0,87.7,,123769.0,,raw
2019-11-12,88.38,88.69,86.28,86.92,,72230.0,,raw
2019-11-13,87.0,87.18,84.98,85.3,,172850.0,,raw
2019-11-14,85.57,85.94,84.38,84.72,,124366.0,,raw
2019-11-15,85.35,85.47,84.41,84.5,,79434.0,,raw
2019-11-18,84.8,87.1,84.52,86.65,,135544.0,,raw
2019-11-19,86.29,87.25,85.8,86.95,,93283.0,,raw
2019-11-20,86.95,87.2,86.0,86.41,,58022.0,,raw
2019-11-21,85.85,86.33,84.96,86.28,,54725.0,,raw
2019-11-22,86.26,87.08,83.81,84.7,,83215.0,,raw
2019-11-25,84.68,84.69,82.18,83.03,,119903.0,,raw
2019-11-26,83.56,86.33,83.56,84.38,,145657.0,,raw
2019-11-27,85.36,86.9,83.2,84.07,,85226.0,,raw
2019-11-28,83.84,84.19,82.9,83.1,,50992.0,,raw
2019-11-29,83.05,83.95,82.08,83.8,,69616.0,,raw
2019-12-02,83.8,84.12,82.99,83.48,,60457.0,,raw
2019-12-03,83.5,84.18,82.2,83.88,,71912.0,,raw
2019-12-04,83.58,85.11,82.82,84.82,,79992.0,,raw
2019-12-05,85.27,86.65,85.0,86.28,,68154.0,,raw
2019-12-06,86.88,87.71,86.08,87.2,,57135.0,,raw
2019-12-09,87.57,87.96,85.1,85.3,,61816.0,,raw
2019-12-10,85.51,88.66,85.37,88.47,,120209.0,,raw
2019-12-11,88.78,89.1,87.38,88.6,,58301.0,,raw
2019-12-12,88.88,88.99,88.1,88.8,,41286.0,,raw
2019-12-13,90.0,91.3,89.36,90.12,,97483.0,,raw
2019-12-16,90.51,91.12,85.0,86.12,,301853.0,,raw
2019-12-17,85.58,86.34,84.75,85.61,,168692.0,,raw
2019-12-18,85.59,85.8,85.0,85.11,,72076.0,,raw
2019-12-19,85.2,86.0,85.08,85.47,,71444.0,,raw
2019-12-20,85.99,88.45,85.39,87.69,,119808.0,,raw
2019-12-23,88.0,89.54,86.68,86.83,,93601.0,,raw
2019-12-24,86.84,87.93,85.29,87.21,,43409.0,,raw
2019-12-25,87.1,87.55,86.2,87.12,,38074.0,,raw
2019-12-26,87.4,88.55,87.32,88.16,,48443.0,,raw
2019-12-27,88.57,89.77,88.0,88.12,,60131.0,,raw
2019-12-30,88.0,89.11,87.6,89.0,,79054.0,,raw
2019-12-31,88.5,89.09,87.83,88.95,,57997.0,,raw
2020-01-02,89.01,90.68,89.0,90.05,,73491.0,,raw
2020-01-03,91.0,91.22,89.99,90.98,,70270.0,,raw
2020-01-06,90.22,91.91,89.5,90.0,,68575.0,,raw
2020-01-07,90.74,91.88,90.72,90.91,,55208.0,,raw
2020-01-08,90.05,91.88,89.68,91.3,,70121.0,,raw
2020-01-09,91.99,94.72,91.88,94.0,,88167.0,,raw
2020-01-10,95.18,95.18,94.05,94.34,,56159.0,,raw
2020-01-13,91.0,92.73,90.1,91.0,,205279.0,,raw
2020-01-14,91.8,91.95,88.31,88.84,,144294.0,,raw
2020-01-15,88.84,89.59,88.41,89.36,,64136.0,,raw
2020-01-16,89.81,90.83,88.92,90.39,,69959.0,,raw
2020-01-17,90.84,91.3,89.31,89.85,,67499.0,,raw
2020-01-20,90.15,90.3,85.15,86.9,,209408.0,,raw
2020-01-21,85.68,85.68,83.0,83.75,,232072.0,,raw
2020-01-22,83.0,85.36,82.61,84.58,,123340.0,,raw
2020-01-23,83.0,83.53,80.4,82.0,,248091.0,,raw
2020-02-03,73.8,73.8,73.8,73.8,,202001.0,,raw
2020-02-04,73.8,76.8,73.5,75.08,,308469.0,,raw
2020-02-05,77.7,78.47,76.14,77.78,,259335.0,,raw
2020-02-06,78.9,80.8,78.22,80.8,,202305.0,,raw
2020-02-07,80.27,80.6,78.28,80.2,,173476.0,,raw
2020-02-10,79.5,80.28,78.51,79.0,,134697.0,,raw
2020-02-11,79.52,80.4,78.97,80.05,,137075.0,,raw
2020-02-12,80.0,80.72,79.5,80.4,,91286.0,,raw
2020-02-13,80.48,80.48,78.7,79.16,,127488.0,,raw
2020-02-14,78.62,81.43,78.62,80.94,,131659.0,,raw
2020-02-17,80.94,81.81,80.77,81.25,,143153.0,,raw
2020-02-18,81.3,81.6,79.6,80.2,,131840.0,,raw
2020-02-19,79.75,83.42,79.41,83.31,,182784.0,,raw
2020-02-20,84.84,86.83,84.6,85.8,,226742.0,,raw
2020-02-21,85.72,86.2,84.49,85.07,,115521.0,,raw
2020-02-24,83.6,85.07,82.73,82.97,,170001.0,,raw
2020-02-25,81.96,81.98,80.77,81.84,,127635.0,,raw
2020-02-26,80.88,81.28,79.83,80.2,,147424.0,,raw
2020-02-27,80.58,82.01,80.0,80.45,,166170.0,,raw
2020-02-28,76.43,80.0,76.43,78.5,,174421.0,,raw
2020-03-02,78.05,79.27,76.88,78.39,,141896.0,,raw
2020-03-03,79.5,79.98,78.39,79.17,,142904.0,,raw
2020-03-04,79.17,79.8,77.67,79.06,,113274.0,,raw
2020-03-05,79.9,84.83,79.9,84.11,,258300.0,,raw
2020-03-06,83.1,84.6,82.7,83.27,,122065.0,,raw
2020-03-09,81.6,81.6,78.34,79.13,,188819.0,,raw
2020-03-10,79.0,82.88,78.62,81.48,,115434.0,,raw
2020-03-11,81.12,84.8,80.12,82.66,,183675.0,,raw
2020-03-12,80.98,81.58,78.88,79.08,,140499.0,,raw
2020-03-13,75.0,84.5,75.0,83.59,,287941.0,,raw
2020-03-16,82.5,82.59,77.8,77.8,,203655.0,,raw
2020-03-17,77.75,79.9,74.8,77.22,,119813.0,,raw
2020-03-18,77.7,78.29,74.12,75.38,,126317.0,,raw
2020-03-19,73.86,75.99,70.06,71.92,,157135.0,,raw
2020-03-20,73.28,76.5,72.8,75.6,,161599.0,,raw
2020-03-23,73.15,74.6,71.5,72.15,,120420.0,,raw
2020-03-24,73.5,75.85,72.13,73.27,,131747.0,,raw
2020-03-25,75.8,76.28,72.2,74.8,,260637.0,,raw
2020-03-26,73.12,74.14,72.38,72.9,,135378.0,,raw
2020-03-27,73.62,73.7,72.05,72.42,,100273.0,,raw
2020-03-30,71.0,71.27,66.5,67.95,,240120.0,,raw
2020-03-31,68.57,68.57,67.17,67.2,,111436.0,,raw
2020-04-01,67.25,70.24,67.02,68.53,,135308.0,,raw
2020-04-02,68.5,72.0,68.11,71.83,,124682.0,,raw
2020-04-03,71.95,74.41,71.83,72.63,,121980.0,,raw
2020-04-07,75.3,75.98,74.62,75.55,,183501.0,,raw
2020-04-08,74.65,77.44,74.64,75.62,,115076.0,,raw
2020-04-09,76.07,77.68,75.35,77.5,,75962.0,,raw
2020-04-10,77.2,79.84,76.57,77.32,,76182.0,,raw
2020-04-13,76.5,78.95,76.41,78.43,,75413.0,,raw
2020-04-14,79.0,79.54,77.72,79.39,,131620.0,,raw
2020-04-15,79.35,79.35,75.6,76.6,,121155.0,,raw
2020-04-16,75.85,77.3,75.56,77.0,,71206.0,,raw
2020-04-17,79.0,82.57,79.0,81.3,,193457.0,,raw
2020-04-20,82.18,83.69,80.37,82.8,,142136.0,,raw
2020-04-21,82.99,83.28,80.85,82.22,,94106.0,,raw
2020-04-22,83.28,86.35,82.55,85.92,,211734.0,,raw
2020-04-23,88.5,89.0,85.8,86.56,,157356.0,,raw
2020-04-24,86.39,88.75,86.39,87.69,,98170.0,,raw
2020-04-27,87.86,88.36,85.54,86.4,,91161.0,,raw
2020-04-28,85.91,90.6,85.58,89.62,,144491.0,,raw
2020-04-29,89.34,91.8,89.34,90.3,,101543.0,,raw
2020-04-30,90.6,93.79,89.0,91.3,,98585.0,,raw
2020-05-06,89.5,91.44,89.3,90.25,,159248.0,,raw
2020-05-07,90.44,91.44,89.11,91.2,,73743.0,,raw
2020-05-08,93.0,93.6,91.22,92.68,,78600.0,,raw
2020-05-11,92.88,93.49,88.66,88.9,,143757.0,,raw
2020-05-12,89.84,91.8,89.69,90.44,,129353.0,,raw
2020-05-13,90.5,91.18,89.5,89.99,,68164.0,,raw
2020-05-14,89.12,89.8,88.5,88.85,,62146.0,,raw
2020-05-15,89.29,89.74,87.36,87.57,,90573.0,,raw
2020-05-18,87.89,88.7,87.48,87.5,,73919.0,,raw
2020-05-19,88.7,91.41,88.2,89.4,,128089.0,,raw
2020-05-20,89.38,90.65,87.36,87.66,,87943.0,,raw
2020-05-21,88.5,88.82,87.05,87.78,,80926.0,,raw
2020-05-22,88.01,88.9,85.54,86.17,,125278.0,,raw
2020-05-25,86.78,89.94,85.9,88.79,,110381.0,,raw
2020-05-26,89.88,96.87,89.82,96.02,,183132.0,,raw
2020-05-27,95.28,96.64,93.69,96.6,,125821.0,,raw
2020-05-28,97.2,97.49,94.09,95.0,,121149.0,,raw
2020-05-29,94.56,101.23,93.75,101.23,,187179.0,,raw
2020-06-01,101.5,104.54,99.22,102.18,,159126.0,,raw
2020-06-02,103.9,105.37,99.44,99.87,,260914.0,,raw
2020-06-03,102.0,102.66,98.08,102.18,,130163.0,,raw
2020-06-04,101.0,101.75,99.9,99.92,,79008.0,,raw
2020-06-05,99.86,108.08,99.86,106.41,,174327.0,,raw
2020-06-08,105.1,108.2,104.25,106.18,,92119.0,,raw
2020-06-09,106.0,112.0,105.0,110.0,,99914.0,,raw
2020-06-10,106.0,108.0,102.68,106.34,,238111.0,,raw
2020-06-11,105.0,111.06,103.99,108.95,,156897.0,,raw
2020-06-12,107.8,119.85,107.46,119.85,,200100.0,,raw
2020-06-15,120.01,128.5,118.75,120.0,,241210.0,,raw
2020-06-16,121.9,126.57,118.9,126.5,,127969.0,,raw
2020-06-17,125.49,126.1,122.8,124.88,,98758.0,,raw
2020-06-18,124.0,129.48,122.6,129.08,,111603.0,,raw
2020-06-19,127.44,131.4,125.5,130.81,,128414.0,,raw
2020-06-22,130.02,130.31,124.6,126.25,,129406.0,,raw
2020-06-23,126.2,129.5,123.72,126.5,,117054.0,,raw
2020-06-24,127.55,129.77,125.5,127.3,,108089.0,,raw
2020-06-29,126.93,140.03,125.21,140.03,,168839.0,,raw
2020-06-30,146.5,154.03,145.1,154.03,,292303.0,,raw
2020-07-01,158.15,168.18,154.9,167.28,,290701.0,,raw
2020-07-02,166.0,173.19,162.0,166.14,,239326.0,,raw
2020-07-03,166.0,182.75,165.5,182.75,,233984.0,,raw
2020-07-06,188.23,201.03,182.0,201.03,,183000.0,,raw
2020-07-07,214.0,218.88,187.02,192.4,,460523.0,,raw
2020-07-08,185.0,199.4,182.08,195.86,,414108.0,,raw
2020-07-09,191.0,196.86,187.0,193.79,,271546.0,,raw
2020-07-10,191.4,212.94,187.52,203.49,,316848.0,,raw
2020-07-13,206.0,208.0,187.0,194.67,,320542.0,,raw
2020-07-14,188.84,196.97,188.81,190.0,,229319.0,,raw
2020-07-15,190.1,195.68,186.51,190.53,,265085.0,,raw
2020-07-16,190.01,191.8,171.0,171.0,,313732.0,,raw
2020-07-17,180.0,188.1,180.0,188.1,,290002.0,,raw
2020-07-20,191.99,204.39,189.41,196.0,,281397.0,,raw
2020-07-21,194.0,200.3,190.0,196.75,,174129.0,,raw
2020-07-22,199.97,216.43,196.01,206.61,,328083.0,,raw
2020-07-23,204.0,227.27,201.16,227.27,,341294.0,,raw
2020-07-24,226.0,228.5,204.54,204.54,,413670.0,,raw
2020-07-27,200.0,209.99,195.95,199.69,,246236.0,,raw
2020-07-28,202.0,212.88,195.0,206.7,,229097.0,,raw
2020-07-29,203.2,218.68,203.0,214.0,,190261.0,,raw
2020-07-30,214.94,232.75,212.0,223.3,,227962.0,,raw
2020-07-31,224.0,244.36,224.0,243.0,,235983.0,,raw
2020-08-03,246.99,249.0,226.0,238.5,,262552.0,,raw
2020-08-04,234.0,234.0,220.12,223.55,,250660.0,,raw
2020-08-05,220.0,228.0,218.2,223.85,,138350.0,,raw
2020-08-06,224.0,224.85,214.11,218.26,,183251.0,,raw
2020-08-07,220.0,228.85,215.0,220.88,,178329.0,,raw
2020-08-10,214.1,219.59,209.7,213.7,,161619.0,,raw
2020-08-11,211.95,223.44,211.95,214.28,,139653.0,,raw
2020-08-12,214.5,217.97,203.6,206.65,,203701.0,,raw
2020-08-13,207.0,210.6,200.01,204.49,,139725.0,,raw
2020-08-14,202.0,208.96,201.14,207.25,,113505.0,,raw
2020-08-17,207.7,211.9,204.06,207.2,,124958.0,,raw
2020-08-18,208.82,215.5,207.2,210.95,,134381.0,,raw
2020-08-19,211.0,211.0,198.5,200.0,,161804.0,,raw
2020-08-20,191.0,204.96,191.0,194.0,,211703.0,,raw
2020-08-21,196.0,206.6,194.66,199.38,,152849.0,,raw
2020-08-24,201.0,205.58,196.8,203.52,,120361.0,,raw
2020-08-25,207.79,216.8,203.59,210.31,,173898.0,,raw
2020-08-26,208.2,212.8,202.2,203.53,,102373.0,,raw
2020-08-27,201.5,206.62,200.02,203.99,,72925.0,,raw
2020-08-28,204.39,223.0,204.01,220.3,,192954.0,,raw
2020-08-31,221.0,221.0,208.0,208.0,,210476.0,,raw
2020-09-01,207.0,218.83,206.1,216.8,,143951.0,,raw
2020-09-02,221.74,226.97,218.88,223.0,,150430.0,,raw
2020-09-03,221.5,229.6,221.5,224.3,,114931.0,,raw
2020-09-04,219.0,221.1,210.0,219.8,,122714.0,,raw
2020-09-07,217.0,221.5,207.02,209.28,,157603.0,,raw
2020-09-08,211.28,212.75,201.0,204.2,,121581.0,,raw
2020-09-09,200.3,203.1,195.8,197.18,,117433.0,,raw
2020-09-10,200.99,208.0,200.45,205.6,,138661.0,,raw
2020-09-11,204.0,208.8,203.0,207.21,,92990.0,,raw
2020-09-14,208.0,217.5,207.54,214.3,,120300.0,,raw
2020-09-15,214.31,224.78,212.13,222.58,,116346.0,,raw
2020-09-16,223.22,224.36,214.51,217.26,,99620.0,,raw
2020-09-17,219.8,219.8,208.58,212.13,,94407.0,,raw
2020-09-18,212.0,216.0,209.9,216.0,,101197.0,,raw
2020-09-21,217.0,219.9,208.0,209.01,,118044.0,,raw
2020-09-22,210.0,211.18,203.58,206.71,,97385.0,,raw
2020-09-23,207.05,219.33,205.28,217.5,,115841.0,,raw
2020-09-24,218.21,218.98,210.66,213.1,,82876.0,,raw
2020-09-25,215.99,222.8,215.23,219.2,,110136.0,,raw
2020-09-28,221.0,230.54,218.48,224.9,,157860.0,,raw
2020-09-29,224.0,226.94,220.0,224.3,,93856.0,,raw
2020-09-30,227.0,228.9,221.33,222.94,,88134.0,,raw
2020-10-09,223.0,223.0,200.65,204.1,,325848.0,,raw
2020-10-12,204.16,212.9,201.0,212.0,,177850.0,,raw
2020-10-13,219.0,219.5,208.8,214.1,,140029.0,,raw
2020-10-14,211.92,214.0,206.5,209.2,,137897.0,,raw
2020-10-15,207.0,209.48,202.0,202.83,,140874.0,,raw
2020-10-16,203.11,205.44,201.64,203.43,,69306.0,,raw
2020-10-19,201.01,205.01,198.8,200.1,,99528.0,,raw
2020-10-20,200.1,203.05,198.47,200.02,,71137.0,,raw
2020-10-21,205.0,205.0,194.02,195.6,,132667.0,,raw
2020-10-22,194.0,196.78,186.8,195.99,,126108.0,,raw
2020-10-23,196.88,199.23,193.0,193.06,,67458.0,,raw
2020-10-26,192.65,192.65,181.88,185.68,,107554.0,,raw
2020-10-27,182.61,186.37,179.6,184.81,,118149.0,,raw
2020-10-28,190.0,201.0,188.11,198.41,,180517.0,,raw
2020-10-29,196.0,203.5,194.6,200.43,,126288.0,,raw
2020-10-30,203.03,205.0,198.61,199.4,,103129.0,,raw
2020-11-02,198.22,204.18,192.22,194.4,,149615.0,,raw
2020-11-03,196.34,199.77,193.03,197.76,,107505.0,,raw
2020-11-04,197.42,203.8,197.42,202.43,,104412.0,,raw
2020-11-05,205.0,206.83,198.51,200.1,,125422.0,,raw
2020-11-06,200.0,201.5,192.83,196.32,,119430.0,,raw
2020-11-09,197.2,199.6,193.64,199.5,,106987.0,,raw
2020-11-10,189.53,193.52,183.5,185.27,,306634.0,,raw
2020-11-11,188.0,189.79,183.75,184.6,,133429.0,,raw
2020-11-12,185.5,196.8,183.54,196.15,,215348.0,,raw
2020-11-13,195.2,195.2,186.88,192.5,,126216.0,,raw
2020-11-16,189.0,189.9,184.1,186.45,,164875.0,,raw
2020-11-17,186.46,186.96,179.79,181.0,,133219.0,,raw
2020-11-18,181.61,184.1,172.77,175.25,,180682.0,,raw
2020-11-19,175.72,184.58,174.0,183.31,,159122.0,,raw
2020-11-20,185.31,187.78,182.26,185.0,,89639.0,,raw
2020-11-23,185.0,190.18,181.5,187.89,,124083.0,,raw
2020-11-24,188.94,196.48,185.39,193.39,,136134.0,,raw
2020-11-25,194.93,195.45,189.0,189.0,,79478.0,,raw
2020-11-26,188.51,197.8,188.51,191.25,,95083.0,,raw
2020-11-27,190.33,193.88,188.2,193.2,,60681.0,,raw
2020-11-30,190.51,197.26,190.51,193.2,,99385.0,,raw
2020-12-01,194.0,198.38,193.2,196.0,,87067.0,,raw
2020-12-02,197.42,199.5,194.03,195.52,,60431.0,,raw
2020-12-03,194.08,197.28,194.01,194.93,,57556.0,,raw
2020-12-04,194.0,197.6,192.3,196.43,,73114.0,,raw
2020-12-07,197.0,208.98,195.5,207.75,,178176.0,,raw
2020-12-08,209.63,210.3,204.1,208.03,,84924.0,,raw
2020-12-09,207.83,209.35,202.22,202.33,,73433.0,,raw
2020-12-10,204.24,209.37,201.12,207.8,,91149.0,,raw
2020-12-11,210.88,210.88,202.67,206.0,,95330.0,,raw
2020-12-14,205.81,216.0,203.01,213.6,,153766.0,,raw
2020-12-15,214.06,219.7,212.55,218.38,,122134.0,,raw
2020-12-16,220.5,223.3,217.2,220.36,,77984.0,,raw
2020-12-17,220.5,225.88,219.0,225.49,,99744.0,,raw
2020-12-18,222.78,224.78,216.85,217.25,,114645.0,,raw
2020-12-21,218.0,229.9,217.0,229.13,,121202.0,,raw
2020-12-22,229.13,245.17,226.5,236.95,,161250.0,,raw
2020-12-23,237.0,255.32,237.0,246.88,,170868.0,,raw
2020-12-24,253.0,262.49,249.57,252.2,,126032.0,,raw
2020-12-25,250.0,261.87,246.0,259.0,,92794.0,,raw
2020-12-28,263.88,264.9,253.91,257.6,,102642.0,,raw
2020-12-29,256.0,259.0,248.2,255.15,,98367.0,,raw
2020-12-30,253.1,266.05,253.1,263.12,,112464.0,,raw
2020-12-31,270.02,285.8,267.52,282.45,,147882.0,,raw
2021-01-04,282.0,300.62,281.75,292.25,,140347.0,,raw
2021-01-05,290.0,299.69,289.0,293.02,,118714.0,,raw
2021-01-06,290.0,293.83,284.02,288.0,,126381.0,,raw
2021-01-07,293.35,311.0,290.0,311.0,,151153.0,,raw
2021-01-08,311.0,311.4,287.0,291.0,,196177.0,,raw
2021-01-11,290.0,306.08,284.1,298.4,,170500.0,,raw
2021-01-12,295.95,321.86,295.59,319.1,,124108.0,,raw
2021-01-13,318.0,319.0,292.6,299.99,,181166.0,,raw
2021-01-14,293.56,294.34,276.68,280.55,,240306.0,,raw
2021-01-15,279.49,286.7,272.5,280.01,,151425.0,,raw
2021-01-18,278.22,279.0,268.0,274.2,,173566.0,,raw
2021-01-19,277.11,281.93,268.0,268.15,,135251.0,,raw
2021-01-20,270.27,274.99,263.0,272.94,,140386.0,,raw
2021-01-21,271.49,275.98,263.0,272.0,,196955.0,,raw
2021-01-22,272.03,285.0,270.1,283.0,,181720.0,,raw
2021-01-25,288.01,311.0,288.01,308.0,,238161.0,,raw
2021-01-26,301.55,305.79,293.92,297.98,,133392.0,,raw
2021-01-27,299.1,299.1,283.03,297.0,,132332.0,,raw
2021-01-28,289.57,295.15,285.6,287.0,,90008.0,,raw
2021-01-29,292.9,300.88,290.01,294.0,,134044.0,,raw
2021-02-01,307.9,315.87,298.0,306.0,,203642.0,,raw
2021-02-02,308.4,333.3,301.11,331.01,,181854.0,,raw
2021-02-03,330.68,348.88,328.0,340.98,,151614.0,,raw
2021-02-04,335.48,341.4,321.35,328.94,,134351.0,,raw
2021-02-05,335.08,353.8,333.0,346.95,,137601.0,,raw
2021-02-08,347.0,362.0,343.2,357.99,,116740.0,,raw
2021-02-09,361.28,363.18,349.04,359.73,,97515.0,,raw
2021-02-10,358.0,387.86,356.06,387.86,,116169.0,,raw
2021-02-18,395.66,403.78,372.0,379.9,,180950.0,,raw
2021-02-19,379.0,387.56,355.11,371.9,,144169.0,,raw
2021-02-22,378.98,379.0,338.76,339.0,,218115.0,,raw
2021-02-23,329.88,343.9,327.8,332.78,,160342.0,,raw
2021-02-24,335.99,339.6,311.3,314.63,,189564.0,,raw
2021-02-25,322.0,326.88,313.53,319.1,,134180.0,,raw
2021-02-26,306.0,314.65,301.0,307.91,,159713.0,,raw
2021-03-01,314.96,326.8,314.8,324.56,,141863.0,,raw
2021-03-02,333.0,334.3,308.85,316.1,,161737.0,,raw
2021-03-03,314.8,328.71,312.0,324.5,,105627.0,,raw
2021-03-04,317.94,317.94,300.87,309.63,,168136.0,,raw
2021-03-05,299.8,312.47,295.0,305.88,,109018.0,,raw
2021-03-08,304.9,307.54,276.0,278.99,,212974.0,,raw
2021-03-09,280.0,295.3,269.9,282.29,,211446.0,,raw
2021-03-10,291.0,304.88,290.01,299.62,,169336.0,,raw
2021-03-11,299.0,307.28,295.05,301.78,,121648.0,,raw
2021-03-12,306.3,314.94,303.01,309.41,,140597.0,,raw
2021-03-15,303.86,309.0,290.5,297.8,,125918.0,,raw
2021-03-16,299.0,301.88,285.62,296.57,,105408.0,,raw
2021-03-17,292.95,309.79,287.11,308.07,,105217.0,,raw
2021-03-18,313.0,320.25,308.8,312.7,,116849.0,,raw
2021-03-19,305.0,322.6,303.32,306.56,,124536.0,,raw
2021-03-22,306.0,318.0,301.88,311.65,,98851.0,,raw
2021-03-23,315.0,315.1,291.01,300.02,,117643.0,,raw
2021-03-24,297.0,303.0,292.6,295.04,,84906.0,,raw
2021-03-25,288.1,299.3,284.06,299.0,,101739.0,,raw
2021-03-26,300.87,314.14,299.33,313.43,,116455.0,,raw
2021-03-29,312.97,322.88,306.68,315.85,,122946.0,,raw
2021-03-30,313.0,325.38,311.11,317.88,,95229.0,,raw
2021-03-31,316.25,317.72,301.53,306.08,,109446.0,,raw
2021-04-01,308.7,321.95,306.3,321.95,,89283.0,,raw
2021-04-02,321.0,337.82,320.0,333.5,,104552.0,,raw
2021-04-06,334.98,334.98,312.67,317.2,,138867.0,,raw
2021-04-07,315.91,316.95,307.0,311.9,,102519.0,,raw
2021-04-08,307.5,315.0,305.53,312.28,,85730.0,,raw
2021-04-09,310.0,312.0,301.04,301.6,,95395.0,,raw
2021-04-12,296.01,304.59,289.0,295.39,,146373.0,,raw
2021-04-13,292.82,302.88,265.85,265.85,,235381.0,,raw
2021-04-14,260.0,289.38,260.0,288.2,,258066.0,,raw
2021-04-15,286.96,286.96,278.1,283.06,,101691.0,,raw
2021-04-16,287.18,288.16,277.5,285.85,,93925.0,,raw
2021-04-19,285.58,298.01,283.85,294.5,,110021.0,,raw
2021-04-20,294.21,302.47,291.58,292.99,,106023.0,,raw
2021-04-21,288.0,298.69,287.99,298.66,,78048.0,,raw
2021-04-22,297.0,297.9,283.5,296.0,,137406.0,,raw
2021-04-23,298.15,303.27,296.06,299.29,,106775.0,,raw
2021-04-26,301.0,309.89,297.3,298.44,,112245.0,,raw
2021-04-27,301.55,307.85,299.02,306.98,,96834.0,,raw
2021-04-28,306.67,311.49,295.0,310.0,,102716.0,,raw
2021-04-29,307.22,316.1,305.0,310.32,,88525.0,,raw
2021-04-30,308.08,317.88,305.0,311.99,,100351.0,,raw
2021-05-06,319.0,319.0,295.7,295.7,,131524.0,,raw
2021-05-07,295.03,300.8,287.53,288.0,,88714.0,,raw
2021-05-10,289.35,303.0,289.35,298.89,,87718.0,,raw
2021-05-11,294.5,301.8,292.31,299.0,,62559.0,,raw
2021-05-12,299.39,304.5,295.01,303.0,,61799.0,,raw
2021-05-13,297.99,301.77,288.1,295.0,,98790.0,,raw
2021-05-14,297.0,310.0,293.0,309.58,,132437.0,,raw
2021-05-17,313.0,322.1,310.25,319.39,,124513.0,,raw
2021-05-18,319.31,322.0,314.0,318.05,,55098.0,,raw
2021-05-19,317.37,329.98,315.12,326.52,,73130.0,,raw
2021-05-20,324.56,329.8,321.0,325.01,,75204.0,,raw
2021-05-21,328.54,330.1,314.02,318.0,,71743.0,,raw
2021-05-24,318.0,323.0,313.5,320.29,,55126.0,,raw
2021-05-25,322.82,339.52,320.01,339.28,,129888.0,,raw
2021-05-26,342.0,348.7,334.9,339.99,,90244.0,,raw
2021-05-27,339.98,348.3,337.0,344.54,,84332.0,,raw
2021-05-28,342.0,349.28,339.0,344.29,,68299.0,,raw
2021-05-31,342.99,343.99,329.6,334.5,,112209.0,,raw
2021-06-01,331.99,337.31,328.65,334.12,,84087.0,,raw
2021-06-02,336.0,337.4,324.0,325.3,,71991.0,,raw
2021-06-03,327.99,331.85,322.02,325.84,,62519.0,,raw
2021-06-04,322.01,325.0,317.0,319.56,,98451.0,,raw
2021-06-07,319.92,319.92,310.63,317.0,,77897.0,,raw
2021-06-08,316.74,324.58,314.47,317.38,,79787.0,,raw
2021-06-09,314.3,319.0,310.96,312.8,,71217.0,,raw
2021-06-10,311.02,317.37,310.7,313.46,,76099.0,,raw
2021-06-11,314.55,317.0,305.38,311.0,,92804.0,,raw
2021-06-15,310.69,310.69,295.5,297.68,,130587.0,,raw
2021-06-16,300.5,301.0,288.2,289.7,,105930.0,,raw
2021-06-17,289.7,293.94,283.68,286.0,,120224.0,,raw
2021-06-18,285.0,287.75,276.42,287.48,,129951.0,,raw
2021-06-21,285.0,285.0,274.3,281.98,,146047.0,,raw
2021-06-22,283.0,288.0,274.3,286.49,,120976.0,,raw
2021-06-23,289.0,300.27,288.98,296.9,,166550.0,,raw
2021-06-24,301.5,302.45,288.51,294.18,,102967.0,,raw
2021-06-25,293.9,299.5,290.18,296.7,,99719.0,,raw
2021-06-28,301.0,309.96,301.0,307.83,,100421.0,,raw
2021-06-29,307.93,309.0,299.01,301.75,,103454.0,,raw
2021-06-30,298.18,303.98,296.08,300.1,,68044.0,,raw
2021-07-01,299.0,300.09,292.6,300.0,,88672.0,,raw
2021-07-02,293.3,293.3,279.0,281.09,,175888.0,,raw
2021-07-05,277.5,284.98,275.5,279.89,,91360.0,,raw
2021-07-06,283.96,289.07,275.0,281.5,,117451.0,,raw
2021-07-07,275.87,279.93,272.01,275.0,,137092.0,,raw
2021-07-08,276.99,277.83,268.0,269.39,,134725.0,,raw
2021-07-09,267.99,271.78,264.4,265.16,,107278.0,,raw
2021-07-12,271.0,287.0,264.12,285.7,,203296.0,,raw
2021-07-13,287.46,299.0,286.0,288.79,,150025.0,,raw
2021-07-14,288.69,288.69,280.94,282.3,,108535.0,,raw
2021-07-15,281.0,286.66,279.01,284.93,,72365.0,,raw
2021-07-16,285.0,286.35,274.8,275.0,,114097.0,,raw
2021-07-19,274.48,290.22,269.0,290.22,,147585.0,,raw
2021-07-20,290.5,296.67,287.88,293.45,,141294.0,,raw
2021-07-21,295.1,297.67,284.58,284.69,,131219.0,,raw
2021-07-22,282.09,292.0,279.01,281.96,,100763.0,,raw
2021-07-23,281.95,283.0,273.53,277.68,,105533.0,,raw
2021-07-26,274.0,274.0,256.0,262.98,,193103.0,,raw
2021-07-27,261.2,265.02,252.99,254.0,,133906.0,,raw
2021-07-28,250.1,259.67,245.0,250.84,,137249.0,,raw
2021-07-29,255.15,265.5,255.02,258.01,,141432.0,,raw
2021-07-30,253.0,254.44,240.5,241.0,,186103.0,,raw
2021-08-02,227.9,241.4,224.13,239.35,,266968.0,,raw
2021-08-03,236.36,255.36,235.74,253.87,,201578.0,,raw
2021-08-04,254.89,259.0,248.94,255.0,,140808.0,,raw
2021-08-05,255.8,264.0,250.02,255.0,,126913.0,,raw
2021-08-06,251.0,255.4,247.67,252.0,,93939.0,,raw
2021-08-09,252.02,268.79,252.02,260.4,,160847.0,,raw
2021-08-10,258.0,268.0,251.44,267.35,,157151.0,,raw
2021-08-11,267.5,268.57,257.98,259.0,,101470.0,,raw
2021-08-12,255.0,258.48,251.51,253.08,,86297.0,,raw
2021-08-13,251.51,259.5,251.0,257.65,,78882.0,,raw
2021-08-16,259.0,268.45,257.0,262.84,,135436.0,,raw
2021-08-17,263.33,267.96,243.72,244.98,,174447.0,,raw
2021-08-18,246.57,247.26,232.99,235.72,,186681.0,,raw
2021-08-19,235.74,241.48,229.92,236.09,,125659.0,,raw
2021-08-20,235.12,235.12,224.14,228.27,,156367.0,,raw
2021-08-23,232.0,236.99,229.03,232.1,,114436.0,,raw
2021-08-24,234.28,241.18,231.58,240.1,,108328.0,,raw
2021-08-25,242.0,253.86,239.64,246.94,,139969.0,,raw
2021-08-26,247.0,247.0,237.0,245.14,,93735.0,,raw
2021-08-27,242.0,246.0,238.18,240.23,,82938.0,,raw
2021-08-30,242.3,243.2,233.2,239.5,,109938.0,,raw
2021-08-31,240.41,240.68,221.0,228.29,,207527.0,,raw
2021-09-01,228.79,240.17,224.0,236.29,,154781.0,,raw
2021-09-02,239.0,241.87,227.07,228.05,,146890.0,,raw
2021-09-03,226.0,237.0,222.5,236.4,,135674.0,,raw
2021-09-06,236.68,245.7,231.51,243.0,,177211.0,,raw
2021-09-07,243.5,252.1,243.04,249.56,,145450.0,,raw
2021-09-08,249.59,250.98,246.05,249.33,,97932.0,,raw
2021-09-09,248.66,250.6,243.1,245.07,,73956.0,,raw
2021-09-10,243.18,255.58,243.18,255.0,,129791.0,,raw
2021-09-13,252.18,265.0,250.01,251.25,,146510.0,,raw
2021-09-14,251.3,256.66,246.08,246.85,,100654.0,,raw
2021-09-15,245.01,245.7,232.4,234.97,,119897.0,,raw
2021-09-16,233.0,241.79,228.48,241.36,,128936.0,,raw
2021-09-17,238.03,252.0,233.08,249.5,,119810.0,,raw
2021-09-22,245.0,248.0,236.36,238.12,,86428.0,,raw
2021-09-23,234.0,238.97,233.08,234.6,,96699.0,,raw
2021-09-24,233.03,250.73,232.0,247.0,,137686.0,,raw
2021-09-27,248.0,262.17,247.6,256.72,,165768.0,,raw
2021-09-28,255.0,256.77,246.6,253.98,,91352.0,,raw
2021-09-29,249.87,253.7,244.44,251.28,,81017.0,,raw
2021-09-30,262.0,266.0,255.62,260.0,,169627.0,,raw
2021-10-08,272.0,275.4,267.01,270.3,,158293.0,,raw
2021-10-11,270.3,276.19,262.38,263.5,,120324.0,,raw
2021-10-12,265.69,269.72,261.69,267.2,,86360.0,,raw
2021-10-13,266.0,278.68,263.02,278.2,,110127.0,,raw
2021-10-14,277.0,279.37,269.23,273.09,,92772.0,,raw
2021-10-15,273.0,273.0,263.66,269.55,,92446.0,,raw
2021-10-18,268.55,268.55,256.01,259.84,,90552.0,,raw
2021-10-19,259.38,264.5,258.0,259.12,,62471.0,,raw
2021-10-20,264.35,266.77,256.3,259.5,,72672.0,,raw
2021-10-21,258.0,260.97,254.23,257.0,,66801.0,,raw
2021-10-22,258.94,272.56,257.55,269.0,,109698.0,,raw
2021-10-25,266.03,267.93,261.06,264.47,,74562.0,,raw
2021-10-26,265.0,270.47,263.33,265.0,,51303.0,,raw
2021-10-27,262.0,262.0,257.65,258.0,,55550.0,,raw
2021-10-28,257.25,266.6,256.83,264.48,,69058.0,,raw
2021-10-29,262.08,271.5,262.0,268.46,,81576.0,,raw
2021-11-01,246.24,247.0,241.61,241.61,,96054.0,,raw
2021-11-02,230.0,233.0,217.95,222.88,,477077.0,,raw
2021-11-03,224.88,229.85,222.9,228.3,,180544.0,,raw
2021-11-04,230.85,236.65,230.7,233.66,,116179.0,,raw
2021-11-05,235.15,235.5,230.08,230.78,,78071.0,,raw
2021-11-08,230.9,236.6,228.51,229.42,,98147.0,,raw
2021-11-09,231.66,231.66,225.4,227.62,,68149.0,,raw
2021-11-10,228.61,228.77,222.77,227.11,,66938.0,,raw
2021-11-11,226.0,231.18,225.0,228.8,,63297.0,,raw
2021-11-12,233.31,233.48,222.03,223.56,,108047.0,,raw
2021-11-15,228.94,230.0,223.0,229.88,,103554.0,,raw
2021-11-16,230.0,236.0,228.51,234.0,,93022.0,,raw
2021-11-17,232.3,233.31,229.66,230.44,,53471.0,,raw
2021-11-18,228.45,228.5,223.9,224.1,,79828.0,,raw
2021-11-19,224.0,226.68,223.38,225.3,,51376.0,,raw
2021-11-22,224.1,226.5,222.5,223.56,,97722.0,,raw
2021-11-23,224.0,225.6,218.18,220.5,,120740.0,,raw
2021-11-24,220.0,221.69,218.56,220.99,,74743.0,,raw
2021-11-25,220.0,221.1,211.5,211.8,,179791.0,,raw
2021-11-26,210.85,213.87,207.0,211.32,,91466.0,,raw
2021-11-29,204.98,209.0,201.28,203.3,,200976.0,,raw
2021-11-30,204.0,209.89,204.0,205.45,,116323.0,,raw
2021-12-01,204.0,206.0,201.31,202.89,,94071.0,,raw
2021-12-02,202.5,204.8,201.81,201.82,,62781.0,,raw
2021-12-03,202.13,204.38,197.2,204.06,,125998.0,,raw
2021-12-06,209.16,213.6,207.0,211.99,,198125.0,,raw
2021-12-07,211.6,214.57,209.1,213.0,,101721.0,,raw
2021-12-08,212.5,216.23,210.18,215.46,,100937.0,,raw
2021-12-09,215.9,230.04,215.0,228.38,,241830.0,,raw
2021-12-10,226.03,231.5,226.0,229.68,,135796.0,,raw
2021-12-13,231.0,234.8,228.0,229.2,,105077.0,,raw
2021-12-14,226.9,230.5,226.0,228.0,,83379.0,,raw
2021-12-15,227.93,229.5,223.29,223.29,,77945.0,,raw
2021-12-16,224.88,225.88,220.2,225.05,,73002.0,,raw
2021-12-17,224.88,224.88,217.01,217.28,,95945.0,,raw
2021-12-20,212.0,217.0,211.81,212.5,,78118.0,,raw
2021-12-21,214.6,217.14,213.58,215.0,,51188.0,,raw
2021-12-22,217.88,218.99,210.6,212.01,,79081.0,,raw
2021-12-23,213.03,213.99,209.07,210.35,,79260.0,,raw
2021-12-24,210.0,219.47,206.0,217.9,,118302.0,,raw
2021-12-27,217.0,220.99,216.28,220.0,,83927.0,,raw
2021-12-28,220.0,225.86,219.21,222.72,,94466.0,,raw
2021-12-29,222.0,222.79,214.49,215.98,,75763.0,,raw
2021-12-30,215.76,220.23,215.48,217.5,,59500.0,,raw
2021-12-31,219.34,221.5,216.66,219.41,,61691.0,,raw
2022-01-04,221.68,222.47,210.59,214.06,,111434.0,,raw
2022-01-05,214.1,218.5,211.53,214.2,,94939.0,,raw
2022-01-06,211.12,213.9,207.5,210.11,,93277.0,,raw
2022-01-07,209.98,212.6,206.9,207.78,,69911.0,,raw
2022-01-10,204.0,207.8,194.28,207.11,,139978.0,,raw
2022-01-11,204.03,205.88,200.0,201.21,,91606.0,,raw
2022-01-12,201.0,213.79,201.0,212.0,,129775.0,,raw
2022-01-13,212.91,213.66,206.65,207.03,,70094.0,,raw
2022-01-14,205.5,205.5,200.2,200.49,,96970.0,,raw
2022-01-17,190.0,196.04,187.79,190.43,,211386.0,,raw
2022-01-18,191.99,192.95,188.0,190.71,,98537.0,,raw
2022-01-19,189.2,191.66,185.12,188.62,,91895.0,,raw
2022-01-20,188.03,194.77,187.02,193.88,,113687.0,,raw
2022-01-21,197.0,203.0,196.8,200.66,,155631.0,,raw
2022-01-24,204.0,209.98,202.2,207.3,,119056.0,,raw
2022-01-25,205.01,210.86,204.7,206.63,,103818.0,,raw
2022-01-26,207.35,209.0,203.37,207.35,,71048.0,,raw
2022-01-27,207.0,208.5,201.62,203.7,,74415.0,,raw
2022-01-28,206.75,214.48,203.4,206.56,,142433.0,,raw
2022-02-07,214.6,217.0,208.37,210.81,,105617.0,,raw
2022-02-08,210.74,212.49,204.96,210.38,,71436.0,,raw
2022-02-09,209.51,215.1,206.8,212.6,,91399.0,,raw
2022-02-10,212.97,225.18,210.8,224.0,,176479.0,,raw
2022-02-11,221.2,230.5,221.16,225.43,,156914.0,,raw
2022-02-14,229.88,231.88,224.0,227.5,,141553.0,,raw
2022-02-15,225.0,225.0,218.87,222.84,,97733.0,,raw
2022-02-16,224.1,228.08,221.0,224.2,,62137.0,,raw
2022-02-17,224.0,225.53,218.7,220.53,,68996.0,,raw
2022-02-18,218.5,222.88,218.01,221.35,,41836.0,,raw
2022-02-21,219.0,220.0,214.68,215.55,,59257.0,,raw
2022-02-22,213.26,213.39,208.0,210.8,,77688.0,,raw
2022-02-23,211.08,212.53,206.66,210.89,,65006.0,,raw
2022-02-24,208.5,210.0,201.6,203.99,,100871.0,,raw
2022-02-25,206.58,212.89,205.55,210.12,,85389.0,,raw
2022-02-28,208.0,210.1,201.58,202.5,,107110.0,,raw
2022-03-01,202.05,208.6,200.51,208.25,,100376.0,,raw
2022-03-02,206.2,206.48,201.18,202.5,,77692.0,,raw
2022-03-03,204.99,207.99,197.25,198.27,,156643.0,,raw
2022-03-04,195.0,203.0,194.0,201.45,,95333.0,,raw
2022-03-07,197.2,198.0,186.41,188.28,,187198.0,,raw
2022-03-08,191.1,197.15,188.02,189.5,,135308.0,,raw
2022-03-09,192.0,192.5,180.98,187.83,,127366.0,,raw
2022-03-10,192.0,192.55,186.22,186.77,,108051.0,,raw
2022-03-11,185.0,189.96,179.01,186.6,,131695.0,,raw
2022-03-14,178.88,179.0,170.6,171.0,,236363.0,,raw
2022-03-15,167.58,169.78,159.89,160.0,,196120.0,,raw
2022-03-16,163.8,170.58,161.72,170.0,,191154.0,,raw
2022-03-17,176.66,180.08,171.5,175.5,,190611.0,,raw
2022-03-18,175.5,177.39,173.1,176.45,,91965.0,,raw
2022-03-21,175.8,175.99,171.11,172.95,,81270.0,,raw
2022-03-22,169.95,173.0,168.33,170.15,,76409.0,,raw
2022-03-23,171.5,171.93,168.22,169.11,,74209.0,,raw
2022-03-24,168.0,168.8,165.6,166.62,,72253.0,,raw
2022-03-25,167.33,168.9,162.5,162.85,,75246.0,,raw
2022-03-28,157.82,161.97,157.08,159.5,,98038.0,,raw
2022-03-29,159.81,161.65,155.73,156.1,,82672.0,,raw
2022-03-30,159.22,168.39,156.88,167.2,,152292.0,,raw
2022-03-31,164.02,167.1,163.4,164.37,,82572.0,,raw
2022-04-01,162.64,177.3,162.22,174.26,,193001.0,,raw
2022-04-06,168.2,168.6,163.0,164.1,,206322.0,,raw
2022-04-07,161.8,167.4,161.37,164.95,,129957.0,,raw
2022-04-08,163.91,165.7,160.81,164.48,,93036.0,,raw
2022-04-11,161.19,161.19,153.59,156.11,,168854.0,,raw
2022-04-12,157.8,171.72,157.55,171.72,,191928.0,,raw
2022-04-13,175.8,176.8,169.72,172.0,,231824.0,,raw
2022-04-14,174.76,185.1,174.76,181.58,,234919.0,,raw
2022-04-15,178.3,185.8,177.17,182.24,,143882.0,,raw
2022-04-18,179.02,181.99,177.51,180.88,,77924.0,,raw
2022-04-19,178.6,183.67,177.03,178.63,,121673.0,,raw
2022-04-20,178.34,186.0,174.76,182.26,,146279.0,,raw
2022-04-21,179.1,181.77,173.5,175.16,,123064.0,,raw
2022-04-22,174.0,178.99,171.32,176.98,,104003.0,,raw
2022-04-25,168.38,181.3,166.1,173.49,,204194.0,,raw
2022-04-26,175.0,185.05,175.0,180.02,,202670.0,,raw
2022-04-27,178.5,185.33,177.0,183.99,,180307.0,,raw
2022-04-28,181.0,187.66,178.0,181.58,,159360.0,,raw
2022-04-29,182.8,183.5,174.3,181.99,,162888.0,,raw
2022-05-05,179.0,182.8,175.44,179.74,,123012.0,,raw
2022-05-06,174.0,175.23,161.88,163.69,,213780.0,,raw
2022-05-09,159.5,163.6,156.22,160.0,,135382.0,,raw
2022-05-10,156.0,168.4,155.18,165.95,,151650.0,,raw
2022-05-11,166.95,179.49,166.95,176.65,,213629.0,,raw
2022-05-12,173.55,174.85,170.36,171.95,,81891.0,,raw
2022-05-13,173.5,174.0,170.11,173.0,,65170.0,,raw
2022-05-16,174.55,178.0,171.88,174.32,,101174.0,,raw
2022-05-17,173.98,176.68,172.58,174.92,,68813.0,,raw
2022-05-18,175.7,175.94,168.15,170.35,,94997.0,,raw
2022-05-19,166.0,169.45,165.32,167.8,,84779.0,,raw
2022-05-20,169.16,176.0,169.16,175.75,,136996.0,,raw
2022-05-23,176.03,176.5,166.45,166.77,,190999.0,,raw
2022-05-24,167.24,168.2,163.98,164.4,,92240.0,,raw
2022-05-25,163.05,167.1,162.43,165.65,,95077.0,,raw
2022-05-26,165.69,166.9,161.0,163.05,,119890.0,,raw
2022-05-27,165.3,168.6,164.0,164.95,,117747.0,,raw
2022-05-30,169.89,172.52,166.3,172.0,,175705.0,,raw
2022-05-31,171.0,177.89,169.6,176.7,,186136.0,,raw
2022-06-01,178.0,179.8,175.33,175.92,,126982.0,,raw
2022-06-02,175.0,176.66,174.61,175.39,,86565.0,,raw
2022-06-06,177.0,181.53,172.42,180.97,,147917.0,,raw
2022-06-07,181.82,186.99,179.5,184.8,,156648.0,,raw
2022-06-08,188.0,193.0,186.8,191.56,,177916.0,,raw
2022-06-09,194.01,194.49,185.29,186.9,,121694.0,,raw
2022-06-10,184.08,189.4,184.07,187.75,,117698.0,,raw
2022-06-13,183.0,184.49,175.78,178.31,,181662.0,,raw
2022-06-14,175.5,181.47,175.01,181.01,,97469.0,,raw
2022-06-15,180.61,186.98,176.7,181.98,,154046.0,,raw
2022-06-16,182.3,185.0,181.36,182.0,,76981.0,,raw
2022-06-17,180.0,191.89,179.51,190.39,,183977.0,,raw
2022-06-20,190.9,198.35,190.9,197.0,,160090.0,,raw
2022-06-21,197.01,200.99,194.8,197.43,,146553.0,,raw
2022-06-22,197.0,197.9,192.09,192.3,,117421.0,,raw
2022-06-23,194.8,201.02,194.26,199.5,,149207.0,,raw
2022-06-24,198.69,204.23,197.44,201.12,,140764.0,,raw
2022-06-27,211.0,221.23,210.0,214.4,,307551.0,,raw
2022-06-28,213.39,222.88,211.13,222.88,,227107.0,,raw
2022-06-29,225.0,231.18,218.4,219.05,,192760.0,,raw
2022-06-30,224.4,237.8,221.24,232.93,,250131.0,,raw
2022-07-01,229.1,230.63,220.2,225.11,,166566.0,,raw
2022-07-04,219.8,229.2,216.98,226.12,,143328.0,,raw
2022-07-05,226.3,229.12,217.96,220.91,,154794.0,,raw
2022-07-06,216.49,216.98,207.9,209.49,,232460.0,,raw
2022-07-07,208.0,210.99,204.5,209.41,,151340.0,,raw
2022-07-08,214.7,218.16,211.56,211.97,,123725.0,,raw
2022-07-11,206.5,208.5,203.56,207.35,,113619.0,,raw
2022-07-12,207.33,209.38,200.87,203.54,,96804.0,,raw
2022-07-13,204.05,207.51,203.41,205.6,,93699.0,,raw
2022-07-14,203.0,212.0,203.0,209.5,,125268.0,,raw
2022-07-15,206.0,212.89,204.0,204.36,,109202.0,,raw
2022-07-18,206.0,209.28,201.02,206.58,,83354.0,,raw
2022-07-19,211.0,211.25,205.01,209.0,,94218.0,,raw
2022-07-20,210.33,216.51,208.74,214.95,,115549.0,,raw
2022-07-21,214.56,214.56,208.7,208.95,,82429.0,,raw
2022-07-22,208.0,215.05,208.0,214.62,,106618.0,,raw
2022-07-25,214.6,221.28,213.5,219.61,,108155.0,,raw
2022-07-26,222.9,226.04,217.8,219.0,,104427.0,,raw
2022-07-27,217.05,219.23,214.0,214.83,,80368.0,,raw
2022-07-28,222.0,226.66,217.96,219.98,,149652.0,,raw
2022-07-29,214.5,218.6,209.18,209.9,,135201.0,,raw
2022-08-01,208.0,213.5,206.33,211.7,,73428.0,,raw
2022-08-02,207.0,210.6,205.55,206.26,,112645.0,,raw
2022-08-03,206.26,209.25,199.38,200.05,,153781.0,,raw
2022-08-04,201.0,201.76,195.36,200.45,,125577.0,,raw
2022-08-05,195.08,200.47,193.08,198.9,,132414.0,,raw
2022-08-08,186.0,192.9,184.0,189.59,,213799.0,,raw
2022-08-09,190.52,198.0,190.0,197.46,,127647.0,,raw
2022-08-10,196.5,198.03,193.63,196.0,,64083.0,,raw
2022-08-11,195.59,202.49,194.91,201.19,,88964.0,,raw
2022-08-12,198.0,199.97,194.04,195.66,,111860.0,,raw
2022-08-15,194.01,196.49,192.1,194.75,,74316.0,,raw
2022-08-16,195.1,195.98,190.09,190.18,,110942.0,,raw
2022-08-17,190.26,194.5,188.6,193.16,,81581.0,,raw
2022-08-18,191.64,192.99,188.0,188.62,,119484.0,,raw
2022-08-19,188.8,190.78,187.0,188.0,,89660.0,,raw
2022-08-22,187.0,194.2,186.66,193.13,,105755.0,,raw
2022-08-23,194.55,195.89,189.7,192.98,,87440.0,,raw
2022-08-24,193.0,195.44,189.0,189.8,,79008.0,,raw
2022-08-25,189.7,193.7,187.73,192.82,,81608.0,,raw
2022-08-26,194.0,201.18,192.11,192.41,,125492.0,,raw
2022-08-29,189.69,193.69,189.01,192.25,,56424.0,,raw
2022-08-30,192.25,193.88,187.6,190.4,,66467.0,,raw
2022-08-31,188.75,197.77,188.01,195.5,,167077.0,,raw
2022-09-01,194.01,194.96,186.06,186.8,,130443.0,,raw
2022-09-02,184.9,186.6,179.46,180.31,,123089.0,,raw
2022-09-05,179.0,180.1,175.2,180.1,,109365.0,,raw
2022-09-06,180.68,184.84,178.2,182.72,,82406.0,,raw
2022-09-07,179.1,184.39,179.1,183.95,,50144.0,,raw
2022-09-08,184.84,189.49,184.5,186.0,,75532.0,,raw
2022-09-09,184.5,191.6,183.55,191.09,,94230.0,,raw
2022-09-13,194.99,195.0,190.55,192.47,,66652.0,,raw
2022-09-14,189.47,193.66,188.91,191.55,,59069.0,,raw
2022-09-15,192.5,194.18,189.91,191.35,,70694.0,,raw
2022-09-16,190.2,193.71,188.0,188.51,,76684.0,,raw
2022-09-19,190.0,192.2,186.8,188.45,,59168.0,,raw
2022-09-20,190.01,195.0,187.7,194.23,,83216.0,,raw
2022-09-21,193.61,195.55,185.01,185.54,,115280.0,,raw
2022-09-22,184.0,188.15,181.05,187.1,,74001.0,,raw
2022-09-23,185.88,188.82,183.38,185.41,,55780.0,,raw
2022-09-26,185.33,198.46,185.3,194.51,,174270.0,,raw
2022-09-27,194.53,203.58,193.0,202.45,,156716.0,,raw
2022-09-28,200.0,204.45,198.57,202.48,,99917.0,,raw
2022-09-29,203.33,203.5,196.06,197.25,,95697.0,,raw
2022-09-30,198.24,200.5,195.71,198.25,,80998.0,,raw
2022-10-10,197.2,197.65,187.8,187.8,,98273.0,,raw
2022-10-11,189.5,189.5,185.0,185.63,,47974.0,,raw
2022-10-12,185.65,185.98,174.44,181.03,,128276.0,,raw
2022-10-13,179.06,182.92,178.81,180.15,,61732.0,,raw
2022-10-14,181.88,190.2,181.0,185.46,,105580.0,,raw
2022-10-17,184.96,188.2,183.58,186.93,,77150.0,,raw
2022-10-18,190.0,192.5,187.34,189.0,,59530.0,,raw
2022-10-19,188.01,188.88,179.6,179.6,,83935.0,,raw
2022-10-20,175.0,183.1,174.15,179.4,,141623.0,,raw
2022-10-21,176.61,179.1,174.55,175.57,,82616.0,,raw
2022-10-24,174.05,174.3,165.03,167.0,,170739.0,,raw
2022-10-25,167.8,173.8,166.23,171.39,,109762.0,,raw
2022-10-26,171.6,175.49,171.3,173.01,,95181.0,,raw
2022-10-27,172.0,178.0,168.48,169.0,,118288.0,,raw
2022-10-28,168.53,172.86,167.05,167.45,,92120.0,,raw
2022-10-31,164.1,166.5,159.6,160.36,,129015.0,,raw
2022-11-01,160.18,176.4,156.51,176.4,,207564.0,,raw
2022-11-02,175.5,190.6,174.03,182.3,,293152.0,,raw
2022-11-03,178.0,184.77,177.15,182.61,,133651.0,,raw
2022-11-04,182.5,199.0,182.42,197.09,,230569.0,,raw
2022-11-07,192.0,196.9,189.57,191.3,,140401.0,,raw
2022-11-08,191.19,193.87,189.23,191.35,,77052.0,,raw
2022-11-09,191.0,193.18,187.93,189.11,,58109.0,,raw
2022-11-10,185.0,191.0,184.1,188.99,,92899.0,,raw
2022-11-11,199.0,201.51,190.18,195.88,,262039.0,,raw
2022-11-14,195.88,199.77,186.13,187.5,,175579.0,,raw
2022-11-15,188.94,194.5,188.37,191.0,,120024.0,,raw
2022-11-16,195.0,200.87,191.68,194.2,,171743.0,,raw
2022-11-17,192.0,195.14,189.0,192.99,,101647.0,,raw
2022-11-18,192.7,194.06,190.51,190.8,,61392.0,,raw
2022-11-21,186.5,186.5,180.0,184.52,,123198.0,,raw
2022-11-22,184.1,186.99,181.51,183.25,,74415.0,,raw
2022-11-23,181.51,182.75,179.85,181.16,,66792.0,,raw
2022-11-24,182.76,182.97,178.4,179.1,,60525.0,,raw
2022-11-25,179.95,180.5,177.01,178.66,,47490.0,,raw
2022-11-28,173.98,184.66,172.11,183.86,,129972.0,,raw
2022-11-29,184.01,197.9,183.5,194.97,,204901.0,,raw
2022-11-30,194.8,197.6,192.51,197.48,,157039.0,,raw
2022-12-01,211.0,213.2,200.8,204.0,,241033.0,,raw
2022-12-02,203.84,204.79,199.0,199.4,,128844.0,,raw
2022-12-05,205.0,209.82,201.77,204.92,,186829.0,,raw
2022-12-06,205.69,215.11,204.94,210.0,,179801.0,,raw
2022-12-07,213.0,218.25,209.95,214.4,,212911.0,,raw
2022-12-08,215.79,216.0,211.01,214.5,,138294.0,,raw
2022-12-09,214.41,214.5,207.3,213.23,,150829.0,,raw
2022-12-12,211.0,218.84,210.57,215.77,,139666.0,,raw
2022-12-13,217.0,217.87,212.98,213.74,,90773.0,,raw
2022-12-14,214.7,220.6,214.0,218.84,,132263.0,,raw
2022-12-15,222.38,224.02,216.43,219.7,,112941.0,,raw
2022-12-16,218.0,222.0,217.5,221.7,,76978.0,,raw
2022-12-19,220.06,222.87,216.8,218.0,,82162.0,,raw
2022-12-20,217.05,218.4,212.3,213.2,,102273.0,,raw
2022-12-21,215.4,217.0,213.26,215.09,,66037.0,,raw
2022-12-22,217.43,223.91,215.5,221.04,,115472.0,,raw
2022-12-23,220.5,226.78,218.38,223.33,,83120.0,,raw
2022-12-26,225.48,229.55,217.05,218.15,,155096.0,,raw
2022-12-27,220.5,220.5,214.96,218.21,,108879.0,,raw
2022-12-28,218.0,220.16,216.9,218.8,,76161.0,,raw
2022-12-29,217.0,219.46,215.54,216.15,,95851.0,,raw
2022-12-30,217.88,218.72,213.05,216.03,,87758.0,,raw
2023-01-03,217.0,218.5,212.18,214.1,,88057.0,,raw
2023-01-04,213.8,216.91,212.84,215.11,,69785.0,,raw
2023-01-05,217.8,226.69,214.8,225.9,,175531.0,,raw
2023-01-06,225.73,225.84,222.86,224.67,,77195.0,,raw
2023-01-09,225.45,226.8,223.3,225.68,,83623.0,,raw
2023-01-10,225.5,233.33,224.45,231.98,,131938.0,,raw
2023-01-11,232.0,232.83,228.5,228.6,,61821.0,,raw
2023-01-12,229.69,232.68,223.4,225.02,,97180.0,,raw
2023-01-13,225.02,228.88,224.11,228.5,,98923.0,,raw
2023-01-16,230.88,236.0,229.58,232.8,,148098.0,,raw
2023-01-17,233.06,233.71,228.14,230.99,,65262.0,,raw
2023-01-18,233.0,235.0,229.0,229.3,,62111.0,,raw
2023-01-19,230.12,232.85,224.55,231.64,,102439.0,,raw
2023-01-20,233.96,234.2,229.79,230.5,,71914.0,,raw
2023-01-30,239.5,239.99,216.4,217.49,,300596.0,,raw
2023-01-31,218.2,219.9,210.98,212.3,,177607.0,,raw
2023-02-01,213.99,213.99,208.88,212.85,,158388.0,,raw
2023-02-02,213.58,215.57,210.7,215.22,,124111.0,,raw
2023-02-03,213.91,214.0,207.93,210.96,,111671.0,,raw
2023-02-06,208.0,209.0,204.03,206.16,,135347.0,,raw
2023-02-07,206.01,207.45,204.5,205.56,,84532.0,,raw
2023-02-08,206.01,206.99,204.04,204.31,,62146.0,,raw
2023-02-09,204.0,207.99,203.81,205.69,,111068.0,,raw
2023-02-10,205.0,205.2,202.01,204.42,,94318.0,,raw
2023-02-13,203.33,208.68,202.21,208.0,,149740.0,,raw
2023-02-14,207.2,207.8,203.08,205.45,,138468.0,,raw
2023-02-15,205.0,205.45,200.39,200.5,,140555.0,,raw
2023-02-16,200.65,207.0,200.65,204.18,,165110.0,,raw
2023-02-17,203.11,206.8,200.51,200.54,,102986.0,,raw
2023-02-20,201.07,206.0,198.77,205.97,,117596.0,,raw
2023-02-21,205.0,205.9,201.3,203.5,,96534.0,,raw
2023-02-22,201.57,203.0,200.11,200.54,,78750.0,,raw
2023-02-23,200.2,201.88,199.2,199.99,,64544.0,,raw
2023-02-24,200.67,200.88,197.01,197.51,,86521.0,,raw
2023-02-27,195.7,198.58,194.85,197.31,,80009.0,,raw
2023-02-28,198.3,199.29,194.91,197.58,,88489.0,,raw
2023-03-01,197.1,198.7,195.77,196.85,,99848.0,,raw
2023-03-02,196.86,197.8,195.1,195.52,,73392.0,,raw
2023-03-03,196.29,197.2,194.55,196.06,,76193.0,,raw
2023-03-06,196.96,197.49,189.88,191.93,,190255.0,,raw
2023-03-07,191.84,192.7,188.57,188.6,,115365.0,,raw
2023-03-08,187.42,188.45,186.68,187.65,,69297.0,,raw
2023-03-09,187.78,188.33,183.48,184.49,,123287.0,,raw
2023-03-10,182.0,183.89,181.66,181.73,,91583.0,,raw
2023-03-13,181.53,188.39,181.5,186.81,,150244.0,,raw
2023-03-14,186.1,186.91,183.72,186.35,,80750.0,,raw
2023-03-15,189.61,190.2,182.55,182.95,,123776.0,,raw
2023-03-16,181.0,185.99,180.0,184.26,,110336.0,,raw
2023-03-17,186.14,188.8,184.5,185.3,,122351.0,,raw
2023-03-20,185.8,185.8,180.5,182.67,,90504.0,,raw
2023-03-21,183.5,188.23,183.11,188.0,,115620.0,,raw
2023-03-22,189.0,189.74,184.04,184.69,,123595.0,,raw
2023-03-23,183.5,185.1,182.0,184.56,,77246.0,,raw
2023-03-24,183.7,187.5,183.61,186.32,,81838.0,,raw
2023-03-27,186.33,186.33,183.8,184.75,,70080.0,,raw
2023-03-28,185.6,185.87,181.67,182.61,,98443.0,,raw
2023-03-29,183.4,185.49,181.89,182.54,,80704.0,,raw
2023-03-30,182.59,187.57,182.57,187.47,,131502.0,,raw
2023-03-31,187.52,187.99,182.78,183.24,,143722.0,,raw
2023-04-03,183.0,187.0,181.01,184.39,,157422.0,,raw
2023-04-04,184.1,184.3,175.9,178.04,,259280.0,,raw
2023-04-06,175.01,180.48,173.64,176.82,,143948.0,,raw
2023-04-07,177.0,183.43,176.87,181.82,,151658.0,,raw
2023-04-10,181.16,181.8,178.69,179.85,,88417.0,,raw
2023-04-11,179.87,182.82,178.21,179.27,,110630.0,,raw
2023-04-12,179.27,180.0,175.79,176.0,,130404.0,,raw
2023-04-13,175.95,177.32,174.46,176.65,,110460.0,,raw
2023-04-14,176.78,177.5,174.34,174.78,,111485.0,,raw
2023-04-17,176.06,180.32,175.15,179.81,,182016.0,,raw
2023-04-18,180.32,181.24,178.28,180.3,,99498.0,,raw
2023-04-19,180.4,180.4,175.31,176.96,,120753.0,,raw
2023-04-20,176.6,176.96,170.2,171.0,,183436.0,,raw
2023-04-21,171.0,171.48,166.66,167.17,,166861.0,,raw
2023-04-24,167.1,167.11,163.01,163.89,,140556.0,,raw
2023-04-25,162.11,162.78,159.12,161.95,,147288.0,,raw
2023-04-26,161.67,165.08,161.51,162.0,,120450.0,,raw
2023-04-27,162.1,162.95,160.72,161.6,,113459.0,,raw
2023-04-28,164.77,166.38,157.61,160.98,,227473.0,,raw
2023-05-04,158.0,158.98,151.8,153.32,,309366.0,,raw
2023-05-05,153.25,154.5,150.99,152.88,,132288.0,,raw
2023-05-08,152.5,152.5,148.11,149.86,,188784.0,,raw
2023-05-09,149.0,150.95,147.6,147.61,,160127.0,,raw
2023-05-10,146.99,147.75,144.72,144.98,,167774.0,,raw
2023-05-11,145.53,146.2,143.8,144.05,,120937.0,,raw
2023-05-12,144.35,145.15,139.69,139.7,,187286.0,,raw
2023-05-15,139.0,142.14,138.72,142.0,,148402.0,,raw
2023-05-16,142.0,142.0,137.88,138.78,,167254.0,,raw
2023-05-17,138.5,139.1,135.67,136.44,,135996.0,,raw
2023-05-18,136.0,136.9,133.07,133.88,,146813.0,,raw
2023-05-19,134.35,135.82,131.51,135.16,,194958.0,,raw
2023-05-22,134.0,140.57,132.53,138.87,,225065.0,,raw
2023-05-23,137.29,138.8,136.5,136.51,,113881.0,,raw
2023-05-24,136.0,136.0,133.51,133.51,,104950.0,,raw
2023-05-25,132.23,133.5,130.67,131.4,,126886.0,,raw
2023-05-26,131.65,132.25,128.88,130.7,,109002.0,,raw
2023-05-29,130.7,131.14,127.39,127.44,,134933.0,,raw
2023-05-30,127.87,129.23,125.21,127.8,,121892.0,,raw
2023-05-31,126.0,126.44,122.08,123.1,,241034.0,,raw
2023-06-01,123.48,124.02,120.8,120.95,,197160.0,,raw
2023-06-02,122.0,123.94,120.86,122.81,,187073.0,,raw
2023-06-05,122.92,122.92,119.54,119.55,,145230.0,,raw
2023-06-06,120.19,121.3,116.87,117.71,,188702.0,,raw
2023-06-07,118.44,118.97,116.11,116.58,,152714.0,,raw
2023-06-08,116.78,118.88,115.6,117.58,,155789.0,,raw
2023-06-09,117.99,119.37,115.96,116.8,,160627.0,,raw
2023-06-12,116.0,121.8,115.0,120.01,,226284.0,,raw
2023-06-13,119.5,121.2,118.6,120.8,,142711.0,,raw
2023-06-14,121.47,124.31,120.33,121.13,,251452.0,,raw
2023-06-15,121.38,130.9,120.2,130.0,,457500.0,,raw
2023-06-16,130.5,131.0,127.28,130.16,,275686.0,,raw
2023-06-19,129.5,129.73,126.76,127.3,,169946.0,,raw
2023-06-20,126.87,128.6,126.02,126.28,,126718.0,,raw
2023-06-21,126.01,127.2,122.02,122.15,,181530.0,,raw
2023-06-26,120.0,121.66,117.23,117.44,,205621.0,,raw
2023-06-27,119.22,119.36,115.81,116.69,,190227.0,,raw
2023-06-28,116.7,117.17,115.2,115.79,,131690.0,,raw
2023-06-29,115.83,115.94,110.63,110.89,,307645.0,,raw
2023-06-30,110.76,111.85,108.91,110.53,,218899.0,,raw
