trade_date,open,high,low,close,adj_close,volume,amount,price_type
2022-01-04,136.716,137.926,128.376,128.616,128.616,53607.0,,adjusted
2022-01-05,128.296,132.216,122.096,126.096,126.096,53773.0,,adjusted
2022-01-06,121.426,135.596,121.426,133.616,133.616,103991.0,,adjusted
2022-01-07,137.426,137.706,125.816,129.166,129.166,59080.0,,adjusted
2022-01-10,127.276,138.986,127.026,135.416,135.416,49598.0,,adjusted
2022-01-11,142.166,143.396,130.566,132.716,132.716,75511.0,,adjusted
2022-01-12,135.716,139.116,134.706,137.846,137.846,55005.0,,adjusted
2022-01-13,139.716,144.216,133.226,141.536,141.536,62145.0,,adjusted
2022-01-14,140.726,146.106,137.916,144.736,144.736,61422.0,,adjusted
2022-01-17,144.736,154.706,142.276,146.936,146.936,70097.0,,adjusted
2022-01-18,146.976,150.976,144.716,147.896,147.896,32209.0,,adjusted
2022-01-19,146.716,147.786,141.616,145.206,145.206,44562.0,,adjusted
2022-01-20,144.866,148.046,141.626,141.906,141.906,32792.0,,adjusted
2022-01-21,139.966,144.716,137.766,141.526,141.526,39094.0,,adjusted
2022-01-24,139.396,145.976,139.386,144.036,144.036,34941.0,,adjusted
2022-01-25,142.716,143.516,135.616,136.716,136.716,36401.0,,adjusted
2022-01-26,137.346,143.216,137.216,140.596,140.596,29852.0,,adjusted
2022-01-27,140.606,142.166,135.716,136.516,136.516,35185.0,,adjusted
2022-01-28,137.716,138.326,131.716,132.716,132.716,35658.0,,adjusted
2022-02-07,136.126,140.216,131.936,133.456,133.456,32665.0,,adjusted
2022-02-08,129.596,131.856,119.686,119.686,119.686,51020.0,,adjusted
2022-02-09,116.046,117.596,111.726,116.716,116.716,86669.0,,adjusted
2022-02-10,116.716,118.126,113.216,114.436,114.436,44377.0,,adjusted
2022-02-11,112.716,116.296,110.016,110.816,110.816,51868.0,,adjusted
2022-02-14,109.216,115.216,106.696,113.416,113.416,44543.0,,adjusted
2022-02-15,112.876,121.196,111.726,120.646,120.646,50429.0,,adjusted
2022-02-16,120.816,121.716,118.106,119.066,119.066,29959.0,,adjusted
2022-02-17,118.706,124.416,117.076,122.536,122.536,31655.0,,adjusted
2022-02-18,121.526,122.716,118.736,120.596,120.596,22951.0,,adjusted
2022-02-21,119.706,122.236,117.786,119.436,119.436,18637.0,,adjusted
2022-02-22,117.616,120.216,116.276,119.666,119.666,24356.0,,adjusted
2022-02-23,119.816,130.516,119.666,128.316,128.316,40416.0,,adjusted
2022-02-24,128.066,130.306,126.216,128.576,128.576,31887.0,,adjusted
2022-02-25,131.716,133.016,126.716,127.476,127.476,28467.0,,adjusted
2022-02-28,127.476,128.596,124.416,127.836,127.836,27727.0,,adjusted
2022-03-01,128.836,129.716,124.416,125.826,125.826,34642.0,,adjusted
2022-03-02,125.106,125.616,121.416,122.856,122.856,31157.0,,adjusted
2022-03-03,122.726,123.646,115.516,116.736,116.736,61174.0,,adjusted
2022-03-04,112.956,117.016,112.096,113.326,113.326,48680.0,,adjusted
2022-03-07,112.386,114.216,106.716,108.056,108.056,46965.0,,adjusted
2022-03-08,110.716,110.716,104.396,107.276,107.276,38654.0,,adjusted
2022-03-09,108.216,114.416,105.816,113.716,113.716,48988.0,,adjusted
2022-03-10,118.726,121.516,115.726,117.716,117.716,52841.0,,adjusted
2022-03-11,115.586,118.596,112.716,115.916,115.916,41025.0,,adjusted
2022-03-14,114.486,118.716,114.216,116.386,116.386,26013.0,,adjusted
2022-03-15,114.456,121.416,112.716,115.916,115.916,34519.0,,adjusted
2022-03-16,118.106,125.096,114.216,123.716,123.716,48989.0,,adjusted
2022-03-17,123.926,129.026,121.716,122.856,122.856,58957.0,,adjusted
2022-03-18,122.226,125.926,121.326,123.286,123.286,19984.0,,adjusted
2022-03-21,122.526,126.616,120.746,123.726,123.726,29787.0,,adjusted
2022-03-22,122.736,126.896,121.216,124.866,124.866,16439.0,,adjusted
2022-03-23,124.516,126.116,121.796,122.696,122.696,23867.0,,adjusted
2022-03-24,121.776,122.716,117.026,118.616,118.616,41220.0,,adjusted
2022-03-25,118.256,119.126,115.916,115.916,115.916,29159.0,,adjusted
2022-03-28,114.626,117.216,112.106,113.216,113.216,25756.0,,adjusted
2022-03-29,114.066,116.616,113.216,114.916,114.916,19031.0,,adjusted
2022-03-30,115.716,122.166,115.716,120.816,120.816,24929.0,,adjusted
2022-03-31,120.056,123.836,118.826,122.336,122.336,27447.0,,adjusted
2022-04-01,122.016,123.136,118.066,118.606,118.606,24745.0,,adjusted
2022-04-06,118.116,118.126,108.716,109.916,109.916,38264.0,,adjusted
2022-04-07,110.756,112.156,106.926,107.766,107.766,32674.0,,adjusted
2022-04-08,108.086,109.316,103.326,105.936,105.936,34173.0,,adjusted
2022-04-11,102.656,103.456,95.716,96.866,96.866,65627.0,,adjusted
2022-04-12,94.996,100.006,92.716,94.406,94.406,61851.0,,adjusted
2022-04-13,93.716,94.676,91.216,92.516,92.516,30607.0,,adjusted
2022-04-14,92.306,97.216,92.306,96.116,96.116,42231.0,,adjusted
2022-04-15,94.736,104.406,94.516,102.996,102.996,55207.0,,adjusted
2022-04-18,105.516,111.466,102.996,110.576,110.576,76796.0,,adjusted
2022-04-19,112.166,112.876,109.016,109.866,109.866,46455.0,,adjusted
2022-04-20,108.706,111.276,108.316,109.156,109.156,29333.0,,adjusted
2022-04-21,106.836,113.916,106.836,109.186,109.186,33941.0,,adjusted
2022-04-22,109.316,110.686,106.516,106.836,106.836,28325.0,,adjusted
2022-04-25,105.936,106.536,99.966,100.376,100.376,44250.0,,adjusted
2022-04-26,102.466,103.296,95.716,97.856,97.856,43460.0,,adjusted
2022-04-27,95.816,108.066,95.386,106.126,106.126,48803.0,,adjusted
2022-04-28,104.676,109.716,102.476,108.086,108.086,38734.0,,adjusted
2022-04-29,106.716,116.916,105.146,115.246,115.246,69252.0,,adjusted
2022-05-05,114.206,121.226,113.596,121.106,121.106,54567.0,,adjusted
2022-05-06,114.796,118.706,111.596,116.716,116.716,29734.0,,adjusted
2022-05-09,114.016,114.116,105.976,108.216,108.216,39224.0,,adjusted
2022-05-10,105.716,115.716,103.936,114.386,114.386,38994.0,,adjusted
2022-05-11,114.436,123.376,113.116,121.936,121.936,47410.0,,adjusted
2022-05-12,120.716,124.716,118.016,123.416,123.416,37561.0,,adjusted
2022-05-13,124.706,125.706,121.716,124.696,124.696,25284.0,,adjusted
2022-05-16,125.216,125.616,122.216,123.766,123.766,22938.0,,adjusted
2022-05-17,124.196,127.336,122.216,125.716,125.716,23844.0,,adjusted
2022-05-18,125.716,125.716,116.706,120.176,120.176,65174.0,,adjusted
2022-05-19,116.716,124.996,116.206,124.716,124.716,33967.0,,adjusted
2022-05-20,125.206,127.806,119.166,121.026,121.026,31167.0,,adjusted
2022-05-23,122.196,127.966,119.966,127.166,127.166,37918.0,,adjusted
2022-05-24,127.166,131.046,120.166,120.736,120.736,45828.0,,adjusted
2022-05-25,121.046,122.866,116.776,118.136,118.136,39022.0,,adjusted
2022-05-26,119.116,120.396,115.166,118.846,118.846,27643.0,,adjusted
2022-05-27,119.176,121.666,117.516,118.046,118.046,27901.0,,adjusted
2022-05-30,118.166,124.766,117.286,123.556,123.556,33725.0,,adjusted
2022-05-31,122.516,124.966,120.196,123.016,123.016,30337.0,,adjusted
2022-06-01,123.396,132.016,121.306,128.866,128.866,56939.0,,adjusted
2022-06-02,128.466,135.166,127.166,134.166,134.166,41820.0,,adjusted
2022-06-06,137.916,144.746,135.686,143.166,143.166,57703.0,,adjusted
2022-06-07,142.366,144.136,139.166,142.166,142.166,31138.0,,adjusted
2022-06-08,142.666,145.606,138.806,143.386,143.386,32375.0,,adjusted
2022-06-09,143.386,143.386,136.126,137.766,137.766,48091.0,,adjusted
2022-06-10,137.766,141.666,136.166,140.786,140.786,67888.0,,adjusted
2022-06-13,140.166,143.956,137.166,142.666,142.666,35579.0,,adjusted
2022-06-14,139.286,146.266,136.416,145.166,145.166,56242.0,,adjusted
2022-06-15,145.166,149.666,139.666,140.026,140.026,42548.0,,adjusted
2022-06-16,139.166,144.146,139.166,142.026,142.026,23468.0,,adjusted
2022-06-17,140.256,147.746,140.256,144.556,144.556,29579.0,,adjusted
2022-06-20,145.046,148.616,143.966,145.536,145.536,32599.0,,adjusted
2022-06-21,144.336,144.716,140.056,142.606,142.606,24268.0,,adjusted
2022-06-22,151.366,154.046,144.326,145.976,145.976,59671.0,,adjusted
2022-06-23,146.166,151.056,145.976,150.126,150.126,78458.0,,adjusted
2022-06-24,151.196,155.716,147.726,154.726,154.726,56874.0,,adjusted
2022-06-27,154.736,159.486,151.686,158.166,158.166,59065.0,,adjusted
2022-06-28,156.266,159.666,149.166,157.696,157.696,46695.0,,adjusted
2022-06-29,154.496,156.756,147.046,147.536,147.536,47115.0,,adjusted
2022-06-30,146.166,149.966,142.826,144.166,144.166,51751.0,,adjusted
2022-07-01,143.936,147.346,140.146,145.956,145.956,38857.0,,adjusted
2022-07-04,142.216,150.966,142.216,149.016,149.016,48782.0,,adjusted
2022-07-05,151.166,151.446,140.646,143.276,143.276,44814.0,,adjusted
2022-07-06,143.276,149.396,141.356,145.166,145.166,38989.0,,adjusted
2022-07-07,145.706,159.166,145.706,157.156,157.156,56951.0,,adjusted
2022-07-08,157.506,158.406,149.166,150.446,150.446,42001.0,,adjusted
2022-07-11,152.166,161.496,149.446,160.706,160.706,58806.0,,adjusted
2022-07-12,158.106,164.256,154.146,155.196,155.196,55842.0,,adjusted
2022-07-13,154.416,156.266,149.166,153.266,153.266,38258.0,,adjusted
2022-07-14,152.256,166.166,151.176,164.666,164.666,35198.0,,adjusted
2022-07-15,164.666,165.656,158.666,160.356,160.356,57896.0,,adjusted
2022-07-18,158.786,175.726,154.786,172.566,172.566,65303.0,,adjusted
2022-07-19,172.566,186.116,167.966,175.366,175.366,64853.0,,adjusted
2022-07-20,173.086,173.806,165.106,172.166,172.166,54986.0,,adjusted
2022-07-21,172.256,184.656,168.666,174.966,174.966,50438.0,,adjusted
2022-07-22,175.336,176.986,170.166,175.886,175.886,30540.0,,adjusted
2022-07-25,175.866,175.866,165.466,170.046,170.046,37141.0,,adjusted
2022-07-26,170.246,174.656,169.166,173.006,173.006,28150.0,,adjusted
2022-07-27,173.006,181.766,171.256,179.186,179.186,27632.0,,adjusted
2022-07-28,180.166,185.846,176.346,182.336,182.336,27825.0,,adjusted
2022-07-29,182.166,200.156,180.176,191.166,191.166,39874.0,,adjusted
2022-08-01,189.166,193.666,185.166,193.066,193.066,37507.0,,adjusted
2022-08-02,186.166,198.046,185.176,193.476,193.476,32181.0,,adjusted
2022-08-03,193.666,199.006,185.846,186.766,186.766,34788.0,,adjusted
2022-08-04,189.176,190.156,180.226,183.166,183.166,47102.0,,adjusted
2022-08-05,183.836,192.166,181.166,181.466,181.466,35888.0,,adjusted
2022-08-08,182.216,185.026,173.656,184.346,184.346,43871.0,,adjusted
2022-08-09,185.176,186.666,179.806,181.166,181.166,30881.0,,adjusted
2022-08-10,180.166,181.316,162.966,163.396,163.396,119009.0,,adjusted
2022-08-11,164.166,165.046,156.236,158.416,158.416,122490.0,,adjusted
2022-08-12,158.676,162.016,155.496,159.116,159.116,89975.0,,adjusted
2022-08-15,156.346,160.126,154.966,156.146,156.146,78435.0,,adjusted
2022-08-16,156.166,165.816,154.966,161.166,161.166,88762.0,,adjusted
2022-08-17,161.116,162.566,158.166,161.166,161.166,42731.0,,adjusted
2022-08-18,160.986,168.156,159.646,165.166,165.166,59377.0,,adjusted
2022-08-19,168.146,169.966,154.316,154.566,154.566,101450.0,,adjusted
2022-08-22,151.066,161.166,150.166,159.586,159.586,63832.0,,adjusted
2022-08-23,159.166,162.826,157.336,160.556,160.556,35094.0,,adjusted
2022-08-24,160.996,161.666,154.816,155.166,155.166,41502.0,,adjusted
2022-08-25,156.186,157.156,150.166,152.656,152.656,31245.0,,adjusted
2022-08-26,153.516,159.866,153.256,156.026,156.026,38064.0,,adjusted
2022-08-29,154.546,160.666,153.166,158.616,158.616,38053.0,,adjusted
2022-08-30,158.026,160.966,154.666,155.416,155.416,27006.0,,adjusted
2022-08-31,154.506,157.146,146.346,149.166,149.166,44772.0,,adjusted
2022-09-01,140.966,145.766,139.196,142.366,142.366,128106.0,,adjusted
2022-09-02,144.636,146.236,136.436,138.366,138.366,95805.0,,adjusted
2022-09-05,139.586,143.936,137.366,141.986,141.986,60368.0,,adjusted
2022-09-06,146.166,151.696,141.986,150.176,150.176,72395.0,,adjusted
2022-09-07,148.166,158.066,148.166,156.226,156.226,54137.0,,adjusted
2022-09-08,156.546,157.106,152.026,155.266,155.266,45479.0,,adjusted
2022-09-09,155.666,156.246,150.966,153.386,153.386,26608.0,,adjusted
2022-09-13,155.166,157.356,150.176,151.166,151.166,37565.0,,adjusted
2022-09-14,149.486,152.666,146.166,147.166,147.166,44331.0,,adjusted
2022-09-15,146.156,146.166,132.066,132.066,132.066,76257.0,,adjusted
2022-09-16,130.166,133.136,129.166,129.466,129.466,64570.0,,adjusted
2022-09-19,129.856,136.636,129.206,134.166,134.166,48441.0,,adjusted
2022-09-20,135.766,140.546,134.526,137.716,137.716,46502.0,,adjusted
2022-09-21,137.666,142.766,136.216,138.886,138.886,35281.0,,adjusted
2022-09-22,137.286,141.666,135.436,138.466,138.466,28598.0,,adjusted
2022-09-23,138.496,139.966,134.376,136.176,136.176,32394.0,,adjusted
2022-09-26,137.366,146.986,134.166,143.946,143.946,53025.0,,adjusted
2022-09-27,144.846,148.126,141.366,143.546,143.546,30049.0,,adjusted
2022-09-28,143.146,144.986,139.026,139.966,139.966,23532.0,,adjusted
2022-09-29,140.316,145.986,137.666,142.456,142.456,32274.0,,adjusted
2022-09-30,142.456,142.896,134.116,134.116,134.116,34988.0,,adjusted
2022-10-10,131.976,133.866,121.236,123.496,123.496,117490.0,,adjusted
2022-10-11,126.786,130.446,124.926,129.546,129.546,60105.0,,adjusted
2022-10-12,130.746,133.506,124.046,132.916,132.916,57901.0,,adjusted
2022-10-13,132.166,138.366,130.806,133.836,133.836,53684.0,,adjusted
2022-10-14,135.166,136.666,131.166,132.866,132.866,69006.0,,adjusted
2022-10-17,132.166,134.316,123.336,124.666,124.666,81602.0,,adjusted
2022-10-18,127.166,128.686,124.966,127.196,127.196,56507.0,,adjusted
2022-10-19,125.826,131.146,125.496,127.846,127.846,46440.0,,adjusted
2022-10-20,125.666,127.486,120.166,120.866,120.866,82328.0,,adjusted
2022-10-21,120.366,123.096,118.286,119.766,119.766,51745.0,,adjusted
2022-10-24,119.286,122.496,118.126,118.976,118.976,48858.0,,adjusted
2022-10-25,118.176,121.766,116.966,118.946,118.946,45954.0,,adjusted
2022-10-26,110.386,111.966,106.666,106.666,106.666,112606.0,,adjusted
2022-10-27,106.176,109.016,102.166,104.486,104.486,145797.0,,adjusted
2022-10-28,103.386,104.996,99.656,99.856,99.856,80778.0,,adjusted
2022-10-31,99.186,103.026,97.166,99.766,99.766,58547.0,,adjusted
2022-11-01,99.856,103.946,97.916,103.756,103.756,73566.0,,adjusted
2022-11-02,102.716,114.516,101.816,114.516,114.516,135301.0,,adjusted
2022-11-03,113.336,119.666,111.386,116.366,116.366,140493.0,,adjusted
2022-11-04,118.166,123.746,116.316,121.486,121.486,100852.0,,adjusted
2022-11-07,121.476,122.896,118.346,120.516,120.516,64259.0,,adjusted
2022-11-08,121.206,123.956,119.366,120.516,120.516,71059.0,,adjusted
2022-11-09,121.356,121.696,116.826,117.266,117.266,60872.0,,adjusted
2022-11-10,116.616,117.176,113.156,113.816,113.816,41637.0,,adjusted
2022-11-11,118.466,119.616,111.356,113.006,113.006,60383.0,,adjusted
2022-11-14,111.646,114.906,110.166,111.326,111.326,42598.0,,adjusted
2022-11-15,111.796,116.036,108.836,115.666,115.666,64263.0,,adjusted
2022-11-16,115.266,117.716,109.666,110.006,110.006,65300.0,,adjusted
2022-11-17,109.156,110.636,105.866,108.566,108.566,51234.0,,adjusted
2022-11-18,108.466,110.396,106.166,107.366,107.366,35180.0,,adjusted
2022-11-21,106.276,110.366,104.976,109.896,109.896,36753.0,,adjusted
2022-11-22,109.916,110.166,106.186,107.166,107.166,37734.0,,adjusted
2022-11-23,108.076,108.076,105.366,105.996,105.996,29961.0,,adjusted
2022-11-24,106.176,108.066,104.976,105.296,105.296,29729.0,,adjusted
2022-11-25,105.566,105.566,102.316,103.416,103.416,33683.0,,adjusted
2022-11-28,101.276,104.056,100.966,102.626,102.626,27325.0,,adjusted
2022-11-29,103.456,103.456,101.166,102.026,102.026,38783.0,,adjusted
2022-11-30,102.026,107.986,99.546,106.156,106.156,74740.0,,adjusted
2022-12-01,109.166,114.946,109.166,109.766,109.766,87737.0,,adjusted
2022-12-02,109.236,111.666,108.196,110.786,110.786,55431.0,,adjusted
2022-12-05,111.136,111.526,108.566,110.626,110.626,44820.0,,adjusted
2022-12-06,109.536,114.266,106.166,113.226,113.226,61823.0,,adjusted
2022-12-07,113.146,116.156,110.956,113.426,113.426,59930.0,,adjusted
2022-12-08,113.416,116.386,112.416,114.116,114.116,30145.0,,adjusted
2022-12-09,113.176,115.046,110.326,111.046,111.046,42685.0,,adjusted
2022-12-12,109.386,112.666,109.236,111.856,111.856,26254.0,,adjusted
2022-12-13,110.036,110.846,105.666,105.666,105.666,41864.0,,adjusted
2022-12-14,106.166,109.046,106.166,106.546,106.546,32385.0,,adjusted
2022-12-15,106.596,116.546,105.866,115.736,115.736,67749.0,,adjusted
2022-12-16,114.466,115.496,112.476,113.866,113.866,37684.0,,adjusted
2022-12-19,115.346,117.686,110.866,111.576,111.576,38115.0,,adjusted
2022-12-20,111.516,113.516,109.416,112.076,112.076,42445.0,,adjusted
2022-12-21,112.126,112.166,108.166,108.826,108.826,36538.0,,adjusted
2022-12-22,109.666,110.156,105.976,106.816,106.816,30741.0,,adjusted
2022-12-23,106.136,106.766,103.166,103.956,103.956,23704.0,,adjusted
2022-12-26,103.786,109.886,103.556,109.856,109.856,39524.0,,adjusted
2022-12-27,109.866,110.966,108.176,110.746,110.746,26259.0,,adjusted
2022-12-28,109.656,109.956,103.666,104.166,104.166,46392.0,,adjusted
2022-12-29,105.706,105.706,102.276,103.886,103.886,36965.0,,adjusted
2022-12-30,105.276,106.156,100.866,101.506,101.506,61063.0,,adjusted
2023-01-03,101.166,108.966,99.826,107.926,107.926,64230.0,,adjusted
2023-01-04,107.176,108.666,104.396,104.976,104.976,35776.0,,adjusted
2023-01-05,106.156,115.856,105.816,115.856,115.856,67296.0,,adjusted
2023-01-06,117.686,121.996,115.176,119.426,119.426,105069.0,,adjusted
2023-01-09,119.966,121.576,117.506,118.166,118.166,44924.0,,adjusted
2023-01-10,118.766,119.166,115.886,118.066,118.066,43653.0,,adjusted
2023-01-11,117.456,119.866,114.426,115.446,115.446,43186.0,,adjusted
2023-01-12,115.676,121.156,115.446,117.656,117.656,38473.0,,adjusted
2023-01-13,118.966,119.466,116.176,117.186,117.186,21130.0,,adjusted
2023-01-16,116.266,120.066,115.076,118.526,118.526,38150.0,,adjusted
2023-01-17,119.166,123.156,117.736,118.776,118.776,37379.0,,adjusted
2023-01-18,118.216,120.676,117.496,119.166,119.166,28182.0,,adjusted
2023-01-19,120.056,120.456,117.716,118.726,118.726,24416.0,,adjusted
2023-01-20,118.726,120.596,117.866,120.076,120.076,23678.0,,adjusted
2023-01-30,124.666,131.166,124.196,128.436,128.436,70104.0,,adjusted
2023-01-31,127.116,128.436,124.176,127.346,127.346,34055.0,,adjusted
2023-02-01,128.626,131.166,126.426,130.166,130.166,38896.0,,adjusted
2023-02-02,130.066,136.736,130.066,134.816,134.816,51432.0,,adjusted
2023-02-03,134.656,136.666,130.666,132.846,132.846,28189.0,,adjusted
2023-02-06,132.876,132.876,124.886,125.276,125.276,46549.0,,adjusted
2023-02-07,126.326,126.496,123.046,124.976,124.976,30753.0,,adjusted
2023-02-08,123.746,126.146,123.666,124.256,124.256,17147.0,,adjusted
2023-02-09,123.666,125.966,122.866,124.496,124.496,30143.0,,adjusted
2023-02-10,124.166,124.196,117.966,119.686,119.686,53143.0,,adjusted
2023-02-13,118.536,122.366,117.506,121.626,121.626,38719.0,,adjusted
2023-02-14,120.966,121.746,118.786,121.316,121.316,22205.0,,adjusted
2023-02-15,121.376,122.666,118.766,119.326,119.326,21817.0,,adjusted
2023-02-16,119.006,119.326,113.526,114.626,114.626,56777.0,,adjusted
2023-02-17,114.626,115.666,112.016,112.216,112.216,29491.0,,adjusted
2023-02-20,112.226,113.516,109.216,113.466,113.466,37615.0,,adjusted
2023-02-21,113.446,116.466,112.856,115.616,115.616,38738.0,,adjusted
2023-02-22,117.646,119.666,116.766,116.996,116.996,42440.0,,adjusted
2023-02-23,116.086,119.446,115.666,116.626,116.626,25360.0,,adjusted
2023-02-24,116.116,116.966,111.766,111.866,111.866,41656.0,,adjusted
2023-02-27,111.166,112.366,110.066,110.996,110.996,27875.0,,adjusted
2023-02-28,111.766,112.076,108.396,110.236,110.236,38365.0,,adjusted
2023-03-01,109.666,109.666,107.836,109.366,109.366,34216.0,,adjusted
2023-03-02,109.856,111.656,108.886,110.216,110.216,40280.0,,adjusted
2023-03-03,109.166,111.256,108.116,108.316,108.316,30524.0,,adjusted
2023-03-06,108.966,110.656,106.166,110.376,110.376,37102.0,,adjusted
2023-03-07,110.376,110.386,106.846,107.026,107.026,29802.0,,adjusted
2023-03-08,106.976,107.166,104.316,105.746,105.746,27715.0,,adjusted
2023-03-09,105.766,107.556,104.966,105.166,105.166,20738.0,,adjusted
2023-03-10,103.046,104.626,101.166,101.176,101.176,46178.0,,adjusted
2023-03-13,100.526,102.066,98.456,99.946,99.946,52806.0,,adjusted
2023-03-14,99.666,100.546,95.186,97.116,97.116,65466.0,,adjusted
2023-03-15,97.496,99.966,95.826,96.066,96.066,39727.0,,adjusted
2023-03-16,95.416,96.296,93.606,93.616,93.616,34314.0,,adjusted
2023-03-17,94.666,94.916,91.316,91.966,91.966,56938.0,,adjusted
2023-03-20,92.176,93.126,89.256,92.446,92.446,58312.0,,adjusted
2023-03-21,91.166,95.366,89.556,95.026,95.026,73855.0,,adjusted
2023-03-22,95.386,99.326,95.386,97.156,97.156,59909.0,,adjusted
2023-03-23,96.776,98.986,95.876,98.416,98.416,43535.0,,adjusted
2023-03-24,98.246,108.646,98.166,108.116,108.116,113836.0,,adjusted
2023-03-27,108.116,110.636,105.676,107.266,107.266,90194.0,,adjusted
2023-03-28,107.266,107.266,103.166,103.836,103.836,42361.0,,adjusted
2023-03-29,103.766,107.166,103.256,105.556,105.556,40869.0,,adjusted
2023-03-30,107.666,110.476,105.946,106.806,106.806,52599.0,,adjusted
2023-03-31,107.476,110.116,105.926,107.116,107.116,40788.0,,adjusted
2023-04-03,107.096,108.836,104.466,106.926,106.926,52008.0,,adjusted
2023-04-04,106.386,110.026,103.726,109.516,109.516,66366.0,,adjusted
2023-04-06,108.466,109.726,104.716,108.376,108.376,57841.0,,adjusted
2023-04-07,108.366,115.046,108.176,113.376,113.376,73217.0,,adjusted
2023-04-10,117.156,123.466,110.166,111.176,111.176,75454.0,,adjusted
2023-04-11,111.126,111.126,107.496,109.156,109.156,45073.0,,adjusted
2023-04-12,109.156,109.766,105.556,109.216,109.216,40651.0,,adjusted
2023-04-13,108.186,109.366,105.046,105.076,105.076,33971.0,,adjusted
2023-04-14,105.066,108.666,104.246,106.166,106.166,30559.0,,adjusted
2023-04-17,106.766,113.966,105.866,112.366,112.366,61980.0,,adjusted
2023-04-18,111.666,114.436,110.046,112.106,112.106,36008.0,,adjusted
2023-04-19,112.016,113.116,110.336,110.916,110.916,30222.0,,adjusted
2023-04-20,110.156,110.156,106.876,107.596,107.596,26590.0,,adjusted
2023-04-21,107.576,108.846,101.626,101.626,101.626,53760.0,,adjusted
2023-04-24,101.676,106.266,98.806,103.366,103.366,51690.0,,adjusted
2023-04-25,103.166,103.386,96.136,97.086,97.086,50347.0,,adjusted
2023-04-26,97.156,100.966,95.286,97.806,97.806,50692.0,,adjusted
2023-04-27,95.166,104.476,94.766,103.746,103.746,61344.0,,adjusted
2023-04-28,104.466,105.106,99.166,99.546,99.546,40646.0,,adjusted
2023-05-04,98.966,101.526,97.366,97.696,97.696,22822.0,,adjusted
2023-05-05,98.136,99.056,95.576,96.006,96.006,21311.0,,adjusted
2023-05-08,97.006,97.286,92.826,95.546,95.546,35660.0,,adjusted
2023-05-09,95.116,96.016,93.366,93.486,93.486,23101.0,,adjusted
2023-05-10,93.716,102.786,93.226,102.236,102.236,62123.0,,adjusted
2023-05-11,102.216,106.896,100.986,103.736,103.736,43360.0,,adjusted
2023-05-12,103.726,105.016,101.216,102.696,102.696,25445.0,,adjusted
2023-05-15,102.696,106.216,102.376,104.136,104.136,26270.0,,adjusted
2023-05-16,104.716,104.716,102.066,103.126,103.126,16921.0,,adjusted
2023-05-17,102.566,103.506,100.016,100.846,100.846,23065.0,,adjusted
2023-05-18,100.846,103.026,100.276,101.726,101.726,18575.0,,adjusted
2023-05-19,101.716,106.006,100.816,104.886,104.886,27630.0,,adjusted
2023-05-22,105.706,107.596,103.816,106.816,106.816,29225.0,,adjusted
2023-05-23,106.946,108.716,105.126,105.136,105.136,19329.0,,adjusted
2023-05-24,105.086,106.316,103.316,103.556,103.556,16000.0,,adjusted
2023-05-25,102.916,104.096,101.726,103.446,103.446,15193.0,,adjusted
2023-05-26,103.446,105.316,100.716,104.186,104.186,19422.0,,adjusted
2023-05-29,104.186,107.706,100.716,102.806,102.806,24818.0,,adjusted
2023-05-30,100.816,108.156,100.816,105.696,105.696,36424.0,,adjusted
2023-05-31,104.896,111.376,104.716,110.186,110.186,54901.0,,adjusted
2023-06-01,109.356,114.706,109.016,110.266,110.266,33051.0,,adjusted
2023-06-02,110.516,116.376,109.716,114.736,114.736,46754.0,,adjusted
2023-06-05,116.026,118.516,111.676,114.056,114.056,34206.0,,adjusted
2023-06-06,113.276,113.556,110.216,111.126,111.126,24229.0,,adjusted
2023-06-07,111.226,111.996,109.216,110.206,110.206,13820.0,,adjusted
2023-06-08,110.116,111.666,108.866,109.706,109.706,21028.0,,adjusted
2023-06-09,110.486,112.486,108.216,110.916,110.916,29409.0,,adjusted
2023-06-12,116.216,122.336,113.906,122.336,122.336,57221.0,,adjusted
2023-06-13,128.726,134.706,126.346,132.246,132.246,124786.0,,adjusted
2023-06-14,132.246,135.046,128.976,133.036,133.036,126205.0,,adjusted
2023-06-15,131.716,143.716,129.726,139.816,139.816,139296.0,,adjusted
2023-06-16,139.816,143.266,137.516,140.826,140.826,68072.0,,adjusted
2023-06-19,145.726,153.376,145.316,148.806,148.806,119465.0,,adjusted
2023-06-20,148.806,157.716,147.286,156.406,156.406,96223.0,,adjusted
2023-06-21,154.716,163.376,151.726,155.596,155.596,95431.0,,adjusted
2023-06-26,153.706,158.616,145.516,146.456,146.456,123153.0,,adjusted
2023-06-27,145.276,148.706,144.796,146.706,146.706,72699.0,,adjusted
2023-06-28,143.726,145.656,137.956,143.616,143.616,95906.0,,adjusted
2023-06-29,146.016,150.396,143.426,149.216,149.216,89343.0,,adjusted
2023-06-30,147.856,155.456,147.496,152.526,152.526,50090.0,,adjusted
2023-07-03,154.716,165.846,150.476,153.536,153.536,86187.0,,adjusted
2023-07-04,154.526,169.216,153.246,169.216,169.216,107948.0,,adjusted
2023-07-05,171.466,172.816,154.646,156.676,156.676,144819.0,,adjusted
2023-07-06,151.046,164.266,146.486,162.166,162.166,164296.0,,adjusted
2023-07-07,163.366,164.616,155.716,156.576,156.576,94511.0,,adjusted
2023-07-10,159.716,163.716,154.266,160.536,160.536,75141.0,,adjusted
2023-07-11,158.716,176.216,157.746,169.126,169.126,99813.0,,adjusted
2023-07-12,168.716,168.816,157.716,159.416,159.416,88311.0,,adjusted
2023-07-13,159.716,165.106,157.716,162.086,162.086,61516.0,,adjusted
2023-07-14,160.666,164.216,155.716,156.716,156.716,101640.0,,adjusted
2023-07-17,156.236,156.426,149.516,149.716,149.716,109244.0,,adjusted
2023-07-18,149.316,157.126,149.226,154.356,154.356,99962.0,,adjusted
2023-07-19,154.396,158.256,152.716,154.606,154.606,56813.0,,adjusted
2023-07-20,154.596,156.086,146.816,147.816,147.816,67705.0,,adjusted
2023-07-21,147.826,150.406,144.186,146.956,146.956,39872.0,,adjusted
2023-07-24,147.806,149.386,144.796,148.216,148.216,37555.0,,adjusted
2023-07-25,152.716,155.076,142.556,148.876,148.876,72963.0,,adjusted
2023-07-26,147.736,147.736,144.926,146.716,146.716,35001.0,,adjusted
2023-07-27,158.716,161.366,152.916,153.316,153.316,117175.0,,adjusted
2023-07-28,154.356,157.516,148.216,154.526,154.526,67875.0,,adjusted
2023-07-31,155.566,161.216,151.696,152.266,152.266,56836.0,,adjusted
2023-08-01,152.216,154.376,149.616,152.416,152.416,32933.0,,adjusted
2023-08-02,150.516,155.606,150.016,152.376,152.376,30432.0,,adjusted
2023-08-03,151.716,154.126,149.436,150.466,150.466,29324.0,,adjusted
2023-08-04,151.716,159.616,150.596,156.776,156.776,56198.0,,adjusted
2023-08-07,156.716,164.986,154.776,159.656,159.656,52874.0,,adjusted
2023-08-08,159.396,161.586,153.206,154.126,154.126,40454.0,,adjusted
2023-08-09,153.346,153.346,149.016,150.246,150.246,33719.0,,adjusted
2023-08-10,150.206,150.696,146.996,149.306,149.306,27625.0,,adjusted
2023-08-11,150.216,152.586,147.216,147.616,147.616,27584.0,,adjusted
2023-08-14,145.716,146.426,141.426,145.366,145.366,38845.0,,adjusted
2023-08-15,145.466,149.086,144.216,145.916,145.916,29643.0,,adjusted
2023-08-16,145.706,147.016,143.216,144.376,144.376,25816.0,,adjusted
2023-08-17,137.716,139.176,130.046,138.676,138.676,110413.0,,adjusted
2023-08-18,138.356,141.046,135.716,136.286,136.286,42299.0,,adjusted
2023-08-21,135.746,140.216,134.716,136.316,136.316,36290.0,,adjusted
2023-08-22,137.936,143.416,136.426,142.176,142.176,53384.0,,adjusted
2023-08-23,142.216,143.326,136.576,137.226,137.226,31351.0,,adjusted
2023-08-24,137.716,140.776,134.506,137.826,137.826,27307.0,,adjusted
2023-08-25,136.196,136.616,131.906,135.416,135.416,27430.0,,adjusted
2023-08-28,143.696,143.916,132.506,134.376,134.376,51950.0,,adjusted
2023-08-29,132.736,145.666,132.736,141.496,141.496,63564.0,,adjusted
2023-08-30,141.666,146.706,141.306,142.196,142.196,42230.0,,adjusted
2023-08-31,143.196,145.916,140.156,142.226,142.226,37828.0,,adjusted
2023-09-01,142.226,143.026,138.516,139.696,139.696,22613.0,,adjusted
2023-09-04,140.266,141.116,137.026,139.726,139.726,30945.0,,adjusted
2023-09-05,139.726,143.936,137.016,138.176,138.176,25827.0,,adjusted
2023-09-06,137.716,138.026,136.276,136.866,136.866,15919.0,,adjusted
2023-09-07,135.726,136.996,133.416,133.716,133.716,23684.0,,adjusted
2023-09-08,133.296,138.916,132.316,137.276,137.276,31844.0,,adjusted
2023-09-11,137.276,144.216,134.736,142.646,142.646,43266.0,,adjusted
2023-09-12,148.156,150.716,142.996,147.216,147.216,63494.0,,adjusted
2023-09-13,145.716,146.736,137.396,138.966,138.966,38915.0,,adjusted
2023-09-14,138.016,140.306,133.716,134.756,134.756,27346.0,,adjusted
2023-09-15,134.766,135.216,130.096,131.136,131.136,34982.0,,adjusted
2023-09-18,129.716,139.216,129.236,136.606,136.606,47144.0,,adjusted
2023-09-19,135.596,136.216,133.376,134.636,134.636,23366.0,,adjusted
2023-09-20,133.916,135.376,133.126,134.636,134.636,17688.0,,adjusted
2023-09-21,133.826,134.486,131.726,133.386,133.386,16647.0,,adjusted
2023-09-22,133.686,139.846,132.286,139.416,139.416,27615.0,,adjusted
2023-09-25,140.966,142.036,139.096,140.116,140.116,25973.0,,adjusted
2023-09-26,139.686,141.896,138.476,139.206,139.206,15700.0,,adjusted
2023-09-27,138.686,141.676,136.716,137.216,137.216,18185.0,,adjusted
2023-09-28,137.296,142.696,137.296,140.356,140.356,28908.0,,adjusted
2023-10-09,142.726,147.326,141.926,143.616,143.616,32120.0,,adjusted
2023-10-10,142.646,142.646,128.926,128.926,128.926,73721.0,,adjusted
2023-10-11,124.716,129.416,123.716,127.256,127.256,69337.0,,adjusted
2023-10-12,127.376,129.716,124.636,125.306,125.306,43326.0,,adjusted
2023-10-13,125.406,125.696,122.906,123.336,123.336,30102.0,,adjusted
2023-10-16,123.706,123.716,120.716,122.166,122.166,31372.0,,adjusted
2023-10-17,122.116,122.116,119.266,120.676,120.676,27029.0,,adjusted
2023-10-18,119.216,122.516,118.376,119.766,119.766,34957.0,,adjusted
2023-10-19,120.016,120.616,115.416,115.876,115.876,43302.0,,adjusted
2023-10-20,115.506,116.876,112.716,113.406,113.406,41858.0,,adjusted
2023-10-23,113.766,115.026,111.856,113.386,113.386,38209.0,,adjusted
2023-10-24,113.736,117.486,112.836,116.056,116.056,39939.0,,adjusted
2023-10-25,122.546,123.886,119.076,119.266,119.266,70128.0,,adjusted
2023-10-26,118.256,120.926,116.856,120.506,120.506,34831.0,,adjusted
2023-10-27,120.716,122.996,118.746,121.206,121.206,35905.0,,adjusted
2023-10-30,120.216,125.216,118.416,124.726,124.726,48680.0,,adjusted
2023-10-31,123.836,123.836,120.716,122.316,122.316,35957.0,,adjusted
2023-11-01,121.596,125.856,120.726,123.666,123.666,29678.0,,adjusted
2023-11-02,123.216,124.476,121.716,122.146,122.146,24093.0,,adjusted
2023-11-03,122.146,125.656,120.826,121.716,121.716,33898.0,,adjusted
2023-11-06,122.596,123.216,115.716,118.146,118.146,73406.0,,adjusted
2023-11-07,117.346,119.996,116.216,118.026,118.026,47032.0,,adjusted
2023-11-08,117.996,119.216,116.486,118.716,118.716,36059.0,,adjusted
2023-11-09,118.406,118.406,116.026,116.706,116.706,34495.0,,adjusted
2023-11-10,116.706,116.716,113.826,114.596,114.596,27762.0,,adjusted
2023-11-13,115.216,116.836,112.856,113.696,113.696,31978.0,,adjusted
2023-11-14,115.266,120.586,115.076,120.536,120.536,74427.0,,adjusted
2023-11-15,126.716,132.916,126.716,132.916,132.916,125505.0,,adjusted
2023-11-16,132.376,137.286,131.916,132.916,132.916,99694.0,,adjusted
2023-11-17,132.236,136.356,130.016,134.916,134.916,64350.0,,adjusted
2023-11-20,136.436,136.856,131.636,132.306,132.306,59993.0,,adjusted
2023-11-21,131.596,133.516,128.816,129.716,129.716,40638.0,,adjusted
2023-11-22,130.546,132.596,128.316,128.326,128.326,29053.0,,adjusted
2023-11-23,128.116,136.866,126.416,134.116,134.116,69626.0,,adjusted
2023-11-24,134.116,134.976,130.336,131.256,131.256,33351.0,,adjusted
2023-11-27,130.856,131.336,123.996,128.196,128.196,76642.0,,adjusted
2023-11-28,128.016,130.566,126.716,127.916,127.916,42850.0,,adjusted
2023-11-29,129.716,132.716,127.766,129.816,129.816,43566.0,,adjusted
2023-11-30,129.016,129.726,124.826,126.546,126.546,35209.0,,adjusted
2023-12-01,126.116,126.706,123.426,125.556,125.556,38004.0,,adjusted
2023-12-04,125.716,125.796,122.136,123.716,123.716,27590.0,,adjusted
2023-12-05,123.136,124.736,121.526,121.606,121.606,26878.0,,adjusted
2023-12-06,121.376,123.376,120.116,120.596,120.596,26600.0,,adjusted
2023-12-07,120.586,120.586,117.716,119.416,119.416,25017.0,,adjusted
2023-12-08,119.416,121.596,118.066,120.436,120.436,34339.0,,adjusted
2023-12-11,120.216,129.866,118.516,129.696,129.696,74316.0,,adjusted
2023-12-12,128.306,130.246,126.906,128.676,128.676,35002.0,,adjusted
2023-12-13,128.296,129.766,126.916,127.456,127.456,21836.0,,adjusted
2023-12-14,127.526,129.406,126.416,127.026,127.026,19970.0,,adjusted
2023-12-15,127.216,127.716,124.796,125.676,125.676,15514.0,,adjusted
2023-12-18,124.766,128.486,124.076,124.386,124.386,22149.0,,adjusted
2023-12-19,124.386,124.946,121.446,122.306,122.306,22979.0,,adjusted
2023-12-20,122.306,122.896,119.416,119.606,119.606,17995.0,,adjusted
2023-12-21,119.606,121.376,118.016,120.096,120.096,21768.0,,adjusted
2023-12-22,119.716,120.556,116.416,118.496,118.496,24366.0,,adjusted
2023-12-25,117.896,124.226,116.786,123.556,123.556,30954.0,,adjusted
2023-12-26,123.546,123.546,117.766,120.006,120.006,26886.0,,adjusted
2023-12-27,119.986,123.016,118.356,120.566,120.566,29379.0,,adjusted
2023-12-28,120.446,124.576,118.386,123.826,123.826,36413.0,,adjusted
2023-12-29,122.816,126.976,122.116,126.226,126.226,35778.0,,adjusted
2024-01-02,126.226,126.706,119.886,119.916,119.916,29969.0,,adjusted
2024-01-03,119.916,120.066,113.796,114.956,114.956,53333.0,,adjusted
2024-01-04,114.406,114.516,110.686,111.816,111.816,46331.0,,adjusted
2024-01-05,111.816,114.266,110.066,110.906,110.906,33260.0,,adjusted
2024-01-08,109.716,111.876,107.516,108.576,108.576,29296.0,,adjusted
2024-01-09,108.546,111.596,107.956,110.456,110.456,36903.0,,adjusted
2024-01-10,110.456,114.516,108.216,113.196,113.196,39078.0,,adjusted
2024-01-11,113.196,113.846,111.676,113.316,113.316,30387.0,,adjusted
2024-01-12,113.316,113.316,109.216,110.666,110.666,35248.0,,adjusted
2024-01-15,110.276,110.286,105.936,106.436,106.436,46086.0,,adjusted
2024-01-16,106.396,106.426,103.516,105.516,105.516,45868.0,,adjusted
2024-01-17,104.506,105.826,98.716,98.726,98.726,73270.0,,adjusted
2024-01-18,97.826,99.636,95.516,99.516,99.516,72336.0,,adjusted
2024-01-19,98.716,101.516,98.266,98.416,98.416,36499.0,,adjusted
2024-01-22,97.966,98.706,93.736,94.716,94.716,45555.0,,adjusted
2024-01-23,95.316,95.776,92.816,94.486,94.486,39404.0,,adjusted
2024-01-24,95.356,96.576,91.216,94.616,94.616,40866.0,,adjusted
2024-01-25,93.716,95.196,92.026,94.016,94.016,49381.0,,adjusted
2024-01-26,92.716,92.876,89.246,89.596,89.596,52149.0,,adjusted
2024-01-29,90.696,91.456,87.236,87.246,87.246,44119.0,,adjusted
2024-01-30,87.146,89.116,86.216,86.286,86.286,37468.0,,adjusted
2024-01-31,85.926,86.276,81.286,81.776,81.776,51432.0,,adjusted
2024-02-01,81.806,84.896,80.906,82.476,82.476,48379.0,,adjusted
2024-02-02,82.756,83.056,76.776,79.666,79.666,42492.0,,adjusted
2024-02-05,78.576,80.016,73.156,77.256,77.256,68240.0,,adjusted
2024-02-06,77.406,84.676,75.416,83.736,83.736,57331.0,,adjusted
2024-02-07,84.946,89.026,82.616,83.816,83.816,91773.0,,adjusted
2024-02-08,83.816,87.916,81.816,87.356,87.356,92611.0,,adjusted
2024-02-19,88.516,88.896,83.896,85.866,85.866,88207.0,,adjusted
2024-02-20,84.226,84.776,80.596,82.386,82.386,79785.0,,adjusted
2024-02-21,80.706,89.036,80.546,86.146,86.146,93187.0,,adjusted
2024-02-22,85.186,90.196,84.746,89.116,89.116,70554.0,,adjusted
2024-02-23,89.786,96.706,89.786,96.016,96.016,100529.0,,adjusted
2024-02-26,96.706,103.196,96.016,99.446,99.446,88889.0,,adjusted
2024-02-27,99.536,105.246,99.396,104.586,104.586,73531.0,,adjusted
2024-02-28,104.586,105.476,97.336,97.336,97.336,74225.0,,adjusted
2024-02-29,95.726,100.086,94.716,99.316,99.316,55486.0,,adjusted
2024-03-01,99.716,100.216,96.796,99.616,99.616,50229.0,,adjusted
2024-03-04,101.726,102.296,97.726,99.296,99.296,44900.0,,adjusted
2024-03-05,97.426,103.596,96.816,100.536,100.536,57919.0,,adjusted
2024-03-06,99.316,103.916,99.316,101.596,101.596,48525.0,,adjusted
2024-03-07,103.596,106.816,100.126,100.866,100.866,62070.0,,adjusted
2024-03-08,99.726,101.416,97.716,99.016,99.016,44310.0,,adjusted
2024-03-11,98.716,99.716,97.016,99.706,99.706,50019.0,,adjusted
2024-03-12,100.806,110.006,100.456,110.006,110.006,86156.0,,adjusted
2024-03-13,112.266,114.026,109.006,111.176,111.176,99159.0,,adjusted
2024-03-14,109.716,110.696,105.836,107.726,107.726,54096.0,,adjusted
2024-03-15,107.716,118.826,105.716,118.826,118.826,93411.0,,adjusted
2024-03-18,122.266,123.636,117.056,120.376,120.376,124294.0,,adjusted
2024-03-19,119.506,131.716,119.506,124.746,124.746,122351.0,,adjusted
2024-03-20,121.596,122.806,118.816,120.416,120.416,81979.0,,adjusted
2024-03-21,120.416,121.316,116.816,117.436,117.436,67303.0,,adjusted
2024-03-22,112.686,112.686,105.366,108.286,108.286,155045.0,,adjusted
2024-03-25,106.566,112.086,105.726,110.226,110.226,90125.0,,adjusted
2024-03-26,108.816,121.576,108.806,119.306,119.306,121202.0,,adjusted
2024-03-27,118.416,118.836,114.796,116.716,116.716,66767.0,,adjusted
2024-03-28,114.806,124.716,114.786,122.716,122.716,85467.0,,adjusted
2024-03-29,127.716,128.716,118.296,121.226,121.226,68652.0,,adjusted
2024-04-01,119.716,127.596,118.016,122.116,122.116,55137.0,,adjusted
2024-04-02,122.216,124.096,120.816,122.336,122.336,34665.0,,adjusted
2024-04-03,121.716,125.716,119.326,124.666,124.666,50526.0,,adjusted
2024-04-08,124.746,134.716,124.746,131.196,131.196,73959.0,,adjusted
2024-04-09,129.716,131.216,126.616,128.716,128.716,41142.0,,adjusted
2024-04-10,126.036,127.516,123.376,125.266,125.266,38038.0,,adjusted
2024-04-11,124.216,127.096,121.326,125.716,125.716,47465.0,,adjusted
2024-04-12,125.076,131.716,124.816,128.636,128.636,49987.0,,adjusted
2024-04-15,127.716,129.016,124.476,127.286,127.286,33824.0,,adjusted
2024-04-16,127.356,127.416,122.126,122.266,122.266,29221.0,,adjusted
2024-04-17,123.936,128.526,121.476,128.316,128.316,33818.0,,adjusted
2024-04-18,127.626,132.486,124.716,127.836,127.836,37148.0,,adjusted
2024-04-19,120.646,120.646,114.726,114.726,114.726,73438.0,,adjusted
2024-04-22,112.916,118.156,110.216,114.146,114.146,66144.0,,adjusted
2024-04-23,113.186,114.946,107.596,114.116,114.116,61916.0,,adjusted
2024-04-24,113.716,115.816,111.986,112.426,112.426,39924.0,,adjusted
2024-04-25,111.416,113.986,110.316,111.536,111.536,26997.0,,adjusted
2024-04-26,110.766,117.196,110.596,114.746,114.746,39867.0,,adjusted
2024-04-29,119.696,125.856,118.276,120.616,120.616,73262.0,,adjusted
2024-04-30,123.106,126.776,122.466,123.426,123.426,50415.0,,adjusted
2024-05-06,125.146,126.896,118.556,121.216,121.216,74287.0,,adjusted
2024-05-07,119.056,119.086,114.956,115.346,115.346,73911.0,,adjusted
2024-05-08,114.526,115.346,110.866,113.536,113.536,70301.0,,adjusted
2024-05-09,112.926,112.926,107.086,109.106,109.106,108995.0,,adjusted
2024-05-10,107.816,108.346,104.606,106.456,106.456,66466.0,,adjusted
2024-05-13,105.266,109.156,103.656,106.456,106.456,55918.0,,adjusted
2024-05-14,105.926,107.356,104.806,104.886,104.886,36021.0,,adjusted
2024-05-15,104.556,105.956,103.056,104.096,104.096,24012.0,,adjusted
2024-05-16,104.566,105.296,102.286,104.006,104.006,33102.0,,adjusted
2024-05-17,103.756,105.406,103.056,105.166,105.166,31714.0,,adjusted
2024-05-20,105.556,107.046,104.566,105.596,105.596,35543.0,,adjusted
2024-05-21,104.546,104.566,99.556,100.456,100.456,88621.0,,adjusted
2024-05-22,100.346,101.906,100.056,101.586,101.586,35479.0,,adjusted
2024-05-23,101.566,101.936,99.906,100.096,100.096,26114.0,,adjusted
2024-05-24,100.096,100.356,97.016,97.136,97.136,39903.0,,adjusted
2024-05-27,97.536,97.696,94.406,96.556,96.556,47905.0,,adjusted
2024-05-28,96.536,98.246,95.426,96.856,96.856,34220.0,,adjusted
2024-05-29,96.486,97.406,93.796,96.056,96.056,53404.0,,adjusted
2024-05-30,95.846,95.966,94.856,95.306,95.306,24499.0,,adjusted
2024-05-31,95.436,100.466,95.436,97.986,97.986,54502.0,,adjusted
2024-06-03,99.556,101.056,97.406,99.946,99.946,53844.0,,adjusted
2024-06-04,99.936,101.996,98.706,100.346,100.346,44629.0,,adjusted
2024-06-05,101.546,104.856,100.666,100.766,100.766,69478.0,,adjusted
2024-06-06,99.886,101.506,99.286,99.556,99.556,44778.0,,adjusted
2024-06-07,99.526,99.906,95.656,96.946,96.946,42873.0,,adjusted
2024-06-11,95.946,97.896,94.856,96.566,96.566,46970.0,,adjusted
2024-06-12,98.746,103.326,98.746,103.166,103.166,96181.0,,adjusted
2024-06-13,101.556,101.836,98.736,100.056,100.056,60881.0,,adjusted
2024-06-14,99.276,99.446,96.556,98.806,98.806,45574.0,,adjusted
2024-06-17,97.776,100.356,96.566,96.706,96.706,60063.0,,adjusted
2024-06-18,97.256,100.536,96.806,97.716,97.716,85936.0,,adjusted
2024-06-19,97.796,98.936,92.096,93.756,93.756,105875.0,,adjusted
2024-06-20,92.996,93.776,91.546,91.546,91.546,54742.0,,adjusted
2024-06-21,91.546,93.216,89.566,91.806,91.806,56523.0,,adjusted
2024-06-24,90.906,91.286,88.126,88.256,88.256,50953.0,,adjusted
2024-06-25,88.556,91.016,86.916,87.806,87.806,55839.0,,adjusted
2024-06-26,87.556,89.046,86.326,88.676,88.676,42497.0,,adjusted
2024-06-27,88.386,88.386,85.436,85.486,85.486,42669.0,,adjusted
2024-06-28,85.086,86.806,84.236,84.646,84.646,46971.0,,adjusted
2024-07-01,84.856,85.036,81.656,83.256,83.256,52893.0,,adjusted
2024-07-02,84.466,87.056,83.466,83.696,83.696,73786.0,,adjusted
2024-07-03,83.486,86.276,82.576,83.156,83.156,50380.0,,adjusted
2024-07-04,83.576,84.916,81.766,82.216,82.216,46010.0,,adjusted
2024-07-05,81.676,83.366,80.426,82.606,82.606,52268.0,,adjusted
2024-07-08,82.616,82.946,81.216,81.286,81.286,37174.0,,adjusted
2024-07-09,82.256,89.656,81.556,89.656,89.656,115281.0,,adjusted
2024-07-10,94.256,98.866,93.986,98.866,98.866,218629.0,,adjusted
2024-07-11,100.516,100.556,95.086,99.036,99.036,187763.0,,adjusted
2024-07-12,98.126,106.876,95.436,104.106,104.106,210286.0,,adjusted
2024-07-15,103.556,109.246,102.166,105.066,105.066,177572.0,,adjusted
2024-07-16,103.456,107.266,102.806,105.716,105.716,141910.0,,adjusted
2024-07-17,104.416,105.236,100.236,100.556,100.556,155105.0,,adjusted
2024-07-18,98.896,100.556,96.686,99.536,99.536,120493.0,,adjusted
2024-07-19,98.856,101.536,96.746,97.346,97.346,135537.0,,adjusted
2024-07-22,95.586,98.346,94.306,95.536,95.536,119253.0,,adjusted
2024-07-23,96.206,96.796,90.856,90.946,90.946,100244.0,,adjusted
2024-07-24,89.506,91.756,87.656,87.986,87.986,105895.0,,adjusted
2024-07-25,86.556,88.506,86.356,86.686,86.686,72237.0,,adjusted
2024-07-26,86.736,91.736,86.136,88.556,88.556,107085.0,,adjusted
2024-07-29,88.706,91.146,86.956,89.046,89.046,98627.0,,adjusted
2024-07-30,87.856,89.516,85.656,88.666,88.666,83513.0,,adjusted
2024-07-31,87.556,93.436,87.556,92.866,92.866,108441.0,,adjusted
2024-08-01,92.846,92.846,89.556,90.706,90.706,98967.0,,adjusted
2024-08-02,89.346,90.486,86.856,87.536,87.536,70150.0,,adjusted
2024-08-05,86.526,89.836,86.146,86.166,86.166,75339.0,,adjusted
2024-08-06,87.306,87.736,83.566,85.416,85.416,79391.0,,adjusted
2024-08-07,84.856,85.926,84.066,84.406,84.406,42696.0,,adjusted
2024-08-08,83.756,86.856,82.126,86.136,86.136,66395.0,,adjusted
2024-08-09,86.516,86.956,84.556,84.556,84.556,38277.0,,adjusted
2024-08-12,83.956,85.156,82.446,82.676,82.676,47450.0,,adjusted
2024-08-13,82.696,83.806,82.056,83.786,83.786,29662.0,,adjusted
2024-08-14,83.716,83.746,82.156,82.156,82.156,32774.0,,adjusted
2024-08-15,81.706,86.236,81.366,85.546,85.546,79163.0,,adjusted
2024-08-16,85.406,89.026,85.166,88.076,88.076,78551.0,,adjusted
2024-08-19,87.956,88.726,86.636,87.156,87.156,41937.0,,adjusted
2024-08-20,87.546,87.956,85.566,86.016,86.016,35888.0,,adjusted
2024-08-21,89.556,94.546,88.966,91.856,91.856,146932.0,,adjusted
2024-08-22,92.056,92.526,87.766,87.966,87.966,81633.0,,adjusted
2024-08-23,87.556,88.756,86.566,86.626,86.626,42074.0,,adjusted
2024-08-26,86.576,88.276,85.306,87.316,87.316,47095.0,,adjusted
2024-08-27,86.576,87.206,84.146,84.556,84.556,40800.0,,adjusted
2024-08-28,84.566,85.226,82.256,82.856,82.856,48290.0,,adjusted
2024-08-29,82.336,89.056,81.336,88.486,88.486,87037.0,,adjusted
2024-08-30,88.266,90.536,87.246,88.746,88.746,82928.0,,adjusted
2024-09-02,87.566,89.196,86.136,86.266,86.266,50651.0,,adjusted
2024-09-03,86.076,92.786,85.436,91.506,91.506,97483.0,,adjusted
2024-09-04,91.056,94.936,90.396,92.806,92.806,76453.0,,adjusted
2024-09-05,92.686,96.456,92.686,94.936,94.936,70422.0,,adjusted
2024-09-06,94.936,99.086,94.556,94.816,94.816,81209.0,,adjusted
2024-09-09,85.546,90.436,85.546,86.816,86.816,111681.0,,adjusted
2024-09-10,86.866,90.596,86.866,89.066,89.066,64966.0,,adjusted
2024-09-11,89.066,93.056,88.066,90.276,90.276,51215.0,,adjusted
2024-09-12,90.786,90.986,87.446,87.686,87.686,43468.0,,adjusted
2024-09-13,88.056,88.776,86.576,87.396,87.396,38863.0,,adjusted
2024-09-18,87.756,92.156,86.856,91.356,91.356,61109.0,,adjusted
2024-09-19,92.036,92.476,90.066,90.856,90.856,43248.0,,adjusted
2024-09-20,91.306,93.516,89.566,91.746,91.746,48241.0,,adjusted
2024-09-23,91.206,94.126,90.666,92.656,92.656,49298.0,,adjusted
2024-09-24,92.706,96.206,91.556,95.726,95.726,66994.0,,adjusted
2024-09-25,95.556,97.836,95.356,96.356,96.356,72328.0,,adjusted
2024-09-26,95.666,98.436,95.176,98.306,98.306,68308.0,,adjusted
2024-09-27,99.366,108.056,99.356,106.456,106.456,85752.0,,adjusted
2024-09-30,111.956,117.346,110.676,117.346,117.346,85999.0,,adjusted
2024-10-08,129.326,129.326,118.556,129.326,129.326,117836.0,,adjusted
2024-10-09,126.696,137.556,121.256,128.856,128.856,138843.0,,adjusted
2024-10-10,126.866,130.626,119.356,122.756,122.756,111063.0,,adjusted
2024-10-11,122.676,122.676,111.316,113.296,113.296,92557.0,,adjusted
2024-10-14,112.556,115.056,109.236,115.056,115.056,94459.0,,adjusted
2024-10-15,113.556,115.456,110.546,110.856,110.856,66330.0,,adjusted
2024-10-16,108.556,111.356,106.666,109.886,109.886,61944.0,,adjusted
2024-10-17,110.566,112.316,108.436,108.886,108.886,48542.0,,adjusted
2024-10-18,107.546,119.396,107.366,116.186,116.186,93747.0,,adjusted
2024-10-21,117.556,118.456,113.836,115.706,115.706,88693.0,,adjusted
2024-10-22,114.516,121.596,114.216,121.576,121.576,87285.0,,adjusted
2024-10-23,120.946,124.756,118.236,121.356,121.356,69963.0,,adjusted
2024-10-24,121.336,124.136,118.556,119.086,119.086,53089.0,,adjusted
2024-10-25,118.556,120.906,117.316,118.806,118.806,37597.0,,adjusted
2024-10-28,117.036,119.386,116.436,118.556,118.556,30502.0,,adjusted
2024-10-29,118.936,122.656,117.726,121.416,121.416,56855.0,,adjusted
2024-10-30,120.556,123.576,118.536,120.016,120.016,43580.0,,adjusted
2024-10-31,125.556,128.866,118.416,119.426,119.426,89671.0,,adjusted
2024-11-01,117.906,119.546,113.356,116.186,116.186,67982.0,,adjusted
2024-11-04,115.546,123.536,115.546,123.016,123.016,67722.0,,adjusted
2024-11-05,122.556,130.056,120.056,128.606,128.606,71946.0,,adjusted
2024-11-06,129.906,130.936,124.606,125.486,125.486,63271.0,,adjusted
2024-11-07,123.976,130.556,123.956,130.556,130.556,64327.0,,adjusted
2024-11-08,132.706,137.046,130.156,132.536,132.536,70681.0,,adjusted
2024-11-11,131.756,140.436,130.566,137.746,137.746,71375.0,,adjusted
2024-11-12,138.276,142.056,132.886,134.006,134.006,59620.0,,adjusted
2024-11-13,134.016,134.916,130.056,132.336,132.336,43787.0,,adjusted
2024-11-14,132.506,133.686,127.286,128.136,128.136,46650.0,,adjusted
2024-11-15,127.546,128.546,122.366,122.506,122.506,55283.0,,adjusted
2024-11-18,122.526,127.246,120.556,124.056,124.056,53830.0,,adjusted
2024-11-19,124.686,131.776,124.686,129.556,129.556,72667.0,,adjusted
2024-11-20,128.916,132.466,127.756,131.846,131.846,50216.0,,adjusted
2024-11-21,131.336,132.856,128.066,130.456,130.456,44461.0,,adjusted
2024-11-22,130.466,134.216,127.356,127.356,127.356,50655.0,,adjusted
2024-11-25,127.196,131.266,122.356,125.356,125.356,48211.0,,adjusted
2024-11-26,124.646,125.026,118.366,118.756,118.756,60398.0,,adjusted
2024-11-27,117.556,123.316,116.436,123.186,123.186,53130.0,,adjusted
2024-11-28,123.186,123.456,119.056,119.706,119.706,29903.0,,adjusted
2024-11-29,120.026,126.546,119.556,122.426,122.426,54290.0,,adjusted
2024-12-02,117.556,121.946,115.636,121.076,121.076,85382.0,,adjusted
2024-12-03,120.346,120.966,117.416,119.046,119.046,45771.0,,adjusted
2024-12-04,119.006,120.136,116.366,117.186,117.186,44042.0,,adjusted
2024-12-05,116.396,117.936,113.636,114.746,114.746,59445.0,,adjusted
2024-12-06,114.756,116.716,114.186,116.456,116.456,42726.0,,adjusted
2024-12-09,116.456,120.416,115.516,118.936,118.936,66601.0,,adjusted
2024-12-10,123.896,124.056,120.556,121.166,121.166,62978.0,,adjusted
2024-12-11,120.276,120.756,117.956,118.946,118.946,39487.0,,adjusted
2024-12-12,118.556,121.646,118.216,120.146,120.146,37512.0,,adjusted
2024-12-13,119.206,119.456,113.556,113.956,113.956,67027.0,,adjusted
2024-12-16,113.956,114.306,111.156,112.556,112.556,36457.0,,adjusted
2024-12-17,112.466,115.356,112.216,112.776,112.776,32869.0,,adjusted
2024-12-18,115.136,115.146,111.856,113.036,113.036,30750.0,,adjusted
2024-12-19,111.926,112.996,110.736,111.436,111.436,44753.0,,adjusted
2024-12-20,111.176,111.806,108.166,110.306,110.306,58963.0,,adjusted
2024-12-23,110.306,111.756,107.656,107.856,107.856,48190.0,,adjusted
2024-12-24,109.056,111.916,108.206,111.856,111.856,59787.0,,adjusted
2024-12-25,111.856,112.916,110.606,111.536,111.536,35136.0,,adjusted
2024-12-26,111.066,116.656,108.436,116.156,116.156,67676.0,,adjusted
2024-12-27,115.056,115.076,110.686,111.056,111.056,85672.0,,adjusted
2024-12-30,110.326,113.436,109.066,110.036,110.036,66336.0,,adjusted
2024-12-31,110.016,110.406,107.066,107.666,107.666,50974.0,,adjusted
2025-01-02,106.796,107.546,102.256,103.236,103.236,60899.0,,adjusted
2025-01-03,103.236,103.986,99.036,99.536,99.536,60659.0,,adjusted
2025-01-06,99.536,100.666,97.546,98.576,98.576,50420.0,,adjusted
2025-01-07,98.336,99.676,97.186,99.556,99.556,39878.0,,adjusted
2025-01-08,98.056,102.046,96.856,101.226,101.226,52057.0,,adjusted
2025-01-09,100.056,102.356,99.556,101.256,101.256,43581.0,,adjusted
2025-01-10,101.296,104.296,99.706,99.706,99.706,53092.0,,adjusted
2025-01-13,99.056,104.456,98.996,101.226,101.226,61704.0,,adjusted
2025-01-14,101.556,106.556,100.146,105.556,105.556,72070.0,,adjusted
2025-01-15,105.556,105.556,101.656,101.956,101.956,62169.0,,adjusted
2025-01-16,103.006,105.456,101.066,102.806,102.806,55304.0,,adjusted
2025-01-17,102.546,103.636,100.956,102.266,102.266,40982.0,,adjusted
2025-01-20,103.216,106.176,102.606,105.166,105.166,56031.0,,adjusted
2025-01-21,105.656,108.876,103.556,108.176,108.176,66189.0,,adjusted
2025-01-22,107.326,107.876,105.756,107.266,107.266,42489.0,,adjusted
2025-01-23,108.706,109.156,105.696,106.096,106.096,51048.0,,adjusted
2025-01-24,105.356,111.036,105.066,108.356,108.356,72251.0,,adjusted
2025-01-27,108.356,108.486,105.806,106.066,106.066,35154.0,,adjusted
2025-02-05,108.046,113.346,106.696,111.436,111.436,87614.0,,adjusted
2025-02-06,110.556,122.826,110.556,122.826,122.826,136098.0,,adjusted
2025-02-07,127.836,132.536,125.166,131.136,131.136,230471.0,,adjusted
2025-02-10,131.136,131.236,124.836,127.556,127.556,169806.0,,adjusted
2025-02-11,127.516,129.546,121.916,124.136,124.136,146417.0,,adjusted
2025-02-12,123.596,129.876,122.436,127.856,127.856,130727.0,,adjusted
2025-02-13,127.466,128.756,124.886,124.906,124.906,82773.0,,adjusted
2025-02-14,124.256,130.106,124.066,127.956,127.956,94689.0,,adjusted
2025-02-17,128.556,133.046,128.136,131.866,131.866,119130.0,,adjusted
2025-02-18,129.666,130.566,126.556,126.706,126.706,82886.0,,adjusted
2025-02-19,126.596,132.776,126.596,131.556,131.556,81610.0,,adjusted
2025-02-20,130.956,131.816,128.876,130.156,130.156,62000.0,,adjusted
2025-02-21,130.556,134.356,127.586,131.886,131.886,89143.0,,adjusted
2025-02-24,131.896,132.556,127.096,129.856,129.856,82144.0,,adjusted
2025-02-25,128.446,135.116,127.216,131.406,131.406,97210.0,,adjusted
2025-02-26,132.556,133.036,128.976,130.226,130.226,83583.0,,adjusted
2025-02-27,131.056,131.056,125.846,128.256,128.256,73467.0,,adjusted
2025-02-28,127.386,131.006,120.756,121.246,121.246,94934.0,,adjusted
2025-03-03,121.576,124.466,119.556,120.716,120.716,62407.0,,adjusted
2025-03-04,119.556,121.886,118.706,120.706,120.706,36893.0,,adjusted
2025-03-05,120.706,122.056,118.956,120.456,120.456,34843.0,,adjusted
2025-03-06,121.476,124.656,120.946,122.356,122.356,64604.0,,adjusted
2025-03-07,121.546,122.816,119.086,120.056,120.056,61095.0,,adjusted
2025-03-10,120.266,122.646,119.676,121.996,121.996,50227.0,,adjusted
2025-03-11,120.416,122.716,118.206,119.776,119.776,58413.0,,adjusted
2025-03-12,121.756,125.456,120.736,121.616,121.616,70311.0,,adjusted
2025-03-13,121.066,121.556,117.256,117.656,117.656,53001.0,,adjusted
2025-03-14,117.676,122.776,117.026,121.556,121.556,63192.0,,adjusted
2025-03-17,119.086,119.346,115.886,119.046,119.046,82896.0,,adjusted
2025-03-18,119.056,119.656,115.916,117.556,117.556,85691.0,,adjusted
2025-03-19,117.456,119.226,114.066,116.656,116.656,60582.0,,adjusted
2025-03-20,115.756,117.256,115.156,115.806,115.806,36873.0,,adjusted
2025-03-21,115.586,116.666,112.556,112.956,112.956,50068.0,,adjusted
2025-03-24,112.566,114.416,112.096,114.306,114.306,46411.0,,adjusted
2025-03-25,114.256,115.926,112.266,112.556,112.556,35375.0,,adjusted
2025-03-26,111.896,112.946,111.056,111.676,111.676,36111.0,,adjusted
2025-03-27,110.996,113.176,110.856,111.956,111.956,33511.0,,adjusted
2025-03-28,111.456,113.146,110.566,110.636,110.636,31480.0,,adjusted
2025-03-31,109.536,111.546,108.476,110.466,110.466,37130.0,,adjusted
2025-04-01,110.456,110.756,109.056,109.156,109.156,28591.0,,adjusted
2025-04-02,108.436,109.276,107.056,107.956,107.956,39824.0,,adjusted
2025-04-03,106.386,107.956,103.056,103.886,103.886,69629.0,,adjusted
2025-04-07,93.276,97.556,93.256,93.256,93.256,65076.0,,adjusted
2025-04-08,92.556,93.806,88.556,92.496,92.496,99335.0,,adjusted
2025-04-09,91.056,95.456,90.556,94.546,94.546,74538.0,,adjusted
2025-04-10,97.556,100.036,97.136,97.726,97.726,60956.0,,adjusted
2025-04-11,96.596,99.486,96.446,98.436,98.436,45791.0,,adjusted
2025-04-14,100.236,101.316,99.206,99.576,99.576,38361.0,,adjusted
2025-04-15,99.356,100.076,97.466,97.826,97.826,31805.0,,adjusted
2025-04-16,97.436,97.786,95.056,96.846,96.846,35753.0,,adjusted
2025-04-17,96.846,97.836,96.406,97.126,97.126,35988.0,,adjusted
2025-04-18,97.756,99.356,96.306,99.156,99.156,47899.0,,adjusted
2025-04-21,99.226,100.916,98.256,100.456,100.456,49812.0,,adjusted
2025-04-22,100.456,100.756,96.736,98.246,98.246,97050.0,,adjusted
2025-04-23,99.456,101.136,97.866,99.846,99.846,76714.0,,adjusted
2025-04-24,102.536,104.156,101.466,101.916,101.916,88912.0,,adjusted
2025-04-25,102.656,106.406,102.256,104.206,104.206,66932.0,,adjusted
2025-04-28,104.216,104.726,101.956,102.156,102.156,40651.0,,adjusted
2025-04-29,101.556,103.456,101.266,101.806,101.806,36856.0,,adjusted
2025-04-30,101.986,103.636,101.306,103.016,103.016,41459.0,,adjusted
2025-05-06,104.756,106.096,103.606,105.886,105.886,55224.0,,adjusted
2025-05-07,107.566,107.736,103.776,105.166,105.166,52606.0,,adjusted
2025-05-08,104.116,105.966,104.116,105.526,105.526,32232.0,,adjusted
2025-05-09,105.116,105.726,103.566,104.086,104.086,26850.0,,adjusted
2025-05-12,105.046,106.736,104.946,106.506,106.506,35759.0,,adjusted
2025-05-13,107.246,107.736,105.776,105.976,105.976,38020.0,,adjusted
2025-05-14,105.676,106.306,104.306,105.716,105.716,34180.0,,adjusted
2025-05-15,105.736,105.956,103.096,103.156,103.156,38163.0,,adjusted
2025-05-16,103.176,108.746,102.976,106.606,106.606,76532.0,,adjusted
2025-05-19,107.766,107.826,104.626,105.706,105.706,45062.0,,adjusted
2025-05-20,105.696,105.736,103.906,104.456,104.456,41414.0,,adjusted
2025-05-21,104.486,108.546,104.066,106.756,106.756,63100.0,,adjusted
2025-05-22,105.816,109.636,105.656,106.296,106.296,52536.0,,adjusted
2025-05-23,105.756,108.556,104.356,104.356,104.356,60479.0,,adjusted
2025-05-26,104.216,104.756,101.286,101.996,101.996,50448.0,,adjusted
2025-05-27,101.456,102.916,99.756,102.256,102.256,56249.0,,adjusted
2025-05-28,102.016,106.376,102.006,103.856,103.856,65501.0,,adjusted
2025-05-29,103.616,114.366,103.616,114.366,114.366,128488.0,,adjusted
2025-05-30,113.756,113.756,108.766,109.316,109.316,99466.0,,adjusted
2025-06-03,108.256,109.156,105.256,105.386,105.386,87017.0,,adjusted
2025-06-04,105.876,107.056,105.026,106.106,106.106,57769.0,,adjusted
2025-06-05,106.156,106.486,104.636,104.756,104.756,64952.0,,adjusted
2025-06-06,104.896,105.116,102.256,102.556,102.556,65266.0,,adjusted
2025-06-09,98.496,101.256,96.086,98.876,98.876,120992.0,,adjusted
2025-06-10,98.956,99.906,97.256,98.376,98.376,55994.0,,adjusted
2025-06-11,99.556,101.436,98.786,99.076,99.076,67958.0,,adjusted
2025-06-12,98.366,98.756,97.636,97.946,97.946,53826.0,,adjusted
2025-06-13,97.256,97.756,96.056,96.806,96.806,57970.0,,adjusted
2025-06-16,96.756,97.066,94.966,95.456,95.456,60528.0,,adjusted
2025-06-17,95.436,96.256,94.356,95.676,95.676,45344.0,,adjusted
2025-06-18,95.696,97.396,95.266,97.136,97.136,43553.0,,adjusted
2025-06-19,97.136,98.586,96.576,97.136,97.136,44165.0,,adjusted
2025-06-20,97.136,97.646,96.356,97.326,97.326,30593.0,,adjusted
2025-06-23,96.706,96.706,95.516,96.206,96.206,36548.0,,adjusted
2025-06-24,98.646,102.086,98.256,100.676,100.676,93799.0,,adjusted
2025-06-25,100.786,102.236,99.346,101.616,101.616,63398.0,,adjusted
2025-06-26,101.626,102.816,100.656,100.676,100.676,51912.0,,adjusted
2025-06-27,104.866,105.756,100.776,100.886,100.886,82819.0,,adjusted
2025-06-30,100.876,101.756,100.436,100.886,100.886,46939.0,,adjusted
2025-07-01,100.556,101.526,100.016,100.876,100.876,33628.0,,adjusted
2025-07-02,100.556,100.556,98.806,99.156,99.156,34510.0,,adjusted
2025-07-03,99.656,100.756,98.956,100.376,100.376,32142.0,,adjusted
2025-07-04,100.386,101.346,99.436,100.376,100.376,28213.0,,adjusted
2025-07-07,99.776,100.356,98.566,99.006,99.006,24351.0,,adjusted
2025-07-08,98.936,101.386,98.766,100.296,100.296,37218.0,,adjusted
2025-07-09,100.306,102.336,100.306,101.236,101.236,54555.0,,adjusted
2025-07-10,101.206,101.226,99.626,100.716,100.716,30630.0,,adjusted
2025-07-11,100.666,101.546,100.256,100.716,100.716,33933.0,,adjusted
2025-07-14,100.726,101.186,100.106,100.376,100.376,29822.0,,adjusted
2025-07-15,100.176,101.236,99.676,100.616,100.616,31210.0,,adjusted
2025-07-16,100.956,103.646,100.656,102.576,102.576,68436.0,,adjusted
2025-07-17,102.586,102.966,101.606,102.606,102.606,39567.0,,adjusted
2025-07-18,102.816,104.246,101.766,102.156,102.156,40231.0,,adjusted
2025-07-21,102.206,103.656,101.756,102.156,102.156,43707.0,,adjusted
2025-07-22,102.156,102.536,101.006,102.356,102.356,43234.0,,adjusted
2025-07-23,102.296,103.886,101.936,102.066,102.066,55702.0,,adjusted
2025-07-24,102.326,103.336,101.946,103.336,103.336,49053.0,,adjusted
2025-07-25,104.056,104.336,102.756,103.206,103.206,49208.0,,adjusted
2025-07-28,104.356,107.196,103.636,104.256,104.256,85460.0,,adjusted
2025-07-29,103.826,105.956,102.656,105.666,105.666,66266.0,,adjusted
2025-07-30,105.236,105.316,102.516,103.156,103.156,59934.0,,adjusted
2025-07-31,102.756,103.446,100.046,100.346,100.346,64853.0,,adjusted
2025-08-01,100.356,103.346,100.286,101.676,101.676,56141.0,,adjusted
2025-08-04,100.756,101.466,100.256,101.386,101.386,33312.0,,adjusted
2025-08-05,101.496,102.956,100.956,102.066,102.066,49160.0,,adjusted
2025-08-06,102.246,105.986,101.766,104.706,104.706,87510.0,,adjusted
2025-08-07,104.756,104.926,103.176,103.406,103.406,41027.0,,adjusted
2025-08-08,103.296,103.296,101.866,102.056,102.056,42522.0,,adjusted
2025-08-11,101.556,105.456,101.556,104.776,104.776,75088.0,,adjusted
2025-08-12,109.046,114.756,109.046,112.666,112.666,261197.0,,adjusted
2025-08-13,111.736,112.866,110.796,111.456,111.456,98248.0,,adjusted
2025-08-14,112.006,112.416,107.536,107.946,107.946,94561.0,,adjusted
2025-08-15,107.496,109.196,107.086,107.716,107.716,81853.0,,adjusted
2025-08-18,109.546,112.676,108.866,110.766,110.766,120710.0,,adjusted
2025-08-19,110.956,115.756,110.366,112.706,112.706,117100.0,,adjusted
2025-08-20,112.636,118.406,111.726,117.916,117.916,141069.0,,adjusted
2025-08-21,118.556,118.736,116.546,117.456,117.456,96418.0,,adjusted
2025-08-22,116.756,118.416,115.786,117.936,117.936,94796.0,,adjusted
2025-08-25,120.246,120.976,117.336,118.736,118.736,107575.0,,adjusted
2025-08-26,118.916,125.416,117.866,123.656,123.656,126309.0,,adjusted
2025-08-27,124.816,131.856,124.816,125.236,125.236,166114.0,,adjusted
2025-08-28,124.986,128.756,123.756,127.506,127.506,116729.0,,adjusted
2025-08-29,131.756,131.756,125.066,125.886,125.886,110912.0,,adjusted
2025-09-01,126.556,127.356,122.206,125.126,125.126,129115.0,,adjusted
2025-09-02,124.306,124.756,119.496,120.066,120.066,120876.0,,adjusted
2025-09-03,120.966,123.436,119.756,120.756,120.756,80273.0,,adjusted
2025-09-04,120.956,124.616,116.766,118.666,118.666,108131.0,,adjusted
2025-09-05,118.886,121.996,117.936,121.856,121.856,83102.0,,adjusted
2025-09-08,122.206,125.236,121.196,122.706,122.706,93283.0,,adjusted
2025-09-09,121.846,122.376,119.266,119.756,119.756,66281.0,,adjusted
2025-09-10,119.746,121.756,116.756,117.506,117.506,73314.0,,adjusted
2025-09-11,117.136,120.536,115.416,119.176,119.176,85791.0,,adjusted
2025-09-12,119.756,121.436,118.136,118.396,118.396,75312.0,,adjusted
2025-09-15,121.756,130.356,120.766,126.396,126.396,204665.0,,adjusted
2025-09-16,125.206,131.056,125.016,129.106,129.106,150415.0,,adjusted
2025-09-17,130.636,139.816,130.256,136.326,136.326,170411.0,,adjusted
2025-09-18,140.756,142.296,133.766,136.356,136.356,198595.0,,adjusted
2025-09-19,135.576,136.756,132.436,133.036,133.036,104869.0,,adjusted
2025-09-22,134.506,134.896,131.386,132.186,132.186,75308.0,,adjusted
2025-09-23,132.766,141.736,132.756,137.786,137.786,164930.0,,adjusted
2025-09-24,137.136,145.756,135.596,141.626,141.626,144000.0,,adjusted
2025-09-25,144.766,152.926,144.766,145.896,145.896,148108.0,,adjusted
2025-09-26,145.056,147.086,141.636,142.236,142.236,98910.0,,adjusted
2025-09-29,145.616,149.056,144.816,148.056,148.056,111557.0,,adjusted
2025-09-30,148.736,152.556,145.756,149.986,149.986,115667.0,,adjusted
2025-10-09,150.636,151.306,145.066,147.716,147.716,105827.0,,adjusted
2025-10-10,147.636,147.636,137.556,138.626,138.626,116777.0,,adjusted
2025-10-13,131.756,135.616,130.986,134.516,134.516,134382.0,,adjusted
2025-10-14,135.576,138.366,131.536,132.696,132.696,112441.0,,adjusted
2025-10-15,132.536,136.306,130.256,136.306,136.306,86600.0,,adjusted
2025-10-16,135.756,141.376,133.336,137.486,137.486,103099.0,,adjusted
2025-10-17,135.756,136.726,123.616,123.676,123.676,192978.0,,adjusted
2025-10-20,125.066,125.746,122.066,123.126,123.126,103959.0,,adjusted
2025-10-21,124.356,125.336,122.066,124.406,124.406,82875.0,,adjusted
2025-10-22,123.276,125.356,122.766,123.666,123.666,52307.0,,adjusted
2025-10-23,123.056,123.756,120.186,123.216,123.216,69642.0,,adjusted
2025-10-24,124.736,127.436,124.656,126.906,126.906,94805.0,,adjusted
2025-10-27,129.756,130.456,126.456,127.886,127.886,119832.0,,adjusted
2025-10-28,121.756,122.226,118.456,118.756,118.756,260537.0,,adjusted
2025-10-29,118.556,119.056,117.356,119.056,119.056,110972.0,,adjusted
2025-10-30,118.996,119.006,116.236,117.036,117.036,103407.0,,adjusted
2025-10-31,117.156,119.146,116.966,117.236,117.236,76564.0,,adjusted
2025-11-03,116.776,117.456,113.856,115.556,115.556,87443.0,,adjusted
2025-11-04,115.386,115.456,111.506,112.456,112.456,90586.0,,adjusted
2025-11-05,110.756,113.136,110.456,112.136,112.136,59929.0,,adjusted
2025-11-06,112.756,115.516,112.546,115.236,115.236,77371.0,,adjusted
2025-11-07,114.316,115.226,113.386,113.956,113.956,52678.0,,adjusted
2025-11-10,114.256,117.176,112.886,116.426,116.426,87784.0,,adjusted
2025-11-11,116.566,117.156,114.576,114.756,114.756,55506.0,,adjusted
2025-11-12,114.326,115.596,113.246,114.966,114.966,43401.0,,adjusted
2025-11-13,114.656,115.146,113.366,114.496,114.496,47154.0,,adjusted
2025-11-14,113.446,114.246,111.886,111.896,111.896,54928.0,,adjusted
2025-11-17,110.866,111.406,108.556,109.546,109.546,76443.0,,adjusted
2025-11-18,109.056,109.406,107.956,108.156,108.156,44349.0,,adjusted
2025-11-19,107.956,108.826,106.556,106.956,106.956,45564.0,,adjusted
2025-11-20,109.256,109.396,106.986,107.776,107.776,46578.0,,adjusted
2025-11-21,106.756,107.946,105.566,106.186,106.186,51316.0,,adjusted
2025-11-24,106.086,107.156,104.756,106.906,106.906,50175.0,,adjusted
2025-11-25,107.486,109.396,107.486,108.166,108.166,59981.0,,adjusted
2025-11-26,107.576,108.716,107.126,107.386,107.386,39868.0,,adjusted
2025-11-27,107.646,108.976,106.656,106.846,106.846,47348.0,,adjusted
2025-11-28,106.866,108.886,106.356,108.746,108.746,50175.0,,adjusted
2025-12-01,108.776,110.126,107.866,110.056,110.056,54017.0,,adjusted
2025-12-02,110.056,110.196,107.756,108.156,108.156,43531.0,,adjusted
2025-12-03,107.756,108.246,106.786,107.256,107.256,28682.0,,adjusted
2025-12-04,107.756,108.336,106.566,107.396,107.396,32417.0,,adjusted
2025-12-05,108.296,109.576,107.476,109.326,109.326,47008.0,,adjusted
2025-12-08,109.906,110.346,109.366,109.816,109.816,48307.0,,adjusted
2025-12-09,109.756,109.756,107.656,107.796,107.796,48453.0,,adjusted
2025-12-10,107.056,108.606,106.556,108.556,108.556,45077.0,,adjusted
2025-12-11,108.556,109.876,107.056,107.066,107.066,40788.0,,adjusted
2025-12-12,107.066,112.756,106.436,112.266,112.266,126020.0,,adjusted
2025-12-15,111.246,112.136,109.786,109.946,109.946,61638.0,,adjusted
2025-12-16,115.846,117.736,112.766,113.546,113.546,186599.0,,adjusted
2025-12-17,113.676,119.466,113.676,118.056,118.056,184951.0,,adjusted
2025-12-18,115.756,118.976,115.216,115.636,115.636,106558.0,,adjusted
2025-12-19,115.816,126.456,115.766,123.756,123.756,201632.0,,adjusted
2025-12-22,126.756,130.636,124.166,125.256,125.256,235869.0,,adjusted
2025-12-23,124.066,126.436,122.776,123.446,123.446,136247.0,,adjusted
2025-12-24,123.656,127.286,123.656,126.076,126.076,137858.0,,adjusted
2025-12-25,124.806,124.946,122.776,123.436,123.436,119664.0,,adjusted
2025-12-26,122.896,124.246,120.856,121.456,121.456,123345.0,,adjusted
2025-12-29,120.956,121.446,118.976,120.106,120.106,112876.0,,adjusted
2025-12-30,118.766,121.606,118.206,120.896,120.896,115276.0,,adjusted
2025-12-31,120.916,121.136,118.416,119.056,119.056,75995.0,,adjusted
2022-01-04,141.0,142.21,132.66,132.9,,53607.0,,raw
2022-01-05,132.58,136.5,126.38,130.38,,53773.0,,raw
2022-01-06,125.71,139.88,125.71,137.9,,103991.0,,raw
2022-01-07,141.71,141.99,130.1,133.45,,59080.0,,raw
2022-01-10,131.56,143.27,131.31,139.7,,49598.0,,raw
2022-01-11,146.45,147.68,134.85,137.0,,75511.0,,raw
2022-01-12,140.0,143.4,138.99,142.13,,55005.0,,raw
2022-01-13,144.0,148.5,137.51,145.82,,62145.0,,raw
2022-01-14,145.01,150.39,142.2,149.02,,61422.0,,raw
2022-01-17,149.02,158.99,146.56,151.22,,70097.0,,raw
2022-01-18,151.26,155.26,149.0,152.18,,32209.0,,raw
2022-01-19,151.0,152.07,145.9,149.49,,44562.0,,raw
2022-01-20,149.15,152.33,145.91,146.19,,32792.0,,raw
2022-01-21,144.25,149.0,142.05,145.81,,39094.0,,raw
2022-01-24,143.68,150.26,143.67,148.32,,34941.0,,raw
2022-01-25,147.0,147.8,139.9,141.0,,36401.0,,raw
2022-01-26,141.63,147.5,141.5,144.88,,29852.0,,raw
2022-01-27,144.89,146.45,140.0,140.8,,35185.0,,raw
2022-01-28,142.0,142.61,136.0,137.0,,35658.0,,raw
2022-02-07,140.41,144.5,136.22,137.74,,32665.0,,raw
2022-02-08,133.88,136.14,123.97,123.97,,51020.0,,raw
2022-02-09,120.33,121.88,116.01,121.0,,86669.0,,raw
2022-02-10,121.0,122.41,117.5,118.72,,44377.0,,raw
2022-02-11,117.0,120.58,114.3,115.1,,51868.0,,raw
2022-02-14,113.5,119.5,110.98,117.7,,44543.0,,raw
2022-02-15,117.16,125.48,116.01,124.93,,50429.0,,raw
2022-02-16,125.1,126.0,122.39,123.35,,29959.0,,raw
2022-02-17,122.99,128.7,121.36,126.82,,31655.0,,raw
2022-02-18,125.81,127.0,123.02,124.88,,22951.0,,raw
2022-02-21,123.99,126.52,122.07,123.72,,18637.0,,raw
2022-02-22,121.9,124.5,120.56,123.95,,24356.0,,raw
2022-02-23,124.1,134.8,123.95,132.6,,40416.0,,raw
2022-02-24,132.35,134.59,130.5,132.86,,31887.0,,raw
2022-02-25,136.0,137.3,131.0,131.76,,28467.0,,raw
2022-02-28,131.76,132.88,128.7,132.12,,27727.0,,raw
2022-03-01,133.12,134.0,128.7,130.11,,34642.0,,raw
2022-03-02,129.39,129.9,125.7,127.14,,31157.0,,raw
2022-03-03,127.01,127.93,119.8,121.02,,61174.0,,raw
2022-03-04,117.24,121.3,116.38,117.61,,48680.0,,raw
2022-03-07,116.67,118.5,111.0,112.34,,46965.0,,raw
2022-03-08,115.0,115.0,108.68,111.56,,38654.0,,raw
2022-03-09,112.5,118.7,110.1,118.0,,48988.0,,raw
2022-03-10,123.01,125.8,120.01,122.0,,52841.0,,raw
2022-03-11,119.87,122.88,117.0,120.2,,41025.0,,raw
2022-03-14,118.77,123.0,118.5,120.67,,26013.0,,raw
2022-03-15,118.74,125.7,117.0,120.2,,34519.0,,raw
2022-03-16,122.39,129.38,118.5,128.0,,48989.0,,raw
2022-03-17,128.21,133.31,126.0,127.14,,58957.0,,raw
2022-03-18,126.51,130.21,125.61,127.57,,19984.0,,raw
2022-03-21,126.81,130.9,125.03,128.01,,29787.0,,raw
2022-03-22,127.02,131.18,125.5,129.15,,16439.0,,raw
2022-03-23,128.8,130.4,126.08,126.98,,23867.0,,raw
2022-03-24,126.06,127.0,121.31,122.9,,41220.0,,raw
2022-03-25,122.54,123.41,120.2,120.2,,29159.0,,raw
2022-03-28,118.91,121.5,116.39,117.5,,25756.0,,raw
2022-03-29,118.35,120.9,117.5,119.2,,19031.0,,raw
2022-03-30,120.0,126.45,120.0,125.1,,24929.0,,raw
2022-03-31,124.34,128.12,123.11,126.62,,27447.0,,raw
2022-04-01,126.3,127.42,122.35,122.89,,24745.0,,raw
2022-04-06,122.4,122.41,113.0,114.2,,38264.0,,raw
2022-04-07,115.04,116.44,111.21,112.05,,32674.0,,raw
2022-04-08,112.37,113.6,107.61,110.22,,34173.0,,raw
2022-04-11,106.94,107.74,100.0,101.15,,65627.0,,raw
2022-04-12,99.28,104.29,97.0,98.69,,61851.0,,raw
2022-04-13,98.0,98.96,95.5,96.8,,30607.0,,raw
2022-04-14,96.59,101.5,96.59,100.4,,42231.0,,raw
2022-04-15,99.02,108.69,98.8,107.28,,55207.0,,raw
2022-04-18,109.8,115.75,107.28,114.86,,76796.0,,raw
2022-04-19,116.45,117.16,113.3,114.15,,46455.0,,raw
2022-04-20,112.99,115.56,112.6,113.44,,29333.0,,raw
2022-04-21,111.12,118.2,111.12,113.47,,33941.0,,raw
2022-04-22,113.6,114.97,110.8,111.12,,28325.0,,raw
2022-04-25,110.22,110.82,104.25,104.66,,44250.0,,raw
2022-04-26,106.75,107.58,100.0,102.14,,43460.0,,raw
2022-04-27,100.1,112.35,99.67,110.41,,48803.0,,raw
2022-04-28,108.96,114.0,106.76,112.37,,38734.0,,raw
2022-04-29,111.0,121.2,109.43,119.53,,69252.0,,raw
2022-05-05,118.49,125.51,117.88,125.39,,54567.0,,raw
2022-05-06,119.08,122.99,115.88,121.0,,29734.0,,raw
2022-05-09,118.3,118.4,110.26,112.5,,39224.0,,raw
2022-05-10,110.0,120.0,108.22,118.67,,38994.0,,raw
2022-05-11,118.72,127.66,117.4,126.22,,47410.0,,raw
2022-05-12,125.0,129.0,122.3,127.7,,37561.0,,raw
2022-05-13,128.99,129.99,126.0,128.98,,25284.0,,raw
2022-05-16,129.5,129.9,126.5,128.05,,22938.0,,raw
2022-05-17,128.48,131.62,126.5,130.0,,23844.0,,raw
2022-05-18,130.0,130.0,120.99,124.46,,65174.0,,raw
2022-05-19,121.0,129.28,120.49,129.0,,33967.0,,raw
2022-05-20,129.04,131.64,123.0,124.86,,31167.0,,raw
2022-05-23,126.03,131.8,123.8,131.0,,37918.0,,raw
2022-05-24,131.0,134.88,124.0,124.57,,45828.0,,raw
2022-05-25,124.88,126.7,120.61,121.97,,39022.0,,raw
2022-05-26,122.95,124.23,119.0,122.68,,27643.0,,raw
2022-05-27,123.01,125.5,121.35,121.88,,27901.0,,raw
2022-05-30,122.0,128.6,121.12,127.39,,33725.0,,raw
2022-05-31,126.35,128.8,124.03,126.85,,30337.0,,raw
2022-06-01,127.23,135.85,125.14,132.7,,56939.0,,raw
2022-06-02,132.3,139.0,131.0,138.0,,41820.0,,raw
2022-06-06,141.75,148.58,139.52,147.0,,57703.0,,raw
2022-06-07,146.2,147.97,143.0,146.0,,31138.0,,raw
2022-06-08,146.5,149.44,142.64,147.22,,32375.0,,raw
2022-06-09,147.22,147.22,139.96,141.6,,48091.0,,raw
2022-06-10,141.6,145.5,140.0,144.62,,67888.0,,raw
2022-06-13,144.0,147.79,141.0,146.5,,35579.0,,raw
2022-06-14,143.12,150.1,140.25,149.0,,56242.0,,raw
2022-06-15,149.0,153.5,143.5,143.86,,42548.0,,raw
2022-06-16,143.0,147.98,143.0,145.86,,23468.0,,raw
2022-06-17,144.09,151.58,144.09,148.39,,29579.0,,raw
2022-06-20,148.88,152.45,147.8,149.37,,32599.0,,raw
2022-06-21,148.17,148.55,143.89,146.44,,24268.0,,raw
2022-06-22,155.2,157.88,148.16,149.81,,59671.0,,raw
2022-06-23,150.0,154.89,149.81,153.96,,78458.0,,raw
2022-06-24,155.03,159.55,151.56,158.56,,56874.0,,raw
2022-06-27,158.57,163.32,155.52,162.0,,59065.0,,raw
2022-06-28,160.1,163.5,153.0,161.53,,46695.0,,raw
2022-06-29,158.33,160.59,150.88,151.37,,47115.0,,raw
2022-06-30,150.0,153.8,146.66,148.0,,51751.0,,raw
2022-07-01,147.77,151.18,143.98,149.79,,38857.0,,raw
2022-07-04,146.05,154.8,146.05,152.85,,48782.0,,raw
2022-07-05,155.0,155.28,144.48,147.11,,44814.0,,raw
2022-07-06,147.11,153.23,145.19,149.0,,38989.0,,raw
2022-07-07,149.54,163.0,149.54,160.99,,56951.0,,raw
2022-07-08,161.34,162.24,153.0,154.28,,42001.0,,raw
2022-07-11,156.0,165.33,153.28,164.54,,58806.0,,raw
2022-07-12,161.94,168.09,157.98,159.03,,55842.0,,raw
2022-07-13,158.25,160.1,153.0,157.1,,38258.0,,raw
2022-07-14,156.09,170.0,155.01,168.5,,35198.0,,raw
2022-07-15,168.5,169.49,162.5,164.19,,57896.0,,raw
2022-07-18,162.62,179.56,158.62,176.4,,65303.0,,raw
2022-07-19,176.4,189.95,171.8,179.2,,64853.0,,raw
2022-07-20,176.92,177.64,168.94,176.0,,54986.0,,raw
2022-07-21,176.09,188.49,172.5,178.8,,50438.0,,raw
2022-07-22,179.17,180.82,174.0,179.72,,30540.0,,raw
2022-07-25,179.7,179.7,169.3,173.88,,37141.0,,raw
2022-07-26,174.08,178.49,173.0,176.84,,28150.0,,raw
2022-07-27,176.84,185.6,175.09,183.02,,27632.0,,raw
2022-07-28,184.0,189.68,180.18,186.17,,27825.0,,raw
2022-07-29,186.0,203.99,184.01,195.0,,39874.0,,raw
2022-08-01,193.0,197.5,189.0,196.9,,37507.0,,raw
2022-08-02,190.0,201.88,189.01,197.31,,32181.0,,raw
2022-08-03,197.5,202.84,189.68,190.6,,34788.0,,raw
2022-08-04,193.01,193.99,184.06,187.0,,47102.0,,raw
2022-08-05,187.67,196.0,185.0,185.3,,35888.0,,raw
2022-08-08,186.05,188.86,177.49,188.18,,43871.0,,raw
2022-08-09,189.01,190.5,183.64,185.0,,30881.0,,raw
2022-08-10,184.0,185.15,166.8,167.23,,119009.0,,raw
2022-08-11,168.0,168.88,160.07,162.25,,122490.0,,raw
2022-08-12,162.51,165.85,159.33,162.95,,89975.0,,raw
2022-08-15,160.18,163.96,158.8,159.98,,78435.0,,raw
2022-08-16,160.0,169.65,158.8,165.0,,88762.0,,raw
2022-08-17,164.95,166.4,162.0,165.0,,42731.0,,raw
2022-08-18,164.82,171.99,163.48,169.0,,59377.0,,raw
2022-08-19,171.98,173.8,158.15,158.4,,101450.0,,raw
2022-08-22,154.9,165.0,154.0,163.42,,63832.0,,raw
2022-08-23,163.0,166.66,161.17,164.39,,35094.0,,raw
2022-08-24,164.83,165.5,158.65,159.0,,41502.0,,raw
2022-08-25,160.02,160.99,154.0,156.49,,31245.0,,raw
2022-08-26,157.35,163.7,157.09,159.86,,38064.0,,raw
2022-08-29,158.38,164.5,157.0,162.45,,38053.0,,raw
2022-08-30,161.86,164.8,158.5,159.25,,27006.0,,raw
2022-08-31,158.34,160.98,150.18,153.0,,44772.0,,raw
2022-09-01,144.8,149.6,143.03,146.2,,128106.0,,raw
2022-09-02,148.47,150.07,140.27,142.2,,95805.0,,raw
2022-09-05,143.42,147.77,141.2,145.82,,60368.0,,raw
2022-09-06,150.0,155.53,145.82,154.01,,72395.0,,raw
2022-09-07,152.0,161.9,152.0,160.06,,54137.0,,raw
2022-09-08,160.38,160.94,155.86,159.1,,45479.0,,raw
2022-09-09,159.5,160.08,154.8,157.22,,26608.0,,raw
2022-09-13,159.0,161.19,154.01,155.0,,37565.0,,raw
2022-09-14,153.32,156.5,150.0,151.0,,44331.0,,raw
2022-09-15,149.99,150.0,135.9,135.9,,76257.0,,raw
2022-09-16,134.0,136.97,133.0,133.3,,64570.0,,raw
2022-09-19,133.69,140.47,133.04,138.0,,48441.0,,raw
2022-09-20,139.6,144.38,138.36,141.55,,46502.0,,raw
2022-09-21,141.5,146.6,140.05,142.72,,35281.0,,raw
2022-09-22,141.12,145.5,139.27,142.3,,28598.0,,raw
2022-09-23,142.33,143.8,138.21,140.01,,32394.0,,raw
2022-09-26,141.2,150.82,138.0,147.78,,53025.0,,raw
2022-09-27,148.68,151.96,145.2,147.38,,30049.0,,raw
2022-09-28,146.98,148.82,142.86,143.8,,23532.0,,raw
2022-09-29,144.15,149.82,141.5,146.29,,32274.0,,raw
2022-09-30,146.29,146.73,137.95,137.95,,34988.0,,raw
2022-10-10,135.81,137.7,125.07,127.33,,117490.0,,raw
2022-10-11,130.62,134.28,128.76,133.38,,60105.0,,raw
2022-10-12,134.58,137.34,127.88,136.75,,57901.0,,raw
2022-10-13,136.0,142.2,134.64,137.67,,53684.0,,raw
2022-10-14,139.0,140.5,135.0,136.7,,69006.0,,raw
2022-10-17,136.0,138.15,127.17,128.5,,81602.0,,raw
2022-10-18,131.0,132.52,128.8,131.03,,56507.0,,raw
2022-10-19,129.66,134.98,129.33,131.68,,46440.0,,raw
2022-10-20,129.5,131.32,124.0,124.7,,82328.0,,raw
2022-10-21,124.2,126.93,122.12,123.6,,51745.0,,raw
2022-10-24,123.12,126.33,121.96,122.81,,48858.0,,raw
2022-10-25,122.01,125.6,120.8,122.78,,45954.0,,raw
2022-10-26,114.22,115.8,110.5,110.5,,112606.0,,raw
2022-10-27,110.01,112.85,106.0,108.32,,145797.0,,raw
2022-10-28,107.22,108.83,103.49,103.69,,80778.0,,raw
2022-10-31,103.02,106.86,101.0,103.6,,58547.0,,raw
2022-11-01,103.69,107.78,101.75,107.59,,73566.0,,raw
2022-11-02,106.55,118.35,105.65,118.35,,135301.0,,raw
2022-11-03,117.17,123.5,115.22,120.2,,140493.0,,raw
2022-11-04,122.0,127.58,120.15,125.32,,100852.0,,raw
2022-11-07,125.31,126.73,122.18,124.35,,64259.0,,raw
2022-11-08,125.04,127.79,123.2,124.35,,71059.0,,raw
2022-11-09,125.19,125.53,120.66,121.1,,60872.0,,raw
2022-11-10,120.45,121.01,116.99,117.65,,41637.0,,raw
2022-11-11,122.3,123.45,115.19,116.84,,60383.0,,raw
2022-11-14,115.48,118.74,114.0,115.16,,42598.0,,raw
2022-11-15,115.63,119.87,112.67,119.5,,64263.0,,raw
2022-11-16,119.1,121.55,113.5,113.84,,65300.0,,raw
2022-11-17,112.99,114.47,109.7,112.4,,51234.0,,raw
2022-11-18,112.3,114.23,110.0,111.2,,35180.0,,raw
2022-11-21,110.11,114.2,108.81,113.73,,36753.0,,raw
2022-11-22,113.75,114.0,110.02,111.0,,37734.0,,raw
2022-11-23,111.91,111.91,109.2,109.83,,29961.0,,raw
2022-11-24,110.01,111.9,108.81,109.13,,29729.0,,raw
2022-11-25,109.4,109.4,106.15,107.25,,33683.0,,raw
2022-11-28,105.11,107.89,104.8,106.46,,27325.0,,raw
2022-11-29,107.29,107.29,105.0,105.86,,38783.0,,raw
2022-11-30,105.86,111.82,103.38,109.99,,74740.0,,raw
2022-12-01,113.0,118.78,113.0,113.6,,87737.0,,raw
2022-12-02,113.07,115.5,112.03,114.62,,55431.0,,raw
2022-12-05,114.97,115.36,112.4,114.46,,44820.0,,raw
2022-12-06,113.37,118.1,110.0,117.06,,61823.0,,raw
2022-12-07,116.98,119.99,114.79,117.26,,59930.0,,raw
2022-12-08,117.25,120.22,116.25,117.95,,30145.0,,raw
2022-12-09,117.01,118.88,114.16,114.88,,42685.0,,raw
2022-12-12,113.22,116.5,113.07,115.69,,26254.0,,raw
2022-12-13,113.87,114.68,109.5,109.5,,41864.0,,raw
2022-12-14,110.0,112.88,110.0,110.38,,32385.0,,raw
2022-12-15,110.43,120.38,109.7,119.57,,67749.0,,raw
2022-12-16,118.3,119.33,116.31,117.7,,37684.0,,raw
2022-12-19,119.18,121.52,114.7,115.41,,38115.0,,raw
2022-12-20,115.35,117.35,113.25,115.91,,42445.0,,raw
2022-12-21,115.96,116.0,112.0,112.66,,36538.0,,raw
2022-12-22,113.5,113.99,109.81,110.65,,30741.0,,raw
2022-12-23,109.97,110.6,107.0,107.79,,23704.0,,raw
2022-12-26,107.62,113.72,107.39,113.69,,39524.0,,raw
2022-12-27,113.7,114.8,112.01,114.58,,26259.0,,raw
2022-12-28,113.49,113.79,107.5,108.0,,46392.0,,raw
2022-12-29,109.54,109.54,106.11,107.72,,36965.0,,raw
2022-12-30,109.11,109.99,104.7,105.34,,61063.0,,raw
2023-01-03,105.0,112.8,103.66,111.76,,64230.0,,raw
2023-01-04,111.01,112.5,108.23,108.81,,35776.0,,raw
2023-01-05,109.99,119.69,109.65,119.69,,67296.0,,raw
2023-01-06,121.52,125.83,119.01,123.26,,105069.0,,raw
2023-01-09,123.8,125.41,121.34,122.0,,44924.0,,raw
2023-01-10,122.6,123.0,119.72,121.9,,43653.0,,raw
2023-01-11,121.29,123.7,118.26,119.28,,43186.0,,raw
2023-01-12,119.51,124.99,119.28,121.49,,38473.0,,raw
2023-01-13,122.8,123.3,120.01,121.02,,21130.0,,raw
2023-01-16,120.1,123.9,118.91,122.36,,38150.0,,raw
2023-01-17,123.0,126.99,121.57,122.61,,37379.0,,raw
2023-01-18,122.05,124.51,121.33,123.0,,28182.0,,raw
2023-01-19,123.89,124.29,121.55,122.56,,24416.0,,raw
2023-01-20,122.56,124.43,121.7,123.91,,23678.0,,raw
2023-01-30,128.5,135.0,128.03,132.27,,70104.0,,raw
2023-01-31,130.95,132.27,128.01,131.18,,34055.0,,raw
2023-02-01,132.46,135.0,130.26,134.0,,38896.0,,raw
2023-02-02,133.9,140.57,133.9,138.65,,51432.0,,raw
2023-02-03,138.49,140.5,134.5,136.68,,28189.0,,raw
2023-02-06,136.71,136.71,128.72,129.11,,46549.0,,raw
2023-02-07,130.16,130.33,126.88,128.81,,30753.0,,raw
2023-02-08,127.58,129.98,127.5,128.09,,17147.0,,raw
2023-02-09,127.5,129.8,126.7,128.33,,30143.0,,raw
2023-02-10,128.0,128.03,121.8,123.52,,53143.0,,raw
2023-02-13,122.37,126.2,121.34,125.46,,38719.0,,raw
2023-02-14,124.8,125.58,122.62,125.15,,22205.0,,raw
2023-02-15,125.21,126.5,122.6,123.16,,21817.0,,raw
2023-02-16,122.84,123.16,117.36,118.46,,56777.0,,raw
2023-02-17,118.46,119.5,115.85,116.05,,29491.0,,raw
2023-02-20,116.06,117.35,113.05,117.3,,37615.0,,raw
2023-02-21,117.28,120.3,116.69,119.45,,38738.0,,raw
2023-02-22,121.48,123.5,120.6,120.83,,42440.0,,raw
2023-02-23,119.92,123.28,119.5,120.46,,25360.0,,raw
2023-02-24,119.95,120.8,115.6,115.7,,41656.0,,raw
2023-02-27,115.0,116.2,113.9,114.83,,27875.0,,raw
2023-02-28,115.6,115.91,112.23,114.07,,38365.0,,raw
2023-03-01,113.5,113.5,111.67,113.2,,34216.0,,raw
2023-03-02,113.69,115.49,112.72,114.05,,40280.0,,raw
2023-03-03,113.0,115.09,111.95,112.15,,30524.0,,raw
2023-03-06,112.8,114.49,110.0,114.21,,37102.0,,raw
2023-03-07,114.21,114.22,110.68,110.86,,29802.0,,raw
2023-03-08,110.81,111.0,108.15,109.58,,27715.0,,raw
2023-03-09,109.6,111.39,108.8,109.0,,20738.0,,raw
2023-03-10,106.88,108.46,105.0,105.01,,46178.0,,raw
2023-03-13,104.36,105.9,102.29,103.78,,52806.0,,raw
2023-03-14,103.5,104.38,99.02,100.95,,65466.0,,raw
2023-03-15,101.33,103.8,99.66,99.9,,39727.0,,raw
2023-03-16,99.25,100.13,97.44,97.45,,34314.0,,raw
2023-03-17,98.5,98.75,95.15,95.8,,56938.0,,raw
2023-03-20,96.01,96.96,93.09,96.28,,58312.0,,raw
2023-03-21,95.0,99.2,93.39,98.86,,73855.0,,raw
2023-03-22,99.22,103.16,99.22,100.99,,59909.0,,raw
2023-03-23,100.61,102.82,99.71,102.25,,43535.0,,raw
2023-03-24,102.08,112.48,102.0,111.95,,113836.0,,raw
2023-03-27,111.95,114.47,109.51,111.1,,90194.0,,raw
2023-03-28,111.1,111.1,107.0,107.67,,42361.0,,raw
2023-03-29,107.6,111.0,107.09,109.39,,40869.0,,raw
2023-03-30,111.5,114.31,109.78,110.64,,52599.0,,raw
2023-03-31,111.31,113.95,109.76,110.95,,40788.0,,raw
2023-04-03,110.93,112.67,108.3,110.76,,52008.0,,raw
2023-04-04,110.22,113.86,107.56,113.35,,66366.0,,raw
2023-04-06,112.3,113.56,108.55,112.21,,57841.0,,raw
2023-04-07,112.2,118.88,112.01,117.21,,73217.0,,raw
2023-04-10,120.99,127.3,114.0,115.01,,75454.0,,raw
2023-04-11,114.96,114.96,111.33,112.99,,45073.0,,raw
2023-04-12,112.99,113.6,109.39,113.05,,40651.0,,raw
2023-04-13,112.02,113.2,108.88,108.91,,33971.0,,raw
2023-04-14,108.9,112.5,108.08,110.0,,30559.0,,raw
2023-04-17,110.6,117.8,109.7,116.2,,61980.0,,raw
2023-04-18,115.5,118.27,113.88,115.94,,36008.0,,raw
2023-04-19,115.85,116.95,114.17,114.75,,30222.0,,raw
2023-04-20,113.99,113.99,110.71,111.43,,26590.0,,raw
2023-04-21,111.41,112.68,105.46,105.46,,53760.0,,raw
2023-04-24,105.51,110.1,102.64,107.2,,51690.0,,raw
2023-04-25,107.0,107.22,99.97,100.92,,50347.0,,raw
2023-04-26,100.99,104.8,99.12,101.64,,50692.0,,raw
2023-04-27,99.0,108.31,98.6,107.58,,61344.0,,raw
2023-04-28,108.3,108.94,103.0,103.38,,40646.0,,raw
2023-05-04,102.8,105.36,101.2,101.53,,22822.0,,raw
2023-05-05,101.97,102.89,99.41,99.84,,21311.0,,raw
2023-05-08,100.84,101.12,96.66,99.38,,35660.0,,raw
2023-05-09,98.95,99.85,97.2,97.32,,23101.0,,raw
2023-05-10,97.0,106.07,96.51,105.52,,62123.0,,raw
2023-05-11,105.5,110.18,104.27,107.02,,43360.0,,raw
2023-05-12,107.01,108.3,104.5,105.98,,25445.0,,raw
2023-05-15,105.98,109.5,105.66,107.42,,26270.0,,raw
2023-05-16,108.0,108.0,105.35,106.41,,16921.0,,raw
2023-05-17,105.85,106.79,103.3,104.13,,23065.0,,raw
2023-05-18,104.13,106.31,103.56,105.01,,18575.0,,raw
2023-05-19,105.0,109.29,104.1,108.17,,27630.0,,raw
2023-05-22,108.99,110.88,107.1,110.1,,29225.0,,raw
2023-05-23,110.23,112.0,108.41,108.42,,19329.0,,raw
2023-05-24,108.37,109.6,106.6,106.84,,16000.0,,raw
2023-05-25,106.2,107.38,105.01,106.73,,15193.0,,raw
2023-05-26,106.73,108.6,104.0,107.47,,19422.0,,raw
2023-05-29,107.47,110.99,104.0,106.09,,24818.0,,raw
2023-05-30,104.1,111.44,104.1,108.98,,36424.0,,raw
2023-05-31,108.18,114.66,108.0,113.47,,54901.0,,raw
2023-06-01,112.64,117.99,112.3,113.55,,33051.0,,raw
2023-06-02,113.8,119.66,113.0,118.02,,46754.0,,raw
2023-06-05,119.31,121.8,114.96,117.34,,34206.0,,raw
2023-06-06,116.56,116.84,113.5,114.41,,24229.0,,raw
2023-06-07,114.51,115.28,112.5,113.49,,13820.0,,raw
2023-06-08,113.4,114.95,112.15,112.99,,21028.0,,raw
2023-06-09,113.77,115.77,111.5,114.2,,29409.0,,raw
2023-06-12,119.5,125.62,117.19,125.62,,57221.0,,raw
2023-06-13,132.01,137.99,129.63,135.53,,124786.0,,raw
2023-06-14,135.53,138.33,132.26,136.32,,126205.0,,raw
2023-06-15,135.0,147.0,133.01,143.1,,139296.0,,raw
2023-06-16,143.1,146.55,140.8,144.11,,68072.0,,raw
2023-06-19,149.01,156.66,148.6,152.09,,119465.0,,raw
2023-06-20,152.09,161.0,150.57,159.69,,96223.0,,raw
2023-06-21,158.0,166.66,155.01,158.88,,95431.0,,raw
2023-06-26,156.99,161.9,148.8,149.74,,123153.0,,raw
2023-06-27,148.56,151.99,148.08,149.99,,72699.0,,raw
2023-06-28,147.01,148.94,141.24,146.9,,95906.0,,raw
2023-06-29,149.3,153.68,146.71,152.5,,89343.0,,raw
2023-06-30,151.14,158.74,150.78,155.81,,50090.0,,raw
2023-07-03,158.0,169.13,153.76,156.82,,86187.0,,raw
2023-07-04,157.81,172.5,156.53,172.5,,107948.0,,raw
2023-07-05,174.75,176.1,157.93,159.96,,144819.0,,raw
2023-07-06,154.33,167.55,149.77,165.45,,164296.0,,raw
2023-07-07,166.65,167.9,159.0,159.86,,94511.0,,raw
2023-07-10,163.0,167.0,157.55,163.82,,75141.0,,raw
2023-07-11,162.0,179.5,161.03,172.41,,99813.0,,raw
2023-07-12,172.0,172.1,161.0,162.7,,88311.0,,raw
2023-07-13,163.0,168.39,161.0,165.37,,61516.0,,raw
2023-07-14,163.95,167.5,159.0,160.0,,101640.0,,raw
2023-07-17,159.52,159.71,152.8,153.0,,109244.0,,raw
2023-07-18,152.6,160.41,152.51,157.64,,99962.0,,raw
2023-07-19,157.68,161.54,156.0,157.89,,56813.0,,raw
2023-07-20,157.88,159.37,150.1,151.1,,67705.0,,raw
2023-07-21,151.11,153.69,147.47,150.24,,39872.0,,raw
2023-07-24,151.09,152.67,148.08,151.5,,37555.0,,raw
2023-07-25,156.0,158.36,145.84,152.16,,72963.0,,raw
2023-07-26,151.02,151.02,148.21,150.0,,35001.0,,raw
2023-07-27,162.0,164.65,156.2,156.6,,117175.0,,raw
2023-07-28,157.64,160.8,151.5,157.81,,67875.0,,raw
2023-07-31,158.85,164.5,154.98,155.55,,56836.0,,raw
2023-08-01,155.5,157.66,152.9,155.7,,32933.0,,raw
2023-08-02,153.8,158.89,153.3,155.66,,30432.0,,raw
2023-08-03,155.0,157.41,152.72,153.75,,29324.0,,raw
2023-08-04,155.0,162.9,153.88,160.06,,56198.0,,raw
2023-08-07,160.0,168.27,158.06,162.94,,52874.0,,raw
2023-08-08,162.68,164.87,156.49,157.41,,40454.0,,raw
2023-08-09,156.63,156.63,152.3,153.53,,33719.0,,raw
2023-08-10,153.49,153.98,150.28,152.59,,27625.0,,raw
2023-08-11,153.5,155.87,150.5,150.9,,27584.0,,raw
2023-08-14,149.0,149.71,144.71,148.65,,38845.0,,raw
2023-08-15,148.75,152.37,147.5,149.2,,29643.0,,raw
2023-08-16,148.99,150.3,146.5,147.66,,25816.0,,raw
2023-08-17,141.0,142.46,133.33,141.96,,110413.0,,raw
2023-08-18,141.64,144.33,139.0,139.57,,42299.0,,raw
2023-08-21,139.03,143.5,138.0,139.6,,36290.0,,raw
2023-08-22,141.22,146.7,139.71,145.46,,53384.0,,raw
2023-08-23,145.5,146.61,139.86,140.51,,31351.0,,raw
2023-08-24,141.0,144.06,137.79,141.11,,27307.0,,raw
2023-08-25,139.48,139.9,135.19,138.7,,27430.0,,raw
2023-08-28,146.98,147.2,135.79,137.66,,51950.0,,raw
2023-08-29,136.02,148.95,136.02,144.78,,63564.0,,raw
2023-08-30,144.95,149.99,144.59,145.48,,42230.0,,raw
2023-08-31,146.48,149.2,143.44,145.51,,37828.0,,raw
2023-09-01,145.51,146.31,141.8,142.98,,22613.0,,raw
2023-09-04,143.55,144.4,140.31,143.01,,30945.0,,raw
2023-09-05,143.01,147.22,140.3,141.46,,25827.0,,raw
2023-09-06,141.0,141.31,139.56,140.15,,15919.0,,raw
2023-09-07,139.01,140.28,136.7,137.0,,23684.0,,raw
2023-09-08,136.58,142.2,135.6,140.56,,31844.0,,raw
2023-09-11,140.56,147.5,138.02,145.93,,43266.0,,raw
2023-09-12,151.44,154.0,146.28,150.5,,63494.0,,raw
2023-09-13,149.0,150.02,140.68,142.25,,38915.0,,raw
2023-09-14,141.3,143.59,137.0,138.04,,27346.0,,raw
2023-09-15,138.05,138.5,133.38,134.42,,34982.0,,raw
2023-09-18,133.0,142.5,132.52,139.89,,47144.0,,raw
2023-09-19,138.88,139.5,136.66,137.92,,23366.0,,raw
2023-09-20,137.2,138.66,136.41,137.92,,17688.0,,raw
2023-09-21,137.11,137.77,135.01,136.67,,16647.0,,raw
2023-09-22,136.97,143.13,135.57,142.7,,27615.0,,raw
2023-09-25,144.25,145.32,142.38,143.4,,25973.0,,raw
2023-09-26,142.97,145.18,141.76,142.49,,15700.0,,raw
2023-09-27,141.97,144.96,140.0,140.5,,18185.0,,raw
2023-09-28,140.58,145.98,140.58,143.64,,28908.0,,raw
2023-10-09,146.01,150.61,145.21,146.9,,32120.0,,raw
2023-10-10,145.93,145.93,132.21,132.21,,73721.0,,raw
2023-10-11,128.0,132.7,127.0,130.54,,69337.0,,raw
2023-10-12,130.66,133.0,127.92,128.59,,43326.0,,raw
2023-10-13,128.69,128.98,126.19,126.62,,30102.0,,raw
2023-10-16,126.99,127.0,124.0,125.45,,31372.0,,raw
2023-10-17,125.4,125.4,122.55,123.96,,27029.0,,raw
2023-10-18,122.5,125.8,121.66,123.05,,34957.0,,raw
2023-10-19,123.3,123.9,118.7,119.16,,43302.0,,raw
2023-10-20,118.79,120.16,116.0,116.69,,41858.0,,raw
2023-10-23,117.05,118.31,115.14,116.67,,38209.0,,raw
2023-10-24,117.02,120.77,116.12,119.34,,39939.0,,raw
2023-10-25,125.83,127.17,122.36,122.55,,70128.0,,raw
2023-10-26,121.54,124.21,120.14,123.79,,34831.0,,raw
2023-10-27,124.0,126.28,122.03,124.49,,35905.0,,raw
2023-10-30,123.5,128.5,121.7,128.01,,48680.0,,raw
2023-10-31,127.12,127.12,124.0,125.6,,35957.0,,raw
2023-11-01,124.88,129.14,124.01,126.95,,29678.0,,raw
2023-11-02,126.5,127.76,125.0,125.43,,24093.0,,raw
2023-11-03,125.43,128.94,124.11,125.0,,33898.0,,raw
2023-11-06,125.88,126.5,119.0,121.43,,73406.0,,raw
2023-11-07,120.63,123.28,119.5,121.31,,47032.0,,raw
2023-11-08,121.28,122.5,119.77,122.0,,36059.0,,raw
2023-11-09,121.69,121.69,119.31,119.99,,34495.0,,raw
2023-11-10,119.99,120.0,117.11,117.88,,27762.0,,raw
2023-11-13,118.5,120.12,116.14,116.98,,31978.0,,raw
2023-11-14,118.55,123.87,118.36,123.82,,74427.0,,raw
2023-11-15,130.0,136.2,130.0,136.2,,125505.0,,raw
2023-11-16,135.66,140.57,135.2,136.2,,99694.0,,raw
2023-11-17,135.52,139.64,133.3,138.2,,64350.0,,raw
2023-11-20,139.72,140.14,134.92,135.59,,59993.0,,raw
2023-11-21,134.88,136.8,132.1,133.0,,40638.0,,raw
2023-11-22,133.83,135.88,131.6,131.61,,29053.0,,raw
2023-11-23,131.4,140.15,129.7,137.4,,69626.0,,raw
2023-11-24,137.4,138.26,133.62,134.54,,33351.0,,raw
2023-11-27,134.14,134.62,127.28,131.48,,76642.0,,raw
2023-11-28,131.3,133.85,130.0,131.2,,42850.0,,raw
2023-11-29,133.0,136.0,131.05,133.1,,43566.0,,raw
2023-11-30,132.3,133.01,128.11,129.83,,35209.0,,raw
2023-12-01,129.4,129.99,126.71,128.84,,38004.0,,raw
2023-12-04,129.0,129.08,125.42,127.0,,27590.0,,raw
2023-12-05,126.42,128.02,124.81,124.89,,26878.0,,raw
2023-12-06,124.66,126.66,123.4,123.88,,26600.0,,raw
2023-12-07,123.87,123.87,121.0,122.7,,25017.0,,raw
2023-12-08,122.7,124.88,121.35,123.72,,34339.0,,raw
2023-12-11,123.5,133.15,121.8,132.98,,74316.0,,raw
2023-12-12,131.59,133.53,130.19,131.96,,35002.0,,raw
2023-12-13,131.58,133.05,130.2,130.74,,21836.0,,raw
2023-12-14,130.81,132.69,129.7,130.31,,19970.0,,raw
2023-12-15,130.5,131.0,128.08,128.96,,15514.0,,raw
2023-12-18,128.05,131.77,127.36,127.67,,22149.0,,raw
2023-12-19,127.67,128.23,124.73,125.59,,22979.0,,raw
2023-12-20,125.59,126.18,122.7,122.89,,17995.0,,raw
2023-12-21,122.89,124.66,121.3,123.38,,21768.0,,raw
2023-12-22,123.0,123.84,119.7,121.78,,24366.0,,raw
2023-12-25,121.18,127.51,120.07,126.84,,30954.0,,raw
2023-12-26,126.83,126.83,121.05,123.29,,26886.0,,raw
2023-12-27,123.27,126.3,121.64,123.85,,29379.0,,raw
2023-12-28,123.73,127.86,121.67,127.11,,36413.0,,raw
2023-12-29,126.1,130.26,125.4,129.51,,35778.0,,raw
2024-01-02,129.51,129.99,123.17,123.2,,29969.0,,raw
2024-01-03,123.2,123.35,117.08,118.24,,53333.0,,raw
2024-01-04,117.69,117.8,113.97,115.1,,46331.0,,raw
2024-01-05,115.1,117.55,113.35,114.19,,33260.0,,raw
2024-01-08,113.0,115.16,110.8,111.86,,29296.0,,raw
2024-01-09,111.83,114.88,111.24,113.74,,36903.0,,raw
2024-01-10,113.74,117.8,111.5,116.48,,39078.0,,raw
2024-01-11,116.48,117.13,114.96,116.6,,30387.0,,raw
2024-01-12,116.6,116.6,112.5,113.95,,35248.0,,raw
2024-01-15,113.56,113.57,109.22,109.72,,46086.0,,raw
2024-01-16,109.68,109.71,106.8,108.8,,45868.0,,raw
2024-01-17,107.79,109.11,102.0,102.01,,73270.0,,raw
2024-01-18,101.11,102.92,98.8,102.8,,72336.0,,raw
2024-01-19,102.0,104.8,101.55,101.7,,36499.0,,raw
2024-01-22,101.25,101.99,97.02,98.0,,45555.0,,raw
2024-01-23,98.6,99.06,96.1,97.77,,39404.0,,raw
2024-01-24,98.64,99.86,94.5,97.9,,40866.0,,raw
2024-01-25,97.0,98.48,95.31,97.3,,49381.0,,raw
2024-01-26,96.0,96.16,92.53,92.88,,52149.0,,raw
2024-01-29,93.98,94.74,90.52,90.53,,44119.0,,raw
2024-01-30,90.43,92.4,89.5,89.57,,37468.0,,raw
2024-01-31,89.21,89.56,84.57,85.06,,51432.0,,raw
2024-02-01,85.09,88.18,84.19,85.76,,48379.0,,raw
2024-02-02,86.04,86.34,80.06,82.95,,42492.0,,raw
2024-02-05,81.86,83.3,76.44,80.54,,68240.0,,raw
2024-02-06,80.69,87.96,78.7,87.02,,57331.0,,raw
2024-02-07,88.23,92.31,85.9,87.1,,91773.0,,raw
2024-02-08,87.1,91.2,85.1,90.64,,92611.0,,raw
2024-02-19,91.8,92.18,87.18,89.15,,88207.0,,raw
2024-02-20,87.51,88.06,83.88,85.67,,79785.0,,raw
2024-02-21,83.99,92.32,83.83,89.43,,93187.0,,raw
2024-02-22,88.47,93.48,88.03,92.4,,70554.0,,raw
2024-02-23,93.07,99.99,93.07,99.3,,100529.0,,raw
2024-02-26,99.99,106.48,99.3,102.73,,88889.0,,raw
2024-02-27,102.82,108.53,102.68,107.87,,73531.0,,raw
2024-02-28,107.87,108.76,100.62,100.62,,74225.0,,raw
2024-02-29,99.01,103.37,98.0,102.6,,55486.0,,raw
2024-03-01,103.0,103.5,100.08,102.9,,50229.0,,raw
2024-03-04,105.01,105.58,101.01,102.58,,44900.0,,raw
2024-03-05,100.71,106.88,100.1,103.82,,57919.0,,raw
2024-03-06,102.6,107.2,102.6,104.88,,48525.0,,raw
2024-03-07,106.88,110.1,103.41,104.15,,62070.0,,raw
2024-03-08,103.01,104.7,101.0,102.3,,44310.0,,raw
2024-03-11,102.0,103.0,100.3,102.99,,50019.0,,raw
2024-03-12,104.09,113.29,103.74,113.29,,86156.0,,raw
2024-03-13,115.55,117.31,112.29,114.46,,99159.0,,raw
2024-03-14,113.0,113.98,109.12,111.01,,54096.0,,raw
2024-03-15,111.0,122.11,109.0,122.11,,93411.0,,raw
2024-03-18,125.55,126.92,120.34,123.66,,124294.0,,raw
2024-03-19,122.79,135.0,122.79,128.03,,122351.0,,raw
2024-03-20,124.88,126.09,122.1,123.7,,81979.0,,raw
2024-03-21,123.7,124.6,120.1,120.72,,67303.0,,raw
2024-03-22,115.97,115.97,108.65,111.57,,155045.0,,raw
2024-03-25,109.85,115.37,109.01,113.51,,90125.0,,raw
2024-03-26,112.1,124.86,112.09,122.59,,121202.0,,raw
2024-03-27,121.7,122.12,118.08,120.0,,66767.0,,raw
2024-03-28,118.09,128.0,118.07,126.0,,85467.0,,raw
2024-03-29,131.0,132.0,121.58,124.51,,68652.0,,raw
2024-04-01,123.0,130.88,121.3,125.4,,55137.0,,raw
2024-04-02,125.5,127.38,124.1,125.62,,34665.0,,raw
2024-04-03,125.0,129.0,122.61,127.95,,50526.0,,raw
2024-04-08,128.03,138.0,128.03,134.48,,73959.0,,raw
2024-04-09,133.0,134.5,129.9,132.0,,41142.0,,raw
2024-04-10,129.32,130.8,126.66,128.55,,38038.0,,raw
2024-04-11,127.5,130.38,124.61,129.0,,47465.0,,raw
2024-04-12,128.36,135.0,128.1,131.92,,49987.0,,raw
2024-04-15,131.0,132.3,127.76,130.57,,33824.0,,raw
2024-04-16,130.64,130.7,125.41,125.55,,29221.0,,raw
2024-04-17,127.22,131.81,124.76,131.6,,33818.0,,raw
2024-04-18,130.91,135.77,128.0,131.12,,37148.0,,raw
2024-04-19,123.93,123.93,118.01,118.01,,73438.0,,raw
2024-04-22,116.2,121.44,113.5,117.43,,66144.0,,raw
2024-04-23,116.47,118.23,110.88,117.4,,61916.0,,raw
2024-04-24,117.0,119.1,115.27,115.71,,39924.0,,raw
2024-04-25,114.7,117.27,113.6,114.82,,26997.0,,raw
2024-04-26,114.05,120.48,113.88,118.03,,39867.0,,raw
2024-04-29,122.14,128.3,120.72,123.06,,73262.0,,raw
2024-04-30,125.55,129.22,124.91,125.87,,50415.0,,raw
2024-05-06,127.59,129.34,121.0,123.66,,74287.0,,raw
2024-05-07,121.5,121.53,117.4,117.79,,73911.0,,raw
2024-05-08,116.97,117.79,113.31,115.98,,70301.0,,raw
2024-05-09,115.37,115.37,109.53,111.55,,108995.0,,raw
2024-05-10,110.26,110.79,107.05,108.9,,66466.0,,raw
2024-05-13,107.71,111.6,106.1,108.9,,55918.0,,raw
2024-05-14,108.37,109.8,107.25,107.33,,36021.0,,raw
2024-05-15,107.0,108.4,105.5,106.54,,24012.0,,raw
2024-05-16,107.01,107.74,104.73,106.45,,33102.0,,raw
2024-05-17,106.2,107.85,105.5,107.61,,31714.0,,raw
2024-05-20,108.0,109.49,107.01,108.04,,35543.0,,raw
2024-05-21,106.99,107.01,102.0,102.9,,88621.0,,raw
2024-05-22,102.79,104.35,102.5,104.03,,35479.0,,raw
2024-05-23,104.01,104.38,102.35,102.54,,26114.0,,raw
2024-05-24,102.54,102.8,99.46,99.58,,39903.0,,raw
2024-05-27,99.98,100.14,96.85,99.0,,47905.0,,raw
2024-05-28,98.98,100.69,97.87,99.3,,34220.0,,raw
2024-05-29,98.93,99.85,96.24,98.5,,53404.0,,raw
2024-05-30,98.29,98.41,97.3,97.75,,24499.0,,raw
2024-05-31,97.88,102.91,97.88,100.43,,54502.0,,raw
2024-06-03,102.0,103.5,99.85,102.39,,53844.0,,raw
2024-06-04,102.38,104.44,101.15,102.79,,44629.0,,raw
2024-06-05,103.99,107.3,103.11,103.21,,69478.0,,raw
2024-06-06,102.33,103.95,101.73,102.0,,44778.0,,raw
2024-06-07,101.97,102.35,98.1,99.39,,42873.0,,raw
2024-06-11,98.39,100.34,97.3,99.01,,46970.0,,raw
2024-06-12,101.19,105.77,101.19,105.61,,96181.0,,raw
2024-06-13,104.0,104.28,101.18,102.5,,60881.0,,raw
2024-06-14,101.72,101.89,99.0,101.25,,45574.0,,raw
2024-06-17,100.22,102.8,99.01,99.15,,60063.0,,raw
2024-06-18,99.7,102.98,99.25,100.16,,85936.0,,raw
2024-06-19,100.24,101.38,94.54,96.2,,105875.0,,raw
2024-06-20,95.44,96.22,93.99,93.99,,54742.0,,raw
2024-06-21,93.99,95.66,92.01,94.25,,56523.0,,raw
2024-06-24,93.35,93.73,90.57,90.7,,50953.0,,raw
2024-06-25,91.0,93.46,89.36,90.25,,55839.0,,raw
2024-06-26,90.0,91.49,88.77,91.12,,42497.0,,raw
2024-06-27,90.83,90.83,87.88,87.93,,42669.0,,raw
2024-06-28,87.53,89.25,86.68,87.09,,46971.0,,raw
2024-07-01,87.3,87.48,84.1,85.7,,52893.0,,raw
2024-07-02,86.91,89.5,85.91,86.14,,73786.0,,raw
2024-07-03,85.93,88.72,85.02,85.6,,50380.0,,raw
2024-07-04,86.02,87.36,84.21,84.66,,46010.0,,raw
2024-07-05,84.12,85.81,82.87,85.05,,52268.0,,raw
2024-07-08,85.06,85.39,83.66,83.73,,37174.0,,raw
2024-07-09,84.7,92.1,84.0,92.1,,115281.0,,raw
2024-07-10,96.7,101.31,96.43,101.31,,218629.0,,raw
2024-07-11,102.96,103.0,97.53,101.48,,187763.0,,raw
2024-07-12,100.57,109.32,97.88,106.55,,210286.0,,raw
2024-07-15,106.0,111.69,104.61,107.51,,177572.0,,raw
2024-07-16,105.9,109.71,105.25,108.16,,141910.0,,raw
2024-07-17,106.86,107.68,102.68,103.0,,155105.0,,raw
2024-07-18,101.34,103.0,99.13,101.98,,120493.0,,raw
2024-07-19,101.3,103.98,99.19,99.79,,135537.0,,raw
2024-07-22,98.03,100.79,96.75,97.98,,119253.0,,raw
2024-07-23,98.65,99.24,93.3,93.39,,100244.0,,raw
2024-07-24,91.95,94.2,90.1,90.43,,105895.0,,raw
2024-07-25,89.0,90.95,88.8,89.13,,72237.0,,raw
2024-07-26,89.18,94.18,88.58,91.0,,107085.0,,raw
2024-07-29,91.15,93.59,89.4,91.49,,98627.0,,raw
2024-07-30,90.3,91.96,88.1,91.11,,83513.0,,raw
2024-07-31,90.0,95.88,90.0,95.31,,108441.0,,raw
2024-08-01,95.29,95.29,92.0,93.15,,98967.0,,raw
2024-08-02,91.79,92.93,89.3,89.98,,70150.0,,raw
2024-08-05,88.97,92.28,88.59,88.61,,75339.0,,raw
2024-08-06,89.75,90.18,86.01,87.86,,79391.0,,raw
2024-08-07,87.3,88.37,86.51,86.85,,42696.0,,raw
2024-08-08,86.2,89.3,84.57,88.58,,66395.0,,raw
2024-08-09,88.96,89.4,87.0,87.0,,38277.0,,raw
2024-08-12,86.4,87.6,84.89,85.12,,47450.0,,raw
2024-08-13,85.14,86.25,84.5,86.23,,29662.0,,raw
2024-08-14,86.16,86.19,84.6,84.6,,32774.0,,raw
2024-08-15,84.15,88.68,83.81,87.99,,79163.0,,raw
2024-08-16,87.85,91.47,87.61,90.52,,78551.0,,raw
2024-08-19,90.4,91.17,89.08,89.6,,41937.0,,raw
2024-08-20,89.99,90.4,88.01,88.46,,35888.0,,raw
2024-08-21,92.0,96.99,91.41,94.3,,146932.0,,raw
2024-08-22,94.5,94.97,90.21,90.41,,81633.0,,raw
2024-08-23,90.0,91.2,89.01,89.07,,42074.0,,raw
2024-08-26,89.02,90.72,87.75,89.76,,47095.0,,raw
2024-08-27,89.02,89.65,86.59,87.0,,40800.0,,raw
2024-08-28,87.01,87.67,84.7,85.3,,48290.0,,raw
2024-08-29,84.78,91.5,83.78,90.93,,87037.0,,raw
2024-08-30,90.71,92.98,89.69,91.19,,82928.0,,raw
2024-09-02,90.01,91.64,88.58,88.71,,50651.0,,raw
2024-09-03,88.52,95.23,87.88,93.95,,97483.0,,raw
2024-09-04,93.5,97.38,92.84,95.25,,76453.0,,raw
2024-09-05,95.13,98.9,95.13,97.38,,70422.0,,raw
2024-09-06,97.38,101.53,97.0,97.26,,81209.0,,raw
2024-09-09,87.99,92.88,87.99,89.26,,111681.0,,raw
2024-09-10,89.31,93.04,89.31,91.51,,64966.0,,raw
2024-09-11,91.51,95.5,90.51,92.72,,51215.0,,raw
2024-09-12,93.23,93.43,89.89,90.13,,43468.0,,raw
2024-09-13,90.5,91.22,89.02,89.84,,38863.0,,raw
2024-09-18,90.2,94.6,89.3,93.8,,61109.0,,raw
2024-09-19,94.48,94.92,92.51,93.3,,43248.0,,raw
2024-09-20,93.75,95.96,92.01,94.19,,48241.0,,raw
2024-09-23,93.65,96.57,93.11,95.1,,49298.0,,raw
2024-09-24,95.15,98.65,94.0,98.17,,66994.0,,raw
2024-09-25,98.0,100.28,97.8,98.8,,72328.0,,raw
2024-09-26,98.11,100.88,97.62,100.75,,68308.0,,raw
2024-09-27,101.81,110.5,101.8,108.9,,85752.0,,raw
2024-09-30,114.4,119.79,113.12,119.79,,85999.0,,raw
2024-10-08,131.77,131.77,121.0,131.77,,117836.0,,raw
2024-10-09,129.14,140.0,123.7,131.3,,138843.0,,raw
2024-10-10,129.31,133.07,121.8,125.2,,111063.0,,raw
2024-10-11,125.12,125.12,113.76,115.74,,92557.0,,raw
2024-10-14,115.0,117.5,111.68,117.5,,94459.0,,raw
2024-10-15,116.0,117.9,112.99,113.3,,66330.0,,raw
2024-10-16,111.0,113.8,109.11,112.33,,61944.0,,raw
2024-10-17,113.01,114.76,110.88,111.33,,48542.0,,raw
2024-10-18,109.99,121.84,109.81,118.63,,93747.0,,raw
2024-10-21,120.0,120.9,116.28,118.15,,88693.0,,raw
2024-10-22,116.96,124.04,116.66,124.02,,87285.0,,raw
2024-10-23,123.39,127.2,120.68,123.8,,69963.0,,raw
2024-10-24,123.78,126.58,121.0,121.53,,53089.0,,raw
2024-10-25,121.0,123.35,119.76,121.25,,37597.0,,raw
2024-10-28,119.48,121.83,118.88,121.0,,30502.0,,raw
2024-10-29,121.38,125.1,120.17,123.86,,56855.0,,raw
2024-10-30,123.0,126.02,120.98,122.46,,43580.0,,raw
2024-10-31,128.0,131.31,120.86,121.87,,89671.0,,raw
2024-11-01,120.35,121.99,115.8,118.63,,67982.0,,raw
2024-11-04,117.99,125.98,117.99,125.46,,67722.0,,raw
2024-11-05,125.0,132.5,122.5,131.05,,71946.0,,raw
2024-11-06,132.35,133.38,127.05,127.93,,63271.0,,raw
2024-11-07,126.42,133.0,126.4,133.0,,64327.0,,raw
2024-11-08,135.15,139.49,132.6,134.98,,70681.0,,raw
2024-11-11,134.2,142.88,133.01,140.19,,71375.0,,raw
2024-11-12,140.72,144.5,135.33,136.45,,59620.0,,raw
2024-11-13,136.46,137.36,132.5,134.78,,43787.0,,raw
2024-11-14,134.95,136.13,129.73,130.58,,46650.0,,raw
2024-11-15,129.99,130.99,124.81,124.95,,55283.0,,raw
2024-11-18,124.97,129.69,123.0,126.5,,53830.0,,raw
2024-11-19,127.13,134.22,127.13,132.0,,72667.0,,raw
2024-11-20,131.36,134.91,130.2,134.29,,50216.0,,raw
2024-11-21,133.78,135.3,130.51,132.9,,44461.0,,raw
2024-11-22,132.91,136.66,129.8,129.8,,50655.0,,raw
2024-11-25,129.64,133.71,124.8,127.8,,48211.0,,raw
2024-11-26,127.09,127.47,120.81,121.2,,60398.0,,raw
2024-11-27,120.0,125.76,118.88,125.63,,53130.0,,raw
2024-11-28,125.63,125.9,121.5,122.15,,29903.0,,raw
2024-11-29,122.47,128.99,122.0,124.87,,54290.0,,raw
2024-12-02,120.0,124.39,118.08,123.52,,85382.0,,raw
2024-12-03,122.79,123.41,119.86,121.49,,45771.0,,raw
2024-12-04,121.45,122.58,118.81,119.63,,44042.0,,raw
2024-12-05,118.84,120.38,116.08,117.19,,59445.0,,raw
2024-12-06,117.2,119.16,116.63,118.9,,42726.0,,raw
2024-12-09,118.9,122.86,117.96,121.38,,66601.0,,raw
2024-12-10,126.34,126.5,123.0,123.61,,62978.0,,raw
2024-12-11,122.72,123.2,120.4,121.39,,39487.0,,raw
2024-12-12,121.0,124.09,120.66,122.59,,37512.0,,raw
2024-12-13,121.65,121.9,116.0,116.4,,67027.0,,raw
2024-12-16,116.4,116.75,113.6,115.0,,36457.0,,raw
2024-12-17,114.91,117.8,114.66,115.22,,32869.0,,raw
2024-12-18,117.58,117.59,114.3,115.48,,30750.0,,raw
2024-12-19,114.37,115.44,113.18,113.88,,44753.0,,raw
2024-12-20,113.62,114.25,110.61,112.75,,58963.0,,raw
2024-12-23,112.75,114.2,110.1,110.3,,48190.0,,raw
2024-12-24,111.5,114.36,110.65,114.3,,59787.0,,raw
2024-12-25,114.3,115.36,113.05,113.98,,35136.0,,raw
2024-12-26,113.51,119.1,110.88,118.6,,67676.0,,raw
2024-12-27,117.5,117.52,113.13,113.5,,85672.0,,raw
2024-12-30,112.77,115.88,111.51,112.48,,66336.0,,raw
2024-12-31,112.46,112.85,109.51,110.11,,50974.0,,raw
2025-01-02,109.24,109.99,104.7,105.68,,60899.0,,raw
2025-01-03,105.68,106.43,101.48,101.98,,60659.0,,raw
2025-01-06,101.98,103.11,99.99,101.02,,50420.0,,raw
2025-01-07,100.78,102.12,99.63,102.0,,39878.0,,raw
2025-01-08,100.5,104.49,99.3,103.67,,52057.0,,raw
2025-01-09,102.5,104.8,102.0,103.7,,43581.0,,raw
2025-01-10,103.74,106.74,102.15,102.15,,53092.0,,raw
2025-01-13,101.5,106.9,101.44,103.67,,61704.0,,raw
2025-01-14,104.0,109.0,102.59,108.0,,72070.0,,raw
2025-01-15,108.0,108.0,104.1,104.4,,62169.0,,raw
2025-01-16,105.45,107.9,103.51,105.25,,55304.0,,raw
2025-01-17,104.99,106.08,103.4,104.71,,40982.0,,raw
2025-01-20,105.66,108.62,105.05,107.61,,56031.0,,raw
2025-01-21,108.1,111.32,106.0,110.62,,66189.0,,raw
2025-01-22,109.77,110.32,108.2,109.71,,42489.0,,raw
2025-01-23,111.15,111.6,108.14,108.54,,51048.0,,raw
2025-01-24,107.8,113.48,107.51,110.8,,72251.0,,raw
2025-01-27,110.8,110.93,108.25,108.51,,35154.0,,raw
2025-02-05,110.49,115.79,109.14,113.88,,87614.0,,raw
2025-02-06,113.0,125.27,113.0,125.27,,136098.0,,raw
2025-02-07,130.28,134.98,127.61,133.58,,230471.0,,raw
2025-02-10,133.58,133.68,127.28,130.0,,169806.0,,raw
2025-02-11,129.96,131.99,124.36,126.58,,146417.0,,raw
2025-02-12,126.04,132.32,124.88,130.3,,130727.0,,raw
2025-02-13,129.91,131.2,127.33,127.35,,82773.0,,raw
2025-02-14,126.7,132.55,126.51,130.4,,94689.0,,raw
2025-02-17,131.0,135.49,130.58,134.31,,119130.0,,raw
2025-02-18,132.11,133.01,129.0,129.15,,82886.0,,raw
2025-02-19,129.04,135.22,129.04,134.0,,81610.0,,raw
2025-02-20,133.4,134.26,131.32,132.6,,62000.0,,raw
2025-02-21,133.0,136.8,130.03,134.33,,89143.0,,raw
2025-02-24,134.34,135.0,129.54,132.3,,82144.0,,raw
2025-02-25,130.89,137.56,129.66,133.85,,97210.0,,raw
2025-02-26,135.0,135.48,131.42,132.67,,83583.0,,raw
2025-02-27,133.5,133.5,128.29,130.7,,73467.0,,raw
2025-02-28,129.83,133.45,123.2,123.69,,94934.0,,raw
2025-03-03,124.02,126.91,122.0,123.16,,62407.0,,raw
2025-03-04,122.0,124.33,121.15,123.15,,36893.0,,raw
2025-03-05,123.15,124.5,121.4,122.9,,34843.0,,raw
2025-03-06,123.92,127.1,123.39,124.8,,64604.0,,raw
2025-03-07,123.99,125.26,121.53,122.5,,61095.0,,raw
2025-03-10,122.71,125.09,122.12,124.44,,50227.0,,raw
2025-03-11,122.86,125.16,120.65,122.22,,58413.0,,raw
2025-03-12,124.2,127.9,123.18,124.06,,70311.0,,raw
2025-03-13,123.51,124.0,119.7,120.1,,53001.0,,raw
2025-03-14,120.12,125.22,119.47,124.0,,63192.0,,raw
2025-03-17,121.53,121.79,118.33,121.49,,82896.0,,raw
2025-03-18,121.5,122.1,118.36,120.0,,85691.0,,raw
2025-03-19,119.9,121.67,116.51,119.1,,60582.0,,raw
2025-03-20,118.2,119.7,117.6,118.25,,36873.0,,raw
2025-03-21,118.03,119.11,115.0,115.4,,50068.0,,raw
2025-03-24,115.01,116.86,114.54,116.75,,46411.0,,raw
2025-03-25,116.7,118.37,114.71,115.0,,35375.0,,raw
2025-03-26,114.34,115.39,113.5,114.12,,36111.0,,raw
2025-03-27,113.44,115.62,113.3,114.4,,33511.0,,raw
2025-03-28,113.9,115.59,113.01,113.08,,31480.0,,raw
2025-03-31,111.98,113.99,110.92,112.91,,37130.0,,raw
2025-04-01,112.9,113.2,111.5,111.6,,28591.0,,raw
2025-04-02,110.88,111.72,109.5,110.4,,39824.0,,raw
2025-04-03,108.83,110.4,105.5,106.33,,69629.0,,raw
2025-04-07,95.72,100.0,95.7,95.7,,65076.0,,raw
2025-04-08,95.0,96.25,91.0,94.94,,99335.0,,raw
2025-04-09,93.5,97.9,93.0,96.99,,74538.0,,raw
2025-04-10,100.0,102.48,99.58,100.17,,60956.0,,raw
2025-04-11,99.04,101.93,98.89,100.88,,45791.0,,raw
2025-04-14,102.68,103.76,101.65,102.02,,38361.0,,raw
2025-04-15,101.8,102.52,99.91,100.27,,31805.0,,raw
2025-04-16,99.88,100.23,97.5,99.29,,35753.0,,raw
2025-04-17,98.09,99.08,97.65,98.37,,35988.0,,raw
2025-04-18,99.0,100.6,97.55,100.4,,47899.0,,raw
2025-04-21,100.47,102.16,99.5,101.7,,49812.0,,raw
2025-04-22,101.7,102.0,97.98,99.49,,97050.0,,raw
2025-04-23,100.7,102.38,99.11,101.09,,76714.0,,raw
2025-04-24,103.78,105.4,102.71,103.16,,88912.0,,raw
2025-04-25,103.9,107.65,103.5,105.45,,66932.0,,raw
2025-04-28,105.46,105.97,103.2,103.4,,40651.0,,raw
2025-04-29,102.8,104.7,102.51,103.05,,36856.0,,raw
2025-04-30,103.23,104.88,102.55,104.26,,41459.0,,raw
2025-05-06,106.0,107.34,104.85,107.13,,55224.0,,raw
2025-05-07,108.81,108.98,105.02,106.41,,52606.0,,raw
2025-05-08,105.36,107.21,105.36,106.77,,32232.0,,raw
2025-05-09,106.36,106.97,104.81,105.33,,26850.0,,raw
2025-05-12,106.29,107.98,106.19,107.75,,35759.0,,raw
2025-05-13,108.49,108.98,107.02,107.22,,38020.0,,raw
2025-05-14,106.92,107.55,105.55,106.96,,34180.0,,raw
2025-05-15,106.98,107.2,104.34,104.4,,38163.0,,raw
2025-05-16,104.42,109.99,104.22,107.85,,76532.0,,raw
2025-05-19,109.01,109.07,105.87,106.95,,45062.0,,raw
2025-05-20,106.94,106.98,105.15,105.7,,41414.0,,raw
2025-05-21,105.73,109.79,105.31,108.0,,63100.0,,raw
2025-05-22,107.06,110.88,106.9,107.54,,52536.0,,raw
2025-05-23,107.0,109.8,105.6,105.6,,60479.0,,raw
2025-05-26,105.46,106.0,102.53,103.24,,50448.0,,raw
2025-05-27,102.7,104.16,101.0,103.5,,56249.0,,raw
2025-05-28,103.26,107.62,103.25,105.1,,65501.0,,raw
2025-05-29,104.86,115.61,104.86,115.61,,128488.0,,raw
2025-05-30,115.0,115.0,110.01,110.56,,99466.0,,raw
2025-06-03,109.5,110.4,106.5,106.63,,87017.0,,raw
2025-06-04,107.12,108.3,106.27,107.35,,57769.0,,raw
2025-06-05,107.4,107.73,105.88,106.0,,64952.0,,raw
2025-06-06,106.14,106.36,103.5,103.8,,65266.0,,raw
2025-06-09,99.74,102.5,97.33,100.12,,120992.0,,raw
2025-06-10,100.2,101.15,98.5,99.62,,55994.0,,raw
2025-06-11,100.8,102.68,100.03,100.32,,67958.0,,raw
2025-06-12,99.61,100.0,98.88,99.19,,53826.0,,raw
2025-06-13,98.5,99.0,97.3,98.05,,57970.0,,raw
2025-06-16,98.0,98.31,96.21,96.7,,60528.0,,raw
2025-06-17,96.68,97.5,95.6,96.92,,45344.0,,raw
2025-06-18,96.94,98.64,96.51,98.38,,43553.0,,raw
2025-06-19,98.38,99.83,97.82,98.38,,44165.0,,raw
2025-06-20,98.38,98.89,97.6,98.57,,30593.0,,raw
2025-06-23,97.95,97.95,96.76,97.45,,36548.0,,raw
2025-06-24,99.89,103.33,99.5,101.92,,93799.0,,raw
2025-06-25,102.03,103.48,100.59,102.86,,63398.0,,raw
2025-06-26,102.87,104.06,101.9,101.92,,51912.0,,raw
2025-06-27,106.11,107.0,102.02,102.13,,82819.0,,raw
2025-06-30,102.12,103.0,101.68,102.13,,46939.0,,raw
2025-07-01,101.8,102.77,101.26,102.12,,33628.0,,raw
2025-07-02,101.8,101.8,100.05,100.4,,34510.0,,raw
2025-07-03,100.9,102.0,100.2,101.62,,32142.0,,raw
2025-07-04,101.63,102.59,100.68,101.62,,28213.0,,raw
2025-07-07,101.02,101.6,99.81,100.25,,24351.0,,raw
2025-07-08,100.18,102.63,100.01,101.54,,37218.0,,raw
2025-07-09,101.55,103.58,101.55,102.48,,54555.0,,raw
2025-07-10,102.45,102.47,100.87,101.96,,30630.0,,raw
2025-07-11,101.91,102.79,101.5,101.96,,33933.0,,raw
2025-07-14,101.97,102.43,101.35,101.62,,29822.0,,raw
2025-07-15,101.42,102.48,100.92,101.86,,31210.0,,raw
2025-07-16,102.2,104.89,101.9,103.82,,68436.0,,raw
2025-07-17,103.83,104.21,102.85,103.85,,39567.0,,raw
2025-07-18,104.06,105.49,103.01,103.4,,40231.0,,raw
2025-07-21,103.45,104.9,103.0,103.4,,43707.0,,raw
2025-07-22,103.4,103.78,102.25,103.6,,43234.0,,raw
2025-07-23,103.54,105.13,103.18,103.31,,55702.0,,raw
2025-07-24,103.57,104.58,103.19,104.58,,49053.0,,raw
2025-07-25,105.3,105.58,104.0,104.45,,49208.0,,raw
2025-07-28,105.6,108.44,104.88,105.5,,85460.0,,raw
2025-07-29,105.07,107.2,103.9,106.91,,66266.0,,raw
2025-07-30,106.48,106.56,103.76,104.4,,59934.0,,raw
2025-07-31,104.0,104.69,101.29,101.59,,64853.0,,raw
2025-08-01,101.6,104.59,101.53,102.92,,56141.0,,raw
2025-08-04,102.0,102.71,101.5,102.63,,33312.0,,raw
2025-08-05,102.74,104.2,102.2,103.31,,49160.0,,raw
2025-08-06,103.49,107.23,103.01,105.95,,87510.0,,raw
2025-08-07,106.0,106.17,104.42,104.65,,41027.0,,raw
2025-08-08,104.54,104.54,103.11,103.3,,42522.0,,raw
2025-08-11,102.8,106.7,102.8,106.02,,75088.0,,raw
2025-08-12,110.29,116.0,110.29,113.91,,261197.0,,raw
2025-08-13,112.98,114.11,112.04,112.7,,98248.0,,raw
2025-08-14,113.25,113.66,108.78,109.19,,94561.0,,raw
2025-08-15,108.74,110.44,108.33,108.96,,81853.0,,raw
2025-08-18,110.79,113.92,110.11,112.01,,120710.0,,raw
2025-08-19,112.2,117.0,111.61,113.95,,117100.0,,raw
2025-08-20,113.88,119.65,112.97,119.16,,141069.0,,raw
2025-08-21,119.8,119.98,117.79,118.7,,96418.0,,raw
2025-08-22,118.0,119.66,117.03,119.18,,94796.0,,raw
2025-08-25,121.49,122.22,118.58,119.98,,107575.0,,raw
2025-08-26,120.16,126.66,119.11,124.9,,126309.0,,raw
2025-08-27,126.06,133.1,126.06,126.48,,166114.0,,raw
2025-08-28,126.23,130.0,125.0,128.75,,116729.0,,raw
2025-08-29,133.0,133.0,126.31,127.13,,110912.0,,raw
2025-09-01,127.8,128.6,123.45,126.37,,129115.0,,raw
2025-09-02,125.55,126.0,120.74,121.31,,120876.0,,raw
2025-09-03,122.21,124.68,121.0,122.0,,80273.0,,raw
2025-09-04,122.2,125.86,118.01,119.91,,108131.0,,raw
2025-09-05,120.13,123.24,119.18,123.1,,83102.0,,raw
2025-09-08,123.45,126.48,122.44,123.95,,93283.0,,raw
2025-09-09,123.09,123.62,120.51,121.0,,66281.0,,raw
2025-09-10,120.99,123.0,118.0,118.75,,73314.0,,raw
2025-09-11,118.38,121.78,116.66,120.42,,85791.0,,raw
2025-09-12,121.0,122.68,119.38,119.64,,75312.0,,raw
2025-09-15,123.0,131.6,122.01,127.64,,204665.0,,raw
2025-09-16,126.45,132.3,126.26,130.35,,150415.0,,raw
2025-09-17,131.88,141.06,131.5,137.57,,170411.0,,raw
2025-09-18,142.0,143.54,135.01,137.6,,198595.0,,raw
2025-09-19,136.82,138.0,133.68,134.28,,104869.0,,raw
2025-09-22,135.75,136.14,132.63,133.43,,75308.0,,raw
2025-09-23,134.01,142.98,134.0,139.03,,164930.0,,raw
2025-09-24,138.38,147.0,136.84,142.87,,144000.0,,raw
2025-09-25,146.01,154.17,146.01,147.14,,148108.0,,raw
2025-09-26,146.3,148.33,142.88,143.48,,98910.0,,raw
2025-09-29,146.86,150.3,146.06,149.3,,111557.0,,raw
2025-09-30,149.98,153.8,147.0,151.23,,115667.0,,raw
2025-10-09,151.88,152.55,146.31,148.96,,105827.0,,raw
2025-10-10,148.88,148.88,138.8,139.87,,116777.0,,raw
2025-10-13,133.0,136.86,132.23,135.76,,134382.0,,raw
2025-10-14,136.82,139.61,132.78,133.94,,112441.0,,raw
2025-10-15,133.78,137.55,131.5,137.55,,86600.0,,raw
2025-10-16,137.0,142.62,134.58,138.73,,103099.0,,raw
2025-10-17,137.0,137.97,124.86,124.92,,192978.0,,raw
2025-10-20,126.31,126.99,123.31,124.37,,103959.0,,raw
2025-10-21,125.6,126.58,123.31,125.65,,82875.0,,raw
2025-10-22,124.52,126.6,124.01,124.91,,52307.0,,raw
2025-10-23,124.3,125.0,121.43,124.46,,69642.0,,raw
2025-10-24,125.98,128.68,125.9,128.15,,94805.0,,raw
2025-10-27,131.0,131.7,127.7,129.13,,119832.0,,raw
2025-10-28,123.0,123.47,119.7,120.0,,260537.0,,raw
2025-10-29,119.8,120.3,118.6,120.3,,110972.0,,raw
2025-10-30,120.24,120.25,117.48,118.28,,103407.0,,raw
2025-10-31,118.4,120.39,118.21,118.48,,76564.0,,raw
2025-11-03,118.02,118.7,115.1,116.8,,87443.0,,raw
2025-11-04,116.63,116.7,112.75,113.7,,90586.0,,raw
2025-11-05,112.0,114.38,111.7,113.38,,59929.0,,raw
2025-11-06,114.0,116.76,113.79,116.48,,77371.0,,raw
2025-11-07,115.56,116.47,114.63,115.2,,52678.0,,raw
2025-11-10,115.5,118.42,114.13,117.67,,87784.0,,raw
2025-11-11,117.81,118.4,115.82,116.0,,55506.0,,raw
2025-11-12,115.57,116.84,114.49,116.21,,43401.0,,raw
2025-11-13,115.9,116.39,114.61,115.74,,47154.0,,raw
2025-11-14,114.69,115.49,113.13,113.14,,54928.0,,raw
2025-11-17,112.11,112.65,109.8,110.79,,76443.0,,raw
2025-11-18,110.3,110.65,109.2,109.4,,44349.0,,raw
2025-11-19,109.2,110.07,107.8,108.2,,45564.0,,raw
2025-11-20,110.5,110.64,108.23,109.02,,46578.0,,raw
2025-11-21,108.0,109.19,106.81,107.43,,51316.0,,raw
2025-11-24,107.33,108.4,106.0,108.15,,50175.0,,raw
2025-11-25,108.73,110.64,108.73,109.41,,59981.0,,raw
2025-11-26,108.82,109.96,108.37,108.63,,39868.0,,raw
2025-11-27,108.89,110.22,107.9,108.09,,47348.0,,raw
2025-11-28,108.11,110.13,107.6,109.99,,50175.0,,raw
2025-12-01,110.02,111.37,109.11,111.3,,54017.0,,raw
2025-12-02,111.3,111.44,109.0,109.4,,43531.0,,raw
2025-12-03,109.0,109.49,108.03,108.5,,28682.0,,raw
2025-12-04,109.0,109.58,107.81,108.64,,32417.0,,raw
2025-12-05,109.54,110.82,108.72,110.57,,47008.0,,raw
2025-12-08,111.15,111.59,110.61,111.06,,48307.0,,raw
2025-12-09,111.0,111.0,108.9,109.04,,48453.0,,raw
2025-12-10,108.3,109.85,107.8,109.8,,45077.0,,raw
2025-12-11,109.8,111.12,108.3,108.31,,40788.0,,raw
2025-12-12,108.31,114.0,107.68,113.51,,126020.0,,raw
2025-12-15,112.49,113.38,111.03,111.19,,61638.0,,raw
2025-12-16,117.09,118.98,114.01,114.79,,186599.0,,raw
2025-12-17,114.92,120.71,114.92,119.3,,184951.0,,raw
2025-12-18,117.0,120.22,116.46,116.88,,106558.0,,raw
2025-12-19,117.06,127.7,117.01,125.0,,201632.0,,raw
2025-12-22,128.0,131.88,125.41,126.5,,235869.0,,raw
2025-12-23,125.31,127.68,124.02,124.69,,136247.0,,raw
2025-12-24,124.9,128.53,124.9,127.32,,137858.0,,raw
2025-12-25,126.05,126.19,124.02,124.68,,119664.0,,raw
2025-12-26,124.14,125.49,122.1,122.7,,123345.0,,raw
2025-12-29,122.2,122.69,120.22,121.35,,112876.0,,raw
2025-12-30,120.01,122.85,119.45,122.14,,115276.0,,raw
2025-12-31,122.16,122.38,119.66,120.3,,75995.0,,raw
