trade_date,open,high,low,close,adj_close,volume,amount,price_type
2022-01-04,148.866,148.866,143.336,144.106,144.106,26958.0,,adjusted
2022-01-05,143.886,149.216,140.456,148.316,148.316,42052.0,,adjusted
2022-01-06,145.066,149.336,144.106,144.546,144.546,22648.0,,adjusted
2022-01-07,144.546,148.776,143.406,144.336,144.336,25275.0,,adjusted
2022-01-10,145.636,151.836,140.336,148.836,148.836,38576.0,,adjusted
2022-01-11,148.336,151.326,142.726,142.806,142.806,23191.0,,adjusted
2022-01-12,142.856,145.006,141.456,144.296,144.296,21053.0,,adjusted
2022-01-13,143.336,144.196,137.666,139.446,139.446,20341.0,,adjusted
2022-01-14,138.336,140.216,134.596,136.836,136.836,21245.0,,adjusted
2022-01-17,136.836,138.576,133.346,137.336,137.336,22962.0,,adjusted
2022-01-18,137.606,147.206,136.336,142.796,142.796,32093.0,,adjusted
2022-01-19,141.246,141.996,134.926,135.886,135.886,20563.0,,adjusted
2022-01-20,134.916,136.836,132.136,133.956,133.956,17659.0,,adjusted
2022-01-21,133.806,134.746,129.936,132.806,132.806,19443.0,,adjusted
2022-01-24,136.006,136.896,129.086,130.346,130.346,27710.0,,adjusted
2022-01-25,131.326,134.596,130.356,131.926,131.926,23189.0,,adjusted
2022-01-26,131.686,134.326,128.436,129.486,129.486,17197.0,,adjusted
2022-01-27,130.336,131.216,125.886,126.536,126.536,15576.0,,adjusted
2022-01-28,126.756,133.316,124.266,131.336,131.336,23893.0,,adjusted
2022-02-07,133.336,134.976,126.136,126.486,126.486,23269.0,,adjusted
2022-02-08,125.136,126.336,119.246,121.836,121.836,35587.0,,adjusted
2022-02-09,121.836,124.996,119.386,124.756,124.756,39138.0,,adjusted
2022-02-10,124.606,125.136,119.736,120.956,120.956,17922.0,,adjusted
2022-02-11,121.136,128.476,120.006,125.586,125.586,35382.0,,adjusted
2022-02-14,124.126,125.566,119.536,120.836,120.836,25492.0,,adjusted
2022-02-15,120.836,129.336,120.276,129.136,129.136,31434.0,,adjusted
2022-02-16,129.136,130.026,126.336,126.836,126.836,18597.0,,adjusted
2022-02-17,126.896,129.076,126.166,128.866,128.866,15599.0,,adjusted
2022-02-18,127.526,129.186,125.836,127.476,127.476,14597.0,,adjusted
2022-02-21,127.476,137.836,126.686,134.146,134.146,34809.0,,adjusted
2022-02-22,134.576,135.126,129.336,131.306,131.306,30046.0,,adjusted
2022-02-23,131.336,135.836,128.016,134.976,134.976,22285.0,,adjusted
2022-02-24,133.326,133.666,129.086,131.056,131.056,19922.0,,adjusted
2022-02-25,132.686,135.316,129.516,134.686,134.686,20256.0,,adjusted
2022-02-28,133.376,135.606,130.336,131.806,131.806,20924.0,,adjusted
2022-03-01,131.716,133.836,129.086,129.596,129.596,19571.0,,adjusted
2022-03-02,129.486,130.826,125.636,126.086,126.086,15055.0,,adjusted
2022-03-03,126.336,127.296,121.136,121.436,121.436,17835.0,,adjusted
2022-03-04,121.586,122.536,119.476,119.936,119.936,16055.0,,adjusted
2022-03-07,119.276,119.336,111.396,112.166,112.166,31830.0,,adjusted
2022-03-08,112.166,115.326,109.726,110.256,110.256,23899.0,,adjusted
2022-03-09,110.256,112.926,105.616,110.096,110.096,27426.0,,adjusted
2022-03-10,113.836,115.036,112.336,113.356,113.356,18725.0,,adjusted
2022-03-11,111.106,113.836,108.896,113.336,113.336,19315.0,,adjusted
2022-03-14,110.836,112.076,105.646,106.346,106.346,40968.0,,adjusted
2022-03-15,106.346,106.346,99.386,100.046,100.046,49080.0,,adjusted
2022-03-16,102.356,104.336,97.446,103.336,103.336,49884.0,,adjusted
2022-03-17,105.336,110.336,103.946,108.836,108.836,48705.0,,adjusted
2022-03-18,108.176,108.336,105.016,106.236,106.236,21955.0,,adjusted
2022-03-21,106.726,110.776,105.136,109.736,109.736,22721.0,,adjusted
2022-03-22,109.356,109.696,106.036,107.196,107.196,17950.0,,adjusted
2022-03-23,106.886,109.376,106.236,108.096,108.096,17017.0,,adjusted
2022-03-24,107.336,109.836,105.636,108.986,108.986,16306.0,,adjusted
2022-03-25,108.376,112.166,105.456,105.916,105.916,19030.0,,adjusted
2022-03-28,103.536,105.036,100.946,102.326,102.326,22172.0,,adjusted
2022-03-29,102.256,105.216,99.316,100.216,100.216,29751.0,,adjusted
2022-03-30,101.836,107.846,100.336,107.216,107.216,27437.0,,adjusted
2022-03-31,107.236,107.776,104.306,104.996,104.996,20552.0,,adjusted
2022-04-01,104.196,107.046,103.736,105.386,105.386,18419.0,,adjusted
2022-04-06,105.386,106.036,102.836,103.966,103.966,18198.0,,adjusted
2022-04-07,103.536,104.816,100.416,100.696,100.696,20110.0,,adjusted
2022-04-08,100.316,101.436,97.836,99.226,99.226,18949.0,,adjusted
2022-04-11,97.896,98.226,92.436,93.066,93.066,28692.0,,adjusted
2022-04-12,92.636,96.626,90.836,96.506,96.506,27400.0,,adjusted
2022-04-13,95.316,98.666,93.936,95.056,95.056,18409.0,,adjusted
2022-04-14,95.056,104.926,95.046,104.926,104.926,32628.0,,adjusted
2022-04-15,101.236,106.936,100.396,102.706,102.706,34800.0,,adjusted
2022-04-18,102.596,103.996,101.386,102.516,102.516,16205.0,,adjusted
2022-04-19,102.836,103.126,97.436,98.556,98.556,30452.0,,adjusted
2022-04-20,98.756,100.836,97.336,97.816,97.816,22912.0,,adjusted
2022-04-21,95.896,103.096,95.896,98.056,98.056,33632.0,,adjusted
2022-04-22,97.036,99.896,95.816,96.046,96.046,30954.0,,adjusted
2022-04-25,96.336,103.636,95.836,96.586,96.586,53094.0,,adjusted
2022-04-26,100.336,101.336,92.726,93.846,93.846,47735.0,,adjusted
2022-04-27,87.526,100.536,87.336,99.576,99.576,51043.0,,adjusted
2022-04-28,99.176,101.446,97.826,99.836,99.836,23442.0,,adjusted
2022-04-29,100.156,104.886,98.036,104.436,104.436,33261.0,,adjusted
2022-05-05,105.336,105.336,97.436,98.836,98.836,46670.0,,adjusted
2022-05-06,95.336,95.816,93.076,93.836,93.836,21265.0,,adjusted
2022-05-09,92.336,93.076,87.216,88.036,88.036,29007.0,,adjusted
2022-05-10,84.336,90.546,83.366,88.336,88.336,29580.0,,adjusted
2022-05-11,88.546,97.336,87.416,96.136,96.136,39360.0,,adjusted
2022-05-12,94.336,96.066,93.316,94.936,94.936,19053.0,,adjusted
2022-05-13,94.996,95.946,93.106,94.136,94.136,12375.0,,adjusted
2022-05-16,93.106,100.146,93.106,96.986,96.986,30378.0,,adjusted
2022-05-17,95.556,99.556,95.556,98.836,98.836,22803.0,,adjusted
2022-05-18,100.276,100.326,95.486,97.276,97.276,23283.0,,adjusted
2022-05-19,95.036,96.986,94.216,95.326,95.326,25766.0,,adjusted
2022-05-20,95.746,100.136,94.836,98.036,98.036,28092.0,,adjusted
2022-05-23,98.206,98.936,95.346,96.326,96.326,18208.0,,adjusted
2022-05-24,95.696,101.336,94.746,96.636,96.636,31050.0,,adjusted
2022-05-25,95.336,96.726,92.546,93.346,93.346,23367.0,,adjusted
2022-05-26,93.396,95.196,90.176,92.846,92.846,19262.0,,adjusted
2022-05-27,93.836,99.336,93.476,96.426,96.426,32665.0,,adjusted
2022-05-30,96.136,104.236,95.436,102.836,102.836,40638.0,,adjusted
2022-05-31,101.296,113.486,101.136,113.486,113.486,60506.0,,adjusted
2022-06-01,113.636,116.586,111.096,112.336,112.336,46088.0,,adjusted
2022-06-02,112.566,113.336,108.536,110.286,110.286,30221.0,,adjusted
2022-06-06,107.576,112.896,107.576,111.836,111.836,46150.0,,adjusted
2022-06-07,111.386,116.316,109.446,114.436,114.436,38679.0,,adjusted
2022-06-08,114.236,114.236,109.936,112.186,112.186,28166.0,,adjusted
2022-06-09,112.536,113.116,107.936,108.636,108.636,27862.0,,adjusted
2022-06-10,107.296,108.936,105.836,108.156,108.156,22757.0,,adjusted
2022-06-13,107.026,107.436,101.716,104.856,104.856,52083.0,,adjusted
2022-06-14,103.966,106.726,102.586,106.696,106.696,28149.0,,adjusted
2022-06-15,106.386,109.786,104.436,107.886,107.886,34195.0,,adjusted
2022-06-16,107.886,111.356,107.236,108.536,108.536,25347.0,,adjusted
2022-06-17,107.436,110.976,103.876,110.766,110.766,41572.0,,adjusted
2022-06-20,110.156,113.766,109.986,112.436,112.436,43277.0,,adjusted
2022-06-21,112.436,121.436,110.446,115.446,115.446,64289.0,,adjusted
2022-06-22,115.466,118.986,106.726,106.936,106.936,62118.0,,adjusted
2022-06-23,106.936,109.926,104.756,107.376,107.376,38634.0,,adjusted
2022-06-24,107.506,110.306,105.606,108.826,108.826,44197.0,,adjusted
2022-06-27,109.936,115.916,109.036,113.256,113.256,54093.0,,adjusted
2022-06-28,113.036,113.036,107.636,111.096,111.096,40690.0,,adjusted
2022-06-29,111.096,114.306,109.486,112.336,112.336,40356.0,,adjusted
2022-06-30,112.456,122.436,112.456,119.326,119.326,55523.0,,adjusted
2022-07-01,119.116,123.566,118.436,121.886,121.886,41997.0,,adjusted
2022-07-04,119.656,121.436,118.126,120.386,120.386,38676.0,,adjusted
2022-07-05,120.436,123.936,115.436,119.296,119.296,41274.0,,adjusted
2022-07-06,118.426,119.116,112.536,114.486,114.486,42034.0,,adjusted
2022-07-07,114.486,115.136,107.936,109.356,109.356,54891.0,,adjusted
2022-07-08,109.136,109.346,105.036,106.436,106.436,61476.0,,adjusted
2022-07-11,106.436,106.436,102.026,102.936,102.936,41514.0,,adjusted
2022-07-12,102.226,104.506,99.236,99.896,99.896,41593.0,,adjusted
2022-07-13,100.086,101.046,98.326,100.516,100.516,31824.0,,adjusted
2022-07-14,102.416,102.816,98.416,99.286,99.286,42121.0,,adjusted
2022-07-15,97.436,102.816,97.436,100.286,100.286,42819.0,,adjusted
2022-07-18,99.436,99.936,96.046,98.336,98.336,35819.0,,adjusted
2022-07-19,97.446,98.926,96.436,97.336,97.336,24978.0,,adjusted
2022-07-20,97.576,98.766,96.706,97.846,97.846,26338.0,,adjusted
2022-07-21,97.746,98.226,96.116,96.116,96.116,25956.0,,adjusted
2022-07-22,96.616,96.846,93.436,94.496,94.496,38384.0,,adjusted
2022-07-25,95.276,96.956,93.266,94.856,94.856,39305.0,,adjusted
2022-07-26,94.456,96.136,93.836,94.286,94.286,29275.0,,adjusted
2022-07-27,94.036,95.446,93.286,94.786,94.786,26230.0,,adjusted
2022-07-28,94.816,96.416,93.816,94.196,94.196,30328.0,,adjusted
2022-07-29,94.316,94.436,89.916,89.946,89.946,41204.0,,adjusted
2022-08-01,89.596,94.206,89.436,91.436,91.436,42475.0,,adjusted
2022-08-02,90.326,90.326,86.436,87.506,87.506,43326.0,,adjusted
2022-08-03,87.506,89.936,86.946,87.686,87.686,32371.0,,adjusted
2022-08-04,88.416,89.036,86.446,87.386,87.386,28463.0,,adjusted
2022-08-05,87.786,88.226,86.436,88.186,88.186,35325.0,,adjusted
2022-08-08,88.036,88.806,86.586,86.986,86.986,31078.0,,adjusted
2022-08-09,87.396,88.686,84.536,88.416,88.416,51824.0,,adjusted
2022-08-10,87.426,88.266,84.306,84.456,84.456,62925.0,,adjusted
2022-08-11,84.746,91.036,84.486,90.436,90.436,80374.0,,adjusted
2022-08-12,90.496,93.916,89.436,91.316,91.316,62560.0,,adjusted
2022-08-15,89.606,90.806,88.906,90.726,90.726,37380.0,,adjusted
2022-08-16,91.336,91.336,89.646,90.286,90.286,25864.0,,adjusted
2022-08-17,89.936,90.736,88.746,90.166,90.166,30074.0,,adjusted
2022-08-18,90.356,90.356,87.436,87.836,87.836,35778.0,,adjusted
2022-08-19,87.786,88.936,86.446,86.796,86.796,27882.0,,adjusted
2022-08-22,86.066,88.106,85.006,87.586,87.586,23655.0,,adjusted
2022-08-23,86.886,87.586,85.226,85.756,85.756,35441.0,,adjusted
2022-08-24,85.606,86.316,82.036,82.236,82.236,43142.0,,adjusted
2022-08-25,82.436,83.636,80.456,83.336,83.336,33425.0,,adjusted
2022-08-26,83.136,84.186,80.506,81.236,81.236,32253.0,,adjusted
2022-08-29,78.436,81.146,77.976,79.236,79.236,46239.0,,adjusted
2022-08-30,79.186,80.036,77.426,78.116,78.116,34743.0,,adjusted
2022-08-31,77.646,79.736,76.736,79.036,79.036,40999.0,,adjusted
2022-09-01,79.036,80.716,78.056,79.126,79.126,32396.0,,adjusted
2022-09-02,79.126,79.126,76.496,77.236,77.236,31862.0,,adjusted
2022-09-05,76.936,77.446,74.656,75.826,75.826,32268.0,,adjusted
2022-09-06,76.046,77.266,74.646,75.046,75.046,35596.0,,adjusted
2022-09-07,75.026,75.026,72.916,73.096,73.096,61524.0,,adjusted
2022-09-08,73.256,73.646,71.236,71.246,71.246,63806.0,,adjusted
2022-09-09,71.246,72.636,70.616,72.276,72.276,63270.0,,adjusted
2022-09-13,72.376,74.016,71.936,72.546,72.546,44850.0,,adjusted
2022-09-14,70.676,72.186,70.436,71.426,71.426,25008.0,,adjusted
2022-09-15,71.866,72.846,69.326,69.816,69.816,47012.0,,adjusted
2022-09-16,70.346,70.396,67.956,67.956,67.956,43597.0,,adjusted
2022-09-19,67.636,68.366,66.726,67.276,67.276,35494.0,,adjusted
2022-09-20,67.426,68.216,66.886,67.866,67.866,27114.0,,adjusted
2022-09-21,67.486,67.486,65.546,66.706,66.706,33113.0,,adjusted
2022-09-22,66.746,66.826,64.886,65.226,65.226,37144.0,,adjusted
2022-09-23,65.236,65.766,63.536,64.206,64.206,29916.0,,adjusted
2022-09-26,63.976,65.806,63.626,64.856,64.856,36546.0,,adjusted
2022-09-27,65.636,67.506,64.656,67.496,67.496,50194.0,,adjusted
2022-09-28,67.276,68.316,65.036,65.436,65.436,29330.0,,adjusted
2022-09-29,66.436,68.536,65.246,65.706,65.706,50404.0,,adjusted
2022-09-30,66.396,66.396,63.836,64.136,64.136,34198.0,,adjusted
2022-10-10,64.436,64.906,61.546,61.776,61.776,34793.0,,adjusted
2022-10-11,61.746,62.786,59.936,62.626,62.626,34196.0,,adjusted
2022-10-12,62.136,64.016,60.646,63.776,63.776,30915.0,,adjusted
2022-10-13,63.346,66.876,63.276,63.666,63.666,37165.0,,adjusted
2022-10-14,64.216,68.916,63.786,67.426,67.426,66001.0,,adjusted
2022-10-17,66.336,68.876,66.316,67.356,67.356,37632.0,,adjusted
2022-10-18,67.686,67.936,66.316,66.686,66.686,26898.0,,adjusted
2022-10-19,66.356,67.336,64.696,64.716,64.716,31115.0,,adjusted
2022-10-20,64.096,66.616,64.036,64.786,64.786,31867.0,,adjusted
2022-10-21,64.836,66.126,63.796,64.946,64.946,34152.0,,adjusted
2022-10-24,64.446,64.746,60.096,60.176,60.176,60440.0,,adjusted
2022-10-25,59.766,61.426,58.096,58.976,58.976,47570.0,,adjusted
2022-10-26,58.976,64.026,58.936,63.176,63.176,63955.0,,adjusted
2022-10-27,63.176,64.296,62.136,62.266,62.266,38045.0,,adjusted
2022-10-28,61.936,62.906,58.616,58.936,58.936,38948.0,,adjusted
2022-10-31,55.436,57.566,53.546,55.736,55.736,79295.0,,adjusted
2022-11-01,55.776,61.566,55.776,61.566,61.566,62707.0,,adjusted
2022-11-02,62.686,66.036,62.686,64.326,64.326,82470.0,,adjusted
2022-11-03,64.336,64.546,62.686,63.876,63.876,43585.0,,adjusted
2022-11-04,64.016,67.486,63.936,66.096,66.096,59477.0,,adjusted
2022-11-07,65.736,67.626,65.136,66.636,66.636,44327.0,,adjusted
2022-11-08,66.656,66.796,64.996,65.556,65.556,26429.0,,adjusted
2022-11-09,65.516,66.236,64.756,64.906,64.906,24848.0,,adjusted
2022-11-10,64.836,65.316,63.136,63.376,63.376,32970.0,,adjusted
2022-11-11,65.806,67.526,64.846,66.456,66.456,53772.0,,adjusted
2022-11-14,68.716,70.926,66.496,67.026,67.026,82945.0,,adjusted
2022-11-15,67.136,72.936,65.916,72.616,72.616,101269.0,,adjusted
2022-11-16,72.336,74.816,71.436,73.496,73.496,88665.0,,adjusted
2022-11-17,73.436,74.996,71.506,74.996,74.996,61260.0,,adjusted
2022-11-18,74.986,75.346,72.586,72.936,72.936,49839.0,,adjusted
2022-11-21,71.836,72.426,70.156,71.456,71.456,40167.0,,adjusted
2022-11-22,71.416,71.826,69.636,70.026,70.026,30311.0,,adjusted
2022-11-23,70.186,70.536,66.916,67.966,67.966,43226.0,,adjusted
2022-11-24,68.316,69.916,68.016,69.456,69.456,32068.0,,adjusted
2022-11-25,69.216,70.886,68.356,68.896,68.896,27406.0,,adjusted
2022-11-28,66.456,68.336,65.816,68.236,68.236,33857.0,,adjusted
2022-11-29,69.446,72.226,68.236,72.076,72.076,46356.0,,adjusted
2022-11-30,71.236,71.796,69.446,69.476,69.476,37668.0,,adjusted
2022-12-01,71.436,73.436,70.456,71.116,71.116,44357.0,,adjusted
2022-12-02,71.066,72.516,70.236,71.286,71.286,26143.0,,adjusted
2022-12-05,72.046,77.886,71.486,77.546,77.546,79683.0,,adjusted
2022-12-06,77.006,79.656,75.746,77.346,77.346,62324.0,,adjusted
2022-12-07,76.956,77.956,75.316,76.516,76.516,39783.0,,adjusted
2022-12-08,76.516,78.866,75.036,78.636,78.636,43938.0,,adjusted
2022-12-09,78.736,81.446,77.436,81.336,81.336,63281.0,,adjusted
2022-12-12,80.496,82.836,78.936,79.436,79.436,51139.0,,adjusted
2022-12-13,78.936,80.616,77.746,79.346,79.346,21996.0,,adjusted
2022-12-14,78.316,80.936,78.266,80.686,80.686,30775.0,,adjusted
2022-12-15,81.386,84.106,79.366,79.516,79.516,44697.0,,adjusted
2022-12-16,79.126,80.366,76.756,77.336,77.336,51377.0,,adjusted
2022-12-19,77.346,77.836,75.446,76.226,76.226,29722.0,,adjusted
2022-12-20,76.326,76.706,73.336,74.206,74.206,28617.0,,adjusted
2022-12-21,74.746,75.886,73.926,74.486,74.486,19642.0,,adjusted
2022-12-22,74.606,76.976,74.316,75.036,75.036,35387.0,,adjusted
2022-12-23,74.036,74.586,72.596,73.626,73.626,25773.0,,adjusted
2022-12-26,73.626,74.116,72.636,72.826,72.826,22011.0,,adjusted
2022-12-27,73.266,75.106,72.926,74.856,74.856,30157.0,,adjusted
2022-12-28,74.826,74.986,71.516,72.736,72.736,35133.0,,adjusted
2022-12-29,73.316,73.326,70.566,70.666,70.666,23757.0,,adjusted
2022-12-30,71.096,71.826,70.196,70.376,70.376,18462.0,,adjusted
2023-01-03,70.116,70.766,68.326,70.336,70.336,36636.0,,adjusted
2023-01-04,70.016,72.936,70.016,70.926,70.926,40689.0,,adjusted
2023-01-05,71.316,74.826,70.736,74.406,74.406,57708.0,,adjusted
2023-01-06,74.026,74.936,72.946,72.966,72.966,31557.0,,adjusted
2023-01-09,73.056,74.336,72.446,73.076,73.076,24622.0,,adjusted
2023-01-10,72.986,74.206,72.116,73.686,73.686,27414.0,,adjusted
2023-01-11,74.436,74.446,72.136,72.226,72.226,28450.0,,adjusted
2023-01-12,71.916,72.726,71.386,71.936,71.936,20075.0,,adjusted
2023-01-13,72.006,79.386,71.536,79.386,79.386,112723.0,,adjusted
2023-01-16,80.816,87.236,79.946,86.516,86.516,143252.0,,adjusted
2023-01-17,87.286,87.536,84.316,85.686,85.686,62608.0,,adjusted
2023-01-18,85.696,86.486,81.216,81.636,81.636,69400.0,,adjusted
2023-01-19,82.296,86.436,80.636,86.016,86.016,65064.0,,adjusted
2023-01-20,85.486,88.836,84.436,84.686,84.686,53367.0,,adjusted
2023-01-30,86.136,86.436,82.766,83.506,83.506,49654.0,,adjusted
2023-01-31,84.086,85.676,82.636,84.636,84.636,46450.0,,adjusted
2023-02-01,85.046,89.936,83.866,89.016,89.016,61860.0,,adjusted
2023-02-02,89.016,92.016,86.536,88.706,88.706,60390.0,,adjusted
2023-02-03,88.586,90.416,85.736,90.236,90.236,56606.0,,adjusted
2023-02-06,88.826,88.996,84.516,87.036,87.036,58101.0,,adjusted
2023-02-07,86.866,91.336,86.246,91.136,91.136,65334.0,,adjusted
2023-02-08,91.836,95.816,89.436,93.856,93.856,58496.0,,adjusted
2023-02-09,92.636,96.706,90.886,94.446,94.446,56458.0,,adjusted
2023-02-10,93.666,94.876,91.386,92.066,92.066,36970.0,,adjusted
2023-02-13,91.936,94.236,91.116,92.056,92.056,35001.0,,adjusted
2023-02-14,91.736,94.246,91.236,92.516,92.516,31376.0,,adjusted
2023-02-15,91.956,92.236,88.076,88.736,88.736,53439.0,,adjusted
2023-02-16,88.436,89.016,85.166,85.986,85.986,51804.0,,adjusted
2023-02-17,86.526,87.696,84.836,85.206,85.206,37217.0,,adjusted
2023-02-20,85.196,91.016,84.636,91.016,91.016,62932.0,,adjusted
2023-02-21,90.316,91.786,89.716,90.736,90.736,30701.0,,adjusted
2023-02-22,89.706,91.606,87.526,90.286,90.286,42176.0,,adjusted
2023-02-23,90.906,94.096,90.216,90.316,90.316,39255.0,,adjusted
2023-02-24,90.466,91.066,89.316,90.036,90.036,23472.0,,adjusted
2023-02-27,88.636,89.436,86.986,87.646,87.646,29212.0,,adjusted
2023-02-28,88.206,88.206,85.586,87.846,87.846,31912.0,,adjusted
2023-03-01,87.536,92.376,86.186,89.796,89.796,43071.0,,adjusted
2023-03-02,88.836,90.276,88.236,88.816,88.816,20313.0,,adjusted
2023-03-03,88.826,90.916,87.036,87.186,87.186,21708.0,,adjusted
2023-03-06,87.186,87.856,82.636,83.696,83.696,61319.0,,adjusted
2023-03-07,83.786,85.316,80.436,80.646,80.646,45634.0,,adjusted
2023-03-08,80.396,81.266,79.436,79.806,79.806,21754.0,,adjusted
2023-03-09,79.856,80.286,78.036,78.476,78.476,27310.0,,adjusted
2023-03-10,77.646,77.936,76.056,76.326,76.326,36979.0,,adjusted
2023-03-13,76.526,79.236,76.526,78.066,78.066,39458.0,,adjusted
2023-03-14,78.066,79.416,76.996,78.766,78.766,33485.0,,adjusted
2023-03-15,78.966,80.936,78.846,80.856,80.856,35658.0,,adjusted
2023-03-16,80.136,80.866,78.446,79.826,79.826,29065.0,,adjusted
2023-03-17,80.706,80.816,76.796,78.136,78.136,46954.0,,adjusted
2023-03-20,77.436,77.636,75.036,75.666,75.666,44325.0,,adjusted
2023-03-21,76.936,80.436,76.136,79.936,79.936,39155.0,,adjusted
2023-03-22,79.896,80.936,78.946,79.426,79.426,25614.0,,adjusted
2023-03-23,78.436,81.636,78.436,81.266,81.266,41475.0,,adjusted
2023-03-24,81.306,87.416,80.936,83.926,83.926,65567.0,,adjusted
2023-03-27,83.596,86.276,83.036,83.826,83.826,45025.0,,adjusted
2023-03-28,84.436,84.566,80.876,81.136,81.136,28463.0,,adjusted
2023-03-29,81.686,82.566,79.436,80.156,80.156,31124.0,,adjusted
2023-03-30,80.206,83.956,79.136,82.746,82.746,45139.0,,adjusted
2023-03-31,82.736,82.736,79.786,80.036,80.036,38785.0,,adjusted
2023-04-03,79.936,82.736,77.486,77.846,77.846,66480.0,,adjusted
2023-04-04,77.856,78.936,76.086,78.336,78.336,49526.0,,adjusted
2023-04-06,77.976,79.916,76.696,78.036,78.036,35850.0,,adjusted
2023-04-07,78.436,79.846,77.036,79.476,79.476,35406.0,,adjusted
2023-04-10,80.606,82.036,78.936,79.846,79.846,35912.0,,adjusted
2023-04-11,79.826,83.036,79.046,80.826,80.826,41904.0,,adjusted
2023-04-12,80.436,81.316,77.946,78.946,78.946,36956.0,,adjusted
2023-04-13,78.736,78.826,77.466,77.796,77.796,24574.0,,adjusted
2023-04-14,77.796,79.886,76.936,79.306,79.306,29375.0,,adjusted
2023-04-17,78.926,81.906,78.826,80.206,80.206,27885.0,,adjusted
2023-04-18,79.716,80.036,78.266,78.586,78.586,19382.0,,adjusted
2023-04-19,78.326,79.146,76.516,76.986,76.986,30573.0,,adjusted
2023-04-20,76.656,78.836,76.246,78.136,78.136,31619.0,,adjusted
2023-04-21,78.036,78.536,73.436,73.686,73.686,39407.0,,adjusted
2023-04-24,73.666,74.206,70.346,71.046,71.046,50503.0,,adjusted
2023-04-25,71.386,71.386,68.116,70.016,70.016,53986.0,,adjusted
2023-04-26,70.436,70.626,68.566,68.686,68.686,27768.0,,adjusted
2023-04-27,67.436,68.706,66.606,68.306,68.306,66736.0,,adjusted
2023-04-28,68.436,69.936,66.526,66.936,66.936,36777.0,,adjusted
2023-05-04,67.046,71.286,66.936,68.436,68.436,58389.0,,adjusted
2023-05-05,67.726,68.416,66.236,66.476,66.476,30317.0,,adjusted
2023-05-08,66.426,66.906,64.456,64.766,64.766,45773.0,,adjusted
2023-05-09,64.756,65.916,63.066,63.916,63.916,34532.0,,adjusted
2023-05-10,63.936,66.186,63.836,65.136,65.136,32154.0,,adjusted
2023-05-11,64.936,65.266,64.136,64.706,64.706,19859.0,,adjusted
2023-05-12,64.936,65.896,63.816,64.396,64.396,25057.0,,adjusted
2023-05-15,64.436,64.916,63.596,64.696,64.696,22506.0,,adjusted
2023-05-16,65.016,65.036,63.766,63.936,63.936,20035.0,,adjusted
2023-05-17,64.316,64.316,62.266,62.546,62.546,37063.0,,adjusted
2023-05-18,62.606,64.926,62.606,64.186,64.186,43552.0,,adjusted
2023-05-19,64.306,69.246,63.836,68.396,68.396,73834.0,,adjusted
2023-05-22,68.336,72.626,67.936,72.316,72.316,84093.0,,adjusted
2023-05-23,71.496,73.186,71.016,72.346,72.346,44014.0,,adjusted
2023-05-24,71.596,72.286,70.236,71.086,71.086,39728.0,,adjusted
2023-05-25,70.216,71.156,68.436,69.486,69.486,34529.0,,adjusted
2023-05-26,69.636,71.066,68.286,70.396,70.396,27101.0,,adjusted
2023-05-29,70.436,70.936,68.326,69.176,69.176,37898.0,,adjusted
2023-05-30,69.326,70.706,66.796,68.206,68.206,34339.0,,adjusted
2023-05-31,68.436,69.796,66.306,66.676,66.676,28990.0,,adjusted
2023-06-01,66.646,69.816,65.116,67.646,67.646,30715.0,,adjusted
2023-06-02,67.736,74.176,67.416,72.746,72.746,70634.0,,adjusted
2023-06-05,72.436,72.436,69.546,71.656,71.656,51823.0,,adjusted
2023-06-06,71.636,72.656,69.736,70.126,70.126,35067.0,,adjusted
2023-06-07,70.176,70.916,68.236,68.656,68.656,25884.0,,adjusted
2023-06-08,68.756,70.246,68.336,70.036,70.036,33162.0,,adjusted
2023-06-09,70.516,70.636,65.766,66.066,66.066,53322.0,,adjusted
2023-06-12,65.436,70.436,64.666,69.416,69.416,55164.0,,adjusted
2023-06-13,69.336,69.336,66.296,67.166,67.166,38214.0,,adjusted
2023-06-14,67.316,68.816,66.586,67.516,67.516,24350.0,,adjusted
2023-06-15,67.516,71.836,67.376,71.276,71.276,49927.0,,adjusted
2023-06-16,71.276,72.786,70.846,72.196,72.196,51392.0,,adjusted
2023-06-19,72.196,72.756,70.336,70.366,70.366,33004.0,,adjusted
2023-06-20,70.366,76.826,69.646,75.336,75.336,94695.0,,adjusted
2023-06-21,75.016,76.176,72.896,73.336,73.336,56741.0,,adjusted
2023-06-26,75.336,77.686,73.296,73.996,73.996,72503.0,,adjusted
2023-06-27,74.006,77.986,72.796,77.926,77.926,68610.0,,adjusted
2023-06-28,77.336,78.856,76.016,76.746,76.746,36690.0,,adjusted
2023-06-29,76.316,77.836,74.586,76.826,76.826,37440.0,,adjusted
2023-06-30,77.236,78.316,75.716,76.106,76.106,33129.0,,adjusted
2023-07-03,76.836,83.336,75.746,79.936,79.936,69669.0,,adjusted
2023-07-04,79.966,80.966,78.136,78.346,78.346,40623.0,,adjusted
2023-07-05,77.926,78.086,75.626,75.686,75.686,42322.0,,adjusted
2023-07-06,75.336,76.806,74.566,75.626,75.626,30988.0,,adjusted
2023-07-07,75.396,75.396,73.786,74.296,74.296,23866.0,,adjusted
2023-07-10,74.636,75.156,73.216,74.186,74.186,24996.0,,adjusted
2023-07-11,74.186,74.736,72.826,73.326,73.326,24889.0,,adjusted
2023-07-12,72.886,75.816,72.066,74.166,74.166,37167.0,,adjusted
2023-07-13,74.166,74.946,72.966,73.936,73.936,26172.0,,adjusted
2023-07-14,73.936,73.946,71.336,71.386,71.386,33412.0,,adjusted
2023-07-17,71.396,72.816,70.946,71.936,71.936,18161.0,,adjusted
2023-07-18,71.716,72.636,71.336,71.986,71.986,13877.0,,adjusted
2023-07-19,71.946,74.096,71.336,73.386,73.386,30626.0,,adjusted
2023-07-20,73.396,74.156,71.846,72.016,72.016,16293.0,,adjusted
2023-07-21,71.836,72.256,69.486,69.766,69.766,27653.0,,adjusted
2023-07-24,69.806,70.396,68.386,68.716,68.716,26059.0,,adjusted
2023-07-25,69.836,72.836,69.436,72.656,72.656,41641.0,,adjusted
2023-07-26,72.686,73.316,71.396,71.546,71.546,17051.0,,adjusted
2023-07-27,72.126,73.336,71.546,71.996,71.996,23040.0,,adjusted
2023-07-28,71.596,76.276,71.446,75.556,75.556,46922.0,,adjusted
2023-07-31,75.646,77.636,75.016,77.376,77.376,48562.0,,adjusted
2023-08-01,77.076,77.136,76.136,76.606,76.606,21398.0,,adjusted
2023-08-02,76.536,77.646,76.236,76.566,76.566,19234.0,,adjusted
2023-08-03,76.566,76.736,74.836,76.736,76.736,19906.0,,adjusted
2023-08-04,77.356,78.226,76.936,77.966,77.966,24786.0,,adjusted
2023-08-07,77.686,77.826,75.586,76.076,76.076,20860.0,,adjusted
2023-08-08,76.736,76.736,74.336,74.886,74.886,15791.0,,adjusted
2023-08-09,75.646,75.726,73.656,74.216,74.216,15132.0,,adjusted
2023-08-10,74.576,74.576,72.636,74.356,74.356,16899.0,,adjusted
2023-08-11,73.906,74.516,72.636,72.716,72.716,13770.0,,adjusted
2023-08-14,71.436,72.116,70.746,71.796,71.796,13396.0,,adjusted
2023-08-15,71.466,72.336,69.736,70.426,70.426,15577.0,,adjusted
2023-08-16,70.426,70.976,69.336,69.536,69.536,11867.0,,adjusted
2023-08-17,68.946,71.506,68.896,71.096,71.096,16057.0,,adjusted
2023-08-18,71.336,72.416,70.136,70.336,70.336,13666.0,,adjusted
2023-08-21,70.336,70.826,67.836,67.936,67.936,18969.0,,adjusted
2023-08-22,68.636,68.946,65.646,68.146,68.146,24941.0,,adjusted
2023-08-23,67.906,68.136,66.526,66.656,66.656,17155.0,,adjusted
2023-08-24,66.776,68.406,66.526,66.766,66.766,15728.0,,adjusted
2023-08-25,66.336,67.436,65.056,65.296,65.296,15095.0,,adjusted
2023-08-28,62.006,63.966,58.596,58.596,58.596,73527.0,,adjusted
2023-08-29,54.766,55.336,52.566,53.306,53.306,268503.0,,adjusted
2023-08-30,52.706,53.656,52.226,52.876,52.876,121735.0,,adjusted
2023-08-31,53.196,53.286,51.236,51.366,51.366,111450.0,,adjusted
2023-09-01,51.476,52.096,51.276,51.476,51.476,65452.0,,adjusted
2023-09-04,51.486,52.626,51.316,52.526,52.526,81263.0,,adjusted
2023-09-05,52.426,52.726,52.056,52.606,52.606,49893.0,,adjusted
2023-09-06,52.336,52.336,51.416,51.916,51.916,42281.0,,adjusted
2023-09-07,51.736,51.926,51.106,51.336,51.336,48864.0,,adjusted
2023-09-08,50.896,51.236,50.476,50.646,50.646,25266.0,,adjusted
2023-09-11,50.756,51.196,50.166,50.856,50.856,35762.0,,adjusted
2023-09-12,50.686,51.426,50.336,50.836,50.836,30428.0,,adjusted
2023-09-13,50.606,50.786,49.366,49.936,49.936,45827.0,,adjusted
2023-09-14,50.056,50.076,48.496,48.786,48.786,51042.0,,adjusted
2023-09-15,48.806,48.936,48.056,48.656,48.656,61523.0,,adjusted
2023-09-18,48.536,49.816,48.056,48.396,48.396,71896.0,,adjusted
2023-09-19,48.256,48.526,47.346,47.636,47.636,40736.0,,adjusted
2023-09-20,47.706,47.716,46.846,47.016,47.016,44947.0,,adjusted
2023-09-21,46.836,47.166,46.436,46.496,46.496,37448.0,,adjusted
2023-09-22,46.296,47.686,46.266,47.686,47.686,49180.0,,adjusted
2023-09-25,47.586,48.296,46.786,47.006,47.006,36489.0,,adjusted
2023-09-26,47.016,47.616,46.686,46.766,46.766,34454.0,,adjusted
2023-09-27,46.646,47.996,46.646,47.256,47.256,42092.0,,adjusted
2023-09-28,47.266,47.536,46.736,46.836,46.836,36105.0,,adjusted
2023-10-09,46.826,47.286,46.396,46.506,46.506,34339.0,,adjusted
2023-10-10,46.596,47.246,46.186,46.216,46.216,41516.0,,adjusted
2023-10-11,46.366,47.106,46.236,46.506,46.506,34083.0,,adjusted
2023-10-12,46.636,47.466,46.396,47.126,47.126,38366.0,,adjusted
2023-10-13,46.836,46.896,46.086,46.396,46.396,44743.0,,adjusted
2023-10-16,46.426,46.426,44.856,44.946,44.946,53419.0,,adjusted
2023-10-17,45.126,45.416,44.746,45.036,45.036,34449.0,,adjusted
2023-10-18,44.906,44.936,43.806,43.906,43.906,41216.0,,adjusted
2023-10-19,43.636,44.106,42.936,43.026,43.026,46738.0,,adjusted
2023-10-20,42.836,43.696,42.736,42.876,42.876,39769.0,,adjusted
2023-10-23,42.846,42.846,41.696,41.846,41.846,33286.0,,adjusted
2023-10-24,42.186,42.636,41.756,42.446,42.446,37379.0,,adjusted
2023-10-25,42.846,43.236,41.886,41.886,41.886,46511.0,,adjusted
2023-10-26,41.446,41.826,40.696,41.136,41.136,61321.0,,adjusted
2023-10-27,41.126,43.216,40.996,42.736,42.736,59782.0,,adjusted
2023-10-30,41.506,42.106,41.036,41.956,41.956,84893.0,,adjusted
2023-10-31,41.736,41.836,40.816,41.496,41.496,61969.0,,adjusted
2023-11-01,41.616,42.006,41.156,41.336,41.336,41032.0,,adjusted
2023-11-02,41.416,41.896,40.426,40.426,40.426,47403.0,,adjusted
2023-11-03,40.826,42.916,40.796,42.656,42.656,91527.0,,adjusted
2023-11-06,43.016,44.426,42.606,44.146,44.146,83687.0,,adjusted
2023-11-07,43.936,44.856,43.566,44.746,44.746,58702.0,,adjusted
2023-11-08,44.716,45.306,44.356,44.836,44.836,48579.0,,adjusted
2023-11-09,44.746,45.436,44.486,44.656,44.656,46871.0,,adjusted
2023-11-10,44.386,45.016,44.006,44.606,44.606,36047.0,,adjusted
2023-11-13,44.586,45.216,44.016,44.276,44.276,46885.0,,adjusted
2023-11-14,44.236,44.816,44.016,44.326,44.326,40054.0,,adjusted
2023-11-15,44.666,45.116,44.306,44.446,44.446,39739.0,,adjusted
2023-11-16,44.336,44.666,43.816,43.826,43.826,35105.0,,adjusted
2023-11-17,43.736,44.206,43.336,43.686,43.686,36439.0,,adjusted
2023-11-20,43.916,44.916,43.436,44.506,44.506,49624.0,,adjusted
2023-11-21,44.586,45.396,44.246,44.656,44.656,45038.0,,adjusted
2023-11-22,44.656,44.656,43.236,43.246,43.246,43284.0,,adjusted
2023-11-23,43.176,43.606,42.846,43.506,43.506,27511.0,,adjusted
2023-11-24,43.366,43.536,42.656,42.866,42.866,28431.0,,adjusted
2023-11-27,42.656,42.866,42.096,42.456,42.456,33033.0,,adjusted
2023-11-28,42.506,42.686,41.966,42.256,42.256,27953.0,,adjusted
2023-11-29,42.176,42.336,41.556,41.736,41.736,26559.0,,adjusted
2023-11-30,41.786,42.016,40.996,41.066,41.066,27155.0,,adjusted
2023-12-01,41.066,41.136,39.916,40.686,40.686,43709.0,,adjusted
2023-12-04,40.836,40.986,39.936,39.986,39.986,33167.0,,adjusted
2023-12-05,39.916,39.916,38.726,38.746,38.746,40992.0,,adjusted
2023-12-06,38.336,39.776,38.336,39.126,39.126,38549.0,,adjusted
2023-12-07,39.046,39.126,38.136,38.646,38.646,45595.0,,adjusted
2023-12-08,38.666,38.906,38.216,38.306,38.306,32839.0,,adjusted
2023-12-11,38.186,38.976,37.336,38.756,38.756,36134.0,,adjusted
2023-12-12,38.746,38.916,38.296,38.596,38.596,28379.0,,adjusted
2023-12-13,38.476,38.566,37.566,37.566,37.566,28796.0,,adjusted
2023-12-14,37.776,38.566,37.056,37.166,37.166,39329.0,,adjusted
2023-12-15,37.566,37.936,36.836,36.876,36.876,40011.0,,adjusted
2023-12-18,36.666,37.136,36.206,36.306,36.306,28996.0,,adjusted
2023-12-19,36.186,37.046,36.066,36.636,36.636,23148.0,,adjusted
2023-12-20,36.856,36.856,35.966,36.036,36.036,24336.0,,adjusted
2023-12-21,36.006,37.136,35.666,36.916,36.916,50990.0,,adjusted
2023-12-22,36.666,37.536,36.236,36.766,36.766,55726.0,,adjusted
2023-12-25,36.776,37.706,36.336,37.266,37.266,41693.0,,adjusted
2023-12-26,37.336,37.716,36.886,37.426,37.426,36243.0,,adjusted
2023-12-27,37.236,37.476,36.546,36.906,36.906,37591.0,,adjusted
2023-12-28,36.766,39.856,36.716,39.536,39.536,87803.0,,adjusted
2023-12-29,39.536,40.166,39.346,39.776,39.776,49321.0,,adjusted
2024-01-02,39.836,39.946,38.946,38.976,38.976,33570.0,,adjusted
2024-01-03,38.886,38.966,37.976,38.466,38.466,41370.0,,adjusted
2024-01-04,38.336,38.436,36.716,37.136,37.136,63915.0,,adjusted
2024-01-05,37.046,38.256,36.836,37.236,37.236,57478.0,,adjusted
2024-01-08,37.416,37.416,36.076,36.106,36.106,38945.0,,adjusted
2024-01-09,36.196,37.916,36.176,36.926,36.926,48113.0,,adjusted
2024-01-10,36.516,37.886,36.276,37.136,37.136,44725.0,,adjusted
2024-01-11,36.916,38.216,36.576,37.986,37.986,47011.0,,adjusted
2024-01-12,37.696,38.306,37.186,37.466,37.466,39780.0,,adjusted
2024-01-15,37.216,37.586,36.686,37.166,37.166,31564.0,,adjusted
2024-01-16,37.046,37.796,36.736,37.526,37.526,41195.0,,adjusted
2024-01-17,37.336,37.516,36.416,36.416,36.416,35980.0,,adjusted
2024-01-18,35.826,36.596,35.176,36.496,36.496,52994.0,,adjusted
2024-01-19,36.246,37.236,36.156,36.576,36.576,36934.0,,adjusted
2024-01-22,36.536,36.536,34.036,34.286,34.286,53759.0,,adjusted
2024-01-23,33.976,35.366,33.876,35.066,35.066,43657.0,,adjusted
2024-01-24,35.426,35.786,34.236,35.356,35.356,43225.0,,adjusted
2024-01-25,35.376,35.966,34.946,35.846,35.846,42838.0,,adjusted
2024-01-26,35.636,36.416,34.686,35.076,35.076,47522.0,,adjusted
2024-01-29,35.076,35.366,33.756,33.776,33.776,42952.0,,adjusted
2024-01-30,33.486,33.576,32.136,32.136,32.136,48897.0,,adjusted
2024-01-31,31.496,32.086,30.246,30.306,30.306,55263.0,,adjusted
2024-02-01,30.286,30.666,29.596,29.936,29.936,49077.0,,adjusted
2024-02-02,29.946,30.216,27.486,28.586,28.586,64944.0,,adjusted
2024-02-05,28.576,28.726,26.136,26.856,26.856,68558.0,,adjusted
2024-02-06,26.856,29.216,26.096,29.066,29.066,75468.0,,adjusted
2024-02-07,29.156,31.906,28.986,30.786,30.786,107352.0,,adjusted
2024-02-08,30.916,31.536,30.196,31.336,31.336,81515.0,,adjusted
2024-02-19,31.846,32.536,31.306,31.906,31.906,72514.0,,adjusted
2024-02-20,31.706,32.736,31.396,32.426,32.426,44993.0,,adjusted
2024-02-21,32.296,34.656,32.166,33.716,33.716,56078.0,,adjusted
2024-02-22,33.726,34.016,33.286,33.806,33.806,38771.0,,adjusted
2024-02-23,33.866,34.526,33.586,34.316,34.316,51801.0,,adjusted
2024-02-26,34.966,36.386,34.616,35.686,35.686,84006.0,,adjusted
2024-02-27,35.476,35.816,35.056,35.776,35.776,66248.0,,adjusted
2024-02-28,35.756,37.036,34.236,34.236,34.236,95252.0,,adjusted
2024-02-29,33.636,35.666,33.636,35.666,35.666,50607.0,,adjusted
2024-03-01,35.736,37.516,35.736,37.396,37.396,87034.0,,adjusted
2024-03-04,37.626,38.116,36.756,37.246,37.246,63271.0,,adjusted
2024-03-05,36.766,37.226,36.516,36.726,36.726,49753.0,,adjusted
2024-03-06,36.496,37.736,36.236,37.246,37.246,58185.0,,adjusted
2024-03-07,37.596,37.836,36.206,36.216,36.216,55853.0,,adjusted
2024-03-08,36.226,36.726,35.686,36.036,36.036,39772.0,,adjusted
2024-03-11,36.126,36.896,35.936,36.886,36.886,40290.0,,adjusted
2024-03-12,37.076,38.556,36.516,38.386,38.386,68957.0,,adjusted
2024-03-13,38.386,38.706,37.606,38.336,38.336,47921.0,,adjusted
2024-03-14,38.156,39.176,37.856,38.136,38.136,45930.0,,adjusted
2024-03-15,38.036,38.416,37.436,37.996,37.996,34500.0,,adjusted
2024-03-18,38.036,38.266,36.556,37.066,37.066,73796.0,,adjusted
2024-03-19,36.936,36.936,36.456,36.466,36.466,48311.0,,adjusted
2024-03-20,36.636,36.756,35.786,36.186,36.186,47627.0,,adjusted
2024-03-21,36.176,36.316,35.266,35.886,35.886,50546.0,,adjusted
2024-03-22,35.486,35.806,34.786,34.786,34.786,40811.0,,adjusted
2024-03-25,34.666,35.606,34.156,34.336,34.336,48041.0,,adjusted
2024-03-26,34.366,35.006,34.096,34.816,34.816,40020.0,,adjusted
2024-03-27,34.796,34.806,33.336,33.376,33.376,35534.0,,adjusted
2024-03-28,33.336,34.406,33.266,33.906,33.906,33405.0,,adjusted
2024-03-29,33.946,34.226,33.636,33.976,33.976,25382.0,,adjusted
2024-04-01,34.166,35.016,34.166,34.756,34.756,34983.0,,adjusted
2024-04-02,34.836,34.836,33.446,33.586,33.586,43013.0,,adjusted
2024-04-03,33.386,33.726,32.286,32.326,32.326,55154.0,,adjusted
2024-04-08,32.326,32.326,31.086,31.096,31.096,50169.0,,adjusted
2024-04-09,31.036,32.546,31.036,32.446,32.446,45976.0,,adjusted
2024-04-10,32.446,32.526,31.696,32.006,32.006,34487.0,,adjusted
2024-04-11,31.816,32.936,31.446,32.506,32.506,36669.0,,adjusted
2024-04-12,32.506,33.776,32.456,32.516,32.516,49744.0,,adjusted
2024-04-15,32.336,32.896,31.356,31.796,31.796,43032.0,,adjusted
2024-04-16,31.566,31.816,30.596,30.756,30.756,39638.0,,adjusted
2024-04-17,31.096,32.646,30.886,32.506,32.506,46769.0,,adjusted
2024-04-18,32.496,34.496,32.146,33.646,33.646,74941.0,,adjusted
2024-04-19,33.126,37.176,32.786,37.176,37.176,150236.0,,adjusted
2024-04-22,37.736,41.056,37.336,39.716,39.716,189218.0,,adjusted
2024-04-23,39.336,40.626,39.216,40.186,40.186,107131.0,,adjusted
2024-04-24,39.896,40.136,39.136,40.136,40.136,86620.0,,adjusted
2024-04-25,40.046,42.086,39.856,40.736,40.736,92827.0,,adjusted
2024-04-26,40.536,40.836,39.756,39.866,39.866,90717.0,,adjusted
2024-04-29,42.336,44.016,42.336,44.016,44.016,91277.0,,adjusted
2024-04-30,44.436,48.536,44.336,47.886,47.886,194645.0,,adjusted
2024-05-06,47.886,50.616,47.876,49.036,49.036,171984.0,,adjusted
2024-05-07,49.336,49.886,47.896,48.206,48.206,111180.0,,adjusted
2024-05-08,48.086,48.836,46.996,47.586,47.586,87894.0,,adjusted
2024-05-09,47.536,50.876,46.936,50.536,50.536,148410.0,,adjusted
2024-05-10,49.936,55.756,49.536,55.756,55.756,184625.0,,adjusted
2024-05-13,55.136,61.186,54.046,59.946,59.946,207273.0,,adjusted
2024-05-14,58.776,59.736,56.926,57.436,57.436,148074.0,,adjusted
2024-05-15,58.216,59.426,56.216,58.936,58.936,153985.0,,adjusted
2024-05-16,57.726,57.806,53.046,53.546,53.546,204952.0,,adjusted
2024-05-17,52.336,53.936,50.936,52.386,52.386,172373.0,,adjusted
2024-05-20,52.196,52.836,50.876,51.376,51.376,140131.0,,adjusted
2024-05-21,50.896,53.286,50.836,52.366,52.366,143338.0,,adjusted
2024-05-22,52.366,52.796,50.336,50.856,50.856,124272.0,,adjusted
2024-05-23,50.226,51.916,50.086,51.446,51.446,98723.0,,adjusted
2024-05-24,51.146,52.216,50.336,50.536,50.536,79573.0,,adjusted
2024-05-27,50.536,52.026,49.216,51.096,51.096,96766.0,,adjusted
2024-05-28,50.486,51.336,49.536,51.096,51.096,74706.0,,adjusted
2024-05-29,50.426,51.246,49.586,50.136,50.136,55121.0,,adjusted
2024-05-30,49.836,50.226,48.836,49.056,49.056,54098.0,,adjusted
2024-05-31,49.216,49.516,48.216,48.226,48.226,56220.0,,adjusted
2024-06-03,48.726,52.546,48.026,51.326,51.326,122625.0,,adjusted
2024-06-04,51.416,51.916,49.846,51.136,51.136,90848.0,,adjusted
2024-06-05,50.436,51.086,49.206,49.206,49.206,69808.0,,adjusted
2024-06-06,49.226,49.886,48.946,49.166,49.166,52999.0,,adjusted
2024-06-07,49.166,49.486,47.666,48.036,48.036,67847.0,,adjusted
2024-06-11,47.696,48.486,47.126,48.036,48.036,67492.0,,adjusted
2024-06-12,48.036,48.946,47.836,48.496,48.496,54157.0,,adjusted
2024-06-13,48.536,48.726,47.426,47.536,47.536,64617.0,,adjusted
2024-06-14,47.536,49.996,47.536,49.886,49.886,131506.0,,adjusted
2024-06-17,49.146,49.736,48.136,48.646,48.646,83777.0,,adjusted
2024-06-18,48.486,48.926,47.336,47.886,47.886,64530.0,,adjusted
2024-06-19,47.916,48.116,47.236,47.566,47.566,43428.0,,adjusted
2024-06-20,47.336,47.756,46.696,46.696,46.696,38383.0,,adjusted
2024-06-21,46.67,47.56,46.34,47.21,47.21,37843.0,,adjusted
2024-06-24,46.93,49.18,46.51,47.55,47.55,65279.0,,adjusted
2024-06-25,47.56,48.91,47.12,47.38,47.38,66719.0,,adjusted
2024-06-26,47.0,47.38,45.96,46.86,46.86,56013.0,,adjusted
2024-06-27,46.92,48.17,45.98,47.54,47.54,61954.0,,adjusted
2024-06-28,47.03,47.56,45.53,45.81,45.81,82287.0,,adjusted
2024-07-01,45.59,46.07,43.88,44.31,44.31,103617.0,,adjusted
2024-07-02,44.55,44.55,43.53,44.02,44.02,76898.0,,adjusted
2024-07-03,44.31,44.96,43.29,43.39,43.39,44863.0,,adjusted
2024-07-04,43.39,44.22,42.7,42.7,42.7,42232.0,,adjusted
2024-07-05,42.71,43.05,41.84,42.74,42.74,49423.0,,adjusted
2024-07-08,42.63,42.63,40.98,41.31,41.31,45808.0,,adjusted
2024-07-09,41.52,41.65,40.4,41.46,41.46,41351.0,,adjusted
2024-07-10,41.32,41.98,40.75,41.11,41.11,33873.0,,adjusted
2024-07-11,41.63,41.97,40.7,41.53,41.53,56705.0,,adjusted
2024-07-12,41.18,41.53,40.85,41.3,41.3,32682.0,,adjusted
2024-07-15,40.69,40.8,39.72,40.2,40.2,44863.0,,adjusted
2024-07-16,40.09,40.35,39.43,39.83,39.83,55201.0,,adjusted
2024-07-17,40.17,40.69,39.54,39.88,39.88,42934.0,,adjusted
2024-07-18,39.81,39.96,39.18,39.68,39.68,31118.0,,adjusted
2024-07-19,39.73,39.8,39.03,39.34,39.34,42110.0,,adjusted
2024-07-22,39.34,40.29,39.23,39.66,39.66,41967.0,,adjusted
2024-07-23,39.62,39.66,37.78,37.84,37.84,39971.0,,adjusted
2024-07-24,37.74,38.01,36.81,36.86,36.86,49876.0,,adjusted
2024-07-25,36.55,37.28,36.33,36.52,36.52,31656.0,,adjusted
2024-07-26,36.64,39.38,36.64,38.83,38.83,76803.0,,adjusted
2024-07-29,37.94,38.21,36.95,37.49,37.49,59725.0,,adjusted
2024-07-30,37.4,37.48,36.65,37.05,37.05,30437.0,,adjusted
2024-07-31,37.17,39.99,36.8,39.79,39.79,69484.0,,adjusted
2024-08-01,40.44,40.96,39.04,39.36,39.36,81157.0,,adjusted
2024-08-02,38.83,40.04,38.51,38.62,38.62,50451.0,,adjusted
2024-08-05,38.03,39.86,37.51,37.54,37.54,59981.0,,adjusted
2024-08-06,38.47,38.6,37.17,37.71,37.71,40658.0,,adjusted
2024-08-07,37.73,38.3,36.92,36.99,36.99,67449.0,,adjusted
2024-08-08,36.8,36.98,35.96,36.52,36.52,59092.0,,adjusted
2024-08-09,36.88,37.01,36.24,36.29,36.29,34592.0,,adjusted
2024-08-12,36.4,37.39,36.12,36.83,36.83,53375.0,,adjusted
2024-08-13,36.76,36.91,35.98,36.73,36.73,37000.0,,adjusted
2024-08-14,36.64,36.75,35.63,36.57,36.57,47233.0,,adjusted
2024-08-15,36.22,36.73,35.82,36.14,36.14,42913.0,,adjusted
2024-08-16,35.99,36.22,35.63,35.68,35.68,29464.0,,adjusted
2024-08-19,35.63,36.59,35.39,36.4,36.4,46461.0,,adjusted
2024-08-20,36.33,36.42,35.49,35.55,35.55,32832.0,,adjusted
2024-08-21,35.32,35.98,35.08,35.7,35.7,27059.0,,adjusted
2024-08-22,35.15,35.63,35.05,35.22,35.22,26109.0,,adjusted
2024-08-23,34.99,37.1,34.88,36.31,36.31,63673.0,,adjusted
2024-08-26,35.93,37.81,35.93,36.83,36.83,49792.0,,adjusted
2024-08-27,36.43,36.78,36.03,36.56,36.56,35974.0,,adjusted
2024-08-28,36.51,36.68,36.13,36.54,36.54,26858.0,,adjusted
2024-08-29,35.99,37.98,35.36,37.79,37.79,70245.0,,adjusted
2024-08-30,37.43,40.06,37.28,38.8,38.8,88915.0,,adjusted
2024-09-02,39.62,39.9,38.16,38.86,38.86,93383.0,,adjusted
2024-09-03,38.78,40.98,38.57,40.63,40.63,97930.0,,adjusted
2024-09-04,40.24,41.6,39.78,40.83,40.83,72821.0,,adjusted
2024-09-05,40.75,41.24,40.33,41.08,41.08,46097.0,,adjusted
2024-09-06,41.11,42.28,40.38,40.46,40.46,78714.0,,adjusted
2024-09-09,39.83,40.82,39.54,39.77,39.77,53952.0,,adjusted
2024-09-10,39.5,40.33,39.03,39.38,39.38,39166.0,,adjusted
2024-09-11,39.31,40.15,39.08,40.01,40.01,34418.0,,adjusted
2024-09-12,39.8,40.42,39.55,39.7,39.7,31164.0,,adjusted
2024-09-13,39.51,40.04,38.88,38.88,38.88,26371.0,,adjusted
2024-09-18,38.85,39.68,38.44,39.23,39.23,28960.0,,adjusted
2024-09-19,39.28,40.49,38.89,39.85,39.85,42436.0,,adjusted
2024-09-20,39.85,40.02,38.44,39.74,39.74,44200.0,,adjusted
2024-09-23,39.63,41.29,39.43,40.77,40.77,55923.0,,adjusted
2024-09-24,40.77,41.47,39.47,41.12,41.12,74283.0,,adjusted
2024-09-25,41.31,42.07,40.01,40.03,40.03,105444.0,,adjusted
2024-09-26,39.66,43.18,39.29,43.11,43.11,100412.0,,adjusted
2024-09-27,44.0,45.99,43.92,45.46,45.46,82341.0,,adjusted
2024-09-30,47.73,50.03,45.51,49.84,49.84,160202.0,,adjusted
2024-10-08,54.96,54.96,48.5,50.58,50.58,234148.0,,adjusted
2024-10-09,49.11,49.11,45.39,46.31,46.31,160658.0,,adjusted
2024-10-10,46.43,47.72,45.33,45.97,45.97,89080.0,,adjusted
2024-10-11,45.97,47.5,44.64,46.22,46.22,93966.0,,adjusted
2024-10-14,46.23,46.39,44.36,46.03,46.03,80701.0,,adjusted
2024-10-15,45.93,46.26,44.27,44.35,44.35,66610.0,,adjusted
2024-10-16,43.91,44.92,43.29,43.34,43.34,61635.0,,adjusted
2024-10-17,44.01,47.13,44.01,45.68,45.68,154301.0,,adjusted
2024-10-18,45.26,50.39,45.26,49.88,49.88,167659.0,,adjusted
2024-10-21,50.98,53.18,49.92,51.68,51.68,142477.0,,adjusted
2024-10-22,51.15,52.14,50.23,50.52,50.52,83395.0,,adjusted
2024-10-23,50.23,52.12,49.86,51.41,51.41,67525.0,,adjusted
2024-10-24,50.79,51.24,49.44,49.69,49.69,44439.0,,adjusted
2024-10-25,49.69,53.34,49.23,52.96,52.96,82418.0,,adjusted
2024-10-28,53.18,54.92,51.8,54.1,54.1,103703.0,,adjusted
2024-10-29,54.04,55.99,53.34,55.43,55.43,87750.0,,adjusted
2024-10-30,51.63,53.61,49.75,50.52,50.52,250660.0,,adjusted
2024-10-31,49.88,50.9,48.83,50.88,50.88,114174.0,,adjusted
2024-11-01,50.63,51.16,48.48,48.52,48.52,77288.0,,adjusted
2024-11-04,48.61,51.31,48.58,50.38,50.38,78154.0,,adjusted
2024-11-05,50.45,51.61,49.06,50.85,50.85,106668.0,,adjusted
2024-11-06,50.85,53.4,50.23,51.02,51.02,84026.0,,adjusted
2024-11-07,50.69,53.61,50.29,53.24,53.24,76792.0,,adjusted
2024-11-08,53.52,54.3,51.64,52.13,52.13,69066.0,,adjusted
2024-11-11,51.63,52.73,50.63,52.67,52.67,56232.0,,adjusted
2024-11-12,52.42,53.4,50.03,50.48,50.48,77371.0,,adjusted
2024-11-13,50.35,50.43,48.8,49.66,49.66,57122.0,,adjusted
2024-11-14,49.68,50.06,47.43,47.73,47.73,74511.0,,adjusted
2024-11-15,47.19,47.97,45.67,45.87,45.87,67681.0,,adjusted
2024-11-18,46.09,46.26,44.53,44.92,44.92,53732.0,,adjusted
2024-11-19,44.98,46.15,44.76,45.9,45.9,55059.0,,adjusted
2024-11-20,45.9,47.13,45.53,47.01,47.01,51498.0,,adjusted
2024-11-21,46.63,46.83,46.01,46.38,46.38,34151.0,,adjusted
2024-11-22,46.39,47.1,45.23,45.48,45.48,49978.0,,adjusted
2024-11-25,45.53,45.63,44.31,44.84,44.84,40159.0,,adjusted
2024-11-26,44.66,45.37,44.44,44.87,44.87,22901.0,,adjusted
2024-11-27,44.69,47.5,44.51,47.5,47.5,63606.0,,adjusted
2024-11-28,47.63,47.63,46.38,46.73,46.73,35299.0,,adjusted
2024-11-29,46.39,50.63,46.39,49.93,49.93,96921.0,,adjusted
2024-12-02,49.83,51.23,49.61,51.14,51.14,67537.0,,adjusted
2024-12-03,51.13,51.93,50.4,50.58,50.58,63689.0,,adjusted
2024-12-04,50.39,50.83,48.64,49.02,49.02,65011.0,,adjusted
2024-12-05,48.73,49.29,48.33,48.67,48.67,40683.0,,adjusted
2024-12-06,48.67,50.58,48.15,49.49,49.49,62051.0,,adjusted
2024-12-09,49.21,49.83,47.69,48.09,48.09,71217.0,,adjusted
2024-12-10,49.93,50.81,48.78,50.1,50.1,95546.0,,adjusted
2024-12-11,50.11,51.63,49.65,51.22,51.22,76035.0,,adjusted
2024-12-12,50.86,51.32,50.32,50.88,50.88,40447.0,,adjusted
2024-12-13,50.88,50.9,49.44,49.6,49.6,51635.0,,adjusted
2024-12-16,49.6,50.03,48.18,48.76,48.76,39218.0,,adjusted
2024-12-17,48.43,49.03,47.71,48.17,48.17,38933.0,,adjusted
2024-12-18,48.09,49.43,47.66,48.88,48.88,38609.0,,adjusted
2024-12-19,48.13,49.59,47.97,49.36,49.36,30415.0,,adjusted
2024-12-20,49.25,50.5,49.13,49.39,49.39,38362.0,,adjusted
2024-12-23,49.39,49.94,48.31,48.52,48.52,34405.0,,adjusted
2024-12-24,48.52,49.51,48.43,49.03,49.03,22073.0,,adjusted
2024-12-25,49.08,49.13,46.81,47.32,47.32,51128.0,,adjusted
2024-12-26,47.22,48.23,47.13,47.86,47.86,27210.0,,adjusted
2024-12-27,47.89,48.7,47.16,47.36,47.36,33934.0,,adjusted
2024-12-30,47.26,49.23,47.25,47.62,47.62,43535.0,,adjusted
2024-12-31,47.95,48.23,45.63,45.63,45.63,50167.0,,adjusted
2025-01-02,45.63,46.85,44.46,44.88,44.88,46465.0,,adjusted
2025-01-03,45.04,45.59,44.13,44.24,44.24,40956.0,,adjusted
2025-01-06,44.16,44.63,43.64,44.24,44.24,34944.0,,adjusted
2025-01-07,44.31,47.83,44.31,45.95,45.95,55079.0,,adjusted
2025-01-08,45.75,47.33,45.03,46.37,46.37,49746.0,,adjusted
2025-01-09,45.98,46.08,44.29,44.57,44.57,72167.0,,adjusted
2025-01-10,44.56,44.83,43.13,43.13,43.13,35092.0,,adjusted
2025-01-13,42.53,43.12,41.86,42.47,42.47,49067.0,,adjusted
2025-01-14,42.55,43.97,41.96,43.81,43.81,72924.0,,adjusted
2025-01-15,43.82,43.99,42.56,42.66,42.66,51178.0,,adjusted
2025-01-16,42.68,44.13,42.68,43.48,43.48,54464.0,,adjusted
2025-01-17,43.52,44.09,42.68,43.85,43.85,49019.0,,adjusted
2025-01-20,44.03,47.63,44.03,45.57,45.57,152418.0,,adjusted
2025-01-21,45.63,46.78,44.9,46.19,46.19,120459.0,,adjusted
2025-01-22,46.1,46.1,44.3,45.24,45.24,67277.0,,adjusted
2025-01-23,45.41,45.93,43.11,43.12,43.12,108024.0,,adjusted
2025-01-24,42.84,43.21,41.55,41.83,41.83,111054.0,,adjusted
2025-01-27,42.14,42.59,41.28,41.34,41.34,68483.0,,adjusted
2025-02-05,41.65,42.92,41.08,42.76,42.76,81396.0,,adjusted
2025-02-06,42.54,47.17,42.41,47.17,47.17,161159.0,,adjusted
2025-02-07,48.63,50.04,47.99,48.77,48.77,240414.0,,adjusted
2025-02-10,49.13,49.13,47.63,48.1,48.1,100642.0,,adjusted
2025-02-11,48.63,49.13,47.81,48.38,48.38,99665.0,,adjusted
2025-02-12,48.54,52.75,48.54,51.83,51.83,180160.0,,adjusted
2025-02-13,51.31,52.81,50.63,50.71,50.71,147083.0,,adjusted
2025-02-14,50.26,53.37,49.82,52.41,52.41,129131.0,,adjusted
2025-02-17,52.41,53.63,51.91,52.45,52.45,102168.0,,adjusted
2025-02-18,52.33,52.57,51.0,51.41,51.41,76792.0,,adjusted
2025-02-19,51.14,54.56,50.83,54.29,54.29,121456.0,,adjusted
2025-02-20,54.36,56.63,54.13,55.8,55.8,126321.0,,adjusted
2025-02-21,56.18,60.63,55.99,59.65,59.65,142971.0,,adjusted
2025-02-24,60.43,61.33,58.13,60.18,60.18,110077.0,,adjusted
2025-02-25,58.63,60.23,57.98,59.01,59.01,75340.0,,adjusted
2025-02-26,58.63,61.12,58.31,59.51,59.51,82402.0,,adjusted
2025-02-27,59.6,59.82,57.77,58.53,58.53,63088.0,,adjusted
2025-02-28,58.48,59.13,56.44,56.94,56.94,84358.0,,adjusted
2025-03-03,57.13,57.73,55.51,56.53,56.53,69752.0,,adjusted
2025-03-04,56.19,57.13,55.63,56.63,56.63,41267.0,,adjusted
2025-03-05,56.63,57.39,56.33,56.91,56.91,45258.0,,adjusted
2025-03-06,56.91,58.12,56.5,56.67,56.67,64821.0,,adjusted
2025-03-07,56.13,56.5,55.06,55.47,55.47,61023.0,,adjusted
2025-03-10,55.47,57.53,55.23,57.25,57.25,67803.0,,adjusted
2025-03-11,56.69,57.89,56.33,57.77,57.77,71067.0,,adjusted
2025-03-12,58.73,60.61,57.83,57.88,57.88,83928.0,,adjusted
2025-03-13,59.05,62.11,58.58,59.63,59.63,99912.0,,adjusted
2025-03-14,59.13,59.89,57.88,59.78,59.78,71137.0,,adjusted
2025-03-17,60.43,60.93,58.21,59.05,59.05,55882.0,,adjusted
2025-03-18,59.07,64.78,58.93,63.9,63.9,107030.0,,adjusted
2025-03-19,63.12,64.98,62.44,63.66,63.66,65788.0,,adjusted
2025-03-20,63.53,64.49,62.23,62.59,62.59,47356.0,,adjusted
2025-03-21,62.58,67.02,62.28,63.74,63.74,99793.0,,adjusted
2025-03-24,63.34,64.36,61.21,62.43,62.43,65013.0,,adjusted
2025-03-25,62.43,63.47,61.44,62.01,62.01,44011.0,,adjusted
2025-03-26,61.64,62.01,60.29,60.54,60.54,44108.0,,adjusted
2025-03-27,60.31,61.44,60.21,60.83,60.83,25023.0,,adjusted
2025-03-28,60.78,62.85,60.54,60.63,60.63,31957.0,,adjusted
2025-03-31,60.63,61.06,59.64,60.13,60.13,36498.0,,adjusted
2025-04-01,60.38,60.45,57.62,57.75,57.75,58451.0,,adjusted
2025-04-02,57.64,58.1,57.11,57.59,57.59,40712.0,,adjusted
2025-04-03,57.01,57.01,53.18,53.34,53.34,80195.0,,adjusted
2025-04-07,48.98,49.63,47.87,47.87,47.87,32376.0,,adjusted
2025-04-08,45.51,47.58,43.3,44.85,44.85,118749.0,,adjusted
2025-04-09,43.6,44.84,40.93,44.61,44.61,136211.0,,adjusted
2025-04-10,46.46,47.03,44.86,45.73,45.73,140654.0,,adjusted
2025-04-11,45.23,48.59,44.03,48.59,48.59,145068.0,,adjusted
2025-04-14,48.78,48.83,47.06,47.12,47.12,101918.0,,adjusted
2025-04-15,47.12,47.48,46.4,46.73,46.73,50630.0,,adjusted
2025-04-16,46.38,46.55,44.84,46.0,46.0,51232.0,,adjusted
2025-04-17,45.72,46.83,45.63,45.95,45.95,43450.0,,adjusted
2025-04-18,45.82,46.29,45.36,45.97,45.97,24944.0,,adjusted
2025-04-21,45.9,48.84,45.43,48.42,48.42,67623.0,,adjusted
2025-04-22,48.41,49.03,47.96,48.7,48.7,59706.0,,adjusted
2025-04-23,49.1,52.13,49.1,50.86,50.86,87169.0,,adjusted
2025-04-24,50.93,52.8,50.23,51.23,51.23,66200.0,,adjusted
2025-04-25,51.53,52.04,50.83,51.81,51.81,42553.0,,adjusted
2025-04-28,52.33,52.43,47.73,48.31,48.31,135945.0,,adjusted
2025-04-29,47.84,49.01,47.46,48.53,48.53,70447.0,,adjusted
2025-04-30,48.73,50.83,48.46,50.13,50.13,83359.0,,adjusted
2025-05-06,50.52,52.13,49.87,51.55,51.55,75530.0,,adjusted
2025-05-07,52.54,53.07,51.38,52.41,52.41,57733.0,,adjusted
2025-05-08,52.41,53.04,51.83,52.44,52.44,42049.0,,adjusted
2025-05-09,52.93,53.68,51.98,52.66,52.66,60430.0,,adjusted
2025-05-12,53.83,54.31,52.96,53.71,53.71,73008.0,,adjusted
2025-05-13,54.6,54.93,53.43,53.86,53.86,75715.0,,adjusted
2025-05-14,53.84,55.13,53.34,54.44,54.44,50697.0,,adjusted
2025-05-15,54.29,54.29,52.65,53.08,53.08,45477.0,,adjusted
2025-05-16,53.08,57.11,52.69,54.84,54.84,75437.0,,adjusted
2025-05-19,54.6,56.49,53.55,56.05,56.05,79060.0,,adjusted
2025-05-20,56.02,59.07,55.31,57.53,57.53,65971.0,,adjusted
2025-05-21,56.85,58.11,56.05,56.54,56.54,40017.0,,adjusted
2025-05-22,56.27,56.81,55.37,55.65,55.65,43389.0,,adjusted
2025-05-23,55.68,57.78,55.63,55.99,55.99,47714.0,,adjusted
2025-05-26,55.63,55.96,53.3,53.81,53.81,72977.0,,adjusted
2025-05-27,53.65,53.93,52.13,52.3,52.3,50644.0,,adjusted
2025-05-28,52.53,53.13,52.1,52.21,52.21,43449.0,,adjusted
2025-05-29,52.48,53.51,52.33,52.55,52.55,56003.0,,adjusted
2025-05-30,52.51,53.02,51.36,52.34,52.34,46748.0,,adjusted
2025-06-03,52.32,54.08,51.91,53.16,53.16,56390.0,,adjusted
2025-06-04,53.29,53.63,52.65,53.18,53.18,38070.0,,adjusted
2025-06-05,53.05,53.14,51.65,52.4,52.4,56099.0,,adjusted
2025-06-06,52.43,52.49,51.84,52.11,52.11,35747.0,,adjusted
2025-06-09,52.28,52.71,51.92,52.3,52.3,34374.0,,adjusted
2025-06-10,52.29,52.57,51.13,51.62,51.62,39923.0,,adjusted
2025-06-11,51.64,52.57,51.52,51.68,51.68,34662.0,,adjusted
2025-06-12,51.42,52.39,51.13,51.96,51.96,32420.0,,adjusted
2025-06-13,51.58,52.58,51.4,51.73,51.73,45688.0,,adjusted
2025-06-16,51.49,53.0,51.19,52.78,52.78,44096.0,,adjusted
2025-06-17,52.78,54.43,52.38,53.19,53.19,53563.0,,adjusted
2025-06-18,53.01,53.18,52.15,52.63,52.63,32480.0,,adjusted
2025-06-19,52.61,53.63,52.29,53.19,53.19,45195.0,,adjusted
2025-06-20,53.03,53.86,52.83,52.96,52.96,29265.0,,adjusted
2025-06-23,52.3,52.76,50.42,51.55,51.55,54577.0,,adjusted
2025-06-24,51.18,53.25,51.18,53.24,53.24,55925.0,,adjusted
2025-06-25,53.58,54.87,53.58,54.58,54.58,55954.0,,adjusted
2025-06-26,54.91,55.52,53.63,53.9,53.9,43723.0,,adjusted
2025-06-27,54.12,54.73,53.52,53.81,53.81,33759.0,,adjusted
2025-06-30,54.06,57.38,53.58,57.31,57.31,103566.0,,adjusted
2025-07-01,57.21,58.26,56.59,56.85,56.85,66280.0,,adjusted
2025-07-02,56.24,57.34,55.8,55.86,55.86,48656.0,,adjusted
2025-07-03,56.08,57.26,55.63,55.83,55.83,44704.0,,adjusted
2025-07-04,55.8,56.55,55.41,55.96,55.96,41625.0,,adjusted
2025-07-07,55.66,55.83,55.08,55.16,55.16,28341.0,,adjusted
2025-07-08,55.06,55.54,54.8,55.2,55.2,42658.0,,adjusted
2025-07-09,55.5,57.51,54.08,57.28,57.28,110454.0,,adjusted
2025-07-10,56.79,57.15,55.5,56.98,56.98,71123.0,,adjusted
2025-07-11,56.68,58.37,56.66,57.29,57.29,61606.0,,adjusted
2025-07-14,60.08,63.11,59.88,63.11,63.11,96681.0,,adjusted
2025-07-15,64.28,69.51,63.78,69.51,69.51,268349.0,,adjusted
2025-07-16,69.69,70.58,67.44,68.8,68.8,173251.0,,adjusted
2025-07-17,69.17,70.98,68.78,69.48,69.48,108909.0,,adjusted
2025-07-18,69.95,70.22,68.48,69.43,69.43,90616.0,,adjusted
2025-07-21,70.11,70.39,66.08,66.96,66.96,140949.0,,adjusted
2025-07-22,66.96,67.58,65.96,67.08,67.08,88658.0,,adjusted
2025-07-23,66.8,68.38,66.62,68.08,68.08,93465.0,,adjusted
2025-07-24,68.16,68.51,67.11,67.66,67.66,58474.0,,adjusted
2025-07-25,67.63,70.06,67.09,69.92,69.92,98265.0,,adjusted
2025-07-28,69.44,71.73,69.23,71.18,71.18,96984.0,,adjusted
2025-07-29,71.08,76.27,70.34,75.77,75.77,131276.0,,adjusted
2025-07-30,75.58,78.58,75.09,77.4,77.4,105841.0,,adjusted
2025-07-31,77.28,81.97,75.64,78.69,78.69,122526.0,,adjusted
2025-08-01,78.23,81.85,76.8,77.76,77.76,106817.0,,adjusted
2025-08-04,76.8,81.64,76.2,81.26,81.26,106067.0,,adjusted
2025-08-05,82.05,89.02,81.08,86.78,86.78,118416.0,,adjusted
2025-08-06,85.88,88.56,83.58,88.03,88.03,81727.0,,adjusted
2025-08-07,88.0,88.03,85.08,86.02,86.02,87794.0,,adjusted
2025-08-08,85.18,87.34,84.08,86.2,86.2,73492.0,,adjusted
2025-08-11,86.03,90.62,85.48,89.35,89.35,74965.0,,adjusted
2025-08-12,89.38,90.07,85.83,87.87,87.87,76527.0,,adjusted
2025-08-13,87.55,88.76,86.67,88.49,88.49,69480.0,,adjusted
2025-08-14,88.18,90.6,87.61,88.08,88.08,78732.0,,adjusted
2025-08-15,88.56,92.42,88.08,90.68,90.68,78814.0,,adjusted
2025-08-18,92.13,94.02,90.06,90.89,90.89,101155.0,,adjusted
2025-08-19,90.63,90.9,87.09,88.28,88.28,87316.0,,adjusted
2025-08-20,88.28,90.4,87.08,90.38,90.38,61885.0,,adjusted
2025-08-21,90.09,91.27,89.41,90.52,90.52,52837.0,,adjusted
2025-08-22,90.63,91.28,88.7,90.07,90.07,61198.0,,adjusted
2025-08-25,90.17,96.98,89.12,95.38,95.38,113920.0,,adjusted
2025-08-26,95.08,97.45,92.59,95.53,95.53,79670.0,,adjusted
2025-08-27,94.62,99.98,93.64,93.75,93.75,86690.0,,adjusted
2025-08-28,93.18,94.88,90.88,92.53,92.53,89006.0,,adjusted
2025-08-29,92.26,96.46,91.74,95.97,95.97,67409.0,,adjusted
2025-09-01,95.97,97.63,91.26,92.08,92.08,97935.0,,adjusted
2025-09-02,91.88,96.53,91.79,95.37,95.37,95341.0,,adjusted
2025-09-03,95.88,98.72,95.08,95.53,95.53,64745.0,,adjusted
2025-09-04,95.28,96.04,86.75,88.45,88.45,107023.0,,adjusted
2025-09-05,87.8,92.08,87.8,91.94,91.94,61149.0,,adjusted
2025-09-08,92.58,97.82,92.58,97.38,97.38,81705.0,,adjusted
2025-09-09,97.45,97.98,94.78,96.24,96.24,46423.0,,adjusted
2025-09-10,95.45,97.89,94.68,95.91,95.91,41420.0,,adjusted
2025-09-11,95.91,99.53,93.94,99.53,99.53,56259.0,,adjusted
2025-09-12,100.58,100.63,96.51,96.51,96.51,52851.0,,adjusted
2025-09-15,95.57,96.58,93.91,95.22,95.22,52090.0,,adjusted
2025-09-16,95.22,97.19,94.09,97.19,97.19,44663.0,,adjusted
2025-09-17,96.68,105.68,96.59,104.08,104.08,81726.0,,adjusted
2025-09-18,104.09,110.77,103.52,105.04,105.04,98704.0,,adjusted
2025-09-19,105.18,107.76,103.35,104.08,104.08,54404.0,,adjusted
2025-09-22,103.98,105.45,100.96,103.93,103.93,51313.0,,adjusted
2025-09-23,104.58,107.14,102.94,104.66,104.66,50924.0,,adjusted
2025-09-24,102.08,105.66,99.59,103.16,103.16,56413.0,,adjusted
2025-09-25,103.16,106.93,103.05,105.08,105.08,45504.0,,adjusted
2025-09-26,104.08,107.25,103.69,105.53,105.53,41510.0,,adjusted
2025-09-29,105.53,109.78,102.68,104.14,104.14,64241.0,,adjusted
2025-09-30,103.36,106.61,102.08,106.58,106.58,51471.0,,adjusted
2025-10-09,104.14,104.78,96.28,101.53,101.53,91815.0,,adjusted
2025-10-10,100.11,104.73,100.11,101.98,101.98,52563.0,,adjusted
2025-10-13,95.8,99.06,95.64,96.57,96.57,51429.0,,adjusted
2025-10-14,97.08,99.08,94.78,95.2,95.2,43750.0,,adjusted
2025-10-15,95.06,97.03,93.46,95.26,95.26,46264.0,,adjusted
2025-10-16,95.1,95.51,93.37,93.56,93.56,32073.0,,adjusted
2025-10-17,93.12,93.55,89.58,89.83,89.83,46747.0,,adjusted
2025-10-20,90.83,91.36,87.66,88.68,88.68,62445.0,,adjusted
2025-10-21,89.26,92.28,88.54,89.86,89.86,48580.0,,adjusted
2025-10-22,89.63,91.49,88.94,90.66,90.66,32117.0,,adjusted
2025-10-23,90.5,91.18,88.46,89.53,89.53,45686.0,,adjusted
2025-10-24,90.13,92.23,89.54,90.24,90.24,55630.0,,adjusted
2025-10-27,94.98,96.89,92.03,92.93,92.93,91710.0,,adjusted
2025-10-28,93.09,93.73,91.38,91.64,91.64,47328.0,,adjusted
2025-10-29,91.6,93.43,91.44,93.4,93.4,39461.0,,adjusted
2025-10-30,93.25,93.74,89.38,89.48,89.48,65324.0,,adjusted
2025-10-31,89.04,90.46,88.38,88.48,88.48,44244.0,,adjusted
2025-11-03,88.48,89.04,85.67,87.08,87.08,57021.0,,adjusted
2025-11-04,86.98,86.98,84.28,84.86,84.86,43397.0,,adjusted
2025-11-05,83.85,85.11,82.84,84.58,84.58,44110.0,,adjusted
2025-11-06,84.61,85.81,84.28,85.6,85.6,36088.0,,adjusted
2025-11-07,84.46,84.64,81.58,81.65,81.65,69301.0,,adjusted
2025-11-10,81.49,83.28,81.49,82.64,82.64,42822.0,,adjusted
2025-11-11,82.97,83.76,80.89,81.41,81.41,41756.0,,adjusted
2025-11-12,80.93,81.79,80.52,80.88,80.88,29311.0,,adjusted
2025-11-13,80.7,81.5,80.25,81.41,81.41,32940.0,,adjusted
2025-11-14,80.59,81.83,80.18,80.4,80.4,25540.0,,adjusted
2025-11-17,80.08,80.53,78.94,79.58,79.58,33812.0,,adjusted
2025-11-18,79.71,80.23,78.99,79.44,79.44,24513.0,,adjusted
2025-11-19,79.61,80.07,78.74,79.0,79.0,25451.0,,adjusted
2025-11-20,79.44,80.43,78.91,79.96,79.96,33005.0,,adjusted
2025-11-21,79.11,79.48,76.78,77.37,77.37,47727.0,,adjusted
2025-11-24,77.98,78.56,76.8,77.28,77.28,37622.0,,adjusted
2025-11-25,77.57,79.23,77.16,78.08,78.08,35685.0,,adjusted
2025-11-26,78.03,78.52,77.59,78.32,78.32,29306.0,,adjusted
2025-11-27,78.38,80.21,78.32,78.85,78.85,38493.0,,adjusted
2025-11-28,78.17,78.44,76.88,77.66,77.66,33904.0,,adjusted
2025-12-01,76.09,77.82,75.14,77.82,77.82,59011.0,,adjusted
2025-12-02,77.76,77.81,76.13,77.01,77.01,38395.0,,adjusted
2025-12-03,76.98,82.39,76.98,80.59,80.59,95271.0,,adjusted
2025-12-04,82.08,82.46,78.09,78.96,78.96,79689.0,,adjusted
2025-12-05,78.74,78.93,77.09,78.68,78.68,47239.0,,adjusted
2025-12-08,78.78,80.51,77.34,79.95,79.95,57274.0,,adjusted
2025-12-09,79.67,79.98,77.36,77.47,77.47,52996.0,,adjusted
2025-12-10,77.49,78.98,76.78,78.48,78.48,47721.0,,adjusted
2025-12-11,78.48,79.42,76.18,76.2,76.2,44270.0,,adjusted
2025-12-12,76.33,78.87,75.77,78.68,78.68,71569.0,,adjusted
2025-12-15,78.15,79.63,77.63,78.68,78.68,48878.0,,adjusted
2025-12-16,78.71,81.49,78.58,80.82,80.82,69270.0,,adjusted
2025-12-17,80.89,81.02,76.79,79.58,79.58,90959.0,,adjusted
2025-12-18,78.76,79.15,76.88,76.9,76.9,54197.0,,adjusted
2025-12-19,76.9,79.73,76.66,78.48,78.48,60956.0,,adjusted
2025-12-22,79.25,79.28,77.48,78.08,78.08,51558.0,,adjusted
2025-12-23,78.1,79.91,77.29,77.59,77.59,43391.0,,adjusted
2025-12-24,77.29,78.95,77.25,78.4,78.4,42767.0,,adjusted
2025-12-25,78.77,80.23,78.59,80.06,80.06,58058.0,,adjusted
2025-12-26,80.18,80.58,79.17,79.48,79.48,42825.0,,adjusted
2025-12-29,79.86,81.13,78.79,79.01,79.01,53837.0,,adjusted
2025-12-30,78.87,80.96,78.28,80.49,80.49,62852.0,,adjusted
2025-12-31,81.03,81.38,79.76,79.76,79.76,59279.0,,adjusted
2022-01-04,152.53,152.53,147.0,147.77,,26958.0,,raw
2022-01-05,147.55,152.88,144.12,151.98,,42052.0,,raw
2022-01-06,148.73,153.0,147.77,148.21,,22648.0,,raw
2022-01-07,148.21,152.44,147.07,148.0,,25275.0,,raw
2022-01-10,149.3,155.5,144.0,152.5,,38576.0,,raw
2022-01-11,152.0,154.99,146.39,146.47,,23191.0,,raw
2022-01-12,146.52,148.67,145.12,147.96,,21053.0,,raw
2022-01-13,147.0,147.86,141.33,143.11,,20341.0,,raw
2022-01-14,142.0,143.88,138.26,140.5,,21245.0,,raw
2022-01-17,140.5,142.24,137.01,141.0,,22962.0,,raw
2022-01-18,141.27,150.87,140.0,146.46,,32093.0,,raw
2022-01-19,144.91,145.66,138.59,139.55,,20563.0,,raw
2022-01-20,138.58,140.5,135.8,137.62,,17659.0,,raw
2022-01-21,137.47,138.41,133.6,136.47,,19443.0,,raw
2022-01-24,139.67,140.56,132.75,134.01,,27710.0,,raw
2022-01-25,134.99,138.26,134.02,135.59,,23189.0,,raw
2022-01-26,135.35,137.99,132.1,133.15,,17197.0,,raw
2022-01-27,134.0,134.88,129.55,130.2,,15576.0,,raw
2022-01-28,130.42,136.98,127.93,135.0,,23893.0,,raw
2022-02-07,137.0,138.64,129.8,130.15,,23269.0,,raw
2022-02-08,128.8,130.0,122.91,125.5,,35587.0,,raw
2022-02-09,125.5,128.66,123.05,128.42,,39138.0,,raw
2022-02-10,128.27,128.8,123.4,124.62,,17922.0,,raw
2022-02-11,124.8,132.14,123.67,129.25,,35382.0,,raw
2022-02-14,127.79,129.23,123.2,124.5,,25492.0,,raw
2022-02-15,124.5,133.0,123.94,132.8,,31434.0,,raw
2022-02-16,132.8,133.69,130.0,130.5,,18597.0,,raw
2022-02-17,130.56,132.74,129.83,132.53,,15599.0,,raw
2022-02-18,131.19,132.85,129.5,131.14,,14597.0,,raw
2022-02-21,131.14,141.5,130.35,137.81,,34809.0,,raw
2022-02-22,138.24,138.79,133.0,134.97,,30046.0,,raw
2022-02-23,135.0,139.5,131.68,138.64,,22285.0,,raw
2022-02-24,136.99,137.33,132.75,134.72,,19922.0,,raw
2022-02-25,136.35,138.98,133.18,138.35,,20256.0,,raw
2022-02-28,137.04,139.27,134.0,135.47,,20924.0,,raw
2022-03-01,135.38,137.5,132.75,133.26,,19571.0,,raw
2022-03-02,133.15,134.49,129.3,129.75,,15055.0,,raw
2022-03-03,130.0,130.96,124.8,125.1,,17835.0,,raw
2022-03-04,125.25,126.2,123.14,123.6,,16055.0,,raw
2022-03-07,122.94,123.0,115.06,115.83,,31830.0,,raw
2022-03-08,115.83,118.99,113.39,113.92,,23899.0,,raw
2022-03-09,113.92,116.59,109.28,113.76,,27426.0,,raw
2022-03-10,117.5,118.7,116.0,117.02,,18725.0,,raw
2022-03-11,114.77,117.5,112.56,117.0,,19315.0,,raw
2022-03-14,114.5,115.74,109.31,110.01,,40968.0,,raw
2022-03-15,110.01,110.01,103.05,103.71,,49080.0,,raw
2022-03-16,106.02,108.0,101.11,107.0,,49884.0,,raw
2022-03-17,109.0,114.0,107.61,112.5,,48705.0,,raw
2022-03-18,111.84,112.0,108.68,109.9,,21955.0,,raw
2022-03-21,110.39,114.44,108.8,113.4,,22721.0,,raw
2022-03-22,113.02,113.36,109.7,110.86,,17950.0,,raw
2022-03-23,110.55,113.04,109.9,111.76,,17017.0,,raw
2022-03-24,111.0,113.5,109.3,112.65,,16306.0,,raw
2022-03-25,112.04,115.83,109.12,109.58,,19030.0,,raw
2022-03-28,107.2,108.7,104.61,105.99,,22172.0,,raw
2022-03-29,105.92,108.88,102.98,103.88,,29751.0,,raw
2022-03-30,105.5,111.51,104.0,110.88,,27437.0,,raw
2022-03-31,110.9,111.44,107.97,108.66,,20552.0,,raw
2022-04-01,107.86,110.71,107.4,109.05,,18419.0,,raw
2022-04-06,109.05,109.7,106.5,107.63,,18198.0,,raw
2022-04-07,107.2,108.48,104.08,104.36,,20110.0,,raw
2022-04-08,103.98,105.1,101.5,102.89,,18949.0,,raw
2022-04-11,101.56,101.89,96.1,96.73,,28692.0,,raw
2022-04-12,96.3,100.29,94.5,100.17,,27400.0,,raw
2022-04-13,98.98,102.33,97.6,98.72,,18409.0,,raw
2022-04-14,98.72,108.59,98.71,108.59,,32628.0,,raw
2022-04-15,104.9,110.6,104.06,106.37,,34800.0,,raw
2022-04-18,106.26,107.66,105.05,106.18,,16205.0,,raw
2022-04-19,106.5,106.79,101.1,102.22,,30452.0,,raw
2022-04-20,102.42,104.5,101.0,101.48,,22912.0,,raw
2022-04-21,99.56,106.76,99.56,101.72,,33632.0,,raw
2022-04-22,100.7,103.56,99.48,99.71,,30954.0,,raw
2022-04-25,100.0,107.3,99.5,100.25,,53094.0,,raw
2022-04-26,104.0,105.0,96.39,97.51,,47735.0,,raw
2022-04-27,91.19,104.2,91.0,103.24,,51043.0,,raw
2022-04-28,102.84,105.11,101.49,103.5,,23442.0,,raw
2022-04-29,103.82,108.55,101.7,108.1,,33261.0,,raw
2022-05-05,109.0,109.0,101.1,102.5,,46670.0,,raw
2022-05-06,99.0,99.48,96.74,97.5,,21265.0,,raw
2022-05-09,96.0,96.74,90.88,91.7,,29007.0,,raw
2022-05-10,88.0,94.21,87.03,92.0,,29580.0,,raw
2022-05-11,92.21,101.0,91.08,99.8,,39360.0,,raw
2022-05-12,98.0,99.73,96.98,98.6,,19053.0,,raw
2022-05-13,98.66,99.61,96.77,97.8,,12375.0,,raw
2022-05-16,96.77,103.81,96.77,100.65,,30378.0,,raw
2022-05-17,99.22,103.22,99.22,102.5,,22803.0,,raw
2022-05-18,103.94,103.99,99.15,100.94,,23283.0,,raw
2022-05-19,98.7,100.65,97.88,98.99,,25766.0,,raw
2022-05-20,99.41,103.8,98.5,101.7,,28092.0,,raw
2022-05-23,101.87,102.6,99.01,99.99,,18208.0,,raw
2022-05-24,99.36,105.0,98.41,100.3,,31050.0,,raw
2022-05-25,99.0,100.39,96.21,97.01,,23367.0,,raw
2022-05-26,97.06,98.86,93.84,96.51,,19262.0,,raw
2022-05-27,97.5,103.0,97.14,100.09,,32665.0,,raw
2022-05-30,99.8,107.9,99.1,106.5,,40638.0,,raw
2022-05-31,104.96,117.15,104.8,117.15,,60506.0,,raw
2022-06-01,117.3,120.25,114.76,116.0,,46088.0,,raw
2022-06-02,115.13,115.9,111.1,112.85,,30221.0,,raw
2022-06-06,110.14,115.46,110.14,114.4,,46150.0,,raw
2022-06-07,113.95,118.88,112.01,117.0,,38679.0,,raw
2022-06-08,116.8,116.8,112.5,114.75,,28166.0,,raw
2022-06-09,115.1,115.68,110.5,111.2,,27862.0,,raw
2022-06-10,109.86,111.5,108.4,110.72,,22757.0,,raw
2022-06-13,109.59,110.0,104.28,107.42,,52083.0,,raw
2022-06-14,106.53,109.29,105.15,109.26,,28149.0,,raw
2022-06-15,108.95,112.35,107.0,110.45,,34195.0,,raw
2022-06-16,110.45,113.92,109.8,111.1,,25347.0,,raw
2022-06-17,110.0,113.54,106.44,113.33,,41572.0,,raw
2022-06-20,112.72,116.33,112.55,115.0,,43277.0,,raw
2022-06-21,115.0,124.0,113.01,118.01,,64289.0,,raw
2022-06-22,118.03,121.55,109.29,109.5,,62118.0,,raw
2022-06-23,109.5,112.49,107.32,109.94,,38634.0,,raw
2022-06-24,110.07,112.87,108.17,111.39,,44197.0,,raw
2022-06-27,112.5,118.48,111.6,115.82,,54093.0,,raw
2022-06-28,115.6,115.6,110.2,113.66,,40690.0,,raw
2022-06-29,113.66,116.87,112.05,114.9,,40356.0,,raw
2022-06-30,115.02,125.0,115.02,121.89,,55523.0,,raw
2022-07-01,121.68,126.13,121.0,124.45,,41997.0,,raw
2022-07-04,122.22,124.0,120.69,122.95,,38676.0,,raw
2022-07-05,123.0,126.5,118.0,121.86,,41274.0,,raw
2022-07-06,120.99,121.68,115.1,117.05,,42034.0,,raw
2022-07-07,117.05,117.7,110.5,111.92,,54891.0,,raw
2022-07-08,111.7,111.91,107.6,109.0,,61476.0,,raw
2022-07-11,109.0,109.0,104.59,105.5,,41514.0,,raw
2022-07-12,104.79,107.07,101.8,102.46,,41593.0,,raw
2022-07-13,102.65,103.61,100.89,103.08,,31824.0,,raw
2022-07-14,104.98,105.38,100.98,101.85,,42121.0,,raw
2022-07-15,100.0,105.38,100.0,102.85,,42819.0,,raw
2022-07-18,102.0,102.5,98.61,100.9,,35819.0,,raw
2022-07-19,100.01,101.49,99.0,99.9,,24978.0,,raw
2022-07-20,100.14,101.33,99.27,100.41,,26338.0,,raw
2022-07-21,100.31,100.79,98.68,98.68,,25956.0,,raw
2022-07-22,99.18,99.41,96.0,97.06,,38384.0,,raw
2022-07-25,97.84,99.52,95.83,97.42,,39305.0,,raw
2022-07-26,97.02,98.7,96.4,96.85,,29275.0,,raw
2022-07-27,96.6,98.01,95.85,97.35,,26230.0,,raw
2022-07-28,97.38,98.98,96.38,96.76,,30328.0,,raw
2022-07-29,96.88,97.0,92.48,92.51,,41204.0,,raw
2022-08-01,92.16,96.77,92.0,94.0,,42475.0,,raw
2022-08-02,92.89,92.89,89.0,90.07,,43326.0,,raw
2022-08-03,90.07,92.5,89.51,90.25,,32371.0,,raw
2022-08-04,90.98,91.6,89.01,89.95,,28463.0,,raw
2022-08-05,90.35,90.79,89.0,90.75,,35325.0,,raw
2022-08-08,90.6,91.37,89.15,89.55,,31078.0,,raw
2022-08-09,89.96,91.25,87.1,90.98,,51824.0,,raw
2022-08-10,89.99,90.83,86.87,87.02,,62925.0,,raw
2022-08-11,87.31,93.6,87.05,93.0,,80374.0,,raw
2022-08-12,93.06,96.48,92.0,93.88,,62560.0,,raw
2022-08-15,92.17,93.37,91.47,93.29,,37380.0,,raw
2022-08-16,93.9,93.9,92.21,92.85,,25864.0,,raw
2022-08-17,92.5,93.3,91.31,92.73,,30074.0,,raw
2022-08-18,92.92,92.92,90.0,90.4,,35778.0,,raw
2022-08-19,90.35,91.5,89.01,89.36,,27882.0,,raw
2022-08-22,88.63,90.67,87.57,90.15,,23655.0,,raw
2022-08-23,89.45,90.15,87.79,88.32,,35441.0,,raw
2022-08-24,88.17,88.88,84.6,84.8,,43142.0,,raw
2022-08-25,85.0,86.2,83.02,85.9,,33425.0,,raw
2022-08-26,85.7,86.75,83.07,83.8,,32253.0,,raw
2022-08-29,81.0,83.71,80.54,81.8,,46239.0,,raw
2022-08-30,81.75,82.6,79.99,80.68,,34743.0,,raw
2022-08-31,80.21,82.3,79.3,81.6,,40999.0,,raw
2022-09-01,81.6,83.28,80.62,81.69,,32396.0,,raw
2022-09-02,81.69,81.69,79.06,79.8,,31862.0,,raw
2022-09-05,79.5,80.01,77.22,78.39,,32268.0,,raw
2022-09-06,78.61,79.83,77.21,77.61,,35596.0,,raw
2022-09-07,77.59,77.59,75.48,75.66,,61524.0,,raw
2022-09-08,75.82,76.21,73.8,73.81,,63806.0,,raw
2022-09-09,73.81,75.2,73.18,74.84,,63270.0,,raw
2022-09-13,74.94,76.58,74.5,75.11,,44850.0,,raw
2022-09-14,73.24,74.75,73.0,73.99,,25008.0,,raw
2022-09-15,74.43,75.41,71.89,72.38,,47012.0,,raw
2022-09-16,72.91,72.96,70.52,70.52,,43597.0,,raw
2022-09-19,70.2,70.93,69.29,69.84,,35494.0,,raw
2022-09-20,69.99,70.78,69.45,70.43,,27114.0,,raw
2022-09-21,70.05,70.05,68.11,69.27,,33113.0,,raw
2022-09-22,69.31,69.39,67.45,67.79,,37144.0,,raw
2022-09-23,67.8,68.33,66.1,66.77,,29916.0,,raw
2022-09-26,66.54,68.37,66.19,67.42,,36546.0,,raw
2022-09-27,68.2,70.07,67.22,70.06,,50194.0,,raw
2022-09-28,69.84,70.88,67.6,68.0,,29330.0,,raw
2022-09-29,69.0,71.1,67.81,68.27,,50404.0,,raw
2022-09-30,68.96,68.96,66.4,66.7,,34198.0,,raw
2022-10-10,67.0,67.47,64.11,64.34,,34793.0,,raw
2022-10-11,64.31,65.35,62.5,65.19,,34196.0,,raw
2022-10-12,64.7,66.58,63.21,66.34,,30915.0,,raw
2022-10-13,65.91,69.44,65.84,66.23,,37165.0,,raw
2022-10-14,66.78,71.48,66.35,69.99,,66001.0,,raw
2022-10-17,68.9,71.44,68.88,69.92,,37632.0,,raw
2022-10-18,70.25,70.5,68.88,69.25,,26898.0,,raw
2022-10-19,68.92,69.9,67.26,67.28,,31115.0,,raw
2022-10-20,66.66,69.18,66.6,67.35,,31867.0,,raw
2022-10-21,67.4,68.69,66.36,67.51,,34152.0,,raw
2022-10-24,67.01,67.31,62.66,62.74,,60440.0,,raw
2022-10-25,62.33,63.99,60.66,61.54,,47570.0,,raw
2022-10-26,61.54,66.59,61.5,65.74,,63955.0,,raw
2022-10-27,65.74,66.86,64.7,64.83,,38045.0,,raw
2022-10-28,64.5,65.47,61.18,61.5,,38948.0,,raw
2022-10-31,58.0,60.13,56.11,58.3,,79295.0,,raw
2022-11-01,58.34,64.13,58.34,64.13,,62707.0,,raw
2022-11-02,65.25,68.6,65.25,66.89,,82470.0,,raw
2022-11-03,66.9,67.11,65.25,66.44,,43585.0,,raw
2022-11-04,66.58,70.05,66.5,68.66,,59477.0,,raw
2022-11-07,68.3,70.19,67.7,69.2,,44327.0,,raw
2022-11-08,69.22,69.36,67.56,68.12,,26429.0,,raw
2022-11-09,68.08,68.8,67.32,67.47,,24848.0,,raw
2022-11-10,67.4,67.88,65.7,65.94,,32970.0,,raw
2022-11-11,68.37,70.09,67.41,69.02,,53772.0,,raw
2022-11-14,71.28,73.49,69.06,69.59,,82945.0,,raw
2022-11-15,69.7,75.5,68.48,75.18,,101269.0,,raw
2022-11-16,74.9,77.38,74.0,76.06,,88665.0,,raw
2022-11-17,76.0,77.56,74.07,77.56,,61260.0,,raw
2022-11-18,77.55,77.91,75.15,75.5,,49839.0,,raw
2022-11-21,74.4,74.99,72.72,74.02,,40167.0,,raw
2022-11-22,73.98,74.39,72.2,72.59,,30311.0,,raw
2022-11-23,72.75,73.1,69.48,70.53,,43226.0,,raw
2022-11-24,70.88,72.48,70.58,72.02,,32068.0,,raw
2022-11-25,71.78,73.45,70.92,71.46,,27406.0,,raw
2022-11-28,69.02,70.9,68.38,70.8,,33857.0,,raw
2022-11-29,72.01,74.79,70.8,74.64,,46356.0,,raw
2022-11-30,73.8,74.36,72.01,72.04,,37668.0,,raw
2022-12-01,74.0,76.0,73.02,73.68,,44357.0,,raw
2022-12-02,73.63,75.08,72.8,73.85,,26143.0,,raw
2022-12-05,74.61,80.45,74.05,80.11,,79683.0,,raw
2022-12-06,79.57,82.22,78.31,79.91,,62324.0,,raw
2022-12-07,79.52,80.52,77.88,79.08,,39783.0,,raw
2022-12-08,79.08,81.43,77.6,81.2,,43938.0,,raw
2022-12-09,81.3,84.01,80.0,83.9,,63281.0,,raw
2022-12-12,83.06,85.4,81.5,82.0,,51139.0,,raw
2022-12-13,81.5,83.18,80.31,81.91,,21996.0,,raw
2022-12-14,80.88,83.5,80.83,83.25,,30775.0,,raw
2022-12-15,83.95,86.67,81.93,82.08,,44697.0,,raw
2022-12-16,81.69,82.93,79.32,79.9,,51377.0,,raw
2022-12-19,79.91,80.4,78.01,78.79,,29722.0,,raw
2022-12-20,78.89,79.27,75.9,76.77,,28617.0,,raw
2022-12-21,77.31,78.45,76.49,77.05,,19642.0,,raw
2022-12-22,77.17,79.54,76.88,77.6,,35387.0,,raw
2022-12-23,76.6,77.15,75.16,76.19,,25773.0,,raw
2022-12-26,76.19,76.68,75.2,75.39,,22011.0,,raw
2022-12-27,75.83,77.67,75.49,77.42,,30157.0,,raw
2022-12-28,77.39,77.55,74.08,75.3,,35133.0,,raw
2022-12-29,75.88,75.89,73.13,73.23,,23757.0,,raw
2022-12-30,73.66,74.39,72.76,72.94,,18462.0,,raw
2023-01-03,72.68,73.33,70.89,72.9,,36636.0,,raw
2023-01-04,72.58,75.5,72.58,73.49,,40689.0,,raw
2023-01-05,73.88,77.39,73.3,76.97,,57708.0,,raw
2023-01-06,76.59,77.5,75.51,75.53,,31557.0,,raw
2023-01-09,75.62,76.9,75.01,75.64,,24622.0,,raw
2023-01-10,75.55,76.77,74.68,76.25,,27414.0,,raw
2023-01-11,77.0,77.01,74.7,74.79,,28450.0,,raw
2023-01-12,74.48,75.29,73.95,74.5,,20075.0,,raw
2023-01-13,74.57,81.95,74.1,81.95,,112723.0,,raw
2023-01-16,83.38,89.8,82.51,89.08,,143252.0,,raw
2023-01-17,89.85,90.1,86.88,88.25,,62608.0,,raw
2023-01-18,88.26,89.05,83.78,84.2,,69400.0,,raw
2023-01-19,84.86,89.0,83.2,88.58,,65064.0,,raw
2023-01-20,88.05,91.4,87.0,87.25,,53367.0,,raw
2023-01-30,88.7,89.0,85.33,86.07,,49654.0,,raw
2023-01-31,86.65,88.24,85.2,87.2,,46450.0,,raw
2023-02-01,87.61,92.5,86.43,91.58,,61860.0,,raw
2023-02-02,91.58,94.58,89.1,91.27,,60390.0,,raw
2023-02-03,91.15,92.98,88.3,92.8,,56606.0,,raw
2023-02-06,91.39,91.56,87.08,89.6,,58101.0,,raw
2023-02-07,89.43,93.9,88.81,93.7,,65334.0,,raw
2023-02-08,94.4,98.38,92.0,96.42,,58496.0,,raw
2023-02-09,95.2,99.27,93.45,97.01,,56458.0,,raw
2023-02-10,96.23,97.44,93.95,94.63,,36970.0,,raw
2023-02-13,94.5,96.8,93.68,94.62,,35001.0,,raw
2023-02-14,94.3,96.81,93.8,95.08,,31376.0,,raw
2023-02-15,94.52,94.8,90.64,91.3,,53439.0,,raw
2023-02-16,91.0,91.58,87.73,88.55,,51804.0,,raw
2023-02-17,89.09,90.26,87.4,87.77,,37217.0,,raw
2023-02-20,87.76,93.58,87.2,93.58,,62932.0,,raw
2023-02-21,92.88,94.35,92.28,93.3,,30701.0,,raw
2023-02-22,92.27,94.17,90.09,92.85,,42176.0,,raw
2023-02-23,93.47,96.66,92.78,92.88,,39255.0,,raw
2023-02-24,93.03,93.63,91.88,92.6,,23472.0,,raw
2023-02-27,91.2,92.0,89.55,90.21,,29212.0,,raw
2023-02-28,90.77,90.77,88.15,90.41,,31912.0,,raw
2023-03-01,90.1,94.94,88.75,92.36,,43071.0,,raw
2023-03-02,91.4,92.84,90.8,91.38,,20313.0,,raw
2023-03-03,91.39,93.48,89.6,89.75,,21708.0,,raw
2023-03-06,89.75,90.42,85.2,86.26,,61319.0,,raw
2023-03-07,86.35,87.88,83.0,83.21,,45634.0,,raw
2023-03-08,82.96,83.83,82.0,82.37,,21754.0,,raw
2023-03-09,82.42,82.85,80.6,81.04,,27310.0,,raw
2023-03-10,80.21,80.5,78.62,78.89,,36979.0,,raw
2023-03-13,79.09,81.8,79.09,80.63,,39458.0,,raw
2023-03-14,80.63,81.98,79.56,81.33,,33485.0,,raw
2023-03-15,81.53,83.5,81.41,83.42,,35658.0,,raw
2023-03-16,82.7,83.43,81.01,82.39,,29065.0,,raw
2023-03-17,83.27,83.38,79.36,80.7,,46954.0,,raw
2023-03-20,80.0,80.2,77.6,78.23,,44325.0,,raw
2023-03-21,79.5,83.0,78.7,82.5,,39155.0,,raw
2023-03-22,82.46,83.5,81.51,81.99,,25614.0,,raw
2023-03-23,81.0,84.2,81.0,83.83,,41475.0,,raw
2023-03-24,83.87,89.98,83.5,86.49,,65567.0,,raw
2023-03-27,86.16,88.84,85.6,86.39,,45025.0,,raw
2023-03-28,87.0,87.13,83.44,83.7,,28463.0,,raw
2023-03-29,84.25,85.13,82.0,82.72,,31124.0,,raw
2023-03-30,82.77,86.52,81.7,85.31,,45139.0,,raw
2023-03-31,85.3,85.3,82.35,82.6,,38785.0,,raw
2023-04-03,82.5,85.3,80.05,80.41,,66480.0,,raw
2023-04-04,80.42,81.5,78.65,80.9,,49526.0,,raw
2023-04-06,80.54,82.48,79.26,80.6,,35850.0,,raw
2023-04-07,81.0,82.41,79.6,82.04,,35406.0,,raw
2023-04-10,83.17,84.6,81.5,82.41,,35912.0,,raw
2023-04-11,82.39,85.6,81.61,83.39,,41904.0,,raw
2023-04-12,83.0,83.88,80.51,81.51,,36956.0,,raw
2023-04-13,81.3,81.39,80.03,80.36,,24574.0,,raw
2023-04-14,80.36,82.45,79.5,81.87,,29375.0,,raw
2023-04-17,81.49,84.47,81.39,82.77,,27885.0,,raw
2023-04-18,82.28,82.6,80.83,81.15,,19382.0,,raw
2023-04-19,80.89,81.71,79.08,79.55,,30573.0,,raw
2023-04-20,79.22,81.4,78.81,80.7,,31619.0,,raw
2023-04-21,80.6,81.1,76.0,76.25,,39407.0,,raw
2023-04-24,76.23,76.77,72.91,73.61,,50503.0,,raw
2023-04-25,73.95,73.95,70.68,72.58,,53986.0,,raw
2023-04-26,73.0,73.19,71.13,71.25,,27768.0,,raw
2023-04-27,70.0,71.27,69.17,70.87,,66736.0,,raw
2023-04-28,71.0,72.5,69.09,69.5,,36777.0,,raw
2023-05-04,69.61,73.85,69.5,71.0,,58389.0,,raw
2023-05-05,70.29,70.98,68.8,69.04,,30317.0,,raw
2023-05-08,68.99,69.47,67.02,67.33,,45773.0,,raw
2023-05-09,67.32,68.48,65.63,66.48,,34532.0,,raw
2023-05-10,66.5,68.75,66.4,67.7,,32154.0,,raw
2023-05-11,67.5,67.83,66.7,67.27,,19859.0,,raw
2023-05-12,67.5,68.46,66.38,66.96,,25057.0,,raw
2023-05-15,67.0,67.48,66.16,67.26,,22506.0,,raw
2023-05-16,67.58,67.6,66.33,66.5,,20035.0,,raw
2023-05-17,66.88,66.88,64.83,65.11,,37063.0,,raw
2023-05-18,65.17,67.49,65.17,66.75,,43552.0,,raw
2023-05-19,66.87,71.81,66.4,70.96,,73834.0,,raw
2023-05-22,70.9,75.19,70.5,74.88,,84093.0,,raw
2023-05-23,74.06,75.75,73.58,74.91,,44014.0,,raw
2023-05-24,74.16,74.85,72.8,73.65,,39728.0,,raw
2023-05-25,72.78,73.72,71.0,72.05,,34529.0,,raw
2023-05-26,72.2,73.63,70.85,72.96,,27101.0,,raw
2023-05-29,73.0,73.5,70.89,71.74,,37898.0,,raw
2023-05-30,71.89,73.27,69.36,70.77,,34339.0,,raw
2023-05-31,71.0,72.36,68.87,69.24,,28990.0,,raw
2023-06-01,69.21,72.38,67.68,70.21,,30715.0,,raw
2023-06-02,70.3,76.74,69.98,75.31,,70634.0,,raw
2023-06-05,75.0,75.0,72.11,74.22,,51823.0,,raw
2023-06-06,74.2,75.22,72.3,72.69,,35067.0,,raw
2023-06-07,72.74,73.48,70.8,71.22,,25884.0,,raw
2023-06-08,71.32,72.81,70.9,72.6,,33162.0,,raw
2023-06-09,73.08,73.2,68.33,68.63,,53322.0,,raw
2023-06-12,68.0,73.0,67.23,71.98,,55164.0,,raw
2023-06-13,71.9,71.9,68.86,69.73,,38214.0,,raw
2023-06-14,69.88,71.38,69.15,70.08,,24350.0,,raw
2023-06-15,69.18,73.5,69.04,72.94,,49927.0,,raw
2023-06-16,72.94,74.45,72.51,73.86,,51392.0,,raw
2023-06-19,73.86,74.42,72.0,72.03,,33004.0,,raw
2023-06-20,72.03,78.49,71.31,77.0,,94695.0,,raw
2023-06-21,76.68,77.84,74.56,75.0,,56741.0,,raw
2023-06-26,77.0,79.35,74.96,75.66,,72503.0,,raw
2023-06-27,75.67,79.65,74.46,79.59,,68610.0,,raw
2023-06-28,79.0,80.52,77.68,78.41,,36690.0,,raw
2023-06-29,77.98,79.5,76.25,78.49,,37440.0,,raw
2023-06-30,78.9,79.98,77.38,77.77,,33129.0,,raw
2023-07-03,78.5,85.0,77.41,81.6,,69669.0,,raw
2023-07-04,81.63,82.63,79.8,80.01,,40623.0,,raw
2023-07-05,79.59,79.75,77.29,77.35,,42322.0,,raw
2023-07-06,77.0,78.47,76.23,77.29,,30988.0,,raw
2023-07-07,77.06,77.06,75.45,75.96,,23866.0,,raw
2023-07-10,76.3,76.82,74.88,75.85,,24996.0,,raw
2023-07-11,75.85,76.4,74.49,74.99,,24889.0,,raw
2023-07-12,74.55,77.48,73.73,75.83,,37167.0,,raw
2023-07-13,75.83,76.61,74.63,75.6,,26172.0,,raw
2023-07-14,75.6,75.61,73.0,73.05,,33412.0,,raw
2023-07-17,73.06,74.48,72.61,73.6,,18161.0,,raw
2023-07-18,73.38,74.3,73.0,73.65,,13877.0,,raw
2023-07-19,73.61,75.76,73.0,75.05,,30626.0,,raw
2023-07-20,75.06,75.82,73.51,73.68,,16293.0,,raw
2023-07-21,73.5,73.92,71.15,71.43,,27653.0,,raw
2023-07-24,71.47,72.06,70.05,70.38,,26059.0,,raw
2023-07-25,71.5,74.5,71.1,74.32,,41641.0,,raw
2023-07-26,74.35,74.98,73.06,73.21,,17051.0,,raw
2023-07-27,73.79,75.0,73.21,73.66,,23040.0,,raw
2023-07-28,73.26,77.94,73.11,77.22,,46922.0,,raw
2023-07-31,77.31,79.3,76.68,79.04,,48562.0,,raw
2023-08-01,78.74,78.8,77.8,78.27,,21398.0,,raw
2023-08-02,78.2,79.31,77.9,78.23,,19234.0,,raw
2023-08-03,78.23,78.4,76.5,78.4,,19906.0,,raw
2023-08-04,79.02,79.89,78.6,79.63,,24786.0,,raw
2023-08-07,79.35,79.49,77.25,77.74,,20860.0,,raw
2023-08-08,78.4,78.4,76.0,76.55,,15791.0,,raw
2023-08-09,77.31,77.39,75.32,75.88,,15132.0,,raw
2023-08-10,76.24,76.24,74.3,76.02,,16899.0,,raw
2023-08-11,75.57,76.18,74.3,74.38,,13770.0,,raw
2023-08-14,73.1,73.78,72.41,73.46,,13396.0,,raw
2023-08-15,73.13,74.0,71.4,72.09,,15577.0,,raw
2023-08-16,72.09,72.64,71.0,71.2,,11867.0,,raw
2023-08-17,70.61,73.17,70.56,72.76,,16057.0,,raw
2023-08-18,73.0,74.08,71.8,72.0,,13666.0,,raw
2023-08-21,72.0,72.49,69.5,69.6,,18969.0,,raw
2023-08-22,70.3,70.61,67.31,69.81,,24941.0,,raw
2023-08-23,69.57,69.8,68.19,68.32,,17155.0,,raw
2023-08-24,68.44,70.07,68.19,68.43,,15728.0,,raw
2023-08-25,68.0,69.1,66.72,66.96,,15095.0,,raw
2023-08-28,63.67,65.63,60.26,60.26,,73527.0,,raw
2023-08-29,56.43,57.0,54.23,54.97,,268503.0,,raw
2023-08-30,54.37,55.32,53.89,54.54,,121735.0,,raw
2023-08-31,54.86,54.95,52.9,53.03,,111450.0,,raw
2023-09-01,53.14,53.76,52.94,53.14,,65452.0,,raw
2023-09-04,53.15,54.29,52.98,54.19,,81263.0,,raw
2023-09-05,54.09,54.39,53.72,54.27,,49893.0,,raw
2023-09-06,54.0,54.0,53.08,53.58,,42281.0,,raw
2023-09-07,53.4,53.59,52.77,53.0,,48864.0,,raw
2023-09-08,52.56,52.9,52.14,52.31,,25266.0,,raw
2023-09-11,52.42,52.86,51.83,52.52,,35762.0,,raw
2023-09-12,52.35,53.09,52.0,52.5,,30428.0,,raw
2023-09-13,52.27,52.45,51.03,51.6,,45827.0,,raw
2023-09-14,51.72,51.74,50.16,50.45,,51042.0,,raw
2023-09-15,50.47,50.6,49.72,50.32,,61523.0,,raw
2023-09-18,50.2,51.48,49.72,50.06,,71896.0,,raw
2023-09-19,49.92,50.19,49.01,49.3,,40736.0,,raw
2023-09-20,49.37,49.38,48.51,48.68,,44947.0,,raw
2023-09-21,48.5,48.83,48.1,48.16,,37448.0,,raw
2023-09-22,47.96,49.35,47.93,49.35,,49180.0,,raw
2023-09-25,49.25,49.96,48.45,48.67,,36489.0,,raw
2023-09-26,48.68,49.28,48.35,48.43,,34454.0,,raw
2023-09-27,48.31,49.66,48.31,48.92,,42092.0,,raw
2023-09-28,48.93,49.2,48.4,48.5,,36105.0,,raw
2023-10-09,48.49,48.95,48.06,48.17,,34339.0,,raw
2023-10-10,48.26,48.91,47.85,47.88,,41516.0,,raw
2023-10-11,48.03,48.77,47.9,48.17,,34083.0,,raw
2023-10-12,48.3,49.13,48.06,48.79,,38366.0,,raw
2023-10-13,48.5,48.56,47.75,48.06,,44743.0,,raw
2023-10-16,48.09,48.09,46.52,46.61,,53419.0,,raw
2023-10-17,46.79,47.08,46.41,46.7,,34449.0,,raw
2023-10-18,46.57,46.6,45.47,45.57,,41216.0,,raw
2023-10-19,45.3,45.77,44.6,44.69,,46738.0,,raw
2023-10-20,44.5,45.36,44.4,44.54,,39769.0,,raw
2023-10-23,44.51,44.51,43.36,43.51,,33286.0,,raw
2023-10-24,43.85,44.3,43.42,44.11,,37379.0,,raw
2023-10-25,44.51,44.9,43.55,43.55,,46511.0,,raw
2023-10-26,43.11,43.49,42.36,42.8,,61321.0,,raw
2023-10-27,42.79,44.88,42.66,44.4,,59782.0,,raw
2023-10-30,43.17,43.77,42.7,43.62,,84893.0,,raw
2023-10-31,43.4,43.5,42.48,43.16,,61969.0,,raw
2023-11-01,43.28,43.67,42.82,43.0,,41032.0,,raw
2023-11-02,43.08,43.56,42.09,42.09,,47403.0,,raw
2023-11-03,42.49,44.58,42.46,44.32,,91527.0,,raw
2023-11-06,44.68,46.09,44.27,45.81,,83687.0,,raw
2023-11-07,45.6,46.52,45.23,46.41,,58702.0,,raw
2023-11-08,46.38,46.97,46.02,46.5,,48579.0,,raw
2023-11-09,46.41,47.1,46.15,46.32,,46871.0,,raw
2023-11-10,46.05,46.68,45.67,46.27,,36047.0,,raw
2023-11-13,46.25,46.88,45.68,45.94,,46885.0,,raw
2023-11-14,45.9,46.48,45.68,45.99,,40054.0,,raw
2023-11-15,46.33,46.78,45.97,46.11,,39739.0,,raw
2023-11-16,46.0,46.33,45.48,45.49,,35105.0,,raw
2023-11-17,45.4,45.87,45.0,45.35,,36439.0,,raw
2023-11-20,45.58,46.58,45.1,46.17,,49624.0,,raw
2023-11-21,46.25,47.06,45.91,46.32,,45038.0,,raw
2023-11-22,46.32,46.32,44.9,44.91,,43284.0,,raw
2023-11-23,44.84,45.27,44.51,45.17,,27511.0,,raw
2023-11-24,45.03,45.2,44.32,44.53,,28431.0,,raw
2023-11-27,44.32,44.53,43.76,44.12,,33033.0,,raw
2023-11-28,44.17,44.35,43.63,43.92,,27953.0,,raw
2023-11-29,43.84,44.0,43.22,43.4,,26559.0,,raw
2023-11-30,43.45,43.68,42.66,42.73,,27155.0,,raw
2023-12-01,42.73,42.8,41.58,42.35,,43709.0,,raw
2023-12-04,42.5,42.65,41.6,41.65,,33167.0,,raw
2023-12-05,41.58,41.58,40.39,40.41,,40992.0,,raw
2023-12-06,40.0,41.44,40.0,40.79,,38549.0,,raw
2023-12-07,40.71,40.79,39.8,40.31,,45595.0,,raw
2023-12-08,40.33,40.57,39.88,39.97,,32839.0,,raw
2023-12-11,39.85,40.64,39.0,40.42,,36134.0,,raw
2023-12-12,40.41,40.58,39.96,40.26,,28379.0,,raw
2023-12-13,40.14,40.23,39.23,39.23,,28796.0,,raw
2023-12-14,39.44,40.23,38.72,38.83,,39329.0,,raw
2023-12-15,39.23,39.6,38.5,38.54,,40011.0,,raw
2023-12-18,38.33,38.8,37.87,37.97,,28996.0,,raw
2023-12-19,37.85,38.71,37.73,38.3,,23148.0,,raw
2023-12-20,38.52,38.52,37.63,37.7,,24336.0,,raw
2023-12-21,37.67,38.8,37.33,38.58,,50990.0,,raw
2023-12-22,38.33,39.2,37.9,38.43,,55726.0,,raw
2023-12-25,38.44,39.37,38.0,38.93,,41693.0,,raw
2023-12-26,39.0,39.38,38.55,39.09,,36243.0,,raw
2023-12-27,38.9,39.14,38.21,38.57,,37591.0,,raw
2023-12-28,38.43,41.52,38.38,41.2,,87803.0,,raw
2023-12-29,41.2,41.83,41.01,41.44,,49321.0,,raw
2024-01-02,41.5,41.61,40.61,40.64,,33570.0,,raw
2024-01-03,40.55,40.63,39.64,40.13,,41370.0,,raw
2024-01-04,40.0,40.1,38.38,38.8,,63915.0,,raw
2024-01-05,38.71,39.92,38.5,38.9,,57478.0,,raw
2024-01-08,39.08,39.08,37.74,37.77,,38945.0,,raw
2024-01-09,37.86,39.58,37.84,38.59,,48113.0,,raw
2024-01-10,38.18,39.55,37.94,38.8,,44725.0,,raw
2024-01-11,38.58,39.88,38.24,39.65,,47011.0,,raw
2024-01-12,39.36,39.97,38.85,39.13,,39780.0,,raw
2024-01-15,38.88,39.25,38.35,38.83,,31564.0,,raw
2024-01-16,38.71,39.46,38.4,39.19,,41195.0,,raw
2024-01-17,39.0,39.18,38.08,38.08,,35980.0,,raw
2024-01-18,37.49,38.26,36.84,38.16,,52994.0,,raw
2024-01-19,37.91,38.9,37.82,38.24,,36934.0,,raw
2024-01-22,38.2,38.2,35.7,35.95,,53759.0,,raw
2024-01-23,35.64,37.03,35.54,36.73,,43657.0,,raw
2024-01-24,37.09,37.45,35.9,37.02,,43225.0,,raw
2024-01-25,37.04,37.63,36.61,37.51,,42838.0,,raw
2024-01-26,37.3,38.08,36.35,36.74,,47522.0,,raw
2024-01-29,36.74,37.03,35.42,35.44,,42952.0,,raw
2024-01-30,35.15,35.24,33.8,33.8,,48897.0,,raw
2024-01-31,33.16,33.75,31.91,31.97,,55263.0,,raw
2024-02-01,31.95,32.33,31.26,31.6,,49077.0,,raw
2024-02-02,31.61,31.88,29.15,30.25,,64944.0,,raw
2024-02-05,30.24,30.39,27.8,28.52,,68558.0,,raw
2024-02-06,28.52,30.88,27.76,30.73,,75468.0,,raw
2024-02-07,30.82,33.57,30.65,32.45,,107352.0,,raw
2024-02-08,32.58,33.2,31.86,33.0,,81515.0,,raw
2024-02-19,33.51,34.2,32.97,33.57,,72514.0,,raw
2024-02-20,33.37,34.4,33.06,34.09,,44993.0,,raw
2024-02-21,33.96,36.32,33.83,35.38,,56078.0,,raw
2024-02-22,35.39,35.68,34.95,35.47,,38771.0,,raw
2024-02-23,35.53,36.19,35.25,35.98,,51801.0,,raw
2024-02-26,36.63,38.05,36.28,37.35,,84006.0,,raw
2024-02-27,37.14,37.48,36.72,37.44,,66248.0,,raw
2024-02-28,37.42,38.7,35.9,35.9,,95252.0,,raw
2024-02-29,35.3,37.33,35.3,37.33,,50607.0,,raw
2024-03-01,37.4,39.18,37.4,39.06,,87034.0,,raw
2024-03-04,39.29,39.78,38.42,38.91,,63271.0,,raw
2024-03-05,38.43,38.89,38.18,38.39,,49753.0,,raw
2024-03-06,38.16,39.4,37.9,38.91,,58185.0,,raw
2024-03-07,39.26,39.5,37.87,37.88,,55853.0,,raw
2024-03-08,37.89,38.39,37.35,37.7,,39772.0,,raw
2024-03-11,37.79,38.56,37.6,38.55,,40290.0,,raw
2024-03-12,38.74,40.22,38.18,40.05,,68957.0,,raw
2024-03-13,40.05,40.37,39.27,40.0,,47921.0,,raw
2024-03-14,39.82,40.84,39.52,39.8,,45930.0,,raw
2024-03-15,39.7,40.08,39.1,39.66,,34500.0,,raw
2024-03-18,39.7,39.93,38.22,38.73,,73796.0,,raw
2024-03-19,38.6,38.6,38.12,38.13,,48311.0,,raw
2024-03-20,38.3,38.42,37.45,37.85,,47627.0,,raw
2024-03-21,37.84,37.98,36.93,37.55,,50546.0,,raw
2024-03-22,37.15,37.47,36.45,36.45,,40811.0,,raw
2024-03-25,36.33,37.27,35.82,36.0,,48041.0,,raw
2024-03-26,36.03,36.67,35.76,36.48,,40020.0,,raw
2024-03-27,36.46,36.47,35.0,35.04,,35534.0,,raw
2024-03-28,35.0,36.07,34.93,35.57,,33405.0,,raw
2024-03-29,35.61,35.89,35.3,35.64,,25382.0,,raw
2024-04-01,35.83,36.68,35.83,36.42,,34983.0,,raw
2024-04-02,36.5,36.5,35.11,35.25,,43013.0,,raw
2024-04-03,35.05,35.39,33.95,33.99,,55154.0,,raw
2024-04-08,33.99,33.99,32.75,32.76,,50169.0,,raw
2024-04-09,32.7,34.21,32.7,34.11,,45976.0,,raw
2024-04-10,34.11,34.19,33.36,33.67,,34487.0,,raw
2024-04-11,33.48,34.6,33.11,34.17,,36669.0,,raw
2024-04-12,34.17,35.44,34.12,34.18,,49744.0,,raw
2024-04-15,34.0,34.56,33.02,33.46,,43032.0,,raw
2024-04-16,33.23,33.48,32.26,32.42,,39638.0,,raw
2024-04-17,32.76,34.31,32.55,34.17,,46769.0,,raw
2024-04-18,34.16,36.16,33.81,35.31,,74941.0,,raw
2024-04-19,34.79,38.84,34.45,38.84,,150236.0,,raw
2024-04-22,39.4,42.72,39.0,41.38,,189218.0,,raw
2024-04-23,41.0,42.29,40.88,41.85,,107131.0,,raw
2024-04-24,41.56,41.8,40.8,41.8,,86620.0,,raw
2024-04-25,41.71,43.75,41.52,42.4,,92827.0,,raw
2024-04-26,42.2,42.5,41.42,41.53,,90717.0,,raw
2024-04-29,44.0,45.68,44.0,45.68,,91277.0,,raw
2024-04-30,46.1,50.2,46.0,49.55,,194645.0,,raw
2024-05-06,49.55,52.28,49.54,50.7,,171984.0,,raw
2024-05-07,51.0,51.55,49.56,49.87,,111180.0,,raw
2024-05-08,49.75,50.5,48.66,49.25,,87894.0,,raw
2024-05-09,49.2,52.54,48.6,52.2,,148410.0,,raw
2024-05-10,51.6,57.42,51.2,57.42,,184625.0,,raw
2024-05-13,56.8,62.85,55.71,61.61,,207273.0,,raw
2024-05-14,60.44,61.4,58.59,59.1,,148074.0,,raw
2024-05-15,59.88,61.09,57.88,60.6,,153985.0,,raw
2024-05-16,59.39,59.47,54.71,55.21,,204952.0,,raw
2024-05-17,54.0,55.6,52.6,54.05,,172373.0,,raw
2024-05-20,53.86,54.5,52.54,53.04,,140131.0,,raw
2024-05-21,52.56,54.95,52.5,54.03,,143338.0,,raw
2024-05-22,54.03,54.46,52.0,52.52,,124272.0,,raw
2024-05-23,51.89,53.58,51.75,53.11,,98723.0,,raw
2024-05-24,52.81,53.88,52.0,52.2,,79573.0,,raw
2024-05-27,52.2,53.69,50.88,52.76,,96766.0,,raw
2024-05-28,52.15,53.0,51.2,52.76,,74706.0,,raw
2024-05-29,52.09,52.91,51.25,51.8,,55121.0,,raw
2024-05-30,51.5,51.89,50.5,50.72,,54098.0,,raw
2024-05-31,50.88,51.18,49.88,49.89,,56220.0,,raw
2024-06-03,50.39,54.21,49.69,52.99,,122625.0,,raw
2024-06-04,53.08,53.58,51.51,52.8,,90848.0,,raw
2024-06-05,52.1,52.75,50.87,50.87,,69808.0,,raw
2024-06-06,50.89,51.55,50.61,50.83,,52999.0,,raw
2024-06-07,50.83,51.15,49.33,49.7,,67847.0,,raw
2024-06-11,49.36,50.15,48.79,49.7,,67492.0,,raw
2024-06-12,49.7,50.61,49.5,50.16,,54157.0,,raw
2024-06-13,50.2,50.39,49.09,49.2,,64617.0,,raw
2024-06-14,49.2,51.66,49.2,51.55,,131506.0,,raw
2024-06-17,50.81,51.4,49.8,50.31,,83777.0,,raw
2024-06-18,50.15,50.59,49.0,49.55,,64530.0,,raw
2024-06-19,49.58,49.78,48.9,49.23,,43428.0,,raw
2024-06-20,49.0,49.42,48.36,48.36,,38383.0,,raw
2024-06-21,48.04,48.93,47.71,48.58,,37843.0,,raw
2024-06-24,48.3,50.55,47.88,48.92,,65279.0,,raw
2024-06-25,48.93,50.28,48.49,48.75,,66719.0,,raw
2024-06-26,48.37,48.75,47.33,48.23,,56013.0,,raw
2024-06-27,48.29,49.54,47.35,48.91,,61954.0,,raw
2024-06-28,48.4,48.93,46.9,47.18,,82287.0,,raw
2024-07-01,46.96,47.44,45.25,45.68,,103617.0,,raw
2024-07-02,45.92,45.92,44.9,45.39,,76898.0,,raw
2024-07-03,45.68,46.33,44.66,44.76,,44863.0,,raw
2024-07-04,44.76,45.59,44.07,44.07,,42232.0,,raw
2024-07-05,44.08,44.42,43.21,44.11,,49423.0,,raw
2024-07-08,44.0,44.0,42.35,42.68,,45808.0,,raw
2024-07-09,42.89,43.02,41.77,42.83,,41351.0,,raw
2024-07-10,42.69,43.35,42.12,42.48,,33873.0,,raw
2024-07-11,43.0,43.34,42.07,42.9,,56705.0,,raw
2024-07-12,42.55,42.9,42.22,42.67,,32682.0,,raw
2024-07-15,42.06,42.17,41.09,41.57,,44863.0,,raw
2024-07-16,41.46,41.72,40.8,41.2,,55201.0,,raw
2024-07-17,41.54,42.06,40.91,41.25,,42934.0,,raw
2024-07-18,41.18,41.33,40.55,41.05,,31118.0,,raw
2024-07-19,41.1,41.17,40.4,40.71,,42110.0,,raw
2024-07-22,40.71,41.66,40.6,41.03,,41967.0,,raw
2024-07-23,40.99,41.03,39.15,39.21,,39971.0,,raw
2024-07-24,39.11,39.38,38.18,38.23,,49876.0,,raw
2024-07-25,37.92,38.65,37.7,37.89,,31656.0,,raw
2024-07-26,38.01,40.75,38.01,40.2,,76803.0,,raw
2024-07-29,39.31,39.58,38.32,38.86,,59725.0,,raw
2024-07-30,38.77,38.85,38.02,38.42,,30437.0,,raw
2024-07-31,38.54,41.36,38.17,41.16,,69484.0,,raw
2024-08-01,41.81,42.33,40.41,40.73,,81157.0,,raw
2024-08-02,40.2,41.41,39.88,39.99,,50451.0,,raw
2024-08-05,39.4,41.23,38.88,38.91,,59981.0,,raw
2024-08-06,39.84,39.97,38.54,39.08,,40658.0,,raw
2024-08-07,39.1,39.67,38.29,38.36,,67449.0,,raw
2024-08-08,38.17,38.35,37.33,37.89,,59092.0,,raw
2024-08-09,38.25,38.38,37.61,37.66,,34592.0,,raw
2024-08-12,37.77,38.76,37.49,38.2,,53375.0,,raw
2024-08-13,38.13,38.28,37.35,38.1,,37000.0,,raw
2024-08-14,38.01,38.12,37.0,37.94,,47233.0,,raw
2024-08-15,37.59,38.1,37.19,37.51,,42913.0,,raw
2024-08-16,37.36,37.59,37.0,37.05,,29464.0,,raw
2024-08-19,37.0,37.96,36.76,37.77,,46461.0,,raw
2024-08-20,37.7,37.79,36.86,36.92,,32832.0,,raw
2024-08-21,36.69,37.35,36.45,37.07,,27059.0,,raw
2024-08-22,36.52,37.0,36.42,36.59,,26109.0,,raw
2024-08-23,36.36,38.47,36.25,37.68,,63673.0,,raw
2024-08-26,37.3,39.18,37.3,38.2,,49792.0,,raw
2024-08-27,37.8,38.15,37.4,37.93,,35974.0,,raw
2024-08-28,37.88,38.05,37.5,37.91,,26858.0,,raw
2024-08-29,37.36,39.35,36.73,39.16,,70245.0,,raw
2024-08-30,38.8,41.43,38.65,40.17,,88915.0,,raw
2024-09-02,40.99,41.27,39.53,40.23,,93383.0,,raw
2024-09-03,40.15,42.35,39.94,42.0,,97930.0,,raw
2024-09-04,41.61,42.97,41.15,42.2,,72821.0,,raw
2024-09-05,42.12,42.61,41.7,42.45,,46097.0,,raw
2024-09-06,42.48,43.65,41.75,41.83,,78714.0,,raw
2024-09-09,41.2,42.19,40.91,41.14,,53952.0,,raw
2024-09-10,40.87,41.7,40.4,40.75,,39166.0,,raw
2024-09-11,40.68,41.52,40.45,41.38,,34418.0,,raw
2024-09-12,41.17,41.79,40.92,41.07,,31164.0,,raw
2024-09-13,40.88,41.41,40.25,40.25,,26371.0,,raw
2024-09-18,40.22,41.05,39.81,40.6,,28960.0,,raw
2024-09-19,40.65,41.86,40.26,41.22,,42436.0,,raw
2024-09-20,41.22,41.39,39.81,41.11,,44200.0,,raw
2024-09-23,41.0,42.66,40.8,42.14,,55923.0,,raw
2024-09-24,42.14,42.84,40.84,42.49,,74283.0,,raw
2024-09-25,42.68,43.44,41.38,41.4,,105444.0,,raw
2024-09-26,41.03,44.55,40.66,44.48,,100412.0,,raw
2024-09-27,45.37,47.36,45.29,46.83,,82341.0,,raw
2024-09-30,49.1,51.4,46.88,51.21,,160202.0,,raw
2024-10-08,56.33,56.33,49.87,51.95,,234148.0,,raw
2024-10-09,50.48,50.48,46.76,47.68,,160658.0,,raw
2024-10-10,47.8,49.09,46.7,47.34,,89080.0,,raw
2024-10-11,47.34,48.87,46.01,47.59,,93966.0,,raw
2024-10-14,47.6,47.76,45.73,47.4,,80701.0,,raw
2024-10-15,47.3,47.63,45.64,45.72,,66610.0,,raw
2024-10-16,45.28,46.29,44.66,44.71,,61635.0,,raw
2024-10-17,45.38,48.5,45.38,47.05,,154301.0,,raw
2024-10-18,46.63,51.76,46.63,51.25,,167659.0,,raw
2024-10-21,52.35,54.55,51.29,53.05,,142477.0,,raw
2024-10-22,52.52,53.51,51.6,51.89,,83395.0,,raw
2024-10-23,51.6,53.49,51.23,52.78,,67525.0,,raw
2024-10-24,52.16,52.61,50.81,51.06,,44439.0,,raw
2024-10-25,51.06,54.71,50.6,54.33,,82418.0,,raw
2024-10-28,54.55,56.29,53.17,55.47,,103703.0,,raw
2024-10-29,55.41,57.36,54.71,56.8,,87750.0,,raw
2024-10-30,53.0,54.98,51.12,51.89,,250660.0,,raw
2024-10-31,51.25,52.27,50.2,52.25,,114174.0,,raw
2024-11-01,52.0,52.53,49.85,49.89,,77288.0,,raw
2024-11-04,49.98,52.68,49.95,51.75,,78154.0,,raw
2024-11-05,51.82,52.98,50.43,52.22,,106668.0,,raw
2024-11-06,52.22,54.77,51.6,52.39,,84026.0,,raw
2024-11-07,52.06,54.98,51.66,54.61,,76792.0,,raw
2024-11-08,54.89,55.67,53.01,53.5,,69066.0,,raw
2024-11-11,53.0,54.1,52.0,54.04,,56232.0,,raw
2024-11-12,53.79,54.77,51.4,51.85,,77371.0,,raw
2024-11-13,51.72,51.8,50.17,51.03,,57122.0,,raw
2024-11-14,51.05,51.43,48.8,49.1,,74511.0,,raw
2024-11-15,48.56,49.34,47.04,47.24,,67681.0,,raw
2024-11-18,47.46,47.63,45.9,46.29,,53732.0,,raw
2024-11-19,46.35,47.52,46.13,47.27,,55059.0,,raw
2024-11-20,47.27,48.5,46.9,48.38,,51498.0,,raw
2024-11-21,48.0,48.2,47.38,47.75,,34151.0,,raw
2024-11-22,47.76,48.47,46.6,46.85,,49978.0,,raw
2024-11-25,46.9,47.0,45.68,46.21,,40159.0,,raw
2024-11-26,46.03,46.74,45.81,46.24,,22901.0,,raw
2024-11-27,46.06,48.87,45.88,48.87,,63606.0,,raw
2024-11-28,49.0,49.0,47.75,48.1,,35299.0,,raw
2024-11-29,47.76,52.0,47.76,51.3,,96921.0,,raw
2024-12-02,51.2,52.6,50.98,52.51,,67537.0,,raw
2024-12-03,52.5,53.3,51.77,51.95,,63689.0,,raw
2024-12-04,51.76,52.2,50.01,50.39,,65011.0,,raw
2024-12-05,50.1,50.66,49.7,50.04,,40683.0,,raw
2024-12-06,50.04,51.95,49.52,50.86,,62051.0,,raw
2024-12-09,50.58,51.2,49.06,49.46,,71217.0,,raw
2024-12-10,51.3,52.18,50.15,51.47,,95546.0,,raw
2024-12-11,51.48,53.0,51.02,52.59,,76035.0,,raw
2024-12-12,52.23,52.69,51.69,52.25,,40447.0,,raw
2024-12-13,52.25,52.27,50.81,50.97,,51635.0,,raw
2024-12-16,50.97,51.4,49.55,50.13,,39218.0,,raw
2024-12-17,49.8,50.4,49.08,49.54,,38933.0,,raw
2024-12-18,49.46,50.8,49.03,50.25,,38609.0,,raw
2024-12-19,49.5,50.96,49.34,50.73,,30415.0,,raw
2024-12-20,50.62,51.87,50.5,50.76,,38362.0,,raw
2024-12-23,50.76,51.31,49.68,49.89,,34405.0,,raw
2024-12-24,49.89,50.88,49.8,50.4,,22073.0,,raw
2024-12-25,50.45,50.5,48.18,48.69,,51128.0,,raw
2024-12-26,48.59,49.6,48.5,49.23,,27210.0,,raw
2024-12-27,49.26,50.07,48.53,48.73,,33934.0,,raw
2024-12-30,48.63,50.6,48.62,48.99,,43535.0,,raw
2024-12-31,49.32,49.6,47.0,47.0,,50167.0,,raw
2025-01-02,47.0,48.22,45.83,46.25,,46465.0,,raw
2025-01-03,46.41,46.96,45.5,45.61,,40956.0,,raw
2025-01-06,45.53,46.0,45.01,45.61,,34944.0,,raw
2025-01-07,45.68,49.2,45.68,47.32,,55079.0,,raw
2025-01-08,47.12,48.7,46.4,47.74,,49746.0,,raw
2025-01-09,47.35,47.45,45.66,45.94,,72167.0,,raw
2025-01-10,45.93,46.2,44.5,44.5,,35092.0,,raw
2025-01-13,43.9,44.49,43.23,43.84,,49067.0,,raw
2025-01-14,43.92,45.34,43.33,45.18,,72924.0,,raw
2025-01-15,45.19,45.36,43.93,44.03,,51178.0,,raw
2025-01-16,44.05,45.5,44.05,44.85,,54464.0,,raw
2025-01-17,44.89,45.46,44.05,45.22,,49019.0,,raw
2025-01-20,45.4,49.0,45.4,46.94,,152418.0,,raw
2025-01-21,47.0,48.15,46.27,47.56,,120459.0,,raw
2025-01-22,47.47,47.47,45.67,46.61,,67277.0,,raw
2025-01-23,46.78,47.3,44.48,44.49,,108024.0,,raw
2025-01-24,44.21,44.58,42.92,43.2,,111054.0,,raw
2025-01-27,43.51,43.96,42.65,42.71,,68483.0,,raw
2025-02-05,43.02,44.29,42.45,44.13,,81396.0,,raw
2025-02-06,43.91,48.54,43.78,48.54,,161159.0,,raw
2025-02-07,50.0,51.41,49.36,50.14,,240414.0,,raw
2025-02-10,50.5,50.5,49.0,49.47,,100642.0,,raw
2025-02-11,50.0,50.5,49.18,49.75,,99665.0,,raw
2025-02-12,49.91,54.12,49.91,53.2,,180160.0,,raw
2025-02-13,52.68,54.18,52.0,52.08,,147083.0,,raw
2025-02-14,51.63,54.74,51.19,53.78,,129131.0,,raw
2025-02-17,53.78,55.0,53.28,53.82,,102168.0,,raw
2025-02-18,53.7,53.94,52.37,52.78,,76792.0,,raw
2025-02-19,52.51,55.93,52.2,55.66,,121456.0,,raw
2025-02-20,55.73,58.0,55.5,57.17,,126321.0,,raw
2025-02-21,57.55,62.0,57.36,61.02,,142971.0,,raw
2025-02-24,61.8,62.7,59.5,61.55,,110077.0,,raw
2025-02-25,60.0,61.6,59.35,60.38,,75340.0,,raw
2025-02-26,60.0,62.49,59.68,60.88,,82402.0,,raw
2025-02-27,60.97,61.19,59.14,59.9,,63088.0,,raw
2025-02-28,59.85,60.5,57.81,58.31,,84358.0,,raw
2025-03-03,58.5,59.1,56.88,57.9,,69752.0,,raw
2025-03-04,57.56,58.5,57.0,58.0,,41267.0,,raw
2025-03-05,58.0,58.76,57.7,58.28,,45258.0,,raw
2025-03-06,58.28,59.49,57.87,58.04,,64821.0,,raw
2025-03-07,57.5,57.87,56.43,56.84,,61023.0,,raw
2025-03-10,56.84,58.9,56.6,58.62,,67803.0,,raw
2025-03-11,58.06,59.26,57.7,59.14,,71067.0,,raw
2025-03-12,60.1,61.98,59.2,59.25,,83928.0,,raw
2025-03-13,60.42,63.48,59.95,61.0,,99912.0,,raw
2025-03-14,60.5,61.26,59.25,61.15,,71137.0,,raw
2025-03-17,61.8,62.3,59.58,60.42,,55882.0,,raw
2025-03-18,60.44,66.15,60.3,65.27,,107030.0,,raw
2025-03-19,64.49,66.35,63.81,65.03,,65788.0,,raw
2025-03-20,64.9,65.86,63.6,63.96,,47356.0,,raw
2025-03-21,63.95,68.39,63.65,65.11,,99793.0,,raw
2025-03-24,64.71,65.73,62.58,63.8,,65013.0,,raw
2025-03-25,63.8,64.84,62.81,63.38,,44011.0,,raw
2025-03-26,63.01,63.38,61.66,61.91,,44108.0,,raw
2025-03-27,61.68,62.81,61.58,62.2,,25023.0,,raw
2025-03-28,62.15,64.22,61.91,62.0,,31957.0,,raw
2025-03-31,62.0,62.43,61.01,61.5,,36498.0,,raw
2025-04-01,61.75,61.82,58.99,59.12,,58451.0,,raw
2025-04-02,59.01,59.47,58.48,58.96,,40712.0,,raw
2025-04-03,58.38,58.38,54.55,54.71,,80195.0,,raw
2025-04-07,50.35,51.0,49.24,49.24,,32376.0,,raw
2025-04-08,46.88,48.95,44.67,46.22,,118749.0,,raw
2025-04-09,44.97,46.21,42.3,45.98,,136211.0,,raw
2025-04-10,47.83,48.4,46.23,47.1,,140654.0,,raw
2025-04-11,46.6,49.96,45.4,49.96,,145068.0,,raw
2025-04-14,50.15,50.2,48.43,48.49,,101918.0,,raw
2025-04-15,48.49,48.85,47.77,48.1,,50630.0,,raw
2025-04-16,47.75,47.92,46.21,47.37,,51232.0,,raw
2025-04-17,47.09,48.2,47.0,47.32,,43450.0,,raw
2025-04-18,47.19,47.66,46.73,47.34,,24944.0,,raw
2025-04-21,47.27,50.21,46.8,49.79,,67623.0,,raw
2025-04-22,49.78,50.4,49.33,50.07,,59706.0,,raw
2025-04-23,50.47,53.5,50.47,52.23,,87169.0,,raw
2025-04-24,52.3,54.17,51.6,52.6,,66200.0,,raw
2025-04-25,52.9,53.41,52.2,53.18,,42553.0,,raw
2025-04-28,53.7,53.8,49.1,49.68,,135945.0,,raw
2025-04-29,49.21,50.38,48.83,49.9,,70447.0,,raw
2025-04-30,50.1,52.2,49.83,51.5,,83359.0,,raw
2025-05-06,51.89,53.5,51.24,52.92,,75530.0,,raw
2025-05-07,53.91,54.44,52.75,53.78,,57733.0,,raw
2025-05-08,53.78,54.41,53.2,53.81,,42049.0,,raw
2025-05-09,54.3,55.05,53.35,54.03,,60430.0,,raw
2025-05-12,55.2,55.68,54.33,55.08,,73008.0,,raw
2025-05-13,55.97,56.3,54.8,55.23,,75715.0,,raw
2025-05-14,55.21,56.5,54.71,55.81,,50697.0,,raw
2025-05-15,55.66,55.66,54.02,54.45,,45477.0,,raw
2025-05-16,54.45,58.48,54.06,56.21,,75437.0,,raw
2025-05-19,55.97,57.86,54.92,57.42,,79060.0,,raw
2025-05-20,57.39,60.44,56.68,58.9,,65971.0,,raw
2025-05-21,58.22,59.48,57.42,57.91,,40017.0,,raw
2025-05-22,57.64,58.18,56.74,57.02,,43389.0,,raw
2025-05-23,57.05,59.15,57.0,57.36,,47714.0,,raw
2025-05-26,57.0,57.33,54.67,55.18,,72977.0,,raw
2025-05-27,55.02,55.3,53.5,53.67,,50644.0,,raw
2025-05-28,53.9,54.5,53.47,53.58,,43449.0,,raw
2025-05-29,53.85,54.88,53.7,53.92,,56003.0,,raw
2025-05-30,53.88,54.39,52.73,53.71,,46748.0,,raw
2025-06-03,53.69,55.45,53.28,54.53,,56390.0,,raw
2025-06-04,54.66,55.0,54.02,54.55,,38070.0,,raw
2025-06-05,54.42,54.51,53.02,53.77,,56099.0,,raw
2025-06-06,53.35,53.41,52.76,53.03,,35747.0,,raw
2025-06-09,53.2,53.63,52.84,53.22,,34374.0,,raw
2025-06-10,53.21,53.49,52.05,52.54,,39923.0,,raw
2025-06-11,52.56,53.49,52.44,52.6,,34662.0,,raw
2025-06-12,52.34,53.31,52.05,52.88,,32420.0,,raw
2025-06-13,52.5,53.5,52.32,52.65,,45688.0,,raw
2025-06-16,52.41,53.92,52.11,53.7,,44096.0,,raw
2025-06-17,53.7,55.35,53.3,54.11,,53563.0,,raw
2025-06-18,53.93,54.1,53.07,53.55,,32480.0,,raw
2025-06-19,53.53,54.55,53.21,54.11,,45195.0,,raw
2025-06-20,53.95,54.78,53.75,53.88,,29265.0,,raw
2025-06-23,53.22,53.68,51.34,52.47,,54577.0,,raw
2025-06-24,52.1,54.17,52.1,54.16,,55925.0,,raw
2025-06-25,54.5,55.79,54.5,55.5,,55954.0,,raw
2025-06-26,55.83,56.44,54.55,54.82,,43723.0,,raw
2025-06-27,55.04,55.65,54.44,54.73,,33759.0,,raw
2025-06-30,54.98,58.3,54.5,58.23,,103566.0,,raw
2025-07-01,58.13,59.18,57.51,57.77,,66280.0,,raw
2025-07-02,57.16,58.26,56.72,56.78,,48656.0,,raw
2025-07-03,57.0,58.18,56.55,56.75,,44704.0,,raw
2025-07-04,56.72,57.47,56.33,56.88,,41625.0,,raw
2025-07-07,56.58,56.75,56.0,56.08,,28341.0,,raw
2025-07-08,55.98,56.46,55.72,56.12,,42658.0,,raw
2025-07-09,56.42,58.43,55.0,58.2,,110454.0,,raw
2025-07-10,57.71,58.07,56.42,57.9,,71123.0,,raw
2025-07-11,57.6,59.29,57.58,58.21,,61606.0,,raw
2025-07-14,61.0,64.03,60.8,64.03,,96681.0,,raw
2025-07-15,65.2,70.43,64.7,70.43,,268349.0,,raw
2025-07-16,70.61,71.5,68.36,69.72,,173251.0,,raw
2025-07-17,70.09,71.9,69.7,70.4,,108909.0,,raw
2025-07-18,70.87,71.14,69.4,70.35,,90616.0,,raw
2025-07-21,71.03,71.31,67.0,67.88,,140949.0,,raw
2025-07-22,67.88,68.5,66.88,68.0,,88658.0,,raw
2025-07-23,67.72,69.3,67.54,69.0,,93465.0,,raw
2025-07-24,69.08,69.43,68.03,68.58,,58474.0,,raw
2025-07-25,68.55,70.98,68.01,70.84,,98265.0,,raw
2025-07-28,70.36,72.65,70.15,72.1,,96984.0,,raw
2025-07-29,72.0,77.19,71.26,76.69,,131276.0,,raw
2025-07-30,76.5,79.5,76.01,78.32,,105841.0,,raw
2025-07-31,78.2,82.89,76.56,79.61,,122526.0,,raw
2025-08-01,79.15,82.77,77.72,78.68,,106817.0,,raw
2025-08-04,77.72,82.56,77.12,82.18,,106067.0,,raw
2025-08-05,82.97,89.94,82.0,87.7,,118416.0,,raw
2025-08-06,86.8,89.48,84.5,88.95,,81727.0,,raw
2025-08-07,88.92,88.95,86.0,86.94,,87794.0,,raw
2025-08-08,86.1,88.26,85.0,87.12,,73492.0,,raw
2025-08-11,86.95,91.54,86.4,90.27,,74965.0,,raw
2025-08-12,90.3,90.99,86.75,88.79,,76527.0,,raw
2025-08-13,88.47,89.68,87.59,89.41,,69480.0,,raw
2025-08-14,89.1,91.52,88.53,89.0,,78732.0,,raw
2025-08-15,89.48,93.34,89.0,91.6,,78814.0,,raw
2025-08-18,93.05,94.94,90.98,91.81,,101155.0,,raw
2025-08-19,91.55,91.82,88.01,89.2,,87316.0,,raw
2025-08-20,89.2,91.32,88.0,91.3,,61885.0,,raw
2025-08-21,91.01,92.19,90.33,91.44,,52837.0,,raw
2025-08-22,91.55,92.2,89.62,90.99,,61198.0,,raw
2025-08-25,91.09,97.9,90.04,96.3,,113920.0,,raw
2025-08-26,96.0,98.37,93.51,96.45,,79670.0,,raw
2025-08-27,95.54,100.9,94.56,94.67,,86690.0,,raw
2025-08-28,94.1,95.8,91.8,93.45,,89006.0,,raw
2025-08-29,93.18,97.38,92.66,96.89,,67409.0,,raw
2025-09-01,96.89,98.55,92.18,93.0,,97935.0,,raw
2025-09-02,92.8,97.45,92.71,96.29,,95341.0,,raw
2025-09-03,96.8,99.64,96.0,96.45,,64745.0,,raw
2025-09-04,96.2,96.96,87.67,89.37,,107023.0,,raw
2025-09-05,88.72,93.0,88.72,92.86,,61149.0,,raw
2025-09-08,93.5,98.74,93.5,98.3,,81705.0,,raw
2025-09-09,98.37,98.9,95.7,97.16,,46423.0,,raw
2025-09-10,96.37,98.81,95.6,96.83,,41420.0,,raw
2025-09-11,96.83,100.45,94.86,100.45,,56259.0,,raw
2025-09-12,101.5,101.55,97.43,97.43,,52851.0,,raw
2025-09-15,96.49,97.5,94.83,96.14,,52090.0,,raw
2025-09-16,96.14,98.11,95.01,98.11,,44663.0,,raw
2025-09-17,97.6,106.6,97.51,105.0,,81726.0,,raw
2025-09-18,105.01,111.69,104.44,105.96,,98704.0,,raw
2025-09-19,106.1,108.68,104.27,105.0,,54404.0,,raw
2025-09-22,104.9,106.37,101.88,104.85,,51313.0,,raw
2025-09-23,105.5,108.06,103.86,105.58,,50924.0,,raw
2025-09-24,103.0,106.58,100.51,104.08,,56413.0,,raw
2025-09-25,104.08,107.85,103.97,106.0,,45504.0,,raw
2025-09-26,105.0,108.17,104.61,106.45,,41510.0,,raw
2025-09-29,106.45,110.7,103.6,105.06,,64241.0,,raw
2025-09-30,104.28,107.53,103.0,107.5,,51471.0,,raw
2025-10-09,105.06,105.7,97.2,102.45,,91815.0,,raw
2025-10-10,101.03,105.65,101.03,102.9,,52563.0,,raw
2025-10-13,96.72,99.98,96.56,97.49,,51429.0,,raw
2025-10-14,98.0,100.0,95.7,96.12,,43750.0,,raw
2025-10-15,95.98,97.95,94.38,96.18,,46264.0,,raw
2025-10-16,96.02,96.43,94.29,94.48,,32073.0,,raw
2025-10-17,94.04,94.47,90.5,90.75,,46747.0,,raw
2025-10-20,91.75,92.28,88.58,89.6,,62445.0,,raw
2025-10-21,90.18,93.2,89.46,90.78,,48580.0,,raw
2025-10-22,90.55,92.41,89.86,91.58,,32117.0,,raw
2025-10-23,91.42,92.1,89.38,90.45,,45686.0,,raw
2025-10-24,91.05,93.15,90.46,91.16,,55630.0,,raw
2025-10-27,95.9,97.81,92.95,93.85,,91710.0,,raw
2025-10-28,94.01,94.65,92.3,92.56,,47328.0,,raw
2025-10-29,92.52,94.35,92.36,94.32,,39461.0,,raw
2025-10-30,94.17,94.66,90.3,90.4,,65324.0,,raw
2025-10-31,89.96,91.38,89.3,89.4,,44244.0,,raw
2025-11-03,89.4,89.96,86.59,88.0,,57021.0,,raw
2025-11-04,87.9,87.9,85.2,85.78,,43397.0,,raw
2025-11-05,84.77,86.03,83.76,85.5,,44110.0,,raw
2025-11-06,85.53,86.73,85.2,86.52,,36088.0,,raw
2025-11-07,85.38,85.56,82.5,82.57,,69301.0,,raw
2025-11-10,82.41,84.2,82.41,83.56,,42822.0,,raw
2025-11-11,83.89,84.68,81.81,82.33,,41756.0,,raw
2025-11-12,81.85,82.71,81.44,81.8,,29311.0,,raw
2025-11-13,81.62,82.42,81.17,82.33,,32940.0,,raw
2025-11-14,81.51,82.75,81.1,81.32,,25540.0,,raw
2025-11-17,81.0,81.45,79.86,80.5,,33812.0,,raw
2025-11-18,80.63,81.15,79.91,80.36,,24513.0,,raw
2025-11-19,80.53,80.99,79.66,79.92,,25451.0,,raw
2025-11-20,80.36,81.35,79.83,80.88,,33005.0,,raw
2025-11-21,80.03,80.4,77.7,78.29,,47727.0,,raw
2025-11-24,78.9,79.48,77.72,78.2,,37622.0,,raw
2025-11-25,78.49,80.15,78.08,79.0,,35685.0,,raw
2025-11-26,78.95,79.44,78.51,79.24,,29306.0,,raw
2025-11-27,79.3,81.13,79.24,79.77,,38493.0,,raw
2025-11-28,79.09,79.36,77.8,78.58,,33904.0,,raw
2025-12-01,77.01,78.74,76.06,78.74,,59011.0,,raw
2025-12-02,78.68,78.73,77.05,77.93,,38395.0,,raw
2025-12-03,77.9,83.31,77.9,81.51,,95271.0,,raw
2025-12-04,83.0,83.38,79.01,79.88,,79689.0,,raw
2025-12-05,79.66,79.85,78.01,79.6,,47239.0,,raw
2025-12-08,79.7,81.43,78.26,80.87,,57274.0,,raw
2025-12-09,80.59,80.9,78.28,78.39,,52996.0,,raw
2025-12-10,78.41,79.9,77.7,79.4,,47721.0,,raw
2025-12-11,79.4,80.34,77.1,77.12,,44270.0,,raw
2025-12-12,77.25,79.79,76.69,79.6,,71569.0,,raw
2025-12-15,79.07,80.55,78.55,79.6,,48878.0,,raw
2025-12-16,79.63,82.41,79.5,81.74,,69270.0,,raw
2025-12-17,81.81,81.94,77.71,80.5,,90959.0,,raw
2025-12-18,79.68,80.07,77.8,77.82,,54197.0,,raw
2025-12-19,77.82,80.65,77.58,79.4,,60956.0,,raw
2025-12-22,80.17,80.2,78.4,79.0,,51558.0,,raw
2025-12-23,79.02,80.83,78.21,78.51,,43391.0,,raw
2025-12-24,78.21,79.87,78.17,79.32,,42767.0,,raw
2025-12-25,79.69,81.15,79.51,80.98,,58058.0,,raw
2025-12-26,81.1,81.5,80.09,80.4,,42825.0,,raw
2025-12-29,80.78,82.05,79.71,79.93,,53837.0,,raw
2025-12-30,79.79,81.88,79.2,81.41,,62852.0,,raw
2025-12-31,81.95,82.3,80.68,80.68,,59279.0,,raw
