trade_date,open,high,low,close,adj_close,volume,amount,price_type
2017-01-03,10.495,10.749,10.495,10.709,10.709,10867.0,,adjusted
2017-01-04,10.692,10.919,10.662,10.845,10.845,10802.0,,adjusted
2017-01-05,10.892,11.065,10.792,10.792,10.792,9752.0,,adjusted
2017-01-06,10.779,10.855,10.692,10.752,10.752,7742.0,,adjusted
2017-01-09,10.752,11.015,10.692,10.885,10.885,12223.0,,adjusted
2017-01-10,10.982,10.982,10.725,10.742,10.742,7267.0,,adjusted
2017-01-11,10.702,10.882,10.702,10.859,10.859,7925.0,,adjusted
2017-01-12,10.859,10.925,10.459,10.525,10.525,8459.0,,adjusted
2017-01-13,10.525,10.612,10.292,10.419,10.419,6736.0,,adjusted
2017-01-16,10.435,10.439,9.529,9.802,9.802,13307.0,,adjusted
2017-01-17,9.875,9.875,9.419,9.739,9.739,12894.0,,adjusted
2017-01-18,9.769,9.769,9.559,9.619,9.619,8979.0,,adjusted
2017-01-19,9.619,9.825,9.412,9.772,9.772,10966.0,,adjusted
2017-01-20,9.659,9.899,9.645,9.742,9.742,10911.0,,adjusted
2017-01-23,9.749,9.942,9.745,9.885,9.885,7158.0,,adjusted
2017-01-24,9.922,9.922,9.745,9.765,9.765,5178.0,,adjusted
2017-01-25,9.825,9.885,9.642,9.849,9.849,4308.0,,adjusted
2017-01-26,9.849,10.035,9.772,10.035,10.035,5074.0,,adjusted
2017-02-03,10.035,10.042,9.862,9.942,9.942,4341.0,,adjusted
2017-02-06,10.025,10.255,10.019,10.202,10.202,9851.0,,adjusted
2017-02-07,10.202,10.252,10.109,10.205,10.205,6673.0,,adjusted
2017-02-08,10.205,10.282,10.125,10.252,10.252,5510.0,,adjusted
2017-02-09,10.252,10.479,10.252,10.352,10.352,6908.0,,adjusted
2017-02-10,10.349,10.459,10.219,10.265,10.265,5333.0,,adjusted
2017-02-13,11.329,11.329,11.329,11.329,11.329,4104.0,,adjusted
2017-02-14,12.499,12.499,12.292,12.499,12.499,146629.0,,adjusted
2017-02-15,12.622,13.785,12.552,13.405,13.405,216666.0,,adjusted
2017-04-13,12.029,12.029,12.029,12.029,12.029,3450.0,,adjusted
2017-04-14,10.789,10.789,10.789,10.789,10.789,29141.0,,adjusted
2017-04-17,9.792,10.089,9.672,9.672,9.672,156418.0,,adjusted
2017-04-18,9.465,9.742,9.195,9.232,9.232,65062.0,,adjusted
2017-04-19,9.209,9.579,9.209,9.415,9.415,42041.0,,adjusted
2017-04-20,9.375,9.689,9.325,9.625,9.625,50152.0,,adjusted
2017-04-21,9.625,9.669,9.375,9.595,9.595,35867.0,,adjusted
2017-04-24,9.509,9.549,9.025,9.389,9.389,26161.0,,adjusted
2017-04-25,9.459,9.675,9.312,9.602,9.602,34638.0,,adjusted
2017-04-26,9.525,10.052,9.465,10.019,10.019,59095.0,,adjusted
2017-04-27,9.885,10.159,9.725,10.032,10.032,51482.0,,adjusted
2017-04-28,9.959,10.225,9.915,10.035,10.035,34960.0,,adjusted
2017-05-02,9.959,10.385,9.892,10.249,10.249,33248.0,,adjusted
2017-05-03,10.135,10.452,10.075,10.229,10.229,37467.0,,adjusted
2017-05-04,10.122,10.192,9.962,10.015,10.015,26075.0,,adjusted
2017-05-05,9.959,10.945,9.919,10.499,10.499,60563.0,,adjusted
2017-05-08,10.459,10.949,10.365,10.509,10.509,63158.0,,adjusted
2017-05-09,10.159,10.879,10.059,10.859,10.859,53925.0,,adjusted
2017-05-10,10.785,11.409,10.725,11.305,11.305,77276.0,,adjusted
2017-05-11,10.992,11.289,10.569,11.065,11.065,63325.0,,adjusted
2017-05-12,11.075,11.559,11.029,11.349,11.349,53178.0,,adjusted
2017-05-15,11.292,11.595,11.129,11.525,11.525,47715.0,,adjusted
2017-05-16,11.395,11.792,11.262,11.759,11.759,49933.0,,adjusted
2017-05-17,11.755,12.282,11.229,11.342,11.342,73047.0,,adjusted
2017-05-18,11.319,12.299,11.229,12.159,12.159,79591.0,,adjusted
2017-05-19,11.909,12.025,11.512,11.689,11.689,56775.0,,adjusted
2017-05-22,11.589,11.685,10.549,10.579,10.579,56825.0,,adjusted
2017-05-23,10.559,10.952,10.209,10.485,10.485,40835.0,,adjusted
2017-05-24,10.425,10.662,9.992,10.635,10.635,30428.0,,adjusted
2017-05-25,10.592,10.692,10.262,10.539,10.539,30221.0,,adjusted
2017-05-26,10.612,10.809,10.545,10.775,10.775,27537.0,,adjusted
2017-05-31,10.959,11.792,10.959,11.452,11.452,50534.0,,adjusted
2017-06-01,11.359,11.559,10.759,10.792,10.792,54564.0,,adjusted
2017-06-02,10.545,11.085,10.309,11.019,11.019,37457.0,,adjusted
2017-06-05,11.135,11.585,11.092,11.525,11.525,45919.0,,adjusted
2017-06-06,11.392,11.585,10.925,11.149,11.149,45490.0,,adjusted
2017-06-07,11.342,12.302,11.192,12.302,12.302,152944.0,,adjusted
2017-06-08,13.282,13.562,12.712,13.022,13.022,535018.0,,adjusted
2017-06-09,12.642,12.752,11.772,12.152,12.152,357974.0,,adjusted
2017-06-12,11.812,12.322,11.602,11.742,11.742,205791.0,,adjusted
2017-06-13,11.742,12.212,11.742,12.032,12.032,195618.0,,adjusted
2017-06-14,11.822,11.842,11.492,11.682,11.682,164505.0,,adjusted
2017-06-15,11.642,12.172,11.562,11.942,11.942,174659.0,,adjusted
2017-06-16,11.792,12.232,11.692,12.022,12.022,136412.0,,adjusted
2017-06-19,11.972,11.982,11.672,11.762,11.762,126263.0,,adjusted
2017-06-20,11.752,11.932,11.562,11.652,11.652,110833.0,,adjusted
2017-06-21,11.652,11.812,11.252,11.492,11.492,116423.0,,adjusted
2017-06-22,11.472,11.742,11.352,11.402,11.402,100681.0,,adjusted
2017-06-23,11.282,11.392,10.842,11.122,11.122,100464.0,,adjusted
2017-06-26,11.082,11.252,10.952,11.192,11.192,58997.0,,adjusted
2017-06-27,11.242,11.442,11.092,11.372,11.372,65518.0,,adjusted
2017-06-28,11.262,11.372,11.062,11.102,11.102,50798.0,,adjusted
2017-06-29,11.092,11.382,11.092,11.232,11.232,56933.0,,adjusted
2017-06-30,11.142,11.192,11.032,11.132,11.132,42549.0,,adjusted
2017-07-03,11.132,11.242,10.992,11.192,11.192,41711.0,,adjusted
2017-07-04,11.192,11.372,11.142,11.252,11.252,50820.0,,adjusted
2017-07-05,11.212,11.342,11.162,11.222,11.222,50503.0,,adjusted
2017-07-06,11.182,11.222,11.052,11.122,11.122,51529.0,,adjusted
2017-07-07,11.052,11.122,10.912,10.972,10.972,69776.0,,adjusted
2017-07-10,10.912,10.952,10.692,10.712,10.712,62700.0,,adjusted
2017-07-11,10.732,10.832,10.622,10.652,10.652,43952.0,,adjusted
2017-07-12,10.642,10.722,10.142,10.462,10.462,64813.0,,adjusted
2017-07-13,10.412,10.442,10.282,10.352,10.352,30273.0,,adjusted
2017-07-14,10.352,10.442,10.252,10.362,10.362,33957.0,,adjusted
2017-07-17,10.322,10.322,9.402,9.532,9.532,63451.0,,adjusted
2017-07-18,9.632,9.682,9.492,9.672,9.672,34114.0,,adjusted
2017-07-19,9.662,9.752,9.572,9.752,9.752,26258.0,,adjusted
2017-07-20,9.742,9.892,9.682,9.802,9.802,31004.0,,adjusted
2017-07-21,9.992,10.812,9.972,10.812,10.812,161723.0,,adjusted
2017-07-24,10.882,11.572,10.802,11.212,11.212,225583.0,,adjusted
2017-07-25,11.032,11.112,10.752,10.982,10.982,110796.0,,adjusted
2017-07-26,10.872,10.962,10.772,10.882,10.882,64690.0,,adjusted
2017-07-27,10.952,11.272,10.702,11.102,11.102,114912.0,,adjusted
2017-07-28,10.992,11.182,10.862,10.872,10.872,65969.0,,adjusted
2017-07-31,10.812,10.962,10.782,10.842,10.842,58034.0,,adjusted
2017-08-01,10.712,10.952,10.712,10.882,10.882,49487.0,,adjusted
2017-08-02,10.862,11.992,10.862,11.472,11.472,199954.0,,adjusted
2017-08-03,11.282,11.662,11.142,11.592,11.592,142621.0,,adjusted
2017-08-04,11.592,11.592,11.232,11.242,11.242,82981.0,,adjusted
2017-08-07,11.122,11.402,11.122,11.192,11.192,48891.0,,adjusted
2017-08-08,11.172,11.572,11.102,11.552,11.552,88519.0,,adjusted
2017-08-09,11.602,12.192,11.602,11.932,11.932,219338.0,,adjusted
2017-08-10,11.812,12.092,11.192,12.092,12.092,146709.0,,adjusted
2017-08-11,11.892,12.372,11.772,11.802,11.802,128648.0,,adjusted
2017-08-14,11.792,12.272,11.792,12.162,12.162,115510.0,,adjusted
2017-08-15,12.132,12.362,11.852,11.982,11.982,96385.0,,adjusted
2017-08-16,12.072,12.232,11.792,12.072,12.072,92100.0,,adjusted
2017-08-17,11.972,13.252,11.872,12.612,12.612,241490.0,,adjusted
2017-08-18,12.452,12.582,12.292,12.352,12.352,103992.0,,adjusted
2017-08-21,12.432,12.652,12.352,12.432,12.432,75031.0,,adjusted
2017-08-22,12.492,12.542,11.892,11.952,11.952,106203.0,,adjusted
2017-08-23,12.142,13.122,12.142,12.532,12.532,188946.0,,adjusted
2017-08-24,12.522,12.552,11.892,12.172,12.172,111538.0,,adjusted
2017-08-25,12.182,12.202,11.892,12.162,12.162,89009.0,,adjusted
2017-08-28,12.212,12.582,12.212,12.382,12.382,107939.0,,adjusted
2017-08-29,12.232,12.232,11.992,12.142,12.142,94616.0,,adjusted
2017-08-30,12.132,12.172,11.892,11.952,11.952,65791.0,,adjusted
2017-08-31,11.942,12.062,11.792,11.982,11.982,63134.0,,adjusted
2017-09-01,11.992,12.112,11.872,11.992,11.992,65531.0,,adjusted
2017-09-04,11.912,13.222,11.912,13.222,13.222,312931.0,,adjusted
2017-09-05,13.172,14.262,12.912,13.932,13.932,409734.0,,adjusted
2017-09-06,13.652,14.432,13.572,14.132,14.132,341862.0,,adjusted
2017-09-07,13.992,14.012,13.502,13.562,13.562,245508.0,,adjusted
2017-09-08,13.472,13.482,12.932,13.162,13.162,251060.0,,adjusted
2017-09-11,13.192,14.512,13.062,14.512,14.512,490574.0,,adjusted
2017-09-12,14.442,15.252,14.272,14.392,14.392,543655.0,,adjusted
2017-09-13,14.182,14.752,13.692,14.642,14.642,328431.0,,adjusted
2017-09-14,14.822,15.492,14.492,14.502,14.502,353446.0,,adjusted
2017-09-15,14.272,14.832,14.052,14.662,14.662,201289.0,,adjusted
2017-09-18,14.452,14.952,14.222,14.372,14.372,153897.0,,adjusted
2017-09-19,14.372,14.492,13.882,14.192,14.192,154853.0,,adjusted
2017-09-20,14.032,14.632,13.832,14.612,14.612,193094.0,,adjusted
2017-09-21,14.442,14.612,14.072,14.082,14.082,124242.0,,adjusted
2017-09-22,13.992,14.282,13.862,14.122,14.122,73244.0,,adjusted
2017-09-25,14.142,14.442,13.872,13.922,13.922,78993.0,,adjusted
2017-09-26,13.842,14.062,13.462,13.682,13.682,96559.0,,adjusted
2017-09-27,13.682,13.972,13.502,13.972,13.972,82664.0,,adjusted
2017-09-28,13.872,14.112,13.762,13.832,13.832,74004.0,,adjusted
2017-09-29,13.782,14.032,13.672,13.752,13.752,70048.0,,adjusted
2017-10-09,13.752,14.272,13.742,14.182,14.182,113389.0,,adjusted
2017-10-10,14.122,14.592,14.062,14.522,14.522,126977.0,,adjusted
2017-10-11,14.492,14.492,14.052,14.102,14.102,99801.0,,adjusted
2017-10-12,14.022,14.362,13.812,14.012,14.012,77912.0,,adjusted
2017-10-13,13.922,14.132,13.772,14.042,14.042,55418.0,,adjusted
2017-10-16,14.042,14.092,13.402,13.432,13.432,100821.0,,adjusted
2017-10-17,13.412,13.552,13.272,13.482,13.482,65381.0,,adjusted
2017-10-18,13.492,13.562,13.002,13.002,13.002,67252.0,,adjusted
2017-10-19,13.002,13.172,12.722,13.122,13.122,66402.0,,adjusted
2017-10-20,13.192,13.442,13.042,13.402,13.402,50160.0,,adjusted
2017-10-23,13.472,13.492,13.182,13.282,13.282,34896.0,,adjusted
2017-10-24,13.272,13.392,12.992,13.072,13.072,45353.0,,adjusted
2017-10-25,13.082,13.242,12.852,13.222,13.222,45415.0,,adjusted
2017-10-26,13.242,13.572,13.132,13.402,13.402,62175.0,,adjusted
2017-10-27,13.352,13.532,13.102,13.142,13.142,48513.0,,adjusted
2017-10-30,13.042,13.112,12.222,12.692,12.692,86332.0,,adjusted
2017-10-31,12.552,12.872,12.462,12.872,12.872,50829.0,,adjusted
2017-11-01,12.752,12.802,12.512,12.732,12.732,43484.0,,adjusted
2017-11-02,12.692,12.742,12.392,12.612,12.612,46311.0,,adjusted
2017-11-03,12.532,12.542,12.292,12.432,12.432,46969.0,,adjusted
2017-11-06,12.432,12.512,12.312,12.492,12.492,41157.0,,adjusted
2017-11-07,12.592,12.672,12.392,12.652,12.652,48366.0,,adjusted
2017-11-08,12.552,12.992,12.552,12.742,12.742,65871.0,,adjusted
2017-11-09,12.742,12.992,12.612,12.952,12.952,52587.0,,adjusted
2017-11-10,13.042,13.672,13.042,13.252,13.252,103355.0,,adjusted
2017-11-13,13.302,13.482,13.032,13.272,13.272,86790.0,,adjusted
2017-11-14,13.292,13.462,13.062,13.132,13.132,75552.0,,adjusted
2017-11-15,13.082,13.122,12.492,12.522,12.522,75747.0,,adjusted
2017-11-16,12.472,12.782,12.342,12.472,12.472,56788.0,,adjusted
2017-11-17,12.522,12.552,11.602,11.762,11.762,86453.0,,adjusted
2017-11-20,11.792,11.902,10.652,11.562,11.562,78679.0,,adjusted
2017-11-21,11.582,11.642,11.172,11.442,11.442,49694.0,,adjusted
2017-11-22,11.472,11.542,11.202,11.302,11.302,48328.0,,adjusted
2017-11-23,11.272,11.442,11.122,11.342,11.342,45984.0,,adjusted
2017-11-24,11.252,11.352,10.942,11.342,11.342,60183.0,,adjusted
2017-11-27,11.242,11.242,10.902,11.122,11.122,52734.0,,adjusted
2017-11-28,11.082,11.122,10.882,11.072,11.072,44212.0,,adjusted
2017-11-29,11.072,11.072,10.772,10.872,10.872,54314.0,,adjusted
2017-11-30,10.852,10.862,10.592,10.782,10.782,56974.0,,adjusted
2017-12-01,10.732,10.732,10.562,10.672,10.672,59282.0,,adjusted
2017-12-04,10.762,10.842,10.562,10.672,10.672,45859.0,,adjusted
2017-12-05,10.612,10.622,10.002,10.262,10.262,95949.0,,adjusted
2017-12-06,10.202,10.382,10.072,10.332,10.332,63517.0,,adjusted
2017-12-07,10.272,10.522,10.222,10.332,10.332,44743.0,,adjusted
2017-12-08,10.272,10.542,10.272,10.532,10.532,43280.0,,adjusted
2017-12-11,11.032,11.182,10.762,10.792,10.792,64691.0,,adjusted
2017-12-12,10.702,10.972,10.692,10.742,10.742,51239.0,,adjusted
2017-12-13,10.742,10.812,10.622,10.742,10.742,31809.0,,adjusted
2017-12-14,10.752,10.912,10.752,10.832,10.832,29324.0,,adjusted
2017-12-15,10.892,11.662,10.892,11.222,11.222,99334.0,,adjusted
2017-12-18,11.132,11.162,10.912,10.962,10.962,43040.0,,adjusted
2017-12-19,11.042,11.242,10.992,11.092,11.092,36605.0,,adjusted
2017-12-20,11.032,11.152,10.792,10.812,10.812,35730.0,,adjusted
2017-12-21,10.812,10.872,10.542,10.792,10.792,41704.0,,adjusted
2017-12-22,10.792,10.882,10.612,10.882,10.882,34963.0,,adjusted
2017-12-25,10.792,10.842,10.482,10.482,10.482,38495.0,,adjusted
2017-12-26,10.472,10.652,10.452,10.632,10.632,22969.0,,adjusted
2017-12-27,10.692,11.062,10.652,10.852,10.852,48485.0,,adjusted
2017-12-28,10.852,10.892,10.742,10.782,10.782,29915.0,,adjusted
2017-12-29,10.722,10.842,10.702,10.812,10.812,23076.0,,adjusted
2018-01-02,10.842,11.002,10.792,10.982,10.982,33343.0,,adjusted
2018-01-03,10.982,11.112,10.892,11.062,11.062,44804.0,,adjusted
2018-01-04,11.002,11.042,10.872,10.902,10.902,30631.0,,adjusted
2018-01-05,10.932,10.952,10.792,10.852,10.852,27438.0,,adjusted
2018-01-08,10.842,10.842,10.542,10.592,10.592,43815.0,,adjusted
2018-01-09,10.592,10.672,10.542,10.552,10.552,26717.0,,adjusted
2018-01-10,10.602,10.602,10.242,10.322,10.322,44148.0,,adjusted
2018-01-11,10.422,10.542,10.282,10.512,10.512,28839.0,,adjusted
2018-01-12,10.512,10.632,10.392,10.402,10.402,24376.0,,adjusted
2018-01-15,10.342,10.472,9.902,10.272,10.272,46864.0,,adjusted
2018-01-16,10.192,10.232,10.022,10.082,10.082,26765.0,,adjusted
2018-01-17,10.092,10.312,9.922,10.312,10.312,36108.0,,adjusted
2018-01-18,10.212,10.422,10.172,10.192,10.192,24122.0,,adjusted
2018-01-19,10.192,10.212,10.032,10.042,10.042,26126.0,,adjusted
2018-01-22,10.042,10.542,10.042,10.422,10.422,55224.0,,adjusted
2018-01-23,10.352,10.982,10.302,10.852,10.852,99457.0,,adjusted
2018-01-24,10.862,11.022,10.632,10.872,10.872,66877.0,,adjusted
2018-01-25,10.792,11.142,10.742,10.852,10.852,57574.0,,adjusted
2018-01-26,10.882,11.032,10.852,10.932,10.932,41806.0,,adjusted
2018-01-29,10.932,10.952,10.652,10.812,10.812,37387.0,,adjusted
2018-01-30,10.752,10.942,10.702,10.922,10.922,31680.0,,adjusted
2018-01-31,10.882,11.142,10.752,10.962,10.962,50052.0,,adjusted
2018-02-01,10.902,11.052,10.192,10.272,10.272,54138.0,,adjusted
2018-02-02,10.202,10.342,9.792,10.062,10.062,44829.0,,adjusted
2018-02-05,9.752,10.192,9.702,10.052,10.052,18812.0,,adjusted
2018-02-06,9.902,10.122,9.552,9.622,9.622,49384.0,,adjusted
2018-02-07,9.792,9.962,8.632,8.832,8.832,105255.0,,adjusted
2018-02-08,8.842,8.922,8.692,8.822,8.822,50458.0,,adjusted
2018-02-09,8.492,8.752,8.292,8.602,8.602,48201.0,,adjusted
2018-02-12,8.672,8.872,8.612,8.822,8.822,23002.0,,adjusted
2018-02-13,8.852,9.152,8.812,8.892,8.892,20956.0,,adjusted
2018-02-14,8.912,9.012,8.792,8.992,8.992,14073.0,,adjusted
2018-02-22,9.292,9.332,9.032,9.172,9.172,18797.0,,adjusted
2018-02-23,9.182,9.262,9.012,9.072,9.072,15631.0,,adjusted
2018-02-26,9.102,9.402,9.102,9.362,9.362,28131.0,,adjusted
2018-02-27,9.452,10.192,9.302,9.732,9.732,48054.0,,adjusted
2018-02-28,9.602,9.932,9.512,9.752,9.752,35542.0,,adjusted
2018-03-01,9.682,10.182,9.642,10.142,10.142,61823.0,,adjusted
2018-03-02,10.042,10.872,10.042,10.382,10.382,97453.0,,adjusted
2018-03-05,10.172,11.022,10.172,10.752,10.752,82813.0,,adjusted
2018-03-06,10.752,10.792,10.502,10.582,10.582,61927.0,,adjusted
2018-03-07,10.592,10.822,10.412,10.642,10.642,45370.0,,adjusted
2018-03-08,10.572,10.652,10.342,10.452,10.452,41808.0,,adjusted
2018-03-09,10.462,10.772,10.392,10.722,10.722,64181.0,,adjusted
2018-03-12,10.852,11.092,10.732,10.812,10.812,71371.0,,adjusted
2018-03-13,10.882,10.882,10.542,10.632,10.632,51946.0,,adjusted
2018-03-14,10.582,10.952,10.492,10.502,10.502,60125.0,,adjusted
2018-03-15,10.292,10.562,10.152,10.352,10.352,49210.0,,adjusted
2018-03-16,10.292,10.372,10.102,10.192,10.192,49720.0,,adjusted
2018-03-19,10.152,10.572,10.092,10.262,10.262,53644.0,,adjusted
2018-03-20,10.172,10.602,10.072,10.522,10.522,57465.0,,adjusted
2018-03-21,10.542,10.952,10.542,10.592,10.592,68256.0,,adjusted
2018-03-22,10.692,10.762,10.502,10.572,10.572,33123.0,,adjusted
2018-03-23,10.262,10.292,9.492,9.662,9.662,82490.0,,adjusted
2018-03-26,9.632,9.992,9.352,9.952,9.952,51221.0,,adjusted
2018-03-27,10.072,10.892,10.072,10.842,10.842,117928.0,,adjusted
2018-03-28,10.662,10.932,10.572,10.832,10.832,70664.0,,adjusted
2018-03-29,11.102,11.842,11.082,11.192,11.192,163262.0,,adjusted
2018-03-30,11.422,11.792,11.192,11.702,11.702,161507.0,,adjusted
2018-04-02,11.822,12.252,11.492,11.702,11.702,176643.0,,adjusted
2018-04-03,11.452,11.592,11.292,11.492,11.492,90106.0,,adjusted
2018-04-04,11.492,11.802,11.312,11.312,11.312,94543.0,,adjusted
2018-04-09,11.342,11.852,11.042,11.802,11.802,110131.0,,adjusted
2018-04-10,12.252,12.392,11.572,11.752,11.752,125872.0,,adjusted
2018-04-11,11.752,12.122,11.712,11.892,11.892,98686.0,,adjusted
2018-04-12,11.852,12.172,11.642,11.732,11.732,78708.0,,adjusted
2018-04-13,11.812,12.132,11.812,11.972,11.972,68505.0,,adjusted
2018-04-16,11.972,12.222,11.792,12.062,12.062,75933.0,,adjusted
2018-04-17,12.012,12.152,11.302,11.392,11.392,85253.0,,adjusted
2018-04-18,11.532,12.562,11.392,12.562,12.562,258711.0,,adjusted
2018-04-19,12.392,12.782,12.182,12.682,12.682,207792.0,,adjusted
2018-04-20,12.602,12.892,12.322,12.442,12.442,144336.0,,adjusted
2018-04-23,12.412,12.982,12.332,12.802,12.802,141879.0,,adjusted
2018-04-24,12.802,13.442,12.612,13.342,13.342,148457.0,,adjusted
2018-04-25,13.292,13.512,13.152,13.192,13.192,111693.0,,adjusted
2018-04-26,13.162,13.292,12.642,12.762,12.762,104201.0,,adjusted
2018-04-27,12.792,12.942,12.282,12.672,12.672,108176.0,,adjusted
2018-05-02,12.812,13.082,12.372,13.072,13.072,113763.0,,adjusted
2018-05-03,13.012,13.062,12.532,12.982,12.982,83613.0,,adjusted
2018-05-04,12.922,13.192,12.592,12.602,12.602,77341.0,,adjusted
2018-05-07,12.802,13.842,12.692,13.642,13.642,186474.0,,adjusted
2018-05-08,13.772,13.952,13.502,13.622,13.622,118415.0,,adjusted
2018-05-09,13.662,13.822,13.322,13.552,13.552,112284.0,,adjusted
2018-05-10,13.552,13.742,13.462,13.672,13.672,81318.0,,adjusted
2018-05-11,13.842,14.042,13.672,13.712,13.712,129711.0,,adjusted
2018-05-14,13.862,13.892,13.302,13.492,13.492,83040.0,,adjusted
2018-05-15,13.492,13.832,13.392,13.492,13.492,79728.0,,adjusted
2018-05-16,13.412,13.622,13.102,13.552,13.552,83935.0,,adjusted
2018-05-17,13.492,13.802,13.442,13.472,13.472,63949.0,,adjusted
2018-05-18,13.472,13.592,13.242,13.472,13.472,57209.0,,adjusted
2018-05-21,13.592,13.772,13.492,13.502,13.502,103150.0,,adjusted
2018-05-22,13.542,13.592,12.972,13.192,13.192,107071.0,,adjusted
2018-05-23,13.072,13.422,13.012,13.142,13.142,67552.0,,adjusted
2018-05-24,13.142,13.792,13.032,13.682,13.682,111289.0,,adjusted
2018-05-25,13.592,14.522,13.582,14.102,14.102,206299.0,,adjusted
2018-05-28,14.202,14.442,13.932,14.242,14.242,121737.0,,adjusted
2018-05-29,14.122,14.362,14.022,14.162,14.162,61255.0,,adjusted
2018-05-30,14.014,14.024,13.174,13.294,13.294,82719.0,,adjusted
2018-05-31,13.634,13.844,13.384,13.624,13.624,67694.0,,adjusted
2018-06-01,13.464,14.014,12.984,13.814,13.814,83373.0,,adjusted
2018-06-04,13.714,13.904,13.114,13.274,13.274,64871.0,,adjusted
2018-06-05,13.284,13.844,13.184,13.844,13.844,64833.0,,adjusted
2018-06-06,13.844,14.014,13.654,13.784,13.784,51813.0,,adjusted
2018-06-07,13.914,14.434,13.814,14.034,14.034,82720.0,,adjusted
2018-06-08,13.964,14.214,13.844,14.024,14.024,51510.0,,adjusted
2018-06-11,13.964,13.964,13.544,13.634,13.634,38378.0,,adjusted
2018-06-12,13.494,13.814,13.164,13.634,13.634,49095.0,,adjusted
2018-06-13,13.484,13.604,13.124,13.214,13.214,39520.0,,adjusted
2018-06-14,13.104,13.404,13.064,13.094,13.094,25145.0,,adjusted
2018-06-15,13.074,13.194,11.764,11.834,11.834,110826.0,,adjusted
2018-06-19,11.544,12.414,11.364,11.874,11.874,153090.0,,adjusted
2018-06-20,11.874,13.074,11.844,12.664,12.664,95507.0,,adjusted
2018-06-21,12.614,12.884,12.244,12.254,12.254,47154.0,,adjusted
2018-06-22,12.264,12.864,12.144,12.794,12.794,62545.0,,adjusted
2018-06-25,12.854,13.434,12.834,12.964,12.964,64442.0,,adjusted
2018-06-26,12.664,13.324,12.564,13.164,13.164,79333.0,,adjusted
2018-06-27,13.254,13.314,12.714,12.804,12.804,59591.0,,adjusted
2018-06-28,12.814,13.104,12.724,12.804,12.804,46597.0,,adjusted
2018-06-29,12.864,13.844,12.754,13.744,13.744,103686.0,,adjusted
2018-07-02,13.744,14.204,13.564,13.694,13.694,86737.0,,adjusted
2018-07-03,13.554,14.074,13.394,14.044,14.044,92810.0,,adjusted
2018-07-04,13.984,14.314,13.564,13.844,13.844,80761.0,,adjusted
2018-07-05,13.784,14.394,13.484,14.044,14.044,102953.0,,adjusted
2018-07-06,14.104,14.254,13.804,14.064,14.064,79620.0,,adjusted
2018-07-09,14.114,14.344,13.774,14.344,14.344,93630.0,,adjusted
2018-07-10,14.254,14.314,13.964,14.114,14.114,54048.0,,adjusted
2018-07-11,13.864,13.864,13.284,13.624,13.624,76894.0,,adjusted
2018-07-12,13.624,14.214,13.514,14.114,14.114,112398.0,,adjusted
2018-07-13,14.024,14.164,13.754,13.914,13.914,73040.0,,adjusted
2018-07-16,13.954,14.464,13.664,14.464,14.464,91948.0,,adjusted
2018-07-17,14.364,15.514,14.364,15.284,15.284,200447.0,,adjusted
2018-07-18,15.364,15.914,15.134,15.454,15.454,167440.0,,adjusted
2018-07-19,15.264,15.914,15.144,15.224,15.224,120142.0,,adjusted
2018-07-20,15.334,15.614,14.594,14.924,14.924,152174.0,,adjusted
2018-07-23,15.044,15.234,14.864,15.014,15.014,123577.0,,adjusted
2018-07-24,14.944,16.184,14.944,16.114,16.114,189263.0,,adjusted
2018-07-25,15.924,16.024,15.574,15.664,15.664,110424.0,,adjusted
2018-07-26,15.664,15.704,14.124,14.314,14.314,234274.0,,adjusted
2018-07-27,14.024,14.264,13.754,13.924,13.924,117073.0,,adjusted
2018-07-30,13.824,14.004,12.794,13.004,13.004,170247.0,,adjusted
2018-07-31,13.064,13.204,12.884,13.074,13.074,78712.0,,adjusted
2018-08-01,13.224,13.314,12.914,12.924,12.924,77866.0,,adjusted
2018-08-02,12.664,13.194,12.284,13.144,13.144,114712.0,,adjusted
2018-08-03,12.944,13.064,12.394,12.424,12.424,77710.0,,adjusted
2018-08-06,12.314,12.654,12.094,12.494,12.494,57364.0,,adjusted
2018-08-07,12.504,13.214,12.464,13.164,13.164,85275.0,,adjusted
2018-08-08,13.164,13.284,12.864,12.984,12.984,48942.0,,adjusted
2018-08-09,12.944,13.474,12.864,13.274,13.274,78200.0,,adjusted
2018-08-10,13.264,13.644,13.214,13.554,13.554,87597.0,,adjusted
2018-08-13,13.364,13.664,13.224,13.564,13.564,83605.0,,adjusted
2018-08-14,13.544,13.644,12.914,12.984,12.984,110377.0,,adjusted
2018-08-15,12.864,13.034,12.564,12.654,12.654,69174.0,,adjusted
2018-08-16,12.424,12.634,12.074,12.154,12.154,72928.0,,adjusted
2018-08-17,12.424,12.454,11.994,12.084,12.084,57495.0,,adjusted
2018-08-20,12.184,12.304,11.784,12.164,12.164,47742.0,,adjusted
2018-08-21,12.264,12.484,12.224,12.384,12.384,57257.0,,adjusted
2018-08-22,12.394,12.514,12.264,12.294,12.294,43134.0,,adjusted
2018-08-23,12.244,12.474,12.174,12.454,12.454,54115.0,,adjusted
2018-08-24,12.444,12.444,12.174,12.224,12.224,65200.0,,adjusted
2018-08-27,12.314,12.644,12.214,12.594,12.594,85603.0,,adjusted
2018-08-28,12.594,12.684,12.474,12.624,12.624,62661.0,,adjusted
2018-08-29,12.534,12.584,12.214,12.254,12.254,50059.0,,adjusted
2018-08-30,12.174,12.434,12.114,12.124,12.124,37065.0,,adjusted
2018-08-31,12.104,12.194,11.674,11.704,11.704,52524.0,,adjusted
2018-09-03,11.644,11.754,11.164,11.464,11.464,43384.0,,adjusted
2018-09-04,11.444,11.804,11.374,11.764,11.764,39653.0,,adjusted
2018-09-05,11.864,11.864,11.514,11.534,11.534,32714.0,,adjusted
2018-09-06,11.554,11.804,11.454,11.464,11.464,32899.0,,adjusted
2018-09-07,11.534,11.704,11.164,11.174,11.174,59516.0,,adjusted
2018-09-10,11.154,11.354,10.564,10.714,10.714,81806.0,,adjusted
2018-09-11,10.844,10.934,10.654,10.784,10.784,34122.0,,adjusted
2018-09-12,10.824,10.914,10.684,10.804,10.804,30532.0,,adjusted
2018-09-13,10.994,11.064,10.694,10.904,10.904,38052.0,,adjusted
2018-09-14,10.904,11.004,10.874,10.894,10.894,27181.0,,adjusted
2018-09-17,10.894,10.944,10.294,10.324,10.324,42680.0,,adjusted
2018-09-18,10.334,10.664,10.254,10.644,10.644,47530.0,,adjusted
2018-09-19,10.784,11.254,10.674,11.054,11.054,78971.0,,adjusted
2018-09-20,11.044,11.184,10.964,10.984,10.984,35597.0,,adjusted
2018-09-21,11.004,11.144,10.984,11.094,11.094,37948.0,,adjusted
2018-09-25,10.914,11.204,10.914,11.044,11.044,22086.0,,adjusted
2018-09-26,11.094,11.194,10.964,11.094,11.094,35722.0,,adjusted
2018-09-27,11.034,11.074,10.694,10.704,10.704,42420.0,,adjusted
2018-09-28,10.704,11.484,10.704,11.444,11.444,99739.0,,adjusted
2018-10-08,11.254,11.254,10.394,10.534,10.534,95745.0,,adjusted
2018-10-09,10.554,10.694,10.414,10.564,10.564,42581.0,,adjusted
2018-10-10,10.604,10.934,10.494,10.634,10.634,38879.0,,adjusted
2018-10-11,10.094,10.314,9.544,9.764,9.764,85450.0,,adjusted
2018-10-12,9.694,9.914,9.204,9.724,9.724,60977.0,,adjusted
2018-10-15,9.724,9.924,9.534,9.534,9.534,31475.0,,adjusted
2018-10-16,9.644,9.754,9.314,9.354,9.354,28061.0,,adjusted
2018-10-17,9.494,9.594,9.074,9.484,9.484,42538.0,,adjusted
2018-10-18,9.454,9.454,9.014,9.114,9.114,49951.0,,adjusted
2018-10-19,8.994,9.364,8.764,9.224,9.224,49971.0,,adjusted
2018-10-22,9.344,9.964,9.344,9.914,9.914,88673.0,,adjusted
2018-10-23,9.854,9.974,9.584,9.704,9.704,52235.0,,adjusted
2018-10-24,9.694,9.964,9.594,9.824,9.824,50976.0,,adjusted
2018-10-25,9.274,9.414,8.814,8.824,8.824,151271.0,,adjusted
2018-10-26,8.874,8.964,8.614,8.744,8.744,69706.0,,adjusted
2018-10-29,8.744,8.744,8.264,8.454,8.454,59746.0,,adjusted
2018-10-30,8.474,8.604,8.214,8.494,8.494,66210.0,,adjusted
2018-10-31,8.534,8.634,8.474,8.564,8.564,55468.0,,adjusted
2018-11-01,9.054,9.264,8.694,8.744,8.744,120190.0,,adjusted
2018-11-02,8.924,9.164,8.864,9.144,9.144,143510.0,,adjusted
2018-11-05,9.024,9.204,8.894,9.034,9.034,82955.0,,adjusted
2018-11-06,8.984,8.984,8.754,8.924,8.924,48349.0,,adjusted
2018-11-07,8.944,9.104,8.874,8.914,8.914,52699.0,,adjusted
2018-11-08,9.004,9.024,8.804,8.834,8.834,46370.0,,adjusted
2018-11-09,8.764,9.004,8.744,8.824,8.824,42248.0,,adjusted
2018-11-12,8.764,9.054,8.764,9.044,9.044,65179.0,,adjusted
2018-11-13,8.914,9.524,8.834,9.504,9.504,139981.0,,adjusted
2018-11-14,9.444,9.854,9.364,9.414,9.414,121806.0,,adjusted
2018-11-15,9.394,9.624,9.374,9.574,9.574,71824.0,,adjusted
2018-11-16,9.674,9.824,9.534,9.604,9.604,80404.0,,adjusted
2018-11-19,9.644,9.714,9.354,9.524,9.524,63980.0,,adjusted
2018-11-20,9.164,9.164,8.754,8.774,8.774,133250.0,,adjusted
2018-11-21,8.664,8.844,8.564,8.784,8.784,60136.0,,adjusted
2018-11-22,8.814,8.914,8.774,8.824,8.824,37699.0,,adjusted
2018-11-23,8.854,8.854,8.534,8.614,8.614,53239.0,,adjusted
2018-11-26,8.764,8.774,8.544,8.624,8.624,29596.0,,adjusted
2018-11-27,8.674,8.814,8.614,8.754,8.754,34723.0,,adjusted
2018-11-28,8.664,9.004,8.614,8.904,8.904,49732.0,,adjusted
2018-11-29,8.994,9.004,8.724,8.754,8.754,45578.0,,adjusted
2018-11-30,8.904,8.914,8.704,8.884,8.884,35382.0,,adjusted
2018-12-03,9.104,9.244,9.074,9.194,9.194,67217.0,,adjusted
2018-12-04,9.174,9.334,9.114,9.224,9.224,51210.0,,adjusted
2018-12-05,9.064,9.464,8.964,9.334,9.334,60582.0,,adjusted
2018-12-06,9.224,9.614,9.224,9.494,9.494,98466.0,,adjusted
2018-12-07,9.564,9.614,9.264,9.364,9.364,51372.0,,adjusted
2018-12-10,9.224,9.314,9.124,9.204,9.204,31588.0,,adjusted
2018-12-11,9.264,9.374,9.144,9.264,9.264,27481.0,,adjusted
2018-12-12,9.354,9.384,9.224,9.234,9.234,23175.0,,adjusted
2018-12-13,9.344,9.394,9.214,9.314,9.314,27561.0,,adjusted
2018-12-14,9.294,9.604,9.204,9.354,9.354,68505.0,,adjusted
2018-12-17,9.214,9.344,9.084,9.214,9.214,32782.0,,adjusted
2018-12-18,9.144,9.184,8.974,9.094,9.094,27403.0,,adjusted
2018-12-19,9.154,9.184,8.724,8.724,8.724,39352.0,,adjusted
2018-12-20,8.714,8.874,8.714,8.794,8.794,17774.0,,adjusted
2018-12-21,8.814,8.814,8.614,8.694,8.694,20817.0,,adjusted
2018-12-24,8.664,8.794,8.614,8.734,8.734,25404.0,,adjusted
2018-12-25,8.614,8.614,8.424,8.514,8.514,41415.0,,adjusted
2018-12-26,8.594,8.664,8.514,8.664,8.664,22815.0,,adjusted
2018-12-27,8.764,8.824,8.454,8.454,8.454,38945.0,,adjusted
2018-12-28,8.504,8.544,8.254,8.274,8.274,25662.0,,adjusted
2019-01-02,8.424,8.424,8.214,8.224,8.224,25814.0,,adjusted
2019-01-03,8.214,8.264,7.884,7.894,7.894,58266.0,,adjusted
2019-01-04,7.764,8.054,7.714,8.024,8.024,57017.0,,adjusted
2019-01-07,8.124,8.394,8.024,8.304,8.304,59473.0,,adjusted
2019-01-08,8.264,8.284,8.134,8.214,8.214,29835.0,,adjusted
2019-01-09,8.204,8.364,8.164,8.224,8.224,38933.0,,adjusted
2019-01-10,8.314,8.324,8.114,8.144,8.144,36841.0,,adjusted
2019-01-11,8.104,8.124,7.804,8.074,8.074,52417.0,,adjusted
2019-01-14,8.094,8.154,7.964,8.004,8.004,28920.0,,adjusted
2019-01-15,8.064,8.414,7.964,8.374,8.374,73249.0,,adjusted
2019-01-16,8.314,8.364,8.234,8.264,8.264,44664.0,,adjusted
2019-01-17,8.214,8.254,8.014,8.064,8.064,34514.0,,adjusted
2019-01-18,8.094,8.144,8.004,8.144,8.144,24688.0,,adjusted
2019-01-21,8.144,8.274,8.124,8.224,8.224,27770.0,,adjusted
2019-01-22,8.224,8.254,7.964,8.054,8.054,30519.0,,adjusted
2019-01-23,8.054,8.084,7.974,8.034,8.034,15226.0,,adjusted
2019-01-24,8.004,8.204,7.984,8.084,8.084,32947.0,,adjusted
2019-01-25,8.084,8.184,7.994,8.024,8.024,31084.0,,adjusted
2019-01-28,8.074,8.104,7.794,7.864,7.864,43955.0,,adjusted
2019-01-29,7.864,7.864,7.594,7.704,7.704,38058.0,,adjusted
2019-01-30,7.694,7.794,7.604,7.624,7.624,19323.0,,adjusted
2019-01-31,7.644,7.714,7.514,7.534,7.534,24376.0,,adjusted
2019-02-01,7.534,7.764,7.514,7.764,7.764,21677.0,,adjusted
2019-02-11,7.774,8.224,7.774,8.204,8.204,55544.0,,adjusted
2019-02-12,8.174,8.504,8.104,8.454,8.454,73750.0,,adjusted
2019-02-13,8.494,8.764,8.364,8.614,8.614,83068.0,,adjusted
2019-02-14,8.614,9.504,8.614,8.974,8.974,113742.0,,adjusted
2019-02-15,8.914,9.144,8.884,9.064,9.064,59639.0,,adjusted
2019-02-18,9.054,9.404,9.024,9.304,9.304,79961.0,,adjusted
2019-02-19,9.294,9.524,9.064,9.244,9.244,76115.0,,adjusted
2019-02-20,9.164,9.294,9.044,9.094,9.094,69335.0,,adjusted
2019-02-21,9.164,9.324,8.984,8.984,8.984,81454.0,,adjusted
2019-02-22,9.074,9.364,9.074,9.364,9.364,97163.0,,adjusted
2019-02-25,9.564,10.064,9.364,9.954,9.954,145782.0,,adjusted
2019-02-26,9.964,10.434,9.844,10.094,10.094,144382.0,,adjusted
2019-02-27,10.094,10.314,9.764,9.884,9.884,98317.0,,adjusted
2019-02-28,9.744,10.014,9.654,9.984,9.984,61317.0,,adjusted
2019-03-01,9.994,10.134,9.764,9.894,9.894,59762.0,,adjusted
2019-03-04,9.964,10.334,9.954,10.064,10.064,119331.0,,adjusted
2019-03-05,10.214,11.094,10.114,11.094,11.094,201177.0,,adjusted
2019-03-06,11.704,11.704,10.844,11.064,11.064,286679.0,,adjusted
2019-03-07,11.194,11.614,10.964,11.194,11.194,216582.0,,adjusted
2019-03-08,10.854,11.404,10.444,10.664,10.664,183094.0,,adjusted
2019-03-11,10.964,11.664,10.924,11.664,11.664,188546.0,,adjusted
2019-03-12,11.894,12.134,11.424,11.694,11.694,239976.0,,adjusted
2019-03-13,11.614,11.744,11.124,11.304,11.304,143502.0,,adjusted
2019-03-14,11.164,11.324,10.344,10.644,10.644,158997.0,,adjusted
2019-03-15,10.734,10.844,10.264,10.584,10.584,109141.0,,adjusted
2019-03-18,10.584,10.964,10.494,10.934,10.934,105547.0,,adjusted
2019-03-19,10.964,11.114,10.774,10.904,10.904,81939.0,,adjusted
2019-03-20,11.024,11.314,10.714,11.114,11.114,153355.0,,adjusted
2019-03-21,11.004,11.234,10.924,11.124,11.124,131376.0,,adjusted
2019-03-22,11.074,11.094,10.814,11.034,11.034,81662.0,,adjusted
2019-03-25,10.774,11.414,10.714,11.074,11.074,129032.0,,adjusted
2019-03-26,11.064,11.264,10.724,10.784,10.784,91606.0,,adjusted
2019-03-27,10.984,11.074,10.774,10.934,10.934,69750.0,,adjusted
2019-03-28,10.934,11.014,10.524,10.564,10.564,91640.0,,adjusted
2019-03-29,10.514,10.744,10.044,10.654,10.654,126964.0,,adjusted
2019-04-01,10.744,11.434,10.734,11.394,11.394,185832.0,,adjusted
2019-04-02,11.434,11.514,11.124,11.184,11.184,130836.0,,adjusted
2019-04-03,11.214,11.354,11.044,11.284,11.284,108397.0,,adjusted
2019-04-04,11.364,11.454,11.074,11.154,11.154,100405.0,,adjusted
2019-04-08,11.164,11.264,10.544,10.814,10.814,122170.0,,adjusted
2019-04-09,10.714,10.924,10.664,10.794,10.794,64305.0,,adjusted
2019-04-10,10.714,10.744,10.464,10.654,10.654,59172.0,,adjusted
2019-04-11,10.664,10.824,10.374,10.444,10.444,64895.0,,adjusted
2019-04-12,10.364,10.614,10.364,10.534,10.534,48700.0,,adjusted
2019-04-15,10.664,10.714,10.264,10.264,10.264,70391.0,,adjusted
2019-04-16,10.144,10.464,9.944,10.464,10.464,71722.0,,adjusted
2019-04-17,10.464,10.524,10.324,10.524,10.524,59656.0,,adjusted
2019-04-18,10.504,10.504,10.214,10.284,10.284,55550.0,,adjusted
2019-04-19,10.254,10.374,10.214,10.374,10.374,41429.0,,adjusted
2019-04-22,10.374,10.434,10.164,10.214,10.214,39586.0,,adjusted
2019-04-23,10.214,10.254,9.764,9.894,9.894,71560.0,,adjusted
2019-04-24,9.914,10.094,9.754,10.084,10.084,49583.0,,adjusted
2019-04-25,10.014,10.144,9.644,9.674,9.674,50139.0,,adjusted
2019-04-26,9.444,9.844,9.444,9.764,9.764,49972.0,,adjusted
2019-04-29,9.764,9.844,9.374,9.474,9.474,54729.0,,adjusted
2019-04-30,9.484,9.684,9.364,9.494,9.494,40478.0,,adjusted
2019-05-06,9.144,9.154,8.524,8.524,8.524,88410.0,,adjusted
2019-05-07,8.644,8.914,8.494,8.774,8.774,66009.0,,adjusted
2019-05-08,8.574,9.144,8.534,8.974,8.974,53142.0,,adjusted
2019-05-09,8.964,9.084,8.864,8.874,8.874,32104.0,,adjusted
2019-05-10,8.954,9.164,8.584,9.144,9.144,51688.0,,adjusted
2019-05-13,8.974,9.104,8.934,8.974,8.974,29292.0,,adjusted
2019-05-14,8.824,8.954,8.784,8.794,8.794,44853.0,,adjusted
2019-05-15,8.864,8.934,8.804,8.894,8.894,33662.0,,adjusted
2019-05-16,8.894,9.054,8.784,8.964,8.964,62151.0,,adjusted
2019-05-17,8.964,9.024,8.494,8.504,8.504,73280.0,,adjusted
2019-05-20,8.524,8.544,8.144,8.444,8.444,54906.0,,adjusted
2019-05-21,8.464,8.624,8.374,8.604,8.604,52849.0,,adjusted
2019-05-22,8.644,8.684,8.524,8.604,8.604,36667.0,,adjusted
2019-05-23,8.764,9.124,8.654,8.704,8.704,85124.0,,adjusted
2019-05-24,8.624,8.694,8.454,8.504,8.504,35708.0,,adjusted
2019-05-27,8.554,8.844,8.374,8.824,8.824,55891.0,,adjusted
2019-05-28,8.874,8.984,8.814,8.914,8.914,51855.0,,adjusted
2019-05-29,8.834,9.024,8.834,8.934,8.934,31944.0,,adjusted
2019-05-30,8.834,8.934,8.804,8.854,8.854,37763.0,,adjusted
2019-05-31,8.854,8.974,8.794,8.964,8.964,36918.0,,adjusted
2019-06-03,8.936,8.986,8.766,8.796,8.796,26487.0,,adjusted
2019-06-04,8.796,8.916,8.596,8.786,8.786,32311.0,,adjusted
2019-06-05,8.896,8.926,8.796,8.836,8.836,25472.0,,adjusted
2019-06-06,8.906,8.906,8.736,8.766,8.766,31517.0,,adjusted
2019-06-10,8.776,8.836,8.676,8.696,8.696,21300.0,,adjusted
2019-06-11,8.676,9.016,8.666,8.996,8.996,38286.0,,adjusted
2019-06-12,9.016,9.026,8.896,8.896,8.896,32096.0,,adjusted
2019-06-13,8.856,8.936,8.746,8.826,8.826,35613.0,,adjusted
2019-06-14,8.806,8.876,8.576,8.596,8.596,40830.0,,adjusted
2019-06-17,8.606,8.786,8.576,8.646,8.646,24132.0,,adjusted
2019-06-18,8.646,8.766,8.566,8.716,8.716,24875.0,,adjusted
2019-06-19,8.916,8.966,8.776,8.816,8.816,39219.0,,adjusted
2019-06-20,8.776,8.976,8.756,8.916,8.916,43808.0,,adjusted
2019-06-21,8.986,9.116,8.976,9.016,9.016,52128.0,,adjusted
2019-06-24,9.026,9.046,8.926,8.976,8.976,30013.0,,adjusted
2019-06-25,8.936,8.966,8.676,8.786,8.786,38780.0,,adjusted
2019-06-26,8.736,8.856,8.716,8.776,8.776,29447.0,,adjusted
2019-06-27,8.796,8.856,8.736,8.796,8.796,31850.0,,adjusted
2019-06-28,8.826,8.826,8.566,8.626,8.626,39653.0,,adjusted
2019-07-01,8.786,8.936,8.756,8.936,8.936,58221.0,,adjusted
2019-07-02,8.936,8.966,8.836,8.856,8.856,47295.0,,adjusted
2019-07-03,8.806,8.846,8.646,8.696,8.696,50679.0,,adjusted
2019-07-04,8.686,8.766,8.636,8.676,8.676,26241.0,,adjusted
2019-07-05,8.686,8.776,8.616,8.766,8.766,28432.0,,adjusted
2019-07-08,8.826,8.826,8.486,8.526,8.526,44917.0,,adjusted
2019-07-09,8.526,8.586,8.416,8.496,8.496,25341.0,,adjusted
2019-07-10,8.486,8.566,8.236,8.306,8.306,53301.0,,adjusted
2019-07-11,8.346,8.386,8.116,8.186,8.186,36844.0,,adjusted
2019-07-12,8.136,8.276,8.116,8.196,8.196,29443.0,,adjusted
2019-07-15,8.086,8.166,7.856,8.096,8.096,92862.0,,adjusted
2019-07-16,8.326,8.326,8.136,8.166,8.166,61309.0,,adjusted
2019-07-17,8.186,8.286,8.106,8.266,8.266,47586.0,,adjusted
2019-07-18,8.226,8.576,8.166,8.386,8.386,89800.0,,adjusted
2019-07-19,8.416,8.736,8.366,8.736,8.736,108291.0,,adjusted
2019-07-22,8.736,8.736,8.316,8.326,8.326,88911.0,,adjusted
2019-07-23,8.276,8.416,8.166,8.366,8.366,61395.0,,adjusted
2019-07-24,8.366,8.576,8.296,8.506,8.506,58485.0,,adjusted
2019-07-25,8.546,8.676,8.216,8.286,8.286,129626.0,,adjusted
2019-07-26,8.226,9.126,8.166,8.996,8.996,235709.0,,adjusted
2019-07-29,8.896,9.256,8.836,9.056,9.056,168644.0,,adjusted
2019-07-30,8.966,9.166,8.856,8.926,8.926,97525.0,,adjusted
2019-07-31,8.876,9.016,8.776,8.866,8.866,89924.0,,adjusted
2019-08-01,8.766,8.966,8.756,8.896,8.896,83319.0,,adjusted
2019-08-02,8.646,8.776,8.526,8.656,8.656,88398.0,,adjusted
2019-08-05,8.686,8.816,8.586,8.626,8.626,63682.0,,adjusted
2019-08-06,8.396,8.426,7.946,8.316,8.316,101523.0,,adjusted
2019-08-07,8.326,8.406,8.096,8.116,8.116,49949.0,,adjusted
2019-08-08,8.136,8.286,8.136,8.216,8.216,44410.0,,adjusted
2019-08-09,8.276,8.306,8.016,8.056,8.056,40664.0,,adjusted
2019-08-12,8.116,8.266,8.046,8.266,8.266,35195.0,,adjusted
2019-08-13,8.336,8.396,8.216,8.366,8.366,50489.0,,adjusted
2019-08-14,8.436,8.546,8.366,8.406,8.406,46945.0,,adjusted
2019-08-15,8.236,8.696,8.096,8.686,8.686,74487.0,,adjusted
2019-08-16,8.706,9.106,8.706,9.036,9.036,156296.0,,adjusted
2019-08-19,9.036,9.476,8.926,9.456,9.456,177866.0,,adjusted
2019-08-20,9.436,9.476,9.176,9.186,9.186,154025.0,,adjusted
2019-08-21,9.176,9.266,9.046,9.086,9.086,86504.0,,adjusted
2019-08-22,9.126,9.416,9.066,9.086,9.086,106945.0,,adjusted
2019-08-23,9.086,9.146,8.966,8.996,8.996,92128.0,,adjusted
2019-09-09,9.916,9.916,9.916,9.916,9.916,7829.0,,adjusted
2019-09-10,10.926,10.926,10.056,10.166,10.166,511960.0,,adjusted
2019-09-11,10.126,10.426,9.976,10.016,10.016,260499.0,,adjusted
2019-09-12,10.036,10.136,9.786,9.866,9.866,155157.0,,adjusted
2019-09-16,9.866,9.976,9.766,9.826,9.826,119040.0,,adjusted
2019-09-17,9.776,9.816,9.486,9.566,9.566,119655.0,,adjusted
2019-09-18,9.516,9.716,9.506,9.606,9.606,68768.0,,adjusted
2019-09-19,9.636,9.646,9.486,9.606,9.606,50509.0,,adjusted
2019-09-20,9.596,9.686,9.506,9.526,9.526,63498.0,,adjusted
2019-09-23,9.526,9.526,9.206,9.356,9.356,62352.0,,adjusted
2019-09-24,9.436,9.486,9.236,9.466,9.466,60294.0,,adjusted
2019-09-25,9.406,9.736,9.356,9.536,9.536,118425.0,,adjusted
2019-09-26,9.636,9.766,9.106,9.146,9.146,134628.0,,adjusted
2019-09-27,9.266,9.266,8.986,9.056,9.056,85827.0,,adjusted
2019-09-30,8.996,9.066,8.796,8.886,8.886,71976.0,,adjusted
2019-10-08,8.896,8.986,8.816,8.866,8.866,35656.0,,adjusted
2019-10-09,8.866,8.916,8.736,8.916,8.916,39780.0,,adjusted
2019-10-10,8.916,8.956,8.836,8.936,8.936,52098.0,,adjusted
2019-10-11,8.896,8.936,8.686,8.806,8.806,65610.0,,adjusted
2019-10-14,8.896,9.086,8.886,9.006,9.006,70621.0,,adjusted
2019-10-15,8.966,9.036,8.786,8.836,8.836,54930.0,,adjusted
2019-10-16,8.906,8.926,8.786,8.826,8.826,28120.0,,adjusted
2019-10-17,8.706,8.826,8.666,8.706,8.706,34283.0,,adjusted
2019-10-18,8.746,8.826,8.546,8.636,8.636,39410.0,,adjusted
2019-10-21,8.646,8.686,8.386,8.506,8.506,36708.0,,adjusted
2019-10-22,8.476,8.886,8.476,8.846,8.846,70553.0,,adjusted
2019-10-23,8.836,8.866,8.736,8.756,8.756,24512.0,,adjusted
2019-10-24,8.756,8.826,8.696,8.746,8.746,19083.0,,adjusted
2019-10-25,8.746,8.806,8.576,8.806,8.806,31012.0,,adjusted
2019-10-28,8.836,9.076,8.796,9.036,9.036,62706.0,,adjusted
2019-10-29,9.016,9.026,8.786,8.786,8.786,48744.0,,adjusted
2019-10-30,8.786,8.816,8.586,8.596,8.596,34186.0,,adjusted
2019-10-31,8.436,8.576,8.286,8.376,8.376,54326.0,,adjusted
2019-11-01,8.396,8.676,8.396,8.646,8.646,43584.0,,adjusted
2019-11-04,8.636,8.836,8.596,8.786,8.786,42619.0,,adjusted
2019-11-05,8.826,8.826,8.636,8.686,8.686,36287.0,,adjusted
2019-11-06,8.726,8.766,8.526,8.586,8.586,31037.0,,adjusted
2019-11-07,8.606,8.696,8.556,8.596,8.596,19606.0,,adjusted
2019-11-08,8.616,8.696,8.436,8.466,8.466,36512.0,,adjusted
2019-11-11,8.406,8.476,8.176,8.216,8.216,39575.0,,adjusted
2019-11-12,8.226,8.326,7.976,8.236,8.236,53417.0,,adjusted
2019-11-13,8.156,8.256,8.036,8.066,8.066,24694.0,,adjusted
2019-11-14,8.066,8.156,7.996,8.106,8.106,19269.0,,adjusted
2019-11-15,8.096,8.226,8.066,8.176,8.176,25884.0,,adjusted
2019-11-18,8.166,8.386,8.096,8.236,8.236,29631.0,,adjusted
2019-11-19,8.326,8.576,8.236,8.516,8.516,56240.0,,adjusted
2019-11-20,8.516,8.576,8.406,8.426,8.426,31117.0,,adjusted
2019-11-21,8.426,9.206,8.406,9.036,9.036,206836.0,,adjusted
2019-11-22,9.066,9.206,8.946,9.136,9.136,121708.0,,adjusted
2019-11-25,9.186,9.316,8.876,9.136,9.136,84538.0,,adjusted
2019-11-26,9.126,9.146,9.006,9.066,9.066,42639.0,,adjusted
2019-11-27,9.086,9.376,8.996,9.196,9.196,83173.0,,adjusted
2019-11-28,9.196,9.276,9.096,9.196,9.196,35875.0,,adjusted
2019-11-29,9.176,9.336,9.096,9.236,9.236,33362.0,,adjusted
2019-12-02,9.096,9.636,9.096,9.396,9.396,82319.0,,adjusted
2019-12-03,9.346,9.526,9.236,9.516,9.516,45824.0,,adjusted
2019-12-04,9.466,9.486,9.266,9.336,9.336,33770.0,,adjusted
2019-12-05,9.326,9.466,9.246,9.356,9.356,48277.0,,adjusted
2019-12-06,9.376,9.516,9.326,9.506,9.506,53855.0,,adjusted
2019-12-09,9.556,9.796,9.466,9.766,9.766,94209.0,,adjusted
2019-12-10,9.726,9.756,9.516,9.676,9.676,56336.0,,adjusted
2019-12-11,9.716,9.826,9.556,9.646,9.646,52077.0,,adjusted
2019-12-12,9.676,9.716,9.536,9.556,9.556,30826.0,,adjusted
2019-12-13,9.636,10.336,9.636,10.146,10.146,179824.0,,adjusted
2019-12-16,10.156,10.696,10.096,10.686,10.686,143760.0,,adjusted
2019-12-17,10.706,11.306,10.636,11.136,11.136,183369.0,,adjusted
2019-12-18,11.526,11.586,10.696,10.836,10.836,173532.0,,adjusted
2019-12-19,10.756,10.976,10.726,10.806,10.806,101192.0,,adjusted
2019-12-20,10.846,10.906,10.636,10.856,10.856,78873.0,,adjusted
2019-12-23,10.816,11.276,10.636,10.836,10.836,107263.0,,adjusted
2019-12-24,10.836,11.086,10.776,11.036,11.036,57486.0,,adjusted
2019-12-25,10.956,11.236,10.886,11.126,11.126,66367.0,,adjusted
2019-12-26,11.106,11.356,10.996,11.126,11.126,55441.0,,adjusted
2019-12-27,11.036,11.146,10.656,10.876,10.876,88435.0,,adjusted
2019-12-30,10.706,11.286,10.666,11.176,11.176,85366.0,,adjusted
2019-12-31,11.286,11.286,11.006,11.096,11.096,49157.0,,adjusted
2020-01-02,11.126,11.316,11.086,11.126,11.126,77374.0,,adjusted
2020-01-03,11.196,11.316,11.046,11.106,11.106,51916.0,,adjusted
2020-01-06,10.946,11.066,10.756,10.906,10.906,159696.0,,adjusted
2020-01-07,10.906,11.226,10.816,11.206,11.206,154765.0,,adjusted
2020-01-08,11.086,11.196,10.836,10.926,10.926,96183.0,,adjusted
2020-01-09,11.076,12.036,11.066,12.036,12.036,204716.0,,adjusted
2020-01-10,12.096,12.136,11.576,11.776,11.776,189932.0,,adjusted
2020-01-13,11.656,11.926,11.546,11.776,11.776,120355.0,,adjusted
2020-01-14,11.836,11.986,11.586,11.766,11.766,82833.0,,adjusted
2020-01-15,11.716,11.716,11.416,11.566,11.566,81082.0,,adjusted
2020-01-16,11.566,11.796,11.466,11.676,11.676,71072.0,,adjusted
2020-01-17,11.666,11.736,11.356,11.486,11.486,78974.0,,adjusted
2020-01-20,11.476,11.896,11.436,11.716,11.716,81398.0,,adjusted
2020-01-21,11.736,11.996,11.596,11.716,11.716,90847.0,,adjusted
2020-01-22,11.506,11.676,10.836,11.456,11.456,195031.0,,adjusted
2020-01-23,11.376,11.426,10.336,10.616,10.616,213356.0,,adjusted
2020-02-03,9.536,9.676,9.536,9.536,9.536,81077.0,,adjusted
2020-02-04,9.476,10.506,9.366,10.426,10.426,189291.0,,adjusted
2020-02-05,10.286,10.716,10.136,10.546,10.546,161618.0,,adjusted
2020-02-06,10.536,11.616,10.336,11.616,11.616,256243.0,,adjusted
2020-02-07,11.786,12.396,11.536,11.796,11.796,256251.0,,adjusted
2020-02-10,11.836,12.716,11.716,12.146,12.146,234882.0,,adjusted
2020-02-11,12.266,12.376,11.776,11.866,11.866,197232.0,,adjusted
2020-02-12,11.766,12.156,11.736,12.026,12.026,180139.0,,adjusted
2020-02-13,12.126,13.036,12.016,12.496,12.496,264140.0,,adjusted
2020-02-14,12.246,12.626,12.156,12.406,12.406,144414.0,,adjusted
2020-02-17,12.346,12.676,12.216,12.646,12.646,188023.0,,adjusted
2020-02-18,12.686,12.756,12.416,12.656,12.656,156361.0,,adjusted
2020-02-19,12.656,13.866,12.436,13.356,13.356,286537.0,,adjusted
2020-02-20,13.296,13.586,13.026,13.446,13.446,197563.0,,adjusted
2020-02-21,13.276,13.706,12.866,12.986,12.986,254587.0,,adjusted
2020-02-24,13.136,13.456,12.916,13.366,13.366,206334.0,,adjusted
2020-02-25,13.006,13.286,12.396,12.786,12.786,427094.0,,adjusted
2020-02-26,12.446,12.666,11.806,11.986,11.986,394706.0,,adjusted
2020-02-27,12.226,12.386,11.916,12.166,12.166,283414.0,,adjusted
2020-02-28,11.616,11.856,10.936,10.936,10.936,326656.0,,adjusted
2020-03-02,11.016,11.526,10.616,11.306,11.306,254984.0,,adjusted
2020-03-03,11.436,11.826,11.226,11.396,11.396,227088.0,,adjusted
2020-03-04,11.376,11.896,11.186,11.776,11.776,199894.0,,adjusted
2020-03-05,11.886,12.096,11.636,11.966,11.966,185882.0,,adjusted
2020-03-06,11.826,12.516,11.636,12.056,12.056,199924.0,,adjusted
2020-03-09,11.806,11.836,11.116,11.136,11.136,155815.0,,adjusted
2020-03-10,10.866,11.766,10.866,11.736,11.736,167572.0,,adjusted
2020-03-11,11.826,11.986,11.606,11.746,11.746,136020.0,,adjusted
2020-03-12,11.576,11.796,11.306,11.516,11.516,92982.0,,adjusted
2020-03-13,10.866,11.376,10.846,11.166,11.166,147006.0,,adjusted
2020-03-16,11.206,11.386,10.266,10.356,10.356,156916.0,,adjusted
2020-03-17,10.546,10.706,10.026,10.606,10.606,136513.0,,adjusted
2020-03-18,10.736,10.876,10.336,10.336,10.336,100909.0,,adjusted
2020-03-19,10.386,10.516,10.136,10.476,10.476,108653.0,,adjusted
2020-03-20,10.746,10.756,10.276,10.416,10.416,89406.0,,adjusted
2020-03-23,10.026,10.226,9.716,9.786,9.786,99613.0,,adjusted
2020-03-24,9.986,10.066,9.436,9.816,9.816,116644.0,,adjusted
2020-03-25,10.116,10.186,9.866,9.976,9.976,121460.0,,adjusted
2020-03-26,9.916,9.966,9.706,9.746,9.746,76659.0,,adjusted
2020-03-27,9.886,9.916,9.636,9.656,9.656,77394.0,,adjusted
2020-03-30,9.626,9.636,9.016,9.216,9.216,88822.0,,adjusted
2020-03-31,9.336,9.376,9.076,9.086,9.086,67459.0,,adjusted
2020-04-01,8.936,9.436,8.936,9.206,9.206,89274.0,,adjusted
2020-04-02,9.236,9.566,9.086,9.536,9.536,71949.0,,adjusted
2020-04-03,9.496,9.586,9.426,9.506,9.506,61264.0,,adjusted
2020-04-07,9.746,10.066,9.726,9.776,9.776,97928.0,,adjusted
2020-04-08,9.796,10.036,9.706,9.976,9.976,79717.0,,adjusted
2020-04-09,10.006,10.136,9.936,10.026,10.026,56762.0,,adjusted
2020-04-10,10.046,10.066,9.666,9.736,9.736,46223.0,,adjusted
2020-04-13,9.736,9.746,9.506,9.566,9.566,32166.0,,adjusted
2020-04-14,9.566,9.706,9.506,9.696,9.696,43246.0,,adjusted
2020-04-15,9.736,9.796,9.546,9.576,9.576,43946.0,,adjusted
2020-04-16,9.566,9.856,9.456,9.816,9.816,52436.0,,adjusted
2020-04-17,9.856,10.046,9.706,9.746,9.746,67695.0,,adjusted
2020-04-20,9.716,10.016,9.686,9.996,9.996,59757.0,,adjusted
2020-04-21,9.906,10.066,9.836,10.036,10.036,58750.0,,adjusted
2020-04-22,10.026,10.596,9.906,10.506,10.506,146050.0,,adjusted
2020-04-23,10.536,10.806,10.396,10.536,10.536,118087.0,,adjusted
2020-04-24,10.486,10.706,10.286,10.356,10.356,102521.0,,adjusted
2020-04-27,10.346,10.436,10.136,10.166,10.166,60296.0,,adjusted
2020-04-28,10.036,10.216,9.136,9.276,9.276,179276.0,,adjusted
2020-04-29,9.296,9.486,9.156,9.366,9.366,72423.0,,adjusted
2020-04-30,9.366,10.316,9.336,10.226,10.226,165783.0,,adjusted
2020-05-06,10.106,10.466,10.016,10.406,10.406,121253.0,,adjusted
2020-05-07,10.466,10.686,10.286,10.346,10.346,78670.0,,adjusted
2020-05-08,10.436,10.706,10.246,10.316,10.316,98432.0,,adjusted
2020-05-11,10.556,10.816,10.356,10.506,10.506,139414.0,,adjusted
2020-05-12,10.736,10.766,10.266,10.406,10.406,97388.0,,adjusted
2020-05-13,10.406,10.436,10.246,10.356,10.356,72050.0,,adjusted
2020-05-14,10.386,10.486,10.186,10.376,10.376,86195.0,,adjusted
2020-05-15,10.336,10.496,10.306,10.386,10.386,114287.0,,adjusted
2020-05-18,10.396,10.396,9.856,9.856,9.856,137420.0,,adjusted
2020-05-19,9.966,10.166,9.886,10.086,10.086,77756.0,,adjusted
2020-05-20,10.096,10.236,9.906,9.986,9.986,68203.0,,adjusted
2020-05-21,10.016,10.036,9.626,9.636,9.636,101647.0,,adjusted
2020-05-22,9.586,9.706,9.286,9.366,9.366,90945.0,,adjusted
2020-05-25,9.386,9.386,9.106,9.206,9.206,65015.0,,adjusted
2020-05-26,9.206,9.526,9.116,9.496,9.496,98835.0,,adjusted
2020-05-27,9.506,9.616,9.256,9.306,9.306,70622.0,,adjusted
2020-05-28,9.286,9.396,9.086,9.386,9.386,77921.0,,adjusted
2020-05-29,9.366,9.906,9.356,9.776,9.776,151720.0,,adjusted
2020-06-01,9.786,10.666,9.776,10.516,10.516,209009.0,,adjusted
2020-06-02,10.436,10.746,10.396,10.606,10.606,151854.0,,adjusted
2020-06-03,10.666,10.786,10.576,10.656,10.656,120125.0,,adjusted
2020-06-04,10.586,10.756,10.576,10.636,10.636,77148.0,,adjusted
2020-06-05,10.556,11.136,10.496,10.816,10.816,151692.0,,adjusted
2020-06-08,10.866,11.066,10.676,10.736,10.736,118986.0,,adjusted
2020-06-09,10.716,10.786,10.436,10.576,10.576,107257.0,,adjusted
2020-06-10,10.546,10.576,10.336,10.356,10.356,55156.0,,adjusted
2020-06-11,10.336,10.526,10.176,10.246,10.246,73533.0,,adjusted
2020-06-12,10.036,10.216,9.926,10.076,10.076,80052.0,,adjusted
2020-06-15,10.076,10.206,9.786,9.796,9.796,131238.0,,adjusted
2020-06-16,9.926,10.796,9.886,10.796,10.796,177673.0,,adjusted
2020-06-17,11.236,11.526,10.936,11.166,11.166,278214.0,,adjusted
2020-06-18,11.056,11.226,10.836,10.886,10.886,150479.0,,adjusted
2020-06-19,10.986,11.036,10.766,10.886,10.886,113960.0,,adjusted
2020-06-22,10.936,11.146,10.766,10.916,10.916,145578.0,,adjusted
2020-06-23,10.926,11.556,10.866,11.186,11.186,223596.0,,adjusted
2020-06-24,11.156,11.246,10.916,11.026,11.026,124793.0,,adjusted
2020-06-29,11.006,11.606,10.796,11.416,11.416,207980.0,,adjusted
2020-06-30,11.456,11.986,11.346,11.796,11.796,192286.0,,adjusted
2020-07-01,11.786,12.486,11.636,12.216,12.216,228877.0,,adjusted
2020-07-02,12.206,12.316,11.886,12.186,12.186,164502.0,,adjusted
2020-07-03,12.226,12.936,12.136,12.736,12.736,218369.0,,adjusted
2020-07-06,12.806,12.996,12.616,12.836,12.836,241303.0,,adjusted
2020-07-07,12.886,13.386,12.756,12.926,12.926,184151.0,,adjusted
2020-07-08,12.866,14.236,12.866,13.926,13.926,293345.0,,adjusted
2020-07-09,14.036,15.336,13.846,15.336,15.336,267773.0,,adjusted
2020-07-10,15.466,15.516,14.436,14.956,14.956,218210.0,,adjusted
2020-07-13,14.806,15.266,14.586,15.156,15.156,184452.0,,adjusted
2020-07-14,15.046,15.996,14.516,15.036,15.036,222270.0,,adjusted
2020-07-15,15.236,15.436,14.636,15.066,15.066,213357.0,,adjusted
2020-07-16,14.786,15.936,14.666,14.706,14.706,229291.0,,adjusted
2020-07-17,14.696,15.636,14.636,15.266,15.266,199292.0,,adjusted
2020-07-20,15.636,16.806,15.336,16.806,16.806,320103.0,,adjusted
2020-07-21,17.036,17.706,16.606,17.046,17.046,226622.0,,adjusted
2020-07-22,16.956,18.016,16.736,17.786,17.786,184202.0,,adjusted
2020-07-23,17.636,17.906,16.076,16.346,16.346,332693.0,,adjusted
2020-07-24,16.636,16.646,15.396,16.036,16.036,285487.0,,adjusted
2020-07-27,15.986,15.996,14.986,15.216,15.216,228585.0,,adjusted
2020-07-28,15.516,15.816,15.056,15.436,15.436,125664.0,,adjusted
2020-07-29,15.416,16.526,15.236,16.366,16.366,187518.0,,adjusted
2020-07-30,16.426,16.786,16.036,16.366,16.366,177337.0,,adjusted
2020-07-31,16.206,16.466,15.626,15.986,15.986,139355.0,,adjusted
2020-08-03,16.086,17.576,16.086,17.086,17.086,183559.0,,adjusted
2020-08-04,17.296,17.496,16.636,17.186,17.186,138469.0,,adjusted
2020-08-05,17.046,18.686,16.946,18.496,18.496,191254.0,,adjusted
2020-08-06,18.386,19.416,18.086,19.006,19.006,144410.0,,adjusted
2020-08-07,19.186,19.186,17.826,18.096,18.096,167751.0,,adjusted
2020-08-10,18.086,18.676,17.656,18.536,18.536,126668.0,,adjusted
2020-08-11,18.806,18.806,17.336,17.366,17.366,131839.0,,adjusted
2020-08-12,17.396,17.426,16.316,16.796,16.796,147863.0,,adjusted
2020-08-13,16.916,17.126,16.436,16.486,16.486,86382.0,,adjusted
2020-08-14,16.446,17.276,16.356,16.766,16.766,85012.0,,adjusted
2020-08-17,16.736,17.136,16.536,16.916,16.916,86559.0,,adjusted
2020-08-18,16.896,17.286,16.716,17.056,17.056,95475.0,,adjusted
2020-08-19,17.096,17.226,16.436,16.466,16.466,87617.0,,adjusted
2020-08-20,16.056,16.786,15.896,16.266,16.266,82425.0,,adjusted
2020-08-21,16.216,16.576,16.036,16.396,16.396,66593.0,,adjusted
2020-08-24,16.586,17.306,16.236,16.866,16.866,91761.0,,adjusted
2020-08-25,16.986,17.006,16.436,16.466,16.466,57335.0,,adjusted
2020-08-26,16.486,16.656,15.726,15.916,15.916,70495.0,,adjusted
2020-08-27,15.996,16.096,15.746,16.026,16.026,50127.0,,adjusted
2020-08-28,16.206,17.646,16.066,17.646,17.646,159442.0,,adjusted
2020-08-31,17.966,18.976,17.936,18.666,18.666,213832.0,,adjusted
2020-09-01,18.516,18.956,18.416,18.756,18.756,97970.0,,adjusted
2020-09-02,18.536,19.676,18.536,19.206,19.206,124993.0,,adjusted
2020-09-03,19.266,19.436,18.856,18.986,18.986,90056.0,,adjusted
2020-09-04,18.436,19.306,18.226,19.126,19.126,124144.0,,adjusted
2020-09-07,19.316,19.436,18.146,18.266,18.266,96358.0,,adjusted
2020-09-08,18.356,18.536,17.836,17.956,17.956,112435.0,,adjusted
2020-09-09,18.036,18.036,16.836,17.366,17.366,108804.0,,adjusted
2020-09-10,17.406,17.566,16.736,16.846,16.846,83294.0,,adjusted
2020-09-11,16.976,18.136,16.736,18.026,18.026,88647.0,,adjusted
2020-09-14,18.316,18.486,17.736,18.306,18.306,88984.0,,adjusted
2020-09-15,18.306,18.756,18.056,18.526,18.526,69228.0,,adjusted
2020-09-16,18.416,18.506,17.926,18.086,18.086,50456.0,,adjusted
2020-09-17,18.106,18.886,17.986,18.556,18.556,83254.0,,adjusted
2020-09-18,18.596,19.576,18.396,19.016,19.016,85846.0,,adjusted
2020-09-21,19.186,19.936,18.916,19.236,19.236,132341.0,,adjusted
2020-09-22,19.066,19.416,18.706,18.936,18.936,73637.0,,adjusted
2020-09-23,18.986,19.126,18.536,18.826,18.826,51477.0,,adjusted
2020-09-24,18.696,18.886,18.016,18.116,18.116,67249.0,,adjusted
2020-09-25,18.236,18.376,18.036,18.156,18.156,54892.0,,adjusted
2020-09-28,18.186,18.486,17.906,18.256,18.256,60080.0,,adjusted
2020-09-29,18.266,19.116,18.056,18.986,18.986,80774.0,,adjusted
2020-09-30,18.976,19.906,18.836,19.436,19.436,103755.0,,adjusted
2020-10-09,19.916,20.836,19.506,20.706,20.706,127084.0,,adjusted
2020-10-12,20.836,21.496,20.826,21.226,21.226,115827.0,,adjusted
2020-10-13,21.036,21.496,20.946,21.256,21.256,56528.0,,adjusted
2020-10-14,21.336,22.686,21.216,22.186,22.186,118913.0,,adjusted
2020-10-15,22.126,22.986,21.896,22.866,22.866,100029.0,,adjusted
2020-10-16,23.116,23.116,20.846,22.246,22.246,204100.0,,adjusted
2020-10-19,21.966,22.486,21.676,22.356,22.356,113007.0,,adjusted
2020-10-20,22.276,22.616,22.046,22.416,22.416,69623.0,,adjusted
2020-10-21,22.816,22.816,21.936,22.396,22.396,72155.0,,adjusted
2020-10-22,22.186,22.606,21.776,22.126,22.126,75477.0,,adjusted
2020-10-23,22.296,22.456,21.436,21.736,21.736,98331.0,,adjusted
2020-10-26,21.436,22.036,20.786,21.916,21.916,77309.0,,adjusted
2020-10-27,21.926,24.126,21.636,24.126,24.126,170065.0,,adjusted
2020-10-28,24.336,24.436,22.816,23.206,23.206,134628.0,,adjusted
2020-10-29,22.806,23.436,22.576,23.366,23.366,95398.0,,adjusted
2020-10-30,23.446,23.466,21.916,21.996,21.996,141567.0,,adjusted
2020-11-02,22.156,23.986,21.776,23.786,23.786,138994.0,,adjusted
2020-11-03,23.926,24.376,23.346,23.516,23.516,121860.0,,adjusted
2020-11-04,23.656,24.036,23.086,23.766,23.766,85674.0,,adjusted
2020-11-05,24.156,24.326,23.246,23.526,23.526,78759.0,,adjusted
2020-11-06,23.636,24.366,22.736,23.796,23.796,118088.0,,adjusted
2020-11-09,24.036,25.736,23.366,25.126,25.126,185658.0,,adjusted
2020-11-10,24.946,24.946,23.726,24.616,24.616,154082.0,,adjusted
2020-11-11,24.506,26.216,23.756,23.936,23.936,181043.0,,adjusted
2020-11-12,23.936,24.836,22.146,23.216,23.216,125405.0,,adjusted
2020-11-13,23.416,24.836,23.276,24.206,24.206,122145.0,,adjusted
2020-11-16,24.236,24.336,23.436,23.656,23.656,74703.0,,adjusted
2020-11-17,23.726,23.866,22.716,23.016,23.016,84270.0,,adjusted
2020-11-18,22.916,22.996,21.536,21.686,21.686,125985.0,,adjusted
2020-11-19,21.716,23.106,21.336,22.936,22.936,113977.0,,adjusted
2020-11-20,22.936,24.936,22.836,24.846,24.846,128097.0,,adjusted
2020-11-23,25.506,26.716,24.346,26.626,26.626,150250.0,,adjusted
2020-11-24,27.616,27.616,25.156,25.826,25.826,102635.0,,adjusted
2020-11-25,25.706,26.086,24.836,25.036,25.036,61060.0,,adjusted
2020-11-26,25.136,25.406,24.066,24.736,24.736,74287.0,,adjusted
2020-11-27,24.926,25.666,24.556,24.886,24.886,66572.0,,adjusted
2020-11-30,24.856,25.026,23.716,23.786,23.786,85553.0,,adjusted
2020-12-01,23.816,25.856,23.796,25.836,25.836,113456.0,,adjusted
2020-12-02,25.836,26.126,24.886,25.276,25.276,111606.0,,adjusted
2020-12-03,24.836,24.856,22.946,23.156,23.156,180476.0,,adjusted
2020-12-04,23.386,24.526,22.956,23.936,23.936,96307.0,,adjusted
2020-12-07,23.746,25.056,23.736,24.706,24.706,88300.0,,adjusted
2020-12-08,24.786,25.686,24.366,25.546,25.546,86761.0,,adjusted
2020-12-09,25.826,26.496,24.876,25.186,25.186,101515.0,,adjusted
2020-12-10,25.136,25.646,24.436,25.366,25.366,57003.0,,adjusted
2020-12-11,25.196,26.136,24.386,24.456,24.456,83564.0,,adjusted
2020-12-14,24.576,26.836,24.136,26.836,26.836,138623.0,,adjusted
2020-12-15,26.836,27.246,26.266,27.106,27.106,88469.0,,adjusted
2020-12-16,27.166,28.036,26.836,27.986,27.986,112155.0,,adjusted
2020-12-17,27.726,28.286,27.536,27.946,27.946,89246.0,,adjusted
2020-12-18,28.036,28.616,27.586,28.036,28.036,71107.0,,adjusted
2020-12-21,27.986,30.856,27.976,30.856,30.856,117935.0,,adjusted
2020-12-22,31.586,31.586,30.046,30.246,30.246,105107.0,,adjusted
2020-12-23,30.336,31.286,30.046,31.136,31.136,62283.0,,adjusted
2020-12-24,30.846,31.316,29.416,29.686,29.686,79442.0,,adjusted
2020-12-25,29.456,29.936,29.136,29.776,29.776,57345.0,,adjusted
2020-12-28,29.816,30.736,28.566,28.916,28.916,83289.0,,adjusted
2020-12-29,29.136,29.336,28.136,28.586,28.586,84519.0,,adjusted
2020-12-30,28.516,29.796,28.286,29.396,29.396,84996.0,,adjusted
2020-12-31,29.356,30.136,28.786,29.656,29.656,95397.0,,adjusted
2021-01-04,29.416,31.836,29.346,31.606,31.606,91838.0,,adjusted
2021-01-05,31.596,32.166,30.826,31.586,31.586,89522.0,,adjusted
2021-01-06,31.826,33.986,31.586,32.536,32.536,112526.0,,adjusted
2021-01-07,32.246,34.236,32.236,34.226,34.226,90134.0,,adjusted
2021-01-08,34.486,34.516,30.786,30.786,30.786,140510.0,,adjusted
2021-01-11,30.646,31.826,28.996,30.386,30.386,131633.0,,adjusted
2021-01-12,30.046,32.096,29.896,31.606,31.606,84321.0,,adjusted
2021-01-13,31.636,32.396,30.466,30.836,30.836,88833.0,,adjusted
2021-01-14,30.186,31.036,28.786,30.436,30.436,99946.0,,adjusted
2021-01-15,30.686,31.006,29.716,30.476,30.476,72323.0,,adjusted
2021-01-18,30.646,32.686,30.216,32.316,32.316,100194.0,,adjusted
2021-01-19,32.276,33.076,30.566,30.866,30.866,87752.0,,adjusted
2021-01-20,31.046,32.686,30.866,32.506,32.506,85764.0,,adjusted
2021-01-21,32.466,34.436,32.346,34.176,34.176,118485.0,,adjusted
2021-01-22,34.126,36.696,33.636,36.186,36.186,129391.0,,adjusted
2021-01-25,35.966,38.726,35.366,38.176,38.176,128434.0,,adjusted
2021-01-26,37.806,38.526,36.036,36.196,36.196,112264.0,,adjusted
2021-01-27,35.836,37.276,33.746,36.126,36.126,138423.0,,adjusted
2021-01-28,36.246,36.246,34.636,35.216,35.216,87641.0,,adjusted
2021-01-29,36.076,36.976,32.616,33.696,33.696,169002.0,,adjusted
2021-02-01,33.696,35.816,33.186,35.186,35.186,131552.0,,adjusted
2021-02-02,35.416,35.736,33.936,35.036,35.036,95506.0,,adjusted
2021-02-03,35.636,36.016,34.346,34.886,34.886,101383.0,,adjusted
2021-02-04,34.336,35.176,33.016,33.816,33.816,83250.0,,adjusted
2021-02-05,33.846,35.326,32.936,34.136,34.136,93792.0,,adjusted
2021-02-08,34.096,37.486,33.636,37.036,37.036,130917.0,,adjusted
2021-02-09,37.406,37.716,36.116,36.846,36.846,87094.0,,adjusted
2021-02-10,37.096,39.056,36.716,38.296,38.296,89141.0,,adjusted
2021-02-18,39.836,39.836,37.296,38.076,38.076,98447.0,,adjusted
2021-02-19,37.636,38.076,34.926,36.246,36.246,121195.0,,adjusted
2021-02-22,36.086,36.086,33.536,33.586,33.586,125116.0,,adjusted
2021-02-23,32.326,34.386,31.456,33.036,33.036,100571.0,,adjusted
2021-02-24,33.286,33.606,30.316,30.606,30.606,157727.0,,adjusted
2021-02-25,31.156,31.626,30.136,30.856,30.856,99062.0,,adjusted
2021-02-26,30.036,30.326,28.676,29.276,29.276,148302.0,,adjusted
2021-03-01,29.346,30.296,29.346,30.166,30.166,93954.0,,adjusted
2021-03-02,30.606,30.636,28.716,29.026,29.026,117073.0,,adjusted
2021-03-03,29.086,29.796,28.436,29.636,29.636,80908.0,,adjusted
2021-03-04,29.446,29.636,28.046,28.316,28.316,117311.0,,adjusted
2021-03-05,27.636,28.936,27.196,28.736,28.736,121983.0,,adjusted
2021-03-08,29.136,29.226,25.846,25.846,25.846,166353.0,,adjusted
2021-03-09,25.306,25.436,23.656,24.126,24.126,199055.0,,adjusted
2021-03-10,24.846,25.016,23.696,23.736,23.736,169562.0,,adjusted
2021-03-11,23.996,25.316,23.576,24.656,24.656,194117.0,,adjusted
2021-03-12,25.026,25.036,23.626,24.366,24.366,120994.0,,adjusted
2021-03-15,24.076,24.816,23.716,23.836,23.836,83954.0,,adjusted
2021-03-16,24.036,24.036,22.136,22.786,22.786,189847.0,,adjusted
2021-03-17,22.916,24.746,22.516,24.516,24.516,165341.0,,adjusted
2021-03-18,24.736,26.986,24.496,26.986,26.986,203851.0,,adjusted
2021-03-19,26.626,28.286,26.136,26.716,26.716,238553.0,,adjusted
2021-03-22,27.126,27.516,25.546,26.036,26.036,196228.0,,adjusted
2021-03-23,26.106,26.436,25.266,25.576,25.576,93100.0,,adjusted
2021-03-24,25.436,26.286,25.136,25.336,25.336,97859.0,,adjusted
2021-03-25,24.736,26.086,24.636,25.346,25.346,125558.0,,adjusted
2021-03-26,25.126,26.476,24.686,26.166,26.166,131717.0,,adjusted
2021-03-29,26.266,26.526,25.046,25.316,25.316,119282.0,,adjusted
2021-03-30,25.086,26.596,24.946,26.286,26.286,113821.0,,adjusted
2021-03-31,26.016,26.096,25.016,25.726,25.726,94496.0,,adjusted
2021-04-01,25.456,26.346,25.346,25.986,25.986,59281.0,,adjusted
2021-04-02,25.986,27.456,25.986,26.996,26.996,77291.0,,adjusted
2021-04-06,26.996,27.336,26.636,27.086,27.086,59954.0,,adjusted
2021-04-07,26.876,27.036,25.796,25.986,25.986,90210.0,,adjusted
2021-04-08,25.976,26.826,25.416,26.116,26.116,57255.0,,adjusted
2021-04-09,26.136,26.256,25.616,25.926,25.926,63955.0,,adjusted
2021-04-12,25.936,26.546,25.636,25.956,25.956,79872.0,,adjusted
2021-04-13,25.746,26.126,25.146,25.306,25.306,87439.0,,adjusted
2021-04-14,25.546,27.586,25.546,27.336,27.336,143385.0,,adjusted
2021-04-15,27.286,29.446,26.766,29.086,29.086,129904.0,,adjusted
2021-04-16,29.086,30.166,28.346,29.486,29.486,125640.0,,adjusted
2021-04-19,29.326,31.936,29.126,31.916,31.916,131820.0,,adjusted
2021-04-20,31.336,32.226,31.036,31.166,31.166,81402.0,,adjusted
2021-04-21,31.166,32.386,30.886,31.676,31.676,96195.0,,adjusted
2021-04-22,31.726,32.236,30.836,31.996,31.996,73020.0,,adjusted
2021-04-23,31.876,32.196,31.436,31.736,31.736,74663.0,,adjusted
2021-04-26,31.686,33.026,31.436,31.796,31.796,78407.0,,adjusted
2021-04-27,31.926,31.986,31.006,31.946,31.946,59062.0,,adjusted
2021-04-28,32.136,33.616,31.486,33.506,33.506,108305.0,,adjusted
2021-04-29,33.846,34.156,32.836,32.936,32.936,67111.0,,adjusted
2021-04-30,32.866,32.866,31.046,32.046,32.046,89959.0,,adjusted
2021-05-06,31.996,32.416,31.286,31.646,31.646,77163.0,,adjusted
2021-05-07,31.646,32.066,30.016,30.096,30.096,81651.0,,adjusted
2021-05-10,30.076,30.536,28.436,28.836,28.836,140808.0,,adjusted
2021-05-11,28.836,30.286,28.146,29.486,29.486,131770.0,,adjusted
2021-05-12,29.336,29.976,28.716,29.496,29.496,75069.0,,adjusted
2021-05-13,29.196,29.206,28.106,28.656,28.656,72234.0,,adjusted
2021-05-14,28.846,29.526,28.036,29.316,29.316,74789.0,,adjusted
2021-05-17,29.146,31.006,29.136,29.946,29.946,118365.0,,adjusted
2021-05-18,29.806,30.166,29.096,30.066,30.066,57076.0,,adjusted
2021-05-19,29.636,30.706,29.486,30.346,30.346,66620.0,,adjusted
2021-05-20,29.726,30.786,29.336,29.886,29.886,98515.0,,adjusted
2021-05-21,30.136,30.816,29.346,30.036,30.036,119716.0,,adjusted
2021-05-24,30.046,30.306,29.536,29.816,29.816,53518.0,,adjusted
2021-05-25,29.816,30.676,29.546,30.396,30.396,91395.0,,adjusted
2021-05-26,30.456,32.336,30.396,31.736,31.736,129244.0,,adjusted
2021-05-27,31.836,32.756,31.606,32.086,32.086,101981.0,,adjusted
2021-05-28,32.116,33.166,31.836,32.316,32.316,74718.0,,adjusted
2021-05-31,32.446,33.046,32.416,32.986,32.986,75504.0,,adjusted
2021-06-01,32.826,33.216,31.886,32.746,32.746,62402.0,,adjusted
2021-06-02,32.746,32.856,31.166,31.436,31.436,70216.0,,adjusted
2021-06-03,31.316,31.936,30.996,31.046,31.046,53773.0,,adjusted
2021-06-04,31.046,31.636,30.876,31.306,31.306,53481.0,,adjusted
2021-06-07,31.626,31.636,30.736,31.286,31.286,63157.0,,adjusted
2021-06-08,31.306,31.396,30.236,30.636,30.636,67976.0,,adjusted
2021-06-09,30.666,33.716,30.636,33.716,33.716,196242.0,,adjusted
2021-06-10,33.716,34.346,32.936,33.706,33.706,145781.0,,adjusted
2021-06-11,33.896,34.056,32.746,33.036,33.036,67184.0,,adjusted
2021-06-15,33.406,34.116,32.846,33.736,33.736,87122.0,,adjusted
2021-06-16,33.446,33.736,31.926,32.566,32.566,83877.0,,adjusted
2021-06-17,32.296,34.346,32.136,34.086,34.086,98381.0,,adjusted
2021-06-18,34.386,37.516,33.786,37.516,37.516,152959.0,,adjusted
2021-06-21,37.736,39.316,36.836,37.616,37.616,151600.0,,adjusted
2021-06-22,38.236,38.896,37.626,38.666,38.666,80120.0,,adjusted
2021-06-23,38.756,39.736,37.876,38.146,38.146,77751.0,,adjusted
2021-06-24,38.106,38.336,36.336,36.736,36.736,87072.0,,adjusted
2021-06-25,37.156,38.566,36.086,37.976,37.976,74107.0,,adjusted
2021-06-28,38.136,38.436,37.086,37.816,37.816,56453.0,,adjusted
2021-06-29,37.836,39.076,37.516,37.936,37.936,59693.0,,adjusted
2021-06-30,38.526,39.236,37.516,38.886,38.886,49157.0,,adjusted
2021-07-01,38.536,39.666,37.386,38.806,38.806,68457.0,,adjusted
2021-07-02,38.316,40.716,37.646,38.806,38.806,117374.0,,adjusted
2021-07-05,39.356,40.206,37.786,38.066,38.066,107561.0,,adjusted
2021-07-06,38.496,38.596,36.316,38.476,38.476,147408.0,,adjusted
2021-07-07,38.216,40.356,37.636,39.866,39.866,117934.0,,adjusted
2021-07-08,40.476,42.336,39.986,41.736,41.736,129119.0,,adjusted
2021-07-09,41.736,42.066,40.036,41.176,41.176,80038.0,,adjusted
2021-07-12,40.896,41.606,39.836,41.286,41.286,63595.0,,adjusted
2021-07-13,40.836,42.196,40.346,41.486,41.486,62146.0,,adjusted
2021-07-14,41.236,41.436,38.566,38.716,38.716,103045.0,,adjusted
2021-07-15,38.396,39.966,37.836,38.766,38.766,60275.0,,adjusted
2021-07-16,38.916,39.056,36.916,37.996,37.996,82730.0,,adjusted
2021-07-19,37.896,38.406,36.816,37.556,37.556,60712.0,,adjusted
2021-07-20,37.776,38.206,37.226,37.896,37.896,44974.0,,adjusted
2021-07-21,38.086,41.196,38.086,40.336,40.336,95043.0,,adjusted
2021-07-22,40.336,41.036,39.726,40.596,40.596,55920.0,,adjusted
2021-07-23,40.596,40.596,38.806,39.676,39.676,51656.0,,adjusted
2021-07-26,40.176,41.306,38.546,39.936,39.936,61663.0,,adjusted
2021-07-27,39.816,40.856,37.206,37.436,37.436,69045.0,,adjusted
2021-07-28,35.836,37.536,35.586,36.836,36.836,64275.0,,adjusted
2021-07-29,37.586,39.016,37.216,37.826,37.826,92806.0,,adjusted
2021-07-30,38.086,39.436,38.006,38.856,38.856,102353.0,,adjusted
2021-08-02,39.186,40.326,38.266,39.456,39.456,133931.0,,adjusted
2021-08-03,40.416,40.886,37.446,37.626,37.626,129138.0,,adjusted
2021-08-04,37.216,38.916,37.056,37.836,37.836,140122.0,,adjusted
2021-08-05,37.836,37.836,35.666,35.926,35.926,140421.0,,adjusted
2021-08-06,36.036,36.286,33.686,33.736,33.736,146278.0,,adjusted
2021-08-09,33.736,34.336,33.116,33.876,33.876,119901.0,,adjusted
2021-08-10,33.846,33.876,32.686,33.436,33.436,124724.0,,adjusted
2021-08-11,33.736,34.986,33.046,34.946,34.946,169944.0,,adjusted
2021-08-12,34.946,34.956,32.936,33.436,33.436,103447.0,,adjusted
2021-08-13,33.256,34.236,32.856,32.936,32.936,76145.0,,adjusted
2021-08-16,32.986,33.016,31.536,32.086,32.086,90999.0,,adjusted
2021-08-17,31.936,32.426,30.346,30.486,30.486,92592.0,,adjusted
2021-08-18,30.336,31.156,30.306,31.116,31.116,87037.0,,adjusted
2021-08-19,31.246,31.416,30.406,30.956,30.956,66755.0,,adjusted
2021-08-20,31.136,31.616,30.516,30.976,30.976,98587.0,,adjusted
2021-08-23,32.206,33.336,31.966,33.316,33.316,187902.0,,adjusted
2021-08-24,34.356,34.486,32.636,32.936,32.936,163739.0,,adjusted
2021-08-25,32.846,33.536,32.346,33.116,33.116,85886.0,,adjusted
2021-08-26,33.116,33.646,32.536,32.826,32.826,70142.0,,adjusted
2021-08-27,32.796,32.926,31.836,32.216,32.216,92959.0,,adjusted
2021-08-30,32.666,34.116,32.536,34.086,34.086,114554.0,,adjusted
2021-08-31,32.206,32.226,30.666,30.666,30.666,95496.0,,adjusted
2021-09-01,29.126,29.836,27.586,27.586,27.586,241289.0,,adjusted
2021-09-02,26.416,27.106,25.146,25.566,25.566,385452.0,,adjusted
2021-09-03,25.276,25.276,23.436,23.906,23.906,292919.0,,adjusted
2021-09-06,23.746,26.106,23.136,25.736,25.736,390266.0,,adjusted
2021-09-07,25.126,25.716,24.586,25.076,25.076,229867.0,,adjusted
2021-09-08,25.096,25.466,24.646,25.106,25.106,156641.0,,adjusted
2021-09-09,25.236,25.616,24.546,24.686,24.686,128727.0,,adjusted
2021-09-10,24.696,25.136,23.956,24.956,24.956,157238.0,,adjusted
2021-09-13,25.116,25.466,24.436,25.176,25.176,147940.0,,adjusted
2021-09-14,25.826,26.326,25.126,25.336,25.336,183684.0,,adjusted
2021-09-15,25.336,25.336,24.626,24.786,24.786,106286.0,,adjusted
2021-09-16,24.736,24.746,23.536,24.436,24.436,157827.0,,adjusted
2021-09-17,24.056,24.286,22.966,23.316,23.316,141505.0,,adjusted
2021-09-22,22.666,24.026,22.506,23.316,23.316,99642.0,,adjusted
2021-09-23,23.826,23.826,23.036,23.306,23.306,102569.0,,adjusted
2021-09-24,23.306,24.126,23.136,23.496,23.496,145417.0,,adjusted
2021-09-27,23.496,23.636,22.156,22.576,22.576,142085.0,,adjusted
2021-09-28,22.406,22.716,22.036,22.126,22.126,135312.0,,adjusted
2021-09-29,21.836,22.076,20.986,20.996,20.996,127047.0,,adjusted
2021-09-30,21.381,21.981,21.131,21.801,21.801,157254.0,,adjusted
2021-10-08,22.201,23.361,22.181,22.331,22.331,149804.0,,adjusted
2021-10-11,22.671,23.261,22.111,22.881,22.881,127137.0,,adjusted
2021-10-12,22.821,22.821,22.031,22.051,22.051,100943.0,,adjusted
2021-10-13,22.061,22.331,21.491,22.221,22.221,66827.0,,adjusted
2021-10-14,22.101,22.661,22.011,22.281,22.281,65707.0,,adjusted
2021-10-15,22.421,24.521,22.171,24.521,24.521,250214.0,,adjusted
2021-10-18,24.881,26.981,24.761,26.981,26.981,421742.0,,adjusted
2021-10-19,27.061,27.431,26.101,26.881,26.881,308053.0,,adjusted
2021-10-20,27.231,29.381,26.931,28.681,28.681,389807.0,,adjusted
2021-10-21,28.651,28.651,27.031,27.681,27.681,206576.0,,adjusted
2021-10-22,27.411,27.561,25.901,26.411,26.411,220429.0,,adjusted
2021-10-25,26.411,26.941,25.701,25.701,25.701,209995.0,,adjusted
2021-10-26,25.951,26.601,25.441,26.601,26.601,197371.0,,adjusted
2021-10-27,26.241,26.241,25.181,25.571,25.571,141203.0,,adjusted
2021-10-28,25.171,26.081,24.861,25.051,25.051,123483.0,,adjusted
2021-10-29,24.761,26.551,24.611,26.331,26.331,166260.0,,adjusted
2021-11-01,26.281,26.411,25.181,25.891,25.891,123775.0,,adjusted
2021-11-02,25.881,27.061,25.561,26.361,26.361,135941.0,,adjusted
2021-11-03,26.301,27.131,26.021,26.911,26.911,110508.0,,adjusted
2021-11-04,27.071,28.101,27.071,28.001,28.001,132742.0,,adjusted
2021-11-05,27.691,27.781,26.681,26.901,26.901,106283.0,,adjusted
2021-11-08,26.181,27.031,25.881,27.021,27.021,74436.0,,adjusted
2021-11-09,26.941,27.531,26.631,27.531,27.531,72922.0,,adjusted
2021-11-10,27.511,28.261,26.881,27.061,27.061,94002.0,,adjusted
2021-11-11,26.831,27.161,26.581,26.911,26.911,68525.0,,adjusted
2021-11-12,26.881,28.881,26.811,28.681,28.681,156264.0,,adjusted
2021-11-15,28.221,29.361,27.881,28.631,28.631,121074.0,,adjusted
2021-11-16,28.411,29.061,28.091,28.921,28.921,88207.0,,adjusted
2021-11-17,28.731,30.331,28.561,29.461,29.461,129300.0,,adjusted
2021-11-18,29.281,30.071,28.581,28.941,28.941,105825.0,,adjusted
2021-11-19,28.651,29.221,28.311,28.851,28.851,70452.0,,adjusted
2021-11-22,28.631,28.841,27.701,28.441,28.441,95466.0,,adjusted
2021-11-23,28.301,29.481,27.961,29.401,29.401,96557.0,,adjusted
2021-11-24,29.011,29.481,28.701,28.801,28.801,66600.0,,adjusted
2021-11-25,28.581,28.781,27.881,28.381,28.381,70932.0,,adjusted
2021-11-26,28.081,28.861,27.881,28.331,28.331,64525.0,,adjusted
2021-11-29,27.861,28.341,27.261,27.321,27.321,64567.0,,adjusted
2021-11-30,27.281,27.871,27.251,27.391,27.391,51758.0,,adjusted
2021-12-01,27.431,28.121,27.391,27.751,27.751,45308.0,,adjusted
2021-12-02,27.731,28.011,27.511,27.511,27.511,43386.0,,adjusted
2021-12-03,27.741,27.941,25.761,26.441,26.441,106990.0,,adjusted
2021-12-06,26.381,26.761,26.081,26.391,26.391,47755.0,,adjusted
2021-12-07,26.781,26.851,26.181,26.561,26.561,40632.0,,adjusted
2021-12-08,26.561,26.841,26.011,26.321,26.321,64216.0,,adjusted
2021-12-09,26.261,27.141,26.091,26.871,26.871,71591.0,,adjusted
2021-12-10,26.681,27.311,26.541,26.651,26.651,49295.0,,adjusted
2021-12-13,26.561,27.111,26.481,26.761,26.761,41587.0,,adjusted
2021-12-14,26.611,27.101,26.541,26.781,26.781,34821.0,,adjusted
2021-12-15,26.631,26.811,25.931,26.061,26.061,55822.0,,adjusted
2021-12-16,25.811,26.221,25.121,25.601,25.601,84009.0,,adjusted
2021-12-17,25.681,25.681,24.891,24.891,24.891,63096.0,,adjusted
2021-12-20,24.881,25.381,24.461,24.751,24.751,50026.0,,adjusted
2021-12-21,24.481,25.131,24.481,24.781,24.781,41456.0,,adjusted
2021-12-22,24.911,25.021,24.731,24.951,24.951,25617.0,,adjusted
2021-12-23,24.821,24.981,24.431,24.451,24.451,40226.0,,adjusted
2021-12-24,24.331,24.781,23.951,24.171,24.171,41144.0,,adjusted
2021-12-27,24.041,24.171,23.761,23.811,23.811,34056.0,,adjusted
2021-12-28,24.131,26.161,23.901,25.621,25.621,105573.0,,adjusted
2021-12-29,25.211,25.831,25.091,25.641,25.641,70157.0,,adjusted
2021-12-30,25.641,26.461,25.491,25.881,25.881,85893.0,,adjusted
2021-12-31,25.861,26.121,25.411,25.831,25.831,48203.0,,adjusted
2022-01-04,25.681,26.381,25.681,26.131,26.131,48425.0,,adjusted
2022-01-05,25.881,26.201,25.191,25.471,25.471,51979.0,,adjusted
2022-01-06,25.281,25.511,24.601,24.811,24.811,58077.0,,adjusted
2022-01-07,24.841,24.931,23.521,23.591,23.591,118092.0,,adjusted
2022-01-10,23.581,23.601,22.681,22.871,22.871,109256.0,,adjusted
2022-01-11,22.831,23.801,22.831,23.681,23.681,103274.0,,adjusted
2022-01-12,24.031,25.731,23.881,25.561,25.561,175365.0,,adjusted
2022-01-13,25.811,27.771,25.721,27.151,27.151,241800.0,,adjusted
2022-01-14,26.881,26.981,26.171,26.351,26.351,71091.0,,adjusted
2022-01-17,26.361,27.151,26.161,26.521,26.521,58256.0,,adjusted
2022-01-18,26.381,27.101,25.941,26.231,26.231,56683.0,,adjusted
2022-01-19,26.221,26.661,25.541,26.131,26.131,49367.0,,adjusted
2022-01-20,26.131,26.131,25.281,25.721,25.721,32757.0,,adjusted
2022-01-21,25.641,25.961,25.331,25.621,25.621,26284.0,,adjusted
2022-01-24,25.621,25.631,24.381,24.651,24.651,54104.0,,adjusted
2022-01-25,24.761,25.071,23.811,23.851,23.851,36847.0,,adjusted
2022-01-26,23.881,24.231,23.751,24.101,24.101,23252.0,,adjusted
2022-01-27,24.011,24.371,22.801,22.881,22.881,49236.0,,adjusted
2022-01-28,22.981,23.381,22.691,22.781,22.781,46097.0,,adjusted
2022-02-07,23.381,24.451,23.381,24.451,24.451,58424.0,,adjusted
2022-02-08,24.461,24.481,23.421,23.841,23.841,50529.0,,adjusted
2022-02-09,23.841,23.871,23.181,23.811,23.811,56906.0,,adjusted
2022-02-10,23.581,23.871,23.151,23.331,23.331,48362.0,,adjusted
2022-02-11,23.271,23.271,22.091,22.181,22.181,90790.0,,adjusted
2022-02-14,21.921,22.361,21.521,22.111,22.111,45106.0,,adjusted
2022-02-15,22.141,22.711,22.141,22.471,22.471,49938.0,,adjusted
2022-02-16,22.501,23.111,22.471,22.791,22.791,50896.0,,adjusted
2022-02-17,22.881,22.991,22.391,22.551,22.551,47636.0,,adjusted
2022-02-18,22.341,22.371,21.711,21.881,21.881,94430.0,,adjusted
2022-02-21,21.741,22.031,21.531,22.021,22.021,79454.0,,adjusted
2022-02-22,21.881,22.211,21.561,22.171,22.171,85239.0,,adjusted
2022-02-23,22.461,24.081,22.361,23.871,23.871,179480.0,,adjusted
2022-02-24,23.481,24.431,23.271,23.761,23.761,133048.0,,adjusted
2022-02-25,24.181,24.321,23.491,23.651,23.651,66810.0,,adjusted
2022-02-28,23.631,23.631,23.101,23.421,23.421,42463.0,,adjusted
2022-03-01,23.641,23.761,23.281,23.521,23.521,42645.0,,adjusted
2022-03-02,23.481,23.481,23.081,23.281,23.281,37218.0,,adjusted
2022-03-03,23.381,23.521,22.631,22.651,22.651,50411.0,,adjusted
2022-03-04,22.561,22.971,22.351,22.461,22.461,42836.0,,adjusted
2022-03-07,22.281,22.641,21.911,22.021,22.021,42259.0,,adjusted
2022-03-08,21.981,22.301,20.061,20.311,20.311,146855.0,,adjusted
2022-03-09,20.311,20.581,18.271,19.071,19.071,155553.0,,adjusted
2022-03-10,19.681,20.181,19.381,19.831,19.831,133168.0,,adjusted
2022-03-11,19.491,20.211,18.981,19.781,19.781,102167.0,,adjusted
2022-03-14,19.471,19.521,18.841,18.851,18.851,76835.0,,adjusted
2022-03-15,18.681,19.091,18.061,18.121,18.121,115125.0,,adjusted
2022-03-16,18.451,18.631,17.281,18.241,18.241,126866.0,,adjusted
2022-03-17,18.491,19.671,18.441,19.271,19.271,147899.0,,adjusted
2022-03-18,19.221,19.561,18.801,19.091,19.091,69889.0,,adjusted
2022-03-21,19.191,19.821,19.031,19.411,19.411,73875.0,,adjusted
2022-03-22,19.331,19.481,19.111,19.331,19.331,41843.0,,adjusted
2022-03-23,19.401,19.731,19.091,19.481,19.481,47154.0,,adjusted
2022-03-24,19.291,19.401,19.011,19.161,19.161,44574.0,,adjusted
2022-03-25,19.421,19.631,19.031,19.121,19.121,62889.0,,adjusted
2022-03-28,19.051,19.771,18.311,19.671,19.671,106820.0,,adjusted
2022-03-29,19.731,20.261,19.491,20.001,20.001,84430.0,,adjusted
2022-03-30,20.281,21.011,20.121,20.771,20.771,96989.0,,adjusted
2022-03-31,20.761,20.781,19.981,19.991,19.991,78821.0,,adjusted
2022-04-01,19.811,20.331,19.691,20.131,20.131,53197.0,,adjusted
2022-04-06,20.121,20.631,19.681,19.891,19.891,56377.0,,adjusted
2022-04-07,19.621,19.761,18.851,18.921,18.921,108660.0,,adjusted
2022-04-08,18.921,19.031,17.561,17.721,17.721,149883.0,,adjusted
2022-04-11,17.721,17.731,16.371,16.481,16.481,122671.0,,adjusted
2022-04-12,16.471,16.581,15.861,16.481,16.481,134788.0,,adjusted
2022-04-13,16.491,16.651,15.691,15.761,15.761,163162.0,,adjusted
2022-04-14,15.881,15.981,15.381,15.601,15.601,136391.0,,adjusted
2022-04-15,15.401,15.481,14.901,15.211,15.211,113659.0,,adjusted
2022-04-18,15.071,15.711,14.741,15.661,15.661,89112.0,,adjusted
2022-04-19,15.571,16.171,15.481,15.741,15.741,85997.0,,adjusted
2022-04-20,16.101,16.261,15.631,15.821,15.821,99569.0,,adjusted
2022-04-21,15.551,15.731,14.651,14.821,14.821,112271.0,,adjusted
2022-04-22,14.771,14.771,14.171,14.231,14.231,111321.0,,adjusted
2022-04-25,13.881,14.001,12.891,12.921,12.921,139529.0,,adjusted
2022-04-26,12.921,13.171,12.351,12.371,12.371,138025.0,,adjusted
2022-04-27,12.281,13.421,12.081,13.421,13.421,132743.0,,adjusted
2022-04-28,13.371,13.701,13.181,13.361,13.361,103768.0,,adjusted
2022-04-29,13.781,14.711,13.781,14.711,14.711,206902.0,,adjusted
2022-05-05,15.011,15.531,14.781,15.041,15.041,169828.0,,adjusted
2022-05-06,14.731,15.011,14.491,14.681,14.681,78148.0,,adjusted
2022-05-09,14.851,15.011,14.701,14.831,14.831,57161.0,,adjusted
2022-05-10,14.531,15.371,14.391,15.211,15.211,86913.0,,adjusted
2022-05-11,15.231,15.871,15.131,15.351,15.351,124314.0,,adjusted
2022-05-12,15.211,15.661,15.091,15.411,15.411,85172.0,,adjusted
2022-05-13,15.601,15.661,15.071,15.241,15.241,92701.0,,adjusted
2022-05-16,15.311,15.821,15.301,15.351,15.351,87280.0,,adjusted
2022-05-17,15.401,15.631,15.141,15.601,15.601,66598.0,,adjusted
2022-05-18,15.741,15.841,15.481,15.621,15.621,60558.0,,adjusted
2022-05-19,15.391,15.911,15.241,15.891,15.891,73762.0,,adjusted
2022-05-20,15.911,16.791,15.911,16.291,16.291,119427.0,,adjusted
2022-05-23,16.221,16.611,16.151,16.561,16.561,85667.0,,adjusted
2022-05-24,16.481,16.621,15.351,15.381,15.381,120589.0,,adjusted
2022-05-25,15.251,15.821,15.251,15.751,15.751,74364.0,,adjusted
2022-05-26,15.751,16.201,15.381,16.081,16.081,88378.0,,adjusted
2022-05-27,16.391,16.401,15.681,15.781,15.781,74304.0,,adjusted
2022-05-30,15.881,16.121,15.531,16.091,16.091,65370.0,,adjusted
2022-05-31,16.081,16.941,15.791,16.751,16.751,124733.0,,adjusted
2022-06-01,16.881,17.891,16.711,17.371,17.371,161922.0,,adjusted
2022-06-02,17.471,18.141,17.091,17.851,17.851,111498.0,,adjusted
2022-06-06,17.981,18.421,17.761,18.031,18.031,119951.0,,adjusted
2022-06-07,18.141,18.221,17.461,17.701,17.701,89502.0,,adjusted
2022-06-08,17.651,17.831,17.111,17.611,17.611,77922.0,,adjusted
2022-06-09,17.421,17.611,16.941,17.001,17.001,72873.0,,adjusted
2022-06-10,16.901,17.761,16.801,17.661,17.661,72525.0,,adjusted
2022-06-13,17.911,19.441,17.911,18.861,18.861,242042.0,,adjusted
2022-06-14,18.651,18.681,17.731,18.481,18.481,180362.0,,adjusted
2022-06-15,18.511,18.661,18.101,18.211,18.211,153178.0,,adjusted
2022-06-16,18.171,18.621,18.161,18.441,18.441,124779.0,,adjusted
2022-06-17,18.101,18.601,18.001,18.481,18.481,119506.0,,adjusted
2022-06-20,18.591,19.381,18.481,19.011,19.011,162653.0,,adjusted
2022-06-21,19.631,20.841,19.261,19.681,19.681,307064.0,,adjusted
2022-06-22,19.551,20.091,18.881,18.921,18.921,187285.0,,adjusted
2022-06-23,18.94,20.29,18.94,20.08,20.08,230703.0,,adjusted
2022-06-24,20.06,21.16,19.71,20.85,20.85,213247.0,,adjusted
2022-06-27,21.68,22.94,21.12,22.94,22.94,371716.0,,adjusted
2022-06-28,23.83,25.24,23.09,25.24,25.24,439968.0,,adjusted
2022-06-29,25.7,27.38,23.79,25.38,25.38,729392.0,,adjusted
2022-06-30,24.31,25.88,23.46,24.41,24.41,424266.0,,adjusted
2022-07-01,24.06,26.21,24.06,25.37,25.37,413005.0,,adjusted
2022-07-04,25.32,25.32,24.03,24.65,24.65,378314.0,,adjusted
2022-07-05,24.11,24.48,22.71,23.14,23.14,422741.0,,adjusted
2022-07-06,23.21,24.27,23.09,23.6,23.6,357617.0,,adjusted
2022-07-07,23.6,23.87,22.61,23.16,23.16,296678.0,,adjusted
2022-07-08,23.26,24.65,23.26,23.51,23.51,331990.0,,adjusted
2022-07-11,23.6,23.94,22.86,23.2,23.2,251150.0,,adjusted
2022-07-12,23.19,23.2,22.21,22.22,22.22,207037.0,,adjusted
2022-07-13,22.1,22.59,21.71,22.31,22.31,192846.0,,adjusted
2022-07-14,22.41,24.49,22.11,24.0,24.0,339674.0,,adjusted
2022-07-15,23.74,24.11,23.21,23.24,23.24,242595.0,,adjusted
2022-07-18,23.37,23.56,22.41,23.54,23.54,201611.0,,adjusted
2022-07-19,23.22,24.88,22.43,24.84,24.84,411367.0,,adjusted
2022-07-20,24.34,26.89,24.22,25.71,25.71,500474.0,,adjusted
2022-07-21,25.71,26.77,25.19,25.3,25.3,388468.0,,adjusted
2022-07-22,25.31,25.81,24.4,24.9,24.9,286823.0,,adjusted
2022-07-25,24.7,26.65,24.21,26.08,26.08,363826.0,,adjusted
2022-07-26,25.91,26.07,24.9,25.68,25.68,244239.0,,adjusted
2022-07-27,25.18,27.31,25.11,26.88,26.88,398907.0,,adjusted
2022-07-28,27.21,28.11,26.3,26.89,26.89,407894.0,,adjusted
2022-07-29,26.87,28.92,26.63,28.21,28.21,447363.0,,adjusted
2022-08-01,28.44,29.73,27.6,29.39,29.39,473963.0,,adjusted
2022-08-02,28.41,28.91,26.78,27.72,27.72,481309.0,,adjusted
2022-08-03,27.81,28.56,24.94,25.61,25.61,511914.0,,adjusted
2022-08-04,25.51,26.49,24.68,26.49,26.49,377806.0,,adjusted
2022-08-05,25.91,26.07,24.11,24.68,24.68,452006.0,,adjusted
2022-08-08,24.44,25.27,23.96,24.79,24.79,263577.0,,adjusted
2022-08-09,24.71,25.39,24.49,24.86,24.86,274337.0,,adjusted
2022-08-10,24.71,25.91,24.43,25.91,25.91,372829.0,,adjusted
2022-08-11,25.99,26.15,25.21,25.52,25.52,255067.0,,adjusted
2022-08-12,25.79,26.5,25.46,25.53,25.53,292988.0,,adjusted
2022-08-15,24.91,26.04,24.69,25.57,25.57,234221.0,,adjusted
2022-08-16,25.38,26.05,25.11,25.71,25.71,226692.0,,adjusted
2022-08-17,25.81,25.82,24.02,24.06,24.06,450324.0,,adjusted
2022-08-18,23.95,24.29,23.61,24.05,24.05,322172.0,,adjusted
2022-08-19,24.01,24.01,22.52,22.54,22.54,413842.0,,adjusted
2022-08-22,22.39,22.81,21.81,22.19,22.19,241801.0,,adjusted
2022-08-23,22.03,22.43,21.81,22.11,22.11,214698.0,,adjusted
2022-08-24,22.12,22.21,20.71,20.78,20.78,309732.0,,adjusted
2022-08-25,20.79,21.05,20.21,20.53,20.53,181672.0,,adjusted
2022-08-26,20.67,20.86,20.2,20.28,20.28,152446.0,,adjusted
2022-08-29,19.91,20.57,19.79,20.49,20.49,134253.0,,adjusted
2022-08-30,20.49,20.63,20.13,20.29,20.29,105717.0,,adjusted
2022-08-31,19.52,19.79,18.66,18.81,18.81,347231.0,,adjusted
2022-09-01,18.78,19.01,18.34,18.4,18.4,180155.0,,adjusted
2022-09-02,18.58,18.86,18.39,18.68,18.68,131831.0,,adjusted
2022-09-05,18.57,18.72,18.21,18.34,18.34,139085.0,,adjusted
2022-09-06,18.46,19.09,18.16,18.99,18.99,242001.0,,adjusted
2022-09-07,19.02,20.25,19.02,20.08,20.08,360756.0,,adjusted
2022-09-08,19.95,20.28,19.62,19.93,19.93,223401.0,,adjusted
2022-09-09,20.03,20.16,19.56,20.13,20.13,152162.0,,adjusted
2022-09-13,20.16,20.51,19.97,20.27,20.27,144737.0,,adjusted
2022-09-14,19.9,20.11,19.59,19.76,19.76,159430.0,,adjusted
2022-09-15,19.92,20.01,18.79,19.08,19.08,203789.0,,adjusted
2022-09-16,19.22,19.3,18.65,18.76,18.76,131333.0,,adjusted
2022-09-19,18.92,19.45,18.72,18.86,18.86,150069.0,,adjusted
2022-09-20,19.09,19.5,18.85,19.42,19.42,167534.0,,adjusted
2022-09-21,19.22,19.39,18.83,19.19,19.19,123527.0,,adjusted
2022-09-22,19.04,19.89,18.91,19.66,19.66,191523.0,,adjusted
2022-09-23,19.71,20.79,19.51,20.45,20.45,312218.0,,adjusted
2022-09-26,20.17,20.85,19.95,20.51,20.51,216832.0,,adjusted
2022-09-27,20.51,21.09,20.11,20.76,20.76,219296.0,,adjusted
2022-09-28,20.7,20.7,19.5,19.51,19.51,176208.0,,adjusted
2022-09-29,19.78,20.16,19.58,19.92,19.92,136531.0,,adjusted
2022-09-30,19.62,19.88,18.71,18.73,18.73,159467.0,,adjusted
2022-10-10,18.22,18.55,16.85,16.85,16.85,208681.0,,adjusted
2022-10-11,16.51,17.3,16.36,17.1,17.1,156422.0,,adjusted
2022-10-12,17.02,18.59,16.81,18.56,18.56,200132.0,,adjusted
2022-10-13,18.45,19.19,18.33,18.35,18.35,154055.0,,adjusted
2022-10-14,18.53,19.14,18.33,18.91,18.91,178016.0,,adjusted
2022-10-17,19.13,20.05,19.01,19.97,19.97,227242.0,,adjusted
2022-10-18,20.18,20.28,19.76,20.01,20.01,208521.0,,adjusted
2022-10-19,20.03,20.57,19.93,20.1,20.1,187479.0,,adjusted
2022-10-20,19.93,20.75,19.74,20.39,20.39,213117.0,,adjusted
2022-10-21,20.38,21.09,20.16,20.73,20.73,189288.0,,adjusted
2022-10-24,20.89,21.16,20.26,20.34,20.34,195678.0,,adjusted
2022-10-25,20.11,20.99,19.92,20.87,20.87,204371.0,,adjusted
2022-10-26,20.9,20.98,20.28,20.79,20.79,185808.0,,adjusted
2022-10-27,21.03,21.36,20.52,20.61,20.61,217885.0,,adjusted
2022-10-28,20.06,20.85,19.72,19.9,19.9,160984.0,,adjusted
2022-10-31,19.89,19.98,19.12,19.6,19.6,171158.0,,adjusted
2022-11-01,19.89,20.52,19.56,20.5,20.5,174306.0,,adjusted
2022-11-02,20.71,21.21,20.42,20.98,20.98,185111.0,,adjusted
2022-11-03,20.76,21.15,20.62,20.79,20.79,128247.0,,adjusted
2022-11-04,20.84,21.29,20.71,21.23,21.23,182743.0,,adjusted
2022-11-07,21.23,21.37,20.48,20.73,20.73,160409.0,,adjusted
2022-11-08,20.66,20.88,20.38,20.74,20.74,114506.0,,adjusted
2022-11-09,20.74,21.26,20.38,21.0,21.0,159363.0,,adjusted
2022-11-10,20.71,20.89,19.96,20.1,20.1,169955.0,,adjusted
2022-11-11,20.61,21.11,20.59,20.64,20.64,198956.0,,adjusted
2022-11-14,20.56,20.63,19.81,19.85,19.85,165024.0,,adjusted
2022-11-15,19.86,20.99,19.65,20.99,20.99,219806.0,,adjusted
2022-11-16,21.12,21.31,20.67,20.7,20.7,158577.0,,adjusted
2022-11-17,20.71,20.9,20.13,20.88,20.88,138717.0,,adjusted
2022-11-18,21.05,22.98,20.71,22.57,22.57,613210.0,,adjusted
2022-11-21,22.36,22.7,21.74,22.7,22.7,363655.0,,adjusted
2022-11-22,22.39,22.71,21.82,22.07,22.07,223745.0,,adjusted
2022-11-23,22.11,22.17,21.23,21.84,21.84,156889.0,,adjusted
2022-11-24,21.98,22.2,21.63,21.86,21.86,135929.0,,adjusted
2022-11-25,21.73,21.75,21.24,21.42,21.42,119822.0,,adjusted
2022-11-28,21.01,22.51,20.81,22.28,22.28,195292.0,,adjusted
2022-11-29,22.28,22.75,22.06,22.37,22.37,210272.0,,adjusted
2022-11-30,22.37,22.8,22.23,22.53,22.53,179461.0,,adjusted
2022-12-01,22.76,23.56,22.43,23.02,23.02,237755.0,,adjusted
2022-12-02,22.81,24.21,22.76,23.95,23.95,341341.0,,adjusted
2022-12-05,23.83,23.91,23.28,23.63,23.63,190573.0,,adjusted
2022-12-06,23.46,23.66,22.82,23.19,23.19,168645.0,,adjusted
2022-12-07,23.06,23.75,22.96,23.11,23.11,141101.0,,adjusted
2022-12-08,22.93,23.19,22.62,22.7,22.7,127965.0,,adjusted
2022-12-09,22.7,23.01,22.44,22.76,22.76,127518.0,,adjusted
2022-12-12,22.68,23.63,22.31,23.4,23.4,175695.0,,adjusted
2022-12-13,23.21,23.36,22.68,22.72,22.72,102287.0,,adjusted
2022-12-14,22.68,23.47,22.68,22.78,22.78,104812.0,,adjusted
2022-12-15,22.61,22.84,22.2,22.21,22.21,136958.0,,adjusted
2022-12-16,22.11,22.16,21.41,21.6,21.6,154683.0,,adjusted
2022-12-19,21.62,22.29,21.31,21.51,21.51,97782.0,,adjusted
2022-12-20,21.56,22.29,21.51,21.87,21.87,127490.0,,adjusted
2022-12-21,21.77,21.8,21.03,21.21,21.21,104890.0,,adjusted
2022-12-22,21.35,21.4,20.56,20.71,20.71,104492.0,,adjusted
2022-12-23,20.49,20.85,20.02,20.23,20.23,94471.0,,adjusted
2022-12-26,20.23,21.21,19.99,21.16,21.16,105787.0,,adjusted
2022-12-27,21.21,21.59,21.11,21.58,21.58,85100.0,,adjusted
2022-12-28,21.5,21.5,21.12,21.19,21.19,65387.0,,adjusted
2022-12-29,21.22,21.81,21.14,21.49,21.49,84710.0,,adjusted
2022-12-30,21.6,22.0,21.48,21.59,21.59,74856.0,,adjusted
2023-01-03,21.78,22.56,21.55,22.47,22.47,148683.0,,adjusted
2023-01-04,22.49,22.79,22.26,22.64,22.64,130664.0,,adjusted
2023-01-05,22.57,22.94,22.48,22.78,22.78,126783.0,,adjusted
2023-01-06,22.61,23.08,22.49,22.61,22.61,119204.0,,adjusted
2023-01-09,22.66,22.93,22.34,22.39,22.39,113219.0,,adjusted
2023-01-10,22.55,22.61,22.3,22.43,22.43,79348.0,,adjusted
2023-01-11,22.32,22.7,22.16,22.3,22.3,90392.0,,adjusted
2023-01-12,22.51,22.82,22.32,22.61,22.61,103732.0,,adjusted
2023-01-13,22.53,22.79,22.31,22.62,22.62,110809.0,,adjusted
2023-01-16,22.62,23.19,22.56,23.01,23.01,137863.0,,adjusted
2023-01-17,22.92,23.69,22.77,23.58,23.58,201288.0,,adjusted
2023-01-18,23.58,24.99,23.56,24.85,24.85,300136.0,,adjusted
2023-01-19,24.72,25.07,24.63,25.02,25.02,148485.0,,adjusted
2023-01-20,26.41,27.19,25.53,25.95,25.95,305283.0,,adjusted
2023-01-30,26.21,26.57,25.29,25.42,25.42,244808.0,,adjusted
2023-01-31,25.42,26.46,25.36,26.01,26.01,203581.0,,adjusted
2023-02-01,26.13,26.42,25.7,26.17,26.17,172408.0,,adjusted
2023-02-02,26.17,26.96,25.92,26.22,26.22,174243.0,,adjusted
2023-02-03,25.86,26.58,25.64,26.36,26.36,140352.0,,adjusted
2023-02-06,26.04,26.99,26.04,26.56,26.56,144096.0,,adjusted
2023-02-07,26.31,27.36,26.22,26.89,26.89,233224.0,,adjusted
2023-02-08,27.0,27.08,26.04,26.22,26.22,171986.0,,adjusted
2023-02-09,26.21,26.91,26.07,26.84,26.84,141341.0,,adjusted
2023-02-10,26.81,26.91,26.17,26.42,26.42,90701.0,,adjusted
2023-02-13,26.15,26.52,26.01,26.2,26.2,122059.0,,adjusted
2023-02-14,26.24,26.36,25.82,25.95,25.95,106364.0,,adjusted
2023-02-15,26.06,26.18,25.71,25.78,25.78,109398.0,,adjusted
2023-02-16,25.79,26.26,25.11,25.27,25.27,152017.0,,adjusted
2023-02-17,25.16,25.66,24.63,24.65,24.65,139916.0,,adjusted
2023-02-20,24.72,25.27,24.51,25.19,25.19,94796.0,,adjusted
2023-02-21,25.26,25.65,25.04,25.21,25.21,95925.0,,adjusted
2023-02-22,25.01,25.4,24.93,25.12,25.12,60377.0,,adjusted
2023-02-23,25.1,25.13,24.55,24.77,24.77,94601.0,,adjusted
2023-02-24,24.74,24.91,24.32,24.64,24.64,62804.0,,adjusted
2023-02-27,24.44,24.69,24.06,24.27,24.27,89755.0,,adjusted
2023-02-28,24.49,24.75,24.04,24.69,24.69,116827.0,,adjusted
2023-03-01,24.69,24.8,24.11,24.65,24.65,173511.0,,adjusted
2023-03-02,25.1,25.21,24.11,24.33,24.33,225743.0,,adjusted
2023-03-03,24.28,24.86,24.23,24.76,24.76,145650.0,,adjusted
2023-03-06,24.67,24.7,23.86,24.21,24.21,145817.0,,adjusted
2023-03-07,24.11,24.29,23.31,23.37,23.37,131940.0,,adjusted
2023-03-08,23.32,23.68,23.26,23.52,23.52,70889.0,,adjusted
2023-03-09,23.52,23.85,23.09,23.75,23.75,91822.0,,adjusted
2023-03-10,23.61,24.09,23.22,23.8,23.8,100477.0,,adjusted
2023-03-13,24.99,26.19,24.54,26.03,26.03,515304.0,,adjusted
2023-03-14,26.03,26.1,24.99,25.76,25.76,318182.0,,adjusted
2023-03-15,26.13,26.41,25.51,25.66,25.66,148571.0,,adjusted
2023-03-16,25.9,26.01,25.32,25.45,25.45,140025.0,,adjusted
2023-03-17,25.55,25.75,25.21,25.44,25.44,139710.0,,adjusted
2023-03-20,25.42,26.08,24.86,25.8,25.8,195276.0,,adjusted
2023-03-21,25.71,26.51,25.69,26.2,26.2,162454.0,,adjusted
2023-03-22,26.35,26.39,25.44,25.6,25.6,140895.0,,adjusted
2023-03-23,25.51,25.79,25.39,25.68,25.68,80663.0,,adjusted
2023-03-24,25.66,27.08,25.36,26.96,26.96,284131.0,,adjusted
2023-03-27,27.33,28.51,26.79,28.42,28.42,318636.0,,adjusted
2023-03-28,28.15,28.76,27.59,27.62,27.62,202894.0,,adjusted
2023-03-29,27.82,28.11,27.42,27.86,27.86,128843.0,,adjusted
2023-03-30,27.71,27.81,26.93,27.56,27.56,144199.0,,adjusted
2023-03-31,27.6,28.27,27.41,27.98,27.98,125476.0,,adjusted
2023-04-03,27.82,28.56,27.6,28.36,28.36,134141.0,,adjusted
2023-04-04,28.37,28.38,27.37,27.58,27.58,130087.0,,adjusted
2023-04-06,27.32,27.41,26.6,27.21,27.21,133852.0,,adjusted
2023-04-07,27.2,27.7,26.91,27.41,27.41,84993.0,,adjusted
2023-04-10,27.27,28.04,27.03,27.16,27.16,112727.0,,adjusted
2023-04-11,27.17,27.3,26.48,26.56,26.56,105459.0,,adjusted
2023-04-12,26.61,27.08,26.25,26.73,26.73,127490.0,,adjusted
2023-04-13,26.53,26.71,25.76,25.79,25.79,115532.0,,adjusted
2023-04-14,25.85,26.25,25.74,25.79,25.79,78784.0,,adjusted
2023-04-17,25.93,26.63,25.75,25.94,25.94,119212.0,,adjusted
2023-04-18,25.97,26.13,25.62,25.79,25.79,103529.0,,adjusted
2023-04-19,25.71,25.88,25.14,25.24,25.24,105623.0,,adjusted
2023-04-20,25.28,25.36,24.67,25.11,25.11,86619.0,,adjusted
2023-04-21,25.11,25.16,24.08,24.09,24.09,118354.0,,adjusted
2023-04-24,24.18,24.36,23.24,23.41,23.41,131636.0,,adjusted
2023-04-25,23.58,23.59,22.1,22.53,22.53,177236.0,,adjusted
2023-04-26,22.57,23.24,22.27,22.35,22.35,142216.0,,adjusted
2023-04-27,22.34,22.71,22.16,22.44,22.44,77596.0,,adjusted
2023-04-28,22.59,22.92,22.46,22.71,22.71,92836.0,,adjusted
2023-05-04,23.38,24.24,23.03,23.41,23.41,240414.0,,adjusted
2023-05-05,23.61,24.44,23.17,23.76,23.76,237642.0,,adjusted
2023-05-08,24.24,24.38,23.21,23.7,23.7,155181.0,,adjusted
2023-05-09,23.53,23.65,23.07,23.09,23.09,110055.0,,adjusted
2023-05-10,23.17,24.0,23.1,23.69,23.69,120476.0,,adjusted
2023-05-11,23.69,24.0,23.36,23.59,23.59,95725.0,,adjusted
2023-05-12,23.53,23.86,22.94,23.0,23.0,77878.0,,adjusted
2023-05-15,23.07,23.36,22.69,23.31,23.31,119590.0,,adjusted
2023-05-16,23.21,23.46,22.7,22.81,22.81,109117.0,,adjusted
2023-05-17,22.62,23.58,22.52,23.54,23.54,130057.0,,adjusted
2023-05-18,24.01,25.01,23.97,24.64,24.64,266429.0,,adjusted
2023-05-19,24.66,25.87,24.66,25.45,25.45,313681.0,,adjusted
2023-05-22,25.41,26.01,25.03,25.71,25.71,215455.0,,adjusted
2023-05-23,25.84,25.95,25.15,25.17,25.17,176436.0,,adjusted
2023-05-24,25.08,25.57,24.91,25.3,25.3,128908.0,,adjusted
2023-05-25,25.18,25.82,24.86,25.27,25.27,133737.0,,adjusted
2023-05-26,25.1,25.47,24.61,25.37,25.37,114376.0,,adjusted
2023-05-29,25.37,25.76,25.01,25.29,25.29,95159.0,,adjusted
2023-05-30,25.21,25.43,24.66,25.41,25.41,127235.0,,adjusted
2023-05-31,25.24,26.02,24.83,25.2,25.2,258737.0,,adjusted
2023-06-01,24.83,25.24,24.49,25.04,25.04,173127.0,,adjusted
2023-06-02,25.05,25.28,24.92,24.96,24.96,112134.0,,adjusted
2023-06-05,24.93,25.11,24.58,24.63,24.63,89007.0,,adjusted
2023-06-06,24.61,24.62,23.62,23.69,23.69,135285.0,,adjusted
2023-06-07,23.41,23.64,22.92,23.09,23.09,150525.0,,adjusted
2023-06-08,23.25,23.26,22.56,22.61,22.61,99607.0,,adjusted
2023-06-09,22.66,22.72,21.86,22.18,22.18,146857.0,,adjusted
2023-06-12,22.11,23.28,21.98,23.16,23.16,151301.0,,adjusted
2023-06-13,23.24,23.59,22.84,23.48,23.48,107103.0,,adjusted
2023-06-14,23.41,24.06,23.06,23.84,23.84,137203.0,,adjusted
2023-06-15,23.81,26.23,23.64,26.23,26.23,311636.0,,adjusted
2023-06-16,27.21,27.39,26.47,27.05,27.05,489218.0,,adjusted
2023-06-19,26.76,28.41,26.64,28.14,28.14,463926.0,,adjusted
2023-06-20,27.71,29.04,27.54,28.47,28.47,430242.0,,adjusted
2023-06-21,28.84,29.32,27.86,27.87,27.87,345147.0,,adjusted
2023-06-26,27.83,28.65,26.93,27.04,27.04,299668.0,,adjusted
2023-06-27,26.95,27.67,26.72,27.46,27.46,174739.0,,adjusted
2023-06-28,27.33,27.76,26.44,27.48,27.48,183978.0,,adjusted
2023-06-29,27.4,28.47,27.4,28.09,28.09,244928.0,,adjusted
2023-06-30,27.67,28.3,27.47,27.91,27.91,187779.0,,adjusted
2023-07-03,27.97,28.16,27.16,27.27,27.27,180472.0,,adjusted
2023-07-04,27.2,27.93,27.1,27.53,27.53,138005.0,,adjusted
2023-07-05,27.38,28.69,27.11,27.34,27.34,238575.0,,adjusted
2023-07-06,27.06,27.5,26.5,27.02,27.02,174883.0,,adjusted
2023-07-07,27.35,27.35,26.33,26.39,26.39,127442.0,,adjusted
2023-07-10,26.43,26.63,25.64,25.81,25.81,131087.0,,adjusted
2023-07-11,25.81,25.9,25.27,25.86,25.86,156473.0,,adjusted
2023-07-12,25.76,26.07,24.85,24.94,24.94,146867.0,,adjusted
2023-07-13,25.14,25.14,24.45,24.58,24.58,177188.0,,adjusted
2023-07-14,24.7,24.93,24.22,24.57,24.57,148374.0,,adjusted
2023-07-17,24.4,24.81,24.15,24.36,24.36,102279.0,,adjusted
2023-07-18,24.59,24.59,24.01,24.05,24.05,160315.0,,adjusted
2023-07-19,24.0,24.04,23.69,23.86,23.86,109293.0,,adjusted
2023-07-20,24.03,24.07,23.17,23.22,23.22,174330.0,,adjusted
2023-07-21,23.23,23.23,22.77,22.87,22.87,118584.0,,adjusted
2023-07-24,22.87,23.12,22.53,22.6,22.6,128856.0,,adjusted
2023-07-25,22.94,23.47,22.82,23.37,23.37,198610.0,,adjusted
2023-07-26,23.42,23.48,22.67,22.82,22.82,164706.0,,adjusted
2023-07-27,22.75,23.14,22.56,22.62,22.62,133704.0,,adjusted
2023-07-28,22.48,22.93,22.14,22.82,22.82,139437.0,,adjusted
2023-07-31,22.84,23.29,22.65,23.1,23.1,167771.0,,adjusted
2023-08-01,23.21,23.24,22.7,22.78,22.78,142807.0,,adjusted
2023-08-02,22.73,23.29,22.52,23.13,23.13,180544.0,,adjusted
2023-08-03,22.99,23.36,22.84,23.3,23.3,151544.0,,adjusted
2023-08-04,23.29,23.71,23.11,23.66,23.66,221367.0,,adjusted
2023-08-07,23.64,23.89,23.1,23.2,23.2,180655.0,,adjusted
2023-08-08,23.15,23.33,22.76,22.83,22.83,115222.0,,adjusted
2023-08-09,22.65,22.84,22.55,22.64,22.64,77478.0,,adjusted
2023-08-10,22.57,22.78,22.37,22.54,22.54,88905.0,,adjusted
2023-08-11,22.56,22.63,21.87,21.87,21.87,178180.0,,adjusted
2023-08-14,21.45,22.01,21.4,22.0,22.0,107431.0,,adjusted
2023-08-15,22.02,23.67,22.02,23.57,23.57,450442.0,,adjusted
2023-08-16,23.31,23.86,23.31,23.39,23.39,274765.0,,adjusted
2023-08-17,23.44,24.6,23.12,24.38,24.38,329458.0,,adjusted
2023-08-18,24.34,24.35,23.14,23.23,23.23,231117.0,,adjusted
2023-08-21,23.21,23.48,22.56,22.6,22.6,154588.0,,adjusted
2023-08-22,22.74,23.19,22.34,23.11,23.11,173030.0,,adjusted
2023-08-23,22.93,23.02,22.24,22.26,22.26,124163.0,,adjusted
2023-08-24,22.25,22.71,21.89,22.1,22.1,122512.0,,adjusted
2023-08-25,21.94,21.94,20.54,20.66,20.66,223969.0,,adjusted
2023-08-28,21.92,22.24,21.09,21.16,21.16,194134.0,,adjusted
2023-08-29,21.15,23.13,21.15,23.1,23.1,238337.0,,adjusted
2023-08-30,23.02,23.31,22.65,23.05,23.05,161890.0,,adjusted
2023-08-31,23.32,23.54,22.84,23.17,23.17,150962.0,,adjusted
2023-09-01,23.09,23.29,22.74,23.17,23.17,100548.0,,adjusted
2023-09-04,23.41,23.51,23.03,23.29,23.29,136709.0,,adjusted
2023-09-05,23.17,23.37,22.95,23.05,23.05,121008.0,,adjusted
2023-09-06,22.9,23.06,22.68,23.0,23.0,88603.0,,adjusted
2023-09-07,23.0,23.0,22.31,22.33,22.33,97095.0,,adjusted
2023-09-08,22.22,22.89,22.15,22.54,22.54,76127.0,,adjusted
2023-09-11,22.5,22.71,22.1,22.27,22.27,137082.0,,adjusted
2023-09-12,22.33,22.8,22.26,22.61,22.61,97104.0,,adjusted
2023-09-13,22.68,22.74,21.86,22.05,22.05,102011.0,,adjusted
2023-09-14,22.13,22.25,21.72,21.84,21.84,60731.0,,adjusted
2023-09-15,21.91,22.11,21.69,21.79,21.79,70701.0,,adjusted
2023-09-18,21.72,22.21,21.54,22.08,22.08,78270.0,,adjusted
2023-09-19,22.01,22.07,21.53,21.58,21.58,64671.0,,adjusted
2023-09-20,21.58,22.03,21.53,21.58,21.58,86551.0,,adjusted
2023-09-21,21.56,21.78,21.38,21.43,21.43,54186.0,,adjusted
2023-09-22,21.29,21.98,21.29,21.94,21.94,91762.0,,adjusted
2023-09-25,22.24,22.56,21.91,22.03,22.03,107352.0,,adjusted
2023-09-26,22.13,22.59,22.04,22.33,22.33,121008.0,,adjusted
2023-09-27,22.28,22.37,21.86,21.9,21.9,132715.0,,adjusted
2023-09-28,22.04,22.23,21.89,22.0,22.0,99676.0,,adjusted
2023-10-09,22.0,22.05,21.52,21.91,21.91,81867.0,,adjusted
2023-10-10,22.0,22.09,21.63,21.69,21.69,79361.0,,adjusted
2023-10-11,21.7,22.14,21.46,21.78,21.78,104871.0,,adjusted
2023-10-12,21.82,21.98,21.41,21.55,21.55,93102.0,,adjusted
2023-10-13,21.44,21.54,21.02,21.1,21.1,90696.0,,adjusted
2023-10-16,21.04,21.18,20.64,20.75,20.75,76785.0,,adjusted
2023-10-17,20.76,20.89,20.48,20.62,20.62,52972.0,,adjusted
2023-10-18,20.47,20.47,19.89,19.89,19.89,110412.0,,adjusted
2023-10-19,19.75,20.18,19.65,19.74,19.74,87111.0,,adjusted
2023-10-20,19.64,19.82,19.21,19.26,19.26,98279.0,,adjusted
2023-10-23,19.25,19.33,18.43,18.56,18.56,95490.0,,adjusted
2023-10-24,18.75,19.02,18.58,18.72,18.72,105830.0,,adjusted
2023-10-25,18.87,19.36,18.85,18.9,18.9,96043.0,,adjusted
2023-10-26,18.71,18.88,18.37,18.87,18.87,97583.0,,adjusted
2023-10-27,18.81,19.34,18.55,19.24,19.24,98481.0,,adjusted
2023-10-30,19.1,19.52,18.35,19.5,19.5,164446.0,,adjusted
2023-10-31,19.33,19.45,18.62,18.74,18.74,199024.0,,adjusted
2023-11-01,18.73,18.79,18.3,18.3,18.3,142427.0,,adjusted
2023-11-02,18.33,18.83,18.1,18.1,18.1,116104.0,,adjusted
2023-11-03,18.84,19.84,18.6,19.4,19.4,386536.0,,adjusted
2023-11-06,19.44,20.27,19.33,20.22,20.22,322792.0,,adjusted
2023-11-07,20.09,20.37,19.9,20.19,20.19,170282.0,,adjusted
2023-11-08,20.18,20.29,19.84,20.11,20.11,139713.0,,adjusted
2023-11-09,20.11,20.44,19.97,20.03,20.03,144275.0,,adjusted
2023-11-10,19.94,20.18,19.82,19.97,19.97,91591.0,,adjusted
2023-11-13,20.05,20.19,19.89,20.02,20.02,100697.0,,adjusted
2023-11-14,19.97,20.22,19.89,20.1,20.1,102677.0,,adjusted
2023-11-15,20.3,20.57,20.12,20.26,20.26,149641.0,,adjusted
2023-11-16,20.19,20.37,19.96,19.97,19.97,96972.0,,adjusted
2023-11-17,19.91,20.29,19.78,20.24,20.24,103827.0,,adjusted
2023-11-20,20.32,20.84,20.2,20.76,20.76,203643.0,,adjusted
2023-11-21,20.75,20.8,20.15,20.27,20.27,165133.0,,adjusted
2023-11-22,20.23,20.35,19.58,19.58,19.58,164027.0,,adjusted
2023-11-23,19.48,19.99,19.45,19.88,19.88,109496.0,,adjusted
2023-11-24,19.8,19.82,19.25,19.29,19.29,110372.0,,adjusted
2023-11-27,19.31,19.52,19.26,19.45,19.45,95382.0,,adjusted
2023-11-28,19.42,19.63,19.2,19.41,19.41,100201.0,,adjusted
2023-11-29,19.34,19.72,19.19,19.22,19.22,100242.0,,adjusted
2023-11-30,19.3,19.55,18.89,19.11,19.11,115667.0,,adjusted
2023-12-01,18.98,19.13,18.76,19.04,19.04,93537.0,,adjusted
2023-12-04,19.08,19.11,18.84,18.84,18.84,94489.0,,adjusted
2023-12-05,18.78,18.78,18.3,18.31,18.31,122275.0,,adjusted
2023-12-06,18.3,18.42,18.2,18.26,18.26,99396.0,,adjusted
2023-12-07,18.24,18.26,17.89,18.08,18.08,108502.0,,adjusted
2023-12-08,18.08,18.37,18.0,18.17,18.17,103540.0,,adjusted
2023-12-11,17.99,18.48,17.79,18.47,18.47,119756.0,,adjusted
2023-12-12,18.42,18.51,18.27,18.37,18.37,73007.0,,adjusted
2023-12-13,18.37,18.98,18.22,18.5,18.5,189542.0,,adjusted
2023-12-14,18.64,18.84,18.34,18.45,18.45,135164.0,,adjusted
2023-12-15,18.49,18.58,18.14,18.2,18.2,88473.0,,adjusted
2023-12-18,18.11,18.17,17.75,17.78,17.78,74476.0,,adjusted
2023-12-19,17.69,17.89,17.54,17.85,17.85,82979.0,,adjusted
2023-12-20,17.84,18.01,17.39,17.39,17.39,85133.0,,adjusted
2023-12-21,17.27,17.8,17.2,17.71,17.71,88707.0,,adjusted
2023-12-22,17.84,17.93,17.52,17.6,17.6,85099.0,,adjusted
2023-12-25,17.6,17.93,17.56,17.79,17.79,67547.0,,adjusted
2023-12-26,17.78,17.78,17.15,17.21,17.21,87536.0,,adjusted
2023-12-27,18.06,18.29,17.41,17.61,17.61,167502.0,,adjusted
2023-12-28,17.53,18.29,17.37,18.21,18.21,206821.0,,adjusted
2023-12-29,18.18,18.62,18.12,18.53,18.53,125727.0,,adjusted
2024-01-02,18.53,18.59,18.14,18.16,18.16,101342.0,,adjusted
2024-01-03,18.04,18.14,17.62,17.78,17.78,112658.0,,adjusted
2024-01-04,17.73,17.75,17.17,17.33,17.33,122199.0,,adjusted
2024-01-05,17.43,17.48,16.81,16.93,16.93,115233.0,,adjusted
2024-01-08,16.84,16.84,16.23,16.24,16.24,128009.0,,adjusted
2024-01-09,16.26,16.95,16.26,16.63,16.63,148839.0,,adjusted
2024-01-10,16.54,16.87,16.25,16.5,16.5,90470.0,,adjusted
2024-01-11,16.49,17.03,16.44,16.88,16.88,98406.0,,adjusted
2024-01-12,16.77,16.94,16.54,16.56,16.56,84593.0,,adjusted
2024-01-15,16.4,16.64,16.12,16.37,16.37,84381.0,,adjusted
2024-01-16,16.39,16.47,16.01,16.22,16.22,88158.0,,adjusted
2024-01-17,16.21,16.3,15.44,15.45,15.45,135116.0,,adjusted
2024-01-18,15.39,15.6,15.01,15.51,15.51,167833.0,,adjusted
2024-01-19,15.51,15.61,15.14,15.16,15.16,112906.0,,adjusted
2024-01-22,15.1,15.25,14.15,14.32,14.32,170510.0,,adjusted
2024-01-23,14.34,14.76,14.14,14.46,14.46,143855.0,,adjusted
2024-01-24,14.54,14.72,13.94,14.64,14.64,149685.0,,adjusted
2024-01-25,14.6,15.04,14.45,14.99,14.99,165459.0,,adjusted
2024-01-26,14.93,15.01,14.62,14.66,14.66,121167.0,,adjusted
2024-01-29,14.73,14.82,14.09,14.12,14.12,130001.0,,adjusted
2024-01-30,14.08,14.44,13.69,13.69,13.69,125985.0,,adjusted
2024-01-31,13.58,13.73,12.93,13.01,13.01,197378.0,,adjusted
2024-02-01,12.97,13.34,12.74,12.99,12.99,154253.0,,adjusted
2024-02-02,13.13,13.29,12.02,12.57,12.57,181955.0,,adjusted
2024-02-05,12.37,12.58,11.31,11.52,11.52,312083.0,,adjusted
2024-02-06,11.42,12.68,11.26,12.6,12.6,294279.0,,adjusted
2024-02-07,12.68,13.87,12.68,13.87,13.87,432897.0,,adjusted
2024-02-08,14.1,14.6,13.72,14.44,14.44,365206.0,,adjusted
2024-02-19,14.62,14.69,14.07,14.48,14.48,286856.0,,adjusted
2024-02-20,14.29,14.56,14.1,14.52,14.52,168037.0,,adjusted
2024-02-21,14.35,15.13,14.24,14.58,14.58,264901.0,,adjusted
2024-02-22,14.58,15.14,14.52,15.14,15.14,221597.0,,adjusted
2024-02-23,15.21,15.71,14.99,15.65,15.65,248092.0,,adjusted
2024-02-26,16.66,17.22,16.17,17.22,17.22,626574.0,,adjusted
2024-02-27,16.94,17.73,16.62,17.72,17.72,588425.0,,adjusted
2024-02-28,17.72,17.72,16.17,16.25,16.25,527779.0,,adjusted
2024-02-29,16.19,17.38,16.07,17.36,17.36,407460.0,,adjusted
2024-03-01,17.36,18.3,17.28,18.24,18.24,509178.0,,adjusted
2024-03-04,18.42,19.24,17.7,18.97,18.97,564220.0,,adjusted
2024-03-05,18.64,18.91,18.15,18.2,18.2,396367.0,,adjusted
2024-03-06,18.04,18.84,18.04,18.61,18.61,379772.0,,adjusted
2024-03-07,19.2,19.72,18.33,18.34,18.34,511416.0,,adjusted
2024-03-08,18.2,19.04,18.05,18.95,18.95,345608.0,,adjusted
2024-03-11,18.59,18.93,18.45,18.93,18.93,252266.0,,adjusted
2024-03-12,18.84,19.44,18.69,19.32,19.32,358378.0,,adjusted
2024-03-13,19.34,19.38,18.94,19.06,19.06,268138.0,,adjusted
2024-03-14,19.13,19.52,18.5,18.75,18.75,334760.0,,adjusted
2024-03-15,18.56,19.32,18.5,19.29,19.29,333653.0,,adjusted
2024-03-18,19.44,20.12,19.05,19.99,19.99,478774.0,,adjusted
2024-03-19,19.74,20.32,19.55,19.68,19.68,374032.0,,adjusted
2024-03-20,19.76,20.0,19.44,19.76,19.76,274410.0,,adjusted
2024-03-21,19.74,19.81,19.18,19.32,19.32,273397.0,,adjusted
2024-03-22,19.15,19.24,18.69,18.83,18.83,270667.0,,adjusted
2024-03-25,18.72,18.99,17.92,18.01,18.01,292046.0,,adjusted
2024-03-26,17.92,18.09,17.42,17.88,17.88,245799.0,,adjusted
2024-03-27,17.91,17.94,17.07,17.1,17.1,182730.0,,adjusted
2024-03-28,17.09,18.82,17.09,18.64,18.64,420486.0,,adjusted
2024-03-29,18.55,19.16,18.3,19.07,19.07,408069.0,,adjusted
2024-04-01,19.19,19.39,18.89,19.34,19.34,298061.0,,adjusted
2024-04-02,19.3,19.31,18.67,18.89,18.89,234226.0,,adjusted
2024-04-03,18.67,18.83,18.06,18.09,18.09,253493.0,,adjusted
2024-04-08,17.91,18.23,17.58,17.6,17.6,157161.0,,adjusted
2024-04-09,17.6,18.12,17.6,17.84,17.84,146252.0,,adjusted
2024-04-10,18.1,18.24,17.41,17.59,17.59,179247.0,,adjusted
2024-04-11,17.59,17.98,17.37,17.56,17.56,151076.0,,adjusted
2024-04-12,17.54,17.64,17.12,17.15,17.15,140053.0,,adjusted
2024-04-15,17.16,17.37,16.62,16.91,16.91,166621.0,,adjusted
2024-04-16,16.68,16.92,15.82,15.86,15.86,207154.0,,adjusted
2024-04-17,16.12,17.21,16.11,17.16,17.16,214080.0,,adjusted
2024-04-18,17.04,17.49,16.69,17.02,17.02,209529.0,,adjusted
2024-04-19,16.84,16.93,16.57,16.68,16.68,143582.0,,adjusted
2024-04-22,16.53,16.78,16.24,16.34,16.34,131056.0,,adjusted
2024-04-23,16.48,17.04,16.35,16.73,16.73,186756.0,,adjusted
2024-04-24,16.74,17.01,16.63,16.92,16.92,174437.0,,adjusted
2024-04-25,16.89,16.94,16.58,16.66,16.66,149146.0,,adjusted
2024-04-26,16.67,17.23,16.67,17.19,17.19,214292.0,,adjusted
2024-04-29,17.93,18.06,17.55,17.88,17.88,263920.0,,adjusted
2024-04-30,16.84,16.84,16.09,16.09,16.09,557045.0,,adjusted
2024-05-06,16.16,16.98,16.16,16.58,16.58,346365.0,,adjusted
2024-05-07,16.49,16.67,16.33,16.53,16.53,164393.0,,adjusted
2024-05-08,16.35,16.42,15.84,15.88,15.88,201840.0,,adjusted
2024-05-09,15.93,16.38,15.89,16.25,16.25,159676.0,,adjusted
2024-05-10,16.3,16.39,15.85,15.92,15.92,151498.0,,adjusted
2024-05-13,15.74,15.76,15.3,15.36,15.36,166093.0,,adjusted
2024-05-14,15.39,15.84,15.39,15.49,15.49,113414.0,,adjusted
2024-05-15,15.44,15.59,15.28,15.37,15.37,85410.0,,adjusted
2024-05-16,15.39,15.53,15.23,15.26,15.26,119365.0,,adjusted
2024-05-17,15.26,15.48,15.1,15.47,15.47,109960.0,,adjusted
2024-05-20,15.48,15.81,15.4,15.68,15.68,129585.0,,adjusted
2024-05-21,15.54,15.58,15.32,15.39,15.39,90861.0,,adjusted
2024-05-22,15.35,15.53,15.29,15.5,15.5,77047.0,,adjusted
2024-05-23,15.46,15.47,15.0,15.04,15.04,117052.0,,adjusted
2024-05-24,15.04,15.11,14.64,14.64,14.64,121848.0,,adjusted
2024-05-27,14.65,14.96,14.35,14.94,14.94,106774.0,,adjusted
2024-05-28,14.84,15.02,14.71,14.76,14.76,82435.0,,adjusted
2024-05-29,14.74,14.92,14.64,14.75,14.75,65710.0,,adjusted
2024-05-30,14.64,15.01,14.55,14.88,14.88,81871.0,,adjusted
2024-05-31,14.84,15.26,14.84,15.08,15.08,120039.0,,adjusted
2024-06-03,15.18,15.29,14.88,15.04,15.04,135287.0,,adjusted
2024-06-04,15.04,15.06,14.7,15.0,15.0,84901.0,,adjusted
2024-06-05,14.94,15.19,14.86,14.88,14.88,74607.0,,adjusted
2024-06-06,14.88,15.05,14.35,14.46,14.46,128225.0,,adjusted
2024-06-07,14.57,14.74,14.35,14.59,14.59,83825.0,,adjusted
2024-06-11,14.43,14.7,14.14,14.67,14.67,100449.0,,adjusted
2024-06-12,14.65,15.58,14.56,15.34,15.34,260196.0,,adjusted
2024-06-13,15.29,15.86,15.22,15.83,15.83,278063.0,,adjusted
2024-06-14,15.84,15.89,15.38,15.56,15.56,165238.0,,adjusted
2024-06-17,15.4,15.62,15.34,15.53,15.53,96527.0,,adjusted
2024-06-18,15.6,15.73,15.47,15.65,15.65,116957.0,,adjusted
2024-06-19,15.58,15.63,15.3,15.31,15.31,114142.0,,adjusted
2024-06-20,15.2,15.37,14.77,14.82,14.82,114073.0,,adjusted
2024-06-21,14.72,14.9,14.6,14.71,14.71,77229.0,,adjusted
2024-06-24,14.52,14.81,14.25,14.25,14.25,100123.0,,adjusted
2024-06-25,14.29,14.9,14.29,14.41,14.41,139726.0,,adjusted
2024-06-26,14.34,14.77,14.08,14.76,14.76,117619.0,,adjusted
2024-06-27,14.7,14.72,14.15,14.18,14.18,128463.0,,adjusted
2024-06-28,14.08,14.55,14.03,14.22,14.22,110366.0,,adjusted
2024-07-01,14.27,14.33,13.75,14.26,14.26,116686.0,,adjusted
2024-07-02,14.21,14.35,14.06,14.11,14.11,99979.0,,adjusted
2024-07-03,14.14,14.21,13.85,13.94,13.94,74284.0,,adjusted
2024-07-04,14.11,14.24,13.65,13.7,13.7,114227.0,,adjusted
2024-07-05,13.6,13.66,13.3,13.51,13.51,116626.0,,adjusted
2024-07-08,13.47,13.48,12.99,13.05,13.05,97639.0,,adjusted
2024-07-09,13.05,13.66,12.9,13.63,13.63,145432.0,,adjusted
2024-07-10,13.56,13.94,13.51,13.69,13.69,113190.0,,adjusted
2024-07-11,13.63,13.71,12.81,13.1,13.1,408174.0,,adjusted
2024-07-12,12.98,12.99,12.51,12.62,12.62,254685.0,,adjusted
2024-07-15,12.51,12.6,12.34,12.44,12.44,122724.0,,adjusted
2024-07-16,12.39,12.64,12.33,12.56,12.56,115519.0,,adjusted
2024-07-17,12.52,12.65,12.35,12.42,12.42,100639.0,,adjusted
2024-07-18,12.27,12.47,12.1,12.37,12.37,125153.0,,adjusted
2024-07-19,12.29,12.65,12.27,12.52,12.52,124463.0,,adjusted
2024-07-22,12.54,12.67,12.45,12.59,12.59,107859.0,,adjusted
2024-07-23,12.65,12.69,12.15,12.17,12.17,110585.0,,adjusted
2024-07-24,12.03,12.23,11.94,11.96,11.96,97987.0,,adjusted
2024-07-25,11.92,12.25,11.88,12.04,12.04,88191.0,,adjusted
2024-07-26,12.08,12.42,12.08,12.34,12.34,132256.0,,adjusted
2024-07-29,12.35,12.38,12.13,12.17,12.17,81264.0,,adjusted
2024-07-30,12.1,12.47,11.96,12.29,12.29,104930.0,,adjusted
2024-07-31,12.29,13.28,12.28,13.27,13.27,297974.0,,adjusted
2024-08-01,13.42,13.67,13.22,13.52,13.52,300605.0,,adjusted
2024-08-02,13.35,13.58,13.14,13.18,13.18,164963.0,,adjusted
2024-08-05,13.06,13.4,12.83,12.83,12.83,160428.0,,adjusted
2024-08-06,13.09,13.25,12.77,13.0,13.0,117442.0,,adjusted
2024-08-07,13.09,13.3,12.94,12.96,12.96,119994.0,,adjusted
2024-08-08,12.89,12.98,12.58,12.87,12.87,104193.0,,adjusted
2024-08-09,12.98,13.09,12.77,12.77,12.77,84291.0,,adjusted
2024-08-12,12.77,12.81,12.52,12.62,12.62,67251.0,,adjusted
2024-08-13,12.57,12.71,12.44,12.68,12.68,70615.0,,adjusted
2024-08-14,12.68,12.73,12.45,12.54,12.54,60109.0,,adjusted
2024-08-15,12.48,13.07,12.47,12.93,12.93,162006.0,,adjusted
2024-08-16,12.86,13.05,12.81,12.82,12.82,92793.0,,adjusted
2024-08-19,12.76,13.04,12.76,12.84,12.84,90483.0,,adjusted
2024-08-20,12.81,12.83,12.4,12.46,12.46,98723.0,,adjusted
2024-08-21,12.49,13.1,12.46,12.5,12.5,152572.0,,adjusted
2024-08-22,12.44,12.55,12.05,12.08,12.08,127639.0,,adjusted
2024-08-23,12.06,12.15,11.94,12.09,12.09,80608.0,,adjusted
2024-08-26,12.27,12.43,12.07,12.12,12.12,82327.0,,adjusted
2024-08-27,12.01,12.04,11.63,11.66,11.66,118729.0,,adjusted
2024-08-28,11.62,11.95,11.55,11.79,11.79,82272.0,,adjusted
2024-08-29,11.72,12.41,11.68,12.24,12.24,137422.0,,adjusted
2024-08-30,12.1,12.41,11.86,12.14,12.14,221204.0,,adjusted
2024-09-02,12.11,12.16,11.75,11.75,11.75,113202.0,,adjusted
2024-09-03,11.81,12.18,11.76,12.03,12.03,95840.0,,adjusted
2024-09-04,11.91,12.21,11.89,12.07,12.07,77074.0,,adjusted
2024-09-05,12.1,12.34,12.07,12.21,12.21,79722.0,,adjusted
2024-09-06,12.2,12.28,11.91,11.93,11.93,60410.0,,adjusted
2024-09-09,11.92,12.04,11.78,11.9,11.9,61453.0,,adjusted
2024-09-10,11.95,12.08,11.71,12.01,12.01,69006.0,,adjusted
2024-09-11,11.96,12.12,11.87,12.05,12.05,63811.0,,adjusted
2024-09-12,12.08,12.25,11.92,11.93,11.93,63133.0,,adjusted
2024-09-13,11.98,11.98,11.68,11.7,11.7,63951.0,,adjusted
2024-09-18,11.7,11.76,11.42,11.6,11.6,59077.0,,adjusted
2024-09-19,11.7,12.23,11.62,12.06,12.06,118998.0,,adjusted
2024-09-20,12.06,12.08,11.87,12.01,12.01,72042.0,,adjusted
2024-09-23,12.03,12.08,11.87,11.89,11.89,51748.0,,adjusted
2024-09-24,11.98,12.52,11.92,12.5,12.5,177064.0,,adjusted
2024-09-25,12.61,12.96,12.54,12.54,12.54,174878.0,,adjusted
2024-09-26,12.51,13.2,12.51,13.2,13.2,202839.0,,adjusted
2024-09-27,13.4,14.18,13.35,14.08,14.08,270576.0,,adjusted
2024-09-30,14.93,15.49,14.56,15.49,15.49,436110.0,,adjusted
2024-10-08,17.04,17.04,15.58,16.87,16.87,491624.0,,adjusted
2024-10-09,16.31,16.31,15.18,15.18,15.18,423397.0,,adjusted
2024-10-10,15.26,15.58,14.75,14.76,14.76,266481.0,,adjusted
2024-10-11,14.93,14.93,13.69,13.87,13.87,238867.0,,adjusted
2024-10-14,13.95,14.41,13.59,14.39,14.39,211635.0,,adjusted
2024-10-15,14.32,14.6,14.01,14.02,14.02,183935.0,,adjusted
2024-10-16,13.78,14.22,13.72,13.97,13.97,132709.0,,adjusted
2024-10-17,13.99,14.3,13.9,13.91,13.91,136077.0,,adjusted
2024-10-18,13.85,14.94,13.85,14.6,14.6,258612.0,,adjusted
2024-10-21,14.8,15.13,14.72,14.81,14.81,253430.0,,adjusted
2024-10-22,14.9,15.36,14.65,15.24,15.24,290544.0,,adjusted
2024-10-23,15.24,15.32,15.0,15.05,15.05,202828.0,,adjusted
2024-10-24,14.92,15.2,14.9,14.98,14.98,161734.0,,adjusted
2024-10-25,15.05,15.33,14.92,15.18,15.18,166721.0,,adjusted
2024-10-28,15.11,15.17,14.96,15.11,15.11,155122.0,,adjusted
2024-10-29,15.25,15.41,14.85,14.88,14.88,220857.0,,adjusted
2024-10-30,14.73,15.2,14.71,14.94,14.94,173151.0,,adjusted
2024-10-31,14.86,15.17,14.65,15.16,15.16,244717.0,,adjusted
2024-11-01,15.26,15.26,14.57,14.66,14.66,214585.0,,adjusted
2024-11-04,14.86,16.13,14.85,16.13,16.13,296903.0,,adjusted
2024-11-05,17.03,17.5,16.5,17.24,17.24,1117602.0,,adjusted
2024-11-06,17.32,18.0,16.95,17.35,17.35,999254.0,,adjusted
2024-11-07,17.0,17.34,16.7,17.0,17.0,538803.0,,adjusted
2024-11-08,17.33,18.29,17.2,17.48,17.48,657612.0,,adjusted
2024-11-11,17.55,18.52,17.52,18.14,18.14,599023.0,,adjusted
2024-11-12,18.3,18.59,17.7,17.89,17.89,481276.0,,adjusted
2024-11-13,17.8,17.86,17.02,17.75,17.75,376186.0,,adjusted
2024-11-14,17.75,17.91,17.02,17.06,17.06,263418.0,,adjusted
2024-11-15,17.1,17.6,16.92,17.22,17.22,406179.0,,adjusted
2024-11-18,17.09,17.34,16.16,16.28,16.28,344627.0,,adjusted
2024-11-19,16.28,17.5,16.28,17.45,17.45,456152.0,,adjusted
2024-11-20,17.45,18.47,17.35,18.18,18.18,762608.0,,adjusted
2024-11-21,17.99,18.28,17.58,17.84,17.84,419601.0,,adjusted
2024-11-22,17.84,18.11,17.23,17.3,17.3,400205.0,,adjusted
2024-11-25,17.18,17.53,16.79,17.3,17.3,305223.0,,adjusted
2024-11-26,17.17,17.25,16.65,16.69,16.69,295993.0,,adjusted
2024-11-27,16.51,17.0,16.15,16.99,16.99,278306.0,,adjusted
2024-11-28,16.99,16.99,16.53,16.57,16.57,199690.0,,adjusted
2024-11-29,16.48,18.23,16.45,18.23,18.23,525176.0,,adjusted
2024-12-02,18.66,19.9,18.6,19.3,19.3,1042211.0,,adjusted
2024-12-03,19.29,19.54,18.91,19.02,19.02,681961.0,,adjusted
2024-12-04,18.8,20.66,18.73,19.82,19.82,948776.0,,adjusted
2024-12-05,19.63,20.6,19.52,19.78,19.78,821755.0,,adjusted
2024-12-06,19.72,21.3,19.01,20.29,20.29,952432.0,,adjusted
2024-12-09,20.26,21.0,19.95,20.38,20.38,830616.0,,adjusted
2024-12-10,21.03,22.38,20.47,21.38,21.38,1009206.0,,adjusted
2024-12-11,21.1,21.1,20.0,20.6,20.6,735061.0,,adjusted
2024-12-12,20.3,20.73,19.9,20.17,20.17,522160.0,,adjusted
2024-12-13,19.9,20.29,19.62,19.62,19.62,443742.0,,adjusted
2024-12-16,19.5,19.89,19.16,19.31,19.31,326244.0,,adjusted
2024-12-17,19.19,19.4,18.62,18.67,18.67,333317.0,,adjusted
2024-12-18,18.82,19.0,18.53,18.79,18.79,283571.0,,adjusted
2024-12-19,18.57,19.39,18.5,19.31,19.31,432835.0,,adjusted
2024-12-20,19.18,19.79,19.04,19.37,19.37,413244.0,,adjusted
2024-12-23,19.26,19.37,18.45,18.57,18.57,322642.0,,adjusted
2024-12-24,18.8,19.19,18.55,18.95,18.95,262815.0,,adjusted
2024-12-25,19.02,19.9,18.71,19.9,19.9,545539.0,,adjusted
2024-12-26,19.99,20.35,19.51,20.21,20.21,522057.0,,adjusted
2024-12-27,20.0,20.09,19.31,19.34,19.34,411116.0,,adjusted
2024-12-30,19.24,19.7,18.88,19.12,19.12,261025.0,,adjusted
2024-12-31,19.16,19.36,18.5,18.5,18.5,272583.0,,adjusted
2025-01-02,18.28,19.0,17.8,18.11,18.11,359770.0,,adjusted
2025-01-03,18.0,18.14,16.68,16.75,16.75,385753.0,,adjusted
2025-01-06,16.76,17.08,16.42,16.62,16.62,206904.0,,adjusted
2025-01-07,16.69,17.05,16.6,17.03,17.03,193945.0,,adjusted
2025-01-08,17.03,17.72,16.29,17.43,17.43,375677.0,,adjusted
2025-01-09,17.16,17.85,17.16,17.66,17.66,337066.0,,adjusted
2025-01-10,17.58,18.41,17.46,17.6,17.6,412408.0,,adjusted
2025-01-13,17.27,19.36,17.15,18.78,18.78,766379.0,,adjusted
2025-01-14,18.52,19.79,18.52,19.79,19.79,742346.0,,adjusted
2025-01-15,19.61,19.83,19.33,19.47,19.47,488363.0,,adjusted
2025-01-16,19.7,20.04,19.28,19.47,19.47,389300.0,,adjusted
2025-01-17,19.32,20.15,19.25,19.58,19.58,451424.0,,adjusted
2025-01-20,19.93,20.15,19.38,19.4,19.4,354889.0,,adjusted
2025-01-21,19.68,20.08,19.5,19.93,19.93,477678.0,,adjusted
2025-01-22,19.67,19.87,19.41,19.53,19.53,303869.0,,adjusted
2025-01-23,19.8,20.38,19.5,19.73,19.73,517655.0,,adjusted
2025-01-24,19.52,20.41,19.4,20.17,20.17,477074.0,,adjusted
2025-01-27,19.09,19.33,18.15,18.15,18.15,621395.0,,adjusted
2025-02-05,18.5,19.35,18.4,19.1,19.1,618590.0,,adjusted
2025-02-06,19.01,20.44,18.91,20.29,20.29,617721.0,,adjusted
2025-02-07,20.29,20.79,20.09,20.57,20.57,735548.0,,adjusted
2025-02-10,20.73,21.04,20.28,20.45,20.45,489769.0,,adjusted
2025-02-11,20.47,20.72,20.18,20.52,20.52,489064.0,,adjusted
2025-02-12,20.32,21.04,20.09,20.83,20.83,617862.0,,adjusted
2025-02-13,20.88,20.93,19.92,19.94,19.94,522755.0,,adjusted
2025-02-14,19.88,21.21,19.72,20.15,20.15,529436.0,,adjusted
2025-02-17,20.16,21.2,20.15,21.2,21.2,796445.0,,adjusted
2025-02-18,21.25,21.44,20.69,20.93,20.93,721558.0,,adjusted
2025-02-19,20.97,22.57,20.93,22.3,22.3,1048578.0,,adjusted
2025-02-20,22.31,24.48,22.12,23.4,23.4,1178873.0,,adjusted
2025-02-21,23.41,24.3,23.03,23.54,23.54,966520.0,,adjusted
2025-02-24,23.64,25.32,23.16,24.98,24.98,1041107.0,,adjusted
2025-02-25,23.8,25.02,23.61,24.44,24.44,766419.0,,adjusted
2025-02-26,24.32,26.79,24.03,25.6,25.6,1047879.0,,adjusted
2025-02-27,25.61,28.0,24.97,27.48,27.48,1183193.0,,adjusted
2025-02-28,27.0,27.0,24.73,24.73,24.73,956251.0,,adjusted
2025-03-03,23.68,24.45,22.78,23.02,23.02,850750.0,,adjusted
2025-03-04,22.71,23.86,22.71,23.62,23.62,556407.0,,adjusted
2025-03-05,23.66,24.7,23.56,24.47,24.47,600626.0,,adjusted
2025-03-06,24.67,25.51,24.39,25.05,25.05,642566.0,,adjusted
2025-03-07,24.73,25.48,24.5,24.81,24.81,527618.0,,adjusted
2025-03-10,24.98,25.55,24.59,25.13,25.13,552241.0,,adjusted
2025-03-11,24.58,25.12,24.0,24.56,24.56,529256.0,,adjusted
2025-03-12,24.65,24.89,24.0,24.19,24.19,413222.0,,adjusted
2025-03-13,24.11,24.11,22.54,22.84,22.84,583047.0,,adjusted
2025-03-14,22.77,23.89,22.53,23.56,23.56,455972.0,,adjusted
2025-03-17,23.5,23.85,23.11,23.62,23.62,344641.0,,adjusted
2025-03-18,23.8,24.06,23.52,23.92,23.92,380245.0,,adjusted
2025-03-19,23.8,24.17,23.4,23.86,23.86,327738.0,,adjusted
2025-03-20,23.7,25.25,23.3,24.46,24.46,664838.0,,adjusted
2025-03-21,24.25,24.33,23.11,23.16,23.16,472340.0,,adjusted
2025-03-24,23.11,23.24,21.82,22.5,22.5,424767.0,,adjusted
2025-03-25,22.41,22.87,21.9,22.05,22.05,252406.0,,adjusted
2025-03-26,21.88,22.79,21.88,22.24,22.24,232435.0,,adjusted
2025-03-27,22.11,22.71,21.78,22.25,22.25,248617.0,,adjusted
2025-03-28,22.28,22.72,22.05,22.25,22.25,190158.0,,adjusted
2025-03-31,21.9,22.03,20.9,21.4,21.4,333684.0,,adjusted
2025-04-01,21.5,21.6,21.0,21.01,21.01,187647.0,,adjusted
2025-04-02,20.9,21.46,20.9,21.32,21.32,162571.0,,adjusted
2025-04-03,21.0,21.54,20.84,20.89,20.89,172677.0,,adjusted
2025-04-07,19.17,19.54,18.8,18.8,18.8,171718.0,,adjusted
2025-04-08,18.22,18.55,16.92,17.32,17.32,554996.0,,adjusted
2025-04-09,16.8,18.17,15.8,17.99,17.99,467464.0,,adjusted
2025-04-10,18.45,18.9,18.27,18.33,18.33,352540.0,,adjusted
2025-04-11,18.01,18.99,18.0,18.66,18.66,293652.0,,adjusted
2025-04-14,19.05,19.26,18.81,18.91,18.91,219490.0,,adjusted
2025-04-15,18.85,19.1,18.58,18.82,18.82,167012.0,,adjusted
2025-04-16,18.67,18.84,18.18,18.48,18.48,156357.0,,adjusted
2025-04-17,18.3,18.66,18.2,18.31,18.31,129599.0,,adjusted
2025-04-18,18.3,18.44,18.06,18.34,18.34,106274.0,,adjusted
2025-04-21,18.28,18.95,18.06,18.92,18.92,186231.0,,adjusted
2025-04-22,18.92,18.92,18.52,18.58,18.58,126214.0,,adjusted
2025-04-23,18.73,19.53,18.73,19.25,19.25,307530.0,,adjusted
2025-04-24,19.4,19.4,18.75,18.86,18.86,207840.0,,adjusted
2025-04-25,18.93,19.08,18.73,18.85,18.85,144415.0,,adjusted
2025-04-28,18.84,18.95,18.48,18.49,18.49,125068.0,,adjusted
2025-04-29,18.73,19.35,18.68,19.17,19.17,258938.0,,adjusted
2025-04-30,19.39,20.13,19.21,20.0,20.0,306792.0,,adjusted
2025-05-06,20.52,20.93,20.25,20.92,20.92,362229.0,,adjusted
2025-05-07,21.21,21.29,20.53,20.85,20.85,349261.0,,adjusted
2025-05-08,20.85,21.13,20.73,20.94,20.94,233052.0,,adjusted
2025-05-09,20.94,20.95,20.21,20.71,20.71,244084.0,,adjusted
2025-05-12,21.03,21.63,20.96,21.6,21.6,386897.0,,adjusted
2025-05-13,22.0,22.05,21.14,21.17,21.17,316902.0,,adjusted
2025-05-14,21.15,21.31,20.87,21.11,21.11,233625.0,,adjusted
2025-05-15,21.11,21.11,20.52,20.75,20.75,177758.0,,adjusted
2025-05-16,20.67,21.04,20.5,20.61,20.61,212296.0,,adjusted
2025-05-19,20.6,20.7,20.1,20.69,20.69,203763.0,,adjusted
2025-05-20,20.69,20.78,20.27,20.49,20.49,178488.0,,adjusted
2025-05-21,20.36,20.49,20.14,20.31,20.31,137350.0,,adjusted
2025-05-22,20.25,20.49,20.0,20.06,20.06,144182.0,,adjusted
2025-05-23,19.97,20.38,19.79,19.86,19.86,171392.0,,adjusted
2025-05-26,19.86,19.99,19.7,19.9,19.9,129341.0,,adjusted
2025-05-27,19.83,19.87,19.37,19.45,19.45,129274.0,,adjusted
2025-05-28,19.44,19.66,19.24,19.27,19.27,109367.0,,adjusted
2025-05-29,19.29,19.7,19.29,19.63,19.63,141309.0,,adjusted
2025-05-30,19.6,19.6,19.05,19.22,19.22,131833.0,,adjusted
2025-06-03,19.02,19.33,18.98,19.21,19.21,92207.0,,adjusted
2025-06-04,19.21,19.46,19.21,19.38,19.38,105111.0,,adjusted
2025-06-05,19.7,19.78,19.38,19.73,19.73,176584.0,,adjusted
2025-06-06,19.73,19.75,19.34,19.44,19.44,117772.0,,adjusted
2025-06-09,19.79,20.36,19.71,20.04,20.04,243130.0,,adjusted
2025-06-10,20.3,20.83,19.74,20.64,20.64,393886.0,,adjusted
2025-06-11,20.5,20.53,20.25,20.31,20.31,241226.0,,adjusted
2025-06-12,20.09,20.59,19.91,20.18,20.18,214526.0,,adjusted
2025-06-13,20.11,20.11,19.44,19.46,19.46,201811.0,,adjusted
2025-06-16,19.25,19.54,19.24,19.47,19.47,111556.0,,adjusted
2025-06-17,19.5,19.79,19.35,19.46,19.46,114657.0,,adjusted
2025-06-18,19.38,19.49,19.23,19.45,19.45,92577.0,,adjusted
2025-06-19,19.37,19.73,19.21,19.29,19.29,163089.0,,adjusted
2025-06-20,19.26,19.39,18.76,18.82,18.82,167027.0,,adjusted
2025-06-23,18.55,19.04,18.35,19.01,19.01,111201.0,,adjusted
2025-06-24,19.05,19.99,19.05,19.99,19.99,282805.0,,adjusted
2025-06-25,20.06,20.35,19.94,20.35,20.35,271020.0,,adjusted
2025-06-26,20.32,20.48,20.03,20.05,20.05,216268.0,,adjusted
2025-06-27,20.08,20.25,19.95,20.06,20.06,143370.0,,adjusted
2025-06-30,20.16,20.33,20.08,20.24,20.24,148296.0,,adjusted
2025-07-01,20.24,20.25,20.0,20.16,20.16,131510.0,,adjusted
2025-07-02,20.15,20.22,19.74,19.89,19.89,137709.0,,adjusted
2025-07-03,19.8,20.05,19.71,19.92,19.92,98638.0,,adjusted
2025-07-04,19.89,19.9,19.5,19.67,19.67,116484.0,,adjusted
2025-07-07,19.61,19.67,19.33,19.37,19.37,95763.0,,adjusted
2025-07-08,19.37,19.9,19.35,19.86,19.86,137818.0,,adjusted
2025-07-09,19.97,20.22,19.73,19.77,19.77,147412.0,,adjusted
2025-07-10,19.65,19.83,19.6,19.7,19.7,96992.0,,adjusted
2025-07-11,19.7,20.29,19.65,20.18,20.18,213771.0,,adjusted
2025-07-14,20.28,20.55,20.15,20.39,20.39,242528.0,,adjusted
2025-07-15,20.45,20.69,20.3,20.58,20.58,257934.0,,adjusted
2025-07-16,20.59,20.8,20.37,20.56,20.56,236230.0,,adjusted
2025-07-17,20.5,21.13,20.4,21.03,21.03,295008.0,,adjusted
2025-07-18,21.12,21.2,20.88,21.14,21.14,237594.0,,adjusted
2025-07-21,21.5,21.79,21.16,21.37,21.37,347392.0,,adjusted
2025-07-22,21.22,21.36,21.0,21.14,21.14,279232.0,,adjusted
2025-07-23,21.12,21.17,20.84,20.91,20.91,189800.0,,adjusted
2025-07-24,21.1,21.67,21.1,21.44,21.44,242985.0,,adjusted
2025-07-25,21.55,21.93,21.4,21.72,21.72,287553.0,,adjusted
2025-07-28,21.97,22.05,21.43,21.52,21.52,268569.0,,adjusted
2025-07-29,21.56,21.56,21.2,21.48,21.48,170772.0,,adjusted
2025-07-30,21.47,21.47,21.0,21.13,21.13,178491.0,,adjusted
2025-07-31,21.15,21.48,20.9,21.0,21.0,191640.0,,adjusted
2025-08-01,21.02,21.29,20.79,21.03,21.03,155420.0,,adjusted
2025-08-04,21.02,21.78,21.02,21.72,21.72,349227.0,,adjusted
2025-08-05,21.83,23.5,21.83,23.24,23.24,748064.0,,adjusted
2025-08-06,23.55,24.38,22.91,24.21,24.21,830463.0,,adjusted
2025-08-07,24.24,24.29,23.38,23.65,23.65,576666.0,,adjusted
2025-08-08,23.54,23.85,23.25,23.32,23.32,379597.0,,adjusted
2025-08-11,23.5,23.88,23.35,23.61,23.61,372484.0,,adjusted
2025-08-12,23.61,23.65,23.01,23.14,23.14,363263.0,,adjusted
2025-08-13,23.06,23.29,22.97,23.17,23.17,302593.0,,adjusted
2025-08-14,23.2,24.24,22.56,23.82,23.82,739691.0,,adjusted
2025-08-15,23.55,24.24,23.5,24.15,24.15,581792.0,,adjusted
2025-08-18,24.25,24.54,23.77,24.4,24.4,668439.0,,adjusted
2025-08-19,24.36,25.1,23.9,24.54,24.54,586114.0,,adjusted
2025-08-20,24.54,24.54,23.9,24.34,24.34,369213.0,,adjusted
2025-08-21,24.35,24.43,23.77,23.88,23.88,307567.0,,adjusted
2025-08-22,23.88,24.18,23.8,24.15,24.15,297697.0,,adjusted
2025-08-25,24.03,24.98,24.03,24.77,24.77,489768.0,,adjusted
2025-08-26,24.61,24.64,24.33,24.36,24.36,266436.0,,adjusted
2025-08-27,24.46,25.1,24.02,24.03,24.03,589111.0,,adjusted
2025-08-28,23.95,24.24,23.29,24.24,24.24,435700.0,,adjusted
2025-08-29,24.34,24.38,23.68,23.92,23.92,335777.0,,adjusted
2025-09-01,23.95,24.29,23.43,23.63,23.63,308455.0,,adjusted
2025-09-02,23.7,24.98,22.75,24.43,24.43,720745.0,,adjusted
2025-09-03,24.46,24.68,23.5,23.76,23.76,396408.0,,adjusted
2025-09-04,23.7,24.25,22.1,22.51,22.51,420519.0,,adjusted
2025-09-05,22.52,23.58,22.5,23.55,23.55,341321.0,,adjusted
2025-09-08,23.56,25.18,23.56,24.88,24.88,580892.0,,adjusted
2025-09-09,24.69,25.0,24.46,24.77,24.77,400065.0,,adjusted
2025-09-10,24.77,24.96,24.3,24.35,24.35,293653.0,,adjusted
2025-09-11,24.2,25.4,24.08,25.4,25.4,556739.0,,adjusted
2025-09-12,25.52,26.02,25.11,25.3,25.3,504690.0,,adjusted
2025-09-15,25.29,25.56,25.01,25.03,25.03,336576.0,,adjusted
2025-09-16,25.01,26.24,24.83,25.99,25.99,580766.0,,adjusted
2025-09-17,26.25,27.08,26.0,26.39,26.39,615630.0,,adjusted
2025-09-18,26.43,27.2,25.6,26.01,26.01,709173.0,,adjusted
2025-09-19,26.01,26.01,25.0,25.24,25.24,442434.0,,adjusted
2025-09-22,25.12,25.55,25.01,25.27,25.27,264367.0,,adjusted
2025-09-23,25.2,25.65,24.19,24.75,24.75,340549.0,,adjusted
2025-09-24,24.55,25.7,24.36,25.57,25.57,338460.0,,adjusted
2025-09-25,25.58,26.4,25.58,25.68,25.68,378338.0,,adjusted
2025-09-26,25.5,25.69,24.7,24.79,24.79,278763.0,,adjusted
2025-09-29,24.75,25.78,24.55,25.76,25.76,353263.0,,adjusted
2025-09-30,25.88,25.9,25.41,25.6,25.6,255437.0,,adjusted
2025-10-09,25.62,26.8,24.92,26.33,26.33,422453.0,,adjusted
2025-10-10,26.28,26.67,25.31,25.42,25.42,363377.0,,adjusted
2025-10-13,23.9,24.93,23.51,24.81,24.81,338299.0,,adjusted
2025-10-14,25.26,25.78,23.78,23.87,23.87,397746.0,,adjusted
2025-10-15,23.99,24.96,23.45,24.65,24.65,307025.0,,adjusted
2025-10-16,24.3,24.38,23.51,23.65,23.65,256541.0,,adjusted
2025-10-17,23.66,23.73,22.5,22.52,22.52,251176.0,,adjusted
2025-10-20,22.94,23.91,22.86,23.36,23.36,319833.0,,adjusted
2025-10-21,23.5,23.59,23.16,23.48,23.48,143623.0,,adjusted
2025-10-22,23.26,23.75,23.03,23.37,23.37,137185.0,,adjusted
2025-10-23,23.4,23.4,22.83,23.28,23.28,125717.0,,adjusted
2025-10-24,23.52,24.28,23.46,24.1,24.1,260689.0,,adjusted
2025-10-27,24.31,24.59,23.96,24.16,24.16,203622.0,,adjusted
2025-10-28,24.17,24.42,23.82,24.02,24.02,182405.0,,adjusted
2025-10-29,24.05,24.38,23.98,24.29,24.29,153860.0,,adjusted
2025-10-30,24.51,25.28,24.32,24.4,24.4,294760.0,,adjusted
2025-10-31,24.7,25.79,24.62,25.16,25.16,411461.0,,adjusted
2025-11-03,25.19,25.34,24.38,24.77,24.77,265131.0,,adjusted
2025-11-04,24.67,24.68,23.8,24.01,24.01,209941.0,,adjusted
2025-11-05,23.58,23.94,23.3,23.75,23.75,154259.0,,adjusted
2025-11-06,23.82,24.45,23.68,24.15,24.15,164872.0,,adjusted
2025-11-07,24.17,24.2,23.59,23.61,23.61,146842.0,,adjusted
2025-11-10,23.61,23.78,23.18,23.25,23.25,158769.0,,adjusted
2025-11-11,23.5,23.83,22.95,23.02,23.02,149839.0,,adjusted
2025-11-12,23.3,23.45,22.6,22.75,22.75,174118.0,,adjusted
2025-11-13,22.62,22.88,22.51,22.79,22.79,133484.0,,adjusted
2025-11-14,22.55,22.7,22.3,22.42,22.42,120810.0,,adjusted
2025-11-17,22.31,22.57,22.23,22.44,22.44,94065.0,,adjusted
2025-11-18,22.4,22.53,22.23,22.29,22.29,107550.0,,adjusted
2025-11-19,22.36,22.43,21.89,22.12,22.12,107699.0,,adjusted
2025-11-20,22.26,22.36,21.82,21.85,21.85,92291.0,,adjusted
2025-11-21,21.68,22.17,21.15,21.87,21.87,197697.0,,adjusted
2025-11-24,21.75,22.1,21.38,22.01,22.01,145632.0,,adjusted
2025-11-25,22.18,22.2,21.86,21.86,21.86,140725.0,,adjusted
2025-11-26,21.86,22.05,21.65,21.93,21.93,104373.0,,adjusted
2025-11-27,21.99,22.15,21.73,21.76,21.76,101563.0,,adjusted
2025-11-28,21.6,21.97,21.59,21.93,21.93,85601.0,,adjusted
2025-12-01,21.91,22.43,21.91,22.43,22.43,160656.0,,adjusted
2025-12-02,22.4,22.4,21.95,22.01,22.01,107637.0,,adjusted
2025-12-03,22.02,22.19,21.72,21.88,21.88,80791.0,,adjusted
2025-12-04,22.34,22.65,22.03,22.44,22.44,221739.0,,adjusted
2025-12-05,22.53,22.56,22.15,22.55,22.55,143531.0,,adjusted
2025-12-08,22.65,22.76,22.45,22.73,22.73,169551.0,,adjusted
2025-12-09,22.61,22.77,22.34,22.36,22.36,124992.0,,adjusted
2025-12-10,22.42,22.63,22.22,22.48,22.48,116182.0,,adjusted
2025-12-11,22.48,22.54,21.95,21.98,21.98,124538.0,,adjusted
2025-12-12,21.97,22.08,21.7,22.0,22.0,139342.0,,adjusted
2025-12-15,21.85,21.86,21.4,21.41,21.41,126381.0,,adjusted
2025-12-16,21.4,21.41,20.85,20.91,20.91,120541.0,,adjusted
2025-12-17,20.91,21.23,20.69,21.18,21.18,101763.0,,adjusted
2025-12-18,21.01,21.24,20.94,20.95,20.95,80496.0,,adjusted
2025-12-19,21.01,21.33,21.01,21.18,21.18,95106.0,,adjusted
2025-12-22,21.55,21.84,21.4,21.7,21.7,141965.0,,adjusted
2025-12-23,21.7,21.7,21.45,21.54,21.54,83150.0,,adjusted
2025-12-24,21.5,21.74,21.43,21.67,21.67,75476.0,,adjusted
2025-12-25,21.77,22.58,21.71,22.51,22.51,230960.0,,adjusted
2025-12-26,22.55,22.76,22.26,22.58,22.58,191884.0,,adjusted
2025-12-29,22.74,22.95,22.55,22.84,22.84,219968.0,,adjusted
2025-12-30,22.61,23.8,22.6,23.66,23.66,408693.0,,adjusted
2025-12-31,23.74,23.95,23.41,23.7,23.7,312044.0,,adjusted
2017-01-03,32.61,33.37,32.61,33.25,,10867.0,,raw
2017-01-04,33.2,33.88,33.11,33.66,,10802.0,,raw
2017-01-05,33.8,34.32,33.5,33.5,,9752.0,,raw
2017-01-06,33.46,33.69,33.2,33.38,,7742.0,,raw
2017-01-09,33.38,34.17,33.2,33.78,,12223.0,,raw
2017-01-10,34.07,34.07,33.3,33.35,,7267.0,,raw
2017-01-11,33.23,33.77,33.23,33.7,,7925.0,,raw
2017-01-12,33.7,33.9,32.5,32.7,,8459.0,,raw
2017-01-13,32.7,32.96,32.0,32.38,,6736.0,,raw
2017-01-16,32.43,32.44,29.71,30.53,,13307.0,,raw
2017-01-17,30.75,30.75,29.38,30.34,,12894.0,,raw
2017-01-18,30.43,30.43,29.8,29.98,,8979.0,,raw
2017-01-19,29.98,30.6,29.36,30.44,,10966.0,,raw
2017-01-20,30.1,30.82,30.06,30.35,,10911.0,,raw
2017-01-23,30.37,30.95,30.36,30.78,,7158.0,,raw
2017-01-24,30.89,30.89,30.36,30.42,,5178.0,,raw
2017-01-25,30.6,30.78,30.05,30.67,,4308.0,,raw
2017-01-26,30.67,31.23,30.44,31.23,,5074.0,,raw
2017-02-03,31.23,31.25,30.71,30.95,,4341.0,,raw
2017-02-06,31.2,31.89,31.18,31.73,,9851.0,,raw
2017-02-07,31.73,31.88,31.45,31.74,,6673.0,,raw
2017-02-08,31.74,31.97,31.5,31.88,,5510.0,,raw
2017-02-09,31.88,32.56,31.88,32.18,,6908.0,,raw
2017-02-10,32.17,32.5,31.78,31.92,,5333.0,,raw
2017-02-13,35.11,35.11,35.11,35.11,,4104.0,,raw
2017-02-14,38.62,38.62,38.0,38.62,,146629.0,,raw
2017-02-15,38.99,42.48,38.78,41.34,,216666.0,,raw
2017-04-13,37.21,37.21,37.21,37.21,,3450.0,,raw
2017-04-14,33.49,33.49,33.49,33.49,,29141.0,,raw
2017-04-17,30.5,31.39,30.14,30.14,,156418.0,,raw
2017-04-18,29.52,30.35,28.71,28.82,,65062.0,,raw
2017-04-19,28.75,29.86,28.75,29.37,,42041.0,,raw
2017-04-20,29.25,30.19,29.1,30.0,,50152.0,,raw
2017-04-21,30.0,30.13,29.25,29.91,,35867.0,,raw
2017-04-24,29.65,29.77,28.2,29.29,,26161.0,,raw
2017-04-25,29.5,30.15,29.06,29.93,,34638.0,,raw
2017-04-26,29.7,31.28,29.52,31.18,,59095.0,,raw
2017-04-27,30.78,31.6,30.3,31.22,,51482.0,,raw
2017-04-28,31.0,31.8,30.87,31.23,,34960.0,,raw
2017-05-02,31.0,32.28,30.8,31.87,,33248.0,,raw
2017-05-03,31.53,32.48,31.35,31.81,,37467.0,,raw
2017-05-04,31.49,31.7,31.01,31.17,,26075.0,,raw
2017-05-05,31.0,33.96,30.88,32.62,,60563.0,,raw
2017-05-08,32.5,33.97,32.22,32.65,,63158.0,,raw
2017-05-09,31.6,33.76,31.3,33.7,,53925.0,,raw
2017-05-10,33.48,35.35,33.3,35.04,,77276.0,,raw
2017-05-11,34.1,34.99,32.83,34.32,,63325.0,,raw
2017-05-12,34.35,35.8,34.21,35.17,,53178.0,,raw
2017-05-15,35.0,35.91,34.51,35.7,,47715.0,,raw
2017-05-16,35.31,36.5,34.91,36.4,,49933.0,,raw
2017-05-17,36.39,37.97,34.81,35.15,,73047.0,,raw
2017-05-18,35.08,38.02,34.81,37.6,,79591.0,,raw
2017-05-19,36.85,37.2,35.66,36.19,,56775.0,,raw
2017-05-22,35.89,36.18,32.77,32.86,,56825.0,,raw
2017-05-23,32.8,33.98,31.75,32.58,,40835.0,,raw
2017-05-24,32.4,33.11,31.1,33.03,,30428.0,,raw
2017-05-25,32.9,33.2,31.91,32.74,,30221.0,,raw
2017-05-26,32.96,33.55,32.76,33.45,,27537.0,,raw
2017-05-31,34.0,36.5,34.0,35.48,,50534.0,,raw
2017-06-01,35.2,35.8,33.4,33.5,,54564.0,,raw
2017-06-02,32.76,34.38,32.05,34.18,,37457.0,,raw
2017-06-05,34.53,35.88,34.4,35.7,,45919.0,,raw
2017-06-06,35.3,35.88,33.9,34.57,,45490.0,,raw
2017-06-07,11.65,12.61,11.5,12.61,,152944.0,,raw
2017-06-08,13.59,13.87,13.02,13.33,,535018.0,,raw
2017-06-09,12.95,13.06,12.08,12.46,,357974.0,,raw
2017-06-12,12.12,12.63,11.91,12.05,,205791.0,,raw
2017-06-13,12.05,12.52,12.05,12.34,,195618.0,,raw
2017-06-14,12.13,12.15,11.8,11.99,,164505.0,,raw
2017-06-15,11.95,12.48,11.87,12.25,,174659.0,,raw
2017-06-16,12.1,12.54,12.0,12.33,,136412.0,,raw
2017-06-19,12.28,12.29,11.98,12.07,,126263.0,,raw
2017-06-20,12.06,12.24,11.87,11.96,,110833.0,,raw
2017-06-21,11.96,12.12,11.56,11.8,,116423.0,,raw
2017-06-22,11.78,12.05,11.66,11.71,,100681.0,,raw
2017-06-23,11.59,11.7,11.15,11.43,,100464.0,,raw
2017-06-26,11.39,11.56,11.26,11.5,,58997.0,,raw
2017-06-27,11.55,11.75,11.4,11.68,,65518.0,,raw
2017-06-28,11.57,11.68,11.37,11.41,,50798.0,,raw
2017-06-29,11.4,11.69,11.4,11.54,,56933.0,,raw
2017-06-30,11.45,11.5,11.34,11.44,,42549.0,,raw
2017-07-03,11.44,11.55,11.3,11.5,,41711.0,,raw
2017-07-04,11.5,11.68,11.45,11.56,,50820.0,,raw
2017-07-05,11.52,11.65,11.47,11.53,,50503.0,,raw
2017-07-06,11.49,11.53,11.36,11.43,,51529.0,,raw
2017-07-07,11.36,11.43,11.22,11.28,,69776.0,,raw
2017-07-10,11.22,11.26,11.0,11.02,,62700.0,,raw
2017-07-11,11.04,11.14,10.93,10.96,,43952.0,,raw
2017-07-12,10.95,11.03,10.45,10.77,,64813.0,,raw
2017-07-13,10.72,10.75,10.59,10.66,,30273.0,,raw
2017-07-14,10.66,10.75,10.56,10.67,,33957.0,,raw
2017-07-17,10.63,10.63,9.71,9.84,,63451.0,,raw
2017-07-18,9.94,9.99,9.8,9.98,,34114.0,,raw
2017-07-19,9.97,10.06,9.88,10.06,,26258.0,,raw
2017-07-20,10.05,10.2,9.99,10.11,,31004.0,,raw
2017-07-21,10.3,11.12,10.28,11.12,,161723.0,,raw
2017-07-24,11.19,11.88,11.11,11.52,,225583.0,,raw
2017-07-25,11.34,11.42,11.06,11.29,,110796.0,,raw
2017-07-26,11.18,11.27,11.08,11.19,,64690.0,,raw
2017-07-27,11.26,11.58,11.01,11.41,,114912.0,,raw
2017-07-28,11.3,11.49,11.17,11.18,,65969.0,,raw
2017-07-31,11.12,11.27,11.09,11.15,,58034.0,,raw
2017-08-01,11.02,11.26,11.02,11.19,,49487.0,,raw
2017-08-02,11.17,12.3,11.17,11.78,,199954.0,,raw
2017-08-03,11.59,11.97,11.45,11.9,,142621.0,,raw
2017-08-04,11.9,11.9,11.54,11.55,,82981.0,,raw
2017-08-07,11.43,11.71,11.43,11.5,,48891.0,,raw
2017-08-08,11.48,11.88,11.41,11.86,,88519.0,,raw
2017-08-09,11.91,12.5,11.91,12.24,,219338.0,,raw
2017-08-10,12.12,12.4,11.5,12.4,,146709.0,,raw
2017-08-11,12.2,12.68,12.08,12.11,,128648.0,,raw
2017-08-14,12.1,12.58,12.1,12.47,,115510.0,,raw
2017-08-15,12.44,12.67,12.16,12.29,,96385.0,,raw
2017-08-16,12.38,12.54,12.1,12.38,,92100.0,,raw
2017-08-17,12.28,13.56,12.18,12.92,,241490.0,,raw
2017-08-18,12.76,12.89,12.6,12.66,,103992.0,,raw
2017-08-21,12.74,12.96,12.66,12.74,,75031.0,,raw
2017-08-22,12.8,12.85,12.2,12.26,,106203.0,,raw
2017-08-23,12.45,13.43,12.45,12.84,,188946.0,,raw
2017-08-24,12.83,12.86,12.2,12.48,,111538.0,,raw
2017-08-25,12.49,12.51,12.2,12.47,,89009.0,,raw
2017-08-28,12.52,12.89,12.52,12.69,,107939.0,,raw
2017-08-29,12.54,12.54,12.3,12.45,,94616.0,,raw
2017-08-30,12.44,12.48,12.2,12.26,,65791.0,,raw
2017-08-31,12.25,12.37,12.1,12.29,,63134.0,,raw
2017-09-01,12.3,12.42,12.18,12.3,,65531.0,,raw
2017-09-04,12.22,13.53,12.22,13.53,,312931.0,,raw
2017-09-05,13.48,14.57,13.22,14.24,,409734.0,,raw
2017-09-06,13.96,14.74,13.88,14.44,,341862.0,,raw
2017-09-07,14.3,14.32,13.81,13.87,,245508.0,,raw
2017-09-08,13.78,13.79,13.24,13.47,,251060.0,,raw
2017-09-11,13.5,14.82,13.37,14.82,,490574.0,,raw
2017-09-12,14.75,15.56,14.58,14.7,,543655.0,,raw
2017-09-13,14.49,15.06,14.0,14.95,,328431.0,,raw
2017-09-14,15.13,15.8,14.8,14.81,,353446.0,,raw
2017-09-15,14.58,15.14,14.36,14.97,,201289.0,,raw
2017-09-18,14.76,15.26,14.53,14.68,,153897.0,,raw
2017-09-19,14.68,14.8,14.19,14.5,,154853.0,,raw
2017-09-20,14.34,14.94,14.14,14.92,,193094.0,,raw
2017-09-21,14.75,14.92,14.38,14.39,,124242.0,,raw
2017-09-22,14.3,14.59,14.17,14.43,,73244.0,,raw
2017-09-25,14.45,14.75,14.18,14.23,,78993.0,,raw
2017-09-26,14.15,14.37,13.77,13.99,,96559.0,,raw
2017-09-27,13.99,14.28,13.81,14.28,,82664.0,,raw
2017-09-28,14.18,14.42,14.07,14.14,,74004.0,,raw
2017-09-29,14.09,14.34,13.98,14.06,,70048.0,,raw
2017-10-09,14.06,14.58,14.05,14.49,,113389.0,,raw
2017-10-10,14.43,14.9,14.37,14.83,,126977.0,,raw
2017-10-11,14.8,14.8,14.36,14.41,,99801.0,,raw
2017-10-12,14.33,14.67,14.12,14.32,,77912.0,,raw
2017-10-13,14.23,14.44,14.08,14.35,,55418.0,,raw
2017-10-16,14.35,14.4,13.71,13.74,,100821.0,,raw
2017-10-17,13.72,13.86,13.58,13.79,,65381.0,,raw
2017-10-18,13.8,13.87,13.31,13.31,,67252.0,,raw
2017-10-19,13.31,13.48,13.03,13.43,,66402.0,,raw
2017-10-20,13.5,13.75,13.35,13.71,,50160.0,,raw
2017-10-23,13.78,13.8,13.49,13.59,,34896.0,,raw
2017-10-24,13.58,13.7,13.3,13.38,,45353.0,,raw
2017-10-25,13.39,13.55,13.16,13.53,,45415.0,,raw
2017-10-26,13.55,13.88,13.44,13.71,,62175.0,,raw
2017-10-27,13.66,13.84,13.41,13.45,,48513.0,,raw
2017-10-30,13.35,13.42,12.53,13.0,,86332.0,,raw
2017-10-31,12.86,13.18,12.77,13.18,,50829.0,,raw
2017-11-01,13.06,13.11,12.82,13.04,,43484.0,,raw
2017-11-02,13.0,13.05,12.7,12.92,,46311.0,,raw
2017-11-03,12.84,12.85,12.6,12.74,,46969.0,,raw
2017-11-06,12.74,12.82,12.62,12.8,,41157.0,,raw
2017-11-07,12.9,12.98,12.7,12.96,,48366.0,,raw
2017-11-08,12.86,13.3,12.86,13.05,,65871.0,,raw
2017-11-09,13.05,13.3,12.92,13.26,,52587.0,,raw
2017-11-10,13.35,13.98,13.35,13.56,,103355.0,,raw
2017-11-13,13.61,13.79,13.34,13.58,,86790.0,,raw
2017-11-14,13.6,13.77,13.37,13.44,,75552.0,,raw
2017-11-15,13.39,13.43,12.8,12.83,,75747.0,,raw
2017-11-16,12.78,13.09,12.65,12.78,,56788.0,,raw
2017-11-17,12.83,12.86,11.91,12.07,,86453.0,,raw
2017-11-20,12.1,12.21,10.96,11.87,,78679.0,,raw
2017-11-21,11.89,11.95,11.48,11.75,,49694.0,,raw
2017-11-22,11.78,11.85,11.51,11.61,,48328.0,,raw
2017-11-23,11.58,11.75,11.43,11.65,,45984.0,,raw
2017-11-24,11.56,11.66,11.25,11.65,,60183.0,,raw
2017-11-27,11.55,11.55,11.21,11.43,,52734.0,,raw
2017-11-28,11.39,11.43,11.19,11.38,,44212.0,,raw
2017-11-29,11.38,11.38,11.08,11.18,,54314.0,,raw
2017-11-30,11.16,11.17,10.9,11.09,,56974.0,,raw
2017-12-01,11.04,11.04,10.87,10.98,,59282.0,,raw
2017-12-04,11.07,11.15,10.87,10.98,,45859.0,,raw
2017-12-05,10.92,10.93,10.31,10.57,,95949.0,,raw
2017-12-06,10.51,10.69,10.38,10.64,,63517.0,,raw
2017-12-07,10.58,10.83,10.53,10.64,,44743.0,,raw
2017-12-08,10.58,10.85,10.58,10.84,,43280.0,,raw
2017-12-11,11.34,11.49,11.07,11.1,,64691.0,,raw
2017-12-12,11.01,11.28,11.0,11.05,,51239.0,,raw
2017-12-13,11.05,11.12,10.93,11.05,,31809.0,,raw
2017-12-14,11.06,11.22,11.06,11.14,,29324.0,,raw
2017-12-15,11.2,11.97,11.2,11.53,,99334.0,,raw
2017-12-18,11.44,11.47,11.22,11.27,,43040.0,,raw
2017-12-19,11.35,11.55,11.3,11.4,,36605.0,,raw
2017-12-20,11.34,11.46,11.1,11.12,,35730.0,,raw
2017-12-21,11.12,11.18,10.85,11.1,,41704.0,,raw
2017-12-22,11.1,11.19,10.92,11.19,,34963.0,,raw
2017-12-25,11.1,11.15,10.79,10.79,,38495.0,,raw
2017-12-26,10.78,10.96,10.76,10.94,,22969.0,,raw
2017-12-27,11.0,11.37,10.96,11.16,,48485.0,,raw
2017-12-28,11.16,11.2,11.05,11.09,,29915.0,,raw
2017-12-29,11.03,11.15,11.01,11.12,,23076.0,,raw
2018-01-02,11.15,11.31,11.1,11.29,,33343.0,,raw
2018-01-03,11.29,11.42,11.2,11.37,,44804.0,,raw
2018-01-04,11.31,11.35,11.18,11.21,,30631.0,,raw
2018-01-05,11.24,11.26,11.1,11.16,,27438.0,,raw
2018-01-08,11.15,11.15,10.85,10.9,,43815.0,,raw
2018-01-09,10.9,10.98,10.85,10.86,,26717.0,,raw
2018-01-10,10.91,10.91,10.55,10.63,,44148.0,,raw
2018-01-11,10.73,10.85,10.59,10.82,,28839.0,,raw
2018-01-12,10.82,10.94,10.7,10.71,,24376.0,,raw
2018-01-15,10.65,10.78,10.21,10.58,,46864.0,,raw
2018-01-16,10.5,10.54,10.33,10.39,,26765.0,,raw
2018-01-17,10.4,10.62,10.23,10.62,,36108.0,,raw
2018-01-18,10.52,10.73,10.48,10.5,,24122.0,,raw
2018-01-19,10.5,10.52,10.34,10.35,,26126.0,,raw
2018-01-22,10.35,10.85,10.35,10.73,,55224.0,,raw
2018-01-23,10.66,11.29,10.61,11.16,,99457.0,,raw
2018-01-24,11.17,11.33,10.94,11.18,,66877.0,,raw
2018-01-25,11.1,11.45,11.05,11.16,,57574.0,,raw
2018-01-26,11.19,11.34,11.16,11.24,,41806.0,,raw
2018-01-29,11.24,11.26,10.96,11.12,,37387.0,,raw
2018-01-30,11.06,11.25,11.01,11.23,,31680.0,,raw
2018-01-31,11.19,11.45,11.06,11.27,,50052.0,,raw
2018-02-01,11.21,11.36,10.5,10.58,,54138.0,,raw
2018-02-02,10.51,10.65,10.1,10.37,,44829.0,,raw
2018-02-05,10.06,10.5,10.01,10.36,,18812.0,,raw
2018-02-06,10.21,10.43,9.86,9.93,,49384.0,,raw
2018-02-07,10.1,10.27,8.94,9.14,,105255.0,,raw
2018-02-08,9.15,9.23,9.0,9.13,,50458.0,,raw
2018-02-09,8.8,9.06,8.6,8.91,,48201.0,,raw
2018-02-12,8.98,9.18,8.92,9.13,,23002.0,,raw
2018-02-13,9.16,9.46,9.12,9.2,,20956.0,,raw
2018-02-14,9.22,9.32,9.1,9.3,,14073.0,,raw
2018-02-22,9.6,9.64,9.34,9.48,,18797.0,,raw
2018-02-23,9.49,9.57,9.32,9.38,,15631.0,,raw
2018-02-26,9.41,9.71,9.41,9.67,,28131.0,,raw
2018-02-27,9.76,10.5,9.61,10.04,,48054.0,,raw
2018-02-28,9.91,10.24,9.82,10.06,,35542.0,,raw
2018-03-01,9.99,10.49,9.95,10.45,,61823.0,,raw
2018-03-02,10.35,11.18,10.35,10.69,,97453.0,,raw
2018-03-05,10.48,11.33,10.48,11.06,,82813.0,,raw
2018-03-06,11.06,11.1,10.81,10.89,,61927.0,,raw
2018-03-07,10.9,11.13,10.72,10.95,,45370.0,,raw
2018-03-08,10.88,10.96,10.65,10.76,,41808.0,,raw
2018-03-09,10.77,11.08,10.7,11.03,,64181.0,,raw
2018-03-12,11.16,11.4,11.04,11.12,,71371.0,,raw
2018-03-13,11.19,11.19,10.85,10.94,,51946.0,,raw
2018-03-14,10.89,11.26,10.8,10.81,,60125.0,,raw
2018-03-15,10.6,10.87,10.46,10.66,,49210.0,,raw
2018-03-16,10.6,10.68,10.41,10.5,,49720.0,,raw
2018-03-19,10.46,10.88,10.4,10.57,,53644.0,,raw
2018-03-20,10.48,10.91,10.38,10.83,,57465.0,,raw
2018-03-21,10.85,11.26,10.85,10.9,,68256.0,,raw
2018-03-22,11.0,11.07,10.81,10.88,,33123.0,,raw
2018-03-23,10.57,10.6,9.8,9.97,,82490.0,,raw
2018-03-26,9.94,10.3,9.66,10.26,,51221.0,,raw
2018-03-27,10.38,11.2,10.38,11.15,,117928.0,,raw
2018-03-28,10.97,11.24,10.88,11.14,,70664.0,,raw
2018-03-29,11.41,12.15,11.39,11.5,,163262.0,,raw
2018-03-30,11.73,12.1,11.5,12.01,,161507.0,,raw
2018-04-02,12.13,12.56,11.8,12.01,,176643.0,,raw
2018-04-03,11.76,11.9,11.6,11.8,,90106.0,,raw
2018-04-04,11.8,12.11,11.62,11.62,,94543.0,,raw
2018-04-09,11.65,12.16,11.35,12.11,,110131.0,,raw
2018-04-10,12.56,12.7,11.88,12.06,,125872.0,,raw
2018-04-11,12.06,12.43,12.02,12.2,,98686.0,,raw
2018-04-12,12.16,12.48,11.95,12.04,,78708.0,,raw
2018-04-13,12.12,12.44,12.12,12.28,,68505.0,,raw
2018-04-16,12.28,12.53,12.1,12.37,,75933.0,,raw
2018-04-17,12.32,12.46,11.61,11.7,,85253.0,,raw
2018-04-18,11.84,12.87,11.7,12.87,,258711.0,,raw
2018-04-19,12.7,13.09,12.49,12.99,,207792.0,,raw
2018-04-20,12.91,13.2,12.63,12.75,,144336.0,,raw
2018-04-23,12.72,13.29,12.64,13.11,,141879.0,,raw
2018-04-24,13.11,13.75,12.92,13.65,,148457.0,,raw
2018-04-25,13.6,13.82,13.46,13.5,,111693.0,,raw
2018-04-26,13.47,13.6,12.95,13.07,,104201.0,,raw
2018-04-27,13.1,13.25,12.59,12.98,,108176.0,,raw
2018-05-02,13.12,13.39,12.68,13.38,,113763.0,,raw
2018-05-03,13.32,13.37,12.84,13.29,,83613.0,,raw
2018-05-04,13.23,13.5,12.9,12.91,,77341.0,,raw
2018-05-07,13.11,14.15,13.0,13.95,,186474.0,,raw
2018-05-08,14.08,14.26,13.81,13.93,,118415.0,,raw
2018-05-09,13.97,14.13,13.63,13.86,,112284.0,,raw
2018-05-10,13.86,14.05,13.77,13.98,,81318.0,,raw
2018-05-11,14.15,14.35,13.98,14.02,,129711.0,,raw
2018-05-14,14.17,14.2,13.61,13.8,,83040.0,,raw
2018-05-15,13.8,14.14,13.7,13.8,,79728.0,,raw
2018-05-16,13.72,13.93,13.41,13.86,,83935.0,,raw
2018-05-17,13.8,14.11,13.75,13.78,,63949.0,,raw
2018-05-18,13.78,13.9,13.55,13.78,,57209.0,,raw
2018-05-21,13.9,14.08,13.8,13.81,,103150.0,,raw
2018-05-22,13.85,13.9,13.28,13.5,,107071.0,,raw
2018-05-23,13.38,13.73,13.32,13.45,,67552.0,,raw
2018-05-24,13.45,14.1,13.34,13.99,,111289.0,,raw
2018-05-25,13.9,14.83,13.89,14.41,,206299.0,,raw
2018-05-28,14.51,14.75,14.24,14.55,,121737.0,,raw
2018-05-29,14.43,14.67,14.33,14.47,,61255.0,,raw
2018-05-30,14.25,14.26,13.41,13.53,,82719.0,,raw
2018-05-31,13.87,14.08,13.62,13.86,,67694.0,,raw
2018-06-01,13.7,14.25,13.22,14.05,,83373.0,,raw
2018-06-04,13.95,14.14,13.35,13.51,,64871.0,,raw
2018-06-05,13.52,14.08,13.42,14.08,,64833.0,,raw
2018-06-06,14.08,14.25,13.89,14.02,,51813.0,,raw
2018-06-07,14.15,14.67,14.05,14.27,,82720.0,,raw
2018-06-08,14.2,14.45,14.08,14.26,,51510.0,,raw
2018-06-11,14.2,14.2,13.78,13.87,,38378.0,,raw
2018-06-12,13.73,14.05,13.4,13.87,,49095.0,,raw
2018-06-13,13.72,13.84,13.36,13.45,,39520.0,,raw
2018-06-14,13.34,13.64,13.3,13.33,,25145.0,,raw
2018-06-15,13.31,13.43,12.0,12.07,,110826.0,,raw
2018-06-19,11.78,12.65,11.6,12.11,,153090.0,,raw
2018-06-20,12.11,13.31,12.08,12.9,,95507.0,,raw
2018-06-21,12.85,13.12,12.48,12.49,,47154.0,,raw
2018-06-22,12.5,13.1,12.38,13.03,,62545.0,,raw
2018-06-25,13.09,13.67,13.07,13.2,,64442.0,,raw
2018-06-26,12.9,13.56,12.8,13.4,,79333.0,,raw
2018-06-27,13.49,13.55,12.95,13.04,,59591.0,,raw
2018-06-28,13.05,13.34,12.96,13.04,,46597.0,,raw
2018-06-29,13.1,14.08,12.99,13.98,,103686.0,,raw
2018-07-02,13.98,14.44,13.8,13.93,,86737.0,,raw
2018-07-03,13.79,14.31,13.63,14.28,,92810.0,,raw
2018-07-04,14.22,14.55,13.8,14.08,,80761.0,,raw
2018-07-05,14.02,14.63,13.72,14.28,,102953.0,,raw
2018-07-06,14.34,14.49,14.04,14.3,,79620.0,,raw
2018-07-09,14.35,14.58,14.01,14.58,,93630.0,,raw
2018-07-10,14.49,14.55,14.2,14.35,,54048.0,,raw
2018-07-11,14.1,14.1,13.52,13.86,,76894.0,,raw
2018-07-12,13.86,14.45,13.75,14.35,,112398.0,,raw
2018-07-13,14.26,14.4,13.99,14.15,,73040.0,,raw
2018-07-16,14.19,14.7,13.9,14.7,,91948.0,,raw
2018-07-17,14.6,15.75,14.6,15.52,,200447.0,,raw
2018-07-18,15.6,16.15,15.37,15.69,,167440.0,,raw
2018-07-19,15.5,16.15,15.38,15.46,,120142.0,,raw
2018-07-20,15.57,15.85,14.83,15.16,,152174.0,,raw
2018-07-23,15.28,15.47,15.1,15.25,,123577.0,,raw
2018-07-24,15.18,16.42,15.18,16.35,,189263.0,,raw
2018-07-25,16.16,16.26,15.81,15.9,,110424.0,,raw
2018-07-26,15.9,15.94,14.36,14.55,,234274.0,,raw
2018-07-27,14.26,14.5,13.99,14.16,,117073.0,,raw
2018-07-30,14.06,14.24,13.03,13.24,,170247.0,,raw
2018-07-31,13.3,13.44,13.12,13.31,,78712.0,,raw
2018-08-01,13.46,13.55,13.15,13.16,,77866.0,,raw
2018-08-02,12.9,13.43,12.52,13.38,,114712.0,,raw
2018-08-03,13.18,13.3,12.63,12.66,,77710.0,,raw
2018-08-06,12.55,12.89,12.33,12.73,,57364.0,,raw
2018-08-07,12.74,13.45,12.7,13.4,,85275.0,,raw
2018-08-08,13.4,13.52,13.1,13.22,,48942.0,,raw
2018-08-09,13.18,13.71,13.1,13.51,,78200.0,,raw
2018-08-10,13.5,13.88,13.45,13.79,,87597.0,,raw
2018-08-13,13.6,13.9,13.46,13.8,,83605.0,,raw
2018-08-14,13.78,13.88,13.15,13.22,,110377.0,,raw
2018-08-15,13.1,13.27,12.8,12.89,,69174.0,,raw
2018-08-16,12.66,12.87,12.31,12.39,,72928.0,,raw
2018-08-17,12.66,12.69,12.23,12.32,,57495.0,,raw
2018-08-20,12.42,12.54,12.02,12.4,,47742.0,,raw
2018-08-21,12.5,12.72,12.46,12.62,,57257.0,,raw
2018-08-22,12.63,12.75,12.5,12.53,,43134.0,,raw
2018-08-23,12.48,12.71,12.41,12.69,,54115.0,,raw
2018-08-24,12.68,12.68,12.41,12.46,,65200.0,,raw
2018-08-27,12.55,12.88,12.45,12.83,,85603.0,,raw
2018-08-28,12.83,12.92,12.71,12.86,,62661.0,,raw
2018-08-29,12.77,12.82,12.45,12.49,,50059.0,,raw
2018-08-30,12.41,12.67,12.35,12.36,,37065.0,,raw
2018-08-31,12.34,12.43,11.91,11.94,,52524.0,,raw
2018-09-03,11.88,11.99,11.4,11.7,,43384.0,,raw
2018-09-04,11.68,12.04,11.61,12.0,,39653.0,,raw
2018-09-05,12.1,12.1,11.75,11.77,,32714.0,,raw
2018-09-06,11.79,12.04,11.69,11.7,,32899.0,,raw
2018-09-07,11.77,11.94,11.4,11.41,,59516.0,,raw
2018-09-10,11.39,11.59,10.8,10.95,,81806.0,,raw
2018-09-11,11.08,11.17,10.89,11.02,,34122.0,,raw
2018-09-12,11.06,11.15,10.92,11.04,,30532.0,,raw
2018-09-13,11.23,11.3,10.93,11.14,,38052.0,,raw
2018-09-14,11.14,11.24,11.11,11.13,,27181.0,,raw
2018-09-17,11.13,11.18,10.53,10.56,,42680.0,,raw
2018-09-18,10.57,10.9,10.49,10.88,,47530.0,,raw
2018-09-19,11.02,11.49,10.91,11.29,,78971.0,,raw
2018-09-20,11.28,11.42,11.2,11.22,,35597.0,,raw
2018-09-21,11.24,11.38,11.22,11.33,,37948.0,,raw
2018-09-25,11.15,11.44,11.15,11.28,,22086.0,,raw
2018-09-26,11.33,11.43,11.2,11.33,,35722.0,,raw
2018-09-27,11.27,11.31,10.93,10.94,,42420.0,,raw
2018-09-28,10.94,11.72,10.94,11.68,,99739.0,,raw
2018-10-08,11.49,11.49,10.63,10.77,,95745.0,,raw
2018-10-09,10.79,10.93,10.65,10.8,,42581.0,,raw
2018-10-10,10.84,11.17,10.73,10.87,,38879.0,,raw
2018-10-11,10.33,10.55,9.78,10.0,,85450.0,,raw
2018-10-12,9.93,10.15,9.44,9.96,,60977.0,,raw
2018-10-15,9.96,10.16,9.77,9.77,,31475.0,,raw
2018-10-16,9.88,9.99,9.55,9.59,,28061.0,,raw
2018-10-17,9.73,9.83,9.31,9.72,,42538.0,,raw
2018-10-18,9.69,9.69,9.25,9.35,,49951.0,,raw
2018-10-19,9.23,9.6,9.0,9.46,,49971.0,,raw
2018-10-22,9.58,10.2,9.58,10.15,,88673.0,,raw
2018-10-23,10.09,10.21,9.82,9.94,,52235.0,,raw
2018-10-24,9.93,10.2,9.83,10.06,,50976.0,,raw
2018-10-25,9.51,9.65,9.05,9.06,,151271.0,,raw
2018-10-26,9.11,9.2,8.85,8.98,,69706.0,,raw
2018-10-29,8.98,8.98,8.5,8.69,,59746.0,,raw
2018-10-30,8.71,8.84,8.45,8.73,,66210.0,,raw
2018-10-31,8.77,8.87,8.71,8.8,,55468.0,,raw
2018-11-01,9.29,9.5,8.93,8.98,,120190.0,,raw
2018-11-02,9.16,9.4,9.1,9.38,,143510.0,,raw
2018-11-05,9.26,9.44,9.13,9.27,,82955.0,,raw
2018-11-06,9.22,9.22,8.99,9.16,,48349.0,,raw
2018-11-07,9.18,9.34,9.11,9.15,,52699.0,,raw
2018-11-08,9.24,9.26,9.04,9.07,,46370.0,,raw
2018-11-09,9.0,9.24,8.98,9.06,,42248.0,,raw
2018-11-12,9.0,9.29,9.0,9.28,,65179.0,,raw
2018-11-13,9.15,9.76,9.07,9.74,,139981.0,,raw
2018-11-14,9.68,10.09,9.6,9.65,,121806.0,,raw
2018-11-15,9.63,9.86,9.61,9.81,,71824.0,,raw
2018-11-16,9.91,10.06,9.77,9.84,,80404.0,,raw
2018-11-19,9.88,9.95,9.59,9.76,,63980.0,,raw
2018-11-20,9.4,9.4,8.99,9.01,,133250.0,,raw
2018-11-21,8.9,9.08,8.8,9.02,,60136.0,,raw
2018-11-22,9.05,9.15,9.01,9.06,,37699.0,,raw
2018-11-23,9.09,9.09,8.77,8.85,,53239.0,,raw
2018-11-26,9.0,9.01,8.78,8.86,,29596.0,,raw
2018-11-27,8.91,9.05,8.85,8.99,,34723.0,,raw
2018-11-28,8.9,9.24,8.85,9.14,,49732.0,,raw
2018-11-29,9.23,9.24,8.96,8.99,,45578.0,,raw
2018-11-30,9.14,9.15,8.94,9.12,,35382.0,,raw
2018-12-03,9.34,9.48,9.31,9.43,,67217.0,,raw
2018-12-04,9.41,9.57,9.35,9.46,,51210.0,,raw
2018-12-05,9.3,9.7,9.2,9.57,,60582.0,,raw
2018-12-06,9.46,9.85,9.46,9.73,,98466.0,,raw
2018-12-07,9.8,9.85,9.5,9.6,,51372.0,,raw
2018-12-10,9.46,9.55,9.36,9.44,,31588.0,,raw
2018-12-11,9.5,9.61,9.38,9.5,,27481.0,,raw
2018-12-12,9.59,9.62,9.46,9.47,,23175.0,,raw
2018-12-13,9.58,9.63,9.45,9.55,,27561.0,,raw
2018-12-14,9.53,9.84,9.44,9.59,,68505.0,,raw
2018-12-17,9.45,9.58,9.32,9.45,,32782.0,,raw
2018-12-18,9.38,9.42,9.21,9.33,,27403.0,,raw
2018-12-19,9.39,9.42,8.96,8.96,,39352.0,,raw
2018-12-20,8.95,9.11,8.95,9.03,,17774.0,,raw
2018-12-21,9.05,9.05,8.85,8.93,,20817.0,,raw
2018-12-24,8.9,9.03,8.85,8.97,,25404.0,,raw
2018-12-25,8.85,8.85,8.66,8.75,,41415.0,,raw
2018-12-26,8.83,8.9,8.75,8.9,,22815.0,,raw
2018-12-27,9.0,9.06,8.69,8.69,,38945.0,,raw
2018-12-28,8.74,8.78,8.49,8.51,,25662.0,,raw
2019-01-02,8.66,8.66,8.45,8.46,,25814.0,,raw
2019-01-03,8.45,8.5,8.12,8.13,,58266.0,,raw
2019-01-04,8.0,8.29,7.95,8.26,,57017.0,,raw
2019-01-07,8.36,8.63,8.26,8.54,,59473.0,,raw
2019-01-08,8.5,8.52,8.37,8.45,,29835.0,,raw
2019-01-09,8.44,8.6,8.4,8.46,,38933.0,,raw
2019-01-10,8.55,8.56,8.35,8.38,,36841.0,,raw
2019-01-11,8.34,8.36,8.04,8.31,,52417.0,,raw
2019-01-14,8.33,8.39,8.2,8.24,,28920.0,,raw
2019-01-15,8.3,8.65,8.2,8.61,,73249.0,,raw
2019-01-16,8.55,8.6,8.47,8.5,,44664.0,,raw
2019-01-17,8.45,8.49,8.25,8.3,,34514.0,,raw
2019-01-18,8.33,8.38,8.24,8.38,,24688.0,,raw
2019-01-21,8.38,8.51,8.36,8.46,,27770.0,,raw
2019-01-22,8.46,8.49,8.2,8.29,,30519.0,,raw
2019-01-23,8.29,8.32,8.21,8.27,,15226.0,,raw
2019-01-24,8.24,8.44,8.22,8.32,,32947.0,,raw
2019-01-25,8.32,8.42,8.23,8.26,,31084.0,,raw
2019-01-28,8.31,8.34,8.03,8.1,,43955.0,,raw
2019-01-29,8.1,8.1,7.83,7.94,,38058.0,,raw
2019-01-30,7.93,8.03,7.84,7.86,,19323.0,,raw
2019-01-31,7.88,7.95,7.75,7.77,,24376.0,,raw
2019-02-01,7.77,8.0,7.75,8.0,,21677.0,,raw
2019-02-11,8.01,8.46,8.01,8.44,,55544.0,,raw
2019-02-12,8.41,8.74,8.34,8.69,,73750.0,,raw
2019-02-13,8.73,9.0,8.6,8.85,,83068.0,,raw
2019-02-14,8.85,9.74,8.85,9.21,,113742.0,,raw
2019-02-15,9.15,9.38,9.12,9.3,,59639.0,,raw
2019-02-18,9.29,9.64,9.26,9.54,,79961.0,,raw
2019-02-19,9.53,9.76,9.3,9.48,,76115.0,,raw
2019-02-20,9.4,9.53,9.28,9.33,,69335.0,,raw
2019-02-21,9.4,9.56,9.22,9.22,,81454.0,,raw
2019-02-22,9.31,9.6,9.31,9.6,,97163.0,,raw
2019-02-25,9.8,10.3,9.6,10.19,,145782.0,,raw
2019-02-26,10.2,10.67,10.08,10.33,,144382.0,,raw
2019-02-27,10.33,10.55,10.0,10.12,,98317.0,,raw
2019-02-28,9.98,10.25,9.89,10.22,,61317.0,,raw
2019-03-01,10.23,10.37,10.0,10.13,,59762.0,,raw
2019-03-04,10.2,10.57,10.19,10.3,,119331.0,,raw
2019-03-05,10.45,11.33,10.35,11.33,,201177.0,,raw
2019-03-06,11.94,11.94,11.08,11.3,,286679.0,,raw
2019-03-07,11.43,11.85,11.2,11.43,,216582.0,,raw
2019-03-08,11.09,11.64,10.68,10.9,,183094.0,,raw
2019-03-11,11.2,11.9,11.16,11.9,,188546.0,,raw
2019-03-12,12.13,12.37,11.66,11.93,,239976.0,,raw
2019-03-13,11.85,11.98,11.36,11.54,,143502.0,,raw
2019-03-14,11.4,11.56,10.58,10.88,,158997.0,,raw
2019-03-15,10.97,11.08,10.5,10.82,,109141.0,,raw
2019-03-18,10.82,11.2,10.73,11.17,,105547.0,,raw
2019-03-19,11.2,11.35,11.01,11.14,,81939.0,,raw
2019-03-20,11.26,11.55,10.95,11.35,,153355.0,,raw
2019-03-21,11.24,11.47,11.16,11.36,,131376.0,,raw
2019-03-22,11.31,11.33,11.05,11.27,,81662.0,,raw
2019-03-25,11.01,11.65,10.95,11.31,,129032.0,,raw
2019-03-26,11.3,11.5,10.96,11.02,,91606.0,,raw
2019-03-27,11.22,11.31,11.01,11.17,,69750.0,,raw
2019-03-28,11.17,11.25,10.76,10.8,,91640.0,,raw
2019-03-29,10.75,10.98,10.28,10.89,,126964.0,,raw
2019-04-01,10.98,11.67,10.97,11.63,,185832.0,,raw
2019-04-02,11.67,11.75,11.36,11.42,,130836.0,,raw
2019-04-03,11.45,11.59,11.28,11.52,,108397.0,,raw
2019-04-04,11.6,11.69,11.31,11.39,,100405.0,,raw
2019-04-08,11.4,11.5,10.78,11.05,,122170.0,,raw
2019-04-09,10.95,11.16,10.9,11.03,,64305.0,,raw
2019-04-10,10.95,10.98,10.7,10.89,,59172.0,,raw
2019-04-11,10.9,11.06,10.61,10.68,,64895.0,,raw
2019-04-12,10.6,10.85,10.6,10.77,,48700.0,,raw
2019-04-15,10.9,10.95,10.5,10.5,,70391.0,,raw
2019-04-16,10.38,10.7,10.18,10.7,,71722.0,,raw
2019-04-17,10.7,10.76,10.56,10.76,,59656.0,,raw
2019-04-18,10.74,10.74,10.45,10.52,,55550.0,,raw
2019-04-19,10.49,10.61,10.45,10.61,,41429.0,,raw
2019-04-22,10.61,10.67,10.4,10.45,,39586.0,,raw
2019-04-23,10.45,10.49,10.0,10.13,,71560.0,,raw
2019-04-24,10.15,10.33,9.99,10.32,,49583.0,,raw
2019-04-25,10.25,10.38,9.88,9.91,,50139.0,,raw
2019-04-26,9.68,10.08,9.68,10.0,,49972.0,,raw
2019-04-29,10.0,10.08,9.61,9.71,,54729.0,,raw
2019-04-30,9.72,9.92,9.6,9.73,,40478.0,,raw
2019-05-06,9.38,9.39,8.76,8.76,,88410.0,,raw
2019-05-07,8.88,9.15,8.73,9.01,,66009.0,,raw
2019-05-08,8.81,9.38,8.77,9.21,,53142.0,,raw
2019-05-09,9.2,9.32,9.1,9.11,,32104.0,,raw
2019-05-10,9.19,9.4,8.82,9.38,,51688.0,,raw
2019-05-13,9.21,9.34,9.17,9.21,,29292.0,,raw
2019-05-14,9.06,9.19,9.02,9.03,,44853.0,,raw
2019-05-15,9.1,9.17,9.04,9.13,,33662.0,,raw
2019-05-16,9.13,9.29,9.02,9.2,,62151.0,,raw
2019-05-17,9.2,9.26,8.73,8.74,,73280.0,,raw
2019-05-20,8.76,8.78,8.38,8.68,,54906.0,,raw
2019-05-21,8.7,8.86,8.61,8.84,,52849.0,,raw
2019-05-22,8.88,8.92,8.76,8.84,,36667.0,,raw
2019-05-23,9.0,9.36,8.89,8.94,,85124.0,,raw
2019-05-24,8.86,8.93,8.69,8.74,,35708.0,,raw
2019-05-27,8.79,9.08,8.61,9.06,,55891.0,,raw
2019-05-28,9.11,9.22,9.05,9.15,,51855.0,,raw
2019-05-29,9.07,9.26,9.07,9.17,,31944.0,,raw
2019-05-30,9.07,9.17,9.04,9.09,,37763.0,,raw
2019-05-31,9.09,9.21,9.03,9.2,,36918.0,,raw
2019-06-03,9.1,9.15,8.93,8.96,,26487.0,,raw
2019-06-04,8.96,9.08,8.76,8.95,,32311.0,,raw
2019-06-05,9.06,9.09,8.96,9.0,,25472.0,,raw
2019-06-06,9.07,9.07,8.9,8.93,,31517.0,,raw
2019-06-10,8.94,9.0,8.84,8.86,,21300.0,,raw
2019-06-11,8.84,9.18,8.83,9.16,,38286.0,,raw
2019-06-12,9.18,9.19,9.06,9.06,,32096.0,,raw
2019-06-13,9.02,9.1,8.91,8.99,,35613.0,,raw
2019-06-14,8.97,9.04,8.74,8.76,,40830.0,,raw
2019-06-17,8.77,8.95,8.74,8.81,,24132.0,,raw
2019-06-18,8.81,8.93,8.73,8.88,,24875.0,,raw
2019-06-19,9.08,9.13,8.94,8.98,,39219.0,,raw
2019-06-20,8.94,9.14,8.92,9.08,,43808.0,,raw
2019-06-21,9.15,9.28,9.14,9.18,,52128.0,,raw
2019-06-24,9.19,9.21,9.09,9.14,,30013.0,,raw
2019-06-25,9.1,9.13,8.84,8.95,,38780.0,,raw
2019-06-26,8.9,9.02,8.88,8.94,,29447.0,,raw
2019-06-27,8.96,9.02,8.9,8.96,,31850.0,,raw
2019-06-28,8.99,8.99,8.73,8.79,,39653.0,,raw
2019-07-01,8.95,9.1,8.92,9.1,,58221.0,,raw
2019-07-02,9.1,9.13,9.0,9.02,,47295.0,,raw
2019-07-03,8.97,9.01,8.81,8.86,,50679.0,,raw
2019-07-04,8.85,8.93,8.8,8.84,,26241.0,,raw
2019-07-05,8.85,8.94,8.78,8.93,,28432.0,,raw
2019-07-08,8.99,8.99,8.65,8.69,,44917.0,,raw
2019-07-09,8.69,8.75,8.58,8.66,,25341.0,,raw
2019-07-10,8.65,8.73,8.4,8.47,,53301.0,,raw
2019-07-11,8.51,8.55,8.28,8.35,,36844.0,,raw
2019-07-12,8.3,8.44,8.28,8.36,,29443.0,,raw
2019-07-15,8.25,8.33,8.02,8.26,,92862.0,,raw
2019-07-16,8.49,8.49,8.3,8.33,,61309.0,,raw
2019-07-17,8.35,8.45,8.27,8.43,,47586.0,,raw
2019-07-18,8.39,8.74,8.33,8.55,,89800.0,,raw
2019-07-19,8.58,8.9,8.53,8.9,,108291.0,,raw
2019-07-22,8.9,8.9,8.48,8.49,,88911.0,,raw
2019-07-23,8.44,8.58,8.33,8.53,,61395.0,,raw
2019-07-24,8.53,8.74,8.46,8.67,,58485.0,,raw
2019-07-25,8.71,8.84,8.38,8.45,,129626.0,,raw
2019-07-26,8.39,9.29,8.33,9.16,,235709.0,,raw
2019-07-29,9.06,9.42,9.0,9.22,,168644.0,,raw
2019-07-30,9.13,9.33,9.02,9.09,,97525.0,,raw
2019-07-31,9.04,9.18,8.94,9.03,,89924.0,,raw
2019-08-01,8.93,9.13,8.92,9.06,,83319.0,,raw
2019-08-02,8.81,8.94,8.69,8.82,,88398.0,,raw
2019-08-05,8.85,8.98,8.75,8.79,,63682.0,,raw
2019-08-06,8.56,8.59,8.11,8.48,,101523.0,,raw
2019-08-07,8.49,8.57,8.26,8.28,,49949.0,,raw
2019-08-08,8.3,8.45,8.3,8.38,,44410.0,,raw
2019-08-09,8.44,8.47,8.18,8.22,,40664.0,,raw
2019-08-12,8.28,8.43,8.21,8.43,,35195.0,,raw
2019-08-13,8.5,8.56,8.38,8.53,,50489.0,,raw
2019-08-14,8.6,8.71,8.53,8.57,,46945.0,,raw
2019-08-15,8.4,8.86,8.26,8.85,,74487.0,,raw
2019-08-16,8.87,9.27,8.87,9.2,,156296.0,,raw
2019-08-19,9.2,9.64,9.09,9.62,,177866.0,,raw
2019-08-20,9.6,9.64,9.34,9.35,,154025.0,,raw
2019-08-21,9.34,9.43,9.21,9.25,,86504.0,,raw
2019-08-22,9.29,9.58,9.23,9.25,,106945.0,,raw
2019-08-23,9.25,9.31,9.13,9.16,,92128.0,,raw
2019-09-09,10.08,10.08,10.08,10.08,,7829.0,,raw
2019-09-10,11.09,11.09,10.22,10.33,,511960.0,,raw
2019-09-11,10.29,10.59,10.14,10.18,,260499.0,,raw
2019-09-12,10.2,10.3,9.95,10.03,,155157.0,,raw
2019-09-16,10.03,10.14,9.93,9.99,,119040.0,,raw
2019-09-17,9.94,9.98,9.65,9.73,,119655.0,,raw
2019-09-18,9.68,9.88,9.67,9.77,,68768.0,,raw
2019-09-19,9.8,9.81,9.65,9.77,,50509.0,,raw
2019-09-20,9.76,9.85,9.67,9.69,,63498.0,,raw
2019-09-23,9.69,9.69,9.37,9.52,,62352.0,,raw
2019-09-24,9.6,9.65,9.4,9.63,,60294.0,,raw
2019-09-25,9.57,9.9,9.52,9.7,,118425.0,,raw
2019-09-26,9.8,9.93,9.27,9.31,,134628.0,,raw
2019-09-27,9.43,9.43,9.15,9.22,,85827.0,,raw
2019-09-30,9.16,9.23,8.96,9.05,,71976.0,,raw
2019-10-08,9.06,9.15,8.98,9.03,,35656.0,,raw
2019-10-09,9.03,9.08,8.9,9.08,,39780.0,,raw
2019-10-10,9.08,9.12,9.0,9.1,,52098.0,,raw
2019-10-11,9.06,9.1,8.85,8.97,,65610.0,,raw
2019-10-14,9.06,9.25,9.05,9.17,,70621.0,,raw
2019-10-15,9.13,9.2,8.95,9.0,,54930.0,,raw
2019-10-16,9.07,9.09,8.95,8.99,,28120.0,,raw
2019-10-17,8.87,8.99,8.83,8.87,,34283.0,,raw
2019-10-18,8.91,8.99,8.71,8.8,,39410.0,,raw
2019-10-21,8.81,8.85,8.55,8.67,,36708.0,,raw
2019-10-22,8.64,9.05,8.64,9.01,,70553.0,,raw
2019-10-23,9.0,9.03,8.9,8.92,,24512.0,,raw
2019-10-24,8.92,8.99,8.86,8.91,,19083.0,,raw
2019-10-25,8.91,8.97,8.74,8.97,,31012.0,,raw
2019-10-28,9.0,9.24,8.96,9.2,,62706.0,,raw
2019-10-29,9.18,9.19,8.95,8.95,,48744.0,,raw
2019-10-30,8.95,8.98,8.75,8.76,,34186.0,,raw
2019-10-31,8.6,8.74,8.45,8.54,,54326.0,,raw
2019-11-01,8.56,8.84,8.56,8.81,,43584.0,,raw
2019-11-04,8.8,9.0,8.76,8.95,,42619.0,,raw
2019-11-05,8.99,8.99,8.8,8.85,,36287.0,,raw
2019-11-06,8.89,8.93,8.69,8.75,,31037.0,,raw
2019-11-07,8.77,8.86,8.72,8.76,,19606.0,,raw
2019-11-08,8.78,8.86,8.6,8.63,,36512.0,,raw
2019-11-11,8.57,8.64,8.34,8.38,,39575.0,,raw
2019-11-12,8.39,8.49,8.14,8.4,,53417.0,,raw
2019-11-13,8.32,8.42,8.2,8.23,,24694.0,,raw
2019-11-14,8.23,8.32,8.16,8.27,,19269.0,,raw
2019-11-15,8.26,8.39,8.23,8.34,,25884.0,,raw
2019-11-18,8.33,8.55,8.26,8.4,,29631.0,,raw
2019-11-19,8.49,8.74,8.4,8.68,,56240.0,,raw
2019-11-20,8.68,8.74,8.57,8.59,,31117.0,,raw
2019-11-21,8.59,9.37,8.57,9.2,,206836.0,,raw
2019-11-22,9.23,9.37,9.11,9.3,,121708.0,,raw
2019-11-25,9.35,9.48,9.04,9.3,,84538.0,,raw
2019-11-26,9.29,9.31,9.17,9.23,,42639.0,,raw
2019-11-27,9.25,9.54,9.16,9.36,,83173.0,,raw
2019-11-28,9.36,9.44,9.26,9.36,,35875.0,,raw
2019-11-29,9.34,9.5,9.26,9.4,,33362.0,,raw
2019-12-02,9.26,9.8,9.26,9.56,,82319.0,,raw
2019-12-03,9.51,9.69,9.4,9.68,,45824.0,,raw
2019-12-04,9.63,9.65,9.43,9.5,,33770.0,,raw
2019-12-05,9.49,9.63,9.41,9.52,,48277.0,,raw
2019-12-06,9.54,9.68,9.49,9.67,,53855.0,,raw
2019-12-09,9.72,9.96,9.63,9.93,,94209.0,,raw
2019-12-10,9.89,9.92,9.68,9.84,,56336.0,,raw
2019-12-11,9.88,9.99,9.72,9.81,,52077.0,,raw
2019-12-12,9.84,9.88,9.7,9.72,,30826.0,,raw
2019-12-13,9.8,10.5,9.8,10.31,,179824.0,,raw
2019-12-16,10.32,10.86,10.26,10.85,,143760.0,,raw
2019-12-17,10.87,11.47,10.8,11.3,,183369.0,,raw
2019-12-18,11.69,11.75,10.86,11.0,,173532.0,,raw
2019-12-19,10.92,11.14,10.89,10.97,,101192.0,,raw
2019-12-20,11.01,11.07,10.8,11.02,,78873.0,,raw
2019-12-23,10.98,11.44,10.8,11.0,,107263.0,,raw
2019-12-24,11.0,11.25,10.94,11.2,,57486.0,,raw
2019-12-25,11.12,11.4,11.05,11.29,,66367.0,,raw
2019-12-26,11.27,11.52,11.16,11.29,,55441.0,,raw
2019-12-27,11.2,11.31,10.82,11.04,,88435.0,,raw
2019-12-30,10.87,11.45,10.83,11.34,,85366.0,,raw
2019-12-31,11.45,11.45,11.17,11.26,,49157.0,,raw
2020-01-02,11.29,11.48,11.25,11.29,,77374.0,,raw
2020-01-03,11.36,11.48,11.21,11.27,,51916.0,,raw
2020-01-06,11.11,11.23,10.92,11.07,,159696.0,,raw
2020-01-07,11.07,11.39,10.98,11.37,,154765.0,,raw
2020-01-08,11.25,11.36,11.0,11.09,,96183.0,,raw
2020-01-09,11.24,12.2,11.23,12.2,,204716.0,,raw
2020-01-10,12.26,12.3,11.74,11.94,,189932.0,,raw
2020-01-13,11.82,12.09,11.71,11.94,,120355.0,,raw
2020-01-14,12.0,12.15,11.75,11.93,,82833.0,,raw
2020-01-15,11.88,11.88,11.58,11.73,,81082.0,,raw
2020-01-16,11.73,11.96,11.63,11.84,,71072.0,,raw
2020-01-17,11.83,11.9,11.52,11.65,,78974.0,,raw
2020-01-20,11.64,12.06,11.6,11.88,,81398.0,,raw
2020-01-21,11.9,12.16,11.76,11.88,,90847.0,,raw
2020-01-22,11.67,11.84,11.0,11.62,,195031.0,,raw
2020-01-23,11.54,11.59,10.5,10.78,,213356.0,,raw
2020-02-03,9.7,9.84,9.7,9.7,,81077.0,,raw
2020-02-04,9.64,10.67,9.53,10.59,,189291.0,,raw
2020-02-05,10.45,10.88,10.3,10.71,,161618.0,,raw
2020-02-06,10.7,11.78,10.5,11.78,,256243.0,,raw
2020-02-07,11.95,12.56,11.7,11.96,,256251.0,,raw
2020-02-10,12.0,12.88,11.88,12.31,,234882.0,,raw
2020-02-11,12.43,12.54,11.94,12.03,,197232.0,,raw
2020-02-12,11.93,12.32,11.9,12.19,,180139.0,,raw
2020-02-13,12.29,13.2,12.18,12.66,,264140.0,,raw
2020-02-14,12.41,12.79,12.32,12.57,,144414.0,,raw
2020-02-17,12.51,12.84,12.38,12.81,,188023.0,,raw
2020-02-18,12.85,12.92,12.58,12.82,,156361.0,,raw
2020-02-19,12.82,14.03,12.6,13.52,,286537.0,,raw
2020-02-20,13.46,13.75,13.19,13.61,,197563.0,,raw
2020-02-21,13.44,13.87,13.03,13.15,,254587.0,,raw
2020-02-24,13.3,13.62,13.08,13.53,,206334.0,,raw
2020-02-25,13.17,13.45,12.56,12.95,,427094.0,,raw
2020-02-26,12.61,12.83,11.97,12.15,,394706.0,,raw
2020-02-27,12.39,12.55,12.08,12.33,,283414.0,,raw
2020-02-28,11.78,12.02,11.1,11.1,,326656.0,,raw
2020-03-02,11.18,11.69,10.78,11.47,,254984.0,,raw
2020-03-03,11.6,11.99,11.39,11.56,,227088.0,,raw
2020-03-04,11.54,12.06,11.35,11.94,,199894.0,,raw
2020-03-05,12.05,12.26,11.8,12.13,,185882.0,,raw
2020-03-06,11.99,12.68,11.8,12.22,,199924.0,,raw
2020-03-09,11.97,12.0,11.28,11.3,,155815.0,,raw
2020-03-10,11.03,11.93,11.03,11.9,,167572.0,,raw
2020-03-11,11.99,12.15,11.77,11.91,,136020.0,,raw
2020-03-12,11.74,11.96,11.47,11.68,,92982.0,,raw
2020-03-13,11.03,11.54,11.01,11.33,,147006.0,,raw
2020-03-16,11.37,11.55,10.43,10.52,,156916.0,,raw
2020-03-17,10.71,10.87,10.19,10.77,,136513.0,,raw
2020-03-18,10.9,11.04,10.5,10.5,,100909.0,,raw
2020-03-19,10.55,10.68,10.3,10.64,,108653.0,,raw
2020-03-20,10.91,10.92,10.44,10.58,,89406.0,,raw
2020-03-23,10.19,10.39,9.88,9.95,,99613.0,,raw
2020-03-24,10.15,10.23,9.6,9.98,,116644.0,,raw
2020-03-25,10.28,10.35,10.03,10.14,,121460.0,,raw
2020-03-26,10.08,10.13,9.87,9.91,,76659.0,,raw
2020-03-27,10.05,10.08,9.8,9.82,,77394.0,,raw
2020-03-30,9.79,9.8,9.18,9.38,,88822.0,,raw
2020-03-31,9.5,9.54,9.24,9.25,,67459.0,,raw
2020-04-01,9.1,9.6,9.1,9.37,,89274.0,,raw
2020-04-02,9.4,9.73,9.25,9.7,,71949.0,,raw
2020-04-03,9.66,9.75,9.59,9.67,,61264.0,,raw
2020-04-07,9.91,10.23,9.89,9.94,,97928.0,,raw
2020-04-08,9.96,10.2,9.87,10.14,,79717.0,,raw
2020-04-09,10.17,10.3,10.1,10.19,,56762.0,,raw
2020-04-10,10.21,10.23,9.83,9.9,,46223.0,,raw
2020-04-13,9.9,9.91,9.67,9.73,,32166.0,,raw
2020-04-14,9.73,9.87,9.67,9.86,,43246.0,,raw
2020-04-15,9.9,9.96,9.71,9.74,,43946.0,,raw
2020-04-16,9.73,10.02,9.62,9.98,,52436.0,,raw
2020-04-17,10.02,10.21,9.87,9.91,,67695.0,,raw
2020-04-20,9.88,10.18,9.85,10.16,,59757.0,,raw
2020-04-21,10.07,10.23,10.0,10.2,,58750.0,,raw
2020-04-22,10.19,10.76,10.07,10.67,,146050.0,,raw
2020-04-23,10.7,10.97,10.56,10.7,,118087.0,,raw
2020-04-24,10.65,10.87,10.45,10.52,,102521.0,,raw
2020-04-27,10.51,10.6,10.3,10.33,,60296.0,,raw
2020-04-28,10.2,10.38,9.3,9.44,,179276.0,,raw
2020-04-29,9.46,9.65,9.32,9.53,,72423.0,,raw
2020-04-30,9.53,10.48,9.5,10.39,,165783.0,,raw
2020-05-06,10.27,10.63,10.18,10.57,,121253.0,,raw
2020-05-07,10.63,10.85,10.45,10.51,,78670.0,,raw
2020-05-08,10.6,10.87,10.41,10.48,,98432.0,,raw
2020-05-11,10.72,10.98,10.52,10.67,,139414.0,,raw
2020-05-12,10.9,10.93,10.43,10.57,,97388.0,,raw
2020-05-13,10.57,10.6,10.41,10.52,,72050.0,,raw
2020-05-14,10.55,10.65,10.35,10.54,,86195.0,,raw
2020-05-15,10.5,10.66,10.47,10.55,,114287.0,,raw
2020-05-18,10.56,10.56,10.02,10.02,,137420.0,,raw
2020-05-19,10.13,10.33,10.05,10.25,,77756.0,,raw
2020-05-20,10.26,10.4,10.07,10.15,,68203.0,,raw
2020-05-21,10.18,10.2,9.79,9.8,,101647.0,,raw
2020-05-22,9.75,9.87,9.45,9.53,,90945.0,,raw
2020-05-25,9.55,9.55,9.27,9.37,,65015.0,,raw
2020-05-26,9.37,9.69,9.28,9.66,,98835.0,,raw
2020-05-27,9.67,9.78,9.42,9.47,,70622.0,,raw
2020-05-28,9.45,9.56,9.25,9.55,,77921.0,,raw
2020-05-29,9.53,10.07,9.52,9.94,,151720.0,,raw
2020-06-01,9.95,10.83,9.94,10.68,,209009.0,,raw
2020-06-02,10.6,10.91,10.56,10.77,,151854.0,,raw
2020-06-03,10.83,10.95,10.74,10.82,,120125.0,,raw
2020-06-04,10.75,10.92,10.74,10.8,,77148.0,,raw
2020-06-05,10.72,11.3,10.66,10.98,,151692.0,,raw
2020-06-08,11.03,11.23,10.84,10.9,,118986.0,,raw
2020-06-09,10.88,10.95,10.6,10.74,,107257.0,,raw
2020-06-10,10.71,10.74,10.5,10.52,,55156.0,,raw
2020-06-11,10.5,10.69,10.34,10.41,,73533.0,,raw
2020-06-12,10.2,10.38,10.09,10.24,,80052.0,,raw
2020-06-15,10.24,10.37,9.95,9.96,,131238.0,,raw
2020-06-16,10.09,10.96,10.05,10.96,,177673.0,,raw
2020-06-17,11.4,11.69,11.1,11.33,,278214.0,,raw
2020-06-18,11.22,11.39,11.0,11.05,,150479.0,,raw
2020-06-19,11.15,11.2,10.93,11.05,,113960.0,,raw
2020-06-22,11.1,11.31,10.93,11.08,,145578.0,,raw
2020-06-23,11.09,11.72,11.03,11.35,,223596.0,,raw
2020-06-24,11.32,11.41,11.08,11.19,,124793.0,,raw
2020-06-29,11.17,11.77,10.96,11.58,,207980.0,,raw
2020-06-30,11.62,12.15,11.51,11.96,,192286.0,,raw
2020-07-01,11.95,12.65,11.8,12.38,,228877.0,,raw
2020-07-02,12.37,12.48,12.05,12.35,,164502.0,,raw
2020-07-03,12.39,13.1,12.3,12.9,,218369.0,,raw
2020-07-06,12.97,13.16,12.78,13.0,,241303.0,,raw
2020-07-07,13.05,13.55,12.92,13.09,,184151.0,,raw
2020-07-08,13.03,14.4,13.03,14.09,,293345.0,,raw
2020-07-09,14.2,15.5,14.01,15.5,,267773.0,,raw
2020-07-10,15.63,15.68,14.6,15.12,,218210.0,,raw
2020-07-13,14.97,15.43,14.75,15.32,,184452.0,,raw
2020-07-14,15.21,16.16,14.68,15.2,,222270.0,,raw
2020-07-15,15.4,15.6,14.8,15.23,,213357.0,,raw
2020-07-16,14.95,16.1,14.83,14.87,,229291.0,,raw
2020-07-17,14.86,15.8,14.8,15.43,,199292.0,,raw
2020-07-20,15.8,16.97,15.5,16.97,,320103.0,,raw
2020-07-21,17.2,17.87,16.77,17.21,,226622.0,,raw
2020-07-22,17.12,18.18,16.9,17.95,,184202.0,,raw
2020-07-23,17.8,18.07,16.24,16.51,,332693.0,,raw
2020-07-24,16.8,16.81,15.56,16.2,,285487.0,,raw
2020-07-27,16.15,16.16,15.15,15.38,,228585.0,,raw
2020-07-28,15.68,15.98,15.22,15.6,,125664.0,,raw
2020-07-29,15.58,16.69,15.4,16.53,,187518.0,,raw
2020-07-30,16.59,16.95,16.2,16.53,,177337.0,,raw
2020-07-31,16.37,16.63,15.79,16.15,,139355.0,,raw
2020-08-03,16.25,17.74,16.25,17.25,,183559.0,,raw
2020-08-04,17.46,17.66,16.8,17.35,,138469.0,,raw
2020-08-05,17.21,18.85,17.11,18.66,,191254.0,,raw
2020-08-06,18.55,19.58,18.25,19.17,,144410.0,,raw
2020-08-07,19.35,19.35,17.99,18.26,,167751.0,,raw
2020-08-10,18.25,18.84,17.82,18.7,,126668.0,,raw
2020-08-11,18.97,18.97,17.5,17.53,,131839.0,,raw
2020-08-12,17.56,17.59,16.48,16.96,,147863.0,,raw
2020-08-13,17.08,17.29,16.6,16.65,,86382.0,,raw
2020-08-14,16.61,17.44,16.52,16.93,,85012.0,,raw
2020-08-17,16.9,17.3,16.7,17.08,,86559.0,,raw
2020-08-18,17.06,17.45,16.88,17.22,,95475.0,,raw
2020-08-19,17.26,17.39,16.6,16.63,,87617.0,,raw
2020-08-20,16.22,16.95,16.06,16.43,,82425.0,,raw
2020-08-21,16.38,16.74,16.2,16.56,,66593.0,,raw
2020-08-24,16.75,17.47,16.4,17.03,,91761.0,,raw
2020-08-25,17.15,17.17,16.6,16.63,,57335.0,,raw
2020-08-26,16.65,16.82,15.89,16.08,,70495.0,,raw
2020-08-27,16.16,16.26,15.91,16.19,,50127.0,,raw
2020-08-28,16.37,17.81,16.23,17.81,,159442.0,,raw
2020-08-31,18.13,19.14,18.1,18.83,,213832.0,,raw
2020-09-01,18.68,19.12,18.58,18.92,,97970.0,,raw
2020-09-02,18.7,19.84,18.7,19.37,,124993.0,,raw
2020-09-03,19.43,19.6,19.02,19.15,,90056.0,,raw
2020-09-04,18.6,19.47,18.39,19.29,,124144.0,,raw
2020-09-07,19.48,19.6,18.31,18.43,,96358.0,,raw
2020-09-08,18.52,18.7,18.0,18.12,,112435.0,,raw
2020-09-09,18.2,18.2,17.0,17.53,,108804.0,,raw
2020-09-10,17.57,17.73,16.9,17.01,,83294.0,,raw
2020-09-11,17.14,18.3,16.9,18.19,,88647.0,,raw
2020-09-14,18.48,18.65,17.9,18.47,,88984.0,,raw
2020-09-15,18.47,18.92,18.22,18.69,,69228.0,,raw
2020-09-16,18.58,18.67,18.09,18.25,,50456.0,,raw
2020-09-17,18.27,19.05,18.15,18.72,,83254.0,,raw
2020-09-18,18.76,19.74,18.56,19.18,,85846.0,,raw
2020-09-21,19.35,20.1,19.08,19.4,,132341.0,,raw
2020-09-22,19.23,19.58,18.87,19.1,,73637.0,,raw
2020-09-23,19.15,19.29,18.7,18.99,,51477.0,,raw
2020-09-24,18.86,19.05,18.18,18.28,,67249.0,,raw
2020-09-25,18.4,18.54,18.2,18.32,,54892.0,,raw
2020-09-28,18.35,18.65,18.07,18.42,,60080.0,,raw
2020-09-29,18.43,19.28,18.22,19.15,,80774.0,,raw
2020-09-30,19.14,20.07,19.0,19.6,,103755.0,,raw
2020-10-09,20.08,21.0,19.67,20.87,,127084.0,,raw
2020-10-12,21.0,21.66,20.99,21.39,,115827.0,,raw
2020-10-13,21.2,21.66,21.11,21.42,,56528.0,,raw
2020-10-14,21.5,22.85,21.38,22.35,,118913.0,,raw
2020-10-15,22.29,23.15,22.06,23.03,,100029.0,,raw
2020-10-16,23.28,23.28,21.01,22.41,,204100.0,,raw
2020-10-19,22.13,22.65,21.84,22.52,,113007.0,,raw
2020-10-20,22.44,22.78,22.21,22.58,,69623.0,,raw
2020-10-21,22.98,22.98,22.1,22.56,,72155.0,,raw
2020-10-22,22.35,22.77,21.94,22.29,,75477.0,,raw
2020-10-23,22.46,22.62,21.6,21.9,,98331.0,,raw
2020-10-26,21.6,22.2,20.95,22.08,,77309.0,,raw
2020-10-27,22.09,24.29,21.8,24.29,,170065.0,,raw
2020-10-28,24.5,24.6,22.98,23.37,,134628.0,,raw
2020-10-29,22.97,23.6,22.74,23.53,,95398.0,,raw
2020-10-30,23.61,23.63,22.08,22.16,,141567.0,,raw
2020-11-02,22.32,24.15,21.94,23.95,,138994.0,,raw
2020-11-03,24.09,24.54,23.51,23.68,,121860.0,,raw
2020-11-04,23.82,24.2,23.25,23.93,,85674.0,,raw
2020-11-05,24.32,24.49,23.41,23.69,,78759.0,,raw
2020-11-06,23.8,24.53,22.9,23.96,,118088.0,,raw
2020-11-09,24.2,25.9,23.53,25.29,,185658.0,,raw
2020-11-10,25.11,25.11,23.89,24.78,,154082.0,,raw
2020-11-11,24.67,26.38,23.92,24.1,,181043.0,,raw
2020-11-12,24.1,25.0,22.31,23.38,,125405.0,,raw
2020-11-13,23.58,25.0,23.44,24.37,,122145.0,,raw
2020-11-16,24.4,24.5,23.6,23.82,,74703.0,,raw
2020-11-17,23.89,24.03,22.88,23.18,,84270.0,,raw
2020-11-18,23.08,23.16,21.7,21.85,,125985.0,,raw
2020-11-19,21.88,23.27,21.5,23.1,,113977.0,,raw
2020-11-20,23.1,25.1,23.0,25.01,,128097.0,,raw
2020-11-23,25.67,26.88,24.51,26.79,,150250.0,,raw
2020-11-24,27.78,27.78,25.32,25.99,,102635.0,,raw
2020-11-25,25.87,26.25,25.0,25.2,,61060.0,,raw
2020-11-26,25.3,25.57,24.23,24.9,,74287.0,,raw
2020-11-27,25.09,25.83,24.72,25.05,,66572.0,,raw
2020-11-30,25.02,25.19,23.88,23.95,,85553.0,,raw
2020-12-01,23.98,26.02,23.96,26.0,,113456.0,,raw
2020-12-02,26.0,26.29,25.05,25.44,,111606.0,,raw
2020-12-03,25.0,25.02,23.11,23.32,,180476.0,,raw
2020-12-04,23.55,24.69,23.12,24.1,,96307.0,,raw
2020-12-07,23.91,25.22,23.9,24.87,,88300.0,,raw
2020-12-08,24.95,25.85,24.53,25.71,,86761.0,,raw
2020-12-09,25.99,26.66,25.04,25.35,,101515.0,,raw
2020-12-10,25.3,25.81,24.6,25.53,,57003.0,,raw
2020-12-11,25.36,26.3,24.55,24.62,,83564.0,,raw
2020-12-14,24.74,27.0,24.3,27.0,,138623.0,,raw
2020-12-15,27.0,27.41,26.43,27.27,,88469.0,,raw
2020-12-16,27.33,28.2,27.0,28.15,,112155.0,,raw
2020-12-17,27.89,28.45,27.7,28.11,,89246.0,,raw
2020-12-18,28.2,28.78,27.75,28.2,,71107.0,,raw
2020-12-21,28.15,31.02,28.14,31.02,,117935.0,,raw
2020-12-22,31.75,31.75,30.21,30.41,,105107.0,,raw
2020-12-23,30.5,31.45,30.21,31.3,,62283.0,,raw
2020-12-24,31.01,31.48,29.58,29.85,,79442.0,,raw
2020-12-25,29.62,30.1,29.3,29.94,,57345.0,,raw
2020-12-28,29.98,30.9,28.73,29.08,,83289.0,,raw
2020-12-29,29.3,29.5,28.3,28.75,,84519.0,,raw
2020-12-30,28.68,29.96,28.45,29.56,,84996.0,,raw
2020-12-31,29.52,30.3,28.95,29.82,,95397.0,,raw
2021-01-04,29.58,32.0,29.51,31.77,,91838.0,,raw
2021-01-05,31.76,32.33,30.99,31.75,,89522.0,,raw
2021-01-06,31.99,34.15,31.75,32.7,,112526.0,,raw
2021-01-07,32.41,34.4,32.4,34.39,,90134.0,,raw
2021-01-08,34.65,34.68,30.95,30.95,,140510.0,,raw
2021-01-11,30.81,31.99,29.16,30.55,,131633.0,,raw
2021-01-12,30.21,32.26,30.06,31.77,,84321.0,,raw
2021-01-13,31.8,32.56,30.63,31.0,,88833.0,,raw
2021-01-14,30.35,31.2,28.95,30.6,,99946.0,,raw
2021-01-15,30.85,31.17,29.88,30.64,,72323.0,,raw
2021-01-18,30.81,32.85,30.38,32.48,,100194.0,,raw
2021-01-19,32.44,33.24,30.73,31.03,,87752.0,,raw
2021-01-20,31.21,32.85,31.03,32.67,,85764.0,,raw
2021-01-21,32.63,34.6,32.51,34.34,,118485.0,,raw
2021-01-22,34.29,36.86,33.8,36.35,,129391.0,,raw
2021-01-25,36.13,38.89,35.53,38.34,,128434.0,,raw
2021-01-26,37.97,38.69,36.2,36.36,,112264.0,,raw
2021-01-27,36.0,37.44,33.91,36.29,,138423.0,,raw
2021-01-28,36.41,36.41,34.8,35.38,,87641.0,,raw
2021-01-29,36.24,37.14,32.78,33.86,,169002.0,,raw
2021-02-01,33.86,35.98,33.35,35.35,,131552.0,,raw
2021-02-02,35.58,35.9,34.1,35.2,,95506.0,,raw
2021-02-03,35.8,36.18,34.51,35.05,,101383.0,,raw
2021-02-04,34.5,35.34,33.18,33.98,,83250.0,,raw
2021-02-05,34.01,35.49,33.1,34.3,,93792.0,,raw
2021-02-08,34.26,37.65,33.8,37.2,,130917.0,,raw
2021-02-09,37.57,37.88,36.28,37.01,,87094.0,,raw
2021-02-10,37.26,39.22,36.88,38.46,,89141.0,,raw
2021-02-18,40.0,40.0,37.46,38.24,,98447.0,,raw
2021-02-19,37.8,38.24,35.09,36.41,,121195.0,,raw
2021-02-22,36.25,36.25,33.7,33.75,,125116.0,,raw
2021-02-23,32.49,34.55,31.62,33.2,,100571.0,,raw
2021-02-24,33.45,33.77,30.48,30.77,,157727.0,,raw
2021-02-25,31.32,31.79,30.3,31.02,,99062.0,,raw
2021-02-26,30.2,30.49,28.84,29.44,,148302.0,,raw
2021-03-01,29.51,30.46,29.51,30.33,,93954.0,,raw
2021-03-02,30.77,30.8,28.88,29.19,,117073.0,,raw
2021-03-03,29.25,29.96,28.6,29.8,,80908.0,,raw
2021-03-04,29.61,29.8,28.21,28.48,,117311.0,,raw
2021-03-05,27.8,29.1,27.36,28.9,,121983.0,,raw
2021-03-08,29.3,29.39,26.01,26.01,,166353.0,,raw
2021-03-09,25.47,25.6,23.82,24.29,,199055.0,,raw
2021-03-10,25.01,25.18,23.86,23.9,,169562.0,,raw
2021-03-11,24.16,25.48,23.74,24.82,,194117.0,,raw
2021-03-12,25.19,25.2,23.79,24.53,,120994.0,,raw
2021-03-15,24.24,24.98,23.88,24.0,,83954.0,,raw
2021-03-16,24.2,24.2,22.3,22.95,,189847.0,,raw
2021-03-17,23.08,24.91,22.68,24.68,,165341.0,,raw
2021-03-18,24.9,27.15,24.66,27.15,,203851.0,,raw
2021-03-19,26.79,28.45,26.3,26.88,,238553.0,,raw
2021-03-22,27.29,27.68,25.71,26.2,,196228.0,,raw
2021-03-23,26.27,26.6,25.43,25.74,,93100.0,,raw
2021-03-24,25.6,26.45,25.3,25.5,,97859.0,,raw
2021-03-25,24.9,26.25,24.8,25.51,,125558.0,,raw
2021-03-26,25.29,26.64,24.85,26.33,,131717.0,,raw
2021-03-29,26.43,26.69,25.21,25.48,,119282.0,,raw
2021-03-30,25.25,26.76,25.11,26.45,,113821.0,,raw
2021-03-31,26.18,26.26,25.18,25.89,,94496.0,,raw
2021-04-01,25.62,26.51,25.51,26.15,,59281.0,,raw
2021-04-02,26.15,27.62,26.15,27.16,,77291.0,,raw
2021-04-06,27.16,27.5,26.8,27.25,,59954.0,,raw
2021-04-07,27.04,27.2,25.96,26.15,,90210.0,,raw
2021-04-08,26.14,26.99,25.58,26.28,,57255.0,,raw
2021-04-09,26.3,26.42,25.78,26.09,,63955.0,,raw
2021-04-12,26.1,26.71,25.8,26.12,,79872.0,,raw
2021-04-13,25.91,26.29,25.31,25.47,,87439.0,,raw
2021-04-14,25.71,27.75,25.71,27.5,,143385.0,,raw
2021-04-15,27.45,29.61,26.93,29.25,,129904.0,,raw
2021-04-16,29.25,30.33,28.51,29.65,,125640.0,,raw
2021-04-19,29.49,32.1,29.29,32.08,,131820.0,,raw
2021-04-20,31.5,32.39,31.2,31.33,,81402.0,,raw
2021-04-21,31.33,32.55,31.05,31.84,,96195.0,,raw
2021-04-22,31.89,32.4,31.0,32.16,,73020.0,,raw
2021-04-23,32.04,32.36,31.6,31.9,,74663.0,,raw
2021-04-26,31.85,33.19,31.6,31.96,,78407.0,,raw
2021-04-27,32.09,32.15,31.17,32.11,,59062.0,,raw
2021-04-28,32.3,33.78,31.65,33.67,,108305.0,,raw
2021-04-29,34.01,34.32,33.0,33.1,,67111.0,,raw
2021-04-30,33.03,33.03,31.21,32.21,,89959.0,,raw
2021-05-06,32.16,32.58,31.45,31.81,,77163.0,,raw
2021-05-07,31.81,32.23,30.18,30.26,,81651.0,,raw
2021-05-10,30.24,30.7,28.6,29.0,,140808.0,,raw
2021-05-11,29.0,30.45,28.31,29.65,,131770.0,,raw
2021-05-12,29.5,30.14,28.88,29.66,,75069.0,,raw
2021-05-13,29.36,29.37,28.27,28.82,,72234.0,,raw
2021-05-14,29.01,29.69,28.2,29.48,,74789.0,,raw
2021-05-17,29.31,31.17,29.3,30.11,,118365.0,,raw
2021-05-18,29.97,30.33,29.26,30.23,,57076.0,,raw
2021-05-19,29.8,30.87,29.65,30.51,,66620.0,,raw
2021-05-20,29.89,30.95,29.5,30.05,,98515.0,,raw
2021-05-21,30.3,30.98,29.51,30.2,,119716.0,,raw
2021-05-24,30.21,30.47,29.7,29.98,,53518.0,,raw
2021-05-25,29.98,30.84,29.71,30.56,,91395.0,,raw
2021-05-26,30.62,32.5,30.56,31.9,,129244.0,,raw
2021-05-27,32.0,32.92,31.77,32.25,,101981.0,,raw
2021-05-28,32.28,33.33,32.0,32.48,,74718.0,,raw
2021-05-31,32.61,33.21,32.58,33.15,,75504.0,,raw
2021-06-01,32.99,33.38,32.05,32.91,,62402.0,,raw
2021-06-02,32.91,33.02,31.33,31.6,,70216.0,,raw
2021-06-03,31.48,32.1,31.16,31.21,,53773.0,,raw
2021-06-04,31.21,31.8,31.04,31.47,,53481.0,,raw
2021-06-07,31.79,31.8,30.9,31.45,,63157.0,,raw
2021-06-08,31.47,31.56,30.4,30.8,,67976.0,,raw
2021-06-09,30.83,33.88,30.8,33.88,,196242.0,,raw
2021-06-10,33.88,34.51,33.1,33.87,,145781.0,,raw
2021-06-11,34.06,34.22,32.91,33.2,,67184.0,,raw
2021-06-15,33.57,34.28,33.01,33.9,,87122.0,,raw
2021-06-16,33.61,33.9,32.09,32.73,,83877.0,,raw
2021-06-17,32.46,34.51,32.3,34.25,,98381.0,,raw
2021-06-18,34.55,37.68,33.95,37.68,,152959.0,,raw
2021-06-21,37.9,39.48,37.0,37.78,,151600.0,,raw
2021-06-22,38.4,39.06,37.79,38.83,,80120.0,,raw
2021-06-23,38.92,39.9,38.04,38.31,,77751.0,,raw
2021-06-24,38.27,38.5,36.5,36.9,,87072.0,,raw
2021-06-25,37.32,38.73,36.25,38.14,,74107.0,,raw
2021-06-28,38.3,38.6,37.25,37.98,,56453.0,,raw
2021-06-29,38.0,39.24,37.68,38.1,,59693.0,,raw
2021-06-30,38.69,39.4,37.68,39.05,,49157.0,,raw
2021-07-01,38.7,39.83,37.55,38.97,,68457.0,,raw
2021-07-02,38.48,40.88,37.81,38.97,,117374.0,,raw
2021-07-05,39.52,40.37,37.95,38.23,,107561.0,,raw
2021-07-06,38.66,38.76,36.48,38.64,,147408.0,,raw
2021-07-07,38.38,40.52,37.8,40.03,,117934.0,,raw
2021-07-08,40.64,42.5,40.15,41.9,,129119.0,,raw
2021-07-09,41.9,42.23,40.2,41.34,,80038.0,,raw
2021-07-12,41.06,41.77,40.0,41.45,,63595.0,,raw
2021-07-13,41.0,42.36,40.51,41.65,,62146.0,,raw
2021-07-14,41.4,41.6,38.73,38.88,,103045.0,,raw
2021-07-15,38.56,40.13,38.0,38.93,,60275.0,,raw
2021-07-16,39.08,39.22,37.08,38.16,,82730.0,,raw
2021-07-19,38.06,38.57,36.98,37.72,,60712.0,,raw
2021-07-20,37.94,38.37,37.39,38.06,,44974.0,,raw
2021-07-21,38.25,41.36,38.25,40.5,,95043.0,,raw
2021-07-22,40.5,41.2,39.89,40.76,,55920.0,,raw
2021-07-23,40.76,40.76,38.97,39.84,,51656.0,,raw
2021-07-26,40.34,41.47,38.71,40.1,,61663.0,,raw
2021-07-27,39.98,41.02,37.37,37.6,,69045.0,,raw
2021-07-28,36.0,37.7,35.75,37.0,,64275.0,,raw
2021-07-29,37.75,39.18,37.38,37.99,,92806.0,,raw
2021-07-30,38.25,39.6,38.17,39.02,,102353.0,,raw
2021-08-02,39.35,40.49,38.43,39.62,,133931.0,,raw
2021-08-03,40.58,41.05,37.61,37.79,,129138.0,,raw
2021-08-04,37.38,39.08,37.22,38.0,,140122.0,,raw
2021-08-05,38.0,38.0,35.83,36.09,,140421.0,,raw
2021-08-06,36.2,36.45,33.85,33.9,,146278.0,,raw
2021-08-09,33.9,34.5,33.28,34.04,,119901.0,,raw
2021-08-10,34.01,34.04,32.85,33.6,,124724.0,,raw
2021-08-11,33.9,35.15,33.21,35.11,,169944.0,,raw
2021-08-12,35.11,35.12,33.1,33.6,,103447.0,,raw
2021-08-13,33.42,34.4,33.02,33.1,,76145.0,,raw
2021-08-16,33.15,33.18,31.7,32.25,,90999.0,,raw
2021-08-17,32.1,32.59,30.51,30.65,,92592.0,,raw
2021-08-18,30.5,31.32,30.47,31.28,,87037.0,,raw
2021-08-19,31.41,31.58,30.57,31.12,,66755.0,,raw
2021-08-20,31.3,31.78,30.68,31.14,,98587.0,,raw
2021-08-23,32.37,33.5,32.13,33.48,,187902.0,,raw
2021-08-24,34.52,34.65,32.8,33.1,,163739.0,,raw
2021-08-25,33.01,33.7,32.51,33.28,,85886.0,,raw
2021-08-26,33.28,33.81,32.7,32.99,,70142.0,,raw
2021-08-27,32.96,33.09,32.0,32.38,,92959.0,,raw
2021-08-30,32.83,34.28,32.7,34.25,,114554.0,,raw
2021-08-31,32.37,32.39,30.83,30.83,,95496.0,,raw
2021-09-01,29.29,30.0,27.75,27.75,,241289.0,,raw
2021-09-02,26.58,27.27,25.31,25.73,,385452.0,,raw
2021-09-03,25.44,25.44,23.6,24.07,,292919.0,,raw
2021-09-06,23.91,26.27,23.3,25.9,,390266.0,,raw
2021-09-07,25.29,25.88,24.75,25.24,,229867.0,,raw
2021-09-08,25.26,25.63,24.81,25.27,,156641.0,,raw
2021-09-09,25.4,25.78,24.71,24.85,,128727.0,,raw
2021-09-10,24.86,25.3,24.12,25.12,,157238.0,,raw
2021-09-13,25.28,25.63,24.6,25.34,,147940.0,,raw
2021-09-14,25.99,26.49,25.29,25.5,,183684.0,,raw
2021-09-15,25.5,25.5,24.79,24.95,,106286.0,,raw
2021-09-16,24.9,24.91,23.7,24.6,,157827.0,,raw
2021-09-17,24.22,24.45,23.13,23.48,,141505.0,,raw
2021-09-22,22.83,24.19,22.67,23.48,,99642.0,,raw
2021-09-23,23.99,23.99,23.2,23.47,,102569.0,,raw
2021-09-24,23.47,24.29,23.3,23.66,,145417.0,,raw
2021-09-27,23.66,23.8,22.32,22.74,,142085.0,,raw
2021-09-28,22.57,22.88,22.2,22.29,,135312.0,,raw
2021-09-29,22.0,22.24,21.15,21.16,,127047.0,,raw
2021-09-30,21.5,22.1,21.25,21.92,,157254.0,,raw
2021-10-08,22.32,23.48,22.3,22.45,,149804.0,,raw
2021-10-11,22.79,23.38,22.23,23.0,,127137.0,,raw
2021-10-12,22.94,22.94,22.15,22.17,,100943.0,,raw
2021-10-13,22.18,22.45,21.61,22.34,,66827.0,,raw
2021-10-14,22.22,22.78,22.13,22.4,,65707.0,,raw
2021-10-15,22.54,24.64,22.29,24.64,,250214.0,,raw
2021-10-18,25.0,27.1,24.88,27.1,,421742.0,,raw
2021-10-19,27.18,27.55,26.22,27.0,,308053.0,,raw
2021-10-20,27.35,29.5,27.05,28.8,,389807.0,,raw
2021-10-21,28.77,28.77,27.15,27.8,,206576.0,,raw
2021-10-22,27.53,27.68,26.02,26.53,,220429.0,,raw
2021-10-25,26.53,27.06,25.82,25.82,,209995.0,,raw
2021-10-26,26.07,26.72,25.56,26.72,,197371.0,,raw
2021-10-27,26.36,26.36,25.3,25.69,,141203.0,,raw
2021-10-28,25.29,26.2,24.98,25.17,,123483.0,,raw
2021-10-29,24.88,26.67,24.73,26.45,,166260.0,,raw
2021-11-01,26.4,26.53,25.3,26.01,,123775.0,,raw
2021-11-02,26.0,27.18,25.68,26.48,,135941.0,,raw
2021-11-03,26.42,27.25,26.14,27.03,,110508.0,,raw
2021-11-04,27.19,28.22,27.19,28.12,,132742.0,,raw
2021-11-05,27.81,27.9,26.8,27.02,,106283.0,,raw
2021-11-08,26.3,27.15,26.0,27.14,,74436.0,,raw
2021-11-09,27.06,27.65,26.75,27.65,,72922.0,,raw
2021-11-10,27.63,28.38,27.0,27.18,,94002.0,,raw
2021-11-11,26.95,27.28,26.7,27.03,,68525.0,,raw
2021-11-12,27.0,29.0,26.93,28.8,,156264.0,,raw
2021-11-15,28.34,29.48,28.0,28.75,,121074.0,,raw
2021-11-16,28.53,29.18,28.21,29.04,,88207.0,,raw
2021-11-17,28.85,30.45,28.68,29.58,,129300.0,,raw
2021-11-18,29.4,30.19,28.7,29.06,,105825.0,,raw
2021-11-19,28.77,29.34,28.43,28.97,,70452.0,,raw
2021-11-22,28.75,28.96,27.82,28.56,,95466.0,,raw
2021-11-23,28.42,29.6,28.08,29.52,,96557.0,,raw
2021-11-24,29.13,29.6,28.82,28.92,,66600.0,,raw
2021-11-25,28.7,28.9,28.0,28.5,,70932.0,,raw
2021-11-26,28.2,28.98,28.0,28.45,,64525.0,,raw
2021-11-29,27.98,28.46,27.38,27.44,,64567.0,,raw
2021-11-30,27.4,27.99,27.37,27.51,,51758.0,,raw
2021-12-01,27.55,28.24,27.51,27.87,,45308.0,,raw
2021-12-02,27.85,28.13,27.63,27.63,,43386.0,,raw
2021-12-03,27.86,28.06,25.88,26.56,,106990.0,,raw
2021-12-06,26.5,26.88,26.2,26.51,,47755.0,,raw
2021-12-07,26.9,26.97,26.3,26.68,,40632.0,,raw
2021-12-08,26.68,26.96,26.13,26.44,,64216.0,,raw
2021-12-09,26.38,27.26,26.21,26.99,,71591.0,,raw
2021-12-10,26.8,27.43,26.66,26.77,,49295.0,,raw
2021-12-13,26.68,27.23,26.6,26.88,,41587.0,,raw
2021-12-14,26.73,27.22,26.66,26.9,,34821.0,,raw
2021-12-15,26.75,26.93,26.05,26.18,,55822.0,,raw
2021-12-16,25.93,26.34,25.24,25.72,,84009.0,,raw
2021-12-17,25.8,25.8,25.01,25.01,,63096.0,,raw
2021-12-20,25.0,25.5,24.58,24.87,,50026.0,,raw
2021-12-21,24.6,25.25,24.6,24.9,,41456.0,,raw
2021-12-22,25.03,25.14,24.85,25.07,,25617.0,,raw
2021-12-23,24.94,25.1,24.55,24.57,,40226.0,,raw
2021-12-24,24.45,24.9,24.07,24.29,,41144.0,,raw
2021-12-27,24.16,24.29,23.88,23.93,,34056.0,,raw
2021-12-28,24.25,26.28,24.02,25.74,,105573.0,,raw
2021-12-29,25.33,25.95,25.21,25.76,,70157.0,,raw
2021-12-30,25.76,26.58,25.61,26.0,,85893.0,,raw
2021-12-31,25.98,26.24,25.53,25.95,,48203.0,,raw
2022-01-04,25.8,26.5,25.8,26.25,,48425.0,,raw
2022-01-05,26.0,26.32,25.31,25.59,,51979.0,,raw
2022-01-06,25.4,25.63,24.72,24.93,,58077.0,,raw
2022-01-07,24.96,25.05,23.64,23.71,,118092.0,,raw
2022-01-10,23.7,23.72,22.8,22.99,,109256.0,,raw
2022-01-11,22.95,23.92,22.95,23.8,,103274.0,,raw
2022-01-12,24.15,25.85,24.0,25.68,,175365.0,,raw
2022-01-13,25.93,27.89,25.84,27.27,,241800.0,,raw
2022-01-14,27.0,27.1,26.29,26.47,,71091.0,,raw
2022-01-17,26.48,27.27,26.28,26.64,,58256.0,,raw
2022-01-18,26.5,27.22,26.06,26.35,,56683.0,,raw
2022-01-19,26.34,26.78,25.66,26.25,,49367.0,,raw
2022-01-20,26.25,26.25,25.4,25.84,,32757.0,,raw
2022-01-21,25.76,26.08,25.45,25.74,,26284.0,,raw
2022-01-24,25.74,25.75,24.5,24.77,,54104.0,,raw
2022-01-25,24.88,25.19,23.93,23.97,,36847.0,,raw
2022-01-26,24.0,24.35,23.87,24.22,,23252.0,,raw
2022-01-27,24.13,24.49,22.92,23.0,,49236.0,,raw
2022-01-28,23.1,23.5,22.81,22.9,,46097.0,,raw
2022-02-07,23.5,24.57,23.5,24.57,,58424.0,,raw
2022-02-08,24.58,24.6,23.54,23.96,,50529.0,,raw
2022-02-09,23.96,23.99,23.3,23.93,,56906.0,,raw
2022-02-10,23.7,23.99,23.27,23.45,,48362.0,,raw
2022-02-11,23.39,23.39,22.21,22.3,,90790.0,,raw
2022-02-14,22.04,22.48,21.64,22.23,,45106.0,,raw
2022-02-15,22.26,22.83,22.26,22.59,,49938.0,,raw
2022-02-16,22.62,23.23,22.59,22.91,,50896.0,,raw
2022-02-17,23.0,23.11,22.51,22.67,,47636.0,,raw
2022-02-18,22.46,22.49,21.83,22.0,,94430.0,,raw
2022-02-21,21.86,22.15,21.65,22.14,,79454.0,,raw
2022-02-22,22.0,22.33,21.68,22.29,,85239.0,,raw
2022-02-23,22.58,24.2,22.48,23.99,,179480.0,,raw
2022-02-24,23.6,24.55,23.39,23.88,,133048.0,,raw
2022-02-25,24.3,24.44,23.61,23.77,,66810.0,,raw
2022-02-28,23.75,23.75,23.22,23.54,,42463.0,,raw
2022-03-01,23.76,23.88,23.4,23.64,,42645.0,,raw
2022-03-02,23.6,23.6,23.2,23.4,,37218.0,,raw
2022-03-03,23.5,23.64,22.75,22.77,,50411.0,,raw
2022-03-04,22.68,23.09,22.47,22.58,,42836.0,,raw
2022-03-07,22.4,22.76,22.03,22.14,,42259.0,,raw
2022-03-08,22.1,22.42,20.18,20.43,,146855.0,,raw
2022-03-09,20.43,20.7,18.39,19.19,,155553.0,,raw
2022-03-10,19.8,20.3,19.5,19.95,,133168.0,,raw
2022-03-11,19.61,20.33,19.1,19.9,,102167.0,,raw
2022-03-14,19.59,19.64,18.96,18.97,,76835.0,,raw
2022-03-15,18.8,19.21,18.18,18.24,,115125.0,,raw
2022-03-16,18.57,18.75,17.4,18.36,,126866.0,,raw
2022-03-17,18.61,19.79,18.56,19.39,,147899.0,,raw
2022-03-18,19.34,19.68,18.92,19.21,,69889.0,,raw
2022-03-21,19.31,19.94,19.15,19.53,,73875.0,,raw
2022-03-22,19.45,19.6,19.23,19.45,,41843.0,,raw
2022-03-23,19.52,19.85,19.21,19.6,,47154.0,,raw
2022-03-24,19.41,19.52,19.13,19.28,,44574.0,,raw
2022-03-25,19.54,19.75,19.15,19.24,,62889.0,,raw
2022-03-28,19.17,19.89,18.43,19.79,,106820.0,,raw
2022-03-29,19.85,20.38,19.61,20.12,,84430.0,,raw
2022-03-30,20.4,21.13,20.24,20.89,,96989.0,,raw
2022-03-31,20.88,20.9,20.1,20.11,,78821.0,,raw
2022-04-01,19.93,20.45,19.81,20.25,,53197.0,,raw
2022-04-06,20.24,20.75,19.8,20.01,,56377.0,,raw
2022-04-07,19.74,19.88,18.97,19.04,,108660.0,,raw
2022-04-08,19.04,19.15,17.68,17.84,,149883.0,,raw
2022-04-11,17.84,17.85,16.49,16.6,,122671.0,,raw
2022-04-12,16.59,16.7,15.98,16.6,,134788.0,,raw
2022-04-13,16.61,16.77,15.81,15.88,,163162.0,,raw
2022-04-14,16.0,16.1,15.5,15.72,,136391.0,,raw
2022-04-15,15.52,15.6,15.02,15.33,,113659.0,,raw
2022-04-18,15.19,15.83,14.86,15.78,,89112.0,,raw
2022-04-19,15.69,16.29,15.6,15.86,,85997.0,,raw
2022-04-20,16.22,16.38,15.75,15.94,,99569.0,,raw
2022-04-21,15.67,15.85,14.77,14.94,,112271.0,,raw
2022-04-22,14.89,14.89,14.29,14.35,,111321.0,,raw
2022-04-25,14.0,14.12,13.01,13.04,,139529.0,,raw
2022-04-26,13.04,13.29,12.47,12.49,,138025.0,,raw
2022-04-27,12.4,13.54,12.2,13.54,,132743.0,,raw
2022-04-28,13.49,13.82,13.3,13.48,,103768.0,,raw
2022-04-29,13.9,14.83,13.9,14.83,,206902.0,,raw
2022-05-05,15.13,15.65,14.9,15.16,,169828.0,,raw
2022-05-06,14.85,15.13,14.61,14.8,,78148.0,,raw
2022-05-09,14.97,15.13,14.82,14.95,,57161.0,,raw
2022-05-10,14.65,15.49,14.51,15.33,,86913.0,,raw
2022-05-11,15.35,15.99,15.25,15.47,,124314.0,,raw
2022-05-12,15.33,15.78,15.21,15.53,,85172.0,,raw
2022-05-13,15.72,15.78,15.19,15.36,,92701.0,,raw
2022-05-16,15.43,15.94,15.42,15.47,,87280.0,,raw
2022-05-17,15.52,15.75,15.26,15.72,,66598.0,,raw
2022-05-18,15.86,15.96,15.6,15.74,,60558.0,,raw
2022-05-19,15.51,16.03,15.36,16.01,,73762.0,,raw
2022-05-20,16.03,16.91,16.03,16.41,,119427.0,,raw
2022-05-23,16.34,16.73,16.27,16.68,,85667.0,,raw
2022-05-24,16.6,16.74,15.47,15.5,,120589.0,,raw
2022-05-25,15.37,15.94,15.37,15.87,,74364.0,,raw
2022-05-26,15.87,16.32,15.5,16.2,,88378.0,,raw
2022-05-27,16.51,16.52,15.8,15.9,,74304.0,,raw
2022-05-30,16.0,16.24,15.65,16.21,,65370.0,,raw
2022-05-31,16.2,17.06,15.91,16.87,,124733.0,,raw
2022-06-01,17.0,18.01,16.83,17.49,,161922.0,,raw
2022-06-02,17.59,18.26,17.21,17.97,,111498.0,,raw
2022-06-06,18.1,18.54,17.88,18.15,,119951.0,,raw
2022-06-07,18.26,18.34,17.58,17.82,,89502.0,,raw
2022-06-08,17.77,17.95,17.23,17.73,,77922.0,,raw
2022-06-09,17.54,17.73,17.06,17.12,,72873.0,,raw
2022-06-10,17.02,17.88,16.92,17.78,,72525.0,,raw
2022-06-13,18.03,19.56,18.03,18.98,,242042.0,,raw
2022-06-14,18.77,18.8,17.85,18.6,,180362.0,,raw
2022-06-15,18.63,18.78,18.22,18.33,,153178.0,,raw
2022-06-16,18.29,18.74,18.28,18.56,,124779.0,,raw
2022-06-17,18.22,18.72,18.12,18.6,,119506.0,,raw
2022-06-20,18.71,19.5,18.6,19.13,,162653.0,,raw
2022-06-21,19.75,20.96,19.38,19.8,,307064.0,,raw
2022-06-22,19.67,20.21,19.0,19.04,,187285.0,,raw
2022-06-23,19.03,20.38,19.03,20.17,,230703.0,,raw
2022-06-24,20.15,21.25,19.8,20.94,,213247.0,,raw
2022-06-27,21.77,23.03,21.21,23.03,,371716.0,,raw
2022-06-28,23.92,25.33,23.18,25.33,,439968.0,,raw
2022-06-29,25.79,27.47,23.88,25.47,,729392.0,,raw
2022-06-30,24.4,25.97,23.55,24.5,,424266.0,,raw
2022-07-01,24.15,26.3,24.15,25.46,,413005.0,,raw
2022-07-04,25.41,25.41,24.12,24.74,,378314.0,,raw
2022-07-05,24.2,24.57,22.8,23.23,,422741.0,,raw
2022-07-06,23.3,24.36,23.18,23.69,,357617.0,,raw
2022-07-07,23.69,23.96,22.7,23.25,,296678.0,,raw
2022-07-08,23.35,24.74,23.35,23.6,,331990.0,,raw
2022-07-11,23.69,24.03,22.95,23.29,,251150.0,,raw
2022-07-12,23.28,23.29,22.3,22.31,,207037.0,,raw
2022-07-13,22.19,22.68,21.8,22.4,,192846.0,,raw
2022-07-14,22.5,24.58,22.2,24.09,,339674.0,,raw
2022-07-15,23.83,24.2,23.3,23.33,,242595.0,,raw
2022-07-18,23.46,23.65,22.5,23.63,,201611.0,,raw
2022-07-19,23.31,24.97,22.52,24.93,,411367.0,,raw
2022-07-20,24.43,26.98,24.31,25.8,,500474.0,,raw
2022-07-21,25.8,26.86,25.28,25.39,,388468.0,,raw
2022-07-22,25.4,25.9,24.49,24.99,,286823.0,,raw
2022-07-25,24.79,26.74,24.3,26.17,,363826.0,,raw
2022-07-26,26.0,26.16,24.99,25.77,,244239.0,,raw
2022-07-27,25.27,27.4,25.2,26.97,,398907.0,,raw
2022-07-28,27.3,28.2,26.39,26.98,,407894.0,,raw
2022-07-29,26.96,29.01,26.72,28.3,,447363.0,,raw
2022-08-01,28.53,29.82,27.69,29.48,,473963.0,,raw
2022-08-02,28.5,29.0,26.87,27.81,,481309.0,,raw
2022-08-03,27.9,28.65,25.03,25.7,,511914.0,,raw
2022-08-04,25.6,26.58,24.77,26.58,,377806.0,,raw
2022-08-05,26.0,26.16,24.2,24.77,,452006.0,,raw
2022-08-08,24.53,25.36,24.05,24.88,,263577.0,,raw
2022-08-09,24.8,25.48,24.58,24.95,,274337.0,,raw
2022-08-10,24.8,26.0,24.52,26.0,,372829.0,,raw
2022-08-11,26.08,26.24,25.3,25.61,,255067.0,,raw
2022-08-12,25.88,26.59,25.55,25.62,,292988.0,,raw
2022-08-15,25.0,26.13,24.78,25.66,,234221.0,,raw
2022-08-16,25.47,26.14,25.2,25.8,,226692.0,,raw
2022-08-17,25.9,25.91,24.11,24.15,,450324.0,,raw
2022-08-18,24.04,24.38,23.7,24.14,,322172.0,,raw
2022-08-19,24.1,24.1,22.61,22.63,,413842.0,,raw
2022-08-22,22.48,22.9,21.9,22.28,,241801.0,,raw
2022-08-23,22.12,22.52,21.9,22.2,,214698.0,,raw
2022-08-24,22.21,22.3,20.8,20.87,,309732.0,,raw
2022-08-25,20.88,21.14,20.3,20.62,,181672.0,,raw
2022-08-26,20.76,20.95,20.29,20.37,,152446.0,,raw
2022-08-29,20.0,20.66,19.88,20.58,,134253.0,,raw
2022-08-30,20.58,20.72,20.22,20.38,,105717.0,,raw
2022-08-31,19.61,19.88,18.75,18.9,,347231.0,,raw
2022-09-01,18.87,19.1,18.43,18.49,,180155.0,,raw
2022-09-02,18.67,18.95,18.48,18.77,,131831.0,,raw
2022-09-05,18.66,18.81,18.3,18.43,,139085.0,,raw
2022-09-06,18.55,19.18,18.25,19.08,,242001.0,,raw
2022-09-07,19.11,20.34,19.11,20.17,,360756.0,,raw
2022-09-08,20.04,20.37,19.71,20.02,,223401.0,,raw
2022-09-09,20.12,20.25,19.65,20.22,,152162.0,,raw
2022-09-13,20.25,20.6,20.06,20.36,,144737.0,,raw
2022-09-14,19.99,20.2,19.68,19.85,,159430.0,,raw
2022-09-15,20.01,20.1,18.88,19.17,,203789.0,,raw
2022-09-16,19.31,19.39,18.74,18.85,,131333.0,,raw
2022-09-19,19.01,19.54,18.81,18.95,,150069.0,,raw
2022-09-20,19.18,19.59,18.94,19.51,,167534.0,,raw
2022-09-21,19.31,19.48,18.92,19.28,,123527.0,,raw
2022-09-22,19.13,19.98,19.0,19.75,,191523.0,,raw
2022-09-23,19.8,20.88,19.6,20.54,,312218.0,,raw
2022-09-26,20.26,20.94,20.04,20.6,,216832.0,,raw
2022-09-27,20.6,21.18,20.2,20.85,,219296.0,,raw
2022-09-28,20.79,20.79,19.59,19.6,,176208.0,,raw
2022-09-29,19.87,20.25,19.67,20.01,,136531.0,,raw
2022-09-30,19.71,19.97,18.8,18.82,,159467.0,,raw
2022-10-10,18.31,18.64,16.94,16.94,,208681.0,,raw
2022-10-11,16.6,17.39,16.45,17.19,,156422.0,,raw
2022-10-12,17.11,18.68,16.9,18.65,,200132.0,,raw
2022-10-13,18.54,19.28,18.42,18.44,,154055.0,,raw
2022-10-14,18.62,19.23,18.42,19.0,,178016.0,,raw
2022-10-17,19.22,20.14,19.1,20.06,,227242.0,,raw
2022-10-18,20.27,20.37,19.85,20.1,,208521.0,,raw
2022-10-19,20.12,20.66,20.02,20.19,,187479.0,,raw
2022-10-20,20.02,20.84,19.83,20.48,,213117.0,,raw
2022-10-21,20.47,21.18,20.25,20.82,,189288.0,,raw
2022-10-24,20.98,21.25,20.35,20.43,,195678.0,,raw
2022-10-25,20.2,21.08,20.01,20.96,,204371.0,,raw
2022-10-26,20.99,21.07,20.37,20.88,,185808.0,,raw
2022-10-27,21.12,21.45,20.61,20.7,,217885.0,,raw
2022-10-28,20.15,20.94,19.81,19.99,,160984.0,,raw
2022-10-31,19.98,20.07,19.21,19.69,,171158.0,,raw
2022-11-01,19.98,20.61,19.65,20.59,,174306.0,,raw
2022-11-02,20.8,21.3,20.51,21.07,,185111.0,,raw
2022-11-03,20.85,21.24,20.71,20.88,,128247.0,,raw
2022-11-04,20.93,21.38,20.8,21.32,,182743.0,,raw
2022-11-07,21.32,21.46,20.57,20.82,,160409.0,,raw
2022-11-08,20.75,20.97,20.47,20.83,,114506.0,,raw
2022-11-09,20.83,21.35,20.47,21.09,,159363.0,,raw
2022-11-10,20.8,20.98,20.05,20.19,,169955.0,,raw
2022-11-11,20.7,21.2,20.68,20.73,,198956.0,,raw
2022-11-14,20.65,20.72,19.9,19.94,,165024.0,,raw
2022-11-15,19.95,21.08,19.74,21.08,,219806.0,,raw
2022-11-16,21.21,21.4,20.76,20.79,,158577.0,,raw
2022-11-17,20.8,20.99,20.22,20.97,,138717.0,,raw
2022-11-18,21.14,23.07,20.8,22.66,,613210.0,,raw
2022-11-21,22.45,22.79,21.83,22.79,,363655.0,,raw
2022-11-22,22.48,22.8,21.91,22.16,,223745.0,,raw
2022-11-23,22.2,22.26,21.32,21.93,,156889.0,,raw
2022-11-24,22.07,22.29,21.72,21.95,,135929.0,,raw
2022-11-25,21.82,21.84,21.33,21.51,,119822.0,,raw
2022-11-28,21.1,22.6,20.9,22.37,,195292.0,,raw
2022-11-29,22.37,22.84,22.15,22.46,,210272.0,,raw
2022-11-30,22.46,22.89,22.32,22.62,,179461.0,,raw
2022-12-01,22.85,23.65,22.52,23.11,,237755.0,,raw
2022-12-02,22.9,24.3,22.85,24.04,,341341.0,,raw
2022-12-05,23.92,24.0,23.37,23.72,,190573.0,,raw
2022-12-06,23.55,23.75,22.91,23.28,,168645.0,,raw
2022-12-07,23.15,23.84,23.05,23.2,,141101.0,,raw
2022-12-08,23.02,23.28,22.71,22.79,,127965.0,,raw
2022-12-09,22.79,23.1,22.53,22.85,,127518.0,,raw
2022-12-12,22.77,23.72,22.4,23.49,,175695.0,,raw
2022-12-13,23.3,23.45,22.77,22.81,,102287.0,,raw
2022-12-14,22.77,23.56,22.77,22.87,,104812.0,,raw
2022-12-15,22.7,22.93,22.29,22.3,,136958.0,,raw
2022-12-16,22.2,22.25,21.5,21.69,,154683.0,,raw
2022-12-19,21.71,22.38,21.4,21.6,,97782.0,,raw
2022-12-20,21.65,22.38,21.6,21.96,,127490.0,,raw
2022-12-21,21.86,21.89,21.12,21.3,,104890.0,,raw
2022-12-22,21.44,21.49,20.65,20.8,,104492.0,,raw
2022-12-23,20.58,20.94,20.11,20.32,,94471.0,,raw
2022-12-26,20.32,21.3,20.08,21.25,,105787.0,,raw
2022-12-27,21.3,21.68,21.2,21.67,,85100.0,,raw
2022-12-28,21.59,21.59,21.21,21.28,,65387.0,,raw
2022-12-29,21.31,21.9,21.23,21.58,,84710.0,,raw
2022-12-30,21.69,22.09,21.57,21.68,,74856.0,,raw
2023-01-03,21.87,22.65,21.64,22.56,,148683.0,,raw
2023-01-04,22.58,22.88,22.35,22.73,,130664.0,,raw
2023-01-05,22.66,23.03,22.57,22.87,,126783.0,,raw
2023-01-06,22.7,23.17,22.58,22.7,,119204.0,,raw
2023-01-09,22.75,23.02,22.43,22.48,,113219.0,,raw
2023-01-10,22.64,22.7,22.39,22.52,,79348.0,,raw
2023-01-11,22.41,22.79,22.25,22.39,,90392.0,,raw
2023-01-12,22.6,22.91,22.41,22.7,,103732.0,,raw
2023-01-13,22.62,22.88,22.4,22.71,,110809.0,,raw
2023-01-16,22.71,23.28,22.65,23.1,,137863.0,,raw
2023-01-17,23.01,23.78,22.86,23.67,,201288.0,,raw
2023-01-18,23.67,25.08,23.65,24.94,,300136.0,,raw
2023-01-19,24.81,25.16,24.72,25.11,,148485.0,,raw
2023-01-20,26.5,27.28,25.62,26.04,,305283.0,,raw
2023-01-30,26.3,26.66,25.38,25.51,,244808.0,,raw
2023-01-31,25.51,26.55,25.45,26.1,,203581.0,,raw
2023-02-01,26.22,26.51,25.79,26.26,,172408.0,,raw
2023-02-02,26.26,27.05,26.01,26.31,,174243.0,,raw
2023-02-03,25.95,26.67,25.73,26.45,,140352.0,,raw
2023-02-06,26.13,27.08,26.13,26.65,,144096.0,,raw
2023-02-07,26.4,27.45,26.31,26.98,,233224.0,,raw
2023-02-08,27.09,27.17,26.13,26.31,,171986.0,,raw
2023-02-09,26.3,27.0,26.16,26.93,,141341.0,,raw
2023-02-10,26.9,27.0,26.26,26.51,,90701.0,,raw
2023-02-13,26.24,26.61,26.1,26.29,,122059.0,,raw
2023-02-14,26.33,26.45,25.91,26.04,,106364.0,,raw
2023-02-15,26.15,26.27,25.8,25.87,,109398.0,,raw
2023-02-16,25.88,26.35,25.2,25.36,,152017.0,,raw
2023-02-17,25.25,25.75,24.72,24.74,,139916.0,,raw
2023-02-20,24.81,25.36,24.6,25.28,,94796.0,,raw
2023-02-21,25.35,25.74,25.13,25.3,,95925.0,,raw
2023-02-22,25.1,25.49,25.02,25.21,,60377.0,,raw
2023-02-23,25.19,25.22,24.64,24.86,,94601.0,,raw
2023-02-24,24.83,25.0,24.41,24.73,,62804.0,,raw
2023-02-27,24.53,24.78,24.15,24.36,,89755.0,,raw
2023-02-28,24.58,24.84,24.13,24.78,,116827.0,,raw
2023-03-01,24.78,24.89,24.2,24.74,,173511.0,,raw
2023-03-02,25.19,25.3,24.2,24.42,,225743.0,,raw
2023-03-03,24.37,24.95,24.32,24.85,,145650.0,,raw
2023-03-06,24.76,24.79,23.95,24.3,,145817.0,,raw
2023-03-07,24.2,24.38,23.4,23.46,,131940.0,,raw
2023-03-08,23.41,23.77,23.35,23.61,,70889.0,,raw
2023-03-09,23.61,23.94,23.18,23.84,,91822.0,,raw
2023-03-10,23.7,24.18,23.31,23.89,,100477.0,,raw
2023-03-13,25.08,26.28,24.63,26.12,,515304.0,,raw
2023-03-14,26.12,26.19,25.08,25.85,,318182.0,,raw
2023-03-15,26.22,26.5,25.6,25.75,,148571.0,,raw
2023-03-16,25.99,26.1,25.41,25.54,,140025.0,,raw
2023-03-17,25.64,25.84,25.3,25.53,,139710.0,,raw
2023-03-20,25.51,26.17,24.95,25.89,,195276.0,,raw
2023-03-21,25.8,26.6,25.78,26.29,,162454.0,,raw
2023-03-22,26.44,26.48,25.53,25.69,,140895.0,,raw
2023-03-23,25.6,25.88,25.48,25.77,,80663.0,,raw
2023-03-24,25.75,27.17,25.45,27.05,,284131.0,,raw
2023-03-27,27.42,28.6,26.88,28.51,,318636.0,,raw
2023-03-28,28.24,28.85,27.68,27.71,,202894.0,,raw
2023-03-29,27.91,28.2,27.51,27.95,,128843.0,,raw
2023-03-30,27.8,27.9,27.02,27.65,,144199.0,,raw
2023-03-31,27.69,28.36,27.5,28.07,,125476.0,,raw
2023-04-03,27.91,28.65,27.69,28.45,,134141.0,,raw
2023-04-04,28.46,28.47,27.46,27.67,,130087.0,,raw
2023-04-06,27.41,27.5,26.69,27.3,,133852.0,,raw
2023-04-07,27.29,27.79,27.0,27.5,,84993.0,,raw
2023-04-10,27.36,28.13,27.12,27.25,,112727.0,,raw
2023-04-11,27.26,27.39,26.57,26.65,,105459.0,,raw
2023-04-12,26.7,27.17,26.34,26.82,,127490.0,,raw
2023-04-13,26.62,26.8,25.85,25.88,,115532.0,,raw
2023-04-14,25.94,26.34,25.83,25.88,,78784.0,,raw
2023-04-17,26.02,26.72,25.84,26.03,,119212.0,,raw
2023-04-18,26.06,26.22,25.71,25.88,,103529.0,,raw
2023-04-19,25.8,25.97,25.23,25.33,,105623.0,,raw
2023-04-20,25.37,25.45,24.76,25.2,,86619.0,,raw
2023-04-21,25.2,25.25,24.17,24.18,,118354.0,,raw
2023-04-24,24.27,24.45,23.33,23.5,,131636.0,,raw
2023-04-25,23.67,23.68,22.19,22.62,,177236.0,,raw
2023-04-26,22.66,23.33,22.36,22.44,,142216.0,,raw
2023-04-27,22.43,22.8,22.25,22.53,,77596.0,,raw
2023-04-28,22.68,23.01,22.55,22.8,,92836.0,,raw
2023-05-04,23.47,24.33,23.12,23.5,,240414.0,,raw
2023-05-05,23.7,24.53,23.26,23.85,,237642.0,,raw
2023-05-08,24.33,24.47,23.3,23.79,,155181.0,,raw
2023-05-09,23.62,23.74,23.16,23.18,,110055.0,,raw
2023-05-10,23.26,24.09,23.19,23.78,,120476.0,,raw
2023-05-11,23.78,24.09,23.45,23.68,,95725.0,,raw
2023-05-12,23.62,23.95,23.03,23.09,,77878.0,,raw
2023-05-15,23.16,23.45,22.78,23.4,,119590.0,,raw
2023-05-16,23.3,23.55,22.79,22.9,,109117.0,,raw
2023-05-17,22.71,23.67,22.61,23.63,,130057.0,,raw
2023-05-18,24.1,25.1,24.06,24.73,,266429.0,,raw
2023-05-19,24.75,25.96,24.75,25.54,,313681.0,,raw
2023-05-22,25.5,26.1,25.12,25.8,,215455.0,,raw
2023-05-23,25.93,26.04,25.24,25.26,,176436.0,,raw
2023-05-24,25.17,25.66,25.0,25.39,,128908.0,,raw
2023-05-25,25.27,25.91,24.95,25.36,,133737.0,,raw
2023-05-26,25.19,25.56,24.7,25.46,,114376.0,,raw
2023-05-29,25.46,25.85,25.1,25.38,,95159.0,,raw
2023-05-30,25.3,25.52,24.75,25.5,,127235.0,,raw
2023-05-31,25.33,26.11,24.92,25.29,,258737.0,,raw
2023-06-01,24.92,25.33,24.58,25.13,,173127.0,,raw
2023-06-02,25.14,25.37,25.01,25.05,,112134.0,,raw
2023-06-05,25.02,25.2,24.67,24.72,,89007.0,,raw
2023-06-06,24.7,24.71,23.71,23.78,,135285.0,,raw
2023-06-07,23.5,23.73,23.01,23.18,,150525.0,,raw
2023-06-08,23.34,23.35,22.65,22.7,,99607.0,,raw
2023-06-09,22.75,22.81,21.95,22.27,,146857.0,,raw
2023-06-12,22.2,23.37,22.07,23.25,,151301.0,,raw
2023-06-13,23.33,23.68,22.93,23.57,,107103.0,,raw
2023-06-14,23.5,24.15,23.15,23.93,,137203.0,,raw
2023-06-15,23.9,26.32,23.73,26.32,,311636.0,,raw
2023-06-16,27.3,27.48,26.56,27.14,,489218.0,,raw
2023-06-19,26.85,28.5,26.73,28.23,,463926.0,,raw
2023-06-20,27.8,29.13,27.63,28.56,,430242.0,,raw
2023-06-21,28.93,29.41,27.95,27.96,,345147.0,,raw
2023-06-26,27.92,28.74,27.02,27.13,,299668.0,,raw
2023-06-27,27.04,27.76,26.81,27.55,,174739.0,,raw
2023-06-28,27.42,27.85,26.53,27.57,,183978.0,,raw
2023-06-29,27.49,28.56,27.49,28.18,,244928.0,,raw
2023-06-30,27.76,28.39,27.56,28.0,,187779.0,,raw
2023-07-03,28.06,28.25,27.25,27.36,,180472.0,,raw
2023-07-04,27.29,28.02,27.19,27.62,,138005.0,,raw
2023-07-05,27.47,28.78,27.2,27.43,,238575.0,,raw
2023-07-06,27.12,27.56,26.56,27.08,,174883.0,,raw
2023-07-07,27.41,27.41,26.39,26.45,,127442.0,,raw
2023-07-10,26.49,26.69,25.7,25.87,,131087.0,,raw
2023-07-11,25.87,25.96,25.33,25.92,,156473.0,,raw
2023-07-12,25.82,26.13,24.91,25.0,,146867.0,,raw
2023-07-13,25.2,25.2,24.51,24.64,,177188.0,,raw
2023-07-14,24.76,24.99,24.28,24.63,,148374.0,,raw
2023-07-17,24.46,24.87,24.21,24.42,,102279.0,,raw
2023-07-18,24.65,24.65,24.07,24.11,,160315.0,,raw
2023-07-19,24.06,24.1,23.75,23.92,,109293.0,,raw
2023-07-20,24.09,24.13,23.23,23.28,,174330.0,,raw
2023-07-21,23.29,23.29,22.83,22.93,,118584.0,,raw
2023-07-24,22.93,23.18,22.59,22.66,,128856.0,,raw
2023-07-25,23.0,23.53,22.88,23.43,,198610.0,,raw
2023-07-26,23.48,23.54,22.73,22.88,,164706.0,,raw
2023-07-27,22.81,23.2,22.62,22.68,,133704.0,,raw
2023-07-28,22.54,22.99,22.2,22.88,,139437.0,,raw
2023-07-31,22.9,23.35,22.71,23.16,,167771.0,,raw
2023-08-01,23.27,23.3,22.76,22.84,,142807.0,,raw
2023-08-02,22.79,23.35,22.58,23.19,,180544.0,,raw
2023-08-03,23.05,23.42,22.9,23.36,,151544.0,,raw
2023-08-04,23.35,23.77,23.17,23.72,,221367.0,,raw
2023-08-07,23.7,23.95,23.16,23.26,,180655.0,,raw
2023-08-08,23.21,23.39,22.82,22.89,,115222.0,,raw
2023-08-09,22.71,22.9,22.61,22.7,,77478.0,,raw
2023-08-10,22.63,22.84,22.43,22.6,,88905.0,,raw
2023-08-11,22.62,22.69,21.93,21.93,,178180.0,,raw
2023-08-14,21.51,22.07,21.46,22.06,,107431.0,,raw
2023-08-15,22.08,23.73,22.08,23.63,,450442.0,,raw
2023-08-16,23.37,23.92,23.37,23.45,,274765.0,,raw
2023-08-17,23.5,24.66,23.18,24.44,,329458.0,,raw
2023-08-18,24.4,24.41,23.2,23.29,,231117.0,,raw
2023-08-21,23.27,23.54,22.62,22.66,,154588.0,,raw
2023-08-22,22.8,23.25,22.4,23.17,,173030.0,,raw
2023-08-23,22.99,23.08,22.3,22.32,,124163.0,,raw
2023-08-24,22.31,22.77,21.95,22.16,,122512.0,,raw
2023-08-25,22.0,22.0,20.6,20.72,,223969.0,,raw
2023-08-28,21.98,22.3,21.15,21.22,,194134.0,,raw
2023-08-29,21.21,23.19,21.21,23.16,,238337.0,,raw
2023-08-30,23.08,23.37,22.71,23.11,,161890.0,,raw
2023-08-31,23.38,23.6,22.9,23.23,,150962.0,,raw
2023-09-01,23.15,23.35,22.8,23.23,,100548.0,,raw
2023-09-04,23.47,23.57,23.09,23.35,,136709.0,,raw
2023-09-05,23.23,23.43,23.01,23.11,,121008.0,,raw
2023-09-06,22.96,23.12,22.74,23.06,,88603.0,,raw
2023-09-07,23.06,23.06,22.37,22.39,,97095.0,,raw
2023-09-08,22.28,22.95,22.21,22.6,,76127.0,,raw
2023-09-11,22.56,22.77,22.16,22.33,,137082.0,,raw
2023-09-12,22.39,22.86,22.32,22.67,,97104.0,,raw
2023-09-13,22.74,22.8,21.92,22.11,,102011.0,,raw
2023-09-14,22.19,22.31,21.78,21.9,,60731.0,,raw
2023-09-15,21.97,22.17,21.75,21.85,,70701.0,,raw
2023-09-18,21.78,22.27,21.6,22.14,,78270.0,,raw
2023-09-19,22.07,22.13,21.59,21.64,,64671.0,,raw
2023-09-20,21.64,22.09,21.59,21.64,,86551.0,,raw
2023-09-21,21.62,21.84,21.44,21.49,,54186.0,,raw
2023-09-22,21.35,22.04,21.35,22.0,,91762.0,,raw
2023-09-25,22.3,22.62,21.97,22.09,,107352.0,,raw
2023-09-26,22.19,22.65,22.1,22.39,,121008.0,,raw
2023-09-27,22.34,22.43,21.92,21.96,,132715.0,,raw
2023-09-28,22.1,22.29,21.95,22.06,,99676.0,,raw
2023-10-09,22.06,22.11,21.58,21.97,,81867.0,,raw
2023-10-10,22.06,22.15,21.69,21.75,,79361.0,,raw
2023-10-11,21.76,22.2,21.52,21.84,,104871.0,,raw
2023-10-12,21.88,22.04,21.47,21.61,,93102.0,,raw
2023-10-13,21.5,21.6,21.08,21.16,,90696.0,,raw
2023-10-16,21.1,21.24,20.7,20.81,,76785.0,,raw
2023-10-17,20.82,20.95,20.54,20.68,,52972.0,,raw
2023-10-18,20.53,20.53,19.95,19.95,,110412.0,,raw
2023-10-19,19.81,20.24,19.71,19.8,,87111.0,,raw
2023-10-20,19.7,19.88,19.27,19.32,,98279.0,,raw
2023-10-23,19.31,19.39,18.49,18.62,,95490.0,,raw
2023-10-24,18.81,19.08,18.64,18.78,,105830.0,,raw
2023-10-25,18.93,19.42,18.91,18.96,,96043.0,,raw
2023-10-26,18.77,18.94,18.43,18.93,,97583.0,,raw
2023-10-27,18.87,19.4,18.61,19.3,,98481.0,,raw
2023-10-30,19.16,19.58,18.41,19.56,,164446.0,,raw
2023-10-31,19.39,19.51,18.68,18.8,,199024.0,,raw
2023-11-01,18.79,18.85,18.36,18.36,,142427.0,,raw
2023-11-02,18.39,18.89,18.16,18.16,,116104.0,,raw
2023-11-03,18.9,19.9,18.66,19.46,,386536.0,,raw
2023-11-06,19.5,20.33,19.39,20.28,,322792.0,,raw
2023-11-07,20.15,20.43,19.96,20.25,,170282.0,,raw
2023-11-08,20.24,20.35,19.9,20.17,,139713.0,,raw
2023-11-09,20.17,20.5,20.03,20.09,,144275.0,,raw
2023-11-10,20.0,20.24,19.88,20.03,,91591.0,,raw
2023-11-13,20.11,20.25,19.95,20.08,,100697.0,,raw
2023-11-14,20.03,20.28,19.95,20.16,,102677.0,,raw
2023-11-15,20.36,20.63,20.18,20.32,,149641.0,,raw
2023-11-16,20.25,20.43,20.02,20.03,,96972.0,,raw
2023-11-17,19.97,20.35,19.84,20.3,,103827.0,,raw
2023-11-20,20.38,20.9,20.26,20.82,,203643.0,,raw
2023-11-21,20.81,20.86,20.21,20.33,,165133.0,,raw
2023-11-22,20.29,20.41,19.64,19.64,,164027.0,,raw
2023-11-23,19.54,20.05,19.51,19.94,,109496.0,,raw
2023-11-24,19.86,19.88,19.31,19.35,,110372.0,,raw
2023-11-27,19.37,19.58,19.32,19.51,,95382.0,,raw
2023-11-28,19.48,19.69,19.26,19.47,,100201.0,,raw
2023-11-29,19.4,19.78,19.25,19.28,,100242.0,,raw
2023-11-30,19.36,19.61,18.95,19.17,,115667.0,,raw
2023-12-01,19.04,19.19,18.82,19.1,,93537.0,,raw
2023-12-04,19.14,19.17,18.9,18.9,,94489.0,,raw
2023-12-05,18.84,18.84,18.36,18.37,,122275.0,,raw
2023-12-06,18.36,18.48,18.26,18.32,,99396.0,,raw
2023-12-07,18.3,18.32,17.95,18.14,,108502.0,,raw
2023-12-08,18.14,18.43,18.06,18.23,,103540.0,,raw
2023-12-11,18.05,18.54,17.85,18.53,,119756.0,,raw
2023-12-12,18.48,18.57,18.33,18.43,,73007.0,,raw
2023-12-13,18.43,19.04,18.28,18.56,,189542.0,,raw
2023-12-14,18.7,18.9,18.4,18.51,,135164.0,,raw
2023-12-15,18.55,18.64,18.2,18.26,,88473.0,,raw
2023-12-18,18.17,18.23,17.81,17.84,,74476.0,,raw
2023-12-19,17.75,17.95,17.6,17.91,,82979.0,,raw
2023-12-20,17.9,18.07,17.45,17.45,,85133.0,,raw
2023-12-21,17.33,17.86,17.26,17.77,,88707.0,,raw
2023-12-22,17.9,17.99,17.58,17.66,,85099.0,,raw
2023-12-25,17.66,17.99,17.62,17.85,,67547.0,,raw
2023-12-26,17.84,17.84,17.21,17.27,,87536.0,,raw
2023-12-27,18.12,18.35,17.47,17.67,,167502.0,,raw
2023-12-28,17.59,18.35,17.43,18.27,,206821.0,,raw
2023-12-29,18.24,18.68,18.18,18.59,,125727.0,,raw
2024-01-02,18.59,18.65,18.2,18.22,,101342.0,,raw
2024-01-03,18.1,18.2,17.68,17.84,,112658.0,,raw
2024-01-04,17.79,17.81,17.23,17.39,,122199.0,,raw
2024-01-05,17.49,17.54,16.87,16.99,,115233.0,,raw
2024-01-08,16.9,16.9,16.29,16.3,,128009.0,,raw
2024-01-09,16.32,17.01,16.32,16.69,,148839.0,,raw
2024-01-10,16.6,16.93,16.31,16.56,,90470.0,,raw
2024-01-11,16.55,17.09,16.5,16.94,,98406.0,,raw
2024-01-12,16.83,17.0,16.6,16.62,,84593.0,,raw
2024-01-15,16.46,16.7,16.18,16.43,,84381.0,,raw
2024-01-16,16.45,16.53,16.07,16.28,,88158.0,,raw
2024-01-17,16.27,16.36,15.5,15.51,,135116.0,,raw
2024-01-18,15.45,15.66,15.07,15.57,,167833.0,,raw
2024-01-19,15.57,15.67,15.2,15.22,,112906.0,,raw
2024-01-22,15.16,15.31,14.21,14.38,,170510.0,,raw
2024-01-23,14.4,14.82,14.2,14.52,,143855.0,,raw
2024-01-24,14.6,14.78,14.0,14.7,,149685.0,,raw
2024-01-25,14.66,15.1,14.51,15.05,,165459.0,,raw
2024-01-26,14.99,15.07,14.68,14.72,,121167.0,,raw
2024-01-29,14.79,14.88,14.15,14.18,,130001.0,,raw
2024-01-30,14.14,14.5,13.75,13.75,,125985.0,,raw
2024-01-31,13.64,13.79,12.99,13.07,,197378.0,,raw
2024-02-01,13.03,13.4,12.8,13.05,,154253.0,,raw
2024-02-02,13.19,13.35,12.08,12.63,,181955.0,,raw
2024-02-05,12.43,12.64,11.37,11.58,,312083.0,,raw
2024-02-06,11.48,12.74,11.32,12.66,,294279.0,,raw
2024-02-07,12.74,13.93,12.74,13.93,,432897.0,,raw
2024-02-08,14.16,14.66,13.78,14.5,,365206.0,,raw
2024-02-19,14.68,14.75,14.13,14.54,,286856.0,,raw
2024-02-20,14.35,14.62,14.16,14.58,,168037.0,,raw
2024-02-21,14.41,15.19,14.3,14.64,,264901.0,,raw
2024-02-22,14.64,15.2,14.58,15.2,,221597.0,,raw
2024-02-23,15.27,15.77,15.05,15.71,,248092.0,,raw
2024-02-26,16.72,17.28,16.23,17.28,,626574.0,,raw
2024-02-27,17.0,17.79,16.68,17.78,,588425.0,,raw
2024-02-28,17.78,17.78,16.23,16.31,,527779.0,,raw
2024-02-29,16.25,17.44,16.13,17.42,,407460.0,,raw
2024-03-01,17.42,18.36,17.34,18.3,,509178.0,,raw
2024-03-04,18.48,19.3,17.76,19.03,,564220.0,,raw
2024-03-05,18.7,18.97,18.21,18.26,,396367.0,,raw
2024-03-06,18.1,18.9,18.1,18.67,,379772.0,,raw
2024-03-07,19.26,19.78,18.39,18.4,,511416.0,,raw
2024-03-08,18.26,19.1,18.11,19.01,,345608.0,,raw
2024-03-11,18.65,18.99,18.51,18.99,,252266.0,,raw
2024-03-12,18.9,19.5,18.75,19.38,,358378.0,,raw
2024-03-13,19.4,19.44,19.0,19.12,,268138.0,,raw
2024-03-14,19.19,19.58,18.56,18.81,,334760.0,,raw
2024-03-15,18.62,19.38,18.56,19.35,,333653.0,,raw
2024-03-18,19.5,20.18,19.11,20.05,,478774.0,,raw
2024-03-19,19.8,20.38,19.61,19.74,,374032.0,,raw
2024-03-20,19.82,20.06,19.5,19.82,,274410.0,,raw
2024-03-21,19.8,19.87,19.24,19.38,,273397.0,,raw
2024-03-22,19.21,19.3,18.75,18.89,,270667.0,,raw
2024-03-25,18.78,19.05,17.98,18.07,,292046.0,,raw
2024-03-26,17.98,18.15,17.48,17.94,,245799.0,,raw
2024-03-27,17.97,18.0,17.13,17.16,,182730.0,,raw
2024-03-28,17.15,18.88,17.15,18.7,,420486.0,,raw
2024-03-29,18.61,19.22,18.36,19.13,,408069.0,,raw
2024-04-01,19.25,19.45,18.95,19.4,,298061.0,,raw
2024-04-02,19.36,19.37,18.73,18.95,,234226.0,,raw
2024-04-03,18.73,18.89,18.12,18.15,,253493.0,,raw
2024-04-08,17.97,18.29,17.64,17.66,,157161.0,,raw
2024-04-09,17.66,18.18,17.66,17.9,,146252.0,,raw
2024-04-10,18.16,18.3,17.47,17.65,,179247.0,,raw
2024-04-11,17.65,18.04,17.43,17.62,,151076.0,,raw
2024-04-12,17.6,17.7,17.18,17.21,,140053.0,,raw
2024-04-15,17.22,17.43,16.68,16.97,,166621.0,,raw
2024-04-16,16.74,16.98,15.88,15.92,,207154.0,,raw
2024-04-17,16.18,17.27,16.17,17.22,,214080.0,,raw
2024-04-18,17.1,17.55,16.75,17.08,,209529.0,,raw
2024-04-19,16.9,16.99,16.63,16.74,,143582.0,,raw
2024-04-22,16.59,16.84,16.3,16.4,,131056.0,,raw
2024-04-23,16.54,17.1,16.41,16.79,,186756.0,,raw
2024-04-24,16.8,17.07,16.69,16.98,,174437.0,,raw
2024-04-25,16.95,17.0,16.64,16.72,,149146.0,,raw
2024-04-26,16.73,17.29,16.73,17.25,,214292.0,,raw
2024-04-29,17.99,18.12,17.61,17.94,,263920.0,,raw
2024-04-30,16.9,16.9,16.15,16.15,,557045.0,,raw
2024-05-06,16.22,17.04,16.22,16.64,,346365.0,,raw
2024-05-07,16.55,16.73,16.39,16.59,,164393.0,,raw
2024-05-08,16.41,16.48,15.9,15.94,,201840.0,,raw
2024-05-09,15.99,16.44,15.95,16.31,,159676.0,,raw
2024-05-10,16.36,16.45,15.91,15.98,,151498.0,,raw
2024-05-13,15.8,15.82,15.36,15.42,,166093.0,,raw
2024-05-14,15.45,15.9,15.45,15.55,,113414.0,,raw
2024-05-15,15.5,15.65,15.34,15.43,,85410.0,,raw
2024-05-16,15.45,15.59,15.29,15.32,,119365.0,,raw
2024-05-17,15.32,15.54,15.16,15.53,,109960.0,,raw
2024-05-20,15.54,15.87,15.46,15.74,,129585.0,,raw
2024-05-21,15.6,15.64,15.38,15.45,,90861.0,,raw
2024-05-22,15.41,15.59,15.35,15.56,,77047.0,,raw
2024-05-23,15.52,15.53,15.06,15.1,,117052.0,,raw
2024-05-24,15.1,15.17,14.7,14.7,,121848.0,,raw
2024-05-27,14.71,15.02,14.41,15.0,,106774.0,,raw
2024-05-28,14.9,15.08,14.77,14.82,,82435.0,,raw
2024-05-29,14.8,14.98,14.7,14.81,,65710.0,,raw
2024-05-30,14.7,15.07,14.61,14.94,,81871.0,,raw
2024-05-31,14.9,15.32,14.9,15.14,,120039.0,,raw
2024-06-03,15.24,15.35,14.94,15.1,,135287.0,,raw
2024-06-04,15.1,15.12,14.76,15.06,,84901.0,,raw
2024-06-05,15.0,15.25,14.92,14.94,,74607.0,,raw
2024-06-06,14.94,15.11,14.41,14.52,,128225.0,,raw
2024-06-07,14.57,14.74,14.35,14.59,,83825.0,,raw
2024-06-11,14.43,14.7,14.14,14.67,,100449.0,,raw
2024-06-12,14.65,15.58,14.56,15.34,,260196.0,,raw
2024-06-13,15.29,15.86,15.22,15.83,,278063.0,,raw
2024-06-14,15.84,15.89,15.38,15.56,,165238.0,,raw
2024-06-17,15.4,15.62,15.34,15.53,,96527.0,,raw
2024-06-18,15.6,15.73,15.47,15.65,,116957.0,,raw
2024-06-19,15.58,15.63,15.3,15.31,,114142.0,,raw
2024-06-20,15.2,15.37,14.77,14.82,,114073.0,,raw
2024-06-21,14.72,14.9,14.6,14.71,,77229.0,,raw
2024-06-24,14.52,14.81,14.25,14.25,,100123.0,,raw
2024-06-25,14.29,14.9,14.29,14.41,,139726.0,,raw
2024-06-26,14.34,14.77,14.08,14.76,,117619.0,,raw
2024-06-27,14.7,14.72,14.15,14.18,,128463.0,,raw
2024-06-28,14.08,14.55,14.03,14.22,,110366.0,,raw
2024-07-01,14.27,14.33,13.75,14.26,,116686.0,,raw
2024-07-02,14.21,14.35,14.06,14.11,,99979.0,,raw
2024-07-03,14.14,14.21,13.85,13.94,,74284.0,,raw
2024-07-04,14.11,14.24,13.65,13.7,,114227.0,,raw
2024-07-05,13.6,13.66,13.3,13.51,,116626.0,,raw
2024-07-08,13.47,13.48,12.99,13.05,,97639.0,,raw
2024-07-09,13.05,13.66,12.9,13.63,,145432.0,,raw
2024-07-10,13.56,13.94,13.51,13.69,,113190.0,,raw
2024-07-11,13.63,13.71,12.81,13.1,,408174.0,,raw
2024-07-12,12.98,12.99,12.51,12.62,,254685.0,,raw
2024-07-15,12.51,12.6,12.34,12.44,,122724.0,,raw
2024-07-16,12.39,12.64,12.33,12.56,,115519.0,,raw
2024-07-17,12.52,12.65,12.35,12.42,,100639.0,,raw
2024-07-18,12.27,12.47,12.1,12.37,,125153.0,,raw
2024-07-19,12.29,12.65,12.27,12.52,,124463.0,,raw
2024-07-22,12.54,12.67,12.45,12.59,,107859.0,,raw
2024-07-23,12.65,12.69,12.15,12.17,,110585.0,,raw
2024-07-24,12.03,12.23,11.94,11.96,,97987.0,,raw
2024-07-25,11.92,12.25,11.88,12.04,,88191.0,,raw
2024-07-26,12.08,12.42,12.08,12.34,,132256.0,,raw
2024-07-29,12.35,12.38,12.13,12.17,,81264.0,,raw
2024-07-30,12.1,12.47,11.96,12.29,,104930.0,,raw
2024-07-31,12.29,13.28,12.28,13.27,,297974.0,,raw
2024-08-01,13.42,13.67,13.22,13.52,,300605.0,,raw
2024-08-02,13.35,13.58,13.14,13.18,,164963.0,,raw
2024-08-05,13.06,13.4,12.83,12.83,,160428.0,,raw
2024-08-06,13.09,13.25,12.77,13.0,,117442.0,,raw
2024-08-07,13.09,13.3,12.94,12.96,,119994.0,,raw
2024-08-08,12.89,12.98,12.58,12.87,,104193.0,,raw
2024-08-09,12.98,13.09,12.77,12.77,,84291.0,,raw
2024-08-12,12.77,12.81,12.52,12.62,,67251.0,,raw
2024-08-13,12.57,12.71,12.44,12.68,,70615.0,,raw
2024-08-14,12.68,12.73,12.45,12.54,,60109.0,,raw
2024-08-15,12.48,13.07,12.47,12.93,,162006.0,,raw
2024-08-16,12.86,13.05,12.81,12.82,,92793.0,,raw
2024-08-19,12.76,13.04,12.76,12.84,,90483.0,,raw
2024-08-20,12.81,12.83,12.4,12.46,,98723.0,,raw
2024-08-21,12.49,13.1,12.46,12.5,,152572.0,,raw
2024-08-22,12.44,12.55,12.05,12.08,,127639.0,,raw
2024-08-23,12.06,12.15,11.94,12.09,,80608.0,,raw
2024-08-26,12.27,12.43,12.07,12.12,,82327.0,,raw
2024-08-27,12.01,12.04,11.63,11.66,,118729.0,,raw
2024-08-28,11.62,11.95,11.55,11.79,,82272.0,,raw
2024-08-29,11.72,12.41,11.68,12.24,,137422.0,,raw
2024-08-30,12.1,12.41,11.86,12.14,,221204.0,,raw
2024-09-02,12.11,12.16,11.75,11.75,,113202.0,,raw
2024-09-03,11.81,12.18,11.76,12.03,,95840.0,,raw
2024-09-04,11.91,12.21,11.89,12.07,,77074.0,,raw
2024-09-05,12.1,12.34,12.07,12.21,,79722.0,,raw
2024-09-06,12.2,12.28,11.91,11.93,,60410.0,,raw
2024-09-09,11.92,12.04,11.78,11.9,,61453.0,,raw
2024-09-10,11.95,12.08,11.71,12.01,,69006.0,,raw
2024-09-11,11.96,12.12,11.87,12.05,,63811.0,,raw
2024-09-12,12.08,12.25,11.92,11.93,,63133.0,,raw
2024-09-13,11.98,11.98,11.68,11.7,,63951.0,,raw
2024-09-18,11.7,11.76,11.42,11.6,,59077.0,,raw
2024-09-19,11.7,12.23,11.62,12.06,,118998.0,,raw
2024-09-20,12.06,12.08,11.87,12.01,,72042.0,,raw
2024-09-23,12.03,12.08,11.87,11.89,,51748.0,,raw
2024-09-24,11.98,12.52,11.92,12.5,,177064.0,,raw
2024-09-25,12.61,12.96,12.54,12.54,,174878.0,,raw
2024-09-26,12.51,13.2,12.51,13.2,,202839.0,,raw
2024-09-27,13.4,14.18,13.35,14.08,,270576.0,,raw
2024-09-30,14.93,15.49,14.56,15.49,,436110.0,,raw
2024-10-08,17.04,17.04,15.58,16.87,,491624.0,,raw
2024-10-09,16.31,16.31,15.18,15.18,,423397.0,,raw
2024-10-10,15.26,15.58,14.75,14.76,,266481.0,,raw
2024-10-11,14.93,14.93,13.69,13.87,,238867.0,,raw
2024-10-14,13.95,14.41,13.59,14.39,,211635.0,,raw
2024-10-15,14.32,14.6,14.01,14.02,,183935.0,,raw
2024-10-16,13.78,14.22,13.72,13.97,,132709.0,,raw
2024-10-17,13.99,14.3,13.9,13.91,,136077.0,,raw
2024-10-18,13.85,14.94,13.85,14.6,,258612.0,,raw
2024-10-21,14.8,15.13,14.72,14.81,,253430.0,,raw
2024-10-22,14.9,15.36,14.65,15.24,,290544.0,,raw
2024-10-23,15.24,15.32,15.0,15.05,,202828.0,,raw
2024-10-24,14.92,15.2,14.9,14.98,,161734.0,,raw
2024-10-25,15.05,15.33,14.92,15.18,,166721.0,,raw
2024-10-28,15.11,15.17,14.96,15.11,,155122.0,,raw
2024-10-29,15.25,15.41,14.85,14.88,,220857.0,,raw
2024-10-30,14.73,15.2,14.71,14.94,,173151.0,,raw
2024-10-31,14.86,15.17,14.65,15.16,,244717.0,,raw
2024-11-01,15.26,15.26,14.57,14.66,,214585.0,,raw
2024-11-04,14.86,16.13,14.85,16.13,,296903.0,,raw
2024-11-05,17.03,17.5,16.5,17.24,,1117602.0,,raw
2024-11-06,17.32,18.0,16.95,17.35,,999254.0,,raw
2024-11-07,17.0,17.34,16.7,17.0,,538803.0,,raw
2024-11-08,17.33,18.29,17.2,17.48,,657612.0,,raw
2024-11-11,17.55,18.52,17.52,18.14,,599023.0,,raw
2024-11-12,18.3,18.59,17.7,17.89,,481276.0,,raw
2024-11-13,17.8,17.86,17.02,17.75,,376186.0,,raw
2024-11-14,17.75,17.91,17.02,17.06,,263418.0,,raw
2024-11-15,17.1,17.6,16.92,17.22,,406179.0,,raw
2024-11-18,17.09,17.34,16.16,16.28,,344627.0,,raw
2024-11-19,16.28,17.5,16.28,17.45,,456152.0,,raw
2024-11-20,17.45,18.47,17.35,18.18,,762608.0,,raw
2024-11-21,17.99,18.28,17.58,17.84,,419601.0,,raw
2024-11-22,17.84,18.11,17.23,17.3,,400205.0,,raw
2024-11-25,17.18,17.53,16.79,17.3,,305223.0,,raw
2024-11-26,17.17,17.25,16.65,16.69,,295993.0,,raw
2024-11-27,16.51,17.0,16.15,16.99,,278306.0,,raw
2024-11-28,16.99,16.99,16.53,16.57,,199690.0,,raw
2024-11-29,16.48,18.23,16.45,18.23,,525176.0,,raw
2024-12-02,18.66,19.9,18.6,19.3,,1042211.0,,raw
2024-12-03,19.29,19.54,18.91,19.02,,681961.0,,raw
2024-12-04,18.8,20.66,18.73,19.82,,948776.0,,raw
2024-12-05,19.63,20.6,19.52,19.78,,821755.0,,raw
2024-12-06,19.72,21.3,19.01,20.29,,952432.0,,raw
2024-12-09,20.26,21.0,19.95,20.38,,830616.0,,raw
2024-12-10,21.03,22.38,20.47,21.38,,1009206.0,,raw
2024-12-11,21.1,21.1,20.0,20.6,,735061.0,,raw
2024-12-12,20.3,20.73,19.9,20.17,,522160.0,,raw
2024-12-13,19.9,20.29,19.62,19.62,,443742.0,,raw
2024-12-16,19.5,19.89,19.16,19.31,,326244.0,,raw
2024-12-17,19.19,19.4,18.62,18.67,,333317.0,,raw
2024-12-18,18.82,19.0,18.53,18.79,,283571.0,,raw
2024-12-19,18.57,19.39,18.5,19.31,,432835.0,,raw
2024-12-20,19.18,19.79,19.04,19.37,,413244.0,,raw
2024-12-23,19.26,19.37,18.45,18.57,,322642.0,,raw
2024-12-24,18.8,19.19,18.55,18.95,,262815.0,,raw
2024-12-25,19.02,19.9,18.71,19.9,,545539.0,,raw
2024-12-26,19.99,20.35,19.51,20.21,,522057.0,,raw
2024-12-27,20.0,20.09,19.31,19.34,,411116.0,,raw
2024-12-30,19.24,19.7,18.88,19.12,,261025.0,,raw
2024-12-31,19.16,19.36,18.5,18.5,,272583.0,,raw
2025-01-02,18.28,19.0,17.8,18.11,,359770.0,,raw
2025-01-03,18.0,18.14,16.68,16.75,,385753.0,,raw
2025-01-06,16.76,17.08,16.42,16.62,,206904.0,,raw
2025-01-07,16.69,17.05,16.6,17.03,,193945.0,,raw
2025-01-08,17.03,17.72,16.29,17.43,,375677.0,,raw
2025-01-09,17.16,17.85,17.16,17.66,,337066.0,,raw
2025-01-10,17.58,18.41,17.46,17.6,,412408.0,,raw
2025-01-13,17.27,19.36,17.15,18.78,,766379.0,,raw
2025-01-14,18.52,19.79,18.52,19.79,,742346.0,,raw
2025-01-15,19.61,19.83,19.33,19.47,,488363.0,,raw
2025-01-16,19.7,20.04,19.28,19.47,,389300.0,,raw
2025-01-17,19.32,20.15,19.25,19.58,,451424.0,,raw
2025-01-20,19.93,20.15,19.38,19.4,,354889.0,,raw
2025-01-21,19.68,20.08,19.5,19.93,,477678.0,,raw
2025-01-22,19.67,19.87,19.41,19.53,,303869.0,,raw
2025-01-23,19.8,20.38,19.5,19.73,,517655.0,,raw
2025-01-24,19.52,20.41,19.4,20.17,,477074.0,,raw
2025-01-27,19.09,19.33,18.15,18.15,,621395.0,,raw
2025-02-05,18.5,19.35,18.4,19.1,,618590.0,,raw
2025-02-06,19.01,20.44,18.91,20.29,,617721.0,,raw
2025-02-07,20.29,20.79,20.09,20.57,,735548.0,,raw
2025-02-10,20.73,21.04,20.28,20.45,,489769.0,,raw
2025-02-11,20.47,20.72,20.18,20.52,,489064.0,,raw
2025-02-12,20.32,21.04,20.09,20.83,,617862.0,,raw
2025-02-13,20.88,20.93,19.92,19.94,,522755.0,,raw
2025-02-14,19.88,21.21,19.72,20.15,,529436.0,,raw
2025-02-17,20.16,21.2,20.15,21.2,,796445.0,,raw
2025-02-18,21.25,21.44,20.69,20.93,,721558.0,,raw
2025-02-19,20.97,22.57,20.93,22.3,,1048578.0,,raw
2025-02-20,22.31,24.48,22.12,23.4,,1178873.0,,raw
2025-02-21,23.41,24.3,23.03,23.54,,966520.0,,raw
2025-02-24,23.64,25.32,23.16,24.98,,1041107.0,,raw
2025-02-25,23.8,25.02,23.61,24.44,,766419.0,,raw
2025-02-26,24.32,26.79,24.03,25.6,,1047879.0,,raw
2025-02-27,25.61,28.0,24.97,27.48,,1183193.0,,raw
2025-02-28,27.0,27.0,24.73,24.73,,956251.0,,raw
2025-03-03,23.68,24.45,22.78,23.02,,850750.0,,raw
2025-03-04,22.71,23.86,22.71,23.62,,556407.0,,raw
2025-03-05,23.66,24.7,23.56,24.47,,600626.0,,raw
2025-03-06,24.67,25.51,24.39,25.05,,642566.0,,raw
2025-03-07,24.73,25.48,24.5,24.81,,527618.0,,raw
2025-03-10,24.98,25.55,24.59,25.13,,552241.0,,raw
2025-03-11,24.58,25.12,24.0,24.56,,529256.0,,raw
2025-03-12,24.65,24.89,24.0,24.19,,413222.0,,raw
2025-03-13,24.11,24.11,22.54,22.84,,583047.0,,raw
2025-03-14,22.77,23.89,22.53,23.56,,455972.0,,raw
2025-03-17,23.5,23.85,23.11,23.62,,344641.0,,raw
2025-03-18,23.8,24.06,23.52,23.92,,380245.0,,raw
2025-03-19,23.8,24.17,23.4,23.86,,327738.0,,raw
2025-03-20,23.7,25.25,23.3,24.46,,664838.0,,raw
2025-03-21,24.25,24.33,23.11,23.16,,472340.0,,raw
2025-03-24,23.11,23.24,21.82,22.5,,424767.0,,raw
2025-03-25,22.41,22.87,21.9,22.05,,252406.0,,raw
2025-03-26,21.88,22.79,21.88,22.24,,232435.0,,raw
2025-03-27,22.11,22.71,21.78,22.25,,248617.0,,raw
2025-03-28,22.28,22.72,22.05,22.25,,190158.0,,raw
2025-03-31,21.9,22.03,20.9,21.4,,333684.0,,raw
2025-04-01,21.5,21.6,21.0,21.01,,187647.0,,raw
2025-04-02,20.9,21.46,20.9,21.32,,162571.0,,raw
2025-04-03,21.0,21.54,20.84,20.89,,172677.0,,raw
2025-04-07,19.17,19.54,18.8,18.8,,171718.0,,raw
2025-04-08,18.22,18.55,16.92,17.32,,554996.0,,raw
2025-04-09,16.8,18.17,15.8,17.99,,467464.0,,raw
2025-04-10,18.45,18.9,18.27,18.33,,352540.0,,raw
2025-04-11,18.01,18.99,18.0,18.66,,293652.0,,raw
2025-04-14,19.05,19.26,18.81,18.91,,219490.0,,raw
2025-04-15,18.85,19.1,18.58,18.82,,167012.0,,raw
2025-04-16,18.67,18.84,18.18,18.48,,156357.0,,raw
2025-04-17,18.3,18.66,18.2,18.31,,129599.0,,raw
2025-04-18,18.3,18.44,18.06,18.34,,106274.0,,raw
2025-04-21,18.28,18.95,18.06,18.92,,186231.0,,raw
2025-04-22,18.92,18.92,18.52,18.58,,126214.0,,raw
2025-04-23,18.73,19.53,18.73,19.25,,307530.0,,raw
2025-04-24,19.4,19.4,18.75,18.86,,207840.0,,raw
2025-04-25,18.93,19.08,18.73,18.85,,144415.0,,raw
2025-04-28,18.84,18.95,18.48,18.49,,125068.0,,raw
2025-04-29,18.73,19.35,18.68,19.17,,258938.0,,raw
2025-04-30,19.39,20.13,19.21,20.0,,306792.0,,raw
2025-05-06,20.52,20.93,20.25,20.92,,362229.0,,raw
2025-05-07,21.21,21.29,20.53,20.85,,349261.0,,raw
2025-05-08,20.85,21.13,20.73,20.94,,233052.0,,raw
2025-05-09,20.94,20.95,20.21,20.71,,244084.0,,raw
2025-05-12,21.03,21.63,20.96,21.6,,386897.0,,raw
2025-05-13,22.0,22.05,21.14,21.17,,316902.0,,raw
2025-05-14,21.15,21.31,20.87,21.11,,233625.0,,raw
2025-05-15,21.11,21.11,20.52,20.75,,177758.0,,raw
2025-05-16,20.67,21.04,20.5,20.61,,212296.0,,raw
2025-05-19,20.6,20.7,20.1,20.69,,203763.0,,raw
2025-05-20,20.69,20.78,20.27,20.49,,178488.0,,raw
2025-05-21,20.36,20.49,20.14,20.31,,137350.0,,raw
2025-05-22,20.25,20.49,20.0,20.06,,144182.0,,raw
2025-05-23,19.97,20.38,19.79,19.86,,171392.0,,raw
2025-05-26,19.86,19.99,19.7,19.9,,129341.0,,raw
2025-05-27,19.83,19.87,19.37,19.45,,129274.0,,raw
2025-05-28,19.44,19.66,19.24,19.27,,109367.0,,raw
2025-05-29,19.29,19.7,19.29,19.63,,141309.0,,raw
2025-05-30,19.6,19.6,19.05,19.22,,131833.0,,raw
2025-06-03,19.02,19.33,18.98,19.21,,92207.0,,raw
2025-06-04,19.21,19.46,19.21,19.38,,105111.0,,raw
2025-06-05,19.7,19.78,19.38,19.73,,176584.0,,raw
2025-06-06,19.73,19.75,19.34,19.44,,117772.0,,raw
2025-06-09,19.79,20.36,19.71,20.04,,243130.0,,raw
2025-06-10,20.3,20.83,19.74,20.64,,393886.0,,raw
2025-06-11,20.5,20.53,20.25,20.31,,241226.0,,raw
2025-06-12,20.09,20.59,19.91,20.18,,214526.0,,raw
2025-06-13,20.11,20.11,19.44,19.46,,201811.0,,raw
2025-06-16,19.25,19.54,19.24,19.47,,111556.0,,raw
2025-06-17,19.5,19.79,19.35,19.46,,114657.0,,raw
2025-06-18,19.38,19.49,19.23,19.45,,92577.0,,raw
2025-06-19,19.37,19.73,19.21,19.29,,163089.0,,raw
2025-06-20,19.26,19.39,18.76,18.82,,167027.0,,raw
2025-06-23,18.55,19.04,18.35,19.01,,111201.0,,raw
2025-06-24,19.05,19.99,19.05,19.99,,282805.0,,raw
2025-06-25,20.06,20.35,19.94,20.35,,271020.0,,raw
2025-06-26,20.32,20.48,20.03,20.05,,216268.0,,raw
2025-06-27,20.08,20.25,19.95,20.06,,143370.0,,raw
2025-06-30,20.16,20.33,20.08,20.24,,148296.0,,raw
2025-07-01,20.24,20.25,20.0,20.16,,131510.0,,raw
2025-07-02,20.15,20.22,19.74,19.89,,137709.0,,raw
2025-07-03,19.8,20.05,19.71,19.92,,98638.0,,raw
2025-07-04,19.89,19.9,19.5,19.67,,116484.0,,raw
2025-07-07,19.61,19.67,19.33,19.37,,95763.0,,raw
2025-07-08,19.37,19.9,19.35,19.86,,137818.0,,raw
2025-07-09,19.97,20.22,19.73,19.77,,147412.0,,raw
2025-07-10,19.65,19.83,19.6,19.7,,96992.0,,raw
2025-07-11,19.7,20.29,19.65,20.18,,213771.0,,raw
2025-07-14,20.28,20.55,20.15,20.39,,242528.0,,raw
2025-07-15,20.45,20.69,20.3,20.58,,257934.0,,raw
2025-07-16,20.59,20.8,20.37,20.56,,236230.0,,raw
2025-07-17,20.5,21.13,20.4,21.03,,295008.0,,raw
2025-07-18,21.12,21.2,20.88,21.14,,237594.0,,raw
2025-07-21,21.5,21.79,21.16,21.37,,347392.0,,raw
2025-07-22,21.22,21.36,21.0,21.14,,279232.0,,raw
2025-07-23,21.12,21.17,20.84,20.91,,189800.0,,raw
2025-07-24,21.1,21.67,21.1,21.44,,242985.0,,raw
2025-07-25,21.55,21.93,21.4,21.72,,287553.0,,raw
2025-07-28,21.97,22.05,21.43,21.52,,268569.0,,raw
2025-07-29,21.56,21.56,21.2,21.48,,170772.0,,raw
2025-07-30,21.47,21.47,21.0,21.13,,178491.0,,raw
2025-07-31,21.15,21.48,20.9,21.0,,191640.0,,raw
2025-08-01,21.02,21.29,20.79,21.03,,155420.0,,raw
2025-08-04,21.02,21.78,21.02,21.72,,349227.0,,raw
2025-08-05,21.83,23.5,21.83,23.24,,748064.0,,raw
2025-08-06,23.55,24.38,22.91,24.21,,830463.0,,raw
2025-08-07,24.24,24.29,23.38,23.65,,576666.0,,raw
2025-08-08,23.54,23.85,23.25,23.32,,379597.0,,raw
2025-08-11,23.5,23.88,23.35,23.61,,372484.0,,raw
2025-08-12,23.61,23.65,23.01,23.14,,363263.0,,raw
2025-08-13,23.06,23.29,22.97,23.17,,302593.0,,raw
2025-08-14,23.2,24.24,22.56,23.82,,739691.0,,raw
2025-08-15,23.55,24.24,23.5,24.15,,581792.0,,raw
2025-08-18,24.25,24.54,23.77,24.4,,668439.0,,raw
2025-08-19,24.36,25.1,23.9,24.54,,586114.0,,raw
2025-08-20,24.54,24.54,23.9,24.34,,369213.0,,raw
2025-08-21,24.35,24.43,23.77,23.88,,307567.0,,raw
2025-08-22,23.88,24.18,23.8,24.15,,297697.0,,raw
2025-08-25,24.03,24.98,24.03,24.77,,489768.0,,raw
2025-08-26,24.61,24.64,24.33,24.36,,266436.0,,raw
2025-08-27,24.46,25.1,24.02,24.03,,589111.0,,raw
2025-08-28,23.95,24.24,23.29,24.24,,435700.0,,raw
2025-08-29,24.34,24.38,23.68,23.92,,335777.0,,raw
2025-09-01,23.95,24.29,23.43,23.63,,308455.0,,raw
2025-09-02,23.7,24.98,22.75,24.43,,720745.0,,raw
2025-09-03,24.46,24.68,23.5,23.76,,396408.0,,raw
2025-09-04,23.7,24.25,22.1,22.51,,420519.0,,raw
2025-09-05,22.52,23.58,22.5,23.55,,341321.0,,raw
2025-09-08,23.56,25.18,23.56,24.88,,580892.0,,raw
2025-09-09,24.69,25.0,24.46,24.77,,400065.0,,raw
2025-09-10,24.77,24.96,24.3,24.35,,293653.0,,raw
2025-09-11,24.2,25.4,24.08,25.4,,556739.0,,raw
2025-09-12,25.52,26.02,25.11,25.3,,504690.0,,raw
2025-09-15,25.29,25.56,25.01,25.03,,336576.0,,raw
2025-09-16,25.01,26.24,24.83,25.99,,580766.0,,raw
2025-09-17,26.25,27.08,26.0,26.39,,615630.0,,raw
2025-09-18,26.43,27.2,25.6,26.01,,709173.0,,raw
2025-09-19,26.01,26.01,25.0,25.24,,442434.0,,raw
2025-09-22,25.12,25.55,25.01,25.27,,264367.0,,raw
2025-09-23,25.2,25.65,24.19,24.75,,340549.0,,raw
2025-09-24,24.55,25.7,24.36,25.57,,338460.0,,raw
2025-09-25,25.58,26.4,25.58,25.68,,378338.0,,raw
2025-09-26,25.5,25.69,24.7,24.79,,278763.0,,raw
2025-09-29,24.75,25.78,24.55,25.76,,353263.0,,raw
2025-09-30,25.88,25.9,25.41,25.6,,255437.0,,raw
2025-10-09,25.62,26.8,24.92,26.33,,422453.0,,raw
2025-10-10,26.28,26.67,25.31,25.42,,363377.0,,raw
2025-10-13,23.9,24.93,23.51,24.81,,338299.0,,raw
2025-10-14,25.26,25.78,23.78,23.87,,397746.0,,raw
2025-10-15,23.99,24.96,23.45,24.65,,307025.0,,raw
2025-10-16,24.3,24.38,23.51,23.65,,256541.0,,raw
2025-10-17,23.66,23.73,22.5,22.52,,251176.0,,raw
2025-10-20,22.94,23.91,22.86,23.36,,319833.0,,raw
2025-10-21,23.5,23.59,23.16,23.48,,143623.0,,raw
2025-10-22,23.26,23.75,23.03,23.37,,137185.0,,raw
2025-10-23,23.4,23.4,22.83,23.28,,125717.0,,raw
2025-10-24,23.52,24.28,23.46,24.1,,260689.0,,raw
2025-10-27,24.31,24.59,23.96,24.16,,203622.0,,raw
2025-10-28,24.17,24.42,23.82,24.02,,182405.0,,raw
2025-10-29,24.05,24.38,23.98,24.29,,153860.0,,raw
2025-10-30,24.51,25.28,24.32,24.4,,294760.0,,raw
2025-10-31,24.7,25.79,24.62,25.16,,411461.0,,raw
2025-11-03,25.19,25.34,24.38,24.77,,265131.0,,raw
2025-11-04,24.67,24.68,23.8,24.01,,209941.0,,raw
2025-11-05,23.58,23.94,23.3,23.75,,154259.0,,raw
2025-11-06,23.82,24.45,23.68,24.15,,164872.0,,raw
2025-11-07,24.17,24.2,23.59,23.61,,146842.0,,raw
2025-11-10,23.61,23.78,23.18,23.25,,158769.0,,raw
2025-11-11,23.5,23.83,22.95,23.02,,149839.0,,raw
2025-11-12,23.3,23.45,22.6,22.75,,174118.0,,raw
2025-11-13,22.62,22.88,22.51,22.79,,133484.0,,raw
2025-11-14,22.55,22.7,22.3,22.42,,120810.0,,raw
2025-11-17,22.31,22.57,22.23,22.44,,94065.0,,raw
2025-11-18,22.4,22.53,22.23,22.29,,107550.0,,raw
2025-11-19,22.36,22.43,21.89,22.12,,107699.0,,raw
2025-11-20,22.26,22.36,21.82,21.85,,92291.0,,raw
2025-11-21,21.68,22.17,21.15,21.87,,197697.0,,raw
2025-11-24,21.75,22.1,21.38,22.01,,145632.0,,raw
2025-11-25,22.18,22.2,21.86,21.86,,140725.0,,raw
2025-11-26,21.86,22.05,21.65,21.93,,104373.0,,raw
2025-11-27,21.99,22.15,21.73,21.76,,101563.0,,raw
2025-11-28,21.6,21.97,21.59,21.93,,85601.0,,raw
2025-12-01,21.91,22.43,21.91,22.43,,160656.0,,raw
2025-12-02,22.4,22.4,21.95,22.01,,107637.0,,raw
2025-12-03,22.02,22.19,21.72,21.88,,80791.0,,raw
2025-12-04,22.34,22.65,22.03,22.44,,221739.0,,raw
2025-12-05,22.53,22.56,22.15,22.55,,143531.0,,raw
2025-12-08,22.65,22.76,22.45,22.73,,169551.0,,raw
2025-12-09,22.61,22.77,22.34,22.36,,124992.0,,raw
2025-12-10,22.42,22.63,22.22,22.48,,116182.0,,raw
2025-12-11,22.48,22.54,21.95,21.98,,124538.0,,raw
2025-12-12,21.97,22.08,21.7,22.0,,139342.0,,raw
2025-12-15,21.85,21.86,21.4,21.41,,126381.0,,raw
2025-12-16,21.4,21.41,20.85,20.91,,120541.0,,raw
2025-12-17,20.91,21.23,20.69,21.18,,101763.0,,raw
2025-12-18,21.01,21.24,20.94,20.95,,80496.0,,raw
2025-12-19,21.01,21.33,21.01,21.18,,95106.0,,raw
2025-12-22,21.55,21.84,21.4,21.7,,141965.0,,raw
2025-12-23,21.7,21.7,21.45,21.54,,83150.0,,raw
2025-12-24,21.5,21.74,21.43,21.67,,75476.0,,raw
2025-12-25,21.77,22.58,21.71,22.51,,230960.0,,raw
2025-12-26,22.55,22.76,22.26,22.58,,191884.0,,raw
2025-12-29,22.74,22.95,22.55,22.84,,219968.0,,raw
2025-12-30,22.61,23.8,22.6,23.66,,408693.0,,raw
2025-12-31,23.74,23.95,23.41,23.7,,312044.0,,raw
