trade_date,open,high,low,close,adj_close,volume,amount,price_type
2019-01-02,12.843,13.007,12.65,12.721,12.721,115557.0,,adjusted
2019-01-03,12.543,12.964,12.543,12.743,12.743,123319.0,,adjusted
2019-01-04,12.571,13.2,12.507,13.193,13.193,195346.0,,adjusted
2019-01-07,13.393,13.393,13.136,13.357,13.357,196474.0,,adjusted
2019-01-08,13.293,13.514,13.143,13.343,13.343,171144.0,,adjusted
2019-01-09,13.257,13.457,12.936,13.143,13.143,252423.0,,adjusted
2019-01-10,13.2,13.329,13.0,13.029,13.029,144083.0,,adjusted
2019-01-11,13.043,13.171,12.957,13.071,13.071,103264.0,,adjusted
2019-01-14,13.071,13.314,12.979,12.979,12.979,118655.0,,adjusted
2019-01-15,12.979,13.286,12.8,13.257,13.257,172550.0,,adjusted
2019-01-16,13.25,13.307,13.029,13.071,13.071,125949.0,,adjusted
2019-01-17,13.1,13.136,12.771,12.793,12.793,124636.0,,adjusted
2019-01-18,12.8,13.1,12.8,13.057,13.057,147194.0,,adjusted
2019-01-21,13.136,13.464,13.136,13.343,13.343,216910.0,,adjusted
2019-01-22,13.264,13.443,13.079,13.107,13.107,153206.0,,adjusted
2019-01-23,13.021,13.35,12.971,13.3,13.3,162396.0,,adjusted
2019-01-24,13.243,13.293,13.079,13.214,13.214,130314.0,,adjusted
2019-01-25,13.229,13.629,13.114,13.321,13.321,262361.0,,adjusted
2019-01-28,13.343,13.5,12.993,13.007,13.007,170853.0,,adjusted
2019-01-29,12.9,12.921,11.721,12.179,12.179,249627.0,,adjusted
2019-01-30,12.064,12.371,11.85,11.857,11.857,154857.0,,adjusted
2019-01-31,11.907,12.079,10.764,10.929,10.929,305911.0,,adjusted
2019-02-01,11.043,11.507,11.043,11.486,11.486,184825.0,,adjusted
2019-02-11,11.686,12.721,11.65,12.657,12.657,286417.0,,adjusted
2019-02-12,12.664,13.007,12.457,12.836,12.836,324849.0,,adjusted
2019-02-13,12.757,13.914,12.671,13.614,13.614,516394.0,,adjusted
2019-02-14,13.679,13.793,13.364,13.721,13.721,357113.0,,adjusted
2019-02-15,13.643,14.35,13.529,13.636,13.636,383074.0,,adjusted
2019-02-18,13.629,14.293,13.621,14.25,14.25,392976.0,,adjusted
2019-02-19,14.329,14.393,13.686,14.043,14.043,388399.0,,adjusted
2019-02-20,14.093,15.071,14.086,14.543,14.543,533675.0,,adjusted
2019-02-21,14.564,14.929,14.314,14.443,14.443,434803.0,,adjusted
2019-02-22,14.343,14.643,14.0,14.579,14.579,384631.0,,adjusted
2019-02-25,14.779,16.286,14.593,16.186,16.186,783978.0,,adjusted
2019-02-26,16.186,18.021,15.671,16.857,16.857,969484.0,,adjusted
2019-02-27,16.679,17.329,15.829,16.3,16.3,646305.0,,adjusted
2019-02-28,16.186,16.643,16.05,16.271,16.271,283636.0,,adjusted
2019-03-01,16.436,16.571,15.9,16.3,16.3,317610.0,,adjusted
2019-03-04,16.314,17.164,16.221,16.436,16.436,580456.0,,adjusted
2019-03-05,16.257,16.686,16.071,16.679,16.679,473788.0,,adjusted
2019-03-06,16.657,17.657,16.564,17.321,17.321,791064.0,,adjusted
2019-03-07,17.221,17.743,16.8,17.236,17.236,670194.0,,adjusted
2019-03-08,16.686,16.829,15.471,15.571,15.571,684855.0,,adjusted
2019-03-11,15.614,16.314,15.571,16.207,16.207,381027.0,,adjusted
2019-03-12,16.457,16.657,15.979,16.293,16.293,425658.0,,adjusted
2019-03-13,16.171,18.214,16.171,18.214,18.214,1189260.0,,adjusted
2019-03-14,18.329,19.9,17.864,19.136,19.136,1380291.0,,adjusted
2019-03-15,19.043,19.864,18.336,19.207,19.207,907995.0,,adjusted
2019-03-18,19.107,20.221,18.9,19.514,19.514,779154.0,,adjusted
2019-03-19,19.529,19.536,18.721,18.85,18.85,581493.0,,adjusted
2019-03-20,18.479,18.729,17.9,18.471,18.471,546268.0,,adjusted
2019-03-21,18.436,18.921,18.264,18.5,18.5,468731.0,,adjusted
2019-03-22,18.543,18.614,17.9,18.171,18.171,370427.0,,adjusted
2019-03-25,17.55,18.136,17.479,17.579,17.579,361361.0,,adjusted
2019-03-26,17.593,18.107,17.493,17.657,17.657,352062.0,,adjusted
2019-03-27,17.7,18.043,16.1,16.764,16.764,662225.0,,adjusted
2019-03-28,16.393,16.564,15.9,16.121,16.121,377802.0,,adjusted
2019-03-29,16.214,16.814,15.943,16.75,16.75,376911.0,,adjusted
2019-04-01,16.886,17.936,16.886,17.743,17.743,532329.0,,adjusted
2019-04-02,17.886,18.957,17.336,18.286,18.286,635686.0,,adjusted
2019-04-03,17.936,18.464,17.821,18.114,18.114,385325.0,,adjusted
2019-04-04,18.221,18.729,17.943,18.071,18.071,542336.0,,adjusted
2019-04-08,19.486,19.5,18.279,18.521,18.521,681652.0,,adjusted
2019-04-09,18.55,18.657,17.829,18.029,18.029,394373.0,,adjusted
2019-04-10,17.9,18.186,17.457,17.95,17.95,339554.0,,adjusted
2019-04-11,17.921,19.05,17.85,18.364,18.364,639757.0,,adjusted
2019-04-12,18.114,18.136,17.336,17.414,17.414,418374.0,,adjusted
2019-04-15,17.714,17.821,16.9,16.993,16.993,277578.0,,adjusted
2019-04-16,16.757,17.579,16.757,17.55,17.55,268080.0,,adjusted
2019-04-17,17.707,18.379,17.586,18.021,18.021,408813.0,,adjusted
2019-04-18,18.107,18.329,17.407,17.521,17.521,301410.0,,adjusted
2019-04-19,17.4,17.471,17.086,17.421,17.421,210502.0,,adjusted
2019-04-22,17.464,17.543,16.871,16.936,16.936,245138.0,,adjusted
2019-04-23,16.943,17.229,16.507,17.021,17.021,210893.0,,adjusted
2019-04-24,17.043,17.143,16.629,16.936,16.936,148561.0,,adjusted
2019-04-25,16.9,17.15,16.329,16.329,16.329,212451.0,,adjusted
2019-04-26,16.321,16.521,15.536,15.671,15.671,241681.0,,adjusted
2019-04-29,15.664,15.664,14.193,14.4,14.4,338915.0,,adjusted
2019-04-30,14.186,14.757,14.043,14.643,14.643,167771.0,,adjusted
2019-05-06,13.971,14.75,13.343,13.743,13.743,288297.0,,adjusted
2019-05-07,13.979,14.3,13.8,14.221,14.221,204903.0,,adjusted
2019-05-08,13.943,14.221,13.821,13.964,13.964,146075.0,,adjusted
2019-05-09,13.743,14.043,13.6,13.65,13.65,140394.0,,adjusted
2019-05-10,13.85,14.164,13.071,14.121,14.121,214108.0,,adjusted
2019-05-13,13.907,14.421,13.721,14.171,14.171,194160.0,,adjusted
2019-05-14,13.957,14.114,13.764,13.85,13.85,127233.0,,adjusted
2019-05-15,14.057,14.179,13.914,14.107,14.107,148243.0,,adjusted
2019-05-16,14.15,14.843,14.107,14.664,14.664,300375.0,,adjusted
2019-05-17,14.807,14.807,13.721,13.871,13.871,230765.0,,adjusted
2019-05-20,13.857,14.386,13.121,14.15,14.15,198887.0,,adjusted
2019-05-21,14.179,14.771,14.0,14.5,14.5,234374.0,,adjusted
2019-05-22,14.543,14.586,14.114,14.157,14.157,148396.0,,adjusted
2019-05-23,14.129,14.15,13.593,13.657,13.657,130159.0,,adjusted
2019-05-24,13.579,13.893,13.543,13.557,13.557,104599.0,,adjusted
2019-05-27,13.693,14.086,13.536,14.014,14.014,150932.0,,adjusted
2019-05-28,14.021,14.6,14.014,14.293,14.293,209515.0,,adjusted
2019-05-29,14.293,14.579,14.121,14.314,14.314,181730.0,,adjusted
2019-05-30,14.207,15.171,13.993,14.979,14.979,369996.0,,adjusted
2019-05-31,14.814,14.921,14.514,14.529,14.529,262899.0,,adjusted
2019-06-03,14.364,14.607,14.143,14.207,14.207,160574.0,,adjusted
2019-06-04,14.214,14.329,13.757,13.843,13.843,142022.0,,adjusted
2019-06-05,14.079,14.229,13.864,13.9,13.9,104895.0,,adjusted
2019-06-06,13.914,14.043,13.407,13.507,13.507,125574.0,,adjusted
2019-06-10,13.714,14.057,13.636,13.964,13.964,136182.0,,adjusted
2019-06-11,13.893,14.529,13.829,14.464,14.464,221012.0,,adjusted
2019-06-12,14.443,14.821,14.307,14.379,14.379,213597.0,,adjusted
2019-06-13,14.329,14.557,14.143,14.45,14.45,149655.0,,adjusted
2019-06-14,14.507,14.643,13.914,13.971,13.971,165211.0,,adjusted
2019-06-17,13.943,14.157,13.829,13.893,13.893,86678.0,,adjusted
2019-06-18,13.757,13.764,13.45,13.5,13.5,172986.0,,adjusted
2019-06-19,13.843,14.029,13.607,13.629,13.629,146194.0,,adjusted
2019-06-20,13.636,13.993,13.543,13.893,13.893,172935.0,,adjusted
2019-06-21,13.9,14.243,13.9,14.121,14.121,192117.0,,adjusted
2019-06-24,14.179,14.307,14.021,14.179,14.179,134159.0,,adjusted
2019-06-25,14.179,14.207,13.664,13.821,13.821,143771.0,,adjusted
2019-06-26,13.8,14.314,13.671,14.057,14.057,173524.0,,adjusted
2019-06-27,14.029,14.229,14.0,14.05,14.05,142007.0,,adjusted
2019-06-28,14.05,14.05,13.686,13.779,13.779,108578.0,,adjusted
2019-07-01,14.114,14.493,13.936,14.45,14.45,292063.0,,adjusted
2019-07-02,14.514,15.257,14.343,15.1,15.1,535184.0,,adjusted
2019-07-03,15.007,15.007,14.629,14.693,14.693,285568.0,,adjusted
2019-07-04,14.693,14.921,14.543,14.614,14.614,161047.0,,adjusted
2019-07-05,14.721,14.85,14.579,14.6,14.6,128012.0,,adjusted
2019-07-08,14.514,14.514,13.829,13.886,13.886,199848.0,,adjusted
2019-07-09,13.864,14.164,13.857,14.107,14.107,135420.0,,adjusted
2019-07-10,14.093,14.1,13.7,13.8,13.8,114618.0,,adjusted
2019-07-11,13.914,14.15,13.779,13.9,13.9,102256.0,,adjusted
2019-07-12,13.914,14.114,13.893,14.014,14.014,84327.0,,adjusted
2019-07-15,13.714,13.714,12.914,13.414,13.414,265895.0,,adjusted
2019-07-16,13.329,13.507,13.114,13.236,13.236,135788.0,,adjusted
2019-07-17,13.236,13.357,13.079,13.243,13.243,91640.0,,adjusted
2019-07-18,13.207,13.364,13.121,13.129,13.129,87687.0,,adjusted
2019-07-19,13.136,13.371,13.136,13.207,13.207,79702.0,,adjusted
2019-07-22,13.307,13.336,12.65,12.671,12.671,150858.0,,adjusted
2019-07-23,12.671,12.807,12.65,12.757,12.757,58355.0,,adjusted
2019-07-24,12.793,13.057,12.793,12.979,12.979,83478.0,,adjusted
2019-07-25,13.043,13.043,12.779,12.957,12.957,89898.0,,adjusted
2019-07-26,12.936,13.279,12.85,13.214,13.214,117728.0,,adjusted
2019-07-29,13.15,13.279,13.079,13.114,13.114,77456.0,,adjusted
2019-07-30,13.1,13.293,13.1,13.164,13.164,90212.0,,adjusted
2019-07-31,13.164,13.171,12.857,13.05,13.05,122688.0,,adjusted
2019-08-01,12.879,14.207,12.821,13.821,13.821,413536.0,,adjusted
2019-08-02,13.486,14.007,13.4,13.579,13.579,300154.0,,adjusted
2019-08-05,13.414,13.579,12.936,12.957,12.957,225507.0,,adjusted
2019-08-06,12.264,12.664,11.893,12.179,12.179,233502.0,,adjusted
2019-08-07,12.993,13.186,12.557,12.743,12.743,232699.0,,adjusted
2019-08-08,12.936,12.971,12.429,12.471,12.471,150312.0,,adjusted
2019-08-09,12.571,12.721,12.2,12.243,12.243,122862.0,,adjusted
2019-08-12,12.257,12.421,12.007,12.421,12.421,121507.0,,adjusted
2019-08-13,12.186,12.357,12.129,12.15,12.15,94480.0,,adjusted
2019-08-14,12.343,12.45,12.179,12.236,12.236,125785.0,,adjusted
2019-08-15,11.879,12.064,11.636,11.971,11.971,158927.0,,adjusted
2019-08-16,11.921,12.243,11.857,12.0,12.0,125450.0,,adjusted
2019-08-19,12.2,12.429,11.986,12.429,12.429,224860.0,,adjusted
2019-08-20,12.393,12.65,12.307,12.371,12.371,186210.0,,adjusted
2019-08-21,12.271,12.364,12.05,12.086,12.086,151438.0,,adjusted
2019-08-22,12.136,12.9,12.043,12.9,12.9,381891.0,,adjusted
2019-08-23,12.686,12.743,12.407,12.471,12.471,214988.0,,adjusted
2019-08-26,12.114,12.914,12.043,12.636,12.636,236455.0,,adjusted
2019-08-27,12.657,12.886,12.543,12.843,12.843,219573.0,,adjusted
2019-08-28,12.836,12.993,12.493,12.507,12.507,189998.0,,adjusted
2019-08-29,12.471,12.479,12.2,12.257,12.257,145349.0,,adjusted
2019-08-30,12.371,12.371,12.1,12.15,12.15,148106.0,,adjusted
2019-09-02,12.307,12.607,12.243,12.471,12.471,189237.0,,adjusted
2019-09-03,12.371,12.5,12.243,12.429,12.429,160191.0,,adjusted
2019-09-04,12.35,13.007,12.293,12.9,12.9,425054.0,,adjusted
2019-09-05,12.829,13.207,12.786,13.064,13.064,388431.0,,adjusted
2019-09-06,13.114,13.171,12.886,13.0,13.0,190751.0,,adjusted
2019-09-09,13.114,13.521,13.036,13.493,13.493,297856.0,,adjusted
2019-09-10,13.457,14.086,13.336,13.564,13.564,355826.0,,adjusted
2019-09-11,13.743,13.893,13.171,13.2,13.2,265469.0,,adjusted
2019-09-12,13.364,13.436,13.136,13.307,13.307,162551.0,,adjusted
2019-09-16,13.5,13.743,13.414,13.564,13.564,209816.0,,adjusted
2019-09-17,13.529,13.529,13.107,13.3,13.3,178277.0,,adjusted
2019-09-18,13.343,13.393,12.993,13.207,13.207,135228.0,,adjusted
2019-09-19,13.221,13.886,13.221,13.807,13.807,346307.0,,adjusted
2019-09-20,13.743,13.807,13.507,13.664,13.664,232985.0,,adjusted
2019-09-23,13.579,13.814,13.371,13.514,13.514,196587.0,,adjusted
2019-09-24,13.507,13.771,13.4,13.629,13.629,183718.0,,adjusted
2019-09-25,13.636,15.107,13.479,14.657,14.657,736404.0,,adjusted
2019-09-26,14.4,14.743,13.779,13.814,13.814,446556.0,,adjusted
2019-09-27,13.964,14.021,13.571,13.65,13.65,236807.0,,adjusted
2019-09-30,13.643,13.936,13.25,13.371,13.371,182047.0,,adjusted
2019-10-08,13.207,13.571,12.971,13.371,13.371,165023.0,,adjusted
2019-10-09,13.214,13.493,13.021,13.329,13.329,141682.0,,adjusted
2019-10-10,13.679,13.757,13.343,13.443,13.443,148176.0,,adjusted
2019-10-11,13.364,13.4,13.079,13.179,13.179,125425.0,,adjusted
2019-10-14,13.307,13.6,13.229,13.6,13.6,181607.0,,adjusted
2019-10-15,13.393,13.507,13.121,13.314,13.314,144397.0,,adjusted
2019-10-16,13.3,13.421,12.979,12.979,12.979,116632.0,,adjusted
2019-10-17,12.971,13.286,12.971,13.064,13.064,98383.0,,adjusted
2019-10-18,13.064,13.379,12.979,13.221,13.221,157609.0,,adjusted
2019-10-21,13.136,13.25,12.986,13.107,13.107,85271.0,,adjusted
2019-10-22,13.129,13.243,13.029,13.093,13.093,79044.0,,adjusted
2019-10-23,13.007,13.086,12.536,12.557,12.557,173453.0,,adjusted
2019-10-24,12.543,12.814,12.45,12.507,12.507,111583.0,,adjusted
2019-10-25,12.507,12.707,12.293,12.6,12.6,100293.0,,adjusted
2019-10-28,12.614,12.864,12.393,12.829,12.829,126965.0,,adjusted
2019-10-29,12.779,13.214,12.693,12.943,12.943,166580.0,,adjusted
2019-10-30,12.85,13.171,12.779,12.814,12.814,99085.0,,adjusted
2019-10-31,12.821,12.943,12.657,12.836,12.836,76847.0,,adjusted
2019-11-01,12.821,13.186,12.793,13.1,13.1,113679.0,,adjusted
2019-11-04,13.271,13.771,13.129,13.471,13.471,253210.0,,adjusted
2019-11-05,13.679,14.243,13.4,13.914,13.914,407007.0,,adjusted
2019-11-06,14.043,14.864,13.957,14.1,14.1,546232.0,,adjusted
2019-11-07,14.129,14.264,13.814,14.0,14.0,309081.0,,adjusted
2019-11-08,14.257,14.736,14.093,14.386,14.386,431396.0,,adjusted
2019-11-11,14.271,14.686,13.829,13.979,13.979,290601.0,,adjusted
2019-11-12,14.014,14.171,13.771,13.964,13.964,163977.0,,adjusted
2019-11-13,13.886,13.907,13.543,13.721,13.721,159687.0,,adjusted
2019-11-14,13.793,13.971,13.507,13.543,13.543,174521.0,,adjusted
2019-11-15,13.614,13.814,13.4,13.5,13.5,162371.0,,adjusted
2019-11-18,13.5,14.1,13.386,14.043,14.043,198719.0,,adjusted
2019-11-19,13.936,15.579,13.907,15.436,15.436,662215.0,,adjusted
2019-11-20,15.443,15.714,15.186,15.386,15.386,510751.0,,adjusted
2019-11-21,15.571,15.579,15.043,15.143,15.143,259947.0,,adjusted
2019-11-22,15.7,16.171,15.421,15.664,15.664,602440.0,,adjusted
2019-11-25,15.664,16.071,15.471,15.6,15.6,354897.0,,adjusted
2019-11-26,15.471,16.357,15.121,16.3,16.3,541503.0,,adjusted
2019-11-27,16.15,17.271,15.907,16.829,16.829,631802.0,,adjusted
2019-11-28,16.843,17.336,16.629,16.9,16.9,345935.0,,adjusted
2019-11-29,16.757,17.236,16.45,17.079,17.079,350225.0,,adjusted
2019-12-02,17.029,17.236,16.386,16.514,16.514,325085.0,,adjusted
2019-12-03,16.407,17.2,16.264,17.2,17.2,366784.0,,adjusted
2019-12-04,17.043,18.057,17.007,17.786,17.786,463363.0,,adjusted
2019-12-05,17.786,18.221,17.671,18.036,18.036,395229.0,,adjusted
2019-12-06,17.836,18.314,17.729,17.907,17.907,234337.0,,adjusted
2019-12-09,17.914,18.114,17.293,17.486,17.486,346024.0,,adjusted
2019-12-10,17.414,18.1,17.386,17.55,17.55,268092.0,,adjusted
2019-12-11,17.557,17.629,16.971,17.021,17.021,320323.0,,adjusted
2019-12-12,17.843,18.05,17.05,17.1,17.1,387835.0,,adjusted
2019-12-13,17.336,18.036,17.057,17.786,17.786,454354.0,,adjusted
2019-12-16,18.114,18.6,17.629,18.129,18.129,433826.0,,adjusted
2019-12-17,18.614,20.214,18.614,20.214,20.214,720827.0,,adjusted
2019-12-18,20.736,20.743,19.514,20.05,20.05,718827.0,,adjusted
2019-12-19,20.05,20.05,19.329,19.45,19.45,363356.0,,adjusted
2019-12-20,19.686,20.343,19.35,19.5,19.5,484022.0,,adjusted
2019-12-23,19.386,20.857,18.907,20.321,20.321,603757.0,,adjusted
2019-12-24,20.721,22.05,20.186,21.757,21.757,726756.0,,adjusted
2019-12-25,21.414,22.043,21.079,21.714,21.714,498658.0,,adjusted
2019-12-26,21.829,23.1,21.614,22.429,22.429,536801.0,,adjusted
2019-12-27,22.543,23.079,21.65,21.671,21.671,635272.0,,adjusted
2019-12-30,21.657,22.15,21.314,21.721,21.721,408711.0,,adjusted
2019-12-31,21.721,22.786,21.529,22.136,22.136,417102.0,,adjusted
2020-01-02,22.293,22.814,21.779,22.586,22.586,441532.0,,adjusted
2020-01-03,22.457,23.693,22.164,23.243,23.243,536578.0,,adjusted
2020-01-06,23.264,25.843,23.264,25.829,25.829,961274.0,,adjusted
2020-01-07,25.257,25.986,25.121,25.814,25.814,578103.0,,adjusted
2020-01-08,25.85,27.657,24.936,26.3,26.3,850346.0,,adjusted
2020-01-09,26.9,27.043,25.829,26.464,26.464,451567.0,,adjusted
2020-01-10,25.971,26.886,25.593,26.6,26.6,460877.0,,adjusted
2020-01-13,27.114,27.536,26.407,26.957,26.957,403599.0,,adjusted
2020-01-14,27.579,29.379,27.257,28.264,28.264,607636.0,,adjusted
2020-01-15,27.914,28.186,26.264,27.329,27.329,509521.0,,adjusted
2020-01-16,27.1,27.957,26.6,27.107,27.107,383866.0,,adjusted
2020-01-17,26.893,27.471,26.664,27.143,27.143,367475.0,,adjusted
2020-01-20,26.943,28.179,26.257,27.657,27.657,407137.0,,adjusted
2020-01-21,27.271,27.736,26.736,26.757,26.757,292550.0,,adjusted
2020-01-22,26.686,29.0,26.65,28.436,28.436,605510.0,,adjusted
2020-01-23,28.321,29.614,26.436,28.236,28.236,590398.0,,adjusted
2020-02-03,25.136,26.536,25.136,25.136,25.136,585891.0,,adjusted
2020-02-04,26.529,27.921,25.85,27.921,27.921,688620.0,,adjusted
2020-02-05,29.471,30.986,29.057,29.9,29.9,904905.0,,adjusted
2020-02-06,28.221,31.2,28.079,30.779,30.779,745215.0,,adjusted
2020-02-07,30.186,31.164,29.421,30.786,30.786,472808.0,,adjusted
2020-02-10,30.543,34.136,30.543,34.136,34.136,680223.0,,adjusted
2020-02-11,35.971,36.243,33.757,35.207,35.207,757975.0,,adjusted
2020-02-12,34.436,39.0,34.429,39.0,39.0,495623.0,,adjusted
2020-02-13,41.086,43.157,38.986,39.75,39.75,981343.0,,adjusted
2020-02-14,40.729,41.8,38.293,38.529,38.529,772017.0,,adjusted
2020-02-17,38.521,41.55,38.479,41.543,41.543,634668.0,,adjusted
2020-02-18,41.4,42.257,38.329,40.271,40.271,742147.0,,adjusted
2020-02-19,41.186,42.014,38.65,38.921,38.921,679910.0,,adjusted
2020-02-20,39.829,40.107,37.971,39.307,39.307,580228.0,,adjusted
2020-02-21,38.964,39.6,38.257,38.457,38.457,609376.0,,adjusted
2020-02-24,37.614,37.871,34.4,36.536,36.536,938421.0,,adjusted
2020-02-25,35.8,40.464,35.664,40.464,40.464,825476.0,,adjusted
2020-02-26,40.957,42.407,38.614,39.45,39.45,973549.0,,adjusted
2020-02-27,40.471,40.471,37.257,37.636,37.636,558831.0,,adjusted
2020-02-28,35.407,36.614,33.686,34.386,34.386,673313.0,,adjusted
2020-03-02,35.243,36.321,33.793,35.329,35.329,545613.0,,adjusted
2020-03-03,36.571,38.507,35.943,36.364,36.364,537487.0,,adjusted
2020-03-04,36.293,37.143,35.271,36.6,36.6,372264.0,,adjusted
2020-03-05,36.9,37.171,35.043,35.864,35.864,407498.0,,adjusted
2020-03-06,34.579,37.614,34.486,35.971,35.971,433652.0,,adjusted
2020-03-09,34.686,35.736,32.721,33.079,33.079,512193.0,,adjusted
2020-03-10,32.971,34.743,31.907,34.621,34.621,471325.0,,adjusted
2020-03-11,34.757,35.386,33.686,33.736,33.736,360455.0,,adjusted
2020-03-12,32.536,33.043,31.429,32.779,32.779,375261.0,,adjusted
2020-03-13,30.657,32.257,30.129,31.543,31.543,390207.0,,adjusted
2020-03-16,31.543,31.55,28.114,28.114,28.114,516927.0,,adjusted
2020-03-17,27.971,28.957,25.686,26.879,26.879,626852.0,,adjusted
2020-03-18,27.271,28.75,26.457,26.579,26.579,501249.0,,adjusted
2020-03-19,26.9,27.114,24.829,26.264,26.264,512285.0,,adjusted
2020-03-20,27.257,27.664,25.129,26.093,26.093,412241.0,,adjusted
2020-03-23,25.014,25.014,23.207,23.243,23.243,492446.0,,adjusted
2020-03-24,24.029,25.686,23.543,25.193,25.193,622967.0,,adjusted
2020-03-25,26.257,27.657,26.036,27.507,27.507,646323.0,,adjusted
2020-03-26,26.943,27.171,26.307,26.421,26.421,425986.0,,adjusted
2020-03-27,27.05,27.179,25.486,25.657,25.657,350373.0,,adjusted
2020-03-30,24.614,25.357,22.971,24.971,24.971,499061.0,,adjusted
2020-03-31,25.271,26.457,24.829,26.007,26.007,503256.0,,adjusted
2020-04-01,26.464,28.607,25.721,27.0,27.0,710364.0,,adjusted
2020-04-02,26.7,28.043,26.293,27.986,27.986,433887.0,,adjusted
2020-04-03,27.964,28.364,26.621,26.907,26.907,398584.0,,adjusted
2020-04-07,27.807,28.186,27.271,28.171,28.171,418950.0,,adjusted
2020-04-08,27.686,28.386,27.279,27.757,27.757,325794.0,,adjusted
2020-04-09,27.971,28.064,26.921,27.079,27.079,241822.0,,adjusted
2020-04-10,27.614,27.614,25.464,25.579,25.579,324276.0,,adjusted
2020-04-13,25.014,25.35,24.407,24.607,24.607,299542.0,,adjusted
2020-04-14,25.257,27.343,25.136,27.343,27.343,534393.0,,adjusted
2020-04-15,28.05,29.386,27.457,28.343,28.343,804094.0,,adjusted
2020-04-16,28.436,28.986,27.686,28.486,28.486,463449.0,,adjusted
2020-04-17,29.257,30.25,28.6,29.05,29.05,621749.0,,adjusted
2020-04-20,28.75,29.007,27.764,28.771,28.771,371606.0,,adjusted
2020-04-21,28.071,28.679,27.279,27.686,27.686,374274.0,,adjusted
2020-04-22,26.557,27.829,26.293,27.643,27.643,324726.0,,adjusted
2020-04-23,28.007,28.029,26.586,26.757,26.757,276437.0,,adjusted
2020-04-24,26.621,28.793,26.614,27.471,27.471,415051.0,,adjusted
2020-04-27,27.464,27.829,26.607,27.114,27.114,235849.0,,adjusted
2020-04-28,27.693,28.314,26.414,27.857,27.857,357262.0,,adjusted
2020-04-29,27.85,28.664,27.614,27.886,27.886,289642.0,,adjusted
2020-04-30,29.1,30.721,29.1,30.336,30.336,548225.0,,adjusted
2020-05-06,30.121,32.864,29.957,32.221,32.221,460042.0,,adjusted
2020-05-07,32.157,33.836,32.129,33.257,33.257,452446.0,,adjusted
2020-05-08,33.257,34.914,31.793,32.714,32.714,552863.0,,adjusted
2020-05-11,32.686,32.964,31.457,32.093,32.093,350948.0,,adjusted
2020-05-12,32.057,32.7,31.5,32.471,32.471,283031.0,,adjusted
2020-05-13,31.971,34.743,31.636,33.229,33.229,374785.0,,adjusted
2020-05-14,32.957,33.136,32.171,32.293,32.293,257080.0,,adjusted
2020-05-15,32.686,34.457,32.15,33.9,33.9,438871.0,,adjusted
2020-05-18,33.686,34.257,32.614,32.943,32.943,294064.0,,adjusted
2020-05-19,33.329,33.9,32.636,32.914,32.914,284072.0,,adjusted
2020-05-20,33.971,35.743,33.664,34.079,34.079,557206.0,,adjusted
2020-05-21,34.4,34.5,32.257,32.307,32.307,406980.0,,adjusted
2020-05-22,32.171,32.221,30.329,31.079,31.079,298570.0,,adjusted
2020-05-25,30.814,31.279,30.3,31.043,31.043,165539.0,,adjusted
2020-05-26,31.557,32.129,31.3,32.079,32.079,224568.0,,adjusted
2020-05-27,32.114,33.15,31.293,31.529,31.529,266825.0,,adjusted
2020-05-28,31.243,32.471,30.671,31.921,31.921,264658.0,,adjusted
2020-05-29,32.479,33.457,31.757,32.614,32.614,367053.0,,adjusted
2020-06-01,33.257,34.657,32.343,34.029,34.029,360679.0,,adjusted
2020-06-02,34.614,35.029,33.243,33.4,33.4,285521.0,,adjusted
2020-06-03,33.686,33.686,32.593,32.957,32.957,232245.0,,adjusted
2020-06-04,33.186,34.2,33.05,33.379,33.379,260836.0,,adjusted
2020-06-05,32.821,33.143,32.371,33.107,33.107,176777.0,,adjusted
2020-06-08,32.971,33.893,32.864,33.014,33.014,208689.0,,adjusted
2020-06-09,33.686,34.7,33.343,34.429,34.429,342356.0,,adjusted
2020-06-10,34.293,34.379,33.514,34.086,34.086,209967.0,,adjusted
2020-06-11,35.114,35.664,33.793,34.136,34.136,425260.0,,adjusted
2020-06-12,32.971,33.5,32.686,33.157,33.157,269739.0,,adjusted
2020-06-15,32.857,33.936,32.364,32.871,32.871,293354.0,,adjusted
2020-06-16,33.586,34.814,33.229,34.507,34.507,371828.0,,adjusted
2020-06-17,35.329,35.486,33.957,34.4,34.4,296275.0,,adjusted
2020-06-18,34.136,36.293,34.036,35.943,35.943,433752.0,,adjusted
2020-06-19,35.957,37.029,35.614,36.186,36.186,409587.0,,adjusted
2020-06-22,36.286,38.021,36.193,36.971,36.971,349225.0,,adjusted
2020-06-23,36.971,37.329,36.264,37.007,37.007,243153.0,,adjusted
2020-06-24,37.0,37.0,35.686,35.85,35.85,239250.0,,adjusted
2020-06-29,35.479,36.107,34.971,35.464,35.464,207282.0,,adjusted
2020-06-30,35.557,36.257,35.421,35.521,35.521,205840.0,,adjusted
2020-07-01,36.171,36.829,35.836,36.321,36.321,299385.0,,adjusted
2020-07-02,36.257,38.229,36.15,37.257,37.257,325623.0,,adjusted
2020-07-03,37.971,38.779,37.457,37.964,37.964,283036.0,,adjusted
2020-07-06,37.9,40.129,37.443,39.4,39.4,425664.0,,adjusted
2020-07-07,42.136,43.614,41.35,43.614,43.614,488352.0,,adjusted
2020-07-08,43.457,43.686,41.764,43.379,43.379,433550.0,,adjusted
2020-07-09,42.579,44.757,42.579,43.457,43.457,326012.0,,adjusted
2020-07-10,43.45,43.957,42.693,43.107,43.107,290555.0,,adjusted
2020-07-13,44.4,47.214,44.043,47.164,47.164,441317.0,,adjusted
2020-07-14,45.829,45.829,42.971,43.371,43.371,466237.0,,adjusted
2020-07-15,44.4,44.471,40.007,42.85,42.85,442625.0,,adjusted
2020-07-16,42.871,43.321,39.4,39.643,39.643,333848.0,,adjusted
2020-07-17,40.121,41.521,39.179,40.507,40.507,264824.0,,adjusted
2020-07-20,41.421,42.057,39.614,41.4,41.4,255162.0,,adjusted
2020-07-21,42.257,43.293,41.121,41.714,41.714,244339.0,,adjusted
2020-07-22,41.4,42.186,41.243,41.429,41.429,189345.0,,adjusted
2020-07-23,40.4,41.4,39.2,41.386,41.386,265443.0,,adjusted
2020-07-24,40.329,40.329,36.993,36.993,36.993,512071.0,,adjusted
2020-07-27,36.993,37.014,35.05,36.279,36.279,258139.0,,adjusted
2020-07-28,37.064,38.671,36.671,37.186,37.186,275024.0,,adjusted
2020-07-29,36.821,38.386,36.507,38.186,38.186,228562.0,,adjusted
2020-07-30,38.471,38.607,36.7,36.95,36.95,238737.0,,adjusted
2020-07-31,37.257,38.379,36.807,37.443,37.443,205252.0,,adjusted
2020-08-03,37.614,38.393,37.329,38.393,38.393,230027.0,,adjusted
2020-08-04,39.114,40.586,38.907,39.45,39.45,373733.0,,adjusted
2020-08-05,39.2,39.543,37.014,39.007,39.007,358476.0,,adjusted
2020-08-06,38.836,39.257,37.757,38.4,38.4,196502.0,,adjusted
2020-08-07,38.043,38.721,36.743,37.529,37.529,170201.0,,adjusted
2020-08-10,37.15,37.157,35.329,36.329,36.329,227260.0,,adjusted
2020-08-11,36.4,37.65,36.021,36.114,36.114,214077.0,,adjusted
2020-08-12,36.829,39.129,35.586,38.757,38.757,337282.0,,adjusted
2020-08-13,38.186,38.536,37.207,37.307,37.307,217625.0,,adjusted
2020-08-14,37.321,37.65,35.836,36.543,36.543,176140.0,,adjusted
2020-08-17,36.543,37.036,35.9,37.029,37.029,178510.0,,adjusted
2020-08-18,37.829,37.971,36.943,37.129,37.129,161558.0,,adjusted
2020-08-19,37.186,37.521,36.043,36.193,36.193,167739.0,,adjusted
2020-08-20,35.686,35.686,34.5,34.714,34.714,210683.0,,adjusted
2020-08-21,34.757,35.643,34.029,34.471,34.471,156697.0,,adjusted
2020-08-24,35.043,35.936,34.457,35.579,35.579,187622.0,,adjusted
2020-08-25,36.036,36.043,34.886,35.007,35.007,123602.0,,adjusted
2020-08-26,35.007,35.021,32.4,32.636,32.636,281691.0,,adjusted
2020-08-27,33.1,34.043,32.807,33.957,33.957,171827.0,,adjusted
2020-08-28,33.886,34.314,33.471,34.186,34.186,131118.0,,adjusted
2020-08-31,34.429,34.671,33.536,33.55,33.55,148790.0,,adjusted
2020-09-01,33.871,35.9,32.829,34.95,34.95,322523.0,,adjusted
2020-09-02,35.35,35.464,34.471,35.171,35.171,178905.0,,adjusted
2020-09-03,34.957,35.036,33.929,34.264,34.264,142105.0,,adjusted
2020-09-04,33.193,33.829,32.893,33.614,33.614,127768.0,,adjusted
2020-09-07,33.757,34.321,32.114,32.514,32.514,166046.0,,adjusted
2020-09-08,32.514,33.614,31.579,33.243,33.243,149860.0,,adjusted
2020-09-09,32.471,32.671,31.443,31.793,31.793,160519.0,,adjusted
2020-09-10,32.157,32.579,30.836,30.936,30.936,150325.0,,adjusted
2020-09-11,30.943,31.321,30.586,31.164,31.164,128038.0,,adjusted
2020-09-14,31.621,33.793,31.621,32.586,32.586,284270.0,,adjusted
2020-09-15,33.186,34.829,32.679,34.829,34.829,346546.0,,adjusted
2020-09-16,34.257,36.529,33.971,35.479,35.479,323361.0,,adjusted
2020-09-17,35.114,36.557,34.893,35.793,35.793,266433.0,,adjusted
2020-09-18,35.814,37.529,35.636,37.329,37.329,298751.0,,adjusted
2020-09-21,37.607,38.471,36.471,36.921,36.921,280652.0,,adjusted
2020-09-22,36.479,36.864,35.693,35.979,35.979,199699.0,,adjusted
2020-09-23,36.193,36.614,34.757,35.714,35.714,198832.0,,adjusted
2020-09-24,34.829,35.379,33.536,33.564,33.564,250139.0,,adjusted
2020-09-25,34.314,35.014,33.821,34.543,34.543,168758.0,,adjusted
2020-09-28,34.929,35.186,34.243,34.257,34.257,98425.0,,adjusted
2020-09-29,35.329,36.971,35.193,36.564,36.564,242829.0,,adjusted
2020-09-30,36.564,37.043,35.829,36.179,36.179,154816.0,,adjusted
2020-10-09,38.757,39.171,37.7,37.943,37.943,303776.0,,adjusted
2020-10-12,38.943,39.7,37.95,38.521,38.521,278802.0,,adjusted
2020-10-13,38.2,39.936,37.55,39.936,39.936,299942.0,,adjusted
2020-10-14,39.614,39.879,38.836,39.221,39.221,184072.0,,adjusted
2020-10-15,39.829,40.8,39.336,39.4,39.4,305706.0,,adjusted
2020-10-16,39.486,39.829,38.214,38.279,38.279,173422.0,,adjusted
2020-10-19,38.407,39.114,38.079,38.471,38.471,157351.0,,adjusted
2020-10-20,38.614,39.65,37.557,39.543,39.543,198931.0,,adjusted
2020-10-21,39.329,39.65,38.736,39.243,39.243,150351.0,,adjusted
2020-10-22,38.993,39.507,37.829,39.05,39.05,156063.0,,adjusted
2020-10-23,39.257,41.257,38.9,39.071,39.071,303447.0,,adjusted
2020-10-26,37.821,39.7,37.186,39.193,39.193,202545.0,,adjusted
2020-10-27,39.471,42.557,39.421,41.907,41.907,393215.0,,adjusted
2020-10-28,42.329,43.579,41.957,42.886,42.886,388702.0,,adjusted
2020-10-29,41.757,43.021,41.471,42.829,42.829,230564.0,,adjusted
2020-10-30,42.471,42.471,40.279,40.914,40.914,306130.0,,adjusted
2020-11-02,41.164,43.743,40.557,43.357,43.357,299450.0,,adjusted
2020-11-03,43.943,44.9,42.229,44.364,44.364,370604.0,,adjusted
2020-11-04,43.907,46.9,43.907,46.329,46.329,385721.0,,adjusted
2020-11-05,46.407,50.222,46.171,49.043,49.043,450346.0,,adjusted
2020-11-06,48.9,52.45,47.829,51.114,51.114,522905.0,,adjusted
2020-11-09,51.093,53.65,49.864,52.1,52.1,389513.0,,adjusted
2020-11-10,51.743,51.743,48.55,49.35,49.35,368859.0,,adjusted
2020-11-11,48.4,50.893,48.186,48.729,48.729,306010.0,,adjusted
2020-11-12,49.614,50.664,48.757,49.6,49.6,222057.0,,adjusted
2020-11-13,51.043,51.614,49.257,50.336,50.336,298089.0,,adjusted
2020-11-16,50.264,53.922,49.686,53.486,53.486,334060.0,,adjusted
2020-11-17,54.007,56.186,51.257,52.572,52.572,397029.0,,adjusted
2020-11-18,52.693,53.543,47.386,48.043,48.043,454760.0,,adjusted
2020-11-19,48.614,49.471,46.857,49.329,49.329,318825.0,,adjusted
2020-11-20,49.257,51.75,48.9,51.393,51.393,308886.0,,adjusted
2020-11-23,51.643,55.55,51.329,55.543,55.543,370354.0,,adjusted
2020-11-24,56.329,58.143,54.979,56.914,56.914,347210.0,,adjusted
2020-11-25,56.543,56.614,53.829,54.236,54.236,284016.0,,adjusted
2020-11-26,54.622,55.422,52.243,54.436,54.436,234536.0,,adjusted
2020-11-27,53.986,54.964,51.122,52.65,52.65,237433.0,,adjusted
2020-11-30,52.622,54.472,51.222,53.329,53.329,282881.0,,adjusted
2020-12-01,52.472,53.807,51.864,53.414,53.414,173716.0,,adjusted
2020-12-02,53.007,53.693,50.9,51.364,51.364,254916.0,,adjusted
2020-12-03,51.172,51.772,49.614,50.872,50.872,173493.0,,adjusted
2020-12-04,51.122,53.564,51.122,53.2,53.2,268703.0,,adjusted
2020-12-07,53.2,55.614,53.043,54.472,54.472,273904.0,,adjusted
2020-12-08,55.243,57.329,54.636,56.214,56.214,251595.0,,adjusted
2020-12-09,56.85,58.65,54.043,54.614,54.614,356190.0,,adjusted
2020-12-10,54.0,55.007,52.822,53.9,53.9,203631.0,,adjusted
2020-12-11,54.622,55.164,52.3,53.686,53.686,213234.0,,adjusted
2020-12-14,53.9,56.279,52.293,56.079,56.079,246306.0,,adjusted
2020-12-15,56.086,57.157,55.1,57.114,57.114,213149.0,,adjusted
2020-12-16,56.907,57.629,56.393,56.864,56.864,184620.0,,adjusted
2020-12-17,56.757,58.814,56.136,56.972,56.972,260762.0,,adjusted
2020-12-18,57.164,61.836,56.722,61.329,61.329,407664.0,,adjusted
2020-12-21,62.114,64.679,60.5,64.257,64.257,400536.0,,adjusted
2020-12-22,64.264,67.722,62.822,63.4,63.4,390768.0,,adjusted
2020-12-23,63.907,67.693,63.907,66.422,66.422,347017.0,,adjusted
2020-12-24,67.8,69.486,65.086,68.172,68.172,309192.0,,adjusted
2020-12-25,68.172,75.243,67.4,75.243,75.243,354915.0,,adjusted
2020-12-28,75.414,76.036,71.122,73.907,73.907,368202.0,,adjusted
2020-12-29,73.179,73.743,66.264,66.264,66.264,432933.0,,adjusted
2020-12-30,66.972,70.886,66.957,69.614,69.614,409468.0,,adjusted
2020-12-31,68.886,72.022,68.622,69.757,69.757,326831.0,,adjusted
2021-01-04,72.464,76.986,71.086,76.986,76.986,374294.0,,adjusted
2021-01-05,78.186,83.043,74.693,82.114,82.114,379550.0,,adjusted
2021-01-06,83.329,86.322,79.493,83.793,83.793,343217.0,,adjusted
2021-01-07,83.9,88.9,82.122,87.472,87.472,385690.0,,adjusted
2021-01-08,88.9,88.9,78.686,85.807,85.807,480102.0,,adjusted
2021-01-11,90.229,94.614,84.7,87.65,87.65,531641.0,,adjusted
2021-01-12,84.614,96.014,81.479,95.979,95.979,471087.0,,adjusted
2021-01-13,95.757,99.707,86.514,87.557,87.557,581416.0,,adjusted
2021-01-14,84.972,89.222,81.779,84.529,84.529,389890.0,,adjusted
2021-01-15,83.9,92.464,81.886,91.186,91.186,411941.0,,adjusted
2021-01-18,88.114,96.407,86.007,94.436,94.436,350485.0,,adjusted
2021-01-19,93.257,95.707,84.75,87.179,87.179,465653.0,,adjusted
2021-01-20,89.614,91.536,86.179,88.172,88.172,370385.0,,adjusted
2021-01-21,86.722,91.457,84.614,88.757,88.757,408457.0,,adjusted
2021-01-22,87.479,97.379,86.872,97.15,97.15,504771.0,,adjusted
2021-01-25,95.893,104.114,95.336,97.472,97.472,532533.0,,adjusted
2021-01-26,97.486,100.329,92.586,95.614,95.614,355277.0,,adjusted
2021-01-27,95.543,96.614,88.872,95.329,95.329,365641.0,,adjusted
2021-01-28,91.75,94.964,89.029,89.857,89.857,296477.0,,adjusted
2021-01-29,91.757,91.829,80.622,83.043,83.043,485328.0,,adjusted
2021-02-01,85.022,87.286,81.114,83.536,83.536,356135.0,,adjusted
2021-02-02,85.307,90.85,83.207,90.85,90.85,383188.0,,adjusted
2021-02-03,90.514,94.543,88.472,90.772,90.772,355624.0,,adjusted
2021-02-04,90.257,91.764,84.343,86.036,86.036,364145.0,,adjusted
2021-02-05,86.164,87.472,77.257,77.443,77.443,522934.0,,adjusted
2021-02-08,79.793,85.022,78.186,83.657,83.657,370951.0,,adjusted
2021-02-09,86.886,91.4,84.972,90.757,90.757,357745.0,,adjusted
2021-02-10,91.05,93.757,87.507,93.179,93.179,319678.0,,adjusted
2021-02-18,99.15,101.036,90.55,95.329,95.329,526549.0,,adjusted
2021-02-19,91.75,92.4,85.793,90.079,90.079,360078.0,,adjusted
2021-02-22,91.757,96.043,90.186,91.393,91.393,418027.0,,adjusted
2021-02-23,86.822,89.043,83.193,84.564,84.564,362557.0,,adjusted
2021-02-24,83.9,85.564,75.857,75.864,75.864,493488.0,,adjusted
2021-02-25,77.829,78.55,72.6,74.472,74.472,375080.0,,adjusted
2021-02-26,69.622,70.686,67.15,68.2,68.2,485916.0,,adjusted
2021-03-01,70.336,73.586,68.793,72.05,72.05,358504.0,,adjusted
2021-03-02,73.257,74.472,69.079,70.657,70.657,296923.0,,adjusted
2021-03-03,70.657,75.543,69.429,74.507,74.507,328792.0,,adjusted
2021-03-04,71.914,71.943,66.807,67.022,67.022,438575.0,,adjusted
2021-03-05,63.907,69.043,63.907,67.829,67.829,431046.0,,adjusted
2021-03-08,68.336,68.543,60.814,61.814,61.814,419544.0,,adjusted
2021-03-09,62.479,66.079,59.164,62.793,62.793,463257.0,,adjusted
2021-03-10,65.329,67.686,65.193,66.064,66.064,430095.0,,adjusted
2021-03-11,66.279,69.972,65.079,68.043,68.043,346538.0,,adjusted
2021-03-12,68.9,70.436,67.472,68.264,68.264,298448.0,,adjusted
2021-03-15,67.464,72.4,66.186,68.186,68.186,364529.0,,adjusted
2021-03-16,68.186,68.564,62.936,66.436,66.436,315513.0,,adjusted
2021-03-17,66.043,71.186,65.114,70.514,70.514,398643.0,,adjusted
2021-03-18,70.393,72.45,69.586,70.329,70.329,273817.0,,adjusted
2021-03-19,67.9,68.35,64.843,66.593,66.593,333753.0,,adjusted
2021-03-22,66.193,68.114,64.614,66.65,66.65,216487.0,,adjusted
2021-03-23,66.343,66.343,62.679,64.422,64.422,286246.0,,adjusted
2021-03-24,63.972,64.614,61.25,62.022,62.022,237676.0,,adjusted
2021-03-25,60.972,64.436,60.193,63.893,63.893,270783.0,,adjusted
2021-03-26,63.9,69.472,63.893,68.829,68.829,399192.0,,adjusted
2021-03-29,68.55,69.257,66.879,67.164,67.164,245814.0,,adjusted
2021-03-30,66.336,68.972,65.7,68.972,68.972,233354.0,,adjusted
2021-03-31,68.043,69.45,63.457,64.8,64.8,356738.0,,adjusted
2021-04-01,65.986,66.314,64.05,65.472,65.472,272691.0,,adjusted
2021-04-02,65.457,66.793,63.614,65.493,65.493,272975.0,,adjusted
2021-04-06,68.186,69.25,66.672,66.807,66.807,285918.0,,adjusted
2021-04-07,68.893,69.114,66.436,67.864,67.864,274143.0,,adjusted
2021-04-08,66.543,66.9,64.757,66.514,66.514,265502.0,,adjusted
2021-04-09,66.757,69.5,65.729,67.193,67.193,286429.0,,adjusted
2021-04-12,66.122,66.657,60.336,60.986,60.986,446904.0,,adjusted
2021-04-13,60.893,62.386,59.593,61.143,61.143,232803.0,,adjusted
2021-04-14,61.607,67.407,61.322,67.043,67.043,461204.0,,adjusted
2021-04-15,67.472,67.843,65.543,67.472,67.472,361714.0,,adjusted
2021-04-16,67.329,67.507,63.543,65.457,65.457,294687.0,,adjusted
2021-04-19,65.186,72.257,64.693,72.257,72.257,542286.0,,adjusted
2021-04-20,69.614,71.614,69.293,69.55,69.55,406427.0,,adjusted
2021-04-21,68.186,69.036,66.743,68.4,68.4,300435.0,,adjusted
2021-04-22,69.186,69.464,67.029,68.122,68.122,240087.0,,adjusted
2021-04-23,67.75,71.929,67.543,69.793,69.793,338066.0,,adjusted
2021-04-26,70.914,71.757,67.107,67.429,67.429,375206.0,,adjusted
2021-04-27,67.307,68.114,64.829,66.393,66.393,271284.0,,adjusted
2021-04-28,66.036,70.122,65.129,68.279,68.279,351509.0,,adjusted
2021-04-29,69.614,73.064,67.543,71.1,71.1,524775.0,,adjusted
2021-04-30,70.4,76.757,69.9,75.679,75.679,591101.0,,adjusted
2021-05-06,74.607,76.4,71.764,75.05,75.05,516011.0,,adjusted
2021-05-07,76.257,77.329,73.193,73.486,73.486,416168.0,,adjusted
2021-05-10,73.657,77.329,73.207,76.972,76.972,425974.0,,adjusted
2021-05-11,74.614,75.086,70.343,72.457,72.457,386236.0,,adjusted
2021-05-12,71.436,73.386,70.457,72.3,72.3,257451.0,,adjusted
2021-05-13,69.979,71.393,68.957,69.757,69.757,264488.0,,adjusted
2021-05-14,70.093,71.75,68.743,70.85,70.85,278052.0,,adjusted
2021-05-17,70.114,75.664,69.972,74.364,74.364,367325.0,,adjusted
2021-05-18,74.622,77.114,74.186,74.757,74.757,328227.0,,adjusted
2021-05-19,74.314,80.8,73.579,79.2,79.2,438931.0,,adjusted
2021-05-20,78.179,81.422,77.736,78.9,78.9,414162.0,,adjusted
2021-05-21,79.8,80.957,77.929,80.329,80.329,320050.0,,adjusted
2021-05-24,79.229,82.693,79.229,81.7,81.7,322508.0,,adjusted
2021-05-25,81.193,81.522,78.643,80.422,80.422,342362.0,,adjusted
2021-05-26,80.329,81.886,79.264,79.5,79.5,250620.0,,adjusted
2021-05-27,80.043,80.486,78.864,80.222,80.222,203038.0,,adjusted
2021-05-28,80.472,84.614,80.329,82.372,82.372,387963.0,,adjusted
2021-05-31,84.357,90.114,84.357,89.686,89.686,468464.0,,adjusted
2021-06-01,90.107,92.622,86.764,89.029,89.029,342350.0,,adjusted
2021-06-02,89.75,93.172,88.764,90.479,90.479,338330.0,,adjusted
2021-06-03,89.493,90.664,86.336,88.186,88.186,280444.0,,adjusted
2021-06-04,86.757,91.386,86.043,89.579,89.579,311226.0,,adjusted
2021-06-07,88.607,89.672,86.672,88.186,88.186,233485.0,,adjusted
2021-06-08,88.229,90.114,81.214,82.864,82.864,433683.0,,adjusted
2021-06-09,83.686,84.243,81.593,82.472,82.472,239323.0,,adjusted
2021-06-10,82.943,86.443,82.379,85.786,85.786,292533.0,,adjusted
2021-06-11,85.4,86.936,83.336,86.336,86.336,292761.0,,adjusted
2021-06-15,88.493,89.45,82.486,84.514,84.514,300173.0,,adjusted
2021-06-16,83.543,83.864,75.807,76.572,76.572,432569.0,,adjusted
2021-06-17,76.572,80.222,76.486,79.179,79.179,260718.0,,adjusted
2021-06-18,79.8,84.529,78.9,83.293,83.293,343733.0,,adjusted
2021-06-21,83.293,86.15,81.822,82.722,82.722,293169.0,,adjusted
2021-06-22,83.85,84.136,80.329,81.579,81.579,221538.0,,adjusted
2021-06-23,82.472,87.393,81.279,85.493,85.493,410818.0,,adjusted
2021-06-24,86.207,86.614,81.872,82.629,82.629,274775.0,,adjusted
2021-06-25,83.186,87.829,81.564,86.722,86.722,358788.0,,adjusted
2021-06-28,86.407,88.65,83.736,84.872,84.872,328974.0,,adjusted
2021-06-29,85.95,86.079,81.9,82.814,82.814,270191.0,,adjusted
2021-06-30,82.4,84.972,82.043,83.964,83.964,219765.0,,adjusted
2021-07-01,84.322,86.4,81.986,83.114,83.114,280923.0,,adjusted
2021-07-02,82.114,86.043,80.686,83.829,83.829,358593.0,,adjusted
2021-07-05,86.043,92.464,85.814,92.464,92.464,654933.0,,adjusted
2021-07-06,94.607,98.85,90.4,94.607,94.607,664877.0,,adjusted
2021-07-07,94.257,99.907,91.186,99.129,99.129,484647.0,,adjusted
2021-07-08,99.164,104.836,99.15,100.05,100.05,520069.0,,adjusted
2021-07-09,100.05,108.757,98.957,105.836,105.836,516151.0,,adjusted
2021-07-12,108.757,116.672,108.186,116.672,116.672,503572.0,,adjusted
2021-07-13,116.672,119.407,113.186,118.686,118.686,388430.0,,adjusted
2021-07-14,115.657,116.707,110.4,111.772,111.772,416878.0,,adjusted
2021-07-15,114.114,118.757,112.443,117.536,117.536,466657.0,,adjusted
2021-07-16,115.622,124.379,113.529,115.543,115.543,382883.0,,adjusted
2021-07-19,117.686,124.329,112.329,116.693,116.693,519008.0,,adjusted
2021-07-20,113.972,120.679,113.157,118.4,118.4,308421.0,,adjusted
2021-07-21,122.186,130.472,120.7,130.472,130.472,362369.0,,adjusted
2021-07-22,135.757,140.672,135.186,140.543,140.543,482073.0,,adjusted
2021-07-23,138.379,140.922,130.636,132.729,132.729,489666.0,,adjusted
2021-07-26,133.386,137.857,128.572,137.829,137.829,410592.0,,adjusted
2021-07-27,134.143,137.9,123.814,124.036,124.036,464429.0,,adjusted
2021-07-28,119.743,129.829,119.6,124.829,124.829,377572.0,,adjusted
2021-07-29,131.114,136.429,127.686,134.107,134.107,379331.0,,adjusted
2021-07-30,138.343,142.686,131.25,136.729,136.729,391783.0,,adjusted
2021-08-02,143.043,145.243,125.55,132.264,132.264,564706.0,,adjusted
2021-08-03,128.2,130.707,119.593,122.829,122.829,463285.0,,adjusted
2021-08-04,123.4,134.543,120.979,133.4,133.4,510360.0,,adjusted
2021-08-05,129.064,132.057,124.929,129.514,129.514,336427.0,,adjusted
2021-08-06,136.972,139.472,130.472,134.129,134.129,426688.0,,adjusted
2021-08-09,130.543,131.25,123.8,127.122,127.122,346363.0,,adjusted
2021-08-10,127.257,132.6,119.529,124.114,124.114,407862.0,,adjusted
2021-08-11,125.757,127.85,122.6,125.593,125.593,268342.0,,adjusted
2021-08-12,123.4,127.229,119.722,126.157,126.157,279220.0,,adjusted
2021-08-13,123.757,131.614,122.329,123.6,123.6,333119.0,,adjusted
2021-08-16,120.543,121.814,113.686,114.743,114.743,395374.0,,adjusted
2021-08-17,114.043,117.322,111.622,112.757,112.757,302892.0,,adjusted
2021-08-18,115.4,120.4,113.557,117.036,117.036,354981.0,,adjusted
2021-08-19,116.279,127.686,114.114,124.586,124.586,425945.0,,adjusted
2021-08-20,123.257,129.422,122.307,126.436,126.436,348808.0,,adjusted
2021-08-23,128.4,132.386,123.4,129.829,129.829,395844.0,,adjusted
2021-08-24,129.972,139.6,129.972,134.543,134.543,385482.0,,adjusted
2021-08-25,133.4,135.564,127.079,131.807,131.807,306077.0,,adjusted
2021-08-26,130.764,135.464,129.836,132.043,132.043,234557.0,,adjusted
2021-08-27,130.3,140.686,129.122,137.936,137.936,384602.0,,adjusted
2021-08-30,139.122,151.964,139.114,151.964,151.964,521667.0,,adjusted
2021-08-31,148.479,157.686,145.636,154.829,154.829,411711.0,,adjusted
2021-09-01,156.686,157.972,139.114,139.114,139.114,494485.0,,adjusted
2021-09-02,135.543,140.386,133.422,135.993,135.993,323611.0,,adjusted
2021-09-03,132.686,135.536,122.686,126.493,126.493,426272.0,,adjusted
2021-09-06,126.493,133.029,122.629,132.129,132.129,344388.0,,adjusted
2021-09-07,131.972,134.829,128.4,131.893,131.893,280156.0,,adjusted
2021-09-08,128.779,135.186,128.636,130.3,130.3,261304.0,,adjusted
2021-09-09,131.972,135.029,126.336,131.129,131.129,274722.0,,adjusted
2021-09-10,131.257,135.507,129.107,134.114,134.114,274082.0,,adjusted
2021-09-13,134.114,136.522,129.543,132.972,132.972,253568.0,,adjusted
2021-09-14,132.314,132.329,123.443,127.543,127.543,316944.0,,adjusted
2021-09-15,130.9,139.993,129.029,137.814,137.814,491249.0,,adjusted
2021-09-16,136.964,136.964,123.8,123.8,123.8,531442.0,,adjusted
2021-09-17,123.05,123.4,114.414,120.264,120.264,453998.0,,adjusted
2021-09-22,118.314,122.543,117.843,119.014,119.014,207139.0,,adjusted
2021-09-23,121.614,124.036,119.079,120.829,120.829,222558.0,,adjusted
2021-09-24,120.543,121.757,115.979,117.686,117.686,246319.0,,adjusted
2021-09-27,117.686,120.043,109.829,114.114,114.114,364524.0,,adjusted
2021-09-28,114.393,115.629,110.786,111.75,111.75,210610.0,,adjusted
2021-09-29,111.407,112.686,105.257,106.95,106.95,340449.0,,adjusted
2021-09-30,110.057,114.743,107.686,114.072,114.072,303053.0,,adjusted
2021-10-08,117.672,117.757,109.214,109.757,109.757,263374.0,,adjusted
2021-10-11,111.043,112.436,106.629,110.543,110.543,203091.0,,adjusted
2021-10-12,110.229,111.672,105.536,106.986,106.986,217429.0,,adjusted
2021-10-13,107.222,113.622,106.972,113.614,113.614,276355.0,,adjusted
2021-10-14,112.393,116.614,111.379,114.743,114.743,258481.0,,adjusted
2021-10-15,109.829,114.936,106.993,114.114,114.114,408443.0,,adjusted
2021-10-18,113.407,120.943,113.386,120.664,120.664,355567.0,,adjusted
2021-10-19,119.686,121.972,118.214,121.036,121.036,230791.0,,adjusted
2021-10-20,119.343,124.464,118.814,119.972,119.972,263681.0,,adjusted
2021-10-21,121.107,121.572,118.322,120.543,120.543,189510.0,,adjusted
2021-10-22,120.579,122.014,117.522,117.536,117.536,199328.0,,adjusted
2021-10-25,115.079,120.186,114.122,119.686,119.686,275099.0,,adjusted
2021-10-26,122.679,126.186,120.243,120.9,120.9,319212.0,,adjusted
2021-10-27,120.086,122.586,119.186,121.143,121.143,220403.0,,adjusted
2021-10-28,120.9,124.514,114.464,115.764,115.764,338275.0,,adjusted
2021-10-29,117.95,118.314,114.122,117.257,117.257,220003.0,,adjusted
2021-11-01,117.586,119.472,113.136,113.472,113.472,260362.0,,adjusted
2021-11-02,118.914,121.422,115.672,118.686,118.686,414661.0,,adjusted
2021-11-03,117.172,117.686,109.6,112.193,112.193,403846.0,,adjusted
2021-11-04,112.686,114.493,111.05,112.336,112.336,257831.0,,adjusted
2021-11-05,112.686,118.907,111.672,113.686,113.686,357538.0,,adjusted
2021-11-08,113.757,123.764,113.757,122.9,122.9,462778.0,,adjusted
2021-11-09,124.157,124.829,119.993,121.614,121.614,283459.0,,adjusted
2021-11-10,119.257,119.829,110.9,113.972,113.972,477228.0,,adjusted
2021-11-11,112.007,113.079,110.893,112.329,112.329,244641.0,,adjusted
2021-11-12,112.679,113.25,110.657,111.479,111.479,179182.0,,adjusted
2021-11-15,110.543,110.543,105.614,106.757,106.757,271873.0,,adjusted
2021-11-16,105.936,107.243,104.872,105.664,105.664,201475.0,,adjusted
2021-11-17,107.686,113.086,107.686,112.807,112.807,408554.0,,adjusted
2021-11-18,112.329,117.686,109.029,113.772,113.772,459865.0,,adjusted
2021-11-19,112.543,113.393,109.529,111.043,111.043,296465.0,,adjusted
2021-11-22,111.257,117.493,111.257,116.543,116.543,372588.0,,adjusted
2021-11-23,116.814,116.964,113.4,114.114,114.114,241435.0,,adjusted
2021-11-24,112.614,114.972,112.043,112.586,112.586,179396.0,,adjusted
2021-11-25,112.986,114.686,111.257,112.857,112.857,163067.0,,adjusted
2021-11-26,113.043,117.979,113.043,115.079,115.079,382224.0,,adjusted
2021-11-29,111.414,117.4,111.407,114.65,114.65,289112.0,,adjusted
2021-11-30,116.257,120.543,115.722,117.336,117.336,432720.0,,adjusted
2021-12-01,117.143,118.614,112.686,114.493,114.493,313972.0,,adjusted
2021-12-02,115.707,116.257,111.972,112.772,112.772,255803.0,,adjusted
2021-12-03,112.686,112.686,109.2,112.257,112.257,210031.0,,adjusted
2021-12-06,110.543,111.657,108.807,109.757,109.757,203328.0,,adjusted
2021-12-07,111.079,111.222,104.829,106.257,106.257,324023.0,,adjusted
2021-12-08,106.622,109.814,106.314,109.536,109.536,247188.0,,adjusted
2021-12-09,108.472,110.536,108.414,109.372,109.372,173172.0,,adjusted
2021-12-10,108.186,113.4,106.972,112.664,112.664,378730.0,,adjusted
2021-12-13,111.972,113.057,111.272,112.207,112.207,195357.0,,adjusted
2021-12-14,111.357,112.186,108.572,109.3,109.3,193236.0,,adjusted
2021-12-15,108.757,109.793,105.657,106.35,106.35,265398.0,,adjusted
2021-12-16,106.572,106.757,105.007,106.757,106.757,157478.0,,adjusted
2021-12-17,106.186,106.6,104.886,105.257,105.257,140512.0,,adjusted
2021-12-20,104.479,104.55,95.25,96.093,96.093,489421.0,,adjusted
2021-12-21,96.257,97.543,94.472,96.364,96.364,221604.0,,adjusted
2021-12-22,97.614,98.586,96.922,96.972,96.972,175959.0,,adjusted
2021-12-23,98.193,98.964,95.9,96.607,96.607,158359.0,,adjusted
2021-12-24,96.729,97.322,90.543,91.764,91.764,318998.0,,adjusted
2021-12-27,91.764,94.9,91.257,92.693,92.693,209635.0,,adjusted
2021-12-28,92.686,98.4,92.686,97.957,97.957,375724.0,,adjusted
2021-12-29,98.4,101.743,97.872,97.872,97.872,317934.0,,adjusted
2021-12-30,97.086,99.322,95.886,96.257,96.257,244374.0,,adjusted
2021-12-31,97.686,100.007,96.607,99.722,99.722,244341.0,,adjusted
2022-01-04,101.4,101.964,93.329,94.286,94.286,329969.0,,adjusted
2022-01-05,94.107,94.543,90.607,91.393,91.393,211289.0,,adjusted
2022-01-06,89.864,93.722,89.243,92.614,92.614,220642.0,,adjusted
2022-01-07,91.972,92.607,87.443,89.0,89.0,273938.0,,adjusted
2022-01-10,89.472,92.286,88.757,89.872,89.872,207738.0,,adjusted
2022-01-11,89.829,91.079,87.45,88.507,88.507,188190.0,,adjusted
2022-01-12,90.25,92.329,89.686,91.586,91.586,272565.0,,adjusted
2022-01-13,92.593,92.672,87.543,88.522,88.522,239163.0,,adjusted
2022-01-14,87.329,90.114,87.222,89.564,89.564,173939.0,,adjusted
2022-01-17,89.157,90.186,87.443,88.75,88.75,160108.0,,adjusted
2022-01-18,88.393,90.729,87.55,90.136,90.136,185200.0,,adjusted
2022-01-19,89.686,89.972,84.179,85.6,85.6,288732.0,,adjusted
2022-01-20,85.0,86.722,84.122,84.472,84.472,216731.0,,adjusted
2022-01-21,84.086,86.936,82.843,85.264,85.264,204529.0,,adjusted
2022-01-24,86.257,94.022,85.279,94.022,94.022,484452.0,,adjusted
2022-01-25,95.507,98.579,94.186,96.264,96.264,574849.0,,adjusted
2022-01-26,97.614,99.514,95.729,96.8,96.8,303051.0,,adjusted
2022-01-27,98.957,99.114,94.7,94.972,94.972,253801.0,,adjusted
2022-01-28,95.764,96.4,92.329,93.364,93.364,245991.0,,adjusted
2022-02-07,96.257,97.6,92.543,93.322,93.322,240513.0,,adjusted
2022-02-08,92.457,92.686,84.836,87.872,87.872,331669.0,,adjusted
2022-02-09,87.693,90.886,85.3,90.543,90.543,236139.0,,adjusted
2022-02-10,90.379,91.614,87.879,91.329,91.329,235306.0,,adjusted
2022-02-11,91.329,96.514,89.486,92.693,92.693,345632.0,,adjusted
2022-02-14,92.043,97.043,90.857,95.186,95.186,270461.0,,adjusted
2022-02-15,95.4,96.972,93.043,96.707,96.707,250354.0,,adjusted
2022-02-16,98.4,100.314,96.679,97.564,97.564,276024.0,,adjusted
2022-02-17,98.922,106.057,97.0,104.222,104.222,475842.0,,adjusted
2022-02-18,102.736,104.2,101.057,101.907,101.907,269475.0,,adjusted
2022-02-21,102.086,103.257,100.55,101.722,101.722,194995.0,,adjusted
2022-02-22,104.829,106.486,103.493,105.336,105.336,351490.0,,adjusted
2022-02-23,104.336,107.129,104.114,106.172,106.172,252293.0,,adjusted
2022-02-24,104.614,106.8,100.564,102.679,102.679,308577.0,,adjusted
2022-02-25,104.829,106.329,103.272,104.636,104.636,200346.0,,adjusted
2022-02-28,104.114,107.036,103.407,105.836,105.836,206182.0,,adjusted
2022-03-01,106.257,106.464,100.072,101.972,101.972,342385.0,,adjusted
2022-03-02,102.05,103.243,99.907,102.507,102.507,197458.0,,adjusted
2022-03-03,103.107,103.114,100.064,100.272,100.272,154867.0,,adjusted
2022-03-04,101.079,101.814,98.114,98.722,98.722,202349.0,,adjusted
2022-03-07,97.686,99.007,94.529,95.314,95.314,221839.0,,adjusted
2022-03-08,95.543,96.222,86.114,86.257,86.257,416237.0,,adjusted
2022-03-09,87.586,87.879,81.957,86.529,86.529,301298.0,,adjusted
2022-03-10,90.957,91.257,87.686,89.322,89.322,282415.0,,adjusted
2022-03-11,86.972,89.15,85.793,88.722,88.722,190059.0,,adjusted
2022-03-14,87.329,89.322,86.029,86.614,86.614,194827.0,,adjusted
2022-03-15,86.536,90.514,84.972,87.329,87.329,361124.0,,adjusted
2022-03-16,89.114,91.172,85.436,90.043,90.043,374134.0,,adjusted
2022-03-17,91.257,92.057,88.407,88.943,88.943,339764.0,,adjusted
2022-03-18,88.136,88.9,86.086,88.407,88.407,198560.0,,adjusted
2022-03-21,87.943,92.279,87.043,90.529,90.529,250664.0,,adjusted
2022-03-22,90.472,93.257,89.472,90.55,90.55,195339.0,,adjusted
2022-03-23,91.386,91.4,88.757,90.172,90.172,176526.0,,adjusted
2022-03-24,90.172,91.4,87.7,90.329,90.329,175550.0,,adjusted
2022-03-25,90.536,92.107,88.429,89.364,89.364,199601.0,,adjusted
2022-03-28,88.043,89.086,84.686,85.879,85.879,185271.0,,adjusted
2022-03-29,86.443,87.85,84.85,86.486,86.486,158361.0,,adjusted
2022-03-30,86.964,91.2,86.614,90.3,90.3,244581.0,,adjusted
2022-03-31,91.15,91.672,85.993,87.436,87.436,252473.0,,adjusted
2022-04-01,86.614,91.172,86.614,89.493,89.493,214934.0,,adjusted
2022-04-06,90.9,90.9,87.336,88.264,88.264,194625.0,,adjusted
2022-04-07,86.972,90.586,86.007,88.864,88.864,237037.0,,adjusted
2022-04-08,88.872,89.264,85.307,86.029,86.029,220131.0,,adjusted
2022-04-11,84.7,84.7,77.679,77.686,77.686,389927.0,,adjusted
2022-04-12,77.922,79.293,77.714,79.157,79.157,180446.0,,adjusted
2022-04-13,78.422,83.186,78.379,80.9,80.9,262456.0,,adjusted
2022-04-14,81.757,83.407,81.114,81.4,81.4,137310.0,,adjusted
2022-04-15,80.186,80.972,78.257,79.472,79.472,179244.0,,adjusted
2022-04-18,79.1,80.043,75.1,80.029,80.029,200948.0,,adjusted
2022-04-19,80.029,80.722,78.814,79.222,79.222,117387.0,,adjusted
2022-04-20,80.186,80.507,75.629,75.9,75.9,164396.0,,adjusted
2022-04-21,74.829,76.664,71.722,72.0,72.0,229753.0,,adjusted
2022-04-22,70.979,72.114,69.55,70.129,70.129,194513.0,,adjusted
2022-04-25,68.45,69.043,63.472,63.55,63.55,307543.0,,adjusted
2022-04-26,64.122,65.386,63.022,63.572,63.572,240788.0,,adjusted
2022-04-27,63.4,70.157,61.9,70.157,70.157,340855.0,,adjusted
2022-04-28,71.972,75.793,70.693,73.293,73.293,470776.0,,adjusted
2022-04-29,73.3,77.4,72.072,76.736,76.736,383670.0,,adjusted
2022-05-05,75.543,76.614,73.757,75.172,75.172,290945.0,,adjusted
2022-05-06,71.614,73.786,71.614,72.036,72.036,181535.0,,adjusted
2022-05-09,70.629,72.314,70.557,71.279,71.279,127576.0,,adjusted
2022-05-10,69.972,74.007,69.622,74.007,74.007,235595.0,,adjusted
2022-05-11,73.4,80.036,72.864,76.822,76.822,358231.0,,adjusted
2022-05-12,75.9,77.114,75.029,75.843,75.843,174760.0,,adjusted
2022-05-13,76.993,77.572,74.843,75.443,75.443,144534.0,,adjusted
2022-05-16,76.25,77.457,74.372,74.507,74.507,157436.0,,adjusted
2022-05-17,74.972,82.193,74.793,81.407,81.407,446805.0,,adjusted
2022-05-18,81.172,82.85,80.464,81.622,81.622,304722.0,,adjusted
2022-05-19,80.536,84.586,79.772,83.779,83.779,318521.0,,adjusted
2022-05-20,84.5,85.936,82.286,84.486,84.486,261564.0,,adjusted
2022-05-23,84.829,88.55,84.393,86.829,86.829,317848.0,,adjusted
2022-05-24,85.9,87.679,82.936,83.186,83.186,316406.0,,adjusted
2022-05-25,82.993,84.243,81.029,82.679,82.679,202952.0,,adjusted
2022-05-26,84.1,86.457,82.014,84.257,84.257,271902.0,,adjusted
2022-05-27,86.25,86.329,82.472,82.972,82.972,195113.0,,adjusted
2022-05-30,83.743,84.693,82.043,82.85,82.85,167142.0,,adjusted
2022-05-31,82.85,83.014,80.629,82.686,82.686,181603.0,,adjusted
2022-06-01,82.05,82.307,79.122,81.293,81.293,234964.0,,adjusted
2022-06-02,80.193,81.472,79.6,81.029,81.029,220804.0,,adjusted
2022-06-06,81.364,89.329,81.364,88.286,88.286,431822.0,,adjusted
2022-06-07,88.322,89.586,87.379,88.493,88.493,271096.0,,adjusted
2022-06-08,90.543,93.257,89.407,91.107,91.107,410232.0,,adjusted
2022-06-09,90.429,91.964,88.529,89.222,89.222,227067.0,,adjusted
2022-06-10,88.2,91.686,87.793,91.6,91.6,254755.0,,adjusted
2022-06-13,90.1,97.214,90.1,95.543,95.543,398083.0,,adjusted
2022-06-14,94.072,94.229,90.543,94.022,94.022,292404.0,,adjusted
2022-06-15,94.114,96.136,92.422,94.436,94.436,298884.0,,adjusted
2022-06-16,93.972,95.107,91.836,91.95,91.95,223434.0,,adjusted
2022-06-17,90.543,99.107,90.472,97.829,97.829,381587.0,,adjusted
2022-06-20,98.043,100.314,97.3,98.75,98.75,287873.0,,adjusted
2022-06-21,98.136,98.25,93.929,95.293,95.293,278302.0,,adjusted
2022-06-22,95.543,96.872,94.386,94.543,94.543,195790.0,,adjusted
2022-06-23,94.686,96.186,91.979,96.007,96.007,232975.0,,adjusted
2022-06-24,96.014,96.422,93.9,95.193,95.193,190432.0,,adjusted
2022-06-27,95.686,104.943,95.686,104.25,104.25,551322.0,,adjusted
2022-06-28,104.186,105.257,102.472,104.829,104.829,342795.0,,adjusted
2022-06-29,104.45,104.472,99.85,99.936,99.936,284924.0,,adjusted
2022-06-30,100.672,104.136,100.543,103.9,103.9,248347.0,,adjusted
2022-07-01,102.857,110.657,102.686,109.807,109.807,407118.0,,adjusted
2022-07-04,101.9,109.65,101.9,108.23,108.23,1082888.0,,adjusted
2022-07-05,108.26,111.24,104.19,107.75,107.75,801358.0,,adjusted
2022-07-06,106.18,114.76,105.02,111.91,111.91,775737.0,,adjusted
2022-07-07,110.93,111.7,108.05,110.87,110.87,530618.0,,adjusted
2022-07-08,112.4,113.4,105.9,106.38,106.38,616226.0,,adjusted
2022-07-11,104.9,104.9,97.03,99.09,99.09,653775.0,,adjusted
2022-07-12,100.0,101.88,96.4,98.38,98.38,515151.0,,adjusted
2022-07-13,96.58,100.19,94.42,98.85,98.85,511104.0,,adjusted
2022-07-14,97.9,99.53,95.6,98.31,98.31,411809.0,,adjusted
2022-07-15,96.9,102.69,96.56,97.92,97.92,443840.0,,adjusted
2022-07-18,98.6,99.7,95.28,98.15,98.15,382809.0,,adjusted
2022-07-19,98.17,99.35,95.93,96.1,96.1,346037.0,,adjusted
2022-07-20,97.0,98.9,95.96,96.34,96.34,313906.0,,adjusted
2022-07-21,95.91,95.98,90.88,90.9,90.9,556286.0,,adjusted
2022-07-22,91.9,92.18,89.9,91.1,91.1,295023.0,,adjusted
2022-07-25,90.9,91.8,89.4,89.41,89.41,249872.0,,adjusted
2022-07-26,89.42,93.9,89.42,91.69,91.69,399206.0,,adjusted
2022-07-27,91.7,91.75,89.18,90.7,90.7,209172.0,,adjusted
2022-07-28,91.42,91.61,88.58,88.72,88.72,302977.0,,adjusted
2022-07-29,88.9,89.56,87.01,87.01,87.01,252267.0,,adjusted
2022-08-01,87.1,90.18,86.52,90.1,90.1,352720.0,,adjusted
2022-08-02,88.35,88.67,85.38,85.99,85.99,388069.0,,adjusted
2022-08-03,87.5,88.57,84.47,84.94,84.94,313486.0,,adjusted
2022-08-04,85.9,88.38,84.91,86.96,86.96,292560.0,,adjusted
2022-08-05,86.7,89.08,85.27,88.85,88.85,344329.0,,adjusted
2022-08-08,88.3,90.6,87.7,89.09,89.09,299784.0,,adjusted
2022-08-09,89.87,90.9,88.97,90.29,90.29,277206.0,,adjusted
2022-08-10,90.32,91.25,87.54,88.4,88.4,259295.0,,adjusted
2022-08-11,88.91,89.4,87.15,89.39,89.39,249697.0,,adjusted
2022-08-12,88.94,92.38,88.9,89.6,89.6,271302.0,,adjusted
2022-08-15,89.22,92.88,89.16,91.68,91.68,342847.0,,adjusted
2022-08-16,91.69,92.15,89.9,90.31,90.31,245022.0,,adjusted
2022-08-17,90.0,90.31,87.91,89.02,89.02,240528.0,,adjusted
2022-08-18,88.59,90.1,88.15,88.37,88.37,188940.0,,adjusted
2022-08-19,87.9,89.29,86.76,86.99,86.99,195268.0,,adjusted
2022-08-22,86.9,91.98,85.48,91.71,91.71,502176.0,,adjusted
2022-08-23,91.6,92.27,89.9,90.82,90.82,288703.0,,adjusted
2022-08-24,91.4,92.1,87.6,87.81,87.81,318987.0,,adjusted
2022-08-25,88.2,88.5,81.93,83.94,83.94,454958.0,,adjusted
2022-08-26,84.13,90.26,83.79,87.81,87.81,525538.0,,adjusted
2022-08-29,86.75,88.37,85.63,87.69,87.69,223205.0,,adjusted
2022-08-30,88.34,89.17,86.67,88.46,88.46,226470.0,,adjusted
2022-08-31,86.7,88.38,82.43,83.6,83.6,456756.0,,adjusted
2022-09-01,83.61,83.9,81.78,81.95,81.95,234175.0,,adjusted
2022-09-02,82.7,82.88,80.1,80.76,80.76,226857.0,,adjusted
2022-09-05,79.8,80.64,78.07,79.0,79.0,294646.0,,adjusted
2022-09-06,79.5,82.09,78.73,81.47,81.47,300837.0,,adjusted
2022-09-07,80.59,83.1,80.43,82.07,82.07,238697.0,,adjusted
2022-09-08,82.22,82.39,80.45,80.49,80.49,174792.0,,adjusted
2022-09-09,81.34,82.38,80.55,81.96,81.96,222471.0,,adjusted
2022-09-13,82.78,83.48,81.38,82.38,82.38,203418.0,,adjusted
2022-09-14,80.9,82.89,80.56,81.32,81.32,221526.0,,adjusted
2022-09-15,82.1,84.18,78.55,78.98,78.98,360193.0,,adjusted
2022-09-16,77.7,77.7,74.34,75.93,75.93,280935.0,,adjusted
2022-09-19,75.94,80.43,75.9,79.08,79.08,315991.0,,adjusted
2022-09-20,80.23,83.7,79.7,81.8,81.8,384837.0,,adjusted
2022-09-21,80.96,82.12,80.57,80.98,80.98,213830.0,,adjusted
2022-09-22,80.73,81.45,79.41,80.01,80.01,165438.0,,adjusted
2022-09-23,79.9,80.33,76.92,78.16,78.16,207651.0,,adjusted
2022-09-26,76.95,78.85,76.66,77.18,77.18,180029.0,,adjusted
2022-09-27,77.91,78.28,74.27,76.86,76.86,261169.0,,adjusted
2022-09-28,76.11,76.41,72.9,72.92,72.92,238624.0,,adjusted
2022-09-29,74.4,76.2,74.1,74.66,74.66,288413.0,,adjusted
2022-09-30,74.2,74.65,72.7,72.74,72.74,193266.0,,adjusted
2022-10-10,72.7,72.85,70.1,70.15,70.15,168737.0,,adjusted
2022-10-11,71.63,72.9,70.51,72.01,72.01,190118.0,,adjusted
2022-10-12,71.86,73.45,69.75,73.45,73.45,230238.0,,adjusted
2022-10-13,72.72,73.11,70.92,71.33,71.33,207470.0,,adjusted
2022-10-14,72.51,75.98,72.12,75.2,75.2,374420.0,,adjusted
2022-10-17,76.7,78.22,75.56,77.1,77.1,452453.0,,adjusted
2022-10-18,78.48,78.86,76.74,77.1,77.1,276189.0,,adjusted
2022-10-19,77.12,79.27,76.59,76.64,76.64,292744.0,,adjusted
2022-10-20,75.9,77.4,74.68,76.35,76.35,232084.0,,adjusted
2022-10-21,76.7,76.7,74.71,75.2,75.2,183651.0,,adjusted
2022-10-24,76.87,78.5,74.68,75.55,75.55,300572.0,,adjusted
2022-10-25,75.9,77.9,72.77,77.88,77.88,323899.0,,adjusted
2022-10-26,78.41,80.18,78.0,78.47,78.47,362677.0,,adjusted
2022-10-27,79.01,80.07,78.26,78.4,78.4,275575.0,,adjusted
2022-10-28,77.16,77.19,74.28,74.54,74.54,295869.0,,adjusted
2022-10-31,74.9,78.89,74.69,76.92,76.92,359846.0,,adjusted
2022-11-01,76.94,83.66,76.94,83.66,83.66,576226.0,,adjusted
2022-11-02,82.81,84.65,82.45,84.02,84.02,380157.0,,adjusted
2022-11-03,82.3,84.4,81.79,82.6,82.6,331985.0,,adjusted
2022-11-04,83.38,88.9,82.1,87.76,87.76,636584.0,,adjusted
2022-11-07,88.58,89.57,86.5,87.27,87.27,439542.0,,adjusted
2022-11-08,87.5,88.45,85.77,88.23,88.23,306010.0,,adjusted
2022-11-09,89.69,90.33,87.01,87.09,87.09,277613.0,,adjusted
2022-11-10,85.01,85.83,82.53,83.55,83.55,360870.0,,adjusted
2022-11-11,86.61,87.6,84.8,85.9,85.9,383763.0,,adjusted
2019-01-02,22.12,22.35,21.85,21.95,,115557.0,,raw
2019-01-03,21.7,22.29,21.7,21.98,,123319.0,,raw
2019-01-04,21.74,22.62,21.65,22.61,,195346.0,,raw
2019-01-07,22.89,22.89,22.53,22.84,,196474.0,,raw
2019-01-08,22.75,23.06,22.54,22.82,,171144.0,,raw
2019-01-09,22.7,22.98,22.25,22.54,,252423.0,,raw
2019-01-10,22.62,22.8,22.34,22.38,,144083.0,,raw
2019-01-11,22.4,22.58,22.28,22.44,,103264.0,,raw
2019-01-14,22.44,22.78,22.31,22.31,,118655.0,,raw
2019-01-15,22.31,22.74,22.06,22.7,,172550.0,,raw
2019-01-16,22.69,22.77,22.38,22.44,,125949.0,,raw
2019-01-17,22.48,22.53,22.02,22.05,,124636.0,,raw
2019-01-18,22.06,22.48,22.06,22.42,,147194.0,,raw
2019-01-21,22.53,22.99,22.53,22.82,,216910.0,,raw
2019-01-22,22.71,22.96,22.45,22.49,,153206.0,,raw
2019-01-23,22.37,22.83,22.3,22.76,,162396.0,,raw
2019-01-24,22.68,22.75,22.45,22.64,,130314.0,,raw
2019-01-25,22.66,23.22,22.5,22.79,,262361.0,,raw
2019-01-28,22.82,23.04,22.33,22.35,,170853.0,,raw
2019-01-29,22.2,22.23,20.55,21.19,,249627.0,,raw
2019-01-30,21.03,21.46,20.73,20.74,,154857.0,,raw
2019-01-31,20.81,21.05,19.21,19.44,,305911.0,,raw
2019-02-01,19.6,20.25,19.6,20.22,,184825.0,,raw
2019-02-11,20.5,21.95,20.45,21.86,,286417.0,,raw
2019-02-12,21.87,22.35,21.58,22.11,,324849.0,,raw
2019-02-13,22.0,23.62,21.88,23.2,,516394.0,,raw
2019-02-14,23.29,23.45,22.85,23.35,,357113.0,,raw
2019-02-15,23.24,24.23,23.08,23.23,,383074.0,,raw
2019-02-18,23.22,24.15,23.21,24.09,,392976.0,,raw
2019-02-19,24.2,24.29,23.3,23.8,,388399.0,,raw
2019-02-20,23.87,25.24,23.86,24.5,,533675.0,,raw
2019-02-21,24.53,25.04,24.18,24.36,,434803.0,,raw
2019-02-22,24.22,24.64,23.74,24.55,,384631.0,,raw
2019-02-25,24.83,26.94,24.57,26.8,,783978.0,,raw
2019-02-26,26.8,29.37,26.08,27.74,,969484.0,,raw
2019-02-27,27.49,28.4,26.3,26.96,,646305.0,,raw
2019-02-28,26.8,27.44,26.61,26.92,,283636.0,,raw
2019-03-01,27.15,27.34,26.4,26.96,,317610.0,,raw
2019-03-04,26.98,28.17,26.85,27.15,,580456.0,,raw
2019-03-05,26.9,27.5,26.64,27.49,,473788.0,,raw
2019-03-06,27.46,28.86,27.33,28.39,,791064.0,,raw
2019-03-07,28.25,28.98,27.66,28.27,,670194.0,,raw
2019-03-08,27.5,27.7,25.8,25.94,,684855.0,,raw
2019-03-11,26.0,26.98,25.94,26.83,,381027.0,,raw
2019-03-12,27.18,27.46,26.51,26.95,,425658.0,,raw
2019-03-13,26.78,29.64,26.78,29.64,,1189260.0,,raw
2019-03-14,29.8,32.0,29.15,30.93,,1380291.0,,raw
2019-03-15,30.8,31.95,29.81,31.03,,907995.0,,raw
2019-03-18,30.89,32.45,30.6,31.46,,779154.0,,raw
2019-03-19,31.48,31.49,30.35,30.53,,581493.0,,raw
2019-03-20,30.01,30.36,29.2,30.0,,546268.0,,raw
2019-03-21,29.95,30.63,29.71,30.04,,468731.0,,raw
2019-03-22,30.1,30.2,29.2,29.58,,370427.0,,raw
2019-03-25,28.71,29.53,28.61,28.75,,361361.0,,raw
2019-03-26,28.77,29.49,28.63,28.86,,352062.0,,raw
2019-03-27,28.92,29.4,26.68,27.61,,662225.0,,raw
2019-03-28,27.09,27.33,26.4,26.71,,377802.0,,raw
2019-03-29,26.84,27.68,26.46,27.59,,376911.0,,raw
2019-04-01,27.78,29.25,27.78,28.98,,532329.0,,raw
2019-04-02,29.18,30.68,28.41,29.74,,635686.0,,raw
2019-04-03,29.25,29.99,29.09,29.5,,385325.0,,raw
2019-04-04,29.65,30.36,29.26,29.44,,542336.0,,raw
2019-04-08,31.42,31.44,29.73,30.07,,681652.0,,raw
2019-04-09,30.11,30.26,29.1,29.38,,394373.0,,raw
2019-04-10,29.2,29.6,28.58,29.27,,339554.0,,raw
2019-04-11,29.23,30.81,29.13,29.85,,639757.0,,raw
2019-04-12,29.5,29.53,28.41,28.52,,418374.0,,raw
2019-04-15,28.94,29.09,27.8,27.93,,277578.0,,raw
2019-04-16,27.6,28.75,27.6,28.71,,268080.0,,raw
2019-04-17,28.93,29.87,28.76,29.37,,408813.0,,raw
2019-04-18,29.49,29.8,28.51,28.67,,301410.0,,raw
2019-04-19,28.5,28.6,28.06,28.53,,210502.0,,raw
2019-04-22,28.59,28.7,27.76,27.85,,245138.0,,raw
2019-04-23,27.86,28.26,27.25,27.97,,210893.0,,raw
2019-04-24,28.0,28.14,27.42,27.85,,148561.0,,raw
2019-04-25,27.8,28.15,27.0,27.0,,212451.0,,raw
2019-04-26,26.99,27.27,25.89,26.08,,241681.0,,raw
2019-04-29,26.07,26.07,24.01,24.3,,338915.0,,raw
2019-04-30,24.0,24.8,23.8,24.64,,167771.0,,raw
2019-05-06,23.7,24.79,22.82,23.38,,288297.0,,raw
2019-05-07,23.71,24.16,23.46,24.05,,204903.0,,raw
2019-05-08,23.66,24.05,23.49,23.69,,146075.0,,raw
2019-05-09,23.38,23.8,23.18,23.25,,140394.0,,raw
2019-05-10,23.53,23.97,22.44,23.91,,214108.0,,raw
2019-05-13,23.61,24.33,23.35,23.98,,194160.0,,raw
2019-05-14,23.68,23.9,23.41,23.53,,127233.0,,raw
2019-05-15,23.82,23.99,23.62,23.89,,148243.0,,raw
2019-05-16,23.95,24.92,23.89,24.67,,300375.0,,raw
2019-05-17,24.87,24.87,23.35,23.56,,230765.0,,raw
2019-05-20,23.54,24.28,22.51,23.95,,198887.0,,raw
2019-05-21,23.99,24.82,23.74,24.44,,234374.0,,raw
2019-05-22,24.5,24.56,23.9,23.96,,148396.0,,raw
2019-05-23,23.92,23.95,23.17,23.26,,130159.0,,raw
2019-05-24,23.15,23.59,23.1,23.12,,104599.0,,raw
2019-05-27,23.31,23.86,23.09,23.76,,150932.0,,raw
2019-05-28,23.77,24.58,23.76,24.15,,209515.0,,raw
2019-05-29,24.15,24.55,23.91,24.18,,181730.0,,raw
2019-05-30,24.03,25.38,23.73,25.11,,369996.0,,raw
2019-05-31,24.88,25.03,24.46,24.48,,262899.0,,raw
2019-06-03,24.25,24.59,23.94,24.03,,160574.0,,raw
2019-06-04,24.04,24.2,23.4,23.52,,142022.0,,raw
2019-06-05,23.85,24.06,23.55,23.6,,104895.0,,raw
2019-06-06,23.62,23.8,22.91,23.05,,125574.0,,raw
2019-06-10,23.34,23.82,23.23,23.69,,136182.0,,raw
2019-06-11,23.59,24.48,23.5,24.39,,221012.0,,raw
2019-06-12,24.36,24.89,24.17,24.27,,213597.0,,raw
2019-06-13,24.2,24.52,23.94,24.37,,149655.0,,raw
2019-06-14,24.45,24.64,23.62,23.7,,165211.0,,raw
2019-06-17,23.66,23.96,23.5,23.59,,86678.0,,raw
2019-06-18,23.4,23.41,22.97,23.04,,172986.0,,raw
2019-06-19,23.52,23.78,23.19,23.22,,146194.0,,raw
2019-06-20,23.23,23.73,23.1,23.59,,172935.0,,raw
2019-06-21,23.6,24.08,23.6,23.91,,192117.0,,raw
2019-06-24,23.99,24.17,23.77,23.99,,134159.0,,raw
2019-06-25,23.99,24.03,23.27,23.49,,143771.0,,raw
2019-06-26,23.46,24.18,23.28,23.82,,173524.0,,raw
2019-06-27,23.78,24.06,23.74,23.81,,142007.0,,raw
2019-06-28,23.81,23.81,23.3,23.43,,108578.0,,raw
2019-07-01,23.9,24.43,23.65,24.37,,292063.0,,raw
2019-07-02,24.46,25.5,24.22,25.28,,535184.0,,raw
2019-07-03,25.15,25.15,24.62,24.71,,285568.0,,raw
2019-07-04,24.71,25.03,24.5,24.6,,161047.0,,raw
2019-07-05,24.75,24.93,24.55,24.58,,128012.0,,raw
2019-07-08,24.46,24.46,23.5,23.58,,199848.0,,raw
2019-07-09,23.55,23.97,23.54,23.89,,135420.0,,raw
2019-07-10,23.87,23.88,23.32,23.46,,114618.0,,raw
2019-07-11,23.62,23.95,23.43,23.6,,102256.0,,raw
2019-07-12,23.62,23.9,23.59,23.76,,84327.0,,raw
2019-07-15,23.34,23.34,22.22,22.92,,265895.0,,raw
2019-07-16,22.8,23.05,22.5,22.67,,135788.0,,raw
2019-07-17,22.67,22.84,22.45,22.68,,91640.0,,raw
2019-07-18,22.63,22.85,22.51,22.52,,87687.0,,raw
2019-07-19,22.53,22.86,22.53,22.63,,79702.0,,raw
2019-07-22,22.77,22.81,21.85,21.88,,150858.0,,raw
2019-07-23,21.88,22.07,21.85,22.0,,58355.0,,raw
2019-07-24,22.05,22.42,22.05,22.31,,83478.0,,raw
2019-07-25,22.4,22.4,22.03,22.28,,89898.0,,raw
2019-07-26,21.95,22.43,21.83,22.34,,117728.0,,raw
2019-07-29,22.25,22.43,22.15,22.2,,77456.0,,raw
2019-07-30,22.18,22.45,22.18,22.27,,90212.0,,raw
2019-07-31,22.27,22.28,21.84,22.11,,122688.0,,raw
2019-08-01,21.87,23.73,21.79,23.19,,413536.0,,raw
2019-08-02,22.72,23.45,22.6,22.85,,300154.0,,raw
2019-08-05,22.62,22.85,21.95,21.98,,225507.0,,raw
2019-08-06,21.01,21.57,20.49,20.89,,233502.0,,raw
2019-08-07,22.03,22.3,21.42,21.68,,232699.0,,raw
2019-08-08,21.95,22.0,21.24,21.3,,150312.0,,raw
2019-08-09,21.44,21.65,20.92,20.98,,122862.0,,raw
2019-08-12,21.0,21.23,20.65,21.23,,121507.0,,raw
2019-08-13,20.9,21.14,20.82,20.85,,94480.0,,raw
2019-08-14,21.12,21.27,20.89,20.97,,125785.0,,raw
2019-08-15,20.47,20.73,20.13,20.6,,158927.0,,raw
2019-08-16,20.53,20.98,20.44,20.64,,125450.0,,raw
2019-08-19,20.92,21.24,20.62,21.24,,224860.0,,raw
2019-08-20,21.19,21.55,21.07,21.16,,186210.0,,raw
2019-08-21,21.02,21.15,20.71,20.76,,151438.0,,raw
2019-08-22,20.83,21.9,20.7,21.9,,381891.0,,raw
2019-08-23,21.6,21.68,21.21,21.3,,214988.0,,raw
2019-08-26,20.8,21.92,20.7,21.53,,236455.0,,raw
2019-08-27,21.56,21.88,21.4,21.82,,219573.0,,raw
2019-08-28,21.81,22.03,21.33,21.35,,189998.0,,raw
2019-08-29,21.3,21.31,20.92,21.0,,145349.0,,raw
2019-08-30,21.16,21.16,20.78,20.85,,148106.0,,raw
2019-09-02,21.07,21.49,20.98,21.3,,189237.0,,raw
2019-09-03,21.16,21.34,20.98,21.24,,160191.0,,raw
2019-09-04,21.13,22.05,21.05,21.9,,425054.0,,raw
2019-09-05,21.8,22.33,21.74,22.13,,388431.0,,raw
2019-09-06,22.2,22.28,21.88,22.04,,190751.0,,raw
2019-09-09,22.2,22.77,22.09,22.73,,297856.0,,raw
2019-09-10,22.68,23.56,22.51,22.83,,355826.0,,raw
2019-09-11,23.08,23.29,22.28,22.32,,265469.0,,raw
2019-09-12,22.55,22.65,22.23,22.47,,162551.0,,raw
2019-09-16,22.74,23.08,22.62,22.83,,209816.0,,raw
2019-09-17,22.78,22.78,22.19,22.46,,178277.0,,raw
2019-09-18,22.52,22.59,22.03,22.33,,135228.0,,raw
2019-09-19,22.35,23.28,22.35,23.17,,346307.0,,raw
2019-09-20,23.08,23.17,22.75,22.97,,232985.0,,raw
2019-09-23,22.85,23.18,22.56,22.76,,196587.0,,raw
2019-09-24,22.75,23.12,22.6,22.92,,183718.0,,raw
2019-09-25,22.93,24.99,22.71,24.36,,736404.0,,raw
2019-09-26,24.0,24.48,23.13,23.18,,446556.0,,raw
2019-09-27,23.39,23.47,22.84,22.95,,236807.0,,raw
2019-09-30,22.94,23.35,22.39,22.56,,182047.0,,raw
2019-10-08,22.33,22.84,22.0,22.56,,165023.0,,raw
2019-10-09,22.34,22.73,22.07,22.5,,141682.0,,raw
2019-10-10,22.99,23.1,22.52,22.66,,148176.0,,raw
2019-10-11,22.55,22.6,22.15,22.29,,125425.0,,raw
2019-10-14,22.47,22.88,22.36,22.88,,181607.0,,raw
2019-10-15,22.59,22.75,22.21,22.48,,144397.0,,raw
2019-10-16,22.46,22.63,22.01,22.01,,116632.0,,raw
2019-10-17,22.0,22.44,22.0,22.13,,98383.0,,raw
2019-10-18,22.13,22.57,22.01,22.35,,157609.0,,raw
2019-10-21,22.23,22.39,22.02,22.19,,85271.0,,raw
2019-10-22,22.22,22.38,22.08,22.17,,79044.0,,raw
2019-10-23,22.05,22.16,21.39,21.42,,173453.0,,raw
2019-10-24,21.4,21.78,21.27,21.35,,111583.0,,raw
2019-10-25,21.35,21.63,21.05,21.48,,100293.0,,raw
2019-10-28,21.5,21.85,21.19,21.8,,126965.0,,raw
2019-10-29,21.73,22.34,21.61,21.96,,166580.0,,raw
2019-10-30,21.83,22.28,21.73,21.78,,99085.0,,raw
2019-10-31,21.79,21.96,21.56,21.81,,76847.0,,raw
2019-11-01,21.79,22.3,21.75,22.18,,113679.0,,raw
2019-11-04,22.42,23.12,22.22,22.7,,253210.0,,raw
2019-11-05,22.99,23.78,22.6,23.32,,407007.0,,raw
2019-11-06,23.5,24.65,23.38,23.58,,546232.0,,raw
2019-11-07,23.62,23.81,23.18,23.44,,309081.0,,raw
2019-11-08,23.8,24.47,23.57,23.98,,431396.0,,raw
2019-11-11,23.82,24.4,23.2,23.41,,290601.0,,raw
2019-11-12,23.46,23.68,23.12,23.39,,163977.0,,raw
2019-11-13,23.28,23.31,22.8,23.05,,159687.0,,raw
2019-11-14,23.15,23.4,22.75,22.8,,174521.0,,raw
2019-11-15,22.9,23.18,22.6,22.74,,162371.0,,raw
2019-11-18,22.74,23.58,22.58,23.5,,198719.0,,raw
2019-11-19,23.35,25.65,23.31,25.45,,662215.0,,raw
2019-11-20,25.46,25.84,25.1,25.38,,510751.0,,raw
2019-11-21,25.64,25.65,24.9,25.04,,259947.0,,raw
2019-11-22,25.82,26.48,25.43,25.77,,602440.0,,raw
2019-11-25,25.77,26.34,25.5,25.68,,354897.0,,raw
2019-11-26,25.5,26.74,25.01,26.66,,541503.0,,raw
2019-11-27,26.45,28.02,26.11,27.4,,631802.0,,raw
2019-11-28,27.42,28.11,27.12,27.5,,345935.0,,raw
2019-11-29,27.3,27.97,26.87,27.75,,350225.0,,raw
2019-12-02,27.68,27.97,26.78,26.96,,325085.0,,raw
2019-12-03,26.81,27.92,26.61,27.92,,366784.0,,raw
2019-12-04,27.7,29.12,27.65,28.74,,463363.0,,raw
2019-12-05,28.74,29.35,28.58,29.09,,395229.0,,raw
2019-12-06,28.81,29.48,28.66,28.91,,234337.0,,raw
2019-12-09,28.92,29.2,28.05,28.32,,346024.0,,raw
2019-12-10,28.22,29.18,28.18,28.41,,268092.0,,raw
2019-12-11,28.42,28.52,27.6,27.67,,320323.0,,raw
2019-12-12,28.82,29.11,27.71,27.78,,387835.0,,raw
2019-12-13,28.11,29.09,27.72,28.74,,454354.0,,raw
2019-12-16,29.2,29.88,28.52,29.22,,433826.0,,raw
2019-12-17,29.9,32.14,29.9,32.14,,720827.0,,raw
2019-12-18,32.87,32.88,31.16,31.91,,718827.0,,raw
2019-12-19,31.91,31.91,30.9,31.07,,363356.0,,raw
2019-12-20,31.4,32.32,30.93,31.14,,484022.0,,raw
2019-12-23,30.98,33.04,30.31,32.29,,603757.0,,raw
2019-12-24,32.85,34.71,32.1,34.3,,726756.0,,raw
2019-12-25,33.82,34.7,33.35,34.24,,498658.0,,raw
2019-12-26,34.4,36.18,34.1,35.24,,536801.0,,raw
2019-12-27,35.4,36.15,34.15,34.18,,635272.0,,raw
2019-12-30,34.16,34.85,33.68,34.25,,408711.0,,raw
2019-12-31,34.25,35.74,33.98,34.83,,417102.0,,raw
2020-01-02,35.05,35.78,34.33,35.46,,441532.0,,raw
2020-01-03,35.28,37.01,34.87,36.38,,536578.0,,raw
2020-01-06,36.41,40.02,36.41,40.0,,961274.0,,raw
2020-01-07,39.2,40.22,39.01,39.98,,578103.0,,raw
2020-01-08,40.03,42.56,38.75,40.66,,850346.0,,raw
2020-01-09,41.5,41.7,40.0,40.89,,451567.0,,raw
2020-01-10,40.2,41.48,39.67,41.08,,460877.0,,raw
2020-01-13,41.8,42.39,40.81,41.58,,403599.0,,raw
2020-01-14,42.45,44.97,42.0,43.41,,607636.0,,raw
2020-01-15,42.92,43.3,40.61,42.1,,509521.0,,raw
2020-01-16,41.78,42.98,41.08,41.79,,383866.0,,raw
2020-01-17,41.49,42.3,41.17,41.84,,367475.0,,raw
2020-01-20,41.56,43.29,40.6,42.56,,407137.0,,raw
2020-01-21,42.02,42.67,41.27,41.3,,292550.0,,raw
2020-01-22,41.2,44.44,41.15,43.65,,605510.0,,raw
2020-01-23,43.49,45.3,40.85,43.37,,590398.0,,raw
2020-02-03,39.03,40.99,39.03,39.03,,585891.0,,raw
2020-02-04,40.98,42.93,40.03,42.93,,688620.0,,raw
2020-02-05,45.1,47.22,44.52,45.7,,904905.0,,raw
2020-02-06,43.35,47.52,43.15,46.93,,745215.0,,raw
2020-02-07,46.1,47.47,45.03,46.94,,472808.0,,raw
2020-02-10,46.6,51.63,46.6,51.63,,680223.0,,raw
2020-02-11,54.2,54.58,51.1,53.13,,757975.0,,raw
2020-02-12,52.05,58.44,52.04,58.44,,495623.0,,raw
2020-02-13,61.36,64.26,58.42,59.49,,981343.0,,raw
2020-02-14,60.86,62.36,57.45,57.78,,772017.0,,raw
2020-02-17,57.77,62.01,57.71,62.0,,634668.0,,raw
2020-02-18,61.8,63.0,57.5,60.22,,742147.0,,raw
2020-02-19,61.5,62.66,57.95,58.33,,679910.0,,raw
2020-02-20,59.6,59.99,57.0,58.87,,580228.0,,raw
2020-02-21,58.39,59.28,57.4,57.68,,609376.0,,raw
2020-02-24,56.5,56.86,52.0,54.99,,938421.0,,raw
2020-02-25,53.96,60.49,53.77,60.49,,825476.0,,raw
2020-02-26,61.18,63.21,57.9,59.07,,973549.0,,raw
2020-02-27,60.5,60.5,56.0,56.53,,558831.0,,raw
2020-02-28,53.41,55.1,51.0,51.98,,673313.0,,raw
2020-03-02,53.18,54.69,51.15,53.3,,545613.0,,raw
2020-03-03,55.04,57.75,54.16,54.75,,537487.0,,raw
2020-03-04,54.65,55.84,53.22,55.08,,372264.0,,raw
2020-03-05,55.5,55.88,52.9,54.05,,407498.0,,raw
2020-03-06,52.25,56.5,52.12,54.2,,433652.0,,raw
2020-03-09,52.4,53.87,49.65,50.15,,512193.0,,raw
2020-03-10,50.0,52.48,48.51,52.31,,471325.0,,raw
2020-03-11,52.5,53.38,51.0,51.07,,360455.0,,raw
2020-03-12,49.39,50.1,47.84,49.73,,375261.0,,raw
2020-03-13,46.76,49.0,46.02,48.0,,390207.0,,raw
2020-03-16,48.0,48.01,43.2,43.2,,516927.0,,raw
2020-03-17,43.0,44.38,39.8,41.47,,626852.0,,raw
2020-03-18,42.02,44.09,40.88,41.05,,501249.0,,raw
2020-03-19,41.5,41.8,38.6,40.61,,512285.0,,raw
2020-03-20,42.0,42.57,39.02,40.37,,412241.0,,raw
2020-03-23,38.86,38.86,36.33,36.38,,492446.0,,raw
2020-03-24,37.48,39.8,36.8,39.11,,622967.0,,raw
2020-03-25,40.6,42.56,40.29,42.35,,646323.0,,raw
2020-03-26,41.56,41.88,40.67,40.83,,425986.0,,raw
2020-03-27,41.71,41.89,39.52,39.76,,350373.0,,raw
2020-03-30,38.3,39.34,36.0,38.8,,499061.0,,raw
2020-03-31,39.22,40.88,38.6,40.25,,503256.0,,raw
2020-04-01,40.89,43.89,39.85,41.64,,710364.0,,raw
2020-04-02,41.22,43.1,40.65,43.02,,433887.0,,raw
2020-04-03,42.99,43.55,41.11,41.51,,398584.0,,raw
2020-04-07,42.77,43.3,42.02,43.28,,418950.0,,raw
2020-04-08,42.6,43.58,42.03,42.7,,325794.0,,raw
2020-04-09,43.0,43.13,41.53,41.75,,241822.0,,raw
2020-04-10,42.5,42.5,39.49,39.65,,324276.0,,raw
2020-04-13,38.86,39.33,38.01,38.29,,299542.0,,raw
2020-04-14,39.2,42.12,39.03,42.12,,534393.0,,raw
2020-04-15,43.11,44.98,42.28,43.52,,804094.0,,raw
2020-04-16,43.65,44.42,42.6,43.72,,463449.0,,raw
2020-04-17,44.8,46.19,43.88,44.51,,621749.0,,raw
2020-04-20,44.09,44.45,42.71,44.12,,371606.0,,raw
2020-04-21,43.14,43.99,42.03,42.6,,374274.0,,raw
2020-04-22,41.02,42.8,40.65,42.54,,324726.0,,raw
2020-04-23,43.05,43.08,41.06,41.3,,276437.0,,raw
2020-04-24,41.11,44.15,41.1,42.3,,415051.0,,raw
2020-04-27,42.29,42.8,41.09,41.8,,235849.0,,raw
2020-04-28,42.61,43.48,40.82,42.84,,357262.0,,raw
2020-04-29,42.83,43.97,42.5,42.88,,289642.0,,raw
2020-04-30,44.58,46.85,44.58,46.31,,548225.0,,raw
2020-05-06,46.01,49.85,45.78,48.95,,460042.0,,raw
2020-05-07,48.86,51.21,48.82,50.4,,452446.0,,raw
2020-05-08,50.4,52.72,48.35,49.64,,552863.0,,raw
2020-05-11,49.6,49.99,47.88,48.77,,350948.0,,raw
2020-05-12,48.72,49.62,47.94,49.3,,283031.0,,raw
2020-05-13,48.6,52.48,48.13,50.36,,374785.0,,raw
2020-05-14,49.98,50.23,48.88,49.05,,257080.0,,raw
2020-05-15,49.6,52.08,48.85,51.3,,438871.0,,raw
2020-05-18,51.0,51.8,49.5,49.96,,294064.0,,raw
2020-05-19,50.5,51.3,49.53,49.92,,284072.0,,raw
2020-05-20,51.4,53.88,50.97,51.55,,557206.0,,raw
2020-05-21,52.0,52.14,49.0,49.07,,406980.0,,raw
2020-05-22,48.88,48.95,46.3,47.35,,298570.0,,raw
2020-05-25,46.98,47.63,46.26,47.3,,165539.0,,raw
2020-05-26,48.02,48.82,47.66,48.75,,224568.0,,raw
2020-05-27,48.8,50.25,47.65,47.98,,266825.0,,raw
2020-05-28,47.58,49.3,46.78,48.53,,264658.0,,raw
2020-05-29,49.31,50.68,48.3,49.5,,367053.0,,raw
2020-06-01,50.4,52.36,49.12,51.48,,360679.0,,raw
2020-06-02,52.3,52.88,50.38,50.6,,285521.0,,raw
2020-06-03,51.0,51.0,49.47,49.98,,232245.0,,raw
2020-06-04,50.3,51.72,50.11,50.57,,260836.0,,raw
2020-06-05,49.79,50.24,49.16,50.19,,176777.0,,raw
2020-06-08,50.0,51.29,49.85,50.06,,208689.0,,raw
2020-06-09,51.0,52.42,50.52,52.04,,342356.0,,raw
2020-06-10,51.85,51.97,50.76,51.56,,209967.0,,raw
2020-06-11,53.0,53.77,51.15,51.63,,425260.0,,raw
2020-06-12,50.0,50.74,49.6,50.26,,269739.0,,raw
2020-06-15,49.84,51.35,49.15,49.86,,293354.0,,raw
2020-06-16,50.86,52.58,50.36,52.15,,371828.0,,raw
2020-06-17,53.3,53.52,51.38,52.0,,296275.0,,raw
2020-06-18,51.63,54.65,51.49,54.16,,433752.0,,raw
2020-06-19,54.18,55.68,53.7,54.5,,409587.0,,raw
2020-06-22,54.64,57.07,54.51,55.6,,349225.0,,raw
2020-06-23,55.6,56.1,54.61,55.65,,243153.0,,raw
2020-06-24,55.64,55.64,53.8,54.03,,239250.0,,raw
2020-06-29,53.51,54.39,52.8,53.49,,207282.0,,raw
2020-06-30,53.62,54.6,53.43,53.57,,205840.0,,raw
2020-07-01,54.48,55.4,54.01,54.69,,299385.0,,raw
2020-07-02,54.6,57.36,54.45,56.0,,325623.0,,raw
2020-07-03,57.0,58.13,56.28,56.99,,283036.0,,raw
2020-07-06,56.9,60.02,56.26,59.0,,425664.0,,raw
2020-07-07,62.83,64.9,61.73,64.9,,488352.0,,raw
2020-07-08,64.68,65.0,62.31,64.57,,433550.0,,raw
2020-07-09,63.45,66.5,63.45,64.68,,326012.0,,raw
2020-07-10,64.67,65.38,63.61,64.19,,290555.0,,raw
2020-07-13,66.0,69.94,65.5,69.87,,441317.0,,raw
2020-07-14,68.0,68.0,64.0,64.56,,466237.0,,raw
2020-07-15,66.0,66.1,59.85,63.83,,442625.0,,raw
2020-07-16,63.86,64.49,59.0,59.34,,333848.0,,raw
2020-07-17,60.01,61.97,58.69,60.55,,264824.0,,raw
2020-07-20,61.83,62.72,59.3,61.8,,255162.0,,raw
2020-07-21,63.0,64.45,61.41,62.24,,244339.0,,raw
2020-07-22,61.5,62.6,61.28,61.54,,189345.0,,raw
2020-07-23,60.1,61.5,58.42,61.48,,265443.0,,raw
2020-07-24,60.0,60.0,55.33,55.33,,512071.0,,raw
2020-07-27,55.33,55.36,52.61,54.33,,258139.0,,raw
2020-07-28,55.43,57.68,54.88,55.6,,275024.0,,raw
2020-07-29,55.09,57.28,54.65,57.0,,228562.0,,raw
2020-07-30,57.4,57.59,54.92,55.27,,238737.0,,raw
2020-07-31,55.7,57.27,55.07,55.96,,205252.0,,raw
2020-08-03,56.2,57.29,55.8,57.29,,230027.0,,raw
2020-08-04,58.3,60.36,58.01,58.77,,373733.0,,raw
2020-08-05,58.42,58.9,55.36,58.15,,358476.0,,raw
2020-08-06,57.91,58.5,56.4,57.3,,196502.0,,raw
2020-08-07,56.8,57.75,54.98,56.08,,170201.0,,raw
2020-08-10,55.55,55.56,53.0,54.4,,227260.0,,raw
2020-08-11,54.5,56.25,53.97,54.1,,214077.0,,raw
2020-08-12,55.1,58.32,53.36,57.8,,337282.0,,raw
2020-08-13,57.0,57.49,55.63,55.77,,217625.0,,raw
2020-08-14,55.79,56.25,53.71,54.7,,176140.0,,raw
2020-08-17,54.7,55.39,53.8,55.38,,178510.0,,raw
2020-08-18,56.5,56.7,55.26,55.52,,161558.0,,raw
2020-08-19,55.6,56.07,54.0,54.21,,167739.0,,raw
2020-08-20,53.5,53.5,51.84,52.14,,210683.0,,raw
2020-08-21,52.2,53.44,51.18,51.8,,156697.0,,raw
2020-08-24,52.6,53.85,51.78,53.35,,187622.0,,raw
2020-08-25,53.99,54.0,52.38,52.55,,123602.0,,raw
2020-08-26,52.55,52.57,48.9,49.23,,281691.0,,raw
2020-08-27,49.88,51.2,49.47,51.08,,171827.0,,raw
2020-08-28,50.98,51.58,50.4,51.4,,131118.0,,raw
2020-08-31,51.74,52.08,50.49,50.51,,148790.0,,raw
2020-09-01,50.96,53.8,49.5,52.47,,322523.0,,raw
2020-09-02,53.03,53.19,51.8,52.78,,178905.0,,raw
2020-09-03,52.48,52.59,51.04,51.51,,142105.0,,raw
2020-09-04,50.01,50.9,49.59,50.6,,127768.0,,raw
2020-09-07,50.8,51.59,48.5,49.06,,166046.0,,raw
2020-09-08,49.06,50.6,47.75,50.08,,149860.0,,raw
2020-09-09,49.0,49.28,47.56,48.05,,160519.0,,raw
2020-09-10,48.56,49.15,46.71,46.85,,150325.0,,raw
2020-09-11,46.86,47.39,46.36,47.17,,128038.0,,raw
2020-09-14,47.81,50.85,47.81,49.16,,284270.0,,raw
2020-09-15,50.0,52.3,49.29,52.3,,346546.0,,raw
2020-09-16,51.5,54.68,51.1,53.21,,323361.0,,raw
2020-09-17,52.7,54.72,52.39,53.65,,266433.0,,raw
2020-09-18,53.68,56.08,53.43,55.8,,298751.0,,raw
2020-09-21,56.19,57.4,54.6,55.23,,280652.0,,raw
2020-09-22,54.61,55.15,53.51,53.91,,199699.0,,raw
2020-09-23,54.21,54.8,52.2,53.54,,198832.0,,raw
2020-09-24,52.3,53.07,50.49,50.53,,250139.0,,raw
2020-09-25,51.58,52.56,50.89,51.9,,168758.0,,raw
2020-09-28,52.44,52.8,51.48,51.5,,98425.0,,raw
2020-09-29,53.0,55.3,52.81,54.73,,242829.0,,raw
2020-09-30,54.73,55.4,53.7,54.19,,154816.0,,raw
2020-10-09,57.8,58.38,56.32,56.66,,303776.0,,raw
2020-10-12,58.06,59.12,56.67,57.47,,278802.0,,raw
2020-10-13,57.02,59.45,56.11,59.45,,299942.0,,raw
2020-10-14,59.0,59.37,57.91,58.45,,184072.0,,raw
2020-10-15,59.3,60.66,58.61,58.7,,305706.0,,raw
2020-10-16,58.82,59.3,57.04,57.13,,173422.0,,raw
2020-10-19,57.31,58.3,56.85,57.4,,157351.0,,raw
2020-10-20,57.6,59.05,56.12,58.9,,198931.0,,raw
2020-10-21,58.6,59.05,57.77,58.48,,150351.0,,raw
2020-10-22,58.13,58.85,56.5,58.21,,156063.0,,raw
2020-10-23,58.5,61.3,58.0,58.24,,303447.0,,raw
2020-10-26,56.49,59.12,55.6,58.41,,202545.0,,raw
2020-10-27,58.8,63.12,58.73,62.21,,393215.0,,raw
2020-10-28,62.8,64.55,62.28,63.58,,388702.0,,raw
2020-10-29,62.0,63.77,61.6,63.5,,230564.0,,raw
2020-10-30,63.0,63.0,59.93,60.82,,306130.0,,raw
2020-11-02,61.17,64.78,60.32,64.24,,299450.0,,raw
2020-11-03,65.06,66.4,62.66,65.65,,370604.0,,raw
2020-11-04,65.01,69.2,65.01,68.4,,385721.0,,raw
2020-11-05,68.51,73.85,68.18,72.2,,450346.0,,raw
2020-11-06,72.0,76.97,70.5,75.1,,522905.0,,raw
2020-11-09,75.07,78.65,73.35,76.48,,389513.0,,raw
2020-11-10,75.98,75.98,71.51,72.63,,368859.0,,raw
2020-11-11,71.3,74.79,71.0,71.76,,306010.0,,raw
2020-11-12,73.0,74.47,71.8,72.98,,222057.0,,raw
2020-11-13,75.0,75.8,72.5,74.01,,298089.0,,raw
2020-11-16,73.91,79.03,73.1,78.42,,334060.0,,raw
2020-11-17,79.15,82.2,75.3,77.14,,397029.0,,raw
2020-11-18,77.31,78.5,69.88,70.8,,454760.0,,raw
2020-11-19,71.6,72.8,69.14,72.6,,318825.0,,raw
2020-11-20,72.5,75.99,72.0,75.49,,308886.0,,raw
2020-11-23,75.84,81.31,75.4,81.3,,370354.0,,raw
2020-11-24,82.4,84.94,80.51,83.22,,347210.0,,raw
2020-11-25,82.7,82.8,78.9,79.47,,284016.0,,raw
2020-11-26,80.01,81.13,76.68,79.75,,234536.0,,raw
2020-11-27,79.12,80.49,75.11,77.25,,237433.0,,raw
2020-11-30,77.21,79.8,75.25,78.2,,282881.0,,raw
2020-12-01,77.0,78.87,76.15,78.32,,173716.0,,raw
2020-12-02,77.75,78.71,74.8,75.45,,254916.0,,raw
2020-12-03,75.18,76.02,73.0,74.76,,173493.0,,raw
2020-12-04,75.11,78.53,75.11,78.02,,268703.0,,raw
2020-12-07,78.02,81.4,77.8,79.8,,273904.0,,raw
2020-12-08,80.88,83.8,80.03,82.24,,251595.0,,raw
2020-12-09,83.13,85.65,79.2,80.0,,356190.0,,raw
2020-12-10,79.14,80.55,77.49,79.0,,203631.0,,raw
2020-12-11,80.01,80.77,76.76,78.7,,213234.0,,raw
2020-12-14,79.0,82.33,76.75,82.05,,246306.0,,raw
2020-12-15,82.06,83.56,80.68,83.5,,213149.0,,raw
2020-12-16,83.21,84.22,82.49,83.15,,184620.0,,raw
2020-12-17,83.0,85.88,82.13,83.3,,260762.0,,raw
2020-12-18,83.57,90.11,82.95,89.4,,407664.0,,raw
2020-12-21,90.5,94.09,88.24,93.5,,400536.0,,raw
2020-12-22,93.51,98.35,91.49,92.3,,390768.0,,raw
2020-12-23,93.01,98.31,93.01,96.53,,347017.0,,raw
2020-12-24,98.46,100.82,94.66,98.98,,309192.0,,raw
2020-12-25,98.98,108.88,97.9,108.88,,354915.0,,raw
2020-12-28,109.12,109.99,103.11,107.01,,368202.0,,raw
2020-12-29,105.99,106.78,96.31,96.31,,432933.0,,raw
2020-12-30,97.3,102.78,97.28,101.0,,409468.0,,raw
2020-12-31,99.98,104.37,99.61,101.2,,326831.0,,raw
2021-01-04,104.99,111.32,103.06,111.32,,374294.0,,raw
2021-01-05,113.0,119.8,108.11,118.5,,379550.0,,raw
2021-01-06,120.2,124.39,114.83,120.85,,343217.0,,raw
2021-01-07,121.0,128.0,118.51,126.0,,385690.0,,raw
2021-01-08,128.0,128.0,113.7,123.67,,480102.0,,raw
2021-01-11,129.86,136.0,122.12,126.25,,531641.0,,raw
2021-01-12,122.0,137.96,117.61,137.91,,471087.0,,raw
2021-01-13,137.6,143.13,124.66,126.12,,581416.0,,raw
2021-01-14,122.5,128.45,118.03,121.88,,389890.0,,raw
2021-01-15,121.0,132.99,118.18,131.2,,411941.0,,raw
2021-01-18,126.9,138.51,123.95,135.75,,350485.0,,raw
2021-01-19,134.1,137.53,122.19,125.59,,465653.0,,raw
2021-01-20,129.0,131.69,124.19,126.98,,370385.0,,raw
2021-01-21,124.95,131.58,122.0,127.8,,408457.0,,raw
2021-01-22,126.01,139.87,125.16,139.55,,504771.0,,raw
2021-01-25,137.79,149.3,137.01,140.0,,532533.0,,raw
2021-01-26,140.02,144.0,133.16,137.4,,355277.0,,raw
2021-01-27,137.3,138.8,127.96,137.0,,365641.0,,raw
2021-01-28,131.99,136.49,128.18,129.34,,296477.0,,raw
2021-01-29,132.0,132.1,116.41,119.8,,485328.0,,raw
2021-02-01,122.57,125.74,117.1,120.49,,356135.0,,raw
2021-02-02,122.97,130.73,120.03,130.73,,383188.0,,raw
2021-02-03,130.26,135.9,127.4,130.62,,355624.0,,raw
2021-02-04,129.9,132.01,121.62,123.99,,364145.0,,raw
2021-02-05,124.17,126.0,111.7,111.96,,522934.0,,raw
2021-02-08,115.25,122.57,113.0,120.66,,370951.0,,raw
2021-02-09,125.18,131.5,122.5,130.6,,357745.0,,raw
2021-02-10,131.01,134.8,126.05,133.99,,319678.0,,raw
2021-02-18,142.35,144.99,130.31,137.0,,526549.0,,raw
2021-02-19,131.99,132.9,123.65,129.65,,360078.0,,raw
2021-02-22,132.0,138.0,129.8,131.49,,418027.0,,raw
2021-02-23,125.09,128.2,120.01,121.93,,362557.0,,raw
2021-02-24,121.0,123.33,109.74,109.75,,493488.0,,raw
2021-02-25,112.5,113.51,105.18,107.8,,375080.0,,raw
2021-02-26,101.01,102.5,97.55,99.02,,485916.0,,raw
2021-03-01,102.01,106.56,99.85,104.41,,358504.0,,raw
2021-03-02,106.1,107.8,100.25,102.46,,296923.0,,raw
2021-03-03,102.46,109.3,100.74,107.85,,328792.0,,raw
2021-03-04,104.22,104.26,97.07,97.37,,438575.0,,raw
2021-03-05,93.01,100.2,93.01,98.5,,431046.0,,raw
2021-03-08,99.21,99.5,88.68,90.08,,419544.0,,raw
2021-03-09,91.01,96.05,86.37,91.45,,463257.0,,raw
2021-03-10,95.0,98.3,94.81,96.03,,430095.0,,raw
2021-03-11,96.33,101.5,94.65,98.8,,346538.0,,raw
2021-03-12,100.0,102.15,98.0,99.11,,298448.0,,raw
2021-03-15,97.99,104.9,96.2,99.0,,364529.0,,raw
2021-03-16,99.0,99.53,91.65,96.55,,315513.0,,raw
2021-03-17,96.0,103.2,94.7,102.26,,398643.0,,raw
2021-03-18,102.09,104.97,100.96,102.0,,273817.0,,raw
2021-03-19,98.6,99.23,94.32,96.77,,333753.0,,raw
2021-03-22,96.21,98.9,94.0,96.85,,216487.0,,raw
2021-03-23,96.42,96.42,91.29,93.73,,286246.0,,raw
2021-03-24,93.1,94.0,89.29,90.37,,237676.0,,raw
2021-03-25,88.9,93.75,87.81,92.99,,270783.0,,raw
2021-03-26,93.0,100.8,92.99,99.9,,399192.0,,raw
2021-03-29,99.51,100.5,97.17,97.57,,245814.0,,raw
2021-03-30,96.41,100.1,95.52,100.1,,233354.0,,raw
2021-03-31,98.8,100.77,92.38,94.26,,356738.0,,raw
2021-04-01,95.92,96.38,93.21,95.2,,272691.0,,raw
2021-04-02,95.18,97.05,92.6,95.23,,272975.0,,raw
2021-04-06,99.0,100.49,96.88,97.07,,285918.0,,raw
2021-04-07,99.99,100.3,96.55,98.55,,274143.0,,raw
2021-04-08,96.7,97.2,94.2,96.66,,265502.0,,raw
2021-04-09,97.0,100.84,95.56,97.61,,286429.0,,raw
2021-04-12,96.11,96.86,88.01,88.92,,446904.0,,raw
2021-04-13,88.79,90.88,86.97,89.14,,232803.0,,raw
2021-04-14,89.79,97.91,89.39,97.4,,461204.0,,raw
2021-04-15,98.0,98.52,95.3,98.0,,361714.0,,raw
2021-04-16,97.8,98.05,92.5,95.18,,294687.0,,raw
2021-04-19,94.8,104.7,94.11,104.7,,542286.0,,raw
2021-04-20,101.0,103.8,100.55,100.91,,406427.0,,raw
2021-04-21,99.0,100.19,96.98,99.3,,300435.0,,raw
2021-04-22,100.4,100.79,97.38,98.91,,240087.0,,raw
2021-04-23,98.39,104.24,98.1,101.25,,338066.0,,raw
2021-04-26,102.82,104.0,97.49,97.94,,375206.0,,raw
2021-04-27,97.77,98.9,94.3,96.49,,271284.0,,raw
2021-04-28,95.99,101.71,94.72,99.13,,351509.0,,raw
2021-04-29,101.0,105.83,98.1,103.08,,524775.0,,raw
2021-04-30,102.1,111.0,101.4,109.49,,591101.0,,raw
2021-05-06,107.99,110.5,104.01,108.61,,516011.0,,raw
2021-05-07,110.3,111.8,106.01,106.42,,416168.0,,raw
2021-05-10,106.66,111.8,106.03,111.3,,425974.0,,raw
2021-05-11,108.0,108.66,102.02,104.98,,386236.0,,raw
2021-05-12,103.55,106.28,102.18,104.76,,257451.0,,raw
2021-05-13,101.51,103.49,100.08,101.2,,264488.0,,raw
2021-05-14,101.67,103.99,99.78,102.73,,278052.0,,raw
2021-05-17,101.7,109.47,101.5,107.65,,367325.0,,raw
2021-05-18,108.01,111.5,107.4,108.2,,328227.0,,raw
2021-05-19,107.58,116.66,106.55,114.42,,438931.0,,raw
2021-05-20,112.99,117.53,112.37,114.0,,414162.0,,raw
2021-05-21,115.26,116.88,112.64,116.0,,320050.0,,raw
2021-05-24,114.46,119.31,114.46,117.92,,322508.0,,raw
2021-05-25,117.21,117.67,113.64,116.13,,342362.0,,raw
2021-05-26,116.0,118.18,114.51,114.84,,250620.0,,raw
2021-05-27,115.6,116.22,113.95,115.85,,203038.0,,raw
2021-05-28,116.2,122.0,116.0,118.86,,387963.0,,raw
2021-05-31,121.64,129.7,121.64,129.1,,468464.0,,raw
2021-06-01,129.69,133.21,125.01,128.18,,342350.0,,raw
2021-06-02,129.19,133.98,127.81,130.21,,338330.0,,raw
2021-06-03,128.83,130.47,124.41,127.0,,280444.0,,raw
2021-06-04,125.0,131.48,124.0,128.95,,311226.0,,raw
2021-06-07,127.59,129.08,124.88,127.0,,233485.0,,raw
2021-06-08,127.06,129.7,117.24,119.55,,433683.0,,raw
2021-06-09,120.7,121.48,117.77,119.0,,239323.0,,raw
2021-06-10,119.66,124.56,118.87,123.64,,292533.0,,raw
2021-06-11,123.1,125.25,120.21,124.41,,292761.0,,raw
2021-06-15,127.43,128.77,119.02,121.86,,300173.0,,raw
2021-06-16,120.5,120.95,109.67,110.74,,432569.0,,raw
2021-06-17,110.74,115.85,110.62,114.39,,260718.0,,raw
2021-06-18,115.26,121.88,114.0,120.15,,343733.0,,raw
2021-06-21,120.15,124.15,118.09,119.35,,293169.0,,raw
2021-06-22,120.93,121.33,116.0,117.75,,221538.0,,raw
2021-06-23,119.0,125.89,117.33,123.23,,410818.0,,raw
2021-06-24,124.23,124.8,118.16,119.22,,274775.0,,raw
2021-06-25,120.0,126.5,117.73,124.95,,358788.0,,raw
2021-06-28,124.51,127.65,120.77,122.36,,328974.0,,raw
2021-06-29,123.87,124.05,118.2,119.48,,270191.0,,raw
2021-06-30,118.9,122.5,118.4,121.09,,219765.0,,raw
2021-07-01,121.59,124.5,118.32,119.9,,280923.0,,raw
2021-07-02,118.5,124.0,116.5,120.9,,358593.0,,raw
2021-07-05,124.0,132.99,123.68,132.99,,654933.0,,raw
2021-07-06,135.99,141.93,130.1,135.99,,664877.0,,raw
2021-07-07,135.5,143.41,131.2,142.32,,484647.0,,raw
2021-07-08,142.37,150.31,142.35,143.61,,520069.0,,raw
2021-07-09,143.61,155.8,142.08,151.71,,516151.0,,raw
2021-07-12,155.8,166.88,155.0,166.88,,503572.0,,raw
2021-07-13,166.88,170.71,162.0,169.7,,388430.0,,raw
2021-07-14,165.16,166.63,157.8,159.72,,416878.0,,raw
2021-07-15,163.0,169.5,160.66,167.79,,466657.0,,raw
2021-07-16,165.11,177.37,162.18,165.0,,382883.0,,raw
2021-07-19,168.0,177.3,160.5,166.61,,519008.0,,raw
2021-07-20,162.8,172.19,161.66,169.0,,308421.0,,raw
2021-07-21,174.3,185.9,172.22,185.9,,362369.0,,raw
2021-07-22,193.3,200.18,192.5,200.0,,482073.0,,raw
2021-07-23,196.97,200.53,186.13,189.06,,489666.0,,raw
2021-07-26,189.98,196.24,183.24,196.2,,410592.0,,raw
2021-07-27,191.04,196.3,176.58,176.89,,464429.0,,raw
2021-07-28,170.88,185.0,170.68,178.0,,377572.0,,raw
2021-07-29,186.8,194.24,182.0,190.99,,379331.0,,raw
2021-07-30,196.92,203.0,186.99,194.66,,391783.0,,raw
2021-08-02,203.5,206.58,179.01,188.41,,564706.0,,raw
2021-08-03,182.72,186.23,170.67,175.2,,463285.0,,raw
2021-08-04,176.0,191.6,172.61,190.0,,510360.0,,raw
2021-08-05,183.93,188.12,178.14,184.56,,336427.0,,raw
2021-08-06,195.0,198.5,185.9,191.02,,426688.0,,raw
2021-08-09,186.0,186.99,176.56,181.21,,346363.0,,raw
2021-08-10,181.4,188.88,170.58,177.0,,407862.0,,raw
2021-08-11,179.3,182.23,174.88,179.07,,268342.0,,raw
2021-08-12,176.0,181.36,170.85,179.86,,279220.0,,raw
2021-08-13,176.5,187.5,174.5,176.28,,333119.0,,raw
2021-08-16,172.0,173.78,162.4,163.88,,395374.0,,raw
2021-08-17,162.9,167.49,159.51,161.1,,302892.0,,raw
2021-08-18,164.8,171.8,162.22,167.09,,354981.0,,raw
2021-08-19,166.03,182.0,163.0,177.66,,425945.0,,raw
2021-08-20,175.8,184.43,174.47,180.25,,348808.0,,raw
2021-08-23,183.0,188.58,176.0,185.0,,395844.0,,raw
2021-08-24,185.2,198.68,185.2,191.6,,385482.0,,raw
2021-08-25,190.0,193.03,181.15,187.77,,306077.0,,raw
2021-08-26,186.31,192.89,185.01,188.1,,234557.0,,raw
2021-08-27,185.66,200.2,184.01,196.35,,384602.0,,raw
2021-08-30,198.01,215.99,198.0,215.99,,521667.0,,raw
2021-08-31,211.11,224.0,207.13,220.0,,411711.0,,raw
2021-09-01,222.6,224.4,198.0,198.0,,494485.0,,raw
2021-09-02,193.0,199.78,190.03,193.63,,323611.0,,raw
2021-09-03,189.0,192.99,175.0,180.33,,426272.0,,raw
2021-09-06,180.33,189.48,174.92,188.22,,344388.0,,raw
2021-09-07,188.0,192.0,183.0,187.89,,280156.0,,raw
2021-09-08,183.53,192.5,183.33,185.66,,261304.0,,raw
2021-09-09,188.0,192.28,180.11,186.82,,274722.0,,raw
2021-09-10,187.0,192.95,183.99,191.0,,274082.0,,raw
2021-09-13,191.0,194.37,184.6,189.4,,253568.0,,raw
2021-09-14,188.48,188.5,176.06,181.8,,316944.0,,raw
2021-09-15,186.5,199.23,183.88,196.18,,491249.0,,raw
2021-09-16,194.99,194.99,176.56,176.56,,531442.0,,raw
2021-09-17,175.51,176.0,163.42,171.61,,453998.0,,raw
2021-09-22,168.88,174.8,168.22,169.86,,207139.0,,raw
2021-09-23,173.5,176.89,169.95,172.4,,222558.0,,raw
2021-09-24,172.0,173.7,165.61,168.0,,246319.0,,raw
2021-09-27,168.0,171.3,157.0,163.0,,364524.0,,raw
2021-09-28,163.39,165.12,158.34,159.69,,210610.0,,raw
2021-09-29,159.21,161.0,150.6,152.97,,340449.0,,raw
2021-09-30,157.32,163.88,154.0,162.94,,303053.0,,raw
2021-10-08,167.98,168.1,156.14,156.9,,263374.0,,raw
2021-10-11,158.7,160.65,152.52,158.0,,203091.0,,raw
2021-10-12,157.56,159.58,150.99,153.02,,217429.0,,raw
2021-10-13,153.35,162.31,153.0,162.3,,276355.0,,raw
2021-10-14,160.59,166.5,159.17,163.88,,258481.0,,raw
2021-10-15,157.0,164.15,153.03,163.0,,408443.0,,raw
2021-10-18,162.01,172.56,161.98,172.17,,355567.0,,raw
2021-10-19,170.8,174.0,168.74,172.69,,230791.0,,raw
2021-10-20,170.32,177.49,169.58,171.2,,263681.0,,raw
2021-10-21,172.79,173.44,168.89,172.0,,189510.0,,raw
2021-10-22,172.05,174.06,167.77,167.79,,199328.0,,raw
2021-10-25,164.35,171.5,163.01,170.8,,275099.0,,raw
2021-10-26,174.99,179.9,171.58,172.5,,319212.0,,raw
2021-10-27,171.36,174.86,170.1,172.84,,220403.0,,raw
2021-10-28,172.5,177.56,163.49,165.31,,338275.0,,raw
2021-10-29,168.37,168.88,163.01,167.4,,220003.0,,raw
2021-11-01,167.86,170.5,161.63,162.1,,260362.0,,raw
2021-11-02,169.72,173.23,165.18,169.4,,414661.0,,raw
2021-11-03,167.28,168.0,156.68,160.31,,403846.0,,raw
2021-11-04,161.0,163.53,158.71,160.51,,257831.0,,raw
2021-11-05,161.0,169.71,159.58,162.4,,357538.0,,raw
2021-11-08,162.5,176.51,162.5,175.3,,462778.0,,raw
2021-11-09,177.06,178.0,171.23,173.5,,283459.0,,raw
2021-11-10,170.2,171.0,158.5,162.8,,477228.0,,raw
2021-11-11,160.05,161.55,158.49,160.5,,244641.0,,raw
2021-11-12,160.99,161.79,158.16,159.31,,179182.0,,raw
2021-11-15,158.0,158.0,151.1,152.7,,271873.0,,raw
2021-11-16,151.55,153.38,150.06,151.17,,201475.0,,raw
2021-11-17,154.0,161.56,154.0,161.17,,408554.0,,raw
2021-11-18,160.5,168.0,155.88,162.52,,459865.0,,raw
2021-11-19,160.8,161.99,156.58,158.7,,296465.0,,raw
2021-11-22,159.0,167.73,159.0,166.4,,372588.0,,raw
2021-11-23,166.78,166.99,162.0,163.0,,241435.0,,raw
2021-11-24,160.9,164.2,160.1,160.86,,179396.0,,raw
2021-11-25,161.42,163.8,159.0,161.24,,163067.0,,raw
2021-11-26,161.5,168.41,161.5,164.35,,382224.0,,raw
2021-11-29,159.22,167.6,159.21,163.75,,289112.0,,raw
2021-11-30,166.0,172.0,165.25,167.51,,432720.0,,raw
2021-12-01,167.24,169.3,161.0,163.53,,313972.0,,raw
2021-12-02,165.23,166.0,160.0,161.12,,255803.0,,raw
2021-12-03,161.0,161.0,156.12,160.4,,210031.0,,raw
2021-12-06,158.0,159.56,155.57,156.9,,203328.0,,raw
2021-12-07,158.75,158.95,150.0,152.0,,324023.0,,raw
2021-12-08,152.51,156.98,152.08,156.59,,247188.0,,raw
2021-12-09,155.1,157.99,155.02,156.36,,173172.0,,raw
2021-12-10,154.7,162.0,153.0,160.97,,378730.0,,raw
2021-12-13,160.0,161.52,159.02,160.33,,195357.0,,raw
2021-12-14,159.14,160.3,155.24,156.26,,193236.0,,raw
2021-12-15,155.5,156.95,151.16,152.13,,265398.0,,raw
2021-12-16,152.44,152.7,150.25,152.7,,157478.0,,raw
2021-12-17,151.9,152.48,150.08,150.6,,140512.0,,raw
2021-12-20,149.51,149.61,136.59,137.77,,489421.0,,raw
2021-12-21,138.0,139.8,135.5,138.15,,221604.0,,raw
2021-12-22,139.9,141.26,138.93,139.0,,175959.0,,raw
2021-12-23,140.71,141.79,137.5,138.49,,158359.0,,raw
2021-12-24,138.66,139.49,130.0,131.71,,318998.0,,raw
2021-12-27,131.71,136.1,131.0,133.01,,209635.0,,raw
2021-12-28,133.0,141.0,133.0,140.38,,375724.0,,raw
2021-12-29,141.0,145.68,140.26,140.26,,317934.0,,raw
2021-12-30,139.16,142.29,137.48,138.0,,244374.0,,raw
2021-12-31,140.0,143.25,138.49,142.85,,244341.0,,raw
2022-01-04,145.2,145.99,133.9,135.24,,329969.0,,raw
2022-01-05,134.99,135.6,130.09,131.19,,211289.0,,raw
2022-01-06,129.05,134.45,128.18,132.9,,220642.0,,raw
2022-01-07,132.0,132.89,125.66,127.84,,273938.0,,raw
2022-01-10,128.5,132.44,127.5,129.06,,207738.0,,raw
2022-01-11,129.0,130.75,125.67,127.15,,188190.0,,raw
2022-01-12,129.59,132.5,128.8,131.46,,272565.0,,raw
2022-01-13,132.87,132.98,125.8,127.17,,239163.0,,raw
2022-01-14,125.5,129.4,125.35,128.63,,173939.0,,raw
2022-01-17,128.06,129.5,125.66,127.49,,160108.0,,raw
2022-01-18,126.99,130.26,125.81,129.43,,185200.0,,raw
2022-01-19,128.8,129.2,121.09,123.08,,288732.0,,raw
2022-01-20,122.24,124.65,121.01,121.5,,216731.0,,raw
2022-01-21,120.96,124.95,119.22,122.61,,204529.0,,raw
2022-01-24,124.0,134.87,122.63,134.87,,484452.0,,raw
2022-01-25,136.95,141.25,135.1,138.01,,574849.0,,raw
2022-01-26,139.9,142.56,137.26,138.76,,303051.0,,raw
2022-01-27,141.78,142.0,135.82,136.2,,253801.0,,raw
2022-01-28,137.31,138.2,132.5,133.95,,245991.0,,raw
2022-02-07,138.0,139.88,132.8,133.89,,240513.0,,raw
2022-02-08,132.68,133.0,122.01,126.26,,331669.0,,raw
2022-02-09,126.01,130.48,122.66,130.0,,236139.0,,raw
2022-02-10,129.77,131.5,126.27,131.1,,235306.0,,raw
2022-02-11,131.1,138.36,128.52,133.01,,345632.0,,raw
2022-02-14,132.1,139.1,130.44,136.5,,270461.0,,raw
2022-02-15,136.8,139.0,133.5,138.63,,250354.0,,raw
2022-02-16,141.0,143.68,138.59,139.83,,276024.0,,raw
2022-02-17,141.73,151.72,139.04,149.15,,475842.0,,raw
2022-02-18,147.07,149.12,144.72,145.91,,269475.0,,raw
2022-02-21,146.16,147.8,144.01,145.65,,194995.0,,raw
2022-02-22,150.0,152.32,148.13,150.71,,351490.0,,raw
2022-02-23,149.31,153.22,149.0,151.88,,252293.0,,raw
2022-02-24,149.7,152.76,144.03,146.99,,308577.0,,raw
2022-02-25,150.0,152.1,147.82,149.73,,200346.0,,raw
2022-02-28,149.0,153.09,148.01,151.41,,206182.0,,raw
2022-03-01,152.0,152.29,143.34,146.0,,342385.0,,raw
2022-03-02,146.11,147.78,143.11,146.75,,197458.0,,raw
2022-03-03,147.59,147.6,143.33,143.62,,154867.0,,raw
2022-03-04,144.75,145.78,140.6,141.45,,202349.0,,raw
2022-03-07,140.0,141.85,135.58,136.68,,221839.0,,raw
2022-03-08,137.0,137.95,123.8,124.0,,416237.0,,raw
2022-03-09,125.86,126.27,117.98,124.38,,301298.0,,raw
2022-03-10,130.58,131.0,126.0,128.29,,282415.0,,raw
2022-03-11,125.0,128.05,123.35,127.45,,190059.0,,raw
2022-03-14,125.5,128.29,123.68,124.5,,194827.0,,raw
2022-03-15,124.39,129.96,122.2,125.5,,361124.0,,raw
2022-03-16,128.0,130.88,122.85,129.3,,374134.0,,raw
2022-03-17,131.0,132.12,127.01,127.76,,339764.0,,raw
2022-03-18,126.63,127.7,123.76,127.01,,198560.0,,raw
2022-03-21,126.36,132.43,125.1,129.98,,250664.0,,raw
2022-03-22,129.9,133.8,128.5,130.01,,195339.0,,raw
2022-03-23,131.18,131.2,127.5,129.48,,176526.0,,raw
2022-03-24,129.48,131.2,126.02,129.7,,175550.0,,raw
2022-03-25,129.99,132.19,127.04,128.35,,199601.0,,raw
2022-03-28,126.5,127.96,121.8,123.47,,185271.0,,raw
2022-03-29,124.26,126.23,122.03,124.32,,158361.0,,raw
2022-03-30,124.99,130.92,124.5,129.66,,244581.0,,raw
2022-03-31,130.85,131.58,123.63,125.65,,252473.0,,raw
2022-04-01,124.5,130.88,124.5,128.53,,214934.0,,raw
2022-04-06,130.5,130.5,125.51,126.81,,194625.0,,raw
2022-04-07,125.0,130.06,123.65,127.65,,237037.0,,raw
2022-04-08,127.66,128.21,122.67,123.68,,220131.0,,raw
2022-04-11,121.82,121.82,111.99,112.0,,389927.0,,raw
2022-04-12,112.33,114.25,112.04,114.06,,180446.0,,raw
2022-04-13,113.03,119.7,112.97,116.5,,262456.0,,raw
2022-04-14,117.7,120.01,116.8,117.2,,137310.0,,raw
2022-04-15,115.5,116.6,112.8,114.5,,179244.0,,raw
2022-04-18,113.98,115.3,108.38,115.28,,200948.0,,raw
2022-04-19,115.28,116.25,113.58,114.15,,117387.0,,raw
2022-04-20,115.5,115.95,109.12,109.5,,164396.0,,raw
2022-04-21,108.0,110.57,103.65,104.04,,229753.0,,raw
2022-04-22,102.61,104.2,100.61,101.42,,194513.0,,raw
2022-04-25,99.07,99.9,92.1,92.21,,307543.0,,raw
2022-04-26,93.01,94.78,91.47,92.24,,240788.0,,raw
2022-04-27,92.0,101.46,89.9,101.46,,340855.0,,raw
2022-04-28,104.0,109.35,102.21,105.85,,470776.0,,raw
2022-04-29,105.86,111.6,104.14,110.67,,383670.0,,raw
2022-05-05,109.0,110.5,106.5,108.48,,290945.0,,raw
2022-05-06,103.5,106.54,103.5,104.09,,181535.0,,raw
2022-05-09,102.12,104.48,102.02,103.03,,127576.0,,raw
2022-05-10,101.2,106.85,100.71,106.85,,235595.0,,raw
2022-05-11,106.0,115.29,105.25,110.79,,358231.0,,raw
2022-05-12,109.5,111.2,108.28,109.42,,174760.0,,raw
2022-05-13,111.03,111.84,108.02,108.86,,144534.0,,raw
2022-05-16,109.99,111.68,107.36,107.55,,157436.0,,raw
2022-05-17,108.2,118.31,107.95,117.21,,446805.0,,raw
2022-05-18,116.88,119.23,115.89,117.51,,304722.0,,raw
2022-05-19,115.99,121.66,114.92,120.53,,318521.0,,raw
2022-05-20,121.54,123.55,118.44,121.52,,261564.0,,raw
2022-05-23,122.0,127.21,121.39,124.8,,317848.0,,raw
2022-05-24,123.5,125.99,119.35,119.7,,316406.0,,raw
2022-05-25,119.43,121.18,116.68,118.99,,202952.0,,raw
2022-05-26,120.98,124.28,118.06,121.2,,271902.0,,raw
2022-05-27,123.99,124.1,118.7,119.4,,195113.0,,raw
2022-05-30,120.48,121.81,118.1,119.23,,167142.0,,raw
2022-05-31,119.23,119.46,116.12,119.0,,181603.0,,raw
2022-06-01,118.11,118.47,114.01,117.05,,234964.0,,raw
2022-06-02,115.51,117.3,114.68,116.68,,220804.0,,raw
2022-06-06,117.15,128.3,117.15,126.84,,431822.0,,raw
2022-06-07,126.89,128.66,125.57,127.13,,271096.0,,raw
2022-06-08,130.0,133.8,128.41,130.79,,410232.0,,raw
2022-06-09,129.84,131.99,127.18,128.15,,227067.0,,raw
2022-06-10,126.72,131.6,126.15,131.48,,254755.0,,raw
2022-06-13,129.38,139.34,129.38,137.0,,398083.0,,raw
2022-06-14,134.94,135.16,130.0,134.87,,292404.0,,raw
2022-06-15,135.0,137.83,132.63,135.45,,298884.0,,raw
2022-06-16,134.8,136.39,131.81,131.97,,223434.0,,raw
2022-06-17,130.0,141.99,129.9,140.2,,381587.0,,raw
2022-06-20,140.5,143.68,139.46,141.49,,287873.0,,raw
2022-06-21,140.63,140.79,134.74,136.65,,278302.0,,raw
2022-06-22,137.0,138.86,135.38,135.6,,195790.0,,raw
2022-06-23,135.8,137.9,132.01,137.65,,232975.0,,raw
2022-06-24,137.66,138.23,134.7,136.51,,190432.0,,raw
2022-06-27,137.2,150.16,137.2,149.19,,551322.0,,raw
2022-06-28,149.1,150.6,146.7,150.0,,342795.0,,raw
2022-06-29,149.47,149.5,143.03,143.15,,284924.0,,raw
2022-06-30,144.18,149.03,144.0,148.7,,248347.0,,raw
2022-07-01,147.24,158.16,147.0,156.97,,407118.0,,raw
2022-07-04,104.0,111.75,104.0,110.33,,1082888.0,,raw
2022-07-05,110.36,113.34,106.29,109.85,,801358.0,,raw
2022-07-06,108.28,116.86,107.12,114.01,,775737.0,,raw
2022-07-07,113.03,113.8,110.15,112.97,,530618.0,,raw
2022-07-08,114.5,115.5,108.0,108.48,,616226.0,,raw
2022-07-11,107.0,107.0,99.13,101.19,,653775.0,,raw
2022-07-12,102.1,103.98,98.5,100.48,,515151.0,,raw
2022-07-13,98.68,102.29,96.52,100.95,,511104.0,,raw
2022-07-14,100.0,101.63,97.7,100.41,,411809.0,,raw
2022-07-15,99.0,104.79,98.66,100.02,,443840.0,,raw
2022-07-18,100.7,101.8,97.38,100.25,,382809.0,,raw
2022-07-19,100.27,101.45,98.03,98.2,,346037.0,,raw
2022-07-20,99.1,101.0,98.06,98.44,,313906.0,,raw
2022-07-21,98.01,98.08,92.98,93.0,,556286.0,,raw
2022-07-22,94.0,94.28,92.0,93.2,,295023.0,,raw
2022-07-25,93.0,93.9,91.5,91.51,,249872.0,,raw
2022-07-26,91.52,96.0,91.52,93.79,,399206.0,,raw
2022-07-27,93.8,93.85,91.28,92.8,,209172.0,,raw
2022-07-28,93.52,93.71,90.68,90.82,,302977.0,,raw
2022-07-29,91.0,91.66,89.11,89.11,,252267.0,,raw
2022-08-01,89.2,92.28,88.62,92.2,,352720.0,,raw
2022-08-02,90.45,90.77,87.48,88.09,,388069.0,,raw
2022-08-03,89.6,90.67,86.57,87.04,,313486.0,,raw
2022-08-04,88.0,90.48,87.01,89.06,,292560.0,,raw
2022-08-05,88.8,91.18,87.37,90.95,,344329.0,,raw
2022-08-08,90.4,92.7,89.8,91.19,,299784.0,,raw
2022-08-09,91.97,93.0,91.07,92.39,,277206.0,,raw
2022-08-10,92.42,93.35,89.64,90.5,,259295.0,,raw
2022-08-11,91.01,91.5,89.25,91.49,,249697.0,,raw
2022-08-12,91.04,94.48,91.0,91.7,,271302.0,,raw
2022-08-15,91.32,94.98,91.26,93.78,,342847.0,,raw
2022-08-16,93.79,94.25,92.0,92.41,,245022.0,,raw
2022-08-17,92.1,92.41,90.01,91.12,,240528.0,,raw
2022-08-18,90.69,92.2,90.25,90.47,,188940.0,,raw
2022-08-19,90.0,91.39,88.86,89.09,,195268.0,,raw
2022-08-22,89.0,94.08,87.58,93.81,,502176.0,,raw
2022-08-23,93.7,94.37,92.0,92.92,,288703.0,,raw
2022-08-24,93.5,94.2,89.7,89.91,,318987.0,,raw
2022-08-25,90.3,90.6,84.03,86.04,,454958.0,,raw
2022-08-26,86.23,92.36,85.89,89.91,,525538.0,,raw
2022-08-29,88.85,90.47,87.73,89.79,,223205.0,,raw
2022-08-30,90.44,91.27,88.77,90.56,,226470.0,,raw
2022-08-31,88.8,90.48,84.53,85.7,,456756.0,,raw
2022-09-01,85.71,86.0,83.88,84.05,,234175.0,,raw
2022-09-02,84.8,84.98,82.2,82.86,,226857.0,,raw
2022-09-05,81.9,82.74,80.17,81.1,,294646.0,,raw
2022-09-06,81.6,84.19,80.83,83.57,,300837.0,,raw
2022-09-07,82.69,85.2,82.53,84.17,,238697.0,,raw
2022-09-08,84.32,84.49,82.55,82.59,,174792.0,,raw
2022-09-09,83.44,84.48,82.65,84.06,,222471.0,,raw
2022-09-13,84.88,85.58,83.48,84.48,,203418.0,,raw
2022-09-14,83.0,84.99,82.66,83.42,,221526.0,,raw
2022-09-15,84.2,86.28,80.65,81.08,,360193.0,,raw
2022-09-16,79.8,79.8,76.44,78.03,,280935.0,,raw
2022-09-19,78.04,82.53,78.0,81.18,,315991.0,,raw
2022-09-20,82.33,85.8,81.8,83.9,,384837.0,,raw
2022-09-21,83.06,84.22,82.67,83.08,,213830.0,,raw
2022-09-22,82.83,83.55,81.51,82.11,,165438.0,,raw
2022-09-23,82.0,82.43,79.02,80.26,,207651.0,,raw
2022-09-26,79.05,80.95,78.76,79.28,,180029.0,,raw
2022-09-27,80.01,80.38,76.37,78.96,,261169.0,,raw
2022-09-28,78.21,78.51,75.0,75.02,,238624.0,,raw
2022-09-29,76.5,78.3,76.2,76.76,,288413.0,,raw
2022-09-30,76.3,76.75,74.8,74.84,,193266.0,,raw
2022-10-10,74.8,74.95,72.2,72.25,,168737.0,,raw
2022-10-11,73.73,75.0,72.61,74.11,,190118.0,,raw
2022-10-12,73.96,75.55,71.85,75.55,,230238.0,,raw
2022-10-13,74.82,75.21,73.02,73.43,,207470.0,,raw
2022-10-14,74.61,78.08,74.22,77.3,,374420.0,,raw
2022-10-17,78.8,80.32,77.66,79.2,,452453.0,,raw
2022-10-18,80.58,80.96,78.84,79.2,,276189.0,,raw
2022-10-19,79.22,81.37,78.69,78.74,,292744.0,,raw
2022-10-20,78.0,79.5,76.78,78.45,,232084.0,,raw
2022-10-21,78.8,78.8,76.81,77.3,,183651.0,,raw
2022-10-24,78.97,80.6,76.78,77.65,,300572.0,,raw
2022-10-25,78.0,80.0,74.87,79.98,,323899.0,,raw
2022-10-26,80.51,82.28,80.1,80.57,,362677.0,,raw
2022-10-27,81.11,82.17,80.36,80.5,,275575.0,,raw
2022-10-28,79.26,79.29,76.38,76.64,,295869.0,,raw
2022-10-31,77.0,80.99,76.79,79.02,,359846.0,,raw
2022-11-01,79.04,85.76,79.04,85.76,,576226.0,,raw
2022-11-02,84.91,86.75,84.55,86.12,,380157.0,,raw
2022-11-03,84.4,86.5,83.89,84.7,,331985.0,,raw
2022-11-04,85.48,91.0,84.2,89.86,,636584.0,,raw
2022-11-07,90.68,91.67,88.6,89.37,,439542.0,,raw
2022-11-08,89.6,90.55,87.87,90.33,,306010.0,,raw
2022-11-09,91.79,92.43,89.11,89.19,,277613.0,,raw
2022-11-10,87.11,87.93,84.63,85.65,,360870.0,,raw
2022-11-11,88.71,89.7,86.9,88.0,,383763.0,,raw
