trade_date,open,high,low,close,adj_close,volume,amount,price_type
2018-03-02,51.012,59.919,51.012,51.625,51.625,145709.0,,adjusted
2018-03-05,52.109,57.153,52.106,57.153,57.153,110770.0,,adjusted
2018-03-06,58.717,63.192,58.666,60.896,60.896,98206.0,,adjusted
2018-03-07,60.236,62.31,58.487,60.298,60.298,68827.0,,adjusted
2018-03-08,60.644,61.537,58.487,59.322,59.322,53614.0,,adjusted
2018-03-09,58.775,62.31,58.695,60.225,60.225,69357.0,,adjusted
2018-03-12,60.852,66.614,60.305,66.614,66.614,70974.0,,adjusted
2018-03-13,67.776,72.109,66.683,68.09,68.09,76875.0,,adjusted
2018-03-14,68.826,69.963,65.225,66.574,66.574,60303.0,,adjusted
2018-03-15,66.063,69.227,65.991,69.11,69.11,56455.0,,adjusted
2018-03-16,69.598,70.929,63.833,65.593,65.593,69728.0,,adjusted
2018-03-19,64.861,71.967,64.737,70.903,70.903,72845.0,,adjusted
2018-03-20,70.353,71.967,69.278,70.185,70.185,38589.0,,adjusted
2018-03-21,70.448,70.812,65.991,66.887,66.887,57409.0,,adjusted
2018-03-22,66.876,67.518,62.241,62.718,62.718,68626.0,,adjusted
2018-03-23,59.394,63.585,58.669,60.896,60.896,79044.0,,adjusted
2018-03-26,62.784,66.599,62.237,65.203,65.203,64648.0,,adjusted
2018-03-27,66.235,68.534,64.132,67.74,67.74,72032.0,,adjusted
2018-03-28,66.355,70.972,66.355,67.354,67.354,54424.0,,adjusted
2018-03-29,68.141,69.198,62.966,65.914,65.914,53475.0,,adjusted
2018-03-30,65.983,68.706,65.043,68.068,68.068,62450.0,,adjusted
2018-04-02,69.234,74.945,68.72,72.128,72.128,88466.0,,adjusted
2018-04-03,71.056,73.534,68.753,72.448,72.448,56839.0,,adjusted
2018-04-04,72.149,72.685,69.015,69.179,69.179,44850.0,,adjusted
2018-04-09,69.183,69.919,65.958,67.514,67.514,37669.0,,adjusted
2018-04-10,67.037,67.412,63.563,66.023,66.023,47265.0,,adjusted
2018-04-11,65.943,68.141,65.211,66.111,66.111,25879.0,,adjusted
2018-04-12,65.59,66.876,61.982,62.31,62.31,44538.0,,adjusted
2018-04-13,63.046,65.736,62.193,64.471,64.471,42562.0,,adjusted
2018-04-16,63.403,66.501,62.128,64.752,64.752,50930.0,,adjusted
2018-04-17,66.683,68.939,60.991,61.279,61.279,79371.0,,adjusted
2018-04-18,62.31,67.773,61.184,67.773,67.773,89127.0,,adjusted
2018-04-19,68.87,71.679,67.594,68.097,68.097,85891.0,,adjusted
2018-04-20,67.412,72.842,67.324,71.191,71.191,89249.0,,adjusted
2018-04-23,71.06,71.238,66.395,66.942,66.942,65913.0,,adjusted
2018-04-24,65.954,69.048,63.768,68.924,68.924,51073.0,,adjusted
2018-04-25,67.612,68.505,64.453,65.429,65.429,57972.0,,adjusted
2018-04-26,65.109,66.785,62.091,62.394,62.394,59116.0,,adjusted
2018-04-27,64.015,64.015,57.937,59.974,59.974,68095.0,,adjusted
2018-05-02,59.832,62.073,58.848,59.934,59.934,43898.0,,adjusted
2018-05-03,57.208,57.937,53.596,57.612,57.612,73359.0,,adjusted
2018-05-04,56.843,60.652,56.362,59.46,59.46,49898.0,,adjusted
2018-05-07,59.103,60.608,58.257,59.434,59.434,31106.0,,adjusted
2018-05-08,59.759,61.279,58.305,59.391,59.391,30652.0,,adjusted
2018-05-09,58.738,60.841,58.684,59.292,59.292,29415.0,,adjusted
2018-05-10,59.012,59.387,56.526,57.175,57.175,34750.0,,adjusted
2018-05-11,57.117,57.499,55.236,56.504,56.504,29892.0,,adjusted
2018-05-14,55.386,57.317,54.73,55.28,55.28,29229.0,,adjusted
2018-05-15,55.349,56.242,53.749,56.074,56.074,40733.0,,adjusted
2018-05-16,55.75,60.222,55.459,58.042,58.042,56050.0,,adjusted
2018-05-17,58.334,59.566,57.226,58.502,58.502,27479.0,,adjusted
2018-05-18,58.483,59.012,56.297,57.412,57.412,22562.0,,adjusted
2018-05-21,57.103,63.506,57.103,63.506,63.506,69718.0,,adjusted
2018-05-22,62.312,63.583,61.455,62.241,62.241,52888.0,,adjusted
2018-05-23,62.103,63.624,61.695,61.935,61.935,53406.0,,adjusted
2018-05-24,61.823,62.307,59.246,59.364,59.364,45045.0,,adjusted
2018-05-25,59.353,60.522,57.787,58.047,58.047,40165.0,,adjusted
2018-05-28,57.879,58.721,55.573,55.675,55.675,41942.0,,adjusted
2018-05-29,56.18,56.864,53.889,54.246,54.246,46114.0,,adjusted
2018-05-30,53.216,55.894,51.874,52.466,52.466,55036.0,,adjusted
2018-05-31,52.966,53.532,49.864,51.823,51.823,53631.0,,adjusted
2018-06-01,51.542,52.608,49.124,49.644,49.644,57959.0,,adjusted
2018-06-04,50.511,51.756,49.45,50.537,50.537,54235.0,,adjusted
2018-06-05,50.879,53.889,50.165,53.471,53.471,58946.0,,adjusted
2018-06-06,53.119,53.94,52.45,53.175,53.175,46393.0,,adjusted
2018-06-07,53.787,53.889,51.302,51.761,51.761,34867.0,,adjusted
2018-06-08,51.083,51.644,49.307,49.909,49.909,48879.0,,adjusted
2018-06-11,49.491,49.527,47.511,47.644,47.644,48517.0,,adjusted
2018-06-12,47.639,48.277,45.904,47.511,47.511,59427.0,,adjusted
2018-06-13,47.767,50.909,47.256,49.466,49.466,70409.0,,adjusted
2018-06-14,48.899,50.552,48.124,49.511,49.511,46350.0,,adjusted
2018-06-15,49.42,50.409,48.022,49.996,49.996,42416.0,,adjusted
2018-06-19,49.307,52.466,45.246,48.119,48.119,72962.0,,adjusted
2018-06-20,47.256,49.042,45.726,47.644,47.644,53303.0,,adjusted
2018-06-21,46.864,47.501,42.619,42.695,42.695,65558.0,,adjusted
2018-06-22,41.986,44.348,41.394,43.389,43.389,48638.0,,adjusted
2018-06-25,43.986,44.348,42.537,42.853,42.853,35176.0,,adjusted
2018-06-26,41.909,47.491,41.746,46.307,46.307,84571.0,,adjusted
2018-06-27,46.746,49.006,46.746,48.027,48.027,87429.0,,adjusted
2018-06-28,48.011,49.297,46.746,46.848,46.848,50091.0,,adjusted
2018-06-29,47.511,51.884,47.159,51.858,51.858,87361.0,,adjusted
2018-07-02,51.542,52.358,50.017,51.353,51.353,68524.0,,adjusted
2018-07-03,51.185,55.93,50.256,54.226,54.226,95200.0,,adjusted
2018-07-04,53.7,54.644,51.491,52.241,52.241,74946.0,,adjusted
2018-07-05,51.435,52.042,48.761,48.812,48.812,82769.0,,adjusted
2018-07-06,48.568,52.052,48.568,49.236,49.236,87825.0,,adjusted
2018-07-09,49.297,50.568,48.812,49.853,49.853,59208.0,,adjusted
2018-07-10,49.491,50.369,47.767,48.945,48.945,62521.0,,adjusted
2018-07-11,47.511,49.129,46.598,47.996,47.996,61550.0,,adjusted
2018-07-12,48.328,53.124,48.277,52.18,52.18,108902.0,,adjusted
2018-07-13,51.624,56.695,51.338,55.772,55.772,113688.0,,adjusted
2018-07-16,55.981,57.614,54.726,56.205,56.205,70410.0,,adjusted
2018-07-17,56.761,58.731,55.619,57.501,57.501,79396.0,,adjusted
2018-07-18,58.787,60.261,56.098,56.17,56.17,74815.0,,adjusted
2018-07-19,55.624,56.864,54.67,55.685,55.685,52554.0,,adjusted
2018-07-20,56.134,58.409,54.716,57.226,57.226,61749.0,,adjusted
2018-07-23,58.17,62.389,57.716,61.92,61.92,90555.0,,adjusted
2018-07-24,60.522,61.644,59.501,60.976,60.976,70360.0,,adjusted
2018-07-25,60.318,62.547,60.318,60.94,60.94,47516.0,,adjusted
2018-07-26,60.272,60.573,54.654,56.532,56.532,87268.0,,adjusted
2018-07-27,56.185,57.511,55.42,56.853,56.853,34463.0,,adjusted
2018-07-30,56.818,56.976,53.761,54.425,54.425,46129.0,,adjusted
2018-07-31,54.782,55.522,54.144,55.134,55.134,30209.0,,adjusted
2018-08-01,55.695,60.011,55.695,57.042,57.042,85459.0,,adjusted
2018-08-02,57.205,58.93,54.848,57.971,57.971,68918.0,,adjusted
2018-08-03,55.435,56.542,51.899,51.945,51.945,78511.0,,adjusted
2018-08-06,50.573,51.659,48.991,49.904,49.904,44750.0,,adjusted
2018-08-07,50.093,51.251,47.517,51.119,51.119,58596.0,,adjusted
2018-08-08,50.522,51.032,46.736,47.216,47.216,48916.0,,adjusted
2018-08-09,46.858,51.649,46.578,50.976,50.976,72492.0,,adjusted
2018-08-10,50.93,53.889,50.593,53.21,53.21,61559.0,,adjusted
2018-08-13,52.44,55.307,51.94,54.981,54.981,61479.0,,adjusted
2018-08-14,54.312,54.756,51.006,52.083,52.083,64963.0,,adjusted
2018-08-15,51.654,52.578,49.552,50.011,50.011,53104.0,,adjusted
2018-08-16,48.522,51.027,47.772,48.976,48.976,48999.0,,adjusted
2018-08-17,50.011,50.496,48.088,48.935,48.935,36492.0,,adjusted
2018-08-20,48.471,50.042,47.318,50.042,50.042,41074.0,,adjusted
2018-08-21,49.802,51.175,48.685,50.522,50.522,44782.0,,adjusted
2018-08-22,50.001,50.981,48.833,49.333,49.333,36531.0,,adjusted
2018-08-23,49.042,51.797,48.853,51.45,51.45,63505.0,,adjusted
2018-08-24,50.981,54.491,50.981,53.685,53.685,78475.0,,adjusted
2018-08-27,52.614,56.18,52.614,54.654,54.654,76857.0,,adjusted
2018-08-28,54.756,55.782,54.292,55.042,55.042,35850.0,,adjusted
2018-08-29,54.756,55.42,54.272,55.139,55.139,33275.0,,adjusted
2018-08-30,55.165,55.404,52.665,52.869,52.869,47525.0,,adjusted
2018-08-31,52.93,53.496,52.261,52.267,52.267,31148.0,,adjusted
2018-09-03,52.052,52.777,49.501,52.614,52.614,44439.0,,adjusted
2018-09-04,52.649,54.384,51.619,53.685,53.685,50046.0,,adjusted
2018-09-05,53.18,53.818,51.379,51.389,51.389,42405.0,,adjusted
2018-09-06,50.976,52.659,50.216,51.445,51.445,37821.0,,adjusted
2018-09-07,51.21,52.43,47.506,48.828,48.828,68345.0,,adjusted
2018-09-10,48.358,48.358,43.899,44.532,44.532,89898.0,,adjusted
2018-09-11,44.95,45.216,42.858,43.828,43.828,62814.0,,adjusted
2018-09-12,43.823,44.955,43.175,44.093,44.093,40831.0,,adjusted
2018-09-13,44.858,45.037,40.103,42.364,42.364,80223.0,,adjusted
2018-09-14,42.869,42.971,40.879,41.292,41.292,45966.0,,adjusted
2018-09-17,40.915,41.323,39.756,39.833,39.833,42671.0,,adjusted
2018-09-18,39.588,41.037,39.552,40.981,40.981,43272.0,,adjusted
2018-09-19,40.818,43.864,40.083,42.593,42.593,74439.0,,adjusted
2018-09-20,42.404,42.92,41.7,41.879,41.879,36163.0,,adjusted
2018-09-21,42.149,42.195,39.603,41.746,41.746,69889.0,,adjusted
2018-09-25,41.139,43.006,40.812,42.154,42.154,48382.0,,adjusted
2018-09-26,41.925,43.685,41.685,42.853,42.853,48600.0,,adjusted
2018-09-27,42.721,43.318,41.466,41.644,41.644,39065.0,,adjusted
2018-09-28,41.782,42.062,40.624,41.761,41.761,37350.0,,adjusted
2018-10-08,39.858,39.858,37.236,37.236,37.236,50652.0,,adjusted
2018-10-09,35.833,36.67,33.425,34.476,34.476,91680.0,,adjusted
2018-10-10,34.272,36.108,33.736,34.874,34.874,57379.0,,adjusted
2018-10-11,32.205,33.889,31.073,31.695,31.695,72268.0,,adjusted
2018-10-12,31.767,33.532,30.736,33.047,33.047,66602.0,,adjusted
2018-10-15,32.818,34.399,32.787,33.261,33.261,47901.0,,adjusted
2018-10-16,33.2,34.195,31.348,31.848,31.848,47402.0,,adjusted
2018-10-17,33.226,33.481,31.445,32.96,32.96,60218.0,,adjusted
2018-10-18,32.955,32.971,31.256,31.818,31.818,37877.0,,adjusted
2018-10-19,30.807,32.869,29.904,32.511,32.511,78164.0,,adjusted
2018-10-22,32.869,35.869,32.639,35.287,35.287,78597.0,,adjusted
2018-10-23,34.858,34.981,32.501,32.915,32.915,63519.0,,adjusted
2018-10-24,33.098,33.425,31.389,31.665,31.665,60518.0,,adjusted
2018-11-01,32.716,32.971,28.864,30.915,30.915,117148.0,,adjusted
2018-11-02,32.047,34.246,31.588,33.828,33.828,113247.0,,adjusted
2018-11-05,33.297,33.996,32.042,32.853,32.853,85540.0,,adjusted
2018-11-06,32.399,32.562,30.088,31.318,31.318,93847.0,,adjusted
2018-11-07,31.185,32.46,30.95,31.506,31.506,80119.0,,adjusted
2018-11-08,32.103,32.154,30.46,30.608,30.608,59106.0,,adjusted
2018-11-09,30.119,31.098,29.95,30.221,30.221,45925.0,,adjusted
2018-11-12,30.221,31.389,30.19,31.236,31.236,53995.0,,adjusted
2018-11-13,30.675,31.415,30.471,31.124,31.124,69112.0,,adjusted
2018-11-14,31.675,34.588,31.44,34.241,34.241,172168.0,,adjusted
2018-11-15,34.246,35.272,33.736,34.583,34.583,120851.0,,adjusted
2018-11-16,35.011,37.506,34.756,36.726,36.726,124423.0,,adjusted
2018-11-19,35.384,39.231,35.267,37.333,37.333,109747.0,,adjusted
2018-11-20,36.966,37.078,35.455,35.69,35.69,98831.0,,adjusted
2018-11-21,34.297,35.772,34.297,35.756,35.756,64963.0,,adjusted
2018-11-22,36.353,36.685,34.578,34.777,34.777,73062.0,,adjusted
2018-11-23,35.017,35.573,33.562,33.644,33.644,74010.0,,adjusted
2018-11-26,33.736,34.379,33.011,33.267,33.267,42292.0,,adjusted
2018-11-27,33.812,34.476,33.42,34.226,34.226,52176.0,,adjusted
2018-11-28,34.226,35.42,33.991,34.991,34.991,58250.0,,adjusted
2018-11-29,35.685,36.455,34.185,34.195,34.195,73060.0,,adjusted
2018-11-30,33.736,35.353,33.425,34.93,34.93,54158.0,,adjusted
2018-12-03,36.542,37.659,35.889,37.032,37.032,90082.0,,adjusted
2018-12-04,36.797,37.435,36.568,36.716,36.716,45471.0,,adjusted
2018-12-05,35.608,36.532,35.323,35.996,35.996,43577.0,,adjusted
2018-12-06,35.562,35.562,34.593,34.858,34.858,54394.0,,adjusted
2018-12-07,35.267,36.062,35.165,35.527,35.527,39639.0,,adjusted
2018-12-10,35.307,35.915,35.103,35.619,35.619,26133.0,,adjusted
2018-12-11,35.619,36.119,35.588,35.843,35.843,24389.0,,adjusted
2018-12-12,36.17,36.282,33.226,33.236,33.236,77529.0,,adjusted
2018-12-13,33.486,33.94,33.139,33.644,33.644,49241.0,,adjusted
2018-12-14,33.685,33.955,32.297,32.471,32.471,51276.0,,adjusted
2018-12-17,32.624,32.838,30.92,31.823,31.823,47417.0,,adjusted
2018-12-18,31.552,32.297,31.022,31.44,31.44,32588.0,,adjusted
2018-12-19,31.537,31.792,30.833,31.022,31.022,27741.0,,adjusted
2018-12-20,31.185,31.44,30.828,31.241,31.241,26363.0,,adjusted
2018-12-21,31.159,31.216,29.894,30.659,30.659,37150.0,,adjusted
2018-12-24,30.42,31.134,30.2,30.986,30.986,25660.0,,adjusted
2018-12-25,30.491,30.665,29.256,30.573,30.573,41495.0,,adjusted
2018-12-26,30.573,31.022,29.603,29.654,29.654,45374.0,,adjusted
2018-12-27,30.374,30.471,28.124,28.277,28.277,57670.0,,adjusted
2018-12-28,28.277,28.644,27.369,28.287,28.287,47706.0,,adjusted
2019-01-02,28.374,28.42,26.945,27.001,27.001,42416.0,,adjusted
2019-01-03,26.996,27.603,26.603,26.695,26.695,37396.0,,adjusted
2019-01-04,26.149,27.792,25.853,27.476,27.476,48285.0,,adjusted
2019-01-07,27.716,29.042,27.562,28.583,28.583,56519.0,,adjusted
2019-01-08,28.384,28.389,27.588,27.716,27.716,37074.0,,adjusted
2019-01-09,27.869,29.098,27.619,28.185,28.185,57187.0,,adjusted
2019-01-10,28.19,28.379,27.659,27.675,27.675,32076.0,,adjusted
2019-01-11,27.716,28.011,27.614,27.731,27.731,24550.0,,adjusted
2019-01-14,27.731,27.996,26.185,26.328,26.328,48115.0,,adjusted
2019-01-15,26.323,27.195,26.108,27.154,27.154,40845.0,,adjusted
2019-01-16,27.205,28.374,27.205,27.511,27.511,49009.0,,adjusted
2019-01-17,27.634,27.925,27.042,27.226,27.226,32712.0,,adjusted
2019-01-18,27.409,27.899,27.037,27.777,27.777,41404.0,,adjusted
2019-01-21,28.175,30.904,27.777,30.904,30.904,132756.0,,adjusted
2019-01-22,30.879,30.879,29.736,30.165,30.165,74563.0,,adjusted
2019-01-23,29.986,30.037,29.062,29.654,29.654,52376.0,,adjusted
2019-01-24,29.364,32.649,29.364,31.287,31.287,107892.0,,adjusted
2019-01-25,31.216,32.92,31.001,32.062,32.062,98177.0,,adjusted
2019-01-28,32.716,33.675,31.991,32.154,32.154,78875.0,,adjusted
2019-01-29,31.323,32.251,30.614,31.797,31.797,63241.0,,adjusted
2019-01-30,31.685,31.991,30.573,30.736,30.736,42795.0,,adjusted
2019-01-31,30.767,32.154,30.767,31.027,31.027,47665.0,,adjusted
2019-02-01,31.425,32.869,31.251,32.746,32.746,51730.0,,adjusted
2019-02-11,32.736,35.062,32.588,34.869,34.869,63790.0,,adjusted
2019-02-12,34.705,34.909,34.017,34.318,34.318,55431.0,,adjusted
2019-02-13,34.517,36.639,34.517,34.935,34.935,82199.0,,adjusted
2019-02-14,34.894,36.226,34.185,35.828,35.828,57922.0,,adjusted
2019-02-15,35.348,36.032,34.583,34.603,34.603,52997.0,,adjusted
2019-02-18,35.318,36.644,34.491,36.593,36.593,79229.0,,adjusted
2019-02-19,37.052,37.705,35.792,36.486,36.486,70830.0,,adjusted
2019-02-20,36.287,36.435,34.848,35.522,35.522,60262.0,,adjusted
2019-02-21,35.343,37.251,35.343,35.833,35.833,75167.0,,adjusted
2019-02-22,35.496,37.93,34.848,37.925,37.925,113218.0,,adjusted
2019-02-25,40.705,42.068,40.114,42.068,42.068,117449.0,,adjusted
2019-02-26,42.083,46.619,42.083,43.996,43.996,121162.0,,adjusted
2019-02-27,43.787,45.256,42.665,43.736,43.736,74067.0,,adjusted
2019-02-28,43.032,44.899,43.011,43.43,43.43,49614.0,,adjusted
2019-03-01,44.195,44.578,42.338,43.537,43.537,50848.0,,adjusted
2019-03-04,45.573,48.226,45.267,45.833,45.833,96739.0,,adjusted
2019-03-05,45.981,50.767,45.369,50.767,50.767,96326.0,,adjusted
2019-03-06,52.614,52.614,49.328,51.057,51.057,87111.0,,adjusted
2019-03-07,49.603,50.318,47.869,49.807,49.807,103035.0,,adjusted
2019-03-08,48.532,55.139,46.746,50.522,50.522,135081.0,,adjusted
2019-03-11,51.353,54.593,50.052,51.649,51.649,107945.0,,adjusted
2019-03-12,53.119,56.44,52.042,54.654,54.654,96519.0,,adjusted
2019-03-13,53.675,55.114,48.838,49.807,49.807,105091.0,,adjusted
2019-03-14,48.022,48.787,45.068,47.767,47.767,99812.0,,adjusted
2019-03-15,47.869,49.552,46.18,46.491,46.491,70064.0,,adjusted
2019-03-18,47.384,48.522,45.894,48.425,48.425,52370.0,,adjusted
2019-03-19,48.42,52.103,47.915,49.853,49.853,73081.0,,adjusted
2019-03-20,48.547,50.394,47.052,48.216,48.216,50609.0,,adjusted
2019-03-21,48.2,49.654,47.578,48.629,48.629,55479.0,,adjusted
2019-03-22,51.083,51.083,48.838,49.552,49.552,68610.0,,adjusted
2019-03-25,47.614,50.552,47.027,48.991,48.991,55607.0,,adjusted
2019-03-26,49.195,50.318,47.261,47.511,47.511,50742.0,,adjusted
2019-03-27,48.374,48.506,45.119,46.542,46.542,56529.0,,adjusted
2019-03-28,46.517,48.92,46.098,46.644,46.644,59404.0,,adjusted
2019-03-29,46.756,48.527,44.864,48.323,48.323,78028.0,,adjusted
2019-04-01,48.838,50.726,48.802,49.654,49.654,79125.0,,adjusted
2019-04-02,50.139,52.986,49.272,51.7,51.7,89214.0,,adjusted
2019-04-04,55.165,57.221,53.124,57.221,57.221,132340.0,,adjusted
2019-04-08,56.695,56.894,52.261,53.772,53.772,87310.0,,adjusted
2019-04-09,53.19,55.052,52.205,52.792,52.792,45950.0,,adjusted
2019-04-10,52.364,52.532,50.369,51.491,51.491,45504.0,,adjusted
2019-04-11,51.644,52.159,48.838,49.527,49.527,44912.0,,adjusted
2019-04-12,49.404,50.001,47.802,48.532,48.532,37290.0,,adjusted
2019-04-15,50.062,50.455,47.006,47.175,47.175,40076.0,,adjusted
2019-04-16,47.256,49.552,45.624,49.195,49.195,66524.0,,adjusted
2019-04-17,48.945,50.323,48.374,48.644,48.644,41981.0,,adjusted
2019-04-18,48.44,48.44,46.134,47.292,47.292,46975.0,,adjusted
2019-04-19,47.287,47.767,46.277,47.052,47.052,29387.0,,adjusted
2019-04-22,47.261,49.195,46.792,47.568,47.568,53848.0,,adjusted
2019-04-23,47.511,49.17,47.119,47.665,47.665,40941.0,,adjusted
2019-04-24,47.767,50.088,47.665,50.078,50.078,51358.0,,adjusted
2019-04-25,49.425,50.557,47.068,47.343,47.343,40528.0,,adjusted
2019-04-26,47.343,48.134,45.726,45.828,45.828,39037.0,,adjusted
2019-04-29,45.899,46.302,40.894,40.95,40.95,78070.0,,adjusted
2019-04-30,37.307,39.608,36.797,38.828,38.828,83282.0,,adjusted
2019-05-06,37.052,37.445,34.593,34.593,34.593,54644.0,,adjusted
2019-05-07,34.073,35.542,34.073,34.93,34.93,52842.0,,adjusted
2019-05-08,34.185,38.404,33.68,36.746,36.746,68694.0,,adjusted
2019-05-09,37.981,38.277,36.69,37.129,37.129,49386.0,,adjusted
2019-05-10,37.716,40.241,35.639,39.991,39.991,74406.0,,adjusted
2019-05-13,39.093,39.96,37.945,38.532,38.532,44112.0,,adjusted
2019-05-14,37.853,38.971,37.241,37.241,37.241,41434.0,,adjusted
2019-05-15,38.19,38.282,37.374,37.92,37.92,32122.0,,adjusted
2019-05-16,38.073,38.226,36.7,37.2,37.2,36254.0,,adjusted
2019-05-17,38.348,39.603,36.277,36.45,36.45,73210.0,,adjusted
2019-05-20,37.818,38.608,37.057,38.062,38.062,68980.0,,adjusted
2019-05-21,38.323,38.511,36.287,37.751,37.751,53886.0,,adjusted
2019-05-22,37.675,40.971,37.312,40.955,40.955,112579.0,,adjusted
2019-05-23,41.328,41.818,39.098,39.782,39.782,86978.0,,adjusted
2019-05-24,39.037,39.782,37.818,38.083,38.083,52468.0,,adjusted
2019-05-27,38.267,40.552,37.818,39.879,39.879,71559.0,,adjusted
2019-05-28,40.267,40.603,39.068,39.256,39.256,54738.0,,adjusted
2019-05-29,38.838,40.573,38.665,39.547,39.547,44585.0,,adjusted
2019-05-30,37.307,37.588,35.267,36.741,36.741,89771.0,,adjusted
2019-05-31,36.741,37.348,35.578,35.782,35.782,51206.0,,adjusted
2019-06-03,36.366,36.687,34.902,34.953,34.953,46169.0,,adjusted
2019-06-04,35.157,35.545,34.239,35.147,35.147,26746.0,,adjusted
2019-06-05,35.621,35.682,34.545,34.994,34.994,26892.0,,adjusted
2019-06-06,35.101,35.101,34.417,34.596,34.596,23059.0,,adjusted
2019-06-10,34.698,35.616,34.596,35.427,35.427,30128.0,,adjusted
2019-06-11,35.448,36.626,34.545,36.585,36.585,59107.0,,adjusted
2019-06-12,36.269,36.866,36.106,36.397,36.397,36229.0,,adjusted
2019-06-13,36.376,36.575,36.07,36.361,36.361,28070.0,,adjusted
2019-06-14,36.514,38.213,36.514,36.948,36.948,63917.0,,adjusted
2019-06-17,36.029,37.254,35.82,35.983,35.983,27528.0,,adjusted
2019-06-18,36.152,36.152,35.463,35.55,35.55,16782.0,,adjusted
2019-06-19,36.943,38.162,36.897,37.739,37.739,62712.0,,adjusted
2019-06-20,37.652,40.208,37.504,39.443,39.443,61515.0,,adjusted
2019-06-21,39.718,41.279,39.677,40.744,40.744,64415.0,,adjusted
2019-06-24,40.091,40.922,39.091,39.79,39.79,47627.0,,adjusted
2019-06-25,39.494,39.575,37.56,38.04,38.04,52325.0,,adjusted
2019-06-26,37.968,40.912,37.943,40.478,40.478,74379.0,,adjusted
2019-06-27,40.463,42.453,40.335,40.703,40.703,68847.0,,adjusted
2019-06-28,41.274,41.279,40.034,40.871,40.871,30400.0,,adjusted
2019-07-01,42.606,43.652,42.3,43.228,43.228,62926.0,,adjusted
2019-07-02,43.065,44.29,42.555,43.014,43.014,48204.0,,adjusted
2019-07-03,42.861,44.024,42.096,43.667,43.667,42923.0,,adjusted
2019-07-04,43.795,45.453,43.065,44.315,44.315,49496.0,,adjusted
2019-07-05,44.473,44.749,42.963,44.162,44.162,34994.0,,adjusted
2019-07-08,43.703,43.703,41.305,41.381,41.381,48700.0,,adjusted
2019-07-09,42.366,42.749,41.432,41.784,41.784,30701.0,,adjusted
2019-07-10,42.519,44.892,42.437,44.075,44.075,59051.0,,adjusted
2019-07-11,45.106,45.392,43.458,44.085,44.085,53207.0,,adjusted
2019-07-12,44.478,44.499,43.473,43.483,43.483,26535.0,,adjusted
2019-07-15,43.32,47.494,41.718,46.943,46.943,80186.0,,adjusted
2019-07-16,46.647,49.953,46.432,48.565,48.565,67729.0,,adjusted
2019-07-17,48.412,49.8,47.453,47.902,47.902,62760.0,,adjusted
2019-07-18,47.657,48.04,45.565,46.05,46.05,50892.0,,adjusted
2019-07-19,46.682,47.58,46.029,46.601,46.601,39394.0,,adjusted
2019-07-22,47.3,47.657,43.835,45.499,45.499,45412.0,,adjusted
2019-07-23,46.024,48.136,45.208,48.116,48.116,48213.0,,adjusted
2019-07-24,47.718,49.366,47.045,47.795,47.795,53849.0,,adjusted
2019-07-25,47.555,49.213,47.555,49.162,49.162,51952.0,,adjusted
2019-07-26,48.677,49.805,48.182,48.728,48.728,44235.0,,adjusted
2019-07-29,48.687,49.698,47.994,48.473,48.473,27193.0,,adjusted
2019-07-30,48.524,48.907,46.381,46.667,46.667,54673.0,,adjusted
2019-07-31,46.835,47.014,46.07,46.534,46.534,28599.0,,adjusted
2019-08-01,46.157,46.157,43.3,43.728,43.728,77226.0,,adjusted
2019-08-02,41.606,44.943,41.575,44.136,44.136,56105.0,,adjusted
2019-08-05,43.968,44.509,42.31,42.626,42.626,42998.0,,adjusted
2019-08-06,41.54,42.249,39.897,41.468,41.468,61203.0,,adjusted
2019-08-07,41.677,42.136,40.534,41.244,41.244,41397.0,,adjusted
2019-08-08,41.54,42.126,40.82,41.881,41.881,32221.0,,adjusted
2019-08-09,42.555,42.861,40.055,40.616,40.616,44732.0,,adjusted
2019-08-12,40.723,41.305,39.841,41.024,41.024,60583.0,,adjusted
2019-08-13,40.392,41.79,39.045,41.126,41.126,57188.0,,adjusted
2019-08-14,41.989,45.437,41.989,43.478,43.478,96944.0,,adjusted
2019-08-15,39.682,43.407,39.682,42.856,42.856,94678.0,,adjusted
2019-08-16,43.05,46.131,42.851,45.784,45.784,90298.0,,adjusted
2019-08-19,47.759,49.443,46.667,48.284,48.284,101540.0,,adjusted
2019-08-20,49.187,50.126,48.677,49.096,49.096,69822.0,,adjusted
2019-08-21,48.856,54.203,48.83,53.162,53.162,97665.0,,adjusted
2019-08-22,53.08,56.33,52.147,54.034,54.034,89898.0,,adjusted
2019-08-23,54.295,55.983,52.759,55.208,55.208,65131.0,,adjusted
2019-08-26,54.034,55.881,53.682,54.723,54.723,54352.0,,adjusted
2019-08-27,56.432,60.534,55.922,58.626,58.626,103073.0,,adjusted
2019-08-28,59.749,60.356,57.8,57.861,57.861,114217.0,,adjusted
2019-08-29,58.677,60.534,55.647,59.437,59.437,83329.0,,adjusted
2019-08-30,60.412,65.718,60.361,63.754,63.754,142967.0,,adjusted
2019-09-02,63.085,67.045,60.672,66.677,66.677,99636.0,,adjusted
2019-09-03,66.677,73.422,66.014,70.08,70.08,95671.0,,adjusted
2019-09-04,70.142,71.034,67.402,70.499,70.499,72233.0,,adjusted
2019-09-05,71.279,72.784,68.897,69.034,69.034,78153.0,,adjusted
2019-09-06,68.902,72.606,68.065,68.575,68.575,83938.0,,adjusted
2019-09-09,72.085,75.769,70.902,75.769,75.769,130793.0,,adjusted
2019-09-10,77.249,78.065,73.167,75.203,75.203,99820.0,,adjusted
2019-09-11,74.636,77.468,72.152,73.534,73.534,71515.0,,adjusted
2019-09-12,74.029,75.417,71.943,73.779,73.779,50516.0,,adjusted
2019-09-16,73.677,74.392,72.453,73.147,73.147,54597.0,,adjusted
2019-09-17,73.575,73.718,69.085,70.116,70.116,106401.0,,adjusted
2019-09-18,71.121,73.575,69.953,71.841,71.841,91378.0,,adjusted
2019-09-19,71.432,73.422,70.912,73.32,73.32,78972.0,,adjusted
2019-09-20,73.759,80.988,73.759,80.259,80.259,159758.0,,adjusted
2019-09-23,81.841,88.621,79.693,88.621,88.621,135786.0,,adjusted
2019-09-24,86.432,89.427,84.8,84.841,84.841,127784.0,,adjusted
2019-09-25,83.881,85.402,76.361,77.443,77.443,165771.0,,adjusted
2019-09-26,78.779,78.943,71.126,72.407,72.407,134061.0,,adjusted
2019-09-27,72.978,74.524,71.534,72.157,72.157,100028.0,,adjusted
2019-09-30,72.07,72.657,68.83,70.81,70.81,82556.0,,adjusted
2019-10-08,71.233,72.08,66.014,68.244,68.244,89807.0,,adjusted
2019-10-09,67.948,69.902,66.698,69.422,69.422,69953.0,,adjusted
2019-10-10,69.397,72.045,69.085,71.386,71.386,80635.0,,adjusted
2019-10-11,71.636,72.366,67.647,68.677,68.677,73876.0,,adjusted
2019-10-14,69.642,72.402,69.519,71.534,71.534,83026.0,,adjusted
2019-10-15,70.841,71.228,66.616,67.3,67.3,91539.0,,adjusted
2019-10-16,67.698,68.8,66.075,66.687,66.687,60712.0,,adjusted
2019-10-17,67.187,67.606,65.739,66.902,66.902,38642.0,,adjusted
2019-10-18,66.81,67.81,62.698,63.983,63.983,93284.0,,adjusted
2019-10-21,64.187,66.361,62.744,65.764,65.764,73338.0,,adjusted
2019-10-22,66.58,70.616,65.514,68.805,68.805,104468.0,,adjusted
2019-10-23,69.085,70.335,67.611,68.575,68.575,53792.0,,adjusted
2019-10-24,67.851,68.366,65.06,66.325,66.325,55186.0,,adjusted
2019-10-25,67.085,69.851,66.269,69.187,69.187,51893.0,,adjusted
2019-10-28,70.698,73.101,69.494,72.79,72.79,77321.0,,adjusted
2019-10-29,73.172,73.611,69.943,70.361,70.361,63955.0,,adjusted
2019-10-30,73.269,77.733,73.269,77.555,77.555,158577.0,,adjusted
2019-10-31,77.504,78.764,74.698,75.172,75.172,94665.0,,adjusted
2019-11-01,75.208,79.402,73.79,78.187,78.187,75121.0,,adjusted
2019-11-04,78.167,82.504,77.249,80.881,80.881,86029.0,,adjusted
2019-11-05,80.897,88.116,80.055,85.31,85.31,96238.0,,adjusted
2019-11-06,85.31,87.759,81.703,83.126,83.126,84514.0,,adjusted
2019-11-07,83.116,83.121,79.953,82.045,82.045,70723.0,,adjusted
2019-11-08,82.81,83.779,79.917,81.835,81.835,74960.0,,adjusted
2019-11-11,80.82,83.606,79.698,81.805,81.805,68726.0,,adjusted
2019-11-12,80.83,82.096,76.009,80.106,80.106,73441.0,,adjusted
2019-11-13,80.3,86.943,78.779,86.305,86.305,97440.0,,adjusted
2019-11-14,85.386,88.922,84.259,88.922,88.922,90074.0,,adjusted
2019-11-15,88.636,90.759,84.136,84.341,84.341,85151.0,,adjusted
2019-11-18,84.448,85.871,82.096,84.698,84.698,66703.0,,adjusted
2019-11-19,83.417,88.611,83.05,87.912,87.912,59972.0,,adjusted
2019-11-20,86.968,88.575,82.968,83.565,83.565,65961.0,,adjusted
2019-11-21,82.3,84.851,81.846,83.014,83.014,47861.0,,adjusted
2019-11-22,83.626,87.448,78.014,79.238,79.238,124759.0,,adjusted
2019-11-25,78.779,79.846,76.677,76.999,76.999,76339.0,,adjusted
2019-11-26,77.718,79.902,77.718,79.733,79.733,72999.0,,adjusted
2019-11-27,79.034,83.881,77.504,81.458,81.458,91921.0,,adjusted
2019-11-28,81.3,83.83,80.259,81.733,81.733,53512.0,,adjusted
2019-11-29,81.315,82.693,78.029,81.024,81.024,69550.0,,adjusted
2019-12-02,80.565,84.341,80.238,84.187,84.187,67907.0,,adjusted
2019-12-03,82.866,88.881,82.422,88.244,88.244,93388.0,,adjusted
2019-12-04,87.096,90.856,86.055,89.341,89.341,81001.0,,adjusted
2019-12-05,88.606,96.922,88.147,92.81,92.81,97082.0,,adjusted
2019-12-06,92.555,96.631,91.534,95.642,95.642,70313.0,,adjusted
2019-12-09,96.101,98.667,94.019,97.07,97.07,80401.0,,adjusted
2019-12-10,96.05,100.055,94.085,98.223,98.223,70737.0,,adjusted
2019-12-11,97.147,100.004,95.341,98.677,98.677,60824.0,,adjusted
2019-12-12,99.412,105.305,98.468,103.779,103.779,75760.0,,adjusted
2019-12-13,103.779,103.779,97.912,100.376,100.376,86370.0,,adjusted
2019-12-16,99.698,102.963,97.029,101.223,101.223,82742.0,,adjusted
2019-12-17,100.815,101.958,99.187,100.488,100.488,52146.0,,adjusted
2019-12-18,99.963,104.075,99.698,101.723,101.723,61679.0,,adjusted
2019-12-19,99.652,99.698,94.708,96.621,96.621,86043.0,,adjusted
2019-12-20,97.606,98.616,95.616,96.279,96.279,48446.0,,adjusted
2019-12-23,90.509,92.126,87.963,89.647,89.647,113482.0,,adjusted
2019-12-24,91.657,98.575,89.907,96.32,96.32,85863.0,,adjusted
2019-12-25,98.167,106.29,97.616,106.29,106.29,82945.0,,adjusted
2019-12-26,106.892,108.187,101.32,103.948,103.948,73775.0,,adjusted
2019-12-27,103.779,104.8,98.371,98.677,98.677,73890.0,,adjusted
2019-12-30,98.677,103.32,95.616,102.443,102.443,64937.0,,adjusted
2019-12-31,102.575,103.856,99.218,101.172,101.172,52478.0,,adjusted
2020-01-02,102.254,111.361,101.79,108.642,108.642,99546.0,,adjusted
2020-01-03,110.922,111.126,106.157,109.085,109.085,70564.0,,adjusted
2020-01-06,106.585,113.881,106.585,111.943,111.943,64696.0,,adjusted
2020-01-07,110.412,112.392,103.269,105.198,105.198,92438.0,,adjusted
2020-01-08,105.019,107.351,103.978,105.565,105.565,50610.0,,adjusted
2020-01-09,106.534,112.907,104.631,111.841,111.841,80106.0,,adjusted
2020-01-10,110.412,123.361,110.412,121.636,121.636,86485.0,,adjusted
2020-01-13,121.652,131.779,118.677,130.208,130.208,91996.0,,adjusted
2020-01-14,127.351,129.861,123.973,126.223,126.223,70576.0,,adjusted
2020-01-15,124.244,129.687,123.31,127.341,127.341,58919.0,,adjusted
2020-01-16,126.999,130.422,124.187,125.31,125.31,46248.0,,adjusted
2020-01-17,126.56,127.585,123.703,125.723,125.723,44686.0,,adjusted
2020-01-20,126.417,137.545,126.417,137.453,137.453,70613.0,,adjusted
2020-01-21,130.055,138.356,128.779,135.116,135.116,95119.0,,adjusted
2020-01-22,133.54,145.636,130.825,144.392,144.392,69817.0,,adjusted
2020-01-23,139.494,152.249,130.591,141.024,141.024,103076.0,,adjusted
2020-02-03,126.585,128.269,126.585,126.585,126.585,46339.0,,adjusted
2020-02-04,126.636,139.07,126.585,138.932,138.932,89219.0,,adjusted
2020-02-05,139.58,146.381,137.361,140.254,140.254,90439.0,,adjusted
2020-02-06,135.54,141.575,135.412,141.085,141.085,72071.0,,adjusted
2020-02-07,139.912,149.065,138.121,146.881,146.881,77177.0,,adjusted
2020-02-10,147.555,147.611,136.943,140.31,140.31,80423.0,,adjusted
2020-02-11,138.728,144.238,138.728,140.973,140.973,50619.0,,adjusted
2020-02-12,138.08,147.417,137.963,145.443,145.443,60128.0,,adjusted
2020-02-13,147.953,160.325,147.657,158.861,158.861,115730.0,,adjusted
2020-02-14,156.33,162.453,150.504,155.519,155.519,79159.0,,adjusted
2020-02-17,154.29,161.33,154.29,158.881,158.881,50583.0,,adjusted
2020-02-18,159.33,163.805,157.611,163.509,163.509,54888.0,,adjusted
2020-02-19,162.458,178.494,160.468,170.682,170.682,75331.0,,adjusted
2020-02-20,170.616,188.085,169.596,188.085,188.085,75903.0,,adjusted
2020-02-21,187.142,199.636,185.412,197.902,197.902,82190.0,,adjusted
2020-02-24,199.953,204.667,191.193,201.738,201.738,85437.0,,adjusted
2020-02-25,196.636,215.096,195.616,214.065,214.065,112515.0,,adjusted
2020-02-26,210.922,215.004,192.32,193.065,193.065,104843.0,,adjusted
2020-02-27,198.167,199.698,174.187,177.8,177.8,151736.0,,adjusted
2020-02-28,172.356,192.912,163.728,181.861,181.861,160302.0,,adjusted
2020-03-02,186.943,190.514,170.616,176.402,176.402,135933.0,,adjusted
2020-03-03,178.269,187.861,172.657,175.361,175.361,124638.0,,adjusted
2020-03-04,170.106,172.162,157.488,160.815,160.815,176428.0,,adjusted
2020-03-05,161.943,165.004,153.677,162.912,162.912,151035.0,,adjusted
2020-03-06,158.386,163.983,157.3,160.861,160.861,78770.0,,adjusted
2020-03-09,157.096,157.351,145.728,147.616,147.616,116047.0,,adjusted
2020-03-10,151.274,157.351,148.167,157.152,157.152,130723.0,,adjusted
2020-03-11,156.065,156.636,145.876,146.341,146.341,117211.0,,adjusted
2020-03-12,143.703,151.677,142.932,149.8,149.8,108861.0,,adjusted
2020-03-13,142.142,158.983,142.045,155.116,155.116,141104.0,,adjusted
2020-03-16,153.218,153.218,139.269,139.269,139.269,129268.0,,adjusted
2020-03-17,143.575,144.596,132.351,141.08,141.08,89108.0,,adjusted
2020-03-18,142.096,145.31,134.254,136.218,136.218,99169.0,,adjusted
2020-03-19,136.943,138.978,130.096,137.448,137.448,96881.0,,adjusted
2020-03-20,139.82,140.514,126.228,136.33,136.33,106533.0,,adjusted
2020-03-23,129.8,130.31,122.361,122.361,122.361,112128.0,,adjusted
2020-03-24,125.718,126.111,114.657,121.182,121.182,120727.0,,adjusted
2020-03-25,125.718,129.213,122.157,124.851,124.851,113210.0,,adjusted
2020-03-26,122.994,128.055,121.79,122.3,122.3,83451.0,,adjusted
2020-03-27,125.463,128.371,123.167,124.223,124.223,99770.0,,adjusted
2020-03-30,121.131,128.065,117.483,125.509,125.509,115572.0,,adjusted
2020-03-31,127.249,127.657,120.111,120.111,120.111,101188.0,,adjusted
2020-04-01,117.555,125.259,117.045,120.254,120.254,95974.0,,adjusted
2020-04-02,120.386,132.616,120.32,132.616,132.616,156493.0,,adjusted
2020-04-03,130.652,132.351,127.249,128.157,128.157,109759.0,,adjusted
2020-04-07,134.392,135.412,130.458,131.585,131.585,99634.0,,adjusted
2020-04-08,131.075,135.376,129.856,133.703,133.703,79146.0,,adjusted
2020-04-09,135.412,136.254,128.983,130.386,130.386,68036.0,,adjusted
2020-04-10,130.31,130.31,121.636,122.621,122.621,77963.0,,adjusted
2020-04-13,120.591,122.953,115.004,117.147,117.147,66636.0,,adjusted
2020-04-14,119.05,122.657,117.381,121.8,121.8,72537.0,,adjusted
2020-04-15,122.565,132.004,120.672,126.805,126.805,106023.0,,adjusted
2020-04-16,125.8,129.8,123.193,128.295,128.295,66832.0,,adjusted
2020-04-17,131.866,138.983,131.866,133.881,133.881,142837.0,,adjusted
2020-04-20,133.881,135.647,128.575,132.912,132.912,86995.0,,adjusted
2020-04-21,130.279,131.075,123.779,127.769,127.769,87956.0,,adjusted
2020-04-22,124.703,127.392,124.187,127.244,127.244,57125.0,,adjusted
2020-04-23,127.657,128.677,124.943,125.055,125.055,54741.0,,adjusted
2020-04-24,124.698,126.994,121.555,122.193,122.193,48061.0,,adjusted
2020-04-27,122.167,123.116,117.861,122.147,122.147,50751.0,,adjusted
2020-04-28,122.866,129.177,119.851,128.932,128.932,99719.0,,adjusted
2020-04-29,130.8,130.805,124.698,125.494,125.494,71373.0,,adjusted
2020-04-30,129.29,138.381,128.014,138.381,138.381,123861.0,,adjusted
2020-05-06,142.04,152.555,139.55,152.555,152.555,122624.0,,adjusted
2020-05-07,158.78,162.38,153.973,158.259,158.259,179316.0,,adjusted
2020-05-08,157.552,160.102,152.552,154.695,154.695,186036.0,,adjusted
2020-05-11,156.116,158.738,152.823,154.245,154.245,131250.0,,adjusted
2020-05-12,154.688,154.688,146.366,152.466,152.466,154692.0,,adjusted
2020-05-13,149.838,154.33,149.188,153.259,153.259,109536.0,,adjusted
2020-05-14,152.188,153.973,150.066,150.209,150.209,109815.0,,adjusted
2020-05-15,151.259,165.545,150.259,161.116,161.116,245054.0,,adjusted
2020-05-18,162.495,167.53,150.402,151.116,151.116,265334.0,,adjusted
2020-05-19,152.616,155.402,148.466,155.345,155.345,200465.0,,adjusted
2020-05-20,153.116,157.53,150.366,151.588,151.588,142988.0,,adjusted
2020-05-21,152.545,158.116,149.602,150.402,150.402,153637.0,,adjusted
2020-05-22,148.973,151.838,141.116,143.259,143.259,152773.0,,adjusted
2020-05-25,140.859,144.323,136.459,138.973,138.973,114777.0,,adjusted
2020-05-26,139.902,144.523,139.902,141.795,141.795,96041.0,,adjusted
2020-05-27,140.973,141.616,135.33,136.116,136.116,101148.0,,adjusted
2020-05-28,136.116,138.895,133.366,137.18,137.18,92845.0,,adjusted
2020-05-29,135.402,137.18,133.452,134.966,134.966,78409.0,,adjusted
2020-06-01,137.552,146.438,136.83,144.188,144.188,145853.0,,adjusted
2020-06-02,144.759,145.952,142.673,145.116,145.116,86643.0,,adjusted
2020-06-03,145.116,150.045,141.852,145.116,145.116,119598.0,,adjusted
2020-06-04,145.402,146.83,143.259,143.73,143.73,58687.0,,adjusted
2020-06-05,152.545,158.423,151.116,158.423,158.423,238050.0,,adjusted
2020-06-08,158.423,160.616,155.873,156.48,156.48,161631.0,,adjusted
2020-06-09,157.545,161.052,155.48,158.959,158.959,110619.0,,adjusted
2020-06-10,158.08,166.745,157.138,164.18,164.18,134733.0,,adjusted
2020-06-11,164.666,165.759,157.916,159.616,159.616,140744.0,,adjusted
2020-06-12,154.68,163.538,153.473,161.138,161.138,149659.0,,adjusted
2020-06-15,153.973,155.373,150.409,150.552,150.552,167338.0,,adjusted
2020-06-16,152.752,153.616,149.773,152.202,152.202,91516.0,,adjusted
2020-06-17,151.83,152.259,148.58,150.545,150.545,71146.0,,adjusted
2020-06-18,149.902,156.116,149.33,154.909,154.909,117697.0,,adjusted
2020-06-19,155.473,162.616,153.28,158.473,158.473,121292.0,,adjusted
2020-06-22,160.973,169.402,160.83,165.723,165.723,159858.0,,adjusted
2020-06-23,166.116,167.966,161.688,166.316,166.316,122137.0,,adjusted
2020-06-24,166.838,173.259,165.402,171.166,171.166,135192.0,,adjusted
2020-06-29,168.902,170.045,161.259,163.816,163.816,146673.0,,adjusted
2020-06-30,164.609,167.288,163.616,165.338,165.338,114263.0,,adjusted
2020-07-01,165.045,171.416,161.973,166.202,166.202,128602.0,,adjusted
2020-07-02,166.116,169.602,163.116,167.08,167.08,120309.0,,adjusted
2020-07-03,167.045,167.459,161.352,164.266,164.266,141349.0,,adjusted
2020-07-06,164.259,181.009,164.223,181.009,181.009,218392.0,,adjusted
2020-07-07,186.902,198.259,186.902,186.916,186.916,220617.0,,adjusted
2020-07-08,186.83,189.688,181.038,188.616,188.616,179081.0,,adjusted
2020-07-09,187.545,198.138,186.116,194.623,194.623,179889.0,,adjusted
2020-07-10,191.209,197.545,189.688,192.402,192.402,143922.0,,adjusted
2020-07-13,191.13,194.866,185.323,192.545,192.545,183720.0,,adjusted
2020-07-14,192.18,207.545,191.759,203.188,203.188,237714.0,,adjusted
2020-07-15,202.473,203.116,187.409,189.688,189.688,218213.0,,adjusted
2020-07-16,187.545,189.68,170.402,170.402,170.402,202151.0,,adjusted
2020-07-17,168.18,171.866,161.123,163.188,163.188,162812.0,,adjusted
2020-07-20,166.116,168.438,157.33,168.395,168.395,127488.0,,adjusted
2020-07-21,166.83,170.33,165.195,169.188,169.188,104935.0,,adjusted
2020-07-22,168.988,174.902,166.902,170.066,170.066,99364.0,,adjusted
2020-07-23,167.316,169.688,162.595,168.18,168.18,100887.0,,adjusted
2020-07-24,166.345,171.688,157.566,157.966,157.966,118969.0,,adjusted
2020-07-27,159.573,162.895,153.973,157.316,157.316,98603.0,,adjusted
2020-07-28,159.688,160.395,157.159,157.552,157.552,68487.0,,adjusted
2020-07-29,159.473,164.273,157.845,163.945,163.945,104480.0,,adjusted
2020-07-30,166.83,167.516,160.045,160.873,160.873,86595.0,,adjusted
2020-07-31,159.688,164.945,158.888,162.188,162.188,107232.0,,adjusted
2020-08-03,164.052,164.673,158.266,162.938,162.938,156370.0,,adjusted
2020-08-04,163.259,167.059,161.18,163.902,163.902,126155.0,,adjusted
2020-08-05,173.252,173.259,165.616,165.616,165.616,138382.0,,adjusted
2020-08-06,163.616,164.688,160.409,161.223,161.223,97028.0,,adjusted
2020-08-07,160.373,161.83,151.03,154.609,154.609,112597.0,,adjusted
2020-08-10,152.545,154.259,148.973,152.573,152.573,96576.0,,adjusted
2020-08-11,154.688,157.545,150.402,150.873,150.873,72021.0,,adjusted
2020-08-12,150.83,151.83,143.68,147.902,147.902,103674.0,,adjusted
2020-08-13,149.423,149.83,146.116,147.28,147.28,51631.0,,adjusted
2020-08-14,147.273,148.745,145.73,148.33,148.33,45765.0,,adjusted
2020-08-17,148.759,150.402,146.83,150.395,150.395,78564.0,,adjusted
2020-08-18,150.402,151.373,147.188,149.673,149.673,73699.0,,adjusted
2020-08-19,148.802,148.83,144.338,144.58,144.58,61263.0,,adjusted
2020-08-20,143.13,146.016,141.83,143.902,143.902,49060.0,,adjusted
2020-08-21,145.802,146.745,141.473,143.83,143.83,65583.0,,adjusted
2020-08-24,143.395,144.745,138.83,143.895,143.895,70733.0,,adjusted
2020-08-25,144.688,145.902,142.03,143.83,143.83,59307.0,,adjusted
2020-08-26,141.116,141.116,133.416,133.452,133.452,147808.0,,adjusted
2020-08-27,132.473,136.188,129.723,134.609,134.609,93024.0,,adjusted
2020-08-28,134.616,137.902,132.866,137.488,137.488,74614.0,,adjusted
2020-08-31,138.973,145.238,138.973,139.352,139.352,104613.0,,adjusted
2020-09-01,139.723,140.402,136.988,139.566,139.566,48551.0,,adjusted
2020-09-02,139.652,139.802,137.216,137.488,137.488,45452.0,,adjusted
2020-09-03,137.252,141.688,134.845,141.452,141.452,82509.0,,adjusted
2020-09-04,138.973,144.395,138.509,142.588,142.588,99367.0,,adjusted
2020-09-07,138.252,138.252,128.095,129.338,129.338,164871.0,,adjusted
2020-09-08,128.573,130.338,126.902,129.53,129.53,57692.0,,adjusted
2020-09-09,127.83,127.895,122.223,122.545,122.545,90396.0,,adjusted
2020-09-10,124.595,126.123,120.945,121.473,121.473,61653.0,,adjusted
2020-09-11,122.538,125.109,121.402,124.616,124.616,59666.0,,adjusted
2020-09-14,125.759,126.973,123.116,123.995,123.995,56010.0,,adjusted
2020-09-15,123.173,128.688,121.402,125.759,125.759,81268.0,,adjusted
2020-09-16,125.316,127.359,124.045,124.53,124.53,51786.0,,adjusted
2020-09-17,124.33,127.688,121.83,125.938,125.938,77929.0,,adjusted
2020-09-18,125.445,127.78,124.538,127.402,127.402,62130.0,,adjusted
2020-09-21,128.259,128.888,124.773,124.916,124.916,54391.0,,adjusted
2020-09-22,123.052,125.973,122.702,123.259,123.259,40281.0,,adjusted
2020-09-23,123.973,127.545,123.888,127.33,127.33,79873.0,,adjusted
2020-09-24,125.759,127.188,124.988,125.688,125.688,48159.0,,adjusted
2020-09-25,127.18,127.188,123.609,124.33,124.33,40151.0,,adjusted
2020-09-28,123.259,123.616,120.759,121.116,121.116,53723.0,,adjusted
2020-09-29,121.795,123.388,121.045,121.295,121.295,44110.0,,adjusted
2020-09-30,121.83,122.188,120.438,120.48,120.48,35911.0,,adjusted
2020-10-09,122.545,125.395,122.045,125.273,125.273,65512.0,,adjusted
2020-10-12,126.616,130.816,125.759,130.738,130.738,93434.0,,adjusted
2020-10-13,131.08,131.102,128.338,129.659,129.659,58572.0,,adjusted
2020-10-14,129.209,129.445,127.03,128.43,128.43,46081.0,,adjusted
2020-10-15,128.752,133.888,128.688,129.38,129.38,84130.0,,adjusted
2020-10-16,130.402,131.116,126.83,127.923,127.923,46348.0,,adjusted
2020-10-19,128.259,128.888,126.166,126.323,126.323,33959.0,,adjusted
2020-10-20,126.116,126.795,123.838,126.623,126.623,33821.0,,adjusted
2020-10-21,126.83,126.83,123.616,123.723,123.723,37200.0,,adjusted
2020-10-22,123.695,126.473,122.28,125.63,125.63,37563.0,,adjusted
2020-10-23,125.33,125.973,123.259,123.288,123.288,30641.0,,adjusted
2020-10-26,121.83,123.966,121.188,121.816,121.816,28498.0,,adjusted
2020-10-27,121.116,123.966,120.773,123.716,123.716,27646.0,,adjusted
2020-10-28,124.43,126.673,121.873,126.223,126.223,40475.0,,adjusted
2020-10-29,124.059,125.295,121.83,123.259,123.259,43307.0,,adjusted
2020-10-30,126.116,135.902,126.116,135.902,135.902,236364.0,,adjusted
2020-11-02,137.545,145.166,133.973,143.688,143.688,227854.0,,adjusted
2020-11-03,143.973,144.959,139.845,142.045,142.045,139190.0,,adjusted
2020-11-04,142.545,145.973,141.138,143.259,143.259,102629.0,,adjusted
2020-11-05,146.245,146.866,141.602,144.545,144.545,94249.0,,adjusted
2020-11-06,145.402,148.402,141.116,148.373,148.373,126017.0,,adjusted
2020-11-09,151.116,163.523,151.116,157.609,157.609,211920.0,,adjusted
2020-11-10,155.402,156.459,150.445,151.43,151.43,114560.0,,adjusted
2020-11-11,148.973,150.316,140.488,141.123,141.123,128431.0,,adjusted
2020-11-12,144.195,144.288,140.345,142.116,142.116,56191.0,,adjusted
2020-11-13,140.416,146.33,139.938,144.795,144.795,75712.0,,adjusted
2020-11-16,143.438,144.68,138.066,140.045,140.045,89200.0,,adjusted
2020-11-17,139.688,151.009,135.402,150.145,150.145,153372.0,,adjusted
2020-11-18,147.545,150.952,145.973,147.402,147.402,122902.0,,adjusted
2020-11-19,146.116,152.745,145.916,148.259,148.259,103904.0,,adjusted
2020-11-20,147.845,149.388,144.445,145.116,145.116,79810.0,,adjusted
2020-11-23,144.688,150.045,144.102,147.266,147.266,95960.0,,adjusted
2020-11-24,148.259,150.402,146.116,147.259,147.259,93762.0,,adjusted
2020-11-25,146.83,147.459,142.902,143.83,143.83,79418.0,,adjusted
2020-11-26,143.83,145.08,140.752,140.945,140.945,57958.0,,adjusted
2020-11-27,140.409,143.259,138.895,142.252,142.252,56140.0,,adjusted
2020-11-30,143.33,147.959,140.438,144.395,144.395,106232.0,,adjusted
2020-12-01,144.323,145.745,142.952,144.738,144.738,66434.0,,adjusted
2020-12-02,146.316,152.366,146.259,150.466,150.466,185701.0,,adjusted
2020-12-03,150.38,152.188,147.566,148.959,148.959,99942.0,,adjusted
2020-12-04,150.409,152.18,148.98,151.473,151.473,86797.0,,adjusted
2020-12-07,156.852,157.759,149.316,149.688,149.688,122061.0,,adjusted
2020-12-08,148.973,151.03,147.916,149.33,149.33,57434.0,,adjusted
2020-12-09,148.83,149.895,144.459,144.873,144.873,73850.0,,adjusted
2020-12-10,144.402,148.259,142.616,146.759,146.759,84484.0,,adjusted
2020-12-11,147.209,147.209,139.759,140.045,140.045,154346.0,,adjusted
2020-12-14,140.545,143.802,139.338,143.68,143.68,89474.0,,adjusted
2020-12-15,143.688,145.095,141.116,143.188,143.188,66423.0,,adjusted
2020-12-16,142.402,144.138,141.116,141.838,141.838,46132.0,,adjusted
2020-12-17,141.466,144.33,140.416,143.48,143.48,50582.0,,adjusted
2020-12-18,145.688,146.473,140.402,141.045,141.045,77880.0,,adjusted
2020-12-21,137.53,141.066,132.545,139.823,139.823,104450.0,,adjusted
2020-12-22,136.902,139.545,135.045,135.045,135.045,78422.0,,adjusted
2020-12-23,135.045,136.823,133.238,135.752,135.752,84865.0,,adjusted
2020-12-24,135.759,137.459,129.33,131.83,131.83,100301.0,,adjusted
2020-12-25,131.223,131.259,127.188,127.638,127.638,87944.0,,adjusted
2020-12-28,127.552,130.173,125.766,128.438,128.438,65468.0,,adjusted
2020-12-29,129.366,139.545,129.08,135.266,135.266,143991.0,,adjusted
2020-12-30,133.888,137.266,131.209,136.273,136.273,101169.0,,adjusted
2020-12-31,137.888,139.33,135.83,137.902,137.902,82932.0,,adjusted
2021-01-04,138.252,140.388,135.83,138.702,138.702,90191.0,,adjusted
2021-01-05,136.438,146.566,136.116,146.045,146.045,165508.0,,adjusted
2021-01-06,147.78,148.402,140.438,142.345,142.345,128545.0,,adjusted
2021-01-07,141.473,142.195,137.259,140.08,140.08,103619.0,,adjusted
2021-01-08,140.259,142.673,137.345,141.516,141.516,94136.0,,adjusted
2021-01-11,145.402,149.83,141.838,142.68,142.68,160179.0,,adjusted
2021-01-12,140.795,144.316,137.123,144.073,144.073,131986.0,,adjusted
2021-01-13,145.38,150.545,142.716,150.495,150.495,233915.0,,adjusted
2021-01-14,152.48,156.188,147.116,153.559,153.559,277179.0,,adjusted
2021-01-15,152.259,155.023,146.316,150.259,150.259,165420.0,,adjusted
2021-01-18,148.345,160.045,145.488,157.28,157.28,220017.0,,adjusted
2021-01-19,157.466,160.759,154.78,157.545,157.545,154155.0,,adjusted
2021-01-20,157.602,159.395,156.188,157.902,157.902,109272.0,,adjusted
2021-01-21,158.973,158.973,151.266,152.58,152.58,150883.0,,adjusted
2021-01-22,151.83,152.545,145.102,146.602,146.602,190509.0,,adjusted
2021-01-25,138.952,144.38,134.923,141.166,141.166,219741.0,,adjusted
2021-01-26,139.759,143.402,136.566,136.623,136.623,104485.0,,adjusted
2021-01-27,137.545,137.688,131.23,133.03,133.03,113042.0,,adjusted
2021-01-28,131.116,134.638,129.523,129.902,129.902,80241.0,,adjusted
2021-01-29,130.68,131.473,125.83,126.83,126.83,96537.0,,adjusted
2021-02-01,126.116,128.952,125.902,128.516,128.516,58085.0,,adjusted
2021-02-02,128.973,133.723,128.959,132.223,132.223,74304.0,,adjusted
2021-02-03,131.323,132.08,126.83,126.83,126.83,78530.0,,adjusted
2021-02-04,125.409,130.759,117.545,129.666,129.666,157699.0,,adjusted
2021-02-05,127.545,128.18,121.83,122.33,122.33,87970.0,,adjusted
2021-02-08,122.33,126.988,122.302,124.738,124.738,62653.0,,adjusted
2021-02-09,125.53,128.095,123.973,128.016,128.016,59910.0,,adjusted
2021-02-10,128.83,128.83,126.602,128.13,128.13,48575.0,,adjusted
2021-02-18,130.83,135.03,129.652,131.88,131.88,91185.0,,adjusted
2021-02-19,131.688,137.245,130.438,136.766,136.766,104555.0,,adjusted
2021-02-22,134.695,136.402,131.116,131.116,131.116,82565.0,,adjusted
2021-02-23,129.688,129.902,125.888,127.688,127.688,58969.0,,adjusted
2021-02-24,128.259,139.688,127.902,135.638,135.638,172626.0,,adjusted
2021-02-25,136.745,139.58,134.309,137.123,137.123,100700.0,,adjusted
2021-02-26,134.273,140.038,132.059,134.33,134.33,100893.0,,adjusted
2021-03-01,136.83,142.888,135.045,141.688,141.688,128747.0,,adjusted
2021-03-02,142.916,144.238,140.059,143.016,143.016,123075.0,,adjusted
2021-03-03,141.816,141.816,136.195,138.973,138.973,94016.0,,adjusted
2021-03-04,137.652,140.195,134.345,135.409,135.409,61634.0,,adjusted
2021-03-05,133.259,137.895,132.63,135.959,135.959,53006.0,,adjusted
2021-03-08,136.116,136.473,126.116,126.116,126.116,82447.0,,adjusted
2021-03-09,124.545,126.102,118.98,120.702,120.702,91614.0,,adjusted
2021-03-10,122.188,122.959,118.902,119.016,119.016,52385.0,,adjusted
2021-03-11,119.023,123.973,117.102,120.93,120.93,70355.0,,adjusted
2021-03-12,121.08,121.116,117.266,117.545,117.545,57117.0,,adjusted
2021-03-15,116.83,116.83,105.473,106.38,106.38,132166.0,,adjusted
2021-03-16,107.545,109.038,101.852,107.916,107.916,96949.0,,adjusted
2021-03-17,107.916,118.295,106.495,117.459,117.459,113409.0,,adjusted
2021-03-18,118.252,118.602,114.845,115.973,115.973,51322.0,,adjusted
2021-03-19,113.388,122.33,111.68,118.259,118.259,86883.0,,adjusted
2021-03-22,118.259,120.138,115.909,117.916,117.916,40546.0,,adjusted
2021-03-23,118.73,121.545,116.53,116.973,116.973,48237.0,,adjusted
2021-03-24,116.116,117.973,114.302,116.088,116.088,41668.0,,adjusted
2021-03-25,114.688,120.709,114.33,118.073,118.073,46576.0,,adjusted
2021-03-26,118.059,120.616,116.33,118.923,118.923,55973.0,,adjusted
2021-03-29,119.773,123.038,118.759,119.938,119.938,68352.0,,adjusted
2021-03-30,119.688,120.759,116.973,117.623,117.623,56478.0,,adjusted
2021-03-31,117.973,119.245,116.488,118.888,118.888,42515.0,,adjusted
2021-04-01,119.33,123.002,118.888,121.852,121.852,69045.0,,adjusted
2021-04-02,123.888,128.809,123.888,127.195,127.195,96140.0,,adjusted
2021-04-06,128.695,128.966,125.402,125.438,125.438,45457.0,,adjusted
2021-04-07,124.588,127.138,121.916,126.988,126.988,62060.0,,adjusted
2021-04-08,125.638,128.216,124.988,126.973,126.973,41391.0,,adjusted
2021-04-09,126.973,129.13,126.402,126.83,126.83,44972.0,,adjusted
2021-04-12,124.459,130.452,122.702,128.188,128.188,75211.0,,adjusted
2021-04-13,127.752,129.673,124.923,125.616,125.616,49624.0,,adjusted
2021-04-14,124.688,129.316,124.58,127.338,127.338,41372.0,,adjusted
2021-04-15,126.973,127.973,123.08,126.188,126.188,45099.0,,adjusted
2021-04-16,126.209,127.173,121.102,121.116,121.116,61823.0,,adjusted
2021-04-19,116.473,120.759,110.759,118.688,118.688,140934.0,,adjusted
2021-04-20,118.259,122.259,117.58,119.545,119.545,78918.0,,adjusted
2021-04-21,118.73,120.273,117.366,118.516,118.516,48918.0,,adjusted
2021-04-22,118.545,120.659,117.902,118.759,118.759,45271.0,,adjusted
2021-04-23,119.688,122.088,118.973,121.88,121.88,54772.0,,adjusted
2021-04-26,123.173,132.188,122.545,128.295,128.295,102763.0,,adjusted
2021-04-27,128.616,130.123,126.109,129.68,129.68,61595.0,,adjusted
2021-04-28,134.688,137.173,128.402,136.666,136.666,128415.0,,adjusted
2021-04-29,137.188,141.245,134.973,135.259,135.259,82823.0,,adjusted
2021-04-30,135.259,137.545,134.695,134.852,134.852,55172.0,,adjusted
2021-05-06,134.223,136.023,130.402,130.673,130.673,64574.0,,adjusted
2021-05-07,132.238,133.673,123.83,123.938,123.938,85796.0,,adjusted
2021-05-10,123.938,123.938,116.873,117.873,117.873,100435.0,,adjusted
2021-05-11,117.866,118.395,113.988,115.438,115.438,73710.0,,adjusted
2021-05-12,115.259,118.266,114.688,118.266,118.266,82313.0,,adjusted
2021-05-13,116.473,118.202,115.409,116.402,116.402,57338.0,,adjusted
2021-05-14,117.545,120.045,113.552,119.609,119.609,82960.0,,adjusted
2021-05-17,120.402,123.095,119.659,121.188,121.188,72848.0,,adjusted
2021-05-18,119.73,120.566,118.352,120.373,120.373,42726.0,,adjusted
2021-05-19,119.93,122.609,119.659,121.973,121.973,49728.0,,adjusted
2021-05-20,121.83,121.852,118.473,121.088,121.088,74424.0,,adjusted
2021-05-21,121.1,125.23,118.33,119.03,119.03,84184.0,,adjusted
2021-05-24,116.26,117.56,112.28,116.95,116.95,148225.0,,adjusted
2021-05-25,117.7,128.38,117.7,127.58,127.58,227813.0,,adjusted
2021-05-26,129.13,129.13,126.27,126.83,126.83,109400.0,,adjusted
2021-05-27,127.48,133.79,127.22,131.11,131.11,182662.0,,adjusted
2021-05-28,130.54,134.3,128.23,130.73,130.73,159603.0,,adjusted
2021-05-31,133.33,138.14,131.02,132.5,132.5,166036.0,,adjusted
2021-06-01,132.5,135.89,128.44,133.31,133.31,141092.0,,adjusted
2021-06-02,136.83,139.23,134.95,135.56,135.56,186072.0,,adjusted
2021-06-03,135.05,137.08,129.95,135.23,135.23,142432.0,,adjusted
2021-06-04,135.21,141.12,134.24,139.85,139.85,188499.0,,adjusted
2021-06-07,142.97,144.11,139.48,141.12,141.12,206976.0,,adjusted
2021-06-08,142.11,142.21,136.64,137.42,137.42,129188.0,,adjusted
2021-06-09,136.64,139.89,136.18,137.92,137.92,97426.0,,adjusted
2021-06-10,137.62,139.33,136.73,138.83,138.83,108998.0,,adjusted
2021-06-11,139.43,140.03,137.23,138.23,138.23,113197.0,,adjusted
2021-06-15,138.23,142.48,134.23,135.1,135.1,153919.0,,adjusted
2021-06-16,136.6,140.79,132.21,132.5,132.5,179991.0,,adjusted
2021-06-17,133.58,146.03,133.56,146.03,146.03,254915.0,,adjusted
2021-06-18,150.23,157.21,149.85,155.23,155.23,376808.0,,adjusted
2021-06-21,155.23,159.11,152.13,156.11,156.11,218855.0,,adjusted
2021-06-22,157.22,164.23,153.62,162.49,162.49,256650.0,,adjusted
2021-06-23,160.32,176.73,159.26,170.38,170.38,328876.0,,adjusted
2021-06-24,168.73,172.12,165.38,170.17,170.17,184935.0,,adjusted
2021-06-25,169.23,171.73,162.24,168.23,168.23,183341.0,,adjusted
2021-06-28,168.23,180.13,168.1,175.81,175.81,199823.0,,adjusted
2021-06-29,176.23,177.23,170.13,171.98,171.98,141281.0,,adjusted
2021-06-30,174.53,185.66,174.24,185.13,185.13,225236.0,,adjusted
2021-07-01,184.18,188.97,180.4,181.91,181.91,179191.0,,adjusted
2021-07-02,177.76,181.89,174.03,175.52,175.52,208713.0,,adjusted
2021-07-05,179.09,189.78,177.23,188.51,188.51,233741.0,,adjusted
2021-07-06,187.23,187.23,170.23,176.03,176.03,288463.0,,adjusted
2021-07-07,171.63,181.57,168.22,180.13,180.13,217123.0,,adjusted
2021-07-08,180.23,192.87,179.78,188.42,188.42,227413.0,,adjusted
2021-07-09,187.23,191.22,180.88,186.23,186.23,153031.0,,adjusted
2021-07-12,190.43,192.93,183.59,189.23,189.23,202501.0,,adjusted
2021-07-13,187.23,189.63,172.23,175.92,175.92,251374.0,,adjusted
2021-07-14,175.83,178.81,171.23,172.13,172.13,148450.0,,adjusted
2021-07-15,172.24,173.03,164.23,171.06,171.06,164890.0,,adjusted
2021-07-16,171.18,177.55,164.11,164.78,164.78,183390.0,,adjusted
2021-07-19,162.23,170.1,161.23,168.41,168.41,124030.0,,adjusted
2021-07-20,167.1,171.9,164.23,170.03,170.03,110048.0,,adjusted
2021-07-21,171.23,183.16,169.29,181.27,181.27,234316.0,,adjusted
2021-07-22,181.21,190.11,177.61,186.92,186.92,187591.0,,adjusted
2021-07-23,186.21,197.73,185.23,193.24,193.24,206101.0,,adjusted
2021-07-26,193.46,201.73,188.98,197.79,197.79,248686.0,,adjusted
2021-07-27,202.23,217.85,201.3,202.85,202.85,404149.0,,adjusted
2021-07-28,199.11,209.24,187.21,199.12,199.12,284032.0,,adjusted
2021-07-29,204.73,217.23,199.23,212.14,212.14,265776.0,,adjusted
2021-07-30,209.33,232.36,207.43,227.28,227.28,272195.0,,adjusted
2021-08-02,225.23,225.93,206.22,217.23,217.23,268079.0,,adjusted
2021-08-03,212.23,212.23,195.23,195.23,195.23,216506.0,,adjusted
2021-08-04,194.23,202.22,189.24,198.58,198.58,310349.0,,adjusted
2021-08-05,196.23,203.23,192.24,195.79,195.79,185863.0,,adjusted
2021-08-06,199.6,203.97,188.24,193.23,193.23,195676.0,,adjusted
2021-08-09,189.24,189.24,177.73,186.97,186.97,203342.0,,adjusted
2021-08-10,186.98,188.38,175.24,180.12,180.12,234413.0,,adjusted
2021-08-11,180.53,185.2,178.74,183.24,183.24,166402.0,,adjusted
2021-08-12,181.74,191.73,181.12,185.5,185.5,168971.0,,adjusted
2021-08-13,179.73,181.22,168.71,169.64,169.64,330271.0,,adjusted
2021-08-16,169.23,176.86,165.06,171.73,171.73,260084.0,,adjusted
2021-08-17,171.74,172.77,160.46,160.95,160.95,252562.0,,adjusted
2021-08-18,164.69,165.23,160.23,164.03,164.03,146534.0,,adjusted
2021-08-19,164.03,167.93,161.23,164.25,164.25,151745.0,,adjusted
2021-08-20,165.23,168.41,160.38,165.32,165.32,154480.0,,adjusted
2021-08-23,167.13,168.33,161.96,162.98,162.98,189755.0,,adjusted
2021-08-24,164.01,176.68,163.18,175.81,175.81,253354.0,,adjusted
2021-08-25,175.81,175.91,163.73,168.58,168.58,248274.0,,adjusted
2021-08-26,166.23,173.62,164.3,165.23,165.23,168923.0,,adjusted
2021-08-27,165.13,173.73,163.89,172.73,172.73,176596.0,,adjusted
2021-08-30,180.23,180.43,165.91,167.29,167.29,265184.0,,adjusted
2021-08-31,150.28,156.22,150.28,150.28,150.28,329879.0,,adjusted
2021-09-01,148.88,152.22,143.04,150.88,150.88,322929.0,,adjusted
2021-09-02,148.73,151.43,143.11,143.72,143.72,241180.0,,adjusted
2021-09-03,145.23,148.67,143.33,145.1,145.1,150648.0,,adjusted
2021-09-06,145.11,152.43,143.59,149.79,149.79,159981.0,,adjusted
2021-09-07,149.85,154.76,149.85,153.23,153.23,113759.0,,adjusted
2021-09-08,153.3,156.26,152.23,153.23,153.23,96664.0,,adjusted
2021-09-09,153.23,154.23,149.79,151.48,151.48,99042.0,,adjusted
2021-09-10,152.23,159.81,150.91,157.13,157.13,171333.0,,adjusted
2021-09-13,157.13,158.23,149.23,152.53,152.53,149707.0,,adjusted
2021-09-14,151.31,156.33,150.03,151.87,151.87,106630.0,,adjusted
2021-09-15,151.22,152.69,147.73,148.78,148.78,110944.0,,adjusted
2021-09-16,148.63,150.67,144.53,145.13,145.13,147555.0,,adjusted
2021-09-17,146.42,149.33,146.38,148.48,148.48,80223.0,,adjusted
2021-09-22,145.59,149.03,145.23,146.52,146.52,76268.0,,adjusted
2021-09-23,146.23,151.22,143.69,147.84,147.84,126372.0,,adjusted
2021-09-24,147.23,150.53,145.23,147.43,147.43,92183.0,,adjusted
2021-09-27,149.77,150.11,142.23,142.42,142.42,158844.0,,adjusted
2021-09-28,140.23,154.48,140.08,150.14,150.14,197192.0,,adjusted
2021-09-29,149.23,149.23,141.53,144.27,144.27,171789.0,,adjusted
2021-09-30,144.22,146.14,141.63,142.22,142.22,125426.0,,adjusted
2021-10-08,145.17,153.13,143.71,146.93,146.93,166629.0,,adjusted
2021-10-11,146.23,149.63,144.23,144.58,144.58,121754.0,,adjusted
2021-10-12,143.23,145.58,138.23,139.38,139.38,144927.0,,adjusted
2021-10-13,140.19,143.12,137.97,142.49,142.49,86952.0,,adjusted
2021-10-14,142.23,145.22,141.43,143.35,143.35,70156.0,,adjusted
2021-10-15,143.23,153.09,142.23,152.77,152.77,242289.0,,adjusted
2021-10-18,148.23,149.43,145.26,146.54,146.54,224150.0,,adjusted
2021-10-19,145.43,147.53,143.57,145.68,145.68,115337.0,,adjusted
2021-10-20,144.94,147.89,143.67,144.07,144.07,109014.0,,adjusted
2021-10-21,142.34,146.03,142.07,143.92,143.92,95019.0,,adjusted
2021-10-22,145.23,152.92,144.29,151.63,151.63,216083.0,,adjusted
2021-10-25,153.59,154.0,147.4,149.83,149.83,139451.0,,adjusted
2021-10-26,149.18,157.91,148.76,155.24,155.24,200579.0,,adjusted
2021-10-27,155.26,155.3,150.73,154.79,154.79,151005.0,,adjusted
2021-10-28,169.23,169.23,158.83,161.53,161.53,411542.0,,adjusted
2021-10-29,163.13,174.18,161.54,166.74,166.74,319704.0,,adjusted
2021-11-01,166.23,171.66,164.19,168.32,168.32,213102.0,,adjusted
2021-11-02,169.23,172.11,166.25,169.23,169.23,208356.0,,adjusted
2021-11-03,170.38,171.73,165.16,166.03,166.03,175810.0,,adjusted
2021-11-04,167.23,168.83,162.73,164.23,164.23,156548.0,,adjusted
2021-11-05,166.43,167.54,162.93,164.54,164.54,136725.0,,adjusted
2021-11-08,162.23,163.22,156.77,159.22,159.22,167623.0,,adjusted
2021-11-09,159.43,163.85,156.83,161.53,161.53,162004.0,,adjusted
2021-11-10,160.23,163.76,157.32,163.43,163.43,129473.0,,adjusted
2021-11-11,162.03,166.41,158.36,161.79,161.79,196084.0,,adjusted
2021-11-12,159.67,162.03,158.7,160.0,160.0,130583.0,,adjusted
2021-11-15,160.24,166.21,160.23,164.01,164.01,190361.0,,adjusted
2021-11-16,162.73,164.34,160.25,160.41,160.41,120690.0,,adjusted
2021-11-17,160.14,160.7,156.17,159.15,159.15,144930.0,,adjusted
2021-11-18,158.44,160.22,155.81,155.82,155.82,108988.0,,adjusted
2021-11-19,155.88,157.53,154.26,156.53,156.53,115571.0,,adjusted
2021-11-22,156.23,163.11,154.89,162.69,162.69,204785.0,,adjusted
2021-11-23,162.23,163.83,158.98,159.39,159.39,147115.0,,adjusted
2021-11-24,158.82,160.86,153.23,153.25,153.25,196003.0,,adjusted
2021-11-25,153.24,154.24,150.08,153.56,153.56,143005.0,,adjusted
2021-11-26,153.57,154.23,148.02,149.22,149.22,143994.0,,adjusted
2021-11-29,146.94,150.11,146.45,147.46,147.46,109425.0,,adjusted
2021-11-30,149.0,150.57,146.89,147.83,147.83,103537.0,,adjusted
2021-12-01,150.73,162.89,150.73,162.89,162.89,228694.0,,adjusted
2021-12-02,167.23,169.35,163.9,167.02,167.02,362392.0,,adjusted
2021-12-03,168.21,178.64,167.94,173.72,173.72,302296.0,,adjusted
2021-12-06,177.95,178.08,169.85,169.85,169.85,180038.0,,adjusted
2021-12-07,174.16,175.39,166.92,168.23,168.23,146001.0,,adjusted
2021-12-08,172.23,182.9,172.23,177.78,177.78,266396.0,,adjusted
2021-12-09,177.23,178.72,174.36,177.34,177.34,138858.0,,adjusted
2021-12-10,176.24,176.24,171.53,172.11,172.11,150919.0,,adjusted
2021-12-13,172.11,173.53,170.37,171.63,171.63,105657.0,,adjusted
2021-12-14,170.73,173.37,169.23,169.78,169.78,93077.0,,adjusted
2021-12-15,170.33,171.73,167.53,167.7,167.7,75513.0,,adjusted
2021-12-16,169.72,173.82,167.66,168.15,168.15,130913.0,,adjusted
2021-12-17,167.38,168.73,164.23,164.37,164.37,115495.0,,adjusted
2021-12-20,163.23,167.73,160.24,160.71,160.71,106340.0,,adjusted
2021-12-21,162.92,166.93,162.23,163.46,163.46,104519.0,,adjusted
2021-12-22,165.21,172.23,165.21,168.31,168.31,158622.0,,adjusted
2021-12-23,168.2,170.37,166.71,168.74,168.74,82789.0,,adjusted
2021-12-24,169.53,173.53,168.78,171.12,171.12,99938.0,,adjusted
2021-12-27,171.7,172.11,163.57,164.93,164.93,114190.0,,adjusted
2021-12-28,166.23,168.98,163.78,168.25,168.25,109594.0,,adjusted
2021-12-29,167.23,168.03,160.03,162.23,162.23,120860.0,,adjusted
2021-12-30,162.17,178.31,161.61,173.7,173.7,228364.0,,adjusted
2021-12-31,175.49,175.49,169.4,173.08,173.08,112161.0,,adjusted
2022-01-04,173.79,176.13,168.24,173.11,173.11,108742.0,,adjusted
2022-01-05,172.0,172.0,155.52,155.53,155.53,256635.0,,adjusted
2022-01-06,152.23,165.03,151.83,160.19,160.19,164935.0,,adjusted
2022-01-07,158.24,161.21,153.86,154.23,154.23,144879.0,,adjusted
2022-01-10,152.81,155.23,148.56,153.73,153.73,99948.0,,adjusted
2022-01-11,153.27,153.7,148.23,149.42,149.42,98049.0,,adjusted
2022-01-12,150.77,152.82,148.58,152.2,152.2,109901.0,,adjusted
2022-01-13,152.03,156.83,149.64,152.37,152.37,103485.0,,adjusted
2022-01-14,150.23,157.23,149.78,154.63,154.63,105397.0,,adjusted
2022-01-17,154.77,160.28,153.23,158.94,158.94,100853.0,,adjusted
2022-01-18,158.42,161.08,157.31,158.6,158.6,80917.0,,adjusted
2022-01-19,156.81,158.73,153.91,155.13,155.13,79474.0,,adjusted
2022-01-20,155.11,161.03,153.83,156.03,156.03,72490.0,,adjusted
2022-01-21,153.71,155.75,150.02,150.23,150.23,82797.0,,adjusted
2022-01-24,149.73,153.05,149.41,152.73,152.73,66347.0,,adjusted
2022-01-25,157.33,158.23,143.33,145.64,145.64,185366.0,,adjusted
2022-01-26,145.64,151.43,144.83,147.15,147.15,112495.0,,adjusted
2022-01-27,146.24,149.11,141.23,143.84,143.84,110469.0,,adjusted
2022-01-28,144.23,145.56,136.11,136.33,136.33,146853.0,,adjusted
2022-02-07,140.18,147.04,138.53,141.06,141.06,126304.0,,adjusted
2022-02-08,141.34,141.97,134.38,138.19,138.19,99538.0,,adjusted
2022-02-09,138.13,141.66,135.53,140.5,140.5,80843.0,,adjusted
2022-02-10,141.53,144.17,139.63,142.27,142.27,83295.0,,adjusted
2022-02-11,140.73,143.11,137.92,138.53,138.53,69089.0,,adjusted
2022-02-14,136.11,139.19,134.43,136.77,136.77,67836.0,,adjusted
2022-02-15,138.26,142.89,137.64,142.54,142.54,101602.0,,adjusted
2022-02-16,144.26,146.26,142.43,143.03,143.03,73433.0,,adjusted
2022-02-17,143.03,149.53,141.57,146.54,146.54,96848.0,,adjusted
2022-02-18,145.13,145.73,142.79,143.22,143.22,65812.0,,adjusted
2022-02-21,143.23,143.87,140.9,141.63,141.63,66089.0,,adjusted
2022-02-22,140.23,144.82,138.23,143.41,143.41,80113.0,,adjusted
2022-02-23,143.44,152.23,143.43,151.13,151.13,135510.0,,adjusted
2022-02-24,150.18,153.95,146.5,148.96,148.96,133237.0,,adjusted
2022-02-25,151.73,154.31,149.62,151.93,151.93,106952.0,,adjusted
2022-02-28,151.48,153.2,150.01,150.54,150.54,74903.0,,adjusted
2022-03-01,150.65,152.2,148.78,150.37,150.37,62716.0,,adjusted
2022-03-02,149.24,149.24,144.56,147.73,147.73,108102.0,,adjusted
2022-03-03,148.23,150.53,145.23,145.55,145.55,75455.0,,adjusted
2022-03-04,147.23,155.81,145.51,152.0,152.0,188769.0,,adjusted
2022-03-07,152.02,153.53,145.77,147.23,147.23,130658.0,,adjusted
2022-03-08,147.22,151.74,142.41,147.83,147.83,150142.0,,adjusted
2022-03-09,149.23,152.28,143.23,151.52,151.52,168219.0,,adjusted
2022-03-10,157.23,161.23,152.86,156.46,156.46,211704.0,,adjusted
2022-03-11,152.23,156.6,150.58,155.05,155.05,141730.0,,adjusted
2022-03-14,152.25,157.81,151.23,151.56,151.56,106756.0,,adjusted
2022-03-15,149.26,153.28,143.73,144.08,144.08,139746.0,,adjusted
2022-03-16,148.4,158.23,146.66,157.75,157.75,235411.0,,adjusted
2022-03-17,162.58,164.23,158.91,160.03,160.03,197594.0,,adjusted
2022-03-18,160.0,161.22,157.23,158.77,158.77,87736.0,,adjusted
2022-03-21,158.73,159.9,153.24,156.48,156.48,110679.0,,adjusted
2022-03-22,157.73,160.81,156.33,157.01,157.01,90676.0,,adjusted
2022-03-23,157.83,158.7,153.01,155.13,155.13,96889.0,,adjusted
2022-03-24,153.42,154.23,151.23,151.64,151.64,73203.0,,adjusted
2022-03-25,154.23,156.23,150.07,150.26,150.26,106597.0,,adjusted
2022-03-28,148.88,150.07,146.24,147.05,147.05,69474.0,,adjusted
2022-03-29,148.23,148.91,136.47,139.1,139.1,152713.0,,adjusted
2022-03-30,139.91,144.2,139.73,143.82,143.82,110535.0,,adjusted
2022-03-31,142.23,143.04,135.73,138.26,138.26,117162.0,,adjusted
2022-04-01,137.18,139.23,136.03,137.67,137.67,75519.0,,adjusted
2022-04-06,136.97,137.03,130.37,132.03,132.03,118346.0,,adjusted
2022-04-07,131.23,132.91,130.21,130.21,130.21,62254.0,,adjusted
2022-04-08,130.65,133.72,128.53,131.6,131.6,74042.0,,adjusted
2022-04-11,128.94,129.97,120.49,120.81,120.81,129585.0,,adjusted
2022-04-12,120.49,124.93,119.22,124.32,124.32,93556.0,,adjusted
2022-04-13,123.23,126.11,120.43,120.53,120.53,89978.0,,adjusted
2022-04-14,122.03,130.33,121.5,127.83,127.83,130456.0,,adjusted
2022-04-15,127.21,132.23,125.73,129.63,129.63,119166.0,,adjusted
2022-04-18,129.13,137.63,127.21,137.03,137.03,121018.0,,adjusted
2022-04-19,135.31,136.23,132.24,132.5,132.5,73472.0,,adjusted
2022-04-20,133.73,134.6,130.45,130.73,130.73,77274.0,,adjusted
2022-04-21,128.69,133.23,128.45,129.95,129.95,71902.0,,adjusted
2022-04-22,128.82,132.37,125.74,127.23,127.23,68657.0,,adjusted
2022-04-25,123.58,125.23,119.84,120.23,120.23,100444.0,,adjusted
2022-04-26,120.51,121.88,112.24,113.19,113.19,110651.0,,adjusted
2022-04-27,110.23,122.53,109.73,122.23,122.23,127864.0,,adjusted
2022-04-28,121.23,121.23,113.23,115.79,115.79,149920.0,,adjusted
2022-04-29,117.73,123.95,116.79,122.04,122.04,131267.0,,adjusted
2022-05-05,121.93,125.17,120.83,122.2,122.2,94024.0,,adjusted
2022-05-06,118.21,119.23,116.34,116.53,116.53,71887.0,,adjusted
2022-05-09,116.23,116.87,112.86,114.36,114.36,70191.0,,adjusted
2022-05-10,111.23,120.21,110.73,119.63,119.63,125189.0,,adjusted
2022-05-11,118.83,130.41,118.23,126.58,126.58,174613.0,,adjusted
2022-05-12,124.23,127.26,123.92,125.83,125.83,79763.0,,adjusted
2022-05-13,126.23,128.03,123.23,123.64,123.64,74403.0,,adjusted
2022-05-16,124.61,126.0,121.71,122.03,122.03,62131.0,,adjusted
2022-05-17,121.7,128.61,121.7,126.95,126.95,104328.0,,adjusted
2022-05-18,127.3,132.39,126.6,132.07,132.07,131767.0,,adjusted
2022-05-19,129.08,136.91,128.26,134.84,134.84,134143.0,,adjusted
2022-05-20,136.23,142.17,135.77,139.48,139.48,125172.0,,adjusted
2022-05-23,141.23,146.46,140.51,145.52,145.52,155775.0,,adjusted
2022-05-24,144.23,145.73,138.27,138.58,138.58,116632.0,,adjusted
2022-05-25,139.38,141.7,136.63,138.42,138.42,75687.0,,adjusted
2022-05-26,138.42,139.42,134.62,137.03,137.03,73505.0,,adjusted
2022-05-27,138.63,141.22,135.5,136.19,136.19,70646.0,,adjusted
2022-05-30,137.63,140.43,135.23,139.23,139.23,63496.0,,adjusted
2022-05-31,138.81,142.09,134.41,140.87,140.87,93299.0,,adjusted
2022-06-01,140.53,142.92,139.22,141.08,141.08,59561.0,,adjusted
2022-06-02,141.08,145.03,138.44,143.31,143.31,86895.0,,adjusted
2022-06-06,143.3,145.59,139.79,142.24,142.24,94158.0,,adjusted
2022-06-07,141.73,141.73,135.99,138.15,138.15,156559.0,,adjusted
2022-06-08,137.89,143.79,137.32,140.87,140.87,103074.0,,adjusted
2022-06-09,139.79,140.87,133.46,134.98,134.98,109558.0,,adjusted
2022-06-10,132.48,136.28,132.48,135.0,135.0,145042.0,,adjusted
2022-06-13,132.29,134.89,129.96,131.98,131.98,144233.0,,adjusted
2022-06-14,131.19,131.8,125.89,129.82,129.82,125797.0,,adjusted
2022-06-15,129.54,132.43,127.9,128.89,128.89,123902.0,,adjusted
2022-06-16,128.89,132.27,128.59,129.44,129.44,93400.0,,adjusted
2022-06-17,128.29,129.95,126.17,129.48,129.48,108368.0,,adjusted
2022-06-20,129.86,133.48,128.32,131.64,131.64,138862.0,,adjusted
2022-06-21,131.4,131.99,127.54,128.69,128.69,118297.0,,adjusted
2022-06-22,129.25,129.57,124.9,124.9,124.9,98909.0,,adjusted
2022-06-23,124.9,126.99,122.99,126.51,126.51,119019.0,,adjusted
2022-06-24,128.06,131.91,126.79,130.29,130.29,136388.0,,adjusted
2022-06-27,131.02,133.29,130.37,131.67,131.67,114130.0,,adjusted
2022-06-28,130.78,138.67,128.69,138.27,138.27,219927.0,,adjusted
2022-06-29,137.29,140.69,134.61,134.93,134.93,186898.0,,adjusted
2022-06-30,134.99,141.74,134.99,140.5,140.5,147218.0,,adjusted
2022-07-01,139.64,140.48,136.81,137.14,137.14,108755.0,,adjusted
2022-07-04,132.64,132.87,126.29,128.48,128.48,226477.0,,adjusted
2022-07-05,128.28,130.37,126.5,128.86,128.86,120206.0,,adjusted
2022-07-06,128.87,133.49,127.79,129.57,129.57,134322.0,,adjusted
2022-07-07,129.49,130.17,126.49,127.59,127.59,99666.0,,adjusted
2022-07-08,129.09,137.15,128.79,133.57,133.57,232954.0,,adjusted
2022-07-11,133.29,133.29,126.79,127.28,127.28,157024.0,,adjusted
2022-07-12,126.69,127.79,123.95,124.29,124.29,90299.0,,adjusted
2022-07-13,123.89,125.28,121.29,122.83,122.83,84740.0,,adjusted
2022-07-14,122.84,125.79,122.39,124.42,124.42,72803.0,,adjusted
2022-07-15,126.46,128.08,124.48,124.59,124.59,111247.0,,adjusted
2022-07-18,124.59,125.29,119.28,121.21,121.21,147933.0,,adjusted
2022-07-19,120.29,121.62,118.14,120.26,120.26,110708.0,,adjusted
2022-07-20,121.15,125.45,120.82,123.0,123.0,127028.0,,adjusted
2022-07-21,122.0,128.37,120.51,124.97,124.97,160725.0,,adjusted
2022-07-22,124.99,125.62,120.95,121.48,121.48,107740.0,,adjusted
2022-07-25,120.66,121.47,118.29,118.92,118.92,79431.0,,adjusted
2022-07-26,118.92,120.06,118.18,119.81,119.81,60437.0,,adjusted
2022-07-27,118.49,119.27,116.29,116.91,116.91,105473.0,,adjusted
2022-07-28,118.14,120.61,117.29,117.64,117.64,122896.0,,adjusted
2022-07-29,118.3,118.79,116.3,116.56,116.56,86674.0,,adjusted
2022-08-01,115.6,118.11,112.49,117.57,117.57,93244.0,,adjusted
2022-08-02,115.29,118.59,113.19,115.98,115.98,107377.0,,adjusted
2022-08-03,117.42,123.05,115.98,120.54,120.54,194295.0,,adjusted
2022-08-04,121.16,123.79,120.69,122.87,122.87,130827.0,,adjusted
2022-08-05,122.62,130.3,120.77,128.37,128.37,214858.0,,adjusted
2022-08-08,129.67,129.97,123.83,126.01,126.01,171784.0,,adjusted
2022-08-09,124.77,127.11,122.79,127.09,127.09,113153.0,,adjusted
2022-08-10,125.14,128.68,124.04,124.24,124.24,105044.0,,adjusted
2022-08-11,124.87,128.53,123.97,126.76,126.76,106643.0,,adjusted
2022-08-12,125.29,127.25,124.83,124.99,124.99,79117.0,,adjusted
2022-08-15,124.29,125.67,122.79,123.08,123.08,81535.0,,adjusted
2022-08-16,123.16,124.7,120.65,121.79,121.79,85496.0,,adjusted
2022-08-17,121.29,122.25,120.03,121.54,121.54,66994.0,,adjusted
2022-08-18,121.54,122.26,119.6,121.96,121.96,90026.0,,adjusted
2022-08-19,120.96,124.75,117.37,117.59,117.59,135363.0,,adjusted
2022-08-22,116.68,118.5,115.51,117.95,117.95,67058.0,,adjusted
2022-08-23,117.95,118.39,116.32,116.5,116.5,59419.0,,adjusted
2022-08-24,116.45,116.77,112.81,113.26,113.26,97349.0,,adjusted
2022-08-25,113.43,113.95,108.86,112.64,112.64,113794.0,,adjusted
2022-08-26,112.64,114.84,112.39,113.19,113.19,67269.0,,adjusted
2022-08-29,112.29,114.73,111.43,112.78,112.78,63932.0,,adjusted
2022-08-30,112.45,113.71,110.52,110.81,110.81,82264.0,,adjusted
2022-08-31,110.5,115.29,109.84,114.26,114.26,109593.0,,adjusted
2022-09-01,114.3,115.19,111.17,111.24,111.24,69415.0,,adjusted
2022-09-02,111.0,112.97,110.9,111.54,111.54,51786.0,,adjusted
2022-09-05,110.89,111.11,107.8,109.51,109.51,69235.0,,adjusted
2022-09-06,110.51,111.25,108.09,111.0,111.0,67173.0,,adjusted
2022-09-07,111.07,116.25,111.06,114.92,114.92,129421.0,,adjusted
2022-09-08,114.78,115.02,113.4,113.59,113.59,59272.0,,adjusted
2022-09-09,114.29,114.58,111.41,113.21,113.21,55136.0,,adjusted
2022-09-13,114.78,115.08,112.43,112.48,112.48,55348.0,,adjusted
2022-09-14,109.29,111.79,109.29,110.71,110.71,68370.0,,adjusted
2022-09-15,110.84,111.22,106.21,106.89,106.89,95195.0,,adjusted
2022-09-16,106.56,108.68,104.5,104.5,104.5,80469.0,,adjusted
2022-09-19,104.29,105.44,102.69,102.84,102.84,74020.0,,adjusted
2022-09-20,103.79,104.37,102.4,103.73,103.73,57345.0,,adjusted
2022-09-21,102.95,103.68,98.89,100.59,100.59,108957.0,,adjusted
2022-09-22,99.27,101.09,98.29,99.35,99.35,81529.0,,adjusted
2022-09-23,98.87,99.59,95.8,96.53,96.53,95420.0,,adjusted
2022-09-26,95.65,97.85,95.32,96.64,96.64,59295.0,,adjusted
2022-09-27,96.53,98.41,96.14,98.2,98.2,63197.0,,adjusted
2022-09-28,97.39,98.28,95.69,95.69,95.69,48566.0,,adjusted
2022-09-29,96.48,97.59,94.17,94.53,94.53,67198.0,,adjusted
2022-09-30,94.49,94.87,92.0,92.04,92.04,74216.0,,adjusted
2022-10-10,89.29,90.14,83.39,83.79,83.79,191911.0,,adjusted
2022-10-11,83.78,84.16,80.9,81.67,81.67,186885.0,,adjusted
2022-10-12,81.69,81.91,77.82,81.72,81.72,261973.0,,adjusted
2022-10-13,81.28,83.37,80.45,80.59,80.59,177842.0,,adjusted
2022-10-14,82.12,85.16,81.49,84.72,84.72,200020.0,,adjusted
2022-10-17,83.21,85.53,82.89,85.06,85.06,163950.0,,adjusted
2022-10-18,85.29,85.54,83.53,83.69,83.69,112830.0,,adjusted
2022-10-19,83.29,84.34,82.39,82.39,82.39,96209.0,,adjusted
2022-10-20,81.59,87.72,81.15,85.76,85.76,259415.0,,adjusted
2022-10-21,84.75,85.17,82.75,83.47,83.47,147477.0,,adjusted
2022-10-24,83.47,88.58,82.29,83.79,83.79,210639.0,,adjusted
2022-10-25,83.29,84.99,81.86,82.09,82.09,136631.0,,adjusted
2022-10-26,82.3,86.28,81.71,84.89,84.89,156044.0,,adjusted
2022-10-27,85.14,87.08,83.89,85.1,85.1,140914.0,,adjusted
2022-10-28,84.3,86.37,80.99,81.28,81.28,156302.0,,adjusted
2022-10-31,77.79,83.11,75.79,80.56,80.56,208782.0,,adjusted
2022-11-01,81.19,84.29,78.79,84.15,84.15,180769.0,,adjusted
2022-11-02,84.15,86.79,83.39,85.54,85.54,150734.0,,adjusted
2022-11-03,84.29,89.07,83.97,88.54,88.54,193881.0,,adjusted
2022-11-04,88.48,90.54,86.99,89.26,89.26,182813.0,,adjusted
2022-11-07,89.09,90.09,87.8,88.4,88.4,137696.0,,adjusted
2022-11-08,88.63,89.06,86.75,87.24,87.24,102260.0,,adjusted
2022-11-09,87.24,87.66,86.34,86.45,86.45,72726.0,,adjusted
2022-11-10,86.03,87.63,84.59,85.06,85.06,105001.0,,adjusted
2022-11-11,88.29,90.76,87.24,87.37,87.37,208556.0,,adjusted
2022-11-14,87.59,94.36,87.45,90.99,90.99,245102.0,,adjusted
2022-11-15,90.35,100.26,89.85,100.26,100.26,264874.0,,adjusted
2022-11-16,101.29,103.27,99.39,101.54,101.54,274999.0,,adjusted
2022-11-17,99.67,110.29,96.87,106.25,106.25,345016.0,,adjusted
2022-11-18,104.09,107.06,101.66,102.04,102.04,229657.0,,adjusted
2022-11-21,100.29,102.19,98.09,98.67,98.67,171291.0,,adjusted
2022-11-22,98.67,100.59,97.78,99.01,99.01,129835.0,,adjusted
2022-11-23,98.44,99.44,95.65,97.89,97.89,116692.0,,adjusted
2022-11-24,97.83,98.87,96.37,96.92,96.92,79881.0,,adjusted
2022-11-25,96.92,99.29,96.5,98.67,98.67,96681.0,,adjusted
2022-11-28,97.3,98.83,95.63,96.35,96.35,95159.0,,adjusted
2022-11-29,95.79,101.79,95.79,100.39,100.39,137386.0,,adjusted
2022-11-30,99.63,100.65,98.64,99.08,99.08,73766.0,,adjusted
2022-12-01,101.29,103.05,99.6,99.98,99.98,114620.0,,adjusted
2022-12-02,98.79,100.29,96.95,96.99,96.99,98458.0,,adjusted
2022-12-05,96.99,98.59,96.59,98.28,98.28,77424.0,,adjusted
2022-12-06,97.91,101.39,97.55,100.42,100.42,129514.0,,adjusted
2022-12-07,99.4,100.02,97.94,98.39,98.39,90926.0,,adjusted
2022-12-08,98.38,98.38,96.31,96.77,96.77,81786.0,,adjusted
2022-12-09,96.95,98.91,96.95,97.65,97.65,80584.0,,adjusted
2022-12-12,97.7,107.59,97.34,104.99,104.99,310898.0,,adjusted
2022-12-13,104.19,107.06,102.15,106.11,106.11,186152.0,,adjusted
2022-12-14,110.79,111.29,102.59,102.79,102.79,255728.0,,adjusted
2022-12-15,102.77,106.29,102.32,104.53,104.53,143970.0,,adjusted
2022-12-16,103.22,103.92,100.82,101.91,101.91,104802.0,,adjusted
2022-12-19,100.93,102.59,98.37,98.87,98.87,75179.0,,adjusted
2022-12-20,98.87,100.58,98.34,99.54,99.54,67821.0,,adjusted
2022-12-21,98.87,101.02,98.87,99.51,99.51,62494.0,,adjusted
2022-12-22,100.28,101.16,98.17,98.64,98.64,56753.0,,adjusted
2022-12-23,96.79,96.9,91.46,92.99,92.99,133072.0,,adjusted
2022-12-26,93.17,100.95,93.17,99.5,99.5,132328.0,,adjusted
2022-12-27,100.29,103.09,98.46,102.2,102.2,93347.0,,adjusted
2022-12-28,101.74,103.18,101.06,101.49,101.49,60624.0,,adjusted
2022-12-29,101.19,102.79,100.1,101.46,101.46,56433.0,,adjusted
2022-12-30,102.29,102.95,99.77,100.76,100.76,54240.0,,adjusted
2023-01-03,100.75,101.65,98.49,101.49,101.49,67598.0,,adjusted
2023-01-04,100.98,103.56,98.39,98.7,98.7,94598.0,,adjusted
2023-01-05,100.13,101.11,98.71,100.95,100.95,95390.0,,adjusted
2023-01-06,99.5,102.07,97.59,101.17,101.17,109501.0,,adjusted
2023-01-09,102.16,105.97,101.54,103.35,103.35,125963.0,,adjusted
2023-01-10,103.15,109.09,102.87,104.67,104.67,182229.0,,adjusted
2023-01-11,107.17,110.63,105.15,105.39,105.39,215542.0,,adjusted
2023-01-12,106.04,106.29,102.39,104.62,104.62,89151.0,,adjusted
2023-01-13,105.68,107.95,104.89,106.72,106.72,98310.0,,adjusted
2023-01-16,105.0,114.17,104.1,113.31,113.31,214446.0,,adjusted
2023-01-17,112.9,118.4,112.42,118.3,118.3,197357.0,,adjusted
2023-01-18,117.29,117.96,114.84,114.98,114.98,115661.0,,adjusted
2023-01-19,115.19,118.09,114.3,117.12,117.12,124711.0,,adjusted
2023-01-20,116.49,121.77,116.29,120.92,120.92,113330.0,,adjusted
2023-01-30,123.55,123.79,118.35,119.54,119.54,111851.0,,adjusted
2023-01-31,119.17,119.69,111.79,112.84,112.84,219515.0,,adjusted
2023-02-01,112.29,114.27,111.69,113.29,113.29,111419.0,,adjusted
2023-02-02,114.2,117.58,113.4,115.38,115.38,125525.0,,adjusted
2023-02-03,114.29,118.19,113.86,115.81,115.81,93616.0,,adjusted
2023-02-06,114.29,115.3,111.99,112.68,112.68,113820.0,,adjusted
2023-02-07,112.59,113.28,110.8,111.78,111.78,80361.0,,adjusted
2023-02-08,112.19,114.25,110.89,111.37,111.37,86410.0,,adjusted
2023-02-09,110.69,116.89,109.4,116.37,116.37,139925.0,,adjusted
2023-02-10,116.39,117.88,114.01,114.84,114.84,86900.0,,adjusted
2023-02-13,113.7,116.06,112.64,115.34,115.34,96498.0,,adjusted
2023-02-14,115.29,117.32,112.59,114.15,114.15,100196.0,,adjusted
2023-02-15,114.29,115.5,111.29,115.06,115.06,108401.0,,adjusted
2023-02-16,114.79,117.72,110.87,111.62,111.62,136980.0,,adjusted
2023-02-17,111.29,112.55,106.97,107.03,107.03,142113.0,,adjusted
2023-02-20,107.02,108.5,105.55,107.81,107.81,111060.0,,adjusted
2023-02-21,107.8,109.18,105.99,107.14,107.14,88488.0,,adjusted
2023-02-22,106.28,107.63,105.49,106.79,106.79,58640.0,,adjusted
2023-02-23,106.49,107.29,106.0,106.82,106.82,41724.0,,adjusted
2023-02-24,107.29,108.12,104.28,105.31,105.31,91774.0,,adjusted
2023-02-27,104.24,104.91,102.1,102.31,102.31,144941.0,,adjusted
2023-02-28,103.31,103.69,101.25,103.18,103.18,86691.0,,adjusted
2023-03-01,102.64,103.99,101.97,102.79,102.79,111246.0,,adjusted
2023-03-02,103.19,106.22,102.82,103.48,103.48,131093.0,,adjusted
2023-03-03,105.49,106.26,103.05,104.04,104.04,136716.0,,adjusted
2023-03-06,104.04,104.91,102.29,103.41,103.41,112959.0,,adjusted
2023-03-07,102.87,103.79,99.56,99.56,99.56,119157.0,,adjusted
2023-03-08,99.2,101.15,98.29,100.09,100.09,78248.0,,adjusted
2023-03-09,100.29,101.85,99.94,100.48,100.48,100567.0,,adjusted
2023-03-10,99.29,101.39,98.4,99.32,99.32,94092.0,,adjusted
2023-03-13,99.09,99.93,97.41,99.79,99.79,76208.0,,adjusted
2023-03-14,99.29,103.65,97.8,103.33,103.33,186947.0,,adjusted
2023-03-15,103.79,104.87,102.79,103.25,103.25,117960.0,,adjusted
2023-03-16,102.28,105.05,102.09,103.57,103.57,112125.0,,adjusted
2023-03-17,104.84,105.29,103.0,103.46,103.46,125130.0,,adjusted
2023-03-20,103.29,107.17,102.09,106.11,106.11,156564.0,,adjusted
2023-03-21,105.79,107.2,104.91,105.8,105.8,93178.0,,adjusted
2023-03-22,105.69,105.74,103.68,104.34,104.34,91315.0,,adjusted
2023-03-23,103.84,114.95,103.67,114.95,114.95,388905.0,,adjusted
2023-03-24,117.25,118.29,113.59,116.19,116.19,422011.0,,adjusted
2023-03-27,116.19,116.22,110.97,112.3,112.3,272066.0,,adjusted
2023-03-28,111.29,112.56,106.39,107.09,107.09,205809.0,,adjusted
2023-03-29,106.37,114.45,105.27,113.31,113.31,316853.0,,adjusted
2023-03-30,117.29,123.29,117.29,119.61,119.61,496958.0,,adjusted
2023-03-31,118.49,120.49,115.39,120.29,120.29,247083.0,,adjusted
2023-04-03,127.65,130.89,124.81,129.82,129.82,484752.0,,adjusted
2023-04-04,127.84,132.07,126.99,128.85,128.85,398455.0,,adjusted
2023-04-06,128.79,141.51,127.39,132.79,132.79,480167.0,,adjusted
2023-04-07,134.8,140.8,133.7,136.89,136.89,361413.0,,adjusted
2023-04-10,137.19,137.74,128.26,129.15,129.15,371685.0,,adjusted
2023-04-11,131.45,134.78,128.61,131.01,131.01,345843.0,,adjusted
2023-04-12,129.3,135.62,127.43,133.28,133.28,277735.0,,adjusted
2023-04-13,130.62,132.9,126.05,126.6,126.6,267997.0,,adjusted
2023-04-14,128.29,135.26,125.02,133.7,133.7,365090.0,,adjusted
2023-04-17,135.79,138.22,133.29,134.19,134.19,260751.0,,adjusted
2023-04-18,132.29,133.29,129.27,131.2,131.2,182072.0,,adjusted
2023-04-19,131.21,133.34,128.79,129.04,129.04,193394.0,,adjusted
2023-04-20,128.05,134.85,128.03,134.57,134.57,269666.0,,adjusted
2023-04-21,134.3,134.46,124.62,124.7,124.7,289920.0,,adjusted
2023-04-24,124.63,124.69,117.18,119.03,119.03,312618.0,,adjusted
2023-04-25,118.69,119.98,114.42,116.01,116.01,216732.0,,adjusted
2023-04-26,115.79,116.68,108.19,109.27,109.27,302079.0,,adjusted
2023-04-27,107.56,113.84,107.28,110.77,110.77,209379.0,,adjusted
2023-04-28,105.35,111.81,105.3,106.76,106.76,322202.0,,adjusted
2023-05-04,105.79,107.09,103.04,103.29,103.29,201161.0,,adjusted
2023-05-05,103.04,106.66,102.39,103.09,103.09,182769.0,,adjusted
2023-05-08,103.09,105.25,101.89,102.45,102.45,168024.0,,adjusted
2023-05-09,102.3,103.26,99.89,100.05,100.05,179820.0,,adjusted
2023-05-10,99.8,100.68,97.05,98.38,98.38,159265.0,,adjusted
2023-05-11,99.69,100.58,98.3,99.12,99.12,141897.0,,adjusted
2023-05-12,100.29,101.95,98.79,98.81,98.81,180574.0,,adjusted
2023-05-15,98.5,100.37,96.89,100.37,100.37,124303.0,,adjusted
2023-05-16,101.93,105.68,98.85,104.36,104.36,262464.0,,adjusted
2023-05-17,102.29,108.85,102.19,107.74,107.74,251757.0,,adjusted
2023-05-18,106.59,108.78,105.09,105.49,105.49,156948.0,,adjusted
2023-05-19,107.48,111.81,107.09,110.3,110.3,237233.0,,adjusted
2023-05-22,114.49,116.6,109.29,111.6,111.6,234052.0,,adjusted
2023-05-23,109.4,109.79,105.77,105.77,105.77,156281.0,,adjusted
2023-05-24,107.38,109.29,104.59,106.67,106.67,167245.0,,adjusted
2023-05-25,107.28,109.64,105.98,109.09,109.09,140037.0,,adjusted
2023-05-26,109.85,113.49,108.34,112.29,112.29,160986.0,,adjusted
2023-05-29,113.32,114.15,109.99,110.46,110.46,151880.0,,adjusted
2023-05-30,109.78,111.44,107.34,110.89,110.89,136915.0,,adjusted
2023-05-31,110.28,111.0,106.29,109.09,109.09,174891.0,,adjusted
2023-06-01,107.3,110.24,107.09,108.6,108.6,132386.0,,adjusted
2023-06-02,108.29,109.59,105.95,107.18,107.18,116971.0,,adjusted
2023-06-05,106.64,108.48,104.79,105.29,105.29,138063.0,,adjusted
2023-06-06,104.39,104.4,101.12,101.35,101.35,143083.0,,adjusted
2023-06-07,101.58,102.68,100.85,101.53,101.53,97668.0,,adjusted
2023-06-08,100.73,100.94,98.88,99.42,99.42,95248.0,,adjusted
2023-06-09,99.75,101.6,98.47,101.54,101.54,157380.0,,adjusted
2023-06-12,100.7,102.24,99.64,101.19,101.19,143817.0,,adjusted
2023-06-13,101.32,111.48,100.9,110.23,110.23,355673.0,,adjusted
2023-06-14,110.07,111.79,109.09,110.49,110.49,195413.0,,adjusted
2023-06-15,111.09,111.49,108.39,109.2,109.2,134945.0,,adjusted
2023-06-16,108.4,110.79,107.5,110.17,110.17,140903.0,,adjusted
2023-06-19,109.17,113.72,108.59,112.37,112.37,185240.0,,adjusted
2023-06-20,111.41,113.28,110.65,112.27,112.27,120878.0,,adjusted
2023-06-21,111.51,111.56,106.71,106.71,106.71,177376.0,,adjusted
2023-06-26,104.37,106.21,103.02,104.76,104.76,113119.0,,adjusted
2023-06-27,104.76,107.29,104.02,104.75,104.75,90801.0,,adjusted
2023-06-28,104.7,106.18,102.14,103.96,103.96,114491.0,,adjusted
2023-06-29,106.98,108.88,104.11,104.27,104.27,138435.0,,adjusted
2023-06-30,103.01,106.55,101.91,105.16,105.16,101068.0,,adjusted
2023-07-03,104.91,106.11,103.72,105.3,105.3,94938.0,,adjusted
2023-07-04,105.32,109.44,104.07,107.73,107.73,151310.0,,adjusted
2023-07-05,107.11,111.41,107.09,109.26,109.26,170811.0,,adjusted
2023-07-06,108.31,111.89,108.07,109.35,109.35,124485.0,,adjusted
2023-07-07,105.91,106.03,101.93,104.12,104.12,193989.0,,adjusted
2023-07-10,104.34,107.19,103.63,104.91,104.91,88681.0,,adjusted
2023-07-11,105.46,115.07,105.46,114.24,114.24,315109.0,,adjusted
2023-07-12,114.21,115.11,111.79,112.12,112.12,184490.0,,adjusted
2023-07-13,112.32,118.81,111.76,117.16,117.16,258779.0,,adjusted
2023-07-14,118.04,122.21,116.19,116.25,116.25,256540.0,,adjusted
2023-07-17,115.22,118.62,115.08,117.27,117.27,159892.0,,adjusted
2023-07-18,116.95,118.79,114.37,114.64,114.64,149243.0,,adjusted
2023-07-19,113.91,115.61,112.64,113.51,113.51,95724.0,,adjusted
2023-07-20,113.93,114.37,110.79,111.28,111.28,96655.0,,adjusted
2023-07-21,111.03,113.31,109.99,111.18,111.18,90721.0,,adjusted
2023-07-24,111.11,111.69,109.1,109.84,109.84,74711.0,,adjusted
2023-07-25,111.31,112.78,109.83,111.81,111.81,119458.0,,adjusted
2023-07-26,111.71,114.26,110.07,110.71,110.71,103345.0,,adjusted
2023-07-27,109.9,111.21,109.13,109.37,109.37,79858.0,,adjusted
2023-07-28,110.3,113.79,109.73,113.14,113.14,174506.0,,adjusted
2023-07-31,111.92,114.88,111.5,113.69,113.69,142991.0,,adjusted
2023-08-01,113.7,114.21,111.96,113.32,113.32,81029.0,,adjusted
2023-08-02,112.5,113.63,112.22,112.89,112.89,74052.0,,adjusted
2023-08-03,112.23,114.41,111.19,113.02,113.02,81163.0,,adjusted
2023-08-04,112.26,113.26,101.96,105.77,105.77,352520.0,,adjusted
2023-08-07,103.91,105.31,102.91,104.24,104.24,134216.0,,adjusted
2023-08-08,103.79,105.01,103.47,103.66,103.66,79392.0,,adjusted
2023-08-09,103.63,104.09,102.51,102.97,102.97,65147.0,,adjusted
2023-08-10,102.97,103.38,100.76,102.56,102.56,87189.0,,adjusted
2023-08-11,102.57,102.79,100.54,100.96,100.96,76792.0,,adjusted
2023-08-14,98.91,100.4,98.86,100.1,100.1,65193.0,,adjusted
2023-08-15,100.71,101.14,93.79,96.66,96.66,204000.0,,adjusted
2023-08-16,95.7,96.51,93.41,93.41,93.41,112145.0,,adjusted
2023-08-17,92.89,95.11,92.41,94.38,94.38,78376.0,,adjusted
2023-08-18,94.27,95.34,92.56,92.68,92.68,75617.0,,adjusted
2023-08-21,92.71,93.36,90.26,90.42,90.42,103733.0,,adjusted
2023-08-22,91.41,91.84,88.44,91.05,91.05,131470.0,,adjusted
2023-08-23,91.15,91.79,88.92,89.01,89.01,91463.0,,adjusted
2023-08-24,89.35,91.39,88.99,90.42,90.42,90391.0,,adjusted
2023-08-25,89.42,89.83,87.29,88.01,88.01,93429.0,,adjusted
2023-08-28,94.42,94.42,88.01,88.4,88.4,136063.0,,adjusted
2023-08-29,88.31,92.16,87.94,91.18,91.18,126290.0,,adjusted
2023-08-30,91.41,94.36,91.21,92.91,92.91,139224.0,,adjusted
2023-08-31,92.13,93.67,91.51,92.89,92.89,90902.0,,adjusted
2023-09-01,94.41,96.37,92.67,93.41,93.41,114981.0,,adjusted
2023-09-04,92.91,95.74,92.86,95.71,95.71,108628.0,,adjusted
2023-09-05,95.81,100.01,95.71,98.55,98.55,203399.0,,adjusted
2023-09-06,97.21,99.41,97.17,98.83,98.83,98233.0,,adjusted
2023-09-07,98.83,99.88,97.17,97.21,97.21,118446.0,,adjusted
2023-09-08,95.92,97.66,95.61,96.26,96.26,75476.0,,adjusted
2023-09-11,96.27,98.1,95.56,96.41,96.41,90043.0,,adjusted
2023-09-12,96.43,97.39,95.81,96.7,96.7,60771.0,,adjusted
2023-09-13,97.51,99.71,96.11,97.86,97.86,129559.0,,adjusted
2023-09-14,97.06,97.85,95.05,95.87,95.87,89192.0,,adjusted
2023-09-15,96.21,101.61,94.72,98.91,98.91,176889.0,,adjusted
2023-09-18,98.11,99.41,97.61,98.42,98.42,89065.0,,adjusted
2023-09-19,98.01,101.79,97.21,100.3,100.3,141556.0,,adjusted
2023-09-20,99.95,101.41,98.8,99.35,99.35,82716.0,,adjusted
2023-09-21,98.91,100.21,98.08,99.43,99.43,63427.0,,adjusted
2023-09-22,99.11,101.09,98.04,100.89,100.89,96041.0,,adjusted
2023-09-25,100.35,100.79,98.71,98.86,98.86,67925.0,,adjusted
2023-09-26,98.54,99.29,97.58,97.69,97.69,71809.0,,adjusted
2023-09-27,97.89,99.35,97.58,97.79,97.79,53970.0,,adjusted
2023-09-28,97.79,99.01,97.01,97.51,97.51,58100.0,,adjusted
2023-10-09,97.51,102.79,97.21,101.6,101.6,127054.0,,adjusted
2023-10-10,100.91,103.96,100.91,102.76,102.76,104856.0,,adjusted
2023-10-11,103.11,105.46,101.97,103.91,103.91,107767.0,,adjusted
2023-10-12,102.91,104.36,101.16,103.21,103.21,99685.0,,adjusted
2023-10-13,102.71,103.51,101.41,102.09,102.09,88975.0,,adjusted
2023-10-16,101.42,101.89,99.45,100.05,100.05,79549.0,,adjusted
2023-10-17,100.05,101.76,99.32,101.11,101.11,71329.0,,adjusted
2023-10-18,100.51,101.71,96.91,99.31,99.31,69824.0,,adjusted
2023-10-19,98.22,102.06,98.11,98.37,98.37,77280.0,,adjusted
2023-10-20,98.21,98.99,95.88,96.3,96.3,73457.0,,adjusted
2023-10-23,95.91,96.65,92.54,93.61,93.61,77077.0,,adjusted
2023-10-24,94.59,97.07,93.34,96.59,96.59,84351.0,,adjusted
2023-10-25,94.69,95.71,90.92,95.36,95.36,125257.0,,adjusted
2023-10-26,95.02,95.34,92.3,93.29,93.29,67334.0,,adjusted
2023-10-27,93.31,102.07,93.31,100.74,100.74,173790.0,,adjusted
2023-10-30,99.84,107.47,99.82,105.79,105.79,216713.0,,adjusted
2023-10-31,107.91,108.67,104.18,105.91,105.91,113442.0,,adjusted
2023-11-01,105.71,106.37,103.92,104.37,104.37,64393.0,,adjusted
2023-11-02,104.46,105.61,103.32,103.44,103.44,61264.0,,adjusted
2023-11-03,103.61,107.77,103.61,106.91,106.91,109671.0,,adjusted
2023-11-06,106.76,109.13,106.14,108.26,108.26,122349.0,,adjusted
2023-11-07,107.91,108.24,104.77,105.85,105.85,118528.0,,adjusted
2023-11-08,105.58,106.39,104.75,105.6,105.6,93621.0,,adjusted
2023-11-09,105.31,105.96,103.4,104.01,104.01,83704.0,,adjusted
2023-11-10,104.19,105.73,103.41,104.09,104.09,65555.0,,adjusted
2023-11-13,104.68,105.41,102.46,103.02,103.02,95279.0,,adjusted
2023-11-14,102.91,103.89,101.83,102.58,102.58,74717.0,,adjusted
2023-11-15,104.17,106.81,102.92,105.9,105.9,147716.0,,adjusted
2023-11-16,104.81,105.12,102.87,103.6,103.6,75711.0,,adjusted
2023-11-17,103.2,105.14,102.61,103.89,103.89,79343.0,,adjusted
2023-11-20,103.89,103.9,98.79,98.97,98.97,183399.0,,adjusted
2023-11-21,99.01,99.39,96.52,96.81,96.81,130612.0,,adjusted
2023-11-22,96.16,96.66,94.51,94.6,94.6,121588.0,,adjusted
2023-11-23,94.54,95.7,93.79,95.6,95.6,103366.0,,adjusted
2023-11-24,95.61,95.7,93.51,93.67,93.67,75504.0,,adjusted
2023-11-27,93.04,94.21,92.41,93.95,93.95,88520.0,,adjusted
2023-11-28,93.95,94.61,93.11,94.11,94.11,76904.0,,adjusted
2023-11-29,95.41,95.9,93.26,93.55,93.55,90473.0,,adjusted
2023-11-30,93.11,93.38,92.15,93.01,93.01,69929.0,,adjusted
2023-12-01,93.06,94.29,91.2,94.06,94.06,100490.0,,adjusted
2023-12-04,93.78,94.31,93.24,93.38,93.38,69280.0,,adjusted
2023-12-05,92.91,92.92,88.82,88.97,88.97,125653.0,,adjusted
2023-12-06,88.18,90.91,88.11,90.23,90.23,90696.0,,adjusted
2023-12-07,89.91,90.64,88.21,88.68,88.68,78630.0,,adjusted
2023-12-08,88.76,91.24,88.24,90.82,90.82,132187.0,,adjusted
2023-12-11,89.96,92.36,88.71,91.81,91.81,105820.0,,adjusted
2023-12-12,91.91,94.44,91.42,92.53,92.53,111808.0,,adjusted
2023-12-13,92.06,94.06,91.59,92.21,92.21,96568.0,,adjusted
2023-12-14,93.32,95.38,92.75,94.02,94.02,130085.0,,adjusted
2023-12-15,94.27,94.67,92.42,93.05,93.05,85616.0,,adjusted
2023-12-18,92.12,92.7,91.18,91.55,91.55,58331.0,,adjusted
2023-12-19,91.29,93.91,91.15,92.79,92.79,78288.0,,adjusted
2023-12-20,92.66,92.88,89.39,90.07,90.07,93801.0,,adjusted
2023-12-21,89.7,91.76,89.31,90.6,90.6,69518.0,,adjusted
2023-12-22,91.9,92.86,89.51,90.03,90.03,82274.0,,adjusted
2023-12-25,89.41,90.64,88.9,89.83,89.83,50224.0,,adjusted
2023-12-26,89.83,90.01,87.72,88.05,88.05,59596.0,,adjusted
2023-12-27,88.16,90.91,88.16,89.74,89.74,108929.0,,adjusted
2023-12-28,89.65,92.18,88.25,91.41,91.41,112093.0,,adjusted
2023-12-29,91.21,92.41,90.79,91.3,91.3,85481.0,,adjusted
2024-01-02,91.31,91.31,88.76,88.89,88.89,89306.0,,adjusted
2024-01-03,88.71,88.81,83.77,84.97,84.97,166064.0,,adjusted
2024-01-04,84.63,84.77,78.91,80.21,80.21,211787.0,,adjusted
2024-01-05,79.56,81.16,77.3,78.61,78.61,171855.0,,adjusted
2024-01-08,77.91,78.79,75.6,76.52,76.52,170528.0,,adjusted
2024-01-09,76.91,77.7,75.27,76.61,76.61,122956.0,,adjusted
2024-01-10,76.04,76.79,74.76,75.49,75.49,95308.0,,adjusted
2024-01-11,75.07,77.07,75.04,76.77,76.77,102067.0,,adjusted
2024-01-12,76.28,76.58,75.24,75.51,75.51,79635.0,,adjusted
2024-01-15,75.06,77.21,74.41,75.46,75.46,96918.0,,adjusted
2024-01-16,75.31,75.83,73.67,75.39,75.39,110778.0,,adjusted
2024-01-17,74.91,75.69,73.23,73.24,73.24,81264.0,,adjusted
2024-01-18,72.78,75.09,71.72,74.84,74.84,137846.0,,adjusted
2024-01-19,74.46,75.4,73.91,74.19,74.19,81700.0,,adjusted
2024-01-22,74.01,74.41,70.21,71.2,71.2,126164.0,,adjusted
2024-01-23,71.21,72.91,70.91,72.14,72.14,99237.0,,adjusted
2024-01-24,72.71,72.85,68.81,71.01,71.01,131249.0,,adjusted
2024-01-25,70.78,73.21,70.27,73.07,73.07,119392.0,,adjusted
2024-01-26,70.91,70.91,66.91,67.64,67.64,299187.0,,adjusted
2024-01-29,66.81,68.21,64.62,65.59,65.59,194374.0,,adjusted
2024-01-30,65.43,66.2,63.96,64.26,64.26,98853.0,,adjusted
2024-01-31,63.91,64.72,61.32,61.41,61.41,142307.0,,adjusted
2024-02-01,61.33,64.6,60.82,62.22,62.22,153425.0,,adjusted
2024-02-02,62.61,62.98,56.91,59.09,59.09,182120.0,,adjusted
2024-02-05,58.9,58.91,54.11,56.83,56.83,182840.0,,adjusted
2024-02-06,56.54,60.91,55.91,60.87,60.87,173490.0,,adjusted
2024-02-07,61.06,62.48,60.29,61.21,61.21,177465.0,,adjusted
2024-02-08,61.69,67.44,61.66,67.44,67.44,210110.0,,adjusted
2024-02-19,67.46,67.9,63.68,65.86,65.86,261611.0,,adjusted
2024-02-20,65.1,70.93,63.34,69.06,69.06,301582.0,,adjusted
2024-02-21,66.41,70.51,66.26,68.18,68.18,341447.0,,adjusted
2024-02-22,66.91,71.95,66.71,71.45,71.45,301343.0,,adjusted
2024-02-23,71.46,72.22,69.9,70.89,70.89,262476.0,,adjusted
2024-02-26,70.91,71.73,69.71,70.27,70.27,186353.0,,adjusted
2024-02-27,69.83,73.54,69.17,73.1,73.1,234335.0,,adjusted
2024-02-28,73.21,74.51,68.72,68.81,68.81,242150.0,,adjusted
2024-02-29,68.21,72.21,68.02,72.18,72.18,229640.0,,adjusted
2024-03-01,72.28,75.57,72.07,74.67,74.67,244928.0,,adjusted
2024-03-04,75.09,75.57,73.06,73.84,73.84,192938.0,,adjusted
2024-03-05,73.01,74.6,72.7,73.17,73.17,167057.0,,adjusted
2024-03-06,72.91,73.16,70.99,71.74,71.74,148200.0,,adjusted
2024-03-07,71.88,73.11,69.41,69.43,69.43,151815.0,,adjusted
2024-03-08,69.94,71.39,69.38,70.51,70.51,123363.0,,adjusted
2024-03-11,69.63,73.71,68.96,73.54,73.54,194193.0,,adjusted
2024-03-12,73.88,81.0,73.4,77.91,77.91,449151.0,,adjusted
2024-03-13,78.91,79.31,76.21,77.26,77.26,295310.0,,adjusted
2024-03-14,76.46,77.53,75.27,76.09,76.09,177707.0,,adjusted
2024-03-15,75.91,76.67,74.29,76.33,76.33,182268.0,,adjusted
2024-03-18,76.56,77.41,75.57,76.8,76.8,213065.0,,adjusted
2024-03-19,76.81,78.86,75.81,76.12,76.12,223805.0,,adjusted
2024-03-20,75.68,76.76,74.68,76.01,76.01,154258.0,,adjusted
2024-03-21,78.25,81.23,77.21,79.06,79.06,378439.0,,adjusted
2024-03-22,79.91,81.34,77.2,77.29,77.29,316452.0,,adjusted
2024-03-25,75.93,76.33,72.25,72.44,72.44,267224.0,,adjusted
2024-03-26,73.56,78.57,73.31,75.38,75.38,302069.0,,adjusted
2024-03-27,74.87,75.14,69.43,69.66,69.66,242539.0,,adjusted
2024-03-28,69.66,72.37,68.59,71.66,71.66,170200.0,,adjusted
2024-03-29,71.65,71.65,69.36,70.78,70.78,144973.0,,adjusted
2024-04-01,70.86,71.58,69.91,71.35,71.35,179330.0,,adjusted
2024-04-02,72.8,72.92,70.36,70.81,70.81,164827.0,,adjusted
2024-04-03,70.27,72.78,68.29,70.52,70.52,238378.0,,adjusted
2024-04-08,70.31,70.91,68.65,68.65,68.65,158218.0,,adjusted
2024-04-09,68.71,69.8,67.91,68.76,68.76,119523.0,,adjusted
2024-04-10,68.91,69.17,65.12,65.33,65.33,174331.0,,adjusted
2024-04-11,65.51,71.24,65.51,69.09,69.09,335969.0,,adjusted
2024-04-12,68.71,75.15,68.51,72.76,72.76,358401.0,,adjusted
2024-04-15,71.91,72.69,70.98,72.11,72.11,209792.0,,adjusted
2024-04-16,71.59,71.59,67.71,67.78,67.78,181051.0,,adjusted
2024-04-17,69.41,74.67,68.71,74.67,74.67,343275.0,,adjusted
2024-04-18,75.42,76.31,74.34,74.91,74.91,276420.0,,adjusted
2024-04-19,74.21,74.41,71.56,73.0,73.0,223472.0,,adjusted
2024-04-22,69.26,75.08,68.0,74.87,74.87,368903.0,,adjusted
2024-04-23,74.61,75.21,72.99,73.41,73.41,194734.0,,adjusted
2024-04-24,74.16,77.23,74.16,76.81,76.81,294444.0,,adjusted
2024-04-25,76.02,78.18,75.92,76.02,76.02,214550.0,,adjusted
2024-04-26,76.01,78.59,75.84,77.61,77.61,250227.0,,adjusted
2024-04-29,77.61,79.88,77.38,77.66,77.66,288115.0,,adjusted
2024-04-30,77.62,79.51,77.13,77.66,77.66,179260.0,,adjusted
2024-05-06,78.93,81.84,78.93,80.85,80.85,241320.0,,adjusted
2024-05-07,80.89,85.9,80.7,82.94,82.94,278869.0,,adjusted
2024-05-08,82.91,82.91,80.43,80.9,80.9,186681.0,,adjusted
2024-05-09,80.42,82.41,80.35,81.5,81.5,166501.0,,adjusted
2024-05-10,81.71,84.41,80.8,81.4,81.4,234198.0,,adjusted
2024-05-13,79.91,86.48,79.68,85.23,85.23,270239.0,,adjusted
2024-05-14,85.53,86.11,84.01,85.53,85.53,181396.0,,adjusted
2024-05-15,85.62,85.7,81.95,82.33,82.33,170668.0,,adjusted
2024-05-16,82.91,83.41,79.91,80.46,80.46,182247.0,,adjusted
2024-05-17,80.56,81.91,79.71,81.78,81.78,136860.0,,adjusted
2024-05-20,81.76,82.3,80.43,81.59,81.59,122590.0,,adjusted
2024-05-21,81.41,83.24,81.01,81.83,81.83,105912.0,,adjusted
2024-05-22,81.83,82.33,80.18,81.44,81.44,124375.0,,adjusted
2024-05-23,81.44,82.51,80.13,80.17,80.17,120848.0,,adjusted
2024-05-24,80.0,80.79,77.22,77.51,77.51,180089.0,,adjusted
2024-05-27,77.75,80.43,75.92,80.39,80.39,183544.0,,adjusted
2024-05-28,80.3,84.07,79.93,80.6,80.6,221077.0,,adjusted
2024-05-29,79.93,80.89,78.91,79.35,79.35,107370.0,,adjusted
2024-05-30,79.29,81.89,78.26,81.29,81.29,154289.0,,adjusted
2024-05-31,81.4,83.9,80.94,82.02,82.02,167151.0,,adjusted
2024-06-03,82.92,85.93,82.41,85.08,85.08,248981.0,,adjusted
2024-06-04,85.08,85.69,83.09,84.21,84.21,143704.0,,adjusted
2024-06-05,83.86,85.75,83.63,83.68,83.68,127391.0,,adjusted
2024-06-06,84.53,85.11,81.79,82.06,82.06,184984.0,,adjusted
2024-06-07,82.48,84.21,81.31,82.37,82.37,137299.0,,adjusted
2024-06-11,82.91,86.49,82.51,86.47,86.47,233338.0,,adjusted
2024-06-12,85.93,87.59,85.21,85.51,85.51,189218.0,,adjusted
2024-06-13,86.81,90.24,86.46,87.91,87.91,271534.0,,adjusted
2024-06-14,87.41,89.59,85.76,89.57,89.57,192350.0,,adjusted
2024-06-17,89.21,93.9,88.9,93.19,93.19,243112.0,,adjusted
2024-06-18,93.11,94.4,91.34,92.51,92.51,195009.0,,adjusted
2024-06-19,94.11,96.06,92.56,93.62,93.62,212260.0,,adjusted
2024-06-20,92.91,94.51,91.66,91.91,91.91,166269.0,,adjusted
2024-06-21,89.99,93.91,89.41,93.41,93.41,171038.0,,adjusted
2024-06-24,93.11,95.53,91.14,91.36,91.36,183877.0,,adjusted
2024-06-25,90.91,92.41,87.88,88.86,88.86,210701.0,,adjusted
2024-06-26,89.57,92.71,88.27,92.11,92.11,155305.0,,adjusted
2024-06-27,91.02,95.37,90.91,93.11,93.11,206372.0,,adjusted
2024-06-28,91.96,95.15,91.92,94.53,94.53,160694.0,,adjusted
2024-07-01,93.97,94.9,89.46,93.32,93.32,158483.0,,adjusted
2024-07-02,92.92,92.92,88.72,89.12,89.12,183591.0,,adjusted
2024-07-03,88.93,91.41,88.32,90.6,90.6,130300.0,,adjusted
2024-07-04,90.55,92.9,90.21,90.51,90.51,114456.0,,adjusted
2024-07-05,90.51,91.41,87.49,90.75,90.75,144750.0,,adjusted
2024-07-08,91.88,92.5,90.58,90.87,90.87,118837.0,,adjusted
2024-07-09,90.91,95.91,89.61,95.33,95.33,208468.0,,adjusted
2024-07-10,95.37,96.83,94.69,95.95,95.95,144936.0,,adjusted
2024-07-11,97.21,98.77,94.43,96.73,96.73,157587.0,,adjusted
2024-07-12,95.52,97.11,94.21,96.26,96.26,104758.0,,adjusted
2024-07-15,95.91,97.26,95.46,96.11,96.11,79492.0,,adjusted
2024-07-16,95.61,97.51,94.23,96.9,96.9,141012.0,,adjusted
2024-07-17,96.91,97.1,94.82,94.91,94.91,102747.0,,adjusted
2024-07-18,93.22,94.81,88.91,92.91,92.91,205972.0,,adjusted
2024-07-19,91.92,96.2,91.81,94.91,94.91,160181.0,,adjusted
2024-07-22,94.98,95.62,92.49,93.28,93.28,122134.0,,adjusted
2024-07-23,93.29,93.57,87.79,87.79,87.79,194790.0,,adjusted
2024-07-24,87.61,88.92,84.91,85.21,85.21,169626.0,,adjusted
2024-07-25,85.16,85.16,82.61,83.31,83.31,127456.0,,adjusted
2024-07-26,83.61,84.43,82.17,83.32,83.32,119138.0,,adjusted
2024-07-29,83.32,84.08,81.41,81.46,81.46,126163.0,,adjusted
2024-07-30,81.13,82.57,79.51,81.9,81.9,123523.0,,adjusted
2024-07-31,81.31,84.96,80.91,84.89,84.89,160430.0,,adjusted
2024-08-01,85.21,86.58,84.51,85.65,85.65,135555.0,,adjusted
2024-08-02,84.15,84.98,81.82,81.97,81.97,131562.0,,adjusted
2024-08-05,79.94,81.41,76.52,76.57,76.57,232581.0,,adjusted
2024-08-06,77.89,78.39,75.84,77.09,77.09,127303.0,,adjusted
2024-08-07,76.96,77.31,75.57,75.86,75.86,92951.0,,adjusted
2024-08-08,75.18,77.06,73.99,76.48,76.48,144859.0,,adjusted
2024-08-09,77.71,78.41,76.91,77.03,77.03,117233.0,,adjusted
2024-08-12,76.68,77.56,76.46,77.1,77.1,60116.0,,adjusted
2024-08-13,77.51,78.07,76.49,77.87,77.87,70070.0,,adjusted
2024-08-14,77.91,78.22,77.02,77.14,77.14,63145.0,,adjusted
2024-08-15,77.11,79.18,76.73,77.66,77.66,99146.0,,adjusted
2024-08-16,77.99,79.0,77.57,77.81,77.81,84242.0,,adjusted
2024-08-19,77.51,78.7,77.23,77.89,77.89,68173.0,,adjusted
2024-08-20,78.38,78.71,77.26,78.14,78.14,82797.0,,adjusted
2024-08-21,77.48,77.48,72.88,72.9,72.9,279296.0,,adjusted
2024-08-22,73.29,73.65,71.52,72.56,72.56,147043.0,,adjusted
2024-08-23,71.91,72.41,70.93,71.27,71.27,111643.0,,adjusted
2024-08-26,71.53,71.79,69.93,70.19,70.19,101198.0,,adjusted
2024-08-27,70.18,70.47,68.91,69.14,69.14,92169.0,,adjusted
2024-08-28,69.14,69.65,68.56,68.86,68.86,76391.0,,adjusted
2024-08-29,68.61,69.96,67.68,68.91,68.91,107256.0,,adjusted
2024-08-30,68.91,71.84,68.79,71.29,71.29,170538.0,,adjusted
2024-09-02,71.29,71.29,67.43,67.45,67.45,150410.0,,adjusted
2024-09-03,68.12,69.58,67.83,68.93,68.93,95342.0,,adjusted
2024-09-04,67.94,68.79,67.48,67.75,67.75,98247.0,,adjusted
2024-09-05,67.91,68.96,67.73,68.3,68.3,75729.0,,adjusted
2024-09-06,68.35,68.5,66.79,66.79,66.79,74284.0,,adjusted
2024-09-09,66.28,67.7,66.17,66.55,66.55,61950.0,,adjusted
2024-09-10,66.79,67.31,65.31,66.84,66.84,102472.0,,adjusted
2024-09-11,66.51,67.0,65.91,66.55,66.55,77410.0,,adjusted
2024-09-12,66.91,67.37,65.71,65.71,65.71,71822.0,,adjusted
2024-09-13,65.71,65.99,64.21,64.21,64.21,103629.0,,adjusted
2024-09-18,64.26,64.91,63.04,63.69,63.69,86933.0,,adjusted
2024-09-19,64.21,65.26,63.35,64.42,64.42,106806.0,,adjusted
2024-09-20,64.58,64.93,63.51,64.2,64.2,81352.0,,adjusted
2024-09-23,64.2,65.37,63.75,64.04,64.04,76216.0,,adjusted
2024-09-24,64.72,67.32,63.91,67.31,67.31,191554.0,,adjusted
2024-09-25,68.12,70.45,67.84,68.36,68.36,216608.0,,adjusted
2024-09-26,68.89,74.19,68.72,74.18,74.18,288590.0,,adjusted
2024-09-27,75.31,79.34,74.65,79.31,79.31,182963.0,,adjusted
2024-09-30,84.26,87.35,80.92,87.28,87.28,419207.0,,adjusted
2024-10-08,96.12,96.12,90.36,96.12,96.12,422656.0,,adjusted
2024-10-09,96.01,100.05,90.91,92.01,92.01,608298.0,,adjusted
2024-10-10,92.42,93.68,85.43,86.99,86.99,430400.0,,adjusted
2024-10-11,85.41,86.8,81.78,82.91,82.91,267593.0,,adjusted
2024-10-14,82.91,85.19,80.39,85.03,85.03,287208.0,,adjusted
2024-10-15,85.04,87.36,83.46,83.91,83.91,246540.0,,adjusted
2024-10-16,81.91,83.38,81.06,81.99,81.99,183826.0,,adjusted
2024-10-17,82.59,84.11,81.29,81.3,81.3,172523.0,,adjusted
2024-10-18,81.11,88.91,80.92,86.65,86.65,361432.0,,adjusted
2024-10-21,91.4,92.0,88.59,88.83,88.83,487794.0,,adjusted
2024-10-22,87.74,89.39,86.71,87.71,87.71,254151.0,,adjusted
2024-10-23,86.91,88.46,86.67,86.91,86.91,198677.0,,adjusted
2024-10-24,86.43,88.46,85.92,87.21,87.21,187431.0,,adjusted
2024-10-25,87.46,89.21,86.11,88.06,88.06,215592.0,,adjusted
2024-10-28,88.05,90.55,87.19,89.67,89.67,244881.0,,adjusted
2024-10-29,89.91,90.75,87.51,87.51,87.51,257678.0,,adjusted
2024-10-30,86.99,89.35,86.65,87.67,87.67,199845.0,,adjusted
2024-10-31,87.66,89.71,86.11,89.08,89.08,280355.0,,adjusted
2024-11-01,88.39,88.81,85.09,85.21,85.21,222232.0,,adjusted
2024-11-04,85.51,89.8,85.21,88.91,88.91,247164.0,,adjusted
2024-11-05,89.11,91.65,88.42,90.99,90.99,287772.0,,adjusted
2024-11-06,100.17,100.17,92.66,93.43,93.43,499021.0,,adjusted
2024-11-07,93.59,96.09,92.92,95.55,95.55,298547.0,,adjusted
2024-11-08,96.55,98.2,93.91,94.39,94.39,366732.0,,adjusted
2024-11-11,94.59,98.6,94.57,98.05,98.05,402356.0,,adjusted
2024-11-12,98.13,98.4,94.96,95.77,95.77,296648.0,,adjusted
2024-11-13,94.84,95.71,92.81,95.22,95.22,212449.0,,adjusted
2024-11-14,94.81,94.81,90.91,91.13,91.13,194035.0,,adjusted
2024-11-15,91.17,93.14,88.06,88.5,88.5,211988.0,,adjusted
2024-11-18,88.41,89.24,84.8,85.37,85.37,203141.0,,adjusted
2024-11-19,85.98,87.86,84.8,87.67,87.67,163175.0,,adjusted
2024-11-20,87.22,87.83,86.42,87.22,87.22,124180.0,,adjusted
2024-11-21,87.23,88.08,86.29,87.23,87.23,122344.0,,adjusted
2024-11-22,87.24,87.89,83.21,83.29,83.29,171456.0,,adjusted
2024-11-25,83.91,84.35,81.11,82.82,82.82,141962.0,,adjusted
2024-11-26,82.11,83.28,82.03,82.13,82.13,87804.0,,adjusted
2024-11-27,81.93,83.91,80.81,83.91,83.91,138669.0,,adjusted
2024-11-28,84.2,85.36,83.41,84.15,84.15,143048.0,,adjusted
2024-11-29,83.72,86.23,82.82,84.69,84.69,161046.0,,adjusted
2024-12-02,82.91,84.21,82.34,83.69,83.69,239902.0,,adjusted
2024-12-03,83.97,84.02,81.92,82.63,82.63,166224.0,,adjusted
2024-12-04,84.73,86.51,84.27,84.78,84.78,313316.0,,adjusted
2024-12-05,84.79,85.06,83.46,83.99,83.99,153549.0,,adjusted
2024-12-06,83.96,85.11,83.22,84.89,84.89,156018.0,,adjusted
2024-12-09,84.02,84.69,81.71,82.23,82.23,219970.0,,adjusted
2024-12-10,84.79,85.15,82.24,82.6,82.6,227811.0,,adjusted
2024-12-11,82.21,83.91,81.99,83.12,83.12,137045.0,,adjusted
2024-12-12,83.13,83.97,82.29,83.44,83.44,155349.0,,adjusted
2024-12-13,82.91,91.89,82.73,91.89,91.89,803881.0,,adjusted
2024-12-16,90.49,98.91,90.0,95.57,95.57,899435.0,,adjusted
2024-12-17,94.11,95.91,92.07,92.59,92.59,391215.0,,adjusted
2024-12-18,92.21,101.96,92.21,101.96,101.96,576227.0,,adjusted
2024-12-19,105.41,112.27,103.91,111.06,111.06,1047836.0,,adjusted
2024-12-20,109.61,113.51,108.46,112.11,112.11,668293.0,,adjusted
2024-12-23,115.57,115.91,106.16,106.16,106.16,599234.0,,adjusted
2024-12-24,106.91,107.9,101.73,106.91,106.91,568962.0,,adjusted
2024-12-25,107.91,112.91,106.87,108.67,108.67,494789.0,,adjusted
2024-12-26,107.41,114.79,106.9,113.91,113.91,484284.0,,adjusted
2024-12-27,113.9,116.41,110.4,110.87,110.87,403969.0,,adjusted
2024-12-30,112.12,114.67,109.2,112.73,112.73,321040.0,,adjusted
2024-12-31,112.91,112.99,105.71,105.71,105.71,366544.0,,adjusted
2025-01-02,105.16,106.11,100.67,101.9,101.9,302431.0,,adjusted
2025-01-03,102.51,105.51,99.0,102.01,102.01,341289.0,,adjusted
2025-01-06,102.55,103.71,97.54,98.45,98.45,313420.0,,adjusted
2025-01-07,99.35,105.24,98.56,104.11,104.11,338771.0,,adjusted
2025-01-08,103.07,114.63,102.71,113.56,113.56,620005.0,,adjusted
2025-01-09,112.23,124.2,112.02,121.81,121.81,636921.0,,adjusted
2025-01-10,118.91,122.77,118.79,119.41,119.41,359245.0,,adjusted
2025-01-13,117.91,120.81,114.94,116.76,116.76,313077.0,,adjusted
2025-01-14,116.9,128.55,113.42,128.55,128.55,504030.0,,adjusted
2025-01-15,128.7,136.71,127.12,131.77,131.77,535336.0,,adjusted
2025-01-16,130.98,132.79,124.08,127.11,127.11,394024.0,,adjusted
2025-01-17,127.81,136.67,127.35,133.7,133.7,418945.0,,adjusted
2025-01-20,133.71,133.79,129.91,131.91,131.91,275941.0,,adjusted
2025-01-21,132.94,138.71,127.03,131.01,131.01,446601.0,,adjusted
2025-01-22,128.91,138.21,127.51,135.12,135.12,407133.0,,adjusted
2025-01-23,135.91,139.91,128.56,129.38,129.38,398255.0,,adjusted
2025-01-24,128.7,130.59,126.36,129.41,129.41,336735.0,,adjusted
2025-01-27,128.25,130.36,125.4,126.31,126.31,223230.0,,adjusted
2025-02-05,132.89,137.62,132.16,134.26,134.26,354214.0,,adjusted
2025-02-06,132.01,142.31,131.91,139.54,139.54,368582.0,,adjusted
2025-02-07,138.41,142.46,134.38,137.47,137.47,357779.0,,adjusted
2025-02-10,137.41,137.41,132.82,133.54,133.54,264705.0,,adjusted
2025-02-11,133.51,135.29,130.9,132.91,132.91,201522.0,,adjusted
2025-02-12,132.41,134.35,129.9,133.89,133.89,254827.0,,adjusted
2025-02-13,133.79,133.79,125.91,126.59,126.59,364995.0,,adjusted
2025-02-14,126.18,127.35,123.95,126.23,126.23,261862.0,,adjusted
2025-02-17,126.21,127.71,124.72,126.4,126.4,270844.0,,adjusted
2025-02-18,126.31,126.37,121.59,122.38,122.38,286452.0,,adjusted
2025-02-19,122.37,127.35,121.91,126.42,126.42,344094.0,,adjusted
2025-02-20,126.41,128.92,123.91,127.3,127.3,235787.0,,adjusted
2025-02-21,127.32,139.11,126.51,136.96,136.96,495341.0,,adjusted
2025-02-24,137.71,146.47,135.96,141.91,141.91,396754.0,,adjusted
2025-02-25,137.91,140.66,134.27,135.91,135.91,359209.0,,adjusted
2025-02-26,135.91,136.41,130.22,135.68,135.68,276195.0,,adjusted
2025-02-27,134.91,137.4,129.42,132.65,132.65,273432.0,,adjusted
2025-02-28,130.9,139.68,130.02,130.74,130.74,446939.0,,adjusted
2025-03-03,133.91,133.91,125.3,128.49,128.49,275996.0,,adjusted
2025-03-04,125.77,136.55,122.92,133.41,133.41,352140.0,,adjusted
2025-03-05,134.31,136.79,131.91,134.79,134.79,245854.0,,adjusted
2025-03-06,134.81,138.74,134.12,136.64,136.64,272123.0,,adjusted
2025-03-07,135.25,135.26,130.11,133.59,133.59,282992.0,,adjusted
2025-03-10,131.12,132.92,129.55,131.43,131.43,177743.0,,adjusted
2025-03-11,128.02,129.71,126.21,127.09,127.09,214038.0,,adjusted
2025-03-12,128.3,130.1,126.06,127.39,127.39,198808.0,,adjusted
2025-03-13,126.46,127.1,121.91,123.19,123.19,215335.0,,adjusted
2025-03-14,122.87,129.35,122.71,128.8,128.8,242066.0,,adjusted
2025-03-17,128.19,129.02,126.41,126.94,126.94,123718.0,,adjusted
2025-03-18,127.69,131.11,126.93,128.82,128.82,197663.0,,adjusted
2025-03-19,127.91,130.89,127.02,129.86,129.86,188514.0,,adjusted
2025-03-20,129.22,131.8,127.04,127.31,127.31,151365.0,,adjusted
2025-03-21,125.91,127.04,122.09,122.52,122.52,166106.0,,adjusted
2025-03-24,122.72,124.11,120.76,124.03,124.03,151311.0,,adjusted
2025-03-25,123.27,123.71,117.87,118.22,118.22,205427.0,,adjusted
2025-03-26,118.22,119.05,115.49,115.87,115.87,196425.0,,adjusted
2025-03-27,115.46,119.2,115.46,116.54,116.54,142425.0,,adjusted
2025-03-28,115.91,117.13,115.56,115.92,115.92,84041.0,,adjusted
2025-03-31,115.96,116.8,113.01,115.79,115.79,123085.0,,adjusted
2025-04-01,116.41,117.89,114.71,116.4,116.4,120796.0,,adjusted
2025-04-02,116.4,117.59,115.61,116.5,116.5,79608.0,,adjusted
2025-04-03,114.56,117.21,113.81,114.66,114.66,99818.0,,adjusted
2025-04-07,103.91,110.9,103.09,103.11,103.11,254542.0,,adjusted
2025-04-08,104.77,105.57,99.79,102.39,102.39,269520.0,,adjusted
2025-04-09,100.9,106.41,97.78,103.87,103.87,275810.0,,adjusted
2025-04-10,107.9,109.43,105.59,106.81,106.81,214669.0,,adjusted
2025-04-11,106.6,115.71,105.01,111.23,111.23,322465.0,,adjusted
2025-04-14,113.23,113.4,109.29,110.64,110.64,185818.0,,adjusted
2025-04-15,109.91,110.65,107.71,108.91,108.91,126750.0,,adjusted
2025-04-16,109.02,109.51,105.91,108.1,108.1,126393.0,,adjusted
2025-04-17,107.84,109.92,107.19,108.11,108.11,110044.0,,adjusted
2025-04-18,107.79,107.79,106.3,107.21,107.21,69225.0,,adjusted
2025-04-21,107.82,111.91,106.92,111.37,111.37,139402.0,,adjusted
2025-04-22,111.3,114.69,110.86,111.26,111.26,138860.0,,adjusted
2025-04-23,111.9,114.01,111.12,113.51,113.51,151093.0,,adjusted
2025-04-24,114.01,114.01,109.11,110.07,110.07,155130.0,,adjusted
2025-04-25,110.11,113.79,109.59,111.54,111.54,161913.0,,adjusted
2025-04-28,111.54,114.41,108.72,114.11,114.11,217573.0,,adjusted
2025-04-29,115.11,125.63,115.03,125.63,125.63,438086.0,,adjusted
2025-04-30,125.79,128.61,124.41,127.6,127.6,334760.0,,adjusted
2025-05-06,129.47,133.95,129.21,130.76,130.76,301980.0,,adjusted
2025-05-07,130.97,131.68,128.26,129.26,129.26,181044.0,,adjusted
2025-05-08,128.02,128.91,125.94,126.43,126.43,161852.0,,adjusted
2025-05-09,125.23,125.85,122.62,123.31,123.31,165548.0,,adjusted
2025-05-12,124.42,125.53,122.78,124.39,124.39,129131.0,,adjusted
2025-05-13,125.94,127.43,124.07,124.42,124.42,175633.0,,adjusted
2025-05-14,124.44,126.55,122.39,123.4,123.4,146484.0,,adjusted
2025-05-15,122.91,123.5,120.41,120.91,120.91,124373.0,,adjusted
2025-05-16,120.94,122.29,120.66,121.2,121.2,83634.0,,adjusted
2025-05-19,121.88,126.7,120.77,125.21,125.21,223654.0,,adjusted
2025-05-20,124.71,127.46,123.42,125.06,125.06,158107.0,,adjusted
2025-05-21,123.46,123.48,115.99,117.05,117.05,316145.0,,adjusted
2025-05-22,116.91,119.44,116.41,116.57,116.57,131298.0,,adjusted
2025-05-23,116.0,117.12,114.31,114.31,114.31,138800.0,,adjusted
2025-05-26,114.39,115.99,113.54,114.94,114.94,112030.0,,adjusted
2025-05-27,114.34,114.78,111.76,111.81,111.81,114106.0,,adjusted
2025-05-28,112.56,114.2,112.14,112.41,112.41,112959.0,,adjusted
2025-05-29,112.68,113.35,111.43,112.66,112.66,115026.0,,adjusted
2025-05-30,112.11,113.21,110.4,111.21,111.21,102838.0,,adjusted
2025-06-03,110.02,114.05,109.92,111.79,111.79,117564.0,,adjusted
2025-06-04,112.17,115.77,111.78,114.49,114.49,136630.0,,adjusted
2025-06-05,114.9,117.39,113.69,116.81,116.81,146717.0,,adjusted
2025-06-06,116.57,126.69,115.92,122.35,122.35,291918.0,,adjusted
2025-06-09,121.91,122.81,120.28,121.54,121.54,161339.0,,adjusted
2025-06-10,121.81,121.82,116.62,118.31,118.31,141368.0,,adjusted
2025-06-11,118.47,120.71,117.91,118.06,118.06,103580.0,,adjusted
2025-06-12,118.79,121.11,117.91,118.86,118.86,128927.0,,adjusted
2025-06-13,117.81,118.88,116.69,117.81,117.81,112649.0,,adjusted
2025-06-16,117.91,123.23,117.91,119.92,119.92,169117.0,,adjusted
2025-06-17,121.52,123.91,119.09,121.23,121.23,144413.0,,adjusted
2025-06-18,120.9,123.53,117.91,121.53,121.53,146720.0,,adjusted
2025-06-19,121.29,125.4,121.11,122.12,122.12,182640.0,,adjusted
2025-06-20,121.52,122.16,116.41,117.87,117.87,165939.0,,adjusted
2025-06-23,116.62,120.6,116.3,119.12,119.12,112579.0,,adjusted
2025-06-24,121.17,123.81,120.81,122.82,122.82,167500.0,,adjusted
2025-06-25,123.89,124.7,121.51,124.41,124.41,174732.0,,adjusted
2025-06-26,124.11,124.56,121.91,122.16,122.16,131305.0,,adjusted
2025-06-27,123.21,126.41,121.21,125.25,125.25,209867.0,,adjusted
2025-06-30,127.28,127.41,124.11,125.44,125.44,141434.0,,adjusted
2025-07-01,124.91,125.46,122.42,122.93,122.93,142876.0,,adjusted
2025-07-02,122.19,122.21,119.01,119.89,119.89,130681.0,,adjusted
2025-07-03,119.83,120.8,118.25,118.97,118.97,128590.0,,adjusted
2025-07-04,118.44,119.55,116.76,118.1,118.1,141827.0,,adjusted
2025-07-07,118.23,120.06,117.11,120.06,120.06,114585.0,,adjusted
2025-07-08,122.25,122.75,120.26,120.96,120.96,151878.0,,adjusted
2025-07-09,120.16,120.24,118.54,118.72,118.72,126056.0,,adjusted
2025-07-10,118.27,119.12,117.29,117.31,117.31,111583.0,,adjusted
2025-07-11,117.15,118.35,116.62,117.61,117.61,129774.0,,adjusted
2025-07-14,117.86,118.45,116.71,116.84,116.84,112792.0,,adjusted
2025-07-15,116.35,116.81,113.25,114.25,114.25,236203.0,,adjusted
2025-07-16,114.25,115.65,113.25,113.49,113.49,158743.0,,adjusted
2025-07-17,113.3,117.44,113.07,117.24,117.24,241275.0,,adjusted
2025-07-18,117.11,119.55,115.48,116.41,116.41,203233.0,,adjusted
2025-07-21,116.07,116.78,114.65,116.36,116.36,115944.0,,adjusted
2025-07-22,116.22,116.58,115.05,115.12,115.12,143927.0,,adjusted
2025-07-23,115.02,117.61,114.75,116.24,116.24,149111.0,,adjusted
2025-07-24,115.85,117.25,114.39,117.14,117.14,172254.0,,adjusted
2025-07-25,117.15,121.25,117.15,121.19,121.19,356934.0,,adjusted
2025-07-28,121.25,121.45,118.96,119.51,119.51,191012.0,,adjusted
2025-07-29,119.25,120.75,118.65,119.53,119.53,169941.0,,adjusted
2025-07-30,123.31,128.92,122.56,123.24,123.24,472987.0,,adjusted
2025-07-31,120.25,126.05,119.53,120.38,120.38,308748.0,,adjusted
2025-08-01,119.75,121.35,116.34,116.56,116.56,247813.0,,adjusted
2025-08-04,115.55,119.45,115.55,118.09,118.09,160783.0,,adjusted
2025-08-05,118.25,118.55,116.55,117.25,117.25,124851.0,,adjusted
2025-08-06,117.25,117.9,116.26,117.53,117.53,114486.0,,adjusted
2025-08-07,117.23,118.45,116.57,116.92,116.92,169941.0,,adjusted
2025-08-08,116.93,116.93,115.65,115.65,115.65,121513.0,,adjusted
2025-08-11,116.04,117.75,115.73,117.2,117.2,127982.0,,adjusted
2025-08-12,117.56,120.75,116.85,119.72,119.72,252756.0,,adjusted
2025-08-13,119.74,122.25,119.19,120.71,120.71,240987.0,,adjusted
2025-08-14,120.95,124.74,119.8,120.26,120.26,314003.0,,adjusted
2025-08-15,119.26,122.75,119.26,122.15,122.15,211500.0,,adjusted
2025-08-18,122.58,127.23,120.76,124.95,124.95,328499.0,,adjusted
2025-08-19,124.73,128.13,122.1,122.51,122.51,323175.0,,adjusted
2025-08-20,122.25,126.5,121.26,126.26,126.26,359898.0,,adjusted
2025-08-21,131.34,138.96,131.34,136.41,136.41,858971.0,,adjusted
2025-08-22,134.37,150.13,134.33,150.13,150.13,780791.0,,adjusted
2025-08-25,158.25,162.75,152.13,157.05,157.05,836198.0,,adjusted
2025-08-26,157.05,157.05,151.87,153.65,153.65,382253.0,,adjusted
2025-08-27,155.12,167.75,151.43,157.88,157.88,623811.0,,adjusted
2025-08-28,160.25,165.05,158.26,163.7,163.7,494328.0,,adjusted
2025-08-29,161.05,161.25,155.65,158.23,158.23,398006.0,,adjusted
2025-09-01,163.36,174.13,156.25,174.13,174.13,612797.0,,adjusted
2025-09-02,178.53,187.25,172.3,175.25,175.25,762852.0,,adjusted
2025-09-03,175.51,176.98,167.8,170.34,170.34,441276.0,,adjusted
2025-09-04,168.25,170.32,153.23,153.23,153.23,454981.0,,adjusted
2025-09-05,149.25,163.24,145.05,158.81,158.81,699488.0,,adjusted
2025-09-08,161.18,168.25,158.4,163.08,163.08,523715.0,,adjusted
2025-09-09,160.25,162.05,153.87,156.4,156.4,327320.0,,adjusted
2025-09-10,156.39,162.5,154.95,160.54,160.54,334657.0,,adjusted
2025-09-11,160.51,176.67,159.25,176.67,176.67,554424.0,,adjusted
2025-09-12,179.24,194.41,176.75,189.46,189.46,710357.0,,adjusted
2025-09-15,192.76,193.75,185.87,190.19,190.19,495483.0,,adjusted
2025-09-16,188.25,196.05,186.14,188.41,188.41,408562.0,,adjusted
2025-09-17,188.24,191.83,182.22,185.85,185.85,339245.0,,adjusted
2025-09-18,188.64,200.1,186.05,190.13,190.13,590411.0,,adjusted
2025-09-19,193.56,195.13,184.16,184.45,184.45,371918.0,,adjusted
2025-09-22,188.13,197.34,185.53,194.26,194.26,411978.0,,adjusted
2025-09-23,195.25,200.84,187.94,193.32,193.32,399946.0,,adjusted
2025-09-24,193.85,207.48,192.25,199.05,199.05,507021.0,,adjusted
2025-09-25,198.25,203.75,192.35,196.66,196.66,404276.0,,adjusted
2025-09-26,195.26,205.27,189.46,189.46,189.46,435201.0,,adjusted
2025-09-29,195.75,202.88,194.35,196.38,196.38,434878.0,,adjusted
2025-09-30,203.59,216.09,202.25,212.55,212.55,597865.0,,adjusted
2025-10-09,221.25,233.88,217.85,224.74,224.74,585390.0,,adjusted
2025-10-10,224.75,229.75,211.37,214.27,214.27,443031.0,,adjusted
2025-10-13,200.75,214.15,200.75,207.1,207.1,424815.0,,adjusted
2025-10-14,214.7,219.78,192.25,195.25,195.25,522018.0,,adjusted
2025-10-15,194.8,201.65,185.66,201.26,201.26,390442.0,,adjusted
2025-10-16,200.69,214.05,197.78,207.38,207.38,458666.0,,adjusted
2025-10-17,207.37,210.75,200.25,200.46,200.46,329358.0,,adjusted
2025-10-20,206.98,214.25,202.28,207.6,207.6,367244.0,,adjusted
2025-10-21,210.25,221.25,208.91,218.26,218.26,405117.0,,adjusted
2025-10-22,213.25,213.25,204.55,210.18,210.18,371830.0,,adjusted
2025-10-23,205.23,207.35,199.64,206.21,206.21,274058.0,,adjusted
2025-10-24,213.25,221.13,211.25,220.33,220.33,450618.0,,adjusted
2025-10-27,229.25,242.44,222.08,242.44,242.44,520916.0,,adjusted
2025-10-28,235.75,253.69,233.83,246.2,246.2,527296.0,,adjusted
2025-10-29,246.21,251.88,235.25,240.4,240.4,503745.0,,adjusted
2025-10-30,245.49,246.25,231.03,231.25,231.25,433654.0,,adjusted
2025-10-31,230.25,233.93,215.25,219.25,219.25,492429.0,,adjusted
2025-11-03,216.25,229.93,215.91,229.35,229.35,462613.0,,adjusted
2025-11-04,230.25,230.47,221.75,224.24,224.24,293368.0,,adjusted
2025-11-05,212.25,219.74,210.2,217.64,217.64,335131.0,,adjusted
2025-11-06,223.75,227.25,221.5,226.45,226.45,343347.0,,adjusted
2025-11-07,221.93,227.14,218.8,220.2,220.2,278989.0,,adjusted
2025-11-10,227.74,230.7,211.75,218.21,218.21,385832.0,,adjusted
2025-11-11,222.85,226.26,215.96,216.24,216.24,341925.0,,adjusted
2025-11-12,212.25,217.83,206.26,208.75,208.75,349523.0,,adjusted
2025-11-13,211.25,229.7,211.13,226.75,226.75,626639.0,,adjusted
2025-11-14,215.25,215.74,205.03,205.03,205.03,548633.0,,adjusted
2025-11-17,207.06,213.99,205.61,206.75,206.75,335061.0,,adjusted
2025-11-18,204.53,206.83,200.82,201.75,201.75,274378.0,,adjusted
2025-11-19,199.5,204.75,198.28,201.77,201.77,238819.0,,adjusted
2025-11-20,206.75,207.25,197.91,198.35,198.35,217605.0,,adjusted
2025-11-21,188.25,189.82,181.76,181.76,181.76,404416.0,,adjusted
2025-11-24,183.0,184.0,175.25,178.43,178.43,340499.0,,adjusted
2025-11-25,184.25,190.85,183.44,189.87,189.87,364021.0,,adjusted
2025-11-26,186.26,198.13,186.05,195.75,195.75,297685.0,,adjusted
2025-11-27,198.13,207.25,198.13,200.11,200.11,319732.0,,adjusted
2025-11-28,198.25,203.6,195.91,202.25,202.25,215652.0,,adjusted
2025-12-01,203.29,214.7,200.45,212.07,212.07,382670.0,,adjusted
2025-12-02,211.03,216.04,207.35,209.75,209.75,249244.0,,adjusted
2025-12-03,209.67,210.24,205.44,206.85,206.85,170708.0,,adjusted
2025-12-04,205.25,212.23,201.24,209.66,209.66,247007.0,,adjusted
2025-12-05,210.17,210.25,204.75,206.06,206.06,169817.0,,adjusted
2025-12-08,207.87,216.22,206.78,213.14,213.14,311307.0,,adjusted
2025-12-09,211.25,214.55,208.55,210.2,210.2,210586.0,,adjusted
2025-12-10,208.34,209.45,202.75,208.09,208.09,191810.0,,adjusted
2025-12-11,211.13,212.25,206.75,207.06,207.06,188246.0,,adjusted
2025-12-12,205.25,213.69,203.26,209.14,209.14,215034.0,,adjusted
2025-12-15,204.27,207.93,202.75,203.41,203.41,175069.0,,adjusted
2025-12-16,202.25,204.71,195.38,197.11,197.11,204825.0,,adjusted
2025-12-17,196.26,202.12,195.2,201.43,201.43,190502.0,,adjusted
2025-12-18,202.75,218.13,202.75,213.7,213.7,418525.0,,adjusted
2025-12-19,219.25,220.25,207.45,209.46,209.46,332395.0,,adjusted
2025-12-22,212.76,218.75,212.76,215.71,215.71,253701.0,,adjusted
2025-12-23,216.24,220.58,214.25,216.63,216.63,254298.0,,adjusted
2025-12-24,219.25,224.25,215.45,223.35,223.35,298410.0,,adjusted
2025-12-25,222.25,228.08,216.58,221.25,221.25,259400.0,,adjusted
2025-12-26,220.25,229.25,219.25,226.22,226.22,296631.0,,adjusted
2025-12-29,224.96,233.69,224.25,227.18,227.18,296019.0,,adjusted
2025-12-30,225.25,228.79,218.35,219.47,219.47,271610.0,,adjusted
2025-12-31,227.26,228.13,211.83,213.5,213.5,354571.0,,adjusted
2018-03-02,150.0,174.44,150.0,151.68,,145709.0,,raw
2018-03-05,153.01,166.85,153.0,166.85,,110770.0,,raw
2018-03-06,171.14,183.42,171.0,177.12,,98206.0,,raw
2018-03-07,175.31,181.0,170.51,175.48,,68827.0,,raw
2018-03-08,176.43,178.88,170.51,172.8,,53614.0,,raw
2018-03-09,171.3,181.0,171.08,175.28,,69357.0,,raw
2018-03-12,177.0,192.81,175.5,192.81,,70974.0,,raw
2018-03-13,196.0,207.89,193.0,196.86,,76875.0,,raw
2018-03-14,198.88,202.0,189.0,192.7,,60303.0,,raw
2018-03-15,191.3,199.98,191.1,199.66,,56455.0,,raw
2018-03-16,201.0,204.65,185.18,190.01,,69728.0,,raw
2018-03-19,188.0,207.5,187.66,204.58,,72845.0,,raw
2018-03-20,203.07,207.5,200.12,202.61,,38589.0,,raw
2018-03-21,203.33,204.33,191.1,193.56,,57409.0,,raw
2018-03-22,193.53,195.29,180.81,182.12,,68626.0,,raw
2018-03-23,173.0,184.5,171.01,177.12,,79044.0,,raw
2018-03-26,182.3,192.77,180.8,188.94,,64648.0,,raw
2018-03-27,191.77,198.08,186.0,195.9,,72032.0,,raw
2018-03-28,192.1,204.77,192.1,194.84,,54424.0,,raw
2018-03-29,197.0,199.9,182.8,190.89,,53475.0,,raw
2018-03-30,191.08,198.55,188.5,196.8,,62450.0,,raw
2018-04-02,200.0,215.67,198.59,207.94,,88466.0,,raw
2018-04-03,205.0,211.8,198.68,208.82,,56839.0,,raw
2018-04-04,208.0,209.47,199.4,199.85,,44850.0,,raw
2018-04-09,199.86,201.88,191.01,195.28,,37669.0,,raw
2018-04-10,193.97,195.0,184.44,191.19,,47265.0,,raw
2018-04-11,190.97,197.0,188.96,191.43,,25879.0,,raw
2018-04-12,190.0,193.53,180.1,181.0,,44538.0,,raw
2018-04-13,183.02,190.4,180.68,186.93,,42562.0,,raw
2018-04-16,184.0,192.5,180.5,187.7,,50930.0,,raw
2018-04-17,193.0,199.19,177.38,178.17,,79371.0,,raw
2018-04-18,181.0,195.99,177.91,195.99,,89127.0,,raw
2018-04-19,199.0,206.71,195.5,196.88,,85891.0,,raw
2018-04-20,195.0,209.9,194.76,205.37,,89249.0,,raw
2018-04-23,205.01,205.5,192.21,193.71,,65913.0,,raw
2018-04-24,191.0,199.49,185.0,199.15,,51073.0,,raw
2018-04-25,195.55,198.0,186.88,189.56,,57972.0,,raw
2018-04-26,188.68,193.28,180.4,181.23,,59116.0,,raw
2018-04-27,185.68,185.68,169.0,174.59,,68095.0,,raw
2018-05-02,174.2,180.35,171.5,174.48,,43898.0,,raw
2018-05-03,167.0,169.0,157.09,168.11,,73359.0,,raw
2018-05-04,166.0,176.45,164.68,173.18,,49898.0,,raw
2018-05-07,172.2,176.33,169.88,173.11,,31106.0,,raw
2018-05-08,174.0,178.17,170.01,172.99,,30652.0,,raw
2018-05-09,171.2,176.97,171.05,172.72,,29415.0,,raw
2018-05-10,171.95,172.98,165.13,166.91,,34750.0,,raw
2018-05-11,166.75,167.8,161.59,165.07,,29892.0,,raw
2018-05-14,162.0,167.3,160.2,161.71,,29229.0,,raw
2018-05-15,161.9,164.35,157.51,163.89,,40733.0,,raw
2018-05-16,163.0,175.27,162.2,169.29,,56050.0,,raw
2018-05-17,170.09,173.47,167.05,170.55,,27479.0,,raw
2018-05-18,170.5,171.95,164.5,167.56,,22562.0,,raw
2018-05-21,118.8,131.35,118.8,131.35,,69718.0,,raw
2018-05-22,129.01,131.5,127.33,128.87,,52888.0,,raw
2018-05-23,128.6,131.58,127.8,128.27,,53406.0,,raw
2018-05-24,128.05,129.0,123.0,123.23,,45045.0,,raw
2018-05-25,123.21,125.5,120.14,120.65,,40165.0,,raw
2018-05-28,120.32,121.97,115.8,116.0,,41942.0,,raw
2018-05-29,116.99,118.33,112.5,113.2,,46114.0,,raw
2018-05-30,111.18,116.43,108.55,109.71,,55036.0,,raw
2018-05-31,110.69,111.8,104.61,108.45,,53631.0,,raw
2018-06-01,107.9,109.99,103.16,104.18,,57959.0,,raw
2018-06-04,105.88,108.32,103.8,105.93,,54235.0,,raw
2018-06-05,106.6,112.5,105.2,111.68,,58946.0,,raw
2018-06-06,110.99,112.6,109.68,111.1,,46393.0,,raw
2018-06-07,112.3,112.5,107.43,108.33,,34867.0,,raw
2018-06-08,107.0,108.1,103.52,104.7,,48879.0,,raw
2018-06-11,103.88,103.95,100.0,100.26,,48517.0,,raw
2018-06-12,100.25,101.5,96.85,100.0,,59427.0,,raw
2018-06-13,100.5,106.66,99.5,103.83,,70409.0,,raw
2018-06-14,102.72,105.96,101.2,103.92,,46350.0,,raw
2018-06-15,103.74,105.68,101.0,104.87,,42416.0,,raw
2018-06-19,103.52,109.71,95.56,101.19,,72962.0,,raw
2018-06-20,99.5,103.0,96.5,100.26,,53303.0,,raw
2018-06-21,98.73,99.98,90.41,90.56,,65558.0,,raw
2018-06-22,89.17,93.8,88.01,91.92,,48638.0,,raw
2018-06-25,93.09,93.8,90.25,90.87,,35176.0,,raw
2018-06-26,89.02,99.96,88.7,97.64,,84571.0,,raw
2018-06-27,98.5,102.93,98.5,101.01,,87429.0,,raw
2018-06-28,100.98,103.5,98.5,98.7,,50091.0,,raw
2018-06-29,100.0,108.57,99.31,108.52,,87361.0,,raw
2018-07-02,107.9,109.5,104.91,107.53,,68524.0,,raw
2018-07-03,107.2,116.5,105.38,113.16,,95200.0,,raw
2018-07-04,112.13,113.98,107.8,109.27,,74946.0,,raw
2018-07-05,107.69,108.88,102.45,102.55,,82769.0,,raw
2018-07-06,102.07,108.9,102.07,103.38,,87825.0,,raw
2018-07-09,103.5,105.99,102.55,104.59,,59208.0,,raw
2018-07-10,103.88,105.6,100.5,102.81,,62521.0,,raw
2018-07-11,100.0,103.17,98.21,100.95,,61550.0,,raw
2018-07-12,101.6,111.0,101.5,109.15,,108902.0,,raw
2018-07-13,108.06,118.0,107.5,116.19,,113688.0,,raw
2018-07-16,116.6,119.8,114.14,117.04,,70410.0,,raw
2018-07-17,118.13,121.99,115.89,119.58,,79396.0,,raw
2018-07-18,122.1,124.99,116.83,116.97,,74815.0,,raw
2018-07-19,115.9,118.33,114.03,116.02,,52554.0,,raw
2018-07-20,116.9,121.36,114.12,119.04,,61749.0,,raw
2018-07-23,120.89,129.16,120.0,128.24,,90555.0,,raw
2018-07-24,125.5,127.7,123.5,126.39,,70360.0,,raw
2018-07-25,125.1,129.47,125.1,126.32,,47516.0,,raw
2018-07-26,125.01,125.6,114.0,117.68,,87268.0,,raw
2018-07-27,117.0,119.6,115.5,118.31,,34463.0,,raw
2018-07-30,118.24,118.55,112.25,113.55,,46129.0,,raw
2018-07-31,114.25,115.7,113.0,114.94,,30209.0,,raw
2018-08-01,116.04,124.5,116.04,118.68,,85459.0,,raw
2018-08-02,119.0,122.38,114.38,120.5,,68918.0,,raw
2018-08-03,115.53,117.7,108.6,108.69,,78511.0,,raw
2018-08-06,106.0,108.13,102.9,104.69,,44750.0,,raw
2018-08-07,105.06,107.33,100.01,107.07,,58596.0,,raw
2018-08-08,105.9,106.9,98.48,99.42,,48916.0,,raw
2018-08-09,98.72,108.11,98.17,106.79,,72492.0,,raw
2018-08-10,106.7,112.5,106.04,111.17,,61559.0,,raw
2018-08-13,109.66,115.28,108.68,114.64,,61479.0,,raw
2018-08-14,113.33,114.2,106.85,108.96,,64963.0,,raw
2018-08-15,108.12,109.93,104.0,104.9,,53104.0,,raw
2018-08-16,101.98,106.89,100.51,102.87,,48999.0,,raw
2018-08-17,104.9,105.85,101.13,102.79,,36492.0,,raw
2018-08-20,101.88,104.96,99.62,104.96,,41074.0,,raw
2018-08-21,104.49,107.18,102.3,105.9,,44782.0,,raw
2018-08-22,104.88,106.8,102.59,103.57,,36531.0,,raw
2018-08-23,103.0,108.4,102.63,107.72,,63505.0,,raw
2018-08-24,106.8,113.68,106.8,112.1,,78475.0,,raw
2018-08-27,110.0,116.99,110.0,114.0,,76857.0,,raw
2018-08-28,114.2,116.21,113.29,114.76,,35850.0,,raw
2018-08-29,114.2,115.5,113.25,114.95,,33275.0,,raw
2018-08-30,115.0,115.47,110.1,110.5,,47525.0,,raw
2018-08-31,110.62,111.73,109.31,109.32,,31148.0,,raw
2018-09-03,108.9,110.32,103.9,110.0,,44439.0,,raw
2018-09-04,110.07,113.47,108.05,112.1,,50046.0,,raw
2018-09-05,111.11,112.36,107.58,107.6,,42405.0,,raw
2018-09-06,106.79,110.09,105.3,107.71,,37821.0,,raw
2018-09-07,107.25,109.64,99.99,102.58,,68345.0,,raw
2018-09-10,101.66,101.66,92.92,94.16,,89898.0,,raw
2018-09-11,94.98,95.5,90.88,92.78,,62814.0,,raw
2018-09-12,92.77,94.99,91.5,93.3,,40831.0,,raw
2018-09-13,94.8,95.15,85.48,89.91,,80223.0,,raw
2018-09-14,90.9,91.1,87.0,87.81,,45966.0,,raw
2018-09-17,87.07,87.87,84.8,84.95,,42671.0,,raw
2018-09-18,84.47,87.31,84.4,87.2,,43272.0,,raw
2018-09-19,86.88,92.85,85.44,90.36,,74439.0,,raw
2018-09-20,89.99,91.0,88.61,88.96,,36163.0,,raw
2018-09-21,89.49,89.58,84.5,88.7,,69889.0,,raw
2018-09-25,87.51,91.17,86.87,89.5,,48382.0,,raw
2018-09-26,89.05,92.5,88.58,90.87,,48600.0,,raw
2018-09-27,90.61,91.78,88.15,88.5,,39065.0,,raw
2018-09-28,88.77,89.32,86.5,88.73,,37350.0,,raw
2018-10-08,85.0,85.0,79.86,79.86,,50652.0,,raw
2018-10-09,77.11,78.75,72.39,74.45,,91680.0,,raw
2018-10-10,74.05,77.65,73.0,75.23,,57379.0,,raw
2018-10-11,70.0,73.3,67.78,69.0,,72268.0,,raw
2018-10-12,69.14,72.6,67.12,71.65,,66602.0,,raw
2018-10-15,71.2,74.3,71.14,72.07,,47901.0,,raw
2018-10-16,71.95,73.9,68.32,69.3,,47402.0,,raw
2018-10-17,72.0,72.5,68.51,71.48,,60218.0,,raw
2018-10-18,71.47,71.5,68.14,69.24,,37877.0,,raw
2018-10-19,67.26,71.3,65.49,70.6,,78164.0,,raw
2018-10-22,71.3,77.18,70.85,76.04,,78597.0,,raw
2018-10-23,75.2,75.44,70.58,71.39,,63519.0,,raw
2018-10-24,71.75,72.39,68.4,68.94,,60518.0,,raw
2018-11-01,71.0,71.5,63.45,67.47,,117148.0,,raw
2018-11-02,69.69,74.0,68.79,73.18,,113247.0,,raw
2018-11-05,72.14,73.51,69.68,71.27,,85540.0,,raw
2018-11-06,70.38,70.7,65.85,68.26,,93847.0,,raw
2018-11-07,68.0,70.5,67.54,68.63,,80119.0,,raw
2018-11-08,69.8,69.9,66.58,66.87,,59106.0,,raw
2018-11-09,65.91,67.83,65.58,66.11,,45925.0,,raw
2018-11-12,66.11,68.4,66.05,68.1,,53995.0,,raw
2018-11-13,67.0,68.45,66.6,67.88,,69112.0,,raw
2018-11-14,68.96,74.67,68.5,73.99,,172168.0,,raw
2018-11-15,74.0,76.01,73.0,74.66,,120851.0,,raw
2018-11-16,75.5,80.39,75.0,78.86,,124423.0,,raw
2018-11-19,76.23,83.77,76.0,80.05,,109747.0,,raw
2018-11-20,79.33,79.55,76.37,76.83,,98831.0,,raw
2018-11-21,74.1,76.99,74.1,76.96,,64963.0,,raw
2018-11-22,78.13,78.78,74.65,75.04,,73062.0,,raw
2018-11-23,75.51,76.6,72.66,72.82,,74010.0,,raw
2018-11-26,73.0,74.26,71.58,72.08,,42292.0,,raw
2018-11-27,73.15,74.45,72.38,73.96,,52176.0,,raw
2018-11-28,73.96,76.3,73.5,75.46,,58250.0,,raw
2018-11-29,76.82,78.33,73.88,73.9,,73060.0,,raw
2018-11-30,73.0,76.17,72.39,75.34,,54158.0,,raw
2018-12-03,78.5,80.69,77.22,79.46,,90082.0,,raw
2018-12-04,79.0,80.25,78.55,78.84,,45471.0,,raw
2018-12-05,76.67,78.48,76.11,77.43,,43577.0,,raw
2018-12-06,76.58,76.58,74.68,75.2,,54394.0,,raw
2018-12-07,76.0,77.56,75.8,76.51,,39639.0,,raw
2018-12-10,76.08,77.27,75.68,76.69,,26133.0,,raw
2018-12-11,76.69,77.67,76.63,77.13,,24389.0,,raw
2018-12-12,77.77,77.99,72.0,72.02,,77529.0,,raw
2018-12-13,72.51,73.4,71.83,72.82,,49241.0,,raw
2018-12-14,72.9,73.43,70.18,70.52,,51276.0,,raw
2018-12-17,70.82,71.24,67.48,69.25,,47417.0,,raw
2018-12-18,68.72,70.18,67.68,68.5,,32588.0,,raw
2018-12-19,68.69,69.19,67.31,67.68,,27741.0,,raw
2018-12-20,68.0,68.5,67.3,68.11,,26363.0,,raw
2018-12-21,67.95,68.06,65.47,66.97,,37150.0,,raw
2018-12-24,66.5,67.9,66.07,67.61,,25660.0,,raw
2018-12-25,66.64,66.98,64.22,66.8,,41495.0,,raw
2018-12-26,66.8,67.68,64.9,65.0,,45374.0,,raw
2018-12-27,66.41,66.6,62.0,62.3,,57670.0,,raw
2018-12-28,62.3,63.02,60.52,62.32,,47706.0,,raw
2019-01-02,62.49,62.58,59.69,59.8,,42416.0,,raw
2019-01-03,59.79,60.98,59.02,59.2,,37396.0,,raw
2019-01-04,58.13,61.35,57.55,60.73,,48285.0,,raw
2019-01-07,61.2,63.8,60.9,62.9,,56519.0,,raw
2019-01-08,62.51,62.52,60.95,61.2,,37074.0,,raw
2019-01-09,61.5,63.91,61.01,62.12,,57187.0,,raw
2019-01-10,62.13,62.5,61.09,61.12,,32076.0,,raw
2019-01-11,61.2,61.78,61.0,61.23,,24550.0,,raw
2019-01-14,61.23,61.75,58.2,58.48,,48115.0,,raw
2019-01-15,58.47,60.18,58.05,60.1,,40845.0,,raw
2019-01-16,60.2,62.49,60.2,60.8,,49009.0,,raw
2019-01-17,61.04,61.61,59.88,60.24,,32712.0,,raw
2019-01-18,60.6,61.56,59.87,61.32,,41404.0,,raw
2019-01-21,62.1,67.45,61.32,67.45,,132756.0,,raw
2019-01-22,67.4,67.4,65.16,66.0,,74563.0,,raw
2019-01-23,65.65,65.75,63.84,65.0,,52376.0,,raw
2019-01-24,64.43,70.87,64.43,68.2,,107892.0,,raw
2019-01-25,68.06,71.4,67.64,69.72,,98177.0,,raw
2019-01-28,71.0,72.88,69.58,69.9,,78875.0,,raw
2019-01-29,68.27,70.09,66.88,69.2,,63241.0,,raw
2019-01-30,68.98,69.58,66.8,67.12,,42795.0,,raw
2019-01-31,67.18,69.9,67.18,67.69,,47665.0,,raw
2019-02-01,68.47,71.3,68.13,71.06,,51730.0,,raw
2019-02-11,71.04,75.6,70.75,75.22,,63790.0,,raw
2019-02-12,74.9,75.3,73.55,74.14,,55431.0,,raw
2019-02-13,74.53,78.69,74.53,75.35,,82199.0,,raw
2019-02-14,75.27,77.88,73.88,77.1,,57922.0,,raw
2019-02-15,76.16,77.5,74.66,74.7,,52997.0,,raw
2019-02-18,76.1,78.7,74.48,78.6,,79229.0,,raw
2019-02-19,79.5,80.78,77.03,78.39,,70830.0,,raw
2019-02-20,78.0,78.29,75.18,76.5,,60262.0,,raw
2019-02-21,76.15,79.89,76.15,77.11,,75167.0,,raw
2019-02-22,76.45,81.22,75.18,81.21,,113218.0,,raw
2019-02-25,86.66,89.33,85.5,89.33,,117449.0,,raw
2019-02-26,89.36,98.25,89.36,93.11,,121162.0,,raw
2019-02-27,92.7,95.58,90.5,92.6,,74067.0,,raw
2019-02-28,91.22,94.88,91.18,92.0,,49614.0,,raw
2019-03-01,93.5,94.25,89.86,92.21,,50848.0,,raw
2019-03-04,96.2,101.4,95.6,96.71,,96739.0,,raw
2019-03-05,97.0,106.38,95.8,106.38,,96326.0,,raw
2019-03-06,110.0,110.0,103.56,106.95,,87111.0,,raw
2019-03-07,104.1,105.5,100.7,104.5,,103035.0,,raw
2019-03-08,102.0,114.95,98.5,105.9,,135081.0,,raw
2019-03-11,107.53,113.88,104.98,108.11,,107945.0,,raw
2019-03-12,110.99,117.5,108.88,114.0,,96519.0,,raw
2019-03-13,112.08,114.9,102.6,104.5,,105091.0,,raw
2019-03-14,101.0,102.5,95.21,100.5,,99812.0,,raw
2019-03-15,100.7,104.0,97.39,98.0,,70064.0,,raw
2019-03-18,99.75,101.98,96.83,101.79,,52370.0,,raw
2019-03-19,101.78,109.0,100.79,104.59,,73081.0,,raw
2019-03-20,102.03,105.65,99.1,101.38,,50609.0,,raw
2019-03-21,101.35,104.2,100.13,102.19,,55479.0,,raw
2019-03-22,107.0,107.0,102.6,104.0,,68610.0,,raw
2019-03-25,100.2,105.96,99.05,102.9,,55607.0,,raw
2019-03-26,103.3,105.5,99.51,100.0,,50742.0,,raw
2019-03-27,101.69,101.95,95.31,98.1,,56529.0,,raw
2019-03-28,98.05,102.76,97.23,98.3,,59404.0,,raw
2019-03-29,98.52,101.99,94.81,101.59,,78028.0,,raw
2019-04-01,102.6,106.3,102.53,104.2,,79125.0,,raw
2019-04-02,105.15,110.73,103.45,108.21,,89214.0,,raw
2019-04-04,115.0,119.03,111.0,119.03,,132340.0,,raw
2019-04-08,118.0,118.39,109.31,112.27,,87310.0,,raw
2019-04-09,111.13,114.78,109.2,110.35,,45950.0,,raw
2019-04-10,109.51,109.84,105.6,107.8,,45504.0,,raw
2019-04-11,108.1,109.11,102.6,103.95,,44912.0,,raw
2019-04-12,103.71,104.88,100.57,102.0,,37290.0,,raw
2019-04-15,105.0,105.77,99.01,99.34,,40076.0,,raw
2019-04-16,99.5,104.0,96.3,103.3,,66524.0,,raw
2019-04-17,102.81,105.51,101.69,102.22,,41981.0,,raw
2019-04-18,101.82,101.82,97.3,99.57,,46975.0,,raw
2019-04-19,99.56,100.5,97.58,99.1,,29387.0,,raw
2019-04-22,99.51,103.3,98.59,100.11,,53848.0,,raw
2019-04-23,100.0,103.25,99.23,100.3,,40941.0,,raw
2019-04-24,100.5,105.05,100.3,105.03,,51358.0,,raw
2019-04-25,103.75,105.97,99.13,99.67,,40528.0,,raw
2019-04-26,99.67,101.22,96.5,96.7,,39037.0,,raw
2019-04-29,96.84,97.63,87.03,87.14,,78070.0,,raw
2019-04-30,80.0,84.51,79.0,82.98,,83282.0,,raw
2019-05-06,79.5,80.27,74.68,74.68,,54644.0,,raw
2019-05-07,73.66,76.54,73.66,75.34,,52842.0,,raw
2019-05-08,73.88,82.15,72.89,78.9,,68694.0,,raw
2019-05-09,81.32,81.9,78.79,79.65,,49386.0,,raw
2019-05-10,80.8,85.75,76.73,85.26,,74406.0,,raw
2019-05-13,83.5,85.2,81.25,82.4,,44112.0,,raw
2019-05-14,81.07,83.26,79.87,79.87,,41434.0,,raw
2019-05-15,81.73,81.91,80.13,81.2,,32122.0,,raw
2019-05-16,81.5,81.8,78.81,79.79,,36254.0,,raw
2019-05-17,82.04,84.5,77.98,78.32,,73210.0,,raw
2019-05-20,81.0,82.55,79.51,81.48,,68980.0,,raw
2019-05-21,81.99,82.36,78.0,80.87,,53886.0,,raw
2019-05-22,80.72,87.18,80.01,87.15,,112579.0,,raw
2019-05-23,87.88,88.84,83.51,84.85,,86978.0,,raw
2019-05-24,83.39,84.85,81.0,81.52,,52468.0,,raw
2019-05-27,81.88,86.36,81.0,85.04,,71559.0,,raw
2019-05-28,85.8,86.46,83.45,83.82,,54738.0,,raw
2019-05-29,83.0,86.4,82.66,84.39,,44585.0,,raw
2019-05-30,80.0,80.55,76.0,78.89,,89771.0,,raw
2019-05-31,78.89,80.08,76.61,77.01,,51206.0,,raw
2019-06-03,77.87,78.5,75.0,75.1,,46169.0,,raw
2019-06-04,75.5,76.26,73.7,75.48,,26746.0,,raw
2019-06-05,76.41,76.53,74.3,75.18,,26892.0,,raw
2019-06-06,75.39,75.39,74.05,74.4,,23059.0,,raw
2019-06-10,74.6,76.4,74.4,76.03,,30128.0,,raw
2019-06-11,76.07,78.38,74.3,78.3,,59107.0,,raw
2019-06-12,77.68,78.85,77.36,77.93,,36229.0,,raw
2019-06-13,77.89,78.28,77.29,77.86,,28070.0,,raw
2019-06-14,78.16,81.49,78.16,79.01,,63917.0,,raw
2019-06-17,77.21,79.61,76.8,77.12,,27528.0,,raw
2019-06-18,77.45,77.45,76.1,76.27,,16782.0,,raw
2019-06-19,79.0,81.39,78.91,80.56,,62712.0,,raw
2019-06-20,80.39,85.4,80.1,83.9,,61515.0,,raw
2019-06-21,84.44,87.5,84.36,86.45,,64415.0,,raw
2019-06-24,85.17,86.8,83.21,84.58,,47627.0,,raw
2019-06-25,84.0,84.16,80.21,81.15,,52325.0,,raw
2019-06-26,81.01,86.78,80.96,85.93,,74379.0,,raw
2019-06-27,85.9,89.8,85.65,86.37,,68847.0,,raw
2019-06-28,87.49,87.5,85.06,86.7,,30400.0,,raw
2019-07-01,90.1,92.15,89.5,91.32,,62926.0,,raw
2019-07-02,91.0,93.4,90.0,90.9,,48204.0,,raw
2019-07-03,90.6,92.88,89.1,92.18,,42923.0,,raw
2019-07-04,92.43,95.68,91.0,93.45,,49496.0,,raw
2019-07-05,93.76,94.3,90.8,93.15,,34994.0,,raw
2019-07-08,92.25,92.25,87.55,87.7,,48700.0,,raw
2019-07-09,89.63,90.38,87.8,88.49,,30701.0,,raw
2019-07-10,89.93,94.58,89.77,92.98,,59051.0,,raw
2019-07-11,95.0,95.56,91.77,93.0,,53207.0,,raw
2019-07-12,93.77,93.81,91.8,91.82,,26535.0,,raw
2019-07-15,91.5,99.68,88.36,98.6,,80186.0,,raw
2019-07-16,98.02,104.5,97.6,101.78,,67729.0,,raw
2019-07-17,101.48,104.2,99.6,100.48,,62760.0,,raw
2019-07-18,100.0,100.75,95.9,96.85,,50892.0,,raw
2019-07-19,98.09,99.85,96.81,97.93,,39394.0,,raw
2019-07-22,99.3,100.0,92.51,95.77,,45412.0,,raw
2019-07-23,96.8,100.94,95.2,100.9,,48213.0,,raw
2019-07-24,100.12,103.35,98.8,100.27,,53849.0,,raw
2019-07-25,99.8,103.05,99.8,102.95,,51952.0,,raw
2019-07-26,102.0,104.21,101.03,102.1,,44235.0,,raw
2019-07-29,102.02,104.0,100.66,101.6,,27193.0,,raw
2019-07-30,101.7,102.45,97.5,98.06,,54673.0,,raw
2019-07-31,98.39,98.74,96.89,97.8,,28599.0,,raw
2019-08-01,97.06,97.06,91.46,92.3,,77226.0,,raw
2019-08-02,88.14,94.68,88.08,93.1,,56105.0,,raw
2019-08-05,92.77,93.83,89.52,90.14,,42998.0,,raw
2019-08-06,88.01,89.4,84.79,87.87,,61203.0,,raw
2019-08-07,88.28,89.18,86.04,87.43,,41397.0,,raw
2019-08-08,88.01,89.16,86.6,88.68,,32221.0,,raw
2019-08-09,90.0,90.6,85.1,86.2,,44732.0,,raw
2019-08-12,86.41,87.55,84.68,87.0,,60583.0,,raw
2019-08-13,85.76,88.5,83.12,87.2,,57188.0,,raw
2019-08-14,88.89,95.65,88.89,91.81,,96944.0,,raw
2019-08-15,84.37,91.67,84.37,90.59,,94678.0,,raw
2019-08-16,90.97,97.01,90.58,96.33,,90298.0,,raw
2019-08-19,100.2,103.5,98.06,101.23,,101540.0,,raw
2019-08-20,103.0,104.84,102.0,102.82,,69822.0,,raw
2019-08-21,102.35,112.83,102.3,110.79,,97665.0,,raw
2019-08-22,110.63,117.0,108.8,112.5,,89898.0,,raw
2019-08-23,113.01,116.32,110.0,114.8,,65131.0,,raw
2019-08-26,112.5,116.12,111.81,113.85,,54352.0,,raw
2019-08-27,117.2,125.24,116.2,121.5,,103073.0,,raw
2019-08-28,123.7,124.89,119.88,120.0,,114217.0,,raw
2019-08-29,121.6,125.24,115.66,123.09,,83329.0,,raw
2019-08-30,125.0,135.4,124.9,131.55,,142967.0,,raw
2019-09-02,130.24,138.0,125.51,137.28,,99636.0,,raw
2019-09-03,137.28,150.5,135.98,143.95,,95671.0,,raw
2019-09-04,144.07,145.82,138.7,144.77,,72233.0,,raw
2019-09-05,146.3,149.25,141.63,141.9,,78153.0,,raw
2019-09-06,141.64,148.9,140.0,141.0,,83938.0,,raw
2019-09-09,147.88,155.1,145.56,155.1,,130793.0,,raw
2019-09-10,158.0,159.6,150.0,153.99,,99820.0,,raw
2019-09-11,152.88,158.43,148.01,150.72,,71515.0,,raw
2019-09-12,151.69,154.41,147.6,151.2,,50516.0,,raw
2019-09-16,151.0,152.4,148.6,149.96,,54597.0,,raw
2019-09-17,150.8,151.08,142.0,144.02,,106401.0,,raw
2019-09-18,145.99,150.8,143.7,147.4,,91378.0,,raw
2019-09-19,146.6,150.5,145.58,150.3,,78972.0,,raw
2019-09-20,151.16,165.33,151.16,163.9,,159758.0,,raw
2019-09-23,167.0,180.29,162.79,180.29,,135786.0,,raw
2019-09-24,176.0,181.87,172.8,172.88,,127784.0,,raw
2019-09-25,171.0,173.98,156.26,158.38,,165771.0,,raw
2019-09-26,161.0,161.32,146.0,148.51,,134061.0,,raw
2019-09-27,149.63,152.66,146.8,148.02,,100028.0,,raw
2019-09-30,147.85,149.0,141.5,145.38,,82556.0,,raw
2019-10-08,146.21,147.87,135.98,140.35,,89807.0,,raw
2019-10-09,139.77,143.6,137.32,142.66,,69953.0,,raw
2019-10-10,142.61,147.8,142.0,146.51,,80635.0,,raw
2019-10-11,147.0,148.43,139.18,141.2,,73876.0,,raw
2019-10-14,143.09,148.5,142.85,146.8,,83026.0,,raw
2019-10-15,145.44,146.2,137.16,138.5,,91539.0,,raw
2019-10-16,139.28,141.44,136.1,137.3,,60712.0,,raw
2019-10-17,138.28,139.1,135.44,137.72,,38642.0,,raw
2019-10-18,137.54,139.5,129.48,132.0,,93284.0,,raw
2019-10-21,132.4,136.66,129.57,135.49,,73338.0,,raw
2019-10-22,137.09,145.0,135.0,141.45,,104468.0,,raw
2019-10-23,142.0,144.45,139.11,141.0,,53792.0,,raw
2019-10-24,139.58,140.59,134.11,136.59,,55186.0,,raw
2019-10-25,138.08,143.5,136.48,142.2,,51893.0,,raw
2019-10-28,145.16,149.87,142.8,149.26,,77321.0,,raw
2019-10-29,150.01,150.87,143.68,144.5,,63955.0,,raw
2019-10-30,150.2,158.95,150.2,158.6,,158577.0,,raw
2019-10-31,158.5,160.97,153.0,153.93,,94665.0,,raw
2019-11-01,154.0,162.22,151.22,159.84,,75121.0,,raw
2019-11-04,159.8,168.3,158.0,165.12,,86029.0,,raw
2019-11-05,165.15,179.3,163.5,173.8,,96238.0,,raw
2019-11-06,173.8,178.6,166.73,169.52,,84514.0,,raw
2019-11-07,169.5,169.51,163.3,167.4,,70723.0,,raw
2019-11-08,168.9,170.8,163.23,166.99,,74960.0,,raw
2019-11-11,165.0,170.46,162.8,166.93,,68726.0,,raw
2019-11-12,165.02,167.5,155.57,163.6,,73441.0,,raw
2019-11-13,163.98,177.0,161.0,175.75,,97440.0,,raw
2019-11-14,173.95,180.88,171.74,180.88,,90074.0,,raw
2019-11-15,180.32,184.48,171.5,171.9,,85151.0,,raw
2019-11-18,172.11,174.9,167.5,172.6,,66703.0,,raw
2019-11-19,170.09,180.27,169.37,178.9,,59972.0,,raw
2019-11-20,177.05,180.2,169.21,170.38,,65961.0,,raw
2019-11-21,167.9,172.9,167.01,169.3,,47861.0,,raw
2019-11-22,170.5,177.99,159.5,161.9,,124759.0,,raw
2019-11-25,161.0,163.09,156.88,157.51,,76339.0,,raw
2019-11-26,158.92,163.2,158.92,162.87,,72999.0,,raw
2019-11-27,161.5,171.0,158.5,166.25,,91921.0,,raw
2019-11-28,165.94,170.9,163.9,166.79,,53512.0,,raw
2019-11-29,165.97,168.67,159.53,165.4,,69550.0,,raw
2019-12-02,164.5,171.9,163.86,171.6,,67907.0,,raw
2019-12-03,169.01,180.8,168.14,179.55,,93388.0,,raw
2019-12-04,177.3,184.67,175.26,181.7,,81001.0,,raw
2019-12-05,180.26,196.56,179.36,188.5,,97082.0,,raw
2019-12-06,188.0,195.99,186.0,194.05,,70313.0,,raw
2019-12-09,194.95,199.98,190.87,196.85,,80401.0,,raw
2019-12-10,194.85,202.7,191.0,199.11,,70737.0,,raw
2019-12-11,197.0,202.6,193.46,200.0,,60824.0,,raw
2019-12-12,201.44,212.99,199.59,210.0,,75760.0,,raw
2019-12-13,210.0,210.0,198.5,203.33,,86370.0,,raw
2019-12-16,202.0,208.4,196.77,204.99,,82742.0,,raw
2019-12-17,204.19,206.43,201.0,203.55,,52146.0,,raw
2019-12-18,202.52,210.58,202.0,205.97,,61679.0,,raw
2019-12-19,201.91,202.0,192.22,195.97,,86043.0,,raw
2019-12-20,197.9,199.88,194.0,195.3,,48446.0,,raw
2019-12-23,183.99,187.16,179.0,182.3,,113482.0,,raw
2019-12-24,186.24,199.8,182.81,195.38,,85863.0,,raw
2019-12-25,199.0,214.92,197.92,214.92,,82945.0,,raw
2019-12-26,216.1,218.64,205.18,210.33,,73775.0,,raw
2019-12-27,210.0,212.0,199.4,200.0,,73890.0,,raw
2019-12-30,200.0,209.1,194.0,207.38,,64937.0,,raw
2019-12-31,207.64,210.15,201.06,204.89,,52478.0,,raw
2020-01-02,207.01,224.86,206.1,219.53,,99546.0,,raw
2020-01-03,224.0,224.4,214.66,220.4,,70564.0,,raw
2020-01-06,215.5,229.8,215.5,226.0,,64696.0,,raw
2020-01-07,223.0,226.88,209.0,212.78,,92438.0,,raw
2020-01-08,212.43,217.0,210.39,213.5,,50610.0,,raw
2020-01-09,215.4,227.89,211.67,225.8,,80106.0,,raw
2020-01-10,223.0,248.38,223.0,245.0,,86485.0,,raw
2020-01-13,245.03,264.88,239.2,261.8,,91996.0,,raw
2020-01-14,256.2,261.12,249.58,253.99,,70576.0,,raw
2020-01-15,250.11,260.78,248.28,256.18,,58919.0,,raw
2020-01-16,255.51,262.22,250.0,252.2,,46248.0,,raw
2020-01-17,254.65,256.66,249.05,253.01,,44686.0,,raw
2020-01-20,254.37,276.18,254.37,276.0,,70613.0,,raw
2020-01-21,261.5,277.77,259.0,271.42,,95119.0,,raw
2020-01-22,268.33,292.04,263.01,289.6,,69817.0,,raw
2020-01-23,280.0,305.0,262.55,283.0,,103076.0,,raw
2020-02-03,254.7,258.0,254.7,254.7,,46339.0,,raw
2020-02-04,254.8,279.17,254.7,278.9,,89219.0,,raw
2020-02-05,280.17,293.5,275.82,281.49,,90439.0,,raw
2020-02-06,272.25,284.08,272.0,283.12,,72071.0,,raw
2020-02-07,280.82,298.76,277.31,294.48,,77177.0,,raw
2020-02-10,295.8,295.91,275.0,281.6,,80423.0,,raw
2020-02-11,278.5,289.3,278.5,282.9,,50619.0,,raw
2020-02-12,277.23,295.53,277.0,291.66,,60128.0,,raw
2020-02-13,296.58,320.83,296.0,317.96,,115730.0,,raw
2020-02-14,313.0,325.0,301.58,311.41,,79159.0,,raw
2020-02-17,309.0,322.8,309.0,318.0,,50583.0,,raw
2020-02-18,318.88,327.65,315.51,327.07,,54888.0,,raw
2020-02-19,325.01,356.44,321.11,341.13,,75331.0,,raw
2020-02-20,341.0,375.24,339.0,375.24,,75903.0,,raw
2020-02-21,373.39,397.88,370.0,394.48,,82190.0,,raw
2020-02-24,398.5,407.74,381.33,402.0,,85437.0,,raw
2020-02-25,392.0,428.18,390.0,426.16,,112515.0,,raw
2020-02-26,420.0,428.0,383.54,385.0,,104843.0,,raw
2020-02-27,395.0,398.0,348.0,355.08,,151736.0,,raw
2020-02-28,344.41,384.7,327.5,363.04,,160302.0,,raw
2020-03-02,373.0,380.0,341.0,352.34,,135933.0,,raw
2020-03-03,356.0,374.8,345.0,350.3,,124638.0,,raw
2020-03-04,340.0,344.03,315.27,321.79,,176428.0,,raw
2020-03-05,324.0,330.0,307.8,325.9,,151035.0,,raw
2020-03-06,317.03,328.0,314.9,321.88,,78770.0,,raw
2020-03-09,314.5,315.0,292.22,295.92,,116047.0,,raw
2020-03-10,303.09,315.0,297.0,314.61,,130723.0,,raw
2020-03-11,312.48,313.6,292.51,293.42,,117211.0,,raw
2020-03-12,288.25,303.88,286.74,300.2,,108861.0,,raw
2020-03-13,285.19,318.2,285.0,310.62,,141104.0,,raw
2020-03-16,306.9,306.9,279.56,279.56,,129268.0,,raw
2020-03-17,288.0,290.0,266.0,283.11,,89108.0,,raw
2020-03-18,285.1,291.4,269.73,273.58,,99169.0,,raw
2020-03-19,275.0,278.99,261.58,275.99,,96881.0,,raw
2020-03-20,280.64,282.0,254.0,273.8,,106533.0,,raw
2020-03-23,261.0,262.0,246.42,246.42,,112128.0,,raw
2020-03-24,253.0,253.77,231.32,244.11,,120727.0,,raw
2020-03-25,253.0,259.85,246.02,251.3,,113210.0,,raw
2020-03-26,247.66,257.58,245.3,246.3,,83451.0,,raw
2020-03-27,252.5,258.2,248.0,250.07,,99770.0,,raw
2020-03-30,244.01,257.6,236.86,252.59,,115572.0,,raw
2020-03-31,256.0,256.8,242.01,242.01,,101188.0,,raw
2020-04-01,237.0,252.1,236.0,242.29,,95974.0,,raw
2020-04-02,242.55,266.52,242.42,266.52,,156493.0,,raw
2020-04-03,262.67,266.0,256.0,257.78,,109759.0,,raw
2020-04-07,270.0,272.0,262.29,264.5,,99634.0,,raw
2020-04-08,263.5,271.93,261.11,268.65,,79146.0,,raw
2020-04-09,272.0,273.65,259.4,262.15,,68036.0,,raw
2020-04-10,262.0,262.0,245.0,246.93,,77963.0,,raw
2020-04-13,242.95,247.58,232.0,236.2,,66636.0,,raw
2020-04-14,239.93,247.0,236.66,245.32,,72537.0,,raw
2020-04-15,246.82,265.32,243.11,255.13,,106023.0,,raw
2020-04-16,253.16,261.0,248.05,258.05,,66832.0,,raw
2020-04-17,265.05,279.0,265.05,269.0,,142837.0,,raw
2020-04-20,269.0,272.46,258.6,267.1,,86995.0,,raw
2020-04-21,261.94,263.5,249.2,257.02,,87956.0,,raw
2020-04-22,251.01,256.28,250.0,255.99,,57125.0,,raw
2020-04-23,256.8,258.8,251.48,251.7,,54741.0,,raw
2020-04-24,251.0,255.5,244.84,246.09,,48061.0,,raw
2020-04-27,246.04,247.9,237.6,246.0,,50751.0,,raw
2020-04-28,247.41,259.78,241.5,259.3,,99719.0,,raw
2020-04-29,262.96,262.97,251.0,252.56,,71373.0,,raw
2020-04-30,260.0,277.82,257.5,277.82,,123861.0,,raw
2020-05-06,284.99,305.6,280.11,305.6,,122624.0,,raw
2020-05-07,226.73,231.77,220.0,226.0,,179316.0,,raw
2020-05-08,225.01,228.58,218.01,221.01,,186036.0,,raw
2020-05-11,223.0,226.67,218.39,220.38,,131250.0,,raw
2020-05-12,221.0,221.0,209.35,217.89,,154692.0,,raw
2020-05-13,214.21,220.5,213.3,219.0,,109536.0,,raw
2020-05-14,217.5,220.0,214.53,214.73,,109815.0,,raw
2020-05-15,216.2,236.2,214.8,230.0,,245054.0,,raw
2020-05-18,231.93,238.98,215.0,216.0,,265334.0,,raw
2020-05-19,218.1,222.0,212.29,221.92,,200465.0,,raw
2020-05-20,218.8,224.98,214.95,216.66,,142988.0,,raw
2020-05-21,218.0,225.8,213.88,215.0,,153637.0,,raw
2020-05-22,213.0,217.01,202.0,205.0,,152773.0,,raw
2020-05-25,201.64,206.49,195.48,199.0,,114777.0,,raw
2020-05-26,200.3,206.77,200.3,202.95,,96041.0,,raw
2020-05-27,201.8,202.7,193.9,195.0,,101148.0,,raw
2020-05-28,195.0,198.89,191.15,196.49,,92845.0,,raw
2020-05-29,194.0,196.49,191.27,193.39,,78409.0,,raw
2020-06-01,197.01,209.45,196.0,206.3,,145853.0,,raw
2020-06-02,207.1,208.77,204.18,207.6,,86643.0,,raw
2020-06-03,207.6,214.5,203.03,207.6,,119598.0,,raw
2020-06-04,208.0,210.0,205.0,205.66,,58687.0,,raw
2020-06-05,218.0,226.23,216.0,226.23,,238050.0,,raw
2020-06-08,226.23,229.3,222.66,223.51,,161631.0,,raw
2020-06-09,225.0,229.91,222.11,226.98,,110619.0,,raw
2020-06-10,225.75,237.88,224.43,234.29,,134733.0,,raw
2020-06-11,234.97,236.5,225.52,227.9,,140744.0,,raw
2020-06-12,220.99,233.39,219.3,230.03,,149659.0,,raw
2020-06-15,220.0,221.96,215.01,215.21,,167338.0,,raw
2020-06-16,218.29,219.5,214.12,217.52,,91516.0,,raw
2020-06-17,217.0,217.6,212.45,215.2,,71146.0,,raw
2020-06-18,214.3,223.0,213.5,221.31,,117697.0,,raw
2020-06-19,222.1,232.1,219.03,226.3,,121292.0,,raw
2020-06-22,229.8,241.6,229.6,236.45,,159858.0,,raw
2020-06-23,237.0,239.59,230.8,237.28,,122137.0,,raw
2020-06-24,238.01,247.0,236.0,244.07,,135192.0,,raw
2020-06-29,240.9,242.5,230.2,233.78,,146673.0,,raw
2020-06-30,234.89,238.64,233.5,235.91,,114263.0,,raw
2020-07-01,235.5,244.42,231.2,237.12,,128602.0,,raw
2020-07-02,237.0,241.88,232.8,238.35,,120309.0,,raw
2020-07-03,238.3,238.88,230.33,234.41,,141349.0,,raw
2020-07-06,234.4,257.85,234.35,257.85,,218392.0,,raw
2020-07-07,266.1,282.0,266.1,266.12,,220617.0,,raw
2020-07-08,266.0,270.0,257.89,268.5,,179081.0,,raw
2020-07-09,267.0,281.83,265.0,276.91,,179889.0,,raw
2020-07-10,272.13,281.0,270.0,273.8,,143922.0,,raw
2020-07-13,272.02,277.25,263.89,274.0,,183720.0,,raw
2020-07-14,273.49,295.0,272.9,288.9,,237714.0,,raw
2020-07-15,287.9,288.8,266.81,270.0,,218213.0,,raw
2020-07-16,267.0,269.99,243.0,243.0,,202151.0,,raw
2020-07-17,239.89,245.05,230.01,232.9,,162812.0,,raw
2020-07-20,237.0,240.25,224.7,240.19,,127488.0,,raw
2020-07-21,238.0,242.9,235.71,241.3,,104935.0,,raw
2020-07-22,241.02,249.3,238.1,242.53,,99364.0,,raw
2020-07-23,238.68,242.0,232.07,239.89,,100887.0,,raw
2020-07-24,237.32,244.8,225.03,225.59,,118969.0,,raw
2020-07-27,227.84,232.49,220.0,224.68,,98603.0,,raw
2020-07-28,228.0,228.99,224.46,225.01,,68487.0,,raw
2020-07-29,227.7,234.42,225.42,233.96,,104480.0,,raw
2020-07-30,238.0,238.96,228.5,229.66,,86595.0,,raw
2020-07-31,228.0,235.36,226.88,231.5,,107232.0,,raw
2020-08-03,234.11,234.98,226.01,232.55,,156370.0,,raw
2020-08-04,233.0,238.32,230.09,233.9,,126155.0,,raw
2020-08-05,246.99,247.0,236.3,236.3,,138382.0,,raw
2020-08-06,233.5,235.0,229.01,230.15,,97028.0,,raw
2020-08-07,228.96,231.0,215.88,220.89,,112597.0,,raw
2020-08-10,218.0,220.4,213.0,218.04,,96576.0,,raw
2020-08-11,221.0,225.0,215.0,215.66,,72021.0,,raw
2020-08-12,215.6,217.0,205.59,211.5,,103674.0,,raw
2020-08-13,213.63,214.2,209.0,210.63,,51631.0,,raw
2020-08-14,210.62,212.68,208.46,212.1,,45765.0,,raw
2020-08-17,212.7,215.0,210.0,214.99,,78564.0,,raw
2020-08-18,215.0,216.36,210.5,213.98,,73699.0,,raw
2020-08-19,212.76,212.8,206.51,206.85,,61263.0,,raw
2020-08-20,204.82,208.86,203.0,205.9,,49060.0,,raw
2020-08-21,208.56,209.88,202.5,205.8,,65583.0,,raw
2020-08-24,205.19,207.08,198.8,205.89,,70733.0,,raw
2020-08-25,207.0,208.7,203.28,205.8,,59307.0,,raw
2020-08-26,202.0,202.0,191.22,191.27,,147808.0,,raw
2020-08-27,189.9,195.1,186.05,192.89,,93024.0,,raw
2020-08-28,192.9,197.5,190.45,196.92,,74614.0,,raw
2020-08-31,199.0,207.77,199.0,199.53,,104613.0,,raw
2020-09-01,200.05,201.0,196.22,199.83,,48551.0,,raw
2020-09-02,199.95,200.16,196.54,196.92,,45452.0,,raw
2020-09-03,196.59,202.8,193.22,202.47,,82509.0,,raw
2020-09-04,199.0,206.59,198.35,204.06,,99367.0,,raw
2020-09-07,197.99,197.99,183.77,185.51,,164871.0,,raw
2020-09-08,184.44,186.91,182.1,185.78,,57692.0,,raw
2020-09-09,183.4,183.49,175.55,176.0,,90396.0,,raw
2020-09-10,178.87,181.01,173.76,174.5,,61653.0,,raw
2020-09-11,175.99,179.59,174.4,178.9,,59666.0,,raw
2020-09-14,180.5,182.2,176.8,178.03,,56010.0,,raw
2020-09-15,176.88,184.6,174.4,180.5,,81268.0,,raw
2020-09-16,179.88,182.74,178.1,178.78,,51786.0,,raw
2020-09-17,178.5,183.2,175.0,180.75,,77929.0,,raw
2020-09-18,180.06,183.33,178.79,182.8,,62130.0,,raw
2020-09-21,184.0,184.88,179.12,179.32,,54391.0,,raw
2020-09-22,176.71,180.8,176.22,177.0,,40281.0,,raw
2020-09-23,178.0,183.0,177.88,182.7,,79873.0,,raw
2020-09-24,180.5,182.5,179.42,180.4,,48159.0,,raw
2020-09-25,182.49,182.5,177.49,178.5,,40151.0,,raw
2020-09-28,177.0,177.5,173.5,174.0,,53723.0,,raw
2020-09-29,174.95,177.18,173.9,174.25,,44110.0,,raw
2020-09-30,175.0,175.5,173.05,173.11,,35911.0,,raw
2020-10-09,176.0,179.99,175.3,179.82,,65512.0,,raw
2020-10-12,181.7,187.58,180.5,187.47,,93434.0,,raw
2020-10-13,187.95,187.98,184.11,185.96,,58572.0,,raw
2020-10-14,185.33,185.66,182.28,184.24,,46081.0,,raw
2020-10-15,184.69,191.88,184.6,185.57,,84130.0,,raw
2020-10-16,187.0,188.0,182.0,183.53,,46348.0,,raw
2020-10-19,184.0,184.88,181.07,181.29,,33959.0,,raw
2020-10-20,181.0,181.95,177.81,181.71,,33821.0,,raw
2020-10-21,182.0,182.0,177.5,177.65,,37200.0,,raw
2020-10-22,177.61,181.5,175.63,180.32,,37563.0,,raw
2020-10-23,179.9,180.8,177.0,177.04,,30641.0,,raw
2020-10-26,175.0,177.99,174.1,174.98,,28498.0,,raw
2020-10-27,174.0,177.99,173.52,177.64,,27646.0,,raw
2020-10-28,178.64,181.78,175.06,181.15,,40475.0,,raw
2020-10-29,178.12,179.85,175.0,177.0,,43307.0,,raw
2020-10-30,181.0,194.7,181.0,194.7,,236364.0,,raw
2020-11-02,197.0,207.67,192.0,205.6,,227854.0,,raw
2020-11-03,206.0,207.38,200.22,203.3,,139190.0,,raw
2020-11-04,204.0,208.8,202.03,205.0,,102629.0,,raw
2020-11-05,209.18,210.05,202.68,206.8,,94249.0,,raw
2020-11-06,208.0,212.2,202.0,212.16,,126017.0,,raw
2020-11-09,216.0,233.37,216.0,225.09,,211920.0,,raw
2020-11-10,222.0,223.48,215.06,216.44,,114560.0,,raw
2020-11-11,213.0,214.88,201.12,202.01,,128431.0,,raw
2020-11-12,206.31,206.44,200.92,203.4,,56191.0,,raw
2020-11-13,201.02,209.3,200.35,207.15,,75712.0,,raw
2020-11-16,205.25,206.99,197.73,200.5,,89200.0,,raw
2020-11-17,200.0,215.85,194.0,214.64,,153372.0,,raw
2020-11-18,211.0,215.77,208.8,210.8,,122902.0,,raw
2020-11-19,209.0,218.28,208.72,212.0,,103904.0,,raw
2020-11-20,211.42,213.58,206.66,207.6,,79810.0,,raw
2020-11-23,207.0,214.5,206.18,210.61,,95960.0,,raw
2020-11-24,212.0,215.0,209.0,210.6,,93762.0,,raw
2020-11-25,210.0,210.88,204.5,205.8,,79418.0,,raw
2020-11-26,205.8,207.55,201.49,201.76,,57958.0,,raw
2020-11-27,201.01,205.0,198.89,203.59,,56140.0,,raw
2020-11-30,205.1,211.58,201.05,206.59,,106232.0,,raw
2020-12-01,206.49,208.48,204.57,207.07,,66434.0,,raw
2020-12-02,209.28,217.75,209.2,215.09,,185701.0,,raw
2020-12-03,214.97,217.5,211.03,212.98,,99942.0,,raw
2020-12-04,215.01,217.49,213.01,216.5,,86797.0,,raw
2020-12-07,224.03,225.3,213.48,214.0,,122061.0,,raw
2020-12-08,213.0,215.88,211.52,213.5,,57434.0,,raw
2020-12-09,212.8,214.29,206.68,207.26,,73850.0,,raw
2020-12-10,206.6,212.0,204.1,209.9,,84484.0,,raw
2020-12-11,210.53,210.53,200.1,200.5,,154346.0,,raw
2020-12-14,201.2,205.76,199.51,205.59,,89474.0,,raw
2020-12-15,205.6,207.57,202.0,204.9,,66423.0,,raw
2020-12-16,203.8,206.23,202.0,203.01,,46132.0,,raw
2020-12-17,202.49,206.5,201.02,205.31,,50582.0,,raw
2020-12-18,208.4,209.5,201.0,201.9,,77880.0,,raw
2020-12-21,196.98,201.93,190.0,200.19,,104450.0,,raw
2020-12-22,196.1,199.8,193.5,193.5,,78422.0,,raw
2020-12-23,193.5,195.99,190.97,194.49,,84865.0,,raw
2020-12-24,194.5,196.88,185.5,189.0,,100301.0,,raw
2020-12-25,188.15,188.2,182.5,183.13,,87944.0,,raw
2020-12-28,183.01,186.68,180.51,184.25,,65468.0,,raw
2020-12-29,185.55,199.8,185.15,193.81,,143991.0,,raw
2020-12-30,191.88,196.61,188.13,195.22,,101169.0,,raw
2020-12-31,197.48,199.5,194.6,197.5,,82932.0,,raw
2021-01-04,197.99,200.98,194.6,198.62,,90191.0,,raw
2021-01-05,195.45,209.63,195.0,208.9,,165508.0,,raw
2021-01-06,211.33,212.2,201.05,203.72,,128545.0,,raw
2021-01-07,202.5,203.51,196.6,200.55,,103619.0,,raw
2021-01-08,200.8,204.18,196.72,202.56,,94136.0,,raw
2021-01-11,208.0,214.2,203.01,204.19,,160179.0,,raw
2021-01-12,201.55,206.48,196.41,206.14,,131986.0,,raw
2021-01-13,207.97,215.2,204.24,215.13,,233915.0,,raw
2021-01-14,217.91,223.1,210.4,219.42,,277179.0,,raw
2021-01-15,217.6,221.47,209.28,214.8,,165420.0,,raw
2021-01-18,212.12,228.5,208.12,224.63,,220017.0,,raw
2021-01-19,224.89,229.5,221.13,225.0,,154155.0,,raw
2021-01-20,225.08,227.59,223.1,225.5,,109272.0,,raw
2021-01-21,227.0,227.0,216.21,218.05,,150883.0,,raw
2021-01-22,217.0,218.0,207.58,209.68,,190509.0,,raw
2021-01-25,198.97,206.57,193.33,202.07,,219741.0,,raw
2021-01-26,200.1,205.2,195.63,195.71,,104485.0,,raw
2021-01-27,197.0,197.2,188.16,190.68,,113042.0,,raw
2021-01-28,188.0,192.93,185.77,186.3,,80241.0,,raw
2021-01-29,187.39,188.5,180.6,182.0,,96537.0,,raw
2021-02-01,181.0,184.97,180.7,184.36,,58085.0,,raw
2021-02-02,185.0,191.65,184.98,189.55,,74304.0,,raw
2021-02-03,188.29,189.35,182.0,182.0,,78530.0,,raw
2021-02-04,180.01,187.5,169.0,185.97,,157699.0,,raw
2021-02-05,183.0,183.89,175.0,175.7,,87970.0,,raw
2021-02-08,175.7,182.22,175.66,179.07,,62653.0,,raw
2021-02-09,180.18,183.77,178.0,183.66,,59910.0,,raw
2021-02-10,184.8,184.8,181.68,183.82,,48575.0,,raw
2021-02-18,187.6,193.48,185.95,189.07,,91185.0,,raw
2021-02-19,188.8,196.58,187.05,195.91,,104555.0,,raw
2021-02-22,193.01,195.4,188.0,188.0,,82565.0,,raw
2021-02-23,186.0,186.3,180.68,183.2,,58969.0,,raw
2021-02-24,184.0,200.0,183.5,194.33,,172626.0,,raw
2021-02-25,195.88,199.85,192.47,196.41,,100700.0,,raw
2021-02-26,192.42,200.49,189.32,192.5,,100893.0,,raw
2021-03-01,196.0,204.48,193.5,202.8,,128747.0,,raw
2021-03-02,204.52,206.37,200.52,204.66,,123075.0,,raw
2021-03-03,202.98,202.98,195.11,199.0,,94016.0,,raw
2021-03-04,197.15,200.71,192.52,194.01,,61634.0,,raw
2021-03-05,191.0,197.49,190.12,194.78,,53006.0,,raw
2021-03-08,195.0,195.5,181.0,181.0,,82447.0,,raw
2021-03-09,178.8,180.98,171.01,173.42,,91614.0,,raw
2021-03-10,175.5,176.58,170.9,171.06,,52385.0,,raw
2021-03-11,171.07,178.0,168.38,173.74,,70355.0,,raw
2021-03-12,173.95,174.0,168.61,169.0,,57117.0,,raw
2021-03-15,168.0,168.0,152.1,153.37,,132166.0,,raw
2021-03-16,155.0,157.09,147.03,155.52,,96949.0,,raw
2021-03-17,155.52,170.05,153.53,168.88,,113409.0,,raw
2021-03-18,169.99,170.48,165.22,166.8,,51322.0,,raw
2021-03-19,163.18,175.7,160.79,170.0,,86883.0,,raw
2021-03-22,170.0,172.63,166.71,169.52,,40546.0,,raw
2021-03-23,170.66,174.6,167.58,168.2,,48237.0,,raw
2021-03-24,167.0,169.6,164.46,166.96,,41668.0,,raw
2021-03-25,165.0,173.43,164.5,169.74,,46576.0,,raw
2021-03-26,169.72,173.3,167.3,170.93,,55973.0,,raw
2021-03-29,172.12,176.69,170.7,172.35,,68352.0,,raw
2021-03-30,172.0,173.5,168.2,169.11,,56478.0,,raw
2021-03-31,169.6,171.38,167.52,170.88,,42515.0,,raw
2021-04-01,171.5,176.64,170.88,175.03,,69045.0,,raw
2021-04-02,177.88,184.77,177.88,182.51,,96140.0,,raw
2021-04-06,184.61,184.99,180.0,180.05,,45457.0,,raw
2021-04-07,178.86,182.43,175.12,182.22,,62060.0,,raw
2021-04-08,180.33,183.94,179.42,182.2,,41391.0,,raw
2021-04-09,182.2,185.22,181.4,182.0,,44972.0,,raw
2021-04-12,178.68,187.07,176.22,183.9,,75211.0,,raw
2021-04-13,183.29,185.98,179.33,180.3,,49624.0,,raw
2021-04-14,179.0,185.48,178.85,182.71,,41372.0,,raw
2021-04-15,182.2,183.6,176.75,181.1,,45099.0,,raw
2021-04-16,181.13,182.48,173.98,174.0,,61823.0,,raw
2021-04-19,167.5,173.5,159.5,170.6,,140934.0,,raw
2021-04-20,170.0,175.6,169.05,171.8,,78918.0,,raw
2021-04-21,170.66,172.82,168.75,170.36,,48918.0,,raw
2021-04-22,170.4,173.36,169.5,170.7,,45271.0,,raw
2021-04-23,172.0,175.36,171.0,175.07,,54772.0,,raw
2021-04-26,176.88,189.5,176.0,184.05,,102763.0,,raw
2021-04-27,184.5,186.61,180.99,185.99,,61595.0,,raw
2021-04-28,193.0,196.48,184.2,195.77,,128415.0,,raw
2021-04-29,196.5,202.18,193.4,193.8,,82823.0,,raw
2021-04-30,193.8,197.0,193.01,193.23,,55172.0,,raw
2021-05-06,192.35,194.87,187.0,187.38,,64574.0,,raw
2021-05-07,189.57,191.58,177.8,177.95,,85796.0,,raw
2021-05-10,177.95,177.95,168.06,169.46,,100435.0,,raw
2021-05-11,169.45,170.19,164.02,166.05,,73710.0,,raw
2021-05-12,165.8,170.01,165.0,170.01,,82313.0,,raw
2021-05-13,167.5,169.92,166.01,167.4,,57338.0,,raw
2021-05-14,169.0,172.5,163.41,171.89,,82960.0,,raw
2021-05-17,173.0,176.77,171.96,174.1,,72848.0,,raw
2021-05-18,172.06,173.23,170.13,172.96,,42726.0,,raw
2021-05-19,172.34,176.09,171.96,175.2,,49728.0,,raw
2021-05-20,175.0,175.03,170.3,173.96,,74424.0,,raw
2021-05-21,123.87,128.0,121.1,121.8,,84184.0,,raw
2021-05-24,119.03,120.33,115.05,119.72,,148225.0,,raw
2021-05-25,120.47,131.15,120.47,130.35,,227813.0,,raw
2021-05-26,131.9,131.9,129.04,129.6,,109400.0,,raw
2021-05-27,130.25,136.56,129.99,133.88,,182662.0,,raw
2021-05-28,133.31,137.07,131.0,133.5,,159603.0,,raw
2021-05-31,136.1,140.91,133.79,135.27,,166036.0,,raw
2021-06-01,135.27,138.66,131.21,136.08,,141092.0,,raw
2021-06-02,139.6,142.0,137.72,138.33,,186072.0,,raw
2021-06-03,137.82,139.85,132.72,138.0,,142432.0,,raw
2021-06-04,137.98,143.89,137.01,142.62,,188499.0,,raw
2021-06-07,145.74,146.88,142.25,143.89,,206976.0,,raw
2021-06-08,144.88,144.98,139.41,140.19,,129188.0,,raw
2021-06-09,139.41,142.66,138.95,140.69,,97426.0,,raw
2021-06-10,140.39,142.1,139.5,141.6,,108998.0,,raw
2021-06-11,142.2,142.8,140.0,141.0,,113197.0,,raw
2021-06-15,141.0,145.25,137.0,137.87,,153919.0,,raw
2021-06-16,139.37,143.56,134.98,135.27,,179991.0,,raw
2021-06-17,136.35,148.8,136.33,148.8,,254915.0,,raw
2021-06-18,153.0,159.98,152.62,158.0,,376808.0,,raw
2021-06-21,158.0,161.88,154.9,158.88,,218855.0,,raw
2021-06-22,159.99,167.0,156.39,165.26,,256650.0,,raw
2021-06-23,163.09,179.5,162.03,173.15,,328876.0,,raw
2021-06-24,171.5,174.89,168.15,172.94,,184935.0,,raw
2021-06-25,172.0,174.5,165.01,171.0,,183341.0,,raw
2021-06-28,171.0,182.9,170.87,178.58,,199823.0,,raw
2021-06-29,179.0,180.0,172.9,174.75,,141281.0,,raw
2021-06-30,177.3,188.43,177.01,187.9,,225236.0,,raw
2021-07-01,186.95,191.74,183.17,184.68,,179191.0,,raw
2021-07-02,180.53,184.66,176.8,178.29,,208713.0,,raw
2021-07-05,181.86,192.55,180.0,191.28,,233741.0,,raw
2021-07-06,190.0,190.0,173.0,178.8,,288463.0,,raw
2021-07-07,174.4,184.34,170.99,182.9,,217123.0,,raw
2021-07-08,183.0,195.64,182.55,191.19,,227413.0,,raw
2021-07-09,190.0,193.99,183.65,189.0,,153031.0,,raw
2021-07-12,193.2,195.7,186.36,192.0,,202501.0,,raw
2021-07-13,190.0,192.4,175.0,178.69,,251374.0,,raw
2021-07-14,178.6,181.58,174.0,174.9,,148450.0,,raw
2021-07-15,175.01,175.8,167.0,173.83,,164890.0,,raw
2021-07-16,173.95,180.32,166.88,167.55,,183390.0,,raw
2021-07-19,165.0,172.87,164.0,171.18,,124030.0,,raw
2021-07-20,169.87,174.67,167.0,172.8,,110048.0,,raw
2021-07-21,174.0,185.93,172.06,184.04,,234316.0,,raw
2021-07-22,183.98,192.88,180.38,189.69,,187591.0,,raw
2021-07-23,188.98,200.5,188.0,196.01,,206101.0,,raw
2021-07-26,196.23,204.5,191.75,200.56,,248686.0,,raw
2021-07-27,205.0,220.62,204.07,205.62,,404149.0,,raw
2021-07-28,201.88,212.01,189.98,201.89,,284032.0,,raw
2021-07-29,207.5,220.0,202.0,214.91,,265776.0,,raw
2021-07-30,212.1,235.13,210.2,230.05,,272195.0,,raw
2021-08-02,228.0,228.7,208.99,220.0,,268079.0,,raw
2021-08-03,215.0,215.0,198.0,198.0,,216506.0,,raw
2021-08-04,197.0,204.99,192.01,201.35,,310349.0,,raw
2021-08-05,199.0,206.0,195.01,198.56,,185863.0,,raw
2021-08-06,202.37,206.74,191.01,196.0,,195676.0,,raw
2021-08-09,192.01,192.01,180.5,189.74,,203342.0,,raw
2021-08-10,189.75,191.15,178.01,182.89,,234413.0,,raw
2021-08-11,183.3,187.97,181.51,186.01,,166402.0,,raw
2021-08-12,184.51,194.5,183.89,188.27,,168971.0,,raw
2021-08-13,182.5,183.99,171.48,172.41,,330271.0,,raw
2021-08-16,172.0,179.63,167.83,174.5,,260084.0,,raw
2021-08-17,174.51,175.54,163.23,163.72,,252562.0,,raw
2021-08-18,167.46,168.0,163.0,166.8,,146534.0,,raw
2021-08-19,166.8,170.7,164.0,167.02,,151745.0,,raw
2021-08-20,168.0,171.18,163.15,168.09,,154480.0,,raw
2021-08-23,169.9,171.1,164.73,165.75,,189755.0,,raw
2021-08-24,166.78,179.45,165.95,178.58,,253354.0,,raw
2021-08-25,178.58,178.68,166.5,171.35,,248274.0,,raw
2021-08-26,169.0,176.39,167.07,168.0,,168923.0,,raw
2021-08-27,167.9,176.5,166.66,175.5,,176596.0,,raw
2021-08-30,183.0,183.2,168.68,170.06,,265184.0,,raw
2021-08-31,153.05,158.99,153.05,153.05,,329879.0,,raw
2021-09-01,151.65,154.99,145.81,153.65,,322929.0,,raw
2021-09-02,151.5,154.2,145.88,146.49,,241180.0,,raw
2021-09-03,148.0,151.44,146.1,147.87,,150648.0,,raw
2021-09-06,147.88,155.2,146.36,152.56,,159981.0,,raw
2021-09-07,152.62,157.53,152.62,156.0,,113759.0,,raw
2021-09-08,156.07,159.03,155.0,156.0,,96664.0,,raw
2021-09-09,156.0,157.0,152.56,154.25,,99042.0,,raw
2021-09-10,155.0,162.58,153.68,159.9,,171333.0,,raw
2021-09-13,159.9,161.0,152.0,155.3,,149707.0,,raw
2021-09-14,154.08,159.1,152.8,154.64,,106630.0,,raw
2021-09-15,153.99,155.46,150.5,151.55,,110944.0,,raw
2021-09-16,151.4,153.44,147.3,147.9,,147555.0,,raw
2021-09-17,149.19,152.1,149.15,151.25,,80223.0,,raw
2021-09-22,148.36,151.8,148.0,149.29,,76268.0,,raw
2021-09-23,149.0,153.99,146.46,150.61,,126372.0,,raw
2021-09-24,150.0,153.3,148.0,150.2,,92183.0,,raw
2021-09-27,152.54,152.88,145.0,145.19,,158844.0,,raw
2021-09-28,143.0,157.25,142.85,152.91,,197192.0,,raw
2021-09-29,152.0,152.0,144.3,147.04,,171789.0,,raw
2021-09-30,146.99,148.91,144.4,144.99,,125426.0,,raw
2021-10-08,147.94,155.9,146.48,149.7,,166629.0,,raw
2021-10-11,149.0,152.4,147.0,147.35,,121754.0,,raw
2021-10-12,146.0,148.35,141.0,142.15,,144927.0,,raw
2021-10-13,142.96,145.89,140.74,145.26,,86952.0,,raw
2021-10-14,145.0,147.99,144.2,146.12,,70156.0,,raw
2021-10-15,146.0,155.86,145.0,155.54,,242289.0,,raw
2021-10-18,151.0,152.2,148.03,149.31,,224150.0,,raw
2021-10-19,148.2,150.3,146.34,148.45,,115337.0,,raw
2021-10-20,147.71,150.66,146.44,146.84,,109014.0,,raw
2021-10-21,145.11,148.8,144.84,146.69,,95019.0,,raw
2021-10-22,148.0,155.69,147.06,154.4,,216083.0,,raw
2021-10-25,156.36,156.77,150.17,152.6,,139451.0,,raw
2021-10-26,151.95,160.68,151.53,158.01,,200579.0,,raw
2021-10-27,158.03,158.07,153.5,157.56,,151005.0,,raw
2021-10-28,172.0,172.0,161.6,164.3,,411542.0,,raw
2021-10-29,165.9,176.95,164.31,169.51,,319704.0,,raw
2021-11-01,169.0,174.43,166.96,171.09,,213102.0,,raw
2021-11-02,172.0,174.88,169.02,172.0,,208356.0,,raw
2021-11-03,173.15,174.5,167.93,168.8,,175810.0,,raw
2021-11-04,170.0,171.6,165.5,167.0,,156548.0,,raw
2021-11-05,169.2,170.31,165.7,167.31,,136725.0,,raw
2021-11-08,165.0,165.99,159.54,161.99,,167623.0,,raw
2021-11-09,162.2,166.62,159.6,164.3,,162004.0,,raw
2021-11-10,163.0,166.53,160.09,166.2,,129473.0,,raw
2021-11-11,164.8,169.18,161.13,164.56,,196084.0,,raw
2021-11-12,162.44,164.8,161.47,162.77,,130583.0,,raw
2021-11-15,163.01,168.98,163.0,166.78,,190361.0,,raw
2021-11-16,165.5,167.11,163.02,163.18,,120690.0,,raw
2021-11-17,162.91,163.47,158.94,161.92,,144930.0,,raw
2021-11-18,161.21,162.99,158.58,158.59,,108988.0,,raw
2021-11-19,158.65,160.3,157.03,159.3,,115571.0,,raw
2021-11-22,159.0,165.88,157.66,165.46,,204785.0,,raw
2021-11-23,165.0,166.6,161.75,162.16,,147115.0,,raw
2021-11-24,161.59,163.63,156.0,156.02,,196003.0,,raw
2021-11-25,156.01,157.01,152.85,156.33,,143005.0,,raw
2021-11-26,156.34,157.0,150.79,151.99,,143994.0,,raw
2021-11-29,149.71,152.88,149.22,150.23,,109425.0,,raw
2021-11-30,151.77,153.34,149.66,150.6,,103537.0,,raw
2021-12-01,153.5,165.66,153.5,165.66,,228694.0,,raw
2021-12-02,170.0,172.12,166.67,169.79,,362392.0,,raw
2021-12-03,170.98,181.41,170.71,176.49,,302296.0,,raw
2021-12-06,180.72,180.85,172.62,172.62,,180038.0,,raw
2021-12-07,176.93,178.16,169.69,171.0,,146001.0,,raw
2021-12-08,175.0,185.67,175.0,180.55,,266396.0,,raw
2021-12-09,180.0,181.49,177.13,180.11,,138858.0,,raw
2021-12-10,179.01,179.01,174.3,174.88,,150919.0,,raw
2021-12-13,174.88,176.3,173.14,174.4,,105657.0,,raw
2021-12-14,173.5,176.14,172.0,172.55,,93077.0,,raw
2021-12-15,173.1,174.5,170.3,170.47,,75513.0,,raw
2021-12-16,172.49,176.59,170.43,170.92,,130913.0,,raw
2021-12-17,170.15,171.5,167.0,167.14,,115495.0,,raw
2021-12-20,166.0,170.5,163.01,163.48,,106340.0,,raw
2021-12-21,165.69,169.7,165.0,166.23,,104519.0,,raw
2021-12-22,167.98,175.0,167.98,171.08,,158622.0,,raw
2021-12-23,170.97,173.14,169.48,171.51,,82789.0,,raw
2021-12-24,172.3,176.3,171.55,173.89,,99938.0,,raw
2021-12-27,174.47,174.88,166.34,167.7,,114190.0,,raw
2021-12-28,169.0,171.75,166.55,171.02,,109594.0,,raw
2021-12-29,170.0,170.8,162.8,165.0,,120860.0,,raw
2021-12-30,164.94,181.08,164.38,176.47,,228364.0,,raw
2021-12-31,178.26,178.26,172.17,175.85,,112161.0,,raw
2022-01-04,176.56,178.9,171.01,175.88,,108742.0,,raw
2022-01-05,174.77,174.77,158.29,158.3,,256635.0,,raw
2022-01-06,155.0,167.8,154.6,162.96,,164935.0,,raw
2022-01-07,161.01,163.98,156.63,157.0,,144879.0,,raw
2022-01-10,155.58,158.0,151.33,156.5,,99948.0,,raw
2022-01-11,156.04,156.47,151.0,152.19,,98049.0,,raw
2022-01-12,153.54,155.59,151.35,154.97,,109901.0,,raw
2022-01-13,154.8,159.6,152.41,155.14,,103485.0,,raw
2022-01-14,153.0,160.0,152.55,157.4,,105397.0,,raw
2022-01-17,157.54,163.05,156.0,161.71,,100853.0,,raw
2022-01-18,161.19,163.85,160.08,161.37,,80917.0,,raw
2022-01-19,159.58,161.5,156.68,157.9,,79474.0,,raw
2022-01-20,157.88,163.8,156.6,158.8,,72490.0,,raw
2022-01-21,156.48,158.52,152.79,153.0,,82797.0,,raw
2022-01-24,152.5,155.82,152.18,155.5,,66347.0,,raw
2022-01-25,160.1,161.0,146.1,148.41,,185366.0,,raw
2022-01-26,148.41,154.2,147.6,149.92,,112495.0,,raw
2022-01-27,149.01,151.88,144.0,146.61,,110469.0,,raw
2022-01-28,147.0,148.33,138.88,139.1,,146853.0,,raw
2022-02-07,142.95,149.81,141.3,143.83,,126304.0,,raw
2022-02-08,144.11,144.74,137.15,140.96,,99538.0,,raw
2022-02-09,140.9,144.43,138.3,143.27,,80843.0,,raw
2022-02-10,144.3,146.94,142.4,145.04,,83295.0,,raw
2022-02-11,143.5,145.88,140.69,141.3,,69089.0,,raw
2022-02-14,138.88,141.96,137.2,139.54,,67836.0,,raw
2022-02-15,141.03,145.66,140.41,145.31,,101602.0,,raw
2022-02-16,147.03,149.03,145.2,145.8,,73433.0,,raw
2022-02-17,145.8,152.3,144.34,149.31,,96848.0,,raw
2022-02-18,147.9,148.5,145.56,145.99,,65812.0,,raw
2022-02-21,146.0,146.64,143.67,144.4,,66089.0,,raw
2022-02-22,143.0,147.59,141.0,146.18,,80113.0,,raw
2022-02-23,146.21,155.0,146.2,153.9,,135510.0,,raw
2022-02-24,152.95,156.72,149.27,151.73,,133237.0,,raw
2022-02-25,154.5,157.08,152.39,154.7,,106952.0,,raw
2022-02-28,154.25,155.97,152.78,153.31,,74903.0,,raw
2022-03-01,153.42,154.97,151.55,153.14,,62716.0,,raw
2022-03-02,152.01,152.01,147.33,150.5,,108102.0,,raw
2022-03-03,151.0,153.3,148.0,148.32,,75455.0,,raw
2022-03-04,150.0,158.58,148.28,154.77,,188769.0,,raw
2022-03-07,154.79,156.3,148.54,150.0,,130658.0,,raw
2022-03-08,149.99,154.51,145.18,150.6,,150142.0,,raw
2022-03-09,152.0,155.05,146.0,154.29,,168219.0,,raw
2022-03-10,160.0,164.0,155.63,159.23,,211704.0,,raw
2022-03-11,155.0,159.37,153.35,157.82,,141730.0,,raw
2022-03-14,155.02,160.58,154.0,154.33,,106756.0,,raw
2022-03-15,152.03,156.05,146.5,146.85,,139746.0,,raw
2022-03-16,151.17,161.0,149.43,160.52,,235411.0,,raw
2022-03-17,165.35,167.0,161.68,162.8,,197594.0,,raw
2022-03-18,162.77,163.99,160.0,161.54,,87736.0,,raw
2022-03-21,161.5,162.67,156.01,159.25,,110679.0,,raw
2022-03-22,160.5,163.58,159.1,159.78,,90676.0,,raw
2022-03-23,160.6,161.47,155.78,157.9,,96889.0,,raw
2022-03-24,156.19,157.0,154.0,154.41,,73203.0,,raw
2022-03-25,157.0,159.0,152.84,153.03,,106597.0,,raw
2022-03-28,151.65,152.84,149.01,149.82,,69474.0,,raw
2022-03-29,151.0,151.68,139.24,141.87,,152713.0,,raw
2022-03-30,142.68,146.97,142.5,146.59,,110535.0,,raw
2022-03-31,145.0,145.81,138.5,141.03,,117162.0,,raw
2022-04-01,139.95,142.0,138.8,140.44,,75519.0,,raw
2022-04-06,139.74,139.8,133.14,134.8,,118346.0,,raw
2022-04-07,134.0,135.68,132.98,132.98,,62254.0,,raw
2022-04-08,133.42,136.49,131.3,134.37,,74042.0,,raw
2022-04-11,131.71,132.74,123.26,123.58,,129585.0,,raw
2022-04-12,123.26,127.7,121.99,127.09,,93556.0,,raw
2022-04-13,126.0,128.88,123.2,123.3,,89978.0,,raw
2022-04-14,124.8,133.1,124.27,130.6,,130456.0,,raw
2022-04-15,129.98,135.0,128.5,132.4,,119166.0,,raw
2022-04-18,131.9,140.4,129.98,139.8,,121018.0,,raw
2022-04-19,138.08,139.0,135.01,135.27,,73472.0,,raw
2022-04-20,136.5,137.37,133.22,133.5,,77274.0,,raw
2022-04-21,131.46,136.0,131.22,132.72,,71902.0,,raw
2022-04-22,131.59,135.14,128.51,130.0,,68657.0,,raw
2022-04-25,126.35,128.0,122.61,123.0,,100444.0,,raw
2022-04-26,123.28,124.65,115.01,115.96,,110651.0,,raw
2022-04-27,113.0,125.3,112.5,125.0,,127864.0,,raw
2022-04-28,124.0,124.0,116.0,118.56,,149920.0,,raw
2022-04-29,120.5,126.72,119.56,124.81,,131267.0,,raw
2022-05-05,124.7,127.94,123.6,124.97,,94024.0,,raw
2022-05-06,120.98,122.0,119.11,119.3,,71887.0,,raw
2022-05-09,119.0,119.64,115.63,117.13,,70191.0,,raw
2022-05-10,114.0,122.98,113.5,122.4,,125189.0,,raw
2022-05-11,121.6,133.18,121.0,129.35,,174613.0,,raw
2022-05-12,127.0,130.03,126.69,128.6,,79763.0,,raw
2022-05-13,129.0,130.8,126.0,126.41,,74403.0,,raw
2022-05-16,127.38,128.77,124.48,124.8,,62131.0,,raw
2022-05-17,124.47,131.38,124.47,129.72,,104328.0,,raw
2022-05-18,130.07,135.16,129.37,134.84,,131767.0,,raw
2022-05-19,131.85,139.68,131.03,137.61,,134143.0,,raw
2022-05-20,139.0,144.94,138.54,142.25,,125172.0,,raw
2022-05-23,144.0,149.23,143.28,148.29,,155775.0,,raw
2022-05-24,147.0,148.5,141.04,141.35,,116632.0,,raw
2022-05-25,142.15,144.47,139.4,141.19,,75687.0,,raw
2022-05-26,141.19,142.19,137.39,139.8,,73505.0,,raw
2022-05-27,141.4,143.99,138.27,138.96,,70646.0,,raw
2022-05-30,140.4,143.2,138.0,142.0,,63496.0,,raw
2022-05-31,141.58,144.86,137.18,143.64,,93299.0,,raw
2022-06-01,143.3,145.69,141.99,143.85,,59561.0,,raw
2022-06-02,142.79,146.74,140.15,145.02,,86895.0,,raw
2022-06-06,145.01,147.3,141.5,143.95,,94158.0,,raw
2022-06-07,143.44,143.44,137.7,139.86,,156559.0,,raw
2022-06-08,139.6,145.5,139.03,142.58,,103074.0,,raw
2022-06-09,141.5,142.58,135.17,136.69,,109558.0,,raw
2022-06-10,134.19,137.99,134.19,136.71,,145042.0,,raw
2022-06-13,134.0,136.6,131.67,133.69,,144233.0,,raw
2022-06-14,132.9,133.51,127.6,131.53,,125797.0,,raw
2022-06-15,131.25,134.14,129.61,130.6,,123902.0,,raw
2022-06-16,130.6,133.98,130.3,131.15,,93400.0,,raw
2022-06-17,130.0,131.66,127.88,131.19,,108368.0,,raw
2022-06-20,131.57,135.19,130.03,133.35,,138862.0,,raw
2022-06-21,133.11,133.7,129.25,130.4,,118297.0,,raw
2022-06-22,130.96,131.28,126.61,126.61,,98909.0,,raw
2022-06-23,126.61,128.7,124.7,128.22,,119019.0,,raw
2022-06-24,129.77,133.62,128.5,132.0,,136388.0,,raw
2022-06-27,132.73,135.0,132.08,133.38,,114130.0,,raw
2022-06-28,132.49,140.38,130.4,139.98,,219927.0,,raw
2022-06-29,139.0,142.4,136.32,136.64,,186898.0,,raw
2022-06-30,136.7,143.45,136.7,142.21,,147218.0,,raw
2022-07-01,141.35,142.19,138.52,138.85,,108755.0,,raw
2022-07-04,134.35,134.58,128.0,130.19,,226477.0,,raw
2022-07-05,129.99,132.08,128.21,130.57,,120206.0,,raw
2022-07-06,130.58,135.2,129.5,131.28,,134322.0,,raw
2022-07-07,131.2,131.88,128.2,129.3,,99666.0,,raw
2022-07-08,130.8,138.86,130.5,135.28,,232954.0,,raw
2022-07-11,135.0,135.0,128.5,128.99,,157024.0,,raw
2022-07-12,128.4,129.5,125.66,126.0,,90299.0,,raw
2022-07-13,125.6,126.99,123.0,124.54,,84740.0,,raw
2022-07-14,124.55,127.5,124.1,126.13,,72803.0,,raw
2022-07-15,128.17,129.79,126.19,126.3,,111247.0,,raw
2022-07-18,126.3,127.0,120.99,122.92,,147933.0,,raw
2022-07-19,122.0,123.33,119.85,121.97,,110708.0,,raw
2022-07-20,122.86,127.16,122.53,124.71,,127028.0,,raw
2022-07-21,123.71,130.08,122.22,126.68,,160725.0,,raw
2022-07-22,126.7,127.33,122.66,123.19,,107740.0,,raw
2022-07-25,122.37,123.18,120.0,120.63,,79431.0,,raw
2022-07-26,120.63,121.77,119.89,121.52,,60437.0,,raw
2022-07-27,120.2,120.98,118.0,118.62,,105473.0,,raw
2022-07-28,119.85,122.32,119.0,119.35,,122896.0,,raw
2022-07-29,120.01,120.5,118.01,118.27,,86674.0,,raw
2022-08-01,117.31,119.82,114.2,119.28,,93244.0,,raw
2022-08-02,117.0,120.3,114.9,117.69,,107377.0,,raw
2022-08-03,119.13,124.76,117.69,122.25,,194295.0,,raw
2022-08-04,122.87,125.5,122.4,124.58,,130827.0,,raw
2022-08-05,124.33,132.01,122.48,130.08,,214858.0,,raw
2022-08-08,131.38,131.68,125.54,127.72,,171784.0,,raw
2022-08-09,126.48,128.82,124.5,128.8,,113153.0,,raw
2022-08-10,126.85,130.39,125.75,125.95,,105044.0,,raw
2022-08-11,126.58,130.24,125.68,128.47,,106643.0,,raw
2022-08-12,127.0,128.96,126.54,126.7,,79117.0,,raw
2022-08-15,126.0,127.38,124.5,124.79,,81535.0,,raw
2022-08-16,124.87,126.41,122.36,123.5,,85496.0,,raw
2022-08-17,123.0,123.96,121.74,123.25,,66994.0,,raw
2022-08-18,123.25,123.97,121.31,123.67,,90026.0,,raw
2022-08-19,122.67,126.46,119.08,119.3,,135363.0,,raw
2022-08-22,118.39,120.21,117.22,119.66,,67058.0,,raw
2022-08-23,119.66,120.1,118.03,118.21,,59419.0,,raw
2022-08-24,118.16,118.48,114.52,114.97,,97349.0,,raw
2022-08-25,115.14,115.66,110.57,114.35,,113794.0,,raw
2022-08-26,114.35,116.55,114.1,114.9,,67269.0,,raw
2022-08-29,114.0,116.44,113.14,114.49,,63932.0,,raw
2022-08-30,114.16,115.42,112.23,112.52,,82264.0,,raw
2022-08-31,112.21,117.0,111.55,115.97,,109593.0,,raw
2022-09-01,116.01,116.9,112.88,112.95,,69415.0,,raw
2022-09-02,112.71,114.68,112.61,113.25,,51786.0,,raw
2022-09-05,112.6,112.82,109.51,111.22,,69235.0,,raw
2022-09-06,112.22,112.96,109.8,112.71,,67173.0,,raw
2022-09-07,112.78,117.96,112.77,116.63,,129421.0,,raw
2022-09-08,116.49,116.73,115.11,115.3,,59272.0,,raw
2022-09-09,116.0,116.29,113.12,114.92,,55136.0,,raw
2022-09-13,116.49,116.79,114.14,114.19,,55348.0,,raw
2022-09-14,111.0,113.5,111.0,112.42,,68370.0,,raw
2022-09-15,112.55,112.93,107.92,108.6,,95195.0,,raw
2022-09-16,108.27,110.39,106.21,106.21,,80469.0,,raw
2022-09-19,106.0,107.15,104.4,104.55,,74020.0,,raw
2022-09-20,105.5,106.08,104.11,105.44,,57345.0,,raw
2022-09-21,104.66,105.39,100.6,102.3,,108957.0,,raw
2022-09-22,100.98,102.8,100.0,101.06,,81529.0,,raw
2022-09-23,100.58,101.3,97.51,98.24,,95420.0,,raw
2022-09-26,97.36,99.56,97.03,98.35,,59295.0,,raw
2022-09-27,98.24,100.12,97.85,99.91,,63197.0,,raw
2022-09-28,99.1,99.99,97.4,97.4,,48566.0,,raw
2022-09-29,98.19,99.3,95.88,96.24,,67198.0,,raw
2022-09-30,96.2,96.58,93.71,93.75,,74216.0,,raw
2022-10-10,91.0,91.85,85.1,85.5,,191911.0,,raw
2022-10-11,85.49,85.87,82.61,83.38,,186885.0,,raw
2022-10-12,83.4,83.62,79.53,83.43,,261973.0,,raw
2022-10-13,82.99,85.08,82.16,82.3,,177842.0,,raw
2022-10-14,83.83,86.87,83.2,86.43,,200020.0,,raw
2022-10-17,84.92,87.24,84.6,86.77,,163950.0,,raw
2022-10-18,87.0,87.25,85.24,85.4,,112830.0,,raw
2022-10-19,85.0,86.05,84.1,84.1,,96209.0,,raw
2022-10-20,83.3,89.43,82.86,87.47,,259415.0,,raw
2022-10-21,86.46,86.88,84.46,85.18,,147477.0,,raw
2022-10-24,85.18,90.29,84.0,85.5,,210639.0,,raw
2022-10-25,85.0,86.7,83.57,83.8,,136631.0,,raw
2022-10-26,84.01,87.99,83.42,86.6,,156044.0,,raw
2022-10-27,86.85,88.79,85.6,86.81,,140914.0,,raw
2022-10-28,86.01,88.08,82.7,82.99,,156302.0,,raw
2022-10-31,79.5,84.82,77.5,82.27,,208782.0,,raw
2022-11-01,82.9,86.0,80.5,85.86,,180769.0,,raw
2022-11-02,85.86,88.5,85.1,87.25,,150734.0,,raw
2022-11-03,86.0,90.78,85.68,90.25,,193881.0,,raw
2022-11-04,90.19,92.25,88.7,90.97,,182813.0,,raw
2022-11-07,90.8,91.8,89.51,90.11,,137696.0,,raw
2022-11-08,90.34,90.77,88.46,88.95,,102260.0,,raw
2022-11-09,88.95,89.37,88.05,88.16,,72726.0,,raw
2022-11-10,87.74,89.34,86.3,86.77,,105001.0,,raw
2022-11-11,90.0,92.47,88.95,89.08,,208556.0,,raw
2022-11-14,89.3,96.07,89.16,92.7,,245102.0,,raw
2022-11-15,92.06,101.97,91.56,101.97,,264874.0,,raw
2022-11-16,103.0,104.98,101.1,103.25,,274999.0,,raw
2022-11-17,101.38,112.0,98.58,107.96,,345016.0,,raw
2022-11-18,105.8,108.77,103.37,103.75,,229657.0,,raw
2022-11-21,102.0,103.9,99.8,100.38,,171291.0,,raw
2022-11-22,100.38,102.3,99.49,100.72,,129835.0,,raw
2022-11-23,100.15,101.15,97.36,99.6,,116692.0,,raw
2022-11-24,99.54,100.58,98.08,98.63,,79881.0,,raw
2022-11-25,98.63,101.0,98.21,100.38,,96681.0,,raw
2022-11-28,99.01,100.54,97.34,98.06,,95159.0,,raw
2022-11-29,97.5,103.5,97.5,102.1,,137386.0,,raw
2022-11-30,101.34,102.36,100.35,100.79,,73766.0,,raw
2022-12-01,103.0,104.76,101.31,101.69,,114620.0,,raw
2022-12-02,100.5,102.0,98.66,98.7,,98458.0,,raw
2022-12-05,98.7,100.3,98.3,99.99,,77424.0,,raw
2022-12-06,99.62,103.1,99.26,102.13,,129514.0,,raw
2022-12-07,101.11,101.73,99.65,100.1,,90926.0,,raw
2022-12-08,100.09,100.09,98.02,98.48,,81786.0,,raw
2022-12-09,98.66,100.62,98.66,99.36,,80584.0,,raw
2022-12-12,99.41,109.3,99.05,106.7,,310898.0,,raw
2022-12-13,105.9,108.77,103.86,107.82,,186152.0,,raw
2022-12-14,112.5,113.0,104.3,104.5,,255728.0,,raw
2022-12-15,104.48,108.0,104.03,106.24,,143970.0,,raw
2022-12-16,104.93,105.63,102.53,103.62,,104802.0,,raw
2022-12-19,102.64,104.3,100.08,100.58,,75179.0,,raw
2022-12-20,100.58,102.29,100.05,101.25,,67821.0,,raw
2022-12-21,100.58,102.73,100.58,101.22,,62494.0,,raw
2022-12-22,101.99,102.87,99.88,100.35,,56753.0,,raw
2022-12-23,98.5,98.61,93.17,94.7,,133072.0,,raw
2022-12-26,94.88,102.66,94.88,101.21,,132328.0,,raw
2022-12-27,102.0,104.8,100.17,103.91,,93347.0,,raw
2022-12-28,103.45,104.89,102.77,103.2,,60624.0,,raw
2022-12-29,102.9,104.5,101.81,103.17,,56433.0,,raw
2022-12-30,104.0,104.66,101.48,102.47,,54240.0,,raw
2023-01-03,102.46,103.36,100.2,103.2,,67598.0,,raw
2023-01-04,102.69,105.27,100.1,100.41,,94598.0,,raw
2023-01-05,101.84,102.82,100.42,102.66,,95390.0,,raw
2023-01-06,101.21,103.78,99.3,102.88,,109501.0,,raw
2023-01-09,103.87,107.68,103.25,105.06,,125963.0,,raw
2023-01-10,104.86,110.8,104.58,106.38,,182229.0,,raw
2023-01-11,108.88,112.34,106.86,107.1,,215542.0,,raw
2023-01-12,107.75,108.0,104.1,106.33,,89151.0,,raw
2023-01-13,107.39,109.66,106.6,108.43,,98310.0,,raw
2023-01-16,106.71,115.88,105.81,115.02,,214446.0,,raw
2023-01-17,114.61,120.11,114.13,120.01,,197357.0,,raw
2023-01-18,119.0,119.67,116.55,116.69,,115661.0,,raw
2023-01-19,116.9,119.8,116.01,118.83,,124711.0,,raw
2023-01-20,118.2,123.48,118.0,122.63,,113330.0,,raw
2023-01-30,125.26,125.5,120.06,121.25,,111851.0,,raw
2023-01-31,120.88,121.4,113.5,114.55,,219515.0,,raw
2023-02-01,114.0,115.98,113.4,115.0,,111419.0,,raw
2023-02-02,115.91,119.29,115.11,117.09,,125525.0,,raw
2023-02-03,116.0,119.9,115.57,117.52,,93616.0,,raw
2023-02-06,116.0,117.01,113.7,114.39,,113820.0,,raw
2023-02-07,114.3,114.99,112.51,113.49,,80361.0,,raw
2023-02-08,113.9,115.96,112.6,113.08,,86410.0,,raw
2023-02-09,112.4,118.6,111.11,118.08,,139925.0,,raw
2023-02-10,118.1,119.59,115.72,116.55,,86900.0,,raw
2023-02-13,115.41,117.77,114.35,117.05,,96498.0,,raw
2023-02-14,117.0,119.03,114.3,115.86,,100196.0,,raw
2023-02-15,116.0,117.21,113.0,116.77,,108401.0,,raw
2023-02-16,116.5,119.43,112.58,113.33,,136980.0,,raw
2023-02-17,113.0,114.26,108.68,108.74,,142113.0,,raw
2023-02-20,108.73,110.21,107.26,109.52,,111060.0,,raw
2023-02-21,109.51,110.89,107.7,108.85,,88488.0,,raw
2023-02-22,107.99,109.34,107.2,108.5,,58640.0,,raw
2023-02-23,108.2,109.0,107.71,108.53,,41724.0,,raw
2023-02-24,109.0,109.83,105.99,107.02,,91774.0,,raw
2023-02-27,105.95,106.62,103.81,104.02,,144941.0,,raw
2023-02-28,105.02,105.4,102.96,104.89,,86691.0,,raw
2023-03-01,104.35,105.7,103.68,104.5,,111246.0,,raw
2023-03-02,104.9,107.93,104.53,105.19,,131093.0,,raw
2023-03-03,107.2,107.97,104.76,105.75,,136716.0,,raw
2023-03-06,105.75,106.62,104.0,105.12,,112959.0,,raw
2023-03-07,104.58,105.5,101.27,101.27,,119157.0,,raw
2023-03-08,100.91,102.86,100.0,101.8,,78248.0,,raw
2023-03-09,102.0,103.56,101.65,102.19,,100567.0,,raw
2023-03-10,101.0,103.1,100.11,101.03,,94092.0,,raw
2023-03-13,100.8,101.64,99.12,101.5,,76208.0,,raw
2023-03-14,101.0,105.36,99.51,105.04,,186947.0,,raw
2023-03-15,105.5,106.58,104.5,104.96,,117960.0,,raw
2023-03-16,103.99,106.76,103.8,105.28,,112125.0,,raw
2023-03-17,106.55,107.0,104.71,105.17,,125130.0,,raw
2023-03-20,105.0,108.88,103.8,107.82,,156564.0,,raw
2023-03-21,107.5,108.91,106.62,107.51,,93178.0,,raw
2023-03-22,107.4,107.45,105.39,106.05,,91315.0,,raw
2023-03-23,105.55,116.66,105.38,116.66,,388905.0,,raw
2023-03-24,118.96,120.0,115.3,117.9,,422011.0,,raw
2023-03-27,117.9,117.93,112.68,114.01,,272066.0,,raw
2023-03-28,113.0,114.27,108.1,108.8,,205809.0,,raw
2023-03-29,108.08,116.16,106.98,115.02,,316853.0,,raw
2023-03-30,119.0,125.0,119.0,121.32,,496958.0,,raw
2023-03-31,120.2,122.2,117.1,122.0,,247083.0,,raw
2023-04-03,129.36,132.6,126.52,131.53,,484752.0,,raw
2023-04-04,129.55,133.78,128.7,130.56,,398455.0,,raw
2023-04-06,130.5,143.22,129.1,134.5,,480167.0,,raw
2023-04-07,136.51,142.51,135.41,138.6,,361413.0,,raw
2023-04-10,138.9,139.45,129.97,130.86,,371685.0,,raw
2023-04-11,133.16,136.49,130.32,132.72,,345843.0,,raw
2023-04-12,131.01,137.33,129.14,134.99,,277735.0,,raw
2023-04-13,132.33,134.61,127.76,128.31,,267997.0,,raw
2023-04-14,130.0,136.97,126.73,135.41,,365090.0,,raw
2023-04-17,137.5,139.93,135.0,135.9,,260751.0,,raw
2023-04-18,134.0,135.0,130.98,132.91,,182072.0,,raw
2023-04-19,132.92,135.05,130.5,130.75,,193394.0,,raw
2023-04-20,129.76,136.56,129.74,136.28,,269666.0,,raw
2023-04-21,136.01,136.17,126.33,126.41,,289920.0,,raw
2023-04-24,126.34,126.4,118.89,120.74,,312618.0,,raw
2023-04-25,120.4,121.69,116.13,117.72,,216732.0,,raw
2023-04-26,117.5,118.39,109.9,110.98,,302079.0,,raw
2023-04-27,109.27,115.55,108.99,112.48,,209379.0,,raw
2023-04-28,107.06,113.52,107.01,108.47,,322202.0,,raw
2023-05-04,107.5,108.8,104.75,105.0,,201161.0,,raw
2023-05-05,104.75,108.37,104.1,104.8,,182769.0,,raw
2023-05-08,104.8,106.96,103.6,104.16,,168024.0,,raw
2023-05-09,104.01,104.97,101.6,101.76,,179820.0,,raw
2023-05-10,101.51,102.39,98.76,100.09,,159265.0,,raw
2023-05-11,101.4,102.29,100.01,100.83,,141897.0,,raw
2023-05-12,102.0,103.66,100.5,100.52,,180574.0,,raw
2023-05-15,100.21,102.08,98.6,102.08,,124303.0,,raw
2023-05-16,103.64,107.39,100.56,106.07,,262464.0,,raw
2023-05-17,104.0,110.56,103.9,109.45,,251757.0,,raw
2023-05-18,108.3,110.49,106.8,107.2,,156948.0,,raw
2023-05-19,109.19,113.52,108.8,112.01,,237233.0,,raw
2023-05-22,116.2,118.31,111.0,113.31,,234052.0,,raw
2023-05-23,111.11,111.5,107.48,107.48,,156281.0,,raw
2023-05-24,109.09,111.0,106.3,108.38,,167245.0,,raw
2023-05-25,108.99,111.35,107.69,110.8,,140037.0,,raw
2023-05-26,111.56,115.2,110.05,114.0,,160986.0,,raw
2023-05-29,115.03,115.86,111.7,112.17,,151880.0,,raw
2023-05-30,111.49,113.15,109.05,112.6,,136915.0,,raw
2023-05-31,111.99,112.71,108.0,110.8,,174891.0,,raw
2023-06-01,109.01,111.95,108.8,110.31,,132386.0,,raw
2023-06-02,110.0,111.3,107.66,108.89,,116971.0,,raw
2023-06-05,108.35,110.19,106.5,107.0,,138063.0,,raw
2023-06-06,106.1,106.11,102.83,103.06,,143083.0,,raw
2023-06-07,103.29,104.39,102.56,103.24,,97668.0,,raw
2023-06-08,102.44,102.65,100.59,101.13,,95248.0,,raw
2023-06-09,101.46,103.31,100.18,103.25,,157380.0,,raw
2023-06-12,102.41,103.95,101.35,102.9,,143817.0,,raw
2023-06-13,103.03,113.19,102.61,111.94,,355673.0,,raw
2023-06-14,111.78,113.5,110.8,112.2,,195413.0,,raw
2023-06-15,112.8,113.2,110.1,110.91,,134945.0,,raw
2023-06-16,110.11,112.5,109.21,111.88,,140903.0,,raw
2023-06-19,110.88,115.43,110.3,114.08,,185240.0,,raw
2023-06-20,112.5,114.37,111.74,113.36,,120878.0,,raw
2023-06-21,112.6,112.65,107.8,107.8,,177376.0,,raw
2023-06-26,105.46,107.3,104.11,105.85,,113119.0,,raw
2023-06-27,105.85,108.38,105.11,105.84,,90801.0,,raw
2023-06-28,105.79,107.27,103.23,105.05,,114491.0,,raw
2023-06-29,108.07,109.97,105.2,105.36,,138435.0,,raw
2023-06-30,104.1,107.64,103.0,106.25,,101068.0,,raw
2023-07-03,106.0,107.2,104.81,106.39,,94938.0,,raw
2023-07-04,106.41,110.53,105.16,108.82,,151310.0,,raw
2023-07-05,108.2,112.5,108.18,110.35,,170811.0,,raw
2023-07-06,109.4,112.98,109.16,110.44,,124485.0,,raw
2023-07-07,107.0,107.12,103.02,105.21,,193989.0,,raw
2023-07-10,105.43,108.28,104.72,106.0,,88681.0,,raw
2023-07-11,106.55,116.16,106.55,115.33,,315109.0,,raw
2023-07-12,115.3,116.2,112.88,113.21,,184490.0,,raw
2023-07-13,113.41,119.9,112.85,118.25,,258779.0,,raw
2023-07-14,119.13,123.3,117.28,117.34,,256540.0,,raw
2023-07-17,116.31,119.71,116.17,118.36,,159892.0,,raw
2023-07-18,118.04,119.88,115.46,115.73,,149243.0,,raw
2023-07-19,115.0,116.7,113.73,114.6,,95724.0,,raw
2023-07-20,115.02,115.46,111.88,112.37,,96655.0,,raw
2023-07-21,112.12,114.4,111.08,112.27,,90721.0,,raw
2023-07-24,112.2,112.78,110.19,110.93,,74711.0,,raw
2023-07-25,112.4,113.87,110.92,112.9,,119458.0,,raw
2023-07-26,112.8,115.35,111.16,111.8,,103345.0,,raw
2023-07-27,110.99,112.3,110.22,110.46,,79858.0,,raw
2023-07-28,111.39,114.88,110.82,114.23,,174506.0,,raw
2023-07-31,113.01,115.97,112.59,114.78,,142991.0,,raw
2023-08-01,114.79,115.3,113.05,114.41,,81029.0,,raw
2023-08-02,113.59,114.72,113.31,113.98,,74052.0,,raw
2023-08-03,113.32,115.5,112.28,114.11,,81163.0,,raw
2023-08-04,113.35,114.35,103.05,106.86,,352520.0,,raw
2023-08-07,105.0,106.4,104.0,105.33,,134216.0,,raw
2023-08-08,104.88,106.1,104.56,104.75,,79392.0,,raw
2023-08-09,104.72,105.18,103.6,104.06,,65147.0,,raw
2023-08-10,104.06,104.47,101.85,103.65,,87189.0,,raw
2023-08-11,103.66,103.88,101.63,102.05,,76792.0,,raw
2023-08-14,100.0,101.49,99.95,101.19,,65193.0,,raw
2023-08-15,101.8,102.23,94.88,97.75,,204000.0,,raw
2023-08-16,96.79,97.6,94.5,94.5,,112145.0,,raw
2023-08-17,93.98,96.2,93.5,95.47,,78376.0,,raw
2023-08-18,95.36,96.43,93.65,93.77,,75617.0,,raw
2023-08-21,93.8,94.45,91.35,91.51,,103733.0,,raw
2023-08-22,92.5,92.93,89.53,92.14,,131470.0,,raw
2023-08-23,92.24,92.88,90.01,90.1,,91463.0,,raw
2023-08-24,90.44,92.48,90.08,91.51,,90391.0,,raw
2023-08-25,90.51,90.92,88.38,89.1,,93429.0,,raw
2023-08-28,95.51,95.51,89.1,89.49,,136063.0,,raw
2023-08-29,89.4,93.25,89.03,92.27,,126290.0,,raw
2023-08-30,92.5,95.45,92.3,94.0,,139224.0,,raw
2023-08-31,93.22,94.76,92.6,93.98,,90902.0,,raw
2023-09-01,95.5,97.46,93.76,94.5,,114981.0,,raw
2023-09-04,94.0,96.83,93.95,96.8,,108628.0,,raw
2023-09-05,96.9,101.1,96.8,99.64,,203399.0,,raw
2023-09-06,98.3,100.5,98.26,99.92,,98233.0,,raw
2023-09-07,99.92,100.97,98.26,98.3,,118446.0,,raw
2023-09-08,97.01,98.75,96.7,97.35,,75476.0,,raw
2023-09-11,97.36,99.19,96.65,97.5,,90043.0,,raw
2023-09-12,97.52,98.48,96.9,97.79,,60771.0,,raw
2023-09-13,98.6,100.8,97.2,98.95,,129559.0,,raw
2023-09-14,98.15,98.94,96.14,96.96,,89192.0,,raw
2023-09-15,97.3,102.7,95.81,100.0,,176889.0,,raw
2023-09-18,99.2,100.5,98.7,99.51,,89065.0,,raw
2023-09-19,99.1,102.88,98.3,101.39,,141556.0,,raw
2023-09-20,101.04,102.5,99.89,100.44,,82716.0,,raw
2023-09-21,100.0,101.3,99.17,100.52,,63427.0,,raw
2023-09-22,100.2,102.18,99.13,101.98,,96041.0,,raw
2023-09-25,101.44,101.88,99.8,99.95,,67925.0,,raw
2023-09-26,99.63,100.38,98.67,98.78,,71809.0,,raw
2023-09-27,98.98,100.44,98.67,98.88,,53970.0,,raw
2023-09-28,98.88,100.1,98.1,98.6,,58100.0,,raw
2023-10-09,98.6,103.88,98.3,102.69,,127054.0,,raw
2023-10-10,102.0,105.05,102.0,103.85,,104856.0,,raw
2023-10-11,104.2,106.55,103.06,105.0,,107767.0,,raw
2023-10-12,104.0,105.45,102.25,104.3,,99685.0,,raw
2023-10-13,103.8,104.6,102.5,103.18,,88975.0,,raw
2023-10-16,102.51,102.98,100.54,101.14,,79549.0,,raw
2023-10-17,101.14,102.85,100.41,102.2,,71329.0,,raw
2023-10-18,101.6,102.8,98.0,100.4,,69824.0,,raw
2023-10-19,99.31,103.15,99.2,99.46,,77280.0,,raw
2023-10-20,99.3,100.08,96.97,97.39,,73457.0,,raw
2023-10-23,97.0,97.74,93.63,94.7,,77077.0,,raw
2023-10-24,95.68,98.16,94.43,97.68,,84351.0,,raw
2023-10-25,95.78,96.8,92.01,96.45,,125257.0,,raw
2023-10-26,96.11,96.43,93.39,94.38,,67334.0,,raw
2023-10-27,94.4,103.16,94.4,101.83,,173790.0,,raw
2023-10-30,100.93,108.56,100.91,106.88,,216713.0,,raw
2023-10-31,109.0,109.76,105.27,107.0,,113442.0,,raw
2023-11-01,106.8,107.46,105.01,105.46,,64393.0,,raw
2023-11-02,105.55,106.7,104.41,104.53,,61264.0,,raw
2023-11-03,104.7,108.86,104.7,108.0,,109671.0,,raw
2023-11-06,107.85,110.22,107.23,109.35,,122349.0,,raw
2023-11-07,109.0,109.33,105.86,106.94,,118528.0,,raw
2023-11-08,106.67,107.48,105.84,106.69,,93621.0,,raw
2023-11-09,106.4,107.05,104.49,105.1,,83704.0,,raw
2023-11-10,105.28,106.82,104.5,105.18,,65555.0,,raw
2023-11-13,105.77,106.5,103.55,104.11,,95279.0,,raw
2023-11-14,104.0,104.98,102.92,103.67,,74717.0,,raw
2023-11-15,105.26,107.9,104.01,106.99,,147716.0,,raw
2023-11-16,105.9,106.21,103.96,104.69,,75711.0,,raw
2023-11-17,104.29,106.23,103.7,104.98,,79343.0,,raw
2023-11-20,104.98,104.99,99.88,100.06,,183399.0,,raw
2023-11-21,100.1,100.48,97.61,97.9,,130612.0,,raw
2023-11-22,97.25,97.75,95.6,95.69,,121588.0,,raw
2023-11-23,95.63,96.79,94.88,96.69,,103366.0,,raw
2023-11-24,96.7,96.79,94.6,94.76,,75504.0,,raw
2023-11-27,94.13,95.3,93.5,95.04,,88520.0,,raw
2023-11-28,95.04,95.7,94.2,95.2,,76904.0,,raw
2023-11-29,96.5,96.99,94.35,94.64,,90473.0,,raw
2023-11-30,94.2,94.47,93.24,94.1,,69929.0,,raw
2023-12-01,94.15,95.38,92.29,95.15,,100490.0,,raw
2023-12-04,94.87,95.4,94.33,94.47,,69280.0,,raw
2023-12-05,94.0,94.01,89.91,90.06,,125653.0,,raw
2023-12-06,89.27,92.0,89.2,91.32,,90696.0,,raw
2023-12-07,91.0,91.73,89.3,89.77,,78630.0,,raw
2023-12-08,89.85,92.33,89.33,91.91,,132187.0,,raw
2023-12-11,91.05,93.45,89.8,92.9,,105820.0,,raw
2023-12-12,93.0,95.53,92.51,93.62,,111808.0,,raw
2023-12-13,93.15,95.15,92.68,93.3,,96568.0,,raw
2023-12-14,94.41,96.47,93.84,95.11,,130085.0,,raw
2023-12-15,95.36,95.76,93.51,94.14,,85616.0,,raw
2023-12-18,93.21,93.79,92.27,92.64,,58331.0,,raw
2023-12-19,92.38,95.0,92.24,93.88,,78288.0,,raw
2023-12-20,93.75,93.97,90.48,91.16,,93801.0,,raw
2023-12-21,90.79,92.85,90.4,91.69,,69518.0,,raw
2023-12-22,92.99,93.95,90.6,91.12,,82274.0,,raw
2023-12-25,90.5,91.73,89.99,90.92,,50224.0,,raw
2023-12-26,90.92,91.1,88.81,89.14,,59596.0,,raw
2023-12-27,89.25,92.0,89.25,90.83,,108929.0,,raw
2023-12-28,90.74,93.27,89.34,92.5,,112093.0,,raw
2023-12-29,92.3,93.5,91.88,92.39,,85481.0,,raw
2024-01-02,92.4,92.4,89.85,89.98,,89306.0,,raw
2024-01-03,89.8,89.9,84.86,86.06,,166064.0,,raw
2024-01-04,85.72,85.86,80.0,81.3,,211787.0,,raw
2024-01-05,80.65,82.25,78.39,79.7,,171855.0,,raw
2024-01-08,79.0,79.88,76.69,77.61,,170528.0,,raw
2024-01-09,78.0,78.79,76.36,77.7,,122956.0,,raw
2024-01-10,77.13,77.88,75.85,76.58,,95308.0,,raw
2024-01-11,76.16,78.16,76.13,77.86,,102067.0,,raw
2024-01-12,77.37,77.67,76.33,76.6,,79635.0,,raw
2024-01-15,76.15,78.3,75.5,76.55,,96918.0,,raw
2024-01-16,76.4,76.92,74.76,76.48,,110778.0,,raw
2024-01-17,76.0,76.78,74.32,74.33,,81264.0,,raw
2024-01-18,73.87,76.18,72.81,75.93,,137846.0,,raw
2024-01-19,75.55,76.49,75.0,75.28,,81700.0,,raw
2024-01-22,75.1,75.5,71.3,72.29,,126164.0,,raw
2024-01-23,72.3,74.0,72.0,73.23,,99237.0,,raw
2024-01-24,73.8,73.94,69.9,72.1,,131249.0,,raw
2024-01-25,71.87,74.3,71.36,74.16,,119392.0,,raw
2024-01-26,72.0,72.0,68.0,68.73,,299187.0,,raw
2024-01-29,67.9,69.3,65.71,66.68,,194374.0,,raw
2024-01-30,66.52,67.29,65.05,65.35,,98853.0,,raw
2024-01-31,65.0,65.81,62.41,62.5,,142307.0,,raw
2024-02-01,62.42,65.69,61.91,63.31,,153425.0,,raw
2024-02-02,63.7,64.07,58.0,60.18,,182120.0,,raw
2024-02-05,59.99,60.0,55.2,57.92,,182840.0,,raw
2024-02-06,57.63,62.0,57.0,61.96,,173490.0,,raw
2024-02-07,62.15,63.57,61.38,62.3,,177465.0,,raw
2024-02-08,62.78,68.53,62.75,68.53,,210110.0,,raw
2024-02-19,68.55,68.99,64.77,66.95,,261611.0,,raw
2024-02-20,66.19,72.02,64.43,70.15,,301582.0,,raw
2024-02-21,67.5,71.6,67.35,69.27,,341447.0,,raw
2024-02-22,68.0,73.04,67.8,72.54,,301343.0,,raw
2024-02-23,72.55,73.31,70.99,71.98,,262476.0,,raw
2024-02-26,72.0,72.82,70.8,71.36,,186353.0,,raw
2024-02-27,70.92,74.63,70.26,74.19,,234335.0,,raw
2024-02-28,74.3,75.6,69.81,69.9,,242150.0,,raw
2024-02-29,69.3,73.3,69.11,73.27,,229640.0,,raw
2024-03-01,73.37,76.66,73.16,75.76,,244928.0,,raw
2024-03-04,76.18,76.66,74.15,74.93,,192938.0,,raw
2024-03-05,74.1,75.69,73.79,74.26,,167057.0,,raw
2024-03-06,74.0,74.25,72.08,72.83,,148200.0,,raw
2024-03-07,72.97,74.2,70.5,70.52,,151815.0,,raw
2024-03-08,71.03,72.48,70.47,71.6,,123363.0,,raw
2024-03-11,70.72,74.8,70.05,74.63,,194193.0,,raw
2024-03-12,74.97,82.09,74.49,79.0,,449151.0,,raw
2024-03-13,80.0,80.4,77.3,78.35,,295310.0,,raw
2024-03-14,77.55,78.62,76.36,77.18,,177707.0,,raw
2024-03-15,77.0,77.76,75.38,77.42,,182268.0,,raw
2024-03-18,77.65,78.5,76.66,77.89,,213065.0,,raw
2024-03-19,77.9,79.95,76.9,77.21,,223805.0,,raw
2024-03-20,76.77,77.85,75.77,77.1,,154258.0,,raw
2024-03-21,79.34,82.32,78.3,80.15,,378439.0,,raw
2024-03-22,81.0,82.43,78.29,78.38,,316452.0,,raw
2024-03-25,77.02,77.42,73.34,73.53,,267224.0,,raw
2024-03-26,74.65,79.66,74.4,76.47,,302069.0,,raw
2024-03-27,75.96,76.23,70.52,70.75,,242539.0,,raw
2024-03-28,70.75,73.46,69.68,72.75,,170200.0,,raw
2024-03-29,72.74,72.74,70.45,71.87,,144973.0,,raw
2024-04-01,71.95,72.67,71.0,72.44,,179330.0,,raw
2024-04-02,73.89,74.01,71.45,71.9,,164827.0,,raw
2024-04-03,71.36,73.87,69.38,71.61,,238378.0,,raw
2024-04-08,71.4,72.0,69.74,69.74,,158218.0,,raw
2024-04-09,69.8,70.89,69.0,69.85,,119523.0,,raw
2024-04-10,70.0,70.26,66.21,66.42,,174331.0,,raw
2024-04-11,66.6,72.33,66.6,70.18,,335969.0,,raw
2024-04-12,69.8,76.24,69.6,73.85,,358401.0,,raw
2024-04-15,73.0,73.78,72.07,73.2,,209792.0,,raw
2024-04-16,72.68,72.68,68.8,68.87,,181051.0,,raw
2024-04-17,70.5,75.76,69.8,75.76,,343275.0,,raw
2024-04-18,76.51,77.4,75.43,76.0,,276420.0,,raw
2024-04-19,75.3,75.5,72.65,74.09,,223472.0,,raw
2024-04-22,70.35,76.17,69.09,75.96,,368903.0,,raw
2024-04-23,75.7,76.3,74.08,74.5,,194734.0,,raw
2024-04-24,75.25,78.32,75.25,77.9,,294444.0,,raw
2024-04-25,77.11,79.27,77.01,77.11,,214550.0,,raw
2024-04-26,77.1,79.68,76.93,78.7,,250227.0,,raw
2024-04-29,78.7,80.97,78.47,78.75,,288115.0,,raw
2024-04-30,78.71,80.6,78.22,78.75,,179260.0,,raw
2024-05-06,80.02,82.93,80.02,81.94,,241320.0,,raw
2024-05-07,81.98,86.99,81.79,84.03,,278869.0,,raw
2024-05-08,84.0,84.0,81.52,81.99,,186681.0,,raw
2024-05-09,81.51,83.5,81.44,82.59,,166501.0,,raw
2024-05-10,82.8,85.5,81.89,82.49,,234198.0,,raw
2024-05-13,81.0,87.57,80.77,86.32,,270239.0,,raw
2024-05-14,86.62,87.2,85.1,86.62,,181396.0,,raw
2024-05-15,86.71,86.79,83.04,83.42,,170668.0,,raw
2024-05-16,84.0,84.5,81.0,81.55,,182247.0,,raw
2024-05-17,81.65,83.0,80.8,82.87,,136860.0,,raw
2024-05-20,82.85,83.39,81.52,82.68,,122590.0,,raw
2024-05-21,82.5,84.33,82.1,82.92,,105912.0,,raw
2024-05-22,82.92,83.42,81.27,82.53,,124375.0,,raw
2024-05-23,82.53,83.6,81.22,81.26,,120848.0,,raw
2024-05-24,81.09,81.88,78.31,78.6,,180089.0,,raw
2024-05-27,78.84,81.52,77.01,81.48,,183544.0,,raw
2024-05-28,81.39,85.16,81.02,81.69,,221077.0,,raw
2024-05-29,81.02,81.98,80.0,80.44,,107370.0,,raw
2024-05-30,80.38,82.98,79.35,82.38,,154289.0,,raw
2024-05-31,82.49,84.99,82.03,83.11,,167151.0,,raw
2024-06-03,84.01,87.02,83.5,86.17,,248981.0,,raw
2024-06-04,86.17,86.78,84.18,85.3,,143704.0,,raw
2024-06-05,84.95,86.84,84.72,84.77,,127391.0,,raw
2024-06-06,85.62,86.2,82.88,83.15,,184984.0,,raw
2024-06-07,83.57,85.3,82.4,83.46,,137299.0,,raw
2024-06-11,84.0,87.58,83.6,87.56,,233338.0,,raw
2024-06-12,87.02,88.68,86.3,86.6,,189218.0,,raw
2024-06-13,87.9,91.33,87.55,89.0,,271534.0,,raw
2024-06-14,88.5,90.68,86.85,90.66,,192350.0,,raw
2024-06-17,90.3,94.99,89.99,94.28,,243112.0,,raw
2024-06-18,94.2,95.49,92.43,93.6,,195009.0,,raw
2024-06-19,95.2,97.15,93.65,94.71,,212260.0,,raw
2024-06-20,94.0,95.6,92.75,93.0,,166269.0,,raw
2024-06-21,91.08,95.0,90.5,94.5,,171038.0,,raw
2024-06-24,94.2,96.62,92.23,92.45,,183877.0,,raw
2024-06-25,92.0,93.5,88.97,89.95,,210701.0,,raw
2024-06-26,90.66,93.8,89.36,93.2,,155305.0,,raw
2024-06-27,92.11,96.46,92.0,94.2,,206372.0,,raw
2024-06-28,93.05,96.24,93.01,95.62,,160694.0,,raw
2024-07-01,95.06,95.99,90.55,94.41,,158483.0,,raw
2024-07-02,94.01,94.01,89.81,90.21,,183591.0,,raw
2024-07-03,90.02,92.5,89.41,91.69,,130300.0,,raw
2024-07-04,91.64,93.99,91.3,91.6,,114456.0,,raw
2024-07-05,91.6,92.5,88.58,91.84,,144750.0,,raw
2024-07-08,92.97,93.59,91.67,91.96,,118837.0,,raw
2024-07-09,92.0,97.0,90.7,96.42,,208468.0,,raw
2024-07-10,96.46,97.92,95.78,97.04,,144936.0,,raw
2024-07-11,98.3,99.86,95.52,97.82,,157587.0,,raw
2024-07-12,96.61,98.2,95.3,97.35,,104758.0,,raw
2024-07-15,97.0,98.35,96.55,97.2,,79492.0,,raw
2024-07-16,96.7,98.6,95.32,97.99,,141012.0,,raw
2024-07-17,98.0,98.19,95.91,96.0,,102747.0,,raw
2024-07-18,94.31,95.9,90.0,94.0,,205972.0,,raw
2024-07-19,93.01,97.29,92.9,96.0,,160181.0,,raw
2024-07-22,96.07,96.71,93.58,94.37,,122134.0,,raw
2024-07-23,94.38,94.66,88.88,88.88,,194790.0,,raw
2024-07-24,88.7,90.01,86.0,86.3,,169626.0,,raw
2024-07-25,86.25,86.25,83.7,84.4,,127456.0,,raw
2024-07-26,84.7,85.52,83.26,84.41,,119138.0,,raw
2024-07-29,84.41,85.17,82.5,82.55,,126163.0,,raw
2024-07-30,82.22,83.66,80.6,82.99,,123523.0,,raw
2024-07-31,82.4,86.05,82.0,85.98,,160430.0,,raw
2024-08-01,86.3,87.67,85.6,86.74,,135555.0,,raw
2024-08-02,85.24,86.07,82.91,83.06,,131562.0,,raw
2024-08-05,81.03,82.5,77.61,77.66,,232581.0,,raw
2024-08-06,78.98,79.48,76.93,78.18,,127303.0,,raw
2024-08-07,78.05,78.4,76.66,76.95,,92951.0,,raw
2024-08-08,76.27,78.15,75.08,77.57,,144859.0,,raw
2024-08-09,78.8,79.5,78.0,78.12,,117233.0,,raw
2024-08-12,77.77,78.65,77.55,78.19,,60116.0,,raw
2024-08-13,78.6,79.16,77.58,78.96,,70070.0,,raw
2024-08-14,79.0,79.31,78.11,78.23,,63145.0,,raw
2024-08-15,78.2,80.27,77.82,78.75,,99146.0,,raw
2024-08-16,79.08,80.09,78.66,78.9,,84242.0,,raw
2024-08-19,78.6,79.79,78.32,78.98,,68173.0,,raw
2024-08-20,79.47,79.8,78.35,79.23,,82797.0,,raw
2024-08-21,78.57,78.57,73.97,73.99,,279296.0,,raw
2024-08-22,74.38,74.74,72.61,73.65,,147043.0,,raw
2024-08-23,73.0,73.5,72.02,72.36,,111643.0,,raw
2024-08-26,72.62,72.88,71.02,71.28,,101198.0,,raw
2024-08-27,71.27,71.56,70.0,70.23,,92169.0,,raw
2024-08-28,70.23,70.74,69.65,69.95,,76391.0,,raw
2024-08-29,69.7,71.05,68.77,70.0,,107256.0,,raw
2024-08-30,70.0,72.93,69.88,72.38,,170538.0,,raw
2024-09-02,72.38,72.38,68.52,68.54,,150410.0,,raw
2024-09-03,69.21,70.67,68.92,70.02,,95342.0,,raw
2024-09-04,69.03,69.88,68.57,68.84,,98247.0,,raw
2024-09-05,69.0,70.05,68.82,69.39,,75729.0,,raw
2024-09-06,69.44,69.59,67.88,67.88,,74284.0,,raw
2024-09-09,67.37,68.79,67.26,67.64,,61950.0,,raw
2024-09-10,67.88,68.4,66.4,67.93,,102472.0,,raw
2024-09-11,67.6,68.09,67.0,67.64,,77410.0,,raw
2024-09-12,68.0,68.46,66.8,66.8,,71822.0,,raw
2024-09-13,66.8,67.08,65.3,65.3,,103629.0,,raw
2024-09-18,65.35,66.0,64.13,64.78,,86933.0,,raw
2024-09-19,65.3,66.35,64.44,65.51,,106806.0,,raw
2024-09-20,65.67,66.02,64.6,65.29,,81352.0,,raw
2024-09-23,65.29,66.46,64.84,65.13,,76216.0,,raw
2024-09-24,65.81,68.41,65.0,68.4,,191554.0,,raw
2024-09-25,69.21,71.54,68.93,69.45,,216608.0,,raw
2024-09-26,69.98,75.28,69.81,75.27,,288590.0,,raw
2024-09-27,76.4,80.43,75.74,80.4,,182963.0,,raw
2024-09-30,85.35,88.44,82.01,88.37,,419207.0,,raw
2024-10-08,97.21,97.21,91.45,97.21,,422656.0,,raw
2024-10-09,97.1,101.14,92.0,93.1,,608298.0,,raw
2024-10-10,93.51,94.77,86.52,88.08,,430400.0,,raw
2024-10-11,86.5,87.89,82.87,84.0,,267593.0,,raw
2024-10-14,84.0,86.28,81.48,86.12,,287208.0,,raw
2024-10-15,86.13,88.45,84.55,85.0,,246540.0,,raw
2024-10-16,83.0,84.47,82.15,83.08,,183826.0,,raw
2024-10-17,83.68,85.2,82.38,82.39,,172523.0,,raw
2024-10-18,82.2,90.0,82.01,87.74,,361432.0,,raw
2024-10-21,92.49,93.09,89.68,89.92,,487794.0,,raw
2024-10-22,88.83,90.48,87.8,88.8,,254151.0,,raw
2024-10-23,88.0,89.55,87.76,88.0,,198677.0,,raw
2024-10-24,87.52,89.55,87.01,88.3,,187431.0,,raw
2024-10-25,88.55,90.3,87.2,89.15,,215592.0,,raw
2024-10-28,89.14,91.64,88.28,90.76,,244881.0,,raw
2024-10-29,91.0,91.84,88.6,88.6,,257678.0,,raw
2024-10-30,88.08,90.44,87.74,88.76,,199845.0,,raw
2024-10-31,88.75,90.8,87.2,90.17,,280355.0,,raw
2024-11-01,89.48,89.9,86.18,86.3,,222232.0,,raw
2024-11-04,86.6,90.89,86.3,90.0,,247164.0,,raw
2024-11-05,90.2,92.74,89.51,92.08,,287772.0,,raw
2024-11-06,101.26,101.26,93.75,94.52,,499021.0,,raw
2024-11-07,94.68,97.18,94.01,96.64,,298547.0,,raw
2024-11-08,97.64,99.29,95.0,95.48,,366732.0,,raw
2024-11-11,95.68,99.69,95.66,99.14,,402356.0,,raw
2024-11-12,99.22,99.49,96.05,96.86,,296648.0,,raw
2024-11-13,95.93,96.8,93.9,96.31,,212449.0,,raw
2024-11-14,95.9,95.9,92.0,92.22,,194035.0,,raw
2024-11-15,92.26,94.23,89.15,89.59,,211988.0,,raw
2024-11-18,89.5,90.33,85.89,86.46,,203141.0,,raw
2024-11-19,87.07,88.95,85.89,88.76,,163175.0,,raw
2024-11-20,88.31,88.92,87.51,88.31,,124180.0,,raw
2024-11-21,88.32,89.17,87.38,88.32,,122344.0,,raw
2024-11-22,88.33,88.98,84.3,84.38,,171456.0,,raw
2024-11-25,85.0,85.44,82.2,83.91,,141962.0,,raw
2024-11-26,83.2,84.37,83.12,83.22,,87804.0,,raw
2024-11-27,83.02,85.0,81.9,85.0,,138669.0,,raw
2024-11-28,85.29,86.45,84.5,85.24,,143048.0,,raw
2024-11-29,84.81,87.32,83.91,85.78,,161046.0,,raw
2024-12-02,84.0,85.3,83.43,84.78,,239902.0,,raw
2024-12-03,85.06,85.11,83.01,83.72,,166224.0,,raw
2024-12-04,85.82,87.6,85.36,85.87,,313316.0,,raw
2024-12-05,85.88,86.15,84.55,85.08,,153549.0,,raw
2024-12-06,85.05,86.2,84.31,85.98,,156018.0,,raw
2024-12-09,85.11,85.78,82.8,83.32,,219970.0,,raw
2024-12-10,85.88,86.24,83.33,83.69,,227811.0,,raw
2024-12-11,83.3,85.0,83.08,84.21,,137045.0,,raw
2024-12-12,84.22,85.06,83.38,84.53,,155349.0,,raw
2024-12-13,84.0,92.98,83.82,92.98,,803881.0,,raw
2024-12-16,91.58,100.0,91.09,96.66,,899435.0,,raw
2024-12-17,95.2,97.0,93.16,93.68,,391215.0,,raw
2024-12-18,93.3,103.05,93.3,103.05,,576227.0,,raw
2024-12-19,106.5,113.36,105.0,112.15,,1047836.0,,raw
2024-12-20,110.7,114.6,109.55,113.2,,668293.0,,raw
2024-12-23,116.66,117.0,107.25,107.25,,599234.0,,raw
2024-12-24,108.0,108.99,102.82,108.0,,568962.0,,raw
2024-12-25,109.0,114.0,107.96,109.76,,494789.0,,raw
2024-12-26,108.5,115.88,107.99,115.0,,484284.0,,raw
2024-12-27,114.99,117.5,111.49,111.96,,403969.0,,raw
2024-12-30,113.21,115.76,110.29,113.82,,321040.0,,raw
2024-12-31,114.0,114.08,106.8,106.8,,366544.0,,raw
2025-01-02,106.25,107.2,101.76,102.99,,302431.0,,raw
2025-01-03,103.6,106.6,100.09,103.1,,341289.0,,raw
2025-01-06,103.64,104.8,98.63,99.54,,313420.0,,raw
2025-01-07,100.44,106.33,99.65,105.2,,338771.0,,raw
2025-01-08,104.16,115.72,103.8,114.65,,620005.0,,raw
2025-01-09,113.32,125.29,113.11,122.9,,636921.0,,raw
2025-01-10,120.0,123.86,119.88,120.5,,359245.0,,raw
2025-01-13,119.0,121.9,116.03,117.85,,313077.0,,raw
2025-01-14,117.99,129.64,114.51,129.64,,504030.0,,raw
2025-01-15,129.79,137.8,128.21,132.86,,535336.0,,raw
2025-01-16,132.07,133.88,125.17,128.2,,394024.0,,raw
2025-01-17,128.9,137.76,128.44,134.79,,418945.0,,raw
2025-01-20,134.8,134.88,131.0,133.0,,275941.0,,raw
2025-01-21,134.03,139.8,128.12,132.1,,446601.0,,raw
2025-01-22,130.0,139.3,128.6,136.21,,407133.0,,raw
2025-01-23,137.0,141.0,129.65,130.47,,398255.0,,raw
2025-01-24,129.79,131.68,127.45,130.5,,336735.0,,raw
2025-01-27,129.34,131.45,126.49,127.4,,223230.0,,raw
2025-02-05,133.98,138.71,133.25,135.35,,354214.0,,raw
2025-02-06,133.1,143.4,133.0,140.63,,368582.0,,raw
2025-02-07,139.5,143.55,135.47,138.56,,357779.0,,raw
2025-02-10,138.5,138.5,133.91,134.63,,264705.0,,raw
2025-02-11,134.6,136.38,131.99,134.0,,201522.0,,raw
2025-02-12,133.5,135.44,130.99,134.98,,254827.0,,raw
2025-02-13,134.88,134.88,127.0,127.68,,364995.0,,raw
2025-02-14,127.27,128.44,125.04,127.32,,261862.0,,raw
2025-02-17,127.3,128.8,125.81,127.49,,270844.0,,raw
2025-02-18,127.4,127.46,122.68,123.47,,286452.0,,raw
2025-02-19,123.46,128.44,123.0,127.51,,344094.0,,raw
2025-02-20,127.5,130.01,125.0,128.39,,235787.0,,raw
2025-02-21,128.41,140.2,127.6,138.05,,495341.0,,raw
2025-02-24,138.8,147.56,137.05,143.0,,396754.0,,raw
2025-02-25,139.0,141.75,135.36,137.0,,359209.0,,raw
2025-02-26,137.0,137.5,131.31,136.77,,276195.0,,raw
2025-02-27,136.0,138.49,130.51,133.74,,273432.0,,raw
2025-02-28,131.99,140.77,131.11,131.83,,446939.0,,raw
2025-03-03,135.0,135.0,126.39,129.58,,275996.0,,raw
2025-03-04,126.86,137.64,124.01,134.5,,352140.0,,raw
2025-03-05,135.4,137.88,133.0,135.88,,245854.0,,raw
2025-03-06,135.9,139.83,135.21,137.73,,272123.0,,raw
2025-03-07,136.34,136.35,131.2,134.68,,282992.0,,raw
2025-03-10,132.21,134.01,130.64,132.52,,177743.0,,raw
2025-03-11,129.11,130.8,127.3,128.18,,214038.0,,raw
2025-03-12,129.39,131.19,127.15,128.48,,198808.0,,raw
2025-03-13,127.55,128.19,123.0,124.28,,215335.0,,raw
2025-03-14,123.96,130.44,123.8,129.89,,242066.0,,raw
2025-03-17,129.28,130.11,127.5,128.03,,123718.0,,raw
2025-03-18,128.78,132.2,128.02,129.91,,197663.0,,raw
2025-03-19,129.0,131.98,128.11,130.95,,188514.0,,raw
2025-03-20,130.31,132.89,128.13,128.4,,151365.0,,raw
2025-03-21,127.0,128.13,123.18,123.61,,166106.0,,raw
2025-03-24,123.81,125.2,121.85,125.12,,151311.0,,raw
2025-03-25,124.36,124.8,118.96,119.31,,205427.0,,raw
2025-03-26,119.31,120.14,116.58,116.96,,196425.0,,raw
2025-03-27,116.55,120.29,116.55,117.63,,142425.0,,raw
2025-03-28,117.0,118.22,116.65,117.01,,84041.0,,raw
2025-03-31,117.05,117.89,114.1,116.88,,123085.0,,raw
2025-04-01,117.5,118.98,115.8,117.49,,120796.0,,raw
2025-04-02,117.49,118.68,116.7,117.59,,79608.0,,raw
2025-04-03,115.65,118.3,114.9,115.75,,99818.0,,raw
2025-04-07,105.0,111.99,104.18,104.2,,254542.0,,raw
2025-04-08,105.86,106.66,100.88,103.48,,269520.0,,raw
2025-04-09,101.99,107.5,98.87,104.96,,275810.0,,raw
2025-04-10,108.99,110.52,106.68,107.9,,214669.0,,raw
2025-04-11,107.69,116.8,106.1,112.32,,322465.0,,raw
2025-04-14,114.32,114.49,110.38,111.73,,185818.0,,raw
2025-04-15,111.0,111.74,108.8,110.0,,126750.0,,raw
2025-04-16,110.11,110.6,107.0,109.19,,126393.0,,raw
2025-04-17,108.93,111.01,108.28,109.2,,110044.0,,raw
2025-04-18,108.88,108.88,107.39,108.3,,69225.0,,raw
2025-04-21,108.91,113.0,108.01,112.46,,139402.0,,raw
2025-04-22,112.39,115.78,111.95,112.35,,138860.0,,raw
2025-04-23,112.99,115.1,112.21,114.6,,151093.0,,raw
2025-04-24,115.1,115.1,110.2,111.16,,155130.0,,raw
2025-04-25,111.2,114.88,110.68,112.63,,161913.0,,raw
2025-04-28,112.63,115.5,109.81,115.2,,217573.0,,raw
2025-04-29,116.2,126.72,116.12,126.72,,438086.0,,raw
2025-04-30,126.88,129.7,125.5,128.69,,334760.0,,raw
2025-05-06,130.56,135.04,130.3,131.85,,301980.0,,raw
2025-05-07,132.06,132.77,129.35,130.35,,181044.0,,raw
2025-05-08,129.11,130.0,127.03,127.52,,161852.0,,raw
2025-05-09,126.32,126.94,123.71,124.4,,165548.0,,raw
2025-05-12,125.51,126.62,123.87,125.48,,129131.0,,raw
2025-05-13,127.03,128.52,125.16,125.51,,175633.0,,raw
2025-05-14,125.53,127.64,123.48,124.49,,146484.0,,raw
2025-05-15,124.0,124.59,121.5,122.0,,124373.0,,raw
2025-05-16,122.03,123.38,121.75,122.29,,83634.0,,raw
2025-05-19,122.97,127.79,121.86,126.3,,223654.0,,raw
2025-05-20,125.8,128.55,124.51,126.15,,158107.0,,raw
2025-05-21,124.55,124.57,117.08,118.14,,316145.0,,raw
2025-05-22,118.0,120.53,117.5,117.66,,131298.0,,raw
2025-05-23,117.09,118.21,115.4,115.4,,138800.0,,raw
2025-05-26,115.48,117.08,114.63,116.03,,112030.0,,raw
2025-05-27,115.43,115.87,112.85,112.9,,114106.0,,raw
2025-05-28,113.65,115.29,113.23,113.5,,112959.0,,raw
2025-05-29,113.77,114.44,112.52,113.75,,115026.0,,raw
2025-05-30,113.2,114.3,111.49,112.3,,102838.0,,raw
2025-06-03,111.11,115.14,111.01,112.88,,117564.0,,raw
2025-06-04,113.26,116.86,112.87,115.58,,136630.0,,raw
2025-06-05,115.99,118.48,114.78,117.9,,146717.0,,raw
2025-06-06,117.66,127.78,117.01,123.44,,291918.0,,raw
2025-06-09,123.0,123.9,121.37,122.63,,161339.0,,raw
2025-06-10,122.9,122.91,117.71,119.4,,141368.0,,raw
2025-06-11,119.56,121.8,119.0,119.15,,103580.0,,raw
2025-06-12,119.88,122.2,119.0,119.95,,128927.0,,raw
2025-06-13,118.9,119.97,117.78,118.9,,112649.0,,raw
2025-06-16,119.0,124.32,119.0,121.01,,169117.0,,raw
2025-06-17,122.61,125.0,120.18,122.32,,144413.0,,raw
2025-06-18,121.99,124.62,119.0,122.62,,146720.0,,raw
2025-06-19,122.38,126.49,122.2,123.21,,182640.0,,raw
2025-06-20,122.61,123.25,117.5,118.96,,165939.0,,raw
2025-06-23,117.71,121.69,117.39,120.21,,112579.0,,raw
2025-06-24,122.26,124.9,121.9,123.91,,167500.0,,raw
2025-06-25,124.98,125.79,122.6,125.5,,174732.0,,raw
2025-06-26,125.2,125.65,123.0,123.25,,131305.0,,raw
2025-06-27,124.3,127.5,122.3,126.34,,209867.0,,raw
2025-06-30,128.37,128.5,125.2,126.53,,141434.0,,raw
2025-07-01,126.0,126.55,123.51,124.02,,142876.0,,raw
2025-07-02,123.28,123.3,120.1,120.98,,130681.0,,raw
2025-07-03,120.58,121.55,119.0,119.72,,128590.0,,raw
2025-07-04,119.19,120.3,117.51,118.85,,141827.0,,raw
2025-07-07,118.98,120.81,117.86,120.81,,114585.0,,raw
2025-07-08,123.0,123.5,121.01,121.71,,151878.0,,raw
2025-07-09,120.91,120.99,119.29,119.47,,126056.0,,raw
2025-07-10,119.02,119.87,118.04,118.06,,111583.0,,raw
2025-07-11,117.9,119.1,117.37,118.36,,129774.0,,raw
2025-07-14,118.61,119.2,117.46,117.59,,112792.0,,raw
2025-07-15,117.1,117.56,114.0,115.0,,236203.0,,raw
2025-07-16,115.0,116.4,114.0,114.24,,158743.0,,raw
2025-07-17,114.05,118.19,113.82,117.99,,241275.0,,raw
2025-07-18,117.86,120.3,116.23,117.16,,203233.0,,raw
2025-07-21,116.82,117.53,115.4,117.11,,115944.0,,raw
2025-07-22,116.97,117.33,115.8,115.87,,143927.0,,raw
2025-07-23,115.77,118.36,115.5,116.99,,149111.0,,raw
2025-07-24,116.6,118.0,115.14,117.89,,172254.0,,raw
2025-07-25,117.9,122.0,117.9,121.94,,356934.0,,raw
2025-07-28,122.0,122.2,119.71,120.26,,191012.0,,raw
2025-07-29,120.0,121.5,119.4,120.28,,169941.0,,raw
2025-07-30,124.06,129.67,123.31,123.99,,472987.0,,raw
2025-07-31,121.0,126.8,120.28,121.13,,308748.0,,raw
2025-08-01,120.5,122.1,117.09,117.31,,247813.0,,raw
2025-08-04,116.3,120.2,116.3,118.84,,160783.0,,raw
2025-08-05,119.0,119.3,117.3,118.0,,124851.0,,raw
2025-08-06,118.0,118.65,117.01,118.28,,114486.0,,raw
2025-08-07,117.98,119.2,117.32,117.67,,169941.0,,raw
2025-08-08,117.68,117.68,116.4,116.4,,121513.0,,raw
2025-08-11,116.79,118.5,116.48,117.95,,127982.0,,raw
2025-08-12,118.31,121.5,117.6,120.47,,252756.0,,raw
2025-08-13,120.49,123.0,119.94,121.46,,240987.0,,raw
2025-08-14,121.7,125.49,120.55,121.01,,314003.0,,raw
2025-08-15,120.01,123.5,120.01,122.9,,211500.0,,raw
2025-08-18,123.33,127.98,121.51,125.7,,328499.0,,raw
2025-08-19,125.48,128.88,122.85,123.26,,323175.0,,raw
2025-08-20,123.0,127.25,122.01,127.01,,359898.0,,raw
2025-08-21,132.09,139.71,132.09,137.16,,858971.0,,raw
2025-08-22,135.12,150.88,135.08,150.88,,780791.0,,raw
2025-08-25,159.0,163.5,152.88,157.8,,836198.0,,raw
2025-08-26,157.8,157.8,152.62,154.4,,382253.0,,raw
2025-08-27,155.87,168.5,152.18,158.63,,623811.0,,raw
2025-08-28,161.0,165.8,159.01,164.45,,494328.0,,raw
2025-08-29,161.8,162.0,156.4,158.98,,398006.0,,raw
2025-09-01,164.11,174.88,157.0,174.88,,612797.0,,raw
2025-09-02,179.28,188.0,173.05,176.0,,762852.0,,raw
2025-09-03,176.26,177.73,168.55,171.09,,441276.0,,raw
2025-09-04,169.0,171.07,153.98,153.98,,454981.0,,raw
2025-09-05,150.0,163.99,145.8,159.56,,699488.0,,raw
2025-09-08,161.93,169.0,159.15,163.83,,523715.0,,raw
2025-09-09,161.0,162.8,154.62,157.15,,327320.0,,raw
2025-09-10,157.14,163.25,155.7,161.29,,334657.0,,raw
2025-09-11,161.26,177.42,160.0,177.42,,554424.0,,raw
2025-09-12,179.99,195.16,177.5,190.21,,710357.0,,raw
2025-09-15,193.51,194.5,186.62,190.94,,495483.0,,raw
2025-09-16,189.0,196.8,186.89,189.16,,408562.0,,raw
2025-09-17,188.99,192.58,182.97,186.6,,339245.0,,raw
2025-09-18,189.39,200.85,186.8,190.88,,590411.0,,raw
2025-09-19,194.31,195.88,184.91,185.2,,371918.0,,raw
2025-09-22,188.88,198.09,186.28,195.01,,411978.0,,raw
2025-09-23,196.0,201.59,188.69,194.07,,399946.0,,raw
2025-09-24,194.6,208.23,193.0,199.8,,507021.0,,raw
2025-09-25,199.0,204.5,193.1,197.41,,404276.0,,raw
2025-09-26,196.01,206.02,190.21,190.21,,435201.0,,raw
2025-09-29,196.5,203.63,195.1,197.13,,434878.0,,raw
2025-09-30,204.34,216.84,203.0,213.3,,597865.0,,raw
2025-10-09,222.0,234.63,218.6,225.49,,585390.0,,raw
2025-10-10,225.5,230.5,212.12,215.02,,443031.0,,raw
2025-10-13,201.5,214.9,201.5,207.85,,424815.0,,raw
2025-10-14,215.45,220.53,193.0,196.0,,522018.0,,raw
2025-10-15,195.55,202.4,186.41,202.01,,390442.0,,raw
2025-10-16,201.44,214.8,198.53,208.13,,458666.0,,raw
2025-10-17,208.12,211.5,201.0,201.21,,329358.0,,raw
2025-10-20,207.73,215.0,203.03,208.35,,367244.0,,raw
2025-10-21,211.0,222.0,209.66,219.01,,405117.0,,raw
2025-10-22,214.0,214.0,205.3,210.93,,371830.0,,raw
2025-10-23,205.98,208.1,200.39,206.96,,274058.0,,raw
2025-10-24,214.0,221.88,212.0,221.08,,450618.0,,raw
2025-10-27,230.0,243.19,222.83,243.19,,520916.0,,raw
2025-10-28,236.5,254.44,234.58,246.95,,527296.0,,raw
2025-10-29,246.96,252.63,236.0,241.15,,503745.0,,raw
2025-10-30,246.24,247.0,231.78,232.0,,433654.0,,raw
2025-10-31,231.0,234.68,216.0,220.0,,492429.0,,raw
2025-11-03,217.0,230.68,216.66,230.1,,462613.0,,raw
2025-11-04,231.0,231.22,222.5,224.99,,293368.0,,raw
2025-11-05,213.0,220.49,210.95,218.39,,335131.0,,raw
2025-11-06,224.5,228.0,222.25,227.2,,343347.0,,raw
2025-11-07,222.68,227.89,219.55,220.95,,278989.0,,raw
2025-11-10,228.49,231.45,212.5,218.96,,385832.0,,raw
2025-11-11,223.6,227.01,216.71,216.99,,341925.0,,raw
2025-11-12,213.0,218.58,207.01,209.5,,349523.0,,raw
2025-11-13,212.0,230.45,211.88,227.5,,626639.0,,raw
2025-11-14,216.0,216.49,205.78,205.78,,548633.0,,raw
2025-11-17,207.81,214.74,206.36,207.5,,335061.0,,raw
2025-11-18,205.28,207.58,201.57,202.5,,274378.0,,raw
2025-11-19,200.25,205.5,199.03,202.52,,238819.0,,raw
2025-11-20,207.5,208.0,198.66,199.1,,217605.0,,raw
2025-11-21,189.0,190.57,182.51,182.51,,404416.0,,raw
2025-11-24,183.75,184.75,176.0,179.18,,340499.0,,raw
2025-11-25,185.0,191.6,184.19,190.62,,364021.0,,raw
2025-11-26,187.01,198.88,186.8,196.5,,297685.0,,raw
2025-11-27,198.88,208.0,198.88,200.86,,319732.0,,raw
2025-11-28,199.0,204.35,196.66,203.0,,215652.0,,raw
2025-12-01,204.04,215.45,201.2,212.82,,382670.0,,raw
2025-12-02,211.78,216.79,208.1,210.5,,249244.0,,raw
2025-12-03,210.42,210.99,206.19,207.6,,170708.0,,raw
2025-12-04,206.0,212.98,201.99,210.41,,247007.0,,raw
2025-12-05,210.92,211.0,205.5,206.81,,169817.0,,raw
2025-12-08,208.62,216.97,207.53,213.89,,311307.0,,raw
2025-12-09,212.0,215.3,209.3,210.95,,210586.0,,raw
2025-12-10,209.09,210.2,203.5,208.84,,191810.0,,raw
2025-12-11,211.88,213.0,207.5,207.81,,188246.0,,raw
2025-12-12,206.0,214.44,204.01,209.89,,215034.0,,raw
2025-12-15,205.02,208.68,203.5,204.16,,175069.0,,raw
2025-12-16,203.0,205.46,196.13,197.86,,204825.0,,raw
2025-12-17,197.01,202.87,195.95,202.18,,190502.0,,raw
2025-12-18,203.5,218.88,203.5,214.45,,418525.0,,raw
2025-12-19,220.0,221.0,208.2,210.21,,332395.0,,raw
2025-12-22,213.51,219.5,213.51,216.46,,253701.0,,raw
2025-12-23,216.99,221.33,215.0,217.38,,254298.0,,raw
2025-12-24,220.0,225.0,216.2,224.1,,298410.0,,raw
2025-12-25,223.0,228.83,217.33,222.0,,259400.0,,raw
2025-12-26,221.0,230.0,220.0,226.97,,296631.0,,raw
2025-12-29,225.71,234.44,225.0,227.93,,296019.0,,raw
2025-12-30,226.0,229.54,219.1,220.22,,271610.0,,raw
2025-12-31,228.01,228.88,212.58,214.25,,354571.0,,raw
