date,open,high,low,close,volume,amount,price_type
2018-01-02,27.329,27.535,26.601,27.422,8917.0,,adjusted
2018-01-03,27.54,27.832,26.97,27.381,12812.0,,adjusted
2018-01-04,27.078,27.396,26.365,26.847,21111.0,,adjusted
2018-01-05,26.97,27.791,26.442,26.739,27450.0,,adjusted
2018-01-08,27.273,27.278,26.293,26.457,30173.0,,adjusted
2018-01-09,26.97,27.94,26.775,27.75,23205.0,,adjusted
2018-01-10,28.038,29.664,27.92,28.761,37878.0,,adjusted
2018-01-11,28.407,29.177,28.166,28.874,13895.0,,adjusted
2018-01-12,28.499,29.526,28.499,28.931,16531.0,,adjusted
2018-01-15,28.972,29.372,28.212,28.592,14388.0,,adjusted
2018-01-16,28.859,28.859,27.555,27.637,25745.0,,adjusted
2018-01-17,27.894,28.161,27.473,27.848,19293.0,,adjusted
2018-01-18,27.437,28.612,26.96,27.894,12037.0,,adjusted
2018-01-19,27.894,28.304,27.565,27.663,7828.0,,adjusted
2018-01-22,27.848,28.048,27.063,27.637,15248.0,,adjusted
2018-01-23,27.068,27.92,27.063,27.791,13466.0,,adjusted
2018-01-24,27.843,30.573,27.268,30.378,28402.0,,adjusted
2018-01-25,30.922,31.127,29.716,30.178,29079.0,,adjusted
2018-01-26,29.849,30.511,29.849,30.019,9429.0,,adjusted
2018-01-29,30.614,30.614,26.806,27.766,33508.0,,adjusted
2018-01-30,27.098,28.761,27.063,28.664,10421.0,,adjusted
2018-01-31,28.089,28.966,27.596,27.807,9862.0,,adjusted
2018-02-01,27.483,28.561,27.027,27.175,11080.0,,adjusted
2018-02-02,27.175,28.715,27.021,28.366,12553.0,,adjusted
2018-02-05,27.417,28.356,26.996,27.432,12920.0,,adjusted
2018-02-06,25.584,27.011,25.584,26.462,13813.0,,adjusted
2018-02-07,27.016,27.278,25.02,25.79,20854.0,,adjusted
2018-02-08,25.785,27.74,25.533,27.53,20369.0,,adjusted
2018-02-09,26.621,28.048,26.621,27.725,18696.0,,adjusted
2018-02-12,27.725,29.567,27.714,28.566,20779.0,,adjusted
2018-02-13,28.576,29.1,28.15,28.407,9037.0,,adjusted
2018-02-14,28.433,28.715,28.161,28.689,4485.0,,adjusted
2018-02-22,28.869,30.604,28.869,30.434,17371.0,,adjusted
2018-02-23,30.208,31.225,30.208,31.225,14818.0,,adjusted
2018-02-26,31.255,33.472,31.24,33.129,22178.0,,adjusted
2018-02-27,33.17,33.575,31.707,32.898,28421.0,,adjusted
2018-02-28,32.615,33.411,31.902,33.062,11868.0,,adjusted
2018-03-01,32.708,33.652,32.138,33.103,16255.0,,adjusted
2018-03-02,33.688,36.516,33.108,34.104,26070.0,,adjusted
2018-03-05,34.412,34.642,32.682,34.304,16140.0,,adjusted
2018-03-06,33.734,34.463,33.436,33.698,14193.0,,adjusted
2018-03-07,33.821,35.746,33.821,34.766,15710.0,,adjusted
2018-03-08,35.13,36.336,35.13,36.085,19680.0,,adjusted
2018-03-09,35.997,36.767,35.494,35.997,15254.0,,adjusted
2018-03-12,36.233,38.302,36.105,37.034,20229.0,,adjusted
2018-03-13,37.799,37.809,36.274,36.357,11577.0,,adjusted
2018-03-14,36.269,36.762,35.777,35.9,11093.0,,adjusted
2018-03-15,35.977,36.659,35.13,36.464,8513.0,,adjusted
2018-03-16,36.12,38.25,35.879,37.645,15757.0,,adjusted
2018-03-19,37.696,37.799,37.111,37.799,7719.0,,adjusted
2018-03-20,37.624,38.512,37.311,38.312,10887.0,,adjusted
2018-03-21,38.594,38.594,37.593,37.819,20439.0,,adjusted
2018-03-22,37.604,37.722,36.772,36.926,10539.0,,adjusted
2018-03-23,33.693,36.618,33.693,34.663,21603.0,,adjusted
2018-03-26,33.693,36.772,31.384,36.3,40075.0,,adjusted
2018-03-27,35.736,36.362,34.73,35.233,34396.0,,adjusted
2018-03-28,34.268,35.438,33.282,33.282,16840.0,,adjusted
2018-03-29,33.442,34.642,33.442,34.104,23618.0,,adjusted
2018-03-30,34.412,36.813,34.412,36.439,29802.0,,adjusted
2018-04-02,36.541,37.537,35.443,35.864,27876.0,,adjusted
2018-04-03,35.089,36.09,34.791,35.238,11081.0,,adjusted
2018-04-04,36.259,38.476,36.259,37.208,32047.0,,adjusted
2018-04-09,37.876,38.312,36.428,37.65,14448.0,,adjusted
2018-04-10,37.619,37.619,36.259,36.988,21942.0,,adjusted
2018-04-11,36.983,37.747,36.49,37.229,14959.0,,adjusted
2018-04-12,37.183,37.465,36.67,36.916,7399.0,,adjusted
2018-04-13,37.27,37.27,36.259,36.259,8610.0,,adjusted
2018-04-16,36.259,39.179,36.259,37.901,32804.0,,adjusted
2018-04-17,38.979,39.338,33.837,33.837,50328.0,,adjusted
2018-04-18,32.718,34.258,30.444,32.769,47001.0,,adjusted
2018-04-19,32.667,33.832,32.153,33.129,17344.0,,adjusted
2018-04-20,32.923,33.077,31.553,31.563,15499.0,,adjusted
2018-04-23,32.123,32.343,28.135,29.064,33378.0,,adjusted
2018-04-24,29.552,32.246,29.552,32.246,28123.0,,adjusted
2018-04-25,32.456,33.175,31.656,32.282,18453.0,,adjusted
2018-04-26,31.928,31.928,29.818,30.614,20913.0,,adjusted
2018-04-27,31.322,31.43,29.654,30.835,19372.0,,adjusted
2018-05-02,30.845,31.64,30.47,30.819,11598.0,,adjusted
2018-05-03,30.819,33.349,28.766,33.149,27994.0,,adjusted
2018-05-04,32.241,33.431,31.153,31.358,32146.0,,adjusted
2018-05-07,30.845,32.646,30.845,31.999,15654.0,,adjusted
2018-05-08,32.005,32.672,31.497,32.667,18741.0,,adjusted
2018-05-09,32.4,33.062,32.4,32.795,8643.0,,adjusted
2018-05-10,32.744,33.077,31.907,32.436,9793.0,,adjusted
2018-05-11,32.436,32.436,31.23,31.64,15830.0,,adjusted
2018-05-14,34.263,35.079,33.18,33.334,27404.0,,adjusted
2018-05-15,33.206,36.942,33.077,36.777,38332.0,,adjusted
2018-05-16,35.972,36.259,35.027,35.325,24648.0,,adjusted
2018-05-17,35.13,35.212,33.96,34.909,14213.0,,adjusted
2018-05-18,34.288,35.505,34.258,35.115,7978.0,,adjusted
2018-05-21,35.797,37.285,35.797,36.187,22623.0,,adjusted
2018-05-22,35.849,38.127,35.849,37.542,27000.0,,adjusted
2018-05-23,36.772,37.532,36.516,36.834,15231.0,,adjusted
2018-05-24,36.567,36.967,35.233,35.541,12132.0,,adjusted
2018-05-25,35.674,36.069,34.519,34.771,9363.0,,adjusted
2018-05-28,34.617,35.428,34.232,35.099,9667.0,,adjusted
2018-05-29,35.582,36.403,34.766,35.823,13499.0,,adjusted
2018-05-30,34.181,34.181,32.359,32.769,22183.0,,adjusted
2018-05-31,32.923,34.15,32.923,34.104,10875.0,,adjusted
2018-06-01,34.098,34.104,32.867,33.077,7564.0,,adjusted
2018-06-04,33.247,34.463,33.093,34.201,11725.0,,adjusted
2018-06-05,34.222,35.228,33.806,34.17,12207.0,,adjusted
2018-06-06,34.206,34.617,33.185,33.77,14865.0,,adjusted
2018-06-07,33.796,34.258,33.011,33.39,10123.0,,adjusted
2018-06-08,33.39,34.658,33.123,33.544,17710.0,,adjusted
2018-06-11,33.18,33.18,31.907,32.282,21695.0,,adjusted
2018-06-12,32.23,32.908,31.44,32.528,13930.0,,adjusted
2018-06-13,32.333,33.744,31.373,31.846,12703.0,,adjusted
2018-06-14,31.846,32.867,31.697,32.148,14133.0,,adjusted
2018-06-15,31.332,32.39,31.296,31.794,14690.0,,adjusted
2018-06-19,31.127,31.589,28.34,28.34,21536.0,,adjusted
2018-06-20,28.099,29.326,28.099,28.561,12894.0,,adjusted
2018-06-21,28.643,29.023,25.821,26.257,25419.0,,adjusted
2018-06-22,26.226,27.535,25.995,26.934,18533.0,,adjusted
2018-06-25,26.955,27.524,26.616,26.647,14392.0,,adjusted
2018-06-26,26.395,28.741,26.026,28.694,20719.0,,adjusted
2018-06-27,28.694,28.746,26.703,27.545,24195.0,,adjusted
2018-06-28,27.381,27.991,26.826,27.068,17533.0,,adjusted
2018-06-29,27.011,28.499,26.406,28.068,25399.0,,adjusted
2018-07-02,28.407,29.326,27.401,28.048,28595.0,,adjusted
2018-07-03,28.053,28.304,24.989,27.458,49352.0,,adjusted
2018-07-04,27.083,27.627,26.354,26.498,23261.0,,adjusted
2018-07-05,26.498,26.719,24.866,24.958,21704.0,,adjusted
2018-07-06,24.455,26.082,24.353,25.046,28520.0,,adjusted
2018-07-09,25.492,26.236,25.492,25.995,23730.0,,adjusted
2018-07-10,26.888,26.97,25.841,26.406,19871.0,,adjusted
2018-07-11,25.471,25.501,23.49,23.49,33111.0,,adjusted
2018-07-12,22.109,24.624,22.109,24.27,55503.0,,adjusted
2018-07-13,24.424,26.923,24.223,26.307,66804.0,,adjusted
2018-07-16,26.528,28.262,26.528,26.933,54333.0,,adjusted
2018-07-17,27.862,27.893,26.636,27.446,30137.0,,adjusted
2018-07-18,27.539,28.324,26.569,26.615,34029.0,,adjusted
2018-07-19,27.144,27.508,26.358,27.298,30614.0,,adjusted
2018-07-20,27.287,27.544,26.02,27.036,34733.0,,adjusted
2018-07-23,27.528,29.263,27.205,28.442,55108.0,,adjusted
2018-07-24,28.452,29.889,27.821,29.007,38517.0,,adjusted
2018-07-25,28.914,29.776,28.519,28.735,37828.0,,adjusted
2018-07-26,29.017,29.042,26.784,27.0,46692.0,,adjusted
2018-07-27,27.092,28.611,26.928,28.067,54569.0,,adjusted
2018-07-30,28.683,28.755,24.988,24.988,54558.0,,adjusted
2018-07-31,24.988,24.988,23.798,23.941,40127.0,,adjusted
2018-08-01,23.705,24.865,23.295,23.387,46291.0,,adjusted
2018-08-02,23.464,23.577,20.775,20.934,83054.0,,adjusted
2018-08-03,20.98,21.278,19.179,20.344,63858.0,,adjusted
2018-08-06,19.974,20.262,19.014,19.569,39866.0,,adjusted
2018-08-07,19.687,20.369,19.189,20.072,33393.0,,adjusted
2018-08-08,20.626,21.724,20.025,20.528,54666.0,,adjusted
2018-08-09,20.677,22.232,19.738,21.688,59366.0,,adjusted
2018-08-10,21.683,22.319,21.16,22.001,45111.0,,adjusted
2018-08-13,21.699,23.141,21.406,22.812,57645.0,,adjusted
2018-08-14,22.751,23.413,22.253,22.792,31659.0,,adjusted
2018-08-15,22.545,22.766,21.473,21.539,30997.0,,adjusted
2018-08-16,20.98,22.535,20.821,22.181,45180.0,,adjusted
2018-08-17,22.556,23.577,22.376,22.422,55812.0,,adjusted
2018-08-20,23.069,23.141,21.401,22.884,44984.0,,adjusted
2018-08-21,23.141,23.284,22.319,22.694,34907.0,,adjusted
2018-08-22,22.689,22.689,21.406,21.452,36225.0,,adjusted
2018-08-23,21.293,22.674,21.293,22.319,53651.0,,adjusted
2018-08-24,22.289,22.407,21.319,21.545,33868.0,,adjusted
2018-08-27,21.847,23.972,21.796,23.972,80017.0,,adjusted
2018-08-28,24.475,26.015,24.167,24.993,100522.0,,adjusted
2018-08-29,25.086,25.347,24.275,24.413,59949.0,,adjusted
2018-08-30,24.321,24.418,22.874,23.192,92396.0,,adjusted
2018-08-31,23.059,23.089,20.883,21.036,104257.0,,adjusted
2018-09-03,20.883,20.883,19.394,20.349,86600.0,,adjusted
2018-09-04,20.359,21.124,20.164,20.883,62849.0,,adjusted
2018-09-05,20.667,20.908,19.861,19.913,57780.0,,adjusted
2018-09-06,19.733,20.646,19.702,19.984,48206.0,,adjusted
2018-09-07,20.328,20.667,19.369,19.605,65533.0,,adjusted
2018-09-10,19.702,19.753,17.372,17.372,101881.0,,adjusted
2018-09-11,17.526,18.465,17.454,18.152,65227.0,,adjusted
2018-09-12,18.465,19.497,18.255,18.861,70693.0,,adjusted
2018-09-13,19.959,20.831,19.625,19.907,104737.0,,adjusted
2018-09-14,20.462,20.6,19.24,19.312,49938.0,,adjusted
2018-09-17,19.276,20.19,19.22,19.548,51491.0,,adjusted
2018-09-18,19.138,19.389,17.66,19.056,88730.0,,adjusted
2018-09-19,18.804,19.789,18.265,19.091,79812.0,,adjusted
2018-09-20,19.312,19.995,18.83,19.251,57152.0,,adjusted
2018-09-21,19.533,19.682,18.368,19.605,58879.0,,adjusted
2018-09-25,19.523,19.846,19.117,19.815,45062.0,,adjusted
2018-09-26,19.656,20.267,19.358,20.005,60117.0,,adjusted
2018-09-27,20.123,20.174,19.097,19.122,52107.0,,adjusted
2018-09-28,19.189,19.507,18.619,19.497,37277.0,,adjusted
2018-10-08,18.409,20.575,18.409,19.954,93291.0,,adjusted
2018-10-09,20.251,20.595,19.481,19.872,49400.0,,adjusted
2018-10-10,20.0,20.262,17.639,18.589,70885.0,,adjusted
2018-10-11,17.516,17.839,16.52,16.88,60703.0,,adjusted
2018-10-12,16.643,17.285,15.879,17.034,57125.0,,adjusted
2018-10-15,17.136,17.793,16.88,17.09,45945.0,,adjusted
2018-10-16,16.885,17.434,16.674,16.813,29290.0,,adjusted
2018-10-17,17.28,17.511,16.356,17.208,42236.0,,adjusted
2018-10-18,16.864,17.239,16.531,16.751,29751.0,,adjusted
2018-10-19,16.248,17.593,16.058,17.593,51457.0,,adjusted
2018-10-22,18.009,19.317,17.778,19.22,72730.0,,adjusted
2018-10-23,19.004,19.425,18.286,18.578,52098.0,,adjusted
2018-10-24,18.394,18.804,18.034,18.198,36155.0,,adjusted
2018-10-25,17.444,18.193,17.229,18.009,47309.0,,adjusted
2018-10-26,18.322,18.671,17.701,17.752,39379.0,,adjusted
2018-10-29,17.696,18.419,17.665,18.055,34585.0,,adjusted
2018-10-30,17.957,17.957,16.012,16.91,77455.0,,adjusted
2018-10-31,17.018,17.223,16.459,16.767,53515.0,,adjusted
2018-11-01,16.839,17.767,16.839,17.29,64135.0,,adjusted
2018-11-02,18.83,19.292,18.373,19.292,108204.0,,adjusted
2018-11-05,19.41,20.575,18.999,19.61,146059.0,,adjusted
2018-11-06,19.687,20.113,18.989,20.036,71345.0,,adjusted
2018-11-07,19.805,21.396,19.435,20.174,99921.0,,adjusted
2018-11-08,20.369,20.472,19.02,19.138,85068.0,,adjusted
2018-11-09,18.855,20.102,18.855,19.43,78690.0,,adjusted
2018-11-12,19.42,20.718,19.292,20.369,85886.0,,adjusted
2018-11-13,20.118,21.693,19.984,21.047,108735.0,,adjusted
2018-11-14,21.042,21.755,20.806,21.088,65937.0,,adjusted
2018-11-15,21.088,21.601,20.826,21.56,65016.0,,adjusted
2018-11-16,21.56,22.622,21.267,22.171,69243.0,,adjusted
2018-11-19,22.207,22.479,21.601,22.012,43692.0,,adjusted
2018-11-20,21.401,21.401,19.856,20.359,93385.0,,adjusted
2018-11-21,19.795,20.472,19.728,20.164,60540.0,,adjusted
2018-11-22,20.19,20.493,19.887,20.102,34657.0,,adjusted
2018-11-23,20.108,20.205,19.138,19.328,62291.0,,adjusted
2018-11-26,19.215,19.733,19.179,19.528,38465.0,,adjusted
2018-11-27,19.753,20.061,19.589,19.836,47851.0,,adjusted
2018-11-28,19.959,20.416,19.256,20.231,63685.0,,adjusted
2018-11-29,20.472,20.559,19.086,19.086,62389.0,,adjusted
2018-11-30,19.086,19.959,18.932,19.841,41907.0,,adjusted
2018-12-03,21.678,21.847,20.764,21.201,110621.0,,adjusted
2018-12-04,21.088,21.211,20.764,20.944,49351.0,,adjusted
2018-12-05,20.369,20.836,20.303,20.477,46151.0,,adjusted
2018-12-06,19.497,19.692,18.835,18.984,93711.0,,adjusted
2018-12-07,19.276,19.641,19.189,19.343,31867.0,,adjusted
2018-12-10,19.189,19.743,18.855,19.338,33018.0,,adjusted
2018-12-11,19.589,20.092,19.512,19.897,39381.0,,adjusted
2018-12-12,20.169,20.359,19.512,19.815,25634.0,,adjusted
2018-12-13,19.841,20.472,19.692,20.318,52517.0,,adjusted
2018-12-14,20.164,20.297,19.343,19.523,38724.0,,adjusted
2018-12-17,19.353,19.6,19.091,19.251,29496.0,,adjusted
2018-12-18,19.091,19.399,18.624,18.722,27319.0,,adjusted
2018-12-19,18.763,19.035,18.214,18.342,23879.0,,adjusted
2018-12-20,18.317,18.578,18.152,18.399,24234.0,,adjusted
2018-12-21,18.224,18.445,17.706,18.06,30267.0,,adjusted
2018-12-24,18.055,18.948,17.88,18.83,40573.0,,adjusted
2018-12-25,18.563,19.712,18.388,19.415,48251.0,,adjusted
2018-12-26,19.497,19.517,18.794,18.799,37317.0,,adjusted
2018-12-27,19.215,19.281,18.573,18.671,35062.0,,adjusted
2018-12-28,18.65,18.753,17.731,18.157,36760.0,,adjusted
2019-01-02,18.05,18.64,17.855,17.947,33694.0,,adjusted
2019-01-03,18.009,18.009,16.726,16.88,49619.0,,adjusted
2019-01-04,16.515,17.459,16.423,17.449,34530.0,,adjusted
2019-01-07,17.629,18.198,17.624,17.968,41475.0,,adjusted
2019-01-08,18.255,18.255,17.49,17.757,31580.0,,adjusted
2019-01-09,17.742,18.445,17.608,17.855,49133.0,,adjusted
2019-01-10,17.855,18.727,17.793,18.245,49877.0,,adjusted
2019-01-11,18.47,18.953,18.419,18.624,48899.0,,adjusted
2019-01-14,18.568,18.568,17.803,17.968,30006.0,,adjusted
2019-01-15,17.88,18.25,17.675,18.178,29209.0,,adjusted
2019-01-16,18.163,18.547,17.998,18.224,23973.0,,adjusted
2019-01-17,18.163,18.188,17.778,17.844,25244.0,,adjusted
2019-01-18,17.968,18.08,17.239,17.711,38454.0,,adjusted
2019-01-21,17.932,18.465,17.608,17.926,54549.0,,adjusted
2019-01-22,17.711,17.942,17.085,17.152,53703.0,,adjusted
2019-01-23,17.157,17.223,16.756,16.905,31197.0,,adjusted
2019-01-24,16.972,17.388,16.597,17.275,45217.0,,adjusted
2019-01-25,17.229,17.229,16.628,16.828,56953.0,,adjusted
2019-01-28,17.295,17.629,16.88,17.121,55118.0,,adjusted
2019-01-29,17.111,17.126,16.495,16.72,42577.0,,adjusted
2019-01-30,16.628,17.008,16.52,16.649,30355.0,,adjusted
2019-01-31,16.741,17.213,16.597,16.926,50389.0,,adjusted
2019-02-01,17.1,18.265,17.023,18.265,81845.0,,adjusted
2019-02-11,18.306,19.061,18.065,19.056,86709.0,,adjusted
2019-02-12,18.886,19.127,18.758,18.989,53534.0,,adjusted
2019-02-13,19.009,20.313,18.932,20.072,96854.0,,adjusted
2019-02-14,20.01,20.626,19.343,20.313,74114.0,,adjusted
2019-02-15,20.164,20.508,20.036,20.215,54221.0,,adjusted
2019-02-18,20.349,21.375,20.349,21.139,70913.0,,adjusted
2019-02-19,21.119,21.129,20.354,20.703,70429.0,,adjusted
2019-02-20,20.523,20.621,20.118,20.405,49001.0,,adjusted
2019-02-21,20.446,22.72,20.446,22.012,155724.0,,adjusted
2019-02-22,21.647,24.485,21.642,24.485,134137.0,,adjusted
2019-02-25,26.271,27.205,26.22,27.144,152952.0,,adjusted
2019-02-26,26.579,27.041,25.347,25.758,135821.0,,adjusted
2019-02-27,25.301,25.809,24.834,25.029,81964.0,,adjusted
2019-02-28,24.927,25.542,24.552,25.245,54945.0,,adjusted
2019-03-01,25.388,25.635,24.629,25.193,50234.0,,adjusted
2019-03-04,25.399,26.61,24.993,25.424,93521.0,,adjusted
2019-03-05,25.486,26.523,25.091,26.476,84112.0,,adjusted
2019-03-06,27.262,29.397,27.262,28.837,140649.0,,adjusted
2019-03-07,28.581,28.581,26.866,27.744,85955.0,,adjusted
2019-03-08,26.523,30.32,26.015,27.246,91569.0,,adjusted
2019-03-11,28.062,29.34,27.626,29.186,68943.0,,adjusted
2019-03-12,29.869,30.12,28.463,28.94,73897.0,,adjusted
2019-03-13,28.042,28.863,27.144,27.605,65510.0,,adjusted
2019-03-14,27.164,28.042,26.276,27.241,59781.0,,adjusted
2019-03-15,27.251,27.806,26.836,27.087,34130.0,,adjusted
2019-03-18,27.339,27.734,26.174,27.688,41879.0,,adjusted
2019-03-19,27.554,28.309,27.046,27.185,39688.0,,adjusted
2019-03-20,27.041,27.503,26.328,26.841,34624.0,,adjusted
2019-03-21,26.938,27.621,26.866,26.943,38658.0,,adjusted
2019-03-22,27.041,27.498,26.322,27.498,37130.0,,adjusted
2019-03-25,26.559,27.144,26.42,26.476,36636.0,,adjusted
2019-03-26,26.584,26.784,24.188,24.511,78063.0,,adjusted
2019-03-27,24.803,24.978,24.054,24.424,45481.0,,adjusted
2019-03-28,24.773,26.533,24.762,25.255,64958.0,,adjusted
2019-03-29,25.034,26.05,24.927,25.758,53572.0,,adjusted
2019-04-01,26.425,27.154,25.943,26.902,64138.0,,adjusted
2019-04-02,27.138,27.292,26.322,26.328,52800.0,,adjusted
2019-04-03,26.158,26.21,25.517,26.163,45202.0,,adjusted
2019-04-04,26.163,26.415,25.558,25.619,36625.0,,adjusted
2019-04-08,23.705,24.921,23.633,24.218,91654.0,,adjusted
2019-04-09,24.326,24.901,23.762,24.762,40394.0,,adjusted
2019-04-10,24.844,24.927,24.208,24.475,26972.0,,adjusted
2019-04-11,24.485,24.578,23.644,23.803,31744.0,,adjusted
2019-04-12,24.141,24.182,23.387,23.428,32224.0,,adjusted
2019-04-15,24.146,24.983,23.993,24.039,53854.0,,adjusted
2019-04-16,24.023,25.784,23.828,25.578,59377.0,,adjusted
2019-04-17,25.594,26.343,24.988,25.024,47181.0,,adjusted
2019-04-18,25.081,25.44,24.644,24.798,28136.0,,adjusted
2019-04-19,24.809,24.988,24.111,24.793,23563.0,,adjusted
2019-04-22,24.583,25.84,24.418,24.449,39715.0,,adjusted
2019-04-23,24.46,25.758,24.018,25.193,54773.0,,adjusted
2019-04-24,24.998,26.528,24.998,26.312,64596.0,,adjusted
2019-04-25,26.025,27.051,25.707,25.799,59037.0,,adjusted
2019-04-26,25.501,26.374,25.132,25.748,38795.0,,adjusted
2019-04-29,25.861,26.169,23.664,24.552,42438.0,,adjusted
2019-04-30,23.962,24.726,23.746,24.182,28528.0,,adjusted
2019-05-06,22.422,22.448,21.493,21.493,25631.0,,adjusted
2019-05-07,21.493,21.642,19.112,20.4,57427.0,,adjusted
2019-05-08,19.651,20.821,19.343,19.861,28906.0,,adjusted
2019-05-09,19.548,20.297,19.538,19.702,22890.0,,adjusted
2019-05-10,20.256,21.344,19.179,21.139,41276.0,,adjusted
2019-05-13,20.662,21.031,19.574,19.918,37301.0,,adjusted
2019-05-14,19.789,20.698,19.702,20.174,39841.0,,adjusted
2019-05-15,20.477,20.857,20.113,20.359,32728.0,,adjusted
2019-05-16,20.369,20.472,19.753,20.246,24101.0,,adjusted
2019-05-17,20.446,20.764,18.907,19.261,45115.0,,adjusted
2019-05-20,19.194,19.702,17.649,18.999,37613.0,,adjusted
2019-05-21,19.21,19.851,19.086,19.625,31596.0,,adjusted
2019-05-22,19.774,20.113,18.83,19.163,36118.0,,adjusted
2019-05-23,19.143,19.492,18.624,18.773,29849.0,,adjusted
2019-05-24,18.542,19.004,18.542,18.727,15946.0,,adjusted
2019-05-27,18.727,19.394,18.44,19.353,29288.0,,adjusted
2019-05-28,19.338,19.461,19.05,19.133,24367.0,,adjusted
2019-05-29,19.133,19.44,18.583,19.143,20449.0,,adjusted
2019-05-30,19.127,19.127,18.64,18.902,16086.0,,adjusted
2019-05-31,18.979,19.122,18.609,18.871,14445.0,,adjusted
2019-06-03,18.83,19.476,18.116,18.866,37223.0,,adjusted
2019-06-04,19.187,19.913,18.605,19.561,68188.0,,adjusted
2019-06-05,19.978,20.732,19.662,20.359,72061.0,,adjusted
2019-06-06,20.531,20.588,19.374,19.554,43339.0,,adjusted
2019-06-10,19.856,21.4,19.683,21.135,76079.0,,adjusted
2019-06-11,21.142,21.803,20.459,21.609,83445.0,,adjusted
2019-06-12,21.551,21.551,20.991,21.034,50048.0,,adjusted
2019-06-13,20.905,21.02,20.359,20.768,34889.0,,adjusted
2019-06-14,20.761,21.027,20.136,20.143,32791.0,,adjusted
2019-06-17,20.157,20.668,19.611,20.495,22743.0,,adjusted
2019-06-18,20.387,20.495,20.114,20.172,21417.0,,adjusted
2019-06-19,21.479,22.313,21.048,21.12,69490.0,,adjusted
2019-06-20,21.063,21.76,20.826,21.494,49824.0,,adjusted
2019-06-21,22.155,23.197,21.925,22.255,58681.0,,adjusted
2019-06-24,22.485,22.485,21.774,21.918,29176.0,,adjusted
2019-06-25,21.767,22.219,21.199,22.104,43664.0,,adjusted
2019-06-26,22.054,22.78,21.637,21.889,28982.0,,adjusted
2019-06-27,22.198,22.629,21.882,22.593,47707.0,,adjusted
2019-06-28,22.413,22.413,21.63,21.76,36169.0,,adjusted
2019-07-01,22.916,23.477,22.916,23.204,70782.0,,adjusted
2019-07-02,23.06,23.678,22.794,23.268,33270.0,,adjusted
2019-07-03,23.161,23.347,22.615,22.895,24233.0,,adjusted
2019-07-04,22.27,22.27,20.754,21.4,72869.0,,adjusted
2019-07-05,21.07,21.515,20.955,21.214,34593.0,,adjusted
2019-07-08,21.192,21.192,19.698,20.093,36870.0,,adjusted
2019-07-09,20.086,20.567,19.935,20.402,17762.0,,adjusted
2019-07-10,20.545,20.89,20.33,20.502,15000.0,,adjusted
2019-07-11,20.502,20.703,20.086,20.179,17485.0,,adjusted
2019-07-12,20.179,20.359,19.583,19.978,17779.0,,adjusted
2019-07-15,18.893,20.761,18.462,20.624,39510.0,,adjusted
2019-07-16,20.545,21.408,20.222,20.847,35227.0,,adjusted
2019-07-17,21.199,22.471,20.847,22.09,55186.0,,adjusted
2019-07-18,21.767,22.349,21.329,21.386,32946.0,,adjusted
2019-07-19,21.724,22.069,21.099,21.235,33896.0,,adjusted
2019-07-22,21.587,21.623,20.976,21.185,24419.0,,adjusted
2019-07-23,21.127,21.752,21.12,21.695,24268.0,,adjusted
2019-07-24,21.846,22.873,21.551,22.557,52177.0,,adjusted
2019-07-25,22.421,24.44,22.32,23.922,71918.0,,adjusted
2019-07-26,23.786,24.123,23.606,23.994,36854.0,,adjusted
2019-07-29,23.814,25.0,23.814,24.806,39269.0,,adjusted
2019-07-30,25.057,27.551,24.087,26.724,100015.0,,adjusted
2019-07-31,26.818,28.233,26.293,27.199,102285.0,,adjusted
2019-08-01,26.724,27.788,26.559,27.105,56459.0,,adjusted
2019-08-02,24.569,25.776,24.497,25.546,114981.0,,adjusted
2019-08-05,25.503,26.114,24.914,24.942,52865.0,,adjusted
2019-08-06,24.382,25.611,23.994,25.251,73327.0,,adjusted
2019-08-07,25.216,25.546,24.698,24.942,39094.0,,adjusted
2019-08-08,25.007,25.754,24.511,25.05,46027.0,,adjusted
2019-08-09,25.23,25.999,24.296,24.634,45403.0,,adjusted
2019-08-12,24.842,26.401,24.396,26.365,49595.0,,adjusted
2019-08-13,25.862,26.538,25.359,25.79,49500.0,,adjusted
2019-08-14,26.652,27.155,25.934,26.229,52100.0,,adjusted
2019-08-15,25.216,26.509,25.022,26.43,41972.0,,adjusted
2019-08-16,26.114,26.365,25.618,25.826,69803.0,,adjusted
2019-08-19,25.927,27.73,25.589,27.457,77769.0,,adjusted
2019-08-20,27.464,27.967,26.94,27.507,44013.0,,adjusted
2019-08-21,27.709,27.709,27.026,27.141,34017.0,,adjusted
2019-08-22,27.105,27.22,26.185,26.775,38613.0,,adjusted
2019-08-23,26.509,26.861,26.063,26.286,32178.0,,adjusted
2019-08-26,24.641,26.042,24.332,25.309,59552.0,,adjusted
2019-08-27,25.718,26.509,25.51,25.833,47998.0,,adjusted
2019-08-28,26.207,26.286,25.524,26.135,39531.0,,adjusted
2019-08-29,26.063,26.933,25.596,26.609,33177.0,,adjusted
2019-08-30,26.775,27.084,25.539,25.754,37873.0,,adjusted
2019-09-02,25.92,26.933,25.366,26.293,45253.0,,adjusted
2019-09-03,26.43,27.831,26.43,27.191,85179.0,,adjusted
2019-09-04,26.947,27.658,26.652,27.155,54218.0,,adjusted
2019-09-05,28.046,30.137,27.802,30.137,180717.0,,adjusted
2019-09-06,30.389,33.191,30.238,31.905,174421.0,,adjusted
2019-09-09,31.775,32.386,31.344,31.826,148120.0,,adjusted
2019-09-10,31.502,31.955,29.799,30.583,142701.0,,adjusted
2019-09-11,30.676,30.676,29.526,30.116,91958.0,,adjusted
2019-09-12,30.245,30.446,29.347,29.957,69943.0,,adjusted
2019-09-16,29.986,30.633,29.735,30.058,72888.0,,adjusted
2019-09-17,29.749,30.072,28.844,29.117,67953.0,,adjusted
2019-09-18,29.174,29.361,28.133,28.865,69477.0,,adjusted
2019-09-19,29.16,30.051,29.059,29.469,67169.0,,adjusted
2019-09-20,29.886,30.015,29.052,29.57,57628.0,,adjusted
2019-09-23,29.634,30.18,28.643,29.771,69901.0,,adjusted
2019-09-24,29.505,30.82,29.462,30.468,110744.0,,adjusted
2019-09-25,30.231,30.733,28.176,28.233,114873.0,,adjusted
2019-09-26,28.161,28.441,26.732,26.732,83645.0,,adjusted
2019-09-27,27.091,27.457,26.617,26.911,44957.0,,adjusted
2019-09-30,26.796,27.112,25.991,26.538,33449.0,,adjusted
2019-10-08,26.379,27.421,25.869,26.293,45537.0,,adjusted
2019-10-09,26.006,26.652,25.639,26.552,33998.0,,adjusted
2019-10-10,26.66,27.206,26.516,27.091,43834.0,,adjusted
2019-10-11,27.055,27.371,26.379,26.645,33519.0,,adjusted
2019-10-14,27.012,28.075,26.882,27.982,60938.0,,adjusted
2019-10-15,27.551,28.434,26.581,26.652,61666.0,,adjusted
2019-10-16,26.652,27.084,26.221,26.437,31092.0,,adjusted
2019-10-17,26.473,26.875,26.121,26.185,23242.0,,adjusted
2019-10-18,26.193,26.99,26.078,26.257,40631.0,,adjusted
2019-10-21,26.164,26.617,25.359,26.581,33125.0,,adjusted
2019-10-22,26.667,27.357,26.581,27.005,33841.0,,adjusted
2019-10-23,27.141,27.393,26.437,26.437,28553.0,,adjusted
2019-10-24,26.415,26.645,25.647,26.078,37354.0,,adjusted
2019-10-25,26.142,26.494,25.79,26.315,26858.0,,adjusted
2019-10-28,26.581,27.335,26.523,27.119,36431.0,,adjusted
2019-10-29,26.882,27.486,26.796,26.94,42318.0,,adjusted
2019-10-30,27.084,27.895,26.796,27.515,50943.0,,adjusted
2019-10-31,27.73,29.153,27.515,28.88,92560.0,,adjusted
2019-11-01,28.542,29.526,28.147,28.528,59577.0,,adjusted
2019-11-04,28.779,29.483,28.492,28.736,48730.0,,adjusted
2019-11-05,28.93,29.268,28.233,28.592,49989.0,,adjusted
2019-11-06,28.628,28.808,27.91,27.974,46889.0,,adjusted
2019-11-07,28.269,28.571,27.515,28.485,39280.0,,adjusted
2019-11-08,29.023,29.878,28.233,29.361,92223.0,,adjusted
2019-11-11,28.973,30.202,28.664,29.038,85811.0,,adjusted
2019-11-12,28.686,29.368,27.68,28.089,74803.0,,adjusted
2019-11-13,27.845,28.089,27.357,27.68,53097.0,,adjusted
2019-11-14,27.651,27.982,27.227,27.666,42893.0,,adjusted
2019-11-15,27.565,27.78,26.904,26.94,41780.0,,adjusted
2019-11-18,27.213,27.658,26.818,27.428,43259.0,,adjusted
2019-11-19,27.507,29.656,27.428,29.577,102263.0,,adjusted
2019-11-20,29.411,29.677,28.808,28.93,68907.0,,adjusted
2019-11-21,29.117,29.131,28.018,28.219,62895.0,,adjusted
2019-11-22,28.176,30.022,28.176,28.88,108639.0,,adjusted
2019-11-25,28.664,28.722,27.069,27.788,89256.0,,adjusted
2019-11-26,27.788,28.089,27.436,28.089,56051.0,,adjusted
2019-11-27,27.788,28.564,27.5,28.47,37945.0,,adjusted
2019-11-28,28.233,29.088,28.176,28.377,34856.0,,adjusted
2019-11-29,28.362,28.952,28.111,28.952,47524.0,,adjusted
2019-12-02,29.038,29.634,28.815,29.239,51919.0,,adjusted
2019-12-03,29.225,29.62,28.88,29.447,50356.0,,adjusted
2019-12-04,29.124,29.404,28.643,28.808,47985.0,,adjusted
2019-12-05,28.952,30.101,28.829,29.929,108266.0,,adjusted
2019-12-06,29.72,29.922,29.404,29.799,63265.0,,adjusted
2019-12-09,30.223,30.324,29.419,29.677,48314.0,,adjusted
2019-12-10,29.419,30.029,29.031,29.871,57983.0,,adjusted
2019-12-11,29.67,30.137,28.93,29.174,55006.0,,adjusted
2019-12-12,29.311,32.106,29.311,31.28,176504.0,,adjusted
2019-12-13,31.826,32.867,31.287,32.257,150711.0,,adjusted
2019-12-16,32.544,33.902,32.293,33.083,119607.0,,adjusted
2019-12-17,32.76,34.793,32.76,33.737,110020.0,,adjusted
2019-12-18,33.334,33.823,32.745,33.119,76031.0,,adjusted
2019-12-19,33.054,33.485,32.199,33.14,61038.0,,adjusted
2019-12-20,33.263,33.672,32.673,33.14,53554.0,,adjusted
2019-12-23,32.652,33.442,32.221,32.795,76851.0,,adjusted
2019-12-24,32.975,34.664,32.673,33.895,74035.0,,adjusted
2019-12-25,33.672,34.865,33.205,34.311,63060.0,,adjusted
2019-12-26,34.11,34.541,33.737,34.34,36486.0,,adjusted
2019-12-27,34.829,35.677,32.76,32.961,86084.0,,adjusted
2019-12-30,32.695,34.965,32.185,34.843,72537.0,,adjusted
2019-12-31,34.699,35.504,34.268,34.807,46543.0,,adjusted
2020-01-02,34.85,35.978,34.455,35.741,51958.0,,adjusted
2020-01-03,35.634,35.993,34.951,35.332,40934.0,,adjusted
2020-01-06,34.901,35.418,34.362,34.721,63383.0,,adjusted
2020-01-07,34.929,35.339,34.455,35.001,40578.0,,adjusted
2020-01-08,34.585,34.699,33.643,34.038,60249.0,,adjusted
2020-01-09,34.671,35.554,34.204,35.224,65947.0,,adjusted
2020-01-10,35.202,35.734,34.326,34.735,40241.0,,adjusted
2020-01-13,34.908,35.705,34.419,35.705,51029.0,,adjusted
2020-01-14,36.101,36.603,34.527,34.635,50528.0,,adjusted
2020-01-15,34.699,35.332,34.376,35.059,41021.0,,adjusted
2020-01-16,35.188,35.634,34.786,35.332,35766.0,,adjusted
2020-01-17,35.468,36.273,34.714,35.418,50821.0,,adjusted
2020-01-20,35.691,38.026,35.346,37.803,94785.0,,adjusted
2020-01-21,37.286,37.933,37.085,37.157,61301.0,,adjusted
2020-01-22,37.049,38.479,35.705,37.731,59498.0,,adjusted
2020-01-23,37.178,37.487,35.001,35.748,98288.0,,adjusted
2020-02-03,31.905,32.724,31.905,31.905,99776.0,,adjusted
2020-02-04,32.041,35.36,32.041,35.36,91425.0,,adjusted
2020-02-05,35.36,37.2,35.346,36.711,83860.0,,adjusted
2020-02-06,36.79,40.649,36.359,40.34,97922.0,,adjusted
2020-02-07,41.238,43.537,40.957,42.323,92763.0,,adjusted
2020-02-10,42.545,45.232,42.157,42.725,91080.0,,adjusted
2020-02-11,43.278,43.558,42.114,42.718,62536.0,,adjusted
2020-02-12,42.423,44.528,42.279,43.616,100676.0,,adjusted
2020-02-13,43.307,43.788,41.899,42.624,70802.0,,adjusted
2020-02-14,43.264,43.594,41.884,42.56,61344.0,,adjusted
2020-02-17,43.752,45.39,43.285,44.866,97781.0,,adjusted
2020-02-18,45.47,48.135,44.902,46.116,106935.0,,adjusted
2020-02-19,45.448,46.109,44.514,44.722,61265.0,,adjusted
2020-02-20,44.722,46.037,44.543,45.764,66387.0,,adjusted
2020-02-21,45.541,47.532,45.455,46.461,70087.0,,adjusted
2020-02-24,47.632,49.543,47.33,49.407,93342.0,,adjusted
2020-02-25,47.632,50.111,45.491,48.638,119749.0,,adjusted
2020-02-26,47.632,47.991,43.544,43.853,120355.0,,adjusted
2020-02-27,44.04,45.261,42.962,43.537,116772.0,,adjusted
2020-02-28,40.361,43.645,40.261,41.913,104939.0,,adjusted
2020-03-02,43.314,46.037,42.028,44.895,115987.0,,adjusted
2020-03-03,46.253,47.934,43.666,43.968,108481.0,,adjusted
2020-03-04,43.321,44.298,41.791,42.473,89720.0,,adjusted
2020-03-05,44.758,45.175,41.884,43.321,106326.0,,adjusted
2020-03-06,42.603,44.967,42.251,43.882,73255.0,,adjusted
2020-03-09,43.752,45.462,42.84,43.127,119564.0,,adjusted
2020-03-10,43.465,47.395,42.028,46.483,125515.0,,adjusted
2020-03-11,46.339,47.172,42.962,43.034,129872.0,,adjusted
2020-03-12,41.82,42.279,39.535,40.268,114086.0,,adjusted
2020-03-13,37.573,41.058,36.783,39.865,95975.0,,adjusted
2020-03-16,40.11,40.368,36.05,36.927,100110.0,,adjusted
2020-03-17,38.119,38.809,37.013,37.825,73892.0,,adjusted
2020-03-18,38.292,39.406,36.991,37.315,73792.0,,adjusted
2020-03-19,37.573,39.355,36.352,38.903,96296.0,,adjusted
2020-03-20,39.549,40.009,37.918,38.967,52141.0,,adjusted
2020-03-23,37.933,38.579,34.807,35.059,99777.0,,adjusted
2020-03-24,36.28,37.157,34.987,36.639,91090.0,,adjusted
2020-03-25,37.789,38.263,36.869,37.502,60981.0,,adjusted
2020-03-26,37.502,37.502,36.05,36.136,50524.0,,adjusted
2020-03-27,37.207,37.207,35.497,35.705,46719.0,,adjusted
2020-03-30,35.059,35.174,32.544,34.699,74387.0,,adjusted
2020-03-31,35.095,36.424,34.965,35.957,55676.0,,adjusted
2020-04-01,35.957,36.833,35.152,36.187,58985.0,,adjusted
2020-04-02,36.172,37.731,35.957,37.724,58876.0,,adjusted
2020-04-03,37.573,38.436,37.078,37.171,40039.0,,adjusted
2020-04-07,38.026,38.831,37.573,37.997,40027.0,,adjusted
2020-04-08,37.724,39.908,37.214,39.133,62401.0,,adjusted
2020-04-09,39.549,39.564,38.651,39.197,31929.0,,adjusted
2020-04-10,40.383,41.345,38.206,38.665,81782.0,,adjusted
2020-04-13,38.299,38.917,36.869,37.035,37915.0,,adjusted
2020-04-14,37.509,40.239,37.509,40.038,73060.0,,adjusted
2020-04-15,40.519,40.922,39.822,40.11,45038.0,,adjusted
2020-04-16,39.808,40.368,39.377,39.952,32835.0,,adjusted
2020-04-17,40.411,42.955,40.411,41.733,114122.0,,adjusted
2020-04-20,41.748,43.573,41.633,42.969,65392.0,,adjusted
2020-04-21,42.768,42.869,41.173,42.1,41357.0,,adjusted
2020-04-22,41.812,42.423,41.173,42.272,31184.0,,adjusted
2020-04-23,42.373,42.581,41.424,41.942,28772.0,,adjusted
2020-04-24,42.387,43.458,41.884,42.244,50962.0,,adjusted
2020-04-27,42.358,43.328,42.358,42.926,31513.0,,adjusted
2020-04-28,42.897,43.537,41.489,43.257,46096.0,,adjusted
2020-04-29,42.969,43.099,41.884,42.387,31467.0,,adjusted
2020-04-30,43.034,44.586,42.955,43.939,58515.0,,adjusted
2020-05-06,43.609,45.441,43.336,45.247,80513.0,,adjusted
2020-05-07,46.325,46.669,43.774,43.961,56332.0,,adjusted
2020-05-08,44.349,45.692,44.349,44.722,44150.0,,adjusted
2020-05-11,44.758,45.929,44.694,45.132,47983.0,,adjusted
2020-05-12,44.988,45.383,43.616,44.65,49534.0,,adjusted
2020-05-13,44.65,45.117,44.191,44.758,38553.0,,adjusted
2020-05-14,44.708,44.751,43.91,44.04,26010.0,,adjusted
2020-05-15,43.961,44.392,43.4,43.63,31913.0,,adjusted
2020-05-18,43.896,44.658,42.315,42.473,71914.0,,adjusted
2020-05-19,42.976,43.896,42.251,43.702,42928.0,,adjusted
2020-05-20,43.738,44.658,42.948,43.4,39646.0,,adjusted
2020-05-21,43.666,44.011,42.186,42.639,32334.0,,adjusted
2020-05-22,42.876,43.249,40.677,40.965,49419.0,,adjusted
2020-05-25,41.065,41.187,38.536,38.946,67074.0,,adjusted
2020-05-26,39.427,40.059,38.874,39.65,48769.0,,adjusted
2020-05-27,39.722,39.722,37.473,38.04,69926.0,,adjusted
2020-05-28,38.292,38.888,37.229,38.148,47188.0,,adjusted
2020-05-29,38.127,38.378,37.523,38.285,47412.0,,adjusted
2020-06-01,38.565,40.16,38.407,39.463,106319.0,,adjusted
2020-06-02,39.714,39.944,38.493,39.635,61972.0,,adjusted
2020-06-03,40.067,40.44,39.37,39.42,54026.0,,adjusted
2020-06-04,39.707,39.93,39.01,39.779,37048.0,,adjusted
2020-06-05,39.643,39.887,38.723,39.233,37481.0,,adjusted
2020-06-08,39.549,40.663,39.477,39.722,43745.0,,adjusted
2020-06-09,40.268,40.397,39.154,39.944,42274.0,,adjusted
2020-06-10,39.908,39.93,39.01,39.398,30572.0,,adjusted
2020-06-11,39.571,41.022,39.068,39.6,79175.0,,adjusted
2020-06-12,38.594,40.433,38.364,40.433,70649.0,,adjusted
2020-06-15,39.729,40.296,39.053,39.082,72843.0,,adjusted
2020-06-16,39.75,42.323,39.707,40.986,104911.0,,adjusted
2020-06-17,41.345,41.525,40.375,41.058,56097.0,,adjusted
2020-06-18,41.044,43.321,40.584,42.984,89330.0,,adjusted
2020-06-19,42.682,42.962,42.179,42.473,62195.0,,adjusted
2020-06-22,42.718,43.451,42.258,42.459,58981.0,,adjusted
2020-06-23,42.466,42.739,41.166,41.741,63177.0,,adjusted
2020-06-24,41.726,43.019,41.64,41.956,59042.0,,adjusted
2020-06-29,41.92,42.603,41.266,41.777,40087.0,,adjusted
2020-06-30,42.244,43.242,42.085,42.603,79577.0,,adjusted
2020-07-01,42.603,43.156,41.245,41.784,60274.0,,adjusted
2020-07-02,41.93,42.232,41.147,41.794,59117.0,,adjusted
2020-07-03,42.016,42.879,41.37,42.656,63588.0,,adjusted
2020-07-06,42.67,44.445,42.67,44.107,118645.0,,adjusted
2020-07-07,44.079,46.105,43.676,45.278,159672.0,,adjusted
2020-07-08,45.307,46.097,44.56,45.681,102839.0,,adjusted
2020-07-09,48.124,49.101,46.198,47.815,197942.0,,adjusted
2020-07-10,47.693,48.073,46.622,47.254,110498.0,,adjusted
2020-07-13,47.19,48.339,47.19,48.088,170232.0,,adjusted
2020-07-14,48.195,49.711,46.263,47.305,178217.0,,adjusted
2020-07-15,46.672,47.168,43.82,44.905,123642.0,,adjusted
2020-07-16,44.517,44.948,40.888,41.154,118233.0,,adjusted
2020-07-17,41.643,42.16,40.594,41.334,80332.0,,adjusted
2020-07-20,41.844,42.383,40.515,42.009,62825.0,,adjusted
2020-07-21,41.988,42.268,40.896,41.823,65959.0,,adjusted
2020-07-22,41.902,43.152,41.593,42.879,77448.0,,adjusted
2020-07-23,42.347,42.915,40.508,41.377,94331.0,,adjusted
2020-07-24,40.723,41.363,37.785,37.849,114104.0,,adjusted
2020-07-27,37.914,38.618,36.254,36.642,77483.0,,adjusted
2020-07-28,37.339,37.979,36.994,37.871,63161.0,,adjusted
2020-07-29,38.46,39.947,37.777,39.789,68611.0,,adjusted
2020-07-30,40.113,40.113,39.107,39.222,48534.0,,adjusted
2020-07-31,39.646,40.716,39.322,39.847,64689.0,,adjusted
2020-08-03,40.328,41.715,40.005,40.968,73556.0,,adjusted
2020-08-04,40.96,41.629,40.4,40.651,61390.0,,adjusted
2020-08-05,41.226,41.549,40.285,40.867,57224.0,,adjusted
2020-08-06,40.63,41.018,39.725,40.594,57192.0,,adjusted
2020-08-07,40.508,40.953,38.769,39.121,52202.0,,adjusted
2020-08-10,39.013,39.408,37.9,38.719,64335.0,,adjusted
2020-08-11,38.87,39.538,37.964,37.964,52655.0,,adjusted
2020-08-12,38.51,38.625,36.448,37.073,81329.0,,adjusted
2020-08-13,37.346,37.835,36.484,36.836,48406.0,,adjusted
2020-08-14,36.858,37.993,36.707,37.971,55713.0,,adjusted
2020-08-17,38.108,39.502,37.706,39.502,68155.0,,adjusted
2020-08-18,39.739,40.421,39.2,39.696,57477.0,,adjusted
2020-08-19,40.026,40.098,39.143,39.322,44081.0,,adjusted
2020-08-20,39.071,39.768,38.05,38.41,52328.0,,adjusted
2020-08-21,38.985,39.646,37.727,38.719,63681.0,,adjusted
2020-08-24,38.977,40.924,38.726,40.508,61944.0,,adjusted
2020-08-25,40.364,41.643,40.163,40.371,64448.0,,adjusted
2020-08-26,40.292,41.219,39.667,39.983,57057.0,,adjusted
2020-08-27,39.976,40.853,39.502,40.278,49912.0,,adjusted
2020-08-28,39.811,40.278,38.841,40.091,52717.0,,adjusted
2020-08-31,40.263,40.989,39.509,39.94,39518.0,,adjusted
2020-09-01,39.804,40.069,38.855,39.466,39963.0,,adjusted
2020-09-02,39.717,40.853,39.222,40.436,57791.0,,adjusted
2020-09-03,40.565,40.838,38.992,40.436,92833.0,,adjusted
2020-09-04,39.868,40.493,39.523,40.091,48761.0,,adjusted
2020-09-07,40.091,40.4,37.749,37.907,64506.0,,adjusted
2020-09-08,38.604,38.625,36.822,37.634,43262.0,,adjusted
2020-09-09,37.001,37.397,35.155,35.155,68260.0,,adjusted
2020-09-10,35.924,35.924,33.467,33.689,58218.0,,adjusted
2020-09-11,33.675,34.314,33.15,34.171,67358.0,,adjusted
2020-09-14,34.602,35.112,33.898,34.199,56411.0,,adjusted
2020-09-15,34.444,35.047,34.113,34.623,37874.0,,adjusted
2020-09-16,34.631,34.853,34.149,34.76,35153.0,,adjusted
2020-09-17,34.537,35.636,34.149,35.083,46278.0,,adjusted
2020-09-18,35.054,35.421,34.623,35.371,43194.0,,adjusted
2020-09-21,35.371,35.615,34.745,34.817,34709.0,,adjusted
2020-09-22,34.688,35.306,34.314,34.674,33373.0,,adjusted
2020-09-23,34.774,34.904,34.264,34.523,37692.0,,adjusted
2020-09-24,34.53,34.609,33.323,33.474,42692.0,,adjusted
2020-09-25,33.689,33.804,32.54,33.064,43289.0,,adjusted
2020-09-28,33.064,33.819,32.597,33.251,33764.0,,adjusted
2020-09-29,33.639,33.912,33.258,33.388,32914.0,,adjusted
2020-09-30,33.732,33.941,33.201,33.538,31958.0,,adjusted
2020-10-09,34.271,34.53,33.926,34.25,46608.0,,adjusted
2020-10-12,34.185,35.73,34.185,35.5,65363.0,,adjusted
2020-10-13,35.313,35.838,34.911,35.694,38996.0,,adjusted
2020-10-14,35.629,35.996,35.191,35.723,38905.0,,adjusted
2020-10-15,36.118,36.47,35.428,35.471,46288.0,,adjusted
2020-10-16,35.816,36.053,35.385,35.6,36076.0,,adjusted
2020-10-19,36.233,36.815,35.658,35.78,51323.0,,adjusted
2020-10-20,35.759,35.773,35.155,35.406,32551.0,,adjusted
2020-10-21,35.277,35.414,33.646,33.898,61386.0,,adjusted
2020-10-22,33.431,33.962,33.071,33.258,46170.0,,adjusted
2020-10-23,34.027,34.027,32.964,33.079,26956.0,,adjusted
2020-10-26,32.827,33.05,32.31,32.676,29571.0,,adjusted
2020-10-27,32.841,32.841,31.951,32.504,46790.0,,adjusted
2020-10-28,32.518,32.518,31.311,31.958,61837.0,,adjusted
2020-10-29,31.692,32.145,31.182,31.886,52756.0,,adjusted
2020-10-30,32.245,32.748,31.275,31.383,75642.0,,adjusted
2020-11-02,31.44,32.015,30.923,31.778,50236.0,,adjusted
2020-11-03,32.288,34.458,32.288,33.459,92877.0,,adjusted
2020-11-04,33.459,33.74,33.071,33.28,50766.0,,adjusted
2020-11-05,33.969,35.823,33.179,35.363,118730.0,,adjusted
2020-11-06,35.629,36.003,34.983,35.263,96866.0,,adjusted
2020-11-09,35.802,37.332,35.342,36.47,127010.0,,adjusted
2020-11-10,36.125,36.147,35.256,35.263,63246.0,,adjusted
2020-11-11,35.098,35.658,33.186,33.222,85491.0,,adjusted
2020-11-12,33.761,34.171,33.359,33.661,42104.0,,adjusted
2020-11-13,33.395,34.113,33.115,33.955,44227.0,,adjusted
2020-11-16,33.754,35.141,33.754,34.724,55493.0,,adjusted
2020-11-17,35.076,35.112,33.33,34.099,44484.0,,adjusted
2020-11-18,34.041,34.322,33.388,33.668,36668.0,,adjusted
2020-11-19,33.567,33.89,33.186,33.431,52412.0,,adjusted
2020-11-20,33.502,33.747,32.755,33.115,38966.0,,adjusted
2020-11-23,32.921,32.921,32.022,32.216,58006.0,,adjusted
2020-11-24,32.238,33.172,32.173,33.079,51227.0,,adjusted
2020-11-25,32.978,33.682,32.612,33.035,54981.0,,adjusted
2020-11-26,32.698,33.538,32.619,32.885,40651.0,,adjusted
2020-11-27,32.676,32.906,32.037,32.403,36878.0,,adjusted
2020-11-30,32.367,32.806,31.455,32.568,59608.0,,adjusted
2020-12-01,31.994,32.77,31.692,32.475,51299.0,,adjusted
2020-12-02,32.475,34.702,32.281,34.084,89146.0,,adjusted
2020-12-03,34.415,34.516,33.776,33.898,41755.0,,adjusted
2020-12-04,34.041,34.875,33.682,34.243,50791.0,,adjusted
2020-12-07,34.314,34.961,33.948,34.041,44383.0,,adjusted
2020-12-08,33.898,34.889,33.826,34.393,52173.0,,adjusted
2020-12-09,34.544,35.069,34.278,34.336,65144.0,,adjusted
2020-12-10,34.185,34.846,33.567,34.724,61861.0,,adjusted
2020-12-11,34.688,35.938,34.408,35.658,126724.0,,adjusted
2020-12-14,35.478,36.987,35.284,36.614,95122.0,,adjusted
2020-12-15,36.563,37.045,36.053,36.369,64726.0,,adjusted
2020-12-16,36.398,37.023,35.751,36.053,52390.0,,adjusted
2020-12-17,35.967,36.34,35.478,36.276,43426.0,,adjusted
2020-12-18,36.254,36.254,35.191,35.263,49695.0,,adjusted
2020-12-21,35.241,37.26,35.047,36.98,74946.0,,adjusted
2020-12-22,36.915,37.167,34.408,34.544,83185.0,,adjusted
2020-12-23,34.616,35.047,34.257,34.918,66328.0,,adjusted
2020-12-24,34.911,35.205,34.178,34.221,40480.0,,adjusted
2020-12-25,33.955,34.12,32.741,32.913,63158.0,,adjusted
2020-12-28,32.619,32.798,31.405,31.412,64990.0,,adjusted
2020-12-29,31.412,34.372,31.412,33.977,109856.0,,adjusted
2020-12-30,33.682,33.725,32.533,33.56,61393.0,,adjusted
2020-12-31,33.308,34.135,33.258,33.941,45319.0,,adjusted
2021-01-04,34.041,35.062,33.56,34.76,62160.0,,adjusted
2021-01-05,34.595,36.757,34.444,36.247,106856.0,,adjusted
2021-01-06,36.19,36.333,35.191,35.794,64926.0,,adjusted
2021-01-07,35.478,35.723,34.494,35.198,62386.0,,adjusted
2021-01-08,35.392,37.706,35.004,36.678,119229.0,,adjusted
2021-01-11,36.908,38.467,36.34,38.352,129566.0,,adjusted
2021-01-12,37.993,38.532,37.167,37.993,86335.0,,adjusted
2021-01-13,37.792,38.927,37.31,37.777,89068.0,,adjusted
2021-01-14,37.785,39.365,37.677,38.094,121721.0,,adjusted
2021-01-15,38.417,38.489,36.226,37.16,76572.0,,adjusted
2021-01-18,37.526,38.97,37.124,38.532,80160.0,,adjusted
2021-01-19,38.503,38.826,37.49,37.921,64338.0,,adjusted
2021-01-20,37.828,38.453,37.131,38.352,51655.0,,adjusted
2021-01-21,38.359,38.424,36.922,37.389,104859.0,,adjusted
2021-01-22,37.116,37.706,36.111,37.706,87538.0,,adjusted
2021-01-25,37.31,37.418,35.155,35.155,117711.0,,adjusted
2021-01-26,35.141,36.161,35.119,35.335,51912.0,,adjusted
2021-01-27,35.73,35.953,34.796,35.363,40553.0,,adjusted
2021-01-28,34.745,35.629,34.178,34.307,50229.0,,adjusted
2021-01-29,35.162,35.335,34.286,34.616,52454.0,,adjusted
2021-02-01,34.602,36.182,34.401,35.608,58263.0,,adjusted
2021-02-02,35.838,36.808,35.622,35.909,57294.0,,adjusted
2021-02-03,36.326,36.326,33.51,33.574,82249.0,,adjusted
2021-02-04,33.574,33.826,31.599,32.841,86427.0,,adjusted
2021-02-05,32.748,33.165,31.512,31.534,51455.0,,adjusted
2021-02-08,31.656,32.597,31.613,31.814,41616.0,,adjusted
2021-02-09,31.527,32.712,31.455,32.41,39052.0,,adjusted
2021-02-10,32.295,33.955,32.274,33.653,52941.0,,adjusted
2021-02-18,34.429,34.997,34.049,34.372,66458.0,,adjusted
2021-02-19,34.243,34.544,33.61,34.329,45077.0,,adjusted
2021-02-22,34.508,34.53,33.035,33.035,59202.0,,adjusted
2021-02-23,32.683,33.61,32.382,32.64,42079.0,,adjusted
2021-02-24,32.683,33.366,32.281,32.583,40647.0,,adjusted
2021-02-25,32.921,32.921,31.67,31.749,49497.0,,adjusted
2021-02-26,31.167,31.749,30.277,30.377,71646.0,,adjusted
2021-03-01,30.952,31.62,30.384,30.844,95326.0,,adjusted
2021-03-02,30.916,30.988,29.177,29.414,110331.0,,adjusted
2021-03-03,29.414,29.572,28.897,29.328,74225.0,,adjusted
2021-03-04,29.321,29.565,28.337,28.373,74493.0,,adjusted
2021-03-05,28.222,29.141,27.977,28.15,84641.0,,adjusted
2021-03-08,28.365,28.516,26.655,26.706,118066.0,,adjusted
2021-03-09,26.698,26.785,25.096,25.542,93450.0,,adjusted
2021-03-10,26.066,26.282,25.463,25.556,46869.0,,adjusted
2021-03-11,25.635,26.138,25.168,25.736,83801.0,,adjusted
2021-03-12,25.757,25.851,24.866,25.046,83130.0,,adjusted
2021-03-15,25.053,25.24,24.284,24.471,66447.0,,adjusted
2021-03-16,24.579,24.902,24.133,24.27,59431.0,,adjusted
2021-03-17,24.464,24.794,24.126,24.543,78392.0,,adjusted
2021-03-18,24.478,24.953,24.004,24.766,89169.0,,adjusted
2021-03-19,24.378,24.658,23.774,23.846,83486.0,,adjusted
2021-03-22,23.983,24.234,23.767,24.054,54027.0,,adjusted
2021-03-23,23.983,24.945,23.918,24.471,105871.0,,adjusted
2021-03-24,23.235,23.235,21.101,22.122,244695.0,,adjusted
2021-03-25,23.192,23.702,22.344,22.517,153461.0,,adjusted
2021-03-26,22.646,23.882,22.503,23.868,117618.0,,adjusted
2021-03-29,23.71,23.832,23.199,23.343,64478.0,,adjusted
2021-03-30,23.623,23.623,22.912,22.955,54285.0,,adjusted
2021-03-31,23.185,23.185,22.402,22.718,67545.0,,adjusted
2021-04-01,22.804,23.458,22.768,23.336,49228.0,,adjusted
2021-04-02,23.566,24.687,23.465,24.572,77144.0,,adjusted
2021-04-06,24.579,24.579,24.105,24.205,42757.0,,adjusted
2021-04-07,24.205,24.414,23.638,23.846,42360.0,,adjusted
2021-04-08,23.911,24.112,23.372,23.444,43871.0,,adjusted
2021-04-09,23.401,23.559,22.977,23.149,29703.0,,adjusted
2021-04-12,23.192,23.372,22.079,22.136,59434.0,,adjusted
2021-04-13,22.301,23.02,21.698,21.806,65652.0,,adjusted
2021-04-14,21.827,22.165,21.662,22.115,35461.0,,adjusted
2021-04-15,22.079,22.079,21.468,21.719,44608.0,,adjusted
2021-04-16,21.87,22.222,21.612,21.827,40560.0,,adjusted
2021-04-19,21.662,22.172,21.662,22.057,67942.0,,adjusted
2021-04-20,22.014,22.028,21.396,21.425,75642.0,,adjusted
2021-04-21,21.331,21.389,21.001,21.001,52804.0,,adjusted
2021-04-22,21.13,21.712,21.044,21.561,52314.0,,adjusted
2021-04-23,21.353,21.367,20.828,20.836,70357.0,,adjusted
2021-04-26,20.836,21.54,20.484,21.202,82920.0,,adjusted
2021-04-27,21.022,21.094,19.894,20.749,105506.0,,adjusted
2021-04-28,20.943,20.994,20.462,20.721,50770.0,,adjusted
2021-04-29,20.821,22.51,20.757,22.107,149588.0,,adjusted
2021-04-30,22.38,22.61,21.777,21.978,109583.0,,adjusted
2021-05-06,22.359,22.768,22.028,22.158,86590.0,,adjusted
2021-05-07,22.366,22.366,21.612,21.64,70480.0,,adjusted
2021-05-10,21.36,21.36,20.053,20.218,77892.0,,adjusted
2021-05-11,19.973,21.813,19.959,21.152,84907.0,,adjusted
2021-05-12,21.252,21.36,20.678,21.008,43533.0,,adjusted
2021-05-13,20.778,22.962,20.692,22.158,114049.0,,adjusted
2021-05-14,22.438,22.661,21.985,22.531,91148.0,,adjusted
2021-05-17,22.697,23.393,22.56,23.063,87882.0,,adjusted
2021-05-18,22.905,23.278,22.546,22.977,47149.0,,adjusted
2021-05-19,22.977,23.724,22.768,22.847,56159.0,,adjusted
2021-05-20,23.02,23.839,23.02,23.681,85612.0,,adjusted
2021-05-21,23.717,24.198,23.408,23.961,86244.0,,adjusted
2021-05-24,24.184,24.256,23.552,24.083,64046.0,,adjusted
2021-05-25,24.054,25.118,23.911,24.744,82133.0,,adjusted
2021-05-26,24.658,24.974,24.557,24.787,53313.0,,adjusted
2021-05-27,24.909,26.713,24.881,26.354,103041.0,,adjusted
2021-05-28,25.915,27.209,25.894,26.21,97235.0,,adjusted
2021-05-31,26.382,27.237,26.368,26.993,88008.0,,adjusted
2021-06-01,26.964,27.345,25.75,26.684,119338.0,,adjusted
2021-06-02,26.857,27.201,26.361,26.641,54272.0,,adjusted
2021-06-03,26.584,27.403,26.483,26.691,49408.0,,adjusted
2021-06-04,27.137,27.395,26.734,27.115,47810.0,,adjusted
2021-06-07,27.266,27.582,26.188,26.619,58439.0,,adjusted
2021-06-08,26.849,26.871,25.455,25.994,63878.0,,adjusted
2021-06-09,25.974,26.304,25.657,25.887,41008.0,,adjusted
2021-06-10,26.053,26.692,25.657,26.081,81138.0,,adjusted
2021-06-11,25.902,26.132,25.004,25.406,122551.0,,adjusted
2021-06-15,25.198,25.866,25.061,25.657,65665.0,,adjusted
2021-06-16,25.765,27.49,25.557,26.232,82920.0,,adjusted
2021-06-17,26.311,27.159,26.261,26.721,80837.0,,adjusted
2021-06-18,26.8,27.08,25.945,26.081,67958.0,,adjusted
2021-06-21,26.189,26.189,24.982,25.147,70393.0,,adjusted
2021-06-22,25.298,25.657,24.091,24.479,80727.0,,adjusted
2021-06-23,24.256,25.241,24.206,25.126,68273.0,,adjusted
2021-06-24,25.219,25.219,24.278,24.544,50639.0,,adjusted
2021-06-25,24.644,24.766,23.825,24.062,57360.0,,adjusted
2021-06-28,24.077,25.147,23.804,25.039,77084.0,,adjusted
2021-06-29,25.183,25.32,24.795,25.047,46225.0,,adjusted
2021-06-30,25.133,25.162,24.616,25.162,55154.0,,adjusted
2021-07-01,25.14,25.14,24.005,24.034,54768.0,,adjusted
2021-07-02,23.998,24.4,23.179,23.423,60916.0,,adjusted
2021-07-05,23.423,23.768,23.006,23.509,44262.0,,adjusted
2021-07-06,23.459,23.926,23.064,23.48,44148.0,,adjusted
2021-07-07,23.38,23.926,23.136,23.847,40620.0,,adjusted
2021-07-08,23.89,23.89,23.143,23.322,51413.0,,adjusted
2021-07-09,23.552,24.802,23.531,23.595,82146.0,,adjusted
2021-07-12,23.38,26.139,23.38,25.427,155752.0,,adjusted
2021-07-13,25.578,25.65,24.522,24.903,78304.0,,adjusted
2021-07-14,24.917,25.363,24.501,24.522,66033.0,,adjusted
2021-07-15,24.113,24.149,21.339,21.828,189483.0,,adjusted
2021-07-16,21.763,21.986,20.966,20.987,104735.0,,adjusted
2021-07-19,20.966,21.591,20.477,21.426,108681.0,,adjusted
2021-07-20,21.217,22.051,21.095,21.835,69450.0,,adjusted
2021-07-21,21.663,21.979,21.418,21.914,53993.0,,adjusted
2021-07-22,21.9,22.597,21.634,22.424,69552.0,,adjusted
2021-07-23,22.733,22.812,22.022,22.223,52631.0,,adjusted
2021-07-26,22.108,22.417,21.232,21.641,57337.0,,adjusted
2021-07-27,21.799,26.139,21.576,24.91,236527.0,,adjusted
2021-07-28,24.716,25.866,24.077,25.55,222764.0,,adjusted
2021-07-29,26.081,27.001,25.147,26.843,245244.0,,adjusted
2021-07-30,26.433,29.077,26.254,28.143,274489.0,,adjusted
2021-08-02,28.596,30.09,28.237,29.099,213264.0,,adjusted
2021-08-03,28.883,29.53,27.856,27.935,202387.0,,adjusted
2021-08-04,27.949,28.546,27.569,28.143,129040.0,,adjusted
2021-08-05,28.201,28.201,27.137,27.676,101797.0,,adjusted
2021-08-06,27.59,28.258,26.958,27.475,110916.0,,adjusted
2021-08-09,27.274,28.625,27.159,27.669,112586.0,,adjusted
2021-08-10,27.863,27.863,27.087,27.712,102520.0,,adjusted
2021-08-11,27.612,28.186,27.274,27.346,91008.0,,adjusted
2021-08-12,27.001,28.064,26.247,27.446,96923.0,,adjusted
2021-08-13,27.454,27.569,26.441,26.541,110945.0,,adjusted
2021-08-16,26.584,27.734,26.282,26.8,91921.0,,adjusted
2021-08-17,27.216,27.216,25.621,25.851,79163.0,,adjusted
2021-08-18,25.643,26.081,24.623,24.831,92323.0,,adjusted
2021-08-19,24.953,25.607,24.917,25.183,53760.0,,adjusted
2021-08-20,25.248,25.427,24.034,24.537,75926.0,,adjusted
2021-08-23,24.429,24.953,24.35,24.63,62826.0,,adjusted
2021-08-24,24.788,25.018,23.818,24.874,84239.0,,adjusted
2021-08-25,24.795,25.162,24.292,24.35,76376.0,,adjusted
2021-08-26,24.141,24.565,23.854,23.983,76878.0,,adjusted
2021-08-27,23.789,23.789,23.179,23.502,68397.0,,adjusted
2021-08-30,23.832,24.141,23.452,23.538,61335.0,,adjusted
2021-08-31,23.136,23.689,22.625,22.934,54644.0,,adjusted
2021-09-01,22.798,23.768,22.273,23.121,57784.0,,adjusted
2021-09-02,22.927,23.516,22.704,23.136,40701.0,,adjusted
2021-09-03,23.193,24.709,23.114,24.091,67715.0,,adjusted
2021-09-06,24.098,24.601,23.789,24.012,61299.0,,adjusted
2021-09-07,23.876,24.012,23.049,23.358,71453.0,,adjusted
2021-09-08,23.344,23.962,23.157,23.84,80015.0,,adjusted
2021-09-09,23.818,23.818,22.726,22.977,72273.0,,adjusted
2021-09-10,22.956,23.143,22.273,23.071,66490.0,,adjusted
2021-09-13,22.898,22.999,21.979,22.072,63519.0,,adjusted
2021-09-14,22.072,22.403,22.0,22.144,41129.0,,adjusted
2021-09-15,22.273,22.589,21.763,22.503,38617.0,,adjusted
2021-09-16,22.539,22.92,22.13,22.144,42654.0,,adjusted
2021-09-17,22.065,22.568,21.785,22.417,30509.0,,adjusted
2021-09-22,22.187,22.812,21.964,22.417,23047.0,,adjusted
2021-09-23,22.633,22.906,22.058,22.072,49948.0,,adjusted
2021-09-24,22.209,22.604,21.972,22.381,36241.0,,adjusted
2021-09-27,23.121,23.782,22.568,22.877,87084.0,,adjusted
2021-09-28,22.712,22.755,22.015,22.029,44498.0,,adjusted
2021-09-29,21.842,22.625,21.54,22.568,54816.0,,adjusted
2021-09-30,22.568,23.064,22.36,22.546,37125.0,,adjusted
2021-10-08,22.704,22.992,22.201,22.676,44927.0,,adjusted
2021-10-11,22.633,23.344,22.352,23.064,62497.0,,adjusted
2021-10-12,22.862,23.042,22.395,22.475,51854.0,,adjusted
2021-10-13,22.554,22.841,22.13,22.712,33690.0,,adjusted
2021-10-14,22.64,22.92,22.489,22.539,28011.0,,adjusted
2021-10-15,22.51,22.769,22.051,22.079,43721.0,,adjusted
2021-10-18,22.087,22.094,21.052,21.217,56142.0,,adjusted
2021-10-19,21.325,21.598,21.138,21.497,35348.0,,adjusted
2021-10-20,21.734,22.0,21.454,21.576,31226.0,,adjusted
2021-10-21,21.684,21.691,21.318,21.354,36672.0,,adjusted
2021-10-22,21.39,21.641,21.038,21.066,42909.0,,adjusted
2021-10-25,21.612,21.828,21.174,21.346,66020.0,,adjusted
2021-10-26,21.519,22.546,21.088,22.137,103780.0,,adjusted
2021-10-27,22.043,22.043,21.21,21.433,60083.0,,adjusted
2021-10-28,21.397,21.706,21.052,21.059,56756.0,,adjusted
2021-10-29,20.908,21.519,20.606,21.246,67073.0,,adjusted
2021-11-01,21.354,22.237,21.325,21.785,69210.0,,adjusted
2021-11-02,21.842,22.798,21.634,22.503,99204.0,,adjusted
2021-11-03,22.525,22.74,22.166,22.525,56053.0,,adjusted
2021-11-04,22.417,23.351,22.273,22.697,71433.0,,adjusted
2021-11-05,22.776,23.344,22.489,22.582,57223.0,,adjusted
2021-11-08,22.812,23.107,22.252,22.575,46290.0,,adjusted
2021-11-09,22.475,22.769,22.273,22.554,46736.0,,adjusted
2021-11-10,22.561,22.668,22.144,22.489,54803.0,,adjusted
2021-11-11,22.417,23.258,22.302,22.891,57842.0,,adjusted
2021-11-12,22.92,23.171,22.776,22.934,37395.0,,adjusted
2021-11-15,23.128,23.473,22.41,22.453,65689.0,,adjusted
2021-11-16,22.489,22.668,21.713,21.749,69609.0,,adjusted
2021-11-17,21.907,22.122,21.361,22.022,62347.0,,adjusted
2021-11-18,22.281,22.309,21.404,21.447,76618.0,,adjusted
2021-11-19,21.267,21.821,21.253,21.77,53177.0,,adjusted
2021-11-22,21.734,25.621,21.598,24.723,284176.0,,adjusted
2021-11-23,25.025,26.124,25.004,25.427,205643.0,,adjusted
2021-11-24,25.578,26.85,25.083,26.225,209986.0,,adjusted
2021-11-25,26.8,26.922,25.514,25.621,138953.0,,adjusted
2021-11-26,25.499,26.045,24.623,24.932,120565.0,,adjusted
2021-11-29,24.522,24.867,24.357,24.738,96495.0,,adjusted
2021-11-30,24.709,25.147,24.35,24.889,123925.0,,adjusted
2021-12-01,24.695,25.945,24.501,25.693,129814.0,,adjusted
2021-12-02,25.399,25.851,25.19,25.305,96255.0,,adjusted
2021-12-03,25.162,25.794,24.766,25.607,88689.0,,adjusted
2021-12-06,25.291,25.471,24.465,24.644,76393.0,,adjusted
2021-12-07,24.824,24.889,23.991,24.206,61071.0,,adjusted
2021-12-08,24.206,25.801,24.091,25.708,126238.0,,adjusted
2021-12-09,25.427,25.758,24.788,24.889,93853.0,,adjusted
2021-12-10,24.644,25.65,24.544,25.291,102504.0,,adjusted
2021-12-13,25.147,26.405,25.09,25.938,126877.0,,adjusted
2021-12-14,25.837,26.915,25.722,26.836,121441.0,,adjusted
2021-12-15,26.584,27.734,26.448,27.173,148211.0,,adjusted
2021-12-16,27.238,27.238,26.175,26.764,71198.0,,adjusted
2021-12-17,26.749,27.051,26.117,26.498,67292.0,,adjusted
2021-12-20,26.225,26.555,25.65,26.512,68002.0,,adjusted
2021-12-21,26.361,28.014,26.333,27.87,129513.0,,adjusted
2021-12-22,27.863,28.143,27.382,28.021,80335.0,,adjusted
2021-12-23,27.863,28.51,27.54,27.77,84121.0,,adjusted
2021-12-24,27.77,28.043,27.051,27.224,55145.0,,adjusted
2021-12-27,27.303,28.467,27.022,27.82,89118.0,,adjusted
2021-12-28,27.906,29.006,27.676,28.021,95396.0,,adjusted
2021-12-29,27.698,28.776,27.59,28.38,111483.0,,adjusted
2021-12-30,28.352,28.955,28.115,28.661,93548.0,,adjusted
2021-12-31,28.704,28.74,27.877,28.021,70359.0,,adjusted
2022-01-04,28.294,28.38,27.102,27.626,75260.0,,adjusted
2022-01-05,27.518,28.093,27.267,27.59,51804.0,,adjusted
2022-01-06,27.339,28.467,27.037,27.267,70213.0,,adjusted
2022-01-07,27.245,28.294,27.238,27.899,83964.0,,adjusted
2022-01-10,27.662,29.07,27.317,28.625,90244.0,,adjusted
2022-01-11,28.596,28.74,28.021,28.309,58374.0,,adjusted
2022-01-12,28.409,28.646,25.047,26.512,168375.0,,adjusted
2022-01-13,26.419,26.642,24.996,25.305,106252.0,,adjusted
2022-01-14,25.212,25.938,25.126,25.557,57837.0,,adjusted
2022-01-17,25.578,27.224,25.578,26.333,111596.0,,adjusted
2022-01-18,26.548,27.296,25.751,25.916,66679.0,,adjusted
2022-01-19,25.873,26.369,25.442,25.744,55390.0,,adjusted
2022-01-20,25.65,25.974,24.932,25.154,51149.0,,adjusted
2022-01-21,25.061,25.384,24.644,25.14,40153.0,,adjusted
2022-01-24,24.723,25.636,24.723,25.449,56570.0,,adjusted
2022-01-25,25.456,25.456,24.465,24.601,42068.0,,adjusted
2022-01-26,24.486,24.745,23.768,23.933,60699.0,,adjusted
2022-01-27,23.84,23.998,22.884,23.049,93940.0,,adjusted
2022-01-28,23.401,24.055,23.013,23.207,55150.0,,adjusted
2022-02-07,23.876,24.141,22.963,23.243,47552.0,,adjusted
2022-02-08,23.243,23.617,23.056,23.387,40185.0,,adjusted
2022-02-09,23.48,24.357,23.207,24.026,65821.0,,adjusted
2022-02-10,24.062,24.335,23.423,23.811,66025.0,,adjusted
2022-02-11,23.682,23.782,22.158,22.446,98355.0,,adjusted
2022-02-14,22.151,22.518,21.871,22.518,41666.0,,adjusted
2022-02-15,22.302,23.121,22.273,23.056,44090.0,,adjusted
2022-02-16,23.128,23.308,22.848,22.992,34241.0,,adjusted
2022-02-17,22.776,23.229,22.568,23.064,44153.0,,adjusted
2022-02-18,24.026,24.63,23.265,24.328,130270.0,,adjusted
2022-02-21,24.953,25.794,24.687,25.284,124327.0,,adjusted
2022-02-22,24.544,25.075,24.156,24.335,74529.0,,adjusted
2022-02-23,24.328,25.025,24.285,24.673,58738.0,,adjusted
2022-02-24,24.644,25.004,23.61,24.077,73138.0,,adjusted
2022-02-25,24.141,24.745,24.07,24.12,58452.0,,adjusted
2022-02-28,23.933,25.435,23.603,25.111,108066.0,,adjusted
2022-03-01,25.147,25.478,24.594,25.011,61012.0,,adjusted
2022-03-02,24.702,25.205,24.501,25.075,44987.0,,adjusted
2022-03-03,25.147,25.291,24.479,24.572,32459.0,,adjusted
2022-03-04,24.22,25.14,24.199,24.537,35725.0,,adjusted
2022-03-07,24.458,24.458,22.417,22.712,101124.0,,adjusted
2022-03-08,22.668,23.222,22.345,22.532,77924.0,,adjusted
2022-03-09,22.719,23.538,21.972,22.992,98541.0,,adjusted
2022-03-10,23.588,24.055,22.87,22.891,71310.0,,adjusted
2022-03-11,22.633,22.92,22.022,22.913,45196.0,,adjusted
2022-03-14,22.561,22.819,22.201,22.273,41982.0,,adjusted
2022-03-15,22.043,22.345,20.571,20.571,58082.0,,adjusted
2022-03-16,21.045,21.217,19.766,20.98,80980.0,,adjusted
2022-03-17,21.253,21.684,21.023,21.44,62799.0,,adjusted
2022-03-18,21.21,21.526,21.066,21.361,39320.0,,adjusted
2022-03-21,21.555,21.921,21.411,21.756,52765.0,,adjusted
2022-03-22,21.749,21.749,21.196,21.224,26738.0,,adjusted
2022-03-23,21.375,22.554,21.117,22.187,74445.0,,adjusted
2022-03-24,22.115,22.245,21.397,21.699,51219.0,,adjusted
2022-03-25,21.648,21.648,20.585,20.621,57200.0,,adjusted
2022-03-28,20.484,20.527,20.039,20.477,35379.0,,adjusted
2022-03-29,20.477,20.527,19.802,19.83,41744.0,,adjusted
2022-03-30,19.974,20.592,19.866,20.556,39021.0,,adjusted
2022-03-31,20.585,20.585,20.082,20.197,22131.0,,adjusted
2022-04-01,20.125,20.441,19.773,20.247,27050.0,,adjusted
2022-04-06,20.053,20.053,19.004,19.112,77238.0,,adjusted
2022-04-07,19.04,19.471,18.983,19.126,74120.0,,adjusted
2022-04-08,19.155,19.945,18.832,19.687,78879.0,,adjusted
2022-04-11,19.694,19.737,18.717,18.825,53959.0,,adjusted
2022-04-12,18.746,19.169,18.336,19.04,44461.0,,adjusted
2022-04-13,18.904,18.968,18.358,18.602,25165.0,,adjusted
2022-04-14,18.774,18.882,18.343,18.767,32096.0,,adjusted
2022-04-15,18.53,18.588,18.07,18.465,33719.0,,adjusted
2022-04-18,18.322,19.169,18.128,19.069,33405.0,,adjusted
2022-04-19,19.27,19.313,18.796,19.141,29123.0,,adjusted
2022-04-20,19.04,19.572,18.954,18.99,30216.0,,adjusted
2022-04-21,19.069,19.443,18.623,18.688,39118.0,,adjusted
2022-04-22,18.595,18.882,17.927,18.156,46747.0,,adjusted
2022-04-25,18.53,19.522,18.25,18.35,124768.0,,adjusted
2022-04-26,18.796,19.845,18.753,18.99,126841.0,,adjusted
2022-04-27,19.04,19.651,18.286,19.651,115188.0,,adjusted
2022-04-28,19.328,19.486,18.609,18.896,88416.0,,adjusted
2022-04-29,18.911,19.874,18.616,19.486,103271.0,,adjusted
2022-05-05,19.651,20.765,19.169,20.412,160540.0,,adjusted
2022-05-06,20.032,20.959,19.809,20.441,111327.0,,adjusted
2022-05-09,20.441,20.815,19.845,20.793,125324.0,,adjusted
2022-05-10,20.139,20.456,19.471,20.412,163349.0,,adjusted
2022-05-11,20.247,21.152,20.104,20.132,194563.0,,adjusted
2022-05-12,19.974,20.836,19.773,20.104,116560.0,,adjusted
2022-05-13,20.19,20.52,20.053,20.276,83841.0,,adjusted
2022-05-16,20.262,20.894,20.183,20.298,88378.0,,adjusted
2022-05-17,20.29,20.47,19.902,20.377,66234.0,,adjusted
2022-05-18,20.606,20.714,19.924,20.06,83607.0,,adjusted
2022-05-19,19.615,19.931,19.486,19.888,73525.0,,adjusted
2022-05-20,19.888,20.254,19.637,20.003,81106.0,,adjusted
2022-05-23,20.039,20.269,19.78,20.104,67654.0,,adjusted
2022-05-24,20.254,20.736,18.896,18.968,134945.0,,adjusted
2022-05-25,18.81,19.651,18.753,19.22,77063.0,,adjusted
2022-05-26,19.204,20.196,18.91,19.815,83747.0,,adjusted
2022-05-27,19.829,20.153,19.233,19.362,63684.0,,adjusted
2022-05-30,19.398,20.656,19.053,20.476,142951.0,,adjusted
2022-05-31,20.447,20.835,20.145,20.735,100776.0,,adjusted
2022-06-01,20.641,21.252,20.498,20.778,85785.0,,adjusted
2022-06-02,20.778,21.59,20.605,21.475,103199.0,,adjusted
2022-06-06,21.69,21.776,20.965,21.705,125943.0,,adjusted
2022-06-07,21.676,22.243,21.532,22.071,110677.0,,adjusted
2022-06-08,22.071,22.229,21.46,21.906,73712.0,,adjusted
2022-06-09,21.927,21.999,20.993,21.123,88328.0,,adjusted
2022-06-10,21.072,21.855,20.914,21.697,99105.0,,adjusted
2022-06-13,21.518,21.618,20.929,21.209,92743.0,,adjusted
2022-06-14,21.123,21.137,20.203,20.864,94445.0,,adjusted
2022-06-15,20.806,21.511,20.713,20.792,77201.0,,adjusted
2022-06-16,20.792,21.518,20.778,21.015,80233.0,,adjusted
2022-06-17,20.771,21.151,20.584,21.051,82391.0,,adjusted
2022-06-20,21.137,21.712,20.814,20.9,112777.0,,adjusted
2022-06-21,20.828,21.101,20.383,20.612,84956.0,,adjusted
2022-06-22,20.656,20.771,19.427,19.477,138646.0,,adjusted
2022-06-23,19.599,19.916,19.326,19.858,113507.0,,adjusted
2022-06-24,19.916,20.102,19.427,19.556,161473.0,,adjusted
2022-06-27,19.765,20.239,19.563,19.916,144465.0,,adjusted
2022-06-28,20.145,20.684,19.664,20.67,130003.0,,adjusted
2022-06-29,20.555,21.044,19.973,20.038,144094.0,,adjusted
2022-06-30,19.973,20.26,19.722,19.951,106362.0,,adjusted
2022-07-01,19.887,20.311,19.779,19.916,88336.0,,adjusted
2022-07-04,20.002,20.095,19.484,19.643,114866.0,,adjusted
2022-07-05,19.786,20.203,19.571,19.729,130449.0,,adjusted
2022-07-06,19.693,20.066,19.255,19.413,96261.0,,adjusted
2022-07-07,19.413,19.585,19.125,19.305,69299.0,,adjusted
2022-07-08,19.42,19.635,19.147,19.204,78167.0,,adjusted
2022-07-11,19.183,19.377,18.867,19.255,96803.0,,adjusted
2022-07-12,19.484,19.614,18.558,18.608,206968.0,,adjusted
2022-07-13,18.694,18.859,18.234,18.313,148873.0,,adjusted
2022-07-14,18.27,19.125,18.091,18.838,157075.0,,adjusted
2022-07-15,18.723,18.902,18.536,18.644,115532.0,,adjusted
2022-07-18,18.967,20.835,18.902,20.706,364503.0,,adjusted
2022-07-19,21.46,21.978,21.072,21.561,453041.0,,adjusted
2022-07-20,21.64,22.538,21.446,22.121,233162.0,,adjusted
2022-07-21,21.855,22.459,21.223,21.295,174853.0,,adjusted
2022-07-22,21.446,21.654,20.921,21.611,154925.0,,adjusted
2022-07-25,21.532,22.71,21.424,22.272,264147.0,,adjusted
2022-07-26,22.057,22.322,21.539,21.798,145512.0,,adjusted
2022-07-27,21.913,22.136,21.503,22.014,119860.0,,adjusted
2022-07-28,22.243,22.243,21.503,21.676,117787.0,,adjusted
2022-07-29,21.877,21.913,21.0,21.202,142370.0,,adjusted
2022-08-01,21.202,21.396,20.634,21.338,144296.0,,adjusted
2022-08-02,21.015,21.159,20.21,20.921,162787.0,,adjusted
2022-08-03,20.965,21.719,20.965,21.029,137263.0,,adjusted
2022-08-04,21.324,21.539,20.699,20.936,108713.0,,adjusted
2022-08-05,21.144,21.985,21.0,21.927,170963.0,,adjusted
2022-08-08,22.042,22.057,21.266,21.496,139278.0,,adjusted
2022-08-09,21.496,21.539,20.806,21.137,151753.0,,adjusted
2022-08-10,21.036,21.13,20.318,20.483,120641.0,,adjusted
2022-08-11,20.742,23.034,20.727,22.847,397883.0,,adjusted
2022-08-12,23.019,23.062,21.942,22.085,191612.0,,adjusted
2022-08-15,22.157,22.172,21.087,21.855,196574.0,,adjusted
2022-08-16,21.748,22.279,21.41,21.568,139490.0,,adjusted
2022-08-17,21.661,22.014,21.338,21.798,125840.0,,adjusted
2022-08-18,21.64,22.667,21.554,22.43,174925.0,,adjusted
2022-08-19,22.43,22.912,21.676,21.676,122885.0,,adjusted
2022-08-22,21.626,21.661,20.993,21.41,105915.0,,adjusted
2022-08-23,21.352,21.417,21.008,21.259,75978.0,,adjusted
2022-08-24,21.144,21.209,19.7,19.772,188462.0,,adjusted
2022-08-25,19.916,20.002,19.168,19.427,144804.0,,adjusted
2022-08-26,19.47,19.815,19.175,19.29,122343.0,,adjusted
2022-08-29,18.91,19.269,18.744,19.111,98625.0,,adjusted
2022-08-30,19.19,19.298,18.867,19.161,85439.0,,adjusted
2022-08-31,18.881,19.147,18.486,18.708,117635.0,,adjusted
2022-09-01,18.514,18.759,18.134,18.234,187099.0,,adjusted
2022-09-02,18.292,18.831,18.263,18.644,140329.0,,adjusted
2022-09-05,18.644,18.823,18.335,18.658,91337.0,,adjusted
2022-09-06,18.766,18.938,18.608,18.888,94523.0,,adjusted
2022-09-07,18.931,19.319,18.701,19.039,118562.0,,adjusted
2022-09-08,19.053,19.111,18.665,18.701,82215.0,,adjusted
2022-09-09,18.701,18.859,18.601,18.716,65255.0,,adjusted
2022-09-13,18.816,18.996,18.435,18.493,72924.0,,adjusted
2022-09-14,18.162,18.471,18.019,18.206,67927.0,,adjusted
2022-09-15,18.292,18.335,16.912,17.042,167888.0,,adjusted
2022-09-16,17.171,17.171,16.524,16.56,103769.0,,adjusted
2022-09-19,16.682,17.027,16.381,16.919,96404.0,,adjusted
2022-09-20,16.97,17.149,16.826,17.006,75455.0,,adjusted
2022-09-21,17.027,17.128,16.611,16.984,57454.0,,adjusted
2022-09-22,16.876,17.078,16.812,16.934,52537.0,,adjusted
2022-09-23,17.006,17.351,16.345,17.113,133931.0,,adjusted
2022-09-26,16.898,17.128,16.805,16.84,89846.0,,adjusted
2022-09-27,16.769,17.545,16.69,17.444,82442.0,,adjusted
2022-09-28,17.315,17.516,16.984,17.013,72422.0,,adjusted
2022-09-29,17.214,17.386,16.797,16.898,69782.0,,adjusted
2022-09-30,16.697,16.955,16.359,16.381,55341.0,,adjusted
2022-10-10,16.381,16.503,15.863,15.885,74738.0,,adjusted
2022-10-11,16.618,16.934,16.381,16.718,120438.0,,adjusted
2022-10-12,16.711,17.286,16.517,17.2,131483.0,,adjusted
2022-10-13,17.228,17.703,17.099,17.293,114833.0,,adjusted
2022-10-14,17.466,17.825,17.401,17.559,101542.0,,adjusted
2022-10-17,17.386,17.71,17.307,17.674,80396.0,,adjusted
2022-10-18,17.796,18.105,17.458,17.911,129476.0,,adjusted
2022-10-19,17.753,18.457,17.724,17.947,143056.0,,adjusted
2022-10-20,17.839,18.299,17.602,17.947,101468.0,,adjusted
2022-10-21,17.976,18.22,17.825,17.889,77550.0,,adjusted
2022-10-24,17.904,18.306,17.401,17.695,123236.0,,adjusted
2022-10-25,17.372,17.818,17.142,17.573,85605.0,,adjusted
2022-10-26,17.616,18.321,17.48,18.27,106139.0,,adjusted
2022-10-27,19.204,19.427,18.608,18.744,257930.0,,adjusted
2022-10-28,18.55,19.061,18.356,18.565,123840.0,,adjusted
2022-10-31,18.766,18.867,17.846,18.68,263736.0,,adjusted
2022-11-01,18.241,18.982,18.241,18.91,220442.0,,adjusted
2022-11-02,18.838,19.025,18.752,18.831,116168.0,,adjusted
2022-11-03,18.766,19.305,18.644,18.953,117144.0,,adjusted
2022-11-04,18.982,19.484,18.931,19.398,159268.0,,adjusted
2022-11-07,19.362,19.484,19.125,19.262,113900.0,,adjusted
2022-11-08,19.125,19.305,18.982,19.125,79857.0,,adjusted
2022-11-09,19.132,19.161,18.716,18.809,83321.0,,adjusted
2022-11-10,18.637,18.946,18.55,18.586,59914.0,,adjusted
2022-11-11,19.01,19.369,18.615,18.673,110100.0,,adjusted
2022-11-14,18.673,18.838,18.263,18.457,88653.0,,adjusted
2022-11-15,18.191,19.19,18.191,19.111,127907.0,,adjusted
2022-11-16,19.075,19.599,19.053,19.132,93149.0,,adjusted
2022-11-17,19.197,19.326,18.895,19.276,65167.0,,adjusted
2022-11-18,19.197,19.441,19.025,19.132,82677.0,,adjusted
2022-11-21,18.982,19.19,18.629,18.982,79404.0,,adjusted
2022-11-22,18.953,19.14,18.68,18.802,79961.0,,adjusted
2022-11-23,18.73,18.831,18.249,18.579,94827.0,,adjusted
2022-11-24,18.579,18.931,18.407,18.522,58732.0,,adjusted
2022-11-25,18.514,18.514,18.148,18.177,50572.0,,adjusted
2022-11-28,17.76,18.033,17.616,17.846,74259.0,,adjusted
2022-11-29,17.825,18.622,17.825,18.479,92541.0,,adjusted
2022-11-30,18.471,18.507,18.134,18.213,60805.0,,adjusted
2022-12-01,18.335,18.586,18.026,18.083,91548.0,,adjusted
2022-12-02,18.083,18.407,18.055,18.198,65265.0,,adjusted
2022-12-05,18.371,18.443,18.119,18.249,63691.0,,adjusted
2022-12-06,18.162,18.392,18.119,18.177,46519.0,,adjusted
2022-12-07,18.112,18.177,17.681,17.846,91285.0,,adjusted
2022-12-08,17.782,18.098,17.638,17.875,75695.0,,adjusted
2022-12-09,17.839,17.954,17.559,17.889,97800.0,,adjusted
2022-12-12,17.832,18.335,17.731,18.184,78423.0,,adjusted
2022-12-13,18.062,18.522,17.99,18.27,83572.0,,adjusted
2022-12-14,18.206,19.089,18.198,18.4,101765.0,,adjusted
2022-12-15,18.256,18.572,18.091,18.191,62080.0,,adjusted
2022-12-16,18.091,18.22,17.437,17.796,83021.0,,adjusted
2022-12-19,17.753,17.94,17.408,17.473,55033.0,,adjusted
2022-12-20,17.473,17.566,17.178,17.336,41952.0,,adjusted
2022-12-21,17.336,17.372,16.898,17.099,47698.0,,adjusted
2022-12-22,17.178,17.207,16.718,16.74,62048.0,,adjusted
2022-12-23,16.654,16.826,16.345,16.56,59051.0,,adjusted
2022-12-26,16.539,16.876,16.539,16.725,47846.0,,adjusted
2022-12-27,16.855,17.157,16.733,17.006,64547.0,,adjusted
2022-12-28,16.948,16.984,16.697,16.812,41412.0,,adjusted
2022-12-29,16.632,17.415,16.589,17.142,88130.0,,adjusted
2022-12-30,17.099,17.379,16.998,17.063,57798.0,,adjusted
2023-01-03,17.185,18.17,16.955,17.976,113000.0,,adjusted
2023-01-04,17.911,18.378,17.832,18.249,74769.0,,adjusted
2023-01-05,18.162,18.328,18.062,18.241,67242.0,,adjusted
2023-01-06,18.249,18.249,17.961,18.062,68781.0,,adjusted
2023-01-09,18.148,18.148,17.746,17.904,69137.0,,adjusted
2023-01-10,17.904,18.012,17.774,17.94,38061.0,,adjusted
2023-01-11,18.012,18.012,17.703,17.731,41759.0,,adjusted
2023-01-12,17.767,17.954,17.638,17.839,41389.0,,adjusted
2023-01-13,17.839,17.897,17.545,17.631,49455.0,,adjusted
2023-01-16,17.667,18.119,17.552,17.911,58294.0,,adjusted
2023-01-17,17.976,18.162,17.882,17.99,48470.0,,adjusted
2023-01-18,17.99,18.378,17.839,18.263,60343.0,,adjusted
2023-01-19,18.263,18.435,18.162,18.378,46517.0,,adjusted
2023-01-20,18.45,18.687,18.285,18.471,57322.0,,adjusted
2023-01-30,18.766,18.802,18.349,18.414,72234.0,,adjusted
2023-01-31,18.838,19.175,18.536,18.55,123894.0,,adjusted
2023-02-01,19.197,19.413,18.637,19.075,125566.0,,adjusted
2023-02-02,19.269,19.678,19.017,19.449,156886.0,,adjusted
2023-02-03,19.47,20.418,19.413,20.318,217365.0,,adjusted
2023-02-06,20.584,20.85,20.167,20.663,213555.0,,adjusted
2023-02-07,21.044,22.509,20.993,21.949,398733.0,,adjusted
2023-02-08,22.222,22.71,21.352,21.424,206069.0,,adjusted
2023-02-09,21.352,23.12,20.814,22.919,368725.0,,adjusted
2023-02-10,22.933,24.14,22.322,22.754,468958.0,,adjusted
2023-02-13,22.998,23.781,22.667,23.494,335379.0,,adjusted
2023-02-14,23.206,23.831,22.639,22.897,281984.0,,adjusted
2023-02-15,22.689,23.975,22.502,23.35,340292.0,,adjusted
2023-02-16,23.17,23.939,22.574,22.818,253962.0,,adjusted
2023-02-17,22.667,22.71,21.475,21.604,284333.0,,adjusted
2023-02-20,21.64,22.272,21.568,22.215,177241.0,,adjusted
2023-02-21,22.215,22.366,21.733,21.87,115232.0,,adjusted
2023-02-22,21.762,22.308,21.626,21.855,109891.0,,adjusted
2023-02-23,21.748,22.028,21.604,21.712,76059.0,,adjusted
2023-02-24,21.906,23.062,21.906,22.696,262287.0,,adjusted
2023-02-27,22.617,22.983,22.351,22.488,123274.0,,adjusted
2023-02-28,23.422,24.068,22.797,23.149,279870.0,,adjusted
2023-03-01,23.156,23.867,23.005,23.443,267576.0,,adjusted
2023-03-02,23.364,24.78,23.264,23.953,316350.0,,adjusted
2023-03-03,23.271,23.752,22.847,23.098,273963.0,,adjusted
2023-03-06,22.969,23.853,22.969,23.199,193422.0,,adjusted
2023-03-07,23.012,23.364,22.337,22.366,184152.0,,adjusted
2023-03-08,22.43,22.768,22.071,22.524,146436.0,,adjusted
2023-03-09,22.294,22.732,22.057,22.38,116466.0,,adjusted
2023-03-10,22.107,22.861,22.042,22.301,141098.0,,adjusted
2023-03-13,22.222,22.912,21.884,22.617,173620.0,,adjusted
2023-03-14,22.38,23.041,21.748,21.748,234818.0,,adjusted
2023-03-15,21.97,22.2,21.151,21.252,183571.0,,adjusted
2023-03-16,21.087,21.518,20.893,21.087,118812.0,,adjusted
2023-03-17,21.266,23.113,21.209,22.509,270241.0,,adjusted
2023-03-20,22.538,24.499,22.516,23.379,405273.0,,adjusted
2023-03-21,23.508,24.37,22.876,24.104,278905.0,,adjusted
2023-03-22,24.191,29.399,24.191,29.399,777000.0,,adjusted
2023-03-23,30.52,34.644,30.154,33.567,924590.0,,adjusted
2023-03-24,34.393,35.593,33.078,35.169,858604.0,,adjusted
2023-03-27,34.285,38.625,34.141,37.906,799712.0,,adjusted
2023-03-28,36.944,37.914,35.938,36.304,586153.0,,adjusted
2023-03-29,36.441,39.156,36.354,37.554,646732.0,,adjusted
2023-03-30,37.217,38.23,35.004,37.159,530936.0,,adjusted
2023-03-31,36.879,40.895,36.16,39.961,609150.0,,adjusted
2023-04-03,41.183,46.895,40.464,45.953,767535.0,,adjusted
2023-04-04,45.12,47.757,44.351,45.853,556282.0,,adjusted
2023-04-06,45.774,50.315,44.782,45.781,690544.0,,adjusted
2023-04-07,46.291,49.158,45.429,48.296,494901.0,,adjusted
2023-04-10,48.655,53.598,46.406,48.066,601379.0,,adjusted
2023-04-11,47.254,49.373,45.048,46.715,552441.0,,adjusted
2023-04-12,45.716,47.692,44.344,46.909,482323.0,,adjusted
2023-04-13,48.411,49.359,43.482,44.15,579238.0,,adjusted
2023-04-14,44.753,45.946,43.46,45.429,473816.0,,adjusted
2023-04-17,44.559,45.249,43.525,44.114,319455.0,,adjusted
2023-04-18,44.358,53.411,43.913,51.155,798156.0,,adjusted
2023-04-19,51.155,54.058,50.81,51.974,645767.0,,adjusted
2023-04-20,52.664,56.558,52.254,55.84,616850.0,,adjusted
2023-04-21,55.114,56.105,52.966,53.821,472219.0,,adjusted
2023-04-24,55.531,61.702,55.524,59.008,645325.0,,adjusted
2023-04-25,57.413,60.064,54.115,55.761,653017.0,,adjusted
2023-04-26,56.493,59.094,53.957,54.726,664904.0,,adjusted
2023-04-27,52.068,56.917,51.751,54.036,598639.0,,adjusted
2023-04-28,54.805,63.103,54.281,62.306,662410.0,,adjusted
2023-05-04,59.791,60.725,56.328,58.857,576000.0,,adjusted
2023-05-05,59.49,60.553,52.161,53.964,591266.0,,adjusted
2023-05-08,53.828,56.292,50.817,53.282,482677.0,,adjusted
2023-05-09,53.361,58.57,53.361,56.515,473712.0,,adjusted
2023-05-10,57.542,58.491,50.932,52.104,535088.0,,adjusted
2023-05-11,51.931,52.822,49.517,49.761,440698.0,,adjusted
2023-05-12,49.697,52.815,49.409,52.125,430434.0,,adjusted
2023-05-15,52.966,55.028,49.725,54.834,465991.0,,adjusted
2023-05-16,54.518,54.97,52.197,52.836,394401.0,,adjusted
2023-05-17,52.966,56.932,52.262,54.41,434806.0,,adjusted
2023-05-18,61.228,65.762,59.109,65.762,561366.0,,adjusted
2023-05-19,66.624,69.196,62.888,64.857,785144.0,,adjusted
2023-05-22,64.857,65.094,60.409,62.227,480796.0,,adjusted
2023-05-23,62.486,64.045,60.129,60.294,529941.0,,adjusted
2023-05-24,58.929,63.894,58.771,60.632,571798.0,,adjusted
2023-05-25,66.531,69.412,62.306,64.591,765341.0,,adjusted
2023-05-26,64.648,69.024,63.24,63.348,609410.0,,adjusted
2023-05-29,65.453,71.201,65.187,66.617,624194.0,,adjusted
2023-05-30,68.593,76.676,66.71,75.957,646267.0,,adjusted
2023-05-31,73.823,75.303,71.143,74.879,460506.0,,adjusted
2023-06-01,73.083,77.387,72.365,75.267,383390.0,,adjusted
2023-06-02,77.502,78.687,72.516,74.305,288436.0,,adjusted
2023-06-05,73.083,80.541,73.083,77.538,388505.0,,adjusted
2023-06-06,78.253,79.331,74.072,74.884,320564.0,,adjusted
2023-06-07,74.733,77.607,73.605,75.458,284178.0,,adjusted
2023-06-08,74.014,76.522,71.981,74.46,343757.0,,adjusted
2023-06-09,74.445,82.923,72.146,80.552,579818.0,,adjusted
2023-06-12,80.552,85.898,79.69,85.079,401497.0,,adjusted
2023-06-13,84.001,86.861,82.593,85.115,279625.0,,adjusted
2023-06-14,86.875,94.462,85.223,90.863,409320.0,,adjusted
2023-06-15,93.988,98.285,92.623,94.628,440665.0,,adjusted
2023-06-16,95.748,110.226,93.083,109.148,458447.0,,adjusted
2023-06-19,111.368,116.189,108.042,112.748,491894.0,,adjusted
2023-06-20,112.748,119.925,109.938,119.925,452094.0,,adjusted
2023-06-21,116.807,117.051,110.621,112.669,473777.0,,adjusted
2023-06-26,110.269,111.303,102.136,104.119,622281.0,,adjusted
2023-06-27,103.716,105.477,101.956,103.544,366486.0,,adjusted
2023-06-28,97.66,102.322,93.313,99.793,474849.0,,adjusted
2023-06-29,101.245,105.412,100.886,104.126,461718.0,,adjusted
2023-06-30,101.963,108.846,101.259,103.724,486622.0,,adjusted
2023-07-03,103.961,104.55,97.573,102.682,413579.0,,adjusted
2023-07-04,103.048,105.793,101.963,103.055,310201.0,,adjusted
2023-07-05,102.689,103.055,97.451,97.624,341397.0,,adjusted
2023-07-06,97.494,102.366,96.718,98.227,323412.0,,adjusted
2023-07-07,101.669,106.001,95.662,103.393,507938.0,,adjusted
2023-07-10,102.121,103.321,96.244,100.957,419946.0,,adjusted
2023-07-11,102.667,104.693,100.225,104.478,345456.0,,adjusted
2023-07-12,105.196,106.993,97.501,97.501,465962.0,,adjusted
2023-07-13,99.693,108.933,99.693,108.573,536983.0,,adjusted
2023-07-14,110.341,112.453,106.353,109.428,539874.0,,adjusted
2023-07-17,108.501,116.297,108.379,111.095,405983.0,,adjusted
2023-07-18,112.798,113.1,105.548,106.482,311922.0,,adjusted
2023-07-19,108.43,109.838,104.78,104.837,221403.0,,adjusted
2023-07-20,103.759,104.406,90.863,91.186,671198.0,,adjusted
2023-07-21,91.193,92.429,88.104,91.358,527382.0,,adjusted
2023-07-24,91.301,95.447,90.381,91.904,393842.0,,adjusted
2023-07-25,93.456,99.075,91.193,94.24,447119.0,,adjusted
2023-07-26,94.362,95.195,89.052,90.496,400397.0,,adjusted
2023-07-27,89.102,91.976,88.391,89.677,253277.0,,adjusted
2023-07-28,88.765,92.041,87.306,88.959,341067.0,,adjusted
2023-07-31,86.933,92.228,86.875,89.749,372555.0,,adjusted
2023-08-01,89.749,95.49,89.505,94.635,484146.0,,adjusted
2023-08-02,94.06,95.49,91.56,93.916,264234.0,,adjusted
2023-08-03,91.459,95.13,89.986,91.552,301570.0,,adjusted
2023-08-04,91.208,99.111,90.834,98.335,458229.0,,adjusted
2023-08-07,99.089,103.156,97.566,99.628,413930.0,,adjusted
2023-08-08,99.628,101.554,94.419,94.426,303276.0,,adjusted
2023-08-09,94.189,95.605,88.75,88.916,417352.0,,adjusted
2023-08-10,86.918,89.167,85.445,86.882,314116.0,,adjusted
2023-08-11,87.903,89.131,85.424,85.424,209528.0,,adjusted
2023-08-14,85.941,86.53,84.224,86.53,299863.0,,adjusted
2023-08-15,90.468,91.1,84.727,85.366,425348.0,,adjusted
2023-08-16,84.016,86.372,82.643,84.727,313831.0,,adjusted
2023-08-17,83.139,87.019,81.975,85.618,320164.0,,adjusted
2023-08-18,85.079,85.797,80.775,80.775,315174.0,,adjusted
2023-08-21,81.364,84.396,80.624,82.471,255052.0,,adjusted
2023-08-22,85.51,88.707,82.672,88.312,465006.0,,adjusted
2023-08-23,86.501,86.509,82.636,83.283,286357.0,,adjusted
2023-08-24,86.875,88.312,83.52,84.72,409584.0,,adjusted
2023-08-25,79.209,80.509,73.95,74.625,580820.0,,adjusted
2023-08-28,79.69,81.17,76.888,77.894,487689.0,,adjusted
2023-08-29,78.972,84.72,76.479,80.545,439491.0,,adjusted
2023-08-30,81.199,83.707,79.245,81.127,313843.0,,adjusted
2023-08-31,79.69,81.372,79.511,80.136,193111.0,,adjusted
2023-09-01,79.618,80.617,77.427,78.361,209959.0,,adjusted
2023-09-04,78.943,79.317,77.355,78.505,165719.0,,adjusted
2023-09-05,78.181,78.181,75.466,76.105,214383.0,,adjusted
2023-09-06,76.184,77.499,74.517,76.601,198480.0,,adjusted
2023-09-07,76.17,77.355,74.021,74.165,239296.0,,adjusted
2023-09-08,72.197,74.805,71.069,73.404,287886.0,,adjusted
2023-09-11,74.122,78.965,72.879,76.242,379722.0,,adjusted
2023-09-12,75.437,78.167,75.056,76.759,244787.0,,adjusted
2023-09-13,76.421,77.463,73.483,74.424,180589.0,,adjusted
2023-09-14,74.783,75.602,71.428,71.536,246306.0,,adjusted
2023-09-15,72.067,72.62,67.771,68.683,363809.0,,adjusted
2023-09-18,68.913,69.337,65.838,66.398,296946.0,,adjusted
2023-09-19,67.045,69.1,65.098,67.117,265244.0,,adjusted
2023-09-20,67.11,70.278,66.758,67.584,275470.0,,adjusted
2023-09-21,67.117,69.861,66.908,67.742,239776.0,,adjusted
2023-09-22,68.173,78.914,67.835,77.592,647611.0,,adjusted
2023-09-25,77.592,78.181,74.517,75.02,410389.0,,adjusted
2023-09-26,76.78,80.962,76.313,78.11,442133.0,,adjusted
2023-09-27,77.714,81.271,77.714,79.741,276082.0,,adjusted
2023-09-28,82.478,83.52,79.705,80.984,306391.0,,adjusted
2023-10-09,80.718,81.831,75.027,77.578,442494.0,,adjusted
2023-10-10,77.082,78.771,75.365,76.421,255412.0,,adjusted
2023-10-11,77.212,79.525,75.135,76.622,254655.0,,adjusted
2023-10-12,77.535,77.837,73.677,74.424,218266.0,,adjusted
2023-10-13,73.799,74.208,70.278,71.334,294906.0,,adjusted
2023-10-16,70.601,71.629,69.186,69.639,222840.0,,adjusted
2023-10-17,70.436,72.146,68.108,70.034,238039.0,,adjusted
2023-10-18,67.196,68.274,64.76,67.799,345664.0,,adjusted
2023-10-19,67.311,67.843,65.486,65.78,221355.0,,adjusted
2023-10-20,67.462,67.598,65.148,65.371,250655.0,,adjusted
2023-10-23,67.598,69.028,65.105,66.829,390850.0,,adjusted
2023-10-24,68.338,70.925,65.694,66.614,580028.0,,adjusted
2023-10-25,63.496,66.499,60.866,61.017,579931.0,,adjusted
2023-10-26,61.484,62.986,60.73,62.375,349972.0,,adjusted
2023-10-27,61.735,62.648,60.593,62.023,272731.0,,adjusted
2023-10-30,61.994,63.022,60.651,62.317,273032.0,,adjusted
2023-10-31,62.59,62.885,59.508,60.83,277602.0,,adjusted
2023-11-01,60.435,61.441,58.89,59.012,226990.0,,adjusted
2023-11-02,59.961,61.965,59.501,59.523,273153.0,,adjusted
2023-11-03,59.932,63.28,59.932,61.477,383210.0,,adjusted
2023-11-06,62.763,63.819,61.728,63.467,374255.0,,adjusted
2023-11-07,63.086,72.505,62.648,69.057,563865.0,,adjusted
2023-11-08,67.548,68.604,66.549,67.225,356276.0,,adjusted
2023-11-09,68.913,71.909,68.41,70.343,399700.0,,adjusted
2023-11-10,69.991,73.368,69.632,70.738,313228.0,,adjusted
2023-11-13,73.799,75.746,72.362,73.152,378875.0,,adjusted
2023-11-14,73.159,75.121,71.464,73.231,275454.0,,adjusted
2023-11-15,75.379,75.379,69.725,72.505,308091.0,,adjusted
2023-11-16,71.069,72.434,69.639,69.66,236171.0,,adjusted
2023-11-17,69.696,74.661,69.696,73.648,316933.0,,adjusted
2023-11-20,72.254,73.633,70.048,71.32,326041.0,,adjusted
2023-11-21,72.419,74.876,71.852,72.197,292441.0,,adjusted
2023-11-22,71.069,71.428,67.692,67.735,367765.0,,adjusted
2023-11-23,67.397,68.554,66.614,68.295,206942.0,,adjusted
2023-11-24,67.699,68.029,65.22,65.608,200773.0,,adjusted
2023-11-27,65.328,69.035,65.321,68.108,278191.0,,adjusted
2023-11-28,67.117,67.541,65.364,65.86,161032.0,,adjusted
2023-11-29,65.982,66.614,64.925,65.852,159551.0,,adjusted
2023-11-30,65.392,66.291,65.019,65.982,151676.0,,adjusted
2023-12-01,65.96,70.738,64.703,69.632,410446.0,,adjusted
2023-12-04,70.005,73.224,69.703,71.629,354377.0,,adjusted
2023-12-05,70.982,72.498,69.998,70.206,270608.0,,adjusted
2023-12-06,69.632,70.709,68.769,70.12,177177.0,,adjusted
2023-12-07,71.5,73.583,69.79,72.771,323807.0,,adjusted
2023-12-08,75.279,83.929,73.964,82.205,628438.0,,adjusted
2023-12-11,82.018,84.72,79.848,84.109,443290.0,,adjusted
2023-12-12,84.087,85.079,78.253,80.38,438344.0,,adjusted
2023-12-13,79.798,81.12,79.065,79.259,205264.0,,adjusted
2023-12-14,80.409,81.76,78.325,78.835,238962.0,,adjusted
2023-12-15,79.245,79.906,75.782,76.852,201303.0,,adjusted
2023-12-18,76.184,80.768,75.746,79.252,274000.0,,adjusted
2023-12-19,79.784,80.33,76.809,79.108,199868.0,,adjusted
2023-12-20,79.116,79.374,75.056,76.313,238898.0,,adjusted
2023-12-21,75.53,82.492,74.977,79.827,298798.0,,adjusted
2023-12-22,78.742,80.164,76.371,77.097,238635.0,,adjusted
2023-12-25,77.614,79.173,75.149,77.714,152210.0,,adjusted
2023-12-26,77.24,77.808,73.662,74.632,195585.0,,adjusted
2023-12-27,75.078,76.105,74.381,74.754,133511.0,,adjusted
2023-12-28,74.575,76.96,74.23,76.105,199079.0,,adjusted
2023-12-29,76.177,81.077,76.155,78.907,241047.0,,adjusted
2024-01-02,78.864,80.251,77.197,77.255,147911.0,,adjusted
2024-01-03,76.177,76.809,73.145,73.217,221087.0,,adjusted
2024-01-04,73.008,73.705,71.327,72.505,166507.0,,adjusted
2024-01-05,72.232,72.865,69.057,69.653,175521.0,,adjusted
2024-01-08,69.488,70.429,68.065,68.769,132630.0,,adjusted
2024-01-09,70.91,72.168,69.991,70.58,200011.0,,adjusted
2024-01-10,70.587,71.579,68.41,69.632,138602.0,,adjusted
2024-01-11,69.632,72.85,69.567,72.067,192897.0,,adjusted
2024-01-12,71.521,71.773,69.315,70.034,138420.0,,adjusted
2024-01-15,69.172,72.218,69.172,70.982,126476.0,,adjusted
2024-01-16,70.271,70.537,68.482,69.84,169026.0,,adjusted
2024-01-17,70.106,71.672,68.927,68.927,191932.0,,adjusted
2024-01-18,67.505,76.78,67.354,76.694,370998.0,,adjusted
2024-01-19,78.469,79.389,77.097,77.535,318973.0,,adjusted
2024-01-22,81.127,81.486,77.528,77.966,327150.0,,adjusted
2024-01-23,78.246,82.033,77.42,79.69,297570.0,,adjusted
2024-01-24,79.439,79.82,76.084,79.475,269552.0,,adjusted
2024-01-25,78.598,83.426,77.837,82.816,297010.0,,adjusted
2024-01-26,82.557,82.564,79.547,81.099,232150.0,,adjusted
2024-01-29,79.439,79.439,67.261,72.376,426559.0,,adjusted
2024-01-30,71.787,73.799,70.156,70.494,213968.0,,adjusted
2024-01-31,69.646,75.3,68.733,71.643,282995.0,,adjusted
2024-02-01,72.355,81.127,70.745,77.571,351116.0,,adjusted
2024-02-02,78.167,79.604,75.164,76.709,279578.0,,adjusted
2024-02-05,75.379,82.155,75.286,78.253,365547.0,,adjusted
2024-02-06,77.291,87.507,76.673,87.507,354969.0,,adjusted
2024-02-07,86.228,88.305,85.144,87.313,270580.0,,adjusted
2024-02-08,89.39,96.215,87.45,89.031,355918.0,,adjusted
2024-02-19,96.934,107.28,93.959,107.28,415891.0,,adjusted
2024-02-20,107.711,114.889,106.274,112.381,448372.0,,adjusted
2024-02-21,106.993,108.451,103.616,105.527,451416.0,,adjusted
2024-02-22,111.339,112.482,105.175,108.796,419515.0,,adjusted
2024-02-23,112.74,113.459,103.436,103.925,490341.0,,adjusted
2024-02-26,99.829,106.569,99.829,104.859,332927.0,,adjusted
2024-02-27,103.731,116.117,102.696,114.134,451323.0,,adjusted
2024-02-28,113.459,114.824,105.419,105.419,401106.0,,adjusted
2024-02-29,107.711,111.878,106.274,109.263,368094.0,,adjusted
2024-03-01,109.888,115.27,109.888,113.531,378207.0,,adjusted
2024-03-04,117.13,120.399,112.819,116.807,405035.0,,adjusted
2024-03-05,115.111,127.038,114.623,119.322,469234.0,,adjusted
2024-03-06,117.77,120.069,114.781,117.971,304080.0,,adjusted
2024-03-07,119.925,123.352,115.614,115.715,303689.0,,adjusted
2024-03-08,119.113,124.904,116.081,123.511,364538.0,,adjusted
2024-03-11,117.791,120.622,115.816,120.356,341617.0,,adjusted
2024-03-12,119.782,121.068,112.575,116.225,361905.0,,adjusted
2024-03-13,120.938,121.276,116.254,116.333,317684.0,,adjusted
2024-03-14,114.177,121.362,114.177,119.588,311017.0,,adjusted
2024-03-15,117.77,127.397,116.757,125.213,389742.0,,adjusted
2024-03-18,126.212,131.478,125.379,127.103,329936.0,,adjusted
2024-03-19,122.303,124.703,120.967,122.663,332772.0,,adjusted
2024-03-20,121.362,123.992,117.051,119.178,321580.0,,adjusted
2024-03-21,119.379,121.836,117.288,118.258,253273.0,,adjusted
2024-03-22,118.488,120.299,117.31,118.258,226153.0,,adjusted
2024-03-25,118.46,121.276,115.614,117.418,223357.0,,adjusted
2024-03-26,116.699,121.923,105.556,111.663,465246.0,,adjusted
2024-03-27,113.301,114.156,107.539,108.573,290856.0,,adjusted
2024-03-28,109.155,112.654,106.368,108.925,263309.0,,adjusted
2024-03-29,107.783,110.585,106.885,110.269,167220.0,,adjusted
2024-04-01,111.153,115.528,109.701,114.896,217931.0,,adjusted
2024-04-02,114.177,117.051,112.762,114.573,194556.0,,adjusted
2024-04-03,112.022,113.136,109.601,109.938,166304.0,,adjusted
2024-04-08,109.579,119.422,109.579,116.017,259243.0,,adjusted
2024-04-09,115.614,117.037,112.906,116.261,170383.0,,adjusted
2024-04-10,114.371,116.247,110.585,112.381,168491.0,,adjusted
2024-04-11,113.459,116.031,112.59,112.848,148863.0,,adjusted
2024-04-12,115.614,123.015,115.255,119.444,307351.0,,adjusted
2024-04-15,118.337,121.75,117.454,119.566,179396.0,,adjusted
2024-04-16,117.985,121.721,114.932,117.31,187935.0,,adjusted
2024-04-17,118.725,124.272,117.051,123.237,214536.0,,adjusted
2024-04-18,120.399,124.452,118.632,122.354,164135.0,,adjusted
2024-04-19,121.47,123.69,115.543,120.428,214528.0,,adjusted
2024-04-22,109.148,112.733,106.188,111.562,349183.0,,adjusted
2024-04-23,112.0,114.077,108.767,110.951,240667.0,,adjusted
2024-04-24,112.575,119.207,111.203,118.682,276107.0,,adjusted
2024-04-25,116.261,118.366,115.097,115.722,166718.0,,adjusted
2024-04-26,120.637,132.844,120.356,130.602,406578.0,,adjusted
2024-04-29,132.829,134.295,131.076,132.642,249760.0,,adjusted
2024-04-30,132.499,136.364,131.493,131.644,165901.0,,adjusted
2024-05-06,135.013,136.17,129.158,129.424,198702.0,,adjusted
2024-05-07,132.7,133.375,121.434,124.804,308644.0,,adjusted
2024-05-08,123.877,125.623,122.44,123.374,160688.0,,adjusted
2024-05-09,122.727,123.23,118.646,122.21,182080.0,,adjusted
2024-05-10,120.5,121.851,117.54,120.787,153239.0,,adjusted
2024-05-13,121.721,124.236,120.256,121.039,166640.0,,adjusted
2024-05-14,121.262,122.081,116.11,116.642,214661.0,,adjusted
2024-05-15,116.34,120.795,115.974,117.605,154121.0,,adjusted
2024-05-16,121.348,123.216,119.925,120.285,232075.0,,adjusted
2024-05-17,118.345,122.303,115.78,120.342,199081.0,,adjusted
2024-05-20,119.207,126.284,117.411,124.854,242249.0,,adjusted
2024-05-21,124.71,127.326,124.057,125.264,133052.0,,adjusted
2024-05-22,124.236,124.868,121.88,122.203,139400.0,,adjusted
2024-05-23,125.673,126.873,119.121,122.648,221645.0,,adjusted
2024-05-24,121.362,126.923,116.319,116.613,273666.0,,adjusted
2024-05-27,117.13,120.565,116.333,118.769,166951.0,,adjusted
2024-05-28,117.77,118.05,112.812,113.466,247346.0,,adjusted
2024-05-29,116.333,117.051,113.078,113.459,157898.0,,adjusted
2024-05-30,113.531,114.824,111.778,112.719,109585.0,,adjusted
2024-05-31,110.585,114.666,108.818,110.779,149536.0,,adjusted
2024-06-03,113.459,121.154,112.259,118.74,285076.0,,adjusted
2024-06-04,119.925,123.511,119.494,122.081,204402.0,,adjusted
2024-06-05,121.434,122.44,117.741,117.741,141072.0,,adjusted
2024-06-06,121.4,128.02,121.4,123.52,405410.0,,adjusted
2024-06-07,122.2,124.04,117.09,117.61,315917.0,,adjusted
2024-06-11,117.09,119.76,115.49,117.11,199735.0,,adjusted
2024-06-12,117.1,119.43,115.12,117.31,166250.0,,adjusted
2024-06-13,118.97,124.53,117.78,121.8,306309.0,,adjusted
2024-06-14,123.11,138.58,122.18,136.4,586874.0,,adjusted
2024-06-17,139.1,143.04,138.6,140.61,378266.0,,adjusted
2024-06-18,140.68,149.59,140.68,145.01,344578.0,,adjusted
2024-06-19,147.85,148.34,142.3,144.1,246413.0,,adjusted
2024-06-20,144.1,147.06,142.76,142.8,208398.0,,adjusted
2024-06-21,138.6,143.9,138.11,141.1,236958.0,,adjusted
2024-06-24,143.3,144.59,137.65,138.31,204613.0,,adjusted
2024-06-25,133.1,135.7,131.65,133.0,264489.0,,adjusted
2024-06-26,136.1,138.87,135.7,138.1,266283.0,,adjusted
2024-06-27,136.07,138.1,133.9,134.24,173074.0,,adjusted
2024-06-28,134.1,139.94,133.85,135.98,228263.0,,adjusted
2024-07-01,135.45,144.43,135.11,143.0,296493.0,,adjusted
2024-07-02,143.08,145.76,140.8,143.71,228769.0,,adjusted
2024-07-03,142.1,142.55,138.2,141.6,151175.0,,adjusted
2024-07-04,143.9,145.45,141.11,141.11,172767.0,,adjusted
2024-07-05,141.7,142.38,136.81,139.6,180387.0,,adjusted
2024-07-08,144.19,145.1,140.49,142.49,203808.0,,adjusted
2024-07-09,141.99,154.1,140.51,152.43,310068.0,,adjusted
2024-07-10,152.1,156.07,150.68,155.63,236345.0,,adjusted
2024-07-11,157.31,157.78,147.4,151.36,290843.0,,adjusted
2024-07-12,146.21,149.07,144.1,148.22,200312.0,,adjusted
2024-07-15,146.1,149.47,143.4,147.68,179397.0,,adjusted
2024-07-16,147.78,148.58,141.9,146.22,252086.0,,adjusted
2024-07-17,145.08,145.57,138.53,139.81,289923.0,,adjusted
2024-07-18,134.11,138.61,131.35,138.1,337909.0,,adjusted
2024-07-19,135.3,137.4,133.06,133.08,224671.0,,adjusted
2024-07-22,132.1,134.6,130.24,132.7,206271.0,,adjusted
2024-07-23,135.1,135.18,129.0,129.02,202718.0,,adjusted
2024-07-24,127.61,133.6,127.29,128.44,221289.0,,adjusted
2024-07-25,124.8,125.48,118.95,120.37,343554.0,,adjusted
2024-07-26,120.81,123.9,119.17,122.35,224745.0,,adjusted
2024-07-29,122.09,129.41,121.26,127.69,269963.0,,adjusted
2024-07-30,126.1,127.58,123.78,125.76,158539.0,,adjusted
2024-07-31,124.48,128.1,121.2,127.6,281327.0,,adjusted
2024-08-01,132.6,133.55,127.61,128.0,279792.0,,adjusted
2024-08-02,120.48,122.32,116.78,117.08,379676.0,,adjusted
2024-08-05,111.14,114.9,107.09,108.22,470589.0,,adjusted
2024-08-06,113.0,115.34,111.02,112.58,333818.0,,adjusted
2024-08-07,111.1,114.1,110.1,111.42,206353.0,,adjusted
2024-08-08,108.1,110.39,107.1,108.6,204452.0,,adjusted
2024-08-09,111.1,113.1,110.38,110.63,255182.0,,adjusted
2024-08-12,110.45,113.5,110.45,111.45,175290.0,,adjusted
2024-08-13,113.1,116.59,112.2,115.04,254796.0,,adjusted
2024-08-14,118.12,118.6,113.88,113.88,206355.0,,adjusted
2024-08-15,113.86,115.02,111.9,113.2,149763.0,,adjusted
2024-08-16,116.3,119.99,116.3,118.06,275063.0,,adjusted
2024-08-19,119.3,121.75,117.55,119.74,187254.0,,adjusted
2024-08-20,122.09,123.28,119.35,119.79,169605.0,,adjusted
2024-08-21,118.3,121.87,118.1,120.32,133815.0,,adjusted
2024-08-22,120.56,121.37,118.57,119.49,106735.0,,adjusted
2024-08-23,119.09,119.58,116.6,118.02,122754.0,,adjusted
2024-08-26,119.9,120.47,110.96,112.44,263663.0,,adjusted
2024-08-27,111.61,113.68,109.82,111.35,163776.0,,adjusted
2024-08-28,111.1,113.61,109.33,110.66,148952.0,,adjusted
2024-08-29,104.87,105.6,100.4,104.74,374851.0,,adjusted
2024-08-30,104.52,109.0,104.43,107.0,312595.0,,adjusted
2024-09-02,106.65,107.47,102.1,102.23,220858.0,,adjusted
2024-09-03,102.25,104.21,101.3,103.41,130149.0,,adjusted
2024-09-04,97.1,101.26,96.1,100.0,312259.0,,adjusted
2024-09-05,99.99,102.11,98.51,99.77,186346.0,,adjusted
2024-09-06,99.1,100.31,97.29,97.52,144856.0,,adjusted
2024-09-09,96.7,100.4,95.86,100.1,194696.0,,adjusted
2024-09-10,100.3,106.83,99.44,104.53,330988.0,,adjusted
2024-09-11,106.48,107.25,103.66,104.28,196116.0,,adjusted
2024-09-12,109.1,110.1,106.0,106.1,221984.0,,adjusted
2024-09-13,106.4,114.8,106.37,114.04,352840.0,,adjusted
2024-09-18,112.1,114.32,111.11,111.74,151176.0,,adjusted
2024-09-19,112.22,112.69,104.76,108.13,273385.0,,adjusted
2024-09-20,110.0,110.6,106.28,107.1,160763.0,,adjusted
2024-09-23,106.28,109.31,105.59,107.0,126153.0,,adjusted
2024-09-24,107.23,120.27,107.23,120.26,360207.0,,adjusted
2024-09-25,123.79,124.6,119.71,120.09,286312.0,,adjusted
2024-09-26,121.11,128.08,119.8,127.78,268390.0,,adjusted
2024-09-27,126.89,135.78,124.16,131.7,495555.0,,adjusted
2024-09-30,134.1,153.6,130.1,152.96,613065.0,,adjusted
2024-10-08,183.9,183.93,159.8,183.93,749893.0,,adjusted
2024-10-09,173.21,183.67,161.6,164.5,657548.0,,adjusted
2024-10-10,166.3,167.79,155.1,160.81,463609.0,,adjusted
2024-10-11,157.11,166.4,154.79,157.74,351761.0,,adjusted
2024-10-14,157.1,160.68,150.45,160.1,422674.0,,adjusted
2024-10-15,159.1,165.16,155.78,155.9,326374.0,,adjusted
2024-10-16,149.96,152.83,145.76,146.8,378805.0,,adjusted
2024-10-17,149.1,151.6,146.85,148.6,251067.0,,adjusted
2024-10-18,148.1,175.1,147.76,166.1,586464.0,,adjusted
2024-10-21,164.5,169.9,157.21,163.07,547727.0,,adjusted
2024-10-22,167.1,168.43,161.6,168.1,407264.0,,adjusted
2024-10-23,158.1,160.72,153.8,154.26,605579.0,,adjusted
2024-10-24,152.95,164.08,152.6,155.2,440364.0,,adjusted
2024-10-25,156.99,157.91,151.75,154.46,389426.0,,adjusted
2024-10-28,154.47,154.85,146.2,148.64,408521.0,,adjusted
2024-10-29,146.0,146.1,141.17,141.57,498015.0,,adjusted
2024-10-30,141.1,143.6,137.42,139.35,368389.0,,adjusted
2024-10-31,138.1,144.38,136.9,141.12,374541.0,,adjusted
2024-11-01,139.58,143.96,137.61,138.83,295208.0,,adjusted
2024-11-04,140.09,145.0,139.09,141.25,260752.0,,adjusted
2024-11-05,141.25,146.93,140.6,146.39,443240.0,,adjusted
2024-11-06,146.45,147.3,140.11,141.0,418908.0,,adjusted
2024-11-07,137.07,145.88,134.46,143.18,421563.0,,adjusted
2024-11-08,145.61,149.32,140.31,140.31,494000.0,,adjusted
2024-11-11,139.1,145.3,136.12,143.0,434024.0,,adjusted
2024-11-12,143.11,148.87,140.61,145.6,545816.0,,adjusted
2024-11-13,144.62,156.18,142.2,154.4,670281.0,,adjusted
2024-11-14,152.85,154.67,146.19,146.91,396361.0,,adjusted
2024-11-15,146.91,150.98,138.3,138.6,379955.0,,adjusted
2024-11-18,137.1,138.06,128.98,130.11,407716.0,,adjusted
2024-11-19,131.43,134.77,127.97,132.9,298371.0,,adjusted
2024-11-20,133.59,139.59,133.48,136.24,336938.0,,adjusted
2024-11-21,134.11,136.4,129.35,131.9,323285.0,,adjusted
2024-11-22,131.9,137.08,129.88,130.38,301188.0,,adjusted
2024-11-25,130.6,131.9,120.6,123.1,430137.0,,adjusted
2024-11-26,122.1,127.1,121.6,125.14,310497.0,,adjusted
2024-11-27,124.1,128.59,122.51,126.79,246176.0,,adjusted
2024-11-28,125.52,125.99,122.4,122.89,252412.0,,adjusted
2024-11-29,123.1,127.96,122.63,124.83,284905.0,,adjusted
2024-12-02,126.09,132.26,125.55,130.13,347663.0,,adjusted
2024-12-03,130.1,131.3,126.98,128.1,199422.0,,adjusted
2024-12-04,127.68,129.48,125.4,126.12,185633.0,,adjusted
2024-12-05,127.21,132.56,127.05,129.94,317611.0,,adjusted
2024-12-06,130.16,132.3,128.89,129.61,202956.0,,adjusted
2024-12-09,129.65,129.69,121.51,123.2,376291.0,,adjusted
2024-12-10,126.95,126.96,119.62,121.25,450225.0,,adjusted
2024-12-11,120.1,124.29,118.21,123.23,327307.0,,adjusted
2024-12-12,123.1,129.72,122.98,128.27,450174.0,,adjusted
2024-12-13,128.1,129.48,123.26,125.2,346546.0,,adjusted
2024-12-16,126.07,126.33,120.38,120.9,291855.0,,adjusted
2024-12-17,121.1,128.57,120.65,124.09,412614.0,,adjusted
2024-12-18,125.3,125.6,120.76,121.53,265389.0,,adjusted
2024-12-19,120.28,125.63,119.9,125.14,310959.0,,adjusted
2024-12-20,124.41,128.09,124.41,125.2,294910.0,,adjusted
2024-12-23,127.6,133.86,126.38,130.69,521949.0,,adjusted
2024-12-24,131.11,132.3,126.28,129.71,350993.0,,adjusted
2024-12-25,129.32,136.04,128.79,133.09,363559.0,,adjusted
2024-12-26,133.97,139.6,131.66,138.9,428982.0,,adjusted
2024-12-27,139.21,139.66,133.83,134.95,333322.0,,adjusted
2024-12-30,136.1,136.4,128.18,129.28,365015.0,,adjusted
2024-12-31,129.06,129.1,121.6,121.61,393877.0,,adjusted
2025-01-02,120.9,123.9,118.8,120.21,268596.0,,adjusted
2025-01-03,120.61,122.8,119.1,121.11,267897.0,,adjusted
2025-01-06,122.98,126.38,122.6,123.59,263932.0,,adjusted
2025-01-07,124.46,126.7,121.7,126.45,292006.0,,adjusted
2025-01-08,123.98,124.0,119.82,122.32,286371.0,,adjusted
2025-01-09,121.11,121.8,119.58,119.61,293510.0,,adjusted
2025-01-10,119.54,119.54,110.9,111.23,530303.0,,adjusted
2025-01-13,108.3,112.18,107.79,108.9,357467.0,,adjusted
2025-01-14,109.0,112.6,106.88,112.45,383434.0,,adjusted
2025-01-15,111.31,111.48,108.33,108.64,293297.0,,adjusted
2025-01-16,109.98,118.47,108.8,117.59,710478.0,,adjusted
2025-01-17,118.1,118.68,113.25,115.0,446539.0,,adjusted
2025-01-20,116.06,119.5,115.94,117.26,390652.0,,adjusted
2025-01-21,120.1,121.06,116.48,117.66,382739.0,,adjusted
2025-01-22,119.98,132.05,119.7,130.1,844803.0,,adjusted
2025-01-23,130.68,132.77,125.41,125.85,608420.0,,adjusted
2025-01-24,125.24,128.06,124.34,126.35,411116.0,,adjusted
2025-01-27,121.1,121.1,112.92,112.92,681942.0,,adjusted
2025-02-05,107.1,107.1,93.92,96.35,971081.0,,adjusted
2025-02-06,98.89,99.38,96.13,99.1,654658.0,,adjusted
2025-02-07,100.1,107.5,99.81,105.88,762699.0,,adjusted
2025-02-10,108.76,109.57,105.91,108.72,505152.0,,adjusted
2025-02-11,109.12,111.98,107.7,109.6,438795.0,,adjusted
2025-02-12,108.8,110.09,108.1,110.0,354246.0,,adjusted
2025-02-13,109.1,109.43,106.16,106.22,394350.0,,adjusted
2025-02-14,107.87,109.43,104.15,105.53,362389.0,,adjusted
2025-02-17,106.71,115.96,106.7,113.66,715224.0,,adjusted
2025-02-18,112.51,115.08,111.12,111.69,459562.0,,adjusted
2025-02-19,112.25,112.76,109.56,112.34,377064.0,,adjusted
2025-02-20,112.31,114.34,110.71,112.54,353730.0,,adjusted
2025-02-21,113.99,118.8,112.9,116.83,574486.0,,adjusted
2025-02-24,116.1,116.1,112.11,112.6,520554.0,,adjusted
2025-02-25,109.11,111.22,108.6,109.45,457928.0,,adjusted
2025-02-26,108.86,110.46,106.11,110.32,494340.0,,adjusted
2025-02-27,111.9,112.93,105.63,106.28,527821.0,,adjusted
2025-02-28,101.1,102.07,98.32,98.97,555441.0,,adjusted
2025-03-03,100.54,102.58,98.22,100.87,426040.0,,adjusted
2025-03-04,96.38,101.38,95.9,100.56,321353.0,,adjusted
2025-03-05,101.08,103.07,100.49,101.56,252249.0,,adjusted
2025-03-06,102.1,104.58,100.9,103.27,409559.0,,adjusted
2025-03-07,101.87,101.89,99.96,100.34,327768.0,,adjusted
2025-03-10,100.34,101.2,99.1,100.48,240640.0,,adjusted
2025-03-11,98.1,99.91,97.5,99.88,205600.0,,adjusted
2025-03-12,100.8,101.68,99.91,100.46,256009.0,,adjusted
2025-03-13,101.85,102.98,99.9,100.59,271436.0,,adjusted
2025-03-14,100.1,102.87,99.4,102.09,367064.0,,adjusted
2025-03-17,103.1,103.91,102.1,102.36,264415.0,,adjusted
2025-03-18,102.33,107.97,100.91,106.96,652396.0,,adjusted
2025-03-19,104.78,104.78,102.88,103.08,352791.0,,adjusted
2025-03-20,103.4,104.6,102.91,103.1,198893.0,,adjusted
2025-03-21,102.42,103.06,100.21,100.55,227333.0,,adjusted
2025-03-24,100.22,102.05,99.42,100.98,229785.0,,adjusted
2025-03-25,101.79,102.9,100.03,100.1,207223.0,,adjusted
2025-03-26,100.04,100.57,99.17,99.18,159092.0,,adjusted
2025-03-27,97.68,98.58,95.62,97.22,242059.0,,adjusted
2025-03-28,97.1,97.22,95.51,95.51,201285.0,,adjusted
2025-03-31,95.1,97.08,94.79,96.74,182507.0,,adjusted
2025-04-01,97.13,97.49,96.34,96.71,122959.0,,adjusted
2025-04-02,96.98,99.48,96.42,97.86,218279.0,,adjusted
2025-04-03,94.98,96.06,91.53,91.98,424985.0,,adjusted
2025-04-07,78.2,80.6,73.2,73.2,616307.0,,adjusted
2025-04-08,73.29,74.86,68.57,70.38,692792.0,,adjusted
2025-04-09,68.08,71.64,65.3,70.09,595501.0,,adjusted
2025-04-10,78.28,79.6,75.2,75.59,709269.0,,adjusted
2025-04-11,74.1,77.38,74.01,76.47,428937.0,,adjusted
2025-04-14,79.1,82.6,79.0,79.64,548927.0,,adjusted
2025-04-15,79.25,79.48,77.39,78.27,249801.0,,adjusted
2025-04-16,76.63,76.81,74.76,76.09,266701.0,,adjusted
2025-04-17,75.19,76.95,75.19,75.71,184925.0,,adjusted
2025-04-18,75.71,77.37,75.65,77.24,257548.0,,adjusted
2025-04-21,78.53,80.36,77.25,79.29,332028.0,,adjusted
2025-04-22,78.1,78.68,77.21,78.17,236164.0,,adjusted
2025-04-23,80.2,83.44,78.98,81.62,608234.0,,adjusted
2025-04-24,81.1,82.26,79.36,79.43,306174.0,,adjusted
2025-04-25,80.6,85.09,80.6,83.37,644758.0,,adjusted
2025-04-28,83.37,83.62,81.31,81.49,311217.0,,adjusted
2025-04-29,81.45,82.33,80.52,81.19,207647.0,,adjusted
2025-04-30,81.35,82.2,80.51,81.59,224421.0,,adjusted
2025-05-06,83.27,85.29,83.25,84.75,347501.0,,adjusted
2025-05-07,86.86,87.14,83.74,84.75,314636.0,,adjusted
2025-05-08,86.96,96.1,86.23,94.59,991735.0,,adjusted
2025-05-09,92.79,94.56,92.1,92.9,423055.0,,adjusted
2025-05-12,96.9,97.16,93.2,95.37,468250.0,,adjusted
2025-05-13,98.9,98.9,94.51,94.53,522157.0,,adjusted
2025-05-14,96.15,99.19,96.15,96.49,545564.0,,adjusted
2025-05-15,96.1,96.18,92.2,92.22,434820.0,,adjusted
2025-05-16,91.5,97.58,91.31,95.93,521695.0,,adjusted
2025-05-19,94.79,95.5,93.32,93.38,305671.0,,adjusted
2025-05-20,93.39,95.28,92.5,94.06,264243.0,,adjusted
2025-05-21,93.73,95.4,92.75,93.83,262242.0,,adjusted
2025-05-22,93.1,94.88,92.5,92.56,239775.0,,adjusted
2025-05-23,92.51,93.46,89.8,89.97,273099.0,,adjusted
2025-05-26,90.09,91.09,88.96,90.46,187616.0,,adjusted
2025-05-27,89.09,90.28,86.98,88.26,278219.0,,adjusted
2025-05-28,89.1,91.09,89.1,90.72,306261.0,,adjusted
2025-05-29,91.7,94.69,91.38,93.04,422422.0,,adjusted
2025-05-30,91.88,92.48,90.61,91.65,212966.0,,adjusted
2025-06-03,90.6,91.32,89.85,89.86,183330.0,,adjusted
2025-06-04,91.09,96.07,91.09,95.4,611625.0,,adjusted
2025-06-05,95.4,101.68,94.6,100.98,677680.0,,adjusted
2025-06-06,100.1,102.55,99.35,101.55,468038.0,,adjusted
2025-06-09,103.41,109.26,103.21,106.65,726916.0,,adjusted
2025-06-10,106.2,107.83,104.71,105.87,479187.0,,adjusted
2025-06-11,108.1,109.08,105.18,106.08,343044.0,,adjusted
2025-06-12,105.2,117.3,105.1,114.1,864869.0,,adjusted
2025-06-13,112.61,115.99,112.08,114.75,474889.0,,adjusted
2025-06-16,115.02,121.55,115.0,118.67,593699.0,,adjusted
2025-06-17,119.11,120.3,116.0,117.46,358237.0,,adjusted
2025-06-18,116.61,123.7,114.2,123.16,678263.0,,adjusted
2025-06-19,123.16,129.39,122.2,126.9,625735.0,,adjusted
2025-06-20,128.6,129.78,123.37,128.1,493005.0,,adjusted
2025-06-23,125.9,127.93,121.28,125.69,535024.0,,adjusted
2025-06-24,126.98,128.57,122.9,123.85,450006.0,,adjusted
2025-06-25,125.6,127.29,121.8,124.33,492457.0,,adjusted
2025-06-26,126.2,131.78,125.68,128.3,599787.0,,adjusted
2025-06-27,127.77,138.87,125.16,137.0,662779.0,,adjusted
2025-06-30,140.1,145.2,136.61,144.46,752144.0,,adjusted
2025-07-01,142.19,145.38,141.35,143.9,319591.0,,adjusted
2025-07-02,141.1,141.2,136.73,137.53,365771.0,,adjusted
2025-07-03,140.07,142.44,138.09,140.86,383979.0,,adjusted
2025-07-04,141.71,143.78,137.15,138.05,418745.0,,adjusted
2025-07-07,136.1,138.37,128.81,133.75,575204.0,,adjusted
2025-07-08,133.36,143.86,132.42,143.48,532241.0,,adjusted
2025-07-09,143.6,147.96,142.65,143.9,415096.0,,adjusted
2025-07-10,145.12,147.28,140.6,145.19,435404.0,,adjusted
2025-07-11,143.34,146.48,141.15,143.88,310989.0,,adjusted
2025-07-14,142.93,149.1,142.93,148.42,388532.0,,adjusted
2025-07-15,153.9,173.59,153.9,173.41,924064.0,,adjusted
2025-07-16,178.4,180.57,168.27,169.36,905852.0,,adjusted
2025-07-17,167.79,177.59,167.77,175.45,604631.0,,adjusted
2025-07-18,179.78,190.61,177.6,179.22,611562.0,,adjusted
2025-07-21,178.49,187.0,175.78,186.55,596835.0,,adjusted
2025-07-22,185.7,195.7,180.0,183.04,592913.0,,adjusted
2025-07-23,177.6,186.48,174.6,184.78,405784.0,,adjusted
2025-07-24,189.1,191.56,180.27,183.8,442080.0,,adjusted
2025-07-25,184.6,188.5,183.11,183.82,287877.0,,adjusted
2025-07-28,184.6,191.83,182.8,190.47,438948.0,,adjusted
2025-07-29,196.61,209.59,196.61,208.53,584404.0,,adjusted
2025-07-30,205.66,210.4,202.19,209.2,390506.0,,adjusted
2025-07-31,219.6,227.2,214.53,216.21,644066.0,,adjusted
2025-08-01,211.12,219.48,206.23,209.23,475947.0,,adjusted
2025-08-04,206.13,208.94,203.1,207.02,330837.0,,adjusted
2025-08-05,215.1,216.97,202.1,209.52,414138.0,,adjusted
2025-08-06,205.31,212.18,205.21,209.12,255302.0,,adjusted
2025-08-07,209.12,214.6,195.8,207.06,453077.0,,adjusted
2025-08-08,205.6,212.48,203.6,207.9,327315.0,,adjusted
2025-08-11,208.6,219.1,208.59,213.35,350763.0,,adjusted
2025-08-12,213.6,224.99,211.6,224.28,430829.0,,adjusted
2025-08-13,225.35,251.56,222.6,250.6,551265.0,,adjusted
2025-08-14,245.0,246.69,238.0,238.07,407601.0,,adjusted
2025-08-15,240.07,244.05,233.71,236.65,350541.0,,adjusted
2025-08-18,240.22,266.6,236.68,258.6,469850.0,,adjusted
2025-08-19,258.6,276.18,257.5,274.1,409789.0,,adjusted
2025-08-20,260.59,267.6,256.01,266.39,408197.0,,adjusted
2025-08-21,271.4,273.2,254.7,263.82,394436.0,,adjusted
2025-08-22,257.71,279.48,257.6,277.5,382582.0,,adjusted
2025-08-25,286.6,318.6,286.6,318.6,498061.0,,adjusted
2025-08-26,312.2,321.4,304.6,312.6,361919.0,,adjusted
2025-08-27,318.6,344.5,309.91,323.7,610746.0,,adjusted
2025-08-28,321.47,358.18,321.05,357.63,583916.0,,adjusted
2025-08-29,350.6,366.3,343.57,353.52,490333.0,,adjusted
2025-09-01,371.35,412.4,362.6,404.7,598651.0,,adjusted
2025-09-02,400.62,418.2,372.47,382.6,784127.0,,adjusted
2025-09-03,390.6,428.59,377.7,424.79,712352.0,,adjusted
2025-09-04,434.6,446.6,362.48,367.74,939057.0,,adjusted
2025-09-05,376.62,417.48,360.32,405.6,792551.0,,adjusted
2025-09-08,392.6,392.6,342.6,368.59,741116.0,,adjusted
2025-09-09,363.62,371.21,345.6,357.89,480631.0,,adjusted
2025-09-10,376.6,394.08,369.18,383.6,620102.0,,adjusted
2025-09-11,400.79,442.59,400.79,438.57,656802.0,,adjusted
2025-09-12,415.6,430.59,408.6,420.69,472506.0,,adjusted
2025-09-15,408.6,418.57,396.24,406.62,357525.0,,adjusted
2025-09-16,408.63,420.57,394.82,410.02,442533.0,,adjusted
2025-09-17,403.6,411.58,389.71,404.8,324316.0,,adjusted
2025-09-18,392.81,428.59,387.81,408.0,561608.0,,adjusted
2025-09-19,414.0,423.6,398.63,420.1,466536.0,,adjusted
2025-09-22,415.89,420.4,393.28,416.6,412685.0,,adjusted
2025-09-23,445.61,455.61,416.6,432.89,534440.0,,adjusted
2025-09-24,414.61,433.6,408.6,422.1,393386.0,,adjusted
2025-09-25,414.61,441.56,402.6,433.2,505592.0,,adjusted
2025-09-26,427.65,440.9,412.3,412.3,351118.0,,adjusted
2025-09-29,408.72,431.77,401.69,415.35,429059.0,,adjusted
2025-09-30,417.11,433.6,396.66,402.28,392893.0,,adjusted
2025-10-09,417.6,425.26,396.28,397.41,390909.0,,adjusted
2025-10-10,397.61,406.4,379.61,388.6,384286.0,,adjusted
2025-10-13,368.0,381.0,360.8,375.99,409313.0,,adjusted
2025-10-14,384.0,384.94,343.0,345.1,514339.0,,adjusted
2025-10-15,344.0,356.0,336.0,353.12,353173.0,,adjusted
2025-10-16,350.14,378.3,349.03,365.97,342568.0,,adjusted
2025-10-17,366.17,380.91,359.0,372.6,467636.0,,adjusted
2025-10-20,407.19,420.21,394.58,402.0,601551.0,,adjusted
2025-10-21,409.0,450.48,404.0,440.5,565179.0,,adjusted
2025-10-22,435.09,456.5,435.09,443.3,397499.0,,adjusted
2025-10-23,440.08,442.0,424.7,439.88,276011.0,,adjusted
2025-10-24,449.0,494.65,436.1,493.0,491025.0,,adjusted
2025-10-27,502.98,514.0,494.56,507.94,450724.0,,adjusted
2025-10-28,502.3,535.0,500.0,512.0,417961.0,,adjusted
2025-10-29,537.01,541.01,505.16,519.72,417271.0,,adjusted
2025-10-30,515.51,537.0,508.0,513.74,453310.0,,adjusted
2025-10-31,502.0,508.0,471.0,472.01,563013.0,,adjusted
2025-11-03,469.67,482.4,456.51,479.0,398409.0,,adjusted
2025-11-04,488.6,503.29,472.88,476.8,360854.0,,adjusted
2025-11-05,461.02,479.0,457.79,476.01,264088.0,,adjusted
2025-11-06,487.0,506.88,481.27,495.88,373251.0,,adjusted
2025-11-07,490.0,498.79,478.0,489.05,243100.0,,adjusted
2025-11-10,487.88,494.88,459.0,489.0,352111.0,,adjusted
2025-11-11,492.68,498.66,463.0,467.05,325131.0,,adjusted
2025-11-12,458.63,491.39,449.01,490.75,423022.0,,adjusted
2025-11-13,488.28,488.28,469.01,480.0,313317.0,,adjusted
2025-11-14,464.18,472.88,453.22,461.82,247273.0,,adjusted
2025-11-17,474.2,487.64,467.4,482.2,282466.0,,adjusted
2025-11-18,473.7,489.8,469.01,471.91,240679.0,,adjusted
2025-11-19,471.43,498.7,471.0,487.6,337865.0,,adjusted
2025-11-20,514.0,521.38,489.33,491.0,353522.0,,adjusted
2025-11-21,471.99,482.0,459.0,463.01,414123.0,,adjusted
2025-11-24,469.0,475.99,435.96,455.8,464258.0,,adjusted
2025-11-25,476.01,493.8,469.01,478.66,439365.0,,adjusted
2025-11-26,474.2,555.88,469.4,542.22,628951.0,,adjusted
2025-11-27,536.0,557.77,522.36,523.0,437328.0,,adjusted
2025-11-28,526.2,528.8,507.6,513.5,324657.0,,adjusted
2025-12-01,523.0,545.5,514.0,537.0,372867.0,,adjusted
2025-12-02,541.0,550.13,534.5,541.0,271615.0,,adjusted
2025-12-03,539.54,557.58,521.11,522.73,368328.0,,adjusted
2025-12-04,516.37,535.53,511.34,534.5,263194.0,,adjusted
2025-12-05,538.53,544.0,524.0,536.05,282826.0,,adjusted
2025-12-08,542.0,584.0,538.0,569.0,408224.0,,adjusted
2025-12-09,569.09,612.0,567.54,605.0,371293.0,,adjusted
2025-12-10,608.06,619.0,588.5,615.0,302094.0,,adjusted
2025-12-11,609.0,626.11,584.91,585.81,363531.0,,adjusted
2025-12-12,586.0,602.88,569.22,581.0,468789.0,,adjusted
2025-12-15,569.0,587.0,567.0,569.86,300987.0,,adjusted
2025-12-16,567.8,574.0,544.01,550.79,279702.0,,adjusted
2025-12-17,556.0,591.07,555.66,588.98,323570.0,,adjusted
2025-12-18,575.99,578.87,562.43,570.2,241629.0,,adjusted
2025-12-19,582.34,586.0,569.28,570.7,224429.0,,adjusted
2025-12-22,589.01,621.0,589.01,616.5,394412.0,,adjusted
2025-12-23,624.0,627.99,613.0,620.0,233642.0,,adjusted
2025-12-24,626.64,637.0,616.6,633.4,235091.0,,adjusted
2025-12-25,644.0,657.8,617.41,638.8,259387.0,,adjusted
2025-12-26,627.3,635.95,617.0,626.0,213762.0,,adjusted
2025-12-29,626.64,632.69,611.73,617.0,241126.0,,adjusted
2025-12-30,617.1,643.34,614.0,631.0,261145.0,,adjusted
2025-12-31,628.0,632.0,607.0,609.0,225604.0,,adjusted
2018-01-02,58.6,59.0,57.18,58.78,8917.0,,raw
2018-01-03,59.01,59.58,57.9,58.7,12812.0,,raw
2018-01-04,58.11,58.73,56.72,57.66,21111.0,,raw
2018-01-05,57.9,59.5,56.87,57.45,27450.0,,raw
2018-01-08,58.49,58.5,56.58,56.9,30173.0,,raw
2018-01-09,57.9,59.79,57.52,59.42,23205.0,,raw
2018-01-10,59.98,63.15,59.75,61.39,37878.0,,raw
2018-01-11,60.7,62.2,60.23,61.61,13895.0,,raw
2018-01-12,60.88,62.88,60.88,61.72,16531.0,,raw
2018-01-15,61.8,62.58,60.32,61.06,14388.0,,raw
2018-01-16,61.58,61.58,59.04,59.2,25745.0,,raw
2018-01-17,59.7,60.22,58.88,59.61,19293.0,,raw
2018-01-18,58.81,61.1,57.88,59.7,12037.0,,raw
2018-01-19,59.7,60.5,59.06,59.25,7828.0,,raw
2018-01-22,59.61,60.0,58.08,59.2,15248.0,,raw
2018-01-23,58.09,59.75,58.08,59.5,13466.0,,raw
2018-01-24,59.6,64.92,58.48,64.54,28402.0,,raw
2018-01-25,65.6,66.0,63.25,64.15,29079.0,,raw
2018-01-26,63.51,64.8,63.51,63.84,9429.0,,raw
2018-01-29,65.0,65.0,57.58,59.45,33508.0,,raw
2018-01-30,58.15,61.39,58.08,61.2,10421.0,,raw
2018-01-31,60.08,61.79,59.12,59.53,9862.0,,raw
2018-02-01,58.9,61.0,58.01,58.3,11080.0,,raw
2018-02-02,58.3,61.3,58.0,60.62,12553.0,,raw
2018-02-05,58.77,60.6,57.95,58.8,12920.0,,raw
2018-02-06,55.2,57.98,55.2,56.91,13813.0,,raw
2018-02-07,57.99,58.5,54.1,55.6,20854.0,,raw
2018-02-08,55.59,59.4,55.1,58.99,20369.0,,raw
2018-02-09,57.22,60.0,57.22,59.37,18696.0,,raw
2018-02-12,59.37,62.96,59.35,61.01,20779.0,,raw
2018-02-13,61.03,62.05,60.2,60.7,9037.0,,raw
2018-02-14,60.75,61.3,60.22,61.25,4485.0,,raw
2018-02-22,61.6,64.98,61.6,64.65,17371.0,,raw
2018-02-23,64.21,66.19,64.21,66.19,14818.0,,raw
2018-02-26,66.25,70.57,66.22,69.9,22178.0,,raw
2018-02-27,69.98,70.77,67.13,69.45,28421.0,,raw
2018-02-28,68.9,70.45,67.51,69.77,11868.0,,raw
2018-03-01,69.08,70.92,67.97,69.85,16255.0,,raw
2018-03-02,70.99,76.5,69.86,71.8,26070.0,,raw
2018-03-05,72.4,72.85,69.03,72.19,16140.0,,raw
2018-03-06,71.08,72.5,70.5,71.01,14193.0,,raw
2018-03-07,71.25,75.0,71.25,73.09,15710.0,,raw
2018-03-08,73.8,76.15,73.8,75.66,19680.0,,raw
2018-03-09,75.49,76.99,74.51,75.49,15254.0,,raw
2018-03-12,75.95,79.98,75.7,77.51,20229.0,,raw
2018-03-13,79.0,79.02,76.03,76.19,11577.0,,raw
2018-03-14,76.02,76.98,75.06,75.3,11093.0,,raw
2018-03-15,75.45,76.78,73.8,76.4,8513.0,,raw
2018-03-16,75.73,79.88,75.26,78.7,15757.0,,raw
2018-03-19,78.8,79.0,77.66,79.0,7719.0,,raw
2018-03-20,78.66,80.39,78.05,80.0,10887.0,,raw
2018-03-21,80.55,80.55,78.6,79.04,20439.0,,raw
2018-03-22,78.62,78.85,77.0,77.3,10539.0,,raw
2018-03-23,71.0,76.7,71.0,72.89,21603.0,,raw
2018-03-26,71.0,77.0,66.5,76.08,40075.0,,raw
2018-03-27,74.98,76.2,73.02,74.0,34396.0,,raw
2018-03-28,72.12,74.4,70.2,70.2,16840.0,,raw
2018-03-29,70.51,72.85,70.51,71.8,23618.0,,raw
2018-03-30,72.4,77.08,72.4,76.35,29802.0,,raw
2018-04-02,76.55,78.49,74.41,75.23,27876.0,,raw
2018-04-03,73.72,75.67,73.14,74.01,11081.0,,raw
2018-04-04,76.0,80.32,76.0,77.85,32047.0,,raw
2018-04-09,79.15,80.0,76.33,78.71,14448.0,,raw
2018-04-10,78.65,78.65,76.0,77.42,21942.0,,raw
2018-04-11,77.41,78.9,76.45,77.89,14959.0,,raw
2018-04-12,77.8,78.35,76.8,77.28,7399.0,,raw
2018-04-13,77.97,77.97,76.0,76.0,8610.0,,raw
2018-04-16,76.0,81.69,76.0,79.2,32804.0,,raw
2018-04-17,81.3,82.0,71.28,71.28,50328.0,,raw
2018-04-18,69.1,72.1,64.67,69.2,47001.0,,raw
2018-04-19,69.0,71.27,68.0,69.9,17344.0,,raw
2018-04-20,69.5,69.8,66.83,66.85,15499.0,,raw
2018-04-23,67.94,68.37,60.17,61.98,33378.0,,raw
2018-04-24,62.93,68.18,62.93,68.18,28123.0,,raw
2018-04-25,68.59,69.99,67.03,68.25,18453.0,,raw
2018-04-26,67.56,67.56,63.45,65.0,20913.0,,raw
2018-04-27,66.38,66.59,63.13,65.43,19372.0,,raw
2018-05-02,65.45,67.0,64.72,65.4,11598.0,,raw
2018-05-03,65.4,70.33,61.4,69.94,27994.0,,raw
2018-05-04,68.17,70.49,66.05,66.45,32146.0,,raw
2018-05-07,65.45,68.96,65.45,67.7,15654.0,,raw
2018-05-08,67.71,69.01,66.72,69.0,18741.0,,raw
2018-05-09,68.48,69.77,68.48,69.25,8643.0,,raw
2018-05-10,69.15,69.8,67.52,68.55,9793.0,,raw
2018-05-11,68.55,68.55,66.2,67.0,15830.0,,raw
2018-05-14,72.11,73.7,70.0,70.3,27404.0,,raw
2018-05-15,70.05,77.33,69.8,77.01,38332.0,,raw
2018-05-16,75.44,76.0,73.6,74.18,24648.0,,raw
2018-05-17,73.8,73.96,71.52,73.37,14213.0,,raw
2018-05-18,72.16,74.53,72.1,73.77,7978.0,,raw
2018-05-21,75.1,78.0,75.1,75.86,22623.0,,raw
2018-05-22,75.2,79.64,75.2,78.5,27000.0,,raw
2018-05-23,77.0,78.48,76.5,77.12,15231.0,,raw
2018-05-24,76.6,77.38,74.0,74.6,12132.0,,raw
2018-05-25,74.86,75.63,72.61,73.1,9363.0,,raw
2018-05-28,72.8,74.38,72.05,73.74,9667.0,,raw
2018-05-29,74.68,76.28,73.09,75.15,13499.0,,raw
2018-05-30,71.95,71.95,68.4,69.2,22183.0,,raw
2018-05-31,69.5,71.89,69.5,71.8,10875.0,,raw
2018-06-01,71.79,71.8,69.39,69.8,7564.0,,raw
2018-06-04,70.13,72.5,69.83,71.99,11725.0,,raw
2018-06-05,72.03,73.99,71.22,71.93,12207.0,,raw
2018-06-06,72.0,72.8,70.01,71.15,14865.0,,raw
2018-06-07,71.2,72.1,69.67,70.41,10123.0,,raw
2018-06-08,70.41,72.88,69.89,70.71,17710.0,,raw
2018-06-11,70.0,70.0,67.52,68.25,21695.0,,raw
2018-06-12,68.15,69.47,66.61,68.73,13930.0,,raw
2018-06-13,68.35,71.1,66.48,67.4,12703.0,,raw
2018-06-14,67.4,69.39,67.11,67.99,14133.0,,raw
2018-06-15,66.4,68.46,66.33,67.3,14690.0,,raw
2018-06-19,66.0,66.9,60.57,60.57,21536.0,,raw
2018-06-20,60.1,62.49,60.1,61.0,12894.0,,raw
2018-06-21,61.16,61.9,55.66,56.51,25419.0,,raw
2018-06-22,56.45,59.0,56.0,57.83,18533.0,,raw
2018-06-25,57.87,58.98,57.21,57.27,14392.0,,raw
2018-06-26,56.78,61.35,56.06,61.26,20719.0,,raw
2018-06-27,61.26,61.36,57.38,59.02,24195.0,,raw
2018-06-28,58.7,59.89,57.62,58.09,17533.0,,raw
2018-06-29,57.98,60.88,56.8,60.04,25399.0,,raw
2018-07-02,60.7,62.49,58.74,60.0,28595.0,,raw
2018-07-03,60.01,60.5,54.04,58.85,49352.0,,raw
2018-07-04,58.12,59.18,56.7,56.98,23261.0,,raw
2018-07-05,56.98,57.41,53.8,53.98,21704.0,,raw
2018-07-06,53.0,56.17,52.8,54.15,28520.0,,raw
2018-07-09,55.02,56.47,55.02,56.0,23730.0,,raw
2018-07-10,57.74,57.9,55.7,56.8,19871.0,,raw
2018-07-11,54.94,55.0,51.08,51.08,33111.0,,raw
2018-07-12,48.39,53.29,48.39,52.6,55503.0,,raw
2018-07-13,52.9,57.77,52.51,56.57,66804.0,,raw
2018-07-16,57.0,60.38,57.0,57.79,54333.0,,raw
2018-07-17,59.6,59.66,57.21,58.79,30137.0,,raw
2018-07-18,58.97,60.5,57.08,57.17,34029.0,,raw
2018-07-19,58.2,58.91,56.67,58.5,30614.0,,raw
2018-07-20,58.48,58.98,56.01,57.99,34733.0,,raw
2018-07-23,58.95,62.33,58.32,60.73,55108.0,,raw
2018-07-24,60.75,63.55,59.52,61.83,38517.0,,raw
2018-07-25,61.65,63.33,60.88,61.3,37828.0,,raw
2018-07-26,61.85,61.9,57.5,57.92,46692.0,,raw
2018-07-27,58.1,61.06,57.78,60.0,54569.0,,raw
2018-07-30,61.2,61.34,54.0,54.0,54558.0,,raw
2018-07-31,54.0,54.0,51.68,51.96,40127.0,,raw
2018-08-01,51.5,53.76,50.7,50.88,46291.0,,raw
2018-08-02,51.03,51.25,45.79,46.1,83054.0,,raw
2018-08-03,46.19,46.77,42.68,44.95,63858.0,,raw
2018-08-06,44.23,44.79,42.36,43.44,39866.0,,raw
2018-08-07,43.67,45.0,42.7,44.42,33393.0,,raw
2018-08-08,45.5,47.64,44.33,45.31,54666.0,,raw
2018-08-09,45.6,48.63,43.77,47.57,59366.0,,raw
2018-08-10,47.56,48.8,46.54,48.18,45111.0,,raw
2018-08-13,47.59,50.4,47.02,49.76,57645.0,,raw
2018-08-14,49.64,50.93,48.67,49.72,31659.0,,raw
2018-08-15,49.24,49.67,47.15,47.28,30997.0,,raw
2018-08-16,46.19,49.22,45.88,48.53,45180.0,,raw
2018-08-17,49.26,51.25,48.91,49.0,55812.0,,raw
2018-08-20,50.26,50.4,47.01,49.9,44984.0,,raw
2018-08-21,50.4,50.68,48.8,49.53,34907.0,,raw
2018-08-22,49.52,49.52,47.02,47.11,36225.0,,raw
2018-08-23,46.8,49.49,46.8,48.8,53651.0,,raw
2018-08-24,48.74,48.97,46.85,47.29,33868.0,,raw
2018-08-27,47.88,52.02,47.78,52.02,80017.0,,raw
2018-08-28,53.0,56.0,52.4,54.01,100522.0,,raw
2018-08-29,54.19,54.7,52.61,52.88,59949.0,,raw
2018-08-30,52.7,52.89,49.88,50.5,92396.0,,raw
2018-08-31,50.24,50.3,46.0,46.3,104257.0,,raw
2018-09-03,46.0,46.0,43.1,44.96,86600.0,,raw
2018-09-04,44.98,46.47,44.6,46.0,62849.0,,raw
2018-09-05,45.58,46.05,44.01,44.11,57780.0,,raw
2018-09-06,43.76,45.54,43.7,44.25,48206.0,,raw
2018-09-07,44.92,45.58,43.05,43.51,65533.0,,raw
2018-09-10,43.7,43.8,39.16,39.16,101881.0,,raw
2018-09-11,39.46,41.29,39.32,40.68,65227.0,,raw
2018-09-12,41.29,43.3,40.88,42.06,70693.0,,raw
2018-09-13,44.2,45.9,43.55,44.1,104737.0,,raw
2018-09-14,45.18,45.45,42.8,42.94,49938.0,,raw
2018-09-17,42.87,44.65,42.76,43.4,51491.0,,raw
2018-09-18,42.6,43.09,39.72,42.44,88730.0,,raw
2018-09-19,41.95,43.87,40.9,42.51,79812.0,,raw
2018-09-20,42.94,44.27,42.0,42.82,57152.0,,raw
2018-09-21,43.37,43.66,41.1,43.51,58879.0,,raw
2018-09-25,43.35,43.98,42.56,43.92,45062.0,,raw
2018-09-26,43.61,44.8,43.03,44.29,60117.0,,raw
2018-09-27,44.52,44.62,42.52,42.57,52107.0,,raw
2018-09-28,42.7,43.32,41.59,43.3,37277.0,,raw
2018-10-08,41.18,45.4,41.18,44.19,93291.0,,raw
2018-10-09,44.77,45.44,43.27,44.03,49400.0,,raw
2018-10-10,44.28,44.79,39.68,41.53,70885.0,,raw
2018-10-11,39.44,40.07,37.5,38.2,60703.0,,raw
2018-10-12,37.74,38.99,36.25,38.5,57125.0,,raw
2018-10-15,38.7,39.98,38.2,38.61,45945.0,,raw
2018-10-16,38.21,39.28,37.8,38.07,29290.0,,raw
2018-10-17,38.98,39.43,37.18,38.84,42236.0,,raw
2018-10-18,38.17,38.9,37.52,37.95,29751.0,,raw
2018-10-19,36.97,39.59,36.6,39.59,51457.0,,raw
2018-10-22,40.4,42.95,39.95,42.76,72730.0,,raw
2018-10-23,42.34,43.16,40.94,41.51,52098.0,,raw
2018-10-24,41.15,41.95,40.45,40.77,36155.0,,raw
2018-10-25,39.3,40.76,38.88,40.4,47309.0,,raw
2018-10-26,41.01,41.69,39.8,39.9,39379.0,,raw
2018-10-29,39.79,41.2,39.73,40.49,34585.0,,raw
2018-10-30,40.3,40.3,36.51,38.26,77455.0,,raw
2018-10-31,38.47,38.87,37.38,37.98,53515.0,,raw
2018-11-01,38.12,39.93,38.12,39.0,64135.0,,raw
2018-11-02,42.0,42.9,41.11,42.9,108204.0,,raw
2018-11-05,43.13,45.4,42.33,43.52,146059.0,,raw
2018-11-06,43.67,44.5,42.31,44.35,71345.0,,raw
2018-11-07,43.9,47.0,43.18,44.62,99921.0,,raw
2018-11-08,45.0,45.2,42.37,42.6,85068.0,,raw
2018-11-09,42.05,44.48,42.05,43.17,78690.0,,raw
2018-11-12,43.15,45.68,42.9,45.0,85886.0,,raw
2018-11-13,44.51,47.58,44.25,46.32,108735.0,,raw
2018-11-14,46.31,47.7,45.85,46.4,65937.0,,raw
2018-11-15,46.4,47.4,45.89,47.32,65016.0,,raw
2018-11-16,47.32,49.39,46.75,48.51,69243.0,,raw
2018-11-19,48.58,49.11,47.4,48.2,43692.0,,raw
2018-11-20,47.01,47.01,44.0,44.98,93385.0,,raw
2018-11-21,43.88,45.2,43.75,44.6,60540.0,,raw
2018-11-22,44.65,45.24,44.06,44.48,34657.0,,raw
2018-11-23,44.49,44.68,42.6,42.97,62291.0,,raw
2018-11-26,42.75,43.76,42.68,43.36,38465.0,,raw
2018-11-27,43.8,44.4,43.48,43.96,47851.0,,raw
2018-11-28,44.2,45.09,42.83,44.73,63685.0,,raw
2018-11-29,45.2,45.37,42.5,42.5,62389.0,,raw
2018-11-30,42.5,44.2,42.2,43.97,41907.0,,raw
2018-12-03,47.55,47.88,45.77,46.62,110621.0,,raw
2018-12-04,46.4,46.64,45.77,46.12,49351.0,,raw
2018-12-05,45.0,45.91,44.87,45.21,46151.0,,raw
2018-12-06,43.3,43.68,42.01,42.3,93711.0,,raw
2018-12-07,42.87,43.58,42.7,43.0,31867.0,,raw
2018-12-10,42.7,43.78,42.05,42.99,33018.0,,raw
2018-12-11,43.48,44.46,43.33,44.08,39381.0,,raw
2018-12-12,44.61,44.98,43.33,43.92,25634.0,,raw
2018-12-13,43.97,45.2,43.68,44.9,52517.0,,raw
2018-12-14,44.6,44.86,43.0,43.35,38724.0,,raw
2018-12-17,43.02,43.5,42.51,42.82,29496.0,,raw
2018-12-18,42.51,43.11,41.6,41.79,27319.0,,raw
2018-12-19,41.87,42.4,40.8,41.05,23879.0,,raw
2018-12-20,41.0,41.51,40.68,41.16,24234.0,,raw
2018-12-21,40.82,41.25,39.81,40.5,30267.0,,raw
2018-12-24,40.49,42.23,40.15,42.0,40573.0,,raw
2018-12-25,41.48,43.72,41.14,43.14,48251.0,,raw
2018-12-26,43.3,43.34,41.93,41.94,37317.0,,raw
2018-12-27,42.75,42.88,41.5,41.69,35062.0,,raw
2018-12-28,41.65,41.85,39.86,40.69,36760.0,,raw
2019-01-02,40.48,41.63,40.1,40.28,33694.0,,raw
2019-01-03,40.4,40.4,37.9,38.2,49619.0,,raw
2019-01-04,37.49,39.33,37.31,39.31,34530.0,,raw
2019-01-07,39.66,40.77,39.65,40.32,41475.0,,raw
2019-01-08,40.88,40.88,39.39,39.91,31580.0,,raw
2019-01-09,39.88,41.25,39.62,40.1,49133.0,,raw
2019-01-10,40.1,41.8,39.98,40.86,49877.0,,raw
2019-01-11,41.3,42.24,41.2,41.6,48899.0,,raw
2019-01-14,41.49,41.49,40.0,40.32,30006.0,,raw
2019-01-15,40.15,40.87,39.75,40.73,29209.0,,raw
2019-01-16,40.7,41.45,40.38,40.82,23973.0,,raw
2019-01-17,40.7,40.75,39.95,40.08,25244.0,,raw
2019-01-18,40.32,40.54,38.9,39.82,38454.0,,raw
2019-01-21,40.25,41.29,39.62,40.24,54549.0,,raw
2019-01-22,39.82,40.27,38.6,38.73,53703.0,,raw
2019-01-23,38.74,38.87,37.96,38.25,31197.0,,raw
2019-01-24,38.38,39.19,37.65,38.97,45217.0,,raw
2019-01-25,38.88,38.88,37.71,38.1,56953.0,,raw
2019-01-28,39.01,39.66,38.2,38.67,55118.0,,raw
2019-01-29,38.65,38.68,37.45,37.89,42577.0,,raw
2019-01-30,37.71,38.45,37.5,37.75,30355.0,,raw
2019-01-31,37.93,38.85,37.65,38.29,50389.0,,raw
2019-02-01,38.63,40.9,38.48,40.9,81845.0,,raw
2019-02-11,40.98,42.45,40.51,42.44,86709.0,,raw
2019-02-12,42.11,42.58,41.86,42.31,53534.0,,raw
2019-02-13,42.35,44.89,42.2,44.42,96854.0,,raw
2019-02-14,44.3,45.5,43.0,44.89,74114.0,,raw
2019-02-15,44.6,45.27,44.35,44.7,54221.0,,raw
2019-02-18,44.96,46.96,44.96,46.5,70913.0,,raw
2019-02-19,46.46,46.48,44.97,45.65,70429.0,,raw
2019-02-20,45.3,45.49,44.51,45.07,49001.0,,raw
2019-02-21,45.15,49.58,45.15,48.2,155724.0,,raw
2019-02-22,47.49,53.02,47.48,53.02,134137.0,,raw
2019-02-25,56.5,58.32,56.4,58.2,152952.0,,raw
2019-02-26,57.1,58.0,54.7,55.5,135821.0,,raw
2019-02-27,54.61,55.6,53.7,54.08,81964.0,,raw
2019-02-28,53.88,55.08,53.15,54.5,54945.0,,raw
2019-03-01,54.78,55.26,53.3,54.4,50234.0,,raw
2019-03-04,54.8,57.16,54.01,54.85,93521.0,,raw
2019-03-05,54.97,56.99,54.2,56.9,84112.0,,raw
2019-03-06,58.43,62.59,58.43,61.5,140649.0,,raw
2019-03-07,61.0,61.0,57.66,59.37,85955.0,,raw
2019-03-08,56.99,64.39,56.0,58.4,91569.0,,raw
2019-03-11,59.99,62.48,59.14,62.18,68943.0,,raw
2019-03-12,63.51,64.0,60.77,61.7,73897.0,,raw
2019-03-13,59.95,61.55,58.2,59.1,65510.0,,raw
2019-03-14,58.24,59.95,56.51,58.39,59781.0,,raw
2019-03-15,58.41,59.49,57.6,58.09,34130.0,,raw
2019-03-18,58.58,59.35,56.31,59.26,41879.0,,raw
2019-03-19,59.0,60.47,58.01,58.28,39688.0,,raw
2019-03-20,58.0,58.9,56.61,57.61,34624.0,,raw
2019-03-21,57.8,59.13,57.66,57.81,38658.0,,raw
2019-03-22,58.0,58.89,56.6,58.89,37130.0,,raw
2019-03-25,57.06,58.2,56.79,56.9,36636.0,,raw
2019-03-26,57.11,57.5,52.44,53.07,78063.0,,raw
2019-03-27,53.64,53.98,52.18,52.9,45481.0,,raw
2019-03-28,53.58,57.01,53.56,54.52,64958.0,,raw
2019-03-29,54.09,56.07,53.88,55.5,53572.0,,raw
2019-04-01,56.8,58.22,55.86,57.73,64138.0,,raw
2019-04-02,58.19,58.49,56.6,56.61,52800.0,,raw
2019-04-03,56.28,56.38,55.03,56.29,45202.0,,raw
2019-04-04,56.29,56.78,55.11,55.23,36625.0,,raw
2019-04-08,51.5,53.87,51.36,52.5,91654.0,,raw
2019-04-09,52.71,53.83,51.61,53.56,40394.0,,raw
2019-04-10,53.72,53.88,52.48,53.0,26972.0,,raw
2019-04-11,53.02,53.2,51.38,51.69,31744.0,,raw
2019-04-12,52.35,52.43,50.88,50.96,32224.0,,raw
2019-04-15,52.36,53.99,52.06,52.15,53854.0,,raw
2019-04-16,52.12,55.55,51.74,55.15,59377.0,,raw
2019-04-17,55.18,56.64,54.0,54.07,47181.0,,raw
2019-04-18,54.18,54.88,53.33,53.63,28136.0,,raw
2019-04-19,53.65,54.0,52.29,53.62,23563.0,,raw
2019-04-22,53.21,55.66,52.89,52.95,39715.0,,raw
2019-04-23,52.97,55.5,52.11,54.4,54773.0,,raw
2019-04-24,54.02,57.0,54.02,56.58,64596.0,,raw
2019-04-25,56.02,58.02,55.4,55.58,59037.0,,raw
2019-04-26,55.0,56.7,54.28,55.48,38795.0,,raw
2019-04-29,55.7,56.3,51.42,53.15,42438.0,,raw
2019-04-30,52.0,53.49,51.58,52.43,28528.0,,raw
2019-05-06,49.0,49.05,47.19,47.19,25631.0,,raw
2019-05-07,47.19,47.48,42.55,45.06,57427.0,,raw
2019-05-08,43.6,45.88,43.0,44.01,28906.0,,raw
2019-05-09,43.4,44.86,43.38,43.7,22890.0,,raw
2019-05-10,44.78,46.9,42.68,46.5,41276.0,,raw
2019-05-13,45.57,46.29,43.45,44.12,37301.0,,raw
2019-05-14,43.87,45.64,43.7,44.62,39841.0,,raw
2019-05-15,45.21,45.95,44.5,44.98,32728.0,,raw
2019-05-16,45.0,45.2,43.8,44.76,24101.0,,raw
2019-05-17,45.15,45.77,42.15,42.84,45115.0,,raw
2019-05-20,42.71,43.7,39.7,42.33,37613.0,,raw
2019-05-21,42.74,43.99,42.5,43.55,31596.0,,raw
2019-05-22,43.84,44.5,42.0,42.65,36118.0,,raw
2019-05-23,42.61,43.29,41.6,41.89,29849.0,,raw
2019-05-24,41.44,42.34,41.44,41.8,15946.0,,raw
2019-05-27,41.8,43.1,41.24,43.02,29288.0,,raw
2019-05-28,42.99,43.23,42.43,42.59,24367.0,,raw
2019-05-29,42.59,43.19,41.52,42.61,20449.0,,raw
2019-05-30,42.58,42.58,41.63,42.14,16086.0,,raw
2019-05-31,42.29,42.57,41.57,42.08,14445.0,,raw
2019-06-03,42.0,43.26,40.61,42.07,37223.0,,raw
2019-06-04,30.41,31.42,29.6,30.93,68188.0,,raw
2019-06-05,31.51,32.56,31.07,32.04,72061.0,,raw
2019-06-06,32.28,32.36,30.67,30.92,43339.0,,raw
2019-06-10,31.34,33.49,31.1,33.12,76079.0,,raw
2019-06-11,33.13,34.05,32.18,33.78,83445.0,,raw
2019-06-12,33.7,33.7,32.92,32.98,50048.0,,raw
2019-06-13,32.8,32.96,32.04,32.61,34889.0,,raw
2019-06-14,32.6,32.97,31.73,31.74,32791.0,,raw
2019-06-17,31.76,32.47,31.0,32.23,22743.0,,raw
2019-06-18,32.08,32.23,31.7,31.78,21417.0,,raw
2019-06-19,33.6,34.76,33.0,33.1,69490.0,,raw
2019-06-20,33.02,33.99,32.69,33.62,49824.0,,raw
2019-06-21,34.54,35.99,34.22,34.68,58681.0,,raw
2019-06-24,35.0,35.0,34.01,34.21,29176.0,,raw
2019-06-25,34.0,34.63,33.21,34.47,43664.0,,raw
2019-06-26,34.4,35.41,33.82,34.17,28982.0,,raw
2019-06-27,34.6,35.2,34.16,35.15,47707.0,,raw
2019-06-28,34.9,34.9,33.81,33.99,36169.0,,raw
2019-07-01,35.6,36.38,35.6,36.0,70782.0,,raw
2019-07-02,35.8,36.66,35.43,36.09,33270.0,,raw
2019-07-03,35.94,36.2,35.18,35.57,24233.0,,raw
2019-07-04,34.7,34.7,32.59,33.49,72869.0,,raw
2019-07-05,33.03,33.65,32.87,33.23,34593.0,,raw
2019-07-08,33.2,33.2,31.12,31.67,36870.0,,raw
2019-07-09,31.66,32.33,31.45,32.1,17762.0,,raw
2019-07-10,32.3,32.78,32.0,32.24,15000.0,,raw
2019-07-11,32.24,32.52,31.66,31.79,17485.0,,raw
2019-07-12,31.79,32.04,30.96,31.51,17779.0,,raw
2019-07-15,30.0,32.6,29.4,32.41,39510.0,,raw
2019-07-16,32.3,33.5,31.85,32.72,35227.0,,raw
2019-07-17,33.21,34.98,32.72,34.45,55186.0,,raw
2019-07-18,34.0,34.81,33.39,33.47,32946.0,,raw
2019-07-19,33.94,34.42,33.07,33.26,33896.0,,raw
2019-07-22,33.75,33.8,32.9,33.19,24419.0,,raw
2019-07-23,33.11,33.98,33.1,33.9,24268.0,,raw
2019-07-24,34.11,35.54,33.7,35.1,52177.0,,raw
2019-07-25,34.91,37.72,34.77,37.0,71918.0,,raw
2019-07-26,36.81,37.28,36.56,37.1,36854.0,,raw
2019-07-29,36.85,38.5,36.85,38.23,39269.0,,raw
2019-07-30,38.58,42.05,37.23,40.9,100015.0,,raw
2019-07-31,41.03,43.0,40.3,41.56,102285.0,,raw
2019-08-01,40.9,42.38,40.67,41.43,56459.0,,raw
2019-08-02,37.9,39.58,37.8,39.26,114981.0,,raw
2019-08-05,39.2,40.05,38.38,38.42,52865.0,,raw
2019-08-06,37.64,39.35,37.1,38.85,73327.0,,raw
2019-08-07,38.8,39.26,38.08,38.42,39094.0,,raw
2019-08-08,38.51,39.55,37.82,38.57,46027.0,,raw
2019-08-09,38.82,39.89,37.52,37.99,45403.0,,raw
2019-08-12,38.28,40.45,37.66,40.4,49595.0,,raw
2019-08-13,39.7,40.64,39.0,39.6,49500.0,,raw
2019-08-14,40.8,41.5,39.8,40.21,52100.0,,raw
2019-08-15,38.8,40.6,38.53,40.49,41972.0,,raw
2019-08-16,40.05,40.4,39.36,39.65,69803.0,,raw
2019-08-19,39.79,42.3,39.32,41.92,77769.0,,raw
2019-08-20,41.93,42.63,41.2,41.99,44013.0,,raw
2019-08-21,42.27,42.27,41.32,41.48,34017.0,,raw
2019-08-22,41.43,41.59,40.15,40.97,38613.0,,raw
2019-08-23,40.6,41.09,39.98,40.29,32178.0,,raw
2019-08-26,38.0,39.95,37.57,38.93,59552.0,,raw
2019-08-27,39.5,40.6,39.21,39.66,47998.0,,raw
2019-08-28,40.18,40.29,39.23,40.08,39531.0,,raw
2019-08-29,39.98,41.19,39.33,40.74,33177.0,,raw
2019-08-30,40.97,41.4,39.25,39.55,37873.0,,raw
2019-09-02,39.78,41.19,39.01,40.3,45253.0,,raw
2019-09-03,40.49,42.44,40.49,41.55,85179.0,,raw
2019-09-04,41.21,42.2,40.8,41.5,54218.0,,raw
2019-09-05,42.74,45.65,42.4,45.65,180717.0,,raw
2019-09-06,46.0,49.9,45.79,48.11,174421.0,,raw
2019-09-09,47.93,48.78,47.33,48.0,148120.0,,raw
2019-09-10,47.55,48.18,45.18,46.27,142701.0,,raw
2019-09-11,46.4,46.4,44.8,45.62,91958.0,,raw
2019-09-12,45.8,46.08,44.55,45.4,69943.0,,raw
2019-09-16,45.44,46.34,45.09,45.54,72888.0,,raw
2019-09-17,45.11,45.56,43.85,44.23,67953.0,,raw
2019-09-18,44.31,44.57,42.86,43.88,69477.0,,raw
2019-09-19,44.29,45.53,44.15,44.72,67169.0,,raw
2019-09-20,45.3,45.48,44.14,44.86,57628.0,,raw
2019-09-23,44.95,45.71,43.57,45.14,69901.0,,raw
2019-09-24,44.77,46.6,44.71,46.11,110744.0,,raw
2019-09-25,45.78,46.48,42.92,43.0,114873.0,,raw
2019-09-26,42.9,43.29,40.91,40.91,83645.0,,raw
2019-09-27,41.41,41.92,40.75,41.16,44957.0,,raw
2019-09-30,41.0,41.44,39.88,40.64,33449.0,,raw
2019-10-08,40.42,41.87,39.71,40.3,45537.0,,raw
2019-10-09,39.9,40.8,39.39,40.66,33998.0,,raw
2019-10-10,40.81,41.57,40.61,41.41,43834.0,,raw
2019-10-11,41.36,41.8,40.42,40.79,33519.0,,raw
2019-10-14,41.3,42.78,41.12,42.65,60938.0,,raw
2019-10-15,42.05,43.28,40.7,40.8,61666.0,,raw
2019-10-16,40.8,41.4,40.2,40.5,31092.0,,raw
2019-10-17,40.55,41.11,40.06,40.15,23242.0,,raw
2019-10-18,40.16,41.27,40.0,40.25,40631.0,,raw
2019-10-21,40.12,40.75,39.0,40.7,33125.0,,raw
2019-10-22,40.82,41.78,40.7,41.29,33841.0,,raw
2019-10-23,41.48,41.83,40.5,40.5,28553.0,,raw
2019-10-24,40.47,40.79,39.4,40.0,37354.0,,raw
2019-10-25,40.09,40.58,39.6,40.33,26858.0,,raw
2019-10-28,40.7,41.75,40.62,41.45,36431.0,,raw
2019-10-29,41.12,41.96,41.0,41.2,42318.0,,raw
2019-10-30,41.4,42.53,41.0,42.0,50943.0,,raw
2019-10-31,42.3,44.28,42.0,43.9,92560.0,,raw
2019-11-01,43.43,44.8,42.88,43.41,59577.0,,raw
2019-11-04,43.76,44.74,43.36,43.7,48730.0,,raw
2019-11-05,43.97,44.44,43.0,43.5,49989.0,,raw
2019-11-06,43.55,43.8,42.55,42.64,46889.0,,raw
2019-11-07,43.05,43.47,42.0,43.35,39280.0,,raw
2019-11-08,44.1,45.29,43.0,44.57,92223.0,,raw
2019-11-11,44.03,45.74,43.6,44.12,85811.0,,raw
2019-11-12,43.63,44.58,42.23,42.8,74803.0,,raw
2019-11-13,42.46,42.8,41.78,42.23,53097.0,,raw
2019-11-14,42.19,42.65,41.6,42.21,42893.0,,raw
2019-11-15,42.07,42.37,41.15,41.2,41780.0,,raw
2019-11-18,41.58,42.2,41.03,41.88,43259.0,,raw
2019-11-19,41.99,44.98,41.88,44.87,102263.0,,raw
2019-11-20,44.64,45.01,43.8,43.97,68907.0,,raw
2019-11-21,44.23,44.25,42.7,42.98,62895.0,,raw
2019-11-22,42.92,45.49,42.92,43.9,108639.0,,raw
2019-11-25,43.6,43.68,41.38,42.38,89256.0,,raw
2019-11-26,42.38,42.8,41.89,42.8,56051.0,,raw
2019-11-27,42.38,43.46,41.98,43.33,37945.0,,raw
2019-11-28,43.0,44.19,42.92,43.2,34856.0,,raw
2019-11-29,43.18,44.0,42.83,44.0,47524.0,,raw
2019-12-02,44.12,44.95,43.81,44.4,51919.0,,raw
2019-12-03,44.38,44.93,43.9,44.69,50356.0,,raw
2019-12-04,44.24,44.63,43.57,43.8,47985.0,,raw
2019-12-05,44.0,45.6,43.83,45.36,108266.0,,raw
2019-12-06,45.07,45.35,44.63,45.18,63265.0,,raw
2019-12-09,45.77,45.91,44.65,45.01,48314.0,,raw
2019-12-10,44.65,45.5,44.11,45.28,57983.0,,raw
2019-12-11,45.0,45.65,43.97,44.31,55006.0,,raw
2019-12-12,44.5,48.39,44.5,47.24,176504.0,,raw
2019-12-13,48.0,49.45,47.25,48.6,150711.0,,raw
2019-12-16,49.0,50.89,48.65,49.75,119607.0,,raw
2019-12-17,49.3,52.13,49.3,50.66,110020.0,,raw
2019-12-18,50.1,50.78,49.28,49.8,76031.0,,raw
2019-12-19,49.71,50.31,48.52,49.83,61038.0,,raw
2019-12-20,50.0,50.57,49.18,49.83,53554.0,,raw
2019-12-23,49.15,50.25,48.55,49.35,76851.0,,raw
2019-12-24,49.6,51.95,49.18,50.88,74035.0,,raw
2019-12-25,50.57,52.23,49.92,51.46,63060.0,,raw
2019-12-26,51.18,51.78,50.66,51.5,36486.0,,raw
2019-12-27,52.18,53.36,49.3,49.58,86084.0,,raw
2019-12-30,49.21,52.37,48.5,52.2,72537.0,,raw
2019-12-31,52.0,53.12,51.4,52.15,46543.0,,raw
2020-01-02,52.21,53.78,51.66,53.45,51958.0,,raw
2020-01-03,53.3,53.8,52.35,52.88,40934.0,,raw
2020-01-06,52.28,53.0,51.53,52.03,63383.0,,raw
2020-01-07,52.32,52.89,51.66,52.42,40578.0,,raw
2020-01-08,51.84,52.0,50.53,51.08,60249.0,,raw
2020-01-09,51.96,53.19,51.31,52.73,65947.0,,raw
2020-01-10,52.7,53.44,51.48,52.05,40241.0,,raw
2020-01-13,52.29,53.4,51.61,53.4,51029.0,,raw
2020-01-14,53.95,54.65,51.76,51.91,50528.0,,raw
2020-01-15,52.0,52.88,51.55,52.5,41021.0,,raw
2020-01-16,52.68,53.3,52.12,52.88,35766.0,,raw
2020-01-17,53.07,54.19,52.02,53.0,50821.0,,raw
2020-01-20,53.38,56.63,52.9,56.32,94785.0,,raw
2020-01-21,55.6,56.5,55.32,55.42,61301.0,,raw
2020-01-22,55.27,57.26,53.4,56.22,59498.0,,raw
2020-01-23,55.45,55.88,52.42,53.46,98288.0,,raw
2020-02-03,48.11,49.25,48.11,48.11,99776.0,,raw
2020-02-04,48.3,52.92,48.3,52.92,91425.0,,raw
2020-02-05,52.92,55.48,52.9,54.8,83860.0,,raw
2020-02-06,54.91,60.28,54.31,59.85,97922.0,,raw
2020-02-07,61.1,64.3,60.71,62.61,92763.0,,raw
2020-02-10,62.92,66.66,62.38,63.17,91080.0,,raw
2020-02-11,63.94,64.33,62.32,63.16,62536.0,,raw
2020-02-12,62.75,65.68,62.55,64.41,100676.0,,raw
2020-02-13,63.98,64.65,62.02,63.03,70802.0,,raw
2020-02-14,63.92,64.38,62.0,62.94,61344.0,,raw
2020-02-17,64.6,66.88,63.95,66.15,97781.0,,raw
2020-02-18,66.99,70.7,66.2,67.89,106935.0,,raw
2020-02-19,66.96,67.88,65.66,65.95,61265.0,,raw
2020-02-20,65.95,67.78,65.7,67.4,66387.0,,raw
2020-02-21,67.09,69.86,66.97,68.37,70087.0,,raw
2020-02-24,70.0,72.66,69.58,72.47,93342.0,,raw
2020-02-25,70.0,73.45,67.02,71.4,119749.0,,raw
2020-02-26,70.0,70.5,64.31,64.74,120355.0,,raw
2020-02-27,65.0,66.7,63.5,64.3,116772.0,,raw
2020-02-28,59.88,64.45,59.74,62.04,104939.0,,raw
2020-03-02,63.99,67.78,62.2,66.19,115987.0,,raw
2020-03-03,68.08,70.42,64.48,64.9,108481.0,,raw
2020-03-04,64.0,65.36,61.87,62.82,89720.0,,raw
2020-03-05,66.0,66.58,62.0,64.0,106326.0,,raw
2020-03-06,63.0,66.29,62.51,64.78,73255.0,,raw
2020-03-09,64.6,66.98,63.33,63.73,119564.0,,raw
2020-03-10,64.2,69.67,62.2,68.4,125515.0,,raw
2020-03-11,68.2,69.36,63.5,63.6,129872.0,,raw
2020-03-12,61.91,62.55,58.73,59.75,114086.0,,raw
2020-03-13,56.0,60.85,54.9,59.19,95975.0,,raw
2020-03-16,59.53,59.89,53.88,55.1,100110.0,,raw
2020-03-17,56.76,57.72,55.22,56.35,73892.0,,raw
2020-03-18,57.0,58.55,55.19,55.64,73792.0,,raw
2020-03-19,56.0,58.48,54.3,57.85,96296.0,,raw
2020-03-20,58.75,59.39,56.48,57.94,52141.0,,raw
2020-03-23,56.5,57.4,52.15,52.5,99777.0,,raw
2020-03-24,54.2,55.42,52.4,54.7,91090.0,,raw
2020-03-25,56.3,56.96,55.02,55.9,60981.0,,raw
2020-03-26,55.9,55.9,53.88,54.0,50524.0,,raw
2020-03-27,55.49,55.49,53.11,53.4,46719.0,,raw
2020-03-30,52.5,52.66,49.0,52.0,74387.0,,raw
2020-03-31,52.55,54.4,52.37,53.75,55676.0,,raw
2020-04-01,53.75,54.97,52.63,54.07,58985.0,,raw
2020-04-02,54.05,56.22,53.75,56.21,58876.0,,raw
2020-04-03,56.0,57.2,55.31,55.44,40039.0,,raw
2020-04-07,56.63,57.75,56.0,56.59,40027.0,,raw
2020-04-08,56.21,59.25,55.5,58.17,62401.0,,raw
2020-04-09,58.75,58.77,57.5,58.26,31929.0,,raw
2020-04-10,59.91,61.25,56.88,57.52,81782.0,,raw
2020-04-13,57.01,57.87,55.02,55.25,37915.0,,raw
2020-04-14,55.91,59.71,55.91,59.43,73060.0,,raw
2020-04-15,60.1,60.66,59.13,59.53,45038.0,,raw
2020-04-16,59.11,59.89,58.51,59.31,32835.0,,raw
2020-04-17,59.95,63.49,59.95,61.79,114122.0,,raw
2020-04-20,61.81,64.35,61.65,63.51,65392.0,,raw
2020-04-21,63.23,63.37,61.01,62.3,41357.0,,raw
2020-04-22,61.9,62.75,61.01,62.54,31184.0,,raw
2020-04-23,62.68,62.97,61.36,62.08,28772.0,,raw
2020-04-24,62.7,64.19,62.0,62.5,50962.0,,raw
2020-04-27,62.66,64.01,62.66,63.45,31513.0,,raw
2020-04-28,63.41,64.3,61.45,63.91,46096.0,,raw
2020-04-29,63.51,63.69,62.0,62.7,31467.0,,raw
2020-04-30,63.6,65.76,63.49,64.86,58515.0,,raw
2020-05-06,64.4,66.95,64.02,66.68,80513.0,,raw
2020-05-07,68.18,68.66,64.63,64.89,56332.0,,raw
2020-05-08,65.43,67.3,65.43,65.95,44150.0,,raw
2020-05-11,66.0,67.63,65.91,66.52,47983.0,,raw
2020-05-12,66.32,66.87,64.41,65.85,49534.0,,raw
2020-05-13,65.85,66.5,65.21,66.0,38553.0,,raw
2020-05-14,65.93,65.99,64.82,65.0,26010.0,,raw
2020-05-15,64.89,65.49,64.11,64.43,31913.0,,raw
2020-05-18,64.8,65.86,62.6,62.82,71914.0,,raw
2020-05-19,63.52,64.8,62.51,64.53,42928.0,,raw
2020-05-20,64.58,65.86,63.48,64.11,39646.0,,raw
2020-05-21,64.48,64.96,62.42,63.05,32334.0,,raw
2020-05-22,63.38,63.9,60.32,60.72,49419.0,,raw
2020-05-25,60.86,61.03,57.34,57.91,67074.0,,raw
2020-05-26,58.58,59.46,57.81,58.89,48769.0,,raw
2020-05-27,58.99,58.99,55.86,56.65,69926.0,,raw
2020-05-28,57.0,57.83,55.52,56.8,47188.0,,raw
2020-05-29,56.77,57.12,55.93,56.99,47412.0,,raw
2020-06-01,57.38,59.6,57.16,58.63,106319.0,,raw
2020-06-02,58.98,59.3,57.28,58.87,61972.0,,raw
2020-06-03,59.47,59.99,58.5,58.57,54026.0,,raw
2020-06-04,58.97,59.28,58.0,59.07,37048.0,,raw
2020-06-05,58.88,59.22,57.6,58.31,37481.0,,raw
2020-06-08,58.75,60.3,58.65,58.99,43745.0,,raw
2020-06-09,59.75,59.93,58.2,59.3,42274.0,,raw
2020-06-10,59.25,59.28,58.0,58.54,30572.0,,raw
2020-06-11,58.78,60.8,58.08,58.82,79175.0,,raw
2020-06-12,57.42,59.98,57.1,59.98,70649.0,,raw
2020-06-15,59.0,59.79,58.06,58.1,72843.0,,raw
2020-06-16,59.03,62.61,58.97,60.75,104911.0,,raw
2020-06-17,61.25,61.5,59.9,60.85,56097.0,,raw
2020-06-18,60.83,64.0,60.19,63.53,89330.0,,raw
2020-06-19,63.11,63.5,62.41,62.82,62195.0,,raw
2020-06-22,63.16,64.18,62.52,62.8,58981.0,,raw
2020-06-23,62.81,63.19,61.0,61.8,63177.0,,raw
2020-06-24,61.78,63.58,61.66,62.1,59042.0,,raw
2020-06-29,62.05,63.0,61.14,61.85,40087.0,,raw
2020-06-30,62.5,63.89,62.28,63.0,79577.0,,raw
2020-07-01,63.0,63.77,61.11,61.86,60274.0,,raw
2020-07-02,61.98,62.4,60.89,61.79,59117.0,,raw
2020-07-03,62.1,63.3,61.2,62.99,63588.0,,raw
2020-07-06,63.01,65.48,63.01,65.01,118645.0,,raw
2020-07-07,64.97,67.79,64.41,66.64,159672.0,,raw
2020-07-08,66.68,67.78,65.64,67.2,102839.0,,raw
2020-07-09,70.6,71.96,67.92,70.17,197942.0,,raw
2020-07-10,70.0,70.53,68.51,69.39,110498.0,,raw
2020-07-13,69.3,70.9,69.3,70.55,170232.0,,raw
2020-07-14,70.7,72.81,68.01,69.46,178217.0,,raw
2020-07-15,68.58,69.27,64.61,66.12,123642.0,,raw
2020-07-16,65.58,66.18,60.53,60.9,118233.0,,raw
2020-07-17,61.58,62.3,60.12,61.15,80332.0,,raw
2020-07-20,61.86,62.61,60.01,62.09,62825.0,,raw
2020-07-21,62.06,62.45,60.54,61.83,65959.0,,raw
2020-07-22,61.94,63.68,61.51,63.3,77448.0,,raw
2020-07-23,62.56,63.35,60.0,61.21,94331.0,,raw
2020-07-24,60.3,61.19,56.21,56.3,114104.0,,raw
2020-07-27,56.39,57.37,54.08,54.62,77483.0,,raw
2020-07-28,55.59,56.48,55.11,56.33,63161.0,,raw
2020-07-29,57.15,59.22,56.2,59.0,68611.0,,raw
2020-07-30,59.45,59.45,58.05,58.21,48534.0,,raw
2020-07-31,58.8,60.29,58.35,59.08,64689.0,,raw
2020-08-03,59.75,61.68,59.3,60.64,73556.0,,raw
2020-08-04,60.63,61.56,59.85,60.2,61390.0,,raw
2020-08-05,61.0,61.45,59.69,60.5,57224.0,,raw
2020-08-06,60.17,60.71,58.91,60.12,57192.0,,raw
2020-08-07,60.0,60.62,57.58,58.07,52202.0,,raw
2020-08-10,57.92,58.47,56.37,57.51,64335.0,,raw
2020-08-11,57.72,58.65,56.46,56.46,52655.0,,raw
2020-08-12,57.22,57.38,54.35,55.22,81329.0,,raw
2020-08-13,55.6,56.28,54.4,54.89,48406.0,,raw
2020-08-14,54.92,56.5,54.71,56.47,55713.0,,raw
2020-08-17,56.66,58.6,56.1,58.6,68155.0,,raw
2020-08-18,58.93,59.88,58.18,58.87,57477.0,,raw
2020-08-19,59.33,59.43,58.1,58.35,44081.0,,raw
2020-08-20,58.0,58.97,56.58,57.08,52328.0,,raw
2020-08-21,57.88,58.8,56.13,57.51,63681.0,,raw
2020-08-24,57.87,60.58,57.52,60.0,61944.0,,raw
2020-08-25,59.8,61.58,59.52,59.81,64448.0,,raw
2020-08-26,59.7,60.99,58.83,59.27,57057.0,,raw
2020-08-27,59.26,60.48,58.6,59.68,49912.0,,raw
2020-08-28,59.03,59.68,57.68,59.42,52717.0,,raw
2020-08-31,59.66,60.67,58.61,59.21,39518.0,,raw
2020-09-01,59.02,59.39,57.7,58.55,39963.0,,raw
2020-09-02,58.9,60.48,58.21,59.9,57791.0,,raw
2020-09-03,60.08,60.46,57.89,59.9,92833.0,,raw
2020-09-04,59.11,59.98,58.63,59.42,48761.0,,raw
2020-09-07,59.42,59.85,56.16,56.38,64506.0,,raw
2020-09-08,57.35,57.38,54.87,56.0,43262.0,,raw
2020-09-09,55.12,55.67,52.55,52.55,68260.0,,raw
2020-09-10,53.62,53.62,50.2,50.51,58218.0,,raw
2020-09-11,50.49,51.38,49.76,51.18,67358.0,,raw
2020-09-14,51.78,52.49,50.8,51.22,56411.0,,raw
2020-09-15,51.56,52.4,51.1,51.81,37874.0,,raw
2020-09-16,51.82,52.13,51.15,52.0,35153.0,,raw
2020-09-17,51.69,53.22,51.15,52.45,46278.0,,raw
2020-09-18,52.41,52.92,51.81,52.85,43194.0,,raw
2020-09-21,52.85,53.19,51.98,52.08,34709.0,,raw
2020-09-22,51.9,52.76,51.38,51.88,33373.0,,raw
2020-09-23,52.02,52.2,51.31,51.67,37692.0,,raw
2020-09-24,51.68,51.79,50.0,50.21,42692.0,,raw
2020-09-25,50.51,50.67,48.91,49.64,43289.0,,raw
2020-09-28,49.64,50.69,48.99,49.9,33764.0,,raw
2020-09-29,50.44,50.82,49.91,50.09,32914.0,,raw
2020-09-30,50.57,50.86,49.83,50.3,31958.0,,raw
2020-10-09,51.32,51.68,50.84,51.29,46608.0,,raw
2020-10-12,51.2,53.35,51.2,53.03,65363.0,,raw
2020-10-13,52.77,53.5,52.21,53.3,38996.0,,raw
2020-10-14,53.21,53.72,52.6,53.34,38905.0,,raw
2020-10-15,53.89,54.38,52.93,52.99,46288.0,,raw
2020-10-16,53.47,53.8,52.87,53.17,36076.0,,raw
2020-10-19,54.05,54.86,53.25,53.42,51323.0,,raw
2020-10-20,53.39,53.41,52.55,52.9,32551.0,,raw
2020-10-21,52.72,52.91,50.45,50.8,61386.0,,raw
2020-10-22,50.15,50.89,49.65,49.91,46170.0,,raw
2020-10-23,50.98,50.98,49.5,49.66,26956.0,,raw
2020-10-26,49.31,49.62,48.59,49.1,29571.0,,raw
2020-10-27,49.33,49.33,48.09,48.86,46790.0,,raw
2020-10-28,48.88,48.88,47.2,48.1,61837.0,,raw
2020-10-29,47.73,48.36,47.02,48.0,52756.0,,raw
2020-10-30,48.5,49.2,47.15,47.3,75642.0,,raw
2020-11-02,47.38,48.18,46.66,47.85,50236.0,,raw
2020-11-03,48.56,51.58,48.56,50.19,92877.0,,raw
2020-11-04,50.19,50.58,49.65,49.94,50766.0,,raw
2020-11-05,50.9,53.48,49.8,52.84,118730.0,,raw
2020-11-06,53.21,53.73,52.31,52.7,96866.0,,raw
2020-11-09,53.45,55.58,52.81,54.38,127010.0,,raw
2020-11-10,53.9,53.93,52.69,52.7,63246.0,,raw
2020-11-11,52.47,53.25,49.81,49.86,85491.0,,raw
2020-11-12,50.61,51.18,50.05,50.47,42104.0,,raw
2020-11-13,50.1,51.1,49.71,50.88,44227.0,,raw
2020-11-16,50.6,52.53,50.6,51.95,55493.0,,raw
2020-11-17,52.44,52.49,50.01,51.08,44484.0,,raw
2020-11-18,51.0,51.39,50.09,50.48,36668.0,,raw
2020-11-19,50.34,50.79,49.81,50.15,52412.0,,raw
2020-11-20,50.25,50.59,49.21,49.71,38966.0,,raw
2020-11-23,49.44,49.44,48.19,48.46,58006.0,,raw
2020-11-24,48.49,49.79,48.4,49.66,51227.0,,raw
2020-11-25,49.52,50.5,49.01,49.6,54981.0,,raw
2020-11-26,49.13,50.3,49.02,49.39,40651.0,,raw
2020-11-27,49.1,49.42,48.21,48.72,36878.0,,raw
2020-11-30,48.67,49.28,47.4,48.95,59608.0,,raw
2020-12-01,48.15,49.23,47.73,48.82,51299.0,,raw
2020-12-02,48.82,51.92,48.55,51.06,89146.0,,raw
2020-12-03,51.52,51.66,50.63,50.8,41755.0,,raw
2020-12-04,51.0,52.16,50.5,51.28,50791.0,,raw
2020-12-07,51.38,52.28,50.87,51.0,44383.0,,raw
2020-12-08,50.8,52.18,50.7,51.49,52173.0,,raw
2020-12-09,51.7,52.43,51.33,51.41,65144.0,,raw
2020-12-10,51.2,52.12,50.34,51.95,61861.0,,raw
2020-12-11,51.9,53.64,51.51,53.25,126724.0,,raw
2020-12-14,53.0,55.1,52.73,54.58,95122.0,,raw
2020-12-15,54.51,55.18,53.8,54.24,64726.0,,raw
2020-12-16,54.28,55.15,53.38,53.8,52390.0,,raw
2020-12-17,53.68,54.2,53.0,54.11,43426.0,,raw
2020-12-18,54.08,54.08,52.6,52.7,49695.0,,raw
2020-12-21,52.67,55.48,52.4,55.09,74946.0,,raw
2020-12-22,55.0,55.35,51.51,51.7,83185.0,,raw
2020-12-23,51.8,52.4,51.3,52.22,66328.0,,raw
2020-12-24,52.21,52.62,51.19,51.25,40480.0,,raw
2020-12-25,50.88,51.11,49.19,49.43,63158.0,,raw
2020-12-28,49.02,49.27,47.33,47.34,64990.0,,raw
2020-12-29,47.34,51.46,47.34,50.91,109856.0,,raw
2020-12-30,50.5,50.56,48.9,50.33,61393.0,,raw
2020-12-31,49.98,51.13,49.91,50.86,45319.0,,raw
2021-01-04,51.0,52.42,50.33,52.0,62160.0,,raw
2021-01-05,51.77,54.78,51.56,54.07,106856.0,,raw
2021-01-06,53.99,54.19,52.6,53.44,64926.0,,raw
2021-01-07,53.0,53.34,51.63,52.61,62386.0,,raw
2021-01-08,52.88,56.1,52.34,54.67,119229.0,,raw
2021-01-11,54.99,57.16,54.2,57.0,129566.0,,raw
2021-01-12,56.5,57.25,55.35,56.5,86335.0,,raw
2021-01-13,56.22,57.8,55.55,56.2,89068.0,,raw
2021-01-14,56.21,58.41,56.06,56.64,121721.0,,raw
2021-01-15,57.09,57.19,54.04,55.34,76572.0,,raw
2021-01-18,55.85,57.86,55.29,57.25,80160.0,,raw
2021-01-19,57.21,57.66,55.8,56.4,64338.0,,raw
2021-01-20,56.27,57.14,55.3,57.0,51655.0,,raw
2021-01-21,57.01,57.1,55.01,55.66,104859.0,,raw
2021-01-22,55.28,56.1,53.88,56.1,87538.0,,raw
2021-01-25,55.55,55.7,52.55,52.55,117711.0,,raw
2021-01-26,52.53,53.95,52.5,52.8,51912.0,,raw
2021-01-27,53.35,53.66,52.05,52.84,40553.0,,raw
2021-01-28,51.98,53.21,51.19,51.37,50229.0,,raw
2021-01-29,52.56,52.8,51.34,51.8,52454.0,,raw
2021-02-01,51.78,53.98,51.5,53.18,58263.0,,raw
2021-02-02,53.5,54.85,53.2,53.6,57294.0,,raw
2021-02-03,54.18,54.18,50.26,50.35,82249.0,,raw
2021-02-04,50.35,50.7,47.6,49.33,86427.0,,raw
2021-02-05,49.2,49.78,47.48,47.51,51455.0,,raw
2021-02-08,47.68,48.99,47.62,47.9,41616.0,,raw
2021-02-09,47.5,49.15,47.4,48.73,39052.0,,raw
2021-02-10,48.57,50.88,48.54,50.46,52941.0,,raw
2021-02-18,51.54,52.33,51.01,51.46,66458.0,,raw
2021-02-19,51.28,51.7,50.4,51.4,45077.0,,raw
2021-02-22,51.65,51.68,49.6,49.6,59202.0,,raw
2021-02-23,49.11,50.4,48.69,49.05,42079.0,,raw
2021-02-24,49.11,50.06,48.55,48.97,40647.0,,raw
2021-02-25,49.44,49.44,47.7,47.81,49497.0,,raw
2021-02-26,47.0,47.81,45.76,45.9,71646.0,,raw
2021-03-01,46.7,47.63,45.91,46.55,95326.0,,raw
2021-03-02,46.65,46.75,44.23,44.56,110331.0,,raw
2021-03-03,44.56,44.78,43.84,44.44,74225.0,,raw
2021-03-04,44.43,44.77,43.06,43.11,74493.0,,raw
2021-03-05,42.9,44.18,42.56,42.8,84641.0,,raw
2021-03-08,43.1,43.31,40.72,40.79,118066.0,,raw
2021-03-09,40.78,40.9,38.55,39.17,93450.0,,raw
2021-03-10,39.9,40.2,39.06,39.19,46869.0,,raw
2021-03-11,39.3,40.0,38.65,39.44,83801.0,,raw
2021-03-12,39.47,39.6,38.23,38.48,83130.0,,raw
2021-03-15,38.49,38.75,37.42,37.68,66447.0,,raw
2021-03-16,37.83,38.28,37.21,37.4,59431.0,,raw
2021-03-17,37.67,38.13,37.2,37.78,78392.0,,raw
2021-03-18,37.69,38.35,37.03,38.09,89169.0,,raw
2021-03-19,37.55,37.94,36.71,36.81,83486.0,,raw
2021-03-22,37.0,37.35,36.7,37.1,54027.0,,raw
2021-03-23,37.0,38.34,36.91,37.68,105871.0,,raw
2021-03-24,35.96,35.96,32.99,34.41,244695.0,,raw
2021-03-25,35.9,36.61,34.72,34.96,153461.0,,raw
2021-03-26,35.14,36.86,34.94,36.84,117618.0,,raw
2021-03-29,36.62,36.79,35.91,36.11,64478.0,,raw
2021-03-30,36.5,36.5,35.51,35.57,54285.0,,raw
2021-03-31,35.89,35.89,34.8,35.24,67545.0,,raw
2021-04-01,35.36,36.27,35.31,36.1,49228.0,,raw
2021-04-02,36.42,37.98,36.28,37.82,77144.0,,raw
2021-04-06,37.83,37.83,37.17,37.31,42757.0,,raw
2021-04-07,37.31,37.6,36.52,36.81,42360.0,,raw
2021-04-08,36.9,37.18,36.15,36.25,43871.0,,raw
2021-04-09,36.19,36.41,35.6,35.84,29703.0,,raw
2021-04-12,35.9,36.15,34.35,34.43,59434.0,,raw
2021-04-13,34.66,35.66,33.82,33.97,65652.0,,raw
2021-04-14,34.0,34.47,33.77,34.4,35461.0,,raw
2021-04-15,34.35,34.35,33.5,33.85,44608.0,,raw
2021-04-16,34.06,34.55,33.7,34.0,40560.0,,raw
2021-04-19,33.77,34.48,33.77,34.32,67942.0,,raw
2021-04-20,34.26,34.28,33.4,33.44,75642.0,,raw
2021-04-21,33.31,33.39,32.85,32.85,52804.0,,raw
2021-04-22,33.03,33.84,32.91,33.63,52314.0,,raw
2021-04-23,33.34,33.36,32.61,32.62,70357.0,,raw
2021-04-26,32.62,33.6,32.13,33.13,82920.0,,raw
2021-04-27,32.88,32.98,31.31,32.5,105506.0,,raw
2021-04-28,32.77,32.84,32.1,32.46,50770.0,,raw
2021-04-29,32.6,34.95,32.51,34.39,149588.0,,raw
2021-04-30,34.77,35.09,33.93,34.21,109583.0,,raw
2021-05-06,34.74,35.31,34.28,34.46,86590.0,,raw
2021-05-07,34.75,34.75,33.7,33.74,70480.0,,raw
2021-05-10,33.35,33.35,31.53,31.76,77892.0,,raw
2021-05-11,31.42,33.98,31.4,33.06,84907.0,,raw
2021-05-12,33.2,33.35,32.4,32.86,43533.0,,raw
2021-05-13,32.54,35.58,32.42,34.46,114049.0,,raw
2021-05-14,34.85,35.16,34.22,34.98,91148.0,,raw
2021-05-17,35.21,36.18,35.02,35.72,87882.0,,raw
2021-05-18,35.5,36.02,35.0,35.6,47149.0,,raw
2021-05-19,35.6,36.64,35.31,35.42,56159.0,,raw
2021-05-20,35.66,36.8,35.66,36.58,85612.0,,raw
2021-05-21,36.63,37.3,36.2,36.97,86244.0,,raw
2021-05-24,37.28,37.38,36.4,37.14,64046.0,,raw
2021-05-25,37.1,38.58,36.9,38.06,82133.0,,raw
2021-05-26,37.94,38.38,37.8,38.12,53313.0,,raw
2021-05-27,38.29,40.8,38.25,40.3,103041.0,,raw
2021-05-28,39.69,41.49,39.66,40.1,97235.0,,raw
2021-05-31,40.34,41.53,40.32,41.19,88008.0,,raw
2021-06-01,41.15,41.68,39.46,40.76,119338.0,,raw
2021-06-02,41.0,41.48,40.31,40.7,54272.0,,raw
2021-06-03,40.62,41.76,40.48,40.77,49408.0,,raw
2021-06-04,41.39,41.75,40.83,41.36,47810.0,,raw
2021-06-07,41.57,42.01,40.07,40.67,58439.0,,raw
2021-06-08,40.99,41.02,39.05,39.8,63878.0,,raw
2021-06-09,39.65,40.11,39.21,39.53,41008.0,,raw
2021-06-10,39.76,40.65,39.21,39.8,81138.0,,raw
2021-06-11,39.55,39.87,38.3,38.86,122551.0,,raw
2021-06-15,38.57,39.5,38.38,39.21,65665.0,,raw
2021-06-16,39.36,41.76,39.07,40.01,82920.0,,raw
2021-06-17,40.12,41.3,40.05,40.69,80837.0,,raw
2021-06-18,40.8,41.19,39.61,39.8,67958.0,,raw
2021-06-21,39.95,39.95,38.27,38.5,70393.0,,raw
2021-06-22,38.71,39.21,37.03,37.57,80727.0,,raw
2021-06-23,37.26,38.63,37.19,38.47,68273.0,,raw
2021-06-24,38.6,38.6,37.29,37.66,50639.0,,raw
2021-06-25,37.8,37.97,36.66,36.99,57360.0,,raw
2021-06-28,37.01,38.5,36.63,38.35,77084.0,,raw
2021-06-29,38.55,38.74,38.01,38.36,46225.0,,raw
2021-06-30,38.48,38.52,37.76,38.52,55154.0,,raw
2021-07-01,38.49,38.49,36.91,36.95,54768.0,,raw
2021-07-02,36.9,37.46,35.76,36.1,60916.0,,raw
2021-07-05,36.1,36.58,35.52,36.22,44262.0,,raw
2021-07-06,36.15,36.8,35.6,36.18,44148.0,,raw
2021-07-07,36.04,36.8,35.7,36.69,40620.0,,raw
2021-07-08,36.75,36.75,35.71,35.96,51413.0,,raw
2021-07-09,36.28,38.02,36.25,36.34,82146.0,,raw
2021-07-12,36.04,39.88,36.04,38.89,155752.0,,raw
2021-07-13,39.1,39.2,37.63,38.16,78304.0,,raw
2021-07-14,38.18,38.8,37.6,37.63,66033.0,,raw
2021-07-15,37.06,37.11,33.2,33.88,189483.0,,raw
2021-07-16,33.79,34.1,32.68,32.71,104735.0,,raw
2021-07-19,32.68,33.55,32.0,33.32,108681.0,,raw
2021-07-20,33.03,34.19,32.86,33.89,69450.0,,raw
2021-07-21,33.65,34.09,33.31,34.0,53993.0,,raw
2021-07-22,33.98,34.95,33.61,34.71,69552.0,,raw
2021-07-23,35.14,35.25,34.15,34.43,52631.0,,raw
2021-07-26,34.27,34.7,33.05,33.62,57337.0,,raw
2021-07-27,33.84,39.88,33.53,38.17,236527.0,,raw
2021-07-28,37.9,39.5,37.01,39.06,222764.0,,raw
2021-07-29,39.8,41.08,38.5,40.86,245244.0,,raw
2021-07-30,40.29,43.97,40.04,42.67,274489.0,,raw
2021-08-02,43.3,45.38,42.8,44.0,213264.0,,raw
2021-08-03,43.7,44.6,42.27,42.38,202387.0,,raw
2021-08-04,42.4,43.23,41.87,42.67,129040.0,,raw
2021-08-05,42.75,42.75,41.27,42.02,101797.0,,raw
2021-08-06,41.9,42.83,41.02,41.74,110916.0,,raw
2021-08-09,41.46,43.34,41.3,42.01,112586.0,,raw
2021-08-10,42.28,42.28,41.2,42.07,102520.0,,raw
2021-08-11,41.93,42.73,41.46,41.56,91008.0,,raw
2021-08-12,41.08,42.56,40.03,41.7,96923.0,,raw
2021-08-13,41.71,41.87,40.3,40.44,110945.0,,raw
2021-08-16,40.5,42.1,40.08,40.8,91921.0,,raw
2021-08-17,41.38,41.38,39.16,39.48,79163.0,,raw
2021-08-18,39.19,39.8,37.77,38.06,92323.0,,raw
2021-08-19,38.23,39.14,38.18,38.55,53760.0,,raw
2021-08-20,38.64,38.89,36.95,37.65,75926.0,,raw
2021-08-23,37.5,38.23,37.39,37.78,62826.0,,raw
2021-08-24,38.0,38.32,36.65,38.12,84239.0,,raw
2021-08-25,38.01,38.52,37.31,37.39,76376.0,,raw
2021-08-26,37.1,37.69,36.7,36.88,76878.0,,raw
2021-08-27,36.61,36.61,35.76,36.21,68397.0,,raw
2021-08-30,36.67,37.1,36.14,36.26,61335.0,,raw
2021-08-31,35.7,36.47,34.99,35.42,54644.0,,raw
2021-09-01,35.23,36.58,34.5,35.68,57784.0,,raw
2021-09-02,35.41,36.23,35.1,35.7,40701.0,,raw
2021-09-03,35.78,37.89,35.67,37.03,67715.0,,raw
2021-09-06,37.04,37.74,36.61,36.92,61299.0,,raw
2021-09-07,36.73,36.92,35.58,36.01,71453.0,,raw
2021-09-08,35.99,36.85,35.73,36.68,80015.0,,raw
2021-09-09,36.65,36.65,35.13,35.48,72273.0,,raw
2021-09-10,35.45,35.71,34.5,35.61,66490.0,,raw
2021-09-13,35.37,35.51,34.09,34.22,63519.0,,raw
2021-09-14,34.22,34.68,34.12,34.32,41129.0,,raw
2021-09-15,34.5,34.94,33.79,34.82,38617.0,,raw
2021-09-16,34.87,35.4,34.3,34.32,42654.0,,raw
2021-09-17,34.21,34.91,33.82,34.7,30509.0,,raw
2021-09-22,34.38,35.25,34.07,34.7,23047.0,,raw
2021-09-23,35.0,35.38,34.2,34.22,49948.0,,raw
2021-09-24,34.41,34.96,34.08,34.65,36241.0,,raw
2021-09-27,35.68,36.6,34.91,35.34,87084.0,,raw
2021-09-28,35.11,35.17,34.14,34.16,44498.0,,raw
2021-09-29,33.9,34.99,33.48,34.91,54816.0,,raw
2021-09-30,34.91,35.6,34.62,34.88,37125.0,,raw
2021-10-08,35.1,35.5,34.4,35.06,44927.0,,raw
2021-10-11,35.0,35.99,34.61,35.6,62497.0,,raw
2021-10-12,35.32,35.57,34.67,34.78,51854.0,,raw
2021-10-13,34.89,35.29,34.3,35.11,33690.0,,raw
2021-10-14,35.01,35.4,34.8,34.87,28011.0,,raw
2021-10-15,34.83,35.19,34.19,34.23,43721.0,,raw
2021-10-18,34.24,34.25,32.8,33.03,56142.0,,raw
2021-10-19,33.18,33.56,32.92,33.42,35348.0,,raw
2021-10-20,33.75,34.12,33.36,33.53,31226.0,,raw
2021-10-21,33.68,33.69,33.17,33.22,36672.0,,raw
2021-10-22,33.27,33.62,32.78,32.82,42909.0,,raw
2021-10-25,33.58,33.88,32.97,33.21,66020.0,,raw
2021-10-26,33.45,34.88,32.85,34.31,103780.0,,raw
2021-10-27,34.18,34.18,33.02,33.33,60083.0,,raw
2021-10-28,33.28,33.71,32.8,32.81,56756.0,,raw
2021-10-29,32.6,33.45,32.18,33.07,67073.0,,raw
2021-11-01,33.22,34.45,33.18,33.82,69210.0,,raw
2021-11-02,33.9,35.23,33.61,34.82,99204.0,,raw
2021-11-03,34.85,35.15,34.35,34.85,56053.0,,raw
2021-11-04,34.7,36.0,34.5,35.09,71433.0,,raw
2021-11-05,35.2,35.99,34.8,34.93,57223.0,,raw
2021-11-08,35.25,35.66,34.47,34.92,46290.0,,raw
2021-11-09,34.78,35.19,34.5,34.89,46736.0,,raw
2021-11-10,34.9,35.05,34.32,34.8,54803.0,,raw
2021-11-11,34.7,35.87,34.54,35.36,57842.0,,raw
2021-11-12,35.4,35.75,35.2,35.42,37395.0,,raw
2021-11-15,35.69,36.17,34.69,34.75,65689.0,,raw
2021-11-16,34.8,35.05,33.72,33.77,69609.0,,raw
2021-11-17,33.99,34.29,33.23,34.15,62347.0,,raw
2021-11-18,34.51,34.55,33.29,33.35,76618.0,,raw
2021-11-19,33.1,33.87,33.08,33.8,53177.0,,raw
2021-11-22,33.75,39.16,33.56,37.91,284176.0,,raw
2021-11-23,38.33,39.86,38.3,38.89,205643.0,,raw
2021-11-24,39.1,40.87,38.41,40.0,209986.0,,raw
2021-11-25,40.8,40.97,39.01,39.16,138953.0,,raw
2021-11-26,38.99,39.75,37.77,38.2,120565.0,,raw
2021-11-29,37.63,38.11,37.4,37.93,96495.0,,raw
2021-11-30,37.89,38.5,37.39,38.14,123925.0,,raw
2021-12-01,37.87,39.61,37.6,39.26,129814.0,,raw
2021-12-02,38.85,39.48,38.56,38.72,96255.0,,raw
2021-12-03,38.52,39.4,37.97,39.14,88689.0,,raw
2021-12-06,38.7,38.95,37.55,37.8,76393.0,,raw
2021-12-07,38.05,38.14,36.89,37.19,61071.0,,raw
2021-12-08,37.19,39.41,37.03,39.28,126238.0,,raw
2021-12-09,38.89,39.35,38.0,38.14,93853.0,,raw
2021-12-10,37.8,39.2,37.66,38.7,102504.0,,raw
2021-12-13,38.5,40.25,38.42,39.6,126877.0,,raw
2021-12-14,39.46,40.96,39.3,40.85,121441.0,,raw
2021-12-15,40.5,42.1,40.31,41.32,148211.0,,raw
2021-12-16,41.41,41.41,39.93,40.75,71198.0,,raw
2021-12-17,40.73,41.15,39.85,40.38,67292.0,,raw
2021-12-20,40.0,40.46,39.2,40.4,68002.0,,raw
2021-12-21,40.19,42.49,40.15,42.29,129513.0,,raw
2021-12-22,42.28,42.67,41.61,42.5,80335.0,,raw
2021-12-23,42.28,43.18,41.83,42.15,84121.0,,raw
2021-12-24,42.15,42.53,41.15,41.39,55145.0,,raw
2021-12-27,41.5,43.12,41.11,42.22,89118.0,,raw
2021-12-28,42.34,43.87,42.02,42.5,95396.0,,raw
2021-12-29,42.05,43.55,41.9,43.0,111483.0,,raw
2021-12-30,42.96,43.8,42.63,43.39,93548.0,,raw
2021-12-31,43.45,43.5,42.3,42.5,70359.0,,raw
2022-01-04,42.88,43.0,41.22,41.95,75260.0,,raw
2022-01-05,41.8,42.6,41.45,41.9,51804.0,,raw
2022-01-06,41.55,43.12,41.13,41.45,70213.0,,raw
2022-01-07,41.42,42.88,41.41,42.33,83964.0,,raw
2022-01-10,42.0,43.96,41.52,43.34,90244.0,,raw
2022-01-11,43.3,43.5,42.5,42.9,58374.0,,raw
2022-01-12,43.04,43.37,38.36,40.4,168375.0,,raw
2022-01-13,40.27,40.58,38.29,38.72,106252.0,,raw
2022-01-14,38.59,39.6,38.47,39.07,57837.0,,raw
2022-01-17,39.1,41.39,39.1,40.15,111596.0,,raw
2022-01-18,40.45,41.49,39.34,39.57,66679.0,,raw
2022-01-19,39.51,40.2,38.91,39.33,55390.0,,raw
2022-01-20,39.2,39.65,38.2,38.51,51149.0,,raw
2022-01-21,38.38,38.83,37.8,38.49,40153.0,,raw
2022-01-24,37.91,39.18,37.91,38.92,56570.0,,raw
2022-01-25,38.93,38.93,37.55,37.74,42068.0,,raw
2022-01-26,37.58,37.94,36.58,36.81,60699.0,,raw
2022-01-27,36.68,36.9,35.35,35.58,93940.0,,raw
2022-01-28,36.07,36.98,35.53,35.8,55150.0,,raw
2022-02-07,36.73,37.1,35.46,35.85,47552.0,,raw
2022-02-08,35.85,36.37,35.59,36.05,40185.0,,raw
2022-02-09,36.18,37.4,35.8,36.94,65821.0,,raw
2022-02-10,36.99,37.37,36.1,36.64,66025.0,,raw
2022-02-11,36.46,36.6,34.34,34.74,98355.0,,raw
2022-02-14,34.33,34.84,33.94,34.84,41666.0,,raw
2022-02-15,34.54,35.68,34.5,35.59,44090.0,,raw
2022-02-16,35.69,35.94,35.3,35.5,34241.0,,raw
2022-02-17,35.2,35.83,34.91,35.6,44153.0,,raw
2022-02-18,36.94,37.78,35.88,37.36,130270.0,,raw
2022-02-21,38.23,39.4,37.86,38.69,124327.0,,raw
2022-02-22,37.66,38.4,37.12,37.37,74529.0,,raw
2022-02-23,37.36,38.33,37.3,37.84,58738.0,,raw
2022-02-24,37.8,38.3,36.36,37.01,73138.0,,raw
2022-02-25,37.1,37.94,37.0,37.07,58452.0,,raw
2022-02-28,36.81,38.9,36.35,38.45,108066.0,,raw
2022-03-01,38.5,38.96,37.73,38.31,61012.0,,raw
2022-03-02,37.88,38.58,37.6,38.4,44987.0,,raw
2022-03-03,38.5,38.7,37.57,37.7,32459.0,,raw
2022-03-04,37.21,38.49,37.18,37.65,35725.0,,raw
2022-03-07,37.54,37.54,34.7,35.11,101124.0,,raw
2022-03-08,35.05,35.82,34.6,34.86,77924.0,,raw
2022-03-09,35.12,36.26,34.08,35.5,98541.0,,raw
2022-03-10,36.33,36.98,35.33,35.36,71310.0,,raw
2022-03-11,35.0,35.4,34.15,35.39,45196.0,,raw
2022-03-14,34.9,35.26,34.4,34.5,41982.0,,raw
2022-03-15,34.18,34.6,32.13,32.13,58082.0,,raw
2022-03-16,32.79,33.03,31.01,32.7,80980.0,,raw
2022-03-17,33.08,33.68,32.76,33.34,62799.0,,raw
2022-03-18,33.02,33.46,32.82,33.23,39320.0,,raw
2022-03-21,33.5,34.01,33.3,33.78,52765.0,,raw
2022-03-22,33.77,33.77,33.0,33.04,26738.0,,raw
2022-03-23,33.25,34.89,32.89,34.38,74445.0,,raw
2022-03-24,34.28,34.46,33.28,33.7,51219.0,,raw
2022-03-25,33.63,33.63,32.15,32.2,57200.0,,raw
2022-03-28,32.01,32.07,31.39,32.0,35379.0,,raw
2022-03-29,32.0,32.07,31.06,31.1,41744.0,,raw
2022-03-30,31.3,32.16,31.15,32.11,39021.0,,raw
2022-03-31,32.15,32.15,31.45,31.61,22131.0,,raw
2022-04-01,31.51,31.95,31.02,31.68,27050.0,,raw
2022-04-06,31.41,31.41,29.95,30.1,77238.0,,raw
2022-04-07,30.0,30.6,29.92,30.12,74120.0,,raw
2022-04-08,30.16,31.26,29.71,30.9,78879.0,,raw
2022-04-11,30.91,30.97,29.55,29.7,53959.0,,raw
2022-04-12,29.59,30.18,29.02,30.0,44461.0,,raw
2022-04-13,29.81,29.9,29.05,29.39,25165.0,,raw
2022-04-14,29.63,29.78,29.03,29.62,32096.0,,raw
2022-04-15,29.29,29.37,28.65,29.2,33719.0,,raw
2022-04-18,29.0,30.18,28.73,30.04,33405.0,,raw
2022-04-19,30.32,30.38,29.66,30.14,29123.0,,raw
2022-04-20,30.0,30.74,29.88,29.93,30216.0,,raw
2022-04-21,30.04,30.56,29.42,29.51,39118.0,,raw
2022-04-22,29.38,29.78,28.45,28.77,46747.0,,raw
2022-04-25,29.29,30.67,28.9,29.04,124768.0,,raw
2022-04-26,29.66,31.12,29.6,29.93,126841.0,,raw
2022-04-27,30.0,30.85,28.95,30.85,115188.0,,raw
2022-04-28,30.4,30.62,29.4,29.8,88416.0,,raw
2022-04-29,29.82,31.16,29.41,30.62,103271.0,,raw
2022-05-05,30.85,32.4,30.18,31.91,160540.0,,raw
2022-05-06,31.38,32.67,31.07,31.95,111327.0,,raw
2022-05-09,31.95,32.47,31.12,32.44,125324.0,,raw
2022-05-10,31.53,31.97,30.6,31.91,163349.0,,raw
2022-05-11,31.68,32.94,31.48,31.52,194563.0,,raw
2022-05-12,31.3,32.5,31.02,31.48,116560.0,,raw
2022-05-13,31.6,32.06,31.41,31.72,83841.0,,raw
2022-05-16,31.7,32.58,31.59,31.75,88378.0,,raw
2022-05-17,31.74,31.99,31.2,31.86,66234.0,,raw
2022-05-18,32.18,32.33,31.23,31.42,83607.0,,raw
2022-05-19,30.8,31.24,30.62,31.18,73525.0,,raw
2022-05-20,31.18,31.69,30.83,31.34,81106.0,,raw
2022-05-23,31.39,31.71,31.03,31.48,67654.0,,raw
2022-05-24,31.69,32.36,29.8,29.9,134945.0,,raw
2022-05-25,29.68,30.85,29.6,30.25,77063.0,,raw
2022-05-26,30.01,31.39,29.6,30.86,83747.0,,raw
2022-05-27,30.88,31.33,30.05,30.23,63684.0,,raw
2022-05-30,30.28,32.03,29.8,31.78,142951.0,,raw
2022-05-31,31.74,32.28,31.32,32.14,100776.0,,raw
2022-06-01,32.01,32.86,31.81,32.2,85785.0,,raw
2022-06-02,32.2,33.33,31.96,33.17,103199.0,,raw
2022-06-06,33.47,33.59,32.46,33.49,125943.0,,raw
2022-06-07,33.45,34.24,33.25,34.0,110677.0,,raw
2022-06-08,34.0,34.22,33.15,33.77,73712.0,,raw
2022-06-09,33.8,33.9,32.5,32.68,88328.0,,raw
2022-06-10,32.61,33.7,32.39,33.48,99105.0,,raw
2022-06-13,33.23,33.37,32.41,32.8,92743.0,,raw
2022-06-14,32.68,32.7,31.4,32.32,94445.0,,raw
2022-06-15,32.24,33.22,32.11,32.22,77201.0,,raw
2022-06-16,32.22,33.23,32.2,32.53,80233.0,,raw
2022-06-17,32.19,32.72,31.93,32.58,82391.0,,raw
2022-06-20,32.7,33.5,32.25,32.37,112777.0,,raw
2022-06-21,32.27,32.65,31.65,31.97,84956.0,,raw
2022-06-22,32.03,32.19,30.32,30.39,138646.0,,raw
2022-06-23,30.56,31.0,30.18,30.92,113507.0,,raw
2022-06-24,31.0,31.26,30.32,30.5,161473.0,,raw
2022-06-27,30.79,31.45,30.51,31.0,144465.0,,raw
2022-06-28,31.32,32.07,30.65,32.05,130003.0,,raw
2022-06-29,31.89,32.57,31.08,31.17,144094.0,,raw
2022-06-30,31.08,31.48,30.73,31.05,106362.0,,raw
2022-07-01,30.96,31.55,30.81,31.0,88336.0,,raw
2022-07-04,31.12,31.25,30.4,30.62,114866.0,,raw
2022-07-05,30.82,31.4,30.52,30.74,130449.0,,raw
2022-07-06,30.69,31.21,30.08,30.3,96261.0,,raw
2022-07-07,30.3,30.54,29.9,30.15,69299.0,,raw
2022-07-08,30.31,30.61,29.93,30.01,78167.0,,raw
2022-07-11,29.98,30.25,29.54,30.08,96803.0,,raw
2022-07-12,30.4,30.58,29.11,29.18,206968.0,,raw
2022-07-13,29.3,29.53,28.66,28.77,148873.0,,raw
2022-07-14,28.71,29.9,28.46,29.5,157075.0,,raw
2022-07-15,29.34,29.59,29.08,29.23,115532.0,,raw
2022-07-18,29.68,32.28,29.59,32.1,364503.0,,raw
2022-07-19,33.15,33.87,32.61,33.29,453041.0,,raw
2022-07-20,33.4,34.65,33.13,34.07,233162.0,,raw
2022-07-21,33.7,34.54,32.82,32.92,174853.0,,raw
2022-07-22,33.13,33.42,32.4,33.36,154925.0,,raw
2022-07-25,33.25,34.89,33.1,34.28,264147.0,,raw
2022-07-26,33.98,34.35,33.26,33.62,145512.0,,raw
2022-07-27,33.78,34.09,33.21,33.92,119860.0,,raw
2022-07-28,34.24,34.24,33.21,33.45,117787.0,,raw
2022-07-29,33.73,33.78,32.51,32.79,142370.0,,raw
2022-08-01,32.79,33.06,32.0,32.98,144296.0,,raw
2022-08-02,32.53,32.73,31.41,32.4,162787.0,,raw
2022-08-03,32.46,33.51,32.46,32.55,137263.0,,raw
2022-08-04,32.96,33.26,32.09,32.42,108713.0,,raw
2022-08-05,32.71,33.88,32.51,33.8,170963.0,,raw
2022-08-08,33.96,33.98,32.88,33.2,139278.0,,raw
2022-08-09,33.2,33.26,32.24,32.7,151753.0,,raw
2022-08-10,32.56,32.69,31.56,31.79,120641.0,,raw
2022-08-11,32.15,35.34,32.13,35.08,397883.0,,raw
2022-08-12,35.32,35.38,33.82,34.02,191612.0,,raw
2022-08-15,34.12,34.14,32.63,33.7,196574.0,,raw
2022-08-16,33.55,34.29,33.08,33.3,139490.0,,raw
2022-08-17,33.43,33.92,32.98,33.62,125840.0,,raw
2022-08-18,33.4,34.83,33.28,34.5,174925.0,,raw
2022-08-19,34.5,35.17,33.45,33.45,122885.0,,raw
2022-08-22,33.38,33.43,32.5,33.08,105915.0,,raw
2022-08-23,33.0,33.09,32.52,32.87,75978.0,,raw
2022-08-24,32.71,32.8,30.7,30.8,188462.0,,raw
2022-08-25,31.0,31.12,29.96,30.32,144804.0,,raw
2022-08-26,30.38,30.86,29.97,30.13,122343.0,,raw
2022-08-29,29.6,30.1,29.37,29.88,98625.0,,raw
2022-08-30,29.99,30.14,29.54,29.95,85439.0,,raw
2022-08-31,29.56,29.93,29.01,29.32,117635.0,,raw
2022-09-01,29.05,29.39,28.52,28.66,187099.0,,raw
2022-09-02,28.74,29.49,28.7,29.23,140329.0,,raw
2022-09-05,29.23,29.48,28.8,29.25,91337.0,,raw
2022-09-06,29.4,29.64,29.18,29.57,94523.0,,raw
2022-09-07,29.63,30.17,29.31,29.78,118562.0,,raw
2022-09-08,29.8,29.88,29.26,29.31,82215.0,,raw
2022-09-09,29.31,29.53,29.17,29.33,65255.0,,raw
2022-09-13,29.47,29.72,28.94,29.02,72924.0,,raw
2022-09-14,28.56,28.99,28.36,28.62,67927.0,,raw
2022-09-15,28.74,28.8,26.82,27.0,167888.0,,raw
2022-09-16,27.18,27.18,26.28,26.33,103769.0,,raw
2022-09-19,26.5,26.98,26.08,26.83,96404.0,,raw
2022-09-20,26.9,27.15,26.7,26.95,75455.0,,raw
2022-09-21,26.98,27.12,26.4,26.92,57454.0,,raw
2022-09-22,26.77,27.05,26.68,26.85,52537.0,,raw
2022-09-23,26.95,27.43,26.03,27.1,133931.0,,raw
2022-09-26,26.8,27.12,26.67,26.72,89846.0,,raw
2022-09-27,26.62,27.7,26.51,27.56,82442.0,,raw
2022-09-28,27.38,27.66,26.92,26.96,72422.0,,raw
2022-09-29,27.24,27.48,26.66,26.8,69782.0,,raw
2022-09-30,26.52,26.88,26.05,26.08,55341.0,,raw
2022-10-10,26.08,26.25,25.36,25.39,74738.0,,raw
2022-10-11,26.41,26.85,26.08,26.55,120438.0,,raw
2022-10-12,26.54,27.34,26.27,27.22,131483.0,,raw
2022-10-13,27.26,27.92,27.08,27.35,114833.0,,raw
2022-10-14,27.59,28.09,27.5,27.72,101542.0,,raw
2022-10-17,27.48,27.93,27.37,27.88,80396.0,,raw
2022-10-18,28.05,28.48,27.58,28.21,129476.0,,raw
2022-10-19,27.99,28.97,27.95,28.26,143056.0,,raw
2022-10-20,28.11,28.75,27.78,28.26,101468.0,,raw
2022-10-21,28.3,28.64,28.09,28.18,77550.0,,raw
2022-10-24,28.2,28.76,27.5,27.91,123236.0,,raw
2022-10-25,27.46,28.08,27.14,27.74,85605.0,,raw
2022-10-26,27.8,28.78,27.61,28.71,106139.0,,raw
2022-10-27,30.01,30.32,29.18,29.37,257930.0,,raw
2022-10-28,29.1,29.81,28.83,29.12,123840.0,,raw
2022-10-31,29.4,29.54,28.12,29.28,263736.0,,raw
2022-11-01,28.67,29.7,28.67,29.6,220442.0,,raw
2022-11-02,29.5,29.76,29.38,29.49,116168.0,,raw
2022-11-03,29.4,30.15,29.23,29.66,117144.0,,raw
2022-11-04,29.7,30.4,29.63,30.28,159268.0,,raw
2022-11-07,30.23,30.4,29.9,30.09,113900.0,,raw
2022-11-08,29.9,30.15,29.7,29.9,79857.0,,raw
2022-11-09,29.91,29.95,29.33,29.46,83321.0,,raw
2022-11-10,29.22,29.65,29.1,29.15,59914.0,,raw
2022-11-11,29.74,30.24,29.19,29.27,110100.0,,raw
2022-11-14,29.27,29.5,28.7,28.97,88653.0,,raw
2022-11-15,28.6,29.99,28.6,29.88,127907.0,,raw
2022-11-16,29.83,30.56,29.8,29.91,93149.0,,raw
2022-11-17,30.0,30.18,29.58,30.11,65167.0,,raw
2022-11-18,30.0,30.34,29.76,29.91,82677.0,,raw
2022-11-21,29.7,29.99,29.21,29.7,79404.0,,raw
2022-11-22,29.66,29.92,29.28,29.45,79961.0,,raw
2022-11-23,29.35,29.49,28.68,29.14,94827.0,,raw
2022-11-24,29.14,29.63,28.9,29.06,58732.0,,raw
2022-11-25,29.05,29.05,28.54,28.58,50572.0,,raw
2022-11-28,28.0,28.38,27.8,28.12,74259.0,,raw
2022-11-29,28.09,29.2,28.09,29.0,92541.0,,raw
2022-11-30,28.99,29.04,28.52,28.63,60805.0,,raw
2022-12-01,28.8,29.15,28.37,28.45,91548.0,,raw
2022-12-02,28.45,28.9,28.41,28.61,65265.0,,raw
2022-12-05,28.85,28.95,28.5,28.68,63691.0,,raw
2022-12-06,28.56,28.88,28.5,28.58,46519.0,,raw
2022-12-07,28.49,28.58,27.89,28.12,91285.0,,raw
2022-12-08,28.03,28.47,27.83,28.16,75695.0,,raw
2022-12-09,28.11,28.27,27.72,28.18,97800.0,,raw
2022-12-12,28.1,28.8,27.96,28.59,78423.0,,raw
2022-12-13,28.42,29.06,28.32,28.71,83572.0,,raw
2022-12-14,28.62,29.85,28.61,28.89,101765.0,,raw
2022-12-15,28.69,29.13,28.46,28.6,62080.0,,raw
2022-12-16,28.46,28.64,27.55,28.05,83021.0,,raw
2022-12-19,27.99,28.25,27.51,27.6,55033.0,,raw
2022-12-20,27.6,27.73,27.19,27.41,41952.0,,raw
2022-12-21,27.41,27.46,26.8,27.08,47698.0,,raw
2022-12-22,27.19,27.23,26.55,26.58,62048.0,,raw
2022-12-23,26.46,26.7,26.03,26.33,59051.0,,raw
2022-12-26,26.3,26.77,26.3,26.56,47846.0,,raw
2022-12-27,26.74,27.16,26.57,26.95,64547.0,,raw
2022-12-28,26.87,26.92,26.52,26.68,41412.0,,raw
2022-12-29,26.43,27.52,26.37,27.14,88130.0,,raw
2022-12-30,27.08,27.47,26.94,27.03,57798.0,,raw
2023-01-03,27.2,28.57,26.88,28.3,113000.0,,raw
2023-01-04,28.21,28.86,28.1,28.68,74769.0,,raw
2023-01-05,28.56,28.79,28.42,28.67,67242.0,,raw
2023-01-06,28.68,28.68,28.28,28.42,68781.0,,raw
2023-01-09,28.54,28.54,27.98,28.2,69137.0,,raw
2023-01-10,28.2,28.35,28.02,28.25,38061.0,,raw
2023-01-11,28.35,28.35,27.92,27.96,41759.0,,raw
2023-01-12,28.01,28.27,27.83,28.11,41389.0,,raw
2023-01-13,28.11,28.19,27.7,27.82,49455.0,,raw
2023-01-16,27.87,28.5,27.71,28.21,58294.0,,raw
2023-01-17,28.3,28.56,28.17,28.32,48470.0,,raw
2023-01-18,28.32,28.86,28.11,28.7,60343.0,,raw
2023-01-19,28.7,28.94,28.56,28.86,46517.0,,raw
2023-01-20,28.96,29.29,28.73,28.99,57322.0,,raw
2023-01-30,29.4,29.45,28.82,28.91,72234.0,,raw
2023-01-31,29.5,29.97,29.08,29.1,123894.0,,raw
2023-02-01,30.0,30.3,29.22,29.83,125566.0,,raw
2023-02-02,30.1,30.67,29.75,30.35,156886.0,,raw
2023-02-03,30.38,31.7,30.3,31.56,217365.0,,raw
2023-02-06,31.93,32.3,31.35,32.04,213555.0,,raw
2023-02-07,32.57,34.61,32.5,33.83,398733.0,,raw
2023-02-08,34.21,34.89,33.0,33.1,206069.0,,raw
2023-02-09,33.0,35.46,32.25,35.18,368725.0,,raw
2023-02-10,35.2,36.88,34.35,34.95,468958.0,,raw
2023-02-13,35.29,36.38,34.83,35.98,335379.0,,raw
2023-02-14,35.58,36.45,34.79,35.15,281984.0,,raw
2023-02-15,34.86,36.65,34.6,35.78,340292.0,,raw
2023-02-16,35.53,36.6,34.7,35.04,253962.0,,raw
2023-02-17,34.83,34.89,33.17,33.35,284333.0,,raw
2023-02-20,33.4,34.28,33.3,34.2,177241.0,,raw
2023-02-21,34.2,34.41,33.53,33.72,115232.0,,raw
2023-02-22,33.57,34.33,33.38,33.7,109891.0,,raw
2023-02-23,33.55,33.94,33.35,33.5,76059.0,,raw
2023-02-24,33.77,35.38,33.77,34.87,262287.0,,raw
2023-02-27,34.76,35.27,34.39,34.58,123274.0,,raw
2023-02-28,35.88,36.78,35.01,35.5,279870.0,,raw
2023-03-01,35.51,36.5,35.3,35.91,267576.0,,raw
2023-03-02,35.8,37.77,35.66,36.62,316350.0,,raw
2023-03-03,35.67,36.34,35.08,35.43,273963.0,,raw
2023-03-06,35.25,36.48,35.25,35.57,193422.0,,raw
2023-03-07,35.31,35.8,34.37,34.41,184152.0,,raw
2023-03-08,34.5,34.97,34.0,34.63,146436.0,,raw
2023-03-09,34.31,34.92,33.98,34.43,116466.0,,raw
2023-03-10,34.05,35.1,33.96,34.32,141098.0,,raw
2023-03-13,34.21,35.17,33.74,34.76,173620.0,,raw
2023-03-14,34.43,35.35,33.55,33.55,234818.0,,raw
2023-03-15,33.86,34.18,32.72,32.86,183571.0,,raw
2023-03-16,32.63,33.23,32.36,32.63,118812.0,,raw
2023-03-17,32.88,35.45,32.8,34.61,270241.0,,raw
2023-03-20,34.65,37.38,34.62,35.82,405273.0,,raw
2023-03-21,36.0,37.2,35.12,36.83,278905.0,,raw
2023-03-22,36.95,44.2,36.95,44.2,777000.0,,raw
2023-03-23,45.76,51.5,45.25,50.0,924590.0,,raw
2023-03-24,51.15,52.82,49.32,52.23,858604.0,,raw
2023-03-27,51.0,57.04,50.8,56.04,799712.0,,raw
2023-03-28,54.7,56.05,53.3,53.81,586153.0,,raw
2023-03-29,54.0,57.78,53.88,55.55,646732.0,,raw
2023-03-30,55.08,56.49,52.0,55.0,530936.0,,raw
2023-03-31,54.61,60.2,53.61,58.9,609150.0,,raw
2023-04-03,60.6,68.55,59.6,67.24,767535.0,,raw
2023-04-04,66.08,69.75,65.01,67.1,556282.0,,raw
2023-04-06,66.99,73.31,65.61,67.0,690544.0,,raw
2023-04-07,67.71,71.7,66.51,70.5,494901.0,,raw
2023-04-10,71.0,77.88,67.87,70.18,601379.0,,raw
2023-04-11,69.05,72.0,65.98,68.3,552441.0,,raw
2023-04-12,66.91,69.66,65.0,68.57,482323.0,,raw
2023-04-13,70.66,71.98,63.8,64.73,579238.0,,raw
2023-04-14,65.57,67.23,63.77,66.51,473816.0,,raw
2023-04-17,65.3,66.26,63.86,64.68,319455.0,,raw
2023-04-18,65.02,77.62,64.4,74.48,798156.0,,raw
2023-04-19,74.48,78.52,74.0,75.62,645767.0,,raw
2023-04-20,76.58,82.0,76.01,81.0,616850.0,,raw
2023-04-21,79.99,81.37,77.0,78.19,472219.0,,raw
2023-04-24,80.57,89.16,80.56,85.41,645325.0,,raw
2023-04-25,83.19,86.88,78.6,80.89,653017.0,,raw
2023-04-26,81.91,85.53,78.38,79.45,664904.0,,raw
2023-04-27,75.75,82.5,75.31,78.49,598639.0,,raw
2023-04-28,79.56,91.11,78.83,90.0,662410.0,,raw
2023-05-04,86.5,87.8,81.68,85.2,576000.0,,raw
2023-05-05,86.08,87.56,75.88,78.39,591266.0,,raw
2023-05-08,78.2,81.63,74.01,77.44,482677.0,,raw
2023-05-09,77.55,84.8,77.55,81.94,473712.0,,raw
2023-05-10,83.37,84.69,74.17,75.8,535088.0,,raw
2023-05-11,75.56,76.8,72.2,72.54,440698.0,,raw
2023-05-12,72.45,76.79,72.05,75.83,430434.0,,raw
2023-05-15,77.0,79.87,72.49,79.6,465991.0,,raw
2023-05-16,79.16,79.79,75.93,76.82,394401.0,,raw
2023-05-17,77.0,82.52,76.02,79.01,434806.0,,raw
2023-05-18,88.5,94.81,85.55,94.81,561366.0,,raw
2023-05-19,96.01,99.59,90.81,93.55,785144.0,,raw
2023-05-22,93.55,93.88,87.36,89.89,480796.0,,raw
2023-05-23,90.25,92.42,86.97,87.2,529941.0,,raw
2023-05-24,85.3,92.21,85.08,87.67,571798.0,,raw
2023-05-25,95.88,99.89,90.0,93.18,765341.0,,raw
2023-05-26,93.26,99.35,91.3,91.45,609410.0,,raw
2023-05-29,94.38,102.38,94.01,96.0,624194.0,,raw
2023-05-30,98.75,110.0,96.13,109.0,646267.0,,raw
2023-05-31,106.03,108.09,102.3,107.5,460506.0,,raw
2023-06-01,105.0,110.99,104.0,108.04,383390.0,,raw
2023-06-02,111.15,112.8,104.21,106.7,288436.0,,raw
2023-06-05,105.0,115.38,105.0,111.2,388505.0,,raw
2023-06-06,112.0,113.5,106.18,107.31,320564.0,,raw
2023-06-07,107.1,111.1,105.53,108.11,284178.0,,raw
2023-06-08,106.1,109.59,103.27,106.72,343757.0,,raw
2023-06-09,106.7,118.5,103.5,115.2,579818.0,,raw
2023-06-12,115.2,122.64,114.0,121.5,401497.0,,raw
2023-06-13,120.0,123.98,118.04,121.55,279625.0,,raw
2023-06-14,124.0,134.56,121.7,129.55,409320.0,,raw
2023-06-15,133.9,139.88,132.0,134.79,440665.0,,raw
2023-06-16,136.35,156.5,132.64,155.0,458447.0,,raw
2023-06-19,158.09,164.8,153.46,160.01,491894.0,,raw
2023-06-20,160.01,170.0,156.1,170.0,452094.0,,raw
2023-06-21,165.66,166.0,157.05,159.9,473777.0,,raw
2023-06-26,156.56,158.0,145.24,148.0,622281.0,,raw
2023-06-27,147.44,149.89,144.99,147.2,366486.0,,raw
2023-06-28,139.01,145.5,132.96,141.98,474849.0,,raw
2023-06-29,144.0,149.8,143.5,148.01,461718.0,,raw
2023-06-30,145.0,154.58,144.02,147.45,486622.0,,raw
2023-07-03,147.78,148.6,138.89,146.0,413579.0,,raw
2023-07-04,146.51,150.33,145.0,146.52,310201.0,,raw
2023-07-05,146.01,146.52,138.72,138.96,341397.0,,raw
2023-07-06,138.78,145.56,137.7,139.8,323412.0,,raw
2023-07-07,144.59,150.62,136.23,146.99,507938.0,,raw
2023-07-10,145.22,146.89,137.04,143.6,419946.0,,raw
2023-07-11,145.98,148.8,142.58,148.5,345456.0,,raw
2023-07-12,149.5,152.0,138.79,138.79,465962.0,,raw
2023-07-13,141.84,154.7,141.84,154.2,536983.0,,raw
2023-07-14,156.66,159.6,151.11,155.39,539874.0,,raw
2023-07-17,154.1,164.95,153.93,157.71,405983.0,,raw
2023-07-18,160.08,160.5,149.99,151.29,311922.0,,raw
2023-07-19,154.0,155.96,148.92,149.0,221403.0,,raw
2023-07-20,147.5,148.4,129.55,130.0,671198.0,,raw
2023-07-21,130.01,131.73,125.71,130.24,527382.0,,raw
2023-07-24,130.16,135.93,128.88,131.0,393842.0,,raw
2023-07-25,133.16,140.98,130.01,134.25,447119.0,,raw
2023-07-26,134.42,135.58,127.03,129.04,400397.0,,raw
2023-07-27,127.1,131.1,126.11,127.9,253277.0,,raw
2023-07-28,126.63,131.19,124.6,126.9,341067.0,,raw
2023-07-31,124.08,131.45,124.0,128.0,372555.0,,raw
2023-08-01,128.0,135.99,127.66,134.8,484146.0,,raw
2023-08-02,134.0,135.99,130.52,133.8,264234.0,,raw
2023-08-03,130.38,135.49,128.33,130.51,301570.0,,raw
2023-08-04,130.03,141.03,129.51,139.95,458229.0,,raw
2023-08-07,141.0,146.66,138.88,141.75,413930.0,,raw
2023-08-08,141.75,144.43,134.5,134.51,303276.0,,raw
2023-08-09,134.18,136.15,126.61,126.84,417352.0,,raw
2023-08-10,124.06,127.19,122.01,124.01,314116.0,,raw
2023-08-11,125.43,127.14,121.98,121.98,209528.0,,raw
2023-08-14,122.7,123.52,120.31,123.52,299863.0,,raw
2023-08-15,129.0,129.88,121.01,121.9,425348.0,,raw
2023-08-16,120.02,123.3,118.11,121.01,313831.0,,raw
2023-08-17,118.8,124.2,117.18,122.25,320164.0,,raw
2023-08-18,121.5,122.5,115.51,115.51,315174.0,,raw
2023-08-21,116.33,120.55,115.3,117.87,255052.0,,raw
2023-08-22,122.1,126.55,118.15,126.0,465006.0,,raw
2023-08-23,123.48,123.49,118.1,119.0,286357.0,,raw
2023-08-24,124.0,126.0,119.33,121.0,409584.0,,raw
2023-08-25,113.33,115.14,106.01,106.95,580820.0,,raw
2023-08-28,114.0,116.06,110.1,111.5,487689.0,,raw
2023-08-29,113.0,121.0,109.53,115.19,439491.0,,raw
2023-08-30,116.1,119.59,113.38,116.0,313843.0,,raw
2023-08-31,114.0,116.34,113.75,114.62,193111.0,,raw
2023-09-01,113.9,115.29,110.85,112.15,209959.0,,raw
2023-09-04,112.96,113.48,110.75,112.35,165719.0,,raw
2023-09-05,111.9,111.9,108.12,109.01,214383.0,,raw
2023-09-06,109.12,110.95,106.8,109.7,198480.0,,raw
2023-09-07,109.1,110.75,106.11,106.31,239296.0,,raw
2023-09-08,103.57,107.2,102.0,105.25,287886.0,,raw
2023-09-11,106.25,112.99,104.52,109.2,379722.0,,raw
2023-09-12,108.08,111.88,107.55,109.92,244787.0,,raw
2023-09-13,109.45,110.9,105.36,106.67,180589.0,,raw
2023-09-14,107.17,108.31,102.5,102.65,246306.0,,raw
2023-09-15,103.39,104.16,97.41,98.68,363809.0,,raw
2023-09-18,99.0,99.59,94.72,95.5,296946.0,,raw
2023-09-19,96.4,99.26,93.69,96.5,265244.0,,raw
2023-09-20,96.49,100.9,96.0,97.15,275470.0,,raw
2023-09-21,96.5,100.32,96.21,97.37,239776.0,,raw
2023-09-22,97.97,112.92,97.5,111.08,647611.0,,raw
2023-09-25,111.08,111.9,106.8,107.5,410389.0,,raw
2023-09-26,109.95,115.77,109.3,111.8,442133.0,,raw
2023-09-27,111.25,116.2,111.25,114.07,276082.0,,raw
2023-09-28,117.88,119.33,114.02,115.8,306391.0,,raw
2023-10-09,115.43,116.98,107.51,111.06,442494.0,,raw
2023-10-10,110.37,112.72,107.98,109.45,255412.0,,raw
2023-10-11,110.55,113.77,107.66,109.73,254655.0,,raw
2023-10-12,111.0,111.42,105.63,106.67,218266.0,,raw
2023-10-13,105.8,106.37,100.9,102.37,294906.0,,raw
2023-10-16,101.35,102.78,99.38,100.01,222840.0,,raw
2023-10-17,101.12,103.5,97.88,100.56,238039.0,,raw
2023-10-18,96.61,98.11,93.22,97.45,345664.0,,raw
2023-10-19,96.77,97.51,94.23,94.64,221355.0,,raw
2023-10-20,96.98,97.17,93.76,94.07,250655.0,,raw
2023-10-23,97.17,99.16,93.7,96.1,390850.0,,raw
2023-10-24,98.2,101.8,94.52,95.8,580028.0,,raw
2023-10-25,91.46,95.64,87.8,88.01,579931.0,,raw
2023-10-26,88.66,90.75,87.61,89.9,349972.0,,raw
2023-10-27,89.01,90.28,87.42,89.41,272731.0,,raw
2023-10-30,89.37,90.8,87.5,89.82,273032.0,,raw
2023-10-31,90.2,90.61,85.91,87.75,277602.0,,raw
2023-11-01,87.2,88.6,85.05,85.22,226990.0,,raw
2023-11-02,86.54,89.33,85.9,85.93,273153.0,,raw
2023-11-03,86.5,91.16,86.5,88.65,383210.0,,raw
2023-11-06,90.44,91.91,89.0,91.42,374255.0,,raw
2023-11-07,90.89,104.0,90.28,99.2,563865.0,,raw
2023-11-08,97.1,98.57,95.71,96.65,356276.0,,raw
2023-11-09,99.0,103.17,98.3,100.99,399700.0,,raw
2023-11-10,100.5,105.2,100.0,101.54,313228.0,,raw
2023-11-13,105.8,108.51,103.8,104.9,378875.0,,raw
2023-11-14,104.91,107.64,102.55,105.01,275454.0,,raw
2023-11-15,108.0,108.0,100.13,104.0,308091.0,,raw
2023-11-16,102.0,103.9,100.01,100.04,236171.0,,raw
2023-11-17,100.09,107.0,100.09,105.59,316933.0,,raw
2023-11-20,103.65,105.57,100.58,102.35,326041.0,,raw
2023-11-21,103.88,107.3,103.09,103.57,292441.0,,raw
2023-11-22,102.0,102.5,97.3,97.36,367765.0,,raw
2023-11-23,96.89,98.5,95.8,98.14,206942.0,,raw
2023-11-24,97.31,97.77,93.86,94.4,200773.0,,raw
2023-11-27,94.01,99.17,94.0,97.88,278191.0,,raw
2023-11-28,96.5,97.09,94.06,94.75,161032.0,,raw
2023-11-29,94.92,95.8,93.45,94.74,159551.0,,raw
2023-11-30,94.1,95.35,93.58,94.92,151676.0,,raw
2023-12-01,94.89,101.54,93.14,100.0,410446.0,,raw
2023-12-04,100.52,105.0,100.1,102.78,354377.0,,raw
2023-12-05,101.88,103.99,100.51,100.8,270608.0,,raw
2023-12-06,100.0,101.5,98.8,100.68,177177.0,,raw
2023-12-07,102.6,105.5,100.22,104.37,323807.0,,raw
2023-12-08,107.86,119.9,106.03,117.5,628438.0,,raw
2023-12-11,117.24,121.0,114.22,120.15,443290.0,,raw
2023-12-12,120.12,121.5,112.0,114.96,438344.0,,raw
2023-12-13,114.15,115.99,113.13,113.4,205264.0,,raw
2023-12-14,115.0,116.88,112.1,112.81,238962.0,,raw
2023-12-15,113.38,114.3,108.56,110.05,201303.0,,raw
2023-12-18,109.12,115.5,108.51,113.39,274000.0,,raw
2023-12-19,114.13,114.89,109.99,113.19,199868.0,,raw
2023-12-20,113.2,113.56,107.55,109.3,238898.0,,raw
2023-12-21,108.21,117.9,107.44,114.19,298798.0,,raw
2023-12-22,112.68,114.66,109.38,110.39,238635.0,,raw
2023-12-25,111.11,113.28,107.68,111.25,152210.0,,raw
2023-12-26,110.59,111.38,105.61,106.96,195585.0,,raw
2023-12-27,107.58,109.01,106.61,107.13,133511.0,,raw
2023-12-28,106.88,110.2,106.4,109.01,199079.0,,raw
2023-12-29,109.11,115.93,109.08,112.91,241047.0,,raw
2024-01-02,112.85,114.78,110.53,110.61,147911.0,,raw
2024-01-03,109.11,109.99,104.89,104.99,221087.0,,raw
2024-01-04,104.7,105.67,102.36,104.0,166507.0,,raw
2024-01-05,103.62,104.5,99.2,100.03,175521.0,,raw
2024-01-08,99.8,101.11,97.82,98.8,132630.0,,raw
2024-01-09,101.78,103.53,100.5,101.32,200011.0,,raw
2024-01-10,101.33,102.71,98.3,100.0,138602.0,,raw
2024-01-11,100.0,104.48,99.91,103.39,192897.0,,raw
2024-01-12,102.63,102.98,99.56,100.56,138420.0,,raw
2024-01-15,99.36,103.6,99.36,101.88,126476.0,,raw
2024-01-16,100.89,101.26,98.4,100.29,169026.0,,raw
2024-01-17,100.66,102.84,99.02,99.02,191932.0,,raw
2024-01-18,97.04,109.95,96.83,109.83,370998.0,,raw
2024-01-19,112.3,113.58,110.39,111.0,318973.0,,raw
2024-01-22,116.0,116.5,110.99,111.6,327150.0,,raw
2024-01-23,111.99,117.26,110.84,114.0,297570.0,,raw
2024-01-24,113.65,114.18,108.98,113.7,269552.0,,raw
2024-01-25,112.48,119.2,111.42,118.35,297010.0,,raw
2024-01-26,117.99,118.0,113.8,115.96,232150.0,,raw
2024-01-29,113.65,113.65,96.7,103.82,426559.0,,raw
2024-01-30,103.0,105.8,100.73,101.2,213968.0,,raw
2024-01-31,100.02,107.89,98.75,102.8,282995.0,,raw
2024-02-01,103.79,116.0,101.55,111.05,351116.0,,raw
2024-02-02,111.88,113.88,107.7,109.85,279578.0,,raw
2024-02-05,108.0,117.43,107.87,112.0,365547.0,,raw
2024-02-06,110.66,124.88,109.8,124.88,354969.0,,raw
2024-02-07,123.1,125.99,121.59,124.61,270580.0,,raw
2024-02-08,127.5,137.0,124.8,127.0,355918.0,,raw
2024-02-19,138.0,152.4,133.86,152.4,415891.0,,raw
2024-02-20,153.0,162.99,151.0,159.5,448372.0,,raw
2024-02-21,152.0,154.03,147.3,149.96,451416.0,,raw
2024-02-22,158.05,159.64,149.47,154.51,419515.0,,raw
2024-02-23,160.0,161.0,147.05,147.73,490341.0,,raw
2024-02-26,142.03,151.41,142.03,149.03,332927.0,,raw
2024-02-27,147.46,164.7,146.02,161.94,451323.0,,raw
2024-02-28,161.0,162.9,149.81,149.81,401106.0,,raw
2024-02-29,153.0,158.8,151.0,155.16,368094.0,,raw
2024-03-01,156.03,163.52,156.03,161.1,378207.0,,raw
2024-03-04,166.11,170.66,160.11,165.66,405035.0,,raw
2024-03-05,163.3,179.9,162.62,169.16,469234.0,,raw
2024-03-06,167.0,170.2,162.84,167.28,304080.0,,raw
2024-03-07,170.0,174.77,164.0,164.14,303689.0,,raw
2024-03-08,168.87,176.93,164.65,174.99,364538.0,,raw
2024-03-11,167.03,170.97,164.28,170.6,341617.0,,raw
2024-03-12,169.8,171.59,159.77,164.85,361905.0,,raw
2024-03-13,171.41,171.88,164.89,165.0,317684.0,,raw
2024-03-14,162.0,172.0,162.0,169.53,311017.0,,raw
2024-03-15,167.0,180.4,165.59,177.36,389742.0,,raw
2024-03-18,178.75,186.08,177.59,179.99,329936.0,,raw
2024-03-19,173.31,176.65,171.45,173.81,332772.0,,raw
2024-03-20,172.0,175.66,166.0,168.96,321580.0,,raw
2024-03-21,169.24,172.66,166.33,167.68,253273.0,,raw
2024-03-22,168.0,170.52,166.36,167.68,226153.0,,raw
2024-03-25,167.96,171.88,164.0,166.51,223357.0,,raw
2024-03-26,165.51,172.78,150.0,158.5,465246.0,,raw
2024-03-27,160.78,161.97,152.76,154.2,290856.0,,raw
2024-03-28,155.01,159.88,151.13,154.69,263309.0,,raw
2024-03-29,153.1,157.0,151.85,156.56,167220.0,,raw
2024-04-01,157.79,163.88,155.77,163.0,217931.0,,raw
2024-04-02,162.0,166.0,160.03,162.55,194556.0,,raw
2024-04-03,159.0,160.55,155.63,156.1,166304.0,,raw
2024-04-08,155.6,169.3,155.6,164.56,259243.0,,raw
2024-04-09,164.0,165.98,160.23,164.9,170383.0,,raw
2024-04-10,162.27,164.88,157.0,159.5,168491.0,,raw
2024-04-11,161.0,164.58,159.79,160.15,148863.0,,raw
2024-04-12,164.0,174.3,163.5,169.33,307351.0,,raw
2024-04-15,167.79,172.54,166.56,169.5,179396.0,,raw
2024-04-16,167.3,172.5,163.05,166.36,187935.0,,raw
2024-04-17,168.33,176.05,166.0,174.61,214536.0,,raw
2024-04-18,170.66,176.3,168.2,173.38,164135.0,,raw
2024-04-19,172.15,175.24,163.9,170.7,214528.0,,raw
2024-04-22,155.0,159.99,150.88,158.36,349183.0,,raw
2024-04-23,158.97,161.86,154.47,157.51,240667.0,,raw
2024-04-24,159.77,169.0,157.86,168.27,276107.0,,raw
2024-04-25,164.9,167.83,163.28,164.15,166718.0,,raw
2024-04-26,170.99,187.98,170.6,184.86,406578.0,,raw
2024-04-29,187.96,190.0,185.52,187.7,249760.0,,raw
2024-04-30,187.5,192.88,186.1,186.31,165901.0,,raw
2024-05-06,191.0,192.61,182.85,183.22,198702.0,,raw
2024-05-07,187.78,188.72,172.1,176.79,308644.0,,raw
2024-05-08,175.5,177.93,173.5,174.8,160688.0,,raw
2024-05-09,173.9,174.6,168.22,173.18,182080.0,,raw
2024-05-10,170.8,172.68,166.68,171.2,153239.0,,raw
2024-05-13,172.5,176.0,170.46,171.55,166640.0,,raw
2024-05-14,171.86,173.0,164.69,165.43,214661.0,,raw
2024-05-15,165.01,171.21,164.5,166.77,154121.0,,raw
2024-05-16,171.98,174.58,170.0,170.5,232075.0,,raw
2024-05-17,167.8,173.31,164.23,170.58,199081.0,,raw
2024-05-20,169.0,178.85,166.5,176.86,242249.0,,raw
2024-05-21,176.66,180.3,175.75,177.43,133052.0,,raw
2024-05-22,176.0,176.88,172.72,173.17,139400.0,,raw
2024-05-23,178.0,179.67,168.88,173.79,221645.0,,raw
2024-05-24,172.0,179.74,164.98,165.39,273666.0,,raw
2024-05-27,166.11,170.89,165.0,168.39,166951.0,,raw
2024-05-28,167.0,167.39,160.1,161.01,247346.0,,raw
2024-05-29,165.0,166.0,160.47,161.0,157898.0,,raw
2024-05-30,161.1,162.9,158.66,159.97,109585.0,,raw
2024-05-31,157.0,162.68,154.54,157.27,149536.0,,raw
2024-06-03,161.0,171.71,159.33,168.35,285076.0,,raw
2024-06-04,170.0,174.99,169.4,173.0,204402.0,,raw
2024-06-05,172.1,173.5,166.96,166.96,141072.0,,raw
2024-06-06,123.3,129.92,123.3,125.42,405410.0,,raw
2024-06-07,124.1,125.94,118.99,119.51,315917.0,,raw
2024-06-11,118.99,121.66,117.39,119.01,199735.0,,raw
2024-06-12,119.0,121.33,117.02,119.21,166250.0,,raw
2024-06-13,120.87,126.43,119.68,123.7,306309.0,,raw
2024-06-14,125.01,140.48,124.08,138.3,586874.0,,raw
2024-06-17,141.0,144.94,140.5,142.51,378266.0,,raw
2024-06-18,142.58,151.49,142.58,146.91,344578.0,,raw
2024-06-19,149.75,150.24,144.2,146.0,246413.0,,raw
2024-06-20,146.0,148.96,144.66,144.7,208398.0,,raw
2024-06-21,140.5,145.8,140.01,143.0,236958.0,,raw
2024-06-24,145.2,146.49,139.55,140.21,204613.0,,raw
2024-06-25,135.0,137.6,133.55,134.9,264489.0,,raw
2024-06-26,138.0,140.77,137.6,140.0,266283.0,,raw
2024-06-27,137.97,140.0,135.8,136.14,173074.0,,raw
2024-06-28,136.0,141.84,135.75,137.88,228263.0,,raw
2024-07-01,137.35,146.33,137.01,144.9,296493.0,,raw
2024-07-02,144.98,147.66,142.7,145.61,228769.0,,raw
2024-07-03,144.0,144.45,140.1,143.5,151175.0,,raw
2024-07-04,145.8,147.35,143.01,143.01,172767.0,,raw
2024-07-05,143.6,144.28,138.71,141.5,180387.0,,raw
2024-07-08,146.09,147.0,142.39,144.39,203808.0,,raw
2024-07-09,143.89,156.0,142.41,154.33,310068.0,,raw
2024-07-10,154.0,157.97,152.58,157.53,236345.0,,raw
2024-07-11,159.21,159.68,149.3,153.26,290843.0,,raw
2024-07-12,148.11,150.97,146.0,150.12,200312.0,,raw
2024-07-15,148.0,151.37,145.3,149.58,179397.0,,raw
2024-07-16,149.68,150.48,143.8,148.12,252086.0,,raw
2024-07-17,146.98,147.47,140.43,141.71,289923.0,,raw
2024-07-18,136.01,140.51,133.25,140.0,337909.0,,raw
2024-07-19,137.2,139.3,134.96,134.98,224671.0,,raw
2024-07-22,134.0,136.5,132.14,134.6,206271.0,,raw
2024-07-23,137.0,137.08,130.9,130.92,202718.0,,raw
2024-07-24,129.51,135.5,129.19,130.34,221289.0,,raw
2024-07-25,126.7,127.38,120.85,122.27,343554.0,,raw
2024-07-26,122.71,125.8,121.07,124.25,224745.0,,raw
2024-07-29,123.99,131.31,123.16,129.59,269963.0,,raw
2024-07-30,128.0,129.48,125.68,127.66,158539.0,,raw
2024-07-31,126.38,130.0,123.1,129.5,281327.0,,raw
2024-08-01,134.5,135.45,129.51,129.9,279792.0,,raw
2024-08-02,122.38,124.22,118.68,118.98,379676.0,,raw
2024-08-05,113.04,116.8,108.99,110.12,470589.0,,raw
2024-08-06,114.9,117.24,112.92,114.48,333818.0,,raw
2024-08-07,113.0,116.0,112.0,113.32,206353.0,,raw
2024-08-08,110.0,112.29,109.0,110.5,204452.0,,raw
2024-08-09,113.0,115.0,112.28,112.53,255182.0,,raw
2024-08-12,112.35,115.4,112.35,113.35,175290.0,,raw
2024-08-13,115.0,118.49,114.1,116.94,254796.0,,raw
2024-08-14,120.02,120.5,115.78,115.78,206355.0,,raw
2024-08-15,115.76,116.92,113.8,115.1,149763.0,,raw
2024-08-16,118.2,121.89,118.2,119.96,275063.0,,raw
2024-08-19,121.2,123.65,119.45,121.64,187254.0,,raw
2024-08-20,123.99,125.18,121.25,121.69,169605.0,,raw
2024-08-21,120.2,123.77,120.0,122.22,133815.0,,raw
2024-08-22,122.46,123.27,120.47,121.39,106735.0,,raw
2024-08-23,120.99,121.48,118.5,119.92,122754.0,,raw
2024-08-26,121.8,122.37,112.86,114.34,263663.0,,raw
2024-08-27,113.51,115.58,111.72,113.25,163776.0,,raw
2024-08-28,113.0,115.51,111.23,112.56,148952.0,,raw
2024-08-29,106.77,107.5,102.3,106.64,374851.0,,raw
2024-08-30,106.42,110.9,106.33,108.9,312595.0,,raw
2024-09-02,108.55,109.37,104.0,104.13,220858.0,,raw
2024-09-03,104.15,106.11,103.2,105.31,130149.0,,raw
2024-09-04,99.0,103.16,98.0,101.9,312259.0,,raw
2024-09-05,101.89,104.01,100.41,101.67,186346.0,,raw
2024-09-06,101.0,102.21,99.19,99.42,144856.0,,raw
2024-09-09,98.6,102.3,97.76,102.0,194696.0,,raw
2024-09-10,102.2,108.73,101.34,106.43,330988.0,,raw
2024-09-11,108.38,109.15,105.56,106.18,196116.0,,raw
2024-09-12,111.0,112.0,107.9,108.0,221984.0,,raw
2024-09-13,108.3,116.7,108.27,115.94,352840.0,,raw
2024-09-18,114.0,116.22,113.01,113.64,151176.0,,raw
2024-09-19,114.12,114.59,106.66,110.03,273385.0,,raw
2024-09-20,111.9,112.5,108.18,109.0,160763.0,,raw
2024-09-23,108.18,111.21,107.49,108.9,126153.0,,raw
2024-09-24,109.13,122.17,109.13,122.16,360207.0,,raw
2024-09-25,125.69,126.5,121.61,121.99,286312.0,,raw
2024-09-26,123.01,129.98,121.7,129.68,268390.0,,raw
2024-09-27,128.79,137.68,126.06,133.6,495555.0,,raw
2024-09-30,136.0,155.5,132.0,154.86,613065.0,,raw
2024-10-08,185.8,185.83,161.7,185.83,749893.0,,raw
2024-10-09,175.11,185.57,163.5,166.4,657548.0,,raw
2024-10-10,168.2,169.69,157.0,162.71,463609.0,,raw
2024-10-11,159.01,168.3,156.69,159.64,351761.0,,raw
2024-10-14,159.0,162.58,152.35,162.0,422674.0,,raw
2024-10-15,161.0,167.06,157.68,157.8,326374.0,,raw
2024-10-16,151.86,154.73,147.66,148.7,378805.0,,raw
2024-10-17,151.0,153.5,148.75,150.5,251067.0,,raw
2024-10-18,150.0,177.0,149.66,168.0,586464.0,,raw
2024-10-21,166.4,171.8,159.11,164.97,547727.0,,raw
2024-10-22,169.0,170.33,163.5,170.0,407264.0,,raw
2024-10-23,160.0,162.62,155.7,156.16,605579.0,,raw
2024-10-24,154.85,165.98,154.5,157.1,440364.0,,raw
2024-10-25,158.89,159.81,153.65,156.36,389426.0,,raw
2024-10-28,156.37,156.75,148.1,150.54,408521.0,,raw
2024-10-29,147.9,148.0,143.07,143.47,498015.0,,raw
2024-10-30,143.0,145.5,139.32,141.25,368389.0,,raw
2024-10-31,140.0,146.28,138.8,143.02,374541.0,,raw
2024-11-01,141.48,145.86,139.51,140.73,295208.0,,raw
2024-11-04,141.99,146.9,140.99,143.15,260752.0,,raw
2024-11-05,143.15,148.83,142.5,148.29,443240.0,,raw
2024-11-06,148.35,149.2,142.01,142.9,418908.0,,raw
2024-11-07,138.97,147.78,136.36,145.08,421563.0,,raw
2024-11-08,147.51,151.22,142.21,142.21,494000.0,,raw
2024-11-11,141.0,147.2,138.02,144.9,434024.0,,raw
2024-11-12,145.01,150.77,142.51,147.5,545816.0,,raw
2024-11-13,146.52,158.08,144.1,156.3,670281.0,,raw
2024-11-14,154.75,156.57,148.09,148.81,396361.0,,raw
2024-11-15,148.81,152.88,140.2,140.5,379955.0,,raw
2024-11-18,139.0,139.96,130.88,132.01,407716.0,,raw
2024-11-19,133.33,136.67,129.87,134.8,298371.0,,raw
2024-11-20,135.49,141.49,135.38,138.14,336938.0,,raw
2024-11-21,136.01,138.3,131.25,133.8,323285.0,,raw
2024-11-22,133.8,138.98,131.78,132.28,301188.0,,raw
2024-11-25,132.5,133.8,122.5,125.0,430137.0,,raw
2024-11-26,124.0,129.0,123.5,127.04,310497.0,,raw
2024-11-27,126.0,130.49,124.41,128.69,246176.0,,raw
2024-11-28,127.42,127.89,124.3,124.79,252412.0,,raw
2024-11-29,125.0,129.86,124.53,126.73,284905.0,,raw
2024-12-02,127.99,134.16,127.45,132.03,347663.0,,raw
2024-12-03,132.0,133.2,128.88,130.0,199422.0,,raw
2024-12-04,129.58,131.38,127.3,128.02,185633.0,,raw
2024-12-05,129.11,134.46,128.95,131.84,317611.0,,raw
2024-12-06,132.06,134.2,130.79,131.51,202956.0,,raw
2024-12-09,131.55,131.59,123.41,125.1,376291.0,,raw
2024-12-10,128.85,128.86,121.52,123.15,450225.0,,raw
2024-12-11,122.0,126.19,120.11,125.13,327307.0,,raw
2024-12-12,125.0,131.62,124.88,130.17,450174.0,,raw
2024-12-13,130.0,131.38,125.16,127.1,346546.0,,raw
2024-12-16,127.97,128.23,122.28,122.8,291855.0,,raw
2024-12-17,123.0,130.47,122.55,125.99,412614.0,,raw
2024-12-18,127.2,127.5,122.66,123.43,265389.0,,raw
2024-12-19,122.18,127.53,121.8,127.04,310959.0,,raw
2024-12-20,126.31,129.99,126.31,127.1,294910.0,,raw
2024-12-23,129.5,135.76,128.28,132.59,521949.0,,raw
2024-12-24,133.01,134.2,128.18,131.61,350993.0,,raw
2024-12-25,131.22,137.94,130.69,134.99,363559.0,,raw
2024-12-26,135.87,141.5,133.56,140.8,428982.0,,raw
2024-12-27,141.11,141.56,135.73,136.85,333322.0,,raw
2024-12-30,138.0,138.3,130.08,131.18,365015.0,,raw
2024-12-31,130.96,131.0,123.5,123.51,393877.0,,raw
2025-01-02,122.8,125.8,120.7,122.11,268596.0,,raw
2025-01-03,122.51,124.7,121.0,123.01,267897.0,,raw
2025-01-06,124.88,128.28,124.5,125.49,263932.0,,raw
2025-01-07,126.36,128.6,123.6,128.35,292006.0,,raw
2025-01-08,125.88,125.9,121.72,124.22,286371.0,,raw
2025-01-09,123.01,123.7,121.48,121.51,293510.0,,raw
2025-01-10,121.44,121.44,112.8,113.13,530303.0,,raw
2025-01-13,110.2,114.08,109.69,110.8,357467.0,,raw
2025-01-14,110.9,114.5,108.78,114.35,383434.0,,raw
2025-01-15,113.21,113.38,110.23,110.54,293297.0,,raw
2025-01-16,111.88,120.37,110.7,119.49,710478.0,,raw
2025-01-17,120.0,120.58,115.15,116.9,446539.0,,raw
2025-01-20,117.96,121.4,117.84,119.16,390652.0,,raw
2025-01-21,122.0,122.96,118.38,119.56,382739.0,,raw
2025-01-22,121.88,133.95,121.6,132.0,844803.0,,raw
2025-01-23,132.58,134.67,127.31,127.75,608420.0,,raw
2025-01-24,127.14,129.96,126.24,128.25,411116.0,,raw
2025-01-27,123.0,123.0,114.82,114.82,681942.0,,raw
2025-02-05,109.0,109.0,95.82,98.25,971081.0,,raw
2025-02-06,100.79,101.28,98.03,101.0,654658.0,,raw
2025-02-07,102.0,109.4,101.71,107.78,762699.0,,raw
2025-02-10,110.66,111.47,107.81,110.62,505152.0,,raw
2025-02-11,111.02,113.88,109.6,111.5,438795.0,,raw
2025-02-12,110.7,111.99,110.0,111.9,354246.0,,raw
2025-02-13,111.0,111.33,108.06,108.12,394350.0,,raw
2025-02-14,109.77,111.33,106.05,107.43,362389.0,,raw
2025-02-17,108.61,117.86,108.6,115.56,715224.0,,raw
2025-02-18,114.41,116.98,113.02,113.59,459562.0,,raw
2025-02-19,114.15,114.66,111.46,114.24,377064.0,,raw
2025-02-20,114.21,116.24,112.61,114.44,353730.0,,raw
2025-02-21,115.89,120.7,114.8,118.73,574486.0,,raw
2025-02-24,118.0,118.0,114.01,114.5,520554.0,,raw
2025-02-25,111.01,113.12,110.5,111.35,457928.0,,raw
2025-02-26,110.76,112.36,108.01,112.22,494340.0,,raw
2025-02-27,113.8,114.83,107.53,108.18,527821.0,,raw
2025-02-28,103.0,103.97,100.22,100.87,555441.0,,raw
2025-03-03,102.44,104.48,100.12,102.77,426040.0,,raw
2025-03-04,98.28,103.28,97.8,102.46,321353.0,,raw
2025-03-05,102.98,104.97,102.39,103.46,252249.0,,raw
2025-03-06,104.0,106.48,102.8,105.17,409559.0,,raw
2025-03-07,103.77,103.79,101.86,102.24,327768.0,,raw
2025-03-10,102.24,103.1,101.0,102.38,240640.0,,raw
2025-03-11,100.0,101.81,99.4,101.78,205600.0,,raw
2025-03-12,102.7,103.58,101.81,102.36,256009.0,,raw
2025-03-13,103.75,104.88,101.8,102.49,271436.0,,raw
2025-03-14,102.0,104.77,101.3,103.99,367064.0,,raw
2025-03-17,105.0,105.81,104.0,104.26,264415.0,,raw
2025-03-18,104.23,109.87,102.81,108.86,652396.0,,raw
2025-03-19,106.68,106.68,104.78,104.98,352791.0,,raw
2025-03-20,105.3,106.5,104.81,105.0,198893.0,,raw
2025-03-21,104.32,104.96,102.11,102.45,227333.0,,raw
2025-03-24,102.12,103.95,101.32,102.88,229785.0,,raw
2025-03-25,103.69,104.8,101.93,102.0,207223.0,,raw
2025-03-26,101.94,102.47,101.07,101.08,159092.0,,raw
2025-03-27,99.58,100.48,97.52,99.12,242059.0,,raw
2025-03-28,99.0,99.12,97.41,97.41,201285.0,,raw
2025-03-31,97.0,98.98,96.69,98.64,182507.0,,raw
2025-04-01,99.03,99.39,98.24,98.61,122959.0,,raw
2025-04-02,98.88,101.38,98.32,99.76,218279.0,,raw
2025-04-03,96.88,97.96,93.43,93.88,424985.0,,raw
2025-04-07,80.1,82.5,75.1,75.1,616307.0,,raw
2025-04-08,75.19,76.76,70.47,72.28,692792.0,,raw
2025-04-09,69.98,73.54,67.2,71.99,595501.0,,raw
2025-04-10,80.18,81.5,77.1,77.49,709269.0,,raw
2025-04-11,76.0,79.28,75.91,78.37,428937.0,,raw
2025-04-14,81.0,84.5,80.9,81.54,548927.0,,raw
2025-04-15,81.15,81.38,79.29,80.17,249801.0,,raw
2025-04-16,78.53,78.71,76.66,77.99,266701.0,,raw
2025-04-17,77.09,78.85,77.09,77.61,184925.0,,raw
2025-04-18,77.61,79.27,77.55,79.14,257548.0,,raw
2025-04-21,80.43,82.26,79.15,81.19,332028.0,,raw
2025-04-22,80.0,80.58,79.11,80.07,236164.0,,raw
2025-04-23,82.1,85.34,80.88,83.52,608234.0,,raw
2025-04-24,83.0,84.16,81.26,81.33,306174.0,,raw
2025-04-25,82.5,86.99,82.5,85.27,644758.0,,raw
2025-04-28,85.27,85.52,83.21,83.39,311217.0,,raw
2025-04-29,83.35,84.23,82.42,83.09,207647.0,,raw
2025-04-30,83.25,84.1,82.41,83.49,224421.0,,raw
2025-05-06,85.17,87.19,85.15,86.65,347501.0,,raw
2025-05-07,88.76,89.04,85.64,86.65,314636.0,,raw
2025-05-08,88.86,98.0,88.13,96.49,991735.0,,raw
2025-05-09,94.69,96.46,94.0,94.8,423055.0,,raw
2025-05-12,98.8,99.06,95.1,97.27,468250.0,,raw
2025-05-13,100.8,100.8,96.41,96.43,522157.0,,raw
2025-05-14,98.05,101.09,98.05,98.39,545564.0,,raw
2025-05-15,98.0,98.08,94.1,94.12,434820.0,,raw
2025-05-16,93.4,99.48,93.21,97.83,521695.0,,raw
2025-05-19,96.69,97.4,95.22,95.28,305671.0,,raw
2025-05-20,95.29,97.18,94.4,95.96,264243.0,,raw
2025-05-21,95.63,97.3,94.65,95.73,262242.0,,raw
2025-05-22,95.0,96.78,94.4,94.46,239775.0,,raw
2025-05-23,94.41,95.36,91.7,91.87,273099.0,,raw
2025-05-26,91.99,92.99,90.86,92.36,187616.0,,raw
2025-05-27,90.99,92.18,88.88,90.16,278219.0,,raw
2025-05-28,91.0,92.99,91.0,92.62,306261.0,,raw
2025-05-29,93.6,96.59,93.28,94.94,422422.0,,raw
2025-05-30,93.78,94.38,92.51,93.55,212966.0,,raw
2025-06-03,92.5,93.22,91.75,91.76,183330.0,,raw
2025-06-04,92.99,97.97,92.99,97.3,611625.0,,raw
2025-06-05,97.3,103.58,96.5,102.88,677680.0,,raw
2025-06-06,102.0,104.45,101.25,103.45,468038.0,,raw
2025-06-09,105.31,111.16,105.11,108.55,726916.0,,raw
2025-06-10,108.1,109.73,106.61,107.77,479187.0,,raw
2025-06-11,110.0,110.98,107.08,107.98,343044.0,,raw
2025-06-12,107.1,119.2,107.0,116.0,864869.0,,raw
2025-06-13,114.51,117.89,113.98,116.65,474889.0,,raw
2025-06-16,116.92,123.45,116.9,120.57,593699.0,,raw
2025-06-17,121.01,122.2,117.9,119.36,358237.0,,raw
2025-06-18,118.51,125.6,116.1,125.06,678263.0,,raw
2025-06-19,124.56,130.79,123.6,128.3,625735.0,,raw
2025-06-20,130.0,131.18,124.77,129.5,493005.0,,raw
2025-06-23,127.3,129.33,122.68,127.09,535024.0,,raw
2025-06-24,128.38,129.97,124.3,125.25,450006.0,,raw
2025-06-25,127.0,128.69,123.2,125.73,492457.0,,raw
2025-06-26,127.6,133.18,127.08,129.7,599787.0,,raw
2025-06-27,129.17,140.27,126.56,138.4,662779.0,,raw
2025-06-30,141.5,146.6,138.01,145.86,752144.0,,raw
2025-07-01,143.59,146.78,142.75,145.3,319591.0,,raw
2025-07-02,142.5,142.6,138.13,138.93,365771.0,,raw
2025-07-03,141.47,143.84,139.49,142.26,383979.0,,raw
2025-07-04,143.11,145.18,138.55,139.45,418745.0,,raw
2025-07-07,137.5,139.77,130.21,135.15,575204.0,,raw
2025-07-08,134.76,145.26,133.82,144.88,532241.0,,raw
2025-07-09,145.0,149.36,144.05,145.3,415096.0,,raw
2025-07-10,146.52,148.68,142.0,146.59,435404.0,,raw
2025-07-11,144.74,147.88,142.55,145.28,310989.0,,raw
2025-07-14,144.33,150.5,144.33,149.82,388532.0,,raw
2025-07-15,155.3,174.99,155.3,174.81,924064.0,,raw
2025-07-16,179.8,181.97,169.67,170.76,905852.0,,raw
2025-07-17,169.19,178.99,169.17,176.85,604631.0,,raw
2025-07-18,181.18,192.01,179.0,180.62,611562.0,,raw
2025-07-21,179.89,188.4,177.18,187.95,596835.0,,raw
2025-07-22,187.1,197.1,181.4,184.44,592913.0,,raw
2025-07-23,179.0,187.88,176.0,186.18,405784.0,,raw
2025-07-24,190.5,192.96,181.67,185.2,442080.0,,raw
2025-07-25,186.0,189.9,184.51,185.22,287877.0,,raw
2025-07-28,186.0,193.23,184.2,191.87,438948.0,,raw
2025-07-29,198.01,210.99,198.01,209.93,584404.0,,raw
2025-07-30,207.06,211.8,203.59,210.6,390506.0,,raw
2025-07-31,221.0,228.6,215.93,217.61,644066.0,,raw
2025-08-01,212.52,220.88,207.63,210.63,475947.0,,raw
2025-08-04,207.53,210.34,204.5,208.42,330837.0,,raw
2025-08-05,216.5,218.37,203.5,210.92,414138.0,,raw
2025-08-06,206.71,213.58,206.61,210.52,255302.0,,raw
2025-08-07,210.52,216.0,197.2,208.46,453077.0,,raw
2025-08-08,207.0,213.88,205.0,209.3,327315.0,,raw
2025-08-11,210.0,220.5,209.99,214.75,350763.0,,raw
2025-08-12,215.0,226.39,213.0,225.68,430829.0,,raw
2025-08-13,226.75,252.96,224.0,252.0,551265.0,,raw
2025-08-14,246.4,248.09,239.4,239.47,407601.0,,raw
2025-08-15,241.47,245.45,235.11,238.05,350541.0,,raw
2025-08-18,241.62,268.0,238.08,260.0,469850.0,,raw
2025-08-19,260.0,277.58,258.9,275.5,409789.0,,raw
2025-08-20,261.99,269.0,257.41,267.79,408197.0,,raw
2025-08-21,272.8,274.6,256.1,265.22,394436.0,,raw
2025-08-22,259.11,280.88,259.0,278.9,382582.0,,raw
2025-08-25,288.0,320.0,288.0,320.0,498061.0,,raw
2025-08-26,313.6,322.8,306.0,314.0,361919.0,,raw
2025-08-27,320.0,345.9,311.31,325.1,610746.0,,raw
2025-08-28,322.87,359.58,322.45,359.03,583916.0,,raw
2025-08-29,352.0,367.7,344.97,354.92,490333.0,,raw
2025-09-01,372.75,413.8,364.0,406.1,598651.0,,raw
2025-09-02,402.02,419.6,373.87,384.0,784127.0,,raw
2025-09-03,392.0,429.99,379.1,426.19,712352.0,,raw
2025-09-04,436.0,448.0,363.88,369.14,939057.0,,raw
2025-09-05,378.02,418.88,361.72,407.0,792551.0,,raw
2025-09-08,394.0,394.0,344.0,369.99,741116.0,,raw
2025-09-09,365.02,372.61,347.0,359.29,480631.0,,raw
2025-09-10,378.0,395.48,370.58,385.0,620102.0,,raw
2025-09-11,402.19,443.99,402.19,439.97,656802.0,,raw
2025-09-12,417.0,431.99,410.0,422.09,472506.0,,raw
2025-09-15,410.0,419.97,397.64,408.02,357525.0,,raw
2025-09-16,410.03,421.97,396.22,411.42,442533.0,,raw
2025-09-17,405.0,412.98,391.11,406.2,324316.0,,raw
2025-09-18,394.21,429.99,389.21,409.4,561608.0,,raw
2025-09-19,415.4,425.0,400.03,421.5,466536.0,,raw
2025-09-22,417.29,421.8,394.68,418.0,412685.0,,raw
2025-09-23,447.01,457.01,418.0,434.29,534440.0,,raw
2025-09-24,416.01,435.0,410.0,423.5,393386.0,,raw
2025-09-25,416.01,442.96,404.0,434.6,505592.0,,raw
2025-09-26,429.05,442.3,413.7,413.7,351118.0,,raw
2025-09-29,410.12,433.17,403.09,416.75,429059.0,,raw
2025-09-30,418.51,435.0,398.06,403.68,392893.0,,raw
2025-10-09,419.0,426.66,397.68,398.81,390909.0,,raw
2025-10-10,399.01,407.8,381.01,390.0,384286.0,,raw
2025-10-13,369.0,382.0,361.8,376.99,409313.0,,raw
2025-10-14,385.0,385.94,344.0,346.1,514339.0,,raw
2025-10-15,345.0,357.0,337.0,354.12,353173.0,,raw
2025-10-16,351.14,379.3,350.03,366.97,342568.0,,raw
2025-10-17,367.17,381.91,360.0,373.6,467636.0,,raw
2025-10-20,408.19,421.21,395.58,403.0,601551.0,,raw
2025-10-21,410.0,451.48,405.0,441.5,565179.0,,raw
2025-10-22,436.09,457.5,436.09,444.3,397499.0,,raw
2025-10-23,441.08,443.0,425.7,440.88,276011.0,,raw
2025-10-24,450.0,495.65,437.1,494.0,491025.0,,raw
2025-10-27,503.98,515.0,495.56,508.94,450724.0,,raw
2025-10-28,503.3,536.0,501.0,513.0,417961.0,,raw
2025-10-29,538.01,542.01,506.16,520.72,417271.0,,raw
2025-10-30,516.51,538.0,509.0,514.74,453310.0,,raw
2025-10-31,503.0,509.0,472.0,473.01,563013.0,,raw
2025-11-03,470.67,483.4,457.51,480.0,398409.0,,raw
2025-11-04,489.6,504.29,473.88,477.8,360854.0,,raw
2025-11-05,462.02,480.0,458.79,477.01,264088.0,,raw
2025-11-06,488.0,507.88,482.27,496.88,373251.0,,raw
2025-11-07,491.0,499.79,479.0,490.05,243100.0,,raw
2025-11-10,488.88,495.88,460.0,490.0,352111.0,,raw
2025-11-11,493.68,499.66,464.0,468.05,325131.0,,raw
2025-11-12,459.63,492.39,450.01,491.75,423022.0,,raw
2025-11-13,489.28,489.28,470.01,481.0,313317.0,,raw
2025-11-14,465.18,473.88,454.22,462.82,247273.0,,raw
2025-11-17,475.2,488.64,468.4,483.2,282466.0,,raw
2025-11-18,474.7,490.8,470.01,472.91,240679.0,,raw
2025-11-19,472.43,499.7,472.0,488.6,337865.0,,raw
2025-11-20,515.0,522.38,490.33,492.0,353522.0,,raw
2025-11-21,472.99,483.0,460.0,464.01,414123.0,,raw
2025-11-24,470.0,476.99,436.96,456.8,464258.0,,raw
2025-11-25,477.01,494.8,470.01,479.66,439365.0,,raw
2025-11-26,475.2,556.88,470.4,543.22,628951.0,,raw
2025-11-27,537.0,558.77,523.36,524.0,437328.0,,raw
2025-11-28,527.2,529.8,508.6,514.5,324657.0,,raw
2025-12-01,524.0,546.5,515.0,538.0,372867.0,,raw
2025-12-02,542.0,551.13,535.5,542.0,271615.0,,raw
2025-12-03,540.54,558.58,522.11,523.73,368328.0,,raw
2025-12-04,517.37,536.53,512.34,535.5,263194.0,,raw
2025-12-05,539.53,545.0,525.0,537.05,282826.0,,raw
2025-12-08,543.0,585.0,539.0,570.0,408224.0,,raw
2025-12-09,570.09,613.0,568.54,606.0,371293.0,,raw
2025-12-10,609.06,620.0,589.5,616.0,302094.0,,raw
2025-12-11,610.0,627.11,585.91,586.81,363531.0,,raw
2025-12-12,587.0,603.88,570.22,582.0,468789.0,,raw
2025-12-15,570.0,588.0,568.0,570.86,300987.0,,raw
2025-12-16,568.8,575.0,545.01,551.79,279702.0,,raw
2025-12-17,557.0,592.07,556.66,589.98,323570.0,,raw
2025-12-18,576.99,579.87,563.43,571.2,241629.0,,raw
2025-12-19,583.34,587.0,570.28,571.7,224429.0,,raw
2025-12-22,590.01,622.0,590.01,617.5,394412.0,,raw
2025-12-23,625.0,628.99,614.0,621.0,233642.0,,raw
2025-12-24,627.64,638.0,617.6,634.4,235091.0,,raw
2025-12-25,645.0,658.8,618.41,639.8,259387.0,,raw
2025-12-26,628.3,636.95,618.0,627.0,213762.0,,raw
2025-12-29,627.64,633.69,612.73,618.0,241126.0,,raw
2025-12-30,618.1,644.34,615.0,632.0,261145.0,,raw
2025-12-31,629.0,633.0,608.0,610.0,225604.0,,raw
