trade_date,open,high,low,close,adj_close,volume,amount,price_type
2017-01-03,10.658,10.738,10.478,10.571,10.571,46749.0,,adjusted
2017-01-04,10.551,10.678,10.405,10.625,10.625,39429.0,,adjusted
2017-01-05,10.671,10.931,10.531,10.605,10.605,53401.0,,adjusted
2017-01-06,10.505,10.565,10.431,10.505,10.505,40995.0,,adjusted
2017-01-09,10.451,10.525,10.238,10.471,10.471,65004.0,,adjusted
2017-01-10,10.438,10.478,10.345,10.378,10.378,37210.0,,adjusted
2017-01-11,10.325,10.425,10.165,10.225,10.225,55791.0,,adjusted
2017-01-12,10.178,10.318,9.978,10.025,10.025,56423.0,,adjusted
2017-01-13,9.965,10.218,9.965,10.058,10.058,54989.0,,adjusted
2017-01-16,10.065,10.271,9.231,9.925,9.925,74716.0,,adjusted
2017-01-17,9.858,10.371,9.858,10.318,10.318,70273.0,,adjusted
2017-01-18,10.305,10.411,10.158,10.298,10.298,37416.0,,adjusted
2017-01-19,10.305,10.358,10.165,10.258,10.258,27359.0,,adjusted
2017-01-20,10.298,10.571,10.225,10.451,10.451,48924.0,,adjusted
2017-01-23,10.451,10.625,10.405,10.485,10.485,49022.0,,adjusted
2017-01-24,10.478,10.698,10.445,10.638,10.638,75570.0,,adjusted
2017-01-25,10.598,10.911,10.558,10.865,10.865,63298.0,,adjusted
2017-01-26,10.845,10.958,10.751,10.838,10.838,43746.0,,adjusted
2017-02-03,10.885,10.911,10.625,10.705,10.705,26872.0,,adjusted
2017-02-06,10.671,10.991,10.638,10.891,10.891,44831.0,,adjusted
2017-02-07,10.905,10.931,10.651,10.698,10.698,44750.0,,adjusted
2017-02-08,10.698,10.778,10.531,10.765,10.765,41465.0,,adjusted
2017-02-09,10.751,10.931,10.751,10.805,10.805,51599.0,,adjusted
2017-02-10,10.858,11.245,10.765,11.158,11.158,101864.0,,adjusted
2017-02-13,11.151,11.338,11.045,11.191,11.191,135053.0,,adjusted
2017-02-14,11.111,11.505,11.071,11.311,11.311,137594.0,,adjusted
2017-02-15,11.278,11.278,10.931,10.958,10.958,73843.0,,adjusted
2017-02-16,10.965,11.358,10.911,11.198,11.198,82586.0,,adjusted
2017-02-17,11.238,11.418,11.071,11.151,11.151,67797.0,,adjusted
2017-02-20,11.231,11.631,11.211,11.498,11.498,89478.0,,adjusted
2017-02-21,11.558,11.871,11.438,11.798,11.798,132923.0,,adjusted
2017-02-22,11.838,11.938,11.571,11.718,11.718,73961.0,,adjusted
2017-02-23,11.645,11.905,11.645,11.731,11.731,77468.0,,adjusted
2017-02-24,11.731,11.945,11.538,11.631,11.631,66335.0,,adjusted
2017-02-27,11.645,12.051,11.451,11.638,11.638,124366.0,,adjusted
2017-02-28,11.691,11.711,11.485,11.558,11.558,48987.0,,adjusted
2017-03-01,11.605,11.925,11.478,11.838,11.838,86012.0,,adjusted
2017-03-02,11.878,11.891,11.705,11.711,11.711,60309.0,,adjusted
2017-03-03,11.651,11.838,11.458,11.705,11.705,78070.0,,adjusted
2017-03-06,11.651,12.291,11.638,12.278,12.278,166139.0,,adjusted
2017-03-07,12.278,12.365,12.025,12.231,12.231,124060.0,,adjusted
2017-03-08,12.165,12.231,11.998,12.091,12.091,62980.0,,adjusted
2017-03-09,12.031,12.138,11.691,11.811,11.811,119756.0,,adjusted
2017-03-10,11.825,11.905,11.685,11.805,11.805,51200.0,,adjusted
2017-03-13,11.805,12.598,11.798,12.518,12.518,176872.0,,adjusted
2017-03-14,12.438,12.578,12.171,12.238,12.238,88966.0,,adjusted
2017-03-15,12.211,12.418,12.178,12.278,12.278,43244.0,,adjusted
2017-03-16,12.305,12.598,12.245,12.385,12.385,60083.0,,adjusted
2017-03-17,12.418,12.538,12.085,12.091,12.091,78887.0,,adjusted
2017-03-20,12.085,12.105,11.845,12.078,12.078,82021.0,,adjusted
2017-03-21,12.025,12.311,11.918,12.105,12.105,51575.0,,adjusted
2017-03-22,11.918,11.958,11.705,11.871,11.871,124231.0,,adjusted
2017-03-23,11.871,12.205,11.778,11.905,11.905,102162.0,,adjusted
2017-03-24,11.998,12.438,11.805,12.291,12.291,120172.0,,adjusted
2017-03-27,12.298,12.425,11.985,11.991,11.991,98293.0,,adjusted
2017-03-28,11.931,12.118,11.838,11.918,11.918,77605.0,,adjusted
2017-03-29,11.958,12.185,11.771,11.778,11.778,90902.0,,adjusted
2017-03-30,11.718,11.891,11.638,11.638,11.638,66822.0,,adjusted
2017-03-31,11.731,11.865,11.658,11.738,11.738,56151.0,,adjusted
2017-04-05,11.771,12.298,11.771,12.151,12.151,94983.0,,adjusted
2017-04-06,12.238,12.305,12.085,12.225,12.225,60456.0,,adjusted
2017-04-07,12.171,12.571,12.071,12.418,12.418,115507.0,,adjusted
2017-04-10,12.505,12.671,12.305,12.431,12.431,116418.0,,adjusted
2017-04-11,12.538,12.538,12.171,12.438,12.438,85550.0,,adjusted
2017-04-12,12.571,12.758,12.438,12.531,12.531,65107.0,,adjusted
2017-04-13,12.538,12.805,12.245,12.585,12.585,84642.0,,adjusted
2017-04-14,12.545,12.931,12.445,12.638,12.638,91317.0,,adjusted
2017-04-17,12.651,13.025,12.611,12.905,12.905,81657.0,,adjusted
2017-04-18,12.905,13.085,12.305,12.305,12.305,133237.0,,adjusted
2017-04-19,12.305,12.571,12.171,12.525,12.525,96109.0,,adjusted
2017-04-20,12.525,12.765,12.251,12.398,12.398,91388.0,,adjusted
2017-04-21,12.425,12.931,12.358,12.811,12.811,102162.0,,adjusted
2017-04-24,12.811,12.918,12.271,12.665,12.665,86118.0,,adjusted
2017-04-25,12.571,13.138,12.571,12.891,12.891,108367.0,,adjusted
2017-04-26,12.945,13.371,12.858,13.051,13.051,108076.0,,adjusted
2017-04-27,13.038,13.038,12.431,12.925,12.925,83642.0,,adjusted
2017-04-28,12.885,13.138,12.658,12.765,12.765,75718.0,,adjusted
2017-05-02,12.738,13.065,12.651,13.018,13.018,56829.0,,adjusted
2017-05-03,12.978,13.071,12.598,12.645,12.645,70340.0,,adjusted
2017-05-04,12.585,12.965,12.458,12.911,12.911,83117.0,,adjusted
2017-05-05,12.911,12.958,12.471,12.478,12.478,83314.0,,adjusted
2017-05-08,12.438,12.438,11.705,11.705,11.705,164546.0,,adjusted
2017-05-09,11.698,12.098,11.145,11.965,11.965,136580.0,,adjusted
2017-05-10,11.865,12.158,11.651,11.685,11.685,73240.0,,adjusted
2017-05-11,11.665,11.938,11.438,11.898,11.898,73323.0,,adjusted
2017-05-12,11.931,12.251,11.831,12.231,12.231,69031.0,,adjusted
2017-05-15,12.231,12.505,12.231,12.438,12.438,67094.0,,adjusted
2017-05-16,12.445,12.625,12.271,12.591,12.591,61908.0,,adjusted
2017-05-17,12.605,12.925,12.531,12.598,12.598,63340.0,,adjusted
2017-05-18,12.638,12.698,12.505,12.605,12.605,54176.0,,adjusted
2017-05-19,12.625,12.685,12.398,12.498,12.498,52255.0,,adjusted
2017-05-22,12.418,12.765,12.411,12.698,12.698,61701.0,,adjusted
2017-05-23,12.725,12.905,12.358,12.738,12.738,111003.0,,adjusted
2017-05-24,12.638,12.638,12.238,12.405,12.405,93229.0,,adjusted
2017-05-25,12.405,12.591,12.165,12.371,12.371,63326.0,,adjusted
2017-05-26,12.435,12.488,11.975,12.275,12.275,96130.0,,adjusted
2017-05-31,12.421,12.695,12.168,12.621,12.621,92295.0,,adjusted
2017-06-01,12.641,12.668,12.421,12.555,12.555,51294.0,,adjusted
2017-06-02,12.415,12.808,12.021,12.255,12.255,92640.0,,adjusted
2017-06-05,12.261,12.375,11.981,12.028,12.028,74630.0,,adjusted
2017-06-06,12.035,12.255,11.981,12.248,12.248,46437.0,,adjusted
2017-06-07,12.168,12.755,12.155,12.735,12.735,119544.0,,adjusted
2017-06-08,12.655,12.935,12.555,12.915,12.915,97261.0,,adjusted
2017-06-09,12.835,12.968,12.641,12.895,12.895,71304.0,,adjusted
2017-06-12,12.888,13.108,12.755,13.081,13.081,95859.0,,adjusted
2017-06-13,13.088,13.468,13.028,13.281,13.281,110296.0,,adjusted
2017-06-14,13.288,13.388,13.141,13.255,13.255,57612.0,,adjusted
2017-06-15,13.188,13.515,13.021,13.195,13.195,105704.0,,adjusted
2017-06-16,13.281,13.461,13.161,13.301,13.301,67431.0,,adjusted
2017-06-19,13.428,13.761,13.288,13.755,13.755,121448.0,,adjusted
2017-06-20,13.795,14.175,13.621,13.828,13.828,132873.0,,adjusted
2017-06-21,13.795,14.288,13.748,14.055,14.055,109702.0,,adjusted
2017-06-22,13.955,14.255,13.741,13.828,13.828,103728.0,,adjusted
2017-06-23,13.755,14.275,13.708,14.275,14.275,89637.0,,adjusted
2017-06-26,14.235,14.488,14.161,14.281,14.281,80355.0,,adjusted
2017-06-27,14.228,14.501,14.121,14.288,14.288,71465.0,,adjusted
2017-06-28,14.288,14.288,13.661,13.748,13.748,94190.0,,adjusted
2017-06-29,13.808,14.268,13.801,14.208,14.208,92212.0,,adjusted
2017-06-30,14.155,14.555,14.101,14.315,14.315,83885.0,,adjusted
2017-07-03,14.301,14.368,13.548,13.661,13.661,226461.0,,adjusted
2017-07-04,13.648,13.828,13.301,13.768,13.768,120368.0,,adjusted
2017-07-05,13.688,13.795,13.488,13.641,13.641,106522.0,,adjusted
2017-07-06,13.721,14.188,13.695,13.875,13.875,119181.0,,adjusted
2017-07-07,13.915,13.948,13.528,13.628,13.628,64030.0,,adjusted
2017-07-10,13.535,13.661,13.075,13.515,13.515,139812.0,,adjusted
2017-07-11,13.488,13.635,13.395,13.428,13.428,66978.0,,adjusted
2017-07-12,13.361,13.741,13.328,13.715,13.715,77477.0,,adjusted
2017-07-13,13.295,13.655,13.188,13.301,13.301,112365.0,,adjusted
2017-07-14,13.355,13.761,13.355,13.668,13.668,73436.0,,adjusted
2017-07-17,13.688,13.761,13.021,13.095,13.095,98722.0,,adjusted
2017-07-18,13.015,13.355,13.015,13.355,13.355,54371.0,,adjusted
2017-07-19,13.368,13.548,13.208,13.541,13.541,47933.0,,adjusted
2017-07-20,13.541,14.088,13.488,13.781,13.781,104700.0,,adjusted
2017-07-21,13.741,14.075,13.688,13.781,13.781,56225.0,,adjusted
2017-07-24,13.781,14.055,13.608,13.948,13.948,74247.0,,adjusted
2017-07-25,13.935,14.501,13.888,14.061,14.061,108347.0,,adjusted
2017-07-26,14.095,14.235,13.741,13.868,13.868,66512.0,,adjusted
2017-07-27,13.941,14.388,13.655,14.341,14.341,103540.0,,adjusted
2017-07-28,14.288,14.515,13.881,13.928,13.928,79621.0,,adjusted
2017-07-31,13.841,14.108,13.795,13.848,13.848,57287.0,,adjusted
2017-08-01,13.595,13.615,13.288,13.428,13.428,120152.0,,adjusted
2017-08-02,13.428,13.788,13.395,13.755,13.755,68888.0,,adjusted
2017-08-03,13.695,14.061,13.615,13.701,13.701,84135.0,,adjusted
2017-08-04,13.621,13.821,13.515,13.695,13.695,43769.0,,adjusted
2017-08-07,13.768,14.021,13.635,13.941,13.941,53672.0,,adjusted
2017-08-08,13.948,14.121,13.775,13.795,13.795,59222.0,,adjusted
2017-08-09,13.821,14.035,13.795,13.941,13.941,46128.0,,adjusted
2017-08-10,13.948,14.188,13.808,13.968,13.968,56811.0,,adjusted
2017-08-11,13.915,14.041,13.675,13.775,13.775,52320.0,,adjusted
2017-08-14,13.695,14.248,13.695,14.228,14.228,89281.0,,adjusted
2017-08-15,14.235,14.461,14.068,14.348,14.348,76547.0,,adjusted
2017-08-16,14.361,14.695,14.221,14.588,14.588,135389.0,,adjusted
2017-08-17,14.548,15.441,14.321,14.908,14.908,197660.0,,adjusted
2017-08-18,14.728,14.795,14.555,14.595,14.595,77391.0,,adjusted
2017-08-21,14.568,14.688,14.295,14.488,14.488,87378.0,,adjusted
2017-08-22,14.488,14.601,14.355,14.501,14.501,74747.0,,adjusted
2017-08-23,14.561,14.861,14.488,14.688,14.688,119011.0,,adjusted
2017-08-24,14.648,14.681,14.168,14.175,14.175,110115.0,,adjusted
2017-08-25,14.175,14.615,14.175,14.428,14.428,64691.0,,adjusted
2017-08-28,14.575,15.208,14.501,14.808,14.808,194363.0,,adjusted
2017-08-29,14.788,15.081,14.735,14.935,14.935,81192.0,,adjusted
2017-08-30,14.888,14.981,14.721,14.975,14.975,77738.0,,adjusted
2017-08-31,15.035,15.328,14.708,14.888,14.888,105543.0,,adjusted
2017-09-01,14.888,15.301,14.655,15.208,15.208,116486.0,,adjusted
2017-09-04,15.141,15.735,14.988,15.688,15.688,149037.0,,adjusted
2017-09-05,15.588,15.908,15.441,15.788,15.788,127229.0,,adjusted
2017-09-06,15.641,16.061,15.561,16.035,16.035,134150.0,,adjusted
2017-09-07,15.961,16.555,15.875,15.881,15.881,130300.0,,adjusted
2017-09-08,15.875,16.081,15.541,15.968,15.968,81035.0,,adjusted
2017-09-11,15.995,16.715,15.988,16.281,16.281,163185.0,,adjusted
2017-09-12,16.408,16.661,16.181,16.448,16.448,104157.0,,adjusted
2017-09-13,16.388,16.541,16.215,16.268,16.268,68517.0,,adjusted
2017-09-14,16.208,16.355,15.728,15.855,15.855,85982.0,,adjusted
2017-09-15,15.828,16.288,15.808,16.175,16.175,46705.0,,adjusted
2017-09-18,16.241,16.395,15.888,15.955,15.955,67302.0,,adjusted
2017-09-19,15.908,16.081,15.575,15.755,15.755,100268.0,,adjusted
2017-09-20,15.688,16.275,15.621,16.201,16.201,71828.0,,adjusted
2017-09-21,16.188,16.548,16.075,16.081,16.081,73891.0,,adjusted
2017-09-22,16.061,16.355,15.808,16.275,16.275,57226.0,,adjusted
2017-09-25,16.288,16.321,15.521,15.621,15.621,85375.0,,adjusted
2017-09-26,15.615,15.815,15.475,15.601,15.601,52431.0,,adjusted
2017-09-27,15.688,16.161,15.595,16.055,16.055,49265.0,,adjusted
2017-09-28,16.101,16.488,16.061,16.441,16.441,85452.0,,adjusted
2017-09-29,16.521,16.708,16.241,16.555,16.555,79049.0,,adjusted
2017-10-09,16.681,17.155,16.488,16.955,16.955,104734.0,,adjusted
2017-10-10,16.981,17.261,16.548,17.168,17.168,101854.0,,adjusted
2017-10-11,17.141,17.241,16.735,16.955,16.955,73907.0,,adjusted
2017-10-12,16.955,17.421,16.955,17.308,17.308,75214.0,,adjusted
2017-10-13,17.281,17.408,17.021,17.221,17.221,63015.0,,adjusted
2017-10-16,16.961,16.961,16.395,16.695,16.695,136443.0,,adjusted
2017-10-17,16.695,17.288,16.561,17.281,17.281,77221.0,,adjusted
2017-10-18,17.281,17.568,16.955,17.355,17.355,64154.0,,adjusted
2017-10-19,17.355,17.468,16.961,16.975,16.975,52072.0,,adjusted
2017-10-20,16.855,17.155,16.695,17.081,17.081,31312.0,,adjusted
2017-10-23,17.021,17.408,16.908,17.075,17.075,47554.0,,adjusted
2017-10-24,17.008,17.728,16.848,17.721,17.721,94459.0,,adjusted
2017-10-25,17.621,17.821,17.321,17.681,17.681,89749.0,,adjusted
2017-10-26,17.755,17.755,17.235,17.288,17.288,101216.0,,adjusted
2017-10-27,17.288,17.555,17.155,17.488,17.488,57945.0,,adjusted
2017-10-30,17.401,17.508,17.001,17.241,17.241,67986.0,,adjusted
2017-10-31,17.248,17.928,17.121,17.861,17.861,105622.0,,adjusted
2017-11-01,17.855,18.008,17.495,17.675,17.675,85483.0,,adjusted
2017-11-02,17.681,18.061,17.341,17.375,17.375,112414.0,,adjusted
2017-11-03,17.281,17.288,16.935,17.161,17.161,74736.0,,adjusted
2017-11-06,17.175,17.475,17.088,17.221,17.221,103917.0,,adjusted
2017-11-07,17.255,17.281,16.301,16.375,16.375,203775.0,,adjusted
2017-11-08,16.361,16.681,16.208,16.588,16.588,156921.0,,adjusted
2017-11-09,16.461,17.115,16.361,17.021,17.021,94253.0,,adjusted
2017-11-10,16.955,17.841,16.875,17.601,17.601,143259.0,,adjusted
2017-11-13,17.881,17.948,17.388,17.935,17.935,127903.0,,adjusted
2017-11-14,17.921,18.128,17.261,17.301,17.301,112651.0,,adjusted
2017-11-15,17.301,17.308,15.655,15.928,15.928,221184.0,,adjusted
2017-11-16,15.888,16.168,15.215,16.041,16.041,145889.0,,adjusted
2017-11-17,15.901,16.008,15.421,15.928,15.928,132625.0,,adjusted
2017-11-20,15.741,16.375,15.408,16.321,16.321,102665.0,,adjusted
2017-11-21,16.235,16.421,15.815,16.135,16.135,90870.0,,adjusted
2017-11-22,16.055,16.575,15.835,16.008,16.008,81809.0,,adjusted
2017-11-23,15.955,16.075,14.928,15.155,15.155,116406.0,,adjusted
2017-11-24,15.061,15.461,15.008,15.141,15.141,71669.0,,adjusted
2017-11-27,15.081,15.141,14.355,14.428,14.428,95687.0,,adjusted
2017-11-28,14.435,14.821,14.395,14.635,14.635,65011.0,,adjusted
2017-11-29,14.701,15.115,14.568,15.021,15.021,74093.0,,adjusted
2017-11-30,15.028,15.088,14.555,14.661,14.661,56073.0,,adjusted
2017-12-01,14.621,15.621,14.621,15.455,15.455,88812.0,,adjusted
2017-12-04,15.421,15.655,15.221,15.288,15.288,51487.0,,adjusted
2017-12-05,15.241,15.421,14.635,14.841,14.841,75474.0,,adjusted
2017-12-06,14.688,15.121,14.528,15.061,15.061,56915.0,,adjusted
2017-12-07,14.908,15.021,14.695,14.735,14.735,34284.0,,adjusted
2017-12-08,14.695,15.488,14.675,15.248,15.248,58798.0,,adjusted
2017-12-11,15.288,15.741,15.195,15.675,15.675,54227.0,,adjusted
2017-12-12,15.555,15.681,15.461,15.495,15.495,27206.0,,adjusted
2017-12-13,15.715,15.855,15.421,15.728,15.728,41617.0,,adjusted
2017-12-14,15.741,16.175,15.661,16.055,16.055,63756.0,,adjusted
2017-12-15,16.081,16.155,15.735,15.821,15.821,40265.0,,adjusted
2017-12-18,15.821,16.181,15.495,15.755,15.755,46174.0,,adjusted
2017-12-19,15.955,15.955,15.675,15.728,15.728,43263.0,,adjusted
2017-12-20,15.815,15.928,15.301,15.401,15.401,41044.0,,adjusted
2017-12-21,15.301,16.095,15.295,15.968,15.968,88269.0,,adjusted
2017-12-22,15.955,16.455,15.835,16.308,16.308,73135.0,,adjusted
2017-12-25,16.281,16.288,15.788,15.808,15.808,49539.0,,adjusted
2017-12-26,15.808,16.201,15.788,16.028,16.028,46732.0,,adjusted
2017-12-27,16.115,16.675,16.021,16.328,16.328,101891.0,,adjusted
2017-12-28,16.321,16.601,16.108,16.401,16.401,56177.0,,adjusted
2017-12-29,16.515,16.755,16.348,16.635,16.635,71568.0,,adjusted
2018-01-02,16.615,17.201,16.588,16.995,16.995,98409.0,,adjusted
2018-01-03,16.921,16.995,16.701,16.895,16.895,69956.0,,adjusted
2018-01-04,16.815,16.815,16.281,16.528,16.528,86585.0,,adjusted
2018-01-05,16.555,16.555,16.035,16.155,16.155,70943.0,,adjusted
2018-01-08,16.121,16.281,15.655,15.815,15.815,88647.0,,adjusted
2018-01-09,15.755,15.815,15.395,15.775,15.775,113761.0,,adjusted
2018-01-10,15.835,15.868,15.441,15.621,15.621,75217.0,,adjusted
2018-01-11,15.615,15.615,15.088,15.241,15.241,96704.0,,adjusted
2018-01-12,15.268,15.388,15.075,15.295,15.295,55828.0,,adjusted
2018-01-15,15.301,15.588,14.855,14.861,14.861,91845.0,,adjusted
2018-01-16,15.008,15.221,14.855,15.028,15.028,74997.0,,adjusted
2018-01-17,15.028,15.181,14.468,14.828,14.828,113222.0,,adjusted
2018-01-18,14.788,15.301,14.715,15.248,15.248,80348.0,,adjusted
2018-01-19,15.321,15.608,15.181,15.275,15.275,61225.0,,adjusted
2018-01-22,15.301,15.561,15.021,15.288,15.288,90250.0,,adjusted
2018-01-23,15.215,15.908,15.135,15.688,15.688,161044.0,,adjusted
2018-01-24,15.688,16.621,15.628,16.455,16.455,238065.0,,adjusted
2018-01-25,16.208,16.741,16.095,16.095,16.095,117544.0,,adjusted
2018-01-26,16.095,16.348,15.955,16.188,16.188,73392.0,,adjusted
2018-01-29,16.155,16.621,15.801,16.588,16.588,129874.0,,adjusted
2018-01-30,16.535,16.768,16.041,16.295,16.295,66478.0,,adjusted
2018-01-31,16.321,16.475,15.661,16.008,16.008,81531.0,,adjusted
2018-02-01,16.255,16.521,15.595,15.621,15.621,84039.0,,adjusted
2018-02-02,15.528,16.335,15.395,16.221,16.221,66979.0,,adjusted
2018-02-05,15.981,16.621,15.961,16.541,16.541,85883.0,,adjusted
2018-02-06,16.268,16.481,15.828,15.988,15.988,77975.0,,adjusted
2018-02-07,16.328,16.455,15.421,15.428,15.428,71284.0,,adjusted
2018-02-08,15.428,16.241,15.295,15.741,15.741,117110.0,,adjusted
2018-02-09,15.261,15.795,14.448,14.888,14.888,96310.0,,adjusted
2018-02-12,14.968,16.155,14.961,16.075,16.075,85754.0,,adjusted
2018-02-13,16.228,16.888,16.228,16.741,16.741,126226.0,,adjusted
2018-02-14,16.775,17.055,16.515,16.888,16.888,94861.0,,adjusted
2018-02-22,16.961,17.048,16.641,16.888,16.888,67837.0,,adjusted
2018-02-23,16.821,16.888,16.381,16.741,16.741,71617.0,,adjusted
2018-02-26,16.821,17.601,16.481,17.581,17.581,161245.0,,adjusted
2018-02-27,17.488,18.501,17.488,17.955,17.955,237734.0,,adjusted
2018-02-28,17.821,19.055,17.748,18.308,18.308,174419.0,,adjusted
2018-03-01,18.328,18.741,18.121,18.508,18.508,101355.0,,adjusted
2018-03-02,18.261,19.408,18.261,18.515,18.515,161301.0,,adjusted
2018-03-05,18.795,18.888,18.128,18.721,18.721,104455.0,,adjusted
2018-03-06,18.595,18.821,18.461,18.621,18.621,77056.0,,adjusted
2018-03-07,18.495,18.555,18.028,18.275,18.275,80570.0,,adjusted
2018-03-08,18.421,18.681,17.875,18.355,18.355,66575.0,,adjusted
2018-03-09,18.321,19.521,18.155,19.375,19.375,165957.0,,adjusted
2018-03-12,19.501,20.761,19.501,20.381,20.381,211645.0,,adjusted
2018-03-13,20.228,20.435,19.775,20.121,20.121,96011.0,,adjusted
2018-03-14,19.955,19.995,19.581,19.655,19.655,93165.0,,adjusted
2018-03-15,19.521,20.275,19.355,20.195,20.195,99990.0,,adjusted
2018-03-16,20.181,20.488,19.488,19.501,19.501,115842.0,,adjusted
2018-03-19,19.515,20.208,19.021,19.808,19.808,108354.0,,adjusted
2018-03-20,19.488,21.221,19.421,21.101,21.101,173895.0,,adjusted
2018-03-21,20.815,21.075,20.188,20.315,20.315,122966.0,,adjusted
2018-03-22,20.308,20.661,19.921,20.081,20.081,107902.0,,adjusted
2018-03-23,18.661,19.788,18.661,18.761,18.761,184163.0,,adjusted
2018-03-26,18.621,20.101,18.335,19.748,19.748,175427.0,,adjusted
2018-03-27,19.955,20.695,19.895,20.121,20.121,124116.0,,adjusted
2018-03-28,19.821,20.468,18.961,19.215,19.215,160658.0,,adjusted
2018-03-29,19.321,20.081,19.168,19.688,19.688,115064.0,,adjusted
2018-03-30,19.681,20.861,19.681,20.861,20.861,160260.0,,adjusted
2018-04-02,20.768,21.521,20.435,21.048,21.048,160800.0,,adjusted
2018-04-03,20.608,21.615,20.301,20.581,20.581,179369.0,,adjusted
2018-04-04,20.755,20.848,20.041,20.181,20.181,95041.0,,adjusted
2018-04-09,19.961,20.341,19.301,19.301,19.301,110427.0,,adjusted
2018-04-10,19.355,19.501,18.068,18.608,18.608,247760.0,,adjusted
2018-04-11,18.695,19.088,18.368,18.621,18.621,161435.0,,adjusted
2018-04-12,18.628,18.881,18.501,18.568,18.568,63474.0,,adjusted
2018-04-13,18.641,19.321,18.641,19.001,19.001,110272.0,,adjusted
2018-04-16,18.835,19.488,18.821,19.275,19.275,91229.0,,adjusted
2018-04-17,19.288,19.621,18.148,18.221,18.221,123617.0,,adjusted
2018-04-18,18.288,18.808,18.088,18.515,18.515,127385.0,,adjusted
2018-04-19,18.421,18.668,18.121,18.221,18.221,91711.0,,adjusted
2018-04-20,18.221,18.555,17.895,17.961,17.961,73509.0,,adjusted
2018-04-23,17.955,18.435,17.895,18.108,18.108,72798.0,,adjusted
2018-04-24,18.288,19.021,18.048,19.021,19.021,105584.0,,adjusted
2018-04-25,18.928,19.621,18.668,19.301,19.301,117701.0,,adjusted
2018-04-26,19.301,19.468,18.861,19.221,19.221,101620.0,,adjusted
2018-04-27,19.308,19.475,18.755,19.168,19.168,68443.0,,adjusted
2018-05-02,19.461,19.741,19.161,19.455,19.455,86083.0,,adjusted
2018-05-03,19.288,19.775,18.875,19.588,19.588,79850.0,,adjusted
2018-05-04,19.388,19.541,18.675,18.688,18.688,95657.0,,adjusted
2018-05-07,18.695,19.675,18.695,19.661,19.661,109770.0,,adjusted
2018-05-08,19.655,20.135,19.541,19.841,19.841,86306.0,,adjusted
2018-05-09,19.815,19.941,19.555,19.801,19.801,41580.0,,adjusted
2018-05-10,19.741,19.888,19.421,19.635,19.635,51906.0,,adjusted
2018-05-11,19.821,20.281,19.675,19.701,19.701,80486.0,,adjusted
2018-05-14,19.788,20.595,19.781,20.508,20.508,111404.0,,adjusted
2018-05-15,20.315,20.488,19.641,19.881,19.881,167050.0,,adjusted
2018-05-16,19.948,19.981,19.155,19.248,19.248,123048.0,,adjusted
2018-05-17,19.188,19.608,18.821,19.148,19.148,71334.0,,adjusted
2018-05-18,19.088,19.328,18.321,18.888,18.888,117111.0,,adjusted
2018-05-21,18.961,19.488,18.955,19.215,19.215,97759.0,,adjusted
2018-05-22,19.288,19.328,18.628,18.828,18.828,75087.0,,adjusted
2018-05-23,18.888,18.888,18.361,18.441,18.441,89443.0,,adjusted
2018-05-24,18.621,18.621,18.221,18.388,18.388,75131.0,,adjusted
2018-05-25,18.288,18.581,18.275,18.375,18.375,59681.0,,adjusted
2018-05-28,18.328,18.888,18.295,18.808,18.808,62980.0,,adjusted
2018-05-29,18.728,19.155,18.635,18.681,18.681,69200.0,,adjusted
2018-05-30,18.475,19.235,18.261,18.821,18.821,96499.0,,adjusted
2018-05-31,19.035,19.155,18.461,19.075,19.075,94359.0,,adjusted
2018-06-01,19.095,19.401,18.641,18.708,18.708,68477.0,,adjusted
2018-06-04,18.868,19.281,18.721,19.188,19.188,81287.0,,adjusted
2018-06-05,19.288,19.355,18.928,19.275,19.275,53562.0,,adjusted
2018-06-06,19.101,19.215,18.728,19.041,19.041,62100.0,,adjusted
2018-06-07,19.195,19.888,19.055,19.668,19.668,104692.0,,adjusted
2018-06-08,19.861,19.861,19.361,19.515,19.515,69019.0,,adjusted
2018-06-11,19.515,19.748,18.888,18.961,18.961,90249.0,,adjusted
2018-06-12,18.941,19.555,18.941,19.521,19.521,67117.0,,adjusted
2018-06-13,19.661,19.928,19.408,19.488,19.488,62339.0,,adjusted
2018-06-14,19.488,20.041,19.455,19.628,19.628,71482.0,,adjusted
2018-06-15,19.741,20.021,19.101,19.288,19.288,86392.0,,adjusted
2018-06-19,18.988,19.408,18.655,18.708,18.708,141829.0,,adjusted
2018-06-20,18.708,19.895,18.708,19.621,19.621,110169.0,,adjusted
2018-06-21,19.648,19.888,19.361,19.441,19.441,78972.0,,adjusted
2018-06-22,19.268,20.055,18.955,19.961,19.961,103780.0,,adjusted
2018-06-25,20.135,20.255,19.421,19.528,19.528,97977.0,,adjusted
2018-06-26,19.175,20.155,19.035,19.921,19.921,99628.0,,adjusted
2018-06-27,19.915,20.128,19.415,19.561,19.561,78102.0,,adjusted
2018-06-28,19.421,19.881,18.748,19.021,19.021,81809.0,,adjusted
2018-06-29,19.075,19.435,18.535,19.368,19.368,108975.0,,adjusted
2018-07-02,19.361,19.361,18.321,18.555,18.555,105453.0,,adjusted
2018-07-03,18.488,18.615,17.661,18.355,18.355,148993.0,,adjusted
2018-07-04,18.321,18.515,17.841,18.015,18.015,91961.0,,adjusted
2018-07-05,18.015,18.195,17.688,17.835,17.835,66271.0,,adjusted
2018-07-06,17.768,18.275,17.755,17.841,17.841,85244.0,,adjusted
2018-07-09,17.948,18.128,16.755,17.488,17.488,186245.0,,adjusted
2018-07-10,17.475,18.061,17.361,17.808,17.808,75378.0,,adjusted
2018-07-11,17.835,18.001,17.355,17.641,17.641,68474.0,,adjusted
2018-07-12,17.641,18.401,17.488,18.248,18.248,100796.0,,adjusted
2018-07-13,18.241,18.355,17.921,18.208,18.208,48428.0,,adjusted
2018-07-16,18.348,18.348,17.355,17.855,17.855,76872.0,,adjusted
2018-07-17,17.968,17.968,17.428,17.635,17.635,59172.0,,adjusted
2018-07-18,17.808,17.888,17.268,17.281,17.281,75311.0,,adjusted
2018-07-19,17.408,17.408,16.188,16.475,16.475,141606.0,,adjusted
2018-07-20,16.261,16.421,15.901,16.115,16.115,134564.0,,adjusted
2018-07-23,16.215,16.728,16.161,16.555,16.555,122892.0,,adjusted
2018-07-24,16.581,17.221,16.581,16.821,16.821,117595.0,,adjusted
2018-07-25,16.821,17.201,16.821,16.881,16.881,60478.0,,adjusted
2018-07-26,17.001,17.088,16.155,16.241,16.241,91351.0,,adjusted
2018-07-27,16.348,16.488,16.021,16.141,16.141,74705.0,,adjusted
2018-07-30,16.288,16.455,15.788,15.855,15.855,76979.0,,adjusted
2018-07-31,15.901,16.015,15.101,15.281,15.281,152693.0,,adjusted
2018-08-01,15.441,15.601,15.095,15.201,15.201,96188.0,,adjusted
2018-08-02,14.968,15.028,14.261,14.495,14.495,166146.0,,adjusted
2018-08-03,14.421,14.635,14.288,14.575,14.575,115862.0,,adjusted
2018-08-06,14.575,15.101,14.088,14.155,14.155,149674.0,,adjusted
2018-08-07,14.248,14.941,14.248,14.821,14.821,122055.0,,adjusted
2018-08-08,14.821,15.075,14.561,14.721,14.721,65894.0,,adjusted
2018-08-09,14.788,15.541,14.588,15.488,15.488,110946.0,,adjusted
2018-08-10,15.468,15.555,15.168,15.421,15.421,72638.0,,adjusted
2018-08-13,15.008,16.415,15.001,16.075,16.075,115469.0,,adjusted
2018-08-14,16.148,16.148,15.555,15.755,15.755,60871.0,,adjusted
2018-08-15,15.808,15.821,15.128,15.235,15.235,64952.0,,adjusted
2018-08-16,15.048,15.575,14.961,15.295,15.295,54823.0,,adjusted
2018-08-17,15.461,15.721,15.075,15.141,15.141,44617.0,,adjusted
2018-08-20,15.135,15.935,14.948,15.721,15.721,77677.0,,adjusted
2018-08-21,15.721,16.201,15.595,16.148,16.148,73497.0,,adjusted
2018-08-22,16.008,16.141,15.761,16.068,16.068,32182.0,,adjusted
2018-08-23,15.841,16.355,15.841,15.955,15.955,53425.0,,adjusted
2018-08-24,15.955,16.081,15.548,15.588,15.588,38928.0,,adjusted
2018-08-27,15.741,16.068,15.655,15.895,15.895,63453.0,,adjusted
2018-08-28,15.895,16.308,15.821,16.128,16.128,71405.0,,adjusted
2018-08-29,16.128,16.128,15.655,15.881,15.881,55520.0,,adjusted
2018-08-30,15.828,15.948,15.415,15.548,15.548,40274.0,,adjusted
2018-08-31,15.488,15.488,14.681,14.868,14.868,78621.0,,adjusted
2018-09-03,14.768,15.148,14.708,14.915,14.915,60559.0,,adjusted
2018-09-04,14.995,15.088,14.701,15.008,15.008,56528.0,,adjusted
2018-09-05,14.861,14.955,14.475,14.488,14.488,51601.0,,adjusted
2018-09-06,14.468,15.115,14.441,14.781,14.781,59903.0,,adjusted
2018-09-07,15.008,15.048,14.781,14.808,14.808,42453.0,,adjusted
2018-09-10,14.955,14.955,14.328,14.508,14.508,47716.0,,adjusted
2018-09-11,14.675,14.675,14.375,14.508,14.508,42704.0,,adjusted
2018-09-12,14.541,14.555,13.395,13.955,13.955,99099.0,,adjusted
2018-09-13,13.961,14.575,13.961,14.561,14.561,72539.0,,adjusted
2018-09-14,14.701,15.148,14.621,14.915,14.915,76504.0,,adjusted
2018-09-17,14.721,15.455,14.655,15.001,15.001,79843.0,,adjusted
2018-09-18,15.115,15.268,14.355,14.755,14.755,88013.0,,adjusted
2018-09-19,14.755,15.521,14.621,15.468,15.468,87340.0,,adjusted
2018-09-20,15.421,15.575,15.155,15.275,15.275,55754.0,,adjusted
2018-09-21,15.395,15.581,15.048,15.488,15.488,65805.0,,adjusted
2018-09-25,15.261,15.641,15.188,15.261,15.261,41203.0,,adjusted
2018-09-26,15.328,16.115,15.208,15.855,15.855,91105.0,,adjusted
2018-09-27,15.841,15.841,15.428,15.435,15.435,55893.0,,adjusted
2018-09-28,15.521,16.101,15.368,15.955,15.955,79229.0,,adjusted
2018-10-08,15.661,15.661,15.088,15.095,15.095,51322.0,,adjusted
2018-10-09,15.155,15.355,14.955,15.101,15.101,23658.0,,adjusted
2018-10-10,15.221,15.381,14.988,15.121,15.121,31244.0,,adjusted
2018-10-11,14.488,14.668,13.661,13.975,13.975,90941.0,,adjusted
2018-10-12,13.888,14.288,13.701,13.901,13.901,73964.0,,adjusted
2018-10-15,13.788,13.788,12.261,12.288,12.288,180957.0,,adjusted
2018-10-16,12.308,12.355,11.101,11.541,11.541,120239.0,,adjusted
2018-10-17,11.668,12.321,11.668,12.195,12.195,106790.0,,adjusted
2018-10-18,12.181,12.481,12.075,12.168,12.168,81287.0,,adjusted
2018-10-19,11.908,13.235,11.755,13.015,13.015,102145.0,,adjusted
2018-10-22,13.441,13.788,13.075,13.288,13.288,156430.0,,adjusted
2018-10-23,13.255,13.321,12.028,12.488,12.488,126673.0,,adjusted
2018-10-24,12.428,12.428,12.048,12.188,12.188,66883.0,,adjusted
2018-10-25,11.748,12.595,11.155,12.148,12.148,107265.0,,adjusted
2018-10-26,12.275,12.441,11.875,11.895,11.895,51501.0,,adjusted
2018-10-29,11.908,12.181,11.655,11.975,11.975,53414.0,,adjusted
2018-10-30,11.975,12.295,11.568,11.955,11.955,61975.0,,adjusted
2018-10-31,12.021,12.475,11.941,12.341,12.341,60620.0,,adjusted
2018-11-01,12.688,12.935,12.368,12.388,12.388,94149.0,,adjusted
2018-11-02,13.055,13.781,13.055,13.541,13.541,174995.0,,adjusted
2018-11-05,13.481,14.481,13.368,13.681,13.681,125617.0,,adjusted
2018-11-06,13.808,14.021,13.408,13.761,13.761,64972.0,,adjusted
2018-11-07,13.821,13.941,13.495,13.581,13.581,62094.0,,adjusted
2018-11-08,13.801,13.875,13.221,13.261,13.261,52938.0,,adjusted
2018-11-09,13.261,13.468,13.088,13.121,13.121,49524.0,,adjusted
2018-11-12,13.248,13.855,13.155,13.668,13.668,69159.0,,adjusted
2018-11-13,14.081,14.081,13.501,13.881,13.881,87886.0,,adjusted
2018-11-14,13.721,13.881,13.421,13.468,13.468,67479.0,,adjusted
2018-11-15,13.421,13.661,13.421,13.635,13.635,52436.0,,adjusted
2018-11-16,13.935,13.968,13.401,13.468,13.468,78180.0,,adjusted
2018-11-19,13.421,13.588,13.241,13.375,13.375,63906.0,,adjusted
2018-11-20,13.375,13.388,12.355,12.468,12.468,100789.0,,adjusted
2018-11-21,12.235,12.661,12.201,12.468,12.468,48148.0,,adjusted
2018-11-22,12.588,12.655,12.221,12.321,12.321,68547.0,,adjusted
2018-11-23,12.328,12.328,11.581,11.655,11.655,94990.0,,adjusted
2018-11-26,11.688,11.788,11.228,11.455,11.455,76396.0,,adjusted
2018-11-27,11.535,11.688,11.361,11.535,11.535,81919.0,,adjusted
2018-11-28,11.535,11.588,11.021,11.088,11.088,172628.0,,adjusted
2018-11-29,11.328,11.588,11.155,11.208,11.208,123358.0,,adjusted
2018-11-30,11.228,11.821,11.188,11.708,11.708,127502.0,,adjusted
2018-12-03,12.281,12.608,11.961,12.488,12.488,159464.0,,adjusted
2018-12-04,12.481,12.588,12.168,12.355,12.355,78333.0,,adjusted
2018-12-05,12.155,12.335,11.955,12.141,12.141,67168.0,,adjusted
2018-12-06,12.075,12.135,11.648,11.701,11.701,67092.0,,adjusted
2018-12-07,11.748,11.901,11.701,11.801,11.801,51625.0,,adjusted
2018-12-10,11.795,11.888,11.388,11.488,11.488,54497.0,,adjusted
2018-12-11,11.681,11.881,11.555,11.795,11.795,65537.0,,adjusted
2018-12-12,11.828,12.101,11.728,11.855,11.855,48388.0,,adjusted
2018-12-13,11.975,12.475,11.821,12.281,12.281,87929.0,,adjusted
2018-12-14,12.275,12.395,12.061,12.121,12.121,53468.0,,adjusted
2018-12-17,12.035,12.121,11.595,11.895,11.895,54570.0,,adjusted
2018-12-18,11.808,12.068,11.641,11.741,11.741,60941.0,,adjusted
2018-12-19,11.775,11.868,11.555,11.608,11.608,40070.0,,adjusted
2018-12-20,11.621,11.781,11.355,11.461,11.461,55678.0,,adjusted
2018-12-21,11.355,11.521,11.228,11.388,11.388,44034.0,,adjusted
2018-12-24,11.455,11.968,11.288,11.661,11.661,73157.0,,adjusted
2018-12-25,11.575,11.621,11.135,11.295,11.295,80852.0,,adjusted
2018-12-26,11.341,11.435,11.095,11.121,11.121,49882.0,,adjusted
2018-12-27,11.295,11.421,10.161,10.815,10.815,134417.0,,adjusted
2018-12-28,10.755,10.968,10.488,10.915,10.915,83790.0,,adjusted
2019-01-02,10.955,11.128,10.848,10.955,10.955,62297.0,,adjusted
2019-01-03,10.755,11.201,10.755,10.808,10.808,48448.0,,adjusted
2019-01-04,10.821,11.128,10.548,11.035,11.035,90951.0,,adjusted
2019-01-07,11.255,11.981,11.228,11.721,11.721,152344.0,,adjusted
2019-01-08,11.635,11.908,11.555,11.768,11.768,76883.0,,adjusted
2019-01-09,11.768,12.101,11.675,11.888,11.888,74043.0,,adjusted
2019-01-10,11.955,12.021,11.708,11.888,11.888,49933.0,,adjusted
2019-01-11,12.021,12.315,11.835,12.008,12.008,69201.0,,adjusted
2019-01-14,12.021,12.255,11.828,12.008,12.008,64604.0,,adjusted
2019-01-15,11.955,12.781,11.855,12.635,12.635,103215.0,,adjusted
2019-01-16,12.635,12.835,12.521,12.668,12.668,59814.0,,adjusted
2019-01-17,12.668,12.681,12.335,12.481,12.481,58310.0,,adjusted
2019-01-18,12.455,12.661,12.341,12.601,12.601,44842.0,,adjusted
2019-01-21,12.621,13.055,12.588,12.821,12.821,70145.0,,adjusted
2019-01-22,12.861,12.981,12.655,12.755,12.755,50017.0,,adjusted
2019-01-23,12.728,12.861,12.635,12.748,12.748,28240.0,,adjusted
2019-01-24,12.755,13.128,12.701,12.995,12.995,48787.0,,adjusted
2019-01-25,12.808,13.081,12.295,12.408,12.408,119434.0,,adjusted
2019-01-28,12.535,13.615,12.535,12.908,12.908,148448.0,,adjusted
2019-01-29,12.955,12.988,12.381,12.455,12.455,76490.0,,adjusted
2019-01-30,12.475,12.675,12.255,12.355,12.355,46917.0,,adjusted
2019-01-31,12.555,12.608,11.861,11.961,11.961,67966.0,,adjusted
2019-02-01,12.141,12.481,12.035,12.348,12.348,107413.0,,adjusted
2019-02-11,12.428,13.021,12.421,12.895,12.895,153806.0,,adjusted
2019-02-12,13.128,13.401,13.021,13.221,13.221,144854.0,,adjusted
2019-02-13,13.481,13.935,13.328,13.375,13.375,157737.0,,adjusted
2019-02-14,13.541,14.235,13.395,14.055,14.055,192479.0,,adjusted
2019-02-15,13.921,14.075,13.648,13.708,13.708,118597.0,,adjusted
2019-02-18,13.928,14.315,13.775,14.268,14.268,116524.0,,adjusted
2019-02-19,14.281,15.248,14.221,14.875,14.875,191723.0,,adjusted
2019-02-20,14.828,15.115,14.435,14.768,14.768,109988.0,,adjusted
2019-02-21,14.821,15.221,14.488,14.555,14.555,111618.0,,adjusted
2019-02-22,14.621,15.201,14.521,15.188,15.188,113243.0,,adjusted
2019-02-25,15.281,15.875,15.281,15.721,15.721,197083.0,,adjusted
2019-02-26,15.821,15.955,15.261,15.308,15.308,141109.0,,adjusted
2019-02-27,15.288,15.315,14.528,14.795,14.795,166637.0,,adjusted
2019-02-28,14.775,15.075,14.595,14.788,14.788,126778.0,,adjusted
2019-03-01,15.341,15.461,14.848,15.155,15.155,142233.0,,adjusted
2019-03-04,15.521,15.941,15.421,15.575,15.575,233572.0,,adjusted
2019-03-05,15.615,16.135,15.495,16.101,16.101,153596.0,,adjusted
2019-03-06,16.155,16.701,16.021,16.355,16.355,195603.0,,adjusted
2019-03-07,16.268,16.268,15.521,15.855,15.855,173265.0,,adjusted
2019-03-08,15.355,15.835,14.895,14.901,14.901,169508.0,,adjusted
2019-03-11,15.088,16.228,15.075,16.208,16.208,196033.0,,adjusted
2019-03-12,16.208,16.601,15.701,15.821,15.821,238358.0,,adjusted
2019-03-13,15.848,15.968,14.961,15.081,15.081,187006.0,,adjusted
2019-03-14,14.955,15.641,14.895,15.068,15.068,152677.0,,adjusted
2019-03-15,15.275,15.421,15.015,15.255,15.255,132751.0,,adjusted
2019-03-18,15.155,15.268,14.688,15.255,15.255,198340.0,,adjusted
2019-03-19,15.255,15.648,15.048,15.388,15.388,143445.0,,adjusted
2019-03-20,15.395,15.481,14.735,14.975,14.975,141472.0,,adjusted
2019-04-04,16.721,16.721,16.295,16.721,16.721,442416.0,,adjusted
2019-04-08,16.775,16.941,16.075,16.681,16.681,415630.0,,adjusted
2019-04-09,16.421,16.875,15.941,16.415,16.415,280969.0,,adjusted
2019-04-10,16.161,16.548,15.481,15.908,15.908,276693.0,,adjusted
2019-04-11,15.635,15.808,15.008,15.228,15.228,223372.0,,adjusted
2019-04-12,15.261,15.515,15.055,15.435,15.435,109269.0,,adjusted
2019-04-15,15.668,15.888,15.575,15.641,15.641,129488.0,,adjusted
2019-04-16,15.555,16.521,15.495,16.361,16.361,181576.0,,adjusted
2019-04-17,16.361,16.728,16.155,16.268,16.268,172286.0,,adjusted
2019-04-18,16.381,16.475,16.155,16.301,16.301,74946.0,,adjusted
2019-04-19,16.275,16.448,16.161,16.321,16.321,108305.0,,adjusted
2019-04-22,16.428,16.508,15.861,16.108,16.108,112228.0,,adjusted
2019-04-23,15.955,16.068,15.495,15.768,15.768,105339.0,,adjusted
2019-04-24,15.888,15.921,15.148,15.501,15.501,133759.0,,adjusted
2019-04-25,15.601,15.821,14.895,14.955,14.955,112338.0,,adjusted
2019-04-26,14.755,15.135,14.541,14.761,14.761,87409.0,,adjusted
2019-04-29,14.695,15.088,14.648,14.741,14.741,62430.0,,adjusted
2019-04-30,14.608,14.681,14.268,14.268,14.268,110203.0,,adjusted
2019-05-06,13.355,14.015,13.095,13.475,13.475,176672.0,,adjusted
2019-05-07,13.488,13.815,13.488,13.748,13.748,70234.0,,adjusted
2019-05-08,13.488,13.841,13.361,13.521,13.521,69443.0,,adjusted
2019-05-09,13.388,13.621,12.821,12.968,12.968,102835.0,,adjusted
2019-05-10,13.228,13.541,12.888,13.501,13.501,88415.0,,adjusted
2019-05-13,13.421,13.421,13.041,13.141,13.141,53367.0,,adjusted
2019-05-14,13.355,13.955,13.181,13.228,13.228,86653.0,,adjusted
2019-05-15,13.468,13.548,13.081,13.395,13.395,73827.0,,adjusted
2019-05-16,13.355,13.995,13.261,13.848,13.848,134927.0,,adjusted
2019-05-17,13.995,13.995,12.975,13.221,13.221,110631.0,,adjusted
2019-05-20,13.241,13.295,12.741,12.828,12.828,81256.0,,adjusted
2019-05-21,12.821,13.095,12.768,12.941,12.941,79204.0,,adjusted
2019-05-22,12.961,12.961,12.715,12.768,12.768,60797.0,,adjusted
2019-05-23,12.688,12.961,11.821,12.781,12.781,95117.0,,adjusted
2019-05-24,12.755,13.015,12.655,12.781,12.781,62324.0,,adjusted
2019-05-27,12.628,13.055,12.341,12.701,12.701,111454.0,,adjusted
2019-05-28,12.821,12.821,12.348,12.621,12.621,143263.0,,adjusted
2019-05-29,12.495,12.655,12.421,12.448,12.448,52764.0,,adjusted
2019-05-30,12.401,12.401,12.128,12.248,12.248,71179.0,,adjusted
2019-05-31,12.341,12.895,12.321,12.588,12.588,91278.0,,adjusted
2019-06-03,12.588,12.775,12.321,12.408,12.408,66841.0,,adjusted
2019-06-04,12.375,12.548,12.121,12.361,12.361,52709.0,,adjusted
2019-06-05,12.395,12.875,12.381,12.681,12.681,72450.0,,adjusted
2019-06-06,12.681,12.808,12.388,12.455,12.455,48858.0,,adjusted
2019-06-10,12.455,12.835,12.381,12.688,12.688,61149.0,,adjusted
2019-06-11,12.701,13.235,12.701,13.201,13.201,83809.0,,adjusted
2019-06-12,13.155,13.361,13.008,13.148,13.148,70066.0,,adjusted
2019-06-13,13.115,13.121,12.875,12.961,12.961,52291.0,,adjusted
2019-06-14,12.921,13.135,12.761,12.821,12.821,55339.0,,adjusted
2019-06-17,12.955,13.288,12.795,12.855,12.855,87485.0,,adjusted
2019-06-18,12.841,12.941,12.501,12.768,12.768,51944.0,,adjusted
2019-06-19,13.441,13.455,12.975,12.975,12.975,74487.0,,adjusted
2019-06-20,12.981,13.421,12.868,13.268,13.268,100491.0,,adjusted
2019-06-21,13.688,13.995,13.368,13.528,13.528,131288.0,,adjusted
2019-06-24,13.608,13.608,13.221,13.248,13.248,67436.0,,adjusted
2019-06-25,13.188,13.221,12.621,12.875,12.875,80556.0,,adjusted
2019-06-26,12.741,12.981,12.741,12.821,12.821,53451.0,,adjusted
2019-06-27,12.901,13.101,12.828,13.041,13.041,64287.0,,adjusted
2019-06-28,13.008,13.108,12.708,12.761,12.761,55971.0,,adjusted
2019-07-01,12.988,13.515,12.988,13.441,13.441,104652.0,,adjusted
2019-07-02,13.495,13.721,13.361,13.441,13.441,88200.0,,adjusted
2019-07-03,13.441,13.675,13.401,13.588,13.588,81148.0,,adjusted
2019-07-04,13.528,13.588,13.335,13.515,13.515,67770.0,,adjusted
2019-07-05,13.488,13.681,13.441,13.501,13.501,45592.0,,adjusted
2019-07-08,13.541,13.541,12.901,13.028,13.028,65319.0,,adjusted
2019-07-09,13.055,13.148,12.688,12.835,12.835,49325.0,,adjusted
2019-07-10,13.021,13.055,12.848,12.935,12.935,28036.0,,adjusted
2019-07-11,12.968,13.155,12.901,12.968,12.968,31120.0,,adjusted
2019-07-12,12.968,13.135,12.821,13.028,13.028,28050.0,,adjusted
2019-07-15,12.848,13.088,12.515,12.881,12.881,102698.0,,adjusted
2019-07-16,12.875,13.368,12.875,13.321,13.321,85082.0,,adjusted
2019-07-17,13.308,13.521,13.161,13.408,13.408,42748.0,,adjusted
2019-07-18,13.248,13.415,13.088,13.228,13.228,42987.0,,adjusted
2019-07-19,13.288,13.541,13.175,13.315,13.315,44181.0,,adjusted
2019-07-22,13.415,13.415,13.181,13.201,13.201,41462.0,,adjusted
2019-07-23,13.195,13.468,13.088,13.401,13.401,29773.0,,adjusted
2019-07-24,13.421,14.115,13.401,13.928,13.928,91074.0,,adjusted
2019-07-25,13.895,14.141,13.715,13.855,13.855,73219.0,,adjusted
2019-07-26,13.895,13.915,13.635,13.901,13.901,58252.0,,adjusted
2019-07-29,13.901,14.041,13.808,14.021,14.021,50647.0,,adjusted
2019-07-30,14.055,14.355,14.001,14.201,14.201,83701.0,,adjusted
2019-07-31,14.268,14.348,14.055,14.235,14.235,40932.0,,adjusted
2019-08-01,14.141,14.335,14.055,14.075,14.075,55323.0,,adjusted
2019-08-02,13.821,14.261,13.568,13.961,13.961,79557.0,,adjusted
2019-08-05,13.955,14.261,13.661,13.661,13.661,55721.0,,adjusted
2019-08-06,13.528,13.775,13.188,13.541,13.541,79211.0,,adjusted
2019-08-07,13.568,13.688,12.908,13.015,13.015,82262.0,,adjusted
2019-08-08,13.088,13.208,12.901,13.041,13.041,55300.0,,adjusted
2019-08-09,13.081,13.088,12.755,12.755,12.755,45111.0,,adjusted
2019-08-12,12.621,12.841,12.541,12.821,12.821,80226.0,,adjusted
2019-08-13,12.708,12.775,12.521,12.561,12.561,33165.0,,adjusted
2019-08-14,12.755,12.988,12.355,12.395,12.395,71067.0,,adjusted
2019-08-15,12.281,12.721,12.108,12.695,12.695,76004.0,,adjusted
2019-08-16,12.695,12.828,12.428,12.575,12.575,57722.0,,adjusted
2019-08-19,12.888,13.495,12.835,13.321,13.321,112920.0,,adjusted
2019-08-20,13.488,13.515,13.155,13.201,13.201,47140.0,,adjusted
2019-08-21,13.055,13.248,12.861,12.928,12.928,66075.0,,adjusted
2019-08-22,12.955,13.088,12.755,12.821,12.821,60032.0,,adjusted
2019-08-23,12.788,12.848,12.561,12.621,12.621,60215.0,,adjusted
2019-08-26,12.448,12.508,12.288,12.488,12.488,74333.0,,adjusted
2019-08-27,12.548,13.088,12.548,12.775,12.775,115151.0,,adjusted
2019-08-28,12.988,13.221,12.895,12.995,12.995,72488.0,,adjusted
2019-08-29,12.995,13.155,12.835,12.988,12.988,42589.0,,adjusted
2019-08-30,13.061,13.208,12.855,12.968,12.968,45308.0,,adjusted
2019-09-02,12.995,13.348,12.908,13.208,13.208,85016.0,,adjusted
2019-09-03,13.221,13.395,13.055,13.341,13.341,49001.0,,adjusted
2019-09-04,13.288,13.488,13.168,13.341,13.341,49524.0,,adjusted
2019-09-05,13.541,13.681,13.201,13.248,13.248,104246.0,,adjusted
2019-09-06,13.355,13.475,13.275,13.435,13.435,76933.0,,adjusted
2019-09-09,13.575,14.075,13.361,13.915,13.915,159650.0,,adjusted
2019-09-11,14.021,14.021,13.048,13.608,13.608,182296.0,,adjusted
2019-09-12,13.955,14.248,13.635,14.101,14.101,157417.0,,adjusted
2019-09-16,14.115,14.621,14.021,14.521,14.521,150807.0,,adjusted
2019-09-17,14.435,14.515,13.955,13.981,13.981,121964.0,,adjusted
2019-09-18,14.068,14.161,13.868,13.888,13.888,76139.0,,adjusted
2019-09-19,14.021,14.201,13.795,14.141,14.141,94482.0,,adjusted
2019-09-20,14.208,14.321,13.941,13.941,13.941,103201.0,,adjusted
2019-09-23,13.941,14.335,13.755,14.335,14.335,146132.0,,adjusted
2019-09-24,14.335,14.455,14.188,14.235,14.235,84647.0,,adjusted
2019-09-25,14.235,14.355,14.101,14.215,14.215,59712.0,,adjusted
2019-09-26,14.255,14.455,14.068,14.201,14.201,80777.0,,adjusted
2019-09-27,14.095,14.381,14.088,14.088,14.088,43069.0,,adjusted
2019-09-30,14.028,14.221,13.661,13.841,13.841,49681.0,,adjusted
2019-10-08,13.941,14.121,13.761,13.948,13.948,53591.0,,adjusted
2019-10-09,13.901,14.008,13.535,13.721,13.721,54018.0,,adjusted
2019-10-10,13.721,13.835,13.541,13.695,13.695,60142.0,,adjusted
2019-10-11,13.695,14.188,13.641,14.055,14.055,65388.0,,adjusted
2019-10-14,14.241,14.901,14.221,14.661,14.661,150790.0,,adjusted
2019-10-15,14.435,14.455,13.501,13.641,13.641,176345.0,,adjusted
2019-10-16,13.621,13.821,13.521,13.521,13.521,64785.0,,adjusted
2019-10-17,13.421,13.475,13.048,13.115,13.115,94312.0,,adjusted
2019-10-18,13.195,13.195,12.915,13.088,13.088,57283.0,,adjusted
2019-10-21,13.081,13.181,12.821,13.088,13.088,48801.0,,adjusted
2019-10-22,13.075,13.535,13.015,13.495,13.495,53936.0,,adjusted
2019-10-23,13.368,13.895,13.368,13.808,13.808,73344.0,,adjusted
2019-10-24,13.888,13.921,13.628,13.795,13.795,71679.0,,adjusted
2019-10-25,13.748,13.901,13.635,13.801,13.801,54493.0,,adjusted
2019-10-28,13.908,14.155,13.855,14.041,14.041,63528.0,,adjusted
2019-10-29,14.021,14.395,13.921,13.981,13.981,82827.0,,adjusted
2019-10-30,14.255,14.288,14.028,14.288,14.288,66040.0,,adjusted
2019-10-31,14.488,14.488,14.068,14.241,14.241,40706.0,,adjusted
2019-11-01,14.101,14.468,14.008,14.308,14.308,70150.0,,adjusted
2019-11-04,14.468,14.575,14.288,14.328,14.328,59928.0,,adjusted
2019-11-05,14.328,14.735,14.221,14.501,14.501,94684.0,,adjusted
2019-11-06,14.455,14.655,14.388,14.475,14.475,47656.0,,adjusted
2019-11-07,14.455,14.668,14.381,14.521,14.521,52058.0,,adjusted
2019-11-08,14.655,14.815,14.361,14.381,14.381,50042.0,,adjusted
2019-11-11,14.288,14.555,14.101,14.195,14.195,42071.0,,adjusted
2019-11-12,14.275,14.621,14.235,14.355,14.355,50785.0,,adjusted
2019-11-13,14.541,14.555,14.088,14.355,14.355,46771.0,,adjusted
2019-11-14,14.288,14.521,14.288,14.341,14.341,38889.0,,adjusted
2019-11-15,14.428,14.475,14.121,14.121,14.121,40265.0,,adjusted
2019-11-18,14.121,14.421,14.008,14.281,14.281,67025.0,,adjusted
2019-11-19,14.388,14.875,14.328,14.835,14.835,112471.0,,adjusted
2019-11-20,14.861,15.341,14.755,15.201,15.201,113698.0,,adjusted
2019-11-21,15.321,15.955,15.221,15.821,15.821,152618.0,,adjusted
2019-11-22,15.881,16.075,15.495,15.708,15.708,130306.0,,adjusted
2019-11-25,15.688,15.915,15.428,15.541,15.541,108018.0,,adjusted
2019-11-26,15.595,15.768,15.441,15.768,15.768,136477.0,,adjusted
2019-11-27,15.608,15.608,15.048,15.461,15.461,113475.0,,adjusted
2019-11-28,15.521,15.588,15.108,15.288,15.288,95768.0,,adjusted
2019-11-29,15.315,15.495,14.941,15.135,15.135,70292.0,,adjusted
2019-12-02,15.301,15.721,15.108,15.208,15.208,98448.0,,adjusted
2019-12-03,15.255,16.028,14.995,16.021,16.021,149398.0,,adjusted
2019-12-04,15.921,16.041,15.655,15.901,15.901,93155.0,,adjusted
2019-12-05,15.955,16.148,15.821,16.041,16.041,128441.0,,adjusted
2019-12-06,16.128,16.241,15.655,16.195,16.195,89882.0,,adjusted
2019-12-09,16.241,16.348,16.061,16.061,16.061,93093.0,,adjusted
2019-12-10,16.075,16.175,15.781,16.015,16.015,75976.0,,adjusted
2019-12-11,16.001,16.048,15.775,15.901,15.901,49271.0,,adjusted
2019-12-12,15.921,16.581,15.835,16.435,16.435,109238.0,,adjusted
2019-12-13,16.488,17.141,16.488,16.808,16.808,134389.0,,adjusted
2019-12-16,16.955,17.401,16.761,17.175,17.175,121595.0,,adjusted
2019-12-17,17.121,17.288,16.941,17.088,17.088,93737.0,,adjusted
2019-12-18,17.221,17.341,17.001,17.221,17.221,54746.0,,adjusted
2019-12-19,17.155,17.688,17.088,17.288,17.288,77712.0,,adjusted
2019-12-20,17.288,17.561,17.108,17.208,17.208,42392.0,,adjusted
2019-12-23,17.281,17.281,16.721,16.775,16.775,73414.0,,adjusted
2019-12-24,16.855,17.121,16.755,17.015,17.015,63427.0,,adjusted
2019-12-25,17.075,17.415,16.795,16.955,16.955,61460.0,,adjusted
2019-12-26,17.041,17.288,16.821,17.021,17.021,45567.0,,adjusted
2019-12-27,16.955,17.595,16.881,17.288,17.288,144257.0,,adjusted
2019-12-30,17.275,18.215,17.108,18.188,18.188,179157.0,,adjusted
2019-12-31,18.061,18.175,17.708,18.048,18.048,89918.0,,adjusted
2020-01-02,18.021,18.355,17.921,18.041,18.041,128933.0,,adjusted
2020-01-03,18.055,18.255,17.948,18.188,18.188,81820.0,,adjusted
2020-01-06,18.121,18.555,17.988,18.101,18.101,97361.0,,adjusted
2020-01-07,18.088,18.175,17.655,17.928,17.928,100186.0,,adjusted
2020-01-08,17.888,18.548,17.821,18.475,18.475,104613.0,,adjusted
2020-01-09,18.468,18.848,17.888,18.255,18.255,108676.0,,adjusted
2020-01-10,18.261,18.368,17.935,18.288,18.288,67272.0,,adjusted
2020-01-13,18.288,18.821,18.161,18.728,18.728,93024.0,,adjusted
2020-01-14,18.701,18.915,18.448,18.521,18.521,51341.0,,adjusted
2020-01-15,18.648,18.788,18.288,18.555,18.555,51021.0,,adjusted
2020-01-16,18.455,19.055,18.361,18.555,18.555,82356.0,,adjusted
2020-01-17,18.628,18.708,17.488,18.155,18.155,187005.0,,adjusted
2020-01-20,17.755,18.808,17.561,18.135,18.135,205324.0,,adjusted
2020-01-21,18.108,18.468,17.301,17.448,17.448,149374.0,,adjusted
2020-01-22,17.421,17.608,16.808,17.475,17.475,129429.0,,adjusted
2020-01-23,17.348,18.088,16.875,17.121,17.121,124039.0,,adjusted
2020-02-03,15.175,16.341,15.175,15.228,15.228,161601.0,,adjusted
2020-02-04,15.641,16.368,15.635,16.055,16.055,140519.0,,adjusted
2020-02-05,16.335,16.748,15.875,16.281,16.281,151705.0,,adjusted
2020-02-06,16.221,16.788,15.841,16.575,16.575,147632.0,,adjusted
2020-02-07,16.475,16.675,16.195,16.448,16.448,124710.0,,adjusted
2020-02-10,16.548,16.935,16.355,16.875,16.875,146626.0,,adjusted
2020-02-11,17.075,17.375,16.828,17.088,17.088,101141.0,,adjusted
2020-02-12,17.021,17.695,16.955,17.535,17.535,106181.0,,adjusted
2020-02-13,17.481,17.821,16.881,17.035,17.035,124058.0,,adjusted
2020-02-14,16.955,17.441,16.835,17.115,17.115,65116.0,,adjusted
2020-02-17,17.288,17.735,17.155,17.695,17.695,82241.0,,adjusted
2020-02-18,17.841,18.155,17.561,18.028,18.028,111392.0,,adjusted
2020-02-19,17.768,18.488,17.608,18.228,18.228,135156.0,,adjusted
2020-02-20,18.121,18.535,17.828,18.121,18.121,107925.0,,adjusted
2020-02-21,18.128,18.768,18.128,18.228,18.228,146379.0,,adjusted
2020-02-24,18.488,18.821,17.721,18.568,18.568,174886.0,,adjusted
2020-02-25,18.221,19.215,17.955,19.215,19.215,228894.0,,adjusted
2020-02-26,18.895,19.088,17.921,18.008,18.008,191081.0,,adjusted
2020-02-27,17.941,18.088,17.388,17.421,17.421,169965.0,,adjusted
2020-02-28,16.621,17.188,16.495,16.495,16.495,171542.0,,adjusted
2020-03-02,16.721,17.141,16.508,17.048,17.048,145555.0,,adjusted
2020-03-03,17.335,17.741,17.155,17.588,17.588,154141.0,,adjusted
2020-03-04,17.355,17.948,17.208,17.855,17.855,109690.0,,adjusted
2020-03-05,18.148,18.208,17.281,17.468,17.468,108178.0,,adjusted
2020-03-06,17.155,17.755,17.101,17.521,17.521,89261.0,,adjusted
2020-03-09,17.228,17.335,16.741,16.748,16.748,113514.0,,adjusted
2020-03-10,16.561,17.148,16.401,17.015,17.015,132875.0,,adjusted
2020-03-11,17.128,17.128,16.621,16.721,16.721,87351.0,,adjusted
2020-03-12,16.415,16.615,15.961,16.221,16.221,172236.0,,adjusted
2020-03-13,15.421,15.875,15.221,15.541,15.541,183719.0,,adjusted
2020-03-16,15.541,15.581,14.541,14.681,14.681,193340.0,,adjusted
2020-03-17,14.615,14.988,14.141,14.468,14.468,165944.0,,adjusted
2020-03-18,14.621,15.101,14.335,14.395,14.395,121620.0,,adjusted
2020-03-19,14.661,14.721,13.768,14.235,14.235,187855.0,,adjusted
2020-03-20,14.408,14.475,13.768,14.015,14.015,149321.0,,adjusted
2020-03-23,13.495,13.608,13.061,13.308,13.308,155106.0,,adjusted
2020-03-24,13.588,13.648,13.288,13.641,13.641,122223.0,,adjusted
2020-03-25,13.955,14.581,13.755,14.315,14.315,159550.0,,adjusted
2020-03-26,14.228,14.801,14.088,14.661,14.661,138653.0,,adjusted
2020-03-27,14.855,15.755,14.848,15.481,15.481,155673.0,,adjusted
2020-03-30,15.395,15.455,14.821,14.955,14.955,109516.0,,adjusted
2020-03-31,15.181,15.308,14.755,14.855,14.855,63147.0,,adjusted
2020-04-01,14.975,15.268,14.821,14.988,14.988,69154.0,,adjusted
2020-04-02,15.055,15.421,14.928,15.421,15.421,59410.0,,adjusted
2020-04-03,15.441,15.808,15.368,15.541,15.541,56192.0,,adjusted
2020-04-07,15.808,16.455,15.808,16.288,16.288,110196.0,,adjusted
2020-04-08,16.281,16.888,16.168,16.595,16.595,73387.0,,adjusted
2020-04-09,16.761,16.761,15.921,16.021,16.021,71007.0,,adjusted
2020-04-10,16.001,17.208,15.761,16.501,16.501,136941.0,,adjusted
2020-04-13,16.688,16.988,16.435,16.888,16.888,79621.0,,adjusted
2020-04-14,16.888,17.381,16.835,17.188,17.188,98665.0,,adjusted
2020-04-15,17.248,17.341,16.955,17.188,17.188,55662.0,,adjusted
2020-04-16,16.961,17.321,16.955,17.315,17.315,73178.0,,adjusted
2020-04-17,17.355,17.681,17.221,17.421,17.421,72843.0,,adjusted
2020-04-20,17.621,18.141,17.461,17.721,17.721,90558.0,,adjusted
2020-04-21,17.668,17.821,17.321,17.521,17.521,45835.0,,adjusted
2020-04-22,17.361,17.648,17.228,17.568,17.568,53888.0,,adjusted
2020-04-23,17.641,18.475,17.641,17.755,17.755,134602.0,,adjusted
2020-04-24,17.961,18.681,17.781,17.921,17.921,115802.0,,adjusted
2020-04-27,17.821,18.728,17.821,18.381,18.381,97251.0,,adjusted
2020-04-28,18.608,19.975,18.141,19.608,19.608,200119.0,,adjusted
2020-04-29,19.561,19.595,18.768,19.288,19.288,111074.0,,adjusted
2020-04-30,19.355,19.935,18.955,19.441,19.441,98890.0,,adjusted
2020-05-06,20.821,20.821,19.021,20.221,20.221,154850.0,,adjusted
2020-05-07,20.148,20.488,19.755,20.155,20.155,88847.0,,adjusted
2020-05-08,20.281,20.941,20.035,20.741,20.741,105904.0,,adjusted
2020-05-11,20.555,21.001,20.295,20.461,20.461,77124.0,,adjusted
2020-05-12,20.748,21.341,20.168,21.288,21.288,112481.0,,adjusted
2020-05-13,21.041,21.335,20.455,21.261,21.261,100965.0,,adjusted
2020-05-14,21.021,21.281,20.801,21.155,21.155,63597.0,,adjusted
2020-05-15,21.088,21.388,20.908,21.035,21.035,63033.0,,adjusted
2020-05-18,21.035,21.415,20.815,21.048,21.048,105766.0,,adjusted
2020-05-19,21.295,21.661,21.055,21.381,21.381,71102.0,,adjusted
2020-05-20,21.281,21.368,20.955,20.968,20.968,57389.0,,adjusted
2020-05-21,21.088,21.415,20.588,20.921,20.921,82131.0,,adjusted
2020-05-22,20.961,21.021,20.288,20.508,20.508,89117.0,,adjusted
2020-05-25,20.855,20.915,20.201,20.728,20.728,84285.0,,adjusted
2020-05-26,20.961,21.721,20.608,21.315,21.315,110633.0,,adjusted
2020-05-27,21.455,21.548,20.428,20.655,20.655,95313.0,,adjusted
2020-05-28,20.501,20.781,19.748,20.141,20.141,115281.0,,adjusted
2020-05-29,20.188,20.841,20.108,20.508,20.508,94695.0,,adjusted
2020-06-01,20.688,21.541,20.541,21.255,21.255,105899.0,,adjusted
2020-06-02,21.255,21.488,20.101,20.235,20.235,116521.0,,adjusted
2020-06-03,20.288,21.055,20.021,20.768,20.768,98740.0,,adjusted
2020-06-04,20.955,21.215,20.675,20.988,20.988,88137.0,,adjusted
2020-06-05,20.921,20.981,20.288,20.521,20.521,69340.0,,adjusted
2020-06-08,20.755,21.508,20.515,20.655,20.655,117087.0,,adjusted
2020-06-09,20.608,20.941,20.408,20.661,20.661,69521.0,,adjusted
2020-06-10,20.648,21.681,20.448,21.561,21.561,114070.0,,adjusted
2020-06-11,22.001,22.021,20.455,20.588,20.588,149958.0,,adjusted
2020-06-12,20.068,20.701,20.035,20.221,20.221,112855.0,,adjusted
2020-06-15,20.288,20.621,19.995,20.208,20.208,81814.0,,adjusted
2020-06-16,20.555,21.221,20.301,20.921,20.921,87107.0,,adjusted
2020-06-17,21.141,21.141,19.955,20.075,20.075,101969.0,,adjusted
2020-06-18,20.321,20.515,19.955,20.261,20.261,106301.0,,adjusted
2020-06-19,20.241,21.201,20.121,20.821,20.821,149794.0,,adjusted
2020-06-22,20.955,21.648,20.655,21.288,21.288,108524.0,,adjusted
2020-06-23,21.288,21.781,21.021,21.535,21.535,115178.0,,adjusted
2020-06-24,21.955,22.475,21.561,22.261,22.261,189901.0,,adjusted
2020-06-29,22.041,22.548,21.821,22.328,22.328,115841.0,,adjusted
2020-06-30,22.295,23.061,22.295,22.948,22.948,112777.0,,adjusted
2020-07-01,22.948,23.528,22.628,23.341,23.341,110670.0,,adjusted
2020-07-02,23.061,23.341,22.155,22.821,22.821,131648.0,,adjusted
2020-07-03,22.861,23.055,22.155,22.801,22.801,119472.0,,adjusted
2020-07-06,22.795,23.655,22.341,23.488,23.488,132442.0,,adjusted
2020-07-07,23.488,24.848,23.488,24.241,24.241,127597.0,,adjusted
2020-07-08,26.821,26.901,26.361,26.901,26.901,163726.0,,adjusted
2020-07-09,28.555,29.828,28.075,29.828,29.828,298971.0,,adjusted
2020-07-10,30.355,30.355,28.821,30.021,30.021,254964.0,,adjusted
2020-07-13,29.635,31.115,29.635,30.461,30.461,163641.0,,adjusted
2020-07-14,30.688,32.821,30.195,31.088,31.088,272432.0,,adjusted
2020-07-15,31.075,32.475,30.808,31.075,31.075,203942.0,,adjusted
2020-07-16,31.195,33.668,30.275,31.208,31.208,299488.0,,adjusted
2020-07-17,31.488,32.275,28.741,31.141,31.141,230357.0,,adjusted
2020-07-20,32.448,33.295,30.115,32.488,32.488,207806.0,,adjusted
2020-07-21,32.475,33.395,31.761,32.628,32.628,155643.0,,adjusted
2020-07-22,32.661,33.275,31.995,32.075,32.075,152124.0,,adjusted
2020-07-23,31.741,32.781,31.741,32.408,32.408,148510.0,,adjusted
2020-07-24,32.048,32.595,29.748,30.201,30.201,291363.0,,adjusted
2020-07-27,30.201,30.595,29.481,29.941,29.941,145701.0,,adjusted
2020-07-28,30.401,32.168,29.975,31.281,31.281,186685.0,,adjusted
2020-07-29,31.141,32.075,30.815,31.961,31.961,166290.0,,adjusted
2020-07-30,32.401,32.675,30.781,31.001,31.001,166628.0,,adjusted
2020-07-31,31.341,31.935,30.508,31.248,31.248,133766.0,,adjusted
2020-08-03,31.455,33.275,31.208,33.008,33.008,192425.0,,adjusted
2020-08-04,33.508,33.521,31.568,32.541,32.541,181049.0,,adjusted
2020-08-05,32.615,33.175,31.981,32.981,32.981,138985.0,,adjusted
2020-08-06,32.901,32.901,30.975,32.228,32.228,166505.0,,adjusted
2020-08-07,32.228,33.261,31.721,32.055,32.055,142761.0,,adjusted
2020-08-10,32.335,33.208,31.815,32.555,32.555,117925.0,,adjusted
2020-08-11,32.715,34.915,32.655,33.001,33.001,194940.0,,adjusted
2020-08-12,32.741,32.895,30.741,31.488,31.488,172359.0,,adjusted
2020-08-13,31.895,33.061,31.428,32.775,32.775,127101.0,,adjusted
2020-08-14,32.615,34.641,32.501,34.495,34.495,194900.0,,adjusted
2020-08-17,34.061,34.995,33.681,34.721,34.721,150157.0,,adjusted
2020-08-18,35.035,36.541,33.715,34.835,34.835,224688.0,,adjusted
2020-08-19,34.675,36.228,34.441,35.355,35.355,151378.0,,adjusted
2020-08-20,35.275,36.115,33.608,33.608,33.608,150586.0,,adjusted
2020-08-21,33.648,34.808,33.195,34.621,34.621,114998.0,,adjusted
2020-08-24,35.341,35.855,33.548,35.115,35.115,114758.0,,adjusted
2020-08-25,34.875,36.315,34.521,36.061,36.061,116418.0,,adjusted
2020-08-26,35.548,36.128,34.915,35.075,35.075,117582.0,,adjusted
2020-08-27,35.148,38.001,35.141,36.875,36.875,185809.0,,adjusted
2020-08-28,36.275,36.508,35.408,36.335,36.335,182080.0,,adjusted
2020-08-31,36.141,36.321,34.408,34.941,34.941,204165.0,,adjusted
2020-09-01,35.155,36.248,34.735,35.928,35.928,123309.0,,adjusted
2020-09-02,35.975,36.568,34.628,35.408,35.408,124893.0,,adjusted
2020-09-03,35.395,35.635,34.128,34.248,34.248,129036.0,,adjusted
2020-09-04,33.861,34.621,33.215,34.361,34.361,99899.0,,adjusted
2020-09-07,34.361,34.741,33.075,33.668,33.668,116446.0,,adjusted
2020-09-08,33.415,33.868,32.428,33.321,33.321,109833.0,,adjusted
2020-09-09,33.388,33.708,31.741,32.201,32.201,115790.0,,adjusted
2020-09-10,32.668,33.161,31.841,32.075,32.075,99367.0,,adjusted
2020-09-11,31.595,32.815,31.388,32.588,32.588,116883.0,,adjusted
2020-09-14,33.061,33.261,32.075,32.415,32.415,126008.0,,adjusted
2020-09-15,32.688,33.935,32.481,33.601,33.601,113325.0,,adjusted
2020-09-16,34.401,34.401,32.788,33.208,33.208,81072.0,,adjusted
2020-09-17,33.195,35.008,32.861,34.648,34.648,117228.0,,adjusted
2020-09-18,34.521,35.215,34.015,34.708,34.708,105419.0,,adjusted
2020-09-21,34.995,35.555,33.775,34.961,34.961,85830.0,,adjusted
2020-09-22,34.415,35.341,34.008,34.401,34.401,71548.0,,adjusted
2020-09-23,34.681,34.681,33.995,34.215,34.215,63047.0,,adjusted
2020-09-24,34.275,35.461,33.208,33.741,33.741,117025.0,,adjusted
2020-09-25,33.835,35.328,33.835,35.035,35.035,125300.0,,adjusted
2020-09-28,35.341,35.795,34.528,34.968,34.968,102619.0,,adjusted
2020-09-29,34.968,35.595,34.601,35.275,35.275,90788.0,,adjusted
2020-09-30,35.288,36.895,35.095,36.341,36.341,119348.0,,adjusted
2020-10-09,37.475,39.741,36.421,38.908,38.908,161808.0,,adjusted
2020-10-12,39.208,40.215,38.475,40.215,40.215,117063.0,,adjusted
2020-10-13,39.681,40.601,39.501,39.888,39.888,80271.0,,adjusted
2020-10-14,39.741,40.208,39.275,39.541,39.541,114840.0,,adjusted
2020-10-15,39.808,40.108,39.248,39.875,39.875,90087.0,,adjusted
2020-10-16,39.408,40.228,38.948,39.355,39.355,70938.0,,adjusted
2020-10-19,40.075,40.848,39.095,39.455,39.455,99216.0,,adjusted
2020-10-20,39.668,40.695,39.148,40.455,40.455,74329.0,,adjusted
2020-10-21,40.668,40.668,39.308,39.575,39.575,63813.0,,adjusted
2020-10-22,39.175,39.561,38.241,39.235,39.235,102946.0,,adjusted
2020-10-23,39.241,40.175,38.075,39.195,39.195,95279.0,,adjusted
2020-10-26,37.735,39.748,36.408,39.321,39.321,97585.0,,adjusted
2020-10-27,39.408,40.195,38.875,39.608,39.608,102368.0,,adjusted
2020-10-28,39.808,40.928,39.341,39.608,39.608,127193.0,,adjusted
2020-10-29,38.975,41.788,38.881,41.435,41.435,113703.0,,adjusted
2020-10-30,42.215,42.608,40.288,40.568,40.568,113301.0,,adjusted
2020-11-02,45.741,49.135,45.541,49.135,49.135,305970.0,,adjusted
2020-11-03,50.221,50.601,48.075,49.608,49.608,289069.0,,adjusted
2020-11-04,50.081,51.315,49.368,50.408,50.408,191258.0,,adjusted
2020-11-05,50.748,52.315,49.908,51.155,51.155,158393.0,,adjusted
2020-11-06,51.741,51.741,49.915,50.735,50.735,150291.0,,adjusted
2020-11-09,51.748,53.195,50.768,52.848,52.848,147125.0,,adjusted
2020-11-10,52.075,53.315,49.775,52.475,52.475,171626.0,,adjusted
2020-11-11,53.068,55.661,51.075,51.295,51.295,203414.0,,adjusted
2020-11-12,52.375,52.715,50.075,51.321,51.321,152582.0,,adjusted
2020-11-13,51.988,52.608,50.815,52.295,52.295,111620.0,,adjusted
2020-11-16,53.068,54.301,52.341,52.835,52.835,163925.0,,adjusted
2020-11-17,53.181,54.641,51.661,52.741,52.741,126168.0,,adjusted
2020-11-18,52.101,53.408,50.608,51.448,51.448,138637.0,,adjusted
2020-11-19,51.908,51.908,50.448,51.028,51.028,100849.0,,adjusted
2020-11-20,51.455,52.295,50.941,51.248,51.248,123281.0,,adjusted
2020-11-23,52.075,55.075,51.248,54.021,54.021,163477.0,,adjusted
2020-11-24,54.021,54.408,52.188,53.608,53.608,106834.0,,adjusted
2020-11-25,54.115,54.241,52.328,52.795,52.795,85600.0,,adjusted
2020-11-26,52.555,53.168,48.481,49.875,49.875,177431.0,,adjusted
2020-11-27,50.421,50.741,48.928,49.608,49.608,96033.0,,adjusted
2020-11-30,50.081,50.935,49.075,49.075,49.075,130287.0,,adjusted
2020-12-01,50.548,53.181,50.035,51.415,51.415,159663.0,,adjusted
2020-12-02,52.221,53.308,51.141,51.948,51.948,87989.0,,adjusted
2020-12-03,52.168,52.921,51.208,51.768,51.768,69815.0,,adjusted
2020-12-04,51.308,55.275,51.021,54.721,54.721,143399.0,,adjusted
2020-12-07,54.815,54.941,53.555,54.208,54.208,89604.0,,adjusted
2020-12-08,54.748,56.341,54.128,54.795,54.795,126593.0,,adjusted
2020-12-09,54.875,55.275,53.428,53.761,53.761,81606.0,,adjusted
2020-12-10,53.995,55.728,52.608,53.841,53.841,109026.0,,adjusted
2020-12-11,54.808,55.175,52.381,53.135,53.135,156241.0,,adjusted
2020-12-14,53.808,54.081,52.528,53.868,53.868,96751.0,,adjusted
2020-12-15,53.988,55.841,53.628,55.375,55.375,92471.0,,adjusted
2020-12-16,55.401,57.075,54.095,54.741,54.741,111227.0,,adjusted
2020-12-17,54.921,55.368,54.255,55.035,55.035,69058.0,,adjusted
2020-12-18,55.081,57.295,54.615,56.515,56.515,142983.0,,adjusted
2020-12-21,56.761,58.275,56.141,58.275,58.275,166672.0,,adjusted
2020-12-22,57.741,59.035,54.875,55.075,55.075,169190.0,,adjusted
2020-12-23,55.761,58.141,55.761,56.748,56.748,139041.0,,adjusted
2020-12-24,57.335,58.808,55.948,58.595,58.595,98286.0,,adjusted
2020-12-25,58.595,59.475,57.581,59.375,59.375,111813.0,,adjusted
2020-12-28,59.741,59.755,56.908,58.341,58.341,122133.0,,adjusted
2020-12-29,57.675,58.735,54.661,55.208,55.208,156237.0,,adjusted
2020-12-30,55.428,57.555,55.428,56.115,56.115,140248.0,,adjusted
2020-12-31,56.115,60.595,56.115,59.941,59.941,148548.0,,adjusted
2021-01-04,59.941,62.968,59.448,61.468,61.468,137223.0,,adjusted
2021-01-05,60.408,62.108,59.275,61.861,61.861,142349.0,,adjusted
2021-01-06,62.628,63.275,59.341,61.341,61.341,148901.0,,adjusted
2021-01-07,61.335,65.741,60.281,64.448,64.448,177656.0,,adjusted
2021-01-08,64.941,65.475,61.928,64.408,64.408,138247.0,,adjusted
2021-01-11,64.408,64.408,59.608,61.268,61.268,174409.0,,adjusted
2021-01-12,60.581,63.508,59.815,62.675,62.675,131440.0,,adjusted
2021-01-13,63.075,63.135,56.915,57.675,57.675,239969.0,,adjusted
2021-01-14,56.408,59.141,56.368,58.261,58.261,184919.0,,adjusted
2021-01-15,57.941,59.348,55.061,57.228,57.228,146302.0,,adjusted
2021-01-18,56.541,58.801,54.861,57.955,57.955,127805.0,,adjusted
2021-01-19,57.955,60.675,57.748,60.015,60.015,170768.0,,adjusted
2021-01-20,59.401,60.781,58.741,60.015,60.015,93371.0,,adjusted
2021-01-21,60.075,68.355,59.741,65.741,65.741,222291.0,,adjusted
2021-01-22,66.408,66.801,63.128,63.608,63.608,222383.0,,adjusted
2021-01-25,63.908,67.708,63.908,65.135,65.135,209089.0,,adjusted
2021-01-26,65.528,66.075,61.475,64.275,64.275,138074.0,,adjusted
2021-01-27,63.808,65.601,62.428,63.728,63.728,116061.0,,adjusted
2021-01-28,64.315,64.341,58.741,60.681,60.681,177115.0,,adjusted
2021-01-29,61.081,63.195,60.255,61.175,61.175,142472.0,,adjusted
2021-02-01,61.375,63.808,61.075,63.535,63.535,130586.0,,adjusted
2021-02-02,63.875,69.075,63.741,67.595,67.595,200093.0,,adjusted
2021-02-03,68.415,68.861,65.075,65.355,65.355,130213.0,,adjusted
2021-02-04,65.381,65.961,63.341,64.408,64.408,102832.0,,adjusted
2021-02-05,65.748,65.888,63.068,63.455,63.455,102821.0,,adjusted
2021-02-08,63.741,71.741,63.168,70.988,70.988,207976.0,,adjusted
2021-02-09,71.741,72.408,69.408,72.408,72.408,137541.0,,adjusted
2021-02-10,72.928,73.808,70.735,73.808,73.808,94424.0,,adjusted
2021-02-18,75.741,76.341,72.408,73.841,73.841,138935.0,,adjusted
2021-02-19,71.808,72.341,65.741,68.255,68.255,177430.0,,adjusted
2021-02-22,68.541,68.955,64.541,65.515,65.515,172974.0,,adjusted
2021-02-23,65.075,66.735,62.275,62.481,62.481,193656.0,,adjusted
2021-02-24,63.075,63.201,56.995,57.641,57.641,274053.0,,adjusted
2021-02-25,58.741,59.241,55.315,55.868,55.868,224500.0,,adjusted
2021-02-26,54.741,55.441,53.075,54.601,54.601,196775.0,,adjusted
2021-03-01,56.921,58.068,55.188,57.668,57.668,260917.0,,adjusted
2021-03-02,58.061,58.988,54.988,56.995,56.995,178992.0,,adjusted
2021-03-03,56.655,56.661,54.475,56.461,56.461,156727.0,,adjusted
2021-03-04,55.021,55.721,52.521,53.441,53.441,192817.0,,adjusted
2021-03-05,53.728,57.128,53.175,56.328,56.328,185789.0,,adjusted
2021-03-08,55.661,56.875,54.421,54.908,54.908,146429.0,,adjusted
2021-03-09,53.441,55.981,51.995,52.208,52.208,157636.0,,adjusted
2021-03-10,54.375,55.401,53.081,54.175,54.175,154893.0,,adjusted
2021-03-11,54.201,57.075,54.195,55.941,55.941,116902.0,,adjusted
2021-03-12,56.921,56.921,53.941,55.488,55.488,109642.0,,adjusted
2021-03-15,55.488,55.675,50.261,51.068,51.068,209202.0,,adjusted
2021-03-16,51.741,53.615,51.375,52.248,52.248,140329.0,,adjusted
2021-03-17,53.281,54.075,51.408,52.855,52.855,77033.0,,adjusted
2021-03-18,53.741,57.728,53.741,56.201,56.201,127582.0,,adjusted
2021-03-19,55.075,55.675,53.255,53.921,53.921,96407.0,,adjusted
2021-03-22,54.401,57.408,54.141,56.875,56.875,104664.0,,adjusted
2021-03-23,56.388,56.608,54.095,54.875,54.875,91896.0,,adjusted
2021-03-24,54.881,55.501,50.608,51.381,51.381,147791.0,,adjusted
2021-03-25,50.315,52.548,50.015,52.141,52.141,102117.0,,adjusted
2021-03-26,52.835,55.915,52.435,55.408,55.408,118154.0,,adjusted
2021-03-29,56.408,56.908,53.515,54.215,54.215,133383.0,,adjusted
2021-03-30,53.968,56.608,53.481,56.568,56.568,82573.0,,adjusted
2021-03-31,56.408,56.628,53.341,54.748,54.748,102938.0,,adjusted
2021-04-01,54.988,55.861,54.675,55.561,55.561,51325.0,,adjusted
2021-04-02,56.115,59.608,56.115,58.581,58.581,110433.0,,adjusted
2021-04-06,60.075,60.995,56.781,58.581,58.581,148335.0,,adjusted
2021-04-07,58.075,59.981,57.461,59.948,59.948,92304.0,,adjusted
2021-04-08,59.201,60.195,57.441,57.981,57.981,88090.0,,adjusted
2021-04-09,58.001,58.008,50.808,52.041,52.041,302005.0,,adjusted
2021-04-12,50.741,51.848,48.608,49.388,49.388,242429.0,,adjusted
2021-04-13,49.541,49.641,47.875,48.228,48.228,138105.0,,adjusted
2021-04-14,47.941,51.475,47.921,51.208,51.208,155522.0,,adjusted
2021-04-15,51.021,51.675,49.775,51.401,51.401,61932.0,,adjusted
2021-04-16,52.228,52.735,50.195,50.881,50.881,101903.0,,adjusted
2021-04-19,51.055,53.615,50.808,53.201,53.201,115372.0,,adjusted
2021-04-20,52.635,53.408,51.275,51.948,51.948,100501.0,,adjusted
2021-04-21,51.581,51.968,50.488,51.708,51.708,73556.0,,adjusted
2021-04-22,51.468,51.875,48.908,50.101,50.101,206010.0,,adjusted
2021-04-23,49.741,52.735,49.741,52.281,52.281,145943.0,,adjusted
2021-04-26,52.441,53.295,50.548,50.755,50.755,139778.0,,adjusted
2021-04-27,54.135,56.048,53.368,54.055,54.055,252744.0,,adjusted
2021-04-28,55.741,58.255,55.001,58.141,58.141,260643.0,,adjusted
2021-04-29,58.608,58.928,55.941,57.075,57.075,137310.0,,adjusted
2021-04-30,57.608,57.861,55.475,57.375,57.375,121339.0,,adjusted
2021-05-06,57.728,58.148,56.448,57.728,57.728,149543.0,,adjusted
2021-05-07,57.075,58.188,54.175,54.341,54.341,128340.0,,adjusted
2021-05-10,54.415,54.428,52.321,52.995,52.995,126755.0,,adjusted
2021-05-11,52.808,52.808,50.535,51.781,51.781,99233.0,,adjusted
2021-05-12,51.748,52.248,50.741,51.875,51.875,91458.0,,adjusted
2021-05-13,51.075,51.368,49.881,50.595,50.595,91356.0,,adjusted
2021-05-14,51.075,52.741,49.588,51.875,51.875,104031.0,,adjusted
2021-05-17,52.348,57.708,52.208,57.355,57.355,207889.0,,adjusted
2021-05-18,57.075,57.348,55.848,57.055,57.055,93263.0,,adjusted
2021-05-19,56.941,61.135,56.421,58.408,58.408,134013.0,,adjusted
2021-05-20,59.255,60.828,58.648,59.515,59.515,124900.0,,adjusted
2021-05-21,59.808,60.108,57.741,58.508,58.508,100578.0,,adjusted
2021-05-24,59.075,59.741,57.475,58.935,58.935,81069.0,,adjusted
2021-05-25,58.768,60.928,58.628,60.648,60.648,132489.0,,adjusted
2021-05-26,61.615,63.308,60.995,62.448,62.448,139176.0,,adjusted
2021-05-27,62.408,63.081,61.108,62.448,62.448,103255.0,,adjusted
2021-05-28,62.268,63.575,61.081,61.681,61.681,103078.0,,adjusted
2021-05-31,61.975,64.408,61.975,63.401,63.401,103919.0,,adjusted
2021-06-01,63.075,63.535,60.608,62.888,62.888,153841.0,,adjusted
2021-06-02,62.941,63.295,60.995,61.721,61.721,91696.0,,adjusted
2021-06-03,62.048,62.368,59.388,59.561,59.561,81532.0,,adjusted
2021-06-04,60.431,61.511,58.181,58.941,58.941,190380.0,,adjusted
2021-06-07,59.471,59.561,56.181,57.201,57.201,282523.0,,adjusted
2021-06-08,57.661,60.371,57.081,58.531,58.531,187153.0,,adjusted
2021-06-09,58.531,59.561,57.891,58.781,58.781,136041.0,,adjusted
2021-06-10,58.861,61.861,58.381,60.681,60.681,217153.0,,adjusted
2021-06-11,60.681,60.941,58.941,58.981,58.981,221137.0,,adjusted
2021-06-15,59.671,62.581,59.441,61.531,61.531,233546.0,,adjusted
2021-06-16,61.351,61.411,58.781,59.171,59.171,182856.0,,adjusted
2021-06-17,58.981,60.181,56.791,59.901,59.901,257419.0,,adjusted
2021-06-18,61.681,67.961,61.581,64.771,64.771,397916.0,,adjusted
2021-06-21,65.031,67.361,63.531,65.981,65.981,312070.0,,adjusted
2021-06-22,66.981,67.171,64.541,65.491,65.491,162313.0,,adjusted
2021-06-23,65.961,66.261,64.481,64.931,64.931,181542.0,,adjusted
2021-06-24,64.181,64.781,61.481,62.281,62.281,242188.0,,adjusted
2021-06-25,63.321,65.341,62.481,64.051,64.051,231027.0,,adjusted
2021-06-28,63.721,67.511,63.541,66.561,66.561,218750.0,,adjusted
2021-06-29,66.551,67.571,64.781,66.921,66.921,207758.0,,adjusted
2021-06-30,71.981,73.561,68.281,72.241,72.241,448183.0,,adjusted
2021-07-01,72.251,80.511,70.481,78.761,78.761,489065.0,,adjusted
2021-07-02,76.881,76.911,72.891,74.471,74.471,463802.0,,adjusted
2021-07-05,73.191,75.351,71.581,72.601,72.601,493644.0,,adjusted
2021-07-06,72.601,74.331,70.981,74.101,74.101,331305.0,,adjusted
2021-07-07,71.991,75.621,71.061,74.681,74.681,327150.0,,adjusted
2021-07-08,75.641,76.881,74.081,76.171,76.171,338309.0,,adjusted
2021-07-09,74.481,78.831,73.231,77.181,77.181,349865.0,,adjusted
2021-07-12,75.981,81.601,75.481,78.331,78.331,381844.0,,adjusted
2021-07-13,77.061,77.261,72.221,73.191,73.191,444358.0,,adjusted
2021-07-14,72.011,74.631,71.231,72.771,72.771,260076.0,,adjusted
2021-07-15,71.961,73.951,71.391,73.881,73.881,204408.0,,adjusted
2021-07-16,73.481,73.501,70.111,70.131,70.131,304589.0,,adjusted
2021-07-19,70.081,73.281,68.281,72.781,72.781,270115.0,,adjusted
2021-07-20,71.681,76.301,71.031,75.801,75.801,354984.0,,adjusted
2021-07-21,78.881,82.481,78.191,80.261,80.261,578461.0,,adjusted
2021-07-22,80.181,81.461,78.421,79.381,79.381,281889.0,,adjusted
2021-07-23,79.061,80.261,77.481,78.751,78.751,230381.0,,adjusted
2021-07-26,78.781,79.781,73.991,75.281,75.281,372565.0,,adjusted
2021-07-27,75.981,77.741,73.561,73.891,73.891,321456.0,,adjusted
2021-07-28,72.031,75.561,71.131,74.361,74.361,326779.0,,adjusted
2021-07-29,76.481,78.761,74.581,77.791,77.791,305157.0,,adjusted
2021-07-30,77.961,77.961,75.501,75.841,75.841,207728.0,,adjusted
2021-08-02,76.021,84.451,75.981,83.131,83.131,452958.0,,adjusted
2021-08-03,84.381,85.971,79.481,79.781,79.781,332183.0,,adjusted
2021-08-04,78.991,86.571,78.861,85.541,85.541,373186.0,,adjusted
2021-08-05,85.981,87.031,83.361,84.781,84.781,247958.0,,adjusted
2021-08-06,85.771,85.771,81.481,82.391,82.391,246414.0,,adjusted
2021-08-09,81.881,82.781,79.981,81.871,81.871,194699.0,,adjusted
2021-08-10,82.511,84.141,80.971,83.231,83.231,218384.0,,adjusted
2021-08-11,81.981,83.231,80.551,80.591,80.591,207110.0,,adjusted
2021-08-12,79.991,80.871,71.281,71.961,71.961,770163.0,,adjusted
2021-08-13,72.981,74.461,71.051,72.001,72.001,371403.0,,adjusted
2021-08-16,71.771,71.831,68.501,70.931,70.931,307235.0,,adjusted
2021-08-17,71.281,71.581,68.981,68.981,68.981,253525.0,,adjusted
2021-08-18,69.181,69.741,66.311,67.181,67.181,324568.0,,adjusted
2021-08-19,67.181,69.571,66.671,69.171,69.171,229272.0,,adjusted
2021-08-20,68.581,69.071,65.781,67.361,67.361,255844.0,,adjusted
2021-08-23,68.481,72.461,68.061,71.971,71.971,355805.0,,adjusted
2021-08-24,72.981,74.381,70.011,73.321,73.321,342288.0,,adjusted
2021-08-25,73.981,75.751,72.181,72.661,72.661,199587.0,,adjusted
2021-08-26,73.091,74.571,71.641,72.251,72.251,210082.0,,adjusted
2021-08-27,72.721,74.101,71.581,73.081,73.081,189252.0,,adjusted
2021-08-30,74.071,74.081,70.781,71.621,71.621,323720.0,,adjusted
2021-08-31,72.021,72.231,67.991,69.001,69.001,395151.0,,adjusted
2021-09-01,68.681,69.601,66.471,68.581,68.581,271591.0,,adjusted
2021-09-02,68.641,69.541,67.661,68.201,68.201,195049.0,,adjusted
2021-09-03,68.191,69.481,66.091,66.981,66.981,220859.0,,adjusted
2021-09-06,66.971,71.281,66.081,69.781,69.781,250600.0,,adjusted
2021-09-07,69.981,71.671,69.191,70.871,70.871,247388.0,,adjusted
2021-09-08,71.781,71.781,67.771,67.981,67.981,300478.0,,adjusted
2021-09-09,67.981,68.861,66.401,68.161,68.161,161362.0,,adjusted
2021-09-10,68.161,68.681,66.431,68.061,68.061,213611.0,,adjusted
2021-09-13,67.781,68.551,65.501,65.951,65.951,223998.0,,adjusted
2021-09-14,66.411,67.771,65.481,66.131,66.131,184144.0,,adjusted
2021-09-15,65.671,66.121,62.921,63.371,63.371,352235.0,,adjusted
2021-09-16,63.981,64.711,62.641,63.131,63.131,282270.0,,adjusted
2021-09-17,62.981,64.331,62.761,63.561,63.561,181641.0,,adjusted
2021-09-22,62.481,62.481,60.191,61.171,61.171,245283.0,,adjusted
2021-09-23,62.491,63.821,61.651,63.381,63.381,326351.0,,adjusted
2021-09-24,63.941,64.441,61.661,63.161,63.161,266489.0,,adjusted
2021-09-27,63.281,65.281,62.401,63.511,63.511,235241.0,,adjusted
2021-09-28,62.981,64.281,61.561,61.981,61.981,224038.0,,adjusted
2021-09-29,60.991,62.581,60.681,60.791,60.791,203251.0,,adjusted
2021-09-30,60.981,61.611,60.691,60.981,60.981,175663.0,,adjusted
2021-10-08,61.581,63.361,61.571,62.141,62.141,211917.0,,adjusted
2021-10-11,62.391,64.601,61.851,61.991,61.991,273166.0,,adjusted
2021-10-12,62.471,63.141,57.181,57.491,57.491,411853.0,,adjusted
2021-10-13,57.491,58.471,56.811,58.231,58.231,164596.0,,adjusted
2021-10-14,58.841,59.131,57.121,57.681,57.681,222139.0,,adjusted
2021-10-15,57.341,61.571,56.801,60.831,60.831,380089.0,,adjusted
2021-10-18,60.831,60.961,57.931,58.501,58.501,326027.0,,adjusted
2021-10-19,58.511,60.621,58.141,58.681,58.681,282404.0,,adjusted
2021-10-20,58.651,60.971,57.801,60.141,60.141,327665.0,,adjusted
2021-10-21,60.141,60.641,58.851,59.241,59.241,229799.0,,adjusted
2021-10-22,59.241,60.031,58.571,59.381,59.381,176121.0,,adjusted
2021-10-25,59.141,60.321,58.991,59.981,59.981,211168.0,,adjusted
2021-10-26,60.381,63.621,60.081,62.381,62.381,408106.0,,adjusted
2021-10-27,62.201,63.241,61.391,62.501,62.501,283370.0,,adjusted
2021-10-28,62.781,64.851,61.481,63.781,63.781,435522.0,,adjusted
2021-10-29,63.771,63.861,61.181,63.211,63.211,374660.0,,adjusted
2021-11-01,62.381,63.111,60.801,63.001,63.001,347508.0,,adjusted
2021-11-02,62.861,66.001,62.331,63.831,63.831,440606.0,,adjusted
2021-11-03,64.251,65.441,63.301,64.591,64.591,244159.0,,adjusted
2021-11-04,65.081,66.161,64.601,66.111,66.111,298846.0,,adjusted
2021-11-05,66.581,66.761,65.541,66.101,66.101,230365.0,,adjusted
2021-11-08,66.721,69.361,66.161,68.561,68.561,308715.0,,adjusted
2021-11-09,67.991,69.151,67.411,69.121,69.121,229271.0,,adjusted
2021-11-10,68.961,69.251,65.881,66.801,66.801,289367.0,,adjusted
2021-11-11,66.581,69.101,66.001,67.661,67.661,248578.0,,adjusted
2021-11-12,67.981,69.261,67.231,68.491,68.491,189693.0,,adjusted
2021-11-15,69.131,69.451,67.571,68.471,68.471,161891.0,,adjusted
2021-11-16,67.991,68.631,64.751,65.011,65.011,334090.0,,adjusted
2021-11-17,65.601,65.961,64.841,65.061,65.061,158525.0,,adjusted
2021-11-18,65.271,65.651,63.281,63.981,63.981,242763.0,,adjusted
2021-11-19,63.841,64.211,62.481,64.081,64.081,277075.0,,adjusted
2021-11-22,64.411,65.131,63.321,64.401,64.401,286288.0,,adjusted
2021-11-23,64.961,68.261,64.601,67.091,67.091,443414.0,,adjusted
2021-11-24,66.971,67.481,66.011,66.871,66.871,251813.0,,adjusted
2021-11-25,67.231,68.511,66.581,67.351,67.351,252354.0,,adjusted
2021-11-26,67.321,67.321,64.981,65.351,65.351,220724.0,,adjusted
2021-11-29,63.201,65.341,63.201,64.611,64.611,189772.0,,adjusted
2021-11-30,64.681,65.451,63.491,63.581,63.581,170613.0,,adjusted
2021-12-01,63.331,64.541,62.601,63.031,63.031,159438.0,,adjusted
2021-12-02,63.021,63.731,62.441,63.481,63.481,150564.0,,adjusted
2021-12-03,63.471,63.911,62.791,63.841,63.841,153042.0,,adjusted
2021-12-06,63.831,65.181,63.051,63.081,63.081,174791.0,,adjusted
2021-12-07,63.531,63.911,62.501,63.511,63.511,119119.0,,adjusted
2021-12-08,63.781,65.171,63.761,64.251,64.251,174596.0,,adjusted
2021-12-09,64.271,70.131,63.981,68.391,68.391,553066.0,,adjusted
2021-12-10,67.691,69.181,67.541,68.831,68.831,235480.0,,adjusted
2021-12-13,68.981,71.481,68.981,69.531,69.531,300635.0,,adjusted
2021-12-14,69.001,69.421,68.141,68.321,68.321,158225.0,,adjusted
2021-12-15,67.891,68.201,66.611,66.831,66.831,160506.0,,adjusted
2021-12-16,66.981,70.181,66.981,70.081,70.081,260467.0,,adjusted
2021-12-17,70.581,71.851,69.681,70.021,70.021,268397.0,,adjusted
2021-12-20,69.981,70.311,68.061,68.301,68.301,243981.0,,adjusted
2021-12-21,68.971,70.431,68.591,70.261,70.261,190694.0,,adjusted
2021-12-22,69.901,70.031,67.671,68.061,68.061,222263.0,,adjusted
2021-12-23,67.781,68.211,66.771,67.131,67.131,158016.0,,adjusted
2021-12-24,67.981,68.181,66.791,67.651,67.651,140544.0,,adjusted
2021-12-27,67.661,68.371,67.071,67.981,67.981,86721.0,,adjusted
2021-12-28,68.401,69.821,67.361,69.431,69.431,181688.0,,adjusted
2021-12-29,69.531,69.581,67.291,67.331,67.331,150650.0,,adjusted
2021-12-30,67.001,67.881,66.661,67.341,67.341,99878.0,,adjusted
2021-12-31,67.421,67.961,66.081,66.581,66.581,124999.0,,adjusted
2022-01-04,67.531,68.861,67.251,67.781,67.781,197522.0,,adjusted
2022-01-05,68.041,68.161,64.361,64.531,64.531,228214.0,,adjusted
2022-01-06,63.781,65.101,63.491,64.111,64.111,132989.0,,adjusted
2022-01-07,64.461,65.281,63.581,64.371,64.371,104009.0,,adjusted
2022-01-10,63.781,63.871,61.821,63.181,63.181,155498.0,,adjusted
2022-01-11,62.931,64.181,62.331,63.181,63.181,138300.0,,adjusted
2022-01-12,63.481,64.161,62.781,63.851,63.851,109545.0,,adjusted
2022-01-13,63.981,64.341,62.971,63.081,63.081,96758.0,,adjusted
2022-01-14,61.981,63.011,60.611,61.981,61.981,195290.0,,adjusted
2022-01-17,61.481,62.921,61.481,62.041,62.041,107500.0,,adjusted
2022-01-18,62.281,65.431,61.731,64.861,64.861,196405.0,,adjusted
2022-01-19,64.661,65.231,63.511,63.981,63.981,147820.0,,adjusted
2022-01-20,63.931,66.561,63.881,65.861,65.861,166008.0,,adjusted
2022-01-21,66.171,66.431,64.481,65.401,65.401,161390.0,,adjusted
2022-01-24,64.771,64.981,63.001,64.391,64.391,137212.0,,adjusted
2022-01-25,64.171,66.771,63.781,64.471,64.471,160754.0,,adjusted
2022-01-26,64.861,65.161,62.281,63.251,63.251,155235.0,,adjusted
2022-01-27,60.981,60.981,56.181,56.481,56.481,427410.0,,adjusted
2022-01-28,56.351,58.631,56.331,57.971,57.971,255981.0,,adjusted
2022-02-07,58.981,59.511,57.161,58.221,58.221,122163.0,,adjusted
2022-02-08,58.381,58.771,56.361,57.681,57.681,150848.0,,adjusted
2022-02-09,58.101,59.081,57.571,58.781,58.781,128529.0,,adjusted
2022-02-10,58.281,58.791,57.651,58.381,58.381,123840.0,,adjusted
2022-02-11,57.981,59.651,57.381,59.091,59.091,173145.0,,adjusted
2022-02-14,58.211,58.741,57.371,58.541,58.541,119970.0,,adjusted
2022-02-15,58.561,61.141,58.361,60.831,60.831,162228.0,,adjusted
2022-02-16,61.181,63.481,61.181,63.141,63.141,178884.0,,adjusted
2022-02-17,63.081,64.731,62.031,63.481,63.481,144126.0,,adjusted
2022-02-18,62.981,63.431,62.201,63.121,63.121,92792.0,,adjusted
2022-02-21,63.131,63.681,61.791,62.281,62.281,109323.0,,adjusted
2022-02-22,62.051,62.051,60.331,60.931,60.931,146835.0,,adjusted
2022-02-23,60.931,62.571,60.931,62.511,62.511,114452.0,,adjusted
2022-02-24,62.251,63.821,60.981,62.131,62.131,135836.0,,adjusted
2022-02-25,62.601,62.911,61.481,61.681,61.681,81512.0,,adjusted
2022-02-28,61.681,61.941,60.661,61.641,61.641,76755.0,,adjusted
2022-03-01,61.981,62.291,61.281,61.731,61.731,80906.0,,adjusted
2022-03-02,61.371,61.711,60.681,60.961,60.961,65672.0,,adjusted
2022-03-03,61.161,61.431,60.001,60.381,60.381,69199.0,,adjusted
2022-03-04,59.961,60.681,59.231,59.621,59.621,96881.0,,adjusted
2022-03-07,59.591,59.861,57.581,57.981,57.981,139195.0,,adjusted
2022-03-08,58.581,58.871,57.081,57.451,57.451,128157.0,,adjusted
2022-03-09,57.991,58.661,54.981,56.621,56.621,153441.0,,adjusted
2022-03-10,58.041,58.231,55.481,55.791,55.791,179880.0,,adjusted
2022-03-11,54.491,56.421,51.781,56.161,56.161,203370.0,,adjusted
2022-03-14,55.341,55.521,52.531,52.611,52.611,166053.0,,adjusted
2022-03-15,51.781,52.781,49.491,49.701,49.701,235603.0,,adjusted
2022-03-16,50.321,53.361,49.751,53.231,53.231,241655.0,,adjusted
2022-03-17,54.021,55.271,52.831,53.661,53.661,187507.0,,adjusted
2022-03-18,53.781,55.531,53.451,54.881,54.881,129589.0,,adjusted
2022-03-21,55.371,56.341,54.511,55.581,55.581,109327.0,,adjusted
2022-03-22,55.191,55.631,54.681,55.381,55.381,85535.0,,adjusted
2022-03-23,55.721,55.841,54.671,55.231,55.231,63217.0,,adjusted
2022-03-24,54.921,55.201,53.981,54.271,54.271,104860.0,,adjusted
2022-03-25,54.181,54.661,52.811,52.811,52.811,107917.0,,adjusted
2022-03-28,51.981,53.301,51.881,52.771,52.771,89565.0,,adjusted
2022-03-29,52.401,53.131,51.631,51.981,51.981,64325.0,,adjusted
2022-03-30,52.981,53.781,52.641,53.631,53.631,99092.0,,adjusted
2022-03-31,53.481,55.391,53.081,54.981,54.981,138249.0,,adjusted
2022-04-01,54.611,55.481,54.331,54.731,54.731,86764.0,,adjusted
2022-04-06,54.711,55.171,53.901,54.431,54.431,85360.0,,adjusted
2022-04-07,54.121,54.731,53.361,53.401,53.401,98749.0,,adjusted
2022-04-08,53.871,54.841,53.261,54.021,54.021,74582.0,,adjusted
2022-04-11,53.311,53.971,50.481,50.541,50.541,128433.0,,adjusted
2022-04-12,50.541,52.571,50.401,52.561,52.561,85370.0,,adjusted
2022-04-13,51.921,52.781,50.791,51.541,51.541,95657.0,,adjusted
2022-04-14,52.471,52.641,51.581,52.011,52.011,67165.0,,adjusted
2022-04-15,51.491,51.861,49.961,50.581,50.581,85202.0,,adjusted
2022-04-18,48.981,50.631,46.381,50.401,50.401,185363.0,,adjusted
2022-04-19,50.861,52.561,50.161,51.081,51.081,128567.0,,adjusted
2022-04-20,51.091,52.361,50.861,51.131,51.131,98428.0,,adjusted
2022-04-21,50.491,51.551,48.991,49.201,49.201,115267.0,,adjusted
2022-04-22,48.841,49.481,47.491,48.411,48.411,120944.0,,adjusted
2022-04-25,47.981,47.981,45.481,45.481,45.481,147345.0,,adjusted
2022-04-26,45.691,47.961,45.541,46.461,46.461,183398.0,,adjusted
2022-04-27,45.981,51.591,45.981,51.261,51.261,207435.0,,adjusted
2022-04-28,51.481,54.621,50.881,53.901,53.901,210670.0,,adjusted
2022-04-29,54.891,56.301,53.831,55.681,55.681,162452.0,,adjusted
2022-05-05,55.881,57.771,55.641,56.311,56.311,133919.0,,adjusted
2022-05-06,55.041,55.811,53.161,53.791,53.791,90834.0,,adjusted
2022-05-09,53.801,53.821,52.481,53.141,53.141,59128.0,,adjusted
2022-05-10,52.651,54.241,52.381,53.731,53.731,131758.0,,adjusted
2022-05-11,54.131,54.841,53.171,53.961,53.961,138834.0,,adjusted
2022-05-12,53.931,54.361,53.291,54.021,54.021,67429.0,,adjusted
2022-05-13,54.211,54.731,53.791,54.481,54.481,69205.0,,adjusted
2022-05-16,54.551,55.281,54.111,54.621,54.621,66413.0,,adjusted
2022-05-17,54.831,56.731,54.581,56.571,56.571,92216.0,,adjusted
2022-05-18,56.451,56.981,55.981,56.481,56.481,66568.0,,adjusted
2022-05-19,55.481,58.041,55.331,57.581,57.581,108212.0,,adjusted
2022-05-20,57.001,58.941,57.001,58.081,58.081,87340.0,,adjusted
2022-05-23,57.981,59.181,57.701,58.681,58.681,93310.0,,adjusted
2022-05-24,59.471,60.211,57.081,57.171,57.171,103699.0,,adjusted
2022-05-25,57.171,57.531,56.261,56.971,56.971,65930.0,,adjusted
2022-05-26,56.931,58.331,55.781,57.071,57.071,71520.0,,adjusted
2022-05-27,57.481,59.111,57.481,58.461,58.461,104942.0,,adjusted
2022-05-30,57.891,59.511,57.491,58.021,58.021,72515.0,,adjusted
2022-05-31,57.981,59.481,57.761,59.211,59.211,78904.0,,adjusted
2022-06-01,58.971,60.441,58.781,59.231,59.231,72677.0,,adjusted
2022-06-02,59.431,62.581,58.571,62.081,62.081,162325.0,,adjusted
2022-06-06,62.081,63.851,61.221,63.631,63.631,174642.0,,adjusted
2022-06-07,63.571,64.851,62.421,63.371,63.371,105706.0,,adjusted
2022-06-08,63.841,63.841,62.191,63.381,63.381,107995.0,,adjusted
2022-06-09,63.211,64.821,61.791,62.491,62.491,113286.0,,adjusted
2022-06-10,62.241,63.381,61.311,62.991,62.991,125329.0,,adjusted
2022-06-13,62.991,64.661,62.081,64.581,64.581,172652.0,,adjusted
2022-06-14,63.991,64.461,61.581,64.061,64.061,108627.0,,adjusted
2022-06-15,63.511,64.071,61.841,62.231,62.231,128880.0,,adjusted
2022-06-16,62.231,63.581,62.181,62.881,62.881,84122.0,,adjusted
2022-06-17,62.311,63.261,61.781,62.931,62.931,92528.0,,adjusted
2022-06-20,62.931,64.451,62.481,63.991,63.991,100239.0,,adjusted
2022-06-21,64.861,66.331,63.391,64.231,64.231,124861.0,,adjusted
2022-06-22,64.181,64.981,61.991,62.361,62.361,141356.0,,adjusted
2022-06-23,63.731,66.171,62.661,66.031,66.031,245980.0,,adjusted
2022-06-24,66.641,68.081,65.581,67.781,67.781,227685.0,,adjusted
2022-06-27,67.861,68.461,65.401,65.681,65.681,185029.0,,adjusted
2022-06-28,65.771,67.631,64.231,67.261,67.261,183767.0,,adjusted
2022-06-29,67.161,67.751,63.391,63.611,63.611,190759.0,,adjusted
2022-06-30,63.281,65.141,63.191,64.151,64.151,136871.0,,adjusted
2022-07-01,63.881,64.301,62.761,63.131,63.131,100346.0,,adjusted
2022-07-04,62.641,64.141,62.381,64.031,64.031,102311.0,,adjusted
2022-07-05,63.381,64.131,61.421,62.971,62.971,123753.0,,adjusted
2022-07-06,62.441,62.961,61.161,61.881,61.881,99429.0,,adjusted
2022-07-07,61.871,62.931,60.981,62.611,62.611,118421.0,,adjusted
2022-07-08,62.341,63.531,61.161,62.711,62.711,207029.0,,adjusted
2022-07-11,62.291,62.701,60.831,61.161,61.161,105190.0,,adjusted
2022-07-12,61.161,61.581,60.091,60.571,60.571,119746.0,,adjusted
2022-07-13,60.131,60.761,59.381,60.071,60.071,126584.0,,adjusted
2022-07-14,59.951,62.881,59.371,62.101,62.101,141969.0,,adjusted
2022-07-15,61.281,62.911,61.281,61.321,61.321,113242.0,,adjusted
2022-07-18,60.951,62.181,60.381,61.381,61.381,129818.0,,adjusted
2022-07-19,61.721,61.731,60.181,60.661,60.661,88496.0,,adjusted
2022-07-20,60.691,63.241,60.681,61.891,61.891,115703.0,,adjusted
2022-07-21,61.421,62.161,61.261,61.261,61.261,72932.0,,adjusted
2022-07-22,61.281,61.821,59.501,60.281,60.281,87538.0,,adjusted
2022-07-25,60.281,60.781,58.831,59.231,59.231,102579.0,,adjusted
2022-07-26,59.671,61.091,59.281,60.831,60.831,95044.0,,adjusted
2022-07-27,61.051,63.501,60.161,63.161,63.161,141549.0,,adjusted
2022-07-28,63.431,65.451,63.241,64.381,64.381,157620.0,,adjusted
2022-07-29,64.081,65.391,63.781,64.401,64.401,116957.0,,adjusted
2022-08-01,64.391,65.911,62.891,65.341,65.341,146261.0,,adjusted
2022-08-02,64.301,65.281,63.131,64.591,64.591,172423.0,,adjusted
2022-08-03,65.281,65.791,62.981,63.281,63.281,112261.0,,adjusted
2022-08-04,64.061,64.551,62.641,63.421,63.421,98587.0,,adjusted
2022-08-05,63.931,64.141,61.011,61.851,61.851,149147.0,,adjusted
2022-08-08,61.581,61.631,60.141,60.651,60.651,157948.0,,adjusted
2022-08-09,60.841,61.481,60.361,60.941,60.941,99906.0,,adjusted
2022-08-10,60.481,61.511,60.081,61.021,61.021,104432.0,,adjusted
2022-08-11,61.001,61.731,60.431,61.281,61.281,92241.0,,adjusted
2022-08-12,61.501,61.861,60.161,60.781,60.781,87114.0,,adjusted
2022-08-15,60.841,61.481,60.251,61.341,61.341,105009.0,,adjusted
2022-08-16,61.631,63.131,61.141,63.081,63.081,149793.0,,adjusted
2022-08-17,63.071,63.081,61.911,62.421,62.421,83942.0,,adjusted
2022-08-18,62.261,63.371,61.691,63.301,63.301,82534.0,,adjusted
2022-08-19,63.871,63.891,60.611,60.681,60.681,127777.0,,adjusted
2022-08-22,60.581,61.401,59.891,61.041,61.041,64444.0,,adjusted
2022-08-23,60.981,64.941,60.641,62.541,62.541,233110.0,,adjusted
2022-08-24,62.681,63.081,59.531,59.581,59.581,147532.0,,adjusted
2022-08-25,59.681,60.741,59.221,60.361,60.361,97282.0,,adjusted
2022-08-26,60.781,60.871,58.281,58.781,58.781,126106.0,,adjusted
2022-08-29,57.881,58.791,56.881,57.261,57.261,115417.0,,adjusted
2022-08-30,57.261,57.581,56.461,56.661,56.661,75785.0,,adjusted
2022-08-31,56.081,58.251,55.631,58.251,58.251,115680.0,,adjusted
2022-09-01,57.051,58.081,55.281,55.511,55.511,103895.0,,adjusted
2022-09-02,55.621,56.781,55.331,56.161,56.161,81711.0,,adjusted
2022-09-05,56.031,57.661,55.781,57.231,57.231,96689.0,,adjusted
2022-09-06,57.231,57.631,55.411,56.421,56.421,119662.0,,adjusted
2022-09-07,55.831,58.381,55.821,57.321,57.321,120333.0,,adjusted
2022-09-08,57.331,57.521,56.181,56.311,56.311,88506.0,,adjusted
2022-09-09,56.751,56.861,55.881,56.731,56.731,57873.0,,adjusted
2022-09-13,57.181,57.761,56.461,56.981,56.981,63464.0,,adjusted
2022-09-14,55.941,56.801,55.381,55.991,55.991,75092.0,,adjusted
2022-09-15,56.581,57.071,55.181,55.741,55.741,118974.0,,adjusted
2022-09-16,55.741,56.361,54.751,54.751,54.751,87529.0,,adjusted
2022-09-19,54.751,57.031,54.731,56.371,56.371,116506.0,,adjusted
2022-09-20,56.781,56.881,56.091,56.401,56.401,56427.0,,adjusted
2022-09-21,56.361,56.561,55.081,55.831,55.831,52250.0,,adjusted
2022-09-22,55.431,56.161,55.181,55.731,55.731,34599.0,,adjusted
2022-09-23,55.831,56.151,54.291,55.131,55.131,52421.0,,adjusted
2022-09-26,55.061,57.031,54.531,56.081,56.081,78907.0,,adjusted
2022-09-27,56.121,56.641,55.291,56.231,56.231,78103.0,,adjusted
2022-09-28,56.331,56.351,53.901,54.181,54.181,84841.0,,adjusted
2022-09-29,54.781,56.661,54.181,55.881,55.881,96289.0,,adjusted
2022-09-30,56.631,56.631,55.461,55.791,55.791,72317.0,,adjusted
2022-10-10,56.781,57.671,55.801,56.221,56.221,124363.0,,adjusted
2022-10-11,56.181,57.111,55.211,56.821,56.821,89382.0,,adjusted
2022-10-12,56.891,59.881,56.501,59.881,59.881,276368.0,,adjusted
2022-10-13,59.811,60.391,58.961,59.771,59.771,131341.0,,adjusted
2022-10-14,60.171,61.131,59.981,60.481,60.481,133454.0,,adjusted
2022-10-17,59.811,64.431,59.681,64.281,64.281,298328.0,,adjusted
2022-10-18,64.731,65.661,63.731,64.371,64.371,194061.0,,adjusted
2022-10-19,64.371,64.581,62.931,63.571,63.571,140974.0,,adjusted
2022-10-20,63.181,63.281,60.401,61.281,61.281,247064.0,,adjusted
2022-10-21,60.261,62.021,59.681,61.301,61.301,194552.0,,adjusted
2022-10-24,61.231,63.931,60.981,62.691,62.691,175503.0,,adjusted
2022-10-25,61.911,65.631,61.761,64.881,64.881,225424.0,,adjusted
2022-10-26,64.501,65.261,63.891,64.421,64.421,183014.0,,adjusted
2022-10-27,64.681,66.271,63.801,64.671,64.671,189942.0,,adjusted
2022-10-28,63.281,64.281,62.961,63.111,63.111,118370.0,,adjusted
2022-10-31,62.931,65.981,62.781,64.981,64.981,140604.0,,adjusted
2022-11-01,64.461,66.181,64.461,65.811,65.811,165645.0,,adjusted
2022-11-02,65.811,69.781,65.791,69.251,69.251,262033.0,,adjusted
2022-11-03,68.781,69.481,67.831,68.151,68.151,103829.0,,adjusted
2022-11-04,68.951,69.161,67.281,68.081,68.081,146070.0,,adjusted
2022-11-07,67.301,68.371,66.031,67.401,67.401,142588.0,,adjusted
2022-11-08,67.381,68.071,66.461,67.541,67.541,101097.0,,adjusted
2022-11-09,66.781,67.681,65.961,66.691,66.691,107603.0,,adjusted
2022-11-10,65.801,67.341,65.681,66.771,66.771,136549.0,,adjusted
2022-11-11,68.801,70.261,67.781,69.481,69.481,225688.0,,adjusted
2022-11-14,69.541,71.081,67.881,68.181,68.181,141614.0,,adjusted
2022-11-15,69.161,70.761,68.171,70.191,70.191,128487.0,,adjusted
2022-11-16,70.581,71.581,69.281,69.441,69.441,101451.0,,adjusted
2022-11-17,69.151,69.781,67.181,67.521,67.521,117336.0,,adjusted
2022-11-18,67.311,70.501,67.311,69.281,69.281,124666.0,,adjusted
2022-11-21,68.841,71.081,68.471,70.551,70.551,104284.0,,adjusted
2022-11-22,70.581,70.731,68.691,69.031,69.031,67639.0,,adjusted
2022-11-23,68.311,70.021,67.881,69.071,69.071,81675.0,,adjusted
2022-11-24,69.291,70.271,66.781,67.411,67.411,135852.0,,adjusted
2022-11-25,67.761,68.031,66.361,66.691,66.691,92741.0,,adjusted
2022-11-28,65.581,66.961,64.741,66.711,66.711,78794.0,,adjusted
2022-11-29,66.581,68.651,66.241,68.011,68.011,111727.0,,adjusted
2022-11-30,68.031,68.951,67.631,68.541,68.541,80081.0,,adjusted
2022-12-01,69.161,70.561,68.111,68.191,68.191,151693.0,,adjusted
2022-12-02,68.491,70.261,66.481,68.891,68.891,87928.0,,adjusted
2022-12-05,68.761,71.061,68.711,70.581,70.581,125851.0,,adjusted
2022-12-06,70.301,70.771,69.281,69.731,69.731,85248.0,,adjusted
2022-12-07,69.291,70.071,68.671,69.191,69.191,84385.0,,adjusted
2022-12-08,68.681,70.161,68.161,69.451,69.451,85541.0,,adjusted
2022-12-09,69.431,69.731,66.501,67.651,67.651,166598.0,,adjusted
2022-12-12,66.951,68.411,66.401,68.181,68.181,100120.0,,adjusted
2022-12-13,69.281,69.281,67.201,67.781,67.781,81133.0,,adjusted
2022-12-14,67.381,68.131,66.841,67.041,67.041,106053.0,,adjusted
2022-12-15,67.581,68.471,67.061,68.241,68.241,72234.0,,adjusted
2022-12-16,67.791,68.721,67.471,68.281,68.281,66386.0,,adjusted
2022-12-19,67.801,68.851,67.431,68.201,68.201,63086.0,,adjusted
2022-12-20,67.781,68.181,65.381,65.751,65.751,118374.0,,adjusted
2022-12-21,65.311,66.731,65.241,65.871,65.871,62869.0,,adjusted
2022-12-22,66.281,67.181,65.671,66.101,66.101,72245.0,,adjusted
2022-12-23,65.971,66.081,64.291,64.961,64.961,57693.0,,adjusted
2022-12-26,64.961,67.511,64.591,66.781,66.781,59669.0,,adjusted
2022-12-27,67.411,67.531,66.131,67.181,67.181,93410.0,,adjusted
2022-12-28,67.081,67.391,66.491,67.131,67.131,85488.0,,adjusted
2022-12-29,67.201,68.591,66.801,68.161,68.161,88726.0,,adjusted
2022-12-30,68.161,68.931,67.741,67.781,67.781,56337.0,,adjusted
2017-01-03,20.33,20.45,20.06,20.2,,46749.0,,raw
2017-01-04,20.17,20.36,19.95,20.28,,39429.0,,raw
2017-01-05,20.35,20.74,20.14,20.25,,53401.0,,raw
2017-01-06,20.1,20.19,19.99,20.1,,40995.0,,raw
2017-01-09,20.02,20.13,19.7,20.05,,65004.0,,raw
2017-01-10,20.0,20.06,19.86,19.91,,37210.0,,raw
2017-01-11,19.83,19.98,19.59,19.68,,55791.0,,raw
2017-01-12,19.61,19.82,19.31,19.38,,56423.0,,raw
2017-01-13,19.29,19.67,19.29,19.43,,54989.0,,raw
2017-01-16,19.44,19.75,18.19,19.23,,74716.0,,raw
2017-01-17,19.13,19.9,19.13,19.82,,70273.0,,raw
2017-01-18,19.8,19.96,19.58,19.79,,37416.0,,raw
2017-01-19,19.8,19.88,19.59,19.73,,27359.0,,raw
2017-01-20,19.79,20.2,19.68,20.02,,48924.0,,raw
2017-01-23,20.02,20.28,19.95,20.07,,49022.0,,raw
2017-01-24,20.06,20.39,20.01,20.3,,75570.0,,raw
2017-01-25,20.24,20.71,20.18,20.64,,63298.0,,raw
2017-01-26,20.61,20.78,20.47,20.6,,43746.0,,raw
2017-02-03,20.67,20.71,20.28,20.4,,26872.0,,raw
2017-02-06,20.35,20.83,20.3,20.68,,44831.0,,raw
2017-02-07,20.7,20.74,20.32,20.39,,44750.0,,raw
2017-02-08,20.39,20.51,20.14,20.49,,41465.0,,raw
2017-02-09,20.47,20.74,20.47,20.55,,51599.0,,raw
2017-02-10,20.63,21.21,20.49,21.08,,101864.0,,raw
2017-02-13,21.07,21.35,20.91,21.13,,135053.0,,raw
2017-02-14,21.01,21.6,20.95,21.31,,137594.0,,raw
2017-02-15,21.26,21.26,20.74,20.78,,73843.0,,raw
2017-02-16,20.79,21.38,20.71,21.14,,82586.0,,raw
2017-02-17,21.2,21.47,20.95,21.07,,67797.0,,raw
2017-02-20,21.19,21.79,21.16,21.59,,89478.0,,raw
2017-02-21,21.68,22.15,21.5,22.04,,132923.0,,raw
2017-02-22,22.1,22.25,21.7,21.92,,73961.0,,raw
2017-02-23,21.81,22.2,21.81,21.94,,77468.0,,raw
2017-02-24,21.94,22.26,21.65,21.79,,66335.0,,raw
2017-02-27,21.81,22.42,21.52,21.8,,124366.0,,raw
2017-02-28,21.88,21.91,21.57,21.68,,48987.0,,raw
2017-03-01,21.75,22.23,21.56,22.1,,86012.0,,raw
2017-03-02,22.16,22.18,21.9,21.91,,60309.0,,raw
2017-03-03,21.82,22.1,21.53,21.9,,78070.0,,raw
2017-03-06,21.82,22.78,21.8,22.76,,166139.0,,raw
2017-03-07,22.76,22.89,22.38,22.69,,124060.0,,raw
2017-03-08,22.59,22.69,22.34,22.48,,62980.0,,raw
2017-03-09,22.39,22.55,21.88,22.06,,119756.0,,raw
2017-03-10,22.08,22.2,21.87,22.05,,51200.0,,raw
2017-03-13,22.05,23.24,22.04,23.12,,176872.0,,raw
2017-03-14,23.0,23.21,22.6,22.7,,88966.0,,raw
2017-03-15,22.66,22.97,22.61,22.76,,43244.0,,raw
2017-03-16,22.8,23.24,22.71,22.92,,60083.0,,raw
2017-03-17,22.97,23.15,22.47,22.48,,78887.0,,raw
2017-03-20,22.47,22.5,22.11,22.46,,82021.0,,raw
2017-03-21,22.38,22.81,22.22,22.5,,51575.0,,raw
2017-03-22,22.22,22.28,21.9,22.15,,124231.0,,raw
2017-03-23,22.15,22.65,22.01,22.2,,102162.0,,raw
2017-03-24,22.34,23.0,22.05,22.78,,120172.0,,raw
2017-03-27,22.79,22.98,22.32,22.33,,98293.0,,raw
2017-03-28,22.24,22.52,22.1,22.22,,77605.0,,raw
2017-03-29,22.28,22.62,22.0,22.01,,90902.0,,raw
2017-03-30,21.92,22.18,21.8,21.8,,66822.0,,raw
2017-03-31,21.94,22.14,21.83,21.95,,56151.0,,raw
2017-04-05,22.0,22.79,22.0,22.57,,94983.0,,raw
2017-04-06,22.7,22.8,22.47,22.68,,60456.0,,raw
2017-04-07,22.6,23.2,22.45,22.97,,115507.0,,raw
2017-04-10,23.1,23.35,22.8,22.99,,116418.0,,raw
2017-04-11,23.15,23.15,22.6,23.0,,85550.0,,raw
2017-04-12,23.2,23.48,23.0,23.14,,65107.0,,raw
2017-04-13,23.15,23.55,22.71,23.22,,84642.0,,raw
2017-04-14,23.16,23.74,23.01,23.3,,91317.0,,raw
2017-04-17,23.32,23.88,23.26,23.7,,81657.0,,raw
2017-04-18,23.7,23.97,22.8,22.8,,133237.0,,raw
2017-04-19,22.8,23.2,22.6,23.13,,96109.0,,raw
2017-04-20,23.13,23.49,22.72,22.94,,91388.0,,raw
2017-04-21,22.98,23.74,22.88,23.56,,102162.0,,raw
2017-04-24,23.56,23.72,22.75,23.34,,86118.0,,raw
2017-04-25,23.2,24.05,23.2,23.68,,108367.0,,raw
2017-04-26,23.76,24.4,23.63,23.92,,108076.0,,raw
2017-04-27,23.9,23.9,22.99,23.73,,83642.0,,raw
2017-04-28,23.67,24.05,23.33,23.49,,75718.0,,raw
2017-05-02,23.45,23.94,23.32,23.87,,56829.0,,raw
2017-05-03,23.81,23.95,23.24,23.31,,70340.0,,raw
2017-05-04,23.22,23.79,23.03,23.71,,83117.0,,raw
2017-05-05,23.71,23.78,23.05,23.06,,83314.0,,raw
2017-05-08,23.0,23.0,21.9,21.9,,164546.0,,raw
2017-05-09,21.89,22.49,21.06,22.29,,136580.0,,raw
2017-05-10,22.14,22.58,21.82,21.87,,73240.0,,raw
2017-05-11,21.84,22.25,21.5,22.19,,73323.0,,raw
2017-05-12,22.24,22.72,22.09,22.69,,69031.0,,raw
2017-05-15,22.69,23.1,22.69,23.0,,67094.0,,raw
2017-05-16,23.01,23.28,22.75,23.23,,61908.0,,raw
2017-05-17,23.25,23.73,23.14,23.24,,63340.0,,raw
2017-05-18,23.3,23.39,23.1,23.25,,54176.0,,raw
2017-05-19,23.28,23.37,22.94,23.09,,52255.0,,raw
2017-05-22,22.97,23.49,22.96,23.39,,61701.0,,raw
2017-05-23,23.43,23.7,22.88,23.45,,111003.0,,raw
2017-05-24,23.3,23.3,22.7,22.95,,93229.0,,raw
2017-05-25,22.95,23.23,22.59,22.9,,63326.0,,raw
2017-05-26,22.72,22.8,22.03,22.48,,96130.0,,raw
2017-05-31,22.7,23.11,22.32,23.0,,92295.0,,raw
2017-06-01,23.03,23.07,22.7,22.9,,51294.0,,raw
2017-06-02,22.69,23.28,22.1,22.45,,92640.0,,raw
2017-06-05,22.46,22.63,22.04,22.11,,74630.0,,raw
2017-06-06,22.12,22.45,22.04,22.44,,46437.0,,raw
2017-06-07,22.32,23.2,22.3,23.17,,119544.0,,raw
2017-06-08,23.05,23.47,22.9,23.44,,97261.0,,raw
2017-06-09,23.32,23.52,23.03,23.41,,71304.0,,raw
2017-06-12,23.4,23.73,23.2,23.69,,95859.0,,raw
2017-06-13,23.7,24.27,23.61,23.99,,110296.0,,raw
2017-06-14,24.0,24.15,23.78,23.95,,57612.0,,raw
2017-06-15,23.85,24.34,23.6,23.86,,105704.0,,raw
2017-06-16,23.99,24.26,23.81,24.02,,67431.0,,raw
2017-06-19,24.21,24.71,24.0,24.7,,121448.0,,raw
2017-06-20,24.76,25.33,24.5,24.81,,132873.0,,raw
2017-06-21,24.76,25.5,24.69,25.15,,109702.0,,raw
2017-06-22,25.0,25.45,24.68,24.81,,103728.0,,raw
2017-06-23,24.7,25.48,24.63,25.48,,89637.0,,raw
2017-06-26,25.42,25.8,25.31,25.49,,80355.0,,raw
2017-06-27,25.41,25.82,25.25,25.5,,71465.0,,raw
2017-06-28,25.5,25.5,24.56,24.69,,94190.0,,raw
2017-06-29,24.78,25.47,24.77,25.38,,92212.0,,raw
2017-06-30,25.3,25.9,25.22,25.54,,83885.0,,raw
2017-07-03,25.52,25.62,24.39,24.56,,226461.0,,raw
2017-07-04,24.54,24.81,24.02,24.72,,120368.0,,raw
2017-07-05,24.6,24.76,24.3,24.53,,106522.0,,raw
2017-07-06,24.65,25.35,24.61,24.88,,119181.0,,raw
2017-07-07,24.94,24.99,24.36,24.51,,64030.0,,raw
2017-07-10,24.37,24.56,23.68,24.34,,139812.0,,raw
2017-07-11,24.3,24.52,24.16,24.21,,66978.0,,raw
2017-07-12,24.11,24.68,24.06,24.64,,77477.0,,raw
2017-07-13,24.01,24.55,23.85,24.02,,112365.0,,raw
2017-07-14,24.1,24.71,24.1,24.57,,73436.0,,raw
2017-07-17,24.6,24.71,23.6,23.71,,98722.0,,raw
2017-07-18,23.59,24.1,23.59,24.1,,54371.0,,raw
2017-07-19,24.12,24.39,23.88,24.38,,47933.0,,raw
2017-07-20,24.38,25.2,24.3,24.74,,104700.0,,raw
2017-07-21,24.68,25.18,24.6,24.74,,56225.0,,raw
2017-07-24,24.74,25.15,24.48,24.99,,74247.0,,raw
2017-07-25,24.97,25.82,24.9,25.16,,108347.0,,raw
2017-07-26,25.21,25.42,24.68,24.87,,66512.0,,raw
2017-07-27,24.98,25.65,24.55,25.58,,103540.0,,raw
2017-07-28,25.5,25.84,24.89,24.96,,79621.0,,raw
2017-07-31,24.83,25.23,24.76,24.84,,57287.0,,raw
2017-08-01,24.46,24.49,24.0,24.21,,120152.0,,raw
2017-08-02,24.21,24.75,24.16,24.7,,68888.0,,raw
2017-08-03,24.61,25.16,24.49,24.62,,84135.0,,raw
2017-08-04,24.5,24.8,24.34,24.61,,43769.0,,raw
2017-08-07,24.72,25.1,24.52,24.98,,53672.0,,raw
2017-08-08,24.99,25.25,24.73,24.76,,59222.0,,raw
2017-08-09,24.8,25.12,24.76,24.98,,46128.0,,raw
2017-08-10,24.99,25.35,24.78,25.02,,56811.0,,raw
2017-08-11,24.94,25.13,24.58,24.73,,52320.0,,raw
2017-08-14,24.61,25.44,24.61,25.41,,89281.0,,raw
2017-08-15,25.42,25.76,25.17,25.59,,76547.0,,raw
2017-08-16,25.61,26.11,25.4,25.95,,135389.0,,raw
2017-08-17,25.89,27.23,25.55,26.43,,197660.0,,raw
2017-08-18,26.16,26.26,25.9,25.96,,77391.0,,raw
2017-08-21,25.92,26.1,25.51,25.8,,87378.0,,raw
2017-08-22,25.8,25.97,25.6,25.82,,74747.0,,raw
2017-08-23,25.91,26.36,25.8,26.1,,119011.0,,raw
2017-08-24,26.04,26.09,25.32,25.33,,110115.0,,raw
2017-08-25,25.33,25.99,25.33,25.71,,64691.0,,raw
2017-08-28,25.93,26.88,25.82,26.28,,194363.0,,raw
2017-08-29,26.25,26.69,26.17,26.47,,81192.0,,raw
2017-08-30,26.4,26.54,26.15,26.53,,77738.0,,raw
2017-08-31,26.62,27.06,26.13,26.4,,105543.0,,raw
2017-09-01,26.4,27.02,26.05,26.88,,116486.0,,raw
2017-09-04,26.78,27.67,26.55,27.6,,149037.0,,raw
2017-09-05,27.45,27.93,27.23,27.75,,127229.0,,raw
2017-09-06,27.53,28.16,27.41,28.12,,134150.0,,raw
2017-09-07,28.01,28.9,27.88,27.89,,130300.0,,raw
2017-09-08,27.88,28.19,27.38,28.02,,81035.0,,raw
2017-09-11,28.06,29.14,28.05,28.49,,163185.0,,raw
2017-09-12,28.68,29.06,28.34,28.74,,104157.0,,raw
2017-09-13,28.65,28.88,28.39,28.47,,68517.0,,raw
2017-09-14,28.38,28.6,27.66,27.85,,85982.0,,raw
2017-09-15,27.81,28.5,27.78,28.33,,46705.0,,raw
2017-09-18,28.43,28.66,27.9,28.0,,67302.0,,raw
2017-09-19,27.93,28.19,27.43,27.7,,100268.0,,raw
2017-09-20,27.6,28.48,27.5,28.37,,71828.0,,raw
2017-09-21,28.35,28.89,28.18,28.19,,73891.0,,raw
2017-09-22,28.16,28.6,27.78,28.48,,57226.0,,raw
2017-09-25,28.5,28.55,27.35,27.5,,85375.0,,raw
2017-09-26,27.49,27.79,27.28,27.47,,52431.0,,raw
2017-09-27,27.6,28.31,27.46,28.15,,49265.0,,raw
2017-09-28,28.22,28.8,28.16,28.73,,85452.0,,raw
2017-09-29,28.85,29.13,28.43,28.9,,79049.0,,raw
2017-10-09,29.09,29.8,28.8,29.5,,104734.0,,raw
2017-10-10,29.54,29.96,28.89,29.82,,101854.0,,raw
2017-10-11,29.78,29.93,29.17,29.5,,73907.0,,raw
2017-10-12,29.5,30.2,29.5,30.03,,75214.0,,raw
2017-10-13,29.99,30.18,29.6,29.9,,63015.0,,raw
2017-10-16,29.51,29.51,28.66,29.11,,136443.0,,raw
2017-10-17,29.11,30.0,28.91,29.99,,77221.0,,raw
2017-10-18,29.99,30.42,29.5,30.1,,64154.0,,raw
2017-10-19,30.1,30.27,29.51,29.53,,52072.0,,raw
2017-10-20,29.35,29.8,29.11,29.69,,31312.0,,raw
2017-10-23,29.6,30.18,29.43,29.68,,47554.0,,raw
2017-10-24,29.58,30.66,29.34,30.65,,94459.0,,raw
2017-10-25,30.5,30.8,30.05,30.59,,89749.0,,raw
2017-10-26,30.7,30.7,29.92,30.0,,101216.0,,raw
2017-10-27,30.0,30.4,29.8,30.3,,57945.0,,raw
2017-10-30,30.17,30.33,29.57,29.93,,67986.0,,raw
2017-10-31,29.94,30.96,29.75,30.86,,105622.0,,raw
2017-11-01,30.85,31.08,30.31,30.58,,85483.0,,raw
2017-11-02,30.59,31.16,30.08,30.13,,112414.0,,raw
2017-11-03,29.99,30.0,29.47,29.81,,74736.0,,raw
2017-11-06,29.83,30.28,29.7,29.9,,103917.0,,raw
2017-11-07,29.95,29.99,28.52,28.63,,203775.0,,raw
2017-11-08,28.61,29.09,28.38,28.95,,156921.0,,raw
2017-11-09,28.76,29.74,28.61,29.6,,94253.0,,raw
2017-11-10,29.5,30.83,29.38,30.47,,143259.0,,raw
2017-11-13,30.89,30.99,30.15,30.97,,127903.0,,raw
2017-11-14,30.95,31.26,29.96,30.02,,112651.0,,raw
2017-11-15,30.02,30.03,27.55,27.96,,221184.0,,raw
2017-11-16,27.9,28.32,26.89,28.13,,145889.0,,raw
2017-11-17,27.92,28.08,27.2,27.96,,132625.0,,raw
2017-11-20,27.68,28.63,27.18,28.55,,102665.0,,raw
2017-11-21,28.42,28.7,27.79,28.27,,90870.0,,raw
2017-11-22,28.15,28.93,27.82,28.08,,81809.0,,raw
2017-11-23,28.0,28.18,26.46,26.8,,116406.0,,raw
2017-11-24,26.66,27.26,26.58,26.78,,71669.0,,raw
2017-11-27,26.69,26.78,25.6,25.71,,95687.0,,raw
2017-11-28,25.72,26.3,25.66,26.02,,65011.0,,raw
2017-11-29,26.12,26.74,25.92,26.6,,74093.0,,raw
2017-11-30,26.61,26.7,25.9,26.06,,56073.0,,raw
2017-12-01,26.0,27.5,26.0,27.25,,88812.0,,raw
2017-12-04,27.2,27.55,26.9,27.0,,51487.0,,raw
2017-12-05,26.93,27.2,26.02,26.33,,75474.0,,raw
2017-12-06,26.1,26.75,25.86,26.66,,56915.0,,raw
2017-12-07,26.43,26.6,26.11,26.17,,34284.0,,raw
2017-12-08,26.11,27.3,26.08,26.94,,58798.0,,raw
2017-12-11,27.0,27.68,26.86,27.58,,54227.0,,raw
2017-12-12,27.4,27.59,27.26,27.31,,27206.0,,raw
2017-12-13,27.64,27.85,27.2,27.66,,41617.0,,raw
2017-12-14,27.68,28.33,27.56,28.15,,63756.0,,raw
2017-12-15,28.19,28.3,27.67,27.8,,40265.0,,raw
2017-12-18,27.8,28.34,27.31,27.7,,46174.0,,raw
2017-12-19,28.0,28.0,27.58,27.66,,43263.0,,raw
2017-12-20,27.79,27.96,27.02,27.17,,41044.0,,raw
2017-12-21,27.02,28.21,27.01,28.02,,88269.0,,raw
2017-12-22,28.0,28.75,27.82,28.53,,73135.0,,raw
2017-12-25,28.49,28.5,27.75,27.78,,49539.0,,raw
2017-12-26,27.78,28.37,27.75,28.11,,46732.0,,raw
2017-12-27,28.24,29.08,28.1,28.56,,101891.0,,raw
2017-12-28,28.55,28.97,28.23,28.67,,56177.0,,raw
2017-12-29,28.84,29.2,28.59,29.02,,71568.0,,raw
2018-01-02,28.99,29.87,28.95,29.56,,98409.0,,raw
2018-01-03,29.45,29.56,29.12,29.41,,69956.0,,raw
2018-01-04,29.29,29.29,28.49,28.86,,86585.0,,raw
2018-01-05,28.9,28.9,28.12,28.3,,70943.0,,raw
2018-01-08,28.25,28.49,27.55,27.79,,88647.0,,raw
2018-01-09,27.7,27.79,27.16,27.73,,113761.0,,raw
2018-01-10,27.82,27.87,27.23,27.5,,75217.0,,raw
2018-01-11,27.49,27.49,26.7,26.93,,96704.0,,raw
2018-01-12,26.97,27.15,26.68,27.01,,55828.0,,raw
2018-01-15,27.02,27.45,26.35,26.36,,91845.0,,raw
2018-01-16,26.58,26.9,26.35,26.61,,74997.0,,raw
2018-01-17,26.61,26.84,25.77,26.31,,113222.0,,raw
2018-01-18,26.25,27.02,26.14,26.94,,80348.0,,raw
2018-01-19,27.05,27.48,26.84,26.98,,61225.0,,raw
2018-01-22,27.02,27.41,26.6,27.0,,90250.0,,raw
2018-01-23,26.89,27.93,26.77,27.6,,161044.0,,raw
2018-01-24,27.6,29.0,27.51,28.75,,238065.0,,raw
2018-01-25,28.38,29.18,28.21,28.21,,117544.0,,raw
2018-01-26,28.21,28.59,28.0,28.35,,73392.0,,raw
2018-01-29,28.3,29.0,27.77,28.95,,129874.0,,raw
2018-01-30,28.87,29.22,28.13,28.51,,66478.0,,raw
2018-01-31,28.55,28.78,27.56,28.08,,81531.0,,raw
2018-02-01,28.45,28.85,27.46,27.5,,84039.0,,raw
2018-02-02,27.36,28.57,27.16,28.4,,66979.0,,raw
2018-02-05,28.04,29.0,28.01,28.88,,85883.0,,raw
2018-02-06,28.47,28.79,27.81,28.05,,77975.0,,raw
2018-02-07,28.56,28.75,27.2,27.21,,71284.0,,raw
2018-02-08,27.21,28.43,27.01,27.68,,117110.0,,raw
2018-02-09,26.96,27.76,25.74,26.4,,96310.0,,raw
2018-02-12,26.52,28.3,26.51,28.18,,85754.0,,raw
2018-02-13,28.41,29.4,28.41,29.18,,126226.0,,raw
2018-02-14,29.23,29.65,28.84,29.4,,94861.0,,raw
2018-02-22,29.51,29.64,29.03,29.4,,67837.0,,raw
2018-02-23,29.3,29.4,28.64,29.18,,71617.0,,raw
2018-02-26,29.3,30.47,28.79,30.44,,161245.0,,raw
2018-02-27,30.3,31.82,30.3,31.0,,237734.0,,raw
2018-02-28,30.8,32.65,30.69,31.53,,174419.0,,raw
2018-03-01,31.56,32.18,31.25,31.83,,101355.0,,raw
2018-03-02,31.46,33.18,31.46,31.84,,161301.0,,raw
2018-03-05,32.26,32.4,31.26,32.15,,104455.0,,raw
2018-03-06,31.96,32.3,31.76,32.0,,77056.0,,raw
2018-03-07,31.81,31.9,31.11,31.48,,80570.0,,raw
2018-03-08,31.7,32.09,30.88,31.6,,66575.0,,raw
2018-03-09,31.55,33.35,31.3,33.13,,165957.0,,raw
2018-03-12,33.32,35.21,33.32,34.64,,211645.0,,raw
2018-03-13,34.41,34.72,33.73,34.25,,96011.0,,raw
2018-03-14,34.0,34.06,33.44,33.55,,93165.0,,raw
2018-03-15,33.35,34.48,33.1,34.36,,99990.0,,raw
2018-03-16,34.34,34.8,33.3,33.32,,115842.0,,raw
2018-03-19,33.34,34.38,32.6,33.78,,108354.0,,raw
2018-03-20,33.3,35.9,33.2,35.72,,173895.0,,raw
2018-03-21,35.29,35.68,34.35,34.54,,122966.0,,raw
2018-03-22,34.53,35.06,33.95,34.19,,107902.0,,raw
2018-03-23,32.06,33.75,32.06,32.21,,184163.0,,raw
2018-03-26,32.0,34.22,31.57,33.69,,175427.0,,raw
2018-03-27,34.0,35.11,33.91,34.25,,124116.0,,raw
2018-03-28,33.8,34.77,32.51,32.89,,160658.0,,raw
2018-03-29,33.05,34.19,32.82,33.6,,115064.0,,raw
2018-03-30,33.59,35.36,33.59,35.36,,160260.0,,raw
2018-04-02,35.22,36.35,34.72,35.64,,160800.0,,raw
2018-04-03,34.98,36.49,34.52,34.94,,179369.0,,raw
2018-04-04,35.2,35.34,34.13,34.34,,95041.0,,raw
2018-04-09,34.01,34.58,33.02,33.02,,110427.0,,raw
2018-04-10,33.1,33.32,31.17,31.98,,247760.0,,raw
2018-04-11,32.11,32.7,31.62,32.0,,161435.0,,raw
2018-04-12,32.01,32.39,31.82,31.92,,63474.0,,raw
2018-04-13,32.03,33.05,32.03,32.57,,110272.0,,raw
2018-04-16,32.32,33.3,32.3,32.98,,91229.0,,raw
2018-04-17,33.0,33.5,31.29,31.4,,123617.0,,raw
2018-04-18,31.5,32.28,31.2,31.84,,127385.0,,raw
2018-04-19,31.7,32.07,31.25,31.4,,91711.0,,raw
2018-04-20,31.4,31.9,30.91,31.01,,73509.0,,raw
2018-04-23,31.0,31.72,30.91,31.23,,72798.0,,raw
2018-04-24,31.5,32.6,31.14,32.6,,105584.0,,raw
2018-04-25,32.46,33.5,32.07,33.02,,117701.0,,raw
2018-04-26,33.02,33.27,32.36,32.9,,101620.0,,raw
2018-04-27,33.03,33.28,32.2,32.82,,68443.0,,raw
2018-05-02,33.26,33.68,32.81,33.25,,86083.0,,raw
2018-05-03,33.0,33.73,32.38,33.45,,79850.0,,raw
2018-05-04,33.15,33.38,32.08,32.1,,95657.0,,raw
2018-05-07,32.11,33.58,32.11,33.56,,109770.0,,raw
2018-05-08,33.55,34.27,33.38,33.83,,86306.0,,raw
2018-05-09,33.79,33.98,33.4,33.77,,41580.0,,raw
2018-05-10,33.68,33.9,33.2,33.52,,51906.0,,raw
2018-05-11,33.8,34.49,33.58,33.62,,80486.0,,raw
2018-05-14,33.75,34.96,33.74,34.83,,111404.0,,raw
2018-05-15,34.54,34.8,33.53,33.89,,167050.0,,raw
2018-05-16,33.99,34.04,32.8,32.94,,123048.0,,raw
2018-05-17,32.85,33.48,32.3,32.79,,71334.0,,raw
2018-05-18,32.7,33.06,31.55,32.4,,117111.0,,raw
2018-05-21,32.51,33.3,32.5,32.89,,97759.0,,raw
2018-05-22,33.0,33.06,32.01,32.31,,75087.0,,raw
2018-05-23,32.4,32.4,31.61,31.73,,89443.0,,raw
2018-05-24,32.0,32.0,31.4,31.65,,75131.0,,raw
2018-05-25,31.5,31.94,31.48,31.63,,59681.0,,raw
2018-05-28,31.56,32.4,31.51,32.28,,62980.0,,raw
2018-05-29,32.16,32.8,32.02,32.09,,69200.0,,raw
2018-05-30,31.78,32.92,31.46,32.3,,96499.0,,raw
2018-05-31,32.62,32.8,31.76,32.68,,94359.0,,raw
2018-06-01,32.41,32.87,31.73,31.83,,68477.0,,raw
2018-06-04,32.07,32.69,31.85,32.55,,81287.0,,raw
2018-06-05,32.7,32.8,32.16,32.68,,53562.0,,raw
2018-06-06,32.42,32.59,31.86,32.33,,62100.0,,raw
2018-06-07,32.56,33.6,32.35,33.27,,104692.0,,raw
2018-06-08,33.56,33.56,32.81,33.04,,69019.0,,raw
2018-06-11,33.04,33.39,32.1,32.21,,90249.0,,raw
2018-06-12,32.18,33.1,32.18,33.05,,67117.0,,raw
2018-06-13,33.26,33.66,32.88,33.0,,62339.0,,raw
2018-06-14,33.0,33.83,32.95,33.21,,71482.0,,raw
2018-06-15,33.38,33.8,32.42,32.7,,86392.0,,raw
2018-06-19,32.25,32.88,31.75,31.83,,141829.0,,raw
2018-06-20,31.83,33.61,31.83,33.2,,110169.0,,raw
2018-06-21,33.24,33.6,32.81,32.93,,78972.0,,raw
2018-06-22,32.67,33.85,32.2,33.71,,103780.0,,raw
2018-06-25,33.97,34.15,32.9,33.06,,97977.0,,raw
2018-06-26,32.53,34.0,32.32,33.65,,99628.0,,raw
2018-06-27,33.64,33.96,32.89,33.11,,78102.0,,raw
2018-06-28,32.9,33.59,31.89,32.3,,81809.0,,raw
2018-06-29,32.38,32.92,31.57,32.82,,108975.0,,raw
2018-07-02,32.81,32.81,31.25,31.6,,105453.0,,raw
2018-07-03,31.5,31.69,30.26,31.3,,148993.0,,raw
2018-07-04,31.25,31.54,30.53,30.79,,91961.0,,raw
2018-07-05,30.79,31.06,30.3,30.52,,66271.0,,raw
2018-07-06,30.42,31.18,30.4,30.53,,85244.0,,raw
2018-07-09,30.69,30.96,28.9,30.0,,186245.0,,raw
2018-07-10,29.98,30.86,29.81,30.48,,75378.0,,raw
2018-07-11,30.52,30.77,29.8,30.23,,68474.0,,raw
2018-07-12,30.23,31.37,30.0,31.14,,100796.0,,raw
2018-07-13,31.13,31.3,30.65,31.08,,48428.0,,raw
2018-07-16,31.29,31.29,29.8,30.55,,76872.0,,raw
2018-07-17,30.72,30.72,29.91,30.22,,59172.0,,raw
2018-07-18,30.48,30.6,29.67,29.69,,75311.0,,raw
2018-07-19,29.88,29.88,28.05,28.48,,141606.0,,raw
2018-07-20,28.16,28.4,27.62,27.94,,134564.0,,raw
2018-07-23,28.09,28.86,28.01,28.6,,122892.0,,raw
2018-07-24,28.64,29.6,28.64,29.0,,117595.0,,raw
2018-07-25,29.0,29.57,29.0,29.09,,60478.0,,raw
2018-07-26,29.27,29.4,28.0,28.13,,91351.0,,raw
2018-07-27,28.29,28.5,27.8,27.98,,74705.0,,raw
2018-07-30,28.2,28.45,27.45,27.55,,76979.0,,raw
2018-07-31,27.62,27.79,26.42,26.69,,152693.0,,raw
2018-08-01,26.93,27.17,26.41,26.57,,96188.0,,raw
2018-08-02,26.22,26.31,25.16,25.51,,166146.0,,raw
2018-08-03,25.4,25.72,25.2,25.63,,115862.0,,raw
2018-08-06,25.63,26.42,24.9,25.0,,149674.0,,raw
2018-08-07,25.14,26.18,25.14,26.0,,122055.0,,raw
2018-08-08,26.0,26.38,25.61,25.85,,65894.0,,raw
2018-08-09,25.95,27.08,25.65,27.0,,110946.0,,raw
2018-08-10,26.97,27.1,26.52,26.9,,72638.0,,raw
2018-08-13,26.28,28.39,26.27,27.88,,115469.0,,raw
2018-08-14,27.99,27.99,27.1,27.4,,60871.0,,raw
2018-08-15,27.48,27.5,26.46,26.62,,64952.0,,raw
2018-08-16,26.34,27.13,26.21,26.71,,54823.0,,raw
2018-08-17,26.96,27.35,26.38,26.48,,44617.0,,raw
2018-08-20,26.47,27.67,26.19,27.35,,77677.0,,raw
2018-08-21,27.35,28.07,27.16,27.99,,73497.0,,raw
2018-08-22,27.78,27.98,27.41,27.87,,32182.0,,raw
2018-08-23,27.53,28.3,27.53,27.7,,53425.0,,raw
2018-08-24,27.7,27.89,27.09,27.15,,38928.0,,raw
2018-08-27,27.38,27.87,27.25,27.61,,63453.0,,raw
2018-08-28,27.61,28.23,27.5,27.96,,71405.0,,raw
2018-08-29,27.96,27.96,27.25,27.59,,55520.0,,raw
2018-08-30,27.51,27.69,26.89,27.09,,40274.0,,raw
2018-08-31,27.0,27.0,25.79,26.07,,78621.0,,raw
2018-09-03,25.92,26.49,25.83,26.14,,60559.0,,raw
2018-09-04,26.26,26.4,25.82,26.28,,56528.0,,raw
2018-09-05,26.06,26.2,25.48,25.5,,51601.0,,raw
2018-09-06,25.47,26.44,25.43,25.94,,59903.0,,raw
2018-09-07,26.28,26.34,25.94,25.98,,42453.0,,raw
2018-09-10,26.2,26.2,25.26,25.53,,47716.0,,raw
2018-09-11,25.78,25.78,25.33,25.53,,42704.0,,raw
2018-09-12,25.58,25.6,23.86,24.7,,99099.0,,raw
2018-09-13,24.71,25.63,24.71,25.61,,72539.0,,raw
2018-09-14,25.82,26.49,25.7,26.14,,76504.0,,raw
2018-09-17,25.85,26.95,25.75,26.27,,79843.0,,raw
2018-09-18,26.44,26.67,25.3,25.9,,88013.0,,raw
2018-09-19,25.9,27.05,25.7,26.97,,87340.0,,raw
2018-09-20,26.9,27.13,26.5,26.68,,55754.0,,raw
2018-09-21,26.86,27.14,26.34,27.0,,65805.0,,raw
2018-09-25,26.66,27.23,26.55,26.66,,41203.0,,raw
2018-09-26,26.76,27.94,26.58,27.55,,91105.0,,raw
2018-09-27,27.53,27.53,26.91,26.92,,55893.0,,raw
2018-09-28,27.05,27.92,26.82,27.7,,79229.0,,raw
2018-10-08,27.26,27.26,26.4,26.41,,51322.0,,raw
2018-10-09,26.5,26.8,26.2,26.42,,23658.0,,raw
2018-10-10,26.6,26.84,26.25,26.45,,31244.0,,raw
2018-10-11,25.5,25.77,24.26,24.73,,90941.0,,raw
2018-10-12,24.6,25.2,24.32,24.62,,73964.0,,raw
2018-10-15,24.45,24.45,22.16,22.2,,180957.0,,raw
2018-10-16,22.23,22.3,20.42,21.08,,120239.0,,raw
2018-10-17,21.27,22.25,21.27,22.06,,106790.0,,raw
2018-10-18,22.04,22.49,21.88,22.02,,81287.0,,raw
2018-10-19,21.63,23.62,21.4,23.29,,102145.0,,raw
2018-10-22,23.93,24.45,23.38,23.7,,156430.0,,raw
2018-10-23,23.65,23.75,21.81,22.5,,126673.0,,raw
2018-10-24,22.41,22.41,21.84,22.05,,66883.0,,raw
2018-10-25,21.39,22.66,20.5,21.99,,107265.0,,raw
2018-10-26,22.18,22.43,21.58,21.61,,51501.0,,raw
2018-10-29,21.63,22.04,21.25,21.73,,53414.0,,raw
2018-10-30,21.73,22.21,21.12,21.7,,61975.0,,raw
2018-10-31,21.8,22.48,21.68,22.28,,60620.0,,raw
2018-11-01,22.8,23.17,22.32,22.35,,94149.0,,raw
2018-11-02,23.35,24.44,23.35,24.08,,174995.0,,raw
2018-11-05,23.99,25.49,23.82,24.29,,125617.0,,raw
2018-11-06,24.48,24.8,23.88,24.41,,64972.0,,raw
2018-11-07,24.5,24.68,24.01,24.14,,62094.0,,raw
2018-11-08,24.47,24.58,23.6,23.66,,52938.0,,raw
2018-11-09,23.66,23.97,23.4,23.45,,49524.0,,raw
2018-11-12,23.64,24.55,23.5,24.27,,69159.0,,raw
2018-11-13,24.89,24.89,24.02,24.59,,87886.0,,raw
2018-11-14,24.35,24.59,23.9,23.97,,67479.0,,raw
2018-11-15,23.9,24.26,23.9,24.22,,52436.0,,raw
2018-11-16,24.67,24.72,23.87,23.97,,78180.0,,raw
2018-11-19,23.9,24.15,23.63,23.83,,63906.0,,raw
2018-11-20,23.83,23.85,22.3,22.47,,100789.0,,raw
2018-11-21,22.12,22.76,22.07,22.47,,48148.0,,raw
2018-11-22,22.65,22.75,22.1,22.25,,68547.0,,raw
2018-11-23,22.26,22.26,21.14,21.25,,94990.0,,raw
2018-11-26,21.3,21.45,20.61,20.95,,76396.0,,raw
2018-11-27,21.07,21.3,20.81,21.07,,81919.0,,raw
2018-11-28,21.07,21.15,20.3,20.4,,172628.0,,raw
2018-11-29,20.76,21.15,20.5,20.58,,123358.0,,raw
2018-11-30,20.61,21.5,20.55,21.33,,127502.0,,raw
2018-12-03,22.19,22.68,21.71,22.5,,159464.0,,raw
2018-12-04,22.49,22.65,22.02,22.3,,78333.0,,raw
2018-12-05,22.0,22.27,21.7,21.98,,67168.0,,raw
2018-12-06,21.88,21.97,21.24,21.32,,67092.0,,raw
2018-12-07,21.39,21.62,21.32,21.47,,51625.0,,raw
2018-12-10,21.46,21.6,20.85,21.0,,54497.0,,raw
2018-12-11,21.29,21.59,21.1,21.46,,65537.0,,raw
2018-12-12,21.51,21.92,21.36,21.55,,48388.0,,raw
2018-12-13,21.73,22.48,21.5,22.19,,87929.0,,raw
2018-12-14,22.18,22.36,21.86,21.95,,53468.0,,raw
2018-12-17,21.82,21.95,21.16,21.61,,54570.0,,raw
2018-12-18,21.48,21.87,21.23,21.38,,60941.0,,raw
2018-12-19,21.43,21.57,21.1,21.18,,40070.0,,raw
2018-12-20,21.2,21.44,20.8,20.96,,55678.0,,raw
2018-12-21,20.8,21.05,20.61,20.85,,44034.0,,raw
2018-12-24,20.95,21.72,20.7,21.26,,73157.0,,raw
2018-12-25,21.13,21.2,20.47,20.71,,80852.0,,raw
2018-12-26,20.78,20.92,20.41,20.45,,49882.0,,raw
2018-12-27,20.71,20.9,19.01,19.99,,134417.0,,raw
2018-12-28,19.9,20.22,19.5,20.14,,83790.0,,raw
2019-01-02,20.2,20.46,20.04,20.2,,62297.0,,raw
2019-01-03,19.9,20.57,19.9,19.98,,48448.0,,raw
2019-01-04,20.0,20.46,19.59,20.32,,90951.0,,raw
2019-01-07,20.65,21.74,20.61,21.35,,152344.0,,raw
2019-01-08,21.22,21.63,21.1,21.42,,76883.0,,raw
2019-01-09,21.42,21.92,21.28,21.6,,74043.0,,raw
2019-01-10,21.7,21.8,21.33,21.6,,49933.0,,raw
2019-01-11,21.8,22.24,21.52,21.78,,69201.0,,raw
2019-01-14,21.8,22.15,21.51,21.78,,64604.0,,raw
2019-01-15,21.7,22.94,21.55,22.72,,103215.0,,raw
2019-01-16,22.72,23.02,22.55,22.77,,59814.0,,raw
2019-01-17,22.77,22.79,22.27,22.49,,58310.0,,raw
2019-01-18,22.45,22.76,22.28,22.67,,44842.0,,raw
2019-01-21,22.7,23.35,22.65,23.0,,70145.0,,raw
2019-01-22,23.06,23.24,22.75,22.9,,50017.0,,raw
2019-01-23,22.86,23.06,22.72,22.89,,28240.0,,raw
2019-01-24,22.9,23.46,22.82,23.26,,48787.0,,raw
2019-01-25,22.98,23.39,22.21,22.38,,119434.0,,raw
2019-01-28,22.57,24.19,22.57,23.13,,148448.0,,raw
2019-01-29,23.2,23.25,22.34,22.45,,76490.0,,raw
2019-01-30,22.48,22.78,22.15,22.3,,46917.0,,raw
2019-01-31,22.6,22.68,21.56,21.71,,67966.0,,raw
2019-02-01,21.98,22.49,21.82,22.29,,107413.0,,raw
2019-02-11,22.41,23.3,22.4,23.11,,153806.0,,raw
2019-02-12,23.46,23.87,23.3,23.6,,144854.0,,raw
2019-02-13,23.99,24.67,23.76,23.83,,157737.0,,raw
2019-02-14,24.08,25.12,23.86,24.85,,192479.0,,raw
2019-02-15,24.65,24.88,24.24,24.33,,118597.0,,raw
2019-02-18,24.66,25.24,24.43,25.17,,116524.0,,raw
2019-02-19,25.19,26.64,25.1,26.08,,191723.0,,raw
2019-02-20,26.01,26.44,25.42,25.92,,109988.0,,raw
2019-02-21,26.0,26.6,25.5,25.6,,111618.0,,raw
2019-02-22,25.7,26.57,25.55,26.55,,113243.0,,raw
2019-02-25,26.69,27.58,26.69,27.35,,197083.0,,raw
2019-02-26,27.5,27.7,26.66,26.73,,141109.0,,raw
2019-02-27,26.7,26.74,25.56,25.96,,166637.0,,raw
2019-02-28,25.93,26.38,25.66,25.95,,126778.0,,raw
2019-03-01,26.78,26.96,26.04,26.5,,142233.0,,raw
2019-03-04,27.05,27.68,26.9,27.13,,233572.0,,raw
2019-03-05,27.19,27.97,27.01,27.92,,153596.0,,raw
2019-03-06,28.0,28.82,27.8,28.3,,195603.0,,raw
2019-03-07,28.17,28.17,27.05,27.55,,173265.0,,raw
2019-03-08,26.8,27.52,26.11,26.12,,169508.0,,raw
2019-03-11,26.4,28.11,26.38,28.08,,196033.0,,raw
2019-03-12,28.08,28.67,27.32,27.5,,238358.0,,raw
2019-03-13,27.54,27.72,26.21,26.39,,187006.0,,raw
2019-03-14,26.2,27.23,26.11,26.37,,152677.0,,raw
2019-03-15,26.68,26.9,26.29,26.65,,132751.0,,raw
2019-03-18,26.5,26.67,25.8,26.65,,198340.0,,raw
2019-03-19,26.65,27.24,26.34,26.85,,143445.0,,raw
2019-03-20,26.86,26.99,25.87,26.23,,141472.0,,raw
2019-04-04,28.85,28.85,28.21,28.85,,442416.0,,raw
2019-04-08,28.93,29.18,27.88,28.79,,415630.0,,raw
2019-04-09,28.4,29.08,27.68,28.39,,280969.0,,raw
2019-04-10,28.01,28.59,26.99,27.63,,276693.0,,raw
2019-04-11,27.22,27.48,26.28,26.61,,223372.0,,raw
2019-04-12,26.66,27.04,26.35,26.92,,109269.0,,raw
2019-04-15,27.27,27.6,27.13,27.23,,129488.0,,raw
2019-04-16,27.1,28.55,27.01,28.31,,181576.0,,raw
2019-04-17,28.31,28.86,28.0,28.17,,172286.0,,raw
2019-04-18,28.34,28.48,28.0,28.22,,74946.0,,raw
2019-04-19,28.18,28.44,28.01,28.25,,108305.0,,raw
2019-04-22,28.41,28.53,27.56,27.93,,112228.0,,raw
2019-04-23,27.7,27.87,27.01,27.42,,105339.0,,raw
2019-04-24,27.6,27.65,26.49,27.02,,133759.0,,raw
2019-04-25,27.17,27.5,26.11,26.2,,112338.0,,raw
2019-04-26,25.9,26.47,25.58,25.91,,87409.0,,raw
2019-04-29,25.81,26.4,25.74,25.88,,62430.0,,raw
2019-04-30,25.68,25.79,25.17,25.17,,110203.0,,raw
2019-05-06,23.8,24.79,23.41,23.98,,176672.0,,raw
2019-05-07,24.0,24.49,24.0,24.39,,70234.0,,raw
2019-05-08,24.0,24.53,23.81,24.05,,69443.0,,raw
2019-05-09,23.85,24.2,23.0,23.22,,102835.0,,raw
2019-05-10,23.61,24.08,23.1,24.02,,88415.0,,raw
2019-05-13,23.9,23.9,23.33,23.48,,53367.0,,raw
2019-05-14,23.8,24.7,23.54,23.61,,86653.0,,raw
2019-05-15,23.97,24.09,23.39,23.86,,73827.0,,raw
2019-05-16,23.8,24.76,23.66,24.54,,134927.0,,raw
2019-05-17,24.76,24.76,23.23,23.6,,110631.0,,raw
2019-05-20,23.63,23.71,22.88,23.01,,81256.0,,raw
2019-05-21,23.0,23.41,22.92,23.18,,79204.0,,raw
2019-05-22,23.21,23.21,22.84,22.92,,60797.0,,raw
2019-05-23,22.8,23.21,21.5,22.94,,95117.0,,raw
2019-05-24,22.9,23.29,22.75,22.94,,62324.0,,raw
2019-05-27,22.71,23.35,22.28,22.82,,111454.0,,raw
2019-05-28,23.0,23.0,22.29,22.7,,143263.0,,raw
2019-05-29,22.51,22.75,22.4,22.44,,52764.0,,raw
2019-05-30,22.37,22.37,21.96,22.14,,71179.0,,raw
2019-05-31,22.28,23.11,22.25,22.65,,91278.0,,raw
2019-06-03,22.65,22.93,22.25,22.38,,66841.0,,raw
2019-06-04,22.33,22.59,21.95,22.31,,52709.0,,raw
2019-06-05,22.36,23.08,22.34,22.79,,72450.0,,raw
2019-06-06,22.79,22.98,22.35,22.45,,48858.0,,raw
2019-06-10,22.45,23.02,22.34,22.8,,61149.0,,raw
2019-06-11,22.82,23.62,22.82,23.57,,83809.0,,raw
2019-06-12,23.5,23.81,23.28,23.49,,70066.0,,raw
2019-06-13,23.44,23.45,23.08,23.21,,52291.0,,raw
2019-06-14,23.15,23.47,22.91,23.0,,55339.0,,raw
2019-06-17,23.2,23.7,22.96,23.05,,87485.0,,raw
2019-06-18,23.03,23.18,22.52,22.92,,51944.0,,raw
2019-06-19,23.93,23.95,23.23,23.23,,74487.0,,raw
2019-06-20,23.24,23.9,23.07,23.67,,100491.0,,raw
2019-06-21,24.3,24.76,23.82,24.06,,131288.0,,raw
2019-06-24,24.18,24.18,23.6,23.64,,67436.0,,raw
2019-06-25,23.55,23.6,22.7,23.08,,80556.0,,raw
2019-06-26,22.88,23.24,22.88,23.0,,53451.0,,raw
2019-06-27,23.12,23.42,23.01,23.33,,64287.0,,raw
2019-06-28,23.28,23.43,22.83,22.91,,55971.0,,raw
2019-07-01,23.25,24.04,23.25,23.93,,104652.0,,raw
2019-07-02,24.01,24.35,23.81,23.93,,88200.0,,raw
2019-07-03,23.93,24.28,23.87,24.15,,81148.0,,raw
2019-07-04,24.06,24.15,23.77,24.04,,67770.0,,raw
2019-07-05,23.8,24.09,23.73,23.82,,45592.0,,raw
2019-07-08,23.88,23.88,22.92,23.11,,65319.0,,raw
2019-07-09,23.15,23.29,22.6,22.82,,49325.0,,raw
2019-07-10,23.1,23.15,22.84,22.97,,28036.0,,raw
2019-07-11,23.02,23.3,22.92,23.02,,31120.0,,raw
2019-07-12,23.02,23.27,22.8,23.11,,28050.0,,raw
2019-07-15,22.84,23.2,22.34,22.89,,102698.0,,raw
2019-07-16,22.88,23.62,22.88,23.55,,85082.0,,raw
2019-07-17,23.53,23.85,23.31,23.68,,42748.0,,raw
2019-07-18,23.44,23.69,23.2,23.41,,42987.0,,raw
2019-07-19,23.5,23.88,23.33,23.54,,44181.0,,raw
2019-07-22,23.69,23.69,23.34,23.37,,41462.0,,raw
2019-07-23,23.36,23.77,23.2,23.67,,29773.0,,raw
2019-07-24,23.7,24.74,23.67,24.46,,91074.0,,raw
2019-07-25,24.41,24.78,24.14,24.35,,73219.0,,raw
2019-07-26,24.41,24.44,24.02,24.42,,58252.0,,raw
2019-07-29,24.42,24.63,24.28,24.6,,50647.0,,raw
2019-07-30,24.65,25.1,24.57,24.87,,83701.0,,raw
2019-07-31,24.97,25.09,24.65,24.92,,40932.0,,raw
2019-08-01,24.78,25.07,24.65,24.68,,55323.0,,raw
2019-08-02,24.3,24.96,23.92,24.51,,79557.0,,raw
2019-08-05,24.5,24.96,24.06,24.06,,55721.0,,raw
2019-08-06,23.86,24.23,23.35,23.88,,79211.0,,raw
2019-08-07,23.92,24.1,22.93,23.09,,82262.0,,raw
2019-08-08,23.2,23.38,22.92,23.13,,55300.0,,raw
2019-08-09,23.19,23.2,22.7,22.7,,45111.0,,raw
2019-08-12,22.5,22.83,22.38,22.8,,80226.0,,raw
2019-08-13,22.63,22.73,22.35,22.41,,33165.0,,raw
2019-08-14,22.7,23.05,22.1,22.16,,71067.0,,raw
2019-08-15,21.99,22.65,21.73,22.61,,76004.0,,raw
2019-08-16,22.61,22.81,22.21,22.43,,57722.0,,raw
2019-08-19,22.9,23.81,22.82,23.55,,112920.0,,raw
2019-08-20,23.8,23.84,23.3,23.37,,47140.0,,raw
2019-08-21,23.15,23.44,22.86,22.96,,66075.0,,raw
2019-08-22,23.0,23.2,22.7,22.8,,60032.0,,raw
2019-08-23,22.75,22.84,22.41,22.5,,60215.0,,raw
2019-08-26,22.24,22.33,22.0,22.3,,74333.0,,raw
2019-08-27,22.39,23.2,22.39,22.73,,115151.0,,raw
2019-08-28,23.05,23.4,22.91,23.06,,72488.0,,raw
2019-08-29,23.06,23.3,22.82,23.05,,42589.0,,raw
2019-08-30,23.16,23.38,22.85,23.02,,45308.0,,raw
2019-09-02,23.06,23.59,22.93,23.38,,85016.0,,raw
2019-09-03,23.4,23.66,23.15,23.58,,49001.0,,raw
2019-09-04,23.5,23.8,23.32,23.58,,49524.0,,raw
2019-09-05,23.88,24.09,23.37,23.44,,104246.0,,raw
2019-09-06,23.6,23.78,23.48,23.72,,76933.0,,raw
2019-09-09,23.93,24.68,23.61,24.44,,159650.0,,raw
2019-09-11,24.6,24.6,23.14,23.98,,182296.0,,raw
2019-09-12,24.5,24.94,24.02,24.72,,157417.0,,raw
2019-09-16,24.74,25.5,24.6,25.35,,150807.0,,raw
2019-09-17,25.22,25.34,24.5,24.54,,121964.0,,raw
2019-09-18,24.67,24.81,24.37,24.4,,76139.0,,raw
2019-09-19,24.6,24.87,24.26,24.78,,94482.0,,raw
2019-09-20,24.88,25.05,24.48,24.48,,103201.0,,raw
2019-09-23,24.48,25.07,24.2,25.07,,146132.0,,raw
2019-09-24,25.07,25.25,24.85,24.92,,84647.0,,raw
2019-09-25,24.92,25.1,24.72,24.89,,59712.0,,raw
2019-09-26,24.95,25.25,24.67,24.87,,80777.0,,raw
2019-09-27,24.71,25.14,24.7,24.7,,43069.0,,raw
2019-09-30,24.61,24.9,24.06,24.33,,49681.0,,raw
2019-10-08,24.48,24.75,24.21,24.49,,53591.0,,raw
2019-10-09,24.42,24.58,23.87,24.15,,54018.0,,raw
2019-10-10,24.15,24.32,23.88,24.11,,60142.0,,raw
2019-10-11,24.11,24.85,24.03,24.65,,65388.0,,raw
2019-10-14,24.93,25.92,24.9,25.56,,150790.0,,raw
2019-10-15,25.22,25.25,23.82,24.03,,176345.0,,raw
2019-10-16,24.0,24.3,23.85,23.85,,64785.0,,raw
2019-10-17,23.7,23.78,23.14,23.24,,94312.0,,raw
2019-10-18,23.36,23.36,22.94,23.2,,57283.0,,raw
2019-10-21,23.19,23.34,22.8,23.2,,48801.0,,raw
2019-10-22,23.18,23.87,23.09,23.81,,53936.0,,raw
2019-10-23,23.62,24.41,23.62,24.28,,73344.0,,raw
2019-10-24,24.4,24.45,24.01,24.26,,71679.0,,raw
2019-10-25,24.19,24.42,24.02,24.27,,54493.0,,raw
2019-10-28,24.43,24.8,24.35,24.63,,63528.0,,raw
2019-10-29,24.6,25.16,24.45,24.54,,82827.0,,raw
2019-10-30,24.95,25.0,24.61,25.0,,66040.0,,raw
2019-10-31,25.3,25.3,24.67,24.93,,40706.0,,raw
2019-11-01,24.72,25.27,24.58,25.03,,70150.0,,raw
2019-11-04,25.27,25.43,25.0,25.06,,59928.0,,raw
2019-11-05,25.06,25.67,24.9,25.32,,94684.0,,raw
2019-11-06,25.25,25.55,25.15,25.28,,47656.0,,raw
2019-11-07,25.25,25.57,25.14,25.35,,52058.0,,raw
2019-11-08,25.55,25.79,25.11,25.14,,50042.0,,raw
2019-11-11,25.0,25.4,24.72,24.86,,42071.0,,raw
2019-11-12,24.98,25.5,24.92,25.1,,50785.0,,raw
2019-11-13,25.38,25.4,24.7,25.1,,46771.0,,raw
2019-11-14,25.0,25.35,25.0,25.08,,38889.0,,raw
2019-11-15,25.21,25.28,24.75,24.75,,40265.0,,raw
2019-11-18,24.75,25.2,24.58,24.99,,67025.0,,raw
2019-11-19,25.15,25.88,25.06,25.82,,112471.0,,raw
2019-11-20,25.86,26.58,25.7,26.37,,113698.0,,raw
2019-11-21,26.55,27.5,26.4,27.3,,152618.0,,raw
2019-11-22,27.39,27.68,26.81,27.13,,130306.0,,raw
2019-11-25,27.1,27.44,26.71,26.88,,108018.0,,raw
2019-11-26,26.96,27.22,26.73,27.22,,136477.0,,raw
2019-11-27,26.98,26.98,26.14,26.76,,113475.0,,raw
2019-11-28,26.85,26.95,26.23,26.5,,95768.0,,raw
2019-11-29,26.54,26.81,25.98,26.27,,70292.0,,raw
2019-12-02,26.52,27.15,26.23,26.38,,98448.0,,raw
2019-12-03,26.45,27.61,26.06,27.6,,149398.0,,raw
2019-12-04,27.45,27.63,27.05,27.42,,93155.0,,raw
2019-12-05,27.5,27.79,27.3,27.63,,128441.0,,raw
2019-12-06,27.76,27.93,27.05,27.86,,89882.0,,raw
2019-12-09,27.93,28.09,27.66,27.66,,93093.0,,raw
2019-12-10,27.68,27.83,27.24,27.59,,75976.0,,raw
2019-12-11,27.57,27.64,27.23,27.42,,49271.0,,raw
2019-12-12,27.45,28.44,27.32,28.22,,109238.0,,raw
2019-12-13,28.3,29.28,28.3,28.78,,134389.0,,raw
2019-12-16,29.0,29.67,28.71,29.33,,121595.0,,raw
2019-12-17,29.25,29.5,28.98,29.2,,93737.0,,raw
2019-12-18,29.4,29.58,29.07,29.4,,54746.0,,raw
2019-12-19,29.3,30.1,29.2,29.5,,77712.0,,raw
2019-12-20,29.5,29.91,29.23,29.38,,42392.0,,raw
2019-12-23,29.49,29.49,28.65,28.73,,73414.0,,raw
2019-12-24,28.85,29.25,28.7,29.09,,63427.0,,raw
2019-12-25,29.18,29.69,28.76,29.0,,61460.0,,raw
2019-12-26,29.13,29.5,28.8,29.1,,45567.0,,raw
2019-12-27,29.0,29.96,28.89,29.5,,144257.0,,raw
2019-12-30,29.48,30.89,29.23,30.85,,179157.0,,raw
2019-12-31,30.66,30.83,30.13,30.64,,89918.0,,raw
2020-01-02,30.6,31.1,30.45,30.63,,128933.0,,raw
2020-01-03,30.65,30.95,30.49,30.85,,81820.0,,raw
2020-01-06,30.75,31.4,30.55,30.72,,97361.0,,raw
2020-01-07,30.7,30.83,30.05,30.46,,100186.0,,raw
2020-01-08,30.4,31.39,30.3,31.28,,104613.0,,raw
2020-01-09,31.27,31.84,30.4,30.95,,108676.0,,raw
2020-01-10,30.96,31.12,30.47,31.0,,67272.0,,raw
2020-01-13,31.0,31.8,30.81,31.66,,93024.0,,raw
2020-01-14,31.62,31.94,31.24,31.35,,51341.0,,raw
2020-01-15,31.54,31.75,31.0,31.4,,51021.0,,raw
2020-01-16,31.25,32.15,31.11,31.4,,82356.0,,raw
2020-01-17,31.51,31.63,29.8,30.8,,187005.0,,raw
2020-01-20,30.2,31.78,29.91,30.77,,205324.0,,raw
2020-01-21,30.73,31.27,29.52,29.74,,149374.0,,raw
2020-01-22,29.7,29.98,28.78,29.78,,129429.0,,raw
2020-01-23,29.59,30.7,28.88,29.25,,124039.0,,raw
2020-02-03,26.33,28.08,26.33,26.41,,161601.0,,raw
2020-02-04,27.03,28.12,27.02,27.65,,140519.0,,raw
2020-02-05,28.07,28.69,27.38,27.99,,151705.0,,raw
2020-02-06,27.9,28.75,27.33,28.43,,147632.0,,raw
2020-02-07,28.28,28.58,27.86,28.24,,124710.0,,raw
2020-02-10,28.39,28.97,28.1,28.88,,146626.0,,raw
2020-02-11,29.18,29.63,28.81,29.2,,101141.0,,raw
2020-02-12,29.1,30.11,29.0,29.87,,106181.0,,raw
2020-02-13,29.79,30.3,28.89,29.12,,124058.0,,raw
2020-02-14,29.0,29.73,28.82,29.24,,65116.0,,raw
2020-02-17,29.5,30.17,29.3,30.11,,82241.0,,raw
2020-02-18,30.33,30.8,29.91,30.61,,111392.0,,raw
2020-02-19,30.22,31.3,29.98,30.91,,135156.0,,raw
2020-02-20,30.75,31.37,30.31,30.75,,107925.0,,raw
2020-02-21,30.76,31.72,30.76,30.91,,146379.0,,raw
2020-02-24,31.3,31.8,30.15,31.42,,174886.0,,raw
2020-02-25,30.9,32.39,30.5,32.39,,228894.0,,raw
2020-02-26,31.91,32.2,30.45,30.58,,191081.0,,raw
2020-02-27,30.48,30.7,29.65,29.7,,169965.0,,raw
2020-02-28,28.5,29.35,28.31,28.31,,171542.0,,raw
2020-03-02,28.65,29.28,28.33,29.14,,145555.0,,raw
2020-03-03,29.57,30.18,29.3,29.95,,154141.0,,raw
2020-03-04,29.6,30.49,29.38,30.35,,109690.0,,raw
2020-03-05,30.79,30.88,29.49,29.77,,108178.0,,raw
2020-03-06,29.3,30.2,29.22,29.85,,89261.0,,raw
2020-03-09,29.41,29.57,28.68,28.69,,113514.0,,raw
2020-03-10,28.41,29.29,28.17,29.09,,132875.0,,raw
2020-03-11,29.26,29.26,28.5,28.65,,87351.0,,raw
2020-03-12,28.19,28.49,27.51,27.9,,172236.0,,raw
2020-03-13,26.7,27.38,26.4,26.88,,183719.0,,raw
2020-03-16,26.88,26.94,25.38,25.59,,193340.0,,raw
2020-03-17,25.49,26.05,24.78,25.27,,165944.0,,raw
2020-03-18,25.5,26.22,25.07,25.16,,121620.0,,raw
2020-03-19,25.56,25.65,24.22,24.92,,187855.0,,raw
2020-03-20,25.18,25.28,24.22,24.59,,149321.0,,raw
2020-03-23,23.81,23.98,23.16,23.53,,155106.0,,raw
2020-03-24,23.95,24.04,23.5,24.03,,122223.0,,raw
2020-03-25,24.5,25.44,24.2,25.04,,159550.0,,raw
2020-03-26,24.91,25.77,24.7,25.56,,138653.0,,raw
2020-03-27,25.85,27.2,25.84,26.79,,155673.0,,raw
2020-03-30,26.66,26.75,25.8,26.0,,109516.0,,raw
2020-03-31,26.34,26.53,25.7,25.85,,63147.0,,raw
2020-04-01,26.03,26.47,25.8,26.05,,69154.0,,raw
2020-04-02,26.15,26.7,25.96,26.7,,59410.0,,raw
2020-04-03,26.73,27.28,26.62,26.88,,56192.0,,raw
2020-04-07,27.28,28.25,27.28,28.0,,110196.0,,raw
2020-04-08,27.99,28.9,27.82,28.46,,73387.0,,raw
2020-04-09,28.71,28.71,27.45,27.6,,71007.0,,raw
2020-04-10,27.57,29.38,27.21,28.32,,136941.0,,raw
2020-04-13,28.6,29.05,28.22,28.9,,79621.0,,raw
2020-04-14,28.9,29.64,28.82,29.35,,98665.0,,raw
2020-04-15,29.44,29.58,29.0,29.35,,55662.0,,raw
2020-04-16,29.01,29.55,29.0,29.54,,73178.0,,raw
2020-04-17,29.6,30.09,29.4,29.7,,72843.0,,raw
2020-04-20,30.0,30.78,29.76,30.15,,90558.0,,raw
2020-04-21,30.07,30.3,29.55,29.85,,45835.0,,raw
2020-04-22,29.61,30.04,29.41,29.92,,53888.0,,raw
2020-04-23,30.03,31.28,30.03,30.2,,134602.0,,raw
2020-04-24,30.51,31.59,30.24,30.45,,115802.0,,raw
2020-04-27,30.3,31.66,30.3,31.14,,97251.0,,raw
2020-04-28,31.48,33.53,30.78,32.98,,200119.0,,raw
2020-04-29,32.91,32.96,31.72,32.5,,111074.0,,raw
2020-04-30,32.6,33.47,32.0,32.73,,98890.0,,raw
2020-05-06,34.8,34.8,32.1,33.9,,154850.0,,raw
2020-05-07,33.79,34.3,33.2,33.8,,88847.0,,raw
2020-05-08,33.99,34.98,33.62,34.68,,105904.0,,raw
2020-05-11,34.4,35.07,34.01,34.26,,77124.0,,raw
2020-05-12,34.69,35.58,33.82,35.5,,112481.0,,raw
2020-05-13,35.13,35.57,34.25,35.46,,100965.0,,raw
2020-05-14,35.1,35.49,34.77,35.3,,63597.0,,raw
2020-05-15,35.2,35.65,34.93,35.12,,63033.0,,raw
2020-05-18,35.12,35.69,34.79,35.14,,105766.0,,raw
2020-05-19,35.51,36.06,35.15,35.64,,71102.0,,raw
2020-05-20,35.49,35.62,35.0,35.02,,57389.0,,raw
2020-05-21,35.2,35.69,34.45,34.95,,82131.0,,raw
2020-05-22,35.01,35.1,34.0,34.33,,89117.0,,raw
2020-05-25,34.85,34.94,33.87,34.66,,84285.0,,raw
2020-05-26,35.01,36.15,34.48,35.54,,110633.0,,raw
2020-05-27,35.75,35.89,34.21,34.55,,95313.0,,raw
2020-05-28,34.32,34.74,33.19,33.78,,115281.0,,raw
2020-05-29,33.85,34.83,33.73,34.33,,94695.0,,raw
2020-06-01,34.6,35.88,34.38,35.45,,105899.0,,raw
2020-06-02,35.45,35.8,33.72,33.92,,116521.0,,raw
2020-06-03,34.0,35.15,33.6,34.72,,98740.0,,raw
2020-06-04,35.0,35.39,34.58,35.05,,88137.0,,raw
2020-06-05,34.95,35.04,34.0,34.35,,69340.0,,raw
2020-06-08,34.7,35.83,34.34,34.55,,117087.0,,raw
2020-06-09,34.48,34.98,34.18,34.56,,69521.0,,raw
2020-06-10,34.54,36.09,34.24,35.91,,114070.0,,raw
2020-06-11,36.57,36.6,34.25,34.45,,149958.0,,raw
2020-06-12,33.67,34.62,33.62,33.9,,112855.0,,raw
2020-06-15,34.0,34.5,33.56,33.88,,81814.0,,raw
2020-06-16,34.4,35.4,34.02,34.95,,87107.0,,raw
2020-06-17,35.28,35.28,33.5,33.68,,101969.0,,raw
2020-06-18,34.05,34.34,33.5,33.96,,106301.0,,raw
2020-06-19,33.93,35.37,33.75,34.8,,149794.0,,raw
2020-06-22,35.0,36.04,34.55,35.5,,108524.0,,raw
2020-06-23,35.5,36.24,35.1,35.87,,115178.0,,raw
2020-06-24,36.5,37.28,35.91,36.96,,189901.0,,raw
2020-06-29,36.63,37.39,36.3,37.06,,115841.0,,raw
2020-06-30,37.01,38.16,37.01,37.99,,112777.0,,raw
2020-07-01,37.99,38.86,37.51,38.58,,110670.0,,raw
2020-07-02,38.16,38.58,36.8,37.8,,131648.0,,raw
2020-07-03,37.86,38.15,36.8,37.77,,119472.0,,raw
2020-07-06,37.76,39.05,37.08,38.8,,132442.0,,raw
2020-07-07,38.8,40.84,38.8,39.93,,127597.0,,raw
2020-07-08,43.8,43.92,43.11,43.92,,163726.0,,raw
2020-07-09,46.4,48.31,45.68,48.31,,298971.0,,raw
2020-07-10,49.1,49.1,46.8,48.6,,254964.0,,raw
2020-07-13,48.02,50.24,48.02,49.26,,163641.0,,raw
2020-07-14,49.6,52.8,48.86,50.2,,272432.0,,raw
2020-07-15,50.0,52.1,49.6,50.0,,203942.0,,raw
2020-07-16,50.18,53.89,48.8,50.2,,299488.0,,raw
2020-07-17,50.62,51.8,46.5,50.1,,230357.0,,raw
2020-07-20,52.06,53.33,48.56,52.12,,207806.0,,raw
2020-07-21,52.1,53.48,51.03,52.33,,155643.0,,raw
2020-07-22,52.38,53.3,51.38,51.5,,152124.0,,raw
2020-07-23,51.0,52.56,51.0,52.0,,148510.0,,raw
2020-07-24,51.46,52.28,48.01,48.69,,291363.0,,raw
2020-07-27,48.69,49.28,47.61,48.3,,145701.0,,raw
2020-07-28,48.99,51.64,48.35,50.31,,186685.0,,raw
2020-07-29,50.1,51.5,49.61,51.33,,166290.0,,raw
2020-07-30,51.99,52.4,49.56,49.89,,166628.0,,raw
2020-07-31,50.4,51.29,49.15,50.26,,133766.0,,raw
2020-08-03,50.57,53.3,50.2,52.9,,192425.0,,raw
2020-08-04,53.65,53.67,50.74,52.2,,181049.0,,raw
2020-08-05,52.31,53.15,51.36,52.86,,138985.0,,raw
2020-08-06,52.74,52.74,49.85,51.73,,166505.0,,raw
2020-08-07,51.73,53.28,50.97,51.47,,142761.0,,raw
2020-08-10,51.89,53.2,51.11,52.22,,117925.0,,raw
2020-08-11,52.46,55.76,52.37,52.89,,194940.0,,raw
2020-08-12,52.5,52.73,49.5,50.62,,172359.0,,raw
2020-08-13,51.23,52.98,50.53,52.55,,127101.0,,raw
2020-08-14,52.31,55.35,52.14,55.13,,194900.0,,raw
2020-08-17,54.48,55.88,53.91,55.47,,150157.0,,raw
2020-08-18,55.94,58.2,53.96,55.64,,224688.0,,raw
2020-08-19,55.4,57.73,55.05,56.42,,151378.0,,raw
2020-08-20,56.3,57.56,53.8,53.8,,150586.0,,raw
2020-08-21,53.86,55.6,53.18,55.32,,114998.0,,raw
2020-08-24,56.4,57.17,53.71,56.06,,114758.0,,raw
2020-08-25,55.7,57.86,55.17,57.48,,116418.0,,raw
2020-08-26,56.71,57.58,55.76,56.0,,117582.0,,raw
2020-08-27,56.11,60.39,56.1,58.7,,185809.0,,raw
2020-08-28,57.8,58.15,56.5,57.89,,182080.0,,raw
2020-08-31,57.6,57.87,55.0,55.8,,204165.0,,raw
2020-09-01,56.12,57.76,55.49,57.28,,123309.0,,raw
2020-09-02,57.35,58.24,55.33,56.5,,124893.0,,raw
2020-09-03,56.48,56.84,54.58,54.76,,129036.0,,raw
2020-09-04,54.18,55.32,53.21,54.93,,99899.0,,raw
2020-09-07,54.93,55.5,53.0,53.89,,116446.0,,raw
2020-09-08,53.51,54.19,52.03,53.37,,109833.0,,raw
2020-09-09,53.47,53.95,51.0,51.69,,115790.0,,raw
2020-09-10,52.39,53.13,51.15,51.5,,99367.0,,raw
2020-09-11,50.78,52.61,50.47,52.27,,116883.0,,raw
2020-09-14,52.98,53.28,51.5,52.01,,126008.0,,raw
2020-09-15,52.42,54.29,52.11,53.79,,113325.0,,raw
2020-09-16,54.99,54.99,52.57,53.2,,81072.0,,raw
2020-09-17,53.18,55.9,52.68,55.36,,117228.0,,raw
2020-09-18,55.17,56.21,54.41,55.45,,105419.0,,raw
2020-09-21,55.88,56.72,54.05,55.83,,85830.0,,raw
2020-09-22,55.01,56.4,54.4,54.99,,71548.0,,raw
2020-09-23,55.41,55.41,54.38,54.71,,63047.0,,raw
2020-09-24,54.8,56.58,53.2,54.0,,117025.0,,raw
2020-09-25,54.14,56.38,54.14,55.94,,125300.0,,raw
2020-09-28,56.4,57.08,55.18,55.84,,102619.0,,raw
2020-09-29,55.84,56.78,55.29,56.3,,90788.0,,raw
2020-09-30,56.32,58.73,56.03,57.9,,119348.0,,raw
2020-10-09,59.6,63.0,58.02,61.75,,161808.0,,raw
2020-10-12,62.2,63.71,61.1,63.71,,117063.0,,raw
2020-10-13,62.91,64.29,62.64,63.22,,80271.0,,raw
2020-10-14,63.0,63.7,62.3,62.7,,114840.0,,raw
2020-10-15,63.1,63.55,62.26,63.2,,90087.0,,raw
2020-10-16,62.5,63.73,61.81,62.42,,70938.0,,raw
2020-10-19,63.5,64.66,62.03,62.57,,99216.0,,raw
2020-10-20,62.89,64.43,62.11,64.07,,74329.0,,raw
2020-10-21,64.39,64.39,62.35,62.75,,63813.0,,raw
2020-10-22,62.15,62.73,60.75,62.24,,102946.0,,raw
2020-10-23,62.25,63.65,60.5,62.18,,95279.0,,raw
2020-10-26,59.99,63.01,58.0,62.37,,97585.0,,raw
2020-10-27,62.5,63.68,61.7,62.8,,102368.0,,raw
2020-10-28,63.1,64.78,62.4,62.8,,127193.0,,raw
2020-10-29,61.85,66.07,61.71,65.54,,113703.0,,raw
2020-10-30,66.71,67.3,63.82,64.24,,113301.0,,raw
2020-11-02,72.0,77.09,71.7,77.09,,305970.0,,raw
2020-11-03,78.72,79.29,75.5,77.8,,289069.0,,raw
2020-11-04,78.51,80.36,77.44,79.0,,191258.0,,raw
2020-11-05,79.51,81.86,78.25,80.12,,158393.0,,raw
2020-11-06,81.0,81.0,78.26,79.49,,150291.0,,raw
2020-11-09,81.01,83.18,79.54,82.66,,147125.0,,raw
2020-11-10,81.5,83.36,78.05,82.1,,171626.0,,raw
2020-11-11,82.99,86.88,80.0,80.33,,203414.0,,raw
2020-11-12,81.95,82.46,78.5,80.37,,152582.0,,raw
2020-11-13,81.37,82.3,79.61,81.83,,111620.0,,raw
2020-11-16,82.99,84.84,81.9,82.64,,163925.0,,raw
2020-11-17,83.16,85.35,80.88,82.5,,126168.0,,raw
2020-11-18,81.54,83.5,79.3,80.56,,138637.0,,raw
2020-11-19,81.25,81.25,79.06,79.93,,100849.0,,raw
2020-11-20,80.57,81.83,79.8,80.26,,123281.0,,raw
2020-11-23,81.5,86.0,80.26,84.42,,163477.0,,raw
2020-11-24,84.42,85.0,81.67,83.8,,106834.0,,raw
2020-11-25,84.56,84.75,81.88,82.58,,85600.0,,raw
2020-11-26,82.22,83.14,76.11,78.2,,177431.0,,raw
2020-11-27,79.02,79.5,76.78,77.8,,96033.0,,raw
2020-11-30,78.51,79.79,77.0,77.0,,130287.0,,raw
2020-12-01,79.21,83.16,78.44,80.51,,159663.0,,raw
2020-12-02,81.72,83.35,80.1,81.31,,87989.0,,raw
2020-12-03,81.64,82.77,80.2,81.04,,69815.0,,raw
2020-12-04,80.35,86.3,79.92,85.47,,143399.0,,raw
2020-12-07,85.61,85.8,83.72,84.7,,89604.0,,raw
2020-12-08,85.51,87.9,84.58,85.58,,126593.0,,raw
2020-12-09,85.7,86.3,83.53,84.03,,81606.0,,raw
2020-12-10,84.38,86.98,82.3,84.15,,109026.0,,raw
2020-12-11,85.6,86.15,81.96,83.09,,156241.0,,raw
2020-12-14,84.1,84.51,82.18,84.19,,96751.0,,raw
2020-12-15,84.37,87.15,83.83,86.45,,92471.0,,raw
2020-12-16,86.49,89.0,84.53,85.5,,111227.0,,raw
2020-12-17,85.77,86.44,84.77,85.94,,69058.0,,raw
2020-12-18,86.01,89.33,85.31,88.16,,142983.0,,raw
2020-12-21,88.53,90.8,87.6,90.8,,166672.0,,raw
2020-12-22,90.0,91.94,85.7,86.0,,169190.0,,raw
2020-12-23,87.03,90.6,87.03,88.51,,139041.0,,raw
2020-12-24,89.39,91.6,87.31,91.28,,98286.0,,raw
2020-12-25,91.28,92.6,89.76,92.45,,111813.0,,raw
2020-12-28,93.0,93.02,88.75,90.9,,122133.0,,raw
2020-12-29,89.9,91.49,85.38,86.2,,156237.0,,raw
2020-12-30,86.53,89.72,86.53,87.56,,140248.0,,raw
2020-12-31,87.56,94.28,87.56,93.3,,148548.0,,raw
2021-01-04,93.3,97.84,92.56,95.59,,137223.0,,raw
2021-01-05,94.0,96.55,92.3,96.18,,142349.0,,raw
2021-01-06,97.33,98.3,92.4,95.4,,148901.0,,raw
2021-01-07,95.39,102.0,93.81,100.06,,177656.0,,raw
2021-01-08,100.8,101.6,96.28,100.0,,138247.0,,raw
2021-01-11,100.0,100.0,92.8,95.29,,174409.0,,raw
2021-01-12,94.26,98.65,93.11,97.4,,131440.0,,raw
2021-01-13,98.0,98.09,88.76,89.9,,239969.0,,raw
2021-01-14,88.0,92.1,87.94,90.78,,184919.0,,raw
2021-01-15,90.3,92.41,85.98,89.23,,146302.0,,raw
2021-01-18,88.2,91.59,85.68,90.32,,127805.0,,raw
2021-01-19,90.32,94.4,90.01,93.41,,170768.0,,raw
2021-01-20,92.49,94.56,91.5,93.41,,93371.0,,raw
2021-01-21,93.5,105.92,93.0,102.0,,222291.0,,raw
2021-01-22,103.0,103.59,98.08,98.8,,222383.0,,raw
2021-01-25,99.25,104.95,99.25,101.09,,209089.0,,raw
2021-01-26,101.68,102.5,95.6,99.8,,138074.0,,raw
2021-01-27,99.1,101.79,97.03,98.98,,116061.0,,raw
2021-01-28,99.86,99.9,91.5,94.41,,177115.0,,raw
2021-01-29,95.01,98.18,93.77,95.15,,142472.0,,raw
2021-02-01,95.45,99.1,95.0,98.69,,130586.0,,raw
2021-02-02,99.2,107.0,99.0,104.78,,200093.0,,raw
2021-02-03,106.01,106.68,101.0,101.42,,130213.0,,raw
2021-02-04,101.46,102.33,98.4,100.0,,102832.0,,raw
2021-02-05,102.01,102.22,97.99,98.57,,102821.0,,raw
2021-02-08,99.0,111.0,98.14,109.87,,207976.0,,raw
2021-02-09,111.0,112.0,107.5,112.0,,137541.0,,raw
2021-02-10,112.78,114.1,109.49,114.1,,94424.0,,raw
2021-02-18,117.0,117.9,112.0,114.15,,138935.0,,raw
2021-02-19,111.1,111.9,102.0,105.77,,177430.0,,raw
2021-02-22,106.2,106.82,100.2,101.66,,172974.0,,raw
2021-02-23,101.0,103.49,96.8,97.11,,193656.0,,raw
2021-02-24,98.0,98.19,88.88,89.85,,274053.0,,raw
2021-02-25,91.5,92.25,86.36,87.19,,224500.0,,raw
2021-02-26,85.5,86.55,83.0,85.29,,196775.0,,raw
2021-03-01,88.77,90.49,86.17,89.89,,260917.0,,raw
2021-03-02,90.48,91.87,85.87,88.88,,178992.0,,raw
2021-03-03,88.37,88.38,85.1,88.08,,156727.0,,raw
2021-03-04,85.92,86.97,82.17,83.55,,192817.0,,raw
2021-03-05,83.98,89.08,83.15,87.88,,185789.0,,raw
2021-03-08,86.88,88.7,85.02,85.75,,146429.0,,raw
2021-03-09,83.55,87.36,81.38,81.7,,157636.0,,raw
2021-03-10,84.95,86.49,83.01,84.65,,154893.0,,raw
2021-03-11,84.69,89.0,84.68,87.3,,116902.0,,raw
2021-03-12,88.77,88.77,84.3,86.62,,109642.0,,raw
2021-03-15,86.62,86.9,78.78,79.99,,209202.0,,raw
2021-03-16,81.0,83.81,80.45,81.76,,140329.0,,raw
2021-03-17,83.31,84.5,80.5,82.67,,77033.0,,raw
2021-03-18,84.0,89.98,84.0,87.69,,127582.0,,raw
2021-03-19,86.0,86.9,83.27,84.27,,96407.0,,raw
2021-03-22,84.99,89.5,84.6,88.7,,104664.0,,raw
2021-03-23,87.97,88.3,84.53,85.7,,91896.0,,raw
2021-03-24,85.71,86.64,79.3,80.46,,147791.0,,raw
2021-03-25,78.86,82.21,78.41,81.6,,102117.0,,raw
2021-03-26,82.64,87.26,82.04,86.5,,118154.0,,raw
2021-03-29,88.0,88.75,83.66,84.71,,133383.0,,raw
2021-03-30,84.34,88.3,83.61,88.24,,82573.0,,raw
2021-03-31,88.0,88.33,83.4,85.51,,102938.0,,raw
2021-04-01,85.87,87.18,85.4,86.73,,51325.0,,raw
2021-04-02,87.56,92.8,87.56,91.26,,110433.0,,raw
2021-04-06,93.5,94.88,88.56,91.26,,148335.0,,raw
2021-04-07,90.5,93.36,89.58,93.31,,92304.0,,raw
2021-04-08,92.19,93.68,89.55,90.36,,88090.0,,raw
2021-04-09,90.39,90.4,79.6,81.45,,302005.0,,raw
2021-04-12,79.5,81.16,76.3,77.47,,242429.0,,raw
2021-04-13,77.7,77.85,75.2,75.73,,138105.0,,raw
2021-04-14,75.3,80.6,75.27,80.2,,155522.0,,raw
2021-04-15,79.92,80.9,78.05,80.49,,61932.0,,raw
2021-04-16,81.73,82.49,78.68,79.71,,101903.0,,raw
2021-04-19,79.97,83.81,79.6,83.19,,115372.0,,raw
2021-04-20,82.34,83.5,80.3,81.31,,100501.0,,raw
2021-04-21,80.76,81.34,79.12,80.95,,73556.0,,raw
2021-04-22,80.59,81.2,76.75,78.54,,206010.0,,raw
2021-04-23,78.0,82.49,78.0,81.81,,145943.0,,raw
2021-04-26,82.05,83.33,79.21,79.52,,139778.0,,raw
2021-04-27,84.59,87.46,83.44,84.47,,252744.0,,raw
2021-04-28,87.0,90.77,85.89,90.6,,260643.0,,raw
2021-04-29,91.3,91.78,87.3,89.0,,137310.0,,raw
2021-04-30,89.8,90.18,86.6,89.45,,121339.0,,raw
2021-05-06,89.98,90.61,88.06,89.98,,149543.0,,raw
2021-05-07,89.0,90.67,84.65,84.9,,128340.0,,raw
2021-05-10,85.01,85.03,81.87,82.88,,126755.0,,raw
2021-05-11,82.6,82.6,79.19,81.06,,99233.0,,raw
2021-05-12,81.01,81.76,79.5,81.2,,91458.0,,raw
2021-05-13,80.0,80.44,78.21,79.28,,91356.0,,raw
2021-05-14,80.0,82.5,77.77,81.2,,104031.0,,raw
2021-05-17,81.91,89.95,81.7,89.42,,207889.0,,raw
2021-05-18,89.0,89.41,87.16,88.97,,93263.0,,raw
2021-05-19,88.8,95.09,88.02,91.0,,134013.0,,raw
2021-05-20,92.27,94.63,91.36,92.66,,124900.0,,raw
2021-05-21,93.1,93.55,90.0,91.15,,100578.0,,raw
2021-05-24,92.0,93.0,89.6,91.79,,81069.0,,raw
2021-05-25,91.54,94.78,91.33,94.36,,132489.0,,raw
2021-05-26,95.81,98.35,94.88,97.06,,139176.0,,raw
2021-05-27,97.0,98.01,95.05,97.06,,103255.0,,raw
2021-05-28,96.79,98.75,95.01,95.91,,103078.0,,raw
2021-05-31,96.35,100.0,96.35,98.49,,103919.0,,raw
2021-06-01,98.0,98.69,94.3,97.72,,153841.0,,raw
2021-06-02,97.8,98.33,94.88,95.97,,91696.0,,raw
2021-06-03,96.46,96.94,92.47,92.73,,81532.0,,raw
2021-06-04,62.45,63.53,60.2,60.96,,190380.0,,raw
2021-06-07,61.49,61.58,58.2,59.22,,282523.0,,raw
2021-06-08,59.68,62.39,59.1,60.55,,187153.0,,raw
2021-06-09,60.55,61.58,59.91,60.8,,136041.0,,raw
2021-06-10,60.88,63.88,60.4,62.7,,217153.0,,raw
2021-06-11,62.7,62.96,60.96,61.0,,221137.0,,raw
2021-06-15,61.69,64.6,61.46,63.55,,233546.0,,raw
2021-06-16,63.37,63.43,60.8,61.19,,182856.0,,raw
2021-06-17,61.0,62.2,58.81,61.92,,257419.0,,raw
2021-06-18,63.7,69.98,63.6,66.79,,397916.0,,raw
2021-06-21,67.05,69.38,65.55,68.0,,312070.0,,raw
2021-06-22,69.0,69.19,66.56,67.51,,162313.0,,raw
2021-06-23,67.98,68.28,66.5,66.95,,181542.0,,raw
2021-06-24,66.2,66.8,63.5,64.3,,242188.0,,raw
2021-06-25,65.34,67.36,64.5,66.07,,231027.0,,raw
2021-06-28,65.74,69.53,65.56,68.58,,218750.0,,raw
2021-06-29,68.57,69.59,66.8,68.94,,207758.0,,raw
2021-06-30,74.0,75.58,70.3,74.26,,448183.0,,raw
2021-07-01,74.27,82.53,72.5,80.78,,489065.0,,raw
2021-07-02,78.9,78.93,74.91,76.49,,463802.0,,raw
2021-07-05,75.21,77.37,73.6,74.62,,493644.0,,raw
2021-07-06,74.62,76.35,73.0,76.12,,331305.0,,raw
2021-07-07,74.01,77.64,73.08,76.7,,327150.0,,raw
2021-07-08,77.66,78.9,76.1,78.19,,338309.0,,raw
2021-07-09,76.5,80.85,75.25,79.2,,349865.0,,raw
2021-07-12,78.0,83.62,77.5,80.35,,381844.0,,raw
2021-07-13,79.08,79.28,74.24,75.21,,444358.0,,raw
2021-07-14,74.03,76.65,73.25,74.79,,260076.0,,raw
2021-07-15,73.98,75.97,73.41,75.9,,204408.0,,raw
2021-07-16,75.5,75.52,72.13,72.15,,304589.0,,raw
2021-07-19,72.1,75.3,70.3,74.8,,270115.0,,raw
2021-07-20,73.7,78.32,73.05,77.82,,354984.0,,raw
2021-07-21,80.9,84.5,80.21,82.28,,578461.0,,raw
2021-07-22,82.2,83.48,80.44,81.4,,281889.0,,raw
2021-07-23,81.08,82.28,79.5,80.77,,230381.0,,raw
2021-07-26,80.8,81.8,76.01,77.3,,372565.0,,raw
2021-07-27,78.0,79.76,75.58,75.91,,321456.0,,raw
2021-07-28,74.05,77.58,73.15,76.38,,326779.0,,raw
2021-07-29,78.5,80.78,76.6,79.81,,305157.0,,raw
2021-07-30,79.98,79.98,77.52,77.86,,207728.0,,raw
2021-08-02,78.04,86.47,78.0,85.15,,452958.0,,raw
2021-08-03,86.4,87.99,81.5,81.8,,332183.0,,raw
2021-08-04,81.01,88.59,80.88,87.56,,373186.0,,raw
2021-08-05,88.0,89.05,85.38,86.8,,247958.0,,raw
2021-08-06,87.79,87.79,83.5,84.41,,246414.0,,raw
2021-08-09,83.9,84.8,82.0,83.89,,194699.0,,raw
2021-08-10,84.53,86.16,82.99,85.25,,218384.0,,raw
2021-08-11,84.0,85.25,82.57,82.61,,207110.0,,raw
2021-08-12,82.01,82.89,73.3,73.98,,770163.0,,raw
2021-08-13,75.0,76.48,73.07,74.02,,371403.0,,raw
2021-08-16,73.79,73.85,70.52,72.95,,307235.0,,raw
2021-08-17,73.3,73.6,71.0,71.0,,253525.0,,raw
2021-08-18,71.2,71.76,68.33,69.2,,324568.0,,raw
2021-08-19,69.2,71.59,68.69,71.19,,229272.0,,raw
2021-08-20,70.6,71.09,67.8,69.38,,255844.0,,raw
2021-08-23,70.5,74.48,70.08,73.99,,355805.0,,raw
2021-08-24,75.0,76.4,72.03,75.34,,342288.0,,raw
2021-08-25,76.0,77.77,74.2,74.68,,199587.0,,raw
2021-08-26,75.11,76.59,73.66,74.27,,210082.0,,raw
2021-08-27,74.74,76.12,73.6,75.1,,189252.0,,raw
2021-08-30,76.09,76.1,72.8,73.64,,323720.0,,raw
2021-08-31,74.04,74.25,70.01,71.02,,395151.0,,raw
2021-09-01,70.7,71.62,68.49,70.6,,271591.0,,raw
2021-09-02,70.66,71.56,69.68,70.22,,195049.0,,raw
2021-09-03,70.21,71.5,68.11,69.0,,220859.0,,raw
2021-09-06,68.99,73.3,68.1,71.8,,250600.0,,raw
2021-09-07,72.0,73.69,71.21,72.89,,247388.0,,raw
2021-09-08,73.8,73.8,69.79,70.0,,300478.0,,raw
2021-09-09,70.0,70.88,68.42,70.18,,161362.0,,raw
2021-09-10,70.18,70.7,68.45,70.08,,213611.0,,raw
2021-09-13,69.8,70.57,67.52,67.97,,223998.0,,raw
2021-09-14,68.43,69.79,67.5,68.15,,184144.0,,raw
2021-09-15,67.69,68.14,64.94,65.39,,352235.0,,raw
2021-09-16,66.0,66.73,64.66,65.15,,282270.0,,raw
2021-09-17,65.0,66.35,64.78,65.58,,181641.0,,raw
2021-09-22,64.5,64.5,62.21,63.19,,245283.0,,raw
2021-09-23,64.51,65.84,63.67,65.4,,326351.0,,raw
2021-09-24,65.96,66.46,63.68,65.18,,266489.0,,raw
2021-09-27,65.3,67.3,64.42,65.53,,235241.0,,raw
2021-09-28,65.0,66.3,63.58,64.0,,224038.0,,raw
2021-09-29,63.01,64.6,62.7,62.81,,203251.0,,raw
2021-09-30,63.0,63.63,62.71,63.0,,175663.0,,raw
2021-10-08,63.6,65.38,63.59,64.16,,211917.0,,raw
2021-10-11,64.41,66.62,63.87,64.01,,273166.0,,raw
2021-10-12,64.49,65.16,59.2,59.51,,411853.0,,raw
2021-10-13,59.51,60.49,58.83,60.25,,164596.0,,raw
2021-10-14,60.86,61.15,59.14,59.7,,222139.0,,raw
2021-10-15,59.36,63.59,58.82,62.85,,380089.0,,raw
2021-10-18,62.85,62.98,59.95,60.52,,326027.0,,raw
2021-10-19,60.53,62.64,60.16,60.7,,282404.0,,raw
2021-10-20,60.67,62.99,59.82,62.16,,327665.0,,raw
2021-10-21,62.16,62.66,60.87,61.26,,229799.0,,raw
2021-10-22,61.26,62.05,60.59,61.4,,176121.0,,raw
2021-10-25,61.16,62.34,61.01,62.0,,211168.0,,raw
2021-10-26,62.4,65.64,62.1,64.4,,408106.0,,raw
2021-10-27,64.22,65.26,63.41,64.52,,283370.0,,raw
2021-10-28,64.8,66.87,63.5,65.8,,435522.0,,raw
2021-10-29,65.79,65.88,63.2,65.23,,374660.0,,raw
2021-11-01,64.4,65.13,62.82,65.02,,347508.0,,raw
2021-11-02,64.88,68.02,64.35,65.85,,440606.0,,raw
2021-11-03,66.27,67.46,65.32,66.61,,244159.0,,raw
2021-11-04,67.1,68.18,66.62,68.13,,298846.0,,raw
2021-11-05,68.6,68.78,67.56,68.12,,230365.0,,raw
2021-11-08,68.74,71.38,68.18,70.58,,308715.0,,raw
2021-11-09,70.01,71.17,69.43,71.14,,229271.0,,raw
2021-11-10,70.98,71.27,67.9,68.82,,289367.0,,raw
2021-11-11,68.6,71.12,68.02,69.68,,248578.0,,raw
2021-11-12,70.0,71.28,69.25,70.51,,189693.0,,raw
2021-11-15,71.15,71.47,69.59,70.49,,161891.0,,raw
2021-11-16,70.01,70.65,66.77,67.03,,334090.0,,raw
2021-11-17,67.62,67.98,66.86,67.08,,158525.0,,raw
2021-11-18,67.29,67.67,65.3,66.0,,242763.0,,raw
2021-11-19,65.86,66.23,64.5,66.1,,277075.0,,raw
2021-11-22,66.43,67.15,65.34,66.42,,286288.0,,raw
2021-11-23,66.98,70.28,66.62,69.11,,443414.0,,raw
2021-11-24,68.99,69.5,68.03,68.89,,251813.0,,raw
2021-11-25,69.25,70.53,68.6,69.37,,252354.0,,raw
2021-11-26,69.34,69.34,67.0,67.37,,220724.0,,raw
2021-11-29,65.22,67.36,65.22,66.63,,189772.0,,raw
2021-11-30,66.7,67.47,65.51,65.6,,170613.0,,raw
2021-12-01,65.35,66.56,64.62,65.05,,159438.0,,raw
2021-12-02,65.04,65.75,64.46,65.5,,150564.0,,raw
2021-12-03,65.49,65.93,64.81,65.86,,153042.0,,raw
2021-12-06,65.85,67.2,65.07,65.1,,174791.0,,raw
2021-12-07,65.55,65.93,64.52,65.53,,119119.0,,raw
2021-12-08,65.8,67.19,65.78,66.27,,174596.0,,raw
2021-12-09,66.29,72.15,66.0,70.41,,553066.0,,raw
2021-12-10,69.71,71.2,69.56,70.85,,235480.0,,raw
2021-12-13,71.0,73.5,71.0,71.55,,300635.0,,raw
2021-12-14,71.02,71.44,70.16,70.34,,158225.0,,raw
2021-12-15,69.91,70.22,68.63,68.85,,160506.0,,raw
2021-12-16,69.0,72.2,69.0,72.1,,260467.0,,raw
2021-12-17,72.6,73.87,71.7,72.04,,268397.0,,raw
2021-12-20,72.0,72.33,70.08,70.32,,243981.0,,raw
2021-12-21,70.99,72.45,70.61,72.28,,190694.0,,raw
2021-12-22,71.92,72.05,69.69,70.08,,222263.0,,raw
2021-12-23,69.8,70.23,68.79,69.15,,158016.0,,raw
2021-12-24,70.0,70.2,68.81,69.67,,140544.0,,raw
2021-12-27,69.68,70.39,69.09,70.0,,86721.0,,raw
2021-12-28,70.42,71.84,69.38,71.45,,181688.0,,raw
2021-12-29,71.55,71.6,69.31,69.35,,150650.0,,raw
2021-12-30,69.02,69.9,68.68,69.36,,99878.0,,raw
2021-12-31,69.44,69.98,68.1,68.6,,124999.0,,raw
2022-01-04,69.55,70.88,69.27,69.8,,197522.0,,raw
2022-01-05,70.06,70.18,66.38,66.55,,228214.0,,raw
2022-01-06,65.8,67.12,65.51,66.13,,132989.0,,raw
2022-01-07,66.48,67.3,65.6,66.39,,104009.0,,raw
2022-01-10,65.8,65.89,63.84,65.2,,155498.0,,raw
2022-01-11,64.95,66.2,64.35,65.2,,138300.0,,raw
2022-01-12,65.5,66.18,64.8,65.87,,109545.0,,raw
2022-01-13,66.0,66.36,64.99,65.1,,96758.0,,raw
2022-01-14,64.0,65.03,62.63,64.0,,195290.0,,raw
2022-01-17,63.5,64.94,63.5,64.06,,107500.0,,raw
2022-01-18,64.3,67.45,63.75,66.88,,196405.0,,raw
2022-01-19,66.68,67.25,65.53,66.0,,147820.0,,raw
2022-01-20,65.95,68.58,65.9,67.88,,166008.0,,raw
2022-01-21,68.19,68.45,66.5,67.42,,161390.0,,raw
2022-01-24,66.79,67.0,65.02,66.41,,137212.0,,raw
2022-01-25,66.19,68.79,65.8,66.49,,160754.0,,raw
2022-01-26,66.88,67.18,64.3,65.27,,155235.0,,raw
2022-01-27,63.0,63.0,58.2,58.5,,427410.0,,raw
2022-01-28,58.37,60.65,58.35,59.99,,255981.0,,raw
2022-02-07,61.0,61.53,59.18,60.24,,122163.0,,raw
2022-02-08,60.4,60.79,58.38,59.7,,150848.0,,raw
2022-02-09,60.12,61.1,59.59,60.8,,128529.0,,raw
2022-02-10,60.3,60.81,59.67,60.4,,123840.0,,raw
2022-02-11,60.0,61.67,59.4,61.11,,173145.0,,raw
2022-02-14,60.23,60.76,59.39,60.56,,119970.0,,raw
2022-02-15,60.58,63.16,60.38,62.85,,162228.0,,raw
2022-02-16,63.2,65.5,63.2,65.16,,178884.0,,raw
2022-02-17,65.1,66.75,64.05,65.5,,144126.0,,raw
2022-02-18,65.0,65.45,64.22,65.14,,92792.0,,raw
2022-02-21,65.15,65.7,63.81,64.3,,109323.0,,raw
2022-02-22,64.07,64.07,62.35,62.95,,146835.0,,raw
2022-02-23,62.95,64.59,62.95,64.53,,114452.0,,raw
2022-02-24,64.27,65.84,63.0,64.15,,135836.0,,raw
2022-02-25,64.62,64.93,63.5,63.7,,81512.0,,raw
2022-02-28,63.7,63.96,62.68,63.66,,76755.0,,raw
2022-03-01,64.0,64.31,63.3,63.75,,80906.0,,raw
2022-03-02,63.39,63.73,62.7,62.98,,65672.0,,raw
2022-03-03,63.18,63.45,62.02,62.4,,69199.0,,raw
2022-03-04,61.98,62.7,61.25,61.64,,96881.0,,raw
2022-03-07,61.61,61.88,59.6,60.0,,139195.0,,raw
2022-03-08,60.6,60.89,59.1,59.47,,128157.0,,raw
2022-03-09,60.01,60.68,57.0,58.64,,153441.0,,raw
2022-03-10,60.06,60.25,57.5,57.81,,179880.0,,raw
2022-03-11,56.51,58.44,53.8,58.18,,203370.0,,raw
2022-03-14,57.36,57.54,54.55,54.63,,166053.0,,raw
2022-03-15,53.8,54.8,51.51,51.72,,235603.0,,raw
2022-03-16,52.34,55.38,51.77,55.25,,241655.0,,raw
2022-03-17,56.04,57.29,54.85,55.68,,187507.0,,raw
2022-03-18,55.8,57.55,55.47,56.9,,129589.0,,raw
2022-03-21,57.39,58.36,56.53,57.6,,109327.0,,raw
2022-03-22,57.21,57.65,56.7,57.4,,85535.0,,raw
2022-03-23,57.74,57.86,56.69,57.25,,63217.0,,raw
2022-03-24,56.94,57.22,56.0,56.29,,104860.0,,raw
2022-03-25,56.2,56.68,54.83,54.83,,107917.0,,raw
2022-03-28,54.0,55.32,53.9,54.79,,89565.0,,raw
2022-03-29,54.42,55.15,53.65,54.0,,64325.0,,raw
2022-03-30,55.0,55.8,54.66,55.65,,99092.0,,raw
2022-03-31,55.5,57.41,55.1,57.0,,138249.0,,raw
2022-04-01,56.63,57.5,56.35,56.75,,86764.0,,raw
2022-04-06,56.73,57.19,55.92,56.45,,85360.0,,raw
2022-04-07,56.14,56.75,55.38,55.42,,98749.0,,raw
2022-04-08,55.89,56.86,55.28,56.04,,74582.0,,raw
2022-04-11,55.33,55.99,52.5,52.56,,128433.0,,raw
2022-04-12,52.56,54.59,52.42,54.58,,85370.0,,raw
2022-04-13,53.94,54.8,52.81,53.56,,95657.0,,raw
2022-04-14,54.49,54.66,53.6,54.03,,67165.0,,raw
2022-04-15,53.51,53.88,51.98,52.6,,85202.0,,raw
2022-04-18,51.0,52.65,48.4,52.42,,185363.0,,raw
2022-04-19,52.88,54.58,52.18,53.1,,128567.0,,raw
2022-04-20,53.11,54.38,52.88,53.15,,98428.0,,raw
2022-04-21,52.51,53.57,51.01,51.22,,115267.0,,raw
2022-04-22,50.86,51.5,49.51,50.43,,120944.0,,raw
2022-04-25,50.0,50.0,47.5,47.5,,147345.0,,raw
2022-04-26,47.71,49.98,47.56,48.48,,183398.0,,raw
2022-04-27,48.0,53.61,48.0,53.28,,207435.0,,raw
2022-04-28,53.5,56.64,52.9,55.92,,210670.0,,raw
2022-04-29,56.91,58.32,55.85,57.7,,162452.0,,raw
2022-05-05,57.9,59.79,57.66,58.33,,133919.0,,raw
2022-05-06,57.06,57.83,55.18,55.81,,90834.0,,raw
2022-05-09,55.82,55.84,54.5,55.16,,59128.0,,raw
2022-05-10,54.67,56.26,54.4,55.75,,131758.0,,raw
2022-05-11,56.15,56.86,55.19,55.98,,138834.0,,raw
2022-05-12,55.95,56.38,55.31,56.04,,67429.0,,raw
2022-05-13,56.23,56.75,55.81,56.5,,69205.0,,raw
2022-05-16,56.57,57.3,56.13,56.64,,66413.0,,raw
2022-05-17,56.85,58.75,56.6,58.59,,92216.0,,raw
2022-05-18,58.47,59.0,58.0,58.5,,66568.0,,raw
2022-05-19,57.5,60.06,57.35,59.6,,108212.0,,raw
2022-05-20,59.02,60.96,59.02,60.1,,87340.0,,raw
2022-05-23,60.0,61.2,59.72,60.7,,93310.0,,raw
2022-05-24,61.49,62.23,59.1,59.19,,103699.0,,raw
2022-05-25,59.19,59.55,58.28,58.99,,65930.0,,raw
2022-05-26,58.95,60.35,57.8,59.09,,71520.0,,raw
2022-05-27,59.5,61.13,59.5,60.48,,104942.0,,raw
2022-05-30,59.91,61.53,59.51,60.04,,72515.0,,raw
2022-05-31,60.0,61.5,59.78,61.23,,78904.0,,raw
2022-06-01,60.99,62.46,60.8,61.25,,72677.0,,raw
2022-06-02,61.45,64.6,60.59,64.1,,162325.0,,raw
2022-06-06,64.1,65.87,63.24,65.65,,174642.0,,raw
2022-06-07,65.59,66.87,64.44,65.39,,105706.0,,raw
2022-06-08,65.86,65.86,64.21,65.4,,107995.0,,raw
2022-06-09,65.23,66.84,63.81,64.51,,113286.0,,raw
2022-06-10,64.26,65.4,63.33,65.01,,125329.0,,raw
2022-06-13,65.01,66.68,64.1,66.6,,172652.0,,raw
2022-06-14,66.01,66.48,63.6,66.08,,108627.0,,raw
2022-06-15,65.53,66.09,63.86,64.25,,128880.0,,raw
2022-06-16,64.25,65.6,64.2,64.9,,84122.0,,raw
2022-06-17,64.33,65.28,63.8,64.95,,92528.0,,raw
2022-06-20,64.95,66.47,64.5,66.01,,100239.0,,raw
2022-06-21,66.88,68.35,65.41,66.25,,124861.0,,raw
2022-06-22,66.2,67.0,64.01,64.38,,141356.0,,raw
2022-06-23,65.75,68.19,64.68,68.05,,245980.0,,raw
2022-06-24,68.66,70.1,67.6,69.8,,227685.0,,raw
2022-06-27,69.88,70.48,67.42,67.7,,185029.0,,raw
2022-06-28,67.79,69.65,66.25,69.28,,183767.0,,raw
2022-06-29,68.88,69.47,65.11,65.33,,190759.0,,raw
2022-06-30,65.0,66.86,64.91,65.87,,136871.0,,raw
2022-07-01,65.6,66.02,64.48,64.85,,100346.0,,raw
2022-07-04,64.36,65.86,64.1,65.75,,102311.0,,raw
2022-07-05,65.1,65.85,63.14,64.69,,123753.0,,raw
2022-07-06,64.16,64.68,62.88,63.6,,99429.0,,raw
2022-07-07,63.59,64.65,62.7,64.33,,118421.0,,raw
2022-07-08,64.06,65.25,62.88,64.43,,207029.0,,raw
2022-07-11,64.01,64.42,62.55,62.88,,105190.0,,raw
2022-07-12,62.88,63.3,61.81,62.29,,119746.0,,raw
2022-07-13,61.85,62.48,61.1,61.79,,126584.0,,raw
2022-07-14,61.67,64.6,61.09,63.82,,141969.0,,raw
2022-07-15,63.0,64.63,63.0,63.04,,113242.0,,raw
2022-07-18,62.67,63.9,62.1,63.1,,129818.0,,raw
2022-07-19,63.44,63.45,61.9,62.38,,88496.0,,raw
2022-07-20,62.41,64.96,62.4,63.61,,115703.0,,raw
2022-07-21,63.14,63.88,62.98,62.98,,72932.0,,raw
2022-07-22,63.0,63.54,61.22,62.0,,87538.0,,raw
2022-07-25,62.0,62.5,60.55,60.95,,102579.0,,raw
2022-07-26,61.39,62.81,61.0,62.55,,95044.0,,raw
2022-07-27,62.77,65.22,61.88,64.88,,141549.0,,raw
2022-07-28,65.15,67.17,64.96,66.1,,157620.0,,raw
2022-07-29,65.8,67.11,65.5,66.12,,116957.0,,raw
2022-08-01,66.11,67.63,64.61,67.06,,146261.0,,raw
2022-08-02,66.02,67.0,64.85,66.31,,172423.0,,raw
2022-08-03,67.0,67.51,64.7,65.0,,112261.0,,raw
2022-08-04,65.78,66.27,64.36,65.14,,98587.0,,raw
2022-08-05,65.65,65.86,62.73,63.57,,149147.0,,raw
2022-08-08,63.3,63.35,61.86,62.37,,157948.0,,raw
2022-08-09,62.56,63.2,62.08,62.66,,99906.0,,raw
2022-08-10,62.2,63.23,61.8,62.74,,104432.0,,raw
2022-08-11,62.72,63.45,62.15,63.0,,92241.0,,raw
2022-08-12,63.22,63.58,61.88,62.5,,87114.0,,raw
2022-08-15,62.56,63.2,61.97,63.06,,105009.0,,raw
2022-08-16,63.35,64.85,62.86,64.8,,149793.0,,raw
2022-08-17,64.79,64.8,63.63,64.14,,83942.0,,raw
2022-08-18,63.98,65.09,63.41,65.02,,82534.0,,raw
2022-08-19,65.59,65.61,62.33,62.4,,127777.0,,raw
2022-08-22,62.3,63.12,61.61,62.76,,64444.0,,raw
2022-08-23,62.7,66.66,62.36,64.26,,233110.0,,raw
2022-08-24,64.4,64.8,61.25,61.3,,147532.0,,raw
2022-08-25,61.4,62.46,60.94,62.08,,97282.0,,raw
2022-08-26,62.5,62.59,60.0,60.5,,126106.0,,raw
2022-08-29,59.6,60.51,58.6,58.98,,115417.0,,raw
2022-08-30,58.98,59.3,58.18,58.38,,75785.0,,raw
2022-08-31,57.8,59.97,57.35,59.97,,115680.0,,raw
2022-09-01,58.77,59.8,57.0,57.23,,103895.0,,raw
2022-09-02,57.34,58.5,57.05,57.88,,81711.0,,raw
2022-09-05,57.75,59.38,57.5,58.95,,96689.0,,raw
2022-09-06,58.95,59.35,57.13,58.14,,119662.0,,raw
2022-09-07,57.55,60.1,57.54,59.04,,120333.0,,raw
2022-09-08,59.05,59.24,57.9,58.03,,88506.0,,raw
2022-09-09,58.47,58.58,57.6,58.45,,57873.0,,raw
2022-09-13,58.9,59.48,58.18,58.7,,63464.0,,raw
2022-09-14,57.66,58.52,57.1,57.71,,75092.0,,raw
2022-09-15,58.3,58.79,56.9,57.46,,118974.0,,raw
2022-09-16,57.46,58.08,56.47,56.47,,87529.0,,raw
2022-09-19,56.47,58.75,56.45,58.09,,116506.0,,raw
2022-09-20,58.5,58.6,57.81,58.12,,56427.0,,raw
2022-09-21,58.08,58.28,56.8,57.55,,52250.0,,raw
2022-09-22,57.15,57.88,56.9,57.45,,34599.0,,raw
2022-09-23,57.55,57.87,56.01,56.85,,52421.0,,raw
2022-09-26,56.78,58.75,56.25,57.8,,78907.0,,raw
2022-09-27,57.84,58.36,57.01,57.95,,78103.0,,raw
2022-09-28,58.05,58.07,55.62,55.9,,84841.0,,raw
2022-09-29,56.5,58.38,55.9,57.6,,96289.0,,raw
2022-09-30,58.35,58.35,57.18,57.51,,72317.0,,raw
2022-10-10,58.5,59.39,57.52,57.94,,124363.0,,raw
2022-10-11,57.9,58.83,56.93,58.54,,89382.0,,raw
2022-10-12,58.61,61.6,58.22,61.6,,276368.0,,raw
2022-10-13,61.53,62.11,60.68,61.49,,131341.0,,raw
2022-10-14,61.89,62.85,61.7,62.2,,133454.0,,raw
2022-10-17,61.53,66.15,61.4,66.0,,298328.0,,raw
2022-10-18,66.45,67.38,65.45,66.09,,194061.0,,raw
2022-10-19,66.09,66.3,64.65,65.29,,140974.0,,raw
2022-10-20,64.9,65.0,62.12,63.0,,247064.0,,raw
2022-10-21,61.98,63.74,61.4,63.02,,194552.0,,raw
2022-10-24,62.95,65.65,62.7,64.41,,175503.0,,raw
2022-10-25,63.63,67.35,63.48,66.6,,225424.0,,raw
2022-10-26,66.22,66.98,65.61,66.14,,183014.0,,raw
2022-10-27,66.4,67.99,65.52,66.39,,189942.0,,raw
2022-10-28,65.0,66.0,64.68,64.83,,118370.0,,raw
2022-10-31,64.65,67.7,64.5,66.7,,140604.0,,raw
2022-11-01,66.18,67.9,66.18,67.53,,165645.0,,raw
2022-11-02,67.53,71.5,67.51,70.97,,262033.0,,raw
2022-11-03,70.5,71.2,69.55,69.87,,103829.0,,raw
2022-11-04,70.67,70.88,69.0,69.8,,146070.0,,raw
2022-11-07,69.02,70.09,67.75,69.12,,142588.0,,raw
2022-11-08,69.1,69.79,68.18,69.26,,101097.0,,raw
2022-11-09,68.5,69.4,67.68,68.41,,107603.0,,raw
2022-11-10,67.52,69.06,67.4,68.49,,136549.0,,raw
2022-11-11,70.52,71.98,69.5,71.2,,225688.0,,raw
2022-11-14,71.26,72.8,69.6,69.9,,141614.0,,raw
2022-11-15,70.88,72.48,69.89,71.91,,128487.0,,raw
2022-11-16,72.3,73.3,71.0,71.16,,101451.0,,raw
2022-11-17,70.87,71.5,68.9,69.24,,117336.0,,raw
2022-11-18,69.03,72.22,69.03,71.0,,124666.0,,raw
2022-11-21,70.56,72.8,70.19,72.27,,104284.0,,raw
2022-11-22,72.3,72.45,70.41,70.75,,67639.0,,raw
2022-11-23,70.03,71.74,69.6,70.79,,81675.0,,raw
2022-11-24,71.01,71.99,68.5,69.13,,135852.0,,raw
2022-11-25,69.48,69.75,68.08,68.41,,92741.0,,raw
2022-11-28,67.3,68.68,66.46,68.43,,78794.0,,raw
2022-11-29,68.3,70.37,67.96,69.73,,111727.0,,raw
2022-11-30,69.75,70.67,69.35,70.26,,80081.0,,raw
2022-12-01,70.88,72.28,69.83,69.91,,151693.0,,raw
2022-12-02,70.21,71.98,68.2,70.61,,87928.0,,raw
2022-12-05,70.48,72.78,70.43,72.3,,125851.0,,raw
2022-12-06,72.02,72.49,71.0,71.45,,85248.0,,raw
2022-12-07,71.01,71.79,70.39,70.91,,84385.0,,raw
2022-12-08,70.4,71.88,69.88,71.17,,85541.0,,raw
2022-12-09,71.15,71.45,68.22,69.37,,166598.0,,raw
2022-12-12,68.67,70.13,68.12,69.9,,100120.0,,raw
2022-12-13,71.0,71.0,68.92,69.5,,81133.0,,raw
2022-12-14,69.1,69.85,68.56,68.76,,106053.0,,raw
2022-12-15,69.3,70.19,68.78,69.96,,72234.0,,raw
2022-12-16,69.51,70.44,69.19,70.0,,66386.0,,raw
2022-12-19,69.52,70.57,69.15,69.92,,63086.0,,raw
2022-12-20,69.5,69.9,67.1,67.47,,118374.0,,raw
2022-12-21,67.03,68.45,66.96,67.59,,62869.0,,raw
2022-12-22,68.0,68.9,67.39,67.82,,72245.0,,raw
2022-12-23,67.69,67.8,66.01,66.68,,57693.0,,raw
2022-12-26,66.68,69.23,66.31,68.5,,59669.0,,raw
2022-12-27,69.13,69.25,67.85,68.9,,93410.0,,raw
2022-12-28,68.8,69.11,68.21,68.85,,85488.0,,raw
2022-12-29,68.92,70.31,68.52,69.88,,88726.0,,raw
2022-12-30,69.88,70.65,69.46,69.5,,56337.0,,raw
