date,open,high,low,close,volume,amount,price_type
2019-01-02,14.610,14.860,14.610,14.680,7960.000,,raw
2019-01-03,14.630,14.830,14.480,14.670,8963.000,,raw
2019-01-04,14.520,15.010,14.350,14.970,13480.000,,raw
2019-01-07,15.030,15.490,14.970,15.290,11829.000,,raw
2019-01-08,15.310,15.880,15.040,15.440,19560.000,,raw
2019-01-09,15.300,15.470,15.120,15.350,19130.000,,raw
2019-01-10,15.280,15.280,14.990,15.000,13160.000,,raw
2019-01-11,15.000,15.150,14.960,15.110,9877.000,,raw
2019-01-14,15.060,15.280,14.880,14.930,8705.000,,raw
2019-01-15,14.860,15.170,14.820,15.170,8656.000,,raw
2019-01-16,15.360,15.900,15.350,15.750,32418.000,,raw
2019-01-17,15.610,15.700,15.400,15.470,14628.000,,raw
2019-01-18,15.580,15.590,15.170,15.420,12974.000,,raw
2019-01-21,15.380,15.720,15.260,15.540,12701.000,,raw
2019-01-22,15.530,15.530,15.050,15.220,16019.000,,raw
2019-01-23,15.190,15.470,15.180,15.440,13400.000,,raw
2019-01-24,15.380,15.660,15.360,15.600,12632.000,,raw
2019-01-25,15.500,15.670,15.300,15.300,11394.000,,raw
2019-01-28,15.300,15.590,15.180,15.300,12072.000,,raw
2019-01-29,15.270,15.300,14.580,14.890,16728.000,,raw
2019-01-30,14.890,15.200,14.700,15.020,11196.000,,raw
2019-01-31,14.870,15.140,14.720,14.780,12019.000,,raw
2019-02-01,14.950,15.160,14.750,15.160,12437.000,,raw
2019-02-11,15.130,15.910,15.110,15.830,24129.000,,raw
2019-02-12,15.820,16.250,15.710,15.930,23662.000,,raw
2019-02-13,15.980,16.750,15.900,16.480,34114.000,,raw
2019-02-14,16.530,16.820,16.350,16.650,26691.000,,raw
2019-02-15,16.650,16.700,16.360,16.600,15130.000,,raw
2019-02-18,16.630,17.350,16.630,17.200,24042.000,,raw
2019-02-19,17.250,17.490,16.800,17.030,27577.000,,raw
2019-02-20,17.100,17.270,16.910,17.100,15932.000,,raw
2019-02-21,17.120,17.180,16.660,16.800,26381.000,,raw
2019-02-22,16.900,17.190,16.670,17.110,26244.000,,raw
2019-02-25,17.260,18.060,17.150,17.970,36235.000,,raw
2019-02-26,17.970,19.770,17.900,18.910,77426.000,,raw
2019-02-27,18.780,19.500,18.350,18.600,45218.000,,raw
2019-02-28,18.600,19.620,18.410,19.160,38764.000,,raw
2019-03-01,18.940,18.940,17.810,18.410,58636.000,,raw
2019-03-04,18.400,19.160,18.210,18.780,67330.000,,raw
2019-03-05,18.500,19.160,18.390,19.140,41117.000,,raw
2019-03-06,19.170,19.460,18.880,19.200,41417.000,,raw
2019-03-07,19.200,19.340,18.800,19.160,35756.000,,raw
2019-03-08,19.080,19.990,18.560,19.450,73572.000,,raw
2019-03-11,19.600,21.230,19.360,20.950,73107.000,,raw
2019-03-12,20.860,21.960,20.360,21.320,69949.000,,raw
2019-03-13,20.780,21.200,20.100,20.120,44869.000,,raw
2019-03-14,20.210,20.490,19.000,19.300,34059.000,,raw
2019-03-15,19.490,19.900,19.310,19.780,21900.000,,raw
2019-03-18,19.700,20.360,19.310,20.270,25273.000,,raw
2019-03-19,20.280,20.540,19.830,20.190,22366.000,,raw
2019-03-20,20.090,20.180,19.450,19.760,18198.000,,raw
2019-03-21,19.800,20.090,19.650,19.960,25697.000,,raw
2019-03-22,19.760,19.900,19.210,19.570,20753.000,,raw
2019-03-25,19.310,19.440,19.030,19.210,23346.000,,raw
2019-03-26,19.250,19.400,18.400,18.600,23884.000,,raw
2019-03-27,18.620,18.920,18.470,18.770,15080.000,,raw
2019-03-28,18.600,19.040,18.400,18.400,15386.000,,raw
2019-03-29,18.420,19.050,18.210,18.980,18581.000,,raw
2019-04-01,19.010,20.030,19.010,19.640,31591.000,,raw
2019-04-02,19.780,19.820,19.460,19.490,25482.000,,raw
2019-04-03,19.760,20.000,19.590,19.720,26543.000,,raw
2019-04-04,19.730,19.860,19.310,19.600,34367.000,,raw
2019-04-08,19.610,20.590,19.610,20.590,56455.000,,raw
2019-04-09,20.590,21.360,20.280,21.260,74548.000,,raw
2019-04-10,21.100,21.480,20.630,20.980,42227.000,,raw
2019-04-11,20.680,21.080,20.100,20.950,44517.000,,raw
2019-04-12,20.680,20.800,20.130,20.440,32632.000,,raw
2019-04-15,20.590,20.760,20.010,20.030,21214.000,,raw
2019-04-16,20.000,20.340,19.800,20.270,17146.000,,raw
2019-04-17,20.210,20.640,20.150,20.540,20499.000,,raw
2019-04-18,20.560,20.750,20.330,20.340,18866.000,,raw
2019-04-19,20.500,20.900,20.420,20.820,25381.000,,raw
2019-04-22,20.760,21.640,20.760,21.060,35022.000,,raw
2019-04-23,21.000,21.000,20.330,20.460,17993.000,,raw
2019-04-24,20.590,20.600,19.930,20.310,18432.000,,raw
2019-04-25,20.370,20.500,19.150,19.150,23192.000,,raw
2019-04-26,19.090,20.100,18.880,19.800,23643.000,,raw
2019-04-29,19.810,19.930,18.520,19.140,30829.000,,raw
2019-04-30,18.800,19.250,18.690,18.900,13283.000,,raw
2019-05-06,18.450,18.710,17.010,17.190,26923.000,,raw
2019-05-07,17.200,17.500,16.830,17.210,17345.000,,raw
2019-05-08,16.830,17.280,16.530,16.790,10954.000,,raw
2019-05-09,16.890,17.350,16.700,16.950,16075.000,,raw
2019-05-10,17.000,17.640,16.780,17.530,23008.000,,raw
2019-05-13,17.510,19.280,17.300,18.420,44688.000,,raw
2019-05-14,18.200,19.990,18.150,18.600,48684.000,,raw
2019-05-15,18.480,18.770,18.060,18.730,33374.000,,raw
2019-05-16,18.600,18.600,18.260,18.300,23943.000,,raw
2019-05-17,18.350,18.350,17.400,17.400,30629.000,,raw
2019-05-20,17.330,17.400,16.580,17.090,17866.000,,raw
2019-05-21,17.100,17.340,16.820,17.250,20061.000,,raw
2019-05-22,17.120,17.290,16.700,16.970,19445.000,,raw
2019-05-23,16.850,16.970,16.210,16.260,22117.000,,raw
2019-05-24,16.330,16.350,15.900,15.980,13718.000,,raw
2019-05-27,16.010,16.630,15.980,16.520,15771.000,,raw
2019-05-28,16.540,16.740,16.200,16.360,14562.000,,raw
2019-05-29,16.380,16.670,16.220,16.560,11897.000,,raw
2019-05-30,16.410,16.430,16.080,16.330,11889.000,,raw
2019-05-31,16.330,16.490,16.230,16.420,10587.000,,raw
2019-06-03,16.420,16.630,16.120,16.300,10692.000,,raw
2019-06-04,16.190,16.300,15.880,15.900,11064.000,,raw
2019-06-05,15.930,16.090,15.750,15.780,9135.000,"{'nd': '2018', 'fh_sh': '1.5', 'djr': '2019-06-04', 'cqr': '2019-06-05', 'FHcontent': '10派1.5元'}",raw
2019-06-06,15.780,15.950,15.480,15.550,8351.000,,raw
2019-06-10,15.620,16.180,15.610,16.030,11035.000,,raw
2019-06-11,16.130,16.560,15.900,16.500,16859.000,,raw
2019-06-12,16.500,16.500,16.190,16.200,10298.000,,raw
2019-06-13,16.280,16.380,16.080,16.270,10142.000,,raw
2019-06-14,16.260,16.290,15.750,15.810,11439.000,,raw
2019-06-17,15.810,16.450,15.730,16.220,16289.000,,raw
2019-06-18,16.120,16.470,15.900,16.050,17519.000,,raw
2019-06-19,16.410,16.520,16.110,16.140,18272.000,,raw
2019-06-20,16.050,16.460,16.050,16.380,14582.000,,raw
2019-06-21,16.500,17.080,16.490,16.900,24355.000,,raw
2019-06-24,16.900,16.900,16.580,16.740,14803.000,,raw
2019-06-25,16.600,16.690,16.230,16.430,13401.000,,raw
2019-06-26,16.400,16.710,16.280,16.600,13180.000,,raw
2019-06-27,16.610,16.770,16.400,16.440,18163.000,,raw
2019-06-28,16.450,16.540,15.980,16.060,19318.000,,raw
2019-07-01,16.500,17.300,16.380,17.060,38558.000,,raw
2019-07-02,16.930,17.400,16.880,17.060,21391.000,,raw
2019-07-03,17.000,17.000,16.670,16.750,13449.000,,raw
2019-07-04,16.880,17.240,16.750,17.050,17001.000,,raw
2019-07-05,16.980,17.170,16.850,17.040,12423.000,,raw
2019-07-08,17.070,17.080,16.340,16.470,17109.000,,raw
2019-07-09,16.580,16.740,16.420,16.710,12122.000,,raw
2019-07-10,16.180,17.090,15.730,16.410,43107.000,,raw
2019-07-11,16.400,17.240,16.270,17.030,49584.000,,raw
2019-07-12,16.620,17.760,16.620,17.730,77211.000,,raw
2019-07-15,17.510,17.700,17.070,17.580,48206.000,,raw
2019-07-16,17.550,18.190,17.420,17.650,46047.000,,raw
2019-07-17,17.550,17.650,17.180,17.270,27467.000,,raw
2019-07-18,17.160,17.290,16.810,16.810,22424.000,,raw
2019-07-19,16.900,17.040,16.770,16.800,15850.000,,raw
2019-07-22,16.710,16.880,15.900,16.290,20892.000,,raw
2019-07-23,16.180,16.460,16.140,16.380,12495.000,,raw
2019-07-24,16.280,16.700,16.280,16.560,13924.000,,raw
2019-07-25,16.630,16.650,16.410,16.490,12355.000,,raw
2019-07-26,16.510,16.650,16.420,16.530,9941.000,,raw
2019-07-29,16.540,16.550,16.240,16.320,11250.000,,raw
2019-07-30,16.230,16.570,16.220,16.450,12336.000,,raw
2019-07-31,16.420,16.420,16.170,16.310,9070.000,,raw
2019-08-01,16.270,16.280,16.040,16.180,12642.000,,raw
2019-08-02,15.840,16.560,15.640,16.280,33864.000,,raw
2019-08-05,16.300,16.790,16.300,16.590,45581.000,,raw
2019-08-06,16.200,16.260,15.170,15.540,36418.000,,raw
2019-08-07,15.540,15.660,15.280,15.320,17266.000,,raw
2019-08-08,15.360,15.490,15.240,15.360,12195.000,,raw
2019-08-09,15.400,15.650,15.150,15.310,20886.000,,raw
2019-08-12,15.310,15.990,15.220,15.990,20650.000,,raw
2019-08-13,15.830,16.120,15.650,15.740,15085.000,,raw
2019-08-14,16.170,16.330,15.860,15.910,20284.000,,raw
2019-08-15,15.710,16.480,15.700,16.460,42631.000,,raw
2019-08-16,16.200,16.330,16.110,16.120,28719.000,,raw
2019-08-19,16.090,16.400,16.050,16.380,25537.000,,raw
2019-08-20,16.380,16.650,16.240,16.380,34283.000,,raw
2019-08-21,16.240,16.400,16.010,16.070,22489.000,,raw
2019-08-22,16.300,16.300,15.950,16.130,10200.000,,raw
2019-08-23,16.130,16.290,15.950,16.180,14672.000,,raw
2019-08-26,15.880,15.990,15.650,15.780,16508.000,,raw
2019-08-27,15.800,16.250,15.800,16.020,17575.000,,raw
2019-08-28,16.080,16.330,15.910,16.250,17626.000,,raw
2019-08-29,16.200,16.480,16.150,16.430,17609.000,,raw
2019-08-30,16.410,16.460,15.680,15.990,21608.000,,raw
2019-09-02,15.990,16.220,15.830,16.220,14181.000,,raw
2019-09-03,16.100,16.400,16.030,16.210,14013.000,,raw
2019-09-04,16.210,16.310,16.070,16.270,14860.000,,raw
2019-09-05,16.370,16.770,16.300,16.450,33506.000,,raw
2019-09-06,16.450,16.750,16.380,16.580,27280.000,,raw
2019-09-09,16.700,16.940,16.560,16.930,29615.000,,raw
2019-09-10,16.880,17.160,16.840,16.960,34355.000,,raw
2019-09-11,16.910,17.200,16.650,16.680,38362.000,,raw
2019-09-12,16.700,16.870,16.610,16.660,21698.000,,raw
2019-09-16,16.750,16.840,16.600,16.690,16410.000,,raw
2019-09-17,16.700,16.700,16.100,16.200,24552.000,,raw
2019-09-18,16.150,16.250,16.010,16.040,17368.000,,raw
2019-09-19,15.950,16.400,15.950,16.400,15799.000,,raw
2019-09-20,16.280,16.480,16.280,16.390,11807.000,,raw
2019-09-23,16.330,16.740,16.250,16.680,25803.000,,raw
2019-09-24,16.660,16.820,16.540,16.580,19120.000,,raw
2019-09-25,16.340,16.370,16.020,16.040,19614.000,,raw
2019-09-26,16.150,16.200,15.650,15.650,15154.000,,raw
2019-09-27,15.650,15.810,15.650,15.730,13472.000,,raw
2019-09-30,15.700,15.880,15.560,15.590,7647.000,,raw
2019-10-08,15.770,15.810,15.580,15.580,6231.000,,raw
2019-10-09,15.560,15.750,15.490,15.680,6406.000,,raw
2019-10-10,15.710,15.820,15.640,15.780,10118.000,,raw
2019-10-11,15.800,15.920,15.700,15.880,13632.000,,raw
2019-10-14,15.930,16.150,15.830,16.010,24368.000,,raw
2019-10-15,15.950,15.950,15.680,15.720,15726.000,,raw
2019-10-16,15.880,15.880,15.620,15.700,10363.000,,raw
2019-10-17,15.710,15.790,15.650,15.700,6646.000,,raw
2019-10-18,15.770,15.770,15.330,15.360,13549.000,,raw
2019-10-21,15.370,15.650,15.370,15.560,10282.000,,raw
2019-10-22,15.470,15.660,15.400,15.630,8095.000,,raw
2019-10-23,15.630,16.320,15.550,15.900,27343.000,,raw
2019-10-24,15.800,15.980,15.720,15.780,12051.000,,raw
2019-10-25,15.830,15.830,15.550,15.790,10654.000,,raw
2019-10-28,15.740,15.830,15.560,15.820,30958.000,,raw
2019-10-29,15.720,15.780,15.580,15.600,15893.000,,raw
2019-10-30,15.580,15.770,15.320,15.650,18711.000,,raw
2019-10-31,15.650,16.000,15.510,15.700,19326.000,,raw
2019-11-01,15.410,15.930,15.410,15.740,23544.000,,raw
2019-11-04,15.750,15.970,15.690,15.950,20606.000,,raw
2019-11-05,15.950,16.220,15.790,16.010,25308.000,,raw
2019-11-06,15.960,16.020,15.750,15.840,16240.000,,raw
2019-11-07,15.900,16.490,15.790,16.470,44821.000,,raw
2019-11-08,16.510,16.670,16.270,16.290,33400.000,,raw
2019-11-11,16.300,16.300,15.770,15.770,15700.000,,raw
2019-11-12,15.790,15.790,15.500,15.620,15735.000,,raw
2019-11-13,15.690,15.720,15.520,15.610,8289.000,,raw
2019-11-14,15.630,15.750,15.530,15.670,8800.000,,raw
2019-11-15,15.680,16.050,15.660,15.870,15217.000,,raw
2019-11-18,15.830,15.940,15.630,15.780,8239.000,,raw
2019-11-19,15.790,16.290,15.750,16.270,22635.000,,raw
2019-11-20,16.170,16.380,16.060,16.090,19685.000,,raw
2019-11-21,16.050,16.140,15.820,15.940,12070.000,,raw
2019-11-22,15.850,16.170,15.700,15.900,16461.000,,raw
2019-11-25,15.890,15.930,15.550,15.570,14840.000,,raw
2019-11-26,15.580,15.720,15.500,15.620,7601.000,,raw
2019-11-27,15.680,15.680,15.370,15.420,9385.000,,raw
2019-11-28,15.530,15.530,15.190,15.300,9204.000,,raw
2019-11-29,15.340,15.340,15.170,15.240,5059.000,,raw
2019-12-02,15.260,15.360,15.230,15.270,5204.000,,raw
2019-12-03,15.360,15.360,15.150,15.350,5442.000,,raw
2019-12-04,15.310,15.450,15.240,15.360,6371.000,,raw
2019-12-05,15.320,15.500,15.320,15.470,8895.000,,raw
2019-12-06,15.470,15.520,15.330,15.450,7786.000,,raw
2019-12-09,15.450,15.470,15.330,15.400,8569.000,,raw
2019-12-10,15.360,15.450,15.270,15.450,9855.000,,raw
2019-12-11,15.400,15.420,15.250,15.260,12402.000,,raw
2019-12-12,15.200,15.280,15.180,15.230,8515.000,,raw
2019-12-13,15.280,15.890,15.280,15.890,39583.000,,raw
2019-12-16,15.940,16.040,15.660,15.960,22229.000,,raw
2019-12-17,15.810,16.360,15.810,16.250,28854.000,,raw
2019-12-18,16.250,16.360,16.120,16.120,18204.000,,raw
2019-12-19,16.130,16.490,16.050,16.440,19673.000,,raw
2019-12-20,16.390,16.490,16.200,16.230,8522.000,,raw
2019-12-23,16.200,16.420,15.850,15.870,11072.000,,raw
2019-12-24,15.890,16.030,15.810,15.980,9123.000,,raw
2019-12-25,15.980,16.030,15.850,15.920,8626.000,,raw
2019-12-26,15.960,16.080,15.910,16.060,8450.000,,raw
2019-12-27,16.240,16.610,16.110,16.240,24324.000,,raw
2019-12-30,16.250,16.800,16.200,16.780,32425.000,,raw
2019-12-31,16.840,16.840,16.520,16.590,22715.000,,raw
2020-01-02,16.790,17.390,16.500,17.270,39510.000,,raw
2020-01-03,17.330,17.970,17.210,17.860,42606.000,,raw
2020-01-06,17.800,19.650,17.630,19.230,92399.000,,raw
2020-01-07,19.700,21.150,19.700,21.150,68144.000,,raw
2020-01-08,21.130,21.980,20.200,20.880,96010.000,,raw
2020-01-09,21.180,21.500,20.500,21.210,45238.000,,raw
2020-01-10,21.240,21.560,20.960,21.430,34300.000,,raw
2020-01-13,21.260,21.680,20.970,21.650,32523.000,,raw
2020-01-14,21.830,23.100,21.620,22.510,50514.000,,raw
2020-01-15,22.520,22.790,21.900,22.460,27428.000,,raw
2020-01-16,22.410,23.340,21.890,22.150,57618.000,,raw
2020-01-17,22.490,23.330,22.030,23.060,53216.000,,raw
2020-01-20,24.650,25.010,23.000,25.000,66669.000,,raw
2020-01-21,26.070,27.190,24.100,24.700,88211.000,,raw
2020-01-22,24.590,25.450,23.980,24.820,64666.000,,raw
2020-01-23,24.900,26.160,23.330,23.610,43843.000,,raw
2020-02-03,25.480,25.970,23.240,25.970,161621.000,,raw
2020-02-04,26.000,27.270,23.450,25.720,115854.000,,raw
2020-02-05,25.500,26.630,25.000,26.320,94712.000,,raw
2020-02-06,26.000,28.850,26.000,27.600,110055.000,,raw
2020-02-07,28.300,29.300,26.510,27.390,79631.000,,raw
2020-02-10,27.100,27.750,25.400,27.650,81170.000,,raw
2020-02-11,26.390,30.420,26.390,30.420,130901.000,,raw
2020-02-12,32.220,33.460,30.420,33.460,134079.000,,raw
2020-02-13,32.300,35.760,31.100,35.180,98498.000,,raw
2020-02-14,34.750,35.480,33.360,33.360,72871.000,,raw
2020-02-17,32.500,34.200,32.460,32.640,73817.000,,raw
2020-02-18,32.250,33.200,31.210,32.680,48541.000,,raw
2020-02-19,32.500,35.330,31.900,34.260,72637.000,,raw
2020-02-20,34.000,35.760,33.000,33.450,42567.000,,raw
2020-02-21,33.260,35.740,32.860,34.920,56383.000,,raw
2020-02-24,36.270,38.410,36.260,38.410,46574.000,,raw
2020-02-25,39.160,41.660,37.800,39.400,90957.000,,raw
2020-02-26,38.150,41.200,37.380,38.000,67193.000,,raw
2020-02-27,38.400,41.800,37.280,41.800,70912.000,,raw
2020-02-28,43.330,45.980,42.000,45.980,101948.000,,raw
2020-03-02,47.780,48.500,42.260,44.720,118785.000,,raw
2020-03-03,42.160,46.340,42.160,45.040,101176.000,,raw
2020-03-04,46.000,48.870,45.340,46.040,84495.000,,raw
2020-03-05,45.990,47.000,43.480,44.080,75365.000,,raw
2020-03-06,43.110,47.280,43.110,46.800,85436.000,,raw
2020-03-09,50.990,51.480,46.910,51.480,82589.000,,raw
2020-03-10,50.990,52.880,46.330,48.780,139338.000,,raw
2020-03-11,47.430,53.660,47.130,53.390,139842.000,,raw
2020-03-12,53.880,55.970,50.500,51.660,126582.000,,raw
2020-03-13,46.900,51.040,46.490,46.490,115439.000,,raw
2020-03-16,47.320,50.840,45.470,45.560,124799.000,,raw
2020-03-17,45.590,47.000,41.300,45.880,105419.000,,raw
2020-03-18,45.970,46.800,43.000,43.000,71944.000,,raw
2020-03-19,42.240,43.500,40.090,41.000,84277.000,,raw
2020-03-20,42.170,44.050,41.500,44.000,64950.000,,raw
2020-03-23,44.280,46.070,42.000,42.000,69367.000,,raw
2020-03-24,42.000,43.290,39.300,41.470,61652.000,,raw
2020-03-25,42.700,44.700,42.310,44.330,65478.000,,raw
2020-03-26,44.850,47.430,44.140,45.830,93986.000,,raw
2020-03-27,45.590,46.660,44.520,45.880,60296.000,,raw
2020-03-30,47.000,48.450,45.580,46.650,58646.000,,raw
2020-03-31,45.860,47.800,45.140,46.670,40993.000,,raw
2020-04-01,46.200,47.090,44.750,45.600,38634.000,,raw
2020-04-02,45.700,46.100,44.450,45.650,34629.000,,raw
2020-04-03,45.360,47.530,45.360,46.500,44271.000,,raw
2020-04-07,46.990,48.340,45.810,47.990,59048.000,,raw
2020-04-08,47.500,47.790,44.900,45.120,53819.000,,raw
2020-04-09,45.130,49.630,44.750,49.630,70234.000,,raw
2020-04-10,52.000,54.250,49.900,51.010,97396.000,,raw
2020-04-13,52.190,54.480,51.060,52.990,61841.000,,raw
2020-04-14,52.200,52.200,50.280,51.570,51585.000,,raw
2020-04-15,51.060,51.970,50.600,51.410,33910.000,,raw
2020-04-16,51.910,56.550,51.910,56.550,38918.000,,raw
2020-04-17,59.150,61.820,55.080,57.110,105129.000,,raw
2020-04-20,56.560,59.450,55.500,57.700,65343.000,,raw
2020-04-21,56.990,59.490,55.860,56.600,44600.000,,raw
2020-04-22,55.870,58.240,55.010,58.240,37784.000,,raw
2020-04-23,58.220,58.990,55.700,56.820,46344.000,,raw
2020-04-24,56.820,56.820,54.500,54.900,28295.000,,raw
2020-04-27,55.710,58.000,54.900,56.240,37018.000,,raw
2020-04-28,56.210,57.280,54.100,55.060,34560.000,,raw
2020-04-29,55.560,59.360,55.020,57.850,60434.000,,raw
2020-04-30,57.300,58.190,54.500,56.320,49638.000,,raw
2020-05-06,55.200,55.200,53.100,54.000,56426.000,,raw
2020-05-07,54.000,56.000,53.440,54.050,33312.000,,raw
2020-05-08,54.300,54.450,53.360,53.460,27655.000,,raw
2020-05-11,53.730,53.930,52.000,53.430,30175.000,,raw
2020-05-12,53.120,54.450,52.600,53.640,30703.000,,raw
2020-05-13,55.010,59.000,55.010,59.000,56042.000,,raw
2020-05-14,60.000,60.000,55.880,56.110,51816.000,,raw
2020-05-15,56.100,61.720,55.110,61.000,57283.000,,raw
2020-05-18,61.080,64.880,59.380,62.420,65356.000,,raw
2020-05-19,62.300,67.300,62.300,65.820,54109.000,,raw
2020-05-20,65.010,66.380,64.510,64.820,34575.000,,raw
2020-05-21,67.120,71.000,66.000,69.620,52425.000,,raw
2020-05-22,69.300,74.800,69.300,72.200,56831.000,,raw
2020-05-25,69.040,74.200,67.000,69.500,67350.000,,raw
2020-05-26,72.010,76.450,71.500,76.450,50908.000,,raw
2020-05-27,81.800,84.100,79.450,83.220,93828.000,,raw
2020-05-28,82.000,82.000,76.660,79.640,56097.000,,raw
2020-05-29,79.390,87.600,79.390,87.600,58970.000,,raw
2020-06-01,89.000,90.500,85.110,89.390,59206.000,,raw
2020-06-02,88.490,88.700,85.060,87.210,48155.000,,raw
2020-06-03,88.460,91.370,85.860,87.870,39125.000,,raw
2020-06-04,89.720,90.000,82.000,83.480,54491.000,,raw
2020-06-05,83.000,85.500,79.790,81.590,52844.000,"{'nd': '2019', 'fh_sh': '1.5', 'djr': '2020-06-04', 'cqr': '2020-06-05', 'FHcontent': '10派1.5元'}",raw
2020-06-08,83.400,83.990,80.700,81.740,46911.000,,raw
2020-06-09,82.000,82.900,78.660,79.900,42521.000,,raw
2020-06-10,80.800,85.500,78.800,81.310,63363.000,,raw
2020-06-11,81.840,82.680,79.360,82.600,39436.000,,raw
2020-06-12,84.000,90.860,83.700,90.860,68345.000,,raw
2020-06-15,94.940,99.950,94.010,99.950,78379.000,,raw
2020-06-16,100.050,109.950,99.950,109.950,73278.000,,raw
2020-06-17,113.010,120.500,111.000,116.000,111715.000,,raw
2020-06-18,116.100,117.900,104.400,104.600,98088.000,,raw
2020-06-19,105.900,114.450,104.400,112.000,75818.000,,raw
2020-06-22,115.070,119.840,110.490,114.130,70431.000,,raw
2020-06-23,115.000,117.650,112.360,116.350,50648.000,,raw
2020-06-24,116.350,118.000,114.550,117.400,36364.000,,raw
2020-06-29,121.010,128.990,121.010,127.800,58715.000,,raw
2020-06-30,127.500,127.990,120.980,127.800,55020.000,,raw
2020-07-01,125.410,125.510,121.100,122.550,43341.000,,raw
2020-07-02,124.010,127.000,122.560,124.000,33986.000,,raw
2020-07-03,123.040,135.590,123.000,134.000,56334.000,,raw
2020-07-06,135.180,135.550,127.660,130.190,65449.000,,raw
2020-07-07,130.190,135.500,127.660,132.200,60292.000,,raw
2020-07-08,139.380,143.440,130.510,134.970,69343.000,,raw
2020-07-09,131.180,139.120,130.300,133.020,66655.000,,raw
2020-07-10,135.100,140.660,133.210,138.520,83034.000,,raw
2020-07-13,152.370,152.370,152.370,152.370,6637.000,,raw
2020-07-14,167.610,167.610,167.610,167.610,7605.000,,raw
2020-07-15,184.370,184.370,169.450,175.550,182591.000,,raw
2020-07-16,171.010,178.100,158.000,158.000,82542.000,,raw
2020-07-17,152.500,170.000,147.530,161.920,100734.000,,raw
2020-07-20,163.000,164.000,150.410,159.500,68905.000,,raw
2020-07-21,159.000,169.900,154.560,165.880,68545.000,,raw
2020-07-22,167.000,173.380,164.070,166.960,68736.000,,raw
2020-07-23,162.000,165.800,158.000,165.750,66844.000,,raw
2020-07-24,163.000,165.500,149.180,149.180,67826.000,,raw
2020-07-27,147.800,154.990,147.500,151.310,47995.000,,raw
2020-07-28,152.430,166.440,152.000,166.440,82770.000,,raw
2020-07-29,168.510,176.980,166.600,171.980,90509.000,,raw
2020-07-30,171.000,175.500,167.150,169.300,71540.000,,raw
2020-07-31,168.010,175.500,166.130,171.700,64553.000,,raw
2020-08-03,173.000,176.500,167.020,175.270,83098.000,,raw
2020-08-04,174.910,178.290,164.560,166.900,84814.000,,raw
2020-08-05,163.000,173.620,163.000,170.000,64705.000,,raw
2020-08-06,168.520,172.000,162.200,166.180,49892.000,,raw
2020-08-07,166.180,170.770,162.000,167.000,44009.000,,raw
2020-08-10,167.000,167.980,158.880,164.800,38055.000,,raw
2020-08-11,166.980,174.000,164.420,166.000,41627.000,,raw
2020-08-12,161.200,168.000,150.000,157.090,59200.000,,raw
2020-08-13,159.130,160.500,155.550,158.530,30066.000,,raw
2020-08-14,158.000,161.710,152.970,156.210,31006.000,,raw
2020-08-17,158.490,158.490,154.500,158.480,32323.000,,raw
2020-08-18,159.000,159.890,146.880,149.970,68094.000,,raw
2020-08-19,150.000,154.450,147.100,147.200,44194.000,,raw
2020-08-20,146.020,151.640,146.020,149.480,27559.000,,raw
2020-08-21,150.140,153.900,148.020,150.500,25771.000,,raw
2020-08-24,152.440,161.870,149.850,156.390,47190.000,,raw
2020-08-25,160.010,162.900,157.150,158.940,37070.000,,raw
2020-08-26,161.500,165.430,150.000,151.770,59222.000,,raw
2020-08-27,149.980,157.170,148.000,155.800,45485.000,,raw
2020-08-28,152.000,152.000,140.000,147.100,96389.000,,raw
2020-08-31,147.910,156.000,147.110,151.500,64400.000,,raw
2020-09-01,152.010,154.550,146.760,148.000,44377.000,,raw
2020-09-02,148.300,148.750,136.330,139.000,82813.000,,raw
2020-09-03,140.000,140.680,136.000,136.660,43212.000,,raw
2020-09-04,135.400,137.860,134.030,135.830,41500.000,,raw
2020-09-07,137.220,138.500,127.700,128.800,58809.000,,raw
2020-09-08,129.970,130.600,126.000,128.420,39199.000,,raw
2020-09-09,127.450,130.480,122.330,124.350,65397.000,,raw
2020-09-10,127.010,144.500,126.980,133.600,103435.000,,raw
2020-09-11,131.010,137.000,128.650,132.730,61860.000,,raw
2020-09-14,134.020,134.110,125.510,127.690,60775.000,,raw
2020-09-15,126.100,132.750,126.100,132.280,41955.000,,raw
2020-09-16,133.000,134.770,129.200,131.280,31919.000,,raw
2020-09-17,131.010,133.860,129.050,131.000,26789.000,,raw
2020-09-18,132.000,136.980,128.000,136.900,61923.000,,raw
2020-09-21,136.900,136.900,129.300,131.100,56047.000,,raw
2020-09-22,135.000,151.000,135.000,144.320,115538.000,,raw
2020-09-23,143.090,150.800,139.000,147.700,92303.000,,raw
2020-09-24,146.060,149.890,142.800,143.520,52359.000,,raw
2020-09-25,146.500,152.500,145.500,148.950,65548.000,,raw
2020-09-28,152.400,155.370,147.820,148.990,46733.000,,raw
2020-09-29,150.000,152.000,142.910,145.000,46594.000,,raw
2020-09-30,146.680,152.190,144.900,150.800,49554.000,,raw
2020-10-09,156.500,161.000,151.200,154.840,81477.000,,raw
2020-10-12,103.700,109.650,101.500,109.650,96218.000,"{'nd': '2020', 'fh_sh': '5', 'djr': '2020-10-09', 'cqr': '2020-10-12', 'FHcontent': '10派5元转5股'}",raw
2020-10-13,110.000,114.050,108.050,112.000,100742.000,,raw
2020-10-14,111.000,118.780,110.000,117.050,116683.000,,raw
2020-10-15,115.000,115.150,110.120,111.490,88606.000,,raw
2020-10-16,111.600,115.870,111.000,115.180,73696.000,,raw
2020-10-19,119.000,119.000,113.020,115.110,77796.000,,raw
2020-10-20,113.130,114.860,109.570,113.800,70571.000,,raw
2020-10-21,114.000,114.000,102.600,103.400,141619.000,,raw
2020-10-22,103.000,103.970,97.880,102.340,81529.000,,raw
2020-10-23,103.080,105.080,99.300,101.980,60364.000,,raw
2020-10-26,102.000,106.990,102.000,106.450,62330.000,,raw
2020-10-27,106.700,111.200,106.700,110.000,76391.000,,raw
2020-10-28,111.800,113.880,101.330,106.930,122458.000,,raw
2020-10-29,109.110,120.320,109.110,118.000,164518.000,,raw
2020-10-30,118.000,118.000,114.120,116.210,94290.000,,raw
2020-11-02,117.880,120.660,115.380,117.270,90866.000,,raw
2020-11-03,117.960,117.960,111.660,114.960,75944.000,,raw
2020-11-04,114.020,114.680,110.580,111.720,73972.000,,raw
2020-11-05,112.250,115.660,111.230,113.050,77266.000,,raw
2020-11-06,114.810,123.010,107.800,120.500,155727.000,,raw
2020-11-09,120.710,144.600,120.710,144.600,215878.000,,raw
2020-11-10,130.000,132.990,119.000,123.500,276492.000,,raw
2020-11-11,120.950,122.000,113.000,114.400,169300.000,,raw
2020-11-12,116.220,119.010,112.000,116.400,105144.000,,raw
2020-11-13,116.100,118.870,113.110,114.500,77612.000,,raw
2020-11-16,114.000,115.250,110.910,114.510,71161.000,,raw
2020-11-17,112.010,112.520,104.800,105.770,131857.000,,raw
2020-11-18,106.240,110.500,105.990,108.440,67586.000,,raw
2020-11-19,109.000,117.300,108.720,115.160,109623.000,,raw
2020-11-20,114.030,120.660,114.030,117.630,91673.000,,raw
2020-11-23,121.710,125.000,118.660,120.650,91700.000,,raw
2020-11-24,127.430,132.730,127.100,129.000,132154.000,,raw
2020-11-25,130.210,135.890,130.210,130.720,127605.000,,raw
2020-11-26,132.500,133.000,123.850,128.300,98194.000,,raw
2020-11-27,129.890,132.450,128.290,128.700,60768.000,,raw
2020-11-30,127.760,130.800,125.500,130.800,81946.000,,raw
2020-12-01,129.010,130.800,126.030,127.700,62491.000,,raw
2020-12-02,131.000,133.860,127.700,129.950,69190.000,,raw
2020-12-03,129.000,131.650,127.150,129.180,56734.000,,raw
2020-12-04,130.290,131.600,129.180,130.180,50667.000,,raw
2020-12-07,130.260,142.200,129.800,138.930,112069.000,,raw
2020-12-08,139.010,144.400,139.010,141.000,71756.000,,raw
2020-12-09,140.510,142.010,136.550,137.540,57473.000,,raw
2020-12-10,138.450,143.000,137.200,142.180,72281.000,,raw
2020-12-11,142.000,150.880,141.510,148.500,124147.000,,raw
2020-12-14,148.400,159.900,146.200,159.000,127879.000,,raw
2020-12-15,158.000,166.900,150.060,155.240,162342.000,,raw
2020-12-16,157.960,158.500,151.600,154.200,88093.000,,raw
2020-12-17,154.210,159.600,154.210,156.910,75686.000,,raw
2020-12-18,157.900,159.850,152.100,155.890,69164.000,,raw
2020-12-21,157.000,166.500,157.000,166.500,103584.000,,raw
2020-12-22,170.100,171.500,163.500,169.210,101129.000,,raw
2020-12-23,166.700,167.940,159.310,164.660,87988.000,,raw
2020-12-24,163.500,165.840,160.000,163.040,58590.000,,raw
2020-12-25,162.020,163.800,154.910,156.560,91763.000,,raw
2020-12-28,158.510,166.700,158.510,165.010,96374.000,,raw
2020-12-29,164.750,167.740,161.000,164.000,67803.000,,raw
2020-12-30,164.210,165.600,160.880,164.790,67338.000,,raw
2020-12-31,165.600,168.800,163.000,168.150,73980.000,,raw
2021-01-04,168.800,175.740,161.000,162.260,130575.000,,raw
2021-01-05,161.870,167.950,160.500,167.500,100923.000,,raw
2021-01-06,168.510,188.580,168.510,188.000,167872.000,,raw
2021-01-07,185.770,188.300,183.000,185.000,100077.000,,raw
2021-01-08,188.340,197.000,185.790,195.380,102274.000,,raw
2021-01-11,196.010,227.880,192.150,226.600,160989.000,,raw
2021-01-12,220.500,234.500,208.050,229.960,134413.000,,raw
2021-01-13,227.260,257.700,227.260,243.990,137794.000,,raw
2021-01-14,247.010,258.990,231.860,245.420,134596.000,,raw
2021-01-15,241.710,245.250,223.330,230.100,126419.000,,raw
2021-01-18,229.110,257.500,229.110,254.500,116549.000,,raw
2021-01-19,255.000,262.000,236.740,238.730,119380.000,,raw
2021-01-20,240.000,251.000,231.940,243.740,96044.000,,raw
2021-01-21,248.170,262.320,246.030,254.350,106198.000,,raw
2021-01-22,254.360,290.000,249.000,284.360,172179.000,,raw
2021-01-25,274.800,299.990,266.730,289.800,183807.000,,raw
2021-01-26,283.580,294.000,274.920,276.520,122101.000,,raw
2021-01-27,272.030,278.000,256.670,272.050,117443.000,,raw
2021-01-28,266.000,268.000,242.300,242.600,147008.000,,raw
2021-01-29,250.220,254.000,213.110,234.180,183449.000,,raw
2021-02-01,236.000,245.000,232.250,237.040,94407.000,,raw
2021-02-02,240.000,240.000,222.650,229.000,121857.000,,raw
2021-02-03,232.000,242.160,227.100,237.970,124329.000,,raw
2021-02-04,230.080,237.790,222.550,224.900,102897.000,,raw
2021-02-05,229.010,233.100,207.000,214.300,140151.000,,raw
2021-02-08,220.210,223.500,209.010,218.650,88288.000,,raw
2021-02-09,219.200,237.300,215.530,232.610,119938.000,,raw
2021-02-10,234.000,238.960,222.210,235.270,96915.000,,raw
2021-02-18,228.010,228.540,192.200,203.850,193809.000,,raw
2021-02-19,201.000,211.160,197.510,210.250,107164.000,,raw
2021-02-22,205.000,208.810,197.500,200.920,89249.000,,raw
2021-02-23,200.920,207.850,200.920,203.510,71372.000,,raw
2021-02-24,200.000,203.570,195.000,199.030,66685.000,,raw
2021-02-25,201.000,210.000,194.100,204.350,79571.000,,raw
2021-02-26,200.000,219.470,198.500,212.910,100361.000,,raw
2021-03-01,212.000,222.800,203.880,221.610,93648.000,,raw
2021-03-02,221.480,243.890,217.580,232.500,125790.000,,raw
2021-03-03,230.000,239.980,227.000,232.240,74752.000,,raw
2021-03-04,230.000,231.710,215.780,216.120,91209.000,,raw
2021-03-05,205.000,222.300,205.000,217.000,78010.000,,raw
2021-03-08,221.460,226.560,210.120,211.770,75980.000,,raw
2021-03-09,213.000,220.440,206.210,212.300,68392.000,,raw
2021-03-10,216.350,225.870,213.000,224.510,83598.000,,raw
2021-03-11,224.500,236.000,218.020,223.550,98817.000,,raw
2021-03-12,221.550,227.500,215.200,220.220,59529.000,,raw
2021-03-15,218.500,218.500,197.000,198.000,97392.000,,raw
2021-03-16,180.330,192.300,177.770,181.000,152542.000,,raw
2021-03-17,180.000,188.250,178.130,184.880,90533.000,,raw
2021-03-18,187.000,188.500,180.020,183.990,74937.000,,raw
2021-03-19,184.800,185.790,180.280,181.080,50346.000,,raw
2021-03-22,182.110,182.880,176.010,179.090,67846.000,,raw
2021-03-23,179.090,179.090,165.180,165.900,130905.000,,raw
2021-03-24,167.890,170.000,155.580,158.200,99260.000,,raw
2021-03-25,157.110,158.000,149.900,150.400,91622.000,,raw
2021-03-26,154.020,159.030,149.130,156.000,99694.000,,raw
2021-03-29,156.810,161.980,153.510,157.020,68884.000,,raw
2021-03-30,155.870,160.580,155.870,158.400,59356.000,,raw
2021-03-31,161.070,165.970,159.510,161.590,78936.000,,raw
2021-04-01,162.470,172.880,160.700,171.500,90615.000,,raw
2021-04-02,172.100,175.890,164.060,169.950,78338.000,,raw
2021-04-06,168.520,172.660,166.770,170.890,46853.000,,raw
2021-04-07,173.790,174.990,167.000,169.100,67214.000,,raw
2021-04-08,168.500,174.880,166.360,173.790,64545.000,,raw
2021-04-09,172.880,184.650,172.000,176.440,93515.000,,raw
2021-04-12,174.000,174.000,149.700,149.880,143121.000,,raw
2021-04-13,150.410,152.800,145.220,148.750,68921.000,,raw
2021-04-14,147.780,149.770,140.750,145.940,115739.000,,raw
2021-04-15,154.000,155.910,146.200,150.050,139827.000,,raw
2021-04-16,149.800,149.900,141.500,148.840,96830.000,,raw
2021-04-19,151.000,156.470,149.020,153.160,95911.000,,raw
2021-04-20,150.000,156.350,147.000,152.900,93591.000,"{'nd': '2020', 'fh_sh': '30', 'djr': '2021-04-19', 'cqr': '2021-04-20', 'FHcontent': '10派30元'}",raw
2021-04-21,153.880,162.000,153.880,159.640,109026.000,,raw
2021-04-22,161.700,161.700,152.000,157.400,99740.000,,raw
2021-04-23,160.000,180.120,157.500,173.600,185251.000,,raw
2021-04-26,181.000,185.000,173.870,174.450,169717.000,,raw
2021-04-27,172.020,174.000,163.500,167.000,132596.000,,raw
2021-04-28,164.010,165.400,158.880,160.680,114621.000,,raw
2021-04-29,160.010,165.800,157.000,164.550,118945.000,,raw
2021-04-30,162.500,171.560,162.110,170.550,129389.000,,raw
2021-05-06,168.580,168.580,158.510,158.950,120242.000,,raw
2021-05-07,158.010,160.660,145.960,147.000,123365.000,,raw
2021-05-10,147.000,150.990,143.140,144.100,89205.000,,raw
2021-05-11,142.200,143.810,139.000,140.610,81216.000,,raw
2021-05-12,138.620,146.180,137.020,144.890,90805.000,,raw
2021-05-13,145.000,147.780,142.380,145.210,71691.000,,raw
2021-05-14,145.000,147.230,142.700,145.150,77044.000,,raw
2021-05-17,146.000,153.000,146.000,148.700,93779.000,,raw
2021-05-18,147.000,147.000,138.900,140.500,128921.000,,raw
2021-05-19,139.020,141.200,137.810,139.750,61176.000,,raw
2021-05-20,139.750,145.880,138.200,143.820,114282.000,,raw
2021-05-21,144.000,144.550,139.710,140.700,67799.000,,raw
2021-05-24,140.390,140.390,130.950,136.440,119514.000,,raw
2021-05-25,135.970,138.440,134.660,137.610,75034.000,,raw
2021-05-26,137.550,144.440,134.200,141.150,117395.000,,raw
2021-05-27,141.820,144.280,141.190,143.520,99948.000,,raw
2021-05-28,144.010,144.400,138.250,139.330,84159.000,,raw
2021-05-31,144.020,146.870,141.600,142.050,121534.000,,raw
2021-06-01,142.020,143.430,139.880,142.650,76531.000,,raw
2021-06-02,118.120,123.000,114.120,114.120,344760.000,,raw
2021-06-03,108.990,110.910,105.900,106.360,271823.000,,raw
2021-06-04,107.000,108.500,106.010,106.440,150720.000,,raw
2021-06-07,106.700,108.000,103.330,105.800,141696.000,,raw
2021-06-08,105.050,105.300,100.660,100.770,217392.000,,raw
2021-06-09,101.000,102.430,99.970,101.160,121175.000,,raw
2021-06-10,101.870,102.080,99.280,100.100,142749.000,,raw
2021-06-11,100.210,102.340,99.020,100.600,151676.000,,raw
2021-06-15,100.800,102.900,98.710,99.000,112249.000,,raw
2021-06-16,98.680,99.920,97.000,97.400,100719.000,,raw
2021-06-17,97.410,99.340,96.700,98.090,87313.000,,raw
2021-06-18,98.060,99.200,97.250,98.930,85149.000,,raw
2021-06-21,99.150,107.940,99.140,104.730,214851.000,,raw
2021-06-22,104.480,104.480,100.830,102.400,131543.000,,raw
2021-06-23,101.600,102.850,99.660,100.470,109860.000,,raw
2021-06-24,101.000,104.490,99.360,102.110,141653.000,,raw
2021-06-25,102.000,107.270,101.800,105.000,174663.000,,raw
2021-06-28,106.490,116.800,106.490,115.800,324189.000,,raw
2021-06-29,115.600,126.880,113.000,126.000,355425.000,,raw
2021-06-30,125.000,126.930,120.000,124.800,199324.000,,raw
2021-07-01,125.500,131.000,122.000,122.000,256876.000,,raw
2021-07-02,119.750,123.870,116.800,119.040,175104.000,,raw
2021-07-05,118.030,121.500,115.180,115.950,149276.000,,raw
2021-07-06,118.000,118.770,112.260,113.550,126266.000,,raw
2021-07-07,113.000,117.140,112.610,116.150,116591.000,,raw
2021-07-08,117.000,117.450,113.000,113.240,105653.000,,raw
2021-07-09,113.730,122.850,113.730,119.490,193013.000,,raw
2021-07-12,119.880,120.260,115.240,116.250,154719.000,,raw
2021-07-13,115.000,116.410,110.790,116.410,135277.000,,raw
2021-07-14,115.260,120.100,114.510,116.000,137568.000,,raw
2021-07-15,117.570,124.020,114.260,122.370,211636.000,,raw
2021-07-16,122.500,126.020,119.500,120.280,152275.000,,raw
2021-07-19,119.800,121.800,118.440,119.700,84653.000,,raw
2021-07-20,123.000,125.790,119.700,119.750,119017.000,,raw
2021-07-21,118.900,118.900,114.610,114.910,164006.000,,raw
2021-07-22,114.010,117.000,112.350,113.900,103134.000,,raw
2021-07-23,113.500,115.190,104.800,105.900,173715.000,,raw
2021-07-26,105.120,106.550,99.080,100.890,142059.000,,raw
2021-07-27,101.020,104.140,99.660,101.040,131672.000,,raw
2021-07-28,100.990,109.470,98.660,107.150,181820.000,,raw
2021-07-29,107.300,109.380,105.000,108.300,136767.000,,raw
2021-07-30,106.620,118.900,106.600,116.990,227698.000,,raw
2021-08-02,121.530,124.880,116.030,116.250,209329.000,,raw
2021-08-03,117.180,123.500,117.000,122.550,232468.000,,raw
2021-08-04,121.890,121.890,117.550,119.710,163182.000,,raw
2021-08-05,119.710,121.600,113.680,114.310,163254.000,,raw
2021-08-06,113.300,113.680,108.010,109.010,141772.000,,raw
2021-08-09,107.930,112.800,107.000,110.390,99454.000,,raw
2021-08-10,110.500,111.540,108.280,109.760,79889.000,,raw
2021-08-11,109.550,112.380,107.640,109.300,95545.000,,raw
2021-08-12,108.160,110.390,107.410,107.910,75145.000,,raw
2021-08-13,108.880,111.300,108.000,109.970,87576.000,,raw
2021-08-16,110.880,110.900,108.040,108.260,70426.000,,raw
2021-08-17,108.300,113.630,108.000,110.800,149440.000,,raw
2021-08-18,111.000,112.000,105.630,106.750,105328.000,,raw
2021-08-19,107.370,107.980,104.500,104.990,75343.000,,raw
2021-08-20,104.050,104.050,101.500,102.470,75435.000,,raw
2021-08-23,102.280,105.970,101.200,105.150,72953.000,,raw
2021-08-24,105.010,107.710,103.860,105.950,76082.000,,raw
2021-08-25,105.790,106.880,104.510,105.060,66868.000,,raw
2021-08-26,105.000,105.220,101.500,102.450,92970.000,,raw
2021-08-27,101.400,106.300,101.180,105.210,95429.000,,raw
2021-08-30,106.890,108.420,101.600,101.670,127013.000,,raw
2021-08-31,100.130,103.300,99.510,102.170,67239.000,,raw
2021-09-01,101.400,103.490,100.450,102.870,66584.000,,raw
2021-09-02,102.000,102.600,100.000,100.120,80599.000,,raw
2021-09-03,99.680,100.480,98.850,99.980,61763.000,,raw
2021-09-06,99.700,101.670,98.800,101.010,70325.000,,raw
2021-09-07,101.000,101.000,99.440,100.390,66108.000,,raw
2021-09-08,100.000,101.000,98.600,98.890,73281.000,,raw
2021-09-09,99.000,99.170,97.000,97.090,72236.000,,raw
2021-09-10,96.570,96.960,94.320,94.620,102997.000,,raw
2021-09-13,94.460,97.240,94.400,95.760,70220.000,,raw
2021-09-14,95.430,98.510,94.600,97.820,97951.000,,raw
2021-09-15,97.300,97.990,94.710,94.970,71233.000,,raw
2021-09-16,94.150,94.170,90.680,90.700,103436.000,,raw
2021-09-17,90.780,92.660,88.040,91.960,96109.000,,raw
2021-09-22,90.010,91.480,89.510,89.510,58698.000,,raw
2021-09-23,89.000,90.230,88.610,88.950,55784.000,,raw
2021-09-24,89.900,92.670,89.280,91.880,89711.000,,raw
2021-09-27,91.970,91.970,89.350,89.470,68820.000,,raw
2021-09-28,89.730,90.490,88.000,90.000,48285.000,,raw
2021-09-29,89.000,89.820,87.000,87.860,50487.000,,raw
2021-09-30,59.000,59.990,58.480,58.630,57783.000,"{'nd': '2021', 'fh_sh': '', 'djr': '2021-09-29', 'cqr': '2021-09-30', 'FHcontent': '10转5股'}",raw
2021-10-08,57.980,57.980,56.630,57.320,77042.000,,raw
2021-10-11,57.180,61.240,57.150,60.080,136864.000,,raw
2021-10-12,59.640,63.550,59.500,62.720,199897.000,,raw
2021-10-13,62.000,63.440,60.610,62.170,112446.000,,raw
2021-10-14,62.000,63.580,61.360,63.180,114279.000,,raw
2021-10-15,62.000,62.490,59.950,59.970,136764.000,,raw
2021-10-18,57.700,57.800,53.360,54.470,205064.000,,raw
2021-10-19,53.990,55.470,53.700,54.660,111989.000,,raw
2021-10-20,54.610,54.900,53.410,53.450,97286.000,,raw
2021-10-21,53.180,54.600,53.100,53.830,91031.000,,raw
2021-10-22,54.000,56.660,53.900,56.030,146312.000,,raw
2021-10-25,56.200,56.550,53.900,54.520,114917.000,,raw
2021-10-26,54.210,55.700,54.010,54.650,82077.000,,raw
2021-10-27,55.180,56.000,53.580,53.930,94177.000,,raw
2021-10-28,53.590,53.590,51.010,51.220,126548.000,,raw
2021-10-29,51.200,52.250,50.710,51.330,85085.000,,raw
2021-11-01,51.330,52.140,50.880,51.790,69900.000,,raw
2021-11-02,51.300,51.890,48.910,49.090,132558.000,,raw
2021-11-03,50.070,58.000,49.600,56.040,357389.000,,raw
2021-11-04,56.080,56.960,53.790,55.160,227525.000,,raw
2021-11-05,54.300,57.970,54.300,55.600,213594.000,,raw
2021-11-08,54.700,55.580,52.810,53.290,154491.000,,raw
2021-11-09,53.310,54.150,52.880,53.430,83549.000,,raw
2021-11-10,53.160,55.260,52.630,54.500,139969.000,,raw
2021-11-11,54.380,55.750,53.870,54.880,111303.000,,raw
2021-11-12,55.230,55.500,54.330,54.890,101383.000,,raw
2021-11-15,54.800,57.200,54.590,55.500,168077.000,,raw
2021-11-16,55.030,59.330,54.630,57.890,243062.000,,raw
2021-11-17,57.170,57.850,56.200,57.070,131340.000,,raw
2021-11-18,57.140,57.880,54.960,55.040,149671.000,,raw
2021-11-19,55.000,55.500,54.440,55.090,79798.000,,raw
2021-11-22,55.200,55.250,54.190,54.640,92893.000,,raw
2021-11-23,54.330,55.270,53.990,54.950,99260.000,,raw
2021-11-24,55.180,55.180,54.280,54.480,74652.000,,raw
2021-11-25,54.970,56.580,54.810,56.560,197810.000,,raw
2021-11-26,56.450,59.350,56.450,58.050,243770.000,,raw
2021-11-29,61.800,64.300,59.890,60.650,367157.000,,raw
2021-11-30,60.020,65.880,59.620,65.290,432234.000,,raw
2021-12-01,64.000,65.100,62.310,62.450,290425.000,,raw
2021-12-02,62.700,64.360,61.840,61.990,198841.000,,raw
2021-12-03,61.000,61.390,59.650,60.850,142925.000,,raw
2021-12-06,60.920,61.260,58.410,58.550,151753.000,,raw
2021-12-07,58.430,59.630,58.080,59.000,106010.000,,raw
2021-12-08,60.260,61.500,59.700,60.560,148340.000,,raw
2021-12-09,60.130,61.400,59.680,59.920,131452.000,,raw
2021-12-10,60.190,60.620,59.360,59.830,92361.000,,raw
2021-12-13,59.930,60.680,59.280,59.320,106047.000,,raw
2021-12-14,59.800,60.580,59.500,60.060,102346.000,,raw
2021-12-15,60.070,60.160,58.010,58.120,131188.000,,raw
2021-12-16,58.140,59.130,57.740,58.260,85664.000,,raw
2021-12-17,58.360,58.580,56.040,56.080,139906.000,,raw
2021-12-20,56.110,60.800,56.110,59.960,277566.000,,raw
2021-12-21,59.250,59.480,57.700,58.070,156327.000,,raw
2021-12-22,57.810,58.180,57.160,57.580,91359.000,,raw
2021-12-23,57.810,58.670,56.560,57.090,103176.000,,raw
2021-12-24,56.880,57.980,55.810,57.320,110637.000,,raw
2021-12-27,57.000,58.390,56.740,57.650,84636.000,,raw
2021-12-28,57.650,58.110,55.970,56.730,81986.000,,raw
2021-12-29,56.750,58.440,56.220,57.290,105679.000,,raw
2021-12-30,57.030,58.650,57.030,57.850,112953.000,,raw
2021-12-31,58.000,58.500,57.190,57.840,95776.000,,raw
2022-01-04,57.990,58.600,57.530,57.850,96219.000,,raw
2022-01-05,58.050,58.170,56.300,56.730,107836.000,,raw
2022-01-06,56.590,57.850,56.490,57.200,86318.000,,raw
2022-01-07,56.930,62.660,56.930,60.370,397743.000,,raw
2022-01-10,61.690,62.460,60.410,61.470,241081.000,,raw
2022-01-11,60.900,62.460,59.290,61.830,229488.000,,raw
2022-01-12,61.630,64.700,60.630,63.750,292351.000,,raw
2022-01-13,64.680,66.770,63.080,63.150,312203.000,,raw
2022-01-14,62.730,74.500,61.720,69.950,511578.000,,raw
2022-01-17,71.000,74.000,68.900,70.900,440513.000,,raw
2022-01-18,69.000,69.760,63.520,63.850,372313.000,,raw
2022-01-19,62.200,64.930,62.170,63.730,166826.000,,raw
2022-01-20,63.490,64.680,61.800,61.850,161051.000,,raw
2022-01-21,61.630,61.630,58.370,59.010,190247.000,,raw
2022-01-24,58.060,59.510,57.540,58.440,95860.000,,raw
2022-01-25,58.960,59.680,55.880,56.000,134686.000,,raw
2022-01-26,56.500,56.980,55.020,55.790,87730.000,,raw
2022-01-27,56.150,56.250,53.490,53.600,107116.000,,raw
2022-01-28,53.910,54.680,52.840,52.860,99666.000,,raw
2022-02-07,53.300,53.880,52.510,53.170,76123.000,,raw
2022-02-08,53.000,54.260,52.640,54.260,78095.000,,raw
2022-02-09,53.900,54.670,53.560,54.480,86136.000,,raw
2022-02-10,54.450,54.950,53.530,53.840,78643.000,,raw
2022-02-11,53.000,53.140,50.950,51.160,144202.000,,raw
2022-02-14,50.880,51.730,50.700,51.140,57181.000,,raw
2022-02-15,50.940,51.940,50.780,51.600,62508.000,,raw
2022-02-16,51.800,53.000,51.560,52.510,87952.000,,raw
2022-02-17,52.240,52.700,51.510,51.600,77737.000,,raw
2022-02-18,51.300,53.280,51.110,52.980,102110.000,,raw
2022-02-21,52.700,53.250,52.500,52.980,73065.000,,raw
2022-02-22,52.500,52.590,51.100,51.270,86920.000,,raw
2022-02-23,51.310,52.400,51.310,52.190,71828.000,,raw
2022-02-24,51.800,52.180,48.810,49.660,151790.000,,raw
2022-02-25,50.000,51.890,50.000,50.530,107447.000,,raw
2022-02-28,50.520,51.450,49.380,51.230,99183.000,,raw
2022-03-01,51.080,51.500,50.400,51.020,65832.000,,raw
2022-03-02,50.910,51.270,50.310,50.950,61197.000,,raw
2022-03-03,50.860,52.390,50.620,51.970,122922.000,,raw
2022-03-04,51.480,52.700,51.310,51.770,111375.000,,raw
2022-03-07,51.400,51.470,50.100,50.220,80692.000,,raw
2022-03-08,50.250,50.500,48.000,48.050,99519.000,,raw
2022-03-09,48.050,48.310,44.500,45.560,158492.000,,raw
2022-03-10,46.480,47.650,46.100,46.840,133015.000,,raw
2022-03-11,46.100,49.800,45.670,48.870,190136.000,,raw
2022-03-14,50.100,52.700,49.610,50.410,230877.000,,raw
2022-03-15,50.000,50.350,47.310,47.320,149160.000,,raw
2022-03-16,48.500,48.860,45.110,47.480,147580.000,,raw
2022-03-17,47.880,50.280,47.550,48.480,169652.000,,raw
2022-03-18,48.600,49.340,47.760,48.980,103648.000,,raw
2022-03-21,48.910,49.680,48.260,49.060,110221.000,,raw
2022-03-22,48.530,48.530,47.240,47.800,96365.000,,raw
2022-03-23,47.750,48.200,46.960,47.300,89975.000,,raw
2022-03-24,47.200,47.760,46.320,47.500,98128.000,,raw
2022-03-25,47.490,47.490,45.880,45.980,103214.000,,raw
2022-03-28,45.460,46.160,45.180,45.440,74995.000,,raw
2022-03-29,45.430,48.230,45.430,46.600,147232.000,,raw
2022-03-30,46.660,47.270,45.550,46.970,102823.000,,raw
2022-03-31,46.910,47.880,45.970,46.240,115454.000,,raw
2022-04-01,45.800,46.230,45.120,45.950,85206.000,,raw
2022-04-06,46.410,48.300,46.240,47.500,162212.000,,raw
2022-04-07,47.110,47.300,45.690,45.780,105726.000,,raw
2022-04-08,45.960,45.980,44.350,44.620,103691.000,,raw
2022-04-11,44.630,44.910,43.600,43.630,84621.000,,raw
2022-04-12,43.790,44.180,42.450,43.950,92162.000,,raw
2022-04-13,43.800,43.830,42.760,42.920,69824.000,,raw
2022-04-14,42.900,44.500,42.900,44.050,97764.000,,raw
2022-04-15,43.890,44.080,43.010,43.800,77147.000,,raw
2022-04-18,43.330,44.900,43.010,44.570,94184.000,,raw
2022-04-19,44.450,45.080,43.570,43.850,65216.000,,raw
2022-04-20,43.800,44.490,42.310,42.530,87235.000,,raw
2022-04-21,42.550,42.640,40.500,40.850,100607.000,,raw
2022-04-22,40.510,40.510,39.660,39.940,79041.000,,raw
2022-04-25,39.390,39.400,36.390,36.390,141718.000,,raw
2022-04-26,36.400,37.770,35.990,36.670,126633.000,,raw
2022-04-27,36.400,37.920,35.860,37.850,107615.000,,raw
2022-04-28,37.000,37.300,34.970,35.600,170620.000,,raw
2022-04-29,28.480,29.500,28.480,28.790,568200.000,,raw
2022-05-05,28.400,29.540,27.800,28.710,307446.000,,raw
2022-05-06,28.010,28.540,27.560,27.760,187367.000,,raw
2022-05-09,27.600,28.420,27.600,28.000,127621.000,,raw
2022-05-10,27.610,28.480,27.500,28.310,142988.000,,raw
2022-05-11,28.300,29.420,28.220,28.610,220865.000,,raw
2022-05-12,28.400,28.980,28.280,28.740,133517.000,,raw
2022-05-13,28.940,29.230,28.210,28.610,125268.000,,raw
2022-05-16,28.620,29.140,28.100,28.320,119861.000,,raw
2022-05-17,28.370,28.420,27.660,28.170,110237.000,,raw
2022-05-18,28.160,28.550,27.950,28.210,82658.000,,raw
2022-05-19,27.840,28.150,27.680,28.130,90011.000,,raw
2022-05-20,28.150,28.750,28.150,28.620,127424.000,,raw
2022-05-23,28.830,29.240,28.650,29.180,136069.000,,raw
2022-05-24,29.360,29.480,27.510,27.540,185966.000,,raw
2022-05-25,27.500,27.670,27.100,27.640,104170.000,,raw
2022-05-26,27.500,27.660,26.910,27.350,102209.000,,raw
2022-05-27,28.000,28.150,26.970,27.240,109907.000,,raw
2022-05-30,27.300,27.470,26.720,27.090,102563.000,,raw
2022-05-31,27.090,27.560,26.550,27.500,134019.000,,raw
2022-06-01,27.600,27.870,27.120,27.220,111193.000,,raw
2022-06-02,27.110,27.300,26.840,27.250,87738.000,,raw
2022-06-06,27.260,28.530,27.200,28.380,166648.000,,raw
2022-06-07,28.490,28.870,28.260,28.660,159271.000,,raw
2022-06-08,28.660,29.200,28.380,28.850,151467.000,,raw
2022-06-09,29.120,29.120,28.280,28.420,116703.000,,raw
2022-06-10,28.950,30.470,28.810,30.400,333063.000,,raw
2022-06-13,24.380,24.380,23.710,23.950,225159.000,"{'nd': '2021', 'fh_sh': '7.5', 'djr': '2022-06-10', 'cqr': '2022-06-13', 'FHcontent': '10派7.5元转2股'}",raw
2022-06-14,23.350,23.980,23.120,23.880,169447.000,,raw
2022-06-15,24.200,24.440,23.830,23.880,192090.000,,raw
2022-06-16,23.800,24.600,23.710,24.110,181274.000,,raw
2022-06-17,23.850,24.550,23.530,24.480,193991.000,,raw
2022-06-20,25.100,25.100,24.280,24.560,166376.000,,raw
2022-06-21,24.500,24.710,24.010,24.260,131002.000,,raw
2022-06-22,24.210,24.420,23.670,23.680,120807.000,,raw
2022-06-23,23.650,24.100,23.410,24.070,120062.000,,raw
2022-06-24,24.160,24.470,23.900,24.050,138637.000,,raw
2022-06-27,24.100,26.700,24.100,25.770,401767.000,,raw
2022-06-28,25.690,25.730,24.900,25.510,204145.000,,raw
2022-06-29,25.410,25.800,25.010,25.300,166849.000,,raw
2022-06-30,25.310,25.750,25.230,25.360,147703.000,,raw
2022-07-01,25.200,25.380,24.720,24.810,137744.000,,raw
2022-07-04,24.700,25.450,24.680,25.380,144539.000,,raw
2022-07-05,25.500,25.930,24.920,25.320,166641.000,,raw
2022-07-06,25.170,25.270,24.610,24.810,124170.000,,raw
2022-07-07,24.830,24.860,24.210,24.490,102314.000,,raw
2022-07-08,24.490,24.870,24.360,24.400,93705.000,,raw
2022-07-11,24.400,24.630,23.830,24.190,107956.000,,raw
2022-07-12,24.180,24.180,23.500,23.500,102887.000,,raw
2022-07-13,23.490,23.830,23.380,23.580,69739.000,,raw
2022-07-14,23.580,23.840,23.470,23.570,74557.000,,raw
2022-07-15,23.530,23.780,22.780,23.090,121306.000,,raw
2022-07-18,23.200,23.490,22.870,23.450,78873.000,,raw
2022-07-19,23.380,23.670,23.100,23.630,100495.000,,raw
2022-07-20,23.690,24.080,23.600,23.740,141512.000,,raw
2022-07-21,23.610,23.830,23.380,23.400,80249.000,,raw
2022-07-22,23.500,23.640,22.900,23.000,87066.000,,raw
2022-07-25,23.000,23.720,22.900,23.220,84517.000,,raw
2022-07-26,23.220,23.300,22.690,23.230,92074.000,,raw
2022-07-27,23.220,23.490,23.060,23.230,65158.000,,raw
2022-07-28,23.310,23.800,23.260,23.450,104025.000,,raw
2022-07-29,23.600,23.620,22.960,23.000,87290.000,,raw
2022-08-01,23.040,23.040,22.510,22.850,67143.000,,raw
2022-08-02,22.660,22.660,21.200,21.470,162623.000,,raw
2022-08-03,21.350,22.410,21.350,21.710,117222.000,,raw
2022-08-04,21.800,21.980,21.580,21.860,63670.000,,raw
2022-08-05,22.000,23.060,21.930,22.830,147616.000,,raw
2022-08-08,22.990,23.380,22.860,23.110,103162.000,,raw
2022-08-09,23.030,23.090,22.730,23.010,76388.000,,raw
2022-08-10,23.010,23.350,22.810,22.920,84959.000,,raw
2022-08-11,22.920,23.620,22.840,23.410,115598.000,,raw
2022-08-12,23.410,23.850,23.270,23.690,102608.000,,raw
2022-08-15,23.690,23.690,23.240,23.410,89643.000,,raw
2022-08-16,23.360,23.540,23.100,23.150,79638.000,,raw
2022-08-17,23.100,23.290,22.900,23.190,62895.000,,raw
2022-08-18,23.010,23.160,22.810,22.920,72159.000,,raw
2022-08-19,22.890,23.440,22.750,22.770,80854.000,,raw
2022-08-22,22.770,23.000,22.400,22.800,54726.000,,raw
2022-08-23,22.710,22.720,22.400,22.450,65219.000,,raw
2022-08-24,22.460,22.560,21.800,21.800,91088.000,,raw
2022-08-25,21.800,22.140,21.600,22.080,67120.000,,raw
2022-08-26,22.120,22.320,21.710,21.710,66336.000,,raw
2022-08-29,21.330,22.400,21.330,22.330,95417.000,,raw
2022-08-30,22.580,23.340,22.180,22.290,157348.000,,raw
2022-08-31,22.210,22.450,21.800,21.960,95153.000,,raw
2022-09-01,21.900,22.420,21.900,22.060,65582.000,,raw
2022-09-02,22.110,22.550,22.080,22.320,78544.000,,raw
2022-09-05,22.400,22.700,22.230,22.370,72807.000,,raw
2022-09-06,22.250,22.320,22.040,22.290,60058.000,,raw
2022-09-07,22.230,22.430,22.020,22.200,61601.000,,raw
2022-09-08,22.220,22.380,21.900,21.910,63154.000,,raw
2022-09-09,21.980,22.490,21.920,22.250,80904.000,,raw
2022-09-13,22.290,22.730,22.240,22.280,70600.000,,raw
2022-09-14,21.990,22.130,21.560,22.050,67775.000,,raw
2022-09-15,22.110,22.410,21.580,21.620,91998.000,,raw
2022-09-16,21.680,21.680,20.660,20.660,112171.000,,raw
2022-09-19,20.610,20.750,20.070,20.100,79976.000,,raw
2022-09-20,20.260,20.330,20.030,20.150,58732.000,,raw
2022-09-21,20.060,20.240,19.490,20.100,90958.000,,raw
2022-09-22,19.900,20.170,19.720,19.720,67679.000,,raw
2022-09-23,19.740,19.850,19.120,19.240,78287.000,,raw
2022-09-26,19.050,19.180,18.680,18.680,75788.000,,raw
2022-09-27,18.800,20.050,18.760,19.960,167013.000,,raw
2022-09-28,19.810,20.420,19.630,19.630,117422.000,,raw
2022-09-29,19.930,20.330,19.770,19.910,123509.000,,raw
2022-09-30,19.940,20.300,19.810,19.930,83612.000,,raw
2022-10-10,19.950,20.350,19.510,19.600,96788.000,,raw
2022-10-11,19.690,19.780,19.060,19.470,72679.000,,raw
2022-10-12,19.470,19.960,19.110,19.960,72354.000,,raw
2022-10-13,20.060,20.420,19.910,20.180,97560.000,,raw
2022-10-14,20.350,22.100,20.260,21.480,246333.000,,raw
2022-10-17,21.400,22.050,21.300,21.860,183435.000,,raw
2022-10-18,21.850,22.890,21.470,22.350,223946.000,,raw
2022-10-19,22.130,22.350,21.680,21.800,109308.000,,raw
2022-10-20,21.770,23.200,21.650,22.650,265178.000,,raw
2022-10-21,22.240,22.480,21.810,22.300,143138.000,,raw
2022-10-24,22.300,22.340,21.150,21.240,154616.000,,raw
2022-10-25,21.370,21.440,20.130,20.530,149367.000,,raw
2022-10-26,20.790,22.180,20.620,21.950,204408.000,,raw
2022-10-27,21.840,22.330,21.570,22.150,143226.000,,raw
2022-10-28,22.010,22.250,20.920,21.020,133317.000,,raw
2022-10-31,20.880,21.720,20.750,21.320,112023.000,,raw
2022-11-01,21.320,21.840,21.000,21.780,136665.000,,raw
2022-11-02,21.600,24.660,21.510,23.710,432357.000,,raw
2022-11-03,23.200,23.850,22.970,23.400,209238.000,,raw
2022-11-04,23.410,24.050,23.230,23.690,190431.000,,raw
2022-11-07,23.530,24.000,23.240,23.550,162683.000,,raw
2022-11-08,23.800,23.850,23.120,23.330,120233.000,,raw
2022-11-09,23.260,23.720,23.220,23.350,114763.000,,raw
2022-11-10,23.050,24.640,23.030,24.310,249818.000,,raw
2022-11-11,24.910,24.990,23.100,23.130,303597.000,,raw
2022-11-14,23.020,24.080,22.720,23.830,212739.000,,raw
2022-11-15,23.950,24.150,23.340,24.140,168639.000,,raw
2022-11-16,24.370,25.790,24.060,24.770,346370.000,,raw
2022-11-17,24.300,25.380,24.290,25.230,227062.000,,raw
2022-11-18,25.200,25.860,24.820,24.950,206213.000,,raw
2022-11-21,24.700,26.390,24.300,26.270,306154.000,,raw
2022-11-22,25.950,26.190,24.750,25.220,238015.000,,raw
2022-11-23,25.210,25.300,23.900,24.200,175530.000,,raw
2022-11-24,24.240,24.710,24.070,24.530,114610.000,,raw
2022-11-25,24.300,24.320,23.410,23.470,159110.000,,raw
2022-11-28,23.160,24.060,23.150,23.650,100242.000,,raw
2022-11-29,23.490,25.500,23.490,25.070,260831.000,,raw
2022-11-30,25.300,25.630,24.600,24.600,240978.000,,raw
2022-12-01,24.830,24.940,23.550,23.750,236255.000,,raw
2022-12-02,23.740,24.270,23.640,24.070,146847.000,,raw
2022-12-05,24.380,24.600,23.620,23.830,164331.000,,raw
2022-12-06,23.640,23.850,23.040,23.180,149784.000,,raw
2022-12-07,23.200,23.440,22.960,23.300,96161.000,,raw
2022-12-08,23.280,23.740,23.150,23.480,112625.000,,raw
2022-12-09,23.500,25.750,23.380,25.480,507497.000,,raw
2022-12-12,26.470,27.990,26.050,26.570,663462.000,,raw
2022-12-13,26.700,26.840,25.720,26.230,292906.000,,raw
2022-12-14,26.230,26.240,25.120,25.200,224668.000,,raw
2022-12-15,25.220,25.650,24.960,25.270,190593.000,,raw
2022-12-16,25.060,25.590,25.000,25.260,175290.000,,raw
2022-12-19,25.590,25.750,23.500,23.720,236487.000,,raw
2022-12-20,23.500,23.880,22.870,22.900,148483.000,,raw
2022-12-21,22.900,23.150,21.950,22.070,158718.000,,raw
2022-12-22,22.200,22.260,21.370,21.440,126772.000,,raw
2022-12-23,21.430,22.070,21.390,21.930,111715.000,,raw
2022-12-26,21.910,23.110,21.910,22.460,132927.000,,raw
2022-12-27,22.350,22.430,21.230,21.540,155747.000,,raw
2022-12-28,21.450,21.880,21.310,21.580,94321.000,,raw
2022-12-29,21.500,21.620,21.130,21.340,83654.000,,raw
2022-12-30,21.440,21.460,20.970,21.030,84772.000,,raw
2019-01-02,2.248,2.340,2.248,2.274,7960.000,,adjusted
2019-01-03,2.255,2.329,2.200,2.270,8963.000,,adjusted
2019-01-04,2.214,2.396,2.151,2.381,13480.000,,adjusted
2019-01-07,2.403,2.574,2.381,2.500,11829.000,,adjusted
2019-01-08,2.507,2.718,2.407,2.555,19560.000,,adjusted
2019-01-09,2.503,2.566,2.437,2.522,19130.000,,adjusted
2019-01-10,2.496,2.496,2.388,2.392,13160.000,,adjusted
2019-01-11,2.392,2.448,2.377,2.433,9877.000,,adjusted
2019-01-14,2.414,2.496,2.348,2.366,8705.000,,adjusted
2019-01-15,2.340,2.455,2.325,2.455,8656.000,,adjusted
2019-01-16,2.525,2.725,2.522,2.670,32418.000,,adjusted
2019-01-17,2.618,2.651,2.540,2.566,14628.000,,adjusted
2019-01-18,2.607,2.611,2.455,2.548,12974.000,,adjusted
2019-01-21,2.533,2.659,2.488,2.592,12701.000,,adjusted
2019-01-22,2.588,2.588,2.411,2.474,16019.000,,adjusted
2019-01-23,2.463,2.566,2.459,2.555,13400.000,,adjusted
2019-01-24,2.533,2.637,2.525,2.614,12632.000,,adjusted
2019-01-25,2.577,2.640,2.503,2.503,11394.000,,adjusted
2019-01-28,2.503,2.611,2.459,2.503,12072.000,,adjusted
2019-01-29,2.492,2.503,2.237,2.351,16728.000,,adjusted
2019-01-30,2.351,2.466,2.281,2.400,11196.000,,adjusted
2019-01-31,2.344,2.444,2.288,2.311,12019.000,,adjusted
2019-02-01,2.374,2.451,2.300,2.451,12437.000,,adjusted
2019-02-11,2.440,2.729,2.433,2.700,24129.000,,adjusted
2019-02-12,2.696,2.855,2.655,2.737,23662.000,,adjusted
2019-02-13,2.755,3.040,2.725,2.940,34114.000,,adjusted
2019-02-14,2.959,3.066,2.892,3.003,26691.000,,adjusted
2019-02-15,3.003,3.022,2.896,2.985,15130.000,,adjusted
2019-02-18,2.996,3.263,2.996,3.207,24042.000,,adjusted
2019-02-19,3.225,3.314,3.059,3.144,27577.000,,adjusted
2019-02-20,3.170,3.233,3.100,3.170,15932.000,,adjusted
2019-02-21,3.177,3.200,3.007,3.059,26381.000,,adjusted
2019-02-22,3.096,3.203,3.011,3.174,26244.000,,adjusted
2019-02-25,3.229,3.525,3.188,3.492,36235.000,,adjusted
2019-02-26,3.492,4.159,3.466,3.840,77426.000,,adjusted
2019-02-27,3.792,4.059,3.633,3.725,45218.000,,adjusted
2019-02-28,3.725,4.103,3.655,3.933,38764.000,,adjusted
2019-03-01,3.851,3.851,3.433,3.655,58636.000,,adjusted
2019-03-04,3.651,3.933,3.581,3.792,67330.000,,adjusted
2019-03-05,3.688,3.933,3.648,3.925,41117.000,,adjusted
2019-03-06,3.937,4.044,3.829,3.948,41417.000,,adjusted
2019-03-07,3.948,4.000,3.800,3.933,35756.000,,adjusted
2019-03-08,3.903,4.240,3.711,4.040,73572.000,,adjusted
2019-03-11,4.096,4.700,4.007,4.596,73107.000,,adjusted
2019-03-12,4.563,4.970,4.377,4.733,69949.000,,adjusted
2019-03-13,4.533,4.688,4.281,4.288,44869.000,,adjusted
2019-03-14,4.322,4.425,3.874,3.985,34059.000,,adjusted
2019-03-15,4.055,4.207,3.988,4.163,21900.000,,adjusted
2019-03-18,4.133,4.377,3.988,4.344,25273.000,,adjusted
2019-03-19,4.348,4.444,4.181,4.314,22366.000,,adjusted
2019-03-20,4.277,4.311,4.040,4.155,18198.000,,adjusted
2019-03-21,4.170,4.277,4.114,4.229,25697.000,,adjusted
2019-03-22,4.155,4.207,3.951,4.085,20753.000,,adjusted
2019-03-25,3.988,4.037,3.885,3.951,23346.000,,adjusted
2019-03-26,3.966,4.022,3.651,3.725,23884.000,,adjusted
2019-03-27,3.733,3.844,3.677,3.788,15080.000,,adjusted
2019-03-28,3.725,3.888,3.651,3.651,15386.000,,adjusted
2019-03-29,3.659,3.892,3.581,3.866,18581.000,,adjusted
2019-04-01,3.877,4.255,3.877,4.111,31591.000,,adjusted
2019-04-02,4.163,4.177,4.044,4.055,25482.000,,adjusted
2019-04-03,4.155,4.244,4.092,4.140,26543.000,,adjusted
2019-04-04,4.144,4.192,3.988,4.096,34367.000,,adjusted
2019-04-08,4.100,4.463,4.100,4.463,56455.000,,adjusted
2019-04-09,4.463,4.748,4.348,4.711,74548.000,,adjusted
2019-04-10,4.651,4.792,4.477,4.607,42227.000,,adjusted
2019-04-11,4.496,4.644,4.281,4.596,44517.000,,adjusted
2019-04-12,4.496,4.540,4.292,4.407,32632.000,,adjusted
2019-04-15,4.463,4.525,4.248,4.255,21214.000,,adjusted
2019-04-16,4.244,4.370,4.170,4.344,17146.000,,adjusted
2019-04-17,4.322,4.481,4.300,4.444,20499.000,,adjusted
2019-04-18,4.451,4.522,4.366,4.370,18866.000,,adjusted
2019-04-19,4.429,4.577,4.400,4.548,25381.000,,adjusted
2019-04-22,4.525,4.851,4.525,4.637,35022.000,,adjusted
2019-04-23,4.614,4.614,4.366,4.414,17993.000,,adjusted
2019-04-24,4.463,4.466,4.218,4.359,18432.000,,adjusted
2019-04-25,4.381,4.429,3.929,3.929,23192.000,,adjusted
2019-04-26,3.907,4.281,3.829,4.170,23643.000,,adjusted
2019-04-29,4.174,4.218,3.696,3.925,30829.000,,adjusted
2019-04-30,3.800,3.966,3.759,3.837,13283.000,,adjusted
2019-05-06,3.670,3.766,3.137,3.203,26923.000,,adjusted
2019-05-07,3.207,3.318,3.070,3.211,17345.000,,adjusted
2019-05-08,3.070,3.237,2.959,3.055,10954.000,,adjusted
2019-05-09,3.092,3.263,3.022,3.114,16075.000,,adjusted
2019-05-10,3.133,3.370,3.051,3.329,23008.000,,adjusted
2019-05-13,3.322,3.977,3.244,3.659,44688.000,,adjusted
2019-05-14,3.577,4.240,3.559,3.725,48684.000,,adjusted
2019-05-15,3.681,3.788,3.525,3.774,33374.000,,adjusted
2019-05-16,3.725,3.725,3.600,3.614,23943.000,,adjusted
2019-05-17,3.633,3.633,3.281,3.281,30629.000,,adjusted
2019-05-20,3.255,3.281,2.977,3.166,17866.000,,adjusted
2019-05-21,3.170,3.259,3.066,3.225,20061.000,,adjusted
2019-05-22,3.177,3.240,3.022,3.122,19445.000,,adjusted
2019-05-23,3.077,3.122,2.840,2.859,22117.000,,adjusted
2019-05-24,2.885,2.892,2.725,2.755,13718.000,,adjusted
2019-05-27,2.766,2.996,2.755,2.955,15771.000,,adjusted
2019-05-28,2.963,3.037,2.837,2.896,14562.000,,adjusted
2019-05-29,2.903,3.011,2.844,2.970,11897.000,,adjusted
2019-05-30,2.914,2.922,2.792,2.885,11889.000,,adjusted
2019-05-31,2.885,2.944,2.848,2.918,10587.000,,adjusted
2019-06-03,2.918,2.996,2.807,2.874,10692.000,,adjusted
2019-06-04,2.833,2.874,2.718,2.725,11064.000,,adjusted
2019-06-05,2.792,2.851,2.725,2.737,9135.000,"{'nd': '2018', 'fh_sh': '1.5', 'djr': '2019-06-04', 'cqr': '2019-06-05', 'FHcontent': '10派1.5元'}",adjusted
2019-06-06,2.737,2.800,2.625,2.651,8351.000,,adjusted
2019-06-10,2.677,2.885,2.674,2.829,11035.000,,adjusted
2019-06-11,2.866,3.025,2.781,3.003,16859.000,,adjusted
2019-06-12,3.003,3.003,2.888,2.892,10298.000,,adjusted
2019-06-13,2.922,2.959,2.848,2.918,10142.000,,adjusted
2019-06-14,2.914,2.925,2.725,2.748,11439.000,,adjusted
2019-06-17,2.748,2.985,2.718,2.900,16289.000,,adjusted
2019-06-18,2.863,2.992,2.781,2.837,17519.000,,adjusted
2019-06-19,2.970,3.011,2.859,2.870,18272.000,,adjusted
2019-06-20,2.837,2.988,2.837,2.959,14582.000,,adjusted
2019-06-21,3.003,3.218,3.000,3.151,24355.000,,adjusted
2019-06-24,3.151,3.151,3.033,3.092,14803.000,,adjusted
2019-06-25,3.040,3.074,2.903,2.977,13401.000,,adjusted
2019-06-26,2.966,3.081,2.922,3.040,13180.000,,adjusted
2019-06-27,3.044,3.103,2.966,2.981,18163.000,,adjusted
2019-06-28,2.985,3.018,2.811,2.840,19318.000,,adjusted
2019-07-01,3.003,3.300,2.959,3.211,38558.000,,adjusted
2019-07-02,3.163,3.337,3.144,3.211,21391.000,,adjusted
2019-07-03,3.188,3.188,3.066,3.096,13449.000,,adjusted
2019-07-04,3.144,3.277,3.096,3.207,17001.000,,adjusted
2019-07-05,3.181,3.251,3.133,3.203,12423.000,,adjusted
2019-07-08,3.214,3.218,2.944,2.992,17109.000,,adjusted
2019-07-09,3.033,3.092,2.974,3.081,12122.000,,adjusted
2019-07-10,2.885,3.222,2.718,2.970,43107.000,,adjusted
2019-07-11,2.966,3.277,2.918,3.200,49584.000,,adjusted
2019-07-12,3.048,3.470,3.048,3.459,77211.000,,adjusted
2019-07-15,3.377,3.448,3.214,3.403,48206.000,,adjusted
2019-07-16,3.392,3.629,3.344,3.429,46047.000,,adjusted
2019-07-17,3.392,3.429,3.255,3.288,27467.000,,adjusted
2019-07-18,3.248,3.296,3.118,3.118,22424.000,,adjusted
2019-07-19,3.151,3.203,3.103,3.114,15850.000,,adjusted
2019-07-22,3.081,3.144,2.781,2.925,20892.000,,adjusted
2019-07-23,2.885,2.988,2.870,2.959,12495.000,,adjusted
2019-07-24,2.922,3.077,2.922,3.025,13924.000,,adjusted
2019-07-25,3.051,3.059,2.970,3.000,12355.000,,adjusted
2019-07-26,3.007,3.059,2.974,3.014,9941.000,,adjusted
2019-07-29,3.018,3.022,2.907,2.937,11250.000,,adjusted
2019-07-30,2.903,3.029,2.900,2.985,12336.000,,adjusted
2019-07-31,2.974,2.974,2.881,2.933,9070.000,,adjusted
2019-08-01,2.918,2.922,2.833,2.885,12642.000,,adjusted
2019-08-02,2.759,3.025,2.685,2.922,33864.000,,adjusted
2019-08-05,2.929,3.111,2.929,3.037,45581.000,,adjusted
2019-08-06,2.892,2.914,2.511,2.648,36418.000,,adjusted
2019-08-07,2.648,2.692,2.551,2.566,17266.000,,adjusted
2019-08-08,2.581,2.629,2.537,2.581,12195.000,,adjusted
2019-08-09,2.596,2.688,2.503,2.563,20886.000,,adjusted
2019-08-12,2.563,2.814,2.529,2.814,20650.000,,adjusted
2019-08-13,2.755,2.863,2.688,2.722,15085.000,,adjusted
2019-08-14,2.881,2.940,2.766,2.785,20284.000,,adjusted
2019-08-15,2.711,2.996,2.707,2.988,42631.000,,adjusted
2019-08-16,2.892,2.940,2.859,2.863,28719.000,,adjusted
2019-08-19,2.851,2.966,2.837,2.959,25537.000,,adjusted
2019-08-20,2.959,3.059,2.907,2.959,34283.000,,adjusted
2019-08-21,2.907,2.966,2.822,2.844,22489.000,,adjusted
2019-08-22,2.929,2.929,2.800,2.866,10200.000,,adjusted
2019-08-23,2.866,2.925,2.800,2.885,14672.000,,adjusted
2019-08-26,2.774,2.814,2.688,2.737,16508.000,,adjusted
2019-08-27,2.744,2.911,2.744,2.825,17575.000,,adjusted
2019-08-28,2.848,2.940,2.785,2.911,17626.000,,adjusted
2019-08-29,2.892,2.996,2.874,2.977,17609.000,,adjusted
2019-08-30,2.970,2.988,2.700,2.814,21608.000,,adjusted
2019-09-02,2.814,2.900,2.755,2.900,14181.000,,adjusted
2019-09-03,2.855,2.966,2.829,2.896,14013.000,,adjusted
2019-09-04,2.896,2.933,2.844,2.918,14860.000,,adjusted
2019-09-05,2.955,3.103,2.929,2.985,33506.000,,adjusted
2019-09-06,2.985,3.096,2.959,3.033,27280.000,,adjusted
2019-09-09,3.077,3.166,3.025,3.163,29615.000,,adjusted
2019-09-10,3.144,3.248,3.129,3.174,34355.000,,adjusted
2019-09-11,3.155,3.263,3.059,3.070,38362.000,,adjusted
2019-09-12,3.077,3.140,3.044,3.063,21698.000,,adjusted
2019-09-16,3.096,3.129,3.040,3.074,16410.000,,adjusted
2019-09-17,3.077,3.077,2.855,2.892,24552.000,,adjusted
2019-09-18,2.874,2.911,2.822,2.833,17368.000,,adjusted
2019-09-19,2.800,2.966,2.800,2.966,15799.000,,adjusted
2019-09-20,2.922,2.996,2.922,2.963,11807.000,,adjusted
2019-09-23,2.940,3.092,2.911,3.070,25803.000,,adjusted
2019-09-24,3.063,3.122,3.018,3.033,19120.000,,adjusted
2019-09-25,2.944,2.955,2.825,2.833,19614.000,,adjusted
2019-09-26,2.874,2.892,2.688,2.688,15154.000,,adjusted
2019-09-27,2.688,2.748,2.688,2.718,13472.000,,adjusted
2019-09-30,2.707,2.774,2.655,2.666,7647.000,,adjusted
2019-10-08,2.733,2.748,2.663,2.663,6231.000,,adjusted
2019-10-09,2.655,2.725,2.629,2.700,6406.000,,adjusted
2019-10-10,2.711,2.751,2.685,2.737,10118.000,,adjusted
2019-10-11,2.744,2.788,2.707,2.774,13632.000,,adjusted
2019-10-14,2.792,2.874,2.755,2.822,24368.000,,adjusted
2019-10-15,2.800,2.800,2.700,2.714,15726.000,,adjusted
2019-10-16,2.774,2.774,2.677,2.707,10363.000,,adjusted
2019-10-17,2.711,2.740,2.688,2.707,6646.000,,adjusted
2019-10-18,2.733,2.733,2.570,2.581,13549.000,,adjusted
2019-10-21,2.585,2.688,2.585,2.655,10282.000,,adjusted
2019-10-22,2.622,2.692,2.596,2.681,8095.000,,adjusted
2019-10-23,2.681,2.937,2.651,2.781,27343.000,,adjusted
2019-10-24,2.744,2.811,2.714,2.737,12051.000,,adjusted
2019-10-25,2.755,2.755,2.651,2.740,10654.000,,adjusted
2019-10-28,2.722,2.755,2.655,2.751,30958.000,,adjusted
2019-10-29,2.714,2.737,2.663,2.670,15893.000,,adjusted
2019-10-30,2.663,2.733,2.566,2.688,18711.000,,adjusted
2019-10-31,2.688,2.818,2.637,2.707,19326.000,,adjusted
2019-11-01,2.600,2.792,2.600,2.722,23544.000,,adjusted
2019-11-04,2.725,2.807,2.703,2.800,20606.000,,adjusted
2019-11-05,2.800,2.900,2.740,2.822,25308.000,,adjusted
2019-11-06,2.803,2.825,2.725,2.759,16240.000,,adjusted
2019-11-07,2.781,3.000,2.740,2.992,44821.000,,adjusted
2019-11-08,3.007,3.066,2.918,2.925,33400.000,,adjusted
2019-11-11,2.929,2.929,2.733,2.733,15700.000,,adjusted
2019-11-12,2.740,2.740,2.633,2.677,15735.000,,adjusted
2019-11-13,2.703,2.714,2.640,2.674,8289.000,,adjusted
2019-11-14,2.681,2.725,2.644,2.696,8800.000,,adjusted
2019-11-15,2.700,2.837,2.692,2.770,15217.000,,adjusted
2019-11-18,2.755,2.796,2.681,2.737,8239.000,,adjusted
2019-11-19,2.740,2.925,2.725,2.918,22635.000,,adjusted
2019-11-20,2.881,2.959,2.840,2.851,19685.000,,adjusted
2019-11-21,2.837,2.870,2.751,2.796,12070.000,,adjusted
2019-11-22,2.763,2.881,2.707,2.781,16461.000,,adjusted
2019-11-25,2.777,2.792,2.651,2.659,14840.000,,adjusted
2019-11-26,2.663,2.714,2.633,2.677,7601.000,,adjusted
2019-11-27,2.700,2.700,2.585,2.603,9385.000,,adjusted
2019-11-28,2.644,2.644,2.518,2.559,9204.000,,adjusted
2019-11-29,2.574,2.574,2.511,2.537,5059.000,,adjusted
2019-12-02,2.544,2.581,2.533,2.548,5204.000,,adjusted
2019-12-03,2.581,2.581,2.503,2.577,5442.000,,adjusted
2019-12-04,2.563,2.614,2.537,2.581,6371.000,,adjusted
2019-12-05,2.566,2.633,2.566,2.622,8895.000,,adjusted
2019-12-06,2.622,2.640,2.570,2.614,7786.000,,adjusted
2019-12-09,2.614,2.622,2.570,2.596,8569.000,,adjusted
2019-12-10,2.581,2.614,2.548,2.614,9855.000,,adjusted
2019-12-11,2.596,2.603,2.540,2.544,12402.000,,adjusted
2019-12-12,2.522,2.551,2.514,2.533,8515.000,,adjusted
2019-12-13,2.551,2.777,2.551,2.777,39583.000,,adjusted
2019-12-16,2.796,2.833,2.692,2.803,22229.000,,adjusted
2019-12-17,2.748,2.951,2.748,2.911,28854.000,,adjusted
2019-12-18,2.911,2.951,2.863,2.863,18204.000,,adjusted
2019-12-19,2.866,3.000,2.837,2.981,19673.000,,adjusted
2019-12-20,2.963,3.000,2.892,2.903,8522.000,,adjusted
2019-12-23,2.892,2.974,2.763,2.770,11072.000,,adjusted
2019-12-24,2.777,2.829,2.748,2.811,9123.000,,adjusted
2019-12-25,2.811,2.829,2.763,2.788,8626.000,,adjusted
2019-12-26,2.803,2.848,2.785,2.840,8450.000,,adjusted
2019-12-27,2.907,3.044,2.859,2.907,24324.000,,adjusted
2019-12-30,2.911,3.114,2.892,3.107,32425.000,,adjusted
2019-12-31,3.129,3.129,3.011,3.037,22715.000,,adjusted
2020-01-02,3.111,3.333,3.003,3.288,39510.000,,adjusted
2020-01-03,3.311,3.548,3.266,3.507,42606.000,,adjusted
2020-01-06,3.485,4.170,3.422,4.014,92399.000,,adjusted
2020-01-07,4.188,4.725,4.188,4.725,68144.000,,adjusted
2020-01-08,4.718,5.033,4.374,4.625,96010.000,,adjusted
2020-01-09,4.737,4.855,4.485,4.748,45238.000,,adjusted
2020-01-10,4.759,4.877,4.655,4.829,34300.000,,adjusted
2020-01-13,4.766,4.922,4.659,4.911,32523.000,,adjusted
2020-01-14,4.977,5.448,4.900,5.229,50514.000,,adjusted
2020-01-15,5.233,5.333,5.003,5.211,27428.000,,adjusted
2020-01-16,5.192,5.537,5.000,5.096,57618.000,,adjusted
2020-01-17,5.222,5.533,5.051,5.433,53216.000,,adjusted
2020-01-20,6.022,6.155,5.411,6.151,66669.000,,adjusted
2020-01-21,6.548,6.963,5.818,6.040,88211.000,,adjusted
2020-01-22,6.000,6.318,5.774,6.085,64666.000,,adjusted
2020-01-23,6.114,6.581,5.533,5.637,43843.000,,adjusted
2020-02-03,6.329,6.511,5.500,6.511,161621.000,,adjusted
2020-02-04,6.522,6.992,5.577,6.418,115854.000,,adjusted
2020-02-05,6.337,6.755,6.151,6.640,94712.000,,adjusted
2020-02-06,6.522,7.577,6.522,7.114,110055.000,,adjusted
2020-02-07,7.374,7.744,6.711,7.037,79631.000,,adjusted
2020-02-10,6.929,7.170,6.300,7.133,81170.000,,adjusted
2020-02-11,6.666,8.159,6.666,8.159,130901.000,,adjusted
2020-02-12,8.825,9.285,8.159,9.285,134079.000,,adjusted
2020-02-13,8.855,10.137,8.411,9.922,98498.000,,adjusted
2020-02-14,9.763,10.033,9.248,9.248,72871.000,,adjusted
2020-02-17,8.929,9.559,8.914,8.981,73817.000,,adjusted
2020-02-18,8.837,9.188,8.451,8.996,48541.000,,adjusted
2020-02-19,8.929,9.977,8.707,9.581,72637.000,,adjusted
2020-02-20,9.485,10.137,9.114,9.281,42567.000,,adjusted
2020-02-21,9.211,10.129,9.063,9.825,56383.000,,adjusted
2020-02-24,10.325,11.118,10.322,11.118,46574.000,,adjusted
2020-02-25,11.396,12.322,10.892,11.485,90957.000,,adjusted
2020-02-26,11.022,12.151,10.737,10.966,67193.000,,adjusted
2020-02-27,11.114,12.374,10.700,12.374,70912.000,,adjusted
2020-02-28,12.940,13.922,12.448,13.922,101948.000,,adjusted
2020-03-02,14.588,14.855,12.544,13.455,118785.000,,adjusted
2020-03-03,12.507,14.055,12.507,13.574,101176.000,,adjusted
2020-03-04,13.929,14.992,13.685,13.944,84495.000,,adjusted
2020-03-05,13.925,14.300,12.996,13.218,75365.000,,adjusted
2020-03-06,12.859,14.403,12.859,14.225,85436.000,,adjusted
2020-03-09,15.777,15.959,14.266,15.959,82589.000,,adjusted
2020-03-10,15.777,16.477,14.051,14.959,139338.000,,adjusted
2020-03-11,14.459,16.766,14.348,16.666,139842.000,,adjusted
2020-03-12,16.848,17.622,15.596,16.025,126582.000,,adjusted
2020-03-13,14.263,15.796,14.111,14.111,115439.000,,adjusted
2020-03-16,14.418,15.722,13.733,13.766,124799.000,,adjusted
2020-03-17,13.777,14.300,12.188,13.885,105419.000,,adjusted
2020-03-18,13.918,14.225,12.818,12.818,71944.000,,adjusted
2020-03-19,12.537,13.003,11.740,12.077,84277.000,,adjusted
2020-03-20,12.511,13.207,12.263,13.188,64950.000,,adjusted
2020-03-23,13.292,13.955,12.448,12.448,69367.000,,adjusted
2020-03-24,12.448,12.925,11.448,12.251,61652.000,,adjusted
2020-03-25,12.707,13.448,12.563,13.311,65478.000,,adjusted
2020-03-26,13.503,14.459,13.240,13.866,93986.000,,adjusted
2020-03-27,13.777,14.174,13.381,13.885,60296.000,,adjusted
2020-03-30,14.300,14.837,13.774,14.170,58646.000,,adjusted
2020-03-31,13.877,14.596,13.611,14.177,40993.000,,adjusted
2020-04-01,14.003,14.333,13.466,13.781,38634.000,,adjusted
2020-04-02,13.818,13.966,13.355,13.800,34629.000,,adjusted
2020-04-03,13.692,14.496,13.692,14.114,44271.000,,adjusted
2020-04-07,14.296,14.796,13.859,14.666,59048.000,,adjusted
2020-04-08,14.485,14.592,13.522,13.603,53819.000,,adjusted
2020-04-09,13.607,15.274,13.466,15.274,70234.000,,adjusted
2020-04-10,16.151,16.985,15.374,15.785,97396.000,,adjusted
2020-04-13,16.222,17.070,15.803,16.518,61841.000,,adjusted
2020-04-14,16.225,16.225,15.514,15.992,51585.000,,adjusted
2020-04-15,15.803,16.140,15.633,15.933,33910.000,,adjusted
2020-04-16,16.118,17.837,16.118,17.837,38918.000,,adjusted
2020-04-17,18.800,19.788,17.292,18.044,105129.000,,adjusted
2020-04-20,17.840,18.911,17.448,18.263,65343.000,,adjusted
2020-04-21,18.000,18.925,17.581,17.855,44600.000,,adjusted
2020-04-22,17.585,18.463,17.266,18.463,37784.000,,adjusted
2020-04-23,18.455,18.740,17.522,17.937,46344.000,,adjusted
2020-04-24,17.937,17.937,17.077,17.225,28295.000,,adjusted
2020-04-27,17.525,18.374,17.225,17.722,37018.000,,adjusted
2020-04-28,17.711,18.107,16.929,17.285,34560.000,,adjusted
2020-04-29,17.470,18.877,17.270,18.318,60434.000,,adjusted
2020-04-30,18.114,18.444,17.077,17.751,49638.000,,adjusted
2020-05-06,17.337,17.337,16.559,16.892,56426.000,,adjusted
2020-05-07,16.892,17.633,16.685,16.911,33312.000,,adjusted
2020-05-08,17.003,17.059,16.655,16.692,27655.000,,adjusted
2020-05-11,16.792,16.866,16.151,16.681,30175.000,,adjusted
2020-05-12,16.566,17.059,16.374,16.759,30703.000,,adjusted
2020-05-13,17.266,18.744,17.266,18.744,56042.000,,adjusted
2020-05-14,19.114,19.114,17.588,17.674,51816.000,,adjusted
2020-05-15,17.670,19.751,17.303,19.485,57283.000,,adjusted
2020-05-18,19.514,20.922,18.885,20.011,65356.000,,adjusted
2020-05-19,19.966,21.818,19.966,21.270,54109.000,,adjusted
2020-05-20,20.970,21.477,20.785,20.900,34575.000,,adjusted
2020-05-21,21.751,23.188,21.337,22.677,52425.000,,adjusted
2020-05-22,22.559,24.596,22.559,23.633,56831.000,,adjusted
2020-05-25,22.463,24.374,21.707,22.633,67350.000,,adjusted
2020-05-26,23.563,25.207,23.374,25.207,50908.000,,adjusted
2020-05-27,27.188,28.040,26.318,27.714,93828.000,,adjusted
2020-05-28,27.263,27.263,25.285,26.388,56097.000,,adjusted
2020-05-29,26.296,29.337,26.296,29.337,58970.000,,adjusted
2020-06-01,29.855,30.411,28.414,30.000,59206.000,,adjusted
2020-06-02,29.666,29.744,28.396,29.192,48155.000,,adjusted
2020-06-03,29.655,30.733,28.692,29.437,39125.000,,adjusted
2020-06-04,30.122,30.225,27.263,27.811,54491.000,,adjusted
2020-06-05,27.688,28.614,26.500,27.166,52844.000,"{'nd': '2019', 'fh_sh': '1.5', 'djr': '2020-06-04', 'cqr': '2020-06-05', 'FHcontent': '10派1.5元'}",adjusted
2020-06-08,27.837,28.055,26.837,27.222,46911.000,,adjusted
2020-06-09,27.318,27.651,26.081,26.540,42521.000,,adjusted
2020-06-10,26.874,28.614,26.133,27.062,63363.000,,adjusted
2020-06-11,27.259,27.570,26.340,27.540,39436.000,,adjusted
2020-06-12,28.059,30.600,27.948,30.600,68345.000,,adjusted
2020-06-15,32.111,33.966,31.766,33.966,78379.000,,adjusted
2020-06-16,34.003,37.670,33.966,37.670,73278.000,,adjusted
2020-06-17,38.803,41.577,38.059,39.911,111715.000,,adjusted
2020-06-18,39.948,40.614,35.614,35.688,98088.000,,adjusted
2020-06-19,36.170,39.337,35.614,38.429,75818.000,,adjusted
2020-06-22,39.566,41.333,37.870,39.218,70431.000,,adjusted
2020-06-23,39.540,40.522,38.562,40.040,50648.000,,adjusted
2020-06-24,40.040,40.651,39.374,40.429,36364.000,,adjusted
2020-06-29,41.766,44.722,41.766,44.281,58715.000,,adjusted
2020-06-30,44.170,44.351,41.755,44.281,55020.000,,adjusted
2020-07-01,43.396,43.433,41.800,42.337,43341.000,,adjusted
2020-07-02,42.877,43.985,42.340,42.874,33986.000,,adjusted
2020-07-03,42.518,47.166,42.503,46.577,56334.000,,adjusted
2020-07-06,47.014,47.151,44.229,45.166,65449.000,,adjusted
2020-07-07,45.166,47.133,44.229,45.911,60292.000,,adjusted
2020-07-08,48.570,50.074,45.285,46.937,69343.000,,adjusted
2020-07-09,45.533,48.474,45.207,46.214,66655.000,,adjusted
2020-07-10,46.985,49.044,46.285,48.251,83034.000,,adjusted
2020-07-13,53.381,53.381,53.381,53.381,6637.000,,adjusted
2020-07-14,59.025,59.025,59.025,59.025,7605.000,,adjusted
2020-07-15,65.233,65.233,59.707,61.966,182591.000,,adjusted
2020-07-16,60.285,62.911,55.466,55.466,82542.000,,adjusted
2020-07-17,53.429,59.911,51.588,56.918,100734.000,,adjusted
2020-07-20,57.318,57.688,52.655,56.022,68905.000,,adjusted
2020-07-21,55.837,59.874,54.192,58.385,68545.000,,adjusted
2020-07-22,58.799,61.162,57.714,58.785,68736.000,,adjusted
2020-07-23,56.948,58.355,55.466,58.337,66844.000,,adjusted
2020-07-24,57.318,58.244,52.200,52.200,67826.000,,adjusted
2020-07-27,51.688,54.351,51.577,52.988,47995.000,,adjusted
2020-07-28,53.403,58.592,53.244,58.592,82770.000,,adjusted
2020-07-29,59.359,62.496,58.651,60.644,90509.000,,adjusted
2020-07-30,60.281,61.948,58.855,59.651,71540.000,,adjusted
2020-07-31,59.174,61.948,58.477,60.540,64553.000,,adjusted
2020-08-03,61.022,62.318,58.807,61.862,83098.000,,adjusted
2020-08-04,61.729,62.981,57.896,58.762,84814.000,,adjusted
2020-08-05,57.318,61.251,57.318,59.911,64705.000,,adjusted
2020-08-06,59.362,60.651,57.022,58.496,49892.000,,adjusted
2020-08-07,58.496,60.196,56.948,58.799,44009.000,,adjusted
2020-08-10,58.799,59.162,55.792,57.985,38055.000,,adjusted
2020-08-11,58.792,61.392,57.844,58.429,41627.000,,adjusted
2020-08-12,56.651,59.170,52.503,55.129,59200.000,,adjusted
2020-08-13,55.885,56.392,54.559,55.662,30066.000,,adjusted
2020-08-14,55.466,56.840,53.603,54.803,31006.000,,adjusted
2020-08-17,55.648,55.648,54.170,55.644,32323.000,,adjusted
2020-08-18,55.837,56.166,51.348,52.492,68094.000,,adjusted
2020-08-19,52.503,54.151,51.429,51.466,44194.000,,adjusted
2020-08-20,51.029,53.111,51.029,52.311,27559.000,,adjusted
2020-08-21,52.555,53.948,51.770,52.688,25771.000,,adjusted
2020-08-24,53.407,56.899,52.448,54.870,47190.000,,adjusted
2020-08-25,56.211,57.281,55.151,55.814,37070.000,,adjusted
2020-08-26,56.762,58.218,52.503,53.159,59222.000,,adjusted
2020-08-27,52.496,55.159,51.762,54.651,45485.000,,adjusted
2020-08-28,53.244,53.244,48.800,51.429,96389.000,,adjusted
2020-08-31,51.729,54.725,51.433,53.059,64400.000,,adjusted
2020-09-01,53.248,54.188,51.303,51.762,44377.000,,adjusted
2020-09-02,51.874,52.040,47.440,48.429,82813.000,,adjusted
2020-09-03,48.800,49.051,47.318,47.562,43212.000,,adjusted
2020-09-04,47.096,48.007,46.588,47.255,41500.000,,adjusted
2020-09-07,47.770,48.244,44.244,44.651,58809.000,,adjusted
2020-09-08,45.085,45.318,43.614,44.511,39199.000,,adjusted
2020-09-09,44.151,45.274,42.255,43.003,65397.000,,adjusted
2020-09-10,43.988,50.466,43.977,46.429,103435.000,,adjusted
2020-09-11,45.470,47.688,44.596,46.107,61860.000,,adjusted
2020-09-14,46.585,46.618,43.433,44.240,60775.000,,adjusted
2020-09-15,43.651,46.114,43.651,45.940,41955.000,,adjusted
2020-09-16,46.207,46.862,44.800,45.570,31919.000,,adjusted
2020-09-17,45.470,46.525,44.744,45.466,26789.000,,adjusted
2020-09-18,45.837,47.681,44.355,47.651,61923.000,,adjusted
2020-09-21,47.651,47.651,44.837,45.503,56047.000,,adjusted
2020-09-22,46.948,52.874,46.948,50.400,115538.000,,adjusted
2020-09-23,49.944,52.800,48.429,51.651,92303.000,,adjusted
2020-09-24,51.044,52.462,49.837,50.103,52359.000,,adjusted
2020-09-25,51.207,53.429,50.837,52.114,65548.000,,adjusted
2020-09-28,53.392,54.492,51.696,52.129,46733.000,,adjusted
2020-09-29,52.503,53.244,49.877,50.651,46594.000,,adjusted
2020-09-30,51.274,53.314,50.614,52.800,49554.000,,adjusted
2020-10-09,54.911,56.577,52.948,54.296,81477.000,,adjusted
2020-10-12,54.744,58.050,53.522,58.050,96218.000,"{'nd': '2020', 'fh_sh': '5', 'djr': '2020-10-09', 'cqr': '2020-10-12', 'FHcontent': '10派5元转5股'}",adjusted
2020-10-13,58.244,60.494,57.161,59.355,100742.000,,adjusted
2020-10-14,58.800,63.122,58.244,62.161,116683.000,,adjusted
2020-10-15,61.022,61.105,58.311,59.072,88606.000,,adjusted
2020-10-16,59.133,61.505,58.800,61.122,73696.000,,adjusted
2020-10-19,63.244,63.244,59.922,61.083,77796.000,,adjusted
2020-10-20,59.983,60.944,58.005,60.355,70571.000,,adjusted
2020-10-21,60.466,60.466,54.133,54.577,141619.000,,adjusted
2020-10-22,54.355,54.894,51.511,53.988,81529.000,,adjusted
2020-10-23,54.400,55.511,52.300,53.788,60364.000,,adjusted
2020-10-26,53.800,56.572,53.800,56.272,62330.000,,adjusted
2020-10-27,56.411,58.911,56.411,58.244,76391.000,,adjusted
2020-10-28,59.244,60.400,53.427,56.538,122458.000,,adjusted
2020-10-29,57.750,63.977,57.750,62.689,164518.000,,adjusted
2020-10-30,62.689,62.689,60.533,61.694,94290.000,,adjusted
2020-11-02,62.622,64.166,61.233,62.283,90866.000,,adjusted
2020-11-03,62.666,62.666,59.166,61.000,75944.000,,adjusted
2020-11-04,60.477,60.844,58.566,59.200,73972.000,,adjusted
2020-11-05,59.494,61.389,58.927,59.938,77266.000,,adjusted
2020-11-06,60.916,65.472,57.022,64.077,155727.000,,adjusted
2020-11-09,64.194,77.466,64.194,77.466,215878.000,,adjusted
2020-11-10,69.355,71.016,63.244,65.744,276492.000,,adjusted
2020-11-11,64.327,64.911,59.911,60.689,169300.000,,adjusted
2020-11-12,61.700,63.250,59.355,61.800,105144.000,,adjusted
2020-11-13,61.633,63.172,59.972,60.744,77612.000,,adjusted
2020-11-16,60.466,61.161,58.750,60.750,71161.000,,adjusted
2020-11-17,59.361,59.644,55.355,55.894,131857.000,,adjusted
2020-11-18,56.155,58.522,56.016,57.377,67586.000,,adjusted
2020-11-19,57.688,62.300,57.533,61.111,109623.000,,adjusted
2020-11-20,60.483,64.166,60.483,62.483,91673.000,,adjusted
2020-11-23,64.750,66.577,63.055,64.161,91700.000,,adjusted
2020-11-24,67.927,70.872,67.744,68.800,132154.000,,adjusted
2020-11-25,69.472,72.627,69.472,69.755,127605.000,,adjusted
2020-11-26,70.744,71.022,65.939,68.411,98194.000,,adjusted
2020-11-27,69.294,70.716,68.405,68.633,60768.000,,adjusted
2020-11-30,68.111,69.800,66.855,69.800,81946.000,,adjusted
2020-12-01,68.805,69.800,67.150,68.077,62491.000,,adjusted
2020-12-02,69.911,71.500,68.077,69.327,69190.000,,adjusted
2020-12-03,68.800,70.272,67.772,68.900,56734.000,,adjusted
2020-12-04,69.516,70.244,68.900,69.455,50667.000,,adjusted
2020-12-07,69.500,76.133,69.244,74.316,112069.000,,adjusted
2020-12-08,74.361,77.355,74.361,75.466,71756.000,,adjusted
2020-12-09,75.194,76.027,72.994,73.544,57473.000,,adjusted
2020-12-10,74.050,76.577,73.355,76.122,72281.000,,adjusted
2020-12-11,76.022,80.955,75.750,79.633,124147.000,,adjusted
2020-12-14,79.577,85.966,78.355,85.466,127879.000,,adjusted
2020-12-15,84.911,89.855,80.500,83.377,162342.000,,adjusted
2020-12-16,84.889,85.189,81.355,82.800,88093.000,,adjusted
2020-12-17,82.805,85.800,82.805,84.305,75686.000,,adjusted
2020-12-18,84.855,85.939,81.633,83.739,69164.000,,adjusted
2020-12-21,84.355,89.633,84.355,89.633,103584.000,,adjusted
2020-12-22,91.633,92.411,87.966,91.139,101129.000,,adjusted
2020-12-23,89.744,90.433,85.639,88.611,87988.000,,adjusted
2020-12-24,87.966,89.266,86.022,87.711,58590.000,,adjusted
2020-12-25,87.144,88.133,83.194,84.111,91763.000,,adjusted
2020-12-28,85.194,89.744,85.194,88.805,96374.000,,adjusted
2020-12-29,88.661,90.322,86.577,88.244,67803.000,,adjusted
2020-12-30,88.361,89.133,86.511,88.683,67338.000,,adjusted
2020-12-31,89.133,90.911,87.689,90.550,73980.000,,adjusted
2021-01-04,90.911,94.766,86.577,87.277,130575.000,,adjusted
2021-01-05,87.061,90.439,86.300,90.189,100923.000,,adjusted
2021-01-06,90.750,101.900,90.750,101.577,167872.000,,adjusted
2021-01-07,100.339,101.744,98.800,99.911,100077.000,,adjusted
2021-01-08,101.766,106.577,100.350,105.677,102274.000,,adjusted
2021-01-11,106.027,123.733,103.883,123.022,160989.000,,adjusted
2021-01-12,119.633,127.411,112.716,124.889,134413.000,,adjusted
2021-01-13,123.389,140.300,123.389,132.683,137794.000,,adjusted
2021-01-14,134.361,141.016,125.944,133.477,134596.000,,adjusted
2021-01-15,131.416,133.383,121.205,124.966,126419.000,,adjusted
2021-01-18,124.416,140.189,124.416,138.522,116549.000,,adjusted
2021-01-19,138.800,142.689,128.655,129.761,119380.000,,adjusted
2021-01-20,130.466,136.577,125.989,132.544,96044.000,,adjusted
2021-01-21,135.005,142.866,133.816,138.439,106198.000,,adjusted
2021-01-22,138.444,158.244,135.466,155.111,172179.000,,adjusted
2021-01-25,149.800,163.794,145.316,158.133,183807.000,,adjusted
2021-01-26,154.677,160.466,149.866,150.755,122101.000,,adjusted
2021-01-27,148.261,151.577,139.727,148.272,117443.000,,adjusted
2021-01-28,144.911,146.022,131.744,131.911,147008.000,,adjusted
2021-01-29,136.144,138.244,115.527,127.233,183449.000,,adjusted
2021-02-01,128.244,133.244,126.161,128.822,94407.000,,adjusted
2021-02-02,130.466,130.466,120.827,124.355,121857.000,,adjusted
2021-02-03,126.022,131.666,123.300,129.339,124329.000,,adjusted
2021-02-04,124.955,129.239,120.772,122.077,102897.000,,adjusted
2021-02-05,124.361,126.633,112.133,116.189,140151.000,,adjusted
2021-02-08,119.472,121.300,113.250,118.605,88288.000,,adjusted
2021-02-09,118.911,128.966,116.872,126.361,119938.000,,adjusted
2021-02-10,127.133,129.889,120.583,127.839,96915.000,,adjusted
2021-02-18,123.805,124.100,103.911,110.383,193809.000,,adjusted
2021-02-19,108.800,114.444,106.861,113.939,107164.000,,adjusted
2021-02-22,111.022,113.139,106.855,108.755,89249.000,,adjusted
2021-02-23,108.755,112.605,108.755,110.194,71372.000,,adjusted
2021-02-24,108.244,110.227,105.466,107.705,66685.000,,adjusted
2021-02-25,108.800,113.800,104.966,110.661,79571.000,,adjusted
2021-02-26,108.244,119.061,107.411,115.416,100361.000,,adjusted
2021-03-01,114.911,120.911,110.400,120.250,93648.000,,adjusted
2021-03-02,120.177,132.627,118.011,126.300,125790.000,,adjusted
2021-03-03,124.911,130.455,123.244,126.155,74752.000,,adjusted
2021-03-04,124.911,125.861,117.011,117.200,91209.000,,adjusted
2021-03-05,111.022,120.633,111.022,117.689,78010.000,,adjusted
2021-03-08,120.166,123.000,113.866,114.783,75980.000,,adjusted
2021-03-09,115.466,119.600,111.694,115.077,68392.000,,adjusted
2021-03-10,117.327,122.616,115.466,121.861,83598.000,,adjusted
2021-03-11,121.855,128.244,118.255,121.327,98817.000,,adjusted
2021-03-12,120.216,123.522,116.689,119.477,59529.000,,adjusted
2021-03-15,118.522,118.522,106.577,107.133,97392.000,,adjusted
2021-03-16,97.316,103.966,95.894,97.689,152542.000,,adjusted
2021-03-17,97.133,101.716,96.094,99.844,90533.000,,adjusted
2021-03-18,101.022,101.855,97.144,99.350,74937.000,,adjusted
2021-03-19,99.800,100.350,97.289,97.733,50346.000,,adjusted
2021-03-22,98.305,98.733,94.916,96.627,67846.000,,adjusted
2021-03-23,96.627,96.627,88.900,89.300,130905.000,,adjusted
2021-03-24,90.405,91.577,83.566,85.022,99260.000,,adjusted
2021-03-25,84.416,84.911,80.411,80.689,91622.000,,adjusted
2021-03-26,82.700,85.483,79.983,83.800,99694.000,,adjusted
2021-03-29,84.250,87.122,82.416,84.366,68884.000,,adjusted
2021-03-30,83.727,86.344,83.727,85.133,59356.000,,adjusted
2021-03-31,86.616,89.339,85.750,86.905,78936.000,,adjusted
2021-04-01,87.394,93.177,86.411,92.411,90615.000,,adjusted
2021-04-02,92.744,94.850,88.277,91.550,78338.000,,adjusted
2021-04-06,90.755,93.055,89.783,92.072,46853.000,,adjusted
2021-04-07,93.683,94.350,89.911,91.077,67214.000,,adjusted
2021-04-08,90.744,94.289,89.555,93.683,64545.000,,adjusted
2021-04-09,93.177,99.716,92.689,95.155,93515.000,,adjusted
2021-04-12,93.800,93.800,80.300,80.400,143121.000,,adjusted
2021-04-13,80.694,82.022,77.811,79.772,68921.000,,adjusted
2021-04-14,79.233,80.339,75.327,78.211,115739.000,,adjusted
2021-04-15,82.689,83.750,78.355,80.494,139827.000,,adjusted
2021-04-16,80.355,80.411,75.744,79.822,96830.000,,adjusted
2021-04-19,81.022,84.061,79.922,82.222,95911.000,,adjusted
2021-04-20,82.133,85.661,80.466,83.744,93591.000,"{'nd': '2020', 'fh_sh': '30', 'djr': '2021-04-19', 'cqr': '2021-04-20', 'FHcontent': '10派30元'}",adjusted
2021-04-21,84.289,88.800,84.289,87.489,109026.000,,adjusted
2021-04-22,88.633,88.633,83.244,86.244,99740.000,,adjusted
2021-04-23,87.689,98.866,86.300,95.244,185251.000,,adjusted
2021-04-26,99.355,101.577,95.394,95.716,169717.000,,adjusted
2021-04-27,94.366,95.466,89.633,91.577,132596.000,,adjusted
2021-04-28,89.916,90.689,87.066,88.066,114621.000,,adjusted
2021-04-29,87.694,90.911,86.022,90.216,118945.000,,adjusted
2021-04-30,89.077,94.111,88.861,93.550,129389.000,,adjusted
2021-05-06,92.455,92.455,86.861,87.105,120242.000,,adjusted
2021-05-07,86.583,88.055,79.889,80.466,123365.000,,adjusted
2021-05-10,80.466,82.683,78.322,78.855,89205.000,,adjusted
2021-05-11,77.800,78.694,76.022,76.916,81216.000,,adjusted
2021-05-12,75.811,80.011,74.922,79.294,90805.000,,adjusted
2021-05-13,79.355,80.900,77.900,79.472,71691.000,,adjusted
2021-05-14,79.355,80.594,78.077,79.439,77044.000,,adjusted
2021-05-17,79.911,83.800,79.911,81.411,93779.000,,adjusted
2021-05-18,80.466,80.466,75.966,76.855,128921.000,,adjusted
2021-05-19,76.033,77.244,75.361,76.439,61176.000,,adjusted
2021-05-20,76.439,79.844,75.577,78.700,114282.000,,adjusted
2021-05-21,78.800,79.105,76.416,76.966,67799.000,,adjusted
2021-05-24,76.794,76.794,71.550,74.600,119514.000,,adjusted
2021-05-25,74.339,75.711,73.611,75.250,75034.000,,adjusted
2021-05-26,75.216,79.044,73.355,77.216,117395.000,,adjusted
2021-05-27,77.589,78.955,77.239,78.533,99948.000,,adjusted
2021-05-28,78.805,79.022,75.605,76.205,84159.000,,adjusted
2021-05-31,78.811,80.394,77.466,77.716,121534.000,,adjusted
2021-06-01,77.700,78.483,76.511,78.050,76531.000,,adjusted
2021-06-02,64.422,67.133,62.200,62.200,344760.000,,adjusted
2021-06-03,59.350,60.416,57.633,57.888,271823.000,,adjusted
2021-06-04,58.244,59.077,57.694,57.933,150720.000,,adjusted
2021-06-07,58.077,58.800,56.205,57.577,141696.000,,adjusted
2021-06-08,57.161,57.300,54.722,54.783,217392.000,,adjusted
2021-06-09,54.911,55.705,54.338,55.000,121175.000,,adjusted
2021-06-10,55.394,55.511,53.955,54.411,142749.000,,adjusted
2021-06-11,54.472,55.655,53.811,54.688,151676.000,,adjusted
2021-06-15,54.800,55.966,53.638,53.800,112249.000,,adjusted
2021-06-16,53.622,54.311,52.688,52.911,100719.000,,adjusted
2021-06-17,52.916,53.988,52.522,53.294,87313.000,,adjusted
2021-06-18,53.277,53.911,52.827,53.761,85149.000,,adjusted
2021-06-21,53.883,58.766,53.877,56.983,214851.000,,adjusted
2021-06-22,56.844,56.844,54.816,55.688,131543.000,,adjusted
2021-06-23,55.244,55.938,54.166,54.616,109860.000,,adjusted
2021-06-24,54.911,56.850,54.000,55.527,141653.000,,adjusted
2021-06-25,55.466,58.394,55.355,57.133,174663.000,,adjusted
2021-06-28,57.961,63.689,57.961,63.133,324189.000,,adjusted
2021-06-29,63.022,69.289,61.577,68.800,355425.000,,adjusted
2021-06-30,68.244,69.316,65.466,68.133,199324.000,,adjusted
2021-07-01,68.522,71.577,66.577,66.577,256876.000,,adjusted
2021-07-02,65.327,67.616,63.689,64.933,175104.000,,adjusted
2021-07-05,64.372,66.300,62.789,63.216,149276.000,,adjusted
2021-07-06,64.355,64.783,61.166,61.883,126266.000,,adjusted
2021-07-07,61.577,63.877,61.361,63.327,116591.000,,adjusted
2021-07-08,63.800,64.050,61.577,61.711,105653.000,,adjusted
2021-07-09,61.983,67.050,61.983,65.183,193013.000,,adjusted
2021-07-12,65.400,65.611,62.822,63.383,154719.000,,adjusted
2021-07-13,62.689,63.472,60.350,63.472,135277.000,,adjusted
2021-07-14,62.833,65.522,62.416,63.244,137568.000,,adjusted
2021-07-15,64.116,67.700,62.277,66.783,211636.000,,adjusted
2021-07-16,66.855,68.811,65.189,65.622,152275.000,,adjusted
2021-07-19,65.355,66.466,64.600,65.300,84653.000,,adjusted
2021-07-20,67.133,68.683,65.300,65.327,119017.000,,adjusted
2021-07-21,64.855,64.855,62.472,62.638,164006.000,,adjusted
2021-07-22,62.138,63.800,61.216,62.077,103134.000,,adjusted
2021-07-23,61.855,62.794,57.022,57.633,173715.000,,adjusted
2021-07-26,57.200,57.994,53.844,54.850,142059.000,,adjusted
2021-07-27,54.922,56.655,54.166,54.933,131672.000,,adjusted
2021-07-28,54.905,59.616,53.611,58.327,181820.000,,adjusted
2021-07-29,58.411,59.566,57.133,58.966,136767.000,,adjusted
2021-07-30,58.033,64.855,58.022,63.794,227698.000,,adjusted
2021-08-02,66.316,68.177,63.261,63.383,209329.000,,adjusted
2021-08-03,63.900,67.411,63.800,66.883,232468.000,,adjusted
2021-08-04,66.516,66.516,64.105,65.305,163182.000,,adjusted
2021-08-05,65.305,66.355,61.955,62.305,163254.000,,adjusted
2021-08-06,61.744,61.955,58.805,59.361,141772.000,,adjusted
2021-08-09,58.761,61.466,58.244,60.127,99454.000,,adjusted
2021-08-10,60.188,60.766,58.955,59.777,79889.000,,adjusted
2021-08-11,59.661,61.233,58.600,59.522,95545.000,,adjusted
2021-08-12,58.888,60.127,58.472,58.750,75145.000,,adjusted
2021-08-13,59.288,60.633,58.800,59.894,87576.000,,adjusted
2021-08-16,60.400,60.411,58.822,58.944,70426.000,,adjusted
2021-08-17,58.966,61.927,58.800,60.355,149440.000,,adjusted
2021-08-18,60.466,61.022,57.483,58.105,105328.000,,adjusted
2021-08-19,58.450,58.788,56.855,57.127,75343.000,,adjusted
2021-08-20,56.605,56.605,55.188,55.727,75435.000,,adjusted
2021-08-23,55.622,57.672,55.022,57.216,72953.000,,adjusted
2021-08-24,57.138,58.638,56.500,57.661,76082.000,,adjusted
2021-08-25,57.572,58.177,56.861,57.166,66868.000,,adjusted
2021-08-26,57.133,57.255,55.188,55.716,92970.000,,adjusted
2021-08-27,55.133,57.855,55.011,57.250,95429.000,,adjusted
2021-08-30,58.183,59.033,55.244,55.283,127013.000,,adjusted
2021-08-31,54.427,56.188,54.083,55.561,67239.000,,adjusted
2021-09-01,55.133,56.294,54.605,55.950,66584.000,,adjusted
2021-09-02,55.466,55.800,54.355,54.422,80599.000,,adjusted
2021-09-03,54.177,54.622,53.716,54.344,61763.000,,adjusted
2021-09-06,54.188,55.283,53.688,54.916,70325.000,,adjusted
2021-09-07,54.911,54.911,54.044,54.572,66108.000,,adjusted
2021-09-08,54.355,54.911,53.577,53.738,73281.000,,adjusted
2021-09-09,53.800,53.894,52.688,52.738,72236.000,,adjusted
2021-09-10,52.450,52.666,51.200,51.366,102997.000,,adjusted
2021-09-13,51.277,52.822,51.244,52.000,70220.000,,adjusted
2021-09-14,51.816,53.527,51.355,53.144,97951.000,,adjusted
2021-09-15,52.855,53.238,51.416,51.561,71233.000,,adjusted
2021-09-16,51.105,51.116,49.177,49.188,103436.000,,adjusted
2021-09-17,49.233,50.277,47.711,49.888,96109.000,,adjusted
2021-09-22,48.805,49.622,48.527,48.527,58698.000,,adjusted
2021-09-23,48.244,48.927,48.027,48.216,55784.000,,adjusted
2021-09-24,48.744,50.283,48.400,49.844,89711.000,,adjusted
2021-09-27,49.894,49.894,48.438,48.505,68820.000,,adjusted
2021-09-28,48.650,49.072,47.688,48.800,48285.000,,adjusted
2021-09-29,48.244,48.700,47.133,47.611,50487.000,,adjusted
2021-09-30,47.966,48.791,47.533,47.658,57783.000,"{'nd': '2021', 'fh_sh': '', 'djr': '2021-09-29', 'cqr': '2021-09-30', 'FHcontent': '10转5股'}",adjusted
2021-10-08,47.116,47.116,45.991,46.566,77042.000,,adjusted
2021-10-11,46.450,49.833,46.425,48.866,136864.000,,adjusted
2021-10-12,48.500,51.758,48.383,51.066,199897.000,,adjusted
2021-10-13,50.466,51.666,49.308,50.608,112446.000,,adjusted
2021-10-14,50.466,51.783,49.933,51.450,114279.000,,adjusted
2021-10-15,50.466,50.875,48.758,48.775,136764.000,,adjusted
2021-10-18,46.883,46.966,43.266,44.191,205064.000,,adjusted
2021-10-19,43.791,45.025,43.550,44.350,111989.000,,adjusted
2021-10-20,44.308,44.550,43.308,43.341,97286.000,,adjusted
2021-10-21,43.116,44.300,43.050,43.658,91031.000,,adjusted
2021-10-22,43.800,46.016,43.716,45.491,146312.000,,adjusted
2021-10-25,45.633,45.925,43.716,44.233,114917.000,,adjusted
2021-10-26,43.975,45.216,43.808,44.341,82077.000,,adjusted
2021-10-27,44.783,45.466,43.450,43.741,94177.000,,adjusted
2021-10-28,43.458,43.458,41.308,41.483,126548.000,,adjusted
2021-10-29,41.466,42.341,41.058,41.575,85085.000,,adjusted
2021-11-01,41.575,42.250,41.200,41.958,69900.000,,adjusted
2021-11-02,41.550,42.041,39.558,39.708,132558.000,,adjusted
2021-11-03,40.525,47.133,40.133,45.500,357389.000,,adjusted
2021-11-04,45.533,46.266,43.625,44.766,227525.000,,adjusted
2021-11-05,44.050,47.108,44.050,45.133,213594.000,,adjusted
2021-11-08,44.383,45.116,42.808,43.208,154491.000,,adjusted
2021-11-09,43.225,43.925,42.866,43.325,83549.000,,adjusted
2021-11-10,43.100,44.850,42.658,44.216,139969.000,,adjusted
2021-11-11,44.116,45.258,43.691,44.533,111303.000,,adjusted
2021-11-12,44.825,45.050,44.075,44.541,101383.000,,adjusted
2021-11-15,44.466,46.466,44.291,45.050,168077.000,,adjusted
2021-11-16,44.658,48.241,44.325,47.041,243062.000,,adjusted
2021-11-17,46.441,47.008,45.633,46.358,131340.000,,adjusted
2021-11-18,46.416,47.033,44.600,44.666,149671.000,,adjusted
2021-11-19,44.633,45.050,44.166,44.708,79798.000,,adjusted
2021-11-22,44.800,44.841,43.958,44.333,92893.000,,adjusted
2021-11-23,44.075,44.858,43.791,44.591,99260.000,,adjusted
2021-11-24,44.783,44.783,44.033,44.200,74652.000,,adjusted
2021-11-25,44.608,45.950,44.475,45.933,197810.000,,adjusted
2021-11-26,45.841,48.258,45.841,47.175,243770.000,,adjusted
2021-11-29,50.300,52.383,48.708,49.341,367157.000,,adjusted
2021-11-30,48.816,53.700,48.483,53.208,432234.000,,adjusted
2021-12-01,52.133,53.050,50.725,50.841,290425.000,,adjusted
2021-12-02,51.050,52.433,50.333,50.458,198841.000,,adjusted
2021-12-03,49.633,49.958,48.508,49.508,142925.000,,adjusted
2021-12-06,49.566,49.850,47.475,47.591,151753.000,,adjusted
2021-12-07,47.491,48.491,47.200,47.966,106010.000,,adjusted
2021-12-08,49.016,50.050,48.550,49.266,148340.000,,adjusted
2021-12-09,48.908,49.966,48.533,48.733,131452.000,,adjusted
2021-12-10,48.958,49.316,48.266,48.658,92361.000,,adjusted
2021-12-13,48.741,49.366,48.200,48.233,106047.000,,adjusted
2021-12-14,48.633,49.283,48.383,48.850,102346.000,,adjusted
2021-12-15,48.858,48.933,47.141,47.233,131188.000,,adjusted
2021-12-16,47.250,48.075,46.916,47.350,85664.000,,adjusted
2021-12-17,47.433,47.616,45.500,45.533,139906.000,,adjusted
2021-12-20,45.558,49.466,45.558,48.766,277566.000,,adjusted
2021-12-21,48.175,48.366,46.883,47.191,156327.000,,adjusted
2021-12-22,46.975,47.283,46.433,46.783,91359.000,,adjusted
2021-12-23,46.975,47.691,45.933,46.375,103176.000,,adjusted
2021-12-24,46.200,47.116,45.308,46.566,110637.000,,adjusted
2021-12-27,46.300,47.458,46.083,46.841,84636.000,,adjusted
2021-12-28,46.841,47.225,45.441,46.075,81986.000,,adjusted
2021-12-29,46.091,47.500,45.650,46.541,105679.000,,adjusted
2021-12-30,46.325,47.675,46.325,47.008,112953.000,,adjusted
2021-12-31,47.133,47.550,46.458,47.000,95776.000,,adjusted
2022-01-04,47.125,47.633,46.741,47.008,96219.000,,adjusted
2022-01-05,47.175,47.275,45.716,46.075,107836.000,,adjusted
2022-01-06,45.958,47.008,45.875,46.466,86318.000,,adjusted
2022-01-07,46.241,51.016,46.241,49.108,397743.000,,adjusted
2022-01-10,50.208,50.850,49.141,50.025,241081.000,,adjusted
2022-01-11,49.550,50.850,48.208,50.325,229488.000,,adjusted
2022-01-12,50.158,52.716,49.325,51.925,292351.000,,adjusted
2022-01-13,52.700,54.441,51.366,51.425,312203.000,,adjusted
2022-01-14,51.075,60.883,50.233,57.091,511578.000,,adjusted
2022-01-17,57.966,60.466,56.216,57.883,440513.000,,adjusted
2022-01-18,56.300,56.933,51.733,52.008,372313.000,,adjusted
2022-01-19,50.633,52.908,50.608,51.908,166826.000,,adjusted
2022-01-20,51.708,52.700,50.300,50.341,161051.000,,adjusted
2022-01-21,50.158,50.158,47.441,47.975,190247.000,,adjusted
2022-01-24,47.183,48.391,46.750,47.500,95860.000,,adjusted
2022-01-25,47.933,48.533,45.366,45.466,134686.000,,adjusted
2022-01-26,45.883,46.283,44.650,45.291,87730.000,,adjusted
2022-01-27,45.591,45.675,43.375,43.466,107116.000,,adjusted
2022-01-28,43.725,44.366,42.833,42.850,99666.000,,adjusted
2022-02-07,43.216,43.700,42.558,43.108,76123.000,,adjusted
2022-02-08,42.966,44.016,42.666,44.016,78095.000,,adjusted
2022-02-09,43.716,44.358,43.433,44.200,86136.000,,adjusted
2022-02-10,44.175,44.591,43.408,43.666,78643.000,,adjusted
2022-02-11,42.966,43.083,41.258,41.433,144202.000,,adjusted
2022-02-14,41.200,41.908,41.050,41.416,57181.000,,adjusted
2022-02-15,41.250,42.083,41.116,41.800,62508.000,,adjusted
2022-02-16,41.966,42.966,41.766,42.558,87952.000,,adjusted
2022-02-17,42.333,42.716,41.725,41.800,77737.000,,adjusted
2022-02-18,41.550,43.200,41.391,42.950,102110.000,,adjusted
2022-02-21,42.716,43.175,42.550,42.950,73065.000,,adjusted
2022-02-22,42.550,42.625,41.383,41.525,86920.000,,adjusted
2022-02-23,41.558,42.466,41.558,42.291,71828.000,,adjusted
2022-02-24,41.966,42.283,39.475,40.183,151790.000,,adjusted
2022-02-25,40.466,42.041,40.466,40.908,107447.000,,adjusted
2022-02-28,40.900,41.675,39.950,41.491,99183.000,,adjusted
2022-03-01,41.366,41.716,40.800,41.316,65832.000,,adjusted
2022-03-02,41.225,41.525,40.725,41.258,61197.000,,adjusted
2022-03-03,41.183,42.458,40.983,42.108,122922.000,,adjusted
2022-03-04,41.700,42.716,41.558,41.941,111375.000,,adjusted
2022-03-07,41.633,41.691,40.550,40.650,80692.000,,adjusted
2022-03-08,40.675,40.883,38.800,38.841,99519.000,,adjusted
2022-03-09,38.841,39.058,35.883,36.766,158492.000,,adjusted
2022-03-10,37.533,38.508,37.216,37.833,133015.000,,adjusted
2022-03-11,37.216,40.300,36.858,39.525,190136.000,,adjusted
2022-03-14,40.550,42.716,40.141,40.808,230877.000,,adjusted
2022-03-15,40.466,40.758,38.225,38.233,149160.000,,adjusted
2022-03-16,39.216,39.516,36.391,38.366,147580.000,,adjusted
2022-03-17,38.700,40.700,38.425,39.200,169652.000,,adjusted
2022-03-18,39.300,39.916,38.600,39.616,103648.000,,adjusted
2022-03-21,39.558,40.200,39.016,39.683,110221.000,,adjusted
2022-03-22,39.241,39.241,38.166,38.633,96365.000,,adjusted
2022-03-23,38.591,38.966,37.933,38.216,89975.000,,adjusted
2022-03-24,38.133,38.600,37.400,38.383,98128.000,,adjusted
2022-03-25,38.375,38.375,37.033,37.116,103214.000,,adjusted
2022-03-28,36.683,37.266,36.450,36.666,74995.000,,adjusted
2022-03-29,36.658,38.991,36.658,37.633,147232.000,,adjusted
2022-03-30,37.683,38.191,36.758,37.941,102823.000,,adjusted
2022-03-31,37.891,38.700,37.108,37.333,115454.000,,adjusted
2022-04-01,36.966,37.325,36.400,37.091,85206.000,,adjusted
2022-04-06,37.475,39.050,37.333,38.383,162212.000,,adjusted
2022-04-07,38.058,38.216,36.875,36.950,105726.000,,adjusted
2022-04-08,37.100,37.116,35.758,35.983,103691.000,,adjusted
2022-04-11,35.991,36.225,35.133,35.158,84621.000,,adjusted
2022-04-12,35.291,35.616,34.175,35.425,92162.000,,adjusted
2022-04-13,35.300,35.325,34.433,34.566,69824.000,,adjusted
2022-04-14,34.550,35.883,34.550,35.508,97764.000,,adjusted
2022-04-15,35.375,35.533,34.641,35.300,77147.000,,adjusted
2022-04-18,34.908,36.216,34.641,35.941,94184.000,,adjusted
2022-04-19,35.841,36.366,35.108,35.341,65216.000,,adjusted
2022-04-20,35.300,35.875,34.058,34.241,87235.000,,adjusted
2022-04-21,34.258,34.333,32.550,32.841,100607.000,,adjusted
2022-04-22,32.558,32.558,31.850,32.083,79041.000,,adjusted
2022-04-25,31.625,31.633,29.125,29.125,141718.000,,adjusted
2022-04-26,29.133,30.275,28.791,29.358,126633.000,,adjusted
2022-04-27,29.133,30.400,28.683,30.341,107615.000,,adjusted
2022-04-28,29.633,29.883,27.941,28.466,170620.000,,adjusted
2022-04-29,22.533,23.383,22.533,22.791,568200.000,,adjusted
2022-05-05,22.466,23.416,21.966,22.725,307446.000,,adjusted
2022-05-06,22.141,22.583,21.766,21.933,187367.000,,adjusted
2022-05-09,21.800,22.483,21.800,22.133,127621.000,,adjusted
2022-05-10,21.808,22.533,21.716,22.391,142988.000,,adjusted
2022-05-11,22.383,23.316,22.316,22.641,220865.000,,adjusted
2022-05-12,22.466,22.950,22.366,22.750,133517.000,,adjusted
2022-05-13,22.916,23.158,22.308,22.641,125268.000,,adjusted
2022-05-16,22.650,23.083,22.216,22.400,119861.000,,adjusted
2022-05-17,22.441,22.483,21.850,22.275,110237.000,,adjusted
2022-05-18,22.266,22.591,22.091,22.308,82658.000,,adjusted
2022-05-19,22.000,22.258,21.866,22.241,90011.000,,adjusted
2022-05-20,22.258,22.758,22.258,22.650,127424.000,,adjusted
2022-05-23,22.825,23.166,22.675,23.116,136069.000,,adjusted
2022-05-24,23.266,23.366,21.725,21.750,185966.000,,adjusted
2022-05-25,21.716,21.858,21.383,21.833,104170.000,,adjusted
2022-05-26,21.716,21.850,21.225,21.591,102209.000,,adjusted
2022-05-27,22.133,22.258,21.275,21.500,109907.000,,adjusted
2022-05-30,21.550,21.691,21.066,21.375,102563.000,,adjusted
2022-05-31,21.375,21.766,20.925,21.716,134019.000,,adjusted
2022-06-01,21.800,22.025,21.400,21.483,111193.000,,adjusted
2022-06-02,21.391,21.550,21.166,21.508,87738.000,,adjusted
2022-06-06,21.516,22.575,21.466,22.450,166648.000,,adjusted
2022-06-07,22.541,22.858,22.350,22.683,159271.000,,adjusted
2022-06-08,22.683,23.133,22.450,22.841,151467.000,,adjusted
2022-06-09,23.066,23.066,22.366,22.483,116703.000,,adjusted
2022-06-10,22.925,24.191,22.808,24.133,333063.000,,adjusted
2022-06-13,23.805,23.805,23.135,23.375,225159.000,"{'nd': '2021', 'fh_sh': '7.5', 'djr': '2022-06-10', 'cqr': '2022-06-13', 'FHcontent': '10派7.5元转2股'}",adjusted
2022-06-14,22.775,23.405,22.545,23.305,169447.000,,adjusted
2022-06-15,23.625,23.865,23.255,23.305,192090.000,,adjusted
2022-06-16,23.225,24.025,23.135,23.535,181274.000,,adjusted
2022-06-17,23.275,23.975,22.955,23.905,193991.000,,adjusted
2022-06-20,24.525,24.525,23.705,23.985,166376.000,,adjusted
2022-06-21,23.925,24.135,23.435,23.685,131002.000,,adjusted
2022-06-22,23.635,23.845,23.095,23.105,120807.000,,adjusted
2022-06-23,23.075,23.525,22.835,23.495,120062.000,,adjusted
2022-06-24,23.585,23.895,23.325,23.475,138637.000,,adjusted
2022-06-27,23.525,26.125,23.525,25.195,401767.000,,adjusted
2022-06-28,25.115,25.155,24.325,24.935,204145.000,,adjusted
2022-06-29,24.835,25.225,24.435,24.725,166849.000,,adjusted
2022-06-30,24.735,25.175,24.655,24.785,147703.000,,adjusted
2022-07-01,24.625,24.805,24.145,24.235,137744.000,,adjusted
2022-07-04,24.125,24.875,24.105,24.805,144539.000,,adjusted
2022-07-05,24.925,25.355,24.345,24.745,166641.000,,adjusted
2022-07-06,24.595,24.695,24.035,24.235,124170.000,,adjusted
2022-07-07,24.255,24.285,23.635,23.915,102314.000,,adjusted
2022-07-08,23.915,24.295,23.785,23.825,93705.000,,adjusted
2022-07-11,23.825,24.055,23.255,23.615,107956.000,,adjusted
2022-07-12,23.605,23.605,22.925,22.925,102887.000,,adjusted
2022-07-13,22.915,23.255,22.805,23.005,69739.000,,adjusted
2022-07-14,23.005,23.265,22.895,22.995,74557.000,,adjusted
2022-07-15,22.955,23.205,22.205,22.515,121306.000,,adjusted
2022-07-18,22.625,22.915,22.295,22.875,78873.000,,adjusted
2022-07-19,22.805,23.095,22.525,23.055,100495.000,,adjusted
2022-07-20,23.115,23.505,23.025,23.165,141512.000,,adjusted
2022-07-21,23.035,23.255,22.805,22.825,80249.000,,adjusted
2022-07-22,22.925,23.065,22.325,22.425,87066.000,,adjusted
2022-07-25,22.425,23.145,22.325,22.645,84517.000,,adjusted
2022-07-26,22.645,22.725,22.115,22.655,92074.000,,adjusted
2022-07-27,22.645,22.915,22.485,22.655,65158.000,,adjusted
2022-07-28,22.735,23.225,22.685,22.875,104025.000,,adjusted
2022-07-29,23.025,23.045,22.385,22.425,87290.000,,adjusted
2022-08-01,22.465,22.465,21.935,22.275,67143.000,,adjusted
2022-08-02,22.085,22.085,20.625,20.895,162623.000,,adjusted
2022-08-03,20.775,21.835,20.775,21.135,117222.000,,adjusted
2022-08-04,21.225,21.405,21.005,21.285,63670.000,,adjusted
2022-08-05,21.425,22.485,21.355,22.255,147616.000,,adjusted
2022-08-08,22.415,22.805,22.285,22.535,103162.000,,adjusted
2022-08-09,22.455,22.515,22.155,22.435,76388.000,,adjusted
2022-08-10,22.435,22.775,22.235,22.345,84959.000,,adjusted
2022-08-11,22.345,23.045,22.265,22.835,115598.000,,adjusted
2022-08-12,22.835,23.275,22.695,23.115,102608.000,,adjusted
2022-08-15,23.115,23.115,22.665,22.835,89643.000,,adjusted
2022-08-16,22.785,22.965,22.525,22.575,79638.000,,adjusted
2022-08-17,22.525,22.715,22.325,22.615,62895.000,,adjusted
2022-08-18,22.435,22.585,22.235,22.345,72159.000,,adjusted
2022-08-19,22.315,22.865,22.175,22.195,80854.000,,adjusted
2022-08-22,22.195,22.425,21.825,22.225,54726.000,,adjusted
2022-08-23,22.135,22.145,21.825,21.875,65219.000,,adjusted
2022-08-24,21.885,21.985,21.225,21.225,91088.000,,adjusted
2022-08-25,21.225,21.565,21.025,21.505,67120.000,,adjusted
2022-08-26,21.545,21.745,21.135,21.135,66336.000,,adjusted
2022-08-29,20.755,21.825,20.755,21.755,95417.000,,adjusted
2022-08-30,22.005,22.765,21.605,21.715,157348.000,,adjusted
2022-08-31,21.635,21.875,21.225,21.385,95153.000,,adjusted
2022-09-01,21.325,21.845,21.325,21.485,65582.000,,adjusted
2022-09-02,21.535,21.975,21.505,21.745,78544.000,,adjusted
2022-09-05,21.825,22.125,21.655,21.795,72807.000,,adjusted
2022-09-06,21.675,21.745,21.465,21.715,60058.000,,adjusted
2022-09-07,21.655,21.855,21.445,21.625,61601.000,,adjusted
2022-09-08,21.645,21.805,21.325,21.335,63154.000,,adjusted
2022-09-09,21.405,21.915,21.345,21.675,80904.000,,adjusted
2022-09-13,21.715,22.155,21.665,21.705,70600.000,,adjusted
2022-09-14,21.415,21.555,20.985,21.475,67775.000,,adjusted
2022-09-15,21.535,21.835,21.005,21.045,91998.000,,adjusted
2022-09-16,21.105,21.105,20.085,20.085,112171.000,,adjusted
2022-09-19,20.035,20.175,19.495,19.525,79976.000,,adjusted
2022-09-20,19.685,19.755,19.455,19.575,58732.000,,adjusted
2022-09-21,19.485,19.665,18.915,19.525,90958.000,,adjusted
2022-09-22,19.325,19.595,19.145,19.145,67679.000,,adjusted
2022-09-23,19.165,19.275,18.545,18.665,78287.000,,adjusted
2022-09-26,18.475,18.605,18.105,18.105,75788.000,,adjusted
2022-09-27,18.225,19.475,18.185,19.385,167013.000,,adjusted
2022-09-28,19.235,19.845,19.055,19.055,117422.000,,adjusted
2022-09-29,19.355,19.755,19.195,19.335,123509.000,,adjusted
2022-09-30,19.365,19.725,19.235,19.355,83612.000,,adjusted
2022-10-10,19.375,19.775,18.935,19.025,96788.000,,adjusted
2022-10-11,19.115,19.205,18.485,18.895,72679.000,,adjusted
2022-10-12,18.895,19.385,18.535,19.385,72354.000,,adjusted
2022-10-13,19.485,19.845,19.335,19.605,97560.000,,adjusted
2022-10-14,19.775,21.525,19.685,20.905,246333.000,,adjusted
2022-10-17,20.825,21.475,20.725,21.285,183435.000,,adjusted
2022-10-18,21.275,22.315,20.895,21.775,223946.000,,adjusted
2022-10-19,21.555,21.775,21.105,21.225,109308.000,,adjusted
2022-10-20,21.195,22.625,21.075,22.075,265178.000,,adjusted
2022-10-21,21.665,21.905,21.235,21.725,143138.000,,adjusted
2022-10-24,21.725,21.765,20.575,20.665,154616.000,,adjusted
2022-10-25,20.795,20.865,19.555,19.955,149367.000,,adjusted
2022-10-26,20.215,21.605,20.045,21.375,204408.000,,adjusted
2022-10-27,21.265,21.755,20.995,21.575,143226.000,,adjusted
2022-10-28,21.435,21.675,20.345,20.445,133317.000,,adjusted
2022-10-31,20.305,21.145,20.175,20.745,112023.000,,adjusted
2022-11-01,20.745,21.265,20.425,21.205,136665.000,,adjusted
2022-11-02,21.025,24.085,20.935,23.135,432357.000,,adjusted
2022-11-03,22.625,23.275,22.395,22.825,209238.000,,adjusted
2022-11-04,22.835,23.475,22.655,23.115,190431.000,,adjusted
2022-11-07,22.955,23.425,22.665,22.975,162683.000,,adjusted
2022-11-08,23.225,23.275,22.545,22.755,120233.000,,adjusted
2022-11-09,22.685,23.145,22.645,22.775,114763.000,,adjusted
2022-11-10,22.475,24.065,22.455,23.735,249818.000,,adjusted
2022-11-11,24.335,24.415,22.525,22.555,303597.000,,adjusted
2022-11-14,22.445,23.505,22.145,23.255,212739.000,,adjusted
2022-11-15,23.375,23.575,22.765,23.565,168639.000,,adjusted
2022-11-16,23.795,25.215,23.485,24.195,346370.000,,adjusted
2022-11-17,23.725,24.805,23.715,24.655,227062.000,,adjusted
2022-11-18,24.625,25.285,24.245,24.375,206213.000,,adjusted
2022-11-21,24.125,25.815,23.725,25.695,306154.000,,adjusted
2022-11-22,25.375,25.615,24.175,24.645,238015.000,,adjusted
2022-11-23,24.635,24.725,23.325,23.625,175530.000,,adjusted
2022-11-24,23.665,24.135,23.495,23.955,114610.000,,adjusted
2022-11-25,23.725,23.745,22.835,22.895,159110.000,,adjusted
2022-11-28,22.585,23.485,22.575,23.075,100242.000,,adjusted
2022-11-29,22.915,24.925,22.915,24.495,260831.000,,adjusted
2022-11-30,24.725,25.055,24.025,24.025,240978.000,,adjusted
2022-12-01,24.255,24.365,22.975,23.175,236255.000,,adjusted
2022-12-02,23.165,23.695,23.065,23.495,146847.000,,adjusted
2022-12-05,23.805,24.025,23.045,23.255,164331.000,,adjusted
2022-12-06,23.065,23.275,22.465,22.605,149784.000,,adjusted
2022-12-07,22.625,22.865,22.385,22.725,96161.000,,adjusted
2022-12-08,22.705,23.165,22.575,22.905,112625.000,,adjusted
2022-12-09,22.925,25.175,22.805,24.905,507497.000,,adjusted
2022-12-12,25.895,27.415,25.475,25.995,663462.000,,adjusted
2022-12-13,26.125,26.265,25.145,25.655,292906.000,,adjusted
2022-12-14,25.655,25.665,24.545,24.625,224668.000,,adjusted
2022-12-15,24.645,25.075,24.385,24.695,190593.000,,adjusted
2022-12-16,24.485,25.015,24.425,24.685,175290.000,,adjusted
2022-12-19,25.015,25.175,22.925,23.145,236487.000,,adjusted
2022-12-20,22.925,23.305,22.295,22.325,148483.000,,adjusted
2022-12-21,22.325,22.575,21.375,21.495,158718.000,,adjusted
2022-12-22,21.625,21.685,20.795,20.865,126772.000,,adjusted
2022-12-23,20.855,21.495,20.815,21.355,111715.000,,adjusted
2022-12-26,21.335,22.535,21.335,21.885,132927.000,,adjusted
2022-12-27,21.775,21.855,20.655,20.965,155747.000,,adjusted
2022-12-28,20.875,21.305,20.735,21.005,94321.000,,adjusted
2022-12-29,20.925,21.045,20.555,20.765,83654.000,,adjusted
2022-12-30,20.865,20.885,20.395,20.455,84772.000,,adjusted
