date,open,high,low,close,volume,amount,price_type
2018-01-02,9.694,9.739,9.057,9.444,335212.0,,adjusted
2018-01-03,9.279,9.944,9.279,9.899,304057.0,,adjusted
2018-01-04,9.896,10.194,9.717,10.076,241136.0,,adjusted
2018-01-05,10.059,10.25,9.731,10.079,301041.0,,adjusted
2018-01-08,9.975,9.975,9.587,9.798,276794.0,,adjusted
2018-01-09,9.77,9.871,9.579,9.677,204313.0,,adjusted
2018-01-10,9.725,10.003,9.534,9.857,243660.0,,adjusted
2018-01-11,9.61,9.632,9.343,9.475,295791.0,,adjusted
2018-01-12,9.478,9.736,9.377,9.663,223389.0,,adjusted
2018-01-15,9.568,9.68,8.875,9.068,308310.0,,adjusted
2018-01-16,9.071,9.287,8.768,8.945,289256.0,,adjusted
2018-01-17,8.922,8.945,8.114,8.748,465975.0,,adjusted
2018-01-18,9.021,9.077,8.72,8.765,262372.0,,adjusted
2018-01-19,9.063,9.582,8.936,9.265,355670.0,,adjusted
2018-01-22,9.441,9.576,9.315,9.467,277835.0,,adjusted
2018-01-23,9.419,10.132,9.298,10.104,438629.0,,adjusted
2018-01-24,10.073,10.6,10.006,10.3,445451.0,,adjusted
2018-01-25,10.255,10.398,9.862,9.966,341271.0,,adjusted
2018-01-26,10.275,10.362,10.003,10.053,347076.0,,adjusted
2018-01-29,9.919,10.306,9.865,9.919,297114.0,,adjusted
2018-01-30,9.913,10.269,9.89,10.081,250393.0,,adjusted
2018-01-31,10.039,10.205,9.919,10.171,228975.0,,adjusted
2018-02-01,10.011,10.16,9.5,9.683,322233.0,,adjusted
2018-02-02,9.579,10.109,9.346,9.963,208080.0,,adjusted
2018-02-05,9.273,9.694,8.903,8.903,701352.0,,adjusted
2018-02-06,8.628,8.953,8.586,8.726,369926.0,,adjusted
2018-02-07,8.959,8.992,8.207,8.456,347849.0,,adjusted
2018-02-08,8.465,8.586,8.052,8.254,344982.0,,adjusted
2018-02-09,7.794,8.381,7.758,8.08,322015.0,,adjusted
2018-02-12,8.137,8.734,8.137,8.597,205074.0,,adjusted
2018-02-13,8.734,8.796,8.384,8.417,191540.0,,adjusted
2018-02-14,8.423,8.703,8.378,8.616,119851.0,,adjusted
2018-02-22,8.698,8.931,8.698,8.9,145607.0,,adjusted
2018-02-23,8.908,8.978,8.075,8.58,317103.0,,adjusted
2018-02-26,8.487,8.984,8.398,8.953,315938.0,,adjusted
2018-02-27,9.001,9.287,8.877,9.138,361170.0,,adjusted
2018-02-28,8.987,9.267,8.83,9.035,168145.0,,adjusted
2018-03-01,8.964,9.792,8.95,9.7,342778.0,,adjusted
2018-03-02,9.697,9.795,9.363,9.405,185279.0,,adjusted
2018-03-05,9.385,9.565,9.242,9.484,152541.0,,adjusted
2018-03-06,9.486,9.775,9.436,9.658,168866.0,,adjusted
2018-03-07,9.601,9.803,9.498,9.683,175522.0,,adjusted
2018-03-08,9.615,9.801,9.486,9.534,159097.0,,adjusted
2018-03-09,9.526,9.773,9.47,9.652,146225.0,,adjusted
2018-03-12,9.717,10.059,9.672,9.865,209085.0,,adjusted
2018-03-13,9.834,9.91,9.385,9.399,217022.0,,adjusted
2018-03-14,9.399,9.731,9.399,9.694,199532.0,,adjusted
2018-03-15,9.68,9.803,9.52,9.649,128201.0,,adjusted
2018-03-16,9.655,9.705,9.481,9.495,93338.0,,adjusted
2018-03-19,9.498,9.498,9.248,9.282,138495.0,,adjusted
2018-03-20,9.197,9.245,9.023,9.136,125750.0,,adjusted
2018-03-21,9.245,9.714,9.245,9.436,242539.0,,adjusted
2018-03-22,9.436,9.607,9.304,9.385,123693.0,,adjusted
2018-03-23,8.922,9.231,8.518,8.917,235082.0,,adjusted
2018-03-26,8.684,9.223,8.684,8.922,236362.0,,adjusted
2018-03-27,9.113,9.138,8.88,9.004,165763.0,,adjusted
2018-03-28,8.931,8.931,8.642,8.706,233160.0,,adjusted
2018-03-29,8.908,9.035,8.586,8.835,168559.0,,adjusted
2018-03-30,8.908,9.032,8.852,8.984,134487.0,,adjusted
2018-04-02,9.046,9.049,8.827,8.92,127073.0,,adjusted
2018-04-03,8.813,9.026,8.659,8.88,141121.0,,adjusted
2018-04-04,8.956,9.009,8.459,8.504,256025.0,,adjusted
2018-04-09,8.501,8.681,8.431,8.549,123373.0,,adjusted
2018-04-10,8.572,8.737,8.566,8.723,105992.0,,adjusted
2018-04-11,8.827,8.964,8.776,8.793,106019.0,,adjusted
2018-04-12,8.754,8.894,8.462,8.574,131255.0,,adjusted
2018-04-13,8.605,8.703,8.403,8.448,96354.0,,adjusted
2018-04-16,8.431,8.504,8.094,8.153,171712.0,,adjusted
2018-04-17,8.207,8.263,7.926,7.979,181548.0,,adjusted
2018-04-18,8.061,8.616,7.982,8.524,320622.0,,adjusted
2018-04-19,8.566,9.189,8.566,8.984,349352.0,,adjusted
2018-04-20,8.917,9.13,8.79,8.92,156729.0,,adjusted
2018-04-23,8.962,9.119,8.804,8.931,201838.0,,adjusted
2018-04-24,8.931,9.329,8.931,9.279,232800.0,,adjusted
2018-04-25,9.192,9.273,9.057,9.237,119407.0,,adjusted
2018-04-26,9.237,9.237,8.872,9.015,154837.0,,adjusted
2018-04-27,9.037,9.231,8.936,9.026,128288.0,,adjusted
2018-05-02,8.939,9.178,8.628,8.838,180072.0,,adjusted
2018-05-03,8.852,9.077,8.746,9.068,162650.0,,adjusted
2018-05-04,8.978,9.267,8.95,9.113,124279.0,,adjusted
2018-05-07,9.164,9.537,8.978,9.422,197549.0,,adjusted
2018-05-08,9.427,10.095,9.324,9.75,306868.0,,adjusted
2018-05-09,9.75,9.829,9.669,9.784,117633.0,,adjusted
2018-05-10,9.89,9.961,9.599,9.68,122114.0,,adjusted
2018-05-11,9.736,10.073,9.719,10.014,194261.0,,adjusted
2018-05-14,10.031,10.241,9.865,10.011,189289.0,,adjusted
2018-05-15,10.059,10.421,10.059,10.382,203354.0,,adjusted
2018-05-16,10.396,10.396,10.146,10.255,95485.0,,adjusted
2018-05-17,10.236,10.261,9.573,9.705,215965.0,,adjusted
2018-05-18,9.767,9.806,9.425,9.708,196949.0,,adjusted
2018-05-21,9.739,9.986,9.733,9.888,146525.0,,adjusted
2018-05-22,9.916,10.182,9.834,10.081,156918.0,,adjusted
2018-05-23,10.081,10.166,9.806,9.854,108539.0,,adjusted
2018-05-24,9.941,9.941,9.391,9.453,241919.0,,adjusted
2018-05-25,9.47,9.503,9.203,9.253,166869.0,,adjusted
2018-05-28,9.36,9.408,9.102,9.259,176172.0,,adjusted
2018-05-29,9.263,9.412,8.964,9.008,183543.0,,adjusted
2018-05-30,8.847,9.067,8.654,8.882,205125.0,,adjusted
2018-05-31,9.004,9.114,8.67,8.905,242595.0,,adjusted
2018-06-01,8.945,8.992,8.022,8.198,494246.0,,adjusted
2018-06-04,7.322,7.322,7.322,7.322,48230.0,,adjusted
2018-06-05,6.532,6.532,6.532,6.532,70176.0,,adjusted
2018-06-06,6.14,6.371,5.861,6.265,1594173.0,,adjusted
2018-06-07,6.112,6.234,6.057,6.132,634766.0,,adjusted
2018-06-08,6.151,6.273,6.081,6.183,428935.0,,adjusted
2018-06-11,6.175,6.175,5.861,5.982,497650.0,,adjusted
2018-06-12,6.163,6.273,5.998,6.238,476738.0,,adjusted
2018-06-13,6.147,6.257,6.002,6.034,295380.0,,adjusted
2018-06-14,6.018,6.034,5.774,5.935,304721.0,,adjusted
2018-06-15,5.759,5.845,5.68,5.715,350390.0,,adjusted
2018-06-19,5.621,5.664,5.33,5.397,394488.0,,adjusted
2018-06-20,5.334,5.817,5.334,5.727,323816.0,,adjusted
2018-06-21,5.735,5.88,5.617,5.676,213822.0,,adjusted
2018-06-22,5.617,5.814,5.527,5.79,180696.0,,adjusted
2018-06-25,5.841,5.924,5.684,5.711,227943.0,,adjusted
2018-06-26,5.621,5.833,5.539,5.692,225778.0,,adjusted
2018-06-27,5.723,5.975,5.645,5.947,353663.0,,adjusted
2018-06-28,5.92,6.037,5.825,5.869,235101.0,,adjusted
2018-06-29,5.9,6.018,5.869,5.975,177201.0,,adjusted
2018-07-02,5.986,5.994,5.59,5.672,251400.0,,adjusted
2018-07-03,5.672,5.739,5.519,5.7,153684.0,,adjusted
2018-07-04,5.684,5.715,5.476,5.507,176411.0,,adjusted
2018-07-05,5.527,5.57,5.279,5.358,291355.0,,adjusted
2018-07-06,5.271,5.558,5.193,5.456,189983.0,,adjusted
2018-07-09,5.507,5.633,5.429,5.546,233928.0,,adjusted
2018-07-10,5.546,5.57,5.267,5.37,286492.0,,adjusted
2018-07-11,5.228,5.366,5.157,5.315,218606.0,,adjusted
2018-07-12,5.385,5.444,5.283,5.405,269330.0,,adjusted
2018-07-13,5.425,5.425,5.252,5.299,245559.0,,adjusted
2018-07-16,5.322,5.366,5.263,5.299,176016.0,,adjusted
2018-07-17,5.271,5.295,4.992,5.122,359744.0,,adjusted
2018-07-18,5.153,5.275,5.138,5.197,259263.0,,adjusted
2018-07-19,5.35,5.362,5.095,5.181,286880.0,,adjusted
2018-07-20,5.193,5.381,5.157,5.342,277268.0,,adjusted
2018-07-23,5.374,5.413,5.252,5.342,208760.0,,adjusted
2018-07-24,5.35,5.912,5.303,5.719,568389.0,,adjusted
2018-07-25,5.743,5.802,5.539,5.566,332168.0,,adjusted
2018-07-26,5.535,5.727,5.448,5.523,266679.0,,adjusted
2018-07-27,5.566,5.821,5.566,5.676,327485.0,,adjusted
2018-07-30,5.751,5.845,5.554,5.727,291168.0,,adjusted
2018-07-31,5.688,5.688,5.542,5.574,180962.0,,adjusted
2018-08-01,5.578,5.672,5.558,5.578,150771.0,,adjusted
2018-08-02,5.546,5.566,5.24,5.44,166892.0,,adjusted
2018-08-03,5.436,5.511,5.224,5.24,173473.0,,adjusted
2018-08-06,4.761,4.918,4.658,4.678,573085.0,,adjusted
2018-08-07,4.67,4.859,4.662,4.847,212964.0,,adjusted
2018-08-08,4.831,5.032,4.796,5.004,202058.0,,adjusted
2018-08-09,4.937,5.153,4.926,5.043,195680.0,,adjusted
2018-08-10,5.075,5.146,4.898,4.996,126462.0,,adjusted
2018-08-13,4.957,5.138,4.902,5.13,157304.0,,adjusted
2018-08-14,5.169,5.181,5.04,5.083,121956.0,,adjusted
2018-08-15,5.028,5.067,4.702,4.772,293887.0,,adjusted
2018-08-16,4.69,4.827,4.631,4.678,223773.0,,adjusted
2018-08-17,4.741,4.761,4.175,4.281,522158.0,,adjusted
2018-08-20,4.281,4.309,4.038,4.218,286202.0,,adjusted
2018-08-21,4.215,4.415,4.191,4.321,178566.0,,adjusted
2018-08-22,4.368,4.368,4.242,4.277,107627.0,,adjusted
2018-08-23,4.281,4.336,4.246,4.301,97409.0,,adjusted
2018-08-24,4.285,4.34,4.25,4.305,109906.0,,adjusted
2018-08-27,4.419,4.698,4.407,4.572,287962.0,,adjusted
2018-08-28,4.635,4.694,4.545,4.603,153795.0,,adjusted
2018-08-29,4.596,4.639,4.45,4.517,130349.0,,adjusted
2018-08-30,4.493,4.615,4.438,4.537,124376.0,,adjusted
2018-08-31,4.56,4.918,4.466,4.761,274967.0,,adjusted
2018-09-03,4.922,5.106,4.827,4.855,318616.0,,adjusted
2018-09-04,4.894,4.961,4.725,4.859,222617.0,,adjusted
2018-09-05,4.831,5.032,4.768,4.867,204387.0,,adjusted
2018-09-06,4.796,4.89,4.741,4.792,147247.0,,adjusted
2018-09-07,4.792,4.871,4.662,4.702,113730.0,,adjusted
2018-09-10,4.666,4.694,4.446,4.446,171009.0,,adjusted
2018-09-11,4.45,4.513,4.368,4.423,137628.0,,adjusted
2018-09-12,4.446,4.493,4.395,4.45,115314.0,,adjusted
2018-09-13,4.505,4.548,4.183,4.336,199734.0,,adjusted
2018-09-14,4.356,4.525,4.344,4.442,191929.0,,adjusted
2018-09-17,4.427,4.474,4.289,4.431,125818.0,,adjusted
2018-09-18,4.431,4.438,4.171,4.427,198706.0,,adjusted
2018-09-19,4.368,4.505,4.25,4.431,224228.0,,adjusted
2018-09-20,4.403,4.533,4.383,4.407,163661.0,,adjusted
2018-09-21,4.438,4.47,4.266,4.458,205581.0,,adjusted
2018-09-25,4.423,4.564,4.38,4.497,193219.0,,adjusted
2018-09-26,4.541,4.89,4.517,4.784,460321.0,,adjusted
2018-09-27,4.761,4.859,4.674,4.745,228973.0,,adjusted
2018-09-28,4.812,5.008,4.741,4.996,355701.0,,adjusted
2018-10-08,4.839,4.91,4.784,4.823,220385.0,,adjusted
2018-10-09,4.82,5.008,4.784,4.91,254086.0,,adjusted
2018-10-10,4.961,5.055,4.576,4.698,270862.0,,adjusted
2018-10-11,4.446,4.611,4.387,4.537,296086.0,,adjusted
2018-10-12,4.517,4.686,4.383,4.627,215932.0,,adjusted
2018-10-15,4.717,4.835,4.56,4.584,180245.0,,adjusted
2018-10-16,4.56,4.713,4.431,4.458,187058.0,,adjusted
2018-10-17,4.545,4.631,4.482,4.603,175944.0,,adjusted
2018-10-18,4.545,4.588,4.344,4.431,179863.0,,adjusted
2018-10-19,4.407,4.623,4.281,4.603,206276.0,,adjusted
2018-10-22,4.721,4.977,4.643,4.898,299135.0,,adjusted
2018-10-23,4.898,4.902,4.662,4.729,194424.0,,adjusted
2018-10-24,4.686,4.823,4.564,4.737,153108.0,,adjusted
2018-10-25,4.556,4.772,4.545,4.702,106064.0,,adjusted
2018-10-26,4.867,4.867,4.655,4.713,101351.0,,adjusted
2018-10-29,4.71,4.737,4.592,4.694,78787.0,,adjusted
2018-10-30,4.666,4.717,4.438,4.486,177247.0,,adjusted
2018-10-31,4.458,4.812,4.458,4.741,252578.0,,adjusted
2018-11-01,4.792,5.275,4.765,5.095,502951.0,,adjusted
2018-11-02,5.311,5.664,5.291,5.664,715562.0,,adjusted
2018-11-05,6.175,6.289,6.1,6.289,445407.0,,adjusted
2018-11-06,6.434,6.434,5.865,6.065,855870.0,,adjusted
2018-11-07,6.018,6.089,5.81,5.861,534957.0,,adjusted
2018-11-08,5.979,5.979,5.782,5.833,294561.0,,adjusted
2018-11-09,5.857,5.947,5.755,5.9,259760.0,,adjusted
2018-11-12,5.841,6.332,5.802,6.289,514318.0,,adjusted
2018-11-13,6.1,6.336,6.1,6.155,273499.0,,adjusted
2018-11-14,6.128,6.324,5.971,6.155,254333.0,,adjusted
2018-11-15,6.144,6.226,6.108,6.191,179673.0,,adjusted
2018-11-16,6.179,6.411,6.147,6.175,289852.0,,adjusted
2018-11-19,6.116,6.305,5.951,6.257,234677.0,,adjusted
2018-11-20,6.155,6.206,5.99,6.03,180297.0,,adjusted
2018-11-21,5.931,6.293,5.904,6.257,266812.0,,adjusted
2018-11-22,6.277,6.474,6.163,6.187,185591.0,,adjusted
2018-11-23,6.195,6.277,6.077,6.112,147410.0,,adjusted
2018-11-26,6.116,6.183,6.026,6.167,102796.0,,adjusted
2018-11-27,6.246,6.411,6.226,6.301,258000.0,,adjusted
2018-11-28,6.328,6.988,6.328,6.804,542117.0,,adjusted
2018-11-29,6.863,6.949,6.67,6.701,269792.0,,adjusted
2018-11-30,6.654,6.78,6.532,6.725,207102.0,,adjusted
2018-12-03,6.945,7.016,6.725,6.764,304544.0,,adjusted
2018-12-04,6.725,6.725,6.517,6.599,345840.0,,adjusted
2018-12-05,6.489,7.055,6.454,6.882,492845.0,,adjusted
2018-12-06,6.863,7.204,6.788,6.902,410986.0,,adjusted
2018-12-07,7.0,7.102,6.705,6.929,224219.0,,adjusted
2018-12-10,6.878,6.953,6.756,6.866,200587.0,,adjusted
2018-12-11,6.898,6.984,6.701,6.764,196515.0,,adjusted
2018-12-12,6.764,6.914,6.725,6.733,142990.0,,adjusted
2018-12-13,6.823,7.028,6.705,6.957,221736.0,,adjusted
2018-12-14,6.929,7.09,6.8,6.808,213461.0,,adjusted
2018-12-17,6.745,6.831,6.422,6.576,204805.0,,adjusted
2018-12-18,6.631,6.713,6.489,6.611,146609.0,,adjusted
2018-12-19,6.568,6.627,6.273,6.332,247347.0,,adjusted
2018-12-20,6.371,6.607,6.324,6.375,327351.0,,adjusted
2018-12-21,6.297,6.56,6.293,6.407,287958.0,,adjusted
2018-12-24,6.407,6.619,6.352,6.599,218327.0,,adjusted
2018-12-25,6.505,6.69,6.442,6.584,192703.0,,adjusted
2018-12-26,6.513,6.76,6.493,6.56,284708.0,,adjusted
2018-12-27,6.666,6.666,6.344,6.371,234608.0,,adjusted
2018-12-28,6.422,6.477,6.026,6.269,265848.0,,adjusted
2019-01-02,6.269,6.45,6.199,6.242,152059.0,,adjusted
2019-01-03,6.254,6.43,6.128,6.285,180640.0,,adjusted
2019-01-04,6.293,6.489,6.061,6.466,254649.0,,adjusted
2019-01-07,6.489,6.701,6.485,6.658,199795.0,,adjusted
2019-01-08,6.682,6.709,6.58,6.686,196162.0,,adjusted
2019-01-09,6.686,7.02,6.595,6.894,317653.0,,adjusted
2019-01-10,7.02,7.64,7.02,7.64,553912.0,,adjusted
2019-01-11,7.629,7.629,7.271,7.291,352474.0,,adjusted
2019-01-14,7.287,7.503,7.228,7.409,242993.0,,adjusted
2019-01-15,7.373,7.963,7.334,7.872,407253.0,,adjusted
2019-01-16,7.88,7.88,7.672,7.77,263252.0,,adjusted
2019-01-17,7.75,8.037,7.436,7.609,461371.0,,adjusted
2019-01-18,7.801,8.297,7.542,8.167,461885.0,,adjusted
2019-01-21,8.179,8.242,7.955,8.108,345095.0,,adjusted
2019-01-22,8.139,8.151,7.845,8.041,202539.0,,adjusted
2019-01-23,8.041,8.187,7.833,8.1,173886.0,,adjusted
2019-01-24,8.057,8.65,8.033,8.139,433250.0,,adjusted
2019-01-25,8.139,8.442,8.033,8.269,322153.0,,adjusted
2019-01-28,8.316,8.513,8.077,8.128,261337.0,,adjusted
2019-01-29,8.061,8.285,7.829,8.179,305922.0,,adjusted
2019-01-30,8.21,8.52,8.21,8.265,262476.0,,adjusted
2019-01-31,8.399,8.399,8.025,8.132,179992.0,,adjusted
2019-02-01,8.253,8.591,8.147,8.387,269848.0,,adjusted
2019-02-11,8.41,8.619,8.23,8.556,341727.0,,adjusted
2019-02-12,8.524,8.524,8.289,8.434,236050.0,,adjusted
2019-02-13,8.407,8.548,8.32,8.509,297423.0,,adjusted
2019-02-14,8.458,8.913,8.395,8.819,462807.0,,adjusted
2019-02-15,8.807,8.964,8.65,8.689,302479.0,,adjusted
2019-02-18,8.591,9.342,8.591,9.122,446813.0,,adjusted
2019-02-19,9.554,9.605,9.012,9.287,567617.0,,adjusted
2019-02-20,9.471,9.546,9.161,9.518,328234.0,,adjusted
2019-02-21,9.459,10.214,9.404,10.013,554804.0,,adjusted
2019-02-22,10.049,10.948,10.025,10.811,558079.0,,adjusted
2019-02-25,11.149,11.149,10.485,10.795,745595.0,,adjusted
2019-02-26,10.618,11.31,10.383,10.67,680256.0,,adjusted
2019-02-27,10.63,10.67,9.593,9.939,781865.0,,adjusted
2019-02-28,9.868,10.339,9.821,10.064,442726.0,,adjusted
2019-03-01,10.061,10.508,9.829,10.288,423936.0,,adjusted
2019-03-04,10.339,10.465,10.068,10.182,571425.0,,adjusted
2019-03-05,10.174,10.449,10.025,10.249,401626.0,,adjusted
2019-03-06,10.186,10.253,9.75,9.907,699472.0,,adjusted
2019-03-07,9.789,9.966,9.554,9.632,652972.0,,adjusted
2019-03-08,9.514,9.899,9.302,9.361,606397.0,,adjusted
2019-03-11,9.338,10.355,9.247,10.355,943035.0,,adjusted
2019-03-12,10.418,10.673,10.241,10.347,789114.0,,adjusted
2019-03-13,10.418,10.528,9.911,10.265,504299.0,,adjusted
2019-03-14,10.222,10.642,9.915,10.084,516206.0,,adjusted
2019-03-15,10.135,10.571,10.096,10.222,371935.0,,adjusted
2019-03-18,10.398,10.477,10.182,10.422,328997.0,,adjusted
2019-03-19,10.477,10.501,9.998,10.108,329712.0,,adjusted
2019-03-20,10.088,10.088,9.672,9.919,410873.0,,adjusted
2019-03-21,9.919,10.017,9.829,9.907,196856.0,,adjusted
2019-03-22,9.825,9.88,9.393,9.589,453244.0,,adjusted
2019-03-25,9.491,9.774,9.412,9.436,322561.0,,adjusted
2019-03-26,9.617,9.672,9.294,9.369,259123.0,,adjusted
2019-03-27,9.459,9.475,9.012,9.291,283247.0,,adjusted
2019-03-28,9.239,9.691,9.149,9.467,360152.0,,adjusted
2019-03-29,9.436,9.731,9.357,9.672,377019.0,,adjusted
2019-04-01,9.632,10.615,9.628,10.528,608534.0,,adjusted
2019-04-02,10.516,10.772,10.343,10.426,347587.0,,adjusted
2019-04-03,10.3,10.469,10.104,10.359,249486.0,,adjusted
2019-04-04,10.214,10.469,10.182,10.316,227899.0,,adjusted
2019-04-08,10.418,10.654,10.025,10.061,444374.0,,adjusted
2019-04-17,10.351,11.056,10.05,10.811,500997.0,,adjusted
2019-04-18,10.683,11.571,10.632,11.28,509770.0,,adjusted
2019-04-19,11.219,11.556,10.994,11.306,278097.0,,adjusted
2019-04-22,11.397,11.882,11.142,11.28,355526.0,,adjusted
2019-04-23,11.27,11.474,10.862,10.908,277700.0,,adjusted
2019-04-24,10.948,11.168,10.709,10.933,228500.0,,adjusted
2019-04-25,10.989,11.147,10.647,10.887,198192.0,,adjusted
2019-04-26,10.77,11.035,10.306,10.448,276707.0,,adjusted
2019-04-29,10.249,10.811,10.01,10.454,398036.0,,adjusted
2019-04-30,10.596,11.056,10.3,10.454,453588.0,,adjusted
2019-05-06,9.999,10.581,9.683,10.382,454370.0,,adjusted
2019-05-07,10.454,10.913,10.229,10.709,540232.0,,adjusted
2019-05-08,10.454,10.698,10.056,10.188,405324.0,,adjusted
2019-05-09,10.02,10.377,10.02,10.28,268899.0,,adjusted
2019-05-10,10.596,10.913,10.249,10.846,472232.0,,adjusted
2019-05-13,10.642,11.04,10.642,10.744,259173.0,,adjusted
2019-05-14,10.607,10.897,10.55,10.811,227214.0,,adjusted
2019-05-15,11.168,11.78,11.081,11.714,618848.0,,adjusted
2019-05-16,11.78,11.933,11.469,11.627,412902.0,,adjusted
2019-05-17,11.627,11.923,11.096,11.168,380048.0,,adjusted
2019-05-20,11.153,11.158,10.505,11.117,428294.0,,adjusted
2019-05-21,11.219,11.229,10.938,11.015,323003.0,,adjusted
2019-05-22,11.061,11.54,10.969,11.219,268390.0,,adjusted
2019-05-23,11.076,11.413,11.005,11.076,319464.0,,adjusted
2019-05-24,10.964,11.219,10.846,10.954,221124.0,,adjusted
2019-05-27,11.086,11.433,10.867,11.066,454115.0,,adjusted
2019-05-28,11.035,11.224,10.811,11.132,394388.0,,adjusted
2019-05-29,10.989,11.061,10.836,10.836,226243.0,,adjusted
2019-05-30,10.698,11.01,10.596,10.816,285740.0,,adjusted
2019-05-31,11.117,11.29,10.862,11.03,507304.0,,adjusted
2019-06-03,10.954,11.101,10.663,10.683,303117.0,,adjusted
2019-06-04,10.892,11.01,10.693,10.77,222396.0,,adjusted
2019-06-05,10.933,10.933,10.515,10.612,204224.0,,adjusted
2019-06-06,10.627,10.668,10.015,10.056,374997.0,,adjusted
2019-06-10,10.178,10.576,10.071,10.51,225410.0,,adjusted
2019-06-11,10.724,10.821,10.51,10.765,268561.0,,adjusted
2019-06-12,10.785,10.785,10.28,10.372,233533.0,,adjusted
2019-06-13,10.448,10.627,10.219,10.438,214143.0,,adjusted
2019-06-14,10.673,10.749,10.204,10.3,228903.0,,adjusted
2019-06-17,10.183,10.239,9.316,9.877,520446.0,,adjusted
2019-06-18,9.867,10.137,9.841,10.03,268786.0,,adjusted
2019-06-19,10.438,10.596,10.331,10.346,371560.0,,adjusted
2019-06-20,10.239,10.954,10.239,10.678,362577.0,,adjusted
2019-06-21,10.892,10.897,10.561,10.729,241538.0,,adjusted
2019-06-24,10.755,11.209,10.622,10.908,330464.0,,adjusted
2019-06-25,10.821,10.877,10.372,10.525,256394.0,,adjusted
2019-06-26,10.556,10.678,10.336,10.545,188340.0,,adjusted
2019-06-27,10.637,10.882,10.637,10.744,243712.0,,adjusted
2019-06-28,10.841,10.887,10.622,10.714,134843.0,,adjusted
2019-07-01,11.01,11.193,10.826,10.877,367390.0,,adjusted
2019-07-02,10.709,10.734,10.265,10.454,656955.0,,adjusted
2019-07-03,10.428,10.576,10.219,10.454,441553.0,,adjusted
2019-07-04,10.454,10.596,10.137,10.29,270440.0,,adjusted
2019-07-05,10.351,10.479,10.265,10.357,234298.0,,adjusted
2019-07-08,10.29,10.346,9.928,10.071,279694.0,,adjusted
2019-07-09,9.994,10.168,9.857,9.979,188124.0,,adjusted
2019-07-10,10.081,10.096,9.964,10.03,107046.0,,adjusted
2019-07-11,10.122,10.137,9.423,9.627,528304.0,,adjusted
2019-07-12,9.688,10.377,9.688,10.316,473392.0,,adjusted
2019-07-15,10.321,10.704,10.183,10.627,361774.0,,adjusted
2019-07-16,10.586,10.744,10.479,10.709,215940.0,,adjusted
2019-07-17,10.785,10.938,10.607,10.678,222854.0,,adjusted
2019-07-18,11.397,11.678,11.015,11.198,648523.0,,adjusted
2019-07-19,11.372,11.392,11.081,11.168,283902.0,,adjusted
2019-07-22,11.27,11.397,11.02,11.214,203255.0,,adjusted
2019-07-23,11.321,11.704,11.214,11.653,425966.0,,adjusted
2019-07-24,11.724,11.749,11.566,11.678,251806.0,,adjusted
2019-07-25,11.653,12.035,11.586,11.806,392633.0,,adjusted
2019-07-26,11.785,12.321,11.729,12.214,415420.0,,adjusted
2019-07-29,12.163,12.341,12.091,12.142,315346.0,,adjusted
2019-07-30,12.234,12.285,11.903,11.933,296601.0,,adjusted
2019-07-31,11.933,12.219,11.903,12.05,233269.0,,adjusted
2019-08-01,12.05,12.142,11.938,11.984,193795.0,,adjusted
2019-08-02,11.755,12.163,11.678,11.867,290069.0,,adjusted
2019-08-05,11.836,11.984,11.581,11.622,272198.0,,adjusted
2019-08-06,11.413,11.724,11.275,11.627,273267.0,,adjusted
2019-08-07,11.77,11.821,11.372,11.403,285874.0,,adjusted
2019-08-08,11.576,11.755,11.474,11.637,255911.0,,adjusted
2019-08-09,11.719,11.882,11.428,11.515,229140.0,,adjusted
2019-08-12,11.627,11.775,11.535,11.76,229261.0,,adjusted
2019-08-13,11.709,11.724,11.413,11.438,219151.0,,adjusted
2019-08-14,11.607,11.617,11.193,11.403,343779.0,,adjusted
2019-08-15,11.198,11.683,11.198,11.673,276796.0,,adjusted
2019-08-16,11.678,11.739,11.219,11.372,353947.0,,adjusted
2019-08-19,11.474,11.704,11.265,11.556,384852.0,,adjusted
2019-08-20,11.525,11.54,11.28,11.469,352393.0,,adjusted
2019-08-21,11.469,12.724,11.413,12.724,991928.0,,adjusted
2019-08-22,12.903,12.994,12.469,12.515,820657.0,,adjusted
2019-08-23,12.688,12.785,12.387,12.688,596064.0,,adjusted
2019-08-26,12.433,12.586,12.127,12.316,535961.0,,adjusted
2019-08-27,12.433,12.642,12.27,12.556,624441.0,,adjusted
2019-08-28,12.515,13.351,12.474,13.158,654984.0,,adjusted
2019-08-29,13.244,13.438,13.015,13.03,587210.0,,adjusted
2019-08-30,13.234,13.433,12.841,13.03,526049.0,,adjusted
2019-09-02,13.045,13.964,13.045,13.571,595219.0,,adjusted
2019-09-03,13.561,13.897,13.443,13.668,500971.0,,adjusted
2019-09-04,13.724,13.785,13.469,13.612,247083.0,,adjusted
2019-09-05,13.719,13.76,13.566,13.693,371090.0,,adjusted
2019-09-06,13.734,13.795,12.999,13.234,655405.0,,adjusted
2019-09-09,13.198,13.484,12.811,13.193,613880.0,,adjusted
2019-09-10,13.362,13.423,12.903,13.081,380056.0,,adjusted
2019-09-11,13.209,13.244,12.851,13.015,326987.0,,adjusted
2019-09-12,13.158,13.408,13.061,13.198,436820.0,,adjusted
2019-09-16,13.28,13.413,12.954,13.311,307595.0,,adjusted
2019-09-17,13.382,13.382,12.887,12.984,270136.0,,adjusted
2019-09-18,12.979,13.005,12.55,12.806,422608.0,,adjusted
2019-09-19,12.78,13.05,12.653,12.785,315016.0,,adjusted
2019-09-20,12.846,13.03,12.714,12.979,297701.0,,adjusted
2019-09-23,12.954,12.979,12.499,12.729,347625.0,,adjusted
2019-09-24,12.841,13.433,12.744,13.311,522393.0,,adjusted
2019-09-25,13.107,13.204,12.219,12.387,674676.0,,adjusted
2019-09-26,12.438,12.841,12.178,12.397,443320.0,,adjusted
2019-09-27,12.29,12.566,12.066,12.428,262171.0,,adjusted
2019-09-30,12.413,12.617,12.188,12.306,190757.0,,adjusted
2019-10-08,12.081,12.387,12.056,12.086,221175.0,,adjusted
2019-10-09,12.081,12.443,11.928,12.346,214889.0,,adjusted
2019-10-10,12.367,12.622,12.244,12.484,297461.0,,adjusted
2019-10-11,12.596,12.678,12.239,12.454,284907.0,,adjusted
2019-10-14,12.454,12.724,12.382,12.54,392198.0,,adjusted
2019-10-15,12.601,12.647,12.091,12.382,352489.0,,adjusted
2019-10-16,12.285,12.285,11.045,11.224,1455346.0,,adjusted
2019-10-17,11.168,11.474,11.117,11.27,495945.0,,adjusted
2019-10-18,11.275,11.295,10.658,10.836,786059.0,,adjusted
2019-10-21,10.658,10.816,10.607,10.806,396076.0,,adjusted
2019-10-22,10.795,10.811,10.556,10.765,362302.0,,adjusted
2019-10-23,10.749,10.994,10.688,10.811,375979.0,,adjusted
2019-10-24,10.821,10.836,10.454,10.724,379269.0,,adjusted
2019-10-25,10.755,10.851,10.607,10.79,281476.0,,adjusted
2019-10-28,10.816,10.897,10.658,10.77,323056.0,,adjusted
2019-10-29,10.76,10.77,10.525,10.53,428253.0,,adjusted
2019-10-30,10.499,10.673,10.351,10.576,314453.0,,adjusted
2019-10-31,10.76,10.811,10.51,10.576,313275.0,,adjusted
2019-11-01,10.556,10.556,10.147,10.341,477704.0,,adjusted
2019-11-04,10.413,10.617,10.249,10.556,500433.0,,adjusted
2019-11-05,10.556,10.612,10.331,10.54,469408.0,,adjusted
2019-11-06,10.566,10.999,10.556,10.658,598414.0,,adjusted
2019-11-07,10.709,10.8,10.489,10.566,380762.0,,adjusted
2019-11-08,10.617,10.673,10.403,10.428,374232.0,,adjusted
2019-11-11,10.316,10.438,10.188,10.265,351440.0,,adjusted
2019-11-12,10.3,10.326,9.688,9.846,597021.0,,adjusted
2019-11-13,9.938,10.214,9.851,10.173,476034.0,,adjusted
2019-11-14,10.3,10.489,10.239,10.3,311023.0,,adjusted
2019-11-15,10.377,10.403,10.132,10.132,226535.0,,adjusted
2019-11-18,10.071,10.28,9.994,10.204,219485.0,,adjusted
2019-11-19,10.229,10.566,10.158,10.55,377201.0,,adjusted
2019-11-20,10.499,10.688,10.403,10.413,258067.0,,adjusted
2019-11-21,10.362,10.698,10.341,10.658,295998.0,,adjusted
2019-11-22,10.653,10.851,10.454,10.627,398614.0,,adjusted
2019-11-25,10.586,10.647,10.336,10.53,275519.0,,adjusted
2019-11-26,10.556,10.785,10.443,10.785,469370.0,,adjusted
2019-11-27,10.683,10.892,10.642,10.714,311988.0,,adjusted
2019-11-28,10.668,10.913,10.668,10.882,419866.0,,adjusted
2019-11-29,10.908,11.234,10.877,11.091,494085.0,,adjusted
2019-12-02,11.331,11.515,11.209,11.26,484747.0,,adjusted
2019-12-03,11.3,11.433,11.147,11.397,310875.0,,adjusted
2019-12-04,11.249,11.499,11.219,11.372,215601.0,,adjusted
2019-12-05,11.464,11.693,11.428,11.647,356350.0,,adjusted
2019-12-06,11.647,12.214,11.642,11.984,517362.0,,adjusted
2019-12-09,12.045,12.229,11.709,11.79,431377.0,,adjusted
2019-12-10,11.821,11.908,11.576,11.704,347496.0,,adjusted
2019-12-11,11.8,11.918,11.489,11.566,369276.0,,adjusted
2019-12-12,11.622,11.816,11.566,11.668,358066.0,,adjusted
2019-12-13,11.79,11.994,11.673,11.678,438585.0,,adjusted
2019-12-16,11.77,11.954,11.704,11.954,394419.0,,adjusted
2019-12-17,11.959,12.188,11.775,12.066,454492.0,,adjusted
2019-12-18,11.933,12.015,11.831,11.969,252856.0,,adjusted
2019-12-19,11.999,11.999,11.55,11.576,307091.0,,adjusted
2019-12-20,11.576,11.714,11.423,11.448,238398.0,,adjusted
2019-12-23,11.219,11.622,11.219,11.285,293596.0,,adjusted
2019-12-24,11.295,11.448,11.229,11.382,165918.0,,adjusted
2019-12-25,11.372,11.76,11.249,11.576,319753.0,,adjusted
2019-12-26,11.586,11.678,11.321,11.392,291012.0,,adjusted
2019-12-27,11.321,11.55,11.193,11.377,375656.0,,adjusted
2019-12-30,11.387,11.673,11.219,11.668,334534.0,,adjusted
2019-12-31,11.673,11.826,11.535,11.591,246122.0,,adjusted
2020-01-02,11.719,12.653,11.704,12.459,774367.0,,adjusted
2020-01-03,12.596,12.826,12.408,12.688,613574.0,,adjusted
2020-01-06,12.581,13.3,12.545,13.005,620407.0,,adjusted
2020-01-07,13.005,13.178,12.795,13.02,351610.0,,adjusted
2020-01-08,13.061,13.341,12.999,13.061,457677.0,,adjusted
2020-01-09,13.234,13.77,13.234,13.693,525869.0,,adjusted
2020-01-10,13.642,13.719,13.285,13.505,484539.0,,adjusted
2020-01-13,13.673,13.765,13.367,13.632,439252.0,,adjusted
2020-01-14,13.719,13.811,13.367,13.566,366171.0,,adjusted
2020-01-15,13.484,13.642,13.209,13.556,332376.0,,adjusted
2020-01-16,13.505,13.571,13.3,13.438,352395.0,,adjusted
2020-01-17,13.846,14.056,13.418,13.658,528450.0,,adjusted
2020-01-20,13.632,13.765,13.438,13.714,306996.0,,adjusted
2020-01-21,13.811,14.178,13.729,14.056,467095.0,,adjusted
2020-01-22,13.882,14.219,13.668,14.158,471057.0,,adjusted
2020-01-23,14.311,14.346,13.209,13.744,606027.0,,adjusted
2020-02-03,12.265,13.566,12.265,13.209,853371.0,,adjusted
2020-02-04,13.351,14.28,13.153,14.178,776015.0,,adjusted
2020-02-05,14.178,14.454,13.8,14.127,665264.0,,adjusted
2020-02-06,13.999,14.433,13.77,14.433,580224.0,,adjusted
2020-02-07,14.535,15.647,14.397,15.642,1026749.0,,adjusted
2020-02-10,15.53,16.362,15.351,15.836,697440.0,,adjusted
2020-02-11,15.658,16.321,15.52,15.663,467727.0,,adjusted
2020-02-12,16.576,16.984,15.668,16.025,933137.0,,adjusted
2020-02-13,16.576,16.576,14.999,15.637,976266.0,,adjusted
2020-02-14,15.351,15.658,15.091,15.341,485106.0,,adjusted
2020-02-17,15.153,15.913,15.147,15.806,630685.0,,adjusted
2020-02-18,15.729,16.499,15.719,15.933,606832.0,,adjusted
2020-02-19,15.816,16.081,15.505,15.576,537140.0,,adjusted
2020-02-20,15.658,16.015,15.326,15.887,541170.0,,adjusted
2020-02-21,15.908,16.525,15.719,16.219,638337.0,,adjusted
2020-02-24,16.525,16.678,15.918,16.27,606001.0,,adjusted
2020-02-25,15.811,16.26,15.249,16.02,635929.0,,adjusted
2020-02-26,15.683,15.795,15.147,15.158,612174.0,,adjusted
2020-02-27,15.28,15.811,14.999,15.54,473789.0,,adjusted
2020-02-28,14.969,15.219,14.392,14.586,519788.0,,adjusted
2020-03-02,14.698,15.137,14.586,14.994,392615.0,,adjusted
2020-03-03,15.214,15.362,14.601,14.744,566088.0,,adjusted
2020-03-04,14.464,14.55,14.076,14.459,650171.0,,adjusted
2020-03-05,14.612,14.979,14.397,14.913,460304.0,,adjusted
2020-03-06,14.729,14.795,14.448,14.586,351253.0,,adjusted
2020-03-09,14.153,14.183,13.556,13.576,844625.0,,adjusted
2020-03-10,13.26,13.954,13.153,13.882,503514.0,,adjusted
2020-03-11,13.964,14.78,13.964,14.101,703240.0,,adjusted
2020-03-12,13.739,13.862,13.321,13.423,531657.0,,adjusted
2020-03-13,12.637,13.392,12.443,13.209,692612.0,,adjusted
2020-03-16,13.219,13.26,11.78,11.78,1018059.0,,adjusted
2020-03-17,11.846,12.183,11.198,11.627,612044.0,,adjusted
2020-03-18,11.831,12.168,11.29,11.326,719816.0,,adjusted
2020-03-19,11.52,11.693,10.561,11.112,979593.0,,adjusted
2020-03-20,11.321,11.454,10.877,11.198,565164.0,,adjusted
2020-03-23,10.607,10.683,10.193,10.285,566291.0,,adjusted
2020-03-24,10.658,10.76,10.02,10.397,639874.0,,adjusted
2020-03-25,10.938,11.423,10.867,11.127,812047.0,,adjusted
2020-03-26,11.015,11.285,10.77,10.969,651827.0,,adjusted
2020-03-27,11.224,11.826,10.989,11.29,742864.0,,adjusted
2020-03-30,10.989,11.811,10.658,11.556,787840.0,,adjusted
2020-03-31,11.632,11.821,11.489,11.596,509784.0,,adjusted
2020-04-01,11.505,12.229,11.505,11.857,662885.0,,adjusted
2020-04-02,11.851,12.168,11.78,12.168,451514.0,,adjusted
2020-04-03,12.188,12.188,11.76,11.846,437567.0,,adjusted
2020-04-07,12.163,12.27,11.938,12.066,518859.0,,adjusted
2020-04-08,11.948,12.188,11.851,12.02,333008.0,,adjusted
2020-04-09,11.928,12.056,11.668,11.724,450123.0,,adjusted
2020-04-10,11.642,11.806,11.499,11.55,243604.0,,adjusted
2020-04-13,11.341,11.459,11.045,11.107,350991.0,,adjusted
2020-04-14,11.392,11.831,11.234,11.821,500834.0,,adjusted
2020-04-15,11.913,12.076,11.755,11.8,391814.0,,adjusted
2020-04-16,11.678,12.418,11.627,12.336,456809.0,,adjusted
2020-04-17,13.214,13.678,13.142,13.678,1638807.0,,adjusted
2020-04-20,13.326,13.326,12.704,13.158,1138565.0,,adjusted
2020-04-21,12.954,13.081,12.653,13.056,581695.0,,adjusted
2020-04-22,12.77,13.387,12.77,13.285,486171.0,,adjusted
2020-04-23,13.489,13.632,13.02,13.132,456241.0,,adjusted
2020-04-24,13.127,13.239,12.918,13.061,285662.0,,adjusted
2020-04-27,13.04,13.51,12.877,13.382,413850.0,,adjusted
2020-04-28,13.464,14.229,13.071,14.127,671793.0,,adjusted
2020-04-29,14.061,14.326,13.882,14.219,430845.0,,adjusted
2020-04-30,14.219,14.954,14.219,14.642,569973.0,,adjusted
2020-05-06,14.438,14.821,14.178,14.499,647556.0,,adjusted
2020-05-07,14.632,15.04,14.489,14.836,472721.0,,adjusted
2020-05-08,14.918,15.05,14.739,14.841,304490.0,,adjusted
2020-05-11,14.408,14.994,14.387,14.637,529477.0,,adjusted
2020-05-12,14.622,15.285,14.489,15.249,504160.0,,adjusted
2020-05-13,15.178,15.326,14.923,15.27,290774.0,,adjusted
2020-05-14,15.132,15.137,14.479,14.499,494272.0,,adjusted
2020-05-15,14.627,14.954,14.484,14.561,348948.0,,adjusted
2020-05-18,14.724,15.678,14.596,15.117,619476.0,,adjusted
2020-05-19,15.413,15.913,15.387,15.464,466686.0,,adjusted
2020-05-20,15.658,15.698,15.091,15.178,312607.0,,adjusted
2020-05-21,15.178,15.306,14.897,15.122,296008.0,,adjusted
2020-05-22,15.03,15.158,14.53,14.724,345667.0,,adjusted
2020-05-25,14.627,14.846,14.413,14.77,235323.0,,adjusted
2020-05-26,14.851,15.071,14.55,14.979,404179.0,,adjusted
2020-05-27,14.943,15.198,14.806,14.882,217106.0,,adjusted
2020-05-28,14.897,15.081,14.295,14.663,257467.0,,adjusted
2020-05-29,14.632,15.505,14.494,15.459,402031.0,,adjusted
2020-06-01,15.709,15.811,15.249,15.755,398789.0,,adjusted
2020-06-02,15.601,15.698,15.214,15.28,337537.0,,adjusted
2020-06-03,15.28,15.357,15.086,15.26,238734.0,,adjusted
2020-06-04,15.219,15.321,14.902,15.015,224457.0,,adjusted
2020-06-05,14.943,15.122,14.811,14.999,209468.0,,adjusted
2020-06-08,14.943,15.566,14.943,15.3,413628.0,,adjusted
2020-06-09,15.351,15.607,15.122,15.586,367964.0,,adjusted
2020-06-10,15.505,15.535,14.979,15.306,338698.0,,adjusted
2020-06-11,15.306,16.525,15.214,16.132,719142.0,,adjusted
2020-06-12,15.836,16.04,15.647,16.035,495533.0,,adjusted
2020-06-15,15.846,15.892,15.545,15.76,356977.0,,adjusted
2020-06-16,15.867,16.234,15.775,15.862,258503.0,,adjusted
2020-06-17,16.168,16.224,15.704,15.989,263470.0,,adjusted
2020-06-18,15.862,16.147,15.612,15.989,208717.0,,adjusted
2020-06-19,16.142,16.499,16.04,16.346,475612.0,,adjusted
2020-06-22,16.367,16.933,16.234,16.719,434004.0,,adjusted
2020-06-23,16.719,17.52,16.545,17.392,599125.0,,adjusted
2020-06-24,17.596,18.413,17.576,18.413,653709.0,,adjusted
2020-06-29,18.923,19.959,18.923,19.586,853951.0,,adjusted
2020-06-30,19.902,20.01,19.188,19.806,444727.0,,adjusted
2020-07-01,20.056,20.408,19.663,20.265,406741.0,,adjusted
2020-07-02,20.239,20.862,19.739,19.913,607075.0,,adjusted
2020-07-03,19.739,20.749,19.739,20.3,490202.0,,adjusted
2020-07-06,20.673,22.163,20.658,21.709,583764.0,,adjusted
2020-07-07,21.857,22.831,21.331,21.576,743921.0,,adjusted
2020-07-08,21.652,22.586,21.627,22.561,561155.0,,adjusted
2020-07-09,22.545,23.173,22.372,22.673,566004.0,,adjusted
2020-07-10,22.29,23.01,22.219,22.601,419832.0,,adjusted
2020-07-13,22.55,23.545,22.469,23.311,513665.0,,adjusted
2020-07-14,23.311,24.423,23.158,23.969,571150.0,,adjusted
2020-07-15,24.331,24.984,23.719,23.851,763363.0,,adjusted
2020-07-16,24.076,24.382,22.346,22.392,808325.0,,adjusted
2020-07-17,22.091,23.362,21.78,22.627,512041.0,,adjusted
2020-07-20,23.311,23.811,22.882,23.377,525764.0,,adjusted
2020-07-21,23.617,24.515,23.454,23.872,746041.0,,adjusted
2020-07-22,23.821,24.101,23.397,23.474,654667.0,,adjusted
2020-07-23,23.673,25.918,23.673,25.918,996436.0,,adjusted
2020-07-24,26.066,26.969,24.806,25.147,1028313.0,,adjusted
2020-07-27,26.198,27.198,25.902,26.474,891551.0,,adjusted
2020-07-28,26.474,26.617,25.397,26.101,570001.0,,adjusted
2020-07-29,26.474,27.402,25.612,26.821,718785.0,,adjusted
2020-07-30,27.015,28.423,26.326,28.27,866994.0,,adjusted
2020-07-31,27.596,28.601,27.112,28.005,684429.0,,adjusted
2020-08-03,28.719,29.581,28.321,28.464,577501.0,,adjusted
2020-08-04,28.489,29.096,28.076,28.877,400628.0,,adjusted
2020-08-05,28.795,28.872,27.382,28.576,508812.0,,adjusted
2020-08-06,28.362,28.51,27.005,27.341,594631.0,,adjusted
2020-08-07,27.346,29.306,27.346,28.719,753299.0,,adjusted
2020-08-10,28.617,29.693,28.096,28.964,573549.0,,adjusted
2020-08-11,29.127,29.561,27.841,28.107,458903.0,,adjusted
2020-08-12,28.107,28.107,26.581,27.27,612388.0,,adjusted
2020-08-13,27.851,28.158,27.28,27.642,345169.0,,adjusted
2020-08-14,27.321,27.959,26.943,27.775,303242.0,,adjusted
2020-08-17,27.499,28.05,27.244,27.607,454076.0,,adjusted
2020-08-18,27.607,28.77,27.433,28.005,463431.0,,adjusted
2020-08-19,28.204,28.26,26.341,26.341,558761.0,,adjusted
2020-08-20,26.331,26.872,25.198,25.26,611025.0,,adjusted
2020-08-21,26.045,27.096,25.964,26.576,605069.0,,adjusted
2020-08-24,27.086,28.989,26.928,28.77,796274.0,,adjusted
2020-08-25,28.795,29.443,28.464,29.05,432118.0,,adjusted
2020-08-26,28.719,29.219,27.8,28.413,423082.0,,adjusted
2020-08-27,28.576,30.071,28.474,29.943,585438.0,,adjusted
2020-08-28,31.168,31.499,29.387,31.147,792738.0,,adjusted
2020-08-31,31.163,32.53,30.816,31.311,546174.0,,adjusted
2020-09-01,31.321,33.351,31.27,33.351,534592.0,,adjusted
2020-09-02,33.719,33.969,32.693,33.724,431363.0,,adjusted
2020-09-03,33.693,33.821,32.571,32.928,424139.0,,adjusted
2020-09-04,32.188,33.377,31.617,32.902,472794.0,,adjusted
2020-09-07,32.698,33.209,30.607,30.923,494965.0,,adjusted
2020-09-08,30.857,32.336,30.402,31.423,474638.0,,adjusted
2020-09-09,30.566,31.489,29.494,31.091,529008.0,,adjusted
2020-09-10,31.464,32.413,31.035,31.632,403544.0,,adjusted
2020-09-11,32.066,34.79,31.76,34.647,779209.0,,adjusted
2020-09-14,35.607,37.05,35.402,36.178,862008.0,,adjusted
2020-09-15,35.709,36.27,35.173,35.744,424468.0,,adjusted
2020-09-16,36.265,37.902,35.683,36.372,654078.0,,adjusted
2020-09-17,35.821,37.54,35.556,37.035,515347.0,,adjusted
2020-09-18,36.882,37.142,35.3,35.785,651743.0,,adjusted
2020-09-21,36.249,36.607,34.744,35.346,499632.0,,adjusted
2020-09-22,35.249,35.459,34.402,34.734,373839.0,,adjusted
2020-09-23,35.306,38.306,34.688,38.306,808678.0,,adjusted
2020-09-24,37.744,38.005,34.54,34.581,957773.0,,adjusted
2020-09-25,35.229,36.28,34.101,35.311,540742.0,,adjusted
2020-09-28,36.107,37.8,35.836,36.78,600079.0,,adjusted
2020-09-29,37.341,37.749,36.428,37.336,410293.0,,adjusted
2020-09-30,37.066,38.163,37.066,37.295,388607.0,,adjusted
2020-10-09,39.979,41.122,39.382,40.862,884362.0,,adjusted
2020-10-12,41.28,41.423,40.096,41.234,589414.0,,adjusted
2020-10-13,40.76,41.51,39.591,41.214,446705.0,,adjusted
2020-10-14,39.78,40.709,39.076,39.749,736584.0,,adjusted
2020-10-15,40.326,40.351,37.295,38.77,638418.0,,adjusted
2020-10-16,38.678,39.107,37.739,37.964,430357.0,,adjusted
2020-10-19,38.045,38.204,35.005,35.505,1034738.0,,adjusted
2020-10-20,35.622,36.515,35.3,36.316,569713.0,,adjusted
2020-10-21,36.775,36.959,35.096,35.76,489452.0,,adjusted
2020-10-22,35.586,35.586,34.244,34.994,508667.0,,adjusted
2020-10-23,35.3,35.826,33.464,33.693,569290.0,,adjusted
2020-10-26,33.3,35.484,32.637,34.989,732022.0,,adjusted
2020-10-27,34.678,35.647,34.158,35.515,470794.0,,adjusted
2020-10-28,34.831,36.336,34.831,35.933,534438.0,,adjusted
2020-10-29,35.341,37.51,35.086,36.974,543869.0,,adjusted
2020-10-30,37.377,38.306,36.545,37.887,632506.0,,adjusted
2020-11-02,35.091,37.719,34.892,36.734,901187.0,,adjusted
2020-11-03,36.923,37.137,34.841,35.321,717666.0,,adjusted
2020-11-04,35.321,35.765,33.795,34.729,773005.0,,adjusted
2020-11-05,35.851,36.979,35.749,36.867,849666.0,,adjusted
2020-11-06,37.637,37.994,35.101,35.51,731941.0,,adjusted
2020-11-09,35.571,36.979,34.744,35.938,733820.0,,adjusted
2020-11-10,36.056,37.938,34.999,37.275,734478.0,,adjusted
2020-11-11,36.872,38.351,36.362,36.362,637120.0,,adjusted
2020-11-12,37.173,37.28,34.729,34.857,877083.0,,adjusted
2020-11-13,34.867,34.928,31.806,33.076,1422071.0,,adjusted
2020-11-16,33.142,33.734,31.821,33.234,651264.0,,adjusted
2020-11-17,33.26,33.448,32.025,32.377,510186.0,,adjusted
2020-11-18,32.229,32.494,30.749,31.127,882509.0,,adjusted
2020-11-19,31.311,32.28,30.918,32.193,586946.0,,adjusted
2020-11-20,32.729,33.443,32.224,33.244,517150.0,,adjusted
2020-11-23,33.601,34.015,32.683,33.658,568235.0,,adjusted
2020-11-24,33.627,33.627,32.622,33.239,366998.0,,adjusted
2020-11-25,33.331,34.096,32.882,33.188,351772.0,,adjusted
2020-11-26,32.994,33.607,32.331,33.54,381729.0,,adjusted
2020-11-27,33.489,34.78,33.198,34.576,559505.0,,adjusted
2020-11-30,34.326,34.601,33.709,34.168,417150.0,,adjusted
2020-12-01,34.295,35.081,34.096,34.79,439532.0,,adjusted
2020-12-02,35.086,35.494,34.26,34.688,333060.0,,adjusted
2020-12-03,34.831,35.005,34.326,34.54,241342.0,,adjusted
2020-12-04,34.55,34.658,33.607,34.443,371772.0,,adjusted
2020-12-07,34.719,35.979,34.423,35.709,553026.0,,adjusted
2020-12-08,35.851,36.607,35.596,36.127,448746.0,,adjusted
2020-12-09,36.147,36.923,35.902,36.55,454779.0,,adjusted
2020-12-10,36.362,37.51,35.724,36.923,576868.0,,adjusted
2020-12-11,37.382,37.423,35.862,36.26,521764.0,,adjusted
2020-12-14,36.872,38.652,36.515,37.775,648126.0,,adjusted
2020-12-15,37.775,38.173,36.948,38.05,496901.0,,adjusted
2020-12-16,38.913,38.913,37.617,37.892,433947.0,,adjusted
2020-12-17,37.52,37.622,36.362,37.285,456602.0,,adjusted
2020-12-18,37.255,38.811,37.096,38.734,493019.0,,adjusted
2020-12-21,41.974,42.698,40.959,42.698,1048520.0,,adjusted
2020-12-22,43.249,45.515,42.994,43.964,1244895.0,,adjusted
2020-12-23,44.974,46.841,44.571,46.158,932495.0,,adjusted
2020-12-24,45.535,46.244,44.765,45.341,594674.0,,adjusted
2020-12-25,45.8,47.04,45.137,46.795,778593.0,,adjusted
2020-12-28,46.806,47.433,45.443,46.132,633568.0,,adjusted
2020-12-29,46.255,46.26,43.811,44.219,871120.0,,adjusted
2020-12-30,45.035,46.219,44.29,45.413,758330.0,,adjusted
2020-12-31,45.954,46.938,44.591,46.158,851979.0,,adjusted
2021-01-04,46.158,50.862,46.158,50.188,1132259.0,,adjusted
2021-01-05,49.632,53.647,49.066,52.622,991979.0,,adjusted
2021-01-06,52.642,54.372,51.948,53.709,862448.0,,adjusted
2021-01-07,55.025,57.678,53.964,57.05,988987.0,,adjusted
2021-01-08,58.3,58.811,53.678,55.443,1266200.0,,adjusted
2021-01-11,55.647,55.647,52.571,53.275,985287.0,,adjusted
2021-01-12,53.025,55.556,52.627,55.214,854056.0,,adjusted
2021-01-13,55.3,57.469,53.53,54.311,879976.0,,adjusted
2021-01-14,53.198,53.26,50.132,50.642,1209975.0,,adjusted
2021-01-15,50.086,51.846,49.377,51.336,790026.0,,adjusted
2021-01-18,50.137,52.331,49.816,51.755,712453.0,,adjusted
2021-01-19,52.943,53.642,50.688,51.413,615736.0,,adjusted
2021-01-20,51.821,54.413,51.056,54.377,739912.0,,adjusted
2021-01-21,55.117,58.127,53.964,57.29,954058.0,,adjusted
2021-01-22,57.306,61.316,57.306,60.188,888397.0,,adjusted
2021-01-25,60.617,62.892,57.127,58.693,1155619.0,,adjusted
2021-01-26,58.295,58.658,56.372,57.321,717691.0,,adjusted
2021-01-27,57.025,61.872,56.158,61.872,988605.0,,adjusted
2021-01-28,59.402,60.382,56.704,56.892,920577.0,,adjusted
2021-01-29,56.77,56.77,52.035,53.989,1373758.0,,adjusted
2021-02-01,53.198,54.443,52.066,53.668,752542.0,,adjusted
2021-02-02,54.372,56.025,52.729,54.734,714914.0,,adjusted
2021-02-03,55.647,57.229,53.918,54.637,789819.0,,adjusted
2021-02-04,53.709,56.673,53.438,55.617,728164.0,,adjusted
2021-02-05,56.821,59.632,56.77,57.596,1002456.0,,adjusted
2021-02-08,57.596,57.596,53.357,56.362,836330.0,,adjusted
2021-02-09,56.77,59.26,56.52,59.02,814086.0,,adjusted
2021-02-10,60.336,61.974,59.066,61.351,809834.0,,adjusted
2021-02-18,62.576,63.239,60.346,61.515,778896.0,,adjusted
2021-02-19,60.224,60.698,57.127,58.811,777775.0,,adjusted
2021-02-22,57.79,60.035,54.474,54.668,887537.0,,adjusted
2021-02-23,53.198,57.05,52.433,55.887,655353.0,,adjusted
2021-02-24,55.234,56.05,50.652,52.178,1005151.0,,adjusted
2021-02-25,53.709,53.765,51.78,52.178,602497.0,,adjusted
2021-02-26,50.137,53.448,49.627,52.413,763989.0,,adjusted
2021-03-01,53.964,55.8,53.204,54.938,702363.0,,adjusted
2021-03-02,55.739,57.025,53.724,55.234,665147.0,,adjusted
2021-03-03,54.821,54.846,52.77,54.219,588298.0,,adjusted
2021-03-04,52.433,52.688,48.999,49.168,1129073.0,,adjusted
2021-03-05,47.107,50.54,46.316,49.851,743922.0,,adjusted
2021-03-08,50.137,50.382,44.78,44.78,1174067.0,,adjusted
2021-03-09,43.408,44.77,41.066,41.974,1287542.0,,adjusted
2021-03-10,44.015,44.423,42.198,42.484,1015468.0,,adjusted
2021-03-11,42.943,45.127,42.489,44.52,805422.0,,adjusted
2021-03-12,45.79,45.79,43.8,45.586,819263.0,,adjusted
2021-03-15,44.505,44.505,40.938,40.938,1101871.0,,adjusted
2021-03-16,40.29,41.204,39.821,40.749,731540.0,,adjusted
2021-03-17,40.755,41.622,39.525,41.29,607051.0,,adjusted
2021-03-18,41.29,41.8,40.581,41.387,680750.0,,adjusted
2021-03-19,39.933,40.341,38.831,39.402,754848.0,,adjusted
2021-03-22,39.933,40.729,39.525,39.959,552052.0,,adjusted
2021-03-23,39.933,40.188,38.652,39.204,580496.0,,adjusted
2021-03-24,39.413,39.627,38.061,38.295,483894.0,,adjusted
2021-03-25,37.637,38.76,37.387,38.402,473457.0,,adjusted
2021-03-26,38.918,40.505,38.658,40.147,872216.0,,adjusted
2021-03-29,40.147,40.683,39.372,40.035,577405.0,,adjusted
2021-03-30,40.03,44.061,39.729,43.821,1044602.0,,adjusted
2021-03-31,44.01,45.377,43.163,44.015,811828.0,,adjusted
2021-04-01,44.652,46.438,43.851,44.841,653779.0,,adjusted
2021-04-02,44.719,45.193,43.341,44.469,564100.0,,adjusted
2021-04-06,45.423,47.397,45.132,46.663,766071.0,,adjusted
2021-04-07,46.673,46.688,44.351,44.586,658157.0,,adjusted
2021-04-08,43.505,44.438,42.882,43.867,515702.0,,adjusted
2021-04-09,41.974,43.076,41.489,41.857,652576.0,,adjusted
2021-04-12,41.464,42.127,40.188,40.693,578569.0,,adjusted
2021-04-13,40.678,41.612,40.443,40.749,414936.0,,adjusted
2021-04-14,40.54,41.459,40.285,41.02,515784.0,,adjusted
2021-04-15,40.902,43.76,40.494,43.392,823601.0,,adjusted
2021-04-16,43.249,43.26,41.55,42.663,538801.0,,adjusted
2021-04-19,42.943,45.117,42.367,44.836,752105.0,,adjusted
2021-04-20,44.831,47.331,44.454,46.26,839439.0,,adjusted
2021-04-21,47.076,47.877,45.372,46.28,870869.0,,adjusted
2021-04-22,46.826,47.015,44.209,45.346,583280.0,,adjusted
2021-04-23,45.392,46.719,45.392,46.05,460360.0,,adjusted
2021-04-26,46.311,47.678,45.55,45.79,583062.0,,adjusted
2021-04-27,45.954,46.601,45.04,45.994,443382.0,,adjusted
2021-04-28,46.056,47.464,45.632,47.346,545046.0,,adjusted
2021-04-29,47.663,47.663,45.989,47.127,452026.0,,adjusted
2021-04-30,47.408,50.433,47.387,49.831,810835.0,,adjusted
2021-05-06,49.612,52.025,49.132,50.137,723184.0,,adjusted
2021-05-07,50.142,51.566,48.096,48.469,535899.0,,adjusted
2021-05-10,48.127,49.882,47.081,48.913,428206.0,,adjusted
2021-05-11,48.071,48.316,46.581,48.198,435065.0,,adjusted
2021-05-12,47.841,48.994,47.79,48.392,255414.0,,adjusted
2021-05-13,47.27,47.994,46.872,47.331,303157.0,,adjusted
2021-05-14,47.469,48.214,46.244,47.994,370969.0,,adjusted
2021-05-17,48.02,50.076,48.02,49.806,523812.0,,adjusted
2021-05-18,49.974,50.642,49.321,49.969,350405.0,,adjusted
2021-05-19,49.974,51.056,49.372,50.474,421867.0,,adjusted
2021-05-20,50.479,50.749,49.117,49.464,395985.0,,adjusted
2021-05-21,50.239,51.663,48.897,49.408,542247.0,,adjusted
2021-05-24,48.862,48.862,47.127,48.229,544179.0,,adjusted
2021-05-25,47.637,49.117,46.749,49.117,780225.0,,adjusted
2021-05-26,49.117,49.596,47.999,48.076,472846.0,,adjusted
2021-05-27,47.841,48.545,47.469,47.647,457138.0,,adjusted
2021-05-28,47.647,49.872,47.178,48.734,657907.0,,adjusted
2021-05-31,49.117,51.413,48.372,51.209,791348.0,,adjusted
2021-06-01,51.285,51.464,49.576,50.698,502859.0,,adjusted
2021-06-02,52.178,52.943,50.408,50.795,558120.0,,adjusted
2021-06-03,50.137,50.545,48.372,48.454,674631.0,,adjusted
2021-06-04,47.897,48.637,46.974,47.908,576634.0,,adjusted
2021-06-07,47.923,47.943,46.351,46.974,520968.0,,adjusted
2021-06-08,46.811,48.045,46.362,47.8,425440.0,,adjusted
2021-06-09,47.841,48.887,47.076,48.668,406539.0,,adjusted
2021-06-10,49.413,52.984,49.142,51.999,1308535.0,,adjusted
2021-06-11,52.831,56.26,52.28,54.984,1222984.0,,adjusted
2021-06-15,54.984,55.749,52.739,53.204,776046.0,,adjusted
2021-06-16,52.566,53.198,49.678,50.459,782990.0,,adjusted
2021-06-17,50.979,51.749,50.341,51.474,499869.0,,adjusted
2021-06-18,51.749,54.52,51.26,53.469,662764.0,,adjusted
2021-06-21,53.3,55.749,52.168,54.755,604884.0,,adjusted
2021-06-22,55.443,55.724,53.448,55.086,469053.0,,adjusted
2021-06-23,55.873,58.109,55.53,56.23,899358.0,,adjusted
2021-06-24,57.53,60.23,56.116,59.352,1244492.0,,adjusted
2021-06-25,59.352,62.316,58.766,60.787,1059874.0,,adjusted
2021-06-28,60.816,62.094,60.087,60.459,867291.0,,adjusted
2021-06-29,60.73,63.637,60.73,62.673,1247146.0,,adjusted
2021-06-30,61.773,63.452,61.223,62.702,707116.0,,adjusted
2021-07-01,62.73,63.166,59.959,60.044,991661.0,,adjusted
2021-07-02,58.88,60.294,57.53,58.287,1086764.0,,adjusted
2021-07-05,58.28,59.823,58.173,59.287,715235.0,,adjusted
2021-07-06,59.344,60.13,57.037,58.366,949822.0,,adjusted
2021-07-07,57.387,63.444,56.866,63.444,1477927.0,,adjusted
2021-07-08,63.53,65.673,62.816,64.03,1247019.0,,adjusted
2021-07-09,63.073,65.666,61.494,64.909,1164086.0,,adjusted
2021-07-12,64.994,66.587,64.002,64.509,1066938.0,,adjusted
2021-07-13,63.887,65.53,62.83,63.073,980266.0,,adjusted
2021-07-14,62.987,63.637,61.159,61.744,876999.0,,adjusted
2021-07-15,61.03,65.923,60.873,65.766,1274374.0,,adjusted
2021-07-16,65.673,65.994,62.73,62.816,980786.0,,adjusted
2021-07-19,62.459,64.102,61.244,62.187,823849.0,,adjusted
2021-07-20,61.494,63.959,61.287,63.209,638204.0,,adjusted
2021-07-21,64.23,66.744,63.573,65.837,1094846.0,,adjusted
2021-07-22,66.387,66.88,64.673,65.659,801304.0,,adjusted
2021-07-23,65.352,67.423,64.959,65.166,803541.0,,adjusted
2021-07-26,64.494,64.73,59.394,62.423,1390853.0,,adjusted
2021-07-27,62.102,63.516,58.966,59.023,1080944.0,,adjusted
2021-07-28,57.816,60.98,56.623,60.294,1120522.0,,adjusted
2021-07-29,62.102,63.837,60.602,63.316,1095810.0,,adjusted
2021-07-30,63.087,63.087,60.216,60.616,1046094.0,,adjusted
2021-08-02,59.852,62.816,58.973,61.116,880488.0,,adjusted
2021-08-03,61.959,62.23,59.137,60.08,752270.0,,adjusted
2021-08-04,60.08,65.373,59.973,64.944,1710555.0,,adjusted
2021-08-05,64.73,67.209,63.537,65.794,1224974.0,,adjusted
2021-08-06,65.802,67.33,64.53,64.887,804946.0,,adjusted
2021-08-09,64.809,64.809,61.102,62.123,1019557.0,,adjusted
2021-08-10,62.459,62.873,60.587,61.587,861532.0,,adjusted
2021-08-11,61.602,61.666,59.959,60.759,748327.0,,adjusted
2021-08-12,60.673,61.452,59.102,61.13,870289.0,,adjusted
2021-08-13,59.959,60.673,59.202,59.359,804452.0,,adjusted
2021-08-16,58.623,60.309,58.244,59.794,600713.0,,adjusted
2021-08-17,60.102,61.159,59.23,59.959,741640.0,,adjusted
2021-08-18,59.344,60.316,56.802,57.802,973818.0,,adjusted
2021-08-19,57.744,58.387,54.323,56.666,1242400.0,,adjusted
2021-08-20,56.094,57.387,55.159,55.759,704669.0,,adjusted
2021-08-23,56.066,57.244,54.602,56.923,830602.0,,adjusted
2021-08-24,57.494,60.673,56.859,59.344,1196427.0,,adjusted
2021-08-25,59.966,62.73,59.452,62.194,1294191.0,,adjusted
2021-08-26,62.602,63.387,60.659,60.673,906197.0,,adjusted
2021-08-27,60.673,64.473,60.673,64.109,1365770.0,,adjusted
2021-08-30,65.494,69.659,64.602,68.744,1819453.0,,adjusted
2021-08-31,67.016,67.016,62.23,63.144,1787544.0,,adjusted
2021-09-01,61.816,62.53,58.73,59.98,1305172.0,,adjusted
2021-09-02,60.444,62.73,60.444,62.202,844706.0,,adjusted
2021-09-03,63.102,64.459,59.93,60.38,948806.0,,adjusted
2021-09-06,61.387,61.773,58.666,60.694,756985.0,,adjusted
2021-09-07,61.03,61.752,59.659,61.752,650985.0,,adjusted
2021-09-08,62.023,62.673,59.244,59.73,883827.0,,adjusted
2021-09-09,59.244,59.602,57.102,58.38,1094681.0,,adjusted
2021-09-10,57.816,59.487,57.252,59.109,701639.0,,adjusted
2021-09-13,59.123,59.123,56.794,57.387,868883.0,,adjusted
2021-09-14,57.216,58.866,56.83,57.752,800553.0,,adjusted
2021-09-15,58.673,59.744,58.309,59.316,865062.0,,adjusted
2021-09-16,59.959,59.966,57.109,57.109,802577.0,,adjusted
2021-09-17,56.852,57.587,55.673,56.53,684170.0,,adjusted
2021-09-22,55.516,57.459,55.33,56.637,414371.0,,adjusted
2021-09-23,57.137,57.344,56.18,56.523,517374.0,,adjusted
2021-09-24,56.566,58.644,55.402,57.68,776358.0,,adjusted
2021-09-27,58.38,58.88,56.752,58.516,809012.0,,adjusted
2021-09-28,58.494,58.994,57.144,57.502,483319.0,,adjusted
2021-09-29,56.459,58.173,55.923,57.152,556548.0,,adjusted
2021-09-30,57.173,58.673,57.173,58.159,491999.0,,adjusted
2021-10-08,58.673,58.78,55.502,56.066,814870.0,,adjusted
2021-10-11,56.137,56.652,54.559,55.28,645778.0,,adjusted
2021-10-12,55.323,55.844,54.43,55.066,495737.0,,adjusted
2021-10-13,55.587,58.794,55.587,58.68,1041916.0,,adjusted
2021-10-14,58.552,58.98,57.544,57.852,530644.0,,adjusted
2021-10-15,57.816,60.316,57.33,59.959,984941.0,,adjusted
2021-10-18,61.244,62.102,59.244,60.694,705854.0,,adjusted
2021-10-19,61.616,61.637,59.73,59.952,490067.0,,adjusted
2021-10-20,59.816,63.523,59.709,62.002,1068798.0,,adjusted
2021-10-21,61.394,61.616,58.959,59.544,850080.0,,adjusted
2021-10-22,59.159,60.352,58.523,59.687,560815.0,,adjusted
2021-10-25,59.687,62.973,59.602,62.102,983623.0,,adjusted
2021-10-26,62.602,63.123,60.944,60.959,603432.0,,adjusted
2021-10-27,61.03,63.244,60.673,62.394,919678.0,,adjusted
2021-10-28,62.723,63.602,62.009,62.902,912002.0,,adjusted
2021-10-29,63.03,69.159,61.609,69.023,2243625.0,,adjusted
2021-11-01,68.88,73.03,68.252,70.816,1944072.0,,adjusted
2021-11-02,70.673,72.652,69.773,70.659,1225232.0,,adjusted
2021-11-03,69.244,69.973,63.659,64.244,1993185.0,,adjusted
2021-11-04,65.673,67.23,64.516,65.316,1297883.0,,adjusted
2021-11-05,62.823,65.03,60.83,63.53,1202336.0,,adjusted
2021-11-08,62.802,65.109,62.459,64.744,700956.0,,adjusted
2021-11-09,66.709,67.03,65.18,65.766,715354.0,,adjusted
2021-11-10,65.03,68.137,64.816,66.959,791831.0,,adjusted
2021-11-11,68.523,69.244,65.994,67.666,759115.0,,adjusted
2021-11-12,68.609,69.137,66.744,66.937,627621.0,,adjusted
2021-11-15,66.309,66.309,64.173,65.166,640534.0,,adjusted
2021-11-16,65.173,65.537,63.352,63.516,533499.0,,adjusted
2021-11-17,64.03,65.802,62.773,64.452,854882.0,,adjusted
2021-11-18,64.387,64.387,61.859,63.33,724482.0,,adjusted
2021-11-19,63.237,65.409,62.123,64.88,878592.0,,adjusted
2021-11-22,65.53,65.866,63.787,65.087,899454.0,,adjusted
2021-11-23,64.587,67.28,64.409,65.516,817412.0,,adjusted
2021-11-24,66.109,66.173,63.294,64.08,750539.0,,adjusted
2021-11-25,63.53,63.53,61.137,61.702,1067463.0,,adjusted
2021-11-26,61.387,62.209,60.859,61.637,563559.0,,adjusted
2021-11-29,60.673,62.216,60.259,62.094,541898.0,,adjusted
2021-11-30,62.237,62.516,60.987,61.687,430959.0,,adjusted
2021-12-01,60.509,60.823,58.544,59.287,1195722.0,,adjusted
2021-12-02,58.744,59.459,58.359,58.623,635101.0,,adjusted
2021-12-03,58.387,58.394,56.423,57.987,1021425.0,,adjusted
2021-12-06,57.816,58.88,57.494,57.737,629615.0,,adjusted
2021-12-07,58.244,59.23,57.137,59.223,748803.0,,adjusted
2021-12-08,59.602,59.737,58.237,59.359,730797.0,,adjusted
2021-12-09,59.016,60.387,58.837,59.959,617135.0,,adjusted
2021-12-10,59.616,61.744,59.237,61.252,752874.0,,adjusted
2021-12-13,61.252,62.98,60.744,61.873,801774.0,,adjusted
2021-12-14,61.959,62.33,60.68,61.059,484982.0,,adjusted
2021-12-15,60.659,61.602,59.959,60.173,495054.0,,adjusted
2021-12-16,59.994,60.773,59.823,60.302,381490.0,,adjusted
2021-12-17,58.887,59.48,57.459,57.744,821856.0,,adjusted
2021-12-20,57.123,57.602,55.794,56.737,657110.0,,adjusted
2021-12-21,56.616,57.102,55.83,57.087,485882.0,,adjusted
2021-12-22,57.673,57.673,56.366,56.466,402722.0,,adjusted
2021-12-23,56.073,57.102,55.887,56.53,440370.0,,adjusted
2021-12-24,56.394,56.516,54.816,54.873,675515.0,,adjusted
2021-12-27,54.744,55.852,54.43,55.059,407902.0,,adjusted
2021-12-28,54.959,57.744,54.673,57.494,686944.0,,adjusted
2021-12-29,57.23,58.494,56.959,57.823,528764.0,,adjusted
2021-12-30,58.03,59.237,56.752,57.266,632874.0,,adjusted
2021-12-31,59.244,61.623,59.244,60.816,1213772.0,,adjusted
2022-01-04,61.016,62.116,58.259,59.859,881243.0,,adjusted
2022-01-05,59.816,59.816,57.237,57.437,631038.0,,adjusted
2022-01-06,56.387,57.673,55.93,56.78,436893.0,,adjusted
2022-01-07,56.894,57.794,56.144,56.58,481170.0,,adjusted
2022-01-10,56.673,57.294,55.802,56.173,405479.0,,adjusted
2022-01-11,55.959,56.366,54.673,54.944,534768.0,,adjusted
2022-01-12,55.523,56.859,55.03,56.53,497164.0,,adjusted
2022-01-13,56.744,56.816,55.316,55.852,348844.0,,adjusted
2022-01-14,55.602,56.737,55.166,55.852,350270.0,,adjusted
2022-01-17,57.016,58.109,56.459,57.109,499007.0,,adjusted
2022-01-18,56.837,57.316,55.666,56.037,432470.0,,adjusted
2022-01-19,55.809,55.887,54.88,55.323,345669.0,,adjusted
2022-01-20,54.959,55.373,54.659,55.102,283251.0,,adjusted
2022-01-21,54.959,54.959,53.259,53.53,582372.0,,adjusted
2022-01-24,53.173,54.744,51.98,53.916,508964.0,,adjusted
2022-01-25,53.102,54.244,52.323,52.423,441928.0,,adjusted
2022-01-26,52.966,54.744,52.68,54.466,566340.0,,adjusted
2022-01-27,54.173,54.244,52.316,52.409,525137.0,,adjusted
2022-01-28,52.852,53.187,47.244,49.323,1040468.0,,adjusted
2022-02-07,50.387,52.337,49.894,51.544,658895.0,,adjusted
2022-02-08,51.53,51.537,49.101,50.573,486661.0,,adjusted
2022-02-09,50.73,50.98,49.444,50.087,462380.0,,adjusted
2022-02-10,50.316,50.33,47.473,48.173,795412.0,,adjusted
2022-02-11,47.101,47.916,45.53,45.78,1020831.0,,adjusted
2022-02-14,45.487,46.559,44.63,45.909,561972.0,,adjusted
2022-02-15,46.359,48.394,46.051,48.223,715621.0,,adjusted
2022-02-16,48.816,48.816,47.601,47.866,420373.0,,adjusted
2022-02-17,47.53,49.487,47.359,48.887,622478.0,,adjusted
2022-02-18,48.53,48.744,47.616,48.209,424515.0,,adjusted
2022-02-21,48.159,48.444,47.351,48.03,326034.0,,adjusted
2022-02-22,47.509,49.373,46.816,48.594,633490.0,,adjusted
2022-02-23,49.394,50.866,49.266,50.673,790910.0,,adjusted
2022-02-24,50.423,53.03,50.009,51.423,1082287.0,,adjusted
2022-02-25,52.816,53.709,51.744,52.502,744179.0,,adjusted
2022-02-28,52.502,54.852,52.209,54.723,869304.0,,adjusted
2022-03-01,56.744,57.716,55.902,56.423,1077074.0,,adjusted
2022-03-02,56.402,56.73,54.437,56.423,674373.0,,adjusted
2022-03-03,56.637,56.837,55.094,55.309,428574.0,,adjusted
2022-03-04,54.202,55.959,53.844,54.816,411258.0,,adjusted
2022-03-07,54.216,55.509,53.166,54.102,541835.0,,adjusted
2022-03-08,53.602,56.302,53.602,54.773,869178.0,,adjusted
2022-03-09,56.38,57.03,52.101,55.066,933539.0,,adjusted
2022-03-10,57.53,58.409,57.244,57.63,1167538.0,,adjusted
2022-03-11,56.473,58.03,55.43,56.752,767912.0,,adjusted
2022-03-14,56.83,58.373,55.859,56.159,640850.0,,adjusted
2022-03-15,55.23,56.93,54.002,54.53,761873.0,,adjusted
2022-03-16,55.887,57.244,53.444,57.102,977037.0,,adjusted
2022-03-17,58.53,58.952,56.637,56.902,938953.0,,adjusted
2022-03-18,56.673,57.23,55.459,56.873,442803.0,,adjusted
2022-03-21,56.952,58.53,56.744,58.237,669540.0,,adjusted
2022-03-22,58.537,58.802,55.816,56.737,508038.0,,adjusted
2022-03-23,57.109,57.809,55.98,56.744,399805.0,,adjusted
2022-03-24,56.244,56.244,54.287,55.537,522169.0,,adjusted
2022-03-25,55.53,55.53,53.387,53.459,488689.0,,adjusted
2022-03-28,52.794,54.444,52.466,53.423,472079.0,,adjusted
2022-03-29,53.873,54.73,51.673,52.344,545709.0,,adjusted
2022-03-30,52.587,53.094,51.437,53.094,645522.0,,adjusted
2022-03-31,53.03,53.03,50.409,50.809,649706.0,,adjusted
2022-04-01,49.959,52.337,49.244,51.101,505231.0,,adjusted
2022-04-06,49.244,49.301,47.816,48.244,865522.0,,adjusted
2022-04-07,48.209,48.759,47.28,48.409,497375.0,,adjusted
2022-04-08,48.409,49.001,46.987,47.744,449961.0,,adjusted
2022-04-11,47.387,47.459,45.68,46.259,565606.0,,adjusted
2022-04-12,47.087,47.287,46.03,47.001,421667.0,,adjusted
2022-04-13,46.887,47.38,46.094,46.88,369887.0,,adjusted
2022-04-14,47.459,47.73,46.244,47.123,402115.0,,adjusted
2022-04-15,46.387,47.009,45.673,46.673,449692.0,,adjusted
2022-04-18,46.337,49.044,45.916,48.673,636220.0,,adjusted
2022-04-19,48.53,49.709,48.366,48.601,467311.0,,adjusted
2022-04-20,47.244,48.137,46.859,46.959,492728.0,,adjusted
2022-04-21,46.566,47.137,43.53,43.944,850586.0,,adjusted
2022-04-22,42.816,43.816,42.673,43.53,573136.0,,adjusted
2022-04-25,42.101,42.451,39.601,39.68,700467.0,,adjusted
2022-04-26,39.68,41.294,39.387,40.08,580948.0,,adjusted
2022-04-27,39.644,43.137,39.63,43.03,761615.0,,adjusted
2022-04-28,42.101,46.387,39.987,45.373,1069988.0,,adjusted
2022-04-29,45.666,48.316,45.016,47.787,828603.0,,adjusted
2022-05-05,48.044,49.894,47.787,48.587,657867.0,,adjusted
2022-05-06,47.38,48.166,47.101,47.123,390392.0,,adjusted
2022-05-09,46.88,49.244,46.673,48.766,463673.0,,adjusted
2022-05-10,46.644,50.194,46.644,48.116,606858.0,,adjusted
2022-05-11,48.459,51.387,48.437,50.244,808780.0,,adjusted
2022-05-12,50.173,50.173,48.709,49.087,526911.0,,adjusted
2022-05-13,49.866,49.98,48.687,49.073,302238.0,,adjusted
2022-05-16,49.209,49.944,47.816,47.816,422430.0,,adjusted
2022-05-17,48.173,49.959,47.959,49.466,566168.0,,adjusted
2022-05-18,49.93,50.309,49.101,49.794,493976.0,,adjusted
2022-05-19,49.387,53.466,49.101,52.937,1058988.0,,adjusted
2022-05-20,53.244,54.559,53.023,54.016,661735.0,,adjusted
2022-05-23,54.016,54.244,52.516,53.459,422164.0,,adjusted
2022-05-24,53.473,53.816,51.644,51.694,409644.0,,adjusted
2022-05-25,51.509,52.552,51.194,52.087,340881.0,,adjusted
2022-05-26,52.101,53.173,51.101,52.887,439478.0,,adjusted
2022-05-27,53.537,54.587,52.587,52.902,328856.0,,adjusted
2022-05-30,53.144,54.159,52.816,53.752,417539.0,,adjusted
2022-05-31,55.08,55.88,54.366,55.816,578347.0,,adjusted
2022-06-01,55.816,56.016,54.673,55.459,335015.0,,adjusted
2022-06-02,55.673,56.509,54.959,56.373,377225.0,,adjusted
2022-06-06,57.15,61.73,56.43,60.05,1068502.0,,adjusted
2022-06-07,62.13,62.99,60.03,60.06,1467264.0,,adjusted
2022-06-08,60.51,60.73,58.44,59.64,974319.0,,adjusted
2022-06-09,59.64,61.02,59.33,60.41,794661.0,,adjusted
2022-06-10,59.43,60.92,57.41,60.49,941228.0,,adjusted
2022-06-13,59.44,60.97,59.33,60.17,578385.0,,adjusted
2022-06-14,59.55,59.63,57.03,58.76,973316.0,,adjusted
2022-06-15,58.76,59.4,56.93,57.93,981144.0,,adjusted
2022-06-16,57.92,59.97,57.83,59.38,752997.0,,adjusted
2022-06-17,58.71,60.53,58.44,60.28,795614.0,,adjusted
2022-06-20,60.89,61.03,59.48,60.2,812627.0,,adjusted
2022-06-21,60.23,62.68,59.13,60.38,945433.0,,adjusted
2022-06-22,60.38,62.29,59.93,60.78,783961.0,,adjusted
2022-06-23,60.98,61.57,60.01,61.23,630823.0,,adjusted
2022-06-24,62.38,63.93,61.94,63.78,1220966.0,,adjusted
2022-06-27,64.91,64.93,63.31,64.01,862733.0,,adjusted
2022-06-28,64.07,67.25,62.93,67.03,1214056.0,,adjusted
2022-06-29,66.33,67.38,63.41,63.59,1014553.0,,adjusted
2022-06-30,63.53,67.03,62.61,66.06,1082377.0,,adjusted
2022-07-01,66.91,67.43,63.53,64.32,964942.0,,adjusted
2022-07-04,62.13,64.92,62.11,63.8,909955.0,,adjusted
2022-07-05,63.93,64.42,62.53,63.58,756245.0,,adjusted
2022-07-06,63.58,64.34,62.11,62.93,644830.0,,adjusted
2022-07-07,62.86,64.13,61.55,63.73,831723.0,,adjusted
2022-07-08,64.55,64.82,61.51,61.61,823120.0,,adjusted
2022-07-11,60.73,60.91,58.91,59.67,841874.0,,adjusted
2022-07-12,59.99,60.37,58.06,58.36,708078.0,,adjusted
2022-07-13,58.36,61.61,58.17,61.0,934186.0,,adjusted
2022-07-14,61.0,62.42,60.38,61.34,800665.0,,adjusted
2022-07-15,61.1,63.91,60.94,61.47,894543.0,,adjusted
2022-07-18,62.12,62.31,60.23,61.53,581429.0,,adjusted
2022-07-19,61.54,61.72,59.13,59.58,770319.0,,adjusted
2022-07-20,60.31,60.42,58.94,59.25,529616.0,,adjusted
2022-07-21,59.21,59.71,58.44,58.56,500102.0,,adjusted
2022-07-22,59.4,60.66,58.93,59.57,793038.0,,adjusted
2022-07-25,59.93,60.05,58.03,58.24,503600.0,,adjusted
2022-07-26,58.43,59.92,58.11,59.08,532192.0,,adjusted
2022-07-27,59.13,61.18,58.89,60.69,805226.0,,adjusted
2022-07-28,60.93,62.03,59.94,60.61,732776.0,,adjusted
2022-07-29,60.81,62.31,60.64,60.93,723450.0,,adjusted
2022-08-01,61.13,61.23,58.93,60.64,652371.0,,adjusted
2022-08-02,59.53,59.9,57.89,59.02,878740.0,,adjusted
2022-08-03,59.02,60.03,55.63,56.29,1150704.0,,adjusted
2022-08-04,56.29,56.63,54.13,55.19,1094067.0,,adjusted
2022-08-05,55.62,56.22,54.75,56.16,602353.0,,adjusted
2022-08-08,56.22,56.42,54.44,55.98,666099.0,,adjusted
2022-08-09,55.98,58.29,55.24,57.51,905645.0,,adjusted
2022-08-10,57.51,58.23,56.83,57.17,521058.0,,adjusted
2022-08-11,57.78,57.92,55.93,57.43,614885.0,,adjusted
2022-08-12,57.69,58.5,57.4,58.01,553617.0,,adjusted
2022-08-15,58.43,60.31,58.02,59.49,644508.0,,adjusted
2022-08-16,59.49,60.75,59.22,59.82,666593.0,,adjusted
2022-08-17,59.54,60.66,59.19,60.04,568322.0,,adjusted
2022-08-18,60.53,61.17,60.06,60.36,597909.0,,adjusted
2022-08-19,60.31,60.31,55.35,55.55,2060662.0,,adjusted
2022-08-22,54.32,54.33,51.52,52.84,2157949.0,,adjusted
2022-08-23,52.85,54.98,52.85,53.63,1216969.0,,adjusted
2022-08-24,53.62,53.62,51.81,52.11,801354.0,,adjusted
2022-08-25,52.64,53.13,51.43,52.28,848502.0,,adjusted
2022-08-26,52.56,53.23,52.27,52.49,667886.0,,adjusted
2022-08-29,51.6,53.41,51.3,52.84,627256.0,,adjusted
2022-08-30,52.88,53.21,51.73,52.23,565857.0,,adjusted
2022-08-31,51.88,52.5,50.26,50.63,892495.0,,adjusted
2022-09-01,50.73,51.6,50.65,51.08,533746.0,,adjusted
2022-09-02,51.06,51.33,49.93,50.38,502147.0,,adjusted
2022-09-05,50.21,50.72,49.23,49.92,577164.0,,adjusted
2022-09-06,50.31,52.73,49.49,52.59,1014903.0,,adjusted
2022-09-07,52.43,53.71,52.14,52.89,713986.0,,adjusted
2022-09-08,52.99,53.71,52.43,52.82,433171.0,,adjusted
2022-09-09,53.18,53.21,51.82,52.61,440943.0,,adjusted
2022-09-13,53.05,53.23,51.71,52.7,490469.0,,adjusted
2022-09-14,51.98,52.95,51.9,51.98,378898.0,,adjusted
2022-09-15,52.13,52.45,47.93,48.09,1227742.0,,adjusted
2022-09-16,48.09,48.73,47.73,47.73,592733.0,,adjusted
2022-09-19,47.72,48.43,46.9,47.55,601664.0,,adjusted
2022-09-20,48.28,50.08,48.28,49.47,650144.0,,adjusted
2022-09-21,49.35,49.83,48.56,48.62,426386.0,,adjusted
2022-09-22,48.13,49.2,47.38,48.61,347408.0,,adjusted
2022-09-23,48.23,49.21,47.71,47.97,364646.0,,adjusted
2022-09-26,47.48,49.22,47.33,48.23,508412.0,,adjusted
2022-09-27,48.15,49.03,47.73,48.42,409249.0,,adjusted
2022-09-28,48.48,49.48,47.33,47.33,505131.0,,adjusted
2022-09-29,47.99,49.73,47.73,49.51,1006289.0,,adjusted
2022-09-30,49.21,49.58,47.23,47.34,682745.0,,adjusted
2022-10-10,47.68,47.83,45.19,45.32,576219.0,,adjusted
2022-10-11,45.28,46.39,44.88,45.94,453284.0,,adjusted
2022-10-12,46.22,48.18,44.51,47.81,747352.0,,adjusted
2022-10-13,47.65,48.09,46.32,46.43,586110.0,,adjusted
2022-10-14,48.2,51.13,47.45,50.65,1509223.0,,adjusted
2022-10-17,49.93,50.18,48.54,49.88,862329.0,,adjusted
2022-10-18,49.93,50.71,49.13,49.48,640500.0,,adjusted
2022-10-19,49.03,49.69,48.31,48.56,507676.0,,adjusted
2022-10-20,47.73,47.87,46.28,46.61,728716.0,,adjusted
2022-10-21,46.38,47.13,45.7,46.93,628505.0,,adjusted
2022-10-24,46.42,47.04,44.61,45.31,775947.0,,adjusted
2022-10-25,45.53,48.53,45.52,48.13,1152769.0,,adjusted
2022-10-26,48.33,49.73,47.72,49.36,815215.0,,adjusted
2022-10-27,50.42,51.61,49.78,49.78,902625.0,,adjusted
2022-10-28,49.68,50.3,48.33,48.68,578297.0,,adjusted
2022-10-31,48.43,48.98,47.05,47.41,643909.0,,adjusted
2022-11-01,47.94,50.53,47.91,50.48,963913.0,,adjusted
2022-11-02,49.92,51.79,49.68,50.99,839330.0,,adjusted
2022-11-03,51.23,52.79,49.34,49.55,1114930.0,,adjusted
2022-11-04,49.85,52.06,49.47,51.83,1032293.0,,adjusted
2022-11-07,51.41,51.93,50.88,51.54,706372.0,,adjusted
2022-11-08,51.54,51.66,50.32,50.75,488579.0,,adjusted
2022-11-09,50.76,50.76,49.03,49.39,610637.0,,adjusted
2022-11-10,48.44,48.74,47.45,47.79,760251.0,,adjusted
2022-11-11,49.61,49.8,47.23,47.77,1198304.0,,adjusted
2022-11-14,47.77,48.01,46.43,46.78,932592.0,,adjusted
2022-11-15,46.86,47.68,46.59,47.4,1053630.0,,adjusted
2022-11-16,47.28,47.28,45.93,46.08,1091583.0,,adjusted
2022-11-17,46.09,46.15,45.15,45.9,831643.0,,adjusted
2022-11-18,46.33,47.33,45.55,46.43,915013.0,,adjusted
2022-11-21,47.01,47.37,46.43,47.18,718740.0,,adjusted
2022-11-22,47.18,47.18,45.83,45.99,707473.0,,adjusted
2022-11-23,45.82,47.23,45.47,47.02,843601.0,,adjusted
2022-11-24,47.23,47.23,46.53,46.58,467791.0,,adjusted
2022-11-25,46.43,46.43,45.09,45.16,752850.0,,adjusted
2022-11-28,43.73,44.4,43.46,44.02,678617.0,,adjusted
2022-11-29,44.02,44.88,43.8,44.39,647975.0,,adjusted
2022-11-30,44.39,45.21,44.11,45.21,666446.0,,adjusted
2022-12-01,45.94,46.93,45.94,46.44,965438.0,,adjusted
2022-12-02,46.33,47.83,46.12,47.41,996173.0,,adjusted
2022-12-05,47.33,47.36,45.43,45.79,1243510.0,,adjusted
2022-12-06,45.43,45.98,44.92,45.29,849680.0,,adjusted
2022-12-07,44.95,45.87,44.71,45.36,588115.0,,adjusted
2022-12-08,45.41,46.6,45.31,45.93,689254.0,,adjusted
2022-12-09,45.65,46.08,45.44,45.73,705759.0,,adjusted
2022-12-12,45.43,45.61,44.79,44.92,506671.0,,adjusted
2022-12-13,44.83,45.15,44.23,44.33,550343.0,,adjusted
2022-12-14,44.21,44.71,43.68,44.06,589626.0,,adjusted
2022-12-15,43.83,44.62,43.73,44.61,508112.0,,adjusted
2022-12-16,44.43,44.49,43.73,44.06,485311.0,,adjusted
2022-12-19,43.93,44.7,43.79,44.03,454995.0,,adjusted
2022-12-20,43.98,44.31,43.47,44.23,512263.0,,adjusted
2022-12-21,44.03,44.12,42.98,43.04,514995.0,,adjusted
2022-12-22,42.98,43.03,39.91,40.29,1483831.0,,adjusted
2022-12-23,39.63,40.52,39.31,39.97,706320.0,,adjusted
2022-12-26,39.64,41.66,38.93,41.43,841835.0,,adjusted
2022-12-27,41.43,42.18,41.2,41.82,627867.0,,adjusted
2022-12-28,41.46,42.53,41.14,42.23,682583.0,,adjusted
2022-12-29,42.03,42.81,41.84,42.05,415419.0,,adjusted
2022-12-30,42.28,42.72,41.48,41.69,533643.0,,adjusted
2018-01-02,36.8,36.96,34.53,35.91,335212.0,,raw
2018-01-03,35.32,37.69,35.32,37.53,304057.0,,raw
2018-01-04,37.52,38.58,36.88,38.16,241136.0,,raw
2018-01-05,38.1,38.78,36.93,38.17,301041.0,,raw
2018-01-08,37.8,37.8,36.42,37.17,276794.0,,raw
2018-01-09,37.07,37.43,36.39,36.74,204313.0,,raw
2018-01-10,36.91,37.9,36.23,37.38,243660.0,,raw
2018-01-11,36.5,36.58,35.55,36.02,295791.0,,raw
2018-01-12,36.03,36.95,35.67,36.69,223389.0,,raw
2018-01-15,36.35,36.75,33.88,34.57,308310.0,,raw
2018-01-16,34.58,35.35,33.5,34.13,289256.0,,raw
2018-01-17,34.05,34.13,31.17,33.43,465975.0,,raw
2018-01-18,34.4,34.6,33.33,33.49,262372.0,,raw
2018-01-19,34.55,36.4,34.1,35.27,355670.0,,raw
2018-01-22,35.9,36.38,35.45,35.99,277835.0,,raw
2018-01-23,35.82,38.36,35.39,38.26,438629.0,,raw
2018-01-24,38.15,40.03,37.91,38.96,445451.0,,raw
2018-01-25,38.8,39.31,37.4,37.77,341271.0,,raw
2018-01-26,38.87,39.18,37.9,38.08,347076.0,,raw
2018-01-29,37.6,38.98,37.41,37.6,297114.0,,raw
2018-01-30,37.58,38.85,37.5,38.18,250393.0,,raw
2018-01-31,38.03,38.62,37.6,38.5,228975.0,,raw
2018-02-01,37.93,38.46,36.11,36.76,322233.0,,raw
2018-02-02,36.39,38.28,35.56,37.76,208080.0,,raw
2018-02-05,35.3,36.8,33.98,33.98,701352.0,,raw
2018-02-06,33.0,34.16,32.85,33.35,369926.0,,raw
2018-02-07,34.18,34.3,31.5,32.39,347849.0,,raw
2018-02-08,32.42,32.85,30.95,31.67,344982.0,,raw
2018-02-09,30.03,32.12,29.9,31.05,322015.0,,raw
2018-02-12,31.25,33.38,31.25,32.89,205074.0,,raw
2018-02-13,33.38,33.6,32.13,32.25,191540.0,,raw
2018-02-14,32.27,33.27,32.11,32.96,119851.0,,raw
2018-02-22,33.25,34.08,33.25,33.97,145607.0,,raw
2018-02-23,34.0,34.25,31.03,32.83,317103.0,,raw
2018-02-26,32.5,34.27,32.18,34.16,315938.0,,raw
2018-02-27,34.33,35.35,33.89,34.82,361170.0,,raw
2018-02-28,34.28,35.28,33.72,34.45,168145.0,,raw
2018-03-01,34.2,37.15,34.15,36.82,342778.0,,raw
2018-03-02,36.81,37.16,35.62,35.77,185279.0,,raw
2018-03-05,35.7,36.34,35.19,36.05,152541.0,,raw
2018-03-06,36.06,37.09,35.88,36.67,168866.0,,raw
2018-03-07,36.47,37.19,36.1,36.76,175522.0,,raw
2018-03-08,36.52,37.18,36.06,36.23,159097.0,,raw
2018-03-09,36.2,37.08,36.0,36.65,146225.0,,raw
2018-03-12,36.88,38.1,36.72,37.41,209085.0,,raw
2018-03-13,37.3,37.57,35.7,35.75,217022.0,,raw
2018-03-14,35.75,36.93,35.75,36.8,199532.0,,raw
2018-03-15,36.75,37.19,36.18,36.64,128201.0,,raw
2018-03-16,36.66,36.84,36.04,36.09,93338.0,,raw
2018-03-19,36.1,36.1,35.21,35.33,138495.0,,raw
2018-03-20,35.03,35.2,34.41,34.81,125750.0,,raw
2018-03-21,35.2,36.87,35.2,35.88,242539.0,,raw
2018-03-22,35.88,36.49,35.41,35.7,123693.0,,raw
2018-03-23,34.05,35.15,32.61,34.03,235082.0,,raw
2018-03-26,33.2,35.12,33.2,34.05,236362.0,,raw
2018-03-27,34.73,34.82,33.9,34.34,165763.0,,raw
2018-03-28,34.08,34.08,33.05,33.28,233160.0,,raw
2018-03-29,34.0,34.45,32.85,33.74,168559.0,,raw
2018-03-30,34.0,34.44,33.8,34.27,134487.0,,raw
2018-04-02,34.49,34.5,33.71,34.04,127073.0,,raw
2018-04-03,33.66,34.42,33.11,33.9,141121.0,,raw
2018-04-04,34.17,34.36,32.4,32.56,256025.0,,raw
2018-04-09,32.55,33.19,32.3,32.72,123373.0,,raw
2018-04-10,32.8,33.39,32.78,33.34,105992.0,,raw
2018-04-11,33.71,34.2,33.53,33.59,106019.0,,raw
2018-04-12,33.45,33.95,32.41,32.81,131255.0,,raw
2018-04-13,32.92,33.27,32.2,32.36,96354.0,,raw
2018-04-16,32.3,32.56,31.1,31.31,171712.0,,raw
2018-04-17,31.5,31.7,30.5,30.69,181548.0,,raw
2018-04-18,30.98,32.96,30.7,32.63,320622.0,,raw
2018-04-19,32.78,35.0,32.78,34.27,349352.0,,raw
2018-04-20,34.03,34.79,33.58,34.04,156729.0,,raw
2018-04-23,34.19,34.75,33.63,34.08,201838.0,,raw
2018-04-24,34.08,35.5,34.08,35.32,232800.0,,raw
2018-04-25,35.01,35.3,34.53,35.17,119407.0,,raw
2018-04-26,35.17,35.17,33.87,34.38,154837.0,,raw
2018-04-27,34.46,35.15,34.1,34.42,128288.0,,raw
2018-05-02,34.11,34.96,33.0,33.75,180072.0,,raw
2018-05-03,33.8,34.6,33.42,34.57,162650.0,,raw
2018-05-04,34.25,35.28,34.15,34.73,124279.0,,raw
2018-05-07,34.91,36.24,34.25,35.83,197549.0,,raw
2018-05-08,35.85,38.23,35.48,37.0,306868.0,,raw
2018-05-09,37.0,37.28,36.71,37.12,117633.0,,raw
2018-05-10,37.5,37.75,36.46,36.75,122114.0,,raw
2018-05-11,36.95,38.15,36.89,37.94,194261.0,,raw
2018-05-14,38.0,38.75,37.41,37.93,189289.0,,raw
2018-05-15,38.1,39.39,38.1,39.25,203354.0,,raw
2018-05-16,39.3,39.3,38.41,38.8,95485.0,,raw
2018-05-17,38.73,38.82,36.37,36.84,215965.0,,raw
2018-05-18,37.06,37.2,35.84,36.85,196949.0,,raw
2018-05-21,36.96,37.84,36.94,37.49,146525.0,,raw
2018-05-22,37.59,38.54,37.3,38.18,156918.0,,raw
2018-05-23,38.18,38.48,37.2,37.37,108539.0,,raw
2018-05-24,37.68,37.68,35.72,35.94,241919.0,,raw
2018-05-25,36.0,36.12,35.05,35.23,166869.0,,raw
2018-05-28,35.61,35.78,34.69,35.25,176172.0,,raw
2018-05-29,25.06,25.44,24.3,24.41,183543.0,,raw
2018-05-30,24.0,24.56,23.51,24.09,205125.0,,raw
2018-05-31,24.4,24.68,23.55,24.15,242595.0,,raw
2018-06-01,24.25,24.37,21.9,22.35,494246.0,,raw
2018-06-04,20.12,20.12,20.12,20.12,48230.0,,raw
2018-06-05,18.11,18.11,18.11,18.11,70176.0,,raw
2018-06-06,17.11,17.7,16.4,17.43,1594173.0,,raw
2018-06-07,17.04,17.35,16.9,17.09,634766.0,,raw
2018-06-08,17.14,17.45,16.96,17.22,428935.0,,raw
2018-06-11,17.2,17.2,16.4,16.71,497650.0,,raw
2018-06-12,17.17,17.45,16.75,17.36,476738.0,,raw
2018-06-13,17.13,17.41,16.76,16.84,295380.0,,raw
2018-06-14,16.8,16.84,16.18,16.59,304721.0,,raw
2018-06-15,16.14,16.36,15.94,16.03,350390.0,,raw
2018-06-19,15.79,15.9,15.05,15.22,394488.0,,raw
2018-06-20,15.06,16.29,15.06,16.06,323816.0,,raw
2018-06-21,16.08,16.45,15.78,15.93,213822.0,,raw
2018-06-22,15.78,16.28,15.55,16.22,180696.0,,raw
2018-06-25,16.35,16.56,15.95,16.02,227943.0,,raw
2018-06-26,15.79,16.33,15.58,15.97,225778.0,,raw
2018-06-27,16.05,16.69,15.85,16.62,353663.0,,raw
2018-06-28,16.55,16.85,16.31,16.42,235101.0,,raw
2018-06-29,16.5,16.8,16.42,16.69,177201.0,,raw
2018-07-02,16.72,16.74,15.71,15.92,251400.0,,raw
2018-07-03,15.92,16.09,15.53,15.99,153684.0,,raw
2018-07-04,15.95,16.03,15.42,15.5,176411.0,,raw
2018-07-05,15.55,15.66,14.92,15.12,291355.0,,raw
2018-07-06,14.9,15.63,14.7,15.37,189983.0,,raw
2018-07-09,15.5,15.82,15.3,15.6,233928.0,,raw
2018-07-10,15.6,15.66,14.89,15.15,286492.0,,raw
2018-07-11,14.79,15.14,14.61,15.01,218606.0,,raw
2018-07-12,15.19,15.34,14.93,15.24,269330.0,,raw
2018-07-13,15.29,15.29,14.85,14.97,245559.0,,raw
2018-07-16,15.03,15.14,14.88,14.97,176016.0,,raw
2018-07-17,14.9,14.96,14.19,14.52,359744.0,,raw
2018-07-18,14.6,14.91,14.56,14.71,259263.0,,raw
2018-07-19,15.1,15.13,14.45,14.67,286880.0,,raw
2018-07-20,14.7,15.18,14.61,15.08,277268.0,,raw
2018-07-23,15.16,15.26,14.85,15.08,208760.0,,raw
2018-07-24,15.1,16.53,14.98,16.04,568389.0,,raw
2018-07-25,16.1,16.25,15.58,15.65,332168.0,,raw
2018-07-26,15.57,16.06,15.35,15.54,266679.0,,raw
2018-07-27,15.65,16.3,15.65,15.93,327485.0,,raw
2018-07-30,16.12,16.36,15.62,16.06,291168.0,,raw
2018-07-31,15.96,15.96,15.59,15.67,180962.0,,raw
2018-08-01,15.68,15.92,15.63,15.68,150771.0,,raw
2018-08-02,15.6,15.65,14.82,15.33,166892.0,,raw
2018-08-03,15.32,15.51,14.78,14.82,173473.0,,raw
2018-08-06,13.6,14.0,13.34,13.39,573085.0,,raw
2018-08-07,13.37,13.85,13.35,13.82,212964.0,,raw
2018-08-08,13.78,14.29,13.69,14.22,202058.0,,raw
2018-08-09,14.05,14.6,14.02,14.32,195680.0,,raw
2018-08-10,14.4,14.58,13.95,14.2,126462.0,,raw
2018-08-13,14.1,14.56,13.96,14.54,157304.0,,raw
2018-08-14,14.64,14.67,14.31,14.42,121956.0,,raw
2018-08-15,14.28,14.38,13.45,13.63,293887.0,,raw
2018-08-16,13.42,13.77,13.27,13.39,223773.0,,raw
2018-08-17,13.55,13.6,12.11,12.38,522158.0,,raw
2018-08-20,12.38,12.45,11.76,12.22,286202.0,,raw
2018-08-21,12.21,12.72,12.15,12.48,178566.0,,raw
2018-08-22,12.6,12.6,12.28,12.37,107627.0,,raw
2018-08-23,12.38,12.52,12.29,12.43,97409.0,,raw
2018-08-24,12.39,12.53,12.3,12.44,109906.0,,raw
2018-08-27,12.73,13.44,12.7,13.12,287962.0,,raw
2018-08-28,13.28,13.43,13.05,13.2,153795.0,,raw
2018-08-29,13.18,13.29,12.81,12.98,130349.0,,raw
2018-08-30,12.92,13.23,12.78,13.03,124376.0,,raw
2018-08-31,13.09,14.0,12.85,13.6,274967.0,,raw
2018-09-03,14.01,14.48,13.77,13.84,318616.0,,raw
2018-09-04,13.94,14.11,13.51,13.85,222617.0,,raw
2018-09-05,13.78,14.29,13.62,13.87,204387.0,,raw
2018-09-06,13.69,13.93,13.55,13.68,147247.0,,raw
2018-09-07,13.68,13.88,13.35,13.45,113730.0,,raw
2018-09-10,13.36,13.43,12.8,12.8,171009.0,,raw
2018-09-11,12.81,12.97,12.6,12.74,137628.0,,raw
2018-09-12,12.8,12.92,12.67,12.81,115314.0,,raw
2018-09-13,12.95,13.06,12.13,12.52,199734.0,,raw
2018-09-14,12.57,13.0,12.54,12.79,191929.0,,raw
2018-09-17,12.75,12.87,12.4,12.76,125818.0,,raw
2018-09-18,12.76,12.78,12.1,12.75,198706.0,,raw
2018-09-19,12.6,12.95,12.3,12.76,224228.0,,raw
2018-09-20,12.69,13.02,12.64,12.7,163661.0,,raw
2018-09-21,12.78,12.86,12.34,12.83,205581.0,,raw
2018-09-25,12.74,13.1,12.63,12.93,193219.0,,raw
2018-09-26,13.04,13.93,12.98,13.66,460321.0,,raw
2018-09-27,13.6,13.85,13.38,13.56,228973.0,,raw
2018-09-28,13.73,14.23,13.55,14.2,355701.0,,raw
2018-10-08,13.8,13.98,13.66,13.76,220385.0,,raw
2018-10-09,13.75,14.23,13.66,13.98,254086.0,,raw
2018-10-10,14.11,14.35,13.13,13.44,270862.0,,raw
2018-10-11,12.8,13.22,12.65,13.03,296086.0,,raw
2018-10-12,12.98,13.41,12.64,13.26,215932.0,,raw
2018-10-15,13.49,13.79,13.09,13.15,180245.0,,raw
2018-10-16,13.09,13.48,12.76,12.83,187058.0,,raw
2018-10-17,13.05,13.27,12.89,13.2,175944.0,,raw
2018-10-18,13.05,13.16,12.54,12.76,179863.0,,raw
2018-10-19,12.7,13.25,12.38,13.2,206276.0,,raw
2018-10-22,13.5,14.15,13.3,13.95,299135.0,,raw
2018-10-23,13.95,13.96,13.35,13.52,194424.0,,raw
2018-10-24,13.41,13.76,13.1,13.54,153108.0,,raw
2018-10-25,13.08,13.63,13.05,13.45,106064.0,,raw
2018-10-26,13.87,13.87,13.33,13.48,101351.0,,raw
2018-10-29,13.47,13.54,13.17,13.43,78787.0,,raw
2018-10-30,13.36,13.49,12.78,12.9,177247.0,,raw
2018-10-31,12.83,13.73,12.83,13.55,252578.0,,raw
2018-11-01,13.68,14.91,13.61,14.45,502951.0,,raw
2018-11-02,15.0,15.9,14.95,15.9,715562.0,,raw
2018-11-05,17.2,17.49,17.01,17.49,445407.0,,raw
2018-11-06,17.86,17.86,16.41,16.92,855870.0,,raw
2018-11-07,16.8,16.98,16.27,16.4,534957.0,,raw
2018-11-08,16.7,16.7,16.2,16.33,294561.0,,raw
2018-11-09,16.39,16.62,16.13,16.5,259760.0,,raw
2018-11-12,16.35,17.6,16.25,17.49,514318.0,,raw
2018-11-13,17.01,17.61,17.01,17.15,273499.0,,raw
2018-11-14,17.08,17.58,16.68,17.15,254333.0,,raw
2018-11-15,17.12,17.33,17.03,17.24,179673.0,,raw
2018-11-16,17.21,17.8,17.13,17.2,289852.0,,raw
2018-11-19,17.05,17.53,16.63,17.41,234677.0,,raw
2018-11-20,17.15,17.28,16.73,16.83,180297.0,,raw
2018-11-21,16.58,17.5,16.51,17.41,266812.0,,raw
2018-11-22,17.46,17.96,17.17,17.23,185591.0,,raw
2018-11-23,17.25,17.46,16.95,17.04,147410.0,,raw
2018-11-26,17.05,17.22,16.82,17.18,102796.0,,raw
2018-11-27,17.38,17.8,17.33,17.52,258000.0,,raw
2018-11-28,17.59,19.27,17.59,18.8,542117.0,,raw
2018-11-29,18.95,19.17,18.46,18.54,269792.0,,raw
2018-11-30,18.42,18.74,18.11,18.6,207102.0,,raw
2018-12-03,19.16,19.34,18.6,18.7,304544.0,,raw
2018-12-04,18.6,18.6,18.07,18.28,345840.0,,raw
2018-12-05,18.0,19.44,17.91,19.0,492845.0,,raw
2018-12-06,18.95,19.82,18.76,19.05,410986.0,,raw
2018-12-07,19.3,19.56,18.55,19.12,224219.0,,raw
2018-12-10,18.99,19.18,18.68,18.96,200587.0,,raw
2018-12-11,19.04,19.26,18.54,18.7,196515.0,,raw
2018-12-12,18.7,19.08,18.6,18.62,142990.0,,raw
2018-12-13,18.85,19.37,18.55,19.19,221736.0,,raw
2018-12-14,19.12,19.53,18.79,18.81,213461.0,,raw
2018-12-17,18.65,18.87,17.83,18.22,204805.0,,raw
2018-12-18,18.36,18.57,18.0,18.31,146609.0,,raw
2018-12-19,18.2,18.35,17.45,17.6,247347.0,,raw
2018-12-20,17.7,18.3,17.58,17.71,327351.0,,raw
2018-12-21,17.51,18.18,17.5,17.79,287958.0,,raw
2018-12-24,17.79,18.33,17.65,18.28,218327.0,,raw
2018-12-25,18.04,18.51,17.88,18.24,192703.0,,raw
2018-12-26,18.06,18.69,18.01,18.18,284708.0,,raw
2018-12-27,18.45,18.45,17.63,17.7,234608.0,,raw
2018-12-28,17.83,17.97,16.82,17.44,265848.0,,raw
2019-01-02,17.44,17.9,17.26,17.37,152059.0,,raw
2019-01-03,17.4,17.85,17.08,17.48,180640.0,,raw
2019-01-04,17.5,18.0,16.91,17.94,254649.0,,raw
2019-01-07,18.0,18.54,17.99,18.43,199795.0,,raw
2019-01-08,18.49,18.56,18.23,18.5,196162.0,,raw
2019-01-09,18.5,19.35,18.27,19.03,317653.0,,raw
2019-01-10,19.35,20.93,19.35,20.93,553912.0,,raw
2019-01-11,20.9,20.9,19.99,20.04,352474.0,,raw
2019-01-14,20.03,20.58,19.88,20.34,242993.0,,raw
2019-01-15,20.25,21.75,20.15,21.52,407253.0,,raw
2019-01-16,21.54,21.54,21.01,21.26,263252.0,,raw
2019-01-17,21.21,21.94,20.41,20.85,461371.0,,raw
2019-01-18,21.34,22.6,20.68,22.27,461885.0,,raw
2019-01-21,22.3,22.46,21.73,22.12,345095.0,,raw
2019-01-22,22.2,22.23,21.45,21.95,202539.0,,raw
2019-01-23,21.95,22.32,21.42,22.1,173886.0,,raw
2019-01-24,21.99,23.5,21.93,22.2,433250.0,,raw
2019-01-25,22.2,22.97,21.93,22.53,322153.0,,raw
2019-01-28,22.65,23.15,22.04,22.17,261337.0,,raw
2019-01-29,22.0,22.57,21.41,22.3,305922.0,,raw
2019-01-30,22.38,23.17,22.38,22.52,262476.0,,raw
2019-01-31,22.86,22.86,21.91,22.18,179992.0,,raw
2019-02-01,22.49,23.35,22.22,22.83,269848.0,,raw
2019-02-11,22.89,23.42,22.43,23.26,341727.0,,raw
2019-02-12,23.18,23.18,22.58,22.95,236050.0,,raw
2019-02-13,22.88,23.24,22.66,23.14,297423.0,,raw
2019-02-14,23.01,24.17,22.85,23.93,462807.0,,raw
2019-02-15,23.9,24.3,23.5,23.6,302479.0,,raw
2019-02-18,23.35,25.26,23.35,24.7,446813.0,,raw
2019-02-19,25.8,25.93,24.42,25.12,567617.0,,raw
2019-02-20,25.59,25.78,24.8,25.71,328234.0,,raw
2019-02-21,25.56,27.48,25.42,26.97,554804.0,,raw
2019-02-22,27.06,29.35,27.0,29.0,558079.0,,raw
2019-02-25,29.86,29.86,28.17,28.96,745595.0,,raw
2019-02-26,28.51,30.27,27.91,28.64,680256.0,,raw
2019-02-27,28.54,28.64,25.9,26.78,781865.0,,raw
2019-02-28,26.6,27.8,26.48,27.1,442726.0,,raw
2019-03-01,27.09,28.23,26.5,27.67,423936.0,,raw
2019-03-04,27.8,28.12,27.11,27.4,571425.0,,raw
2019-03-05,27.38,28.08,27.0,27.57,401626.0,,raw
2019-03-06,27.41,27.58,26.3,26.7,699472.0,,raw
2019-03-07,26.4,26.85,25.8,26.0,652972.0,,raw
2019-03-08,25.7,26.68,25.16,25.31,606397.0,,raw
2019-03-11,25.25,27.84,25.02,27.84,943035.0,,raw
2019-03-12,28.0,28.65,27.55,27.82,789114.0,,raw
2019-03-13,28.0,28.28,26.71,27.61,504299.0,,raw
2019-03-14,27.5,28.57,26.72,27.15,516206.0,,raw
2019-03-15,27.28,28.39,27.18,27.5,371935.0,,raw
2019-03-18,27.95,28.15,27.4,28.01,328997.0,,raw
2019-03-19,28.15,28.21,26.93,27.21,329712.0,,raw
2019-03-20,27.16,27.16,26.1,26.73,410873.0,,raw
2019-03-21,26.73,26.98,26.5,26.7,196856.0,,raw
2019-03-22,26.49,26.63,25.39,25.89,453244.0,,raw
2019-03-25,25.64,26.36,25.44,25.5,322561.0,,raw
2019-03-26,25.96,26.1,25.14,25.33,259123.0,,raw
2019-03-27,25.56,25.6,24.42,25.13,283247.0,,raw
2019-03-28,25.0,26.15,24.77,25.58,360152.0,,raw
2019-03-29,25.5,26.25,25.3,26.1,377019.0,,raw
2019-04-01,26.0,28.5,25.99,28.28,608534.0,,raw
2019-04-02,28.25,28.9,27.81,28.02,347587.0,,raw
2019-04-03,27.7,28.13,27.2,27.85,249486.0,,raw
2019-04-04,27.48,28.13,27.4,27.74,227899.0,,raw
2019-04-08,28.0,28.6,27.0,27.09,444374.0,,raw
2019-04-17,22.5,23.88,21.91,23.4,500997.0,,raw
2019-04-18,23.15,24.89,23.05,24.32,509770.0,,raw
2019-04-19,24.2,24.86,23.76,24.37,278097.0,,raw
2019-04-22,24.55,25.5,24.05,24.32,355526.0,,raw
2019-04-23,24.3,24.7,23.5,23.59,277700.0,,raw
2019-04-24,23.67,24.1,23.2,23.64,228500.0,,raw
2019-04-25,23.75,24.06,23.08,23.55,198192.0,,raw
2019-04-26,23.32,23.84,22.41,22.69,276707.0,,raw
2019-04-29,22.3,23.4,21.83,22.7,398036.0,,raw
2019-04-30,22.98,23.88,22.4,22.7,453588.0,,raw
2019-05-06,21.81,22.95,21.19,22.56,454370.0,,raw
2019-05-07,22.7,23.6,22.26,23.2,540232.0,,raw
2019-05-08,22.7,23.18,21.92,22.18,405324.0,,raw
2019-05-09,21.85,22.55,21.85,22.36,268899.0,,raw
2019-05-10,22.98,23.6,22.3,23.47,472232.0,,raw
2019-05-13,23.07,23.85,23.07,23.27,259173.0,,raw
2019-05-14,23.0,23.57,22.89,23.4,227214.0,,raw
2019-05-15,24.1,25.3,23.93,25.17,618848.0,,raw
2019-05-16,25.3,25.6,24.69,25.0,412902.0,,raw
2019-05-17,25.0,25.58,23.96,24.1,380048.0,,raw
2019-05-20,24.07,24.08,22.8,24.0,428294.0,,raw
2019-05-21,24.2,24.22,23.65,23.8,323003.0,,raw
2019-05-22,23.89,24.83,23.71,24.2,268390.0,,raw
2019-05-23,23.92,24.58,23.78,23.92,319464.0,,raw
2019-05-24,23.7,24.2,23.47,23.68,221124.0,,raw
2019-05-27,23.94,24.62,23.51,23.9,454115.0,,raw
2019-05-28,23.84,24.21,23.4,24.03,394388.0,,raw
2019-05-29,23.75,23.89,23.45,23.45,226243.0,,raw
2019-05-30,23.18,23.79,22.98,23.41,285740.0,,raw
2019-05-31,24.0,24.34,23.5,23.83,507304.0,,raw
2019-06-03,23.68,23.97,23.11,23.15,303117.0,,raw
2019-06-04,23.56,23.79,23.17,23.32,222396.0,,raw
2019-06-05,23.64,23.64,22.82,23.01,204224.0,,raw
2019-06-06,23.04,23.12,21.84,21.92,374997.0,,raw
2019-06-10,22.06,22.84,21.85,22.71,225410.0,,raw
2019-06-11,23.13,23.32,22.71,23.21,268561.0,,raw
2019-06-12,23.25,23.25,22.26,22.44,233533.0,,raw
2019-06-13,22.59,22.94,22.14,22.57,214143.0,,raw
2019-06-14,23.03,23.18,22.11,22.3,228903.0,,raw
2019-06-17,22.07,22.18,20.37,21.47,520446.0,,raw
2019-06-18,21.45,21.98,21.4,21.77,268786.0,,raw
2019-06-19,22.57,22.88,22.36,22.39,371560.0,,raw
2019-06-20,22.18,23.58,22.18,23.04,362577.0,,raw
2019-06-21,23.46,23.47,22.81,23.14,241538.0,,raw
2019-06-24,23.19,24.08,22.93,23.49,330464.0,,raw
2019-06-25,23.32,23.43,22.44,22.74,256394.0,,raw
2019-06-26,22.8,23.04,22.37,22.78,188340.0,,raw
2019-06-27,22.96,23.44,22.96,23.17,243712.0,,raw
2019-06-28,23.36,23.45,22.93,23.11,134843.0,,raw
2019-07-01,23.69,24.05,23.33,23.43,367390.0,,raw
2019-07-02,23.1,23.15,22.23,22.6,656955.0,,raw
2019-07-03,22.55,22.84,22.14,22.6,441553.0,,raw
2019-07-04,22.6,22.88,21.98,22.28,270440.0,,raw
2019-07-05,22.4,22.65,22.23,22.41,234298.0,,raw
2019-07-08,22.28,22.39,21.57,21.85,279694.0,,raw
2019-07-09,21.7,22.04,21.43,21.67,188124.0,,raw
2019-07-10,21.87,21.9,21.64,21.77,107046.0,,raw
2019-07-11,21.95,21.98,20.58,20.98,528304.0,,raw
2019-07-12,21.1,22.45,21.1,22.33,473392.0,,raw
2019-07-15,22.34,23.09,22.07,22.94,361774.0,,raw
2019-07-16,22.86,23.17,22.65,23.1,215940.0,,raw
2019-07-17,23.25,23.55,22.9,23.04,222854.0,,raw
2019-07-18,24.45,25.0,23.7,24.06,648523.0,,raw
2019-07-19,24.4,24.44,23.83,24.0,283902.0,,raw
2019-07-22,24.2,24.45,23.71,24.09,203255.0,,raw
2019-07-23,24.3,25.05,24.09,24.95,425966.0,,raw
2019-07-24,25.09,25.14,24.78,25.0,251806.0,,raw
2019-07-25,24.95,25.7,24.82,25.25,392633.0,,raw
2019-07-26,25.21,26.26,25.1,26.05,415420.0,,raw
2019-07-29,25.95,26.3,25.81,25.91,315346.0,,raw
2019-07-30,26.09,26.19,25.44,25.5,296601.0,,raw
2019-07-31,25.5,26.06,25.44,25.73,233269.0,,raw
2019-08-01,25.73,25.91,25.51,25.6,193795.0,,raw
2019-08-02,25.15,25.95,25.0,25.37,290069.0,,raw
2019-08-05,25.31,25.6,24.81,24.89,272198.0,,raw
2019-08-06,24.48,25.09,24.21,24.9,273267.0,,raw
2019-08-07,25.18,25.28,24.4,24.46,285874.0,,raw
2019-08-08,24.8,25.15,24.6,24.92,255911.0,,raw
2019-08-09,25.08,25.4,24.51,24.68,229140.0,,raw
2019-08-12,24.9,25.19,24.72,25.16,229261.0,,raw
2019-08-13,25.06,25.09,24.48,24.53,219151.0,,raw
2019-08-14,24.86,24.88,24.05,24.46,343779.0,,raw
2019-08-15,24.06,25.01,24.06,24.99,276796.0,,raw
2019-08-16,25.0,25.12,24.1,24.4,353947.0,,raw
2019-08-19,24.6,25.05,24.19,24.76,384852.0,,raw
2019-08-20,24.7,24.73,24.22,24.59,352393.0,,raw
2019-08-21,24.59,27.05,24.48,27.05,991928.0,,raw
2019-08-22,27.4,27.58,26.55,26.64,820657.0,,raw
2019-08-23,26.98,27.17,26.39,26.98,596064.0,,raw
2019-08-26,26.48,26.78,25.88,26.25,535961.0,,raw
2019-08-27,26.48,26.89,26.16,26.72,624441.0,,raw
2019-08-28,26.64,28.28,26.56,27.9,654984.0,,raw
2019-08-29,28.07,28.45,27.62,27.65,587210.0,,raw
2019-08-30,28.05,28.44,27.28,27.65,526049.0,,raw
2019-09-02,27.68,29.48,27.68,28.71,595219.0,,raw
2019-09-03,28.69,29.35,28.46,28.9,500971.0,,raw
2019-09-04,29.01,29.13,28.51,28.79,247083.0,,raw
2019-09-05,29.0,29.08,28.7,28.95,371090.0,,raw
2019-09-06,29.03,29.15,27.59,28.05,655405.0,,raw
2019-09-09,27.98,28.54,27.22,27.97,613880.0,,raw
2019-09-10,28.3,28.42,27.4,27.75,380056.0,,raw
2019-09-11,28.0,28.07,27.3,27.62,326987.0,,raw
2019-09-12,27.9,28.39,27.71,27.98,436820.0,,raw
2019-09-16,28.14,28.4,27.5,28.2,307595.0,,raw
2019-09-17,28.34,28.34,27.37,27.56,270136.0,,raw
2019-09-18,27.55,27.6,26.71,27.21,422608.0,,raw
2019-09-19,27.16,27.69,26.91,27.17,315016.0,,raw
2019-09-20,27.29,27.65,27.03,27.55,297701.0,,raw
2019-09-23,27.5,27.55,26.61,27.06,347625.0,,raw
2019-09-24,27.28,28.44,27.09,28.2,522393.0,,raw
2019-09-25,27.8,27.99,26.06,26.39,674676.0,,raw
2019-09-26,26.49,27.28,25.98,26.41,443320.0,,raw
2019-09-27,26.2,26.74,25.76,26.47,262171.0,,raw
2019-09-30,26.44,26.84,26.0,26.23,190757.0,,raw
2019-10-08,25.79,26.39,25.74,25.8,221175.0,,raw
2019-10-09,25.79,26.5,25.49,26.31,214889.0,,raw
2019-10-10,26.35,26.85,26.11,26.58,297461.0,,raw
2019-10-11,26.8,26.96,26.1,26.52,284907.0,,raw
2019-10-14,26.52,27.05,26.38,26.69,392198.0,,raw
2019-10-15,26.81,26.9,25.81,26.38,352489.0,,raw
2019-10-16,26.19,26.19,23.76,24.11,1455346.0,,raw
2019-10-17,24.0,24.6,23.9,24.2,495945.0,,raw
2019-10-18,24.21,24.25,23.0,23.35,786059.0,,raw
2019-10-21,23.0,23.31,22.9,23.29,396076.0,,raw
2019-10-22,23.27,23.3,22.8,23.21,362302.0,,raw
2019-10-23,23.18,23.66,23.06,23.3,375979.0,,raw
2019-10-24,23.32,23.35,22.6,23.13,379269.0,,raw
2019-10-25,23.19,23.38,22.9,23.26,281476.0,,raw
2019-10-28,23.31,23.47,23.0,23.22,323056.0,,raw
2019-10-29,23.2,23.22,22.74,22.75,428253.0,,raw
2019-10-30,22.69,23.03,22.4,22.84,314453.0,,raw
2019-10-31,23.2,23.3,22.71,22.84,313275.0,,raw
2019-11-01,22.8,22.8,22.0,22.38,477704.0,,raw
2019-11-04,22.52,22.92,22.2,22.8,500433.0,,raw
2019-11-05,22.8,22.91,22.36,22.77,469408.0,,raw
2019-11-06,22.82,23.67,22.8,23.0,598414.0,,raw
2019-11-07,23.1,23.28,22.67,22.82,380762.0,,raw
2019-11-08,22.92,23.03,22.5,22.55,374232.0,,raw
2019-11-11,22.33,22.57,22.08,22.23,351440.0,,raw
2019-11-12,22.3,22.35,21.1,21.41,597021.0,,raw
2019-11-13,21.59,22.13,21.42,22.05,476034.0,,raw
2019-11-14,22.3,22.67,22.18,22.3,311023.0,,raw
2019-11-15,22.45,22.5,21.97,21.97,226535.0,,raw
2019-11-18,21.85,22.26,21.7,22.11,219485.0,,raw
2019-11-19,22.16,22.82,22.02,22.79,377201.0,,raw
2019-11-20,22.69,23.06,22.5,22.52,258067.0,,raw
2019-11-21,22.42,23.08,22.38,23.0,295998.0,,raw
2019-11-22,22.99,23.38,22.6,22.94,398614.0,,raw
2019-11-25,22.86,22.98,22.37,22.75,275519.0,,raw
2019-11-26,22.8,23.25,22.58,23.25,469370.0,,raw
2019-11-27,23.05,23.46,22.97,23.11,311988.0,,raw
2019-11-28,23.02,23.5,23.02,23.44,419866.0,,raw
2019-11-29,23.49,24.13,23.43,23.85,494085.0,,raw
2019-12-02,24.32,24.68,24.08,24.18,484747.0,,raw
2019-12-03,24.26,24.52,23.96,24.45,310875.0,,raw
2019-12-04,24.16,24.65,24.1,24.4,215601.0,,raw
2019-12-05,24.58,25.03,24.51,24.94,356350.0,,raw
2019-12-06,24.94,26.05,24.93,25.6,517362.0,,raw
2019-12-09,25.72,26.08,25.06,25.22,431377.0,,raw
2019-12-10,25.28,25.45,24.8,25.05,347496.0,,raw
2019-12-11,25.24,25.47,24.63,24.78,369276.0,,raw
2019-12-12,24.89,25.27,24.78,24.98,358066.0,,raw
2019-12-13,25.22,25.62,24.99,25.0,438585.0,,raw
2019-12-16,25.18,25.54,25.05,25.54,394419.0,,raw
2019-12-17,25.55,26.0,25.19,25.76,454492.0,,raw
2019-12-18,25.5,25.66,25.3,25.57,252856.0,,raw
2019-12-19,25.63,25.63,24.75,24.8,307091.0,,raw
2019-12-20,24.8,25.07,24.5,24.55,238398.0,,raw
2019-12-23,24.1,24.89,24.1,24.23,293596.0,,raw
2019-12-24,24.25,24.55,24.12,24.42,165918.0,,raw
2019-12-25,24.4,25.16,24.16,24.8,319753.0,,raw
2019-12-26,24.82,25.0,24.3,24.44,291012.0,,raw
2019-12-27,24.3,24.75,24.05,24.41,375656.0,,raw
2019-12-30,24.43,24.99,24.1,24.98,334534.0,,raw
2019-12-31,24.99,25.29,24.72,24.83,246122.0,,raw
2020-01-02,25.08,26.91,25.05,26.53,774367.0,,raw
2020-01-03,26.8,27.25,26.43,26.98,613574.0,,raw
2020-01-06,26.77,28.18,26.7,27.6,620407.0,,raw
2020-01-07,27.6,27.94,27.19,27.63,351610.0,,raw
2020-01-08,27.71,28.26,27.59,27.71,457677.0,,raw
2020-01-09,28.05,29.1,28.05,28.95,525869.0,,raw
2020-01-10,28.85,29.0,28.15,28.58,484539.0,,raw
2020-01-13,28.91,29.09,28.31,28.83,439252.0,,raw
2020-01-14,29.0,29.18,28.31,28.7,366171.0,,raw
2020-01-15,28.54,28.85,28.0,28.68,332376.0,,raw
2020-01-16,28.58,28.71,28.18,28.45,352395.0,,raw
2020-01-17,29.25,29.66,28.41,28.88,528450.0,,raw
2020-01-20,28.83,29.09,28.45,28.99,306996.0,,raw
2020-01-21,29.18,29.9,29.02,29.66,467095.0,,raw
2020-01-22,29.32,29.98,28.9,29.86,471057.0,,raw
2020-01-23,30.16,30.23,28.0,29.05,606027.0,,raw
2020-02-03,26.15,28.7,26.15,28.0,853371.0,,raw
2020-02-04,28.28,30.1,27.89,29.9,776015.0,,raw
2020-02-05,29.9,30.44,29.16,29.8,665264.0,,raw
2020-02-06,29.55,30.4,29.1,30.4,580224.0,,raw
2020-02-07,30.6,32.78,30.33,32.77,1026749.0,,raw
2020-02-10,32.55,34.18,32.2,33.15,697440.0,,raw
2020-02-11,32.8,34.1,32.53,32.81,467727.0,,raw
2020-02-12,34.6,35.4,32.82,33.52,933137.0,,raw
2020-02-13,34.6,34.6,31.51,32.76,976266.0,,raw
2020-02-14,32.2,32.8,31.69,32.18,485106.0,,raw
2020-02-17,31.81,33.3,31.8,33.09,630685.0,,raw
2020-02-18,32.94,34.45,32.92,33.34,606832.0,,raw
2020-02-19,33.11,33.63,32.5,32.64,537140.0,,raw
2020-02-20,32.8,33.5,32.15,33.25,541170.0,,raw
2020-02-21,33.29,34.5,32.92,33.9,638337.0,,raw
2020-02-24,34.5,34.8,33.31,34.0,606001.0,,raw
2020-02-25,33.1,33.98,32.0,33.51,635929.0,,raw
2020-02-26,32.85,33.07,31.8,31.82,612174.0,,raw
2020-02-27,32.06,33.1,31.51,32.57,473789.0,,raw
2020-02-28,31.45,31.94,30.32,30.7,519788.0,,raw
2020-03-02,30.92,31.78,30.7,31.5,392615.0,,raw
2020-03-03,31.93,32.22,30.73,31.01,566088.0,,raw
2020-03-04,30.46,30.63,29.7,30.45,650171.0,,raw
2020-03-05,30.75,31.47,30.33,31.34,460304.0,,raw
2020-03-06,30.98,31.11,30.43,30.7,351253.0,,raw
2020-03-09,29.85,29.91,28.68,28.72,844625.0,,raw
2020-03-10,28.1,29.46,27.89,29.32,503514.0,,raw
2020-03-11,29.48,31.08,29.48,29.75,703240.0,,raw
2020-03-12,29.04,29.28,28.22,28.42,531657.0,,raw
2020-03-13,26.88,28.36,26.5,28.0,692612.0,,raw
2020-03-16,28.02,28.1,25.2,25.2,1018059.0,,raw
2020-03-17,25.33,25.99,24.06,24.9,612044.0,,raw
2020-03-18,25.3,25.96,24.24,24.31,719816.0,,raw
2020-03-19,24.69,25.03,22.81,23.89,979593.0,,raw
2020-03-20,24.3,24.56,23.43,24.06,565164.0,,raw
2020-03-23,22.9,23.05,22.09,22.27,566291.0,,raw
2020-03-24,23.0,23.2,21.75,22.49,639874.0,,raw
2020-03-25,23.55,24.5,23.41,23.92,812047.0,,raw
2020-03-26,23.7,24.23,23.22,23.61,651827.0,,raw
2020-03-27,24.11,25.29,23.65,24.24,742864.0,,raw
2020-03-30,23.65,25.26,23.0,24.76,787840.0,,raw
2020-03-31,24.91,25.28,24.63,24.84,509784.0,,raw
2020-04-01,24.66,26.08,24.66,25.35,662885.0,,raw
2020-04-02,25.34,25.96,25.2,25.96,451514.0,,raw
2020-04-03,26.0,26.0,25.16,25.33,437567.0,,raw
2020-04-07,25.95,26.16,25.51,25.76,518859.0,,raw
2020-04-08,25.53,26.0,25.34,25.67,333008.0,,raw
2020-04-09,25.49,25.74,24.98,25.09,450123.0,,raw
2020-04-10,24.93,25.25,24.65,24.75,243604.0,,raw
2020-04-13,24.34,24.57,23.76,23.88,350991.0,,raw
2020-04-14,24.44,25.3,24.13,25.28,500834.0,,raw
2020-04-15,25.46,25.78,25.15,25.24,391814.0,,raw
2020-04-16,25.0,26.45,24.9,26.29,456809.0,,raw
2020-04-17,28.01,28.92,27.87,28.92,1638807.0,,raw
2020-04-20,28.23,28.23,27.01,27.9,1138565.0,,raw
2020-04-21,27.5,27.75,26.91,27.7,581695.0,,raw
2020-04-22,27.14,28.35,27.14,28.15,486171.0,,raw
2020-04-23,28.55,28.83,27.63,27.85,456241.0,,raw
2020-04-24,27.84,28.06,27.43,27.71,285662.0,,raw
2020-04-27,27.67,28.59,27.35,28.34,413850.0,,raw
2020-04-28,28.5,30.0,27.73,29.8,671793.0,,raw
2020-04-29,29.67,30.19,29.32,29.98,430845.0,,raw
2020-04-30,29.98,31.42,29.98,30.81,569973.0,,raw
2020-05-06,30.41,31.16,29.9,30.53,647556.0,,raw
2020-05-07,30.79,31.59,30.51,31.19,472721.0,,raw
2020-05-08,31.35,31.61,31.0,31.2,304490.0,,raw
2020-05-11,30.35,31.5,30.31,30.8,529477.0,,raw
2020-05-12,30.77,32.07,30.51,32.0,504160.0,,raw
2020-05-13,31.86,32.15,31.36,32.04,290774.0,,raw
2020-05-14,31.77,31.78,30.49,30.53,494272.0,,raw
2020-05-15,30.78,31.42,30.5,30.65,348948.0,,raw
2020-05-18,30.97,32.84,30.72,31.74,619476.0,,raw
2020-05-19,32.32,33.3,32.27,32.42,466686.0,,raw
2020-05-20,32.8,32.88,31.69,31.86,312607.0,,raw
2020-05-21,31.86,32.11,31.31,31.75,296008.0,,raw
2020-05-22,31.57,31.82,30.59,30.97,345667.0,,raw
2020-05-25,30.78,31.21,30.36,31.06,235323.0,,raw
2020-05-26,31.22,31.65,30.63,31.47,404179.0,,raw
2020-05-27,31.4,31.9,31.13,31.28,217106.0,,raw
2020-05-28,31.31,31.67,30.13,30.85,257467.0,,raw
2020-05-29,30.79,32.5,30.52,32.41,402031.0,,raw
2020-06-01,32.9,33.1,32.0,32.99,398789.0,,raw
2020-06-02,32.69,32.88,31.93,32.06,337537.0,,raw
2020-06-03,32.06,32.21,31.68,32.02,238734.0,,raw
2020-06-04,31.74,31.94,31.12,31.34,224457.0,,raw
2020-06-05,31.2,31.55,30.94,31.31,209468.0,,raw
2020-06-08,31.2,32.42,31.2,31.9,413628.0,,raw
2020-06-09,32.0,32.5,31.55,32.46,367964.0,,raw
2020-06-10,32.3,32.36,31.27,31.91,338698.0,,raw
2020-06-11,31.91,34.3,31.73,33.53,719142.0,,raw
2020-06-12,32.95,33.35,32.58,33.34,495533.0,,raw
2020-06-15,32.97,33.06,32.38,32.8,356977.0,,raw
2020-06-16,33.01,33.73,32.83,33.0,258503.0,,raw
2020-06-17,33.6,33.71,32.69,33.25,263470.0,,raw
2020-06-18,33.0,33.56,32.51,33.25,208717.0,,raw
2020-06-19,33.55,34.25,33.35,33.95,475612.0,,raw
2020-06-22,33.99,35.1,33.73,34.68,434004.0,,raw
2020-06-23,34.68,36.25,34.34,36.0,599125.0,,raw
2020-06-24,36.4,38.0,36.36,38.0,653709.0,,raw
2020-06-29,39.0,41.03,39.0,40.3,853951.0,,raw
2020-06-30,40.92,41.13,39.52,40.73,444727.0,,raw
2020-07-01,41.22,41.91,40.45,41.63,406741.0,,raw
2020-07-02,41.58,42.8,40.6,40.94,607075.0,,raw
2020-07-03,40.6,42.58,40.6,41.7,490202.0,,raw
2020-07-06,42.43,45.35,42.4,44.46,583764.0,,raw
2020-07-07,44.75,46.66,43.72,44.2,743921.0,,raw
2020-07-08,44.35,46.18,44.3,46.13,561155.0,,raw
2020-07-09,46.1,47.33,45.76,46.35,566004.0,,raw
2020-07-10,45.6,47.01,45.46,46.21,419832.0,,raw
2020-07-13,46.11,48.06,45.95,47.6,513665.0,,raw
2020-07-14,47.6,49.78,47.3,48.89,571150.0,,raw
2020-07-15,49.6,50.88,48.4,48.66,763363.0,,raw
2020-07-16,49.1,49.7,45.71,45.8,808325.0,,raw
2020-07-17,45.21,47.7,44.6,46.26,512041.0,,raw
2020-07-20,47.6,48.58,46.76,47.73,525764.0,,raw
2020-07-21,48.2,49.96,47.88,48.7,746041.0,,raw
2020-07-22,48.6,49.15,47.77,47.92,654667.0,,raw
2020-07-23,48.31,52.71,48.31,52.71,996436.0,,raw
2020-07-24,53.0,54.77,50.53,51.2,1028313.0,,raw
2020-07-27,53.26,55.22,52.68,53.8,891551.0,,raw
2020-07-28,53.8,54.08,51.69,53.07,570001.0,,raw
2020-07-29,53.8,55.62,52.11,54.48,718785.0,,raw
2020-07-30,54.86,57.62,53.51,57.32,866994.0,,raw
2020-07-31,56.0,57.97,55.05,56.8,684429.0,,raw
2020-08-03,58.2,59.89,57.42,57.7,577501.0,,raw
2020-08-04,57.75,58.94,56.94,58.51,400628.0,,raw
2020-08-05,58.35,58.5,55.58,57.92,508812.0,,raw
2020-08-06,57.5,57.79,54.84,55.5,594631.0,,raw
2020-08-07,55.51,59.35,55.51,58.2,753299.0,,raw
2020-08-10,58.0,60.11,56.98,58.68,573549.0,,raw
2020-08-11,59.0,59.85,56.48,57.0,458903.0,,raw
2020-08-12,57.0,57.0,54.01,55.36,612388.0,,raw
2020-08-13,56.5,57.1,55.38,56.09,345169.0,,raw
2020-08-14,55.46,56.71,54.72,56.35,303242.0,,raw
2020-08-17,55.81,56.89,55.31,56.02,454076.0,,raw
2020-08-18,56.02,58.3,55.68,56.8,463431.0,,raw
2020-08-19,57.19,57.3,53.54,53.54,558761.0,,raw
2020-08-20,53.52,54.58,51.3,51.42,611025.0,,raw
2020-08-21,52.96,55.02,52.8,54.0,605069.0,,raw
2020-08-24,55.0,58.73,54.69,58.3,796274.0,,raw
2020-08-25,58.35,59.62,57.7,58.85,432118.0,,raw
2020-08-26,58.2,59.18,56.4,57.6,423082.0,,raw
2020-08-27,57.92,60.85,57.72,60.6,585438.0,,raw
2020-08-28,63.0,63.65,59.51,62.96,792738.0,,raw
2020-08-31,62.99,65.67,62.31,63.28,546174.0,,raw
2020-09-01,63.3,67.28,63.2,67.28,534592.0,,raw
2020-09-02,68.0,68.49,65.99,68.01,431363.0,,raw
2020-09-03,67.95,68.2,65.75,66.45,424139.0,,raw
2020-09-04,65.0,67.33,63.88,66.4,472794.0,,raw
2020-09-07,66.0,67.0,61.9,62.52,494965.0,,raw
2020-09-08,62.39,65.29,61.5,63.5,474638.0,,raw
2020-09-09,61.82,63.63,59.72,62.85,529008.0,,raw
2020-09-10,63.58,65.44,62.74,63.91,403544.0,,raw
2020-09-11,64.76,70.1,64.16,69.82,779209.0,,raw
2020-09-14,71.7,74.53,71.3,72.82,862008.0,,raw
2020-09-15,71.9,73.0,70.85,71.97,424468.0,,raw
2020-09-16,72.99,76.2,71.85,73.2,654078.0,,raw
2020-09-17,72.12,75.49,71.6,74.5,515347.0,,raw
2020-09-18,74.2,74.71,71.1,72.05,651743.0,,raw
2020-09-21,72.96,73.66,70.01,71.19,499632.0,,raw
2020-09-22,71.0,71.41,69.34,69.99,373839.0,,raw
2020-09-23,71.11,76.99,69.9,76.99,808678.0,,raw
2020-09-24,75.89,76.4,69.61,69.69,957773.0,,raw
2020-09-25,70.96,73.02,68.75,71.12,540742.0,,raw
2020-09-28,72.68,76.0,72.15,74.0,600079.0,,raw
2020-09-29,75.1,75.9,73.31,75.09,410293.0,,raw
2020-09-30,74.56,76.71,74.56,75.01,388607.0,,raw
2020-10-09,80.27,82.51,79.1,82.0,884362.0,,raw
2020-10-12,82.82,83.1,80.5,82.73,589414.0,,raw
2020-10-13,81.8,83.27,79.51,82.69,446705.0,,raw
2020-10-14,79.88,81.7,78.5,79.82,736584.0,,raw
2020-10-15,80.95,81.0,75.01,77.9,638418.0,,raw
2020-10-16,77.72,78.56,75.88,76.32,430357.0,,raw
2020-10-19,76.48,76.79,70.52,71.5,1034738.0,,raw
2020-10-20,71.73,73.48,71.1,73.09,569713.0,,raw
2020-10-21,73.99,74.35,70.7,72.0,489452.0,,raw
2020-10-22,71.66,71.66,69.03,70.5,508667.0,,raw
2020-10-23,71.1,72.13,67.5,67.95,569290.0,,raw
2020-10-26,67.0,71.28,65.7,70.31,732022.0,,raw
2020-10-27,69.7,71.6,68.68,71.34,470794.0,,raw
2020-10-28,70.0,72.95,70.0,72.16,534438.0,,raw
2020-10-29,71.0,75.25,70.5,74.2,543869.0,,raw
2020-10-30,74.99,76.81,73.36,75.99,632506.0,,raw
2020-11-02,70.51,75.66,70.12,73.73,901187.0,,raw
2020-11-03,74.1,74.52,70.02,70.96,717666.0,,raw
2020-11-04,70.96,71.83,67.97,69.8,773005.0,,raw
2020-11-05,72.0,74.21,71.8,73.99,849666.0,,raw
2020-11-06,75.5,76.2,70.53,71.33,731941.0,,raw
2020-11-09,71.45,74.21,69.83,72.17,733820.0,,raw
2020-11-10,72.4,76.09,70.33,74.79,734478.0,,raw
2020-11-11,74.0,76.9,73.0,73.0,637120.0,,raw
2020-11-12,74.59,74.8,69.8,70.05,877083.0,,raw
2020-11-13,70.07,70.19,64.07,66.56,1422071.0,,raw
2020-11-16,66.69,67.85,64.1,66.87,651264.0,,raw
2020-11-17,66.92,67.29,64.5,65.19,510186.0,,raw
2020-11-18,64.9,65.42,62.0,62.74,882509.0,,raw
2020-11-19,63.1,65.0,62.33,64.83,586946.0,,raw
2020-11-20,65.88,67.28,64.89,66.89,517150.0,,raw
2020-11-23,67.59,68.4,65.79,67.7,568235.0,,raw
2020-11-24,67.64,67.64,65.67,66.88,366998.0,,raw
2020-11-25,67.06,68.56,66.18,66.78,351772.0,,raw
2020-11-26,66.4,67.6,65.1,67.47,381729.0,,raw
2020-11-27,67.37,69.9,66.8,69.5,559505.0,,raw
2020-11-30,69.01,69.55,67.8,68.7,417150.0,,raw
2020-12-01,68.95,70.49,68.56,69.92,439532.0,,raw
2020-12-02,70.5,71.3,68.88,69.72,333060.0,,raw
2020-12-03,70.0,70.34,69.01,69.43,241342.0,,raw
2020-12-04,69.45,69.66,67.6,69.24,371772.0,,raw
2020-12-07,69.78,72.25,69.2,71.72,553026.0,,raw
2020-12-08,72.0,73.48,71.5,72.54,448746.0,,raw
2020-12-09,72.58,74.1,72.1,73.37,454779.0,,raw
2020-12-10,73.0,75.25,71.75,74.1,576868.0,,raw
2020-12-11,75.0,75.08,72.02,72.8,521764.0,,raw
2020-12-14,74.0,77.49,73.3,75.77,648126.0,,raw
2020-12-15,75.77,76.55,74.15,76.31,496901.0,,raw
2020-12-16,78.0,78.0,75.46,76.0,433947.0,,raw
2020-12-17,75.27,75.47,73.0,74.81,456602.0,,raw
2020-12-18,74.75,77.8,74.44,77.65,493019.0,,raw
2020-12-21,84.0,85.42,82.01,85.42,1048520.0,,raw
2020-12-22,86.5,90.94,86.0,87.9,1244895.0,,raw
2020-12-23,89.88,93.54,89.09,92.2,932495.0,,raw
2020-12-24,90.98,92.37,89.47,90.6,594674.0,,raw
2020-12-25,91.5,93.93,90.2,93.45,778593.0,,raw
2020-12-28,93.47,94.7,90.8,92.15,633568.0,,raw
2020-12-29,92.39,92.4,87.6,88.4,871120.0,,raw
2020-12-30,90.0,92.32,88.54,90.74,758330.0,,raw
2020-12-31,91.8,93.73,89.13,92.2,851979.0,,raw
2021-01-04,92.2,101.42,92.2,100.1,1132259.0,,raw
2021-01-05,99.01,106.88,97.9,104.87,991979.0,,raw
2021-01-06,104.91,108.3,103.55,107.0,862448.0,,raw
2021-01-07,109.58,114.78,107.5,113.55,988987.0,,raw
2021-01-08,116.0,117.0,106.94,110.4,1266200.0,,raw
2021-01-11,110.8,110.8,104.77,106.15,985287.0,,raw
2021-01-12,105.66,110.62,104.88,109.95,854056.0,,raw
2021-01-13,110.12,114.37,106.65,108.18,879976.0,,raw
2021-01-14,106.0,106.12,99.99,100.99,1209975.0,,raw
2021-01-15,99.9,103.35,98.51,102.35,790026.0,,raw
2021-01-18,100.0,104.3,99.37,103.17,712453.0,,raw
2021-01-19,105.5,106.87,101.08,102.5,615736.0,,raw
2021-01-20,103.3,108.38,101.8,108.31,739912.0,,raw
2021-01-21,109.76,115.66,107.5,114.02,954058.0,,raw
2021-01-22,114.05,121.91,114.05,119.7,888397.0,,raw
2021-01-25,120.54,125.0,113.7,116.77,1155619.0,,raw
2021-01-26,115.99,116.7,112.22,114.08,717691.0,,raw
2021-01-27,113.5,123.0,111.8,123.0,988605.0,,raw
2021-01-28,118.16,120.08,112.87,113.24,920577.0,,raw
2021-01-29,113.0,113.0,103.72,107.55,1373758.0,,raw
2021-02-01,106.0,108.44,103.78,106.92,752542.0,,raw
2021-02-02,108.3,111.54,105.08,109.01,714914.0,,raw
2021-02-03,110.8,113.9,107.41,108.82,789819.0,,raw
2021-02-04,107.0,112.81,106.47,110.74,728164.0,,raw
2021-02-05,113.1,118.61,113.0,114.62,1002456.0,,raw
2021-02-08,114.62,114.62,106.31,112.2,836330.0,,raw
2021-02-09,113.0,117.88,112.51,117.41,814086.0,,raw
2021-02-10,119.99,123.2,117.5,121.98,809834.0,,raw
2021-02-18,124.38,125.68,120.01,122.3,778896.0,,raw
2021-02-19,119.77,120.7,113.7,117.0,777775.0,,raw
2021-02-22,115.0,119.4,108.5,108.88,887537.0,,raw
2021-02-23,106.0,113.55,104.5,111.27,655353.0,,raw
2021-02-24,109.99,111.59,101.01,104.0,1005151.0,,raw
2021-02-25,107.0,107.11,103.22,104.0,602497.0,,raw
2021-02-26,100.0,106.49,99.0,104.46,763989.0,,raw
2021-03-01,107.5,111.1,106.01,109.41,702363.0,,raw
2021-03-02,110.98,113.5,107.03,109.99,665147.0,,raw
2021-03-03,109.18,109.23,105.16,108.0,588298.0,,raw
2021-03-04,104.5,105.0,97.77,98.1,1129073.0,,raw
2021-03-05,94.06,100.79,92.51,99.44,743922.0,,raw
2021-03-08,100.0,100.48,89.5,89.5,1174067.0,,raw
2021-03-09,86.81,89.48,82.22,84.0,1287542.0,,raw
2021-03-10,88.0,88.8,84.44,85.0,1015468.0,,raw
2021-03-11,85.9,90.18,85.01,88.99,805422.0,,raw
2021-03-12,91.48,91.48,87.58,91.08,819263.0,,raw
2021-03-15,88.96,88.96,81.97,81.97,1101871.0,,raw
2021-03-16,80.7,82.49,79.78,81.6,731540.0,,raw
2021-03-17,81.61,83.31,79.2,82.66,607051.0,,raw
2021-03-18,82.66,83.66,81.27,82.85,680750.0,,raw
2021-03-19,80.0,80.8,77.84,78.96,754848.0,,raw
2021-03-22,80.0,81.56,79.2,80.05,552052.0,,raw
2021-03-23,80.0,80.5,77.49,78.57,580496.0,,raw
2021-03-24,78.98,79.4,76.33,76.79,483894.0,,raw
2021-03-25,75.5,77.7,75.01,77.0,473457.0,,raw
2021-03-26,78.01,81.12,77.5,80.42,872216.0,,raw
2021-03-29,80.42,81.47,78.9,80.2,577405.0,,raw
2021-03-30,80.19,88.09,79.6,87.62,1044602.0,,raw
2021-03-31,87.99,90.67,86.33,88.0,811828.0,,raw
2021-04-01,89.25,92.75,87.68,89.62,653779.0,,raw
2021-04-02,89.38,90.31,86.68,88.89,564100.0,,raw
2021-04-06,90.76,94.63,90.19,93.19,766071.0,,raw
2021-04-07,93.21,93.24,88.66,89.12,658157.0,,raw
2021-04-08,87.0,88.83,85.78,87.71,515702.0,,raw
2021-04-09,84.0,86.16,83.05,83.77,652576.0,,raw
2021-04-12,83.0,84.3,80.5,81.49,578569.0,,raw
2021-04-13,81.46,83.29,81.0,81.6,414936.0,,raw
2021-04-14,81.19,82.99,80.69,82.13,515784.0,,raw
2021-04-15,81.9,87.5,81.1,86.78,823601.0,,raw
2021-04-16,86.5,86.52,83.17,85.35,538801.0,,raw
2021-04-19,85.9,90.16,84.77,89.61,752105.0,,raw
2021-04-20,89.6,94.5,88.86,92.4,839439.0,,raw
2021-04-21,94.0,95.57,90.66,92.44,870869.0,,raw
2021-04-22,93.51,93.88,88.38,90.61,583280.0,,raw
2021-04-23,90.7,93.3,90.7,91.99,460360.0,,raw
2021-04-26,92.5,95.18,91.01,91.48,583062.0,,raw
2021-04-27,91.8,93.07,90.01,91.88,443382.0,,raw
2021-04-28,92.0,94.76,91.17,94.53,545046.0,,raw
2021-04-29,95.15,95.15,91.87,94.1,452026.0,,raw
2021-04-30,94.65,100.58,94.61,99.4,810835.0,,raw
2021-05-06,98.97,103.7,98.03,100.0,723184.0,,raw
2021-05-07,100.01,102.8,96.0,96.73,535899.0,,raw
2021-05-10,96.06,99.5,94.01,97.6,428206.0,,raw
2021-05-11,95.95,96.43,93.03,96.2,435065.0,,raw
2021-05-12,95.5,97.76,95.4,96.58,255414.0,,raw
2021-05-13,94.38,95.8,93.6,94.5,303157.0,,raw
2021-05-14,94.77,96.23,92.37,95.8,370969.0,,raw
2021-05-17,95.85,99.88,95.85,99.35,523812.0,,raw
2021-05-18,99.68,100.99,98.4,99.67,350405.0,,raw
2021-05-19,99.68,101.8,98.5,100.66,421867.0,,raw
2021-05-20,100.67,101.2,98.0,98.68,395985.0,,raw
2021-05-21,100.2,102.99,97.57,98.57,542247.0,,raw
2021-05-24,97.5,97.5,94.1,96.26,544179.0,,raw
2021-05-25,95.1,98.0,93.36,98.0,780225.0,,raw
2021-05-26,98.0,98.94,95.81,95.96,472846.0,,raw
2021-05-27,95.5,96.88,94.77,95.12,457138.0,,raw
2021-05-28,95.12,99.48,94.2,97.25,657907.0,,raw
2021-05-31,98.0,102.5,96.54,102.1,791348.0,,raw
2021-06-01,102.25,102.6,98.9,101.1,502859.0,,raw
2021-06-02,104.0,105.5,100.53,101.29,558120.0,,raw
2021-06-03,100.0,100.8,96.54,96.7,674631.0,,raw
2021-06-04,95.61,97.06,93.8,95.63,576634.0,,raw
2021-06-07,95.66,95.7,92.58,93.8,520968.0,,raw
2021-06-08,93.48,95.9,92.6,95.42,425440.0,,raw
2021-06-09,95.5,97.55,94.0,97.12,406539.0,,raw
2021-06-10,98.58,105.58,98.05,103.65,1308535.0,,raw
2021-06-11,105.28,112.0,104.2,109.5,1222984.0,,raw
2021-06-15,109.5,111.0,105.1,106.01,776046.0,,raw
2021-06-16,104.76,106.0,99.1,100.63,782990.0,,raw
2021-06-17,101.65,103.16,100.4,102.62,499869.0,,raw
2021-06-18,103.16,108.59,102.2,106.53,662764.0,,raw
2021-06-21,106.2,111.0,103.98,109.05,604884.0,,raw
2021-06-22,110.4,110.95,106.49,109.7,469053.0,,raw
2021-06-23,79.28,82.41,78.8,79.78,899358.0,,raw
2021-06-24,81.6,85.38,79.62,84.15,1244492.0,,raw
2021-06-25,84.15,88.3,83.33,86.16,1059874.0,,raw
2021-06-28,86.2,87.99,85.18,85.7,867291.0,,raw
2021-06-29,86.08,90.15,86.08,88.8,1247146.0,,raw
2021-06-30,87.54,89.89,86.77,88.84,707116.0,,raw
2021-07-01,88.88,89.49,85.0,85.12,991661.0,,raw
2021-07-02,83.49,85.47,81.6,82.66,1086764.0,,raw
2021-07-05,82.65,84.81,82.5,84.06,715235.0,,raw
2021-07-06,84.14,85.24,80.91,82.77,949822.0,,raw
2021-07-07,81.4,89.88,80.67,89.88,1477927.0,,raw
2021-07-08,90.0,93.0,89.0,90.7,1247019.0,,raw
2021-07-09,89.36,92.99,87.15,91.93,1164086.0,,raw
2021-07-12,92.05,94.28,90.66,91.37,1066938.0,,raw
2021-07-13,90.5,92.8,89.02,89.36,980266.0,,raw
2021-07-14,89.24,90.15,86.68,87.5,876999.0,,raw
2021-07-15,86.5,93.35,86.28,93.13,1274374.0,,raw
2021-07-16,93.0,93.45,88.88,89.0,980786.0,,raw
2021-07-19,88.5,90.8,86.8,88.12,823849.0,,raw
2021-07-20,87.15,90.6,86.86,89.55,638204.0,,raw
2021-07-21,90.98,94.5,90.06,93.23,1094846.0,,raw
2021-07-22,94.0,94.69,91.6,92.98,801304.0,,raw
2021-07-23,92.55,95.45,92.0,92.29,803541.0,,raw
2021-07-26,91.35,91.68,84.21,88.45,1390853.0,,raw
2021-07-27,88.0,89.98,83.61,83.69,1080944.0,,raw
2021-07-28,82.0,86.43,80.33,85.47,1120522.0,,raw
2021-07-29,88.0,90.43,85.9,89.7,1095810.0,,raw
2021-07-30,89.38,89.38,85.36,85.92,1046094.0,,raw
2021-08-02,84.85,89.0,83.62,86.62,880488.0,,raw
2021-08-03,87.8,88.18,83.85,85.17,752270.0,,raw
2021-08-04,85.17,92.58,85.02,91.98,1710555.0,,raw
2021-08-05,91.68,95.15,90.01,93.17,1224974.0,,raw
2021-08-06,93.18,95.32,91.4,91.9,804946.0,,raw
2021-08-09,91.79,91.79,86.6,88.03,1019557.0,,raw
2021-08-10,88.5,89.08,85.88,87.28,861532.0,,raw
2021-08-11,87.3,87.39,85.0,86.12,748327.0,,raw
2021-08-12,86.0,87.09,83.8,86.64,870289.0,,raw
2021-08-13,85.0,86.0,83.94,84.16,804452.0,,raw
2021-08-16,83.13,85.49,82.6,84.77,600713.0,,raw
2021-08-17,85.2,86.68,83.98,85.0,741640.0,,raw
2021-08-18,84.14,85.5,80.58,81.98,973818.0,,raw
2021-08-19,81.9,82.8,77.11,80.39,1242400.0,,raw
2021-08-20,79.59,81.4,78.28,79.12,704669.0,,raw
2021-08-23,79.55,81.2,77.5,80.75,830602.0,,raw
2021-08-24,81.55,86.0,80.66,84.14,1196427.0,,raw
2021-08-25,85.01,88.88,84.29,88.13,1294191.0,,raw
2021-08-26,88.7,89.8,85.98,86.0,906197.0,,raw
2021-08-27,86.0,91.32,86.0,90.81,1365770.0,,raw
2021-08-30,92.75,98.58,91.5,97.3,1819453.0,,raw
2021-08-31,94.88,94.88,88.18,89.46,1787544.0,,raw
2021-09-01,87.6,88.6,83.28,85.03,1305172.0,,raw
2021-09-02,85.68,88.88,85.68,88.14,844706.0,,raw
2021-09-03,89.4,91.3,84.96,85.59,948806.0,,raw
2021-09-06,87.0,87.54,83.19,86.03,756985.0,,raw
2021-09-07,86.5,87.51,84.58,87.51,650985.0,,raw
2021-09-08,87.89,88.8,84.0,84.68,883827.0,,raw
2021-09-09,84.0,84.5,81.0,82.79,1094681.0,,raw
2021-09-10,82.0,84.34,81.21,83.81,701639.0,,raw
2021-09-13,83.83,83.83,80.57,81.4,868883.0,,raw
2021-09-14,81.16,83.47,80.62,81.91,800553.0,,raw
2021-09-15,83.2,84.7,82.69,84.1,865062.0,,raw
2021-09-16,85.0,85.01,81.01,81.01,802577.0,,raw
2021-09-17,80.65,81.68,79.0,80.2,684170.0,,raw
2021-09-22,78.78,81.5,78.52,80.35,414371.0,,raw
2021-09-23,81.05,81.34,79.71,80.19,517374.0,,raw
2021-09-24,80.25,83.16,78.62,81.81,776358.0,,raw
2021-09-27,82.79,83.49,80.51,82.98,809012.0,,raw
2021-09-28,82.95,83.65,81.06,81.56,483319.0,,raw
2021-09-29,80.1,82.5,79.35,81.07,556548.0,,raw
2021-09-30,81.1,83.2,81.1,82.48,491999.0,,raw
2021-10-08,83.2,83.35,78.76,79.55,814870.0,,raw
2021-10-11,79.65,80.37,77.44,78.45,645778.0,,raw
2021-10-12,78.51,79.24,77.26,78.15,495737.0,,raw
2021-10-13,78.88,83.37,78.88,83.21,1041916.0,,raw
2021-10-14,83.03,83.63,81.62,82.05,530644.0,,raw
2021-10-15,82.0,85.5,81.32,85.0,984941.0,,raw
2021-10-18,86.8,88.0,84.0,86.03,705854.0,,raw
2021-10-19,87.32,87.35,84.68,84.99,490067.0,,raw
2021-10-20,84.8,89.99,84.65,87.86,1068798.0,,raw
2021-10-21,87.01,87.32,83.6,84.42,850080.0,,raw
2021-10-22,83.88,85.55,82.99,84.62,560815.0,,raw
2021-10-25,84.62,89.22,84.5,88.0,983623.0,,raw
2021-10-26,88.7,89.43,86.38,86.4,603432.0,,raw
2021-10-27,86.5,89.6,86.0,88.41,919678.0,,raw
2021-10-28,88.87,90.1,87.87,89.12,912002.0,,raw
2021-10-29,89.3,97.88,87.31,97.69,2243625.0,,raw
2021-11-01,97.49,103.3,96.61,100.2,1944072.0,,raw
2021-11-02,100.0,102.77,98.74,99.98,1225232.0,,raw
2021-11-03,98.0,99.02,90.18,91.0,1993185.0,,raw
2021-11-04,93.0,95.18,91.38,92.5,1297883.0,,raw
2021-11-05,89.01,92.1,86.22,90.0,1202336.0,,raw
2021-11-08,88.98,92.21,88.5,91.7,700956.0,,raw
2021-11-09,94.45,94.9,92.31,93.13,715354.0,,raw
2021-11-10,92.1,96.45,91.8,94.8,791831.0,,raw
2021-11-11,96.99,98.0,93.45,95.79,759115.0,,raw
2021-11-12,97.11,97.85,94.5,94.77,627621.0,,raw
2021-11-15,93.89,93.89,90.9,92.29,640534.0,,raw
2021-11-16,92.3,92.81,89.75,89.98,533499.0,,raw
2021-11-17,90.7,93.18,88.94,91.29,854882.0,,raw
2021-11-18,91.2,91.2,87.66,89.72,724482.0,,raw
2021-11-19,89.59,92.63,88.03,91.89,878592.0,,raw
2021-11-22,92.8,93.27,90.36,92.18,899454.0,,raw
2021-11-23,91.48,95.25,91.23,92.78,817412.0,,raw
2021-11-24,93.61,93.7,89.67,90.77,750539.0,,raw
2021-11-25,90.0,90.0,86.65,87.44,1067463.0,,raw
2021-11-26,87.0,88.15,86.26,87.35,563559.0,,raw
2021-11-29,86.0,88.16,85.42,87.99,541898.0,,raw
2021-11-30,88.19,88.58,86.44,87.42,430959.0,,raw
2021-12-01,85.77,86.21,83.02,84.06,1195722.0,,raw
2021-12-02,83.3,84.3,82.76,83.13,635101.0,,raw
2021-12-03,82.8,82.81,80.05,82.24,1021425.0,,raw
2021-12-06,82.0,83.49,81.55,81.89,629615.0,,raw
2021-12-07,82.6,83.98,81.05,83.97,748803.0,,raw
2021-12-08,84.5,84.69,82.59,84.16,730797.0,,raw
2021-12-09,83.68,85.6,83.43,85.0,617135.0,,raw
2021-12-10,84.52,87.5,83.99,86.81,752874.0,,raw
2021-12-13,86.81,89.23,86.1,87.68,801774.0,,raw
2021-12-14,87.8,88.32,86.01,86.54,484982.0,,raw
2021-12-15,85.98,87.3,85.0,85.3,495054.0,,raw
2021-12-16,85.05,86.14,84.81,85.48,381490.0,,raw
2021-12-17,83.5,84.33,81.5,81.9,821856.0,,raw
2021-12-20,81.03,81.7,79.17,80.49,657110.0,,raw
2021-12-21,80.32,81.0,79.22,80.98,485882.0,,raw
2021-12-22,81.8,81.8,79.97,80.11,402722.0,,raw
2021-12-23,79.56,81.0,79.3,80.2,440370.0,,raw
2021-12-24,80.01,80.18,77.8,77.88,675515.0,,raw
2021-12-27,77.7,79.25,77.26,78.14,407902.0,,raw
2021-12-28,78.0,81.9,77.6,81.55,686944.0,,raw
2021-12-29,81.18,82.95,80.8,82.01,528764.0,,raw
2021-12-30,82.3,83.99,80.51,81.23,632874.0,,raw
2021-12-31,84.0,87.33,84.0,86.2,1213772.0,,raw
2022-01-04,86.48,88.02,82.62,84.86,881243.0,,raw
2022-01-05,84.8,84.8,81.19,81.47,631038.0,,raw
2022-01-06,80.0,81.8,79.36,80.55,436893.0,,raw
2022-01-07,80.71,81.97,79.66,80.27,481170.0,,raw
2022-01-10,80.4,81.27,79.18,79.7,405479.0,,raw
2022-01-11,79.4,79.97,77.6,77.98,534768.0,,raw
2022-01-12,78.79,80.66,78.1,80.2,497164.0,,raw
2022-01-13,80.5,80.6,78.5,79.25,348844.0,,raw
2022-01-14,78.9,80.49,78.29,79.25,350270.0,,raw
2022-01-17,80.88,82.41,80.1,81.01,499007.0,,raw
2022-01-18,80.63,81.3,78.99,79.51,432470.0,,raw
2022-01-19,79.19,79.3,77.89,78.51,345669.0,,raw
2022-01-20,78.0,78.58,77.58,78.2,283251.0,,raw
2022-01-21,78.0,78.0,75.62,76.0,582372.0,,raw
2022-01-24,75.5,77.7,73.83,76.54,508964.0,,raw
2022-01-25,75.4,77.0,74.31,74.45,441928.0,,raw
2022-01-26,75.21,77.7,74.81,77.31,566340.0,,raw
2022-01-27,76.9,77.0,74.3,74.43,525137.0,,raw
2022-01-28,75.05,75.52,67.2,70.11,1040468.0,,raw
2022-02-07,71.6,74.33,70.91,73.22,658895.0,,raw
2022-02-08,73.2,73.21,69.8,71.86,486661.0,,raw
2022-02-09,72.08,72.43,70.28,71.18,462380.0,,raw
2022-02-10,71.5,71.52,67.52,68.5,795412.0,,raw
2022-02-11,67.0,68.14,64.8,65.15,1020831.0,,raw
2022-02-14,64.74,66.24,63.54,65.33,561972.0,,raw
2022-02-15,65.96,68.81,65.53,68.57,715621.0,,raw
2022-02-16,69.4,69.4,67.7,68.07,420373.0,,raw
2022-02-17,67.6,70.34,67.36,69.5,622478.0,,raw
2022-02-18,69.0,69.3,67.72,68.55,424515.0,,raw
2022-02-21,68.48,68.88,67.35,68.3,326034.0,,raw
2022-02-22,67.57,70.18,66.6,69.09,633490.0,,raw
2022-02-23,70.21,72.27,70.03,72.0,790910.0,,raw
2022-02-24,71.65,75.3,71.07,73.05,1082287.0,,raw
2022-02-25,75.0,76.25,73.5,74.56,744179.0,,raw
2022-02-28,74.56,77.85,74.15,77.67,869304.0,,raw
2022-03-01,80.5,81.86,79.32,80.05,1077074.0,,raw
2022-03-02,80.02,80.48,77.27,80.05,674373.0,,raw
2022-03-03,80.35,80.63,78.19,78.49,428574.0,,raw
2022-03-04,76.94,79.4,76.44,77.8,411258.0,,raw
2022-03-07,76.96,78.77,75.49,76.8,541835.0,,raw
2022-03-08,76.1,79.88,76.1,77.74,869178.0,,raw
2022-03-09,79.99,80.9,74.0,78.15,933539.0,,raw
2022-03-10,81.6,82.83,81.2,81.74,1167538.0,,raw
2022-03-11,80.12,82.3,78.66,80.51,767912.0,,raw
2022-03-14,80.62,82.78,79.26,79.68,640850.0,,raw
2022-03-15,78.38,80.76,76.66,77.4,761873.0,,raw
2022-03-16,79.3,81.2,75.88,81.0,977037.0,,raw
2022-03-17,83.0,83.59,80.35,80.72,938953.0,,raw
2022-03-18,80.4,81.18,78.7,80.68,442803.0,,raw
2022-03-21,80.79,83.0,80.5,82.59,669540.0,,raw
2022-03-22,83.01,83.38,79.2,80.49,508038.0,,raw
2022-03-23,81.01,81.99,79.43,80.5,399805.0,,raw
2022-03-24,79.8,79.8,77.06,78.81,522169.0,,raw
2022-03-25,78.8,78.8,75.8,75.9,488689.0,,raw
2022-03-28,74.97,77.28,74.51,75.85,472079.0,,raw
2022-03-29,76.48,77.68,73.4,74.34,545709.0,,raw
2022-03-30,74.68,75.39,73.07,75.39,645522.0,,raw
2022-03-31,75.3,75.3,71.63,72.19,649706.0,,raw
2022-04-01,71.0,74.33,70.0,72.6,505231.0,,raw
2022-04-06,70.0,70.08,68.0,68.6,865522.0,,raw
2022-04-07,68.55,69.32,67.25,68.83,497375.0,,raw
2022-04-08,68.83,69.66,66.84,67.9,449961.0,,raw
2022-04-11,67.4,67.5,65.01,65.82,565606.0,,raw
2022-04-12,66.98,67.26,65.5,66.86,421667.0,,raw
2022-04-13,66.7,67.39,65.59,66.69,369887.0,,raw
2022-04-14,67.5,67.88,65.8,67.03,402115.0,,raw
2022-04-15,66.0,66.87,65.0,66.4,449692.0,,raw
2022-04-18,65.93,69.72,65.34,69.2,636220.0,,raw
2022-04-19,69.0,70.65,68.77,69.1,467311.0,,raw
2022-04-20,67.2,68.45,66.66,66.8,492728.0,,raw
2022-04-21,66.25,67.05,62.0,62.58,850586.0,,raw
2022-04-22,61.0,62.4,60.8,62.0,573136.0,,raw
2022-04-25,60.0,60.49,56.5,56.61,700467.0,,raw
2022-04-26,56.61,58.87,56.2,57.17,580948.0,,raw
2022-04-27,56.56,61.45,56.54,61.3,761615.0,,raw
2022-04-28,60.0,66.0,57.04,64.58,1069988.0,,raw
2022-04-29,64.99,68.7,64.08,67.96,828603.0,,raw
2022-05-05,68.32,70.91,67.96,69.08,657867.0,,raw
2022-05-06,67.39,68.49,67.0,67.03,390392.0,,raw
2022-05-09,66.69,70.0,66.4,69.33,463673.0,,raw
2022-05-10,66.36,71.33,66.36,68.42,606858.0,,raw
2022-05-11,68.9,73.0,68.87,71.4,808780.0,,raw
2022-05-12,71.3,71.3,69.25,69.78,526911.0,,raw
2022-05-13,70.87,71.03,69.22,69.76,302238.0,,raw
2022-05-16,69.95,70.98,68.0,68.0,422430.0,,raw
2022-05-17,68.5,71.0,68.2,70.31,566168.0,,raw
2022-05-18,70.96,71.49,69.8,70.77,493976.0,,raw
2022-05-19,70.2,75.91,69.8,75.17,1058988.0,,raw
2022-05-20,75.6,77.44,75.29,76.68,661735.0,,raw
2022-05-23,76.68,77.0,74.58,75.9,422164.0,,raw
2022-05-24,75.92,76.4,73.36,73.43,409644.0,,raw
2022-05-25,73.17,74.63,72.73,73.98,340881.0,,raw
2022-05-26,74.0,75.5,72.6,75.1,439478.0,,raw
2022-05-27,76.01,77.48,74.68,75.12,328856.0,,raw
2022-05-30,75.46,76.88,75.0,76.31,417539.0,,raw
2022-05-31,78.17,79.29,77.17,79.2,578347.0,,raw
2022-06-01,79.2,79.48,77.6,78.7,335015.0,,raw
2022-06-02,79.0,80.17,78.0,79.98,377225.0,,raw
2022-06-06,57.72,62.3,57.0,60.62,1068502.0,,raw
2022-06-07,62.7,63.56,60.6,60.63,1467264.0,,raw
2022-06-08,61.08,61.3,59.01,60.21,974319.0,,raw
2022-06-09,60.21,61.59,59.9,60.98,794661.0,,raw
2022-06-10,60.0,61.49,57.98,61.06,941228.0,,raw
2022-06-13,60.01,61.54,59.9,60.74,578385.0,,raw
2022-06-14,60.12,60.2,57.6,59.33,973316.0,,raw
2022-06-15,59.33,59.97,57.5,58.5,981144.0,,raw
2022-06-16,58.49,60.54,58.4,59.95,752997.0,,raw
2022-06-17,59.28,61.1,59.01,60.85,795614.0,,raw
2022-06-20,61.46,61.6,60.05,60.77,812627.0,,raw
2022-06-21,60.8,63.25,59.7,60.95,945433.0,,raw
2022-06-22,60.95,62.86,60.5,61.35,783961.0,,raw
2022-06-23,61.55,62.14,60.58,61.8,630823.0,,raw
2022-06-24,62.95,64.5,62.51,64.35,1220966.0,,raw
2022-06-27,65.48,65.5,63.88,64.58,862733.0,,raw
2022-06-28,64.64,67.82,63.5,67.6,1214056.0,,raw
2022-06-29,66.9,67.95,63.98,64.16,1014553.0,,raw
2022-06-30,64.1,67.6,63.18,66.63,1082377.0,,raw
2022-07-01,67.48,68.0,64.1,64.89,964942.0,,raw
2022-07-04,62.7,65.49,62.68,64.37,909955.0,,raw
2022-07-05,64.5,64.99,63.1,64.15,756245.0,,raw
2022-07-06,64.15,64.91,62.68,63.5,644830.0,,raw
2022-07-07,63.43,64.7,62.12,64.3,831723.0,,raw
2022-07-08,65.12,65.39,62.08,62.18,823120.0,,raw
2022-07-11,61.3,61.48,59.48,60.24,841874.0,,raw
2022-07-12,60.56,60.94,58.63,58.93,708078.0,,raw
2022-07-13,58.93,62.18,58.74,61.57,934186.0,,raw
2022-07-14,61.57,62.99,60.95,61.91,800665.0,,raw
2022-07-15,61.67,64.48,61.51,62.04,894543.0,,raw
2022-07-18,62.69,62.88,60.8,62.1,581429.0,,raw
2022-07-19,62.11,62.29,59.7,60.15,770319.0,,raw
2022-07-20,60.88,60.99,59.51,59.82,529616.0,,raw
2022-07-21,59.78,60.28,59.01,59.13,500102.0,,raw
2022-07-22,59.97,61.23,59.5,60.14,793038.0,,raw
2022-07-25,60.5,60.62,58.6,58.81,503600.0,,raw
2022-07-26,59.0,60.49,58.68,59.65,532192.0,,raw
2022-07-27,59.7,61.75,59.46,61.26,805226.0,,raw
2022-07-28,61.5,62.6,60.51,61.18,732776.0,,raw
2022-07-29,61.38,62.88,61.21,61.5,723450.0,,raw
2022-08-01,61.7,61.8,59.5,61.21,652371.0,,raw
2022-08-02,60.1,60.47,58.46,59.59,878740.0,,raw
2022-08-03,59.59,60.6,56.2,56.86,1150704.0,,raw
2022-08-04,56.86,57.2,54.7,55.76,1094067.0,,raw
2022-08-05,56.19,56.79,55.32,56.73,602353.0,,raw
2022-08-08,56.79,56.99,55.01,56.55,666099.0,,raw
2022-08-09,56.55,58.86,55.81,58.08,905645.0,,raw
2022-08-10,58.08,58.8,57.4,57.74,521058.0,,raw
2022-08-11,58.35,58.49,56.5,58.0,614885.0,,raw
2022-08-12,58.26,59.07,57.97,58.58,553617.0,,raw
2022-08-15,59.0,60.88,58.59,60.06,644508.0,,raw
2022-08-16,60.06,61.32,59.79,60.39,666593.0,,raw
2022-08-17,60.11,61.23,59.76,60.61,568322.0,,raw
2022-08-18,61.1,61.74,60.63,60.93,597909.0,,raw
2022-08-19,60.88,60.88,55.92,56.12,2060662.0,,raw
2022-08-22,54.89,54.9,52.09,53.41,2157949.0,,raw
2022-08-23,53.42,55.55,53.42,54.2,1216969.0,,raw
2022-08-24,54.19,54.19,52.38,52.68,801354.0,,raw
2022-08-25,53.21,53.7,52.0,52.85,848502.0,,raw
2022-08-26,53.13,53.8,52.84,53.06,667886.0,,raw
2022-08-29,52.17,53.98,51.87,53.41,627256.0,,raw
2022-08-30,53.45,53.78,52.3,52.8,565857.0,,raw
2022-08-31,52.45,53.07,50.83,51.2,892495.0,,raw
2022-09-01,51.3,52.17,51.22,51.65,533746.0,,raw
2022-09-02,51.63,51.9,50.5,50.95,502147.0,,raw
2022-09-05,50.78,51.29,49.8,50.49,577164.0,,raw
2022-09-06,50.88,53.3,50.06,53.16,1014903.0,,raw
2022-09-07,53.0,54.28,52.71,53.46,713986.0,,raw
2022-09-08,53.56,54.28,53.0,53.39,433171.0,,raw
2022-09-09,53.75,53.78,52.39,53.18,440943.0,,raw
2022-09-13,53.62,53.8,52.28,53.27,490469.0,,raw
2022-09-14,52.55,53.52,52.47,52.55,378898.0,,raw
2022-09-15,52.7,53.02,48.5,48.66,1227742.0,,raw
2022-09-16,48.66,49.3,48.3,48.3,592733.0,,raw
2022-09-19,48.29,49.0,47.47,48.12,601664.0,,raw
2022-09-20,48.85,50.65,48.85,50.04,650144.0,,raw
2022-09-21,49.92,50.4,49.13,49.19,426386.0,,raw
2022-09-22,48.7,49.77,47.95,49.18,347408.0,,raw
2022-09-23,48.8,49.78,48.28,48.54,364646.0,,raw
2022-09-26,48.05,49.79,47.9,48.8,508412.0,,raw
2022-09-27,48.72,49.6,48.3,48.99,409249.0,,raw
2022-09-28,49.05,50.05,47.9,47.9,505131.0,,raw
2022-09-29,48.56,50.3,48.3,50.08,1006289.0,,raw
2022-09-30,49.78,50.15,47.8,47.91,682745.0,,raw
2022-10-10,48.25,48.4,45.76,45.89,576219.0,,raw
2022-10-11,45.85,46.96,45.45,46.51,453284.0,,raw
2022-10-12,46.79,48.75,45.08,48.38,747352.0,,raw
2022-10-13,48.22,48.66,46.89,47.0,586110.0,,raw
2022-10-14,48.77,51.7,48.02,51.22,1509223.0,,raw
2022-10-17,50.5,50.75,49.11,50.45,862329.0,,raw
2022-10-18,50.5,51.28,49.7,50.05,640500.0,,raw
2022-10-19,49.6,50.26,48.88,49.13,507676.0,,raw
2022-10-20,48.3,48.44,46.85,47.18,728716.0,,raw
2022-10-21,46.95,47.7,46.27,47.5,628505.0,,raw
2022-10-24,46.99,47.61,45.18,45.88,775947.0,,raw
2022-10-25,46.1,49.1,46.09,48.7,1152769.0,,raw
2022-10-26,48.9,50.3,48.29,49.93,815215.0,,raw
2022-10-27,50.99,52.18,50.35,50.35,902625.0,,raw
2022-10-28,50.25,50.87,48.9,49.25,578297.0,,raw
2022-10-31,49.0,49.55,47.62,47.98,643909.0,,raw
2022-11-01,48.51,51.1,48.48,51.05,963913.0,,raw
2022-11-02,50.49,52.36,50.25,51.56,839330.0,,raw
2022-11-03,51.8,53.36,49.91,50.12,1114930.0,,raw
2022-11-04,50.42,52.63,50.04,52.4,1032293.0,,raw
2022-11-07,51.98,52.5,51.45,52.11,706372.0,,raw
2022-11-08,52.11,52.23,50.89,51.32,488579.0,,raw
2022-11-09,51.33,51.33,49.6,49.96,610637.0,,raw
2022-11-10,49.01,49.31,48.02,48.36,760251.0,,raw
2022-11-11,50.18,50.37,47.8,48.34,1198304.0,,raw
2022-11-14,48.34,48.58,47.0,47.35,932592.0,,raw
2022-11-15,47.43,48.25,47.16,47.97,1053630.0,,raw
2022-11-16,47.85,47.85,46.5,46.65,1091583.0,,raw
2022-11-17,46.66,46.72,45.72,46.47,831643.0,,raw
2022-11-18,46.9,47.9,46.12,47.0,915013.0,,raw
2022-11-21,47.58,47.94,47.0,47.75,718740.0,,raw
2022-11-22,47.75,47.75,46.4,46.56,707473.0,,raw
2022-11-23,46.39,47.8,46.04,47.59,843601.0,,raw
2022-11-24,47.8,47.8,47.1,47.15,467791.0,,raw
2022-11-25,47.0,47.0,45.66,45.73,752850.0,,raw
2022-11-28,44.3,44.97,44.03,44.59,678617.0,,raw
2022-11-29,44.59,45.45,44.37,44.96,647975.0,,raw
2022-11-30,44.96,45.78,44.68,45.78,666446.0,,raw
2022-12-01,46.51,47.5,46.51,47.01,965438.0,,raw
2022-12-02,46.9,48.4,46.69,47.98,996173.0,,raw
2022-12-05,47.9,47.93,46.0,46.36,1243510.0,,raw
2022-12-06,46.0,46.55,45.49,45.86,849680.0,,raw
2022-12-07,45.52,46.44,45.28,45.93,588115.0,,raw
2022-12-08,45.98,47.17,45.88,46.5,689254.0,,raw
2022-12-09,46.22,46.65,46.01,46.3,705759.0,,raw
2022-12-12,46.0,46.18,45.36,45.49,506671.0,,raw
2022-12-13,45.4,45.72,44.8,44.9,550343.0,,raw
2022-12-14,44.78,45.28,44.25,44.63,589626.0,,raw
2022-12-15,44.4,45.19,44.3,45.18,508112.0,,raw
2022-12-16,45.0,45.06,44.3,44.63,485311.0,,raw
2022-12-19,44.5,45.27,44.36,44.6,454995.0,,raw
2022-12-20,44.55,44.88,44.04,44.8,512263.0,,raw
2022-12-21,44.6,44.69,43.55,43.61,514995.0,,raw
2022-12-22,43.55,43.6,40.48,40.86,1483831.0,,raw
2022-12-23,40.2,41.09,39.88,40.54,706320.0,,raw
2022-12-26,40.21,42.23,39.5,42.0,841835.0,,raw
2022-12-27,42.0,42.75,41.77,42.39,627867.0,,raw
2022-12-28,42.03,43.1,41.71,42.8,682583.0,,raw
2022-12-29,42.6,43.38,42.41,42.62,415419.0,,raw
2022-12-30,42.85,43.29,42.05,42.26,533643.0,,raw
