trade_date,open,high,low,close,adj_close,volume,amount,price_type
2016-01-04,-0.369,-0.129,-2.556,-2.436,-2.436,200338.0,,adjusted
2016-01-05,-2.436,-1.263,-2.563,-1.363,-1.363,312165.0,,adjusted
2016-01-06,-1.396,-0.949,-1.636,-1.189,-1.189,201976.0,,adjusted
2016-01-07,-1.649,-1.596,-2.996,-2.889,-2.889,63754.0,,adjusted
2016-01-08,-2.109,-1.856,-3.096,-2.376,-2.376,374581.0,,adjusted
2016-01-11,-2.916,-2.556,-3.456,-3.316,-3.316,282311.0,,adjusted
2016-01-12,-3.169,-2.803,-3.463,-3.043,-3.043,214249.0,,adjusted
2016-01-13,-2.876,-2.296,-3.216,-2.923,-2.923,190050.0,,adjusted
2016-01-14,-3.569,-2.396,-3.576,-2.516,-2.516,265660.0,,adjusted
2016-01-15,-2.516,-2.369,-3.516,-3.323,-3.323,240679.0,,adjusted
2016-01-18,-3.756,-3.216,-3.983,-3.716,-3.716,214986.0,,adjusted
2016-01-19,-3.703,-2.729,-3.809,-3.036,-3.036,218061.0,,adjusted
2016-01-20,-3.116,-2.916,-3.816,-3.563,-3.563,230145.0,,adjusted
2016-01-21,-3.829,-3.429,-4.236,-4.229,-4.229,211966.0,,adjusted
2016-01-22,-3.989,-3.956,-4.583,-4.196,-4.196,169372.0,,adjusted
2016-01-25,-4.103,-3.923,-4.203,-4.116,-4.116,93538.0,,adjusted
2016-01-26,-4.223,-4.096,-5.069,-5.016,-5.016,197294.0,,adjusted
2016-01-27,-4.916,-4.629,-5.483,-4.763,-4.763,184252.0,,adjusted
2016-01-28,-4.896,-4.269,-4.996,-4.576,-4.576,132620.0,,adjusted
2016-01-29,-4.683,-3.916,-4.783,-4.043,-4.043,121923.0,,adjusted
2016-02-01,-4.036,-3.876,-4.176,-4.016,-4.016,84269.0,,adjusted
2016-02-02,-4.016,-3.596,-4.049,-3.843,-3.843,105678.0,,adjusted
2016-02-03,-3.929,-3.863,-4.376,-4.136,-4.136,130410.0,,adjusted
2016-02-04,-4.103,-3.803,-4.176,-4.056,-4.056,92088.0,,adjusted
2016-02-05,-3.983,-3.796,-4.069,-3.969,-3.969,100290.0,,adjusted
2016-02-15,-4.283,-4.063,-4.436,-4.276,-4.276,117440.0,,adjusted
2016-02-16,-4.029,-3.716,-4.183,-3.756,-3.756,133921.0,,adjusted
2016-02-17,-3.809,-3.436,-3.843,-3.616,-3.616,116423.0,,adjusted
2016-02-18,-3.496,-3.389,-3.729,-3.676,-3.676,69581.0,,adjusted
2016-02-19,-3.709,-3.629,-3.916,-3.849,-3.849,66150.0,,adjusted
2016-02-22,-3.589,-3.483,-3.903,-3.556,-3.556,112334.0,,adjusted
2016-02-23,-3.536,-3.516,-3.769,-3.669,-3.669,97402.0,,adjusted
2016-02-24,-3.716,-3.609,-4.036,-3.689,-3.689,82086.0,,adjusted
2016-02-25,-3.769,-3.696,-4.916,-4.603,-4.603,162506.0,,adjusted
2016-02-26,-4.523,-4.309,-4.609,-4.356,-4.356,95053.0,,adjusted
2016-02-29,-4.396,-4.389,-5.103,-4.869,-4.869,131878.0,,adjusted
2016-03-01,-4.816,-4.269,-4.856,-4.276,-4.276,110086.0,,adjusted
2016-03-02,-4.123,-2.796,-4.269,-2.796,-2.796,355746.0,,adjusted
2016-03-03,-2.816,-2.716,-3.249,-3.183,-3.183,148251.0,,adjusted
2016-03-04,-3.063,-2.416,-3.216,-2.836,-2.836,262456.0,,adjusted
2016-03-07,-2.783,-2.303,-3.016,-2.763,-2.763,116650.0,,adjusted
2016-03-08,-2.749,-2.716,-3.396,-3.016,-3.016,92473.0,,adjusted
2016-03-09,-3.216,-2.683,-3.369,-3.063,-3.063,94290.0,,adjusted
2016-03-10,-3.083,-2.476,-3.123,-2.896,-2.896,105509.0,,adjusted
2016-03-11,-3.023,-2.663,-3.109,-2.916,-2.916,62353.0,,adjusted
2016-03-14,-2.689,-2.149,-2.696,-2.549,-2.549,161849.0,,adjusted
2016-03-15,-2.396,-2.383,-2.916,-2.489,-2.489,116240.0,,adjusted
2016-03-16,-2.509,-2.509,-2.849,-2.743,-2.743,74246.0,,adjusted
2016-03-17,-2.576,-2.256,-2.629,-2.349,-2.349,104874.0,,adjusted
2016-03-18,-2.183,-1.943,-2.443,-2.223,-2.223,245725.0,,adjusted
2016-03-21,-2.149,-1.856,-2.236,-1.996,-1.996,198355.0,,adjusted
2016-03-22,-1.949,-1.616,-2.056,-1.889,-1.889,135105.0,,adjusted
2016-03-23,-2.056,-1.849,-2.263,-2.063,-2.063,96578.0,,adjusted
2016-03-24,-2.229,-1.416,-2.396,-1.669,-1.669,219182.0,,adjusted
2016-03-25,-1.849,-1.143,-1.876,-1.316,-1.316,168538.0,,adjusted
2016-03-28,-0.909,-0.736,-1.916,-1.849,-1.849,256840.0,,adjusted
2016-03-29,-1.749,-1.729,-2.383,-2.256,-2.256,161499.0,,adjusted
2016-03-30,-2.143,-1.883,-2.263,-1.896,-1.896,193760.0,,adjusted
2016-03-31,-1.796,-1.323,-1.796,-1.683,-1.683,203540.0,,adjusted
2016-04-01,-1.583,-1.583,-2.116,-1.856,-1.856,102610.0,,adjusted
2016-04-05,-2.076,-1.623,-2.076,-1.723,-1.723,146471.0,,adjusted
2016-04-06,-1.783,-1.603,-1.876,-1.749,-1.749,113214.0,,adjusted
2016-04-07,-1.709,-1.629,-2.216,-2.183,-2.183,141250.0,,adjusted
2016-04-08,-2.249,-2.029,-2.356,-2.236,-2.236,84351.0,,adjusted
2016-04-11,-2.096,-1.883,-2.116,-1.983,-1.983,150076.0,,adjusted
2016-04-12,-1.983,-1.889,-2.116,-1.943,-1.943,82910.0,,adjusted
2016-04-13,-1.849,-1.529,-1.903,-1.796,-1.796,185906.0,,adjusted
2016-04-14,-1.723,-1.536,-1.783,-1.636,-1.636,117934.0,,adjusted
2016-04-15,-1.616,-1.516,-1.716,-1.609,-1.609,87028.0,,adjusted
2016-04-18,-1.609,-1.609,-1.949,-1.836,-1.836,90970.0,,adjusted
2016-04-19,-1.776,-1.683,-1.983,-1.729,-1.729,78850.0,,adjusted
2016-04-20,-1.729,-1.729,-2.576,-2.329,-2.329,202417.0,,adjusted
2016-04-21,-2.383,-2.196,-2.483,-2.423,-2.423,81153.0,,adjusted
2016-04-22,-2.516,-1.629,-2.543,-1.716,-1.716,149254.0,,adjusted
2016-04-25,-1.716,-1.216,-1.783,-1.449,-1.449,210883.0,,adjusted
2016-04-26,-1.429,-1.123,-1.516,-1.329,-1.329,105234.0,,adjusted
2016-04-27,-1.396,-1.269,-1.636,-1.596,-1.596,109632.0,,adjusted
2016-04-28,-1.503,-1.229,-1.889,-1.729,-1.729,138985.0,,adjusted
2016-04-29,-1.569,-0.743,-1.569,-0.849,-0.849,254040.0,,adjusted
2016-05-03,-0.776,0.471,-0.783,0.311,0.311,296269.0,,adjusted
2016-05-04,-0.049,0.277,-0.383,-0.276,-0.276,276830.0,,adjusted
2016-05-05,-0.203,-0.089,-0.349,-0.256,-0.256,195476.0,,adjusted
2016-05-06,-0.479,-0.309,-1.099,-1.099,-1.099,387857.0,,adjusted
2016-05-09,-1.369,-0.749,-1.459,-1.099,-1.099,322845.0,,adjusted
2016-05-10,-1.049,0.141,-1.299,-0.369,-0.369,481487.0,,adjusted
2016-05-11,-0.289,0.761,-0.359,0.511,0.511,589117.0,,adjusted
2016-05-12,0.151,1.101,-0.149,0.451,0.451,407027.0,,adjusted
2016-05-13,0.361,0.781,-0.029,0.061,0.061,214554.0,,adjusted
2016-05-16,0.061,0.551,0.061,0.351,0.351,178849.0,,adjusted
2016-05-17,0.201,0.351,-0.149,-0.099,-0.099,188288.0,,adjusted
2016-06-01,1.651,2.001,0.991,1.411,1.411,791824.0,,adjusted
2016-06-02,1.261,1.431,0.911,1.111,1.111,387352.0,,adjusted
2016-06-03,1.111,1.781,1.001,1.631,1.631,367146.0,,adjusted
2016-06-06,1.651,2.581,1.551,2.281,2.281,447679.0,,adjusted
2016-06-07,2.281,2.381,1.551,1.681,1.681,376155.0,,adjusted
2016-06-08,1.551,1.551,1.051,1.231,1.231,273857.0,,adjusted
2016-06-13,0.961,1.381,0.801,0.851,0.851,275858.0,,adjusted
2016-06-14,0.851,1.241,0.661,1.131,1.131,204764.0,,adjusted
2016-06-15,0.711,1.611,0.681,1.331,1.331,282360.0,,adjusted
2016-06-16,1.191,1.261,0.731,0.911,0.911,175804.0,,adjusted
2016-06-17,1.321,1.451,0.771,0.981,0.981,275958.0,,adjusted
2016-06-20,0.811,1.581,0.761,1.511,1.511,360628.0,,adjusted
2016-06-21,1.541,1.701,1.181,1.271,1.271,232914.0,,adjusted
2016-06-22,1.161,1.581,1.091,1.511,1.511,180797.0,,adjusted
2016-06-23,1.501,1.581,1.151,1.251,1.251,179282.0,,adjusted
2016-06-24,1.291,1.781,1.051,1.381,1.381,390874.0,,adjusted
2016-06-27,1.211,2.421,1.211,2.191,2.191,414636.0,,adjusted
2016-06-28,2.071,2.071,1.521,1.901,1.901,507580.0,,adjusted
2016-06-29,1.831,2.021,1.641,1.921,1.921,318571.0,,adjusted
2016-06-30,1.991,2.331,1.781,2.271,2.271,519895.0,,adjusted
2016-07-01,2.341,3.181,2.341,2.631,2.631,474164.0,,adjusted
2016-07-04,2.561,3.631,2.481,3.001,3.001,650460.0,,adjusted
2016-07-05,3.101,3.141,2.571,2.651,2.651,426639.0,,adjusted
2016-07-06,2.601,3.011,2.411,2.931,2.931,405932.0,,adjusted
2016-07-07,3.001,3.511,2.881,2.991,2.991,595459.0,,adjusted
2016-07-08,3.171,3.301,2.601,2.701,2.701,373771.0,,adjusted
2016-07-11,2.901,3.771,2.711,3.511,3.511,665050.0,,adjusted
2016-07-12,3.601,6.011,3.531,6.011,6.011,1153310.0,,adjusted
2016-07-13,6.421,7.241,5.601,5.901,5.901,894217.0,,adjusted
2016-07-14,5.711,6.201,5.321,5.591,5.591,456231.0,,adjusted
2016-07-15,5.611,8.121,5.611,7.201,7.201,869925.0,,adjusted
2016-07-18,6.941,7.841,6.561,7.011,7.011,552138.0,,adjusted
2016-07-19,6.871,7.101,5.661,6.001,6.001,600783.0,,adjusted
2016-07-20,6.041,6.331,5.561,5.851,5.851,318448.0,,adjusted
2016-07-21,6.131,7.841,6.051,6.621,6.621,642806.0,,adjusted
2016-07-22,6.651,6.851,5.551,5.831,5.831,524755.0,,adjusted
2016-07-25,5.561,5.981,5.171,5.211,5.211,479540.0,,adjusted
2016-07-26,5.241,6.181,4.951,6.091,6.091,631496.0,,adjusted
2016-07-27,6.151,6.251,4.911,5.511,5.511,612241.0,,adjusted
2016-07-28,5.511,6.931,5.351,6.331,6.331,806192.0,,adjusted
2016-07-29,6.331,7.351,6.071,6.751,6.751,720825.0,,adjusted
2016-08-01,6.591,7.131,6.061,6.311,6.311,477978.0,,adjusted
2016-08-02,6.231,6.291,5.521,6.151,6.151,436860.0,,adjusted
2016-08-03,5.971,6.631,5.821,6.561,6.561,377674.0,,adjusted
2016-08-04,6.401,6.671,6.081,6.241,6.241,352555.0,,adjusted
2016-08-05,6.201,7.011,6.111,6.521,6.521,448374.0,,adjusted
2016-08-08,6.511,6.511,5.731,6.241,6.241,344702.0,,adjusted
2016-08-09,6.441,6.601,5.881,6.381,6.381,335700.0,,adjusted
2016-08-10,6.231,6.541,5.641,5.781,5.781,435637.0,,adjusted
2016-08-11,5.811,6.141,5.711,5.791,5.791,295709.0,,adjusted
2016-08-12,5.791,5.901,4.951,5.591,5.591,493732.0,,adjusted
2016-08-15,5.601,6.581,5.201,6.471,6.471,677757.0,,adjusted
2016-08-16,6.561,7.701,6.561,6.901,6.901,694746.0,,adjusted
2016-08-17,7.151,7.651,6.821,6.981,6.981,453911.0,,adjusted
2016-08-18,6.911,7.041,6.391,6.621,6.621,353506.0,,adjusted
2016-08-19,6.491,6.831,6.231,6.411,6.411,277037.0,,adjusted
2016-08-22,6.411,6.411,5.871,5.971,5.971,258248.0,,adjusted
2016-08-23,6.051,6.631,5.951,6.181,6.181,276439.0,,adjusted
2016-08-24,6.251,6.341,5.761,5.851,5.851,228113.0,,adjusted
2016-08-25,5.801,6.281,5.551,6.051,6.051,229068.0,,adjusted
2016-08-26,6.041,6.281,5.681,5.771,5.771,200645.0,,adjusted
2016-08-29,5.731,5.881,5.431,5.601,5.601,215662.0,,adjusted
2016-08-30,5.601,5.751,5.261,5.421,5.421,244974.0,,adjusted
2016-08-31,5.601,6.231,5.581,5.951,5.951,367847.0,,adjusted
2016-09-01,5.881,6.171,5.701,6.021,6.021,252856.0,,adjusted
2016-09-02,6.331,6.621,5.461,5.671,5.671,373967.0,,adjusted
2016-09-05,5.681,6.091,5.451,5.981,5.981,287571.0,,adjusted
2016-09-06,5.851,5.991,5.451,5.861,5.861,305467.0,,adjusted
2016-09-07,5.841,5.931,5.661,5.781,5.781,192843.0,,adjusted
2016-09-08,5.781,6.001,5.641,5.761,5.761,201339.0,,adjusted
2016-09-09,5.821,5.821,5.531,5.571,5.571,181907.0,,adjusted
2016-09-12,5.291,5.291,4.661,4.841,4.841,359501.0,,adjusted
2016-09-13,5.011,5.101,4.821,4.891,4.891,164572.0,,adjusted
2016-09-14,4.761,4.761,3.731,3.951,3.951,397986.0,,adjusted
2016-09-19,3.951,4.801,3.941,4.551,4.551,265568.0,,adjusted
2016-09-20,4.631,4.631,4.291,4.461,4.461,99718.0,,adjusted
2016-09-21,4.561,4.601,4.431,4.521,4.521,92940.0,,adjusted
2016-09-22,4.651,4.881,4.481,4.701,4.701,220104.0,,adjusted
2016-09-23,4.761,4.911,4.671,4.811,4.811,132880.0,,adjusted
2016-09-26,4.801,4.861,4.551,4.571,4.571,115006.0,,adjusted
2016-09-27,4.411,4.751,4.311,4.711,4.711,107496.0,,adjusted
2016-09-28,4.791,4.951,4.671,4.741,4.741,112236.0,,adjusted
2016-09-29,4.841,5.101,4.751,5.051,5.051,122803.0,,adjusted
2016-09-30,5.141,5.721,5.061,5.561,5.561,204659.0,,adjusted
2016-10-10,5.731,5.751,5.071,5.501,5.501,259211.0,,adjusted
2016-10-11,5.451,5.691,5.231,5.551,5.551,220047.0,,adjusted
2016-10-12,5.531,5.531,5.311,5.361,5.361,121255.0,,adjusted
2016-10-13,5.421,5.421,4.841,4.851,4.851,225689.0,,adjusted
2016-10-14,4.871,5.071,4.801,4.921,4.921,173007.0,,adjusted
2016-10-17,5.031,5.081,4.761,4.821,4.821,140332.0,,adjusted
2016-10-18,4.651,4.911,4.601,4.901,4.901,227031.0,,adjusted
2016-10-19,4.911,4.941,4.631,4.691,4.691,153998.0,,adjusted
2016-10-20,4.691,4.891,4.541,4.801,4.801,155703.0,,adjusted
2016-10-21,4.731,5.081,4.711,4.931,4.931,230973.0,,adjusted
2016-10-24,5.081,5.301,4.941,5.211,5.211,346969.0,,adjusted
2016-10-25,5.211,5.431,5.081,5.351,5.351,290633.0,,adjusted
2016-10-26,5.351,5.401,5.141,5.221,5.221,183886.0,,adjusted
2016-10-27,5.211,5.251,4.951,5.231,5.231,124493.0,,adjusted
2016-10-28,5.191,5.381,5.041,5.311,5.311,207451.0,,adjusted
2016-10-31,5.411,5.741,5.221,5.701,5.701,419472.0,,adjusted
2016-11-01,5.751,6.461,5.721,6.321,6.321,408922.0,,adjusted
2016-11-02,6.261,6.261,5.851,6.031,6.031,234452.0,,adjusted
2016-11-03,5.851,6.241,5.851,5.951,5.951,157323.0,,adjusted
2016-11-04,5.851,6.111,5.531,5.541,5.541,201281.0,,adjusted
2016-11-07,5.571,5.651,5.311,5.501,5.501,142855.0,,adjusted
2016-11-08,5.581,6.151,5.581,5.951,5.951,185223.0,,adjusted
2016-11-09,6.041,6.041,5.451,5.731,5.731,210966.0,,adjusted
2016-11-10,5.851,6.291,5.851,6.121,6.121,227229.0,,adjusted
2016-11-11,6.101,6.251,5.841,5.981,5.981,191007.0,,adjusted
2016-11-14,6.111,6.181,5.531,5.651,5.651,328293.0,,adjusted
2016-11-15,5.601,5.641,5.421,5.551,5.551,237553.0,,adjusted
2016-11-16,5.551,5.621,5.411,5.491,5.491,113253.0,,adjusted
2016-11-17,5.551,5.731,5.401,5.551,5.551,168117.0,,adjusted
2016-11-18,5.571,5.771,5.481,5.681,5.681,149113.0,,adjusted
2016-11-21,5.681,6.331,5.681,6.131,6.131,352425.0,,adjusted
2016-11-22,6.161,6.331,5.951,5.991,5.991,170657.0,,adjusted
2016-11-23,6.021,6.751,6.021,6.601,6.601,456712.0,,adjusted
2016-11-24,6.351,8.051,6.241,7.531,7.531,775068.0,,adjusted
2016-11-25,7.441,7.851,6.751,7.551,7.551,358655.0,,adjusted
2016-11-28,7.901,9.041,7.351,8.671,8.671,801687.0,,adjusted
2016-11-29,8.551,10.801,8.421,10.021,10.021,1208730.0,,adjusted
2016-11-30,9.641,9.861,8.691,8.831,8.831,607675.0,,adjusted
2016-12-01,9.851,10.751,8.951,9.401,9.401,907665.0,,adjusted
2016-12-02,9.551,9.551,8.091,8.421,8.421,507942.0,,adjusted
2016-12-05,6.941,7.831,6.851,7.171,7.171,581945.0,,adjusted
2016-12-06,7.371,7.971,7.341,7.421,7.421,325693.0,,adjusted
2016-12-07,7.441,7.771,7.271,7.441,7.441,237469.0,,adjusted
2016-12-08,7.591,7.901,7.451,7.661,7.661,262053.0,,adjusted
2016-12-09,7.771,9.111,7.681,8.731,8.731,614173.0,,adjusted
2016-12-12,8.501,8.551,7.731,7.841,7.841,349947.0,,adjusted
2016-12-13,7.611,8.051,6.931,7.351,7.351,390182.0,,adjusted
2016-12-14,7.401,7.671,6.951,6.951,6.951,207566.0,,adjusted
2016-12-15,6.831,6.851,6.051,6.381,6.381,293462.0,,adjusted
2016-12-16,6.451,7.751,6.451,7.751,7.751,384135.0,,adjusted
2016-12-19,7.551,7.851,7.211,7.401,7.401,211105.0,,adjusted
2016-12-20,7.391,7.581,6.571,6.781,6.781,217448.0,,adjusted
2016-12-21,6.881,7.301,6.761,6.931,6.931,191343.0,,adjusted
2016-12-22,6.891,7.151,6.611,6.931,6.931,147588.0,,adjusted
2016-12-23,6.911,7.131,6.611,6.681,6.681,135296.0,,adjusted
2016-12-26,6.651,6.901,6.461,6.861,6.861,161290.0,,adjusted
2016-12-27,6.861,7.171,6.751,6.851,6.851,234589.0,,adjusted
2016-12-28,6.851,6.921,6.451,6.621,6.621,176919.0,,adjusted
2016-12-29,6.551,6.691,6.521,6.571,6.571,176653.0,,adjusted
2016-12-30,6.601,6.871,6.451,6.721,6.721,172635.0,,adjusted
2017-01-03,7.201,8.051,7.171,7.671,7.671,441082.0,,adjusted
2017-01-04,7.681,8.531,7.681,8.381,8.381,358068.0,,adjusted
2017-01-05,8.371,8.481,8.061,8.241,8.241,191762.0,,adjusted
2017-01-06,8.241,8.241,7.751,7.941,7.941,197941.0,,adjusted
2017-01-09,8.031,8.051,7.461,7.801,7.801,177479.0,,adjusted
2017-01-10,7.551,7.961,7.551,7.731,7.731,166125.0,,adjusted
2017-01-11,7.621,7.791,7.031,7.151,7.151,240370.0,,adjusted
2017-01-12,7.151,7.401,6.731,6.751,6.751,253681.0,,adjusted
2017-01-13,6.791,7.051,6.741,6.771,6.771,194861.0,,adjusted
2017-01-16,6.771,7.171,6.341,6.801,6.801,291540.0,,adjusted
2017-01-17,6.751,7.501,6.701,7.461,7.461,234610.0,,adjusted
2017-01-18,7.311,8.071,7.311,7.691,7.691,339836.0,,adjusted
2017-01-19,7.551,7.701,7.131,7.321,7.321,370984.0,,adjusted
2017-01-20,7.291,7.901,7.271,7.771,7.771,326308.0,,adjusted
2017-01-23,7.911,8.031,7.451,7.511,7.511,251068.0,,adjusted
2017-01-24,7.521,7.851,7.351,7.651,7.651,268087.0,,adjusted
2017-01-25,7.581,8.141,7.511,7.951,7.951,284517.0,,adjusted
2017-01-26,8.001,8.691,8.001,8.451,8.451,341915.0,,adjusted
2017-02-03,8.251,8.601,7.951,8.451,8.451,238409.0,,adjusted
2017-02-06,8.451,9.011,8.411,8.541,8.541,297192.0,,adjusted
2017-02-07,8.551,8.721,8.091,8.201,8.201,324003.0,,adjusted
2017-02-08,8.201,8.621,8.131,8.431,8.431,256215.0,,adjusted
2017-02-09,8.491,8.671,8.421,8.571,8.571,251016.0,,adjusted
2017-02-10,8.651,9.031,8.541,8.671,8.671,269918.0,,adjusted
2017-02-13,8.601,9.491,8.601,9.461,9.461,446508.0,,adjusted
2017-02-14,9.551,9.841,9.151,9.241,9.241,265237.0,,adjusted
2017-02-15,9.381,10.001,9.251,9.611,9.611,304270.0,,adjusted
2017-02-16,9.551,10.651,9.481,10.581,10.581,413274.0,,adjusted
2017-02-17,10.651,11.171,10.351,10.801,10.801,393042.0,,adjusted
2017-02-20,10.821,12.021,10.731,11.131,11.131,675154.0,,adjusted
2017-02-21,11.261,11.421,10.651,11.001,11.001,386157.0,,adjusted
2017-02-22,10.921,11.871,10.861,11.601,11.601,331876.0,,adjusted
2017-02-23,11.611,11.831,11.151,11.651,11.651,311372.0,,adjusted
2017-02-24,11.531,11.571,10.731,10.921,10.921,338842.0,,adjusted
2017-02-27,10.931,10.941,10.131,10.161,10.161,334446.0,,adjusted
2017-02-28,10.201,10.631,10.111,10.411,10.411,210888.0,,adjusted
2017-03-01,10.351,10.601,10.341,10.581,10.581,193011.0,,adjusted
2017-03-02,10.581,10.711,9.931,10.041,10.041,216262.0,,adjusted
2017-03-03,10.041,10.281,9.681,10.271,10.271,299816.0,,adjusted
2017-03-06,10.071,11.651,10.071,11.441,11.441,432596.0,,adjusted
2017-03-07,11.451,11.721,11.101,11.561,11.561,274661.0,,adjusted
2017-03-08,11.731,12.131,11.351,11.831,11.831,364857.0,,adjusted
2017-03-09,11.851,12.231,11.431,11.471,11.471,237995.0,,adjusted
2017-03-10,11.431,12.851,11.321,12.771,12.771,480775.0,,adjusted
2017-03-13,12.831,13.341,12.291,12.451,12.451,450040.0,,adjusted
2017-03-14,12.491,12.711,11.931,12.571,12.571,341910.0,,adjusted
2017-03-15,12.431,13.081,12.351,12.971,12.971,320867.0,,adjusted
2017-03-16,13.061,13.311,12.371,12.531,12.531,433330.0,,adjusted
2017-03-17,12.381,12.601,11.881,11.961,11.961,379228.0,,adjusted
2017-03-20,12.011,12.321,11.551,12.031,12.031,339558.0,,adjusted
2017-03-21,11.951,12.861,11.911,12.861,12.861,414194.0,,adjusted
2017-03-22,12.671,12.971,12.531,12.911,12.911,342987.0,,adjusted
2017-03-23,12.921,13.451,12.631,13.301,13.301,374188.0,,adjusted
2017-03-24,13.311,14.211,13.161,13.471,13.471,432081.0,,adjusted
2017-03-27,13.471,13.901,12.551,12.701,12.701,349698.0,,adjusted
2017-03-28,12.651,12.851,12.221,12.501,12.501,351727.0,,adjusted
2017-03-29,12.501,12.641,11.841,12.351,12.351,406093.0,,adjusted
2017-03-30,12.301,12.411,11.361,11.681,11.681,445398.0,,adjusted
2017-03-31,11.681,12.141,11.381,11.851,11.851,397964.0,,adjusted
2017-04-05,11.781,12.071,11.351,11.741,11.741,570474.0,,adjusted
2017-04-06,11.811,12.441,11.551,12.441,12.441,440075.0,,adjusted
2017-04-07,12.391,12.671,12.111,12.201,12.201,360436.0,,adjusted
2017-04-10,12.211,12.311,11.451,11.451,11.451,400776.0,,adjusted
2017-04-11,11.381,11.611,10.401,10.951,10.951,559917.0,,adjusted
2017-04-12,10.841,11.301,10.601,10.951,10.951,256065.0,,adjusted
2017-04-13,10.901,11.671,10.881,11.511,11.511,248855.0,,adjusted
2017-04-14,11.511,11.651,10.951,11.191,11.191,169401.0,,adjusted
2017-04-17,11.171,11.901,11.041,11.731,11.731,380241.0,,adjusted
2017-04-18,11.731,12.771,11.711,12.631,12.631,492274.0,,adjusted
2017-04-19,12.481,12.801,12.201,12.781,12.781,387219.0,,adjusted
2017-04-20,12.811,13.591,12.801,13.051,13.051,517402.0,,adjusted
2017-04-21,12.821,13.101,12.451,12.781,12.781,294183.0,,adjusted
2017-04-24,12.551,12.551,11.561,11.671,11.671,350975.0,,adjusted
2017-04-25,11.751,12.851,11.561,12.791,12.791,398093.0,,adjusted
2017-04-26,12.981,13.751,12.581,12.851,12.851,564878.0,,adjusted
2017-04-27,12.851,12.851,11.901,12.591,12.591,348376.0,,adjusted
2017-04-28,12.591,12.591,11.511,12.211,12.211,418036.0,,adjusted
2017-05-02,11.761,13.471,11.701,13.471,13.471,596914.0,,adjusted
2017-05-03,13.471,13.901,12.941,13.741,13.741,353664.0,,adjusted
2017-05-04,13.801,14.131,13.581,13.851,13.851,420461.0,,adjusted
2017-05-05,14.051,14.861,13.901,14.701,14.701,550590.0,,adjusted
2017-05-08,14.641,15.041,13.581,14.231,14.231,318442.0,,adjusted
2017-05-09,14.331,14.331,13.111,13.851,13.851,381619.0,,adjusted
2017-05-10,13.991,14.881,13.811,14.701,14.701,393209.0,,adjusted
2017-05-11,14.511,15.531,14.291,15.371,15.371,408987.0,,adjusted
2017-05-12,15.521,15.901,14.861,15.301,15.301,381878.0,,adjusted
2017-05-15,14.931,15.551,14.731,14.861,14.861,518521.0,,adjusted
2017-05-16,14.091,15.041,13.771,14.871,14.871,630491.0,,adjusted
2017-05-17,14.651,14.751,13.861,13.921,13.921,501699.0,,adjusted
2017-05-18,13.811,14.611,13.751,14.031,14.031,382488.0,,adjusted
2017-05-19,14.261,15.131,14.251,15.091,15.091,505786.0,,adjusted
2017-05-22,14.831,15.851,14.831,15.761,15.761,477949.0,,adjusted
2017-05-23,15.801,16.131,15.101,15.871,15.871,522760.0,,adjusted
2017-05-24,15.711,16.031,15.201,15.661,15.661,282754.0,,adjusted
2017-05-25,15.421,15.651,14.751,14.881,14.881,410939.0,,adjusted
2017-05-26,14.861,15.491,14.861,15.221,15.221,328011.0,,adjusted
2017-05-31,15.331,15.671,14.671,15.671,15.671,368764.0,,adjusted
2017-06-01,15.711,16.221,15.551,16.051,16.051,406495.0,,adjusted
2017-06-02,16.051,16.201,15.351,15.941,15.941,345804.0,,adjusted
2017-06-05,15.841,16.371,15.751,15.941,15.941,256829.0,,adjusted
2017-06-06,16.051,17.561,16.001,17.551,17.551,478495.0,,adjusted
2017-06-07,17.551,18.671,17.361,18.251,18.251,533531.0,,adjusted
2017-06-08,18.261,19.801,18.261,19.801,19.801,451988.0,,adjusted
2017-06-09,19.941,20.611,19.321,19.851,19.851,489337.0,,adjusted
2017-06-12,19.701,20.691,19.361,20.011,20.011,465622.0,,adjusted
2017-06-13,20.011,20.251,19.501,19.711,19.711,294227.0,,adjusted
2017-06-14,19.591,19.751,18.471,18.651,18.651,474018.0,,adjusted
2017-06-15,18.801,19.581,18.561,19.251,19.251,403919.0,,adjusted
2017-06-16,19.471,19.931,18.491,18.611,18.611,459903.0,,adjusted
2017-06-19,19.151,20.101,19.071,19.891,19.891,585735.0,,adjusted
2017-06-20,20.051,20.821,19.591,20.431,20.431,552673.0,,adjusted
2017-06-21,20.731,22.341,20.151,22.341,22.341,490516.0,,adjusted
2017-06-22,22.391,22.991,21.751,22.051,22.051,625918.0,,adjusted
2017-06-23,22.301,24.121,21.811,24.031,24.031,475582.0,,adjusted
2017-06-26,23.721,24.941,23.551,23.801,23.801,600431.0,,adjusted
2017-06-27,23.951,23.971,22.611,23.551,23.551,498517.0,,adjusted
2017-06-28,23.181,23.181,22.051,22.331,22.331,585447.0,,adjusted
2017-06-29,22.331,22.801,22.101,22.711,22.711,453944.0,,adjusted
2017-06-30,22.551,22.911,22.101,22.591,22.591,391963.0,,adjusted
2017-07-03,22.401,22.401,21.111,21.351,21.351,513312.0,,adjusted
2017-07-04,21.351,21.371,20.471,21.051,21.051,510002.0,,adjusted
2017-07-05,20.951,22.511,20.851,22.491,22.491,441306.0,,adjusted
2017-07-06,22.481,22.551,21.201,22.151,22.151,455667.0,,adjusted
2017-07-07,21.681,22.031,20.811,21.181,21.181,405353.0,,adjusted
2017-07-10,20.851,21.421,20.751,20.921,20.921,296791.0,,adjusted
2017-07-11,20.951,22.851,20.951,22.501,22.501,686853.0,,adjusted
2017-07-12,22.361,22.721,21.001,21.251,21.251,425620.0,,adjusted
2017-07-13,21.051,22.161,20.901,21.541,21.541,276967.0,,adjusted
2017-07-14,21.351,21.941,20.931,21.721,21.721,231618.0,,adjusted
2017-07-17,21.651,22.051,20.051,21.211,21.211,460487.0,,adjusted
2017-07-18,21.021,21.371,20.231,20.551,20.551,375815.0,,adjusted
2017-07-19,20.751,21.481,20.481,20.771,20.771,315191.0,,adjusted
2017-07-20,20.851,21.901,20.251,21.801,21.801,466366.0,,adjusted
2017-07-21,21.891,22.011,21.231,21.451,21.451,295039.0,,adjusted
2017-07-24,21.461,23.101,21.151,22.971,22.971,605221.0,,adjusted
2017-07-25,22.991,23.201,22.501,22.971,22.971,327367.0,,adjusted
2017-07-26,23.151,23.151,21.481,21.891,21.891,389176.0,,adjusted
2017-07-27,21.891,21.891,20.321,20.751,20.751,418006.0,,adjusted
2017-07-28,20.781,21.391,20.621,20.951,20.951,240932.0,,adjusted
2017-07-31,21.131,21.131,20.331,20.751,20.751,330136.0,,adjusted
2017-08-01,20.761,21.141,20.401,20.741,20.741,343033.0,,adjusted
2017-08-02,20.731,20.731,20.301,20.351,20.351,257015.0,,adjusted
2017-08-03,20.161,20.551,19.451,19.631,19.631,357730.0,,adjusted
2017-08-04,19.741,19.941,18.931,19.001,19.001,307044.0,,adjusted
2017-08-07,18.901,19.981,18.221,19.841,19.841,420686.0,,adjusted
2017-08-08,19.751,20.031,19.441,19.531,19.531,212440.0,,adjusted
2017-08-09,19.681,20.901,19.061,20.351,20.351,293558.0,,adjusted
2017-08-10,20.241,20.731,19.851,20.401,20.401,229061.0,,adjusted
2017-08-11,19.851,20.451,19.151,19.191,19.191,235612.0,,adjusted
2017-08-14,19.211,20.001,19.151,19.671,19.671,210849.0,,adjusted
2017-08-15,19.671,19.671,19.191,19.321,19.321,247803.0,,adjusted
2017-08-16,19.241,19.241,18.361,18.601,18.601,318261.0,,adjusted
2017-08-17,18.611,19.001,18.401,18.871,18.871,260386.0,,adjusted
2017-08-18,18.531,18.991,18.451,18.681,18.681,170843.0,,adjusted
2017-08-21,18.671,19.421,18.501,19.261,19.261,221683.0,,adjusted
2017-08-22,19.431,20.281,19.431,20.001,20.001,296823.0,,adjusted
2017-08-23,20.151,20.471,19.771,20.361,20.361,180806.0,,adjusted
2017-08-24,20.531,21.101,20.501,21.071,21.071,334508.0,,adjusted
2017-08-25,21.381,21.551,21.021,21.451,21.451,347592.0,,adjusted
2017-08-28,21.551,22.141,21.501,21.821,21.821,358956.0,,adjusted
2017-08-29,21.931,22.021,21.051,21.251,21.251,237648.0,,adjusted
2017-08-30,21.281,21.641,21.251,21.531,21.531,149240.0,,adjusted
2017-08-31,21.521,21.731,19.931,20.551,20.551,462296.0,,adjusted
2017-09-01,20.711,20.981,20.051,20.391,20.391,304812.0,,adjusted
2017-09-04,20.381,21.071,20.171,20.911,20.911,273043.0,,adjusted
2017-09-05,20.901,21.351,20.451,20.961,20.961,251582.0,,adjusted
2017-09-06,21.051,21.131,20.281,20.521,20.521,171517.0,,adjusted
2017-09-07,20.521,20.841,20.261,20.521,20.521,192053.0,,adjusted
2017-09-08,20.531,20.781,20.281,20.541,20.541,171284.0,,adjusted
2017-09-11,20.811,20.851,19.701,19.861,19.861,240467.0,,adjusted
2017-09-12,19.821,19.941,19.241,19.771,19.771,311500.0,,adjusted
2017-09-13,19.841,20.741,19.621,20.741,20.741,277523.0,,adjusted
2017-09-14,20.671,20.861,20.091,20.451,20.451,157072.0,,adjusted
2017-09-15,20.361,21.701,20.251,21.581,21.581,433624.0,,adjusted
2017-09-18,21.771,21.991,21.361,21.581,21.581,288215.0,,adjusted
2017-09-19,21.411,21.831,21.291,21.551,21.551,270635.0,,adjusted
2017-09-20,21.841,22.851,21.841,22.841,22.841,488862.0,,adjusted
2017-09-21,22.931,23.451,22.501,22.651,22.651,326221.0,,adjusted
2017-09-22,22.751,23.961,22.561,23.651,23.651,367550.0,,adjusted
2017-09-25,23.651,23.921,22.201,22.641,22.641,326616.0,,adjusted
2017-09-26,22.761,22.801,21.921,22.231,22.231,182455.0,,adjusted
2017-09-27,22.141,23.551,22.141,23.361,23.361,232273.0,,adjusted
2017-09-28,23.321,23.391,22.361,22.981,22.981,239339.0,,adjusted
2017-09-29,23.151,24.151,22.761,23.741,23.741,251742.0,,adjusted
2017-10-09,24.351,26.651,24.021,26.021,26.021,419205.0,,adjusted
2017-10-10,26.021,26.531,24.931,26.211,26.211,374073.0,,adjusted
2017-10-11,25.801,27.531,25.801,26.651,26.651,413633.0,,adjusted
2017-10-12,26.851,27.551,26.531,27.231,27.231,213067.0,,adjusted
2017-10-13,27.151,27.711,26.551,27.231,27.231,196977.0,,adjusted
2017-10-16,27.201,27.641,26.381,26.391,26.391,238051.0,,adjusted
2017-10-17,26.251,27.771,26.071,27.701,27.701,363462.0,,adjusted
2017-10-18,27.551,28.281,27.331,28.281,28.281,242214.0,,adjusted
2017-10-19,28.201,28.801,27.711,28.181,28.181,221643.0,,adjusted
2017-10-20,27.851,27.891,26.551,27.191,27.191,239296.0,,adjusted
2017-10-23,27.041,27.801,26.811,27.181,27.181,232857.0,,adjusted
2017-10-24,27.211,28.201,26.861,28.141,28.141,250109.0,,adjusted
2017-10-25,28.141,30.041,28.061,29.951,29.951,360013.0,,adjusted
2017-10-26,30.071,31.061,29.501,29.511,29.511,400792.0,,adjusted
2017-10-27,29.741,30.751,29.511,30.271,30.271,240750.0,,adjusted
2017-10-30,30.751,31.311,29.451,31.311,31.311,324992.0,,adjusted
2017-10-31,31.151,31.901,29.851,30.551,30.551,377605.0,,adjusted
2017-11-01,30.611,31.831,29.851,30.161,30.161,358586.0,,adjusted
2017-11-02,30.051,30.921,29.751,30.791,30.791,228311.0,,adjusted
2017-11-03,30.831,31.371,29.951,30.201,30.201,270451.0,,adjusted
2017-11-06,30.351,32.711,29.871,32.241,32.241,458918.0,,adjusted
2017-11-07,32.251,33.631,31.451,32.301,32.301,483278.0,,adjusted
2017-11-08,32.311,34.231,30.351,31.031,31.031,824391.0,,adjusted
2017-11-09,31.121,32.201,29.901,32.151,32.151,462545.0,,adjusted
2017-11-10,32.181,33.211,31.651,32.951,32.951,411880.0,,adjusted
2017-11-13,33.301,33.951,32.701,33.261,33.261,329951.0,,adjusted
2017-11-14,33.181,33.181,31.251,31.861,31.861,379156.0,,adjusted
2017-11-15,31.451,32.301,30.881,31.831,31.831,359004.0,,adjusted
2017-11-16,31.751,32.571,31.161,32.431,32.431,406446.0,,adjusted
2017-11-17,32.451,33.851,31.951,33.201,33.201,495105.0,,adjusted
2017-11-20,33.051,34.211,32.101,34.171,34.171,415198.0,,adjusted
2017-11-21,34.501,37.221,34.461,37.211,37.211,651454.0,,adjusted
2017-11-22,37.141,37.481,35.101,35.981,35.981,511095.0,,adjusted
2017-11-23,35.651,35.681,32.651,32.991,32.991,460453.0,,adjusted
2017-11-24,32.851,33.731,31.191,33.651,33.651,565454.0,,adjusted
2017-11-27,32.951,32.951,31.301,32.191,32.191,433895.0,,adjusted
2017-11-28,31.751,32.621,31.331,32.141,32.141,298840.0,,adjusted
2017-11-29,32.141,32.321,29.751,30.651,30.651,447363.0,,adjusted
2017-11-30,30.351,31.611,30.161,30.731,30.731,297333.0,,adjusted
2017-12-01,31.221,31.221,30.051,30.131,30.131,242949.0,,adjusted
2017-12-04,30.261,31.611,29.871,31.051,31.051,300628.0,,adjusted
2017-12-05,30.851,32.081,30.751,31.731,31.731,392441.0,,adjusted
2017-12-06,31.551,31.601,29.891,30.501,30.501,331882.0,,adjusted
2017-12-07,30.441,30.631,28.601,28.681,28.681,380428.0,,adjusted
2017-12-08,28.951,30.751,28.951,29.981,29.981,458823.0,,adjusted
2017-12-11,30.151,33.361,30.151,33.171,33.171,480726.0,,adjusted
2017-12-12,33.431,34.231,32.561,32.851,32.851,321420.0,,adjusted
2017-12-13,32.821,34.651,32.631,34.451,34.451,325776.0,,adjusted
2017-12-14,34.611,34.621,33.251,34.051,34.051,305149.0,,adjusted
2017-12-15,34.001,34.011,32.681,33.251,33.251,258027.0,,adjusted
2017-12-18,32.751,34.871,32.751,34.871,34.871,362668.0,,adjusted
2017-12-19,34.531,35.321,34.301,34.991,34.991,327288.0,,adjusted
2017-12-20,34.941,35.681,34.401,34.621,34.621,330822.0,,adjusted
2017-12-21,34.701,36.011,34.651,35.491,35.491,288963.0,,adjusted
2017-12-22,35.201,36.291,35.051,36.131,36.131,213776.0,,adjusted
2017-12-25,36.151,37.901,36.151,37.421,37.421,364058.0,,adjusted
2017-12-26,37.361,37.431,35.101,35.851,35.851,349156.0,,adjusted
2017-12-27,35.881,36.241,33.941,33.941,33.941,347082.0,,adjusted
2017-12-28,34.061,35.771,33.501,35.101,35.101,330990.0,,adjusted
2017-12-29,35.441,36.531,34.411,34.981,34.981,306334.0,,adjusted
2018-01-02,35.701,36.631,35.571,35.931,35.931,329725.0,,adjusted
2018-01-03,36.111,36.801,34.971,35.351,35.351,428368.0,,adjusted
2018-01-04,35.571,36.851,35.371,36.841,36.841,405557.0,,adjusted
2018-01-05,37.151,37.751,36.301,37.511,37.511,371854.0,,adjusted
2018-01-08,37.251,37.851,36.271,37.211,37.211,367884.0,,adjusted
2018-01-09,37.351,39.501,36.791,39.031,39.031,448054.0,,adjusted
2018-01-10,39.141,40.851,38.451,40.111,40.111,448966.0,,adjusted
2018-01-11,39.561,40.431,38.431,39.171,39.171,316035.0,,adjusted
2018-01-12,39.171,40.731,38.851,40.351,40.351,252900.0,,adjusted
2018-01-15,40.871,42.211,40.551,40.711,40.711,367225.0,,adjusted
2018-01-16,40.551,41.381,39.651,40.641,40.641,289365.0,,adjusted
2018-01-17,40.551,40.561,38.001,38.301,38.301,414037.0,,adjusted
2018-01-18,38.551,39.341,38.051,38.501,38.501,223781.0,,adjusted
2018-01-19,38.501,38.661,37.451,37.721,37.721,313878.0,,adjusted
2018-01-22,38.131,41.091,38.131,40.981,40.981,458501.0,,adjusted
2018-01-23,40.931,42.191,39.781,41.671,41.671,386472.0,,adjusted
2018-01-24,41.941,42.201,39.751,39.961,39.961,326126.0,,adjusted
2018-01-25,40.351,40.971,38.551,40.851,40.851,282564.0,,adjusted
2018-01-26,40.851,42.241,40.081,41.551,41.551,333516.0,,adjusted
2018-01-29,41.521,41.731,38.451,39.421,39.421,467085.0,,adjusted
2018-01-30,38.971,40.231,38.051,38.311,38.311,309516.0,,adjusted
2018-01-31,37.881,39.971,37.751,39.371,39.371,254072.0,,adjusted
2018-02-01,39.551,39.651,37.691,38.891,38.891,380031.0,,adjusted
2018-02-02,38.501,39.641,37.951,39.451,39.451,224897.0,,adjusted
2018-02-05,38.461,39.091,36.051,36.871,36.871,554639.0,,adjusted
2018-02-06,35.251,35.361,33.371,35.051,35.051,880342.0,,adjusted
2018-02-07,35.951,36.131,32.261,32.341,32.341,533538.0,,adjusted
2018-02-08,32.151,33.991,32.061,33.321,33.321,439782.0,,adjusted
2018-02-09,31.501,32.001,29.701,31.531,31.531,603648.0,,adjusted
2018-02-12,31.531,34.431,31.521,33.971,33.971,374561.0,,adjusted
2018-02-13,34.591,36.051,34.231,34.861,34.861,258920.0,,adjusted
2018-02-14,35.161,36.651,34.271,36.471,36.471,219574.0,,adjusted
2018-02-22,37.851,38.071,36.751,37.691,37.691,251527.0,,adjusted
2018-02-23,38.001,38.031,36.451,37.101,37.101,180501.0,,adjusted
2018-02-26,37.131,37.841,36.551,37.251,37.251,246266.0,,adjusted
2018-02-27,37.341,37.341,34.131,34.151,34.151,478853.0,,adjusted
2018-02-28,33.901,35.351,33.251,34.501,34.501,318721.0,,adjusted
2018-03-01,34.541,36.041,34.371,35.151,35.151,237900.0,,adjusted
2018-03-02,34.411,37.231,34.321,35.771,35.771,364903.0,,adjusted
2018-03-05,35.661,36.101,35.071,35.571,35.571,204171.0,,adjusted
2018-03-06,36.081,36.241,34.451,35.751,35.751,195030.0,,adjusted
2018-03-07,35.811,36.711,35.381,35.811,35.811,208925.0,,adjusted
2018-03-08,36.421,38.751,35.951,38.721,38.721,380518.0,,adjusted
2018-03-09,39.021,39.941,38.281,39.461,39.461,394729.0,,adjusted
2018-03-12,40.531,42.091,39.901,40.281,40.281,461325.0,,adjusted
2018-03-13,40.251,41.741,39.811,40.611,40.611,377823.0,,adjusted
2018-03-14,40.251,41.181,39.501,39.951,39.951,272072.0,,adjusted
2018-03-15,39.451,41.451,39.351,40.961,40.961,266963.0,,adjusted
2018-03-16,40.651,40.981,39.051,39.241,39.241,258105.0,,adjusted
2018-03-19,39.241,39.831,38.551,39.121,39.121,211597.0,,adjusted
2018-03-20,38.661,39.181,37.851,38.891,38.891,177637.0,,adjusted
2018-03-21,39.181,39.511,37.831,37.831,37.831,197251.0,,adjusted
2018-03-22,38.431,38.451,35.911,36.451,36.451,329378.0,,adjusted
2018-03-23,34.251,36.001,33.281,35.791,35.791,641627.0,,adjusted
2018-03-26,35.051,35.531,33.651,34.821,34.821,373098.0,,adjusted
2018-03-27,35.721,35.931,33.661,34.161,34.161,471063.0,,adjusted
2018-03-28,33.041,33.551,31.561,32.671,32.671,544504.0,,adjusted
2018-03-29,32.971,35.331,31.851,34.851,34.851,385947.0,,adjusted
2018-03-30,34.551,34.911,33.911,34.081,34.081,308814.0,,adjusted
2018-04-02,32.851,34.551,32.231,32.391,32.391,417151.0,,adjusted
2018-04-03,32.241,33.181,31.731,32.071,32.071,311895.0,,adjusted
2018-04-04,32.371,33.651,31.611,32.561,32.561,371528.0,,adjusted
2018-04-09,32.461,32.861,30.551,30.851,30.851,427970.0,,adjusted
2018-04-10,31.001,32.351,30.731,32.321,32.321,354240.0,,adjusted
2018-04-11,32.331,33.181,31.961,32.531,32.531,467614.0,,adjusted
2018-04-12,32.461,32.491,31.391,31.421,31.421,252074.0,,adjusted
2018-04-13,31.951,32.021,30.561,30.871,30.871,240215.0,,adjusted
2018-04-16,30.861,31.351,28.701,29.341,29.341,444709.0,,adjusted
2018-04-17,29.291,30.101,28.141,29.441,29.441,313437.0,,adjusted
2018-04-18,30.151,30.181,27.501,28.281,28.281,416079.0,,adjusted
2018-04-19,28.881,31.121,28.551,31.121,31.121,433660.0,,adjusted
2018-04-20,31.341,32.551,30.501,30.951,30.951,430416.0,,adjusted
2018-04-23,31.451,32.431,30.551,31.601,31.601,289044.0,,adjusted
2018-04-24,31.921,33.421,31.921,33.101,33.101,373871.0,,adjusted
2018-04-25,33.001,33.211,31.451,32.171,32.171,363801.0,,adjusted
2018-04-26,31.231,31.881,30.441,30.951,30.951,331102.0,,adjusted
2018-04-27,31.971,31.971,30.101,31.231,31.231,403465.0,,adjusted
2018-05-02,30.781,31.661,29.991,30.901,30.901,306862.0,,adjusted
2018-05-03,30.701,32.801,30.381,32.751,32.751,307890.0,,adjusted
2018-05-04,32.891,33.471,31.701,31.851,31.851,302842.0,,adjusted
2018-05-07,32.141,33.261,31.701,33.151,33.151,290619.0,,adjusted
2018-05-08,33.181,35.121,33.171,34.651,34.651,422795.0,,adjusted
2018-05-09,34.261,34.851,34.211,34.701,34.701,174054.0,,adjusted
2018-05-10,35.051,35.381,34.651,35.131,35.131,221495.0,,adjusted
2018-05-11,35.551,35.631,34.311,34.501,34.501,170190.0,,adjusted
2018-05-14,34.741,36.181,34.551,35.991,35.991,323949.0,,adjusted
2018-05-15,36.281,36.601,35.401,35.971,35.971,282097.0,,adjusted
2018-05-16,35.641,35.871,34.761,35.151,35.151,243427.0,,adjusted
2018-05-17,34.951,35.051,33.771,33.871,33.871,228996.0,,adjusted
2018-05-18,34.031,34.721,33.161,34.641,34.641,244458.0,,adjusted
2018-05-21,35.131,35.301,34.261,34.701,34.701,179497.0,,adjusted
2018-05-22,34.651,34.651,32.751,33.381,33.381,351262.0,,adjusted
2018-05-23,33.251,33.251,32.481,32.551,32.551,221088.0,,adjusted
2018-05-24,32.541,32.731,31.401,31.651,31.651,222461.0,,adjusted
2018-05-25,31.551,32.181,31.051,31.341,31.341,261596.0,,adjusted
2018-05-28,31.651,32.981,31.051,32.691,32.691,277886.0,,adjusted
2018-05-29,32.251,32.941,32.011,32.241,32.241,216606.0,,adjusted
2018-05-30,31.001,32.171,30.631,31.461,31.461,269194.0,,adjusted
2018-05-31,31.801,34.001,31.651,33.661,33.661,488366.0,,adjusted
2018-06-01,33.251,33.631,32.691,32.901,32.901,244886.0,,adjusted
2018-06-04,33.651,35.051,33.471,34.741,34.741,487208.0,,adjusted
2018-06-05,35.551,35.851,34.471,35.721,35.721,413210.0,,adjusted
2018-06-06,36.021,36.191,35.161,35.491,35.491,260084.0,,adjusted
2018-06-07,35.821,36.061,34.801,35.051,35.051,264889.0,,adjusted
2018-06-08,34.881,35.951,34.771,35.411,35.411,363711.0,,adjusted
2018-06-11,35.411,37.401,35.371,37.071,37.071,581583.0,,adjusted
2018-06-12,37.081,38.501,36.641,37.941,37.941,585180.0,,adjusted
2018-06-13,38.141,38.801,37.541,37.741,37.741,360546.0,,adjusted
2018-06-14,37.951,38.181,36.161,36.531,36.531,354846.0,,adjusted
2018-06-15,36.671,37.701,36.351,37.031,37.031,310752.0,,adjusted
2018-06-19,35.851,36.751,34.531,35.371,35.371,591142.0,,adjusted
2018-06-20,35.371,36.521,34.911,35.911,35.911,296507.0,,adjusted
2018-06-21,36.251,36.801,34.951,34.971,34.971,307448.0,,adjusted
2018-06-22,34.431,34.431,33.091,34.401,34.401,358578.0,,adjusted
2018-06-25,34.451,34.891,33.611,33.651,33.651,272065.0,,adjusted
2018-06-26,32.801,33.751,32.511,33.081,33.081,302757.0,,adjusted
2018-06-27,33.171,33.821,31.231,31.231,31.231,426516.0,,adjusted
2018-06-28,30.801,31.971,30.261,30.851,30.851,361035.0,,adjusted
2018-06-29,31.351,33.151,30.861,32.971,32.971,291304.0,,adjusted
2018-07-02,32.661,32.661,28.751,29.431,29.431,571711.0,,adjusted
2018-07-03,29.451,29.851,26.131,28.511,28.511,781290.0,,adjusted
2018-07-04,28.511,28.621,25.751,25.861,25.861,596231.0,,adjusted
2018-07-05,27.241,28.051,26.591,26.801,26.801,637796.0,,adjusted
2018-07-06,27.331,28.731,26.551,28.151,28.151,485874.0,,adjusted
2018-07-09,28.641,29.851,28.151,29.801,29.801,365841.0,,adjusted
2018-07-10,29.951,30.101,28.181,29.251,29.251,424378.0,,adjusted
2018-07-11,27.461,28.421,27.221,27.951,27.951,363145.0,,adjusted
2018-07-12,27.901,29.251,27.851,28.581,28.581,432000.0,,adjusted
2018-07-13,28.651,28.951,28.251,28.591,28.591,324004.0,,adjusted
2018-07-16,29.041,29.591,27.811,28.131,28.131,334770.0,,adjusted
2018-07-17,28.121,28.131,26.771,27.221,27.221,396087.0,,adjusted
2018-07-18,27.451,27.871,26.631,26.651,26.651,342872.0,,adjusted
2018-07-19,27.061,27.351,26.501,27.101,27.101,253851.0,,adjusted
2018-07-20,27.001,27.651,25.981,27.321,27.321,500602.0,,adjusted
2018-07-23,27.131,27.341,26.441,27.331,27.331,357409.0,,adjusted
2018-07-24,27.751,29.311,27.751,29.131,29.131,719360.0,,adjusted
2018-07-25,29.391,29.401,28.301,28.431,28.431,396208.0,,adjusted
2018-07-26,28.551,29.211,28.421,28.591,28.591,437171.0,,adjusted
2018-07-27,28.881,28.881,27.871,27.941,27.941,272495.0,,adjusted
2018-07-30,28.151,28.431,27.751,28.211,28.211,264605.0,,adjusted
2018-07-31,28.001,28.501,27.761,28.361,28.361,279849.0,,adjusted
2018-08-01,28.651,28.851,26.951,27.031,27.031,322612.0,,adjusted
2018-08-02,26.851,26.851,24.631,24.831,24.831,660723.0,,adjusted
2018-08-03,24.741,24.751,22.161,22.631,22.631,701016.0,,adjusted
2018-08-06,22.761,23.721,22.551,23.051,23.051,506085.0,,adjusted
2018-08-07,23.691,25.491,23.251,25.411,25.411,498708.0,,adjusted
2018-08-08,25.641,25.641,24.671,24.901,24.901,438697.0,,adjusted
2018-08-09,24.811,26.561,24.251,25.891,25.891,360492.0,,adjusted
2018-08-10,25.751,26.481,25.521,25.731,25.731,280014.0,,adjusted
2018-08-13,25.351,25.601,24.551,25.341,25.341,225568.0,,adjusted
2018-08-14,25.421,25.421,24.201,24.401,24.401,289261.0,,adjusted
2018-08-15,24.341,24.341,22.641,22.771,22.771,414659.0,,adjusted
2018-08-16,21.921,23.651,21.821,23.071,23.071,322171.0,,adjusted
2018-08-17,23.391,23.671,21.771,21.871,21.871,315827.0,,adjusted
2018-08-20,21.871,22.451,21.261,22.451,22.451,299793.0,,adjusted
2018-08-21,22.751,23.591,22.321,23.311,23.311,372067.0,,adjusted
2018-08-22,23.051,23.251,22.261,22.461,22.461,214734.0,,adjusted
2018-08-23,22.151,22.801,21.341,21.971,21.971,337595.0,,adjusted
2018-08-24,21.751,22.521,21.611,22.131,22.131,230574.0,,adjusted
2018-08-27,22.601,23.711,22.451,23.661,23.661,380328.0,,adjusted
2018-08-28,23.931,24.651,23.661,24.061,24.061,331742.0,,adjusted
2018-08-29,23.751,24.011,23.001,23.261,23.261,240468.0,,adjusted
2018-08-30,23.191,23.641,22.491,22.551,22.551,259554.0,,adjusted
2018-08-31,22.551,22.571,21.351,22.351,22.351,391383.0,,adjusted
2018-09-03,22.241,22.601,21.641,22.481,22.481,222964.0,,adjusted
2018-09-04,22.751,23.231,21.901,23.031,23.031,244930.0,,adjusted
2018-09-05,22.611,22.751,21.751,21.751,21.751,236704.0,,adjusted
2018-09-06,21.601,22.171,21.021,21.091,21.091,263660.0,,adjusted
2018-09-07,21.301,21.951,20.711,21.051,21.051,203971.0,,adjusted
2018-10-29,17.851,18.631,17.021,17.021,17.021,981222.0,,adjusted
2018-10-30,14.851,17.521,14.851,17.081,17.081,655908.0,,adjusted
2018-10-31,16.611,17.831,16.311,17.791,17.791,478648.0,,adjusted
2018-11-01,18.611,20.071,18.551,19.371,19.371,497782.0,,adjusted
2018-11-02,21.661,22.351,20.741,21.731,21.731,746070.0,,adjusted
2018-11-05,21.561,22.111,21.381,22.031,22.031,341637.0,,adjusted
2018-11-06,21.551,21.851,20.691,20.931,20.931,334237.0,,adjusted
2018-11-07,20.931,22.031,20.471,21.531,21.531,348613.0,,adjusted
2018-11-08,22.041,22.181,21.251,21.381,21.381,264456.0,,adjusted
2018-11-09,20.961,21.261,20.451,20.521,20.521,240564.0,,adjusted
2018-11-12,20.521,21.061,19.761,20.891,20.891,213280.0,,adjusted
2018-11-13,20.251,22.161,20.051,22.051,22.051,339184.0,,adjusted
2018-11-14,22.101,22.121,21.501,21.601,21.601,181787.0,,adjusted
2018-11-15,21.351,21.991,21.261,21.861,21.861,172245.0,,adjusted
2018-11-16,21.861,23.291,21.651,22.751,22.751,303139.0,,adjusted
2018-11-19,22.651,23.251,22.001,23.051,23.051,207206.0,,adjusted
2018-11-20,22.651,23.011,21.051,21.551,21.551,277524.0,,adjusted
2018-11-21,20.851,21.831,20.811,21.071,21.071,232200.0,,adjusted
2018-11-22,21.511,21.711,20.851,21.381,21.381,182187.0,,adjusted
2018-11-23,21.161,21.771,20.561,20.631,20.631,220764.0,,adjusted
2018-11-26,20.351,21.011,20.251,20.771,20.771,136401.0,,adjusted
2018-11-27,20.851,21.231,20.101,20.411,20.411,163032.0,,adjusted
2018-11-28,20.001,21.031,20.001,20.771,20.771,150968.0,,adjusted
2018-11-29,21.051,21.121,19.481,19.551,19.551,249550.0,,adjusted
2018-11-30,19.651,19.811,19.031,19.441,19.441,216093.0,,adjusted
2018-12-03,20.751,21.751,20.481,21.581,21.581,526391.0,,adjusted
2018-12-04,20.981,21.531,20.981,21.291,21.291,213906.0,,adjusted
2018-12-05,20.751,21.051,20.561,20.751,20.751,191928.0,,adjusted
2018-12-06,19.961,20.471,19.631,19.711,19.711,212691.0,,adjusted
2018-12-07,19.761,19.941,19.001,19.231,19.231,226660.0,,adjusted
2018-12-10,18.751,18.901,17.461,17.811,17.811,346568.0,,adjusted
2018-12-11,17.601,18.011,17.211,17.791,17.791,270876.0,,adjusted
2018-12-12,18.221,18.761,17.911,18.491,18.491,262125.0,,adjusted
2018-12-13,18.751,21.101,18.641,20.871,20.871,738130.0,,adjusted
2018-12-14,20.551,20.961,20.251,20.501,20.501,324829.0,,adjusted
2018-12-17,20.721,20.921,19.811,20.211,20.211,302754.0,,adjusted
2018-12-18,19.901,20.271,19.271,19.561,19.561,328061.0,,adjusted
2018-12-19,19.561,19.931,18.851,19.001,19.001,183879.0,,adjusted
2018-12-20,18.931,19.441,18.641,19.081,19.081,208582.0,,adjusted
2018-12-21,18.841,19.001,18.051,18.671,18.671,258449.0,,adjusted
2018-12-24,18.181,18.541,17.771,18.491,18.491,164642.0,,adjusted
2018-12-25,17.771,18.501,17.451,18.131,18.131,192712.0,,adjusted
2018-12-26,18.151,18.651,17.651,17.881,17.881,150947.0,,adjusted
2018-12-27,18.661,18.811,17.551,17.551,17.551,230747.0,,adjusted
2018-12-28,17.501,18.151,17.061,17.611,17.611,211676.0,,adjusted
2019-01-02,17.951,18.131,17.051,17.191,17.191,208624.0,,adjusted
2019-01-03,17.011,17.581,16.751,16.951,16.951,143233.0,,adjusted
2019-01-04,16.741,17.821,16.551,17.741,17.741,277118.0,,adjusted
2019-01-07,18.411,18.411,17.411,17.741,17.741,252996.0,,adjusted
2019-01-08,17.801,17.951,17.431,17.611,17.611,134698.0,,adjusted
2019-01-09,19.001,20.251,18.571,19.751,19.751,825858.0,,adjusted
2019-01-10,19.611,20.531,19.351,20.041,20.041,355955.0,,adjusted
2019-01-11,20.251,20.701,19.601,20.591,20.591,278139.0,,adjusted
2019-01-14,20.661,21.111,20.071,20.201,20.201,187160.0,,adjusted
2019-01-15,20.251,21.771,20.081,21.751,21.751,402190.0,,adjusted
2019-01-16,21.751,22.211,21.371,21.951,21.951,286234.0,,adjusted
2019-01-17,21.951,22.451,21.631,21.661,21.661,259740.0,,adjusted
2019-01-18,22.201,22.851,21.791,22.831,22.831,384427.0,,adjusted
2019-01-21,22.951,23.551,22.351,22.841,22.841,294115.0,,adjusted
2019-01-22,22.851,23.061,21.771,22.051,22.051,244682.0,,adjusted
2019-01-23,21.741,22.801,21.741,22.211,22.211,192273.0,,adjusted
2019-01-24,22.551,22.841,21.961,22.341,22.341,219562.0,,adjusted
2019-01-25,22.481,22.851,21.451,22.651,22.651,267548.0,,adjusted
2019-01-28,22.931,23.751,22.551,22.591,22.591,342212.0,,adjusted
2019-01-29,22.591,23.751,22.211,23.751,23.751,369691.0,,adjusted
2019-01-30,23.541,23.651,22.851,22.851,22.851,292191.0,,adjusted
2019-01-31,23.631,24.351,23.201,24.281,24.281,389215.0,,adjusted
2019-02-01,25.101,25.251,24.281,25.011,25.011,312203.0,,adjusted
2019-02-11,24.711,27.071,24.651,26.831,26.831,349054.0,,adjusted
2019-02-12,26.751,27.651,26.401,27.241,27.241,302894.0,,adjusted
2019-02-13,27.491,27.981,26.651,27.551,27.551,324142.0,,adjusted
2019-02-14,27.651,28.061,27.251,27.901,27.901,229213.0,,adjusted
2019-02-15,27.501,27.501,25.751,26.021,26.021,465359.0,,adjusted
2019-02-18,26.551,27.211,26.301,27.151,27.151,325702.0,,adjusted
2019-02-19,27.231,28.091,26.361,26.831,26.831,280758.0,,adjusted
2019-02-21,27.251,28.171,26.391,26.611,26.611,414422.0,,adjusted
2019-02-22,26.651,26.651,25.101,26.361,26.361,388824.0,,adjusted
2019-02-25,28.251,30.141,27.441,29.921,29.921,728522.0,,adjusted
2019-02-26,29.101,29.451,28.101,28.111,28.111,490517.0,,adjusted
2019-02-27,27.901,28.961,27.901,28.391,28.391,318705.0,,adjusted
2019-02-28,28.401,28.931,28.201,28.531,28.531,253242.0,,adjusted
2019-03-01,28.851,29.421,28.621,29.321,29.321,358400.0,,adjusted
2019-03-04,29.861,30.951,29.351,29.711,29.711,542643.0,,adjusted
2019-03-05,30.171,30.251,29.461,29.751,29.751,309242.0,,adjusted
2019-03-06,30.131,30.431,29.451,29.851,29.851,316523.0,,adjusted
2019-03-07,29.751,29.751,27.931,28.311,28.311,511626.0,,adjusted
2019-03-08,27.411,27.981,26.451,26.551,26.551,463009.0,,adjusted
2019-03-11,26.601,27.431,26.601,27.331,27.331,290560.0,,adjusted
2019-03-12,28.151,28.371,26.511,26.911,26.911,411678.0,,adjusted
2019-03-13,26.931,27.391,26.281,26.981,26.981,348805.0,,adjusted
2019-03-14,26.951,27.921,26.901,27.161,27.161,344231.0,,adjusted
2019-03-15,28.051,29.331,27.591,28.681,28.681,672362.0,,adjusted
2019-03-18,28.251,30.251,28.051,30.071,30.071,514991.0,,adjusted
2019-03-19,30.281,30.521,29.431,30.001,30.001,297019.0,,adjusted
2019-03-20,30.001,30.201,29.131,29.651,29.651,291751.0,,adjusted
2019-03-21,29.401,29.551,28.831,28.991,28.991,258325.0,,adjusted
2019-03-22,29.051,29.571,28.461,29.351,29.351,227080.0,,adjusted
2019-03-25,28.431,28.951,27.311,27.441,27.441,326855.0,,adjusted
2019-03-26,27.851,27.851,26.661,27.321,27.321,224423.0,,adjusted
2019-03-27,27.731,28.551,27.341,28.321,28.321,227522.0,,adjusted
2019-03-28,28.331,28.491,27.561,27.891,27.891,202357.0,,adjusted
2019-03-29,27.761,29.631,27.761,29.481,29.481,439463.0,,adjusted
2019-04-01,30.051,34.321,30.001,33.681,33.681,974588.0,,adjusted
2019-04-02,33.681,34.111,32.481,32.651,32.651,556776.0,,adjusted
2019-04-03,32.211,33.311,32.201,32.951,32.951,378812.0,,adjusted
2019-04-04,32.951,34.731,32.941,34.401,34.401,537245.0,,adjusted
2019-04-08,34.401,36.411,33.951,34.931,34.931,522005.0,,adjusted
2019-04-09,36.261,37.101,34.951,35.761,35.761,414112.0,,adjusted
2019-04-10,35.451,36.321,34.401,35.471,35.471,398699.0,,adjusted
2019-04-11,35.471,35.501,33.061,33.191,33.191,515525.0,,adjusted
2019-04-12,32.601,33.181,31.221,32.041,32.041,469635.0,,adjusted
2019-04-15,32.801,34.051,32.251,32.251,32.251,401187.0,,adjusted
2019-04-16,31.751,33.631,31.401,33.631,33.631,312127.0,,adjusted
2019-04-17,33.881,34.341,32.721,33.751,33.751,361870.0,,adjusted
2019-04-18,34.281,35.081,33.851,34.171,34.171,265874.0,,adjusted
2019-04-19,34.101,36.501,33.451,35.831,35.831,370995.0,,adjusted
2019-04-22,35.741,35.741,32.951,33.541,33.541,415167.0,,adjusted
2019-04-23,32.951,33.601,32.321,33.021,33.021,360135.0,,adjusted
2019-04-24,33.251,33.581,32.301,33.351,33.351,289059.0,,adjusted
2019-04-25,33.051,33.051,32.031,32.161,32.161,256795.0,,adjusted
2019-04-26,31.721,32.111,30.011,30.121,30.121,459293.0,,adjusted
2019-04-29,30.121,32.731,30.111,32.061,32.061,447562.0,,adjusted
2019-04-30,32.151,34.251,32.151,33.151,33.151,459879.0,,adjusted
2019-05-06,30.651,31.791,29.751,29.821,29.821,663234.0,,adjusted
2019-05-07,31.051,32.241,30.651,31.501,31.501,717852.0,,adjusted
2019-05-22,32.261,33.971,31.751,32.161,32.161,803694.0,,adjusted
2019-05-23,31.451,31.551,30.151,30.261,30.261,421149.0,,adjusted
2019-05-24,30.031,31.031,29.761,30.571,30.571,299406.0,,adjusted
2019-05-27,30.571,30.831,29.631,30.501,30.501,284807.0,,adjusted
2019-05-28,30.521,31.971,30.521,31.261,31.261,349889.0,,adjusted
2019-05-29,30.801,31.671,30.601,31.131,31.131,218493.0,,adjusted
2019-05-30,31.421,31.771,30.551,31.501,31.501,323329.0,,adjusted
2019-05-31,31.051,32.201,31.001,31.651,31.651,241077.0,,adjusted
2019-06-03,31.841,33.041,31.801,32.171,32.171,228010.0,,adjusted
2019-06-04,32.181,32.641,31.261,31.751,31.751,163447.0,,adjusted
2019-06-05,32.471,32.591,31.301,31.561,31.561,229796.0,,adjusted
2019-06-06,32.151,32.151,30.921,31.171,31.171,185739.0,,adjusted
2019-06-10,31.611,32.051,31.391,31.811,31.811,243810.0,,adjusted
2019-06-11,31.741,33.891,31.651,33.521,33.521,374274.0,,adjusted
2019-06-12,33.391,33.671,32.881,33.561,33.561,212636.0,,adjusted
2019-06-13,33.741,33.741,32.261,33.081,33.081,201816.0,,adjusted
2019-06-14,33.331,33.951,32.601,32.621,32.621,135928.0,,adjusted
2019-06-17,32.921,33.301,32.441,32.841,32.841,132745.0,,adjusted
2019-06-18,32.811,33.351,32.551,32.961,32.961,120218.0,,adjusted
2019-06-19,34.551,35.021,34.061,34.061,34.061,263453.0,,adjusted
2019-06-20,34.411,36.001,34.161,35.341,35.341,448437.0,,adjusted
2019-06-21,34.861,35.621,33.881,34.161,34.161,622819.0,,adjusted
2019-06-24,33.881,34.671,33.451,34.231,34.231,376972.0,,adjusted
2019-06-25,34.051,34.231,33.051,33.491,33.491,330480.0,,adjusted
2019-06-26,33.561,33.881,33.371,33.561,33.561,202548.0,,adjusted
2019-06-27,33.751,34.331,33.401,33.821,33.821,345209.0,,adjusted
2019-06-28,33.741,34.241,33.451,33.911,33.911,169576.0,,adjusted
2019-07-01,35.021,36.501,34.811,36.141,36.141,611630.0,,adjusted
2019-07-02,35.711,37.151,35.611,36.861,36.861,500486.0,,adjusted
2019-07-03,37.271,37.371,35.731,36.141,36.141,354335.0,,adjusted
2019-07-04,36.501,37.151,36.051,36.451,36.451,325226.0,,adjusted
2019-07-05,36.421,37.551,35.611,37.321,37.321,387085.0,,adjusted
2019-07-08,36.771,37.101,36.061,36.441,36.441,305690.0,,adjusted
2019-07-09,36.351,36.531,35.411,35.891,35.891,255432.0,,adjusted
2019-07-10,36.351,36.351,35.531,35.951,35.951,145525.0,,adjusted
2019-07-11,36.071,37.321,35.971,36.441,36.441,243811.0,,adjusted
2019-07-12,36.501,37.201,36.231,36.831,36.831,198068.0,,adjusted
2019-07-15,36.561,37.351,35.731,36.721,36.721,242962.0,,adjusted
2019-07-16,36.851,36.901,35.161,35.571,35.571,260092.0,,adjusted
2019-07-17,35.381,35.521,34.571,34.771,34.771,226489.0,,adjusted
2019-07-18,34.551,34.971,34.071,34.741,34.741,178857.0,,adjusted
2019-07-19,35.441,35.441,34.541,34.641,34.641,208173.0,,adjusted
2019-07-22,34.751,35.251,34.051,34.851,34.851,191810.0,,adjusted
2019-07-23,34.851,35.271,34.761,35.251,35.251,142462.0,,adjusted
2019-07-24,35.641,35.951,35.351,35.431,35.431,177386.0,,adjusted
2019-07-25,35.431,35.691,35.091,35.501,35.501,169263.0,,adjusted
2019-07-26,35.151,35.651,35.071,35.481,35.481,128943.0,,adjusted
2019-07-29,35.691,36.431,35.461,36.061,36.061,227422.0,,adjusted
2019-07-30,36.331,37.431,36.301,37.251,37.251,348704.0,,adjusted
2019-07-31,37.181,37.711,36.611,36.751,36.751,198317.0,,adjusted
2019-08-01,36.441,37.031,35.201,35.651,35.651,241273.0,,adjusted
2019-08-02,33.551,35.051,33.101,34.801,34.801,341763.0,,adjusted
2019-08-05,33.681,34.701,33.571,33.651,33.651,287862.0,,adjusted
2019-08-06,32.661,33.631,31.371,33.561,33.561,341739.0,,adjusted
2019-08-07,33.811,33.931,33.081,33.081,33.081,145317.0,,adjusted
2019-08-08,33.281,34.051,33.251,33.851,33.851,131923.0,,adjusted
2019-08-09,34.151,34.401,33.061,33.271,33.271,149813.0,,adjusted
2019-08-12,33.051,33.731,32.561,33.301,33.301,194251.0,,adjusted
2019-08-13,33.101,33.711,32.101,32.371,32.371,264441.0,,adjusted
2019-08-14,33.141,33.251,32.111,32.221,32.221,223878.0,,adjusted
2019-08-15,31.351,32.161,30.661,32.011,32.011,268173.0,,adjusted
2019-08-16,32.051,32.701,31.641,32.371,32.371,202213.0,,adjusted
2019-08-19,32.851,33.801,32.601,33.621,33.621,231819.0,,adjusted
2019-08-20,33.621,33.921,33.231,33.511,33.511,150967.0,,adjusted
2019-08-21,33.251,34.101,33.071,33.741,33.741,210180.0,,adjusted
2019-08-22,33.951,34.381,33.421,33.881,33.881,189288.0,,adjusted
2019-08-23,34.201,34.701,33.731,34.301,34.301,217677.0,,adjusted
2019-08-26,33.241,33.561,32.681,33.091,33.091,275970.0,,adjusted
2019-08-27,33.551,34.441,33.361,34.101,34.101,271391.0,,adjusted
2019-08-28,34.071,34.501,33.701,34.271,34.271,214675.0,,adjusted
2019-08-29,34.201,34.551,33.651,33.981,33.981,208600.0,,adjusted
2019-08-30,34.651,35.451,34.151,34.831,34.831,278271.0,,adjusted
2019-09-02,35.751,36.801,35.561,36.281,36.281,515614.0,,adjusted
2019-09-03,36.831,37.041,36.131,36.361,36.361,307408.0,,adjusted
2019-09-04,36.301,36.831,35.651,36.501,36.501,317524.0,,adjusted
2019-09-05,36.931,37.021,35.881,35.951,35.951,302361.0,,adjusted
2019-09-06,36.151,36.431,35.521,36.261,36.261,248580.0,,adjusted
2019-09-09,36.741,36.941,35.871,36.161,36.161,290736.0,,adjusted
2019-09-10,36.051,36.131,35.251,35.891,35.891,235866.0,,adjusted
2019-09-11,36.051,36.451,35.201,35.451,35.451,196083.0,,adjusted
2019-09-12,35.931,36.351,35.571,36.151,36.151,213001.0,,adjusted
2019-09-16,36.451,36.461,35.401,35.521,35.521,236809.0,,adjusted
2019-09-17,35.301,35.511,34.791,35.051,35.051,206922.0,,adjusted
2019-09-18,35.321,35.321,34.621,34.761,34.761,225071.0,,adjusted
2019-09-19,35.141,35.491,34.631,34.891,34.891,204971.0,,adjusted
2019-09-20,35.171,35.251,34.151,34.751,34.751,275464.0,,adjusted
2019-09-23,34.691,34.691,33.741,34.131,34.131,206872.0,,adjusted
2019-09-24,34.091,34.501,33.611,34.121,34.121,207246.0,,adjusted
2019-09-25,34.051,34.051,33.061,33.131,33.131,292973.0,,adjusted
2019-09-26,33.241,33.521,32.551,33.051,33.051,245434.0,,adjusted
2019-09-27,33.051,33.441,32.711,33.371,33.371,199732.0,,adjusted
2019-09-30,33.151,33.831,32.961,33.151,33.151,163708.0,,adjusted
2019-10-08,33.451,34.861,33.301,34.701,34.701,422485.0,,adjusted
2019-10-09,34.291,34.701,33.961,34.551,34.551,188488.0,,adjusted
2019-10-10,34.531,34.531,33.821,34.231,34.231,171209.0,,adjusted
2019-10-11,34.481,35.101,34.161,34.971,34.971,218165.0,,adjusted
2019-10-14,35.381,35.871,35.151,35.501,35.501,264697.0,,adjusted
2019-10-15,35.801,35.991,35.221,35.521,35.521,167607.0,,adjusted
2019-10-16,35.821,36.251,35.511,35.711,35.711,206093.0,,adjusted
2019-10-17,36.081,36.081,35.011,35.271,35.271,184568.0,,adjusted
2019-10-18,35.621,36.021,34.501,34.701,34.701,181279.0,,adjusted
2019-10-21,34.751,35.701,34.751,35.531,35.531,181512.0,,adjusted
2019-10-22,35.831,36.211,35.551,35.991,35.991,187410.0,,adjusted
2019-10-23,35.631,36.151,35.551,35.781,35.781,131210.0,,adjusted
2019-10-24,35.891,35.951,35.311,35.801,35.801,139076.0,,adjusted
2019-10-25,36.031,36.031,34.831,35.851,35.851,182031.0,,adjusted
2019-10-28,36.051,36.171,35.421,35.641,35.641,193377.0,,adjusted
2019-10-29,36.001,36.521,35.751,36.051,36.051,229410.0,,adjusted
2019-10-30,35.731,36.051,35.111,35.521,35.521,160286.0,,adjusted
2019-10-31,37.051,38.041,36.591,37.551,37.551,627930.0,,adjusted
2019-11-01,37.851,41.551,37.651,40.941,40.941,745651.0,,adjusted
2019-11-04,41.601,42.051,40.761,41.191,41.191,384285.0,,adjusted
2019-11-05,41.541,42.131,40.831,41.441,41.441,343451.0,,adjusted
2019-11-06,41.821,42.351,41.321,41.891,41.891,264351.0,,adjusted
2019-11-07,41.751,41.751,40.841,41.551,41.551,203387.0,,adjusted
2019-11-08,42.831,42.851,41.381,41.671,41.671,310046.0,,adjusted
2019-11-11,40.701,40.761,39.051,39.251,39.251,435711.0,,adjusted
2019-11-12,38.751,39.151,37.801,38.141,38.141,361575.0,,adjusted
2019-11-13,38.931,38.961,38.161,38.601,38.601,228964.0,,adjusted
2019-11-14,38.931,39.031,37.661,38.641,38.641,209790.0,,adjusted
2019-11-15,38.771,39.051,38.411,38.601,38.601,141966.0,,adjusted
2019-11-18,38.601,39.031,37.851,38.741,38.741,180037.0,,adjusted
2019-11-19,38.631,40.031,38.451,39.881,39.881,252679.0,,adjusted
2019-11-20,40.051,40.061,39.161,39.201,39.201,139823.0,,adjusted
2019-11-21,39.051,39.301,37.801,38.251,38.251,198835.0,,adjusted
2019-11-22,38.521,39.251,37.511,37.781,37.781,206826.0,,adjusted
2019-11-25,37.781,38.591,37.071,38.581,38.581,180129.0,,adjusted
2019-11-26,39.351,39.401,38.191,38.611,38.611,187705.0,,adjusted
2019-11-27,37.481,37.641,36.721,37.181,37.181,290810.0,,adjusted
2019-11-28,37.791,37.791,36.811,37.221,37.221,203120.0,,adjusted
2019-11-29,37.161,37.191,35.731,36.351,36.351,253826.0,,adjusted
2019-12-02,36.631,37.141,36.371,36.801,36.801,180987.0,,adjusted
2019-12-03,36.811,37.081,36.141,36.581,36.581,208875.0,,adjusted
2019-12-04,36.341,37.441,36.051,37.411,37.411,273804.0,,adjusted
2019-12-05,37.901,37.921,37.161,37.581,37.581,205044.0,,adjusted
2019-12-06,37.691,38.791,37.581,38.251,38.251,237935.0,,adjusted
2019-12-09,38.651,39.551,38.231,38.861,38.861,208514.0,,adjusted
2019-12-10,38.771,39.931,38.751,39.701,39.701,207176.0,,adjusted
2019-12-11,39.721,39.831,38.851,39.111,39.111,139654.0,,adjusted
2019-12-12,39.581,39.721,38.851,38.971,38.971,127084.0,,adjusted
2019-12-13,40.051,40.551,39.621,40.451,40.451,284443.0,,adjusted
2019-12-16,40.151,40.381,39.851,40.161,40.161,216487.0,,adjusted
2019-12-17,40.161,41.001,39.791,40.551,40.551,255847.0,,adjusted
2019-12-18,40.851,41.351,39.961,40.251,40.251,236488.0,,adjusted
2019-12-19,40.051,40.551,39.911,40.131,40.131,134763.0,,adjusted
2019-12-20,40.401,40.651,39.851,39.851,39.851,181366.0,,adjusted
2019-12-23,40.371,40.371,39.031,39.321,39.321,240867.0,,adjusted
2019-12-24,39.341,39.551,38.831,39.131,39.131,173345.0,,adjusted
2019-12-25,39.251,39.801,39.051,39.251,39.251,162257.0,,adjusted
2019-12-26,39.451,39.781,39.211,39.651,39.651,142619.0,,adjusted
2019-12-27,39.851,40.181,39.211,39.251,39.251,181588.0,,adjusted
2019-12-30,39.051,40.651,38.701,40.281,40.281,238028.0,,adjusted
2019-12-31,40.221,40.451,39.961,40.301,40.301,159793.0,,adjusted
2020-01-02,40.711,41.941,40.461,41.801,41.801,346225.0,,adjusted
2020-01-03,41.951,42.011,40.231,40.311,40.311,270042.0,,adjusted
2020-01-06,39.851,40.251,38.051,39.251,39.251,288425.0,,adjusted
2020-01-07,39.451,40.261,39.251,40.101,40.101,225265.0,,adjusted
2020-01-08,39.561,41.031,39.421,40.331,40.331,253210.0,,adjusted
2020-01-09,40.851,41.781,40.551,41.501,41.501,296353.0,,adjusted
2020-01-10,42.021,42.541,41.501,42.041,42.041,280706.0,,adjusted
2020-01-13,42.551,42.711,41.551,42.161,42.161,279511.0,,adjusted
2020-01-14,42.551,42.851,41.771,41.931,41.931,162500.0,,adjusted
2020-01-15,41.951,42.051,40.931,41.551,41.551,214899.0,,adjusted
2020-01-16,42.051,42.111,41.281,41.711,41.711,199813.0,,adjusted
2020-01-17,42.041,43.051,41.541,42.361,42.361,217132.0,,adjusted
2020-01-20,42.851,43.011,41.881,42.251,42.251,201910.0,,adjusted
2020-01-21,41.751,41.811,40.081,40.151,40.151,276432.0,,adjusted
2020-01-22,39.571,40.011,38.051,39.531,39.531,411606.0,,adjusted
2020-01-23,38.151,38.791,37.051,37.151,37.151,596536.0,,adjusted
2020-02-03,31.641,34.641,31.641,32.241,32.241,705067.0,,adjusted
2020-02-04,32.351,34.871,32.351,34.841,34.841,404130.0,,adjusted
2020-02-05,34.971,35.521,34.501,34.921,34.921,348950.0,,adjusted
2020-02-06,34.921,36.011,34.411,35.841,35.841,393667.0,,adjusted
2020-02-07,35.551,35.581,34.251,34.881,34.881,344090.0,,adjusted
2020-02-10,34.351,34.831,33.771,34.351,34.351,346047.0,,adjusted
2020-02-11,35.241,37.041,34.851,36.731,36.731,493882.0,,adjusted
2020-02-12,36.621,37.411,36.071,36.941,36.941,234337.0,,adjusted
2020-02-13,36.611,36.631,35.551,35.851,35.851,319306.0,,adjusted
2020-02-14,35.551,36.011,35.231,35.791,35.791,210043.0,,adjusted
2020-02-17,35.391,36.471,35.291,36.451,36.451,325052.0,,adjusted
2020-02-18,36.451,36.451,35.371,35.581,35.581,332035.0,,adjusted
2020-02-19,35.411,35.921,35.221,35.591,35.591,237328.0,,adjusted
2020-02-20,35.751,37.031,35.371,36.911,36.911,370411.0,,adjusted
2020-02-21,36.551,36.871,36.071,36.331,36.331,297798.0,,adjusted
2020-02-24,37.411,37.421,36.501,36.961,36.961,407824.0,,adjusted
2020-02-25,36.051,36.511,35.851,36.481,36.481,315462.0,,adjusted
2020-02-26,35.751,37.371,35.261,36.351,36.351,387240.0,,adjusted
2020-02-27,36.351,37.251,36.261,36.961,36.961,284934.0,,adjusted
2020-02-28,35.931,36.231,34.841,35.101,35.101,334057.0,,adjusted
2020-03-02,35.101,36.801,35.101,36.391,36.391,318934.0,,adjusted
2020-03-03,36.561,37.051,36.021,36.551,36.551,264999.0,,adjusted
2020-03-04,36.051,36.491,35.661,36.301,36.301,239084.0,,adjusted
2020-03-05,36.601,38.851,36.401,38.591,38.591,575718.0,,adjusted
2020-03-06,37.871,38.351,37.591,37.851,37.851,280243.0,,adjusted
2020-03-09,36.451,36.521,35.861,35.941,35.941,356342.0,,adjusted
2020-03-10,35.941,37.731,35.941,37.371,37.371,375631.0,,adjusted
2020-03-11,37.171,37.371,36.511,36.521,36.521,192607.0,,adjusted
2020-03-12,35.901,35.921,34.931,35.221,35.221,344055.0,,adjusted
2020-03-13,32.921,35.011,32.121,33.951,33.951,452084.0,,adjusted
2020-03-16,34.251,34.321,32.051,32.151,32.151,396679.0,,adjusted
2020-03-17,31.671,33.351,30.621,31.051,31.051,477082.0,,adjusted
2020-03-18,31.751,33.941,31.631,31.751,31.751,586059.0,,adjusted
2020-03-19,32.401,32.651,29.551,30.651,30.651,554869.0,,adjusted
2020-03-20,31.301,31.781,30.551,31.101,31.101,367067.0,,adjusted
2020-03-23,29.551,30.031,28.351,28.551,28.551,477036.0,,adjusted
2020-03-24,29.401,30.301,28.961,30.041,30.041,419576.0,,adjusted
2020-03-25,31.551,32.211,30.911,31.541,31.541,390113.0,,adjusted
2020-03-26,31.451,31.821,30.891,31.051,31.051,232484.0,,adjusted
2020-03-27,32.051,32.501,31.431,31.501,31.501,260154.0,,adjusted
2020-03-30,30.851,30.851,29.551,30.141,30.141,370522.0,,adjusted
2020-03-31,30.811,31.401,30.391,30.471,30.471,225253.0,,adjusted
2020-04-01,31.001,31.371,30.101,30.631,30.631,234391.0,,adjusted
2020-04-02,30.221,31.051,29.851,31.011,31.011,235144.0,,adjusted
2020-04-03,30.851,31.111,30.261,30.431,30.431,196382.0,,adjusted
2020-04-07,31.261,31.451,30.751,31.021,31.021,400486.0,,adjusted
2020-04-08,30.651,30.781,30.111,30.291,30.291,244268.0,,adjusted
2020-04-09,30.571,30.601,30.161,30.351,30.351,171399.0,,adjusted
2020-04-10,30.351,32.611,30.091,31.331,31.331,412461.0,,adjusted
2020-04-13,31.641,32.631,31.351,31.941,31.941,310765.0,,adjusted
2020-04-14,32.721,32.751,31.651,32.531,32.531,307942.0,,adjusted
2020-04-15,32.051,33.331,31.251,32.251,32.251,395915.0,,adjusted
2020-04-16,32.251,32.251,31.321,31.541,31.541,279294.0,,adjusted
2020-04-17,32.051,32.361,31.651,32.141,32.141,352499.0,,adjusted
2020-04-20,32.341,33.031,32.061,32.781,32.781,208857.0,,adjusted
2020-04-21,33.041,33.051,32.051,32.301,32.301,209713.0,,adjusted
2020-04-22,32.251,33.521,32.041,33.451,33.451,207637.0,,adjusted
2020-04-23,33.741,34.441,33.361,34.041,34.041,271166.0,,adjusted
2020-04-24,34.091,34.351,33.761,34.061,34.061,133416.0,,adjusted
2020-04-27,33.321,34.291,32.901,33.551,33.551,215235.0,,adjusted
2020-04-28,33.551,33.991,32.801,33.841,33.841,251835.0,,adjusted
2020-04-29,33.451,34.821,33.201,34.301,34.301,206235.0,,adjusted
2020-04-30,35.351,36.211,35.351,35.801,35.801,340323.0,,adjusted
2020-05-06,35.051,36.251,34.751,36.251,36.251,328565.0,,adjusted
2020-05-07,36.241,36.501,35.891,36.051,36.051,213755.0,,adjusted
2020-05-08,36.531,38.531,36.281,38.381,38.381,409621.0,,adjusted
2020-05-11,38.641,40.551,38.471,38.961,38.961,379598.0,,adjusted
2020-05-12,39.551,40.431,39.081,40.051,40.051,286034.0,,adjusted
2020-05-13,39.651,40.051,38.961,39.801,39.801,219386.0,,adjusted
2020-05-14,39.801,40.351,39.561,40.051,40.051,180020.0,,adjusted
2020-05-15,40.051,40.151,38.921,39.001,39.001,233617.0,,adjusted
2020-05-18,39.551,40.251,38.681,39.541,39.541,261775.0,,adjusted
2020-05-19,40.451,41.251,40.051,40.811,40.811,278551.0,,adjusted
2020-05-20,40.581,41.151,40.571,41.081,41.081,190615.0,,adjusted
2020-05-21,41.601,41.691,40.411,40.771,40.771,149135.0,,adjusted
2020-05-22,40.491,40.601,38.661,39.171,39.171,260862.0,,adjusted
2020-05-25,40.351,40.441,38.191,38.891,38.891,159445.0,,adjusted
2020-05-26,39.351,40.301,38.821,40.051,40.051,184308.0,,adjusted
2020-05-27,40.301,41.431,39.941,40.301,40.301,258065.0,,adjusted
2020-05-28,41.221,41.421,39.881,40.201,40.201,206031.0,,adjusted
2020-05-29,40.041,41.301,40.041,41.071,41.071,182549.0,,adjusted
2020-06-01,41.351,42.531,41.351,42.471,42.471,294803.0,,adjusted
2020-06-02,43.301,43.301,42.191,42.341,42.341,206805.0,,adjusted
2020-06-03,42.791,43.011,41.551,41.971,41.971,180929.0,,adjusted
2020-06-04,42.491,43.541,42.351,42.491,42.491,140258.0,,adjusted
2020-06-05,42.631,42.821,42.241,42.591,42.591,127259.0,,adjusted
2020-06-08,43.041,45.201,42.671,43.801,43.801,359440.0,,adjusted
2020-06-09,44.191,45.071,43.921,44.301,44.301,240135.0,,adjusted
2020-06-10,44.721,44.851,43.821,43.961,43.961,190148.0,,adjusted
2020-06-11,43.991,44.251,42.741,43.301,43.301,201377.0,,adjusted
2020-06-12,42.341,43.641,42.141,43.621,43.621,185190.0,,adjusted
2020-06-15,42.731,43.071,41.641,41.641,41.641,320004.0,,adjusted
2020-06-16,42.331,42.941,42.231,42.641,42.641,183088.0,,adjusted
2020-06-17,42.451,42.521,41.291,41.541,41.541,221283.0,,adjusted
2020-06-18,41.491,41.631,40.801,41.491,41.491,267225.0,,adjusted
2020-06-19,41.491,43.621,41.491,43.411,43.411,324280.0,,adjusted
2020-06-22,43.241,43.591,42.561,42.731,42.731,219797.0,,adjusted
2020-06-23,42.501,43.101,42.121,42.641,42.641,181146.0,,adjusted
2020-06-24,42.841,43.821,42.731,43.341,43.341,200320.0,,adjusted
2020-06-29,43.341,43.641,42.351,43.591,43.591,261061.0,,adjusted
2020-06-30,43.641,44.641,43.141,43.431,43.431,261252.0,,adjusted
2020-07-01,43.341,46.131,42.561,46.081,46.081,442610.0,,adjusted
2020-07-02,45.451,47.061,45.251,46.591,46.591,435262.0,,adjusted
2020-07-03,46.741,47.591,45.471,46.031,46.031,340798.0,,adjusted
2020-07-06,46.451,48.631,46.151,47.671,47.671,599258.0,,adjusted
2020-07-07,47.781,51.191,47.741,48.021,48.021,490390.0,,adjusted
2020-07-08,47.941,48.941,46.901,47.621,47.621,284820.0,,adjusted
2020-07-09,47.641,48.641,46.641,48.621,48.621,312281.0,,adjusted
2020-07-10,48.141,48.161,46.841,47.041,47.041,273297.0,,adjusted
2020-07-13,46.561,47.741,46.481,46.891,46.891,344679.0,,adjusted
2020-07-14,47.501,47.511,44.831,45.481,45.481,382960.0,,adjusted
2020-07-15,45.531,47.641,45.491,46.621,46.621,436949.0,,adjusted
2020-07-16,46.641,48.131,44.731,44.781,44.781,369589.0,,adjusted
2020-07-17,44.441,48.061,44.361,47.541,47.541,360876.0,,adjusted
2020-07-20,47.541,51.321,46.921,51.021,51.021,600694.0,,adjusted
2020-07-21,50.641,51.561,49.711,50.991,50.991,328747.0,,adjusted
2020-07-22,50.441,51.621,49.951,50.991,50.991,303898.0,,adjusted
2020-07-23,50.141,54.111,50.001,53.831,53.831,487159.0,,adjusted
2020-07-24,52.811,53.791,49.641,50.141,50.141,409256.0,,adjusted
2020-07-27,51.251,51.441,48.441,50.821,50.821,273029.0,,adjusted
2020-07-28,50.821,52.181,50.261,50.751,50.751,234103.0,,adjusted
2020-07-29,50.991,55.641,50.991,55.271,55.271,460542.0,,adjusted
2020-07-30,55.241,55.941,53.891,54.611,54.611,194808.0,,adjusted
2020-07-31,54.221,57.391,53.711,55.391,55.391,293575.0,,adjusted
2020-08-03,55.641,58.381,55.451,56.131,56.131,343310.0,,adjusted
2020-08-04,55.641,55.921,53.971,55.691,55.691,292271.0,,adjusted
2020-08-05,54.641,56.041,54.441,55.041,55.041,191118.0,,adjusted
2020-08-06,54.641,55.441,53.681,54.241,54.241,218735.0,,adjusted
2020-08-07,54.021,54.751,52.491,54.191,54.191,254144.0,,adjusted
2020-08-10,53.841,56.041,52.941,55.641,55.641,241055.0,,adjusted
2020-08-11,55.791,57.131,54.821,54.941,54.941,205681.0,,adjusted
2020-08-12,54.301,55.251,52.811,53.301,53.301,289738.0,,adjusted
2020-08-13,53.451,54.721,53.421,53.651,53.651,130645.0,,adjusted
2020-08-14,53.641,55.711,53.371,55.681,55.681,161197.0,,adjusted
2020-08-17,56.041,57.441,55.041,55.771,55.771,245172.0,,adjusted
2020-08-18,55.781,56.381,54.701,55.441,55.441,193015.0,,adjusted
2020-08-19,55.341,55.941,53.641,53.761,53.761,253273.0,,adjusted
2020-08-20,53.441,53.731,52.291,52.681,52.681,219076.0,,adjusted
2020-08-21,52.791,53.521,52.491,53.021,53.021,126456.0,,adjusted
2020-08-24,52.941,54.031,52.801,54.011,54.011,174279.0,,adjusted
2020-08-25,53.991,54.041,53.181,53.621,53.621,179318.0,,adjusted
2020-08-26,53.621,55.041,52.291,52.931,52.931,237702.0,,adjusted
2020-08-27,52.941,53.491,50.731,51.631,51.631,342932.0,,adjusted
2020-08-28,51.041,54.161,50.741,53.921,53.921,323186.0,,adjusted
2020-08-31,54.671,57.131,54.171,54.181,54.181,258683.0,,adjusted
2020-09-01,54.201,55.861,54.191,55.341,55.341,205477.0,,adjusted
2020-09-02,55.641,56.131,54.021,54.571,54.571,183108.0,,adjusted
2020-09-03,54.641,56.621,54.361,54.571,54.571,325309.0,,adjusted
2020-09-04,53.141,53.521,51.841,52.431,52.431,359336.0,,adjusted
2020-09-07,51.741,52.311,50.131,50.341,50.341,442226.0,,adjusted
2020-09-08,50.341,50.641,49.281,50.521,50.521,263509.0,,adjusted
2020-09-09,49.641,50.221,48.371,48.501,48.501,284542.0,,adjusted
2020-09-10,49.151,49.851,48.551,49.541,49.541,210302.0,,adjusted
2020-09-11,49.141,50.441,48.221,49.821,49.821,215127.0,,adjusted
2020-09-14,49.921,51.891,49.841,51.641,51.641,217393.0,,adjusted
2020-09-15,52.161,54.411,52.101,54.061,54.061,290016.0,,adjusted
2020-09-16,53.931,55.621,52.841,53.301,53.301,291213.0,,adjusted
2020-09-17,53.441,54.641,52.951,54.241,54.241,274435.0,,adjusted
2020-09-18,54.761,54.971,53.681,53.921,53.921,217515.0,,adjusted
2020-09-21,53.891,54.801,53.051,53.671,53.671,165610.0,,adjusted
2020-09-22,53.141,54.201,53.101,53.531,53.531,139967.0,,adjusted
2020-09-23,53.651,55.001,53.121,54.711,54.711,171445.0,,adjusted
2020-09-24,54.201,54.591,53.311,54.101,54.101,200758.0,,adjusted
2020-09-25,54.291,55.411,53.721,53.941,53.941,120815.0,,adjusted
2020-09-28,53.941,55.141,53.601,54.541,54.541,173937.0,,adjusted
2020-09-29,54.641,56.541,54.641,56.091,56.091,233914.0,,adjusted
2020-09-30,56.541,57.271,55.921,56.241,56.241,221337.0,,adjusted
2020-10-09,56.701,57.801,56.651,57.031,57.031,251587.0,,adjusted
2020-10-12,56.241,57.621,55.941,57.621,57.621,263256.0,,adjusted
2020-10-13,57.621,59.591,57.081,59.531,59.531,255775.0,,adjusted
2020-10-14,58.741,60.111,58.441,58.891,58.891,196134.0,,adjusted
2020-10-15,58.671,60.601,58.421,59.741,59.741,192110.0,,adjusted
2020-10-16,59.341,60.021,58.341,58.441,58.441,145917.0,,adjusted
2020-10-19,58.461,60.791,58.151,58.641,58.641,177792.0,,adjusted
2020-10-20,58.151,60.621,58.151,59.941,59.941,154354.0,,adjusted
2020-10-21,59.521,61.691,59.521,61.141,61.141,213889.0,,adjusted
2020-10-22,60.941,62.201,59.841,62.041,62.041,156502.0,,adjusted
2020-10-23,61.391,61.891,58.741,58.751,58.751,181233.0,,adjusted
2020-10-26,58.621,60.441,57.241,60.301,60.301,165905.0,,adjusted
2020-10-27,59.741,60.431,59.031,59.351,59.351,156921.0,,adjusted
2020-10-28,59.401,61.141,59.271,60.351,60.351,187216.0,,adjusted
2020-10-29,59.641,65.531,59.441,64.821,64.821,377794.0,,adjusted
2020-10-30,65.691,66.141,61.191,61.511,61.511,328417.0,,adjusted
2020-11-02,62.651,68.641,62.641,67.041,67.041,522253.0,,adjusted
2020-11-03,67.051,67.091,64.541,66.191,66.191,351575.0,,adjusted
2020-11-04,66.241,70.521,65.841,69.301,69.301,389583.0,,adjusted
2020-11-05,69.691,72.141,68.681,69.751,69.751,356240.0,,adjusted
2020-11-06,69.771,74.941,68.771,73.781,73.781,468036.0,,adjusted
2020-11-09,74.101,78.101,73.071,74.361,74.361,470786.0,,adjusted
2020-11-10,73.341,73.361,70.151,73.301,73.301,352383.0,,adjusted
2020-11-11,71.841,73.411,70.321,71.741,71.741,341980.0,,adjusted
2020-11-12,74.141,74.431,71.871,74.241,74.241,282238.0,,adjusted
2020-11-13,73.941,74.201,72.431,74.161,74.161,216052.0,,adjusted
2020-11-16,75.141,75.441,70.701,73.001,73.001,372724.0,,adjusted
2020-11-17,73.441,75.141,73.011,73.561,73.561,289689.0,,adjusted
2020-11-18,73.681,75.191,71.791,72.931,72.931,229527.0,,adjusted
2020-11-19,73.641,78.961,73.151,77.641,77.641,413156.0,,adjusted
2020-11-20,77.771,78.431,75.101,75.231,75.231,461606.0,,adjusted
2020-11-23,74.141,77.321,73.061,77.111,77.111,456914.0,,adjusted
2020-11-24,77.061,77.091,72.651,74.291,74.291,399669.0,,adjusted
2020-11-25,74.291,75.031,72.491,73.201,73.201,291595.0,,adjusted
2020-11-26,72.641,73.201,69.651,70.661,70.661,475096.0,,adjusted
2020-11-27,71.101,72.501,70.181,71.441,71.441,230373.0,,adjusted
2020-11-30,70.951,72.141,69.901,70.491,70.491,299269.0,,adjusted
2020-12-01,69.891,71.641,69.891,71.561,71.561,236925.0,,adjusted
2020-12-02,72.641,74.231,72.181,73.551,73.551,366072.0,,adjusted
2020-12-03,73.431,73.721,71.851,73.241,73.241,255520.0,,adjusted
2020-12-04,72.461,72.701,70.811,72.001,72.001,327226.0,,adjusted
2020-12-07,72.521,72.641,71.161,71.701,71.701,202285.0,,adjusted
2020-12-08,71.161,71.771,69.091,70.341,70.341,366900.0,,adjusted
2020-12-09,69.651,70.261,67.141,67.201,67.201,461126.0,,adjusted
2020-12-10,67.141,69.091,67.141,68.741,68.741,253001.0,,adjusted
2020-12-11,69.541,69.541,67.051,67.641,67.641,225061.0,,adjusted
2020-12-14,69.521,69.641,66.971,68.081,68.081,262470.0,,adjusted
2020-12-15,68.561,70.041,67.041,69.371,69.371,328120.0,,adjusted
2020-12-16,69.751,72.711,69.571,71.741,71.741,413021.0,,adjusted
2020-12-17,72.341,74.421,72.091,73.311,73.311,316461.0,,adjusted
2020-12-18,72.751,73.631,71.961,72.941,72.941,274777.0,,adjusted
2020-12-21,73.361,73.361,70.681,72.451,72.451,283689.0,,adjusted
2020-12-22,71.971,74.421,71.061,73.391,73.391,310715.0,,adjusted
2020-12-23,73.621,77.141,73.171,75.641,75.641,390547.0,,adjusted
2020-12-24,75.641,76.531,74.191,76.531,76.531,197783.0,,adjusted
2020-12-25,76.311,77.861,75.141,77.221,77.221,217072.0,,adjusted
2020-12-28,77.121,80.991,77.051,79.441,79.441,394786.0,,adjusted
2020-12-29,79.401,79.431,77.401,78.831,78.831,216552.0,,adjusted
2020-12-30,79.141,80.241,77.851,79.621,79.621,231644.0,,adjusted
2020-12-31,79.641,82.621,79.621,82.081,82.081,268672.0,,adjusted
2021-01-04,82.541,85.591,81.671,82.651,82.651,338827.0,,adjusted
2021-01-05,81.711,85.581,80.641,85.181,85.181,351148.0,,adjusted
2021-01-06,86.641,88.441,83.291,84.601,84.601,360203.0,,adjusted
2021-01-07,85.641,89.311,84.841,88.461,88.461,451401.0,,adjusted
2021-01-08,87.641,88.341,84.891,86.651,86.651,330690.0,,adjusted
2021-01-11,86.841,87.971,83.641,84.641,84.641,341892.0,,adjusted
2021-01-12,83.951,87.921,83.951,87.741,87.741,355296.0,,adjusted
2021-01-13,88.641,89.351,85.681,86.981,86.981,343487.0,,adjusted
2021-01-14,87.241,88.031,83.031,83.241,83.241,373815.0,,adjusted
2021-01-15,82.671,83.811,80.421,83.331,83.331,357438.0,,adjusted
2021-01-18,83.031,83.921,81.151,82.761,82.761,286772.0,,adjusted
2021-01-19,83.331,83.751,78.121,78.491,78.491,423078.0,,adjusted
2021-01-20,79.641,81.761,79.141,79.921,79.921,322023.0,,adjusted
2021-01-21,80.881,84.641,80.631,83.741,83.741,409302.0,,adjusted
2021-01-22,83.641,85.171,81.731,84.211,84.211,307756.0,,adjusted
2021-01-25,84.641,86.511,82.341,85.621,85.621,377360.0,,adjusted
2021-01-26,84.641,84.641,80.741,81.581,81.581,407670.0,,adjusted
2021-01-27,80.731,83.481,80.021,81.591,81.591,283269.0,,adjusted
2021-01-28,80.171,80.631,78.141,78.801,78.801,310572.0,,adjusted
2021-01-29,78.991,81.431,77.321,79.971,79.971,372465.0,,adjusted
2021-02-01,79.971,82.151,78.301,81.841,81.841,286063.0,,adjusted
2021-02-02,81.041,83.841,81.041,82.221,82.221,315444.0,,adjusted
2021-02-03,83.141,84.041,79.841,81.281,81.281,323955.0,,adjusted
2021-02-04,79.931,81.231,78.871,80.041,80.041,364864.0,,adjusted
2021-02-05,80.621,82.011,78.641,80.891,80.891,372624.0,,adjusted
2021-02-08,80.901,81.141,78.041,80.301,80.301,377436.0,,adjusted
2021-02-09,81.231,85.541,80.531,85.541,85.541,537122.0,,adjusted
2021-02-10,86.561,91.641,85.141,90.751,90.751,536799.0,,adjusted
2021-02-18,90.761,91.001,80.641,81.941,81.941,940429.0,,adjusted
2021-02-19,78.651,81.971,78.651,81.631,81.631,693877.0,,adjusted
2021-02-22,80.921,80.921,74.021,74.081,74.081,903986.0,,adjusted
2021-02-23,72.691,75.641,72.471,74.581,74.581,604755.0,,adjusted
2021-02-24,79.741,82.241,76.761,78.661,78.661,1003546.0,,adjusted
2021-02-25,78.541,79.431,75.741,77.581,77.581,416370.0,,adjusted
2021-02-26,75.641,78.131,74.661,76.721,76.721,601123.0,,adjusted
2021-03-01,77.041,78.941,75.471,76.971,76.971,370844.0,,adjusted
2021-03-02,78.511,79.481,76.341,77.161,77.161,473398.0,,adjusted
2021-03-03,76.371,77.361,75.141,77.131,77.131,330592.0,,adjusted
2021-03-04,75.861,76.221,73.081,73.541,73.541,446348.0,,adjusted
2021-03-05,71.211,73.911,69.671,73.141,73.141,409487.0,,adjusted
2021-03-08,72.141,73.351,69.081,69.141,69.141,488293.0,,adjusted
2021-03-09,68.291,68.541,65.341,65.631,65.631,568963.0,,adjusted
2021-03-10,67.641,68.301,65.691,67.301,67.301,473168.0,,adjusted
2021-03-11,68.221,70.141,67.141,69.591,69.591,408116.0,,adjusted
2021-03-12,69.611,71.671,68.851,69.601,69.601,323645.0,,adjusted
2021-03-15,68.451,68.481,64.641,65.941,65.941,490514.0,,adjusted
2021-03-16,66.051,66.671,65.191,66.221,66.221,349261.0,,adjusted
2021-03-17,65.651,67.921,65.001,67.711,67.711,370952.0,,adjusted
2021-03-18,68.621,70.641,68.441,70.351,70.351,347036.0,,adjusted
2021-03-19,68.641,70.241,68.031,68.951,68.951,305292.0,,adjusted
2021-03-22,68.631,69.171,65.941,67.021,67.021,314093.0,,adjusted
2021-03-23,67.021,67.081,64.711,65.111,65.111,369696.0,,adjusted
2021-03-24,65.141,66.121,64.901,65.321,65.321,235368.0,,adjusted
2021-03-25,64.711,65.141,62.941,64.321,64.321,247525.0,,adjusted
2021-03-26,64.741,66.141,63.601,65.651,65.651,310830.0,,adjusted
2021-03-29,65.601,66.111,64.641,65.111,65.111,294535.0,,adjusted
2021-03-30,65.501,67.131,64.751,66.111,66.111,351972.0,,adjusted
2021-03-31,66.441,66.621,64.891,65.871,65.871,273525.0,,adjusted
2021-04-01,65.641,69.521,65.441,69.071,69.071,352045.0,,adjusted
2021-04-02,69.141,72.141,68.541,70.751,70.751,291525.0,,adjusted
2021-04-06,70.801,71.341,67.641,68.021,68.021,257668.0,,adjusted
2021-04-07,68.021,68.131,65.521,66.361,66.361,299775.0,,adjusted
2021-04-08,66.151,66.561,65.591,66.321,66.321,182114.0,,adjusted
2021-04-09,66.621,66.621,63.881,64.091,64.091,322386.0,,adjusted
2021-04-12,63.941,64.901,62.641,62.941,62.941,252775.0,,adjusted
2021-04-13,62.591,63.461,61.761,62.331,62.331,213628.0,,adjusted
2021-04-14,62.611,64.271,62.531,63.771,63.771,210692.0,,adjusted
2021-04-15,63.771,64.641,62.601,63.921,63.921,174453.0,,adjusted
2021-04-16,63.941,64.241,62.541,63.541,63.541,153478.0,,adjusted
2021-04-19,63.641,65.751,62.641,65.311,65.311,267594.0,,adjusted
2021-04-20,64.721,65.141,63.671,64.621,64.621,231534.0,,adjusted
2021-04-21,63.641,64.141,63.141,63.241,63.241,251906.0,,adjusted
2021-04-22,63.261,63.931,62.651,63.891,63.891,230969.0,,adjusted
2021-04-23,64.061,67.641,63.901,67.501,67.501,451416.0,,adjusted
2021-04-26,67.881,68.641,63.551,63.671,63.671,418029.0,,adjusted
2021-04-27,63.611,65.271,62.841,64.361,64.361,190001.0,,adjusted
2021-04-28,64.641,65.341,63.721,65.191,65.191,179026.0,,adjusted
2021-04-29,65.701,67.891,65.511,67.071,67.071,298160.0,,adjusted
2021-04-30,68.341,68.341,63.441,63.811,63.811,582377.0,,adjusted
2021-05-06,61.951,63.411,61.131,61.201,61.201,491159.0,,adjusted
2021-05-07,61.041,61.191,58.641,58.721,58.721,437295.0,,adjusted
2021-05-10,59.471,62.841,59.471,61.641,61.641,549440.0,,adjusted
2021-05-11,60.801,62.641,60.231,61.981,61.981,273335.0,,adjusted
2021-05-12,62.541,62.541,60.091,60.911,60.911,273410.0,,adjusted
2021-05-13,59.761,60.141,58.641,58.791,58.791,329508.0,,adjusted
2021-05-14,58.941,60.211,57.261,60.081,60.081,304811.0,,adjusted
2021-05-17,60.641,62.991,60.521,62.041,62.041,418092.0,,adjusted
2021-05-18,63.441,63.641,60.841,61.481,61.481,268555.0,,adjusted
2021-05-19,60.691,61.401,60.141,60.971,60.971,225053.0,,adjusted
2021-05-20,62.641,64.501,61.211,64.341,64.341,735331.0,,adjusted
2021-05-21,64.741,66.741,64.511,65.191,65.191,502224.0,,adjusted
2021-05-24,66.271,66.641,64.591,65.841,65.841,360149.0,,adjusted
2021-05-25,66.611,67.841,65.981,66.921,66.921,417467.0,,adjusted
2021-05-26,67.541,68.631,66.091,67.971,67.971,360382.0,,adjusted
2021-05-27,68.631,68.671,67.071,67.541,67.541,296157.0,,adjusted
2021-05-28,66.921,66.931,65.641,66.171,66.171,387415.0,,adjusted
2021-05-31,66.341,66.341,63.381,64.641,64.641,523951.0,,adjusted
2021-06-01,64.551,64.551,62.961,63.811,63.811,473371.0,,adjusted
2021-06-02,64.611,64.711,63.711,64.711,64.711,342847.0,,adjusted
2021-06-03,64.711,65.051,62.691,63.141,63.141,416690.0,,adjusted
2021-06-04,62.621,63.711,61.741,62.941,62.941,283066.0,,adjusted
2021-06-07,62.961,62.981,61.361,61.991,61.991,277275.0,,adjusted
2021-06-08,62.111,62.511,60.841,61.231,61.231,320893.0,,adjusted
2021-06-09,61.481,61.831,60.411,60.801,60.801,251380.0,,adjusted
2021-06-10,60.911,61.151,60.111,60.611,60.611,320756.0,,adjusted
2021-06-11,60.611,60.811,58.721,59.211,59.211,465214.0,,adjusted
2021-06-15,59.081,59.711,57.211,58.451,58.451,445900.0,,adjusted
2021-06-16,59.111,60.471,58.411,60.211,60.211,449702.0,,adjusted
2021-06-17,60.411,60.541,58.511,58.671,58.671,299292.0,,adjusted
2021-06-18,58.541,59.421,57.371,59.011,59.011,388179.0,,adjusted
2021-06-21,59.031,59.041,56.381,57.211,57.211,477386.0,,adjusted
2021-06-22,57.111,58.091,56.091,56.491,56.491,410342.0,,adjusted
2021-06-23,56.421,58.501,55.911,58.381,58.381,434044.0,,adjusted
2021-06-24,59.711,59.711,57.921,58.411,58.411,287028.0,,adjusted
2021-06-25,58.781,58.991,57.791,58.381,58.381,412552.0,,adjusted
2021-06-28,58.391,59.111,57.711,58.421,58.421,306846.0,,adjusted
2021-06-29,58.991,59.011,56.451,56.671,56.671,349799.0,,adjusted
2021-06-30,56.311,57.111,56.061,56.581,56.581,284444.0,,adjusted
2021-07-01,56.511,58.601,55.771,58.451,58.451,446418.0,,adjusted
2021-07-02,57.841,57.961,55.871,56.311,56.311,403184.0,,adjusted
2021-07-05,55.491,55.581,51.991,53.411,53.411,780811.0,,adjusted
2021-07-06,52.871,54.561,52.021,53.821,53.821,410637.0,,adjusted
2021-07-07,54.161,57.161,53.821,55.601,55.601,559598.0,,adjusted
2021-07-08,55.211,56.001,54.071,55.211,55.211,359770.0,,adjusted
2021-07-09,54.761,55.791,53.921,54.411,54.411,290798.0,,adjusted
2021-07-12,54.851,56.711,54.131,55.911,55.911,404955.0,,adjusted
2021-07-13,55.991,58.541,55.791,58.011,58.011,474532.0,,adjusted
2021-07-14,57.661,58.011,56.771,57.211,57.211,334055.0,,adjusted
2021-07-15,57.211,57.561,55.821,56.381,56.381,319702.0,,adjusted
2021-07-16,56.511,56.511,54.011,54.911,54.911,456910.0,,adjusted
2021-07-19,55.001,55.511,53.811,55.351,55.351,305612.0,,adjusted
2021-07-20,54.871,55.431,54.221,54.821,54.821,230948.0,,adjusted
2021-07-21,54.931,55.131,53.021,53.201,53.201,515187.0,,adjusted
2021-07-22,53.201,55.101,52.191,53.511,53.511,428838.0,,adjusted
2021-07-23,53.511,54.091,51.721,52.171,52.171,424513.0,,adjusted
2021-07-26,50.791,51.281,49.081,49.891,49.891,570129.0,,adjusted
2021-07-27,49.881,50.191,46.611,46.611,46.611,618699.0,,adjusted
2021-07-28,46.611,49.011,46.321,48.491,48.491,477829.0,,adjusted
2021-07-29,49.711,49.711,47.841,48.511,48.511,392713.0,,adjusted
2021-07-30,48.301,49.291,47.171,48.721,48.721,419779.0,,adjusted
2021-08-02,48.711,51.871,47.791,51.291,51.291,544453.0,,adjusted
2021-08-03,50.711,57.471,50.391,56.131,56.131,899928.0,,adjusted
2021-08-04,55.611,56.891,54.941,55.201,55.201,426362.0,,adjusted
2021-08-05,54.661,56.821,54.301,55.111,55.111,453383.0,,adjusted
2021-08-06,55.211,56.261,53.261,55.561,55.561,344818.0,,adjusted
2021-08-09,54.811,58.711,54.581,57.681,57.681,513619.0,,adjusted
2021-08-10,57.311,58.061,56.041,58.061,58.061,323715.0,,adjusted
2021-08-11,57.551,58.761,57.081,57.141,57.141,285607.0,,adjusted
2021-08-12,56.711,57.681,55.811,56.131,56.131,305393.0,,adjusted
2021-08-13,56.131,57.191,55.011,56.821,56.821,303013.0,,adjusted
2021-08-16,56.821,60.661,56.661,60.201,60.201,663056.0,,adjusted
2021-08-17,60.191,60.711,58.321,58.611,58.611,414103.0,,adjusted
2021-08-18,58.601,60.211,57.911,59.711,59.711,326173.0,,adjusted
2021-08-19,60.171,60.491,57.081,57.151,57.151,328662.0,,adjusted
2021-08-20,56.201,57.701,55.001,57.211,57.211,301298.0,,adjusted
2021-08-23,56.911,57.761,55.341,55.821,55.821,242164.0,,adjusted
2021-08-24,55.411,56.361,53.391,55.711,55.711,387440.0,,adjusted
2021-08-25,55.311,55.911,54.211,54.361,54.361,253519.0,,adjusted
2021-08-26,54.351,54.861,52.721,53.141,53.141,305609.0,,adjusted
2021-08-27,53.141,54.191,52.591,53.011,53.011,245561.0,,adjusted
2021-08-30,53.161,53.321,50.521,51.191,51.191,453444.0,,adjusted
2021-08-31,51.111,53.101,50.471,51.211,51.211,319641.0,,adjusted
2021-09-01,51.721,55.061,50.391,54.361,54.361,541205.0,,adjusted
2021-09-02,54.791,54.791,53.061,54.401,54.401,427613.0,,adjusted
2021-09-03,54.181,55.341,53.411,55.251,55.251,286808.0,,adjusted
2021-09-06,55.331,58.451,55.321,57.331,57.331,396106.0,,adjusted
2021-09-07,57.911,59.141,57.021,58.231,58.231,389370.0,,adjusted
2021-09-08,58.211,58.861,57.421,57.931,57.931,266824.0,,adjusted
2021-09-09,57.931,58.561,56.441,57.231,57.231,223508.0,,adjusted
2021-09-10,57.231,58.211,56.311,57.611,57.611,210796.0,,adjusted
2021-09-13,57.531,57.901,55.941,56.191,56.191,212938.0,,adjusted
2021-09-14,56.211,56.611,53.421,53.641,53.641,307033.0,,adjusted
2021-09-15,53.221,53.631,51.011,51.731,51.731,396307.0,,adjusted
2021-09-16,51.731,52.391,51.011,51.161,51.161,294662.0,,adjusted
2021-09-17,51.571,53.491,51.301,53.471,53.471,260977.0,,adjusted
2021-09-22,52.211,52.511,51.091,51.291,51.291,239678.0,,adjusted
2021-09-23,51.971,52.311,51.211,52.001,52.001,199430.0,,adjusted
2021-09-24,51.711,53.411,51.301,52.411,52.411,273724.0,,adjusted
2021-09-27,52.401,55.601,51.981,53.911,53.911,332665.0,,adjusted
2021-09-28,53.281,55.711,52.521,55.481,55.481,347514.0,,adjusted
2021-09-29,55.161,56.111,54.491,55.481,55.481,295308.0,,adjusted
2021-09-30,55.481,56.341,54.711,54.811,54.811,218791.0,,adjusted
2021-10-08,55.411,57.791,54.961,57.711,57.711,416134.0,,adjusted
2021-10-11,57.911,58.311,56.291,56.291,56.291,234492.0,,adjusted
2021-10-12,56.321,57.791,55.291,56.831,56.831,215990.0,,adjusted
2021-10-13,57.211,57.431,55.461,56.211,56.211,160559.0,,adjusted
2021-10-14,56.241,56.831,54.861,55.341,55.341,162334.0,,adjusted
2021-10-15,56.211,56.991,55.571,56.211,56.211,204251.0,,adjusted
2021-10-18,56.211,56.211,54.211,54.831,54.831,219019.0,,adjusted
2021-10-19,54.521,55.671,54.261,55.091,55.091,181045.0,,adjusted
2021-10-20,55.211,55.711,53.231,53.281,53.281,302766.0,,adjusted
2021-10-21,53.491,55.001,53.251,54.891,54.891,205973.0,,adjusted
2021-10-22,55.181,60.211,55.161,59.711,59.711,819479.0,,adjusted
2021-10-25,59.201,59.511,56.811,57.611,57.611,430581.0,,adjusted
2021-10-26,56.961,57.191,55.231,55.231,55.231,396448.0,,adjusted
2021-10-27,54.271,54.661,52.211,52.211,52.211,678497.0,,adjusted
2021-10-28,51.711,53.561,51.251,53.331,53.331,277979.0,,adjusted
2021-10-29,52.641,54.711,52.511,53.981,53.981,282021.0,,adjusted
2021-11-01,56.481,59.131,55.861,58.021,58.021,748111.0,,adjusted
2021-11-02,58.021,58.601,55.591,56.021,56.021,339796.0,,adjusted
2021-11-03,55.241,56.711,54.531,54.531,54.531,221363.0,,adjusted
2021-11-04,55.211,56.451,54.701,55.931,55.931,236741.0,,adjusted
2021-11-05,55.521,57.021,55.001,55.961,55.961,186306.0,,adjusted
2021-11-08,55.841,56.171,55.011,55.651,55.651,149610.0,,adjusted
2021-11-09,55.561,55.561,53.581,54.211,54.211,227670.0,,adjusted
2021-11-10,53.901,55.011,53.231,54.791,54.791,237358.0,,adjusted
2021-11-11,54.401,57.571,54.111,57.251,57.251,363320.0,,adjusted
2021-11-12,57.091,59.091,56.811,57.381,57.381,266144.0,,adjusted
2021-11-15,57.211,58.211,56.711,57.691,57.691,214973.0,,adjusted
2021-11-16,58.211,58.711,57.601,57.941,57.941,211402.0,,adjusted
2021-11-17,57.461,58.411,56.731,57.321,57.321,143903.0,,adjusted
2021-11-18,57.041,57.051,55.191,55.431,55.431,194134.0,,adjusted
2021-11-19,55.431,55.711,54.521,55.211,55.211,251030.0,,adjusted
2021-11-22,54.941,55.491,54.711,55.161,55.161,229662.0,,adjusted
2021-11-23,55.151,55.151,54.231,54.681,54.681,224157.0,,adjusted
2021-11-24,55.361,55.581,54.231,55.361,55.361,252710.0,,adjusted
2021-11-25,55.211,55.211,54.291,54.351,54.351,181103.0,,adjusted
2021-11-26,54.211,54.661,53.791,54.021,54.021,140484.0,,adjusted
2021-11-29,53.201,53.791,52.931,53.381,53.381,200021.0,,adjusted
2021-11-30,53.071,54.361,52.881,52.991,52.991,195437.0,,adjusted
2021-12-01,52.881,53.411,52.411,53.371,53.371,180101.0,,adjusted
2021-12-02,52.591,53.181,52.321,52.951,52.951,172928.0,,adjusted
2021-12-03,52.921,52.921,51.891,52.371,52.371,217092.0,,adjusted
2021-12-06,52.371,53.991,52.321,53.781,53.781,281560.0,,adjusted
2021-12-07,54.311,55.611,54.311,55.441,55.441,459961.0,,adjusted
2021-12-08,55.601,55.661,54.211,55.201,55.201,244486.0,,adjusted
2021-12-09,56.711,57.961,56.091,57.431,57.431,587206.0,,adjusted
2021-12-10,56.871,57.611,55.911,57.111,57.111,297743.0,,adjusted
2021-12-13,57.961,60.481,57.731,58.161,58.161,543930.0,,adjusted
2021-12-14,57.461,57.691,56.261,56.261,56.261,253301.0,,adjusted
2021-12-15,56.201,56.621,55.391,55.561,55.561,165669.0,,adjusted
2021-12-16,55.661,56.091,55.031,55.611,55.611,153604.0,,adjusted
2021-12-17,55.301,55.471,53.911,53.911,53.911,204678.0,,adjusted
2021-12-20,54.091,55.551,54.021,54.831,54.831,206580.0,,adjusted
2021-12-21,54.821,57.341,54.711,56.861,56.861,317597.0,,adjusted
2021-12-22,56.661,57.111,55.241,56.741,56.741,224831.0,,adjusted
2021-12-23,56.301,58.081,56.211,57.081,57.081,196542.0,,adjusted
2021-12-24,56.541,57.461,56.041,57.371,57.371,163775.0,,adjusted
2021-12-27,57.411,59.211,57.111,58.261,58.261,275623.0,,adjusted
2021-12-28,58.261,60.671,58.261,60.391,60.391,512720.0,,adjusted
2021-12-29,60.211,60.761,58.961,59.221,59.221,215843.0,,adjusted
2021-12-30,59.211,59.711,58.391,59.171,59.171,218290.0,,adjusted
2021-12-31,59.111,59.651,57.991,59.021,59.021,216734.0,,adjusted
2022-01-04,59.211,60.711,58.811,60.571,60.571,310408.0,,adjusted
2022-01-05,60.611,65.041,59.951,61.481,61.481,613699.0,,adjusted
2022-01-06,61.021,63.401,60.011,60.191,60.191,341889.0,,adjusted
2022-01-07,60.691,63.691,60.221,62.991,62.991,437221.0,,adjusted
2022-01-10,63.411,66.091,62.211,63.011,63.011,352522.0,,adjusted
2022-01-11,62.231,64.031,60.711,60.811,60.811,336945.0,,adjusted
2022-01-12,61.301,61.531,58.241,59.491,59.491,384641.0,,adjusted
2022-01-13,59.791,60.571,57.411,57.531,57.531,267326.0,,adjusted
2022-01-14,57.311,58.061,56.611,57.211,57.211,209970.0,,adjusted
2022-01-17,57.311,58.651,56.931,58.241,58.241,203811.0,,adjusted
2022-01-18,58.021,58.891,57.231,58.511,58.511,213077.0,,adjusted
2022-01-19,58.911,61.401,58.671,60.441,60.441,404011.0,,adjusted
2022-01-20,60.401,64.011,60.321,63.831,63.831,506622.0,,adjusted
2022-01-21,63.331,64.031,61.841,62.621,62.621,302262.0,,adjusted
2022-01-24,62.011,64.241,61.711,62.291,62.291,169131.0,,adjusted
2022-01-25,62.011,64.011,60.431,61.061,61.061,251852.0,,adjusted
2022-01-26,61.681,62.741,60.751,61.721,61.721,179965.0,,adjusted
2022-01-27,60.961,61.981,59.721,60.031,60.031,258966.0,,adjusted
2022-01-28,60.041,61.211,58.241,58.411,58.411,269219.0,,adjusted
2022-02-07,59.711,60.851,58.591,59.911,59.911,212958.0,,adjusted
2022-02-08,59.611,60.111,58.211,59.511,59.511,252228.0,,adjusted
2022-02-09,59.811,62.281,59.111,61.801,61.801,308211.0,,adjusted
2022-02-10,61.311,61.821,58.711,58.861,58.861,400938.0,,adjusted
2022-02-11,58.361,59.811,57.691,59.351,59.351,263156.0,,adjusted
2022-02-14,58.711,58.741,56.811,58.211,58.211,198336.0,,adjusted
2022-02-15,57.931,58.511,57.111,57.241,57.241,226626.0,,adjusted
2022-02-16,57.391,58.701,57.011,58.511,58.511,189393.0,,adjusted
2022-02-17,58.221,59.011,57.321,57.481,57.481,177123.0,,adjusted
2022-02-18,57.001,58.351,56.521,58.211,58.211,153925.0,,adjusted
2022-02-21,58.011,58.031,57.211,57.911,57.911,107091.0,,adjusted
2022-02-22,57.311,57.361,54.461,55.381,55.381,363014.0,,adjusted
2022-02-23,55.261,55.851,54.911,55.691,55.691,195986.0,,adjusted
2022-02-24,54.731,54.971,52.671,53.511,53.511,418997.0,,adjusted
2022-02-25,53.961,54.161,53.021,53.331,53.331,224171.0,,adjusted
2022-02-28,52.711,52.831,50.711,51.931,51.931,483624.0,,adjusted
2022-03-01,51.821,53.601,50.891,53.541,53.541,406335.0,,adjusted
2022-03-02,52.711,52.711,51.411,52.131,52.131,247869.0,,adjusted
2022-03-03,52.461,52.461,51.161,51.881,51.881,262306.0,,adjusted
2022-03-04,51.161,51.541,50.301,50.811,50.811,305204.0,,adjusted
2022-03-07,49.791,49.791,47.251,47.721,47.721,476452.0,,adjusted
2022-03-08,47.111,48.211,44.911,44.971,44.971,577687.0,,adjusted
2022-03-09,44.491,45.221,41.821,44.731,44.731,562758.0,,adjusted
2022-03-10,46.421,46.601,43.331,44.081,44.081,473629.0,,adjusted
2022-03-11,43.511,44.881,42.541,44.591,44.591,356390.0,,adjusted
2022-03-14,43.231,44.301,41.901,41.901,41.901,319186.0,,adjusted
2022-03-15,41.411,42.441,39.491,39.611,39.611,499268.0,,adjusted
2022-03-16,41.411,42.521,39.461,42.201,42.201,529458.0,,adjusted
2022-03-17,44.651,44.891,42.821,43.911,43.911,522664.0,,adjusted
2022-03-18,43.911,44.221,42.861,44.111,44.111,368393.0,,adjusted
2022-03-21,44.241,44.761,43.211,43.661,43.661,306417.0,,adjusted
2022-03-22,43.311,44.151,43.231,43.791,43.791,194040.0,,adjusted
2022-03-23,43.941,44.071,43.141,43.211,43.211,243737.0,,adjusted
2022-03-24,42.711,43.031,42.321,42.791,42.791,236787.0,,adjusted
2022-03-25,42.801,43.131,41.261,41.301,41.301,252164.0,,adjusted
2022-03-28,41.081,41.371,40.011,41.011,41.011,215853.0,,adjusted
2022-03-29,41.321,41.441,39.671,39.861,39.861,252430.0,,adjusted
2022-03-30,40.201,42.211,40.161,42.211,42.211,339003.0,,adjusted
2022-03-31,42.111,42.411,41.431,42.211,42.211,251336.0,,adjusted
2022-04-01,41.711,44.451,41.021,43.811,43.811,457752.0,,adjusted
2022-04-06,43.261,44.391,43.111,43.621,43.621,307532.0,,adjusted
2022-04-07,42.861,44.331,42.821,42.911,42.911,269420.0,,adjusted
2022-04-08,42.911,43.131,42.051,42.541,42.541,226827.0,,adjusted
2022-04-11,42.661,42.681,40.481,40.571,40.571,338124.0,,adjusted
2022-04-12,40.951,42.711,40.501,42.651,42.651,297175.0,,adjusted
2022-04-13,42.191,42.661,41.641,41.781,41.781,211987.0,,adjusted
2022-04-14,42.231,44.291,42.231,43.931,43.931,427417.0,,adjusted
2022-04-15,43.531,44.511,43.371,43.861,43.861,212421.0,,adjusted
2022-04-18,43.711,43.711,42.741,42.781,42.781,154682.0,,adjusted
2022-04-19,42.861,43.361,42.271,42.511,42.511,168495.0,,adjusted
2022-04-20,42.961,44.101,42.211,42.771,42.771,216628.0,,adjusted
2022-04-21,42.311,43.201,40.811,41.241,41.241,280000.0,,adjusted
2022-04-22,40.811,42.731,39.891,42.181,42.181,244698.0,,adjusted
2022-04-25,41.761,42.701,40.241,40.281,40.281,325601.0,,adjusted
2022-04-26,40.281,40.681,36.721,37.001,37.001,632046.0,,adjusted
2022-04-27,35.941,38.561,35.711,38.311,38.311,375710.0,,adjusted
2022-04-28,38.711,38.911,37.281,38.491,38.491,252589.0,,adjusted
2022-04-29,39.211,42.501,38.491,42.301,42.301,575241.0,,adjusted
2022-05-05,43.261,44.591,43.061,43.911,43.911,467907.0,,adjusted
2022-05-06,42.811,43.711,42.601,43.411,43.411,212170.0,,adjusted
2022-05-09,42.461,42.731,40.981,41.571,41.571,215297.0,,adjusted
2022-05-10,40.441,42.101,40.211,41.811,41.811,300571.0,,adjusted
2022-05-11,41.691,42.711,41.211,41.891,41.891,359115.0,,adjusted
2022-05-12,41.791,41.791,40.491,40.951,40.951,225791.0,,adjusted
2022-05-13,41.731,42.381,41.411,42.221,42.221,244320.0,,adjusted
2022-05-16,42.731,43.961,40.761,41.411,41.411,286645.0,,adjusted
2022-05-17,41.211,42.711,40.911,42.601,42.601,228314.0,,adjusted
2022-05-18,42.711,42.881,41.131,41.841,41.841,222697.0,,adjusted
2022-05-19,41.001,41.401,40.541,41.031,41.031,201959.0,,adjusted
2022-05-20,41.111,42.331,40.571,42.111,42.111,266085.0,,adjusted
2022-05-23,41.561,41.711,39.301,39.521,39.521,557831.0,,adjusted
2022-05-24,39.271,39.901,38.761,39.001,39.001,263463.0,,adjusted
2022-05-25,38.711,39.011,38.211,38.611,38.611,221974.0,,adjusted
2022-05-26,38.611,39.291,37.011,39.031,39.031,423828.0,,adjusted
2022-05-27,39.641,40.001,38.221,38.331,38.331,352557.0,,adjusted
2022-05-30,38.361,39.011,38.221,38.611,38.611,216385.0,,adjusted
2022-05-31,38.701,39.691,38.311,39.691,39.691,355099.0,,adjusted
2022-06-01,39.511,39.981,39.061,39.481,39.481,292058.0,,adjusted
2022-06-02,39.64,39.66,38.96,39.44,39.44,275846.0,,adjusted
2022-06-06,39.46,39.81,38.46,39.67,39.67,365209.0,,adjusted
2022-06-07,39.38,40.01,38.98,39.88,39.88,291695.0,,adjusted
2022-06-08,39.89,40.68,39.41,39.87,39.87,362977.0,,adjusted
2022-06-09,39.73,40.03,39.07,39.26,39.26,286836.0,,adjusted
2022-06-10,38.99,39.22,38.63,39.13,39.13,300349.0,,adjusted
2022-06-13,38.68,38.73,37.54,37.94,37.94,404263.0,,adjusted
2022-06-14,37.18,38.44,37.0,38.31,38.31,348424.0,,adjusted
2022-06-15,38.0,41.88,38.0,41.32,41.32,915078.0,,adjusted
2022-06-16,41.35,41.81,40.37,40.71,40.71,359382.0,,adjusted
2022-06-17,39.91,42.29,39.4,41.64,41.64,538134.0,,adjusted
2022-06-20,42.04,44.43,42.04,43.94,43.94,765309.0,,adjusted
2022-06-21,43.98,45.27,43.53,44.17,44.17,537077.0,,adjusted
2022-06-22,44.15,44.15,42.88,42.88,42.88,297211.0,,adjusted
2022-06-23,42.84,43.35,42.18,42.87,42.87,304532.0,,adjusted
2022-06-24,42.87,45.83,42.64,44.68,44.68,732011.0,,adjusted
2022-06-27,45.18,46.96,45.18,45.98,45.98,581584.0,,adjusted
2022-06-28,46.48,46.48,45.33,45.98,45.98,322522.0,,adjusted
2022-06-29,46.36,47.52,46.09,46.15,46.15,420723.0,,adjusted
2022-06-30,46.24,47.54,45.88,47.27,47.27,370539.0,,adjusted
2022-07-01,47.07,47.07,45.04,45.67,45.67,337857.0,,adjusted
2022-07-04,44.42,46.94,44.42,46.85,46.85,313750.0,,adjusted
2022-07-05,46.63,48.37,45.78,46.42,46.42,283847.0,,adjusted
2022-07-06,46.93,47.91,45.55,46.16,46.16,307640.0,,adjusted
2022-07-07,45.9,46.68,45.38,45.58,45.58,197472.0,,adjusted
2022-07-08,46.0,46.0,44.78,45.46,45.46,227250.0,,adjusted
2022-07-11,45.14,46.08,44.6,45.78,45.78,273547.0,,adjusted
2022-07-12,45.93,47.76,45.93,46.98,46.98,408104.0,,adjusted
2022-07-13,46.96,47.13,44.91,45.18,45.18,387901.0,,adjusted
2022-07-14,45.88,46.07,42.73,43.08,43.08,545200.0,,adjusted
2022-07-15,42.68,43.46,42.03,42.08,42.08,302679.0,,adjusted
2022-07-18,42.08,42.76,40.88,42.17,42.17,235494.0,,adjusted
2022-07-19,41.98,42.54,41.64,41.91,41.91,197097.0,,adjusted
2022-07-20,42.35,43.23,41.98,42.31,42.31,217052.0,,adjusted
2022-07-21,42.38,42.78,41.68,41.77,41.77,163847.0,,adjusted
2022-07-22,41.53,42.35,41.18,41.97,41.97,186461.0,,adjusted
2022-07-25,41.98,43.6,41.89,43.33,43.33,360274.0,,adjusted
2022-07-26,43.38,44.74,43.25,44.28,44.28,263042.0,,adjusted
2022-07-27,44.08,44.13,42.65,42.8,42.8,244410.0,,adjusted
2022-07-28,42.88,43.02,42.39,42.63,42.63,146147.0,,adjusted
2022-07-29,42.83,43.08,41.66,41.86,41.86,237474.0,,adjusted
2022-08-01,42.13,42.18,40.96,41.49,41.49,186467.0,,adjusted
2022-08-02,40.96,40.98,39.78,40.48,40.48,260486.0,,adjusted
2022-08-03,40.09,40.89,38.96,39.13,39.13,318780.0,,adjusted
2022-08-04,39.28,39.65,38.98,39.38,39.38,135291.0,,adjusted
2022-08-05,39.62,39.85,38.96,39.85,39.85,198191.0,,adjusted
2022-08-08,39.43,39.85,39.21,39.31,39.31,218082.0,,adjusted
2022-08-09,39.33,39.94,39.13,39.54,39.54,160516.0,,adjusted
2022-08-10,39.51,39.51,38.65,38.71,38.71,163024.0,,adjusted
2022-08-11,39.18,39.86,38.76,39.8,39.8,229539.0,,adjusted
2022-08-12,39.59,40.34,39.31,40.04,40.04,169879.0,,adjusted
2022-08-15,40.05,40.48,39.4,39.68,39.68,183235.0,,adjusted
2022-08-16,39.7,39.77,39.18,39.48,39.48,163357.0,,adjusted
2022-08-17,39.54,40.76,38.99,40.31,40.31,238435.0,,adjusted
2022-08-18,39.98,40.13,39.29,39.5,39.5,140885.0,,adjusted
2022-08-19,39.56,39.69,39.13,39.49,39.49,132153.0,,adjusted
2022-08-22,39.34,40.43,39.17,39.92,39.92,238176.0,,adjusted
2022-08-23,39.83,39.98,38.88,39.0,39.0,220349.0,,adjusted
2022-08-24,38.98,39.06,38.19,38.27,38.27,215842.0,,adjusted
2022-08-25,38.27,39.29,37.85,39.11,39.11,209893.0,,adjusted
2022-08-26,39.36,39.54,38.77,39.11,39.11,160406.0,,adjusted
2022-08-29,38.48,39.75,38.39,39.16,39.16,164561.0,,adjusted
2022-08-30,39.37,40.09,38.96,39.18,39.18,202708.0,,adjusted
2022-08-31,38.98,40.53,38.97,40.12,40.12,462838.0,,adjusted
2022-09-01,40.11,42.38,40.11,41.99,41.99,642105.0,,adjusted
2022-09-02,41.99,41.99,40.05,40.53,40.53,367460.0,,adjusted
2022-09-05,39.98,40.88,39.76,40.68,40.68,190275.0,,adjusted
2022-09-06,40.69,41.09,40.28,40.34,40.34,177962.0,,adjusted
2022-09-07,40.55,40.57,39.86,39.93,39.93,209953.0,,adjusted
2022-09-08,39.93,40.63,39.93,40.25,40.25,153657.0,,adjusted
2022-09-09,40.25,42.51,40.14,42.32,42.32,523881.0,,adjusted
2022-09-13,42.32,43.78,41.95,43.37,43.37,346024.0,,adjusted
2022-09-14,42.38,43.13,42.28,42.81,42.81,187473.0,,adjusted
2022-09-15,42.77,44.08,42.57,43.22,43.22,289698.0,,adjusted
2022-09-16,42.87,42.98,41.78,42.0,42.0,259940.0,,adjusted
2022-09-19,41.55,42.32,41.0,41.86,41.86,203600.0,,adjusted
2022-09-20,41.73,41.98,40.18,40.4,40.4,350660.0,,adjusted
2022-09-21,41.31,41.34,39.22,39.73,39.73,267752.0,,adjusted
2022-09-22,39.62,39.63,38.17,38.38,38.38,401432.0,,adjusted
2022-09-23,37.99,38.77,37.88,38.22,38.22,175176.0,,adjusted
2022-09-26,37.88,38.88,37.77,37.93,37.93,205533.0,,adjusted
2022-09-27,38.03,38.76,37.18,38.56,38.56,247650.0,,adjusted
2022-09-28,38.38,38.65,37.98,38.05,38.05,135577.0,,adjusted
2022-09-29,38.35,38.64,37.18,37.38,37.38,253195.0,,adjusted
2022-09-30,37.01,37.45,36.19,36.19,36.19,355638.0,,adjusted
2022-10-10,36.19,36.87,35.34,35.58,35.58,260145.0,,adjusted
2022-10-11,35.57,35.73,34.88,35.25,35.25,220037.0,,adjusted
2022-10-12,34.93,35.18,33.88,35.15,35.15,240971.0,,adjusted
2022-10-13,34.87,34.88,33.89,33.94,33.94,277454.0,,adjusted
2022-10-14,34.13,35.13,33.98,34.87,34.87,313388.0,,adjusted
2022-10-17,34.59,34.73,34.18,34.55,34.55,235017.0,,adjusted
2022-10-18,34.86,35.03,34.21,34.32,34.32,270086.0,,adjusted
2022-10-19,34.24,34.24,32.05,32.1,32.1,556549.0,,adjusted
2022-10-20,31.68,32.16,30.74,31.26,31.26,366478.0,,adjusted
2022-10-21,31.27,31.66,30.65,30.88,30.88,272432.0,,adjusted
2022-10-24,30.58,31.2,29.18,29.27,29.27,459169.0,,adjusted
2022-10-25,29.68,29.83,28.86,28.9,28.9,414401.0,,adjusted
2022-10-26,29.08,30.09,29.04,29.34,29.34,362814.0,,adjusted
2022-10-27,29.58,29.88,29.18,29.46,29.46,226403.0,,adjusted
2022-10-28,29.09,29.26,27.5,27.64,27.64,401750.0,,adjusted
2022-10-31,27.61,27.68,26.98,27.06,27.06,345535.0,,adjusted
2022-11-01,27.46,28.48,26.97,28.48,28.48,480671.0,,adjusted
2022-11-02,28.28,29.48,28.1,28.96,28.96,380199.0,,adjusted
2022-11-03,28.68,28.75,28.08,28.46,28.46,288535.0,,adjusted
2022-11-04,28.51,30.23,28.46,29.97,29.97,457491.0,,adjusted
2022-11-07,29.88,30.14,29.39,29.94,29.94,331596.0,,adjusted
2022-11-08,30.0,30.17,29.46,29.88,29.88,305582.0,,adjusted
2022-11-09,30.27,30.73,29.83,29.92,29.92,229904.0,,adjusted
2022-11-10,29.63,29.86,29.41,29.85,29.85,223054.0,,adjusted
2022-11-11,31.41,33.08,30.59,32.51,32.51,828835.0,,adjusted
2022-11-14,34.8,35.99,34.18,34.68,34.68,1000204.0,,adjusted
2022-11-15,35.38,36.46,34.58,35.95,35.95,512288.0,,adjusted
2022-11-16,36.28,36.28,35.04,35.34,35.34,259926.0,,adjusted
2022-11-17,35.27,35.98,34.56,34.84,34.84,192846.0,,adjusted
2022-11-18,35.24,35.42,34.56,34.85,34.85,160676.0,,adjusted
2022-11-21,34.35,34.35,33.12,33.22,33.22,345234.0,,adjusted
2022-11-22,33.28,33.92,32.78,33.18,33.18,235692.0,,adjusted
2022-11-23,33.11,33.42,32.9,33.16,33.16,142552.0,,adjusted
2022-11-24,33.63,34.08,32.66,32.79,32.79,213800.0,,adjusted
2022-11-25,32.79,33.97,32.71,33.57,33.57,246975.0,,adjusted
2022-11-28,32.56,33.33,32.11,33.17,33.17,226551.0,,adjusted
2022-11-29,34.88,35.66,33.8,35.3,35.3,389287.0,,adjusted
2022-11-30,35.06,35.86,34.37,34.75,34.75,272876.0,,adjusted
2022-12-01,35.69,36.21,35.15,35.19,35.19,276045.0,,adjusted
2022-12-02,34.92,35.48,34.64,34.92,34.92,170150.0,,adjusted
2022-12-05,35.37,36.88,35.28,36.58,36.58,361068.0,,adjusted
2022-12-06,36.57,37.54,35.9,36.88,36.88,325270.0,,adjusted
2022-12-07,36.88,38.56,36.38,38.13,38.13,436564.0,,adjusted
2022-12-08,38.23,39.36,37.72,38.63,38.63,390780.0,,adjusted
2022-12-09,38.84,41.21,38.69,41.18,41.18,699406.0,,adjusted
2022-12-12,40.58,41.85,40.18,41.31,41.31,466633.0,,adjusted
2022-12-13,41.09,41.28,40.53,40.83,40.83,306193.0,,adjusted
2022-12-14,40.33,41.94,40.33,41.77,41.77,260850.0,,adjusted
2022-12-15,41.78,42.68,40.13,40.51,40.51,278043.0,,adjusted
2022-12-16,40.16,41.03,39.65,40.88,40.88,197450.0,,adjusted
2022-12-19,40.88,41.26,40.16,40.56,40.56,160764.0,,adjusted
2022-12-20,39.88,39.97,38.43,38.45,38.45,272454.0,,adjusted
2022-12-21,38.17,39.37,38.17,38.56,38.56,130742.0,,adjusted
2022-12-22,38.82,40.16,38.65,39.08,39.08,228123.0,,adjusted
2022-12-23,38.86,40.03,38.31,39.26,39.26,163439.0,,adjusted
2022-12-26,39.56,39.76,38.24,38.38,38.38,153879.0,,adjusted
2022-12-27,38.67,39.91,38.29,39.82,39.82,173391.0,,adjusted
2022-12-28,39.31,39.63,38.78,38.93,38.93,163229.0,,adjusted
2022-12-29,38.5,39.07,37.9,38.61,38.61,119951.0,,adjusted
2022-12-30,38.68,39.38,38.58,38.68,38.68,127733.0,,adjusted
2023-01-03,38.88,39.11,38.11,38.76,38.76,163628.0,,adjusted
2023-01-04,38.57,40.71,38.53,40.63,40.63,261341.0,,adjusted
2023-01-05,40.88,41.87,40.83,41.79,41.79,294217.0,,adjusted
2023-01-06,41.85,42.04,40.79,40.89,40.89,195001.0,,adjusted
2023-01-09,40.98,41.33,40.28,40.99,40.99,204277.0,,adjusted
2023-01-10,40.87,41.28,40.31,40.38,40.38,154340.0,,adjusted
2023-01-11,40.33,42.06,40.28,41.38,41.38,214610.0,,adjusted
2023-01-12,41.18,41.88,40.89,41.65,41.65,145818.0,,adjusted
2023-01-13,41.75,42.88,41.38,42.83,42.83,265803.0,,adjusted
2023-01-16,42.91,45.24,42.9,44.58,44.58,330181.0,,adjusted
2023-01-17,44.57,45.06,44.03,44.88,44.88,188114.0,,adjusted
2023-01-18,44.88,45.38,44.25,44.48,44.48,130358.0,,adjusted
2023-01-19,44.34,44.43,43.58,44.26,44.26,194679.0,,adjusted
2023-01-20,44.34,44.72,43.84,43.96,43.96,108608.0,,adjusted
2023-01-30,44.32,44.96,42.47,42.53,42.53,256196.0,,adjusted
2023-01-31,42.28,43.03,41.88,42.08,42.08,232598.0,,adjusted
2023-02-01,42.17,42.87,41.33,42.38,42.38,267247.0,,adjusted
2023-02-02,42.33,42.48,40.5,40.84,40.84,367678.0,,adjusted
2023-02-03,40.58,40.83,39.74,40.19,40.19,208300.0,,adjusted
2023-02-06,39.69,39.69,37.96,38.13,38.13,421857.0,,adjusted
2023-02-07,38.24,38.58,37.98,38.38,38.38,209009.0,,adjusted
2023-02-08,38.27,38.38,37.74,37.89,37.89,191018.0,,adjusted
2023-02-09,37.68,38.61,37.37,38.41,38.41,227383.0,,adjusted
2023-02-10,38.23,38.63,38.17,38.5,38.5,139889.0,,adjusted
2023-02-13,38.38,39.46,37.91,39.32,39.32,306391.0,,adjusted
2023-02-14,39.33,39.53,38.69,39.09,39.09,214375.0,,adjusted
2023-02-15,39.08,39.09,38.06,38.23,38.23,179488.0,,adjusted
2023-02-16,37.98,38.63,37.68,38.16,38.16,216987.0,,adjusted
2023-02-17,37.93,38.38,37.9,38.26,38.26,158066.0,,adjusted
2023-02-20,38.38,40.57,37.99,40.18,40.18,383136.0,,adjusted
2023-02-21,40.18,40.68,39.61,40.42,40.42,256493.0,,adjusted
2023-02-22,39.88,40.06,39.29,39.66,39.66,229115.0,,adjusted
2023-02-23,39.67,40.76,39.67,40.25,40.25,240107.0,,adjusted
2023-02-24,40.06,40.27,39.7,39.86,39.86,169278.0,,adjusted
2023-02-27,39.48,39.86,38.74,39.28,39.28,169471.0,,adjusted
2023-02-28,38.9,40.02,38.9,39.34,39.34,194045.0,,adjusted
2023-03-01,39.39,41.87,39.39,41.5,41.5,432975.0,,adjusted
2023-03-02,41.48,42.56,41.03,41.73,41.73,255490.0,,adjusted
2023-03-03,42.13,42.72,41.54,42.08,42.08,197415.0,,adjusted
2023-03-06,41.72,41.88,40.69,40.71,40.71,259357.0,,adjusted
2023-03-07,40.72,41.25,39.58,39.74,39.74,194738.0,,adjusted
2023-03-08,39.53,39.68,38.95,39.17,39.17,144948.0,,adjusted
2023-03-09,39.17,40.13,39.15,39.58,39.58,130131.0,,adjusted
2023-03-10,39.12,39.38,37.9,38.03,38.03,192134.0,,adjusted
2023-03-13,37.89,39.12,37.88,38.94,38.94,194837.0,,adjusted
2023-03-14,38.6,38.79,37.58,38.03,38.03,165011.0,,adjusted
2023-03-15,38.38,38.51,37.28,37.34,37.34,209456.0,,adjusted
2023-03-16,36.96,37.27,36.53,36.92,36.92,121820.0,,adjusted
2023-03-17,37.38,38.06,36.94,37.21,37.21,201231.0,,adjusted
2023-03-20,37.06,38.01,36.98,37.32,37.32,163015.0,,adjusted
2023-03-21,37.43,39.02,37.43,38.98,38.98,231466.0,,adjusted
2023-03-22,39.08,39.15,38.18,38.58,38.58,135542.0,,adjusted
2023-03-23,38.36,38.88,38.27,38.7,38.7,123790.0,,adjusted
2023-03-24,38.7,39.05,38.52,38.97,38.97,132776.0,,adjusted
2023-03-27,38.97,39.34,38.58,38.73,38.73,127683.0,,adjusted
2023-03-28,38.58,38.96,37.94,37.97,37.97,128679.0,,adjusted
2023-03-29,38.26,38.45,37.98,38.28,38.28,128030.0,,adjusted
2023-03-30,38.23,41.68,38.18,41.35,41.35,571574.0,,adjusted
2023-03-31,40.99,41.5,40.24,40.69,40.69,277888.0,,adjusted
2023-04-03,41.88,42.28,41.08,41.57,41.57,373915.0,,adjusted
2023-04-04,41.38,41.6,40.63,41.51,41.51,179891.0,,adjusted
2023-04-06,41.3,41.88,40.63,40.9,40.9,152435.0,,adjusted
2023-04-07,40.79,42.15,40.79,41.56,41.56,158641.0,,adjusted
2023-04-10,41.28,41.94,40.89,41.64,41.64,156493.0,,adjusted
2023-04-11,41.29,43.25,41.28,42.72,42.72,324366.0,,adjusted
2023-04-12,42.72,43.63,42.28,42.38,42.38,223025.0,,adjusted
2023-04-13,41.93,42.17,41.02,41.02,41.02,182595.0,,adjusted
2023-04-14,41.06,41.53,40.71,40.82,40.82,142124.0,,adjusted
2023-04-17,40.79,42.46,40.77,42.3,42.3,262280.0,,adjusted
2023-04-18,42.08,44.28,42.05,43.66,43.66,387063.0,,adjusted
2023-04-19,43.66,44.13,42.93,42.96,42.96,191887.0,,adjusted
2023-04-20,43.06,44.92,43.06,43.92,43.92,367949.0,,adjusted
2023-04-21,44.28,45.48,43.63,43.73,43.73,398924.0,,adjusted
2023-04-24,43.08,45.63,42.89,43.91,43.91,339921.0,,adjusted
2023-04-25,43.88,44.92,42.53,44.53,44.53,429621.0,,adjusted
2023-04-26,43.9,44.23,42.85,43.58,43.58,239342.0,,adjusted
2023-04-27,43.05,44.63,43.05,44.14,44.14,157771.0,,adjusted
2023-04-28,44.13,44.23,43.09,43.66,43.66,156906.0,,adjusted
2023-05-04,44.1,45.33,42.73,43.46,43.46,268566.0,,adjusted
2023-05-05,43.28,43.28,40.96,42.21,42.21,342123.0,,adjusted
2023-05-08,42.21,42.87,41.35,41.89,41.89,208722.0,,adjusted
2023-05-09,41.68,42.44,40.89,41.68,41.68,181394.0,,adjusted
2023-05-10,41.38,42.88,40.76,42.28,42.28,174626.0,,adjusted
2023-05-11,42.43,43.6,42.22,42.33,42.33,126225.0,,adjusted
2023-05-12,42.21,44.37,42.19,42.7,42.7,165590.0,,adjusted
2023-05-15,42.74,43.62,41.89,43.47,43.47,140666.0,,adjusted
2023-05-16,43.47,44.12,41.99,42.23,42.23,136126.0,,adjusted
2023-05-17,42.1,43.28,41.69,41.9,41.9,90763.0,,adjusted
2023-05-18,42.03,42.3,41.43,41.88,41.88,110695.0,,adjusted
2023-05-19,41.54,43.74,41.54,42.68,42.68,203843.0,,adjusted
2023-05-22,42.68,43.83,42.68,43.59,43.59,151998.0,,adjusted
2023-05-23,43.57,43.83,42.76,42.83,42.83,155851.0,,adjusted
2023-05-24,42.7,42.77,40.38,40.48,40.48,266742.0,,adjusted
2023-05-25,40.28,41.37,39.56,40.89,40.89,171434.0,,adjusted
2023-05-26,40.89,41.33,40.36,41.14,41.14,111661.0,,adjusted
2023-05-29,41.15,41.57,39.96,40.33,40.33,174334.0,,adjusted
2023-05-30,40.33,40.54,38.67,39.21,39.21,320846.0,,adjusted
2023-05-31,39.47,39.58,37.98,38.21,38.21,280650.0,,adjusted
2023-06-01,38.35,39.13,37.86,38.22,38.22,348935.0,,adjusted
2023-06-02,39.33,41.43,39.32,41.13,41.13,499392.0,,adjusted
2023-06-05,41.84,43.48,40.92,43.27,43.27,399400.0,,adjusted
2023-06-06,43.27,44.64,42.38,43.54,43.54,342618.0,,adjusted
2023-06-07,44.83,45.1,43.82,44.58,44.58,369087.0,,adjusted
2023-06-08,45.03,46.44,44.53,46.22,46.22,475531.0,,adjusted
2023-06-09,46.83,47.09,45.1,45.44,45.44,410652.0,,adjusted
2023-06-12,45.45,47.15,45.03,46.68,46.68,396210.0,,adjusted
2023-06-13,46.59,47.1,45.59,45.94,45.94,248501.0,,adjusted
2023-06-14,46.56,47.31,45.95,46.41,46.41,360007.0,,adjusted
2023-06-15,46.59,47.91,46.34,47.33,47.33,312765.0,,adjusted
2023-06-16,47.73,48.32,46.73,47.68,47.68,300061.0,,adjusted
2023-06-19,47.33,47.47,46.03,46.14,46.14,289110.0,,adjusted
2023-06-20,46.25,48.25,46.13,46.91,46.91,243810.0,,adjusted
2023-06-21,47.33,48.93,46.73,47.61,47.61,451303.0,,adjusted
2023-06-26,49.16,49.28,47.13,47.47,47.47,335581.0,,adjusted
2023-06-27,47.55,49.48,47.21,49.02,49.02,481237.0,,adjusted
2023-06-28,48.78,49.85,48.54,49.03,49.03,327901.0,,adjusted
2023-06-29,49.05,49.12,47.55,48.47,48.47,276783.0,,adjusted
2023-06-30,48.56,49.15,47.89,48.25,48.25,264876.0,,adjusted
2023-07-03,48.21,49.71,47.66,48.39,48.39,318762.0,,adjusted
2023-07-04,48.61,48.93,47.45,48.23,48.23,219446.0,,adjusted
2023-07-05,48.42,48.66,47.75,48.45,48.45,187016.0,,adjusted
2023-07-06,48.46,49.08,47.63,47.7,47.7,169577.0,,adjusted
2023-07-07,47.37,47.92,46.53,47.08,47.08,293796.0,,adjusted
2023-07-10,47.15,47.26,45.37,45.96,45.96,320860.0,,adjusted
2023-07-11,46.13,46.41,45.73,45.99,45.99,158028.0,,adjusted
2023-07-12,46.23,47.41,45.73,46.42,46.42,187815.0,,adjusted
2023-07-13,46.53,47.65,46.53,47.13,47.13,169307.0,,adjusted
2023-07-14,47.08,47.6,46.35,46.79,46.79,105000.0,,adjusted
2023-07-17,46.53,46.53,45.63,46.46,46.46,90425.0,,adjusted
2023-07-18,46.73,46.73,45.0,46.07,46.07,239882.0,,adjusted
2023-07-19,46.22,47.68,46.0,47.46,47.46,278044.0,,adjusted
2023-07-20,47.23,47.98,46.77,46.86,46.86,140516.0,,adjusted
2023-07-21,46.88,47.41,46.32,46.46,46.46,120709.0,,adjusted
2023-07-24,46.46,46.69,45.46,46.1,46.1,115888.0,,adjusted
2023-07-25,47.19,48.61,47.13,48.31,48.31,376481.0,,adjusted
2023-07-26,48.14,48.87,47.81,47.91,47.91,187526.0,,adjusted
2023-07-27,47.88,48.45,47.68,47.81,47.81,151970.0,,adjusted
2023-07-28,48.03,49.15,47.44,49.07,49.07,240041.0,,adjusted
2023-07-31,50.28,50.63,48.48,48.65,48.65,325183.0,,adjusted
2023-08-01,48.65,49.02,47.46,47.58,47.58,204186.0,,adjusted
2023-08-02,47.43,48.15,47.1,47.63,47.63,235436.0,,adjusted
2023-08-03,47.31,47.53,46.32,47.31,47.31,233629.0,,adjusted
2023-08-04,47.63,48.32,47.14,47.25,47.25,196637.0,,adjusted
2023-08-07,47.12,47.52,46.67,47.21,47.21,153707.0,,adjusted
2023-08-08,46.83,46.88,46.29,46.33,46.33,136355.0,,adjusted
2023-08-09,46.52,47.03,46.37,46.89,46.89,151434.0,,adjusted
2023-08-10,46.54,46.63,44.83,45.68,45.68,385305.0,,adjusted
2023-08-11,45.62,45.78,44.47,44.51,44.51,255333.0,,adjusted
2023-08-14,43.83,44.9,43.61,44.77,44.77,195167.0,,adjusted
2023-08-15,44.64,44.89,43.93,44.49,44.49,163704.0,,adjusted
2023-08-16,44.13,44.69,43.69,44.56,44.56,153587.0,,adjusted
2023-08-17,44.23,45.27,43.86,45.17,45.17,152165.0,,adjusted
2023-08-18,45.11,45.18,43.96,44.12,44.12,134638.0,,adjusted
2023-08-21,43.94,44.69,43.68,43.71,43.71,131172.0,,adjusted
2023-08-22,43.63,44.01,42.74,43.7,43.7,230543.0,,adjusted
2023-08-23,43.45,43.99,42.93,43.05,43.05,157983.0,,adjusted
2023-08-24,43.32,44.78,42.83,44.38,44.38,255836.0,,adjusted
2023-08-25,44.28,45.32,43.85,44.59,44.59,164728.0,,adjusted
2023-08-28,46.63,47.31,45.11,45.49,45.49,288004.0,,adjusted
2023-08-29,45.21,45.82,44.88,45.38,45.38,217871.0,,adjusted
2023-08-30,45.37,46.51,45.04,46.15,46.15,233664.0,,adjusted
2023-08-31,46.63,47.13,45.81,45.84,45.84,280838.0,,adjusted
2023-09-01,46.33,47.83,46.32,47.26,47.26,266506.0,,adjusted
2023-09-04,47.83,48.13,46.95,47.55,47.55,200900.0,,adjusted
2023-09-05,47.59,47.82,46.94,47.11,47.11,153090.0,,adjusted
2023-09-06,46.84,47.33,46.21,46.51,46.51,208883.0,,adjusted
2023-09-07,46.42,46.45,45.83,45.9,45.9,136399.0,,adjusted
2023-09-08,46.07,46.16,45.14,45.41,45.41,84002.0,,adjusted
2023-09-11,45.64,46.21,45.34,45.76,45.76,140721.0,,adjusted
2023-09-12,45.75,47.05,45.63,46.54,46.54,164034.0,,adjusted
2023-09-13,46.43,46.87,46.03,46.33,46.33,107434.0,,adjusted
2023-09-14,46.34,46.59,45.59,45.88,45.88,102895.0,,adjusted
2023-09-15,45.97,46.02,44.63,45.12,45.12,164512.0,,adjusted
2023-09-18,45.13,45.92,44.54,45.43,45.43,144278.0,,adjusted
2023-09-19,45.32,45.48,44.78,45.38,45.38,123661.0,,adjusted
2023-09-20,45.36,46.57,45.06,46.22,46.22,213801.0,,adjusted
2023-09-21,46.21,46.21,45.35,45.65,45.65,167691.0,,adjusted
2023-09-22,45.92,46.44,45.5,46.38,46.38,221702.0,,adjusted
2023-09-25,46.22,46.22,45.56,45.96,45.96,166432.0,,adjusted
2023-09-26,46.09,46.53,45.33,45.33,45.33,189349.0,,adjusted
2023-09-27,45.33,45.99,44.76,45.52,45.52,188109.0,,adjusted
2023-09-28,45.72,45.83,44.74,44.81,44.81,170976.0,,adjusted
2023-10-09,44.79,45.44,44.23,45.09,45.09,286595.0,,adjusted
2023-10-10,44.82,45.1,43.75,44.1,44.1,214996.0,,adjusted
2023-10-11,44.08,45.22,43.83,44.1,44.1,204184.0,,adjusted
2023-10-12,44.33,44.81,43.94,44.61,44.61,176042.0,,adjusted
2023-10-13,44.52,44.77,43.86,44.32,44.32,129960.0,,adjusted
2023-10-16,44.13,44.74,44.13,44.41,44.41,150202.0,,adjusted
2023-10-17,44.41,45.32,44.38,45.21,45.21,168302.0,,adjusted
2023-10-18,45.01,45.22,44.54,44.8,44.8,106371.0,,adjusted
2023-10-19,44.62,44.62,43.51,43.56,43.56,201961.0,,adjusted
2023-10-20,43.27,43.39,42.21,42.51,42.51,210898.0,,adjusted
2023-10-23,42.33,42.96,42.04,42.58,42.58,168644.0,,adjusted
2023-10-24,42.34,42.82,41.53,42.51,42.51,250198.0,,adjusted
2023-10-25,43.12,43.34,41.47,41.75,41.75,258565.0,,adjusted
2023-10-26,41.55,42.05,41.36,41.84,41.84,151655.0,,adjusted
2023-10-27,41.69,43.33,41.54,43.07,43.07,253188.0,,adjusted
2023-10-30,42.66,43.97,42.66,43.83,43.83,164885.0,,adjusted
2023-10-31,43.63,43.63,42.03,42.25,42.25,238072.0,,adjusted
2023-11-01,42.14,42.79,42.03,42.34,42.34,189338.0,,adjusted
2023-11-02,42.33,43.74,42.14,42.51,42.51,200855.0,,adjusted
2023-11-03,42.45,42.68,42.05,42.13,42.13,177406.0,,adjusted
2023-11-06,42.33,42.63,42.03,42.47,42.47,249182.0,,adjusted
2023-11-07,42.43,42.61,41.91,42.43,42.43,188982.0,,adjusted
2023-11-08,41.98,42.32,41.84,42.18,42.18,213857.0,,adjusted
2023-11-09,42.21,42.66,41.68,41.78,41.78,141469.0,,adjusted
2023-11-10,41.63,42.19,41.58,42.03,42.03,130271.0,,adjusted
2023-11-13,41.97,41.97,40.01,40.39,40.39,382916.0,,adjusted
2023-11-14,40.35,40.75,40.13,40.42,40.42,248028.0,,adjusted
2023-11-15,40.77,41.09,40.28,40.87,40.87,196363.0,,adjusted
2023-11-16,40.73,41.52,40.64,41.08,41.08,216055.0,,adjusted
2023-11-17,40.93,41.3,40.54,41.19,41.19,135134.0,,adjusted
2023-11-20,40.87,42.23,40.87,41.76,41.76,182191.0,,adjusted
2023-11-21,41.95,42.52,41.78,41.78,41.78,158459.0,,adjusted
2023-11-22,41.78,41.93,41.23,41.48,41.48,97869.0,,adjusted
2023-11-23,41.48,42.26,41.18,42.09,42.09,101034.0,,adjusted
2023-11-24,42.13,42.18,41.4,41.81,41.81,157245.0,,adjusted
2023-11-27,41.76,41.76,41.08,41.3,41.3,159225.0,,adjusted
2023-11-28,41.53,42.13,40.86,41.86,41.86,217876.0,,adjusted
2023-11-29,41.86,41.91,41.05,41.34,41.34,124265.0,,adjusted
2023-11-30,41.14,41.33,40.74,41.0,41.0,128619.0,,adjusted
2023-12-01,41.63,41.69,39.66,39.88,39.88,316050.0,,adjusted
2023-12-04,39.81,40.12,39.17,39.42,39.42,220587.0,,adjusted
2023-12-05,39.42,39.52,38.55,38.55,38.55,225103.0,,adjusted
2023-12-06,38.39,38.98,38.08,38.51,38.51,191141.0,,adjusted
2023-12-07,38.69,39.82,38.55,39.55,39.55,250219.0,,adjusted
2023-12-08,39.51,40.41,39.42,39.67,39.67,218113.0,,adjusted
2023-12-11,39.18,40.73,38.55,40.35,40.35,252015.0,,adjusted
2023-12-12,40.83,40.88,40.05,40.33,40.33,172048.0,,adjusted
2023-12-13,40.23,40.32,39.84,40.02,40.02,128587.0,,adjusted
2023-12-14,40.24,40.8,39.91,40.22,40.22,165634.0,,adjusted
2023-12-15,39.84,40.43,39.63,39.66,39.66,204702.0,,adjusted
2023-12-18,39.36,40.51,39.08,40.42,40.42,223075.0,,adjusted
2023-12-19,40.41,40.41,39.79,40.08,40.08,169545.0,,adjusted
2023-12-20,40.08,40.73,39.85,40.36,40.36,254170.0,,adjusted
2023-12-21,40.55,41.61,40.2,41.35,41.35,274212.0,,adjusted
2023-12-22,41.24,42.32,41.03,42.1,42.1,227281.0,,adjusted
2023-12-25,41.95,42.58,41.76,42.0,42.0,113150.0,,adjusted
2023-12-26,41.95,42.56,41.86,42.13,42.13,161523.0,,adjusted
2023-12-27,42.11,43.03,42.05,42.93,42.93,203069.0,,adjusted
2023-12-28,42.77,43.49,42.58,43.38,43.38,247280.0,,adjusted
2023-12-29,43.4,44.31,43.05,43.96,43.96,259373.0,,adjusted
2024-01-02,43.96,44.38,43.53,43.89,43.89,239057.0,,adjusted
2024-01-03,43.92,44.13,43.43,43.78,43.78,206897.0,,adjusted
2024-01-04,43.99,44.65,43.78,44.58,44.58,267025.0,,adjusted
2024-01-05,44.53,45.41,44.18,44.93,44.93,300429.0,,adjusted
2024-01-08,44.93,44.93,43.95,44.33,44.33,278097.0,,adjusted
2024-01-09,44.04,44.66,43.44,44.5,44.5,216070.0,,adjusted
2024-01-10,44.5,45.1,44.17,44.55,44.55,178208.0,,adjusted
2024-01-11,44.55,44.82,44.06,44.33,44.33,212369.0,,adjusted
2024-01-12,44.23,45.04,43.91,44.33,44.33,243611.0,,adjusted
2024-01-15,44.17,45.31,43.99,45.21,45.21,191241.0,,adjusted
2024-01-16,44.94,46.28,44.43,46.25,46.25,337304.0,,adjusted
2024-01-17,45.96,46.62,45.7,45.7,45.7,269141.0,,adjusted
2024-01-18,46.12,46.32,44.41,45.73,45.73,390231.0,,adjusted
2024-01-19,45.33,45.93,45.19,45.47,45.47,299370.0,,adjusted
2024-01-22,45.21,45.99,44.41,44.67,44.67,359803.0,,adjusted
2024-01-23,44.85,46.02,44.13,45.71,45.71,288485.0,,adjusted
2024-01-24,45.48,46.77,45.35,46.52,46.52,264637.0,,adjusted
2024-01-25,46.63,46.82,45.57,45.68,45.68,249636.0,,adjusted
2024-01-26,45.68,47.08,45.68,46.84,46.84,327457.0,,adjusted
2024-01-29,47.23,48.81,47.02,48.02,48.02,374987.0,,adjusted
2024-01-30,48.03,48.53,47.33,47.55,47.55,273733.0,,adjusted
2024-01-31,47.24,48.27,46.75,47.58,47.58,255442.0,,adjusted
2024-02-01,47.56,48.79,47.33,48.14,48.14,303402.0,,adjusted
2024-02-02,47.83,48.21,46.64,47.58,47.58,289505.0,,adjusted
2024-02-05,47.33,48.93,47.15,48.78,48.78,461603.0,,adjusted
2024-02-06,48.59,50.12,48.35,49.28,49.28,379464.0,,adjusted
2024-02-07,48.62,50.5,48.36,50.44,50.44,461959.0,,adjusted
2024-02-08,50.62,51.69,49.31,49.62,49.62,347232.0,,adjusted
2024-02-19,51.03,51.03,49.14,49.93,49.93,356959.0,,adjusted
2024-02-20,49.63,51.12,49.0,51.03,51.03,296309.0,,adjusted
2024-02-21,50.33,51.88,50.01,51.04,51.04,277972.0,,adjusted
2024-02-22,50.54,51.12,50.36,50.68,50.68,192591.0,,adjusted
2024-02-23,51.01,51.43,48.65,48.95,48.95,430936.0,,adjusted
2024-02-26,49.18,50.83,49.18,49.63,49.63,340977.0,,adjusted
2024-02-27,49.92,51.32,49.43,51.25,51.25,280148.0,,adjusted
2024-02-28,51.33,51.64,50.28,51.15,51.15,253674.0,,adjusted
2024-02-29,51.33,52.81,51.08,51.96,51.96,489210.0,,adjusted
2024-03-01,52.83,53.84,52.21,53.8,53.8,328449.0,,adjusted
2024-03-04,54.33,55.33,52.83,53.93,53.93,373844.0,,adjusted
2024-03-05,53.98,54.73,52.78,54.37,54.37,355253.0,,adjusted
2024-03-06,54.23,54.86,53.63,53.84,53.84,219230.0,,adjusted
2024-03-07,53.78,55.98,53.53,55.13,55.13,306340.0,,adjusted
2024-03-08,55.2,55.82,54.21,55.43,55.43,261254.0,,adjusted
2024-03-11,55.42,55.43,53.89,54.75,54.75,280270.0,,adjusted
2024-03-12,54.68,54.68,52.38,53.46,53.46,507399.0,,adjusted
2024-03-13,52.99,53.66,52.33,53.4,53.4,327232.0,,adjusted
2024-03-14,53.19,54.08,52.93,53.83,53.83,315317.0,,adjusted
2024-03-15,53.72,53.83,52.63,53.35,53.35,254639.0,,adjusted
2024-03-18,53.21,53.22,51.68,51.69,51.69,425011.0,,adjusted
2024-03-19,51.53,52.45,51.5,51.93,51.93,297946.0,,adjusted
2024-03-20,51.53,51.83,50.73,51.21,51.21,377909.0,,adjusted
2024-03-21,51.24,51.37,49.46,49.88,49.88,391892.0,,adjusted
2024-03-22,49.89,51.98,49.83,51.95,51.95,431568.0,,adjusted
2024-03-25,51.52,52.99,51.11,52.23,52.23,269033.0,,adjusted
2024-03-26,51.64,52.58,51.64,52.05,52.05,253537.0,,adjusted
2024-03-27,51.86,54.21,51.84,53.0,53.0,348428.0,,adjusted
2024-03-28,53.56,54.72,52.51,53.91,53.91,451854.0,,adjusted
2024-03-29,53.91,55.06,52.99,53.55,53.55,254689.0,,adjusted
2024-04-01,53.83,55.61,53.43,55.55,55.55,327712.0,,adjusted
2024-04-02,55.33,55.86,55.08,55.58,55.58,226536.0,,adjusted
2024-04-03,55.53,56.23,55.31,56.06,56.06,206265.0,,adjusted
2024-04-08,56.05,56.18,54.0,54.65,54.65,324345.0,,adjusted
2024-04-09,54.33,54.93,54.15,54.37,54.37,194783.0,,adjusted
2024-04-10,54.2,55.53,53.89,54.5,54.5,180820.0,,adjusted
2024-04-11,54.28,55.28,53.94,54.4,54.4,190048.0,,adjusted
2024-04-12,54.32,54.93,53.91,54.22,54.22,217344.0,,adjusted
2024-04-15,54.22,56.33,54.04,56.17,56.17,317837.0,,adjusted
2024-04-16,56.11,58.1,55.9,57.64,57.64,391914.0,,adjusted
2024-04-17,57.33,58.13,56.31,57.91,57.91,245496.0,,adjusted
2024-04-18,57.91,60.66,57.71,59.33,59.33,395421.0,,adjusted
2024-04-19,58.76,59.91,58.76,59.33,59.33,288123.0,,adjusted
2024-04-22,59.53,60.52,58.83,59.31,59.31,289438.0,,adjusted
2024-04-23,59.16,59.33,56.92,57.72,57.72,382179.0,,adjusted
2024-04-24,57.67,57.97,56.08,57.23,57.23,307830.0,,adjusted
2024-04-25,56.46,57.89,56.46,57.57,57.57,220333.0,,adjusted
2024-04-26,57.58,57.98,56.75,57.7,57.7,242257.0,,adjusted
2024-04-29,57.63,58.21,56.56,57.53,57.53,332264.0,,adjusted
2024-04-30,56.17,60.48,56.13,59.11,59.11,571318.0,,adjusted
2024-05-06,59.83,60.79,58.98,60.34,60.34,461799.0,,adjusted
2024-05-07,60.14,61.66,59.95,60.43,60.43,304315.0,,adjusted
2024-05-08,59.83,60.67,59.72,60.08,60.08,176620.0,,adjusted
2024-05-09,60.33,61.67,59.95,61.18,61.18,285718.0,,adjusted
2024-05-10,61.53,61.66,60.67,61.21,61.21,224879.0,,adjusted
2024-05-13,61.21,62.32,60.03,62.04,62.04,271674.0,,adjusted
2024-05-14,62.01,62.22,59.53,60.17,60.17,399236.0,,adjusted
2024-05-15,60.809,62.409,60.419,62.069,62.069,301895.0,,adjusted
2024-05-16,62.069,62.109,61.109,61.649,61.649,246004.0,,adjusted
2024-05-17,61.089,61.809,58.829,60.339,60.339,418483.0,,adjusted
2024-05-20,59.319,60.189,58.519,58.879,58.879,426430.0,,adjusted
2024-05-21,58.579,59.609,58.509,58.859,58.859,243588.0,,adjusted
2024-05-22,58.649,58.849,57.619,57.719,57.719,261052.0,,adjusted
2024-05-23,57.709,58.499,57.309,58.049,58.049,240961.0,,adjusted
2024-05-24,57.709,59.289,57.409,58.929,58.929,259270.0,,adjusted
2024-05-27,58.809,60.589,57.849,59.899,59.899,305462.0,,adjusted
2024-05-28,59.909,60.089,58.809,59.339,59.339,191737.0,,adjusted
2024-05-29,58.909,59.509,57.809,58.159,58.159,241321.0,,adjusted
2024-05-30,58.019,58.499,57.449,57.489,57.489,193586.0,,adjusted
2024-05-31,57.499,57.879,56.859,57.069,57.069,261294.0,,adjusted
2024-06-03,57.189,58.609,56.579,57.329,57.329,357556.0,,adjusted
2024-06-04,57.299,57.299,55.709,56.989,56.989,306212.0,,adjusted
2024-06-05,56.859,57.509,56.109,56.229,56.229,283319.0,,adjusted
2024-06-06,56.109,58.339,56.109,58.069,58.069,436037.0,,adjusted
2024-06-07,57.509,57.759,56.019,57.469,57.469,400646.0,,adjusted
2024-06-11,56.809,58.809,56.489,57.309,57.309,336897.0,,adjusted
2024-06-12,57.149,58.049,56.839,57.469,57.469,257072.0,,adjusted
2024-06-13,57.619,57.759,55.969,56.229,56.229,274850.0,,adjusted
2024-06-14,55.819,58.069,55.809,57.919,57.919,379244.0,,adjusted
2024-06-17,58.069,58.069,56.489,56.839,56.839,253358.0,,adjusted
2024-06-18,56.609,57.499,55.979,57.149,57.149,218675.0,,adjusted
2024-06-19,57.079,57.389,55.109,56.309,56.309,347000.0,,adjusted
2024-06-20,56.209,57.059,55.849,56.779,56.779,280858.0,,adjusted
2024-06-21,56.799,57.059,55.809,56.259,56.259,241537.0,,adjusted
2024-06-24,56.019,57.859,55.919,57.189,57.189,307991.0,,adjusted
2024-06-25,57.159,58.099,56.829,57.599,57.599,253092.0,,adjusted
2024-06-26,57.319,57.699,56.219,56.559,56.559,238314.0,,adjusted
2024-06-27,56.359,56.789,55.779,56.409,56.409,274095.0,,adjusted
2024-06-28,55.809,57.099,55.789,56.809,56.809,251956.0,,adjusted
2024-07-01,56.599,57.689,55.909,56.399,56.399,195283.0,,adjusted
2024-07-02,56.009,56.509,55.109,55.309,55.309,291813.0,,adjusted
2024-07-03,55.359,55.989,55.049,55.339,55.339,181208.0,,adjusted
2024-07-04,55.509,57.509,55.509,56.909,56.909,277531.0,,adjusted
2024-07-05,56.809,57.459,55.309,56.309,56.309,264796.0,,adjusted
2024-07-08,55.909,57.029,55.479,56.539,56.539,194436.0,,adjusted
2024-07-09,56.119,56.979,55.929,56.409,56.409,216645.0,,adjusted
2024-07-10,56.849,57.369,56.119,56.119,56.119,158469.0,,adjusted
2024-07-11,56.159,56.759,54.829,56.209,56.209,271827.0,,adjusted
2024-07-12,56.099,57.509,55.949,57.309,57.309,245741.0,,adjusted
2024-07-15,57.089,57.469,56.669,57.249,57.249,170459.0,,adjusted
2024-07-16,56.939,57.269,56.059,56.579,56.579,204068.0,,adjusted
2024-07-17,56.349,56.689,53.969,55.139,55.139,464628.0,,adjusted
2024-07-18,54.319,56.769,54.319,56.209,56.209,345325.0,,adjusted
2024-07-19,55.669,56.089,55.199,55.909,55.909,217970.0,,adjusted
2024-07-22,55.759,56.949,55.629,55.939,55.939,199303.0,,adjusted
2024-07-23,55.939,56.099,54.689,54.689,54.689,185378.0,,adjusted
2024-07-24,54.319,55.029,51.949,52.389,52.389,455473.0,,adjusted
2024-07-25,51.829,52.399,51.209,51.709,51.709,301092.0,,adjusted
2024-07-26,55.139,55.299,53.709,55.149,55.149,577402.0,,adjusted
2024-07-29,54.609,55.519,54.469,55.189,55.189,207128.0,,adjusted
2024-07-30,54.819,55.079,52.909,53.369,53.369,225758.0,,adjusted
2024-07-31,53.039,56.169,53.039,56.069,56.069,401747.0,,adjusted
2024-08-01,56.109,56.979,55.719,55.889,55.889,244068.0,,adjusted
2024-08-02,55.609,56.589,54.879,55.299,55.299,202615.0,,adjusted
2024-08-05,54.849,56.609,53.869,53.959,53.959,354768.0,,adjusted
2024-08-06,53.919,54.569,51.829,52.229,52.229,384932.0,,adjusted
2024-08-07,52.229,53.689,51.549,53.009,53.009,252986.0,,adjusted
2024-08-08,52.729,53.789,52.519,53.269,53.269,142319.0,,adjusted
2024-08-09,53.159,54.009,52.639,52.809,52.809,138024.0,,adjusted
2024-08-12,52.809,54.449,52.619,53.689,53.689,169492.0,,adjusted
2024-08-13,53.689,54.419,53.229,53.669,53.669,98351.0,,adjusted
2024-08-14,53.669,53.799,52.909,53.209,53.209,112278.0,,adjusted
2024-08-15,53.009,53.659,52.599,53.309,53.309,191633.0,,adjusted
2024-08-16,53.119,54.209,52.979,54.049,54.049,180670.0,,adjusted
2024-08-19,53.999,55.459,53.979,54.669,54.669,172753.0,,adjusted
2024-08-20,55.789,55.799,54.069,55.329,55.329,257810.0,,adjusted
2024-08-21,55.019,56.009,54.639,55.469,55.469,211871.0,,adjusted
2024-08-22,55.439,56.799,55.029,56.399,56.399,249787.0,,adjusted
2024-08-23,56.309,58.269,56.189,57.769,57.769,290471.0,,adjusted
2024-08-26,58.249,58.959,57.209,58.629,58.629,339582.0,,adjusted
2024-08-27,58.309,58.789,57.799,58.299,58.299,241138.0,,adjusted
2024-08-28,58.289,58.459,56.879,57.239,57.239,265430.0,,adjusted
2024-08-29,56.729,57.619,56.259,56.259,56.259,232856.0,,adjusted
2024-08-30,55.789,58.119,55.689,57.059,57.059,333863.0,,adjusted
2024-09-02,56.809,58.829,56.749,57.539,57.539,260759.0,,adjusted
2024-09-03,57.319,58.789,57.309,58.279,58.279,242379.0,,adjusted
2024-09-04,58.169,59.009,57.669,57.789,57.789,274996.0,,adjusted
2024-09-05,57.259,57.709,55.789,55.899,55.899,432123.0,,adjusted
2024-09-06,55.909,56.859,55.209,55.329,55.329,233202.0,,adjusted
2024-09-09,53.659,54.509,52.989,53.399,53.399,548406.0,,adjusted
2024-09-10,52.789,53.949,52.789,53.059,53.059,401110.0,,adjusted
2024-09-11,52.829,54.389,52.009,53.969,53.969,419218.0,,adjusted
2024-09-12,54.109,55.159,53.969,54.679,54.679,276169.0,,adjusted
2024-09-13,54.359,56.089,53.899,55.819,55.819,321490.0,,adjusted
2024-09-18,55.929,58.019,55.709,57.559,57.559,295026.0,,adjusted
2024-09-19,54.609,58.039,54.609,57.589,57.589,476115.0,,adjusted
2024-09-20,57.219,58.609,57.069,58.369,58.369,398013.0,,adjusted
2024-09-23,58.769,60.199,58.509,59.909,59.909,391621.0,,adjusted
2024-09-24,59.909,60.559,58.509,60.349,60.349,500902.0,,adjusted
2024-09-25,60.519,63.809,60.519,62.419,62.419,627661.0,,adjusted
2024-09-26,62.309,65.989,62.099,65.869,65.869,501342.0,,adjusted
2024-09-27,67.059,68.709,63.459,65.309,65.309,857448.0,,adjusted
2024-09-30,65.469,69.209,64.339,68.369,68.369,1251665.0,,adjusted
2024-10-08,75.979,75.979,71.039,72.499,72.499,1352393.0,,adjusted
2024-10-09,70.709,71.629,66.329,67.319,67.319,895501.0,,adjusted
2024-10-10,68.259,71.689,68.179,70.609,70.609,673034.0,,adjusted
2024-10-11,70.309,70.539,68.209,69.079,69.079,380602.0,,adjusted
2024-10-14,69.339,71.599,68.909,71.309,71.309,462828.0,,adjusted
2024-10-15,71.309,71.309,68.309,68.309,68.309,375833.0,,adjusted
2024-10-16,67.009,67.809,66.039,67.549,67.549,342829.0,,adjusted
2024-10-17,67.549,67.839,65.209,65.389,65.389,394376.0,,adjusted
2024-10-18,65.389,68.509,64.959,67.319,67.319,427851.0,,adjusted
2024-10-21,67.659,68.289,65.589,66.389,66.389,343229.0,,adjusted
2024-10-22,66.659,69.269,66.449,68.809,68.809,404060.0,,adjusted
2024-10-23,68.909,70.089,68.309,68.689,68.689,268313.0,,adjusted
2024-10-24,68.419,68.769,67.609,67.949,67.949,171087.0,,adjusted
2024-10-25,67.729,68.169,67.079,67.579,67.579,210573.0,,adjusted
2024-10-28,67.799,67.889,66.319,67.179,67.179,280591.0,,adjusted
2024-10-29,66.919,67.809,66.109,66.379,66.379,297272.0,,adjusted
2024-10-30,66.009,66.659,64.429,65.059,65.059,404137.0,,adjusted
2024-10-31,65.279,65.999,63.409,63.729,63.729,500469.0,,adjusted
2024-11-01,63.749,65.309,62.689,64.559,64.559,416515.0,,adjusted
2024-11-04,64.449,65.679,64.009,65.149,65.149,232316.0,,adjusted
2024-11-05,64.809,65.789,63.519,65.439,65.439,416967.0,,adjusted
2024-11-06,65.449,65.449,63.279,63.479,63.479,525931.0,,adjusted
2024-11-07,62.659,64.409,62.199,64.409,64.409,547746.0,,adjusted
2024-11-08,64.969,66.069,63.409,64.889,64.889,593374.0,,adjusted
2024-11-11,63.539,64.149,63.129,63.909,63.909,442079.0,,adjusted
2024-11-12,64.219,67.199,64.099,64.699,64.699,575477.0,,adjusted
2024-11-13,64.789,66.609,64.769,65.709,65.709,458417.0,,adjusted
2024-11-14,65.789,67.199,64.639,65.949,65.949,408435.0,,adjusted
2024-11-15,65.459,66.419,64.159,64.559,64.559,342825.0,,adjusted
2024-11-18,64.479,65.289,63.139,63.359,63.359,319386.0,,adjusted
2024-11-19,63.359,64.059,63.009,63.619,63.619,226652.0,,adjusted
2024-11-20,63.689,63.959,63.049,63.739,63.739,226371.0,,adjusted
2024-11-21,63.679,63.699,62.859,63.149,63.149,216528.0,,adjusted
2024-11-22,63.139,65.129,62.529,62.699,62.699,388458.0,,adjusted
2024-11-25,62.419,64.689,62.419,62.699,62.699,385868.0,,adjusted
2024-11-26,62.419,63.509,61.659,62.909,62.909,274188.0,,adjusted
2024-11-27,62.629,63.809,62.049,63.629,63.629,264825.0,,adjusted
2024-11-28,64.309,64.309,62.069,62.499,62.499,323290.0,,adjusted
2024-11-29,61.989,63.079,61.859,62.439,62.439,277501.0,,adjusted
2024-12-02,62.459,62.839,61.539,62.389,62.389,357906.0,,adjusted
2024-12-03,62.309,62.309,61.709,62.159,62.159,313174.0,,adjusted
2024-12-04,62.189,64.299,61.909,63.799,63.799,531955.0,,adjusted
2024-12-05,63.909,65.189,63.729,64.029,64.029,367645.0,,adjusted
2024-12-06,64.089,65.439,63.819,65.159,65.159,456778.0,,adjusted
2024-12-09,64.319,66.189,63.619,65.439,65.439,413219.0,,adjusted
2024-12-10,68.819,68.969,66.099,66.149,66.149,555133.0,,adjusted
2024-12-11,66.009,67.639,65.909,67.409,67.409,335434.0,,adjusted
2024-12-12,67.509,68.059,66.679,67.869,67.869,286398.0,,adjusted
2024-12-13,67.509,67.539,65.639,66.309,66.309,370633.0,,adjusted
2024-12-16,66.409,66.759,64.959,65.529,65.529,280471.0,,adjusted
2024-12-17,65.509,66.989,65.119,65.979,65.979,278873.0,,adjusted
2024-12-18,65.969,66.889,65.889,66.409,66.409,225785.0,,adjusted
2024-12-19,66.169,67.539,65.549,66.749,66.749,253553.0,,adjusted
2024-12-20,66.739,67.099,65.969,66.309,66.309,209397.0,,adjusted
2024-12-23,66.309,67.559,66.259,66.919,66.919,226029.0,,adjusted
2024-12-24,66.709,68.689,66.709,68.559,68.559,344141.0,,adjusted
2024-12-25,68.609,68.909,67.349,67.849,67.849,227339.0,,adjusted
2024-12-26,67.569,68.549,66.959,68.289,68.289,242143.0,,adjusted
2024-12-27,68.289,68.359,67.109,67.729,67.729,198421.0,,adjusted
2024-12-30,67.309,68.489,67.229,67.629,67.629,221827.0,,adjusted
2024-12-31,67.409,68.359,66.999,67.529,67.529,307660.0,,adjusted
2025-01-02,67.709,69.509,67.309,67.629,67.629,413671.0,,adjusted
2025-01-03,67.309,68.369,66.209,66.999,66.999,296422.0,,adjusted
2025-01-06,66.989,68.589,66.589,67.689,67.689,306810.0,,adjusted
2025-01-07,67.309,69.069,66.809,68.239,68.239,251785.0,,adjusted
2025-01-08,67.819,69.969,67.739,69.889,69.889,406930.0,,adjusted
2025-01-09,70.009,71.309,69.509,71.039,71.039,345987.0,,adjusted
2025-01-10,71.039,71.199,68.679,68.679,68.679,271096.0,,adjusted
2025-01-13,67.919,68.329,66.239,66.609,66.609,255846.0,,adjusted
2025-01-14,66.609,67.659,65.739,66.929,66.929,288584.0,,adjusted
2025-01-15,66.949,68.079,65.909,66.129,66.129,256635.0,,adjusted
2025-01-16,66.299,67.759,66.209,66.399,66.399,262330.0,,adjusted
2025-01-17,66.389,67.179,65.939,66.659,66.659,159288.0,,adjusted
2025-01-20,67.409,69.049,67.189,67.199,67.199,296993.0,,adjusted
2025-01-21,67.569,67.599,66.529,66.709,66.709,162863.0,,adjusted
2025-01-22,66.689,66.689,64.589,65.309,65.309,322180.0,,adjusted
2025-01-23,65.709,66.229,64.709,65.719,65.719,270087.0,,adjusted
2025-01-24,65.319,65.949,64.859,65.129,65.129,304861.0,,adjusted
2025-01-27,65.169,66.609,64.929,66.189,66.189,280115.0,,adjusted
2025-02-05,65.709,65.999,63.989,64.519,64.519,363511.0,,adjusted
2025-02-06,64.489,64.869,63.739,64.579,64.579,285675.0,,adjusted
2025-02-07,64.709,65.749,63.979,65.749,65.749,355350.0,,adjusted
2025-02-10,65.629,65.639,64.809,65.319,65.319,318650.0,,adjusted
2025-02-11,65.749,66.169,64.919,66.009,66.009,300440.0,,adjusted
2025-02-12,65.769,65.899,64.989,65.589,65.589,228073.0,,adjusted
2025-02-13,65.309,65.699,64.439,64.449,64.449,410664.0,,adjusted
2025-02-14,64.429,64.999,64.209,64.799,64.799,234351.0,,adjusted
2025-02-17,64.559,64.779,63.559,64.349,64.349,402358.0,,adjusted
2025-02-18,64.299,64.959,63.839,64.209,64.209,293465.0,,adjusted
2025-02-19,63.609,64.279,63.309,63.759,63.759,337150.0,,adjusted
2025-02-20,63.719,64.019,63.369,63.539,63.539,314202.0,,adjusted
2025-02-21,63.329,63.539,62.509,62.899,62.899,553390.0,,adjusted
2025-02-24,62.959,63.809,62.589,63.199,63.199,469377.0,,adjusted
2025-02-25,62.809,62.979,61.289,61.339,61.339,565999.0,,adjusted
2025-02-26,61.019,62.469,61.009,62.429,62.429,404124.0,,adjusted
2025-02-27,63.309,65.019,62.939,64.789,64.789,652482.0,,adjusted
2025-02-28,65.059,65.809,64.409,65.359,65.359,506479.0,,adjusted
2025-03-03,65.009,65.299,63.159,63.309,63.309,405918.0,,adjusted
2025-03-04,63.589,64.779,63.589,64.279,64.279,300420.0,,adjusted
2025-03-05,64.209,64.459,63.509,64.059,64.059,286186.0,,adjusted
2025-03-06,64.219,64.279,62.729,63.449,63.449,402399.0,,adjusted
2025-03-07,63.429,63.549,62.569,63.099,63.099,314827.0,,adjusted
2025-03-10,63.119,63.569,62.819,63.379,63.379,273440.0,,adjusted
2025-03-11,62.809,63.749,62.609,63.239,63.239,252825.0,,adjusted
2025-03-12,63.289,63.289,62.409,62.409,62.409,301301.0,,adjusted
2025-03-13,62.319,62.959,62.119,62.319,62.319,252622.0,,adjusted
2025-03-14,62.339,64.409,62.129,64.179,64.179,425450.0,,adjusted
2025-03-17,64.829,64.829,63.909,64.189,64.189,347333.0,,adjusted
2025-03-18,64.309,68.409,63.919,67.289,67.289,779314.0,,adjusted
2025-03-19,69.539,70.249,67.339,68.819,68.819,1066261.0,,adjusted
2025-03-20,68.709,69.159,67.409,67.479,67.479,585693.0,,adjusted
2025-03-21,67.079,68.739,67.079,67.589,67.589,384528.0,,adjusted
2025-03-24,67.189,68.809,67.129,68.369,68.369,387348.0,,adjusted
2025-03-25,69.119,69.809,68.679,69.169,69.169,324186.0,,adjusted
2025-03-26,68.779,69.709,68.179,69.099,69.099,237069.0,,adjusted
2025-03-27,69.099,69.809,68.629,68.809,68.809,257215.0,,adjusted
2025-03-28,68.519,69.489,67.989,69.179,69.179,249114.0,,adjusted
2025-03-31,69.209,72.809,69.209,70.809,70.809,689684.0,,adjusted
2025-04-01,70.409,71.089,67.509,67.699,67.699,551817.0,,adjusted
2025-04-02,67.659,69.099,67.499,68.269,68.269,268536.0,,adjusted
2025-04-03,66.909,67.139,65.459,65.669,65.669,565989.0,,adjusted
2025-04-07,60.529,61.779,58.329,59.489,59.489,880897.0,,adjusted
2025-04-08,60.309,62.809,60.099,62.539,62.539,744733.0,,adjusted
2025-04-09,61.499,62.809,60.729,61.979,61.979,578840.0,,adjusted
2025-04-10,62.909,63.899,62.439,63.399,63.399,450849.0,,adjusted
2025-04-11,62.829,63.049,61.939,62.799,62.799,295626.0,,adjusted
2025-04-14,63.029,63.209,62.019,62.229,62.229,348835.0,,adjusted
2025-04-15,62.409,64.139,61.999,63.789,63.789,343667.0,,adjusted
2025-04-16,63.499,63.789,62.679,63.309,63.309,266729.0,,adjusted
2025-04-17,63.049,63.479,62.649,63.259,63.259,195913.0,,adjusted
2025-04-18,63.259,63.639,62.779,63.229,63.229,154484.0,,adjusted
2025-04-21,63.089,63.919,62.809,63.699,63.699,177514.0,,adjusted
2025-04-22,63.609,64.539,63.519,64.029,64.029,226155.0,,adjusted
2025-04-23,64.409,64.729,64.109,64.159,64.159,225869.0,,adjusted
2025-04-24,64.709,65.499,64.269,65.259,65.259,231808.0,,adjusted
2025-04-25,65.259,65.309,64.689,65.059,65.059,170972.0,,adjusted
2025-04-28,65.699,65.889,65.109,65.539,65.539,239660.0,,adjusted
2025-04-29,65.569,66.679,65.169,66.509,66.509,234974.0,,adjusted
2025-04-30,67.309,67.429,65.759,65.929,65.929,478100.0,,adjusted
2025-05-06,66.539,66.689,65.409,66.359,66.359,346412.0,,adjusted
2025-05-07,67.079,67.489,66.309,66.669,66.669,300281.0,,adjusted
2025-05-08,66.659,67.949,66.189,67.309,67.309,277076.0,,adjusted
2025-05-09,67.299,68.339,67.019,68.109,68.109,245639.0,,adjusted
2025-05-12,68.409,69.049,68.209,68.889,68.889,272239.0,,adjusted
2025-05-13,69.309,69.509,68.749,69.419,69.419,255278.0,,adjusted
2025-05-14,69.209,69.859,68.439,69.399,69.399,292496.0,,adjusted
2025-05-15,68.969,69.379,68.629,68.809,68.809,204902.0,,adjusted
2025-05-16,68.519,69.149,67.879,68.909,68.909,238660.0,,adjusted
2025-05-19,68.749,70.029,68.599,69.889,69.889,263086.0,,adjusted
2025-05-20,69.839,71.409,69.789,70.979,70.979,277995.0,,adjusted
2025-05-21,70.809,71.749,70.779,71.109,71.109,205438.0,,adjusted
2025-05-22,71.039,71.869,70.619,71.669,71.669,234034.0,,adjusted
2025-05-23,71.669,72.789,71.029,71.199,71.199,299746.0,,adjusted
2025-05-26,71.029,71.499,69.919,70.579,70.579,241689.0,,adjusted
2025-05-27,70.509,71.199,70.329,70.789,70.789,206449.0,,adjusted
2025-05-28,71.289,72.409,71.009,71.629,71.629,240449.0,,adjusted
2025-05-29,71.379,71.799,70.669,71.289,71.289,251677.0,,adjusted
2025-05-30,71.049,71.819,70.609,71.369,71.369,215733.0,,adjusted
2025-06-03,71.359,71.359,67.979,68.219,68.219,561908.0,,adjusted
2025-06-04,68.089,68.889,67.809,67.869,67.869,367554.0,,adjusted
2025-06-05,67.749,68.209,67.359,67.559,67.559,235803.0,,adjusted
2025-06-06,67.679,68.139,67.409,68.009,68.009,275559.0,,adjusted
2025-06-09,67.559,67.889,66.379,67.709,67.709,466956.0,,adjusted
2025-06-10,67.939,68.809,67.359,67.359,67.359,321074.0,,adjusted
2025-06-11,67.509,68.109,67.139,67.799,67.799,263083.0,,adjusted
2025-06-12,68.298,68.468,67.318,67.988,67.988,347029.0,,adjusted
2025-06-13,67.388,67.948,66.788,67.268,67.268,300452.0,,adjusted
2025-06-16,67.388,67.588,66.638,67.048,67.048,250205.0,,adjusted
2025-06-17,67.588,68.868,67.588,67.848,67.848,326395.0,,adjusted
2025-06-18,67.978,68.428,67.808,67.888,67.888,175288.0,,adjusted
2025-06-19,67.988,68.198,66.918,67.118,67.118,211253.0,,adjusted
2025-06-20,67.138,68.168,67.048,68.168,68.168,229864.0,,adjusted
2025-06-23,67.788,68.118,67.248,67.508,67.508,210545.0,,adjusted
2025-06-24,67.888,69.128,67.788,68.588,68.588,270501.0,,adjusted
2025-06-25,68.588,69.118,68.088,68.968,68.968,243275.0,,adjusted
2025-06-26,68.788,69.378,68.538,68.888,68.888,226726.0,,adjusted
2025-06-27,68.848,68.978,68.008,68.068,68.068,223640.0,,adjusted
2025-06-30,68.038,68.368,67.768,67.988,67.988,193023.0,,adjusted
2025-07-01,68.068,68.138,67.588,67.898,67.898,186252.0,,adjusted
2025-07-02,67.898,68.888,67.598,68.288,68.288,266155.0,,adjusted
2025-07-03,68.578,68.738,68.128,68.678,68.678,179369.0,,adjusted
2025-07-04,68.668,69.628,68.388,69.268,69.268,211462.0,,adjusted
2025-07-07,68.988,69.238,68.118,68.338,68.338,215453.0,,adjusted
2025-07-08,68.338,68.488,67.858,68.008,68.008,256867.0,,adjusted
2025-07-09,67.858,68.138,67.588,67.588,67.588,272053.0,,adjusted
2025-07-10,67.628,67.758,67.118,67.468,67.468,231514.0,,adjusted
2025-07-11,67.528,68.588,67.478,68.268,68.268,320554.0,,adjusted
2025-07-14,68.258,68.998,67.768,68.888,68.888,233739.0,,adjusted
2025-07-15,68.898,69.288,68.598,68.998,68.998,249010.0,,adjusted
2025-07-16,69.258,69.878,68.588,68.678,68.678,206888.0,,adjusted
2025-07-17,68.538,69.218,68.388,68.418,68.418,247300.0,,adjusted
2025-07-18,68.658,69.068,68.308,68.618,68.618,219512.0,,adjusted
2025-07-21,68.398,68.748,68.188,68.338,68.338,308971.0,,adjusted
2025-07-22,68.368,69.008,68.048,68.978,68.978,357204.0,,adjusted
2025-07-23,68.988,69.638,68.968,69.288,69.288,369872.0,,adjusted
2025-07-24,69.488,69.738,68.878,69.298,69.298,290699.0,,adjusted
2025-07-25,69.188,69.188,68.338,68.548,68.548,244562.0,,adjusted
2025-07-28,68.608,68.708,67.588,67.728,67.728,377736.0,,adjusted
2025-07-29,67.728,67.858,66.808,67.028,67.028,398369.0,,adjusted
2025-07-30,67.278,68.528,66.988,67.898,67.898,411325.0,,adjusted
2025-07-31,67.788,67.808,65.668,65.978,65.978,694777.0,,adjusted
2025-08-01,65.988,66.758,65.888,66.578,66.578,286447.0,,adjusted
2025-08-04,66.338,66.788,65.988,66.728,66.728,197766.0,,adjusted
2025-08-05,66.898,67.298,66.468,67.168,67.168,191748.0,,adjusted
2025-08-06,67.168,67.568,66.778,67.488,67.488,221358.0,,adjusted
2025-08-07,67.298,67.718,66.998,67.268,67.268,203616.0,,adjusted
2025-08-08,67.188,67.618,67.078,67.368,67.368,201184.0,,adjusted
2025-08-11,67.088,67.608,66.978,67.548,67.548,179124.0,,adjusted
2025-08-12,67.538,68.228,67.388,67.718,67.718,240476.0,,adjusted
2025-08-13,67.768,68.078,67.388,67.608,67.608,253847.0,,adjusted
2025-08-14,67.588,68.838,67.508,68.118,68.118,455149.0,,adjusted
2025-08-15,68.118,68.188,67.598,68.088,68.088,274700.0,,adjusted
2025-08-18,68.098,68.348,67.398,67.628,67.628,542998.0,,adjusted
2025-08-19,68.988,69.418,67.988,68.468,68.468,537603.0,,adjusted
2025-08-20,67.998,68.108,67.298,68.008,68.008,403770.0,,adjusted
2025-08-21,67.878,68.288,67.448,67.708,67.708,338014.0,,adjusted
2025-08-22,67.758,67.978,67.438,67.878,67.878,391389.0,,adjusted
2025-08-25,67.908,69.638,67.908,69.308,69.308,700234.0,,adjusted
2025-08-26,69.308,70.068,69.098,69.588,69.588,462938.0,,adjusted
2025-08-27,69.678,70.338,68.478,68.498,68.498,488419.0,,adjusted
2025-08-28,68.498,69.758,68.298,69.288,69.288,432987.0,,adjusted
2025-08-29,69.288,70.628,69.178,69.498,69.498,567669.0,,adjusted
2025-09-01,70.788,71.628,69.308,69.818,69.818,776259.0,,adjusted
2025-09-02,69.998,72.188,69.778,71.948,71.948,805909.0,,adjusted
2025-09-03,72.338,72.928,70.738,71.408,71.408,504881.0,,adjusted
2025-09-04,71.768,71.788,70.208,71.378,71.378,443539.0,,adjusted
2025-09-05,71.598,72.478,71.228,72.008,72.008,464252.0,,adjusted
2025-09-08,72.458,73.868,72.288,72.818,72.818,550294.0,,adjusted
2025-09-09,72.808,73.388,72.138,72.968,72.968,383150.0,,adjusted
2025-09-10,72.788,73.058,72.188,72.808,72.808,271542.0,,adjusted
2025-09-11,72.688,73.058,71.688,72.808,72.808,459605.0,,adjusted
2025-09-12,72.738,73.478,71.198,71.358,71.358,591171.0,,adjusted
2025-09-15,70.988,71.738,70.288,70.958,70.958,480680.0,,adjusted
2025-09-16,70.918,70.988,69.838,70.248,70.248,456028.0,,adjusted
2025-09-17,70.198,71.218,69.958,70.138,70.138,577227.0,,adjusted
2025-09-18,70.388,71.138,68.978,69.528,69.528,600840.0,,adjusted
2025-09-19,69.198,70.378,68.998,70.138,70.138,388478.0,,adjusted
2025-09-22,70.598,70.688,68.688,69.048,69.048,479740.0,,adjusted
2025-09-23,69.038,69.438,68.508,69.318,69.318,421477.0,,adjusted
2025-09-24,69.298,70.138,68.738,69.888,69.888,306285.0,,adjusted
2025-09-25,69.088,69.538,68.338,68.628,68.628,478607.0,,adjusted
2025-09-26,68.828,70.488,68.678,69.988,69.988,476983.0,,adjusted
2025-09-29,70.218,70.338,68.838,69.518,69.518,465939.0,,adjusted
2025-09-30,69.488,69.498,68.338,68.448,68.448,506108.0,,adjusted
2025-10-09,68.138,68.758,67.168,68.418,68.418,615939.0,,adjusted
2025-10-10,68.238,69.518,67.888,68.618,68.618,433305.0,,adjusted
2025-10-13,67.168,67.898,66.808,67.598,67.598,481605.0,,adjusted
2025-10-14,67.788,68.938,67.478,68.388,68.388,519095.0,,adjusted
2025-10-15,68.588,69.278,68.388,68.708,68.708,376333.0,,adjusted
2025-10-16,68.988,69.478,68.308,68.968,68.968,346780.0,,adjusted
2025-10-17,68.488,69.378,68.428,68.588,68.588,276491.0,,adjusted
2025-10-20,68.878,69.188,68.178,68.658,68.658,297557.0,,adjusted
2025-10-21,68.688,69.048,68.368,68.698,68.698,283947.0,,adjusted
2025-10-22,68.588,69.778,68.398,69.668,69.668,393298.0,,adjusted
2025-10-23,69.588,70.738,69.468,70.678,70.678,347633.0,,adjusted
2025-10-24,70.678,70.788,70.248,70.398,70.398,244838.0,,adjusted
2025-10-27,70.528,71.138,70.158,70.668,70.668,340553.0,,adjusted
2025-10-28,70.398,70.708,69.918,70.198,70.198,233658.0,,adjusted
2025-10-29,70.038,70.208,69.288,70.188,70.188,273587.0,,adjusted
2025-10-30,70.288,71.888,70.288,71.088,71.088,499653.0,,adjusted
2025-10-31,70.988,72.618,70.888,72.188,72.188,509742.0,,adjusted
2025-11-03,72.178,72.738,70.968,71.178,71.178,281970.0,,adjusted
2025-11-04,70.908,71.578,70.688,70.948,70.948,302606.0,,adjusted
2025-11-05,70.788,72.178,70.088,71.728,71.728,266151.0,,adjusted
2025-11-06,71.728,73.218,71.728,72.818,72.818,355111.0,,adjusted
2025-11-07,73.058,73.058,71.898,71.988,71.988,264420.0,,adjusted
2025-11-10,72.048,73.338,71.738,73.118,73.118,391008.0,,adjusted
2025-11-11,73.118,73.178,72.468,73.018,73.018,227708.0,,adjusted
2025-11-12,73.018,76.338,73.018,75.278,75.278,737847.0,,adjusted
2025-11-13,74.988,75.788,74.478,75.388,75.388,333370.0,,adjusted
2025-11-14,75.288,76.208,74.838,75.018,75.018,273127.0,,adjusted
2025-11-17,75.018,75.178,73.698,74.208,74.208,261095.0,,adjusted
2025-11-18,74.568,74.938,73.278,73.678,73.678,235904.0,,adjusted
2025-11-19,73.658,74.368,73.298,73.678,73.678,214415.0,,adjusted
2025-11-20,73.778,75.158,73.308,74.218,74.218,261929.0,,adjusted
2025-11-21,73.378,75.568,73.378,75.028,75.028,439495.0,,adjusted
2025-11-24,74.878,75.758,74.528,74.838,74.838,367739.0,,adjusted
2025-11-25,75.268,75.278,73.888,74.978,74.978,291012.0,,adjusted
2025-11-26,74.968,76.278,74.688,76.078,76.078,320728.0,,adjusted
2025-11-27,75.878,77.008,75.228,76.078,76.078,316461.0,,adjusted
2025-11-28,76.078,76.348,75.608,76.138,76.138,181267.0,,adjusted
2025-12-01,76.078,76.478,75.448,76.278,76.278,303520.0,,adjusted
2025-12-02,76.378,77.938,76.288,77.838,77.838,378049.0,,adjusted
2025-12-03,77.828,79.158,77.538,78.448,78.448,368660.0,,adjusted
2025-12-04,78.408,79.448,78.048,78.168,78.168,289180.0,,adjusted
2025-12-05,78.168,78.868,77.978,78.508,78.508,246165.0,,adjusted
2025-12-08,79.278,79.378,77.318,78.088,78.088,273365.0,,adjusted
2025-12-09,77.778,77.838,76.218,76.478,76.478,356479.0,,adjusted
2025-12-10,76.258,76.898,75.978,76.348,76.348,245720.0,,adjusted
2025-12-11,76.398,76.838,75.458,75.578,75.578,272945.0,,adjusted
2025-12-12,75.628,76.258,75.478,75.598,75.598,328959.0,,adjusted
2025-12-15,75.968,77.378,75.728,76.688,76.688,365547.0,,adjusted
2025-12-16,76.528,77.128,76.118,76.238,76.238,214231.0,,adjusted
2025-12-17,75.988,77.198,75.658,76.748,76.748,230282.0,,adjusted
2025-12-18,76.548,76.888,75.788,76.108,76.108,214098.0,,adjusted
2025-12-19,76.128,76.178,75.078,75.728,75.728,278018.0,,adjusted
2025-12-22,75.578,76.068,75.178,75.438,75.438,245037.0,,adjusted
2025-12-23,75.658,76.588,75.298,75.928,75.928,254680.0,,adjusted
2025-12-24,75.708,76.218,75.038,75.078,75.078,217047.0,,adjusted
2025-12-25,74.798,75.158,74.458,74.868,74.868,226758.0,,adjusted
2025-12-26,74.868,75.348,74.828,75.148,75.148,214107.0,,adjusted
2025-12-29,75.068,75.998,74.528,74.688,74.688,256974.0,,adjusted
2025-12-30,74.438,75.658,74.398,75.128,75.128,213622.0,,adjusted
2025-12-31,75.148,76.558,74.128,74.428,74.428,287758.0,,adjusted
2016-01-04,32.82,33.18,29.54,30.12,,200338.0,,raw
2016-01-05,29.72,31.48,29.53,31.33,,312165.0,,raw
2016-01-06,31.28,31.95,30.92,31.59,,201976.0,,raw
2016-01-07,30.9,30.98,28.88,29.04,,63754.0,,raw
2016-01-08,30.21,30.59,28.73,29.81,,374581.0,,raw
2016-01-11,29.0,29.54,28.19,28.4,,282311.0,,raw
2016-01-12,28.62,29.17,28.18,28.81,,214249.0,,raw
2016-01-13,29.06,29.93,28.55,28.99,,190050.0,,raw
2016-01-14,28.02,29.78,28.01,29.6,,265660.0,,raw
2016-01-15,29.6,29.82,28.1,28.39,,240679.0,,raw
2016-01-18,27.74,28.55,27.4,27.8,,214986.0,,raw
2016-01-19,27.82,29.28,27.66,28.82,,218061.0,,raw
2016-01-20,28.7,29.0,27.65,28.03,,230145.0,,raw
2016-01-21,27.63,28.23,27.02,27.03,,211966.0,,raw
2016-01-22,27.39,27.44,26.5,27.08,,169372.0,,raw
2016-01-25,27.22,27.49,27.07,27.2,,93538.0,,raw
2016-01-26,27.04,27.23,25.77,25.85,,197294.0,,raw
2016-01-27,26.0,26.43,25.15,26.23,,184252.0,,raw
2016-01-28,26.03,26.97,25.88,26.51,,132620.0,,raw
2016-01-29,26.35,27.5,26.2,27.31,,121923.0,,raw
2016-02-01,27.32,27.56,27.11,27.35,,84269.0,,raw
2016-02-02,27.35,27.98,27.3,27.61,,105678.0,,raw
2016-02-03,27.48,27.58,26.81,27.17,,130410.0,,raw
2016-02-04,27.22,27.67,27.11,27.29,,92088.0,,raw
2016-02-05,27.4,27.68,27.27,27.42,,100290.0,,raw
2016-02-15,26.95,27.28,26.72,26.96,,117440.0,,raw
2016-02-16,27.33,27.8,27.1,27.74,,133921.0,,raw
2016-02-17,27.66,28.22,27.61,27.95,,116423.0,,raw
2016-02-18,28.13,28.29,27.78,27.86,,69581.0,,raw
2016-02-19,27.81,27.93,27.5,27.6,,66150.0,,raw
2016-02-22,27.99,28.15,27.52,28.04,,112334.0,,raw
2016-02-23,28.07,28.1,27.72,27.87,,97402.0,,raw
2016-02-24,27.8,27.96,27.32,27.84,,82086.0,,raw
2016-02-25,27.72,27.83,26.0,26.47,,162506.0,,raw
2016-02-26,26.59,26.91,26.46,26.84,,95053.0,,raw
2016-02-29,26.78,26.79,25.72,26.07,,131878.0,,raw
2016-03-01,26.15,26.97,26.09,26.96,,110086.0,,raw
2016-03-02,27.19,29.18,26.97,29.18,,355746.0,,raw
2016-03-03,29.15,29.3,28.5,28.6,,148251.0,,raw
2016-03-04,28.78,29.75,28.55,29.12,,262456.0,,raw
2016-03-07,29.2,29.92,28.85,29.23,,116650.0,,raw
2016-03-08,29.25,29.3,28.28,28.85,,92473.0,,raw
2016-03-09,28.55,29.35,28.32,28.78,,94290.0,,raw
2016-03-10,28.75,29.66,28.69,29.03,,105509.0,,raw
2016-03-11,28.84,29.38,28.71,29.0,,62353.0,,raw
2016-03-14,29.34,30.15,29.33,29.55,,161849.0,,raw
2016-03-15,29.78,29.8,29.0,29.64,,116240.0,,raw
2016-03-16,29.61,29.61,29.1,29.26,,74246.0,,raw
2016-03-17,29.51,29.99,29.43,29.85,,104874.0,,raw
2016-03-18,30.1,30.46,29.71,30.04,,245725.0,,raw
2016-03-21,30.15,30.59,30.02,30.38,,198355.0,,raw
2016-03-22,30.45,30.95,30.29,30.54,,135105.0,,raw
2016-03-23,30.29,30.6,29.98,30.28,,96578.0,,raw
2016-03-24,30.03,31.25,29.78,30.87,,219182.0,,raw
2016-03-25,30.6,31.66,30.56,31.4,,168538.0,,raw
2016-03-28,32.01,32.27,30.5,30.6,,256840.0,,raw
2016-03-29,30.75,30.78,29.8,29.99,,161499.0,,raw
2016-03-30,30.16,30.55,29.98,30.53,,193760.0,,raw
2016-03-31,30.68,31.39,30.68,30.85,,203540.0,,raw
2016-04-01,31.0,31.0,30.2,30.59,,102610.0,,raw
2016-04-05,30.26,30.94,30.26,30.79,,146471.0,,raw
2016-04-06,30.7,30.97,30.56,30.75,,113214.0,,raw
2016-04-07,30.81,30.93,30.05,30.1,,141250.0,,raw
2016-04-08,30.0,30.33,29.84,30.02,,84351.0,,raw
2016-04-11,30.23,30.55,30.2,30.4,,150076.0,,raw
2016-04-12,30.4,30.54,30.2,30.46,,82910.0,,raw
2016-04-13,30.6,31.08,30.52,30.68,,185906.0,,raw
2016-04-14,30.79,31.07,30.7,30.92,,117934.0,,raw
2016-04-15,30.95,31.1,30.8,30.96,,87028.0,,raw
2016-04-18,30.96,30.96,30.45,30.62,,90970.0,,raw
2016-04-19,30.71,30.85,30.4,30.78,,78850.0,,raw
2016-04-20,30.78,30.78,29.51,29.88,,202417.0,,raw
2016-04-21,29.8,30.08,29.65,29.74,,81153.0,,raw
2016-04-22,29.6,30.93,29.56,30.8,,149254.0,,raw
2016-04-25,30.8,31.55,30.7,31.2,,210883.0,,raw
2016-04-26,31.23,31.69,31.1,31.38,,105234.0,,raw
2016-04-27,31.28,31.47,30.92,30.98,,109632.0,,raw
2016-04-28,31.12,31.53,30.54,30.78,,138985.0,,raw
2016-04-29,31.02,32.26,31.02,32.1,,254040.0,,raw
2016-05-03,32.21,34.08,32.2,33.84,,296269.0,,raw
2016-05-04,33.3,33.79,32.8,32.96,,276830.0,,raw
2016-05-05,33.07,33.24,32.85,32.99,,195476.0,,raw
2016-05-06,20.97,21.14,20.35,20.35,,387857.0,,raw
2016-05-09,20.08,20.7,19.99,20.35,,322845.0,,raw
2016-05-10,20.4,21.59,20.15,21.08,,481487.0,,raw
2016-05-11,21.16,22.21,21.09,21.96,,589117.0,,raw
2016-05-12,21.6,22.55,21.3,21.9,,407027.0,,raw
2016-05-13,21.81,22.23,21.42,21.51,,214554.0,,raw
2016-05-16,21.51,22.0,21.51,21.8,,178849.0,,raw
2016-05-17,21.65,21.8,21.3,21.35,,188288.0,,raw
2016-06-01,23.1,23.45,22.44,22.86,,791824.0,,raw
2016-06-02,22.71,22.88,22.36,22.56,,387352.0,,raw
2016-06-03,22.56,23.23,22.45,23.08,,367146.0,,raw
2016-06-06,23.1,24.03,23.0,23.73,,447679.0,,raw
2016-06-07,23.73,23.83,23.0,23.13,,376155.0,,raw
2016-06-08,23.0,23.0,22.5,22.68,,273857.0,,raw
2016-06-13,22.41,22.83,22.25,22.3,,275858.0,,raw
2016-06-14,22.3,22.69,22.11,22.58,,204764.0,,raw
2016-06-15,22.16,23.06,22.13,22.78,,282360.0,,raw
2016-06-16,22.64,22.71,22.18,22.36,,175804.0,,raw
2016-06-17,22.77,22.9,22.22,22.43,,275958.0,,raw
2016-06-20,22.26,23.03,22.21,22.96,,360628.0,,raw
2016-06-21,22.99,23.15,22.63,22.72,,232914.0,,raw
2016-06-22,22.61,23.03,22.54,22.96,,180797.0,,raw
2016-06-23,22.95,23.03,22.6,22.7,,179282.0,,raw
2016-06-24,22.74,23.23,22.5,22.83,,390874.0,,raw
2016-06-27,22.66,23.87,22.66,23.64,,414636.0,,raw
2016-06-28,23.52,23.52,22.97,23.35,,507580.0,,raw
2016-06-29,23.28,23.47,23.09,23.37,,318571.0,,raw
2016-06-30,23.44,23.78,23.23,23.72,,519895.0,,raw
2016-07-01,23.79,24.63,23.79,24.08,,474164.0,,raw
2016-07-04,24.01,25.08,23.93,24.45,,650460.0,,raw
2016-07-05,24.55,24.59,24.02,24.1,,426639.0,,raw
2016-07-06,24.05,24.46,23.86,24.38,,405932.0,,raw
2016-07-07,24.45,24.96,24.33,24.44,,595459.0,,raw
2016-07-08,24.62,24.75,24.05,24.15,,373771.0,,raw
2016-07-11,24.35,25.22,24.16,24.96,,665050.0,,raw
2016-07-12,25.05,27.46,24.98,27.46,,1153310.0,,raw
2016-07-13,27.87,28.69,27.05,27.35,,894217.0,,raw
2016-07-14,27.16,27.65,26.77,27.04,,456231.0,,raw
2016-07-15,27.06,29.57,27.06,28.65,,869925.0,,raw
2016-07-18,28.39,29.29,28.01,28.46,,552138.0,,raw
2016-07-19,28.32,28.55,27.11,27.45,,600783.0,,raw
2016-07-20,27.49,27.78,27.01,27.3,,318448.0,,raw
2016-07-21,27.58,29.29,27.5,28.07,,642806.0,,raw
2016-07-22,28.1,28.3,27.0,27.28,,524755.0,,raw
2016-07-25,27.01,27.43,26.62,26.66,,479540.0,,raw
2016-07-26,26.69,27.63,26.4,27.54,,631496.0,,raw
2016-07-27,27.6,27.7,26.36,26.96,,612241.0,,raw
2016-07-28,26.96,28.38,26.8,27.78,,806192.0,,raw
2016-07-29,27.78,28.8,27.52,28.2,,720825.0,,raw
2016-08-01,28.04,28.58,27.51,27.76,,477978.0,,raw
2016-08-02,27.68,27.74,26.97,27.6,,436860.0,,raw
2016-08-03,27.42,28.08,27.27,28.01,,377674.0,,raw
2016-08-04,27.85,28.12,27.53,27.69,,352555.0,,raw
2016-08-05,27.65,28.46,27.56,27.97,,448374.0,,raw
2016-08-08,27.96,27.96,27.18,27.69,,344702.0,,raw
2016-08-09,27.89,28.05,27.33,27.83,,335700.0,,raw
2016-08-10,27.68,27.99,27.09,27.23,,435637.0,,raw
2016-08-11,27.26,27.59,27.16,27.24,,295709.0,,raw
2016-08-12,27.24,27.35,26.4,27.04,,493732.0,,raw
2016-08-15,27.05,28.03,26.65,27.92,,677757.0,,raw
2016-08-16,28.01,29.15,28.01,28.35,,694746.0,,raw
2016-08-17,28.6,29.1,28.27,28.43,,453911.0,,raw
2016-08-18,28.36,28.49,27.84,28.07,,353506.0,,raw
2016-08-19,27.94,28.28,27.68,27.86,,277037.0,,raw
2016-08-22,27.86,27.86,27.32,27.42,,258248.0,,raw
2016-08-23,27.5,28.08,27.4,27.63,,276439.0,,raw
2016-08-24,27.7,27.79,27.21,27.3,,228113.0,,raw
2016-08-25,27.25,27.73,27.0,27.5,,229068.0,,raw
2016-08-26,27.49,27.73,27.13,27.22,,200645.0,,raw
2016-08-29,27.18,27.33,26.88,27.05,,215662.0,,raw
2016-08-30,27.05,27.2,26.71,26.87,,244974.0,,raw
2016-08-31,27.05,27.68,27.03,27.4,,367847.0,,raw
2016-09-01,27.33,27.62,27.15,27.47,,252856.0,,raw
2016-09-02,27.78,28.07,26.91,27.12,,373967.0,,raw
2016-09-05,27.13,27.54,26.9,27.43,,287571.0,,raw
2016-09-06,27.3,27.44,26.9,27.31,,305467.0,,raw
2016-09-07,27.29,27.38,27.11,27.23,,192843.0,,raw
2016-09-08,27.23,27.45,27.09,27.21,,201339.0,,raw
2016-09-09,27.27,27.27,26.98,27.02,,181907.0,,raw
2016-09-12,26.74,26.74,26.11,26.29,,359501.0,,raw
2016-09-13,26.46,26.55,26.27,26.34,,164572.0,,raw
2016-09-14,26.21,26.21,25.18,25.4,,397986.0,,raw
2016-09-19,25.4,26.25,25.39,26.0,,265568.0,,raw
2016-09-20,26.08,26.08,25.74,25.91,,99718.0,,raw
2016-09-21,26.01,26.05,25.88,25.97,,92940.0,,raw
2016-09-22,26.1,26.33,25.93,26.15,,220104.0,,raw
2016-09-23,26.21,26.36,26.12,26.26,,132880.0,,raw
2016-09-26,26.25,26.31,26.0,26.02,,115006.0,,raw
2016-09-27,25.86,26.2,25.76,26.16,,107496.0,,raw
2016-09-28,26.24,26.4,26.12,26.19,,112236.0,,raw
2016-09-29,26.29,26.55,26.2,26.5,,122803.0,,raw
2016-09-30,26.59,27.17,26.51,27.01,,204659.0,,raw
2016-10-10,27.18,27.2,26.52,26.95,,259211.0,,raw
2016-10-11,26.9,27.14,26.68,27.0,,220047.0,,raw
2016-10-12,26.98,26.98,26.76,26.81,,121255.0,,raw
2016-10-13,26.87,26.87,26.29,26.3,,225689.0,,raw
2016-10-14,26.32,26.52,26.25,26.37,,173007.0,,raw
2016-10-17,26.48,26.53,26.21,26.27,,140332.0,,raw
2016-10-18,26.1,26.36,26.05,26.35,,227031.0,,raw
2016-10-19,26.36,26.39,26.08,26.14,,153998.0,,raw
2016-10-20,26.14,26.34,25.99,26.25,,155703.0,,raw
2016-10-21,26.18,26.53,26.16,26.38,,230973.0,,raw
2016-10-24,26.53,26.75,26.39,26.66,,346969.0,,raw
2016-10-25,26.66,26.88,26.53,26.8,,290633.0,,raw
2016-10-26,26.8,26.85,26.59,26.67,,183886.0,,raw
2016-10-27,26.66,26.7,26.4,26.68,,124493.0,,raw
2016-10-28,26.64,26.83,26.49,26.76,,207451.0,,raw
2016-10-31,26.86,27.19,26.67,27.15,,419472.0,,raw
2016-11-01,27.2,27.91,27.17,27.77,,408922.0,,raw
2016-11-02,27.71,27.71,27.3,27.48,,234452.0,,raw
2016-11-03,27.3,27.69,27.3,27.4,,157323.0,,raw
2016-11-04,27.3,27.56,26.98,26.99,,201281.0,,raw
2016-11-07,27.02,27.1,26.76,26.95,,142855.0,,raw
2016-11-08,27.03,27.6,27.03,27.4,,185223.0,,raw
2016-11-09,27.49,27.49,26.9,27.18,,210966.0,,raw
2016-11-10,27.3,27.74,27.3,27.57,,227229.0,,raw
2016-11-11,27.55,27.7,27.29,27.43,,191007.0,,raw
2016-11-14,27.56,27.63,26.98,27.1,,328293.0,,raw
2016-11-15,27.05,27.09,26.87,27.0,,237553.0,,raw
2016-11-16,27.0,27.07,26.86,26.94,,113253.0,,raw
2016-11-17,27.0,27.18,26.85,27.0,,168117.0,,raw
2016-11-18,27.02,27.22,26.93,27.13,,149113.0,,raw
2016-11-21,27.13,27.78,27.13,27.58,,352425.0,,raw
2016-11-22,27.61,27.78,27.4,27.44,,170657.0,,raw
2016-11-23,27.47,28.2,27.47,28.05,,456712.0,,raw
2016-11-24,27.8,29.5,27.69,28.98,,775068.0,,raw
2016-11-25,28.89,29.3,28.2,29.0,,358655.0,,raw
2016-11-28,29.35,30.49,28.8,30.12,,801687.0,,raw
2016-11-29,30.0,32.25,29.87,31.47,,1208730.0,,raw
2016-11-30,31.09,31.31,30.14,30.28,,607675.0,,raw
2016-12-01,31.3,32.2,30.4,30.85,,907665.0,,raw
2016-12-02,31.0,31.0,29.54,29.87,,507942.0,,raw
2016-12-05,28.39,29.28,28.3,28.62,,581945.0,,raw
2016-12-06,28.82,29.42,28.79,28.87,,325693.0,,raw
2016-12-07,28.89,29.22,28.72,28.89,,237469.0,,raw
2016-12-08,29.04,29.35,28.9,29.11,,262053.0,,raw
2016-12-09,29.22,30.56,29.13,30.18,,614173.0,,raw
2016-12-12,29.95,30.0,29.18,29.29,,349947.0,,raw
2016-12-13,29.06,29.5,28.38,28.8,,390182.0,,raw
2016-12-14,28.85,29.12,28.4,28.4,,207566.0,,raw
2016-12-15,28.28,28.3,27.5,27.83,,293462.0,,raw
2016-12-16,27.9,29.2,27.9,29.2,,384135.0,,raw
2016-12-19,29.0,29.3,28.66,28.85,,211105.0,,raw
2016-12-20,28.84,29.03,28.02,28.23,,217448.0,,raw
2016-12-21,28.33,28.75,28.21,28.38,,191343.0,,raw
2016-12-22,28.34,28.6,28.06,28.38,,147588.0,,raw
2016-12-23,28.36,28.58,28.06,28.13,,135296.0,,raw
2016-12-26,28.1,28.35,27.91,28.31,,161290.0,,raw
2016-12-27,28.31,28.62,28.2,28.3,,234589.0,,raw
2016-12-28,28.3,28.37,27.9,28.07,,176919.0,,raw
2016-12-29,28.0,28.14,27.97,28.02,,176653.0,,raw
2016-12-30,28.05,28.32,27.9,28.17,,172635.0,,raw
2017-01-03,28.65,29.5,28.62,29.12,,441082.0,,raw
2017-01-04,29.13,29.98,29.13,29.83,,358068.0,,raw
2017-01-05,29.82,29.93,29.51,29.69,,191762.0,,raw
2017-01-06,29.69,29.69,29.2,29.39,,197941.0,,raw
2017-01-09,29.48,29.5,28.91,29.25,,177479.0,,raw
2017-01-10,29.0,29.41,29.0,29.18,,166125.0,,raw
2017-01-11,29.07,29.24,28.48,28.6,,240370.0,,raw
2017-01-12,28.6,28.85,28.18,28.2,,253681.0,,raw
2017-01-13,28.24,28.5,28.19,28.22,,194861.0,,raw
2017-01-16,28.22,28.62,27.79,28.25,,291540.0,,raw
2017-01-17,28.2,28.95,28.15,28.91,,234610.0,,raw
2017-01-18,28.76,29.52,28.76,29.14,,339836.0,,raw
2017-01-19,29.0,29.15,28.58,28.77,,370984.0,,raw
2017-01-20,28.74,29.35,28.72,29.22,,326308.0,,raw
2017-01-23,29.36,29.48,28.9,28.96,,251068.0,,raw
2017-01-24,28.97,29.3,28.8,29.1,,268087.0,,raw
2017-01-25,29.03,29.59,28.96,29.4,,284517.0,,raw
2017-01-26,29.45,30.14,29.45,29.9,,341915.0,,raw
2017-02-03,29.7,30.05,29.4,29.9,,238409.0,,raw
2017-02-06,29.9,30.46,29.86,29.99,,297192.0,,raw
2017-02-07,30.0,30.17,29.54,29.65,,324003.0,,raw
2017-02-08,29.65,30.07,29.58,29.88,,256215.0,,raw
2017-02-09,29.94,30.12,29.87,30.02,,251016.0,,raw
2017-02-10,30.1,30.48,29.99,30.12,,269918.0,,raw
2017-02-13,30.05,30.94,30.05,30.91,,446508.0,,raw
2017-02-14,31.0,31.29,30.6,30.69,,265237.0,,raw
2017-02-15,30.83,31.45,30.7,31.06,,304270.0,,raw
2017-02-16,31.0,32.1,30.93,32.03,,413274.0,,raw
2017-02-17,32.1,32.62,31.8,32.25,,393042.0,,raw
2017-02-20,32.27,33.47,32.18,32.58,,675154.0,,raw
2017-02-21,32.71,32.87,32.1,32.45,,386157.0,,raw
2017-02-22,32.37,33.32,32.31,33.05,,331876.0,,raw
2017-02-23,33.06,33.28,32.6,33.1,,311372.0,,raw
2017-02-24,32.98,33.02,32.18,32.37,,338842.0,,raw
2017-02-27,32.38,32.39,31.58,31.61,,334446.0,,raw
2017-02-28,31.65,32.08,31.56,31.86,,210888.0,,raw
2017-03-01,31.8,32.05,31.79,32.03,,193011.0,,raw
2017-03-02,32.03,32.16,31.38,31.49,,216262.0,,raw
2017-03-03,31.49,31.73,31.13,31.72,,299816.0,,raw
2017-03-06,31.52,33.1,31.52,32.89,,432596.0,,raw
2017-03-07,32.9,33.17,32.55,33.01,,274661.0,,raw
2017-03-08,33.18,33.58,32.8,33.28,,364857.0,,raw
2017-03-09,33.3,33.68,32.88,32.92,,237995.0,,raw
2017-03-10,32.88,34.3,32.77,34.22,,480775.0,,raw
2017-03-13,34.28,34.79,33.74,33.9,,450040.0,,raw
2017-03-14,33.94,34.16,33.38,34.02,,341910.0,,raw
2017-03-15,33.88,34.53,33.8,34.42,,320867.0,,raw
2017-03-16,34.51,34.76,33.82,33.98,,433330.0,,raw
2017-03-17,33.83,34.05,33.33,33.41,,379228.0,,raw
2017-03-20,33.46,33.77,33.0,33.48,,339558.0,,raw
2017-03-21,33.4,34.31,33.36,34.31,,414194.0,,raw
2017-03-22,34.12,34.42,33.98,34.36,,342987.0,,raw
2017-03-23,34.37,34.9,34.08,34.75,,374188.0,,raw
2017-03-24,34.76,35.66,34.61,34.92,,432081.0,,raw
2017-03-27,34.92,35.35,34.0,34.15,,349698.0,,raw
2017-03-28,34.1,34.3,33.67,33.95,,351727.0,,raw
2017-03-29,33.95,34.09,33.29,33.8,,406093.0,,raw
2017-03-30,33.75,33.86,32.81,33.13,,445398.0,,raw
2017-03-31,33.13,33.59,32.83,33.3,,397964.0,,raw
2017-04-05,33.23,33.52,32.8,33.19,,570474.0,,raw
2017-04-06,33.26,33.89,33.0,33.89,,440075.0,,raw
2017-04-07,33.84,34.12,33.56,33.65,,360436.0,,raw
2017-04-10,33.66,33.76,32.9,32.9,,400776.0,,raw
2017-04-11,32.83,33.06,31.85,32.4,,559917.0,,raw
2017-04-12,32.29,32.75,32.05,32.4,,256065.0,,raw
2017-04-13,32.35,33.12,32.33,32.96,,248855.0,,raw
2017-04-14,32.96,33.1,32.4,32.64,,169401.0,,raw
2017-04-17,32.62,33.35,32.49,33.18,,380241.0,,raw
2017-04-18,33.18,34.22,33.16,34.08,,492274.0,,raw
2017-04-19,33.93,34.25,33.65,34.23,,387219.0,,raw
2017-04-20,34.26,35.04,34.25,34.5,,517402.0,,raw
2017-04-21,34.27,34.55,33.9,34.23,,294183.0,,raw
2017-04-24,34.0,34.0,33.01,33.12,,350975.0,,raw
2017-04-25,33.2,34.3,33.01,34.24,,398093.0,,raw
2017-04-26,34.43,35.2,34.03,34.3,,564878.0,,raw
2017-04-27,34.3,34.3,33.35,34.04,,348376.0,,raw
2017-04-28,34.04,34.04,32.96,33.66,,418036.0,,raw
2017-05-02,33.21,34.92,33.15,34.92,,596914.0,,raw
2017-05-03,34.92,35.35,34.39,35.19,,353664.0,,raw
2017-05-04,35.25,35.58,35.03,35.3,,420461.0,,raw
2017-05-05,35.5,36.31,35.35,36.15,,550590.0,,raw
2017-05-08,36.09,36.49,35.03,35.68,,318442.0,,raw
2017-05-09,35.78,35.78,34.56,35.3,,381619.0,,raw
2017-05-10,34.44,35.33,34.26,35.15,,393209.0,,raw
2017-05-11,34.96,35.98,34.74,35.82,,408987.0,,raw
2017-05-12,35.97,36.35,35.31,35.75,,381878.0,,raw
2017-05-15,35.38,36.0,35.18,35.31,,518521.0,,raw
2017-05-16,34.54,35.49,34.22,35.32,,630491.0,,raw
2017-05-17,35.1,35.2,34.31,34.37,,501699.0,,raw
2017-05-18,34.26,35.06,34.2,34.48,,382488.0,,raw
2017-05-19,34.71,35.58,34.7,35.54,,505786.0,,raw
2017-05-22,35.28,36.3,35.28,36.21,,477949.0,,raw
2017-05-23,36.25,36.58,35.55,36.32,,522760.0,,raw
2017-05-24,36.16,36.48,35.65,36.11,,282754.0,,raw
2017-05-25,35.87,36.1,35.2,35.33,,410939.0,,raw
2017-05-26,35.31,35.94,35.31,35.67,,328011.0,,raw
2017-05-31,35.78,36.12,35.12,36.12,,368764.0,,raw
2017-06-01,36.16,36.67,36.0,36.5,,406495.0,,raw
2017-06-02,36.5,36.65,35.8,36.39,,345804.0,,raw
2017-06-05,36.29,36.82,36.2,36.39,,256829.0,,raw
2017-06-06,36.5,38.01,36.45,38.0,,478495.0,,raw
2017-06-07,38.0,39.12,37.81,38.7,,533531.0,,raw
2017-06-08,38.71,40.25,38.71,40.25,,451988.0,,raw
2017-06-09,40.39,41.06,39.77,40.3,,489337.0,,raw
2017-06-12,40.15,41.14,39.81,40.46,,465622.0,,raw
2017-06-13,40.46,40.7,39.95,40.16,,294227.0,,raw
2017-06-14,40.04,40.2,38.92,39.1,,474018.0,,raw
2017-06-15,39.25,40.03,39.01,39.7,,403919.0,,raw
2017-06-16,39.92,40.38,38.94,39.06,,459903.0,,raw
2017-06-19,39.6,40.55,39.52,40.34,,585735.0,,raw
2017-06-20,40.5,41.27,40.04,40.88,,552673.0,,raw
2017-06-21,41.18,42.79,40.6,42.79,,490516.0,,raw
2017-06-22,42.84,43.44,42.2,42.5,,625918.0,,raw
2017-06-23,42.75,44.57,42.26,44.48,,475582.0,,raw
2017-06-26,44.17,45.39,44.0,44.25,,600431.0,,raw
2017-06-27,44.4,44.42,43.06,44.0,,498517.0,,raw
2017-06-28,43.63,43.63,42.5,42.78,,585447.0,,raw
2017-06-29,42.78,43.25,42.55,43.16,,453944.0,,raw
2017-06-30,43.0,43.36,42.55,43.04,,391963.0,,raw
2017-07-03,42.85,42.85,41.56,41.8,,513312.0,,raw
2017-07-04,41.8,41.82,40.92,41.5,,510002.0,,raw
2017-07-05,41.4,42.96,41.3,42.94,,441306.0,,raw
2017-07-06,42.93,43.0,41.65,42.6,,455667.0,,raw
2017-07-07,42.13,42.48,41.26,41.63,,405353.0,,raw
2017-07-10,41.3,41.87,41.2,41.37,,296791.0,,raw
2017-07-11,41.4,43.3,41.4,42.95,,686853.0,,raw
2017-07-12,42.81,43.17,41.45,41.7,,425620.0,,raw
2017-07-13,41.5,42.61,41.35,41.99,,276967.0,,raw
2017-07-14,41.8,42.39,41.38,42.17,,231618.0,,raw
2017-07-17,42.1,42.5,40.5,41.66,,460487.0,,raw
2017-07-18,41.47,41.82,40.68,41.0,,375815.0,,raw
2017-07-19,41.2,41.93,40.93,41.22,,315191.0,,raw
2017-07-20,41.3,42.35,40.7,42.25,,466366.0,,raw
2017-07-21,42.34,42.46,41.68,41.9,,295039.0,,raw
2017-07-24,41.91,43.55,41.6,43.42,,605221.0,,raw
2017-07-25,43.44,43.65,42.95,43.42,,327367.0,,raw
2017-07-26,43.6,43.6,41.93,42.34,,389176.0,,raw
2017-07-27,42.34,42.34,40.77,41.2,,418006.0,,raw
2017-07-28,41.23,41.84,41.07,41.4,,240932.0,,raw
2017-07-31,41.58,41.58,40.78,41.2,,330136.0,,raw
2017-08-01,41.21,41.59,40.85,41.19,,343033.0,,raw
2017-08-02,41.18,41.18,40.75,40.8,,257015.0,,raw
2017-08-03,40.61,41.0,39.9,40.08,,357730.0,,raw
2017-08-04,40.19,40.39,39.38,39.45,,307044.0,,raw
2017-08-07,39.35,40.43,38.67,40.29,,420686.0,,raw
2017-08-08,40.2,40.48,39.89,39.98,,212440.0,,raw
2017-08-09,40.13,41.35,39.51,40.8,,293558.0,,raw
2017-08-10,40.69,41.18,40.3,40.85,,229061.0,,raw
2017-08-11,40.3,40.9,39.6,39.64,,235612.0,,raw
2017-08-14,39.66,40.45,39.6,40.12,,210849.0,,raw
2017-08-15,40.12,40.12,39.64,39.77,,247803.0,,raw
2017-08-16,39.69,39.69,38.81,39.05,,318261.0,,raw
2017-08-17,39.06,39.45,38.85,39.32,,260386.0,,raw
2017-08-18,38.98,39.44,38.9,39.13,,170843.0,,raw
2017-08-21,39.12,39.87,38.95,39.71,,221683.0,,raw
2017-08-22,39.88,40.73,39.88,40.45,,296823.0,,raw
2017-08-23,40.6,40.92,40.22,40.81,,180806.0,,raw
2017-08-24,40.98,41.55,40.95,41.52,,334508.0,,raw
2017-08-25,41.83,42.0,41.47,41.9,,347592.0,,raw
2017-08-28,42.0,42.59,41.95,42.27,,358956.0,,raw
2017-08-29,42.38,42.47,41.5,41.7,,237648.0,,raw
2017-08-30,41.73,42.09,41.7,41.98,,149240.0,,raw
2017-08-31,41.97,42.18,40.38,41.0,,462296.0,,raw
2017-09-01,41.16,41.43,40.5,40.84,,304812.0,,raw
2017-09-04,40.83,41.52,40.62,41.36,,273043.0,,raw
2017-09-05,41.35,41.8,40.9,41.41,,251582.0,,raw
2017-09-06,41.5,41.58,40.73,40.97,,171517.0,,raw
2017-09-07,40.97,41.29,40.71,40.97,,192053.0,,raw
2017-09-08,40.98,41.23,40.73,40.99,,171284.0,,raw
2017-09-11,41.26,41.3,40.15,40.31,,240467.0,,raw
2017-09-12,40.27,40.39,39.69,40.22,,311500.0,,raw
2017-09-13,40.29,41.19,40.07,41.19,,277523.0,,raw
2017-09-14,41.12,41.31,40.54,40.9,,157072.0,,raw
2017-09-15,40.81,42.15,40.7,42.03,,433624.0,,raw
2017-09-18,42.22,42.44,41.81,42.03,,288215.0,,raw
2017-09-19,41.86,42.28,41.74,42.0,,270635.0,,raw
2017-09-20,42.29,43.3,42.29,43.29,,488862.0,,raw
2017-09-21,43.38,43.9,42.95,43.1,,326221.0,,raw
2017-09-22,43.2,44.41,43.01,44.1,,367550.0,,raw
2017-09-25,44.1,44.37,42.65,43.09,,326616.0,,raw
2017-09-26,43.21,43.25,42.37,42.68,,182455.0,,raw
2017-09-27,42.59,44.0,42.59,43.81,,232273.0,,raw
2017-09-28,43.77,43.84,42.81,43.43,,239339.0,,raw
2017-09-29,43.6,44.6,43.21,44.19,,251742.0,,raw
2017-10-09,44.8,47.1,44.47,46.47,,419205.0,,raw
2017-10-10,46.47,46.98,45.38,46.66,,374073.0,,raw
2017-10-11,46.25,47.98,46.25,47.1,,413633.0,,raw
2017-10-12,47.3,48.0,46.98,47.68,,213067.0,,raw
2017-10-13,47.6,48.16,47.0,47.68,,196977.0,,raw
2017-10-16,47.65,48.09,46.83,46.84,,238051.0,,raw
2017-10-17,46.7,48.22,46.52,48.15,,363462.0,,raw
2017-10-18,48.0,48.73,47.78,48.73,,242214.0,,raw
2017-10-19,48.65,49.25,48.16,48.63,,221643.0,,raw
2017-10-20,48.3,48.34,47.0,47.64,,239296.0,,raw
2017-10-23,47.49,48.25,47.26,47.63,,232857.0,,raw
2017-10-24,47.66,48.65,47.31,48.59,,250109.0,,raw
2017-10-25,48.59,50.49,48.51,50.4,,360013.0,,raw
2017-10-26,50.52,51.51,49.95,49.96,,400792.0,,raw
2017-10-27,50.19,51.2,49.96,50.72,,240750.0,,raw
2017-10-30,51.2,51.76,49.9,51.76,,324992.0,,raw
2017-10-31,51.6,52.35,50.3,51.0,,377605.0,,raw
2017-11-01,51.06,52.28,50.3,50.61,,358586.0,,raw
2017-11-02,50.5,51.37,50.2,51.24,,228311.0,,raw
2017-11-03,51.28,51.82,50.4,50.65,,270451.0,,raw
2017-11-06,50.8,53.16,50.32,52.69,,458918.0,,raw
2017-11-07,52.7,54.08,51.9,52.75,,483278.0,,raw
2017-11-08,52.76,54.68,50.8,51.48,,824391.0,,raw
2017-11-09,51.57,52.65,50.35,52.6,,462545.0,,raw
2017-11-10,52.63,53.66,52.1,53.4,,411880.0,,raw
2017-11-13,53.75,54.4,53.15,53.71,,329951.0,,raw
2017-11-14,53.63,53.63,51.7,52.31,,379156.0,,raw
2017-11-15,51.9,52.75,51.33,52.28,,359004.0,,raw
2017-11-16,52.2,53.02,51.61,52.88,,406446.0,,raw
2017-11-17,52.9,54.3,52.4,53.65,,495105.0,,raw
2017-11-20,53.5,54.66,52.55,54.62,,415198.0,,raw
2017-11-21,54.95,57.67,54.91,57.66,,651454.0,,raw
2017-11-22,57.59,57.93,55.55,56.43,,511095.0,,raw
2017-11-23,56.1,56.13,53.1,53.44,,460453.0,,raw
2017-11-24,53.3,54.18,51.64,54.1,,565454.0,,raw
2017-11-27,53.4,53.4,51.75,52.64,,433895.0,,raw
2017-11-28,52.2,53.07,51.78,52.59,,298840.0,,raw
2017-11-29,52.59,52.77,50.2,51.1,,447363.0,,raw
2017-11-30,50.8,52.06,50.61,51.18,,297333.0,,raw
2017-12-01,51.67,51.67,50.5,50.58,,242949.0,,raw
2017-12-04,50.71,52.06,50.32,51.5,,300628.0,,raw
2017-12-05,51.3,52.53,51.2,52.18,,392441.0,,raw
2017-12-06,52.0,52.05,50.34,50.95,,331882.0,,raw
2017-12-07,50.89,51.08,49.05,49.13,,380428.0,,raw
2017-12-08,49.4,51.2,49.4,50.43,,458823.0,,raw
2017-12-11,50.6,53.81,50.6,53.62,,480726.0,,raw
2017-12-12,53.88,54.68,53.01,53.3,,321420.0,,raw
2017-12-13,53.27,55.1,53.08,54.9,,325776.0,,raw
2017-12-14,55.06,55.07,53.7,54.5,,305149.0,,raw
2017-12-15,54.45,54.46,53.13,53.7,,258027.0,,raw
2017-12-18,53.2,55.32,53.2,55.32,,362668.0,,raw
2017-12-19,54.98,55.77,54.75,55.44,,327288.0,,raw
2017-12-20,55.39,56.13,54.85,55.07,,330822.0,,raw
2017-12-21,55.15,56.46,55.1,55.94,,288963.0,,raw
2017-12-22,55.65,56.74,55.5,56.58,,213776.0,,raw
2017-12-25,56.6,58.35,56.6,57.87,,364058.0,,raw
2017-12-26,57.81,57.88,55.55,56.3,,349156.0,,raw
2017-12-27,56.33,56.69,54.39,54.39,,347082.0,,raw
2017-12-28,54.51,56.22,53.95,55.55,,330990.0,,raw
2017-12-29,55.89,56.98,54.86,55.43,,306334.0,,raw
2018-01-02,56.15,57.08,56.02,56.38,,329725.0,,raw
2018-01-03,56.56,57.25,55.42,55.8,,428368.0,,raw
2018-01-04,56.02,57.3,55.82,57.29,,405557.0,,raw
2018-01-05,57.6,58.2,56.75,57.96,,371854.0,,raw
2018-01-08,57.7,58.3,56.72,57.66,,367884.0,,raw
2018-01-09,57.8,59.95,57.24,59.48,,448054.0,,raw
2018-01-10,59.59,61.3,58.9,60.56,,448966.0,,raw
2018-01-11,60.01,60.88,58.88,59.62,,316035.0,,raw
2018-01-12,59.62,61.18,59.3,60.8,,252900.0,,raw
2018-01-15,61.32,62.66,61.0,61.16,,367225.0,,raw
2018-01-16,61.0,61.83,60.1,61.09,,289365.0,,raw
2018-01-17,61.0,61.01,58.45,58.75,,414037.0,,raw
2018-01-18,59.0,59.79,58.5,58.95,,223781.0,,raw
2018-01-19,58.95,59.11,57.9,58.17,,313878.0,,raw
2018-01-22,58.58,61.54,58.58,61.43,,458501.0,,raw
2018-01-23,61.38,62.64,60.23,62.12,,386472.0,,raw
2018-01-24,62.39,62.65,60.2,60.41,,326126.0,,raw
2018-01-25,60.8,61.42,59.0,61.3,,282564.0,,raw
2018-01-26,61.3,62.69,60.53,62.0,,333516.0,,raw
2018-01-29,61.97,62.18,58.9,59.87,,467085.0,,raw
2018-01-30,59.42,60.68,58.5,58.76,,309516.0,,raw
2018-01-31,58.33,60.42,58.2,59.82,,254072.0,,raw
2018-02-01,60.0,60.1,58.14,59.34,,380031.0,,raw
2018-02-02,58.95,60.09,58.4,59.9,,224897.0,,raw
2018-02-05,58.91,59.54,56.5,57.32,,554639.0,,raw
2018-02-06,55.7,55.81,53.82,55.5,,880342.0,,raw
2018-02-07,56.4,56.58,52.71,52.79,,533538.0,,raw
2018-02-08,52.6,54.44,52.51,53.77,,439782.0,,raw
2018-02-09,51.95,52.45,50.15,51.98,,603648.0,,raw
2018-02-12,51.98,54.88,51.97,54.42,,374561.0,,raw
2018-02-13,55.04,56.5,54.68,55.31,,258920.0,,raw
2018-02-14,55.61,57.1,54.72,56.92,,219574.0,,raw
2018-02-22,58.3,58.52,57.2,58.14,,251527.0,,raw
2018-02-23,58.45,58.48,56.9,57.55,,180501.0,,raw
2018-02-26,57.58,58.29,57.0,57.7,,246266.0,,raw
2018-02-27,57.79,57.79,54.58,54.6,,478853.0,,raw
2018-02-28,54.35,55.8,53.7,54.95,,318721.0,,raw
2018-03-01,54.99,56.49,54.82,55.6,,237900.0,,raw
2018-03-02,54.86,57.68,54.77,56.22,,364903.0,,raw
2018-03-05,56.11,56.55,55.52,56.02,,204171.0,,raw
2018-03-06,56.53,56.69,54.9,56.2,,195030.0,,raw
2018-03-07,56.26,57.16,55.83,56.26,,208925.0,,raw
2018-03-08,56.87,59.2,56.4,59.17,,380518.0,,raw
2018-03-09,59.47,60.39,58.73,59.91,,394729.0,,raw
2018-03-12,60.98,62.54,60.35,60.73,,461325.0,,raw
2018-03-13,60.7,62.19,60.26,61.06,,377823.0,,raw
2018-03-14,60.7,61.63,59.95,60.4,,272072.0,,raw
2018-03-15,59.9,61.9,59.8,61.41,,266963.0,,raw
2018-03-16,61.1,61.43,59.5,59.69,,258105.0,,raw
2018-03-19,59.69,60.28,59.0,59.57,,211597.0,,raw
2018-03-20,59.11,59.63,58.3,59.34,,177637.0,,raw
2018-03-21,59.63,59.96,58.28,58.28,,197251.0,,raw
2018-03-22,58.88,58.9,56.36,56.9,,329378.0,,raw
2018-03-23,54.7,56.45,53.73,56.24,,641627.0,,raw
2018-03-26,55.5,55.98,54.1,55.27,,373098.0,,raw
2018-03-27,56.17,56.38,54.11,54.61,,471063.0,,raw
2018-03-28,53.49,54.0,52.01,53.12,,544504.0,,raw
2018-03-29,53.42,55.78,52.3,55.3,,385947.0,,raw
2018-03-30,55.0,55.36,54.36,54.53,,308814.0,,raw
2018-04-02,53.3,55.0,52.68,52.84,,417151.0,,raw
2018-04-03,52.69,53.63,52.18,52.52,,311895.0,,raw
2018-04-04,52.82,54.1,52.06,53.01,,371528.0,,raw
2018-04-09,52.91,53.31,51.0,51.3,,427970.0,,raw
2018-04-10,51.45,52.8,51.18,52.77,,354240.0,,raw
2018-04-11,52.78,53.63,52.41,52.98,,467614.0,,raw
2018-04-12,52.91,52.94,51.84,51.87,,252074.0,,raw
2018-04-13,52.4,52.47,51.01,51.32,,240215.0,,raw
2018-04-16,51.31,51.8,49.15,49.79,,444709.0,,raw
2018-04-17,49.74,50.55,48.59,49.89,,313437.0,,raw
2018-04-18,50.6,50.63,47.95,48.73,,416079.0,,raw
2018-04-19,49.33,51.57,49.0,51.57,,433660.0,,raw
2018-04-20,51.79,53.0,50.95,51.4,,430416.0,,raw
2018-04-23,51.9,52.88,51.0,52.05,,289044.0,,raw
2018-04-24,52.37,53.87,52.37,53.55,,373871.0,,raw
2018-04-25,53.45,53.66,51.9,52.62,,363801.0,,raw
2018-04-26,51.68,52.33,50.89,51.4,,331102.0,,raw
2018-04-27,52.42,52.42,50.55,51.68,,403465.0,,raw
2018-05-02,51.23,52.11,50.44,51.35,,306862.0,,raw
2018-05-03,51.15,53.25,50.83,53.2,,307890.0,,raw
2018-05-04,52.14,52.72,50.95,51.1,,302842.0,,raw
2018-05-07,51.39,52.51,50.95,52.4,,290619.0,,raw
2018-05-08,52.43,54.37,52.42,53.9,,422795.0,,raw
2018-05-09,53.51,54.1,53.46,53.95,,174054.0,,raw
2018-05-10,54.3,54.63,53.9,54.38,,221495.0,,raw
2018-05-11,54.8,54.88,53.56,53.75,,170190.0,,raw
2018-05-14,53.99,55.43,53.8,55.24,,323949.0,,raw
2018-05-15,55.53,55.85,54.65,55.22,,282097.0,,raw
2018-05-16,54.89,55.12,54.01,54.4,,243427.0,,raw
2018-05-17,54.2,54.3,53.02,53.12,,228996.0,,raw
2018-05-18,53.28,53.97,52.41,53.89,,244458.0,,raw
2018-05-21,54.38,54.55,53.51,53.95,,179497.0,,raw
2018-05-22,53.9,53.9,52.0,52.63,,351262.0,,raw
2018-05-23,52.5,52.5,51.73,51.8,,221088.0,,raw
2018-05-24,51.79,51.98,50.65,50.9,,222461.0,,raw
2018-05-25,50.8,51.43,50.3,50.59,,261596.0,,raw
2018-05-28,50.9,52.23,50.3,51.94,,277886.0,,raw
2018-05-29,51.5,52.19,51.26,51.49,,216606.0,,raw
2018-05-30,50.25,51.42,49.88,50.71,,269194.0,,raw
2018-05-31,51.05,53.25,50.9,52.91,,488366.0,,raw
2018-06-01,52.5,52.88,51.94,52.15,,244886.0,,raw
2018-06-04,52.9,54.3,52.72,53.99,,487208.0,,raw
2018-06-05,54.8,55.1,53.72,54.97,,413210.0,,raw
2018-06-06,55.27,55.44,54.41,54.74,,260084.0,,raw
2018-06-07,55.07,55.31,54.05,54.3,,264889.0,,raw
2018-06-08,54.13,55.2,54.02,54.66,,363711.0,,raw
2018-06-11,54.66,56.65,54.62,56.32,,581583.0,,raw
2018-06-12,56.33,57.75,55.89,57.19,,585180.0,,raw
2018-06-13,57.39,58.05,56.79,56.99,,360546.0,,raw
2018-06-14,57.2,57.43,55.41,55.78,,354846.0,,raw
2018-06-15,55.92,56.95,55.6,56.28,,310752.0,,raw
2018-06-19,55.1,56.0,53.78,54.62,,591142.0,,raw
2018-06-20,54.62,55.77,54.16,55.16,,296507.0,,raw
2018-06-21,55.5,56.05,54.2,54.22,,307448.0,,raw
2018-06-22,53.68,53.68,52.34,53.65,,358578.0,,raw
2018-06-25,53.7,54.14,52.86,52.9,,272065.0,,raw
2018-06-26,52.05,53.0,51.76,52.33,,302757.0,,raw
2018-06-27,52.42,53.07,50.48,50.48,,426516.0,,raw
2018-06-28,50.05,51.22,49.51,50.1,,361035.0,,raw
2018-06-29,50.6,52.4,50.11,52.22,,291304.0,,raw
2018-07-02,51.91,51.91,48.0,48.68,,571711.0,,raw
2018-07-03,48.7,49.1,45.38,47.76,,781290.0,,raw
2018-07-04,47.76,47.87,45.0,45.11,,596231.0,,raw
2018-07-05,46.49,47.3,45.84,46.05,,637796.0,,raw
2018-07-06,46.58,47.98,45.8,47.4,,485874.0,,raw
2018-07-09,47.89,49.1,47.4,49.05,,365841.0,,raw
2018-07-10,49.2,49.35,47.43,48.5,,424378.0,,raw
2018-07-11,46.71,47.67,46.47,47.2,,363145.0,,raw
2018-07-12,47.15,48.5,47.1,47.83,,432000.0,,raw
2018-07-13,47.9,48.2,47.5,47.84,,324004.0,,raw
2018-07-16,48.29,48.84,47.06,47.38,,334770.0,,raw
2018-07-17,47.37,47.38,46.02,46.47,,396087.0,,raw
2018-07-18,46.7,47.12,45.88,45.9,,342872.0,,raw
2018-07-19,46.31,46.6,45.75,46.35,,253851.0,,raw
2018-07-20,46.25,46.9,45.23,46.57,,500602.0,,raw
2018-07-23,46.38,46.59,45.69,46.58,,357409.0,,raw
2018-07-24,47.0,48.56,47.0,48.38,,719360.0,,raw
2018-07-25,48.64,48.65,47.55,47.68,,396208.0,,raw
2018-07-26,47.8,48.46,47.67,47.84,,437171.0,,raw
2018-07-27,48.13,48.13,47.12,47.19,,272495.0,,raw
2018-07-30,47.4,47.68,47.0,47.46,,264605.0,,raw
2018-07-31,47.25,47.75,47.01,47.61,,279849.0,,raw
2018-08-01,47.9,48.1,46.2,46.28,,322612.0,,raw
2018-08-02,46.1,46.1,43.88,44.08,,660723.0,,raw
2018-08-03,43.99,44.0,41.41,41.88,,701016.0,,raw
2018-08-06,42.01,42.97,41.8,42.3,,506085.0,,raw
2018-08-07,42.94,44.74,42.5,44.66,,498708.0,,raw
2018-08-08,44.89,44.89,43.92,44.15,,438697.0,,raw
2018-08-09,44.06,45.81,43.5,45.14,,360492.0,,raw
2018-08-10,45.0,45.73,44.77,44.98,,280014.0,,raw
2018-08-13,44.6,44.85,43.8,44.59,,225568.0,,raw
2018-08-14,44.67,44.67,43.45,43.65,,289261.0,,raw
2018-08-15,43.59,43.59,41.89,42.02,,414659.0,,raw
2018-08-16,41.17,42.9,41.07,42.32,,322171.0,,raw
2018-08-17,42.64,42.92,41.02,41.12,,315827.0,,raw
2018-08-20,41.12,41.7,40.51,41.7,,299793.0,,raw
2018-08-21,42.0,42.84,41.57,42.56,,372067.0,,raw
2018-08-22,42.3,42.5,41.51,41.71,,214734.0,,raw
2018-08-23,41.4,42.05,40.59,41.22,,337595.0,,raw
2018-08-24,41.0,41.77,40.86,41.38,,230574.0,,raw
2018-08-27,41.85,42.96,41.7,42.91,,380328.0,,raw
2018-08-28,43.18,43.9,42.91,43.31,,331742.0,,raw
2018-08-29,43.0,43.26,42.25,42.51,,240468.0,,raw
2018-08-30,42.44,42.89,41.74,41.8,,259554.0,,raw
2018-08-31,41.8,41.82,40.6,41.6,,391383.0,,raw
2018-09-03,41.49,41.85,40.89,41.73,,222964.0,,raw
2018-09-04,42.0,42.48,41.15,42.28,,244930.0,,raw
2018-09-05,41.86,42.0,41.0,41.0,,236704.0,,raw
2018-09-06,40.85,41.42,40.27,40.34,,263660.0,,raw
2018-09-07,40.55,41.2,39.96,40.3,,203971.0,,raw
2018-10-29,37.1,37.88,36.27,36.27,,981222.0,,raw
2018-10-30,34.1,36.77,34.1,36.33,,655908.0,,raw
2018-10-31,35.86,37.08,35.56,37.04,,478648.0,,raw
2018-11-01,37.86,39.32,37.8,38.62,,497782.0,,raw
2018-11-02,40.91,41.6,39.99,40.98,,746070.0,,raw
2018-11-05,40.81,41.36,40.63,41.28,,341637.0,,raw
2018-11-06,40.8,41.1,39.94,40.18,,334237.0,,raw
2018-11-07,40.18,41.28,39.72,40.78,,348613.0,,raw
2018-11-08,41.29,41.43,40.5,40.63,,264456.0,,raw
2018-11-09,40.21,40.51,39.7,39.77,,240564.0,,raw
2018-11-12,39.77,40.31,39.01,40.14,,213280.0,,raw
2018-11-13,39.5,41.41,39.3,41.3,,339184.0,,raw
2018-11-14,41.35,41.37,40.75,40.85,,181787.0,,raw
2018-11-15,40.6,41.24,40.51,41.11,,172245.0,,raw
2018-11-16,41.11,42.54,40.9,42.0,,303139.0,,raw
2018-11-19,41.9,42.5,41.25,42.3,,207206.0,,raw
2018-11-20,41.9,42.26,40.3,40.8,,277524.0,,raw
2018-11-21,40.1,41.08,40.06,40.32,,232200.0,,raw
2018-11-22,40.76,40.96,40.1,40.63,,182187.0,,raw
2018-11-23,40.41,41.02,39.81,39.88,,220764.0,,raw
2018-11-26,39.6,40.26,39.5,40.02,,136401.0,,raw
2018-11-27,40.1,40.48,39.35,39.66,,163032.0,,raw
2018-11-28,39.25,40.28,39.25,40.02,,150968.0,,raw
2018-11-29,40.3,40.37,38.73,38.8,,249550.0,,raw
2018-11-30,38.9,39.06,38.28,38.69,,216093.0,,raw
2018-12-03,40.0,41.0,39.73,40.83,,526391.0,,raw
2018-12-04,40.23,40.78,40.23,40.54,,213906.0,,raw
2018-12-05,40.0,40.3,39.81,40.0,,191928.0,,raw
2018-12-06,39.21,39.72,38.88,38.96,,212691.0,,raw
2018-12-07,39.01,39.19,38.25,38.48,,226660.0,,raw
2018-12-10,38.0,38.15,36.71,37.06,,346568.0,,raw
2018-12-11,36.85,37.26,36.46,37.04,,270876.0,,raw
2018-12-12,37.47,38.01,37.16,37.74,,262125.0,,raw
2018-12-13,38.0,40.35,37.89,40.12,,738130.0,,raw
2018-12-14,39.8,40.21,39.5,39.75,,324829.0,,raw
2018-12-17,39.97,40.17,39.06,39.46,,302754.0,,raw
2018-12-18,39.15,39.52,38.52,38.81,,328061.0,,raw
2018-12-19,38.81,39.18,38.1,38.25,,183879.0,,raw
2018-12-20,38.18,38.69,37.89,38.33,,208582.0,,raw
2018-12-21,38.09,38.25,37.3,37.92,,258449.0,,raw
2018-12-24,37.43,37.79,37.02,37.74,,164642.0,,raw
2018-12-25,37.02,37.75,36.7,37.38,,192712.0,,raw
2018-12-26,37.4,37.9,36.9,37.13,,150947.0,,raw
2018-12-27,37.91,38.06,36.8,36.8,,230747.0,,raw
2018-12-28,36.75,37.4,36.31,36.86,,211676.0,,raw
2019-01-02,37.2,37.38,36.3,36.44,,208624.0,,raw
2019-01-03,36.26,36.83,36.0,36.2,,143233.0,,raw
2019-01-04,35.99,37.07,35.8,36.99,,277118.0,,raw
2019-01-07,37.66,37.66,36.66,36.99,,252996.0,,raw
2019-01-08,37.05,37.2,36.68,36.86,,134698.0,,raw
2019-01-09,38.25,39.5,37.82,39.0,,825858.0,,raw
2019-01-10,38.86,39.78,38.6,39.29,,355955.0,,raw
2019-01-11,39.5,39.95,38.85,39.84,,278139.0,,raw
2019-01-14,39.91,40.36,39.32,39.45,,187160.0,,raw
2019-01-15,39.5,41.02,39.33,41.0,,402190.0,,raw
2019-01-16,41.0,41.46,40.62,41.2,,286234.0,,raw
2019-01-17,41.2,41.7,40.88,40.91,,259740.0,,raw
2019-01-18,41.45,42.1,41.04,42.08,,384427.0,,raw
2019-01-21,42.2,42.8,41.6,42.09,,294115.0,,raw
2019-01-22,42.1,42.31,41.02,41.3,,244682.0,,raw
2019-01-23,40.99,42.05,40.99,41.46,,192273.0,,raw
2019-01-24,41.8,42.09,41.21,41.59,,219562.0,,raw
2019-01-25,41.73,42.1,40.7,41.9,,267548.0,,raw
2019-01-28,42.18,43.0,41.8,41.84,,342212.0,,raw
2019-01-29,41.84,43.0,41.46,43.0,,369691.0,,raw
2019-01-30,42.79,42.9,42.1,42.1,,292191.0,,raw
2019-01-31,42.88,43.6,42.45,43.53,,389215.0,,raw
2019-02-01,44.35,44.5,43.53,44.26,,312203.0,,raw
2019-02-11,43.96,46.32,43.9,46.08,,349054.0,,raw
2019-02-12,46.0,46.9,45.65,46.49,,302894.0,,raw
2019-02-13,46.74,47.23,45.9,46.8,,324142.0,,raw
2019-02-14,46.9,47.31,46.5,47.15,,229213.0,,raw
2019-02-15,46.75,46.75,45.0,45.27,,465359.0,,raw
2019-02-18,45.8,46.46,45.55,46.4,,325702.0,,raw
2019-02-19,46.48,47.34,45.61,46.08,,280758.0,,raw
2019-02-21,46.5,47.42,45.64,45.86,,414422.0,,raw
2019-02-22,45.9,45.9,44.35,45.61,,388824.0,,raw
2019-02-25,47.5,49.39,46.69,49.17,,728522.0,,raw
2019-02-26,48.35,48.7,47.35,47.36,,490517.0,,raw
2019-02-27,47.15,48.21,47.15,47.64,,318705.0,,raw
2019-02-28,47.65,48.18,47.45,47.78,,253242.0,,raw
2019-03-01,48.1,48.67,47.87,48.57,,358400.0,,raw
2019-03-04,49.11,50.2,48.6,48.96,,542643.0,,raw
2019-03-05,49.42,49.5,48.71,49.0,,309242.0,,raw
2019-03-06,49.38,49.68,48.7,49.1,,316523.0,,raw
2019-03-07,49.0,49.0,47.18,47.56,,511626.0,,raw
2019-03-08,46.66,47.23,45.7,45.8,,463009.0,,raw
2019-03-11,45.85,46.68,45.85,46.58,,290560.0,,raw
2019-03-12,47.4,47.62,45.76,46.16,,411678.0,,raw
2019-03-13,46.18,46.64,45.53,46.23,,348805.0,,raw
2019-03-14,46.2,47.17,46.15,46.41,,344231.0,,raw
2019-03-15,47.3,48.58,46.84,47.93,,672362.0,,raw
2019-03-18,47.5,49.5,47.3,49.32,,514991.0,,raw
2019-03-19,49.53,49.77,48.68,49.25,,297019.0,,raw
2019-03-20,49.25,49.45,48.38,48.9,,291751.0,,raw
2019-03-21,48.65,48.8,48.08,48.24,,258325.0,,raw
2019-03-22,48.3,48.82,47.71,48.6,,227080.0,,raw
2019-03-25,47.68,48.2,46.56,46.69,,326855.0,,raw
2019-03-26,47.1,47.1,45.91,46.57,,224423.0,,raw
2019-03-27,46.98,47.8,46.59,47.57,,227522.0,,raw
2019-03-28,47.58,47.74,46.81,47.14,,202357.0,,raw
2019-03-29,47.01,48.88,47.01,48.73,,439463.0,,raw
2019-04-01,49.3,53.57,49.25,52.93,,974588.0,,raw
2019-04-02,52.93,53.36,51.73,51.9,,556776.0,,raw
2019-04-03,51.46,52.56,51.45,52.2,,378812.0,,raw
2019-04-04,52.2,53.98,52.19,53.65,,537245.0,,raw
2019-04-08,53.65,55.66,53.2,54.18,,522005.0,,raw
2019-04-09,55.51,56.35,54.2,55.01,,414112.0,,raw
2019-04-10,54.7,55.57,53.65,54.72,,398699.0,,raw
2019-04-11,54.72,54.75,52.31,52.44,,515525.0,,raw
2019-04-12,51.85,52.43,50.47,51.29,,469635.0,,raw
2019-04-15,52.05,53.3,51.5,51.5,,401187.0,,raw
2019-04-16,51.0,52.88,50.65,52.88,,312127.0,,raw
2019-04-17,53.13,53.59,51.97,53.0,,361870.0,,raw
2019-04-18,53.53,54.33,53.1,53.42,,265874.0,,raw
2019-04-19,53.35,55.75,52.7,55.08,,370995.0,,raw
2019-04-22,54.99,54.99,52.2,52.79,,415167.0,,raw
2019-04-23,52.2,52.85,51.57,52.27,,360135.0,,raw
2019-04-24,52.5,52.83,51.55,52.6,,289059.0,,raw
2019-04-25,52.3,52.3,51.28,51.41,,256795.0,,raw
2019-04-26,50.97,51.36,49.26,49.37,,459293.0,,raw
2019-04-29,49.37,51.98,49.36,51.31,,447562.0,,raw
2019-04-30,51.4,53.5,51.4,52.4,,459879.0,,raw
2019-05-06,49.9,51.04,49.0,49.07,,663234.0,,raw
2019-05-07,50.3,51.49,49.9,50.75,,717852.0,,raw
2019-05-22,51.51,53.22,51.0,51.41,,803694.0,,raw
2019-05-23,50.7,50.8,49.4,49.51,,421149.0,,raw
2019-05-24,49.28,50.28,49.01,49.82,,299406.0,,raw
2019-05-27,49.82,50.08,48.88,49.75,,284807.0,,raw
2019-05-28,49.77,51.22,49.77,50.51,,349889.0,,raw
2019-05-29,50.05,50.92,49.85,50.38,,218493.0,,raw
2019-05-30,49.37,49.72,48.5,49.45,,323329.0,,raw
2019-05-31,49.0,50.15,48.95,49.6,,241077.0,,raw
2019-06-03,49.79,50.99,49.75,50.12,,228010.0,,raw
2019-06-04,50.13,50.59,49.21,49.7,,163447.0,,raw
2019-06-05,50.42,50.54,49.25,49.51,,229796.0,,raw
2019-06-06,50.1,50.1,48.87,49.12,,185739.0,,raw
2019-06-10,49.56,50.0,49.34,49.76,,243810.0,,raw
2019-06-11,49.69,51.84,49.6,51.47,,374274.0,,raw
2019-06-12,51.34,51.62,50.83,51.51,,212636.0,,raw
2019-06-13,51.69,51.69,50.21,51.03,,201816.0,,raw
2019-06-14,51.28,51.9,50.55,50.57,,135928.0,,raw
2019-06-17,50.87,51.25,50.39,50.79,,132745.0,,raw
2019-06-18,50.76,51.3,50.5,50.91,,120218.0,,raw
2019-06-19,52.5,52.97,52.01,52.01,,263453.0,,raw
2019-06-20,52.36,53.95,52.11,53.29,,448437.0,,raw
2019-06-21,52.81,53.57,51.83,52.11,,622819.0,,raw
2019-06-24,51.83,52.62,51.4,52.18,,376972.0,,raw
2019-06-25,52.0,52.18,51.0,51.44,,330480.0,,raw
2019-06-26,51.51,51.83,51.32,51.51,,202548.0,,raw
2019-06-27,51.7,52.28,51.35,51.77,,345209.0,,raw
2019-06-28,51.69,52.19,51.4,51.86,,169576.0,,raw
2019-07-01,52.97,54.45,52.76,54.09,,611630.0,,raw
2019-07-02,53.66,55.1,53.56,54.81,,500486.0,,raw
2019-07-03,55.22,55.32,53.68,54.09,,354335.0,,raw
2019-07-04,54.45,55.1,54.0,54.4,,325226.0,,raw
2019-07-05,54.37,55.5,53.56,55.27,,387085.0,,raw
2019-07-08,54.72,55.05,54.01,54.39,,305690.0,,raw
2019-07-09,54.3,54.48,53.36,53.84,,255432.0,,raw
2019-07-10,54.3,54.3,53.48,53.9,,145525.0,,raw
2019-07-11,54.02,55.27,53.92,54.39,,243811.0,,raw
2019-07-12,54.45,55.15,54.18,54.78,,198068.0,,raw
2019-07-15,54.51,55.3,53.68,54.67,,242962.0,,raw
2019-07-16,54.8,54.85,53.11,53.52,,260092.0,,raw
2019-07-17,53.33,53.47,52.52,52.72,,226489.0,,raw
2019-07-18,52.5,52.92,52.02,52.69,,178857.0,,raw
2019-07-19,53.39,53.39,52.49,52.59,,208173.0,,raw
2019-07-22,52.7,53.2,52.0,52.8,,191810.0,,raw
2019-07-23,52.8,53.22,52.71,53.2,,142462.0,,raw
2019-07-24,53.59,53.9,53.3,53.38,,177386.0,,raw
2019-07-25,53.38,53.64,53.04,53.45,,169263.0,,raw
2019-07-26,53.1,53.6,53.02,53.43,,128943.0,,raw
2019-07-29,53.64,54.38,53.41,54.01,,227422.0,,raw
2019-07-30,54.28,55.38,54.25,55.2,,348704.0,,raw
2019-07-31,55.13,55.66,54.56,54.7,,198317.0,,raw
2019-08-01,54.39,54.98,53.15,53.6,,241273.0,,raw
2019-08-02,51.5,53.0,51.05,52.75,,341763.0,,raw
2019-08-05,51.63,52.65,51.52,51.6,,287862.0,,raw
2019-08-06,50.61,51.58,49.32,51.51,,341739.0,,raw
2019-08-07,51.76,51.88,51.03,51.03,,145317.0,,raw
2019-08-08,51.23,52.0,51.2,51.8,,131923.0,,raw
2019-08-09,52.1,52.35,51.01,51.22,,149813.0,,raw
2019-08-12,51.0,51.68,50.51,51.25,,194251.0,,raw
2019-08-13,51.05,51.66,50.05,50.32,,264441.0,,raw
2019-08-14,51.09,51.2,50.06,50.17,,223878.0,,raw
2019-08-15,49.3,50.11,48.61,49.96,,268173.0,,raw
2019-08-16,50.0,50.65,49.59,50.32,,202213.0,,raw
2019-08-19,50.8,51.75,50.55,51.57,,231819.0,,raw
2019-08-20,51.57,51.87,51.18,51.46,,150967.0,,raw
2019-08-21,51.2,52.05,51.02,51.69,,210180.0,,raw
2019-08-22,51.9,52.33,51.37,51.83,,189288.0,,raw
2019-08-23,52.15,52.65,51.68,52.25,,217677.0,,raw
2019-08-26,51.19,51.51,50.63,51.04,,275970.0,,raw
2019-08-27,51.5,52.39,51.31,52.05,,271391.0,,raw
2019-08-28,52.02,52.45,51.65,52.22,,214675.0,,raw
2019-08-29,52.15,52.5,51.6,51.93,,208600.0,,raw
2019-08-30,52.6,53.4,52.1,52.78,,278271.0,,raw
2019-09-02,53.7,54.75,53.51,54.23,,515614.0,,raw
2019-09-03,54.78,54.99,54.08,54.31,,307408.0,,raw
2019-09-04,54.25,54.78,53.6,54.45,,317524.0,,raw
2019-09-05,54.88,54.97,53.83,53.9,,302361.0,,raw
2019-09-06,54.1,54.38,53.47,54.21,,248580.0,,raw
2019-09-09,54.69,54.89,53.82,54.11,,290736.0,,raw
2019-09-10,54.0,54.08,53.2,53.84,,235866.0,,raw
2019-09-11,54.0,54.4,53.15,53.4,,196083.0,,raw
2019-09-12,53.88,54.3,53.52,54.1,,213001.0,,raw
2019-09-16,54.4,54.41,53.35,53.47,,236809.0,,raw
2019-09-17,53.25,53.46,52.74,53.0,,206922.0,,raw
2019-09-18,53.27,53.27,52.57,52.71,,225071.0,,raw
2019-09-19,53.09,53.44,52.58,52.84,,204971.0,,raw
2019-09-20,53.12,53.2,52.1,52.7,,275464.0,,raw
2019-09-23,52.64,52.64,51.69,52.08,,206872.0,,raw
2019-09-24,52.04,52.45,51.56,52.07,,207246.0,,raw
2019-09-25,52.0,52.0,51.01,51.08,,292973.0,,raw
2019-09-26,51.19,51.47,50.5,51.0,,245434.0,,raw
2019-09-27,51.0,51.39,50.66,51.32,,199732.0,,raw
2019-09-30,51.1,51.78,50.91,51.1,,163708.0,,raw
2019-10-08,51.4,52.81,51.25,52.65,,422485.0,,raw
2019-10-09,52.24,52.65,51.91,52.5,,188488.0,,raw
2019-10-10,52.48,52.48,51.77,52.18,,171209.0,,raw
2019-10-11,52.43,53.05,52.11,52.92,,218165.0,,raw
2019-10-14,53.33,53.82,53.1,53.45,,264697.0,,raw
2019-10-15,53.75,53.94,53.17,53.47,,167607.0,,raw
2019-10-16,53.77,54.2,53.46,53.66,,206093.0,,raw
2019-10-17,54.03,54.03,52.96,53.22,,184568.0,,raw
2019-10-18,53.57,53.97,52.45,52.65,,181279.0,,raw
2019-10-21,52.7,53.65,52.7,53.48,,181512.0,,raw
2019-10-22,53.78,54.16,53.5,53.94,,187410.0,,raw
2019-10-23,53.58,54.1,53.5,53.73,,131210.0,,raw
2019-10-24,53.84,53.9,53.26,53.75,,139076.0,,raw
2019-10-25,53.98,53.98,52.78,53.8,,182031.0,,raw
2019-10-28,54.0,54.12,53.37,53.59,,193377.0,,raw
2019-10-29,53.95,54.47,53.7,54.0,,229410.0,,raw
2019-10-30,53.68,54.0,53.06,53.47,,160286.0,,raw
2019-10-31,55.0,55.99,54.54,55.5,,627930.0,,raw
2019-11-01,55.8,59.5,55.6,58.89,,745651.0,,raw
2019-11-04,59.55,60.0,58.71,59.14,,384285.0,,raw
2019-11-05,59.49,60.08,58.78,59.39,,343451.0,,raw
2019-11-06,59.77,60.3,59.27,59.84,,264351.0,,raw
2019-11-07,59.7,59.7,58.79,59.5,,203387.0,,raw
2019-11-08,60.78,60.8,59.33,59.62,,310046.0,,raw
2019-11-11,58.65,58.71,57.0,57.2,,435711.0,,raw
2019-11-12,56.7,57.1,55.75,56.09,,361575.0,,raw
2019-11-13,56.88,56.91,56.11,56.55,,228964.0,,raw
2019-11-14,56.88,56.98,55.61,56.59,,209790.0,,raw
2019-11-15,56.72,57.0,56.36,56.55,,141966.0,,raw
2019-11-18,56.55,56.98,55.8,56.69,,180037.0,,raw
2019-11-19,56.58,57.98,56.4,57.83,,252679.0,,raw
2019-11-20,58.0,58.01,57.11,57.15,,139823.0,,raw
2019-11-21,57.0,57.25,55.75,56.2,,198835.0,,raw
2019-11-22,56.47,57.2,55.46,55.73,,206826.0,,raw
2019-11-25,55.73,56.54,55.02,56.53,,180129.0,,raw
2019-11-26,57.3,57.35,56.14,56.56,,187705.0,,raw
2019-11-27,55.43,55.59,54.67,55.13,,290810.0,,raw
2019-11-28,55.74,55.74,54.76,55.17,,203120.0,,raw
2019-11-29,55.11,55.14,53.68,54.3,,253826.0,,raw
2019-12-02,54.58,55.09,54.32,54.75,,180987.0,,raw
2019-12-03,54.76,55.03,54.09,54.53,,208875.0,,raw
2019-12-04,54.29,55.39,54.0,55.36,,273804.0,,raw
2019-12-05,55.85,55.87,55.11,55.53,,205044.0,,raw
2019-12-06,55.64,56.74,55.53,56.2,,237935.0,,raw
2019-12-09,56.6,57.5,56.18,56.81,,208514.0,,raw
2019-12-10,56.72,57.88,56.7,57.65,,207176.0,,raw
2019-12-11,57.67,57.78,56.8,57.06,,139654.0,,raw
2019-12-12,57.53,57.67,56.8,56.92,,127084.0,,raw
2019-12-13,58.0,58.5,57.57,58.4,,284443.0,,raw
2019-12-16,58.1,58.33,57.8,58.11,,216487.0,,raw
2019-12-17,58.11,58.95,57.74,58.5,,255847.0,,raw
2019-12-18,58.8,59.3,57.91,58.2,,236488.0,,raw
2019-12-19,58.0,58.5,57.86,58.08,,134763.0,,raw
2019-12-20,58.35,58.6,57.8,57.8,,181366.0,,raw
2019-12-23,58.32,58.32,56.98,57.27,,240867.0,,raw
2019-12-24,57.29,57.5,56.78,57.08,,173345.0,,raw
2019-12-25,57.2,57.75,57.0,57.2,,162257.0,,raw
2019-12-26,57.4,57.73,57.16,57.6,,142619.0,,raw
2019-12-27,57.8,58.13,57.16,57.2,,181588.0,,raw
2019-12-30,57.0,58.6,56.65,58.23,,238028.0,,raw
2019-12-31,58.17,58.4,57.91,58.25,,159793.0,,raw
2020-01-02,58.66,59.89,58.41,59.75,,346225.0,,raw
2020-01-03,59.9,59.96,58.18,58.26,,270042.0,,raw
2020-01-06,57.8,58.2,56.0,57.2,,288425.0,,raw
2020-01-07,57.4,58.21,57.2,58.05,,225265.0,,raw
2020-01-08,57.51,58.98,57.37,58.28,,253210.0,,raw
2020-01-09,58.8,59.73,58.5,59.45,,296353.0,,raw
2020-01-10,59.97,60.49,59.45,59.99,,280706.0,,raw
2020-01-13,60.5,60.66,59.5,60.11,,279511.0,,raw
2020-01-14,60.5,60.8,59.72,59.88,,162500.0,,raw
2020-01-15,59.9,60.0,58.88,59.5,,214899.0,,raw
2020-01-16,60.0,60.06,59.23,59.66,,199813.0,,raw
2020-01-17,59.99,61.0,59.49,60.31,,217132.0,,raw
2020-01-20,60.8,60.96,59.83,60.2,,201910.0,,raw
2020-01-21,59.7,59.76,58.03,58.1,,276432.0,,raw
2020-01-22,57.52,57.96,56.0,57.48,,411606.0,,raw
2020-01-23,56.1,56.74,55.0,55.1,,596536.0,,raw
2020-02-03,49.59,52.59,49.59,50.19,,705067.0,,raw
2020-02-04,50.3,52.82,50.3,52.79,,404130.0,,raw
2020-02-05,52.92,53.47,52.45,52.87,,348950.0,,raw
2020-02-06,52.87,53.96,52.36,53.79,,393667.0,,raw
2020-02-07,53.5,53.53,52.2,52.83,,344090.0,,raw
2020-02-10,52.3,52.78,51.72,52.3,,346047.0,,raw
2020-02-11,53.19,54.99,52.8,54.68,,493882.0,,raw
2020-02-12,54.57,55.36,54.02,54.89,,234337.0,,raw
2020-02-13,54.56,54.58,53.5,53.8,,319306.0,,raw
2020-02-14,53.5,53.96,53.18,53.74,,210043.0,,raw
2020-02-17,53.34,54.42,53.24,54.4,,325052.0,,raw
2020-02-18,54.4,54.4,53.32,53.53,,332035.0,,raw
2020-02-19,53.36,53.87,53.17,53.54,,237328.0,,raw
2020-02-20,53.7,54.98,53.32,54.86,,370411.0,,raw
2020-02-21,54.5,54.82,54.02,54.28,,297798.0,,raw
2020-02-24,55.36,55.37,54.45,54.91,,407824.0,,raw
2020-02-25,54.0,54.46,53.8,54.43,,315462.0,,raw
2020-02-26,53.7,55.32,53.21,54.3,,387240.0,,raw
2020-02-27,54.3,55.2,54.21,54.91,,284934.0,,raw
2020-02-28,53.88,54.18,52.79,53.05,,334057.0,,raw
2020-03-02,53.05,54.75,53.05,54.34,,318934.0,,raw
2020-03-03,54.51,55.0,53.97,54.5,,264999.0,,raw
2020-03-04,54.0,54.44,53.61,54.25,,239084.0,,raw
2020-03-05,54.55,56.8,54.35,56.54,,575718.0,,raw
2020-03-06,55.82,56.3,55.54,55.8,,280243.0,,raw
2020-03-09,54.4,54.47,53.81,53.89,,356342.0,,raw
2020-03-10,53.89,55.68,53.89,55.32,,375631.0,,raw
2020-03-11,55.12,55.32,54.46,54.47,,192607.0,,raw
2020-03-12,53.85,53.87,52.88,53.17,,344055.0,,raw
2020-03-13,50.87,52.96,50.07,51.9,,452084.0,,raw
2020-03-16,52.2,52.27,50.0,50.1,,396679.0,,raw
2020-03-17,49.62,51.3,48.57,49.0,,477082.0,,raw
2020-03-18,49.7,51.89,49.58,49.7,,586059.0,,raw
2020-03-19,50.35,50.6,47.5,48.6,,554869.0,,raw
2020-03-20,49.25,49.73,48.5,49.05,,367067.0,,raw
2020-03-23,47.5,47.98,46.3,46.5,,477036.0,,raw
2020-03-24,47.35,48.25,46.91,47.99,,419576.0,,raw
2020-03-25,49.5,50.16,48.86,49.49,,390113.0,,raw
2020-03-26,49.4,49.77,48.84,49.0,,232484.0,,raw
2020-03-27,50.0,50.45,49.38,49.45,,260154.0,,raw
2020-03-30,48.8,48.8,47.5,48.09,,370522.0,,raw
2020-03-31,48.76,49.35,48.34,48.42,,225253.0,,raw
2020-04-01,48.95,49.32,48.05,48.58,,234391.0,,raw
2020-04-02,48.17,49.0,47.8,48.96,,235144.0,,raw
2020-04-03,48.8,49.06,48.21,48.38,,196382.0,,raw
2020-04-07,49.21,49.4,48.7,48.97,,400486.0,,raw
2020-04-08,48.6,48.73,48.06,48.24,,244268.0,,raw
2020-04-09,48.52,48.55,48.11,48.3,,171399.0,,raw
2020-04-10,48.3,50.56,48.04,49.28,,412461.0,,raw
2020-04-13,49.59,50.58,49.3,49.89,,310765.0,,raw
2020-04-14,50.67,50.7,49.6,50.48,,307942.0,,raw
2020-04-15,50.0,51.28,49.2,50.2,,395915.0,,raw
2020-04-16,50.2,50.2,49.27,49.49,,279294.0,,raw
2020-04-17,50.0,50.31,49.6,50.09,,352499.0,,raw
2020-04-20,50.29,50.98,50.01,50.73,,208857.0,,raw
2020-04-21,50.99,51.0,50.0,50.25,,209713.0,,raw
2020-04-22,50.2,51.47,49.99,51.4,,207637.0,,raw
2020-04-23,51.69,52.39,51.31,51.99,,271166.0,,raw
2020-04-24,52.04,52.3,51.71,52.01,,133416.0,,raw
2020-04-27,51.27,52.24,50.85,51.5,,215235.0,,raw
2020-04-28,51.5,51.94,50.75,51.79,,251835.0,,raw
2020-04-29,51.4,52.77,51.15,52.25,,206235.0,,raw
2020-04-30,53.3,54.16,53.3,53.75,,340323.0,,raw
2020-05-06,53.0,54.2,52.7,54.2,,328565.0,,raw
2020-05-07,54.19,54.45,53.84,54.0,,213755.0,,raw
2020-05-08,54.48,56.48,54.23,56.33,,409621.0,,raw
2020-05-11,56.59,58.5,56.42,56.91,,379598.0,,raw
2020-05-12,57.5,58.38,57.03,58.0,,286034.0,,raw
2020-05-13,57.6,58.0,56.91,57.75,,219386.0,,raw
2020-05-14,57.75,58.3,57.51,58.0,,180020.0,,raw
2020-05-15,58.0,58.1,56.87,56.95,,233617.0,,raw
2020-05-18,57.5,58.2,56.63,57.49,,261775.0,,raw
2020-05-19,58.4,59.2,58.0,58.76,,278551.0,,raw
2020-05-20,58.53,59.1,58.52,59.03,,190615.0,,raw
2020-05-21,59.55,59.64,58.36,58.72,,149135.0,,raw
2020-05-22,58.44,58.55,56.61,57.12,,260862.0,,raw
2020-05-25,58.3,58.39,56.14,56.84,,159445.0,,raw
2020-05-26,57.3,58.25,56.77,58.0,,184308.0,,raw
2020-05-27,58.25,59.38,57.89,58.25,,258065.0,,raw
2020-05-28,59.17,59.37,57.83,58.15,,206031.0,,raw
2020-05-29,57.99,59.25,57.99,59.02,,182549.0,,raw
2020-06-01,59.3,60.48,59.3,60.42,,294803.0,,raw
2020-06-02,59.66,59.66,58.55,58.7,,206805.0,,raw
2020-06-03,59.15,59.37,57.91,58.33,,180929.0,,raw
2020-06-04,58.85,59.9,58.71,58.85,,140258.0,,raw
2020-06-05,58.99,59.18,58.6,58.95,,127259.0,,raw
2020-06-08,59.4,61.56,59.03,60.16,,359440.0,,raw
2020-06-09,60.55,61.43,60.28,60.66,,240135.0,,raw
2020-06-10,61.08,61.21,60.18,60.32,,190148.0,,raw
2020-06-11,60.35,60.61,59.1,59.66,,201377.0,,raw
2020-06-12,58.7,60.0,58.5,59.98,,185190.0,,raw
2020-06-15,59.09,59.43,58.0,58.0,,320004.0,,raw
2020-06-16,58.69,59.3,58.59,59.0,,183088.0,,raw
2020-06-17,58.81,58.88,57.65,57.9,,221283.0,,raw
2020-06-18,57.85,57.99,57.16,57.85,,267225.0,,raw
2020-06-19,57.85,59.98,57.85,59.77,,324280.0,,raw
2020-06-22,59.6,59.95,58.92,59.09,,219797.0,,raw
2020-06-23,58.86,59.46,58.48,59.0,,181146.0,,raw
2020-06-24,59.2,60.18,59.09,59.7,,200320.0,,raw
2020-06-29,59.7,60.0,58.71,59.95,,261061.0,,raw
2020-06-30,60.0,61.0,59.5,59.79,,261252.0,,raw
2020-07-01,59.7,62.49,58.92,62.44,,442610.0,,raw
2020-07-02,61.81,63.42,61.61,62.95,,435262.0,,raw
2020-07-03,63.1,63.95,61.83,62.39,,340798.0,,raw
2020-07-06,62.81,64.99,62.51,64.03,,599258.0,,raw
2020-07-07,64.14,67.55,64.1,64.38,,490390.0,,raw
2020-07-08,64.3,65.3,63.26,63.98,,284820.0,,raw
2020-07-09,64.0,65.0,63.0,64.98,,312281.0,,raw
2020-07-10,64.5,64.52,63.2,63.4,,273297.0,,raw
2020-07-13,62.92,64.1,62.84,63.25,,344679.0,,raw
2020-07-14,63.86,63.87,61.19,61.84,,382960.0,,raw
2020-07-15,61.89,64.0,61.85,62.98,,436949.0,,raw
2020-07-16,63.0,64.49,61.09,61.14,,369589.0,,raw
2020-07-17,60.8,64.42,60.72,63.9,,360876.0,,raw
2020-07-20,63.9,67.68,63.28,67.38,,600694.0,,raw
2020-07-21,67.0,67.92,66.07,67.35,,328747.0,,raw
2020-07-22,66.8,67.98,66.31,67.35,,303898.0,,raw
2020-07-23,66.5,70.47,66.36,70.19,,487159.0,,raw
2020-07-24,69.17,70.15,66.0,66.5,,409256.0,,raw
2020-07-27,67.61,67.8,64.8,67.18,,273029.0,,raw
2020-07-28,67.18,68.54,66.62,67.11,,234103.0,,raw
2020-07-29,67.35,72.0,67.35,71.63,,460542.0,,raw
2020-07-30,71.6,72.3,70.25,70.97,,194808.0,,raw
2020-07-31,70.58,73.75,70.07,71.75,,293575.0,,raw
2020-08-03,72.0,74.74,71.81,72.49,,343310.0,,raw
2020-08-04,72.0,72.28,70.33,72.05,,292271.0,,raw
2020-08-05,71.0,72.4,70.8,71.4,,191118.0,,raw
2020-08-06,71.0,71.8,70.04,70.6,,218735.0,,raw
2020-08-07,70.38,71.11,68.85,70.55,,254144.0,,raw
2020-08-10,70.2,72.4,69.3,72.0,,241055.0,,raw
2020-08-11,72.15,73.49,71.18,71.3,,205681.0,,raw
2020-08-12,70.66,71.61,69.17,69.66,,289738.0,,raw
2020-08-13,69.81,71.08,69.78,70.01,,130645.0,,raw
2020-08-14,70.0,72.07,69.73,72.04,,161197.0,,raw
2020-08-17,72.4,73.8,71.4,72.13,,245172.0,,raw
2020-08-18,72.14,72.74,71.06,71.8,,193015.0,,raw
2020-08-19,71.7,72.3,70.0,70.12,,253273.0,,raw
2020-08-20,69.8,70.09,68.65,69.04,,219076.0,,raw
2020-08-21,69.15,69.88,68.85,69.38,,126456.0,,raw
2020-08-24,69.3,70.39,69.16,70.37,,174279.0,,raw
2020-08-25,70.35,70.4,69.54,69.98,,179318.0,,raw
2020-08-26,69.98,71.4,68.65,69.29,,237702.0,,raw
2020-08-27,69.3,69.85,67.09,67.99,,342932.0,,raw
2020-08-28,67.4,70.52,67.1,70.28,,323186.0,,raw
2020-08-31,71.03,73.49,70.53,70.54,,258683.0,,raw
2020-09-01,70.56,72.22,70.55,71.7,,205477.0,,raw
2020-09-02,72.0,72.49,70.38,70.93,,183108.0,,raw
2020-09-03,71.0,72.98,70.72,70.93,,325309.0,,raw
2020-09-04,69.5,69.88,68.2,68.79,,359336.0,,raw
2020-09-07,68.1,68.67,66.49,66.7,,442226.0,,raw
2020-09-08,66.7,67.0,65.64,66.88,,263509.0,,raw
2020-09-09,66.0,66.58,64.73,64.86,,284542.0,,raw
2020-09-10,65.51,66.21,64.91,65.9,,210302.0,,raw
2020-09-11,65.5,66.8,64.58,66.18,,215127.0,,raw
2020-09-14,66.28,68.25,66.2,68.0,,217393.0,,raw
2020-09-15,68.52,70.77,68.46,70.42,,290016.0,,raw
2020-09-16,70.29,71.98,69.2,69.66,,291213.0,,raw
2020-09-17,69.8,71.0,69.31,70.6,,274435.0,,raw
2020-09-18,71.12,71.33,70.04,70.28,,217515.0,,raw
2020-09-21,70.25,71.16,69.41,70.03,,165610.0,,raw
2020-09-22,69.5,70.56,69.46,69.89,,139967.0,,raw
2020-09-23,70.01,71.36,69.48,71.07,,171445.0,,raw
2020-09-24,70.56,70.95,69.67,70.46,,200758.0,,raw
2020-09-25,70.65,71.77,70.08,70.3,,120815.0,,raw
2020-09-28,70.3,71.5,69.96,70.9,,173937.0,,raw
2020-09-29,71.0,72.9,71.0,72.45,,233914.0,,raw
2020-09-30,72.9,73.63,72.28,72.6,,221337.0,,raw
2020-10-09,73.06,74.16,73.01,73.39,,251587.0,,raw
2020-10-12,72.6,73.98,72.3,73.98,,263256.0,,raw
2020-10-13,73.98,75.95,73.44,75.89,,255775.0,,raw
2020-10-14,75.1,76.47,74.8,75.25,,196134.0,,raw
2020-10-15,75.03,76.96,74.78,76.1,,192110.0,,raw
2020-10-16,75.7,76.38,74.7,74.8,,145917.0,,raw
2020-10-19,74.82,77.15,74.51,75.0,,177792.0,,raw
2020-10-20,74.51,76.98,74.51,76.3,,154354.0,,raw
2020-10-21,75.88,78.05,75.88,77.5,,213889.0,,raw
2020-10-22,77.3,78.56,76.2,78.4,,156502.0,,raw
2020-10-23,77.75,78.25,75.1,75.11,,181233.0,,raw
2020-10-26,74.98,76.8,73.6,76.66,,165905.0,,raw
2020-10-27,76.1,76.79,75.39,75.71,,156921.0,,raw
2020-10-28,75.76,77.5,75.63,76.71,,187216.0,,raw
2020-10-29,76.0,81.89,75.8,81.18,,377794.0,,raw
2020-10-30,82.05,82.5,77.55,77.87,,328417.0,,raw
2020-11-02,79.01,85.0,79.0,83.4,,522253.0,,raw
2020-11-03,83.41,83.45,80.9,82.55,,351575.0,,raw
2020-11-04,82.6,86.88,82.2,85.66,,389583.0,,raw
2020-11-05,86.05,88.5,85.04,86.11,,356240.0,,raw
2020-11-06,86.13,91.3,85.13,90.14,,468036.0,,raw
2020-11-09,90.46,94.46,89.43,90.72,,470786.0,,raw
2020-11-10,89.7,89.72,86.51,89.66,,352383.0,,raw
2020-11-11,88.2,89.77,86.68,88.1,,341980.0,,raw
2020-11-12,90.5,90.79,88.23,90.6,,282238.0,,raw
2020-11-13,90.3,90.56,88.79,90.52,,216052.0,,raw
2020-11-16,91.5,91.8,87.06,89.36,,372724.0,,raw
2020-11-17,89.8,91.5,89.37,89.92,,289689.0,,raw
2020-11-18,90.04,91.55,88.15,89.29,,229527.0,,raw
2020-11-19,90.0,95.32,89.51,94.0,,413156.0,,raw
2020-11-20,94.13,94.79,91.46,91.59,,461606.0,,raw
2020-11-23,90.5,93.68,89.42,93.47,,456914.0,,raw
2020-11-24,93.42,93.45,89.01,90.65,,399669.0,,raw
2020-11-25,90.65,91.39,88.85,89.56,,291595.0,,raw
2020-11-26,89.0,89.56,86.01,87.02,,475096.0,,raw
2020-11-27,87.46,88.86,86.54,87.8,,230373.0,,raw
2020-11-30,87.31,88.5,86.26,86.85,,299269.0,,raw
2020-12-01,86.25,88.0,86.25,87.92,,236925.0,,raw
2020-12-02,89.0,90.59,88.54,89.91,,366072.0,,raw
2020-12-03,89.79,90.08,88.21,89.6,,255520.0,,raw
2020-12-04,88.82,89.06,87.17,88.36,,327226.0,,raw
2020-12-07,88.88,89.0,87.52,88.06,,202285.0,,raw
2020-12-08,87.52,88.13,85.45,86.7,,366900.0,,raw
2020-12-09,86.01,86.62,83.5,83.56,,461126.0,,raw
2020-12-10,83.5,85.45,83.5,85.1,,253001.0,,raw
2020-12-11,85.9,85.9,83.41,84.0,,225061.0,,raw
2020-12-14,85.88,86.0,83.33,84.44,,262470.0,,raw
2020-12-15,84.92,86.4,83.4,85.73,,328120.0,,raw
2020-12-16,86.11,89.07,85.93,88.1,,413021.0,,raw
2020-12-17,88.7,90.78,88.45,89.67,,316461.0,,raw
2020-12-18,89.11,89.99,88.32,89.3,,274777.0,,raw
2020-12-21,89.72,89.72,87.04,88.81,,283689.0,,raw
2020-12-22,88.33,90.78,87.42,89.75,,310715.0,,raw
2020-12-23,89.98,93.5,89.53,92.0,,390547.0,,raw
2020-12-24,92.0,92.89,90.55,92.89,,197783.0,,raw
2020-12-25,92.67,94.22,91.5,93.58,,217072.0,,raw
2020-12-28,93.48,97.35,93.41,95.8,,394786.0,,raw
2020-12-29,95.76,95.79,93.76,95.19,,216552.0,,raw
2020-12-30,95.5,96.6,94.21,95.98,,231644.0,,raw
2020-12-31,96.0,98.98,95.98,98.44,,268672.0,,raw
2021-01-04,98.9,101.95,98.03,99.01,,338827.0,,raw
2021-01-05,98.07,101.94,97.0,101.54,,351148.0,,raw
2021-01-06,103.0,104.8,99.65,100.96,,360203.0,,raw
2021-01-07,102.0,105.67,101.2,104.82,,451401.0,,raw
2021-01-08,104.0,104.7,101.25,103.01,,330690.0,,raw
2021-01-11,103.2,104.33,100.0,101.0,,341892.0,,raw
2021-01-12,100.31,104.28,100.31,104.1,,355296.0,,raw
2021-01-13,105.0,105.71,102.04,103.34,,343487.0,,raw
2021-01-14,103.6,104.39,99.39,99.6,,373815.0,,raw
2021-01-15,99.03,100.17,96.78,99.69,,357438.0,,raw
2021-01-18,99.39,100.28,97.51,99.12,,286772.0,,raw
2021-01-19,99.69,100.11,94.48,94.85,,423078.0,,raw
2021-01-20,96.0,98.12,95.5,96.28,,322023.0,,raw
2021-01-21,97.24,101.0,96.99,100.1,,409302.0,,raw
2021-01-22,100.0,101.53,98.09,100.57,,307756.0,,raw
2021-01-25,101.0,102.87,98.7,101.98,,377360.0,,raw
2021-01-26,101.0,101.0,97.1,97.94,,407670.0,,raw
2021-01-27,97.09,99.84,96.38,97.95,,283269.0,,raw
2021-01-28,96.53,96.99,94.5,95.16,,310572.0,,raw
2021-01-29,95.35,97.79,93.68,96.33,,372465.0,,raw
2021-02-01,96.33,98.51,94.66,98.2,,286063.0,,raw
2021-02-02,97.4,100.2,97.4,98.58,,315444.0,,raw
2021-02-03,99.5,100.4,96.2,97.64,,323955.0,,raw
2021-02-04,96.29,97.59,95.23,96.4,,364864.0,,raw
2021-02-05,96.98,98.37,95.0,97.25,,372624.0,,raw
2021-02-08,97.26,97.5,94.4,96.66,,377436.0,,raw
2021-02-09,97.59,101.9,96.89,101.9,,537122.0,,raw
2021-02-10,102.92,108.0,101.5,107.11,,536799.0,,raw
2021-02-18,107.12,107.36,97.0,98.3,,940429.0,,raw
2021-02-19,95.01,98.33,95.01,97.99,,693877.0,,raw
2021-02-22,97.28,97.28,90.38,90.44,,903986.0,,raw
2021-02-23,89.05,92.0,88.83,90.94,,604755.0,,raw
2021-02-24,96.1,98.6,93.12,95.02,,1003546.0,,raw
2021-02-25,94.9,95.79,92.1,93.94,,416370.0,,raw
2021-02-26,92.0,94.49,91.02,93.08,,601123.0,,raw
2021-03-01,93.4,95.3,91.83,93.33,,370844.0,,raw
2021-03-02,94.87,95.84,92.7,93.52,,473398.0,,raw
2021-03-03,92.73,93.72,91.5,93.49,,330592.0,,raw
2021-03-04,92.22,92.58,89.44,89.9,,446348.0,,raw
2021-03-05,87.57,90.27,86.03,89.5,,409487.0,,raw
2021-03-08,88.5,89.71,85.44,85.5,,488293.0,,raw
2021-03-09,84.65,84.9,81.7,81.99,,568963.0,,raw
2021-03-10,84.0,84.66,82.05,83.66,,473168.0,,raw
2021-03-11,84.58,86.5,83.5,85.95,,408116.0,,raw
2021-03-12,85.97,88.03,85.21,85.96,,323645.0,,raw
2021-03-15,84.81,84.84,81.0,82.3,,490514.0,,raw
2021-03-16,82.41,83.03,81.55,82.58,,349261.0,,raw
2021-03-17,82.01,84.28,81.36,84.07,,370952.0,,raw
2021-03-18,84.98,87.0,84.8,86.71,,347036.0,,raw
2021-03-19,85.0,86.6,84.39,85.31,,305292.0,,raw
2021-03-22,84.99,85.53,82.3,83.38,,314093.0,,raw
2021-03-23,83.38,83.44,81.07,81.47,,369696.0,,raw
2021-03-24,81.5,82.48,81.26,81.68,,235368.0,,raw
2021-03-25,81.07,81.5,79.3,80.68,,247525.0,,raw
2021-03-26,81.1,82.5,79.96,82.01,,310830.0,,raw
2021-03-29,81.96,82.47,81.0,81.47,,294535.0,,raw
2021-03-30,81.86,83.49,81.11,82.47,,351972.0,,raw
2021-03-31,82.8,82.98,81.25,82.23,,273525.0,,raw
2021-04-01,82.0,85.88,81.8,85.43,,352045.0,,raw
2021-04-02,85.5,88.5,84.9,87.11,,291525.0,,raw
2021-04-06,87.16,87.7,84.0,84.38,,257668.0,,raw
2021-04-07,84.38,84.49,81.88,82.72,,299775.0,,raw
2021-04-08,82.51,82.92,81.95,82.68,,182114.0,,raw
2021-04-09,82.98,82.98,80.24,80.45,,322386.0,,raw
2021-04-12,80.3,81.26,79.0,79.3,,252775.0,,raw
2021-04-13,78.95,79.82,78.12,78.69,,213628.0,,raw
2021-04-14,78.97,80.63,78.89,80.13,,210692.0,,raw
2021-04-15,80.13,81.0,78.96,80.28,,174453.0,,raw
2021-04-16,80.3,80.6,78.9,79.9,,153478.0,,raw
2021-04-19,80.0,82.11,79.0,81.67,,267594.0,,raw
2021-04-20,81.08,81.5,80.03,80.98,,231534.0,,raw
2021-04-21,80.0,80.5,79.5,79.6,,251906.0,,raw
2021-04-22,79.62,80.29,79.01,80.25,,230969.0,,raw
2021-04-23,80.42,84.0,80.26,83.86,,451416.0,,raw
2021-04-26,84.24,85.0,79.91,80.03,,418029.0,,raw
2021-04-27,79.97,81.63,79.2,80.72,,190001.0,,raw
2021-04-28,81.0,81.7,80.08,81.55,,179026.0,,raw
2021-04-29,82.06,84.25,81.87,83.43,,298160.0,,raw
2021-04-30,84.7,84.7,79.8,80.17,,582377.0,,raw
2021-05-06,78.31,79.77,77.49,77.56,,491159.0,,raw
2021-05-07,77.4,77.55,75.0,75.08,,437295.0,,raw
2021-05-10,75.83,79.2,75.83,78.0,,549440.0,,raw
2021-05-11,77.16,79.0,76.59,78.34,,273335.0,,raw
2021-05-12,78.9,78.9,76.45,77.27,,273410.0,,raw
2021-05-13,76.12,76.5,75.0,75.15,,329508.0,,raw
2021-05-14,75.3,76.57,73.62,76.44,,304811.0,,raw
2021-05-17,77.0,79.35,76.88,78.4,,418092.0,,raw
2021-05-18,79.8,80.0,77.2,77.84,,268555.0,,raw
2021-05-19,77.05,77.76,76.5,77.33,,225053.0,,raw
2021-05-20,79.0,80.86,77.57,80.7,,735331.0,,raw
2021-05-21,81.1,83.1,80.87,81.55,,502224.0,,raw
2021-05-24,82.63,83.0,80.95,82.2,,360149.0,,raw
2021-05-25,82.97,84.2,82.34,83.28,,417467.0,,raw
2021-05-26,83.9,84.99,82.45,84.33,,360382.0,,raw
2021-05-27,84.99,85.03,83.43,83.9,,296157.0,,raw
2021-05-28,83.28,83.29,82.0,82.53,,387415.0,,raw
2021-05-31,82.7,82.7,79.74,81.0,,523951.0,,raw
2021-06-01,80.91,80.91,79.32,80.17,,473371.0,,raw
2021-06-02,79.4,79.5,78.5,79.5,,342847.0,,raw
2021-06-03,79.5,79.84,77.48,77.93,,416690.0,,raw
2021-06-04,77.41,78.5,76.53,77.73,,283066.0,,raw
2021-06-07,77.75,77.77,76.15,76.78,,277275.0,,raw
2021-06-08,76.9,77.3,75.63,76.02,,320893.0,,raw
2021-06-09,76.27,76.62,75.2,75.59,,251380.0,,raw
2021-06-10,75.7,75.94,74.9,75.4,,320756.0,,raw
2021-06-11,75.4,75.6,73.51,74.0,,465214.0,,raw
2021-06-15,73.87,74.5,72.0,73.24,,445900.0,,raw
2021-06-16,73.9,75.26,73.2,75.0,,449702.0,,raw
2021-06-17,75.2,75.33,73.3,73.46,,299292.0,,raw
2021-06-18,73.33,74.21,72.16,73.8,,388179.0,,raw
2021-06-21,73.82,73.83,71.17,72.0,,477386.0,,raw
2021-06-22,71.9,72.88,70.88,71.28,,410342.0,,raw
2021-06-23,71.21,73.29,70.7,73.17,,434044.0,,raw
2021-06-24,74.5,74.5,72.71,73.2,,287028.0,,raw
2021-06-25,73.57,73.78,72.58,73.17,,412552.0,,raw
2021-06-28,73.18,73.9,72.5,73.21,,306846.0,,raw
2021-06-29,73.78,73.8,71.24,71.46,,349799.0,,raw
2021-06-30,71.1,71.9,70.85,71.37,,284444.0,,raw
2021-07-01,71.3,73.39,70.56,73.24,,446418.0,,raw
2021-07-02,72.63,72.75,70.66,71.1,,403184.0,,raw
2021-07-05,70.28,70.37,66.78,68.2,,780811.0,,raw
2021-07-06,67.66,69.35,66.81,68.61,,410637.0,,raw
2021-07-07,68.95,71.95,68.61,70.39,,559598.0,,raw
2021-07-08,70.0,70.79,68.86,70.0,,359770.0,,raw
2021-07-09,69.55,70.58,68.71,69.2,,290798.0,,raw
2021-07-12,69.64,71.5,68.92,70.7,,404955.0,,raw
2021-07-13,70.78,73.33,70.58,72.8,,474532.0,,raw
2021-07-14,72.45,72.8,71.56,72.0,,334055.0,,raw
2021-07-15,72.0,72.35,70.61,71.17,,319702.0,,raw
2021-07-16,71.3,71.3,68.8,69.7,,456910.0,,raw
2021-07-19,69.79,70.3,68.6,70.14,,305612.0,,raw
2021-07-20,69.66,70.22,69.01,69.61,,230948.0,,raw
2021-07-21,69.72,69.92,67.81,67.99,,515187.0,,raw
2021-07-22,67.99,69.89,66.98,68.3,,428838.0,,raw
2021-07-23,68.3,68.88,66.51,66.96,,424513.0,,raw
2021-07-26,65.58,66.07,63.87,64.68,,570129.0,,raw
2021-07-27,64.67,64.98,61.4,61.4,,618699.0,,raw
2021-07-28,61.4,63.8,61.11,63.28,,477829.0,,raw
2021-07-29,64.5,64.5,62.63,63.3,,392713.0,,raw
2021-07-30,63.09,64.08,61.96,63.51,,419779.0,,raw
2021-08-02,63.5,66.66,62.58,66.08,,544453.0,,raw
2021-08-03,65.5,72.26,65.18,70.92,,899928.0,,raw
2021-08-04,70.4,71.68,69.73,69.99,,426362.0,,raw
2021-08-05,69.45,71.61,69.09,69.9,,453383.0,,raw
2021-08-06,70.0,71.05,68.05,70.35,,344818.0,,raw
2021-08-09,69.6,73.5,69.37,72.47,,513619.0,,raw
2021-08-10,72.1,72.85,70.83,72.85,,323715.0,,raw
2021-08-11,72.34,73.55,71.87,71.93,,285607.0,,raw
2021-08-12,71.5,72.47,70.6,70.92,,305393.0,,raw
2021-08-13,70.92,71.98,69.8,71.61,,303013.0,,raw
2021-08-16,71.61,75.45,71.45,74.99,,663056.0,,raw
2021-08-17,74.98,75.5,73.11,73.4,,414103.0,,raw
2021-08-18,73.39,75.0,72.7,74.5,,326173.0,,raw
2021-08-19,74.96,75.28,71.87,71.94,,328662.0,,raw
2021-08-20,70.99,72.49,69.79,72.0,,301298.0,,raw
2021-08-23,71.7,72.55,70.13,70.61,,242164.0,,raw
2021-08-24,70.2,71.15,68.18,70.5,,387440.0,,raw
2021-08-25,70.1,70.7,69.0,69.15,,253519.0,,raw
2021-08-26,69.14,69.65,67.51,67.93,,305609.0,,raw
2021-08-27,67.93,68.98,67.38,67.8,,245561.0,,raw
2021-08-30,67.95,68.11,65.31,65.98,,453444.0,,raw
2021-08-31,65.9,67.89,65.26,66.0,,319641.0,,raw
2021-09-01,66.51,69.85,65.18,69.15,,541205.0,,raw
2021-09-02,69.58,69.58,67.85,69.19,,427613.0,,raw
2021-09-03,68.97,70.13,68.2,70.04,,286808.0,,raw
2021-09-06,70.12,73.24,70.11,72.12,,396106.0,,raw
2021-09-07,72.7,73.93,71.81,73.02,,389370.0,,raw
2021-09-08,73.0,73.65,72.21,72.72,,266824.0,,raw
2021-09-09,72.72,73.35,71.23,72.02,,223508.0,,raw
2021-09-10,72.02,73.0,71.1,72.4,,210796.0,,raw
2021-09-13,72.32,72.69,70.73,70.98,,212938.0,,raw
2021-09-14,71.0,71.4,68.21,68.43,,307033.0,,raw
2021-09-15,68.01,68.42,65.8,66.52,,396307.0,,raw
2021-09-16,66.52,67.18,65.8,65.95,,294662.0,,raw
2021-09-17,66.36,68.28,66.09,68.26,,260977.0,,raw
2021-09-22,67.0,67.3,65.88,66.08,,239678.0,,raw
2021-09-23,66.76,67.1,66.0,66.79,,199430.0,,raw
2021-09-24,66.5,68.2,66.09,67.2,,273724.0,,raw
2021-09-27,67.19,70.39,66.77,68.7,,332665.0,,raw
2021-09-28,68.07,70.5,67.31,70.27,,347514.0,,raw
2021-09-29,69.95,70.9,69.28,70.27,,295308.0,,raw
2021-09-30,70.27,71.13,69.5,69.6,,218791.0,,raw
2021-10-08,70.2,72.58,69.75,72.5,,416134.0,,raw
2021-10-11,72.7,73.1,71.08,71.08,,234492.0,,raw
2021-10-12,71.11,72.58,70.08,71.62,,215990.0,,raw
2021-10-13,72.0,72.22,70.25,71.0,,160559.0,,raw
2021-10-14,71.03,71.62,69.65,70.13,,162334.0,,raw
2021-10-15,71.0,71.78,70.36,71.0,,204251.0,,raw
2021-10-18,71.0,71.0,69.0,69.62,,219019.0,,raw
2021-10-19,69.31,70.46,69.05,69.88,,181045.0,,raw
2021-10-20,70.0,70.5,68.02,68.07,,302766.0,,raw
2021-10-21,68.28,69.79,68.04,69.68,,205973.0,,raw
2021-10-22,69.97,75.0,69.95,74.5,,819479.0,,raw
2021-10-25,73.99,74.3,71.6,72.4,,430581.0,,raw
2021-10-26,71.75,71.98,70.02,70.02,,396448.0,,raw
2021-10-27,69.06,69.45,67.0,67.0,,678497.0,,raw
2021-10-28,66.5,68.35,66.04,68.12,,277979.0,,raw
2021-10-29,67.43,69.5,67.3,68.77,,282021.0,,raw
2021-11-01,71.27,73.92,70.65,72.81,,748111.0,,raw
2021-11-02,72.81,73.39,70.38,70.81,,339796.0,,raw
2021-11-03,70.03,71.5,69.32,69.32,,221363.0,,raw
2021-11-04,70.0,71.24,69.49,70.72,,236741.0,,raw
2021-11-05,70.31,71.81,69.79,70.75,,186306.0,,raw
2021-11-08,70.63,70.96,69.8,70.44,,149610.0,,raw
2021-11-09,70.35,70.35,68.37,69.0,,227670.0,,raw
2021-11-10,68.69,69.8,68.02,69.58,,237358.0,,raw
2021-11-11,69.19,72.36,68.9,72.04,,363320.0,,raw
2021-11-12,71.88,73.88,71.6,72.17,,266144.0,,raw
2021-11-15,72.0,73.0,71.5,72.48,,214973.0,,raw
2021-11-16,73.0,73.5,72.39,72.73,,211402.0,,raw
2021-11-17,72.25,73.2,71.52,72.11,,143903.0,,raw
2021-11-18,71.83,71.84,69.98,70.22,,194134.0,,raw
2021-11-19,70.22,70.5,69.31,70.0,,251030.0,,raw
2021-11-22,69.73,70.28,69.5,69.95,,229662.0,,raw
2021-11-23,69.94,69.94,69.02,69.47,,224157.0,,raw
2021-11-24,70.15,70.37,69.02,70.15,,252710.0,,raw
2021-11-25,70.0,70.0,69.08,69.14,,181103.0,,raw
2021-11-26,69.0,69.45,68.58,68.81,,140484.0,,raw
2021-11-29,67.99,68.58,67.72,68.17,,200021.0,,raw
2021-11-30,67.86,69.15,67.67,67.78,,195437.0,,raw
2021-12-01,67.67,68.2,67.2,68.16,,180101.0,,raw
2021-12-02,67.38,67.97,67.11,67.74,,172928.0,,raw
2021-12-03,67.71,67.71,66.68,67.16,,217092.0,,raw
2021-12-06,67.16,68.78,67.11,68.57,,281560.0,,raw
2021-12-07,69.1,70.4,69.1,70.23,,459961.0,,raw
2021-12-08,70.39,70.45,69.0,69.99,,244486.0,,raw
2021-12-09,71.5,72.75,70.88,72.22,,587206.0,,raw
2021-12-10,71.66,72.4,70.7,71.9,,297743.0,,raw
2021-12-13,72.75,75.27,72.52,72.95,,543930.0,,raw
2021-12-14,72.25,72.48,71.05,71.05,,253301.0,,raw
2021-12-15,70.99,71.41,70.18,70.35,,165669.0,,raw
2021-12-16,70.45,70.88,69.82,70.4,,153604.0,,raw
2021-12-17,70.09,70.26,68.7,68.7,,204678.0,,raw
2021-12-20,68.88,70.34,68.81,69.62,,206580.0,,raw
2021-12-21,69.61,72.13,69.5,71.65,,317597.0,,raw
2021-12-22,71.45,71.9,70.03,71.53,,224831.0,,raw
2021-12-23,71.09,72.87,71.0,71.87,,196542.0,,raw
2021-12-24,71.33,72.25,70.83,72.16,,163775.0,,raw
2021-12-27,72.2,74.0,71.9,73.05,,275623.0,,raw
2021-12-28,73.05,75.46,73.05,75.18,,512720.0,,raw
2021-12-29,75.0,75.55,73.75,74.01,,215843.0,,raw
2021-12-30,74.0,74.5,73.18,73.96,,218290.0,,raw
2021-12-31,73.9,74.44,72.78,73.81,,216734.0,,raw
2022-01-04,74.0,75.5,73.6,75.36,,310408.0,,raw
2022-01-05,75.4,79.83,74.74,76.27,,613699.0,,raw
2022-01-06,75.81,78.19,74.8,74.98,,341889.0,,raw
2022-01-07,75.48,78.48,75.01,77.78,,437221.0,,raw
2022-01-10,78.2,80.88,77.0,77.8,,352522.0,,raw
2022-01-11,77.02,78.82,75.5,75.6,,336945.0,,raw
2022-01-12,76.09,76.32,73.03,74.28,,384641.0,,raw
2022-01-13,74.58,75.36,72.2,72.32,,267326.0,,raw
2022-01-14,72.1,72.85,71.4,72.0,,209970.0,,raw
2022-01-17,72.1,73.44,71.72,73.03,,203811.0,,raw
2022-01-18,72.81,73.68,72.02,73.3,,213077.0,,raw
2022-01-19,73.7,76.19,73.46,75.23,,404011.0,,raw
2022-01-20,75.19,78.8,75.11,78.62,,506622.0,,raw
2022-01-21,78.12,78.82,76.63,77.41,,302262.0,,raw
2022-01-24,76.8,79.03,76.5,77.08,,169131.0,,raw
2022-01-25,76.8,78.8,75.22,75.85,,251852.0,,raw
2022-01-26,76.47,77.53,75.54,76.51,,179965.0,,raw
2022-01-27,75.75,76.77,74.51,74.82,,258966.0,,raw
2022-01-28,74.83,76.0,73.03,73.2,,269219.0,,raw
2022-02-07,74.5,75.64,73.38,74.7,,212958.0,,raw
2022-02-08,74.4,74.9,73.0,74.3,,252228.0,,raw
2022-02-09,74.6,77.07,73.9,76.59,,308211.0,,raw
2022-02-10,76.1,76.61,73.5,73.65,,400938.0,,raw
2022-02-11,73.15,74.6,72.48,74.14,,263156.0,,raw
2022-02-14,73.5,73.53,71.6,73.0,,198336.0,,raw
2022-02-15,72.72,73.3,71.9,72.03,,226626.0,,raw
2022-02-16,72.18,73.49,71.8,73.3,,189393.0,,raw
2022-02-17,73.01,73.8,72.11,72.27,,177123.0,,raw
2022-02-18,71.79,73.14,71.31,73.0,,153925.0,,raw
2022-02-21,72.8,72.82,72.0,72.7,,107091.0,,raw
2022-02-22,72.1,72.15,69.25,70.17,,363014.0,,raw
2022-02-23,70.05,70.64,69.7,70.48,,195986.0,,raw
2022-02-24,69.52,69.76,67.46,68.3,,418997.0,,raw
2022-02-25,68.75,68.95,67.81,68.12,,224171.0,,raw
2022-02-28,67.5,67.62,65.5,66.72,,483624.0,,raw
2022-03-01,66.61,68.39,65.68,68.33,,406335.0,,raw
2022-03-02,67.5,67.5,66.2,66.92,,247869.0,,raw
2022-03-03,67.25,67.25,65.95,66.67,,262306.0,,raw
2022-03-04,65.95,66.33,65.09,65.6,,305204.0,,raw
2022-03-07,64.58,64.58,62.04,62.51,,476452.0,,raw
2022-03-08,61.9,63.0,59.7,59.76,,577687.0,,raw
2022-03-09,59.28,60.01,56.61,59.52,,562758.0,,raw
2022-03-10,61.21,61.39,58.12,58.87,,473629.0,,raw
2022-03-11,58.3,59.67,57.33,59.38,,356390.0,,raw
2022-03-14,58.02,59.09,56.69,56.69,,319186.0,,raw
2022-03-15,56.2,57.23,54.28,54.4,,499268.0,,raw
2022-03-16,56.2,57.31,54.25,56.99,,529458.0,,raw
2022-03-17,59.44,59.68,57.61,58.7,,522664.0,,raw
2022-03-18,58.7,59.01,57.65,58.9,,368393.0,,raw
2022-03-21,59.03,59.55,58.0,58.45,,306417.0,,raw
2022-03-22,58.1,58.94,58.02,58.58,,194040.0,,raw
2022-03-23,58.73,58.86,57.93,58.0,,243737.0,,raw
2022-03-24,57.5,57.82,57.11,57.58,,236787.0,,raw
2022-03-25,57.59,57.92,56.05,56.09,,252164.0,,raw
2022-03-28,55.87,56.16,54.8,55.8,,215853.0,,raw
2022-03-29,56.11,56.23,54.46,54.65,,252430.0,,raw
2022-03-30,54.99,57.0,54.95,57.0,,339003.0,,raw
2022-03-31,56.9,57.2,56.22,57.0,,251336.0,,raw
2022-04-01,56.5,59.24,55.81,58.6,,457752.0,,raw
2022-04-06,58.05,59.18,57.9,58.41,,307532.0,,raw
2022-04-07,57.65,59.12,57.61,57.7,,269420.0,,raw
2022-04-08,57.7,57.92,56.84,57.33,,226827.0,,raw
2022-04-11,57.45,57.47,55.27,55.36,,338124.0,,raw
2022-04-12,55.74,57.5,55.29,57.44,,297175.0,,raw
2022-04-13,56.98,57.45,56.43,56.57,,211987.0,,raw
2022-04-14,57.02,59.08,57.02,58.72,,427417.0,,raw
2022-04-15,58.32,59.3,58.16,58.65,,212421.0,,raw
2022-04-18,58.5,58.5,57.53,57.57,,154682.0,,raw
2022-04-19,57.65,58.15,57.06,57.3,,168495.0,,raw
2022-04-20,57.75,58.89,57.0,57.56,,216628.0,,raw
2022-04-21,57.1,57.99,55.6,56.03,,280000.0,,raw
2022-04-22,55.6,57.52,54.68,56.97,,244698.0,,raw
2022-04-25,56.55,57.49,55.03,55.07,,325601.0,,raw
2022-04-26,55.07,55.47,51.51,51.79,,632046.0,,raw
2022-04-27,50.73,53.35,50.5,53.1,,375710.0,,raw
2022-04-28,53.5,53.7,52.07,53.28,,252589.0,,raw
2022-04-29,54.0,57.29,53.28,57.09,,575241.0,,raw
2022-05-05,58.05,59.38,57.85,58.7,,467907.0,,raw
2022-05-06,57.6,58.5,57.39,58.2,,212170.0,,raw
2022-05-09,57.25,57.52,55.77,56.36,,215297.0,,raw
2022-05-10,55.23,56.89,55.0,56.6,,300571.0,,raw
2022-05-11,56.48,57.5,56.0,56.68,,359115.0,,raw
2022-05-12,56.58,56.58,55.28,55.74,,225791.0,,raw
2022-05-13,56.52,57.17,56.2,57.01,,244320.0,,raw
2022-05-16,57.52,58.75,55.55,56.2,,286645.0,,raw
2022-05-17,56.0,57.5,55.7,57.39,,228314.0,,raw
2022-05-18,57.5,57.67,55.92,56.63,,222697.0,,raw
2022-05-19,55.79,56.19,55.33,55.82,,201959.0,,raw
2022-05-20,55.9,57.12,55.36,56.9,,266085.0,,raw
2022-05-23,56.35,56.5,54.09,54.31,,557831.0,,raw
2022-05-24,54.06,54.69,53.55,53.79,,263463.0,,raw
2022-05-25,53.5,53.8,53.0,53.4,,221974.0,,raw
2022-05-26,53.4,54.08,51.8,53.82,,423828.0,,raw
2022-05-27,54.43,54.79,53.01,53.12,,352557.0,,raw
2022-05-30,53.15,53.8,53.01,53.4,,216385.0,,raw
2022-05-31,53.49,54.48,53.1,54.48,,355099.0,,raw
2022-06-01,54.3,54.77,53.85,54.27,,292058.0,,raw
2022-06-02,52.76,52.78,52.08,52.56,,275846.0,,raw
2022-06-06,52.58,52.93,51.58,52.79,,365209.0,,raw
2022-06-07,52.5,53.13,52.1,53.0,,291695.0,,raw
2022-06-08,53.01,53.8,52.53,52.99,,362977.0,,raw
2022-06-09,52.85,53.15,52.19,52.38,,286836.0,,raw
2022-06-10,52.11,52.34,51.75,52.25,,300349.0,,raw
2022-06-13,51.8,51.85,50.66,51.06,,404263.0,,raw
2022-06-14,50.3,51.56,50.12,51.43,,348424.0,,raw
2022-06-15,51.12,55.0,51.12,54.44,,915078.0,,raw
2022-06-16,54.47,54.93,53.49,53.83,,359382.0,,raw
2022-06-17,53.03,55.41,52.52,54.76,,538134.0,,raw
2022-06-20,55.16,57.55,55.16,57.06,,765309.0,,raw
2022-06-21,57.1,58.39,56.65,57.29,,537077.0,,raw
2022-06-22,57.27,57.27,56.0,56.0,,297211.0,,raw
2022-06-23,55.96,56.47,55.3,55.99,,304532.0,,raw
2022-06-24,55.99,58.95,55.76,57.8,,732011.0,,raw
2022-06-27,58.3,60.08,58.3,59.1,,581584.0,,raw
2022-06-28,59.6,59.6,58.45,59.1,,322522.0,,raw
2022-06-29,59.48,60.64,59.21,59.27,,420723.0,,raw
2022-06-30,59.36,60.66,59.0,60.39,,370539.0,,raw
2022-07-01,60.19,60.19,58.16,58.79,,337857.0,,raw
2022-07-04,57.54,60.06,57.54,59.97,,313750.0,,raw
2022-07-05,59.75,61.49,58.9,59.54,,283847.0,,raw
2022-07-06,60.05,61.03,58.67,59.28,,307640.0,,raw
2022-07-07,59.02,59.8,58.5,58.7,,197472.0,,raw
2022-07-08,59.12,59.12,57.9,58.58,,227250.0,,raw
2022-07-11,58.26,59.2,57.72,58.9,,273547.0,,raw
2022-07-12,59.05,60.88,59.05,60.1,,408104.0,,raw
2022-07-13,60.08,60.25,58.03,58.3,,387901.0,,raw
2022-07-14,59.0,59.19,55.85,56.2,,545200.0,,raw
2022-07-15,55.8,56.58,55.15,55.2,,302679.0,,raw
2022-07-18,55.2,55.88,54.0,55.29,,235494.0,,raw
2022-07-19,55.1,55.66,54.76,55.03,,197097.0,,raw
2022-07-20,55.47,56.35,55.1,55.43,,217052.0,,raw
2022-07-21,55.5,55.9,54.8,54.89,,163847.0,,raw
2022-07-22,54.65,55.47,54.3,55.09,,186461.0,,raw
2022-07-25,55.1,56.72,55.01,56.45,,360274.0,,raw
2022-07-26,56.5,57.86,56.37,57.4,,263042.0,,raw
2022-07-27,57.2,57.25,55.77,55.92,,244410.0,,raw
2022-07-28,56.0,56.14,55.51,55.75,,146147.0,,raw
2022-07-29,55.95,56.2,54.78,54.98,,237474.0,,raw
2022-08-01,55.25,55.3,54.08,54.61,,186467.0,,raw
2022-08-02,54.08,54.1,52.9,53.6,,260486.0,,raw
2022-08-03,53.21,54.01,52.08,52.25,,318780.0,,raw
2022-08-04,52.4,52.77,52.1,52.5,,135291.0,,raw
2022-08-05,52.74,52.97,52.08,52.97,,198191.0,,raw
2022-08-08,52.55,52.97,52.33,52.43,,218082.0,,raw
2022-08-09,52.45,53.06,52.25,52.66,,160516.0,,raw
2022-08-10,52.63,52.63,51.77,51.83,,163024.0,,raw
2022-08-11,52.3,52.98,51.88,52.92,,229539.0,,raw
2022-08-12,52.71,53.46,52.43,53.16,,169879.0,,raw
2022-08-15,53.17,53.6,52.52,52.8,,183235.0,,raw
2022-08-16,52.82,52.89,52.3,52.6,,163357.0,,raw
2022-08-17,52.66,53.88,52.11,53.43,,238435.0,,raw
2022-08-18,53.1,53.25,52.41,52.62,,140885.0,,raw
2022-08-19,52.68,52.81,52.25,52.61,,132153.0,,raw
2022-08-22,52.46,53.55,52.29,53.04,,238176.0,,raw
2022-08-23,52.95,53.1,52.0,52.12,,220349.0,,raw
2022-08-24,52.1,52.18,51.31,51.39,,215842.0,,raw
2022-08-25,51.39,52.41,50.97,52.23,,209893.0,,raw
2022-08-26,52.48,52.66,51.89,52.23,,160406.0,,raw
2022-08-29,51.6,52.87,51.51,52.28,,164561.0,,raw
2022-08-30,52.49,53.21,52.08,52.3,,202708.0,,raw
2022-08-31,52.1,53.65,52.09,53.24,,462838.0,,raw
2022-09-01,53.23,55.5,53.23,55.11,,642105.0,,raw
2022-09-02,55.11,55.11,53.17,53.65,,367460.0,,raw
2022-09-05,53.1,54.0,52.88,53.8,,190275.0,,raw
2022-09-06,53.81,54.21,53.4,53.46,,177962.0,,raw
2022-09-07,53.67,53.69,52.98,53.05,,209953.0,,raw
2022-09-08,53.05,53.75,53.05,53.37,,153657.0,,raw
2022-09-09,53.37,55.63,53.26,55.44,,523881.0,,raw
2022-09-13,55.44,56.9,55.07,56.49,,346024.0,,raw
2022-09-14,55.5,56.25,55.4,55.93,,187473.0,,raw
2022-09-15,55.89,57.2,55.69,56.34,,289698.0,,raw
2022-09-16,55.99,56.1,54.9,55.12,,259940.0,,raw
2022-09-19,54.67,55.44,54.12,54.98,,203600.0,,raw
2022-09-20,54.85,55.1,53.3,53.52,,350660.0,,raw
2022-09-21,54.43,54.46,52.34,52.85,,267752.0,,raw
2022-09-22,52.74,52.75,51.29,51.5,,401432.0,,raw
2022-09-23,51.11,51.89,51.0,51.34,,175176.0,,raw
2022-09-26,51.0,52.0,50.89,51.05,,205533.0,,raw
2022-09-27,51.15,51.88,50.3,51.68,,247650.0,,raw
2022-09-28,51.5,51.77,51.1,51.17,,135577.0,,raw
2022-09-29,51.47,51.76,50.3,50.5,,253195.0,,raw
2022-09-30,50.13,50.57,49.31,49.31,,355638.0,,raw
2022-10-10,49.31,49.99,48.46,48.7,,260145.0,,raw
2022-10-11,48.69,48.85,48.0,48.37,,220037.0,,raw
2022-10-12,48.05,48.3,47.0,48.27,,240971.0,,raw
2022-10-13,47.99,48.0,47.01,47.06,,277454.0,,raw
2022-10-14,47.25,48.25,47.1,47.99,,313388.0,,raw
2022-10-17,47.71,47.85,47.3,47.67,,235017.0,,raw
2022-10-18,47.98,48.15,47.33,47.44,,270086.0,,raw
2022-10-19,47.36,47.36,45.17,45.22,,556549.0,,raw
2022-10-20,44.8,45.28,43.86,44.38,,366478.0,,raw
2022-10-21,44.39,44.78,43.77,44.0,,272432.0,,raw
2022-10-24,43.7,44.32,42.3,42.39,,459169.0,,raw
2022-10-25,42.8,42.95,41.98,42.02,,414401.0,,raw
2022-10-26,42.2,43.21,42.16,42.46,,362814.0,,raw
2022-10-27,42.7,43.0,42.3,42.58,,226403.0,,raw
2022-10-28,42.21,42.38,40.62,40.76,,401750.0,,raw
2022-10-31,40.73,40.8,40.1,40.18,,345535.0,,raw
2022-11-01,40.58,41.6,40.09,41.6,,480671.0,,raw
2022-11-02,41.4,42.6,41.22,42.08,,380199.0,,raw
2022-11-03,41.8,41.87,41.2,41.58,,288535.0,,raw
2022-11-04,41.63,43.35,41.58,43.09,,457491.0,,raw
2022-11-07,43.0,43.26,42.51,43.06,,331596.0,,raw
2022-11-08,43.12,43.29,42.58,43.0,,305582.0,,raw
2022-11-09,43.39,43.85,42.95,43.04,,229904.0,,raw
2022-11-10,42.75,42.98,42.53,42.97,,223054.0,,raw
2022-11-11,44.53,46.2,43.71,45.63,,828835.0,,raw
2022-11-14,47.92,49.11,47.3,47.8,,1000204.0,,raw
2022-11-15,48.5,49.58,47.7,49.07,,512288.0,,raw
2022-11-16,49.4,49.4,48.16,48.46,,259926.0,,raw
2022-11-17,48.39,49.1,47.68,47.96,,192846.0,,raw
2022-11-18,48.36,48.54,47.68,47.97,,160676.0,,raw
2022-11-21,47.47,47.47,46.24,46.34,,345234.0,,raw
2022-11-22,46.4,47.04,45.9,46.3,,235692.0,,raw
2022-11-23,46.23,46.54,46.02,46.28,,142552.0,,raw
2022-11-24,46.75,47.2,45.78,45.91,,213800.0,,raw
2022-11-25,45.91,47.09,45.83,46.69,,246975.0,,raw
2022-11-28,45.68,46.45,45.23,46.29,,226551.0,,raw
2022-11-29,48.0,48.78,46.92,48.42,,389287.0,,raw
2022-11-30,48.18,48.98,47.49,47.87,,272876.0,,raw
2022-12-01,48.81,49.33,48.27,48.31,,276045.0,,raw
2022-12-02,48.04,48.6,47.76,48.04,,170150.0,,raw
2022-12-05,48.49,50.0,48.4,49.7,,361068.0,,raw
2022-12-06,49.69,50.66,49.02,50.0,,325270.0,,raw
2022-12-07,50.0,51.68,49.5,51.25,,436564.0,,raw
2022-12-08,51.35,52.48,50.84,51.75,,390780.0,,raw
2022-12-09,51.96,54.33,51.81,54.3,,699406.0,,raw
2022-12-12,53.7,54.97,53.3,54.43,,466633.0,,raw
2022-12-13,54.21,54.4,53.65,53.95,,306193.0,,raw
2022-12-14,53.45,55.06,53.45,54.89,,260850.0,,raw
2022-12-15,54.9,55.8,53.25,53.63,,278043.0,,raw
2022-12-16,53.28,54.15,52.77,54.0,,197450.0,,raw
2022-12-19,54.0,54.38,53.28,53.68,,160764.0,,raw
2022-12-20,53.0,53.09,51.55,51.57,,272454.0,,raw
2022-12-21,51.29,52.49,51.29,51.68,,130742.0,,raw
2022-12-22,51.94,53.28,51.77,52.2,,228123.0,,raw
2022-12-23,51.98,53.15,51.43,52.38,,163439.0,,raw
2022-12-26,52.68,52.88,51.36,51.5,,153879.0,,raw
2022-12-27,51.79,53.03,51.41,52.94,,173391.0,,raw
2022-12-28,52.43,52.75,51.9,52.05,,163229.0,,raw
2022-12-29,51.62,52.19,51.02,51.73,,119951.0,,raw
2022-12-30,51.8,52.5,51.7,51.8,,127733.0,,raw
2023-01-03,52.0,52.23,51.23,51.88,,163628.0,,raw
2023-01-04,51.69,53.83,51.65,53.75,,261341.0,,raw
2023-01-05,54.0,54.99,53.95,54.91,,294217.0,,raw
2023-01-06,54.97,55.16,53.91,54.01,,195001.0,,raw
2023-01-09,54.1,54.45,53.4,54.11,,204277.0,,raw
2023-01-10,53.99,54.4,53.43,53.5,,154340.0,,raw
2023-01-11,53.45,55.18,53.4,54.5,,214610.0,,raw
2023-01-12,54.3,55.0,54.01,54.77,,145818.0,,raw
2023-01-13,54.87,56.0,54.5,55.95,,265803.0,,raw
2023-01-16,56.03,58.36,56.02,57.7,,330181.0,,raw
2023-01-17,57.69,58.18,57.15,58.0,,188114.0,,raw
2023-01-18,58.0,58.5,57.37,57.6,,130358.0,,raw
2023-01-19,57.46,57.55,56.7,57.38,,194679.0,,raw
2023-01-20,57.46,57.84,56.96,57.08,,108608.0,,raw
2023-01-30,57.44,58.08,55.59,55.65,,256196.0,,raw
2023-01-31,55.4,56.15,55.0,55.2,,232598.0,,raw
2023-02-01,55.29,55.99,54.45,55.5,,267247.0,,raw
2023-02-02,55.45,55.6,53.62,53.96,,367678.0,,raw
2023-02-03,53.7,53.95,52.86,53.31,,208300.0,,raw
2023-02-06,52.81,52.81,51.08,51.25,,421857.0,,raw
2023-02-07,51.36,51.7,51.1,51.5,,209009.0,,raw
2023-02-08,51.39,51.5,50.86,51.01,,191018.0,,raw
2023-02-09,50.8,51.73,50.49,51.53,,227383.0,,raw
2023-02-10,51.35,51.75,51.29,51.62,,139889.0,,raw
2023-02-13,51.5,52.58,51.03,52.44,,306391.0,,raw
2023-02-14,52.45,52.65,51.81,52.21,,214375.0,,raw
2023-02-15,52.2,52.21,51.18,51.35,,179488.0,,raw
2023-02-16,51.1,51.75,50.8,51.28,,216987.0,,raw
2023-02-17,51.05,51.5,51.02,51.38,,158066.0,,raw
2023-02-20,51.5,53.69,51.11,53.3,,383136.0,,raw
2023-02-21,53.3,53.8,52.73,53.54,,256493.0,,raw
2023-02-22,53.0,53.18,52.41,52.78,,229115.0,,raw
2023-02-23,52.79,53.88,52.79,53.37,,240107.0,,raw
2023-02-24,53.18,53.39,52.82,52.98,,169278.0,,raw
2023-02-27,52.6,52.98,51.86,52.4,,169471.0,,raw
2023-02-28,52.02,53.14,52.02,52.46,,194045.0,,raw
2023-03-01,52.51,54.99,52.51,54.62,,432975.0,,raw
2023-03-02,54.6,55.68,54.15,54.85,,255490.0,,raw
2023-03-03,55.25,55.84,54.66,55.2,,197415.0,,raw
2023-03-06,54.84,55.0,53.81,53.83,,259357.0,,raw
2023-03-07,53.84,54.37,52.7,52.86,,194738.0,,raw
2023-03-08,52.65,52.8,52.07,52.29,,144948.0,,raw
2023-03-09,52.29,53.25,52.27,52.7,,130131.0,,raw
2023-03-10,52.24,52.5,51.02,51.15,,192134.0,,raw
2023-03-13,51.01,52.24,51.0,52.06,,194837.0,,raw
2023-03-14,51.72,51.91,50.7,51.15,,165011.0,,raw
2023-03-15,51.5,51.63,50.4,50.46,,209456.0,,raw
2023-03-16,50.08,50.39,49.65,50.04,,121820.0,,raw
2023-03-17,50.5,51.18,50.06,50.33,,201231.0,,raw
2023-03-20,50.18,51.13,50.1,50.44,,163015.0,,raw
2023-03-21,50.55,52.14,50.55,52.1,,231466.0,,raw
2023-03-22,52.2,52.27,51.3,51.7,,135542.0,,raw
2023-03-23,51.48,52.0,51.39,51.82,,123790.0,,raw
2023-03-24,51.82,52.17,51.64,52.09,,132776.0,,raw
2023-03-27,52.09,52.46,51.7,51.85,,127683.0,,raw
2023-03-28,51.7,52.08,51.06,51.09,,128679.0,,raw
2023-03-29,51.38,51.57,51.1,51.4,,128030.0,,raw
2023-03-30,51.35,54.8,51.3,54.47,,571574.0,,raw
2023-03-31,54.11,54.62,53.36,53.81,,277888.0,,raw
2023-04-03,55.0,55.4,54.2,54.69,,373915.0,,raw
2023-04-04,54.5,54.72,53.75,54.63,,179891.0,,raw
2023-04-06,54.42,55.0,53.75,54.02,,152435.0,,raw
2023-04-07,53.91,55.27,53.91,54.68,,158641.0,,raw
2023-04-10,54.4,55.06,54.01,54.76,,156493.0,,raw
2023-04-11,54.41,56.37,54.4,55.84,,324366.0,,raw
2023-04-12,55.84,56.75,55.4,55.5,,223025.0,,raw
2023-04-13,55.05,55.29,54.14,54.14,,182595.0,,raw
2023-04-14,54.18,54.65,53.83,53.94,,142124.0,,raw
2023-04-17,53.91,55.58,53.89,55.42,,262280.0,,raw
2023-04-18,55.2,57.4,55.17,56.78,,387063.0,,raw
2023-04-19,56.78,57.25,56.05,56.08,,191887.0,,raw
2023-04-20,56.18,58.04,56.18,57.04,,367949.0,,raw
2023-04-21,57.4,58.6,56.75,56.85,,398924.0,,raw
2023-04-24,56.2,58.75,56.01,57.03,,339921.0,,raw
2023-04-25,57.0,58.04,55.65,57.65,,429621.0,,raw
2023-04-26,57.02,57.35,55.97,56.7,,239342.0,,raw
2023-04-27,56.17,57.75,56.17,57.26,,157771.0,,raw
2023-04-28,57.25,57.35,56.21,56.78,,156906.0,,raw
2023-05-04,57.22,58.45,55.85,56.58,,268566.0,,raw
2023-05-05,56.4,56.4,54.08,55.33,,342123.0,,raw
2023-05-08,55.33,55.99,54.47,55.01,,208722.0,,raw
2023-05-09,54.8,55.56,54.01,54.8,,181394.0,,raw
2023-05-10,54.5,56.0,53.88,55.4,,174626.0,,raw
2023-05-11,55.55,56.72,55.34,55.45,,126225.0,,raw
2023-05-12,55.33,57.49,55.31,55.82,,165590.0,,raw
2023-05-15,55.86,56.74,55.01,56.59,,140666.0,,raw
2023-05-16,56.59,57.24,55.11,55.35,,136126.0,,raw
2023-05-17,55.22,56.4,54.81,55.02,,90763.0,,raw
2023-05-18,55.15,55.42,54.55,55.0,,110695.0,,raw
2023-05-19,54.66,56.86,54.66,55.8,,203843.0,,raw
2023-05-22,55.8,56.95,55.8,56.71,,151998.0,,raw
2023-05-23,56.69,56.95,55.88,55.95,,155851.0,,raw
2023-05-24,55.82,55.89,53.5,53.6,,266742.0,,raw
2023-05-25,53.4,54.49,52.68,54.01,,171434.0,,raw
2023-05-26,54.01,54.45,53.48,54.26,,111661.0,,raw
2023-05-29,54.27,54.69,53.08,53.45,,174334.0,,raw
2023-05-30,53.45,53.66,51.79,52.33,,320846.0,,raw
2023-05-31,52.59,52.7,51.1,51.33,,280650.0,,raw
2023-06-01,49.02,49.8,48.53,48.89,,348935.0,,raw
2023-06-02,50.0,52.1,49.99,51.8,,499392.0,,raw
2023-06-05,52.51,54.15,51.59,53.94,,399400.0,,raw
2023-06-06,53.94,55.31,53.05,54.21,,342618.0,,raw
2023-06-07,55.5,55.77,54.49,55.25,,369087.0,,raw
2023-06-08,55.7,57.11,55.2,56.89,,475531.0,,raw
2023-06-09,57.5,57.76,55.77,56.11,,410652.0,,raw
2023-06-12,56.12,57.82,55.7,57.35,,396210.0,,raw
2023-06-13,57.26,57.77,56.26,56.61,,248501.0,,raw
2023-06-14,57.23,57.98,56.62,57.08,,360007.0,,raw
2023-06-15,57.26,58.58,57.01,58.0,,312765.0,,raw
2023-06-16,58.4,58.99,57.4,58.35,,300061.0,,raw
2023-06-19,58.0,58.14,56.7,56.81,,289110.0,,raw
2023-06-20,56.92,58.92,56.8,57.58,,243810.0,,raw
2023-06-21,58.0,59.6,57.4,58.28,,451303.0,,raw
2023-06-26,59.83,59.95,57.8,58.14,,335581.0,,raw
2023-06-27,58.22,60.15,57.88,59.69,,481237.0,,raw
2023-06-28,59.45,60.52,59.21,59.7,,327901.0,,raw
2023-06-29,59.72,59.79,58.22,59.14,,276783.0,,raw
2023-06-30,59.23,59.82,58.56,58.92,,264876.0,,raw
2023-07-03,58.88,60.38,58.33,59.06,,318762.0,,raw
2023-07-04,59.28,59.6,58.12,58.9,,219446.0,,raw
2023-07-05,59.09,59.33,58.42,59.12,,187016.0,,raw
2023-07-06,59.13,59.75,58.3,58.37,,169577.0,,raw
2023-07-07,58.04,58.59,57.2,57.75,,293796.0,,raw
2023-07-10,57.82,57.93,56.04,56.63,,320860.0,,raw
2023-07-11,56.8,57.08,56.4,56.66,,158028.0,,raw
2023-07-12,56.9,58.08,56.4,57.09,,187815.0,,raw
2023-07-13,57.2,58.32,57.2,57.8,,169307.0,,raw
2023-07-14,57.75,58.27,57.02,57.46,,105000.0,,raw
2023-07-17,57.2,57.2,56.3,57.13,,90425.0,,raw
2023-07-18,57.4,57.4,55.67,56.74,,239882.0,,raw
2023-07-19,56.89,58.35,56.67,58.13,,278044.0,,raw
2023-07-20,57.9,58.65,57.44,57.53,,140516.0,,raw
2023-07-21,57.55,58.08,56.99,57.13,,120709.0,,raw
2023-07-24,57.13,57.36,56.13,56.77,,115888.0,,raw
2023-07-25,57.86,59.28,57.8,58.98,,376481.0,,raw
2023-07-26,58.81,59.54,58.48,58.58,,187526.0,,raw
2023-07-27,58.55,59.12,58.35,58.48,,151970.0,,raw
2023-07-28,58.7,59.82,58.11,59.74,,240041.0,,raw
2023-07-31,60.95,61.3,59.15,59.32,,325183.0,,raw
2023-08-01,59.32,59.69,58.13,58.25,,204186.0,,raw
2023-08-02,58.1,58.82,57.77,58.3,,235436.0,,raw
2023-08-03,57.98,58.2,56.99,57.98,,233629.0,,raw
2023-08-04,58.3,58.99,57.81,57.92,,196637.0,,raw
2023-08-07,57.79,58.19,57.34,57.88,,153707.0,,raw
2023-08-08,57.5,57.55,56.96,57.0,,136355.0,,raw
2023-08-09,57.19,57.7,57.04,57.56,,151434.0,,raw
2023-08-10,57.21,57.3,55.5,56.35,,385305.0,,raw
2023-08-11,56.29,56.45,55.14,55.18,,255333.0,,raw
2023-08-14,54.5,55.57,54.28,55.44,,195167.0,,raw
2023-08-15,55.31,55.56,54.6,55.16,,163704.0,,raw
2023-08-16,54.8,55.36,54.36,55.23,,153587.0,,raw
2023-08-17,54.9,55.94,54.53,55.84,,152165.0,,raw
2023-08-18,55.78,55.85,54.63,54.79,,134638.0,,raw
2023-08-21,54.61,55.36,54.35,54.38,,131172.0,,raw
2023-08-22,54.3,54.68,53.41,54.37,,230543.0,,raw
2023-08-23,54.12,54.66,53.6,53.72,,157983.0,,raw
2023-08-24,53.99,55.45,53.5,55.05,,255836.0,,raw
2023-08-25,54.95,55.99,54.52,55.26,,164728.0,,raw
2023-08-28,57.3,57.98,55.78,56.16,,288004.0,,raw
2023-08-29,55.88,56.49,55.55,56.05,,217871.0,,raw
2023-08-30,56.04,57.18,55.71,56.82,,233664.0,,raw
2023-08-31,57.3,57.8,56.48,56.51,,280838.0,,raw
2023-09-01,57.0,58.5,56.99,57.93,,266506.0,,raw
2023-09-04,58.5,58.8,57.62,58.22,,200900.0,,raw
2023-09-05,58.26,58.49,57.61,57.78,,153090.0,,raw
2023-09-06,57.51,58.0,56.88,57.18,,208883.0,,raw
2023-09-07,57.09,57.12,56.5,56.57,,136399.0,,raw
2023-09-08,56.74,56.83,55.81,56.08,,84002.0,,raw
2023-09-11,56.31,56.88,56.01,56.43,,140721.0,,raw
2023-09-12,56.42,57.72,56.3,57.21,,164034.0,,raw
2023-09-13,57.1,57.54,56.7,57.0,,107434.0,,raw
2023-09-14,57.01,57.26,56.26,56.55,,102895.0,,raw
2023-09-15,56.64,56.69,55.3,55.79,,164512.0,,raw
2023-09-18,55.8,56.59,55.21,56.1,,144278.0,,raw
2023-09-19,55.99,56.15,55.45,56.05,,123661.0,,raw
2023-09-20,56.03,57.24,55.73,56.89,,213801.0,,raw
2023-09-21,56.88,56.88,56.02,56.32,,167691.0,,raw
2023-09-22,56.59,57.11,56.17,57.05,,221702.0,,raw
2023-09-25,56.89,56.89,56.23,56.63,,166432.0,,raw
2023-09-26,56.76,57.2,56.0,56.0,,189349.0,,raw
2023-09-27,56.0,56.66,55.43,56.19,,188109.0,,raw
2023-09-28,56.39,56.5,55.41,55.48,,170976.0,,raw
2023-10-09,55.46,56.11,54.9,55.76,,286595.0,,raw
2023-10-10,55.49,55.77,54.42,54.77,,214996.0,,raw
2023-10-11,54.75,55.89,54.5,54.77,,204184.0,,raw
2023-10-12,55.0,55.48,54.61,55.28,,176042.0,,raw
2023-10-13,55.19,55.44,54.53,54.99,,129960.0,,raw
2023-10-16,54.8,55.41,54.8,55.08,,150202.0,,raw
2023-10-17,55.08,55.99,55.05,55.88,,168302.0,,raw
2023-10-18,55.68,55.89,55.21,55.47,,106371.0,,raw
2023-10-19,55.29,55.29,54.18,54.23,,201961.0,,raw
2023-10-20,53.94,54.06,52.88,53.18,,210898.0,,raw
2023-10-23,53.0,53.63,52.71,53.25,,168644.0,,raw
2023-10-24,53.01,53.49,52.2,53.18,,250198.0,,raw
2023-10-25,53.79,54.01,52.14,52.42,,258565.0,,raw
2023-10-26,52.22,52.72,52.03,52.51,,151655.0,,raw
2023-10-27,52.36,54.0,52.21,53.74,,253188.0,,raw
2023-10-30,53.33,54.64,53.33,54.5,,164885.0,,raw
2023-10-31,54.3,54.3,52.7,52.92,,238072.0,,raw
2023-11-01,52.81,53.46,52.7,53.01,,189338.0,,raw
2023-11-02,53.0,54.41,52.81,53.18,,200855.0,,raw
2023-11-03,53.12,53.35,52.72,52.8,,177406.0,,raw
2023-11-06,53.0,53.3,52.7,53.14,,249182.0,,raw
2023-11-07,53.1,53.28,52.58,53.1,,188982.0,,raw
2023-11-08,52.65,52.99,52.51,52.85,,213857.0,,raw
2023-11-09,52.88,53.33,52.35,52.45,,141469.0,,raw
2023-11-10,52.3,52.86,52.25,52.7,,130271.0,,raw
2023-11-13,52.64,52.64,50.68,51.06,,382916.0,,raw
2023-11-14,51.02,51.42,50.8,51.09,,248028.0,,raw
2023-11-15,51.44,51.76,50.95,51.54,,196363.0,,raw
2023-11-16,51.4,52.19,51.31,51.75,,216055.0,,raw
2023-11-17,51.6,51.97,51.21,51.86,,135134.0,,raw
2023-11-20,51.54,52.9,51.54,52.43,,182191.0,,raw
2023-11-21,52.62,53.19,52.45,52.45,,158459.0,,raw
2023-11-22,52.45,52.6,51.9,52.15,,97869.0,,raw
2023-11-23,52.15,52.93,51.85,52.76,,101034.0,,raw
2023-11-24,52.8,52.85,52.07,52.48,,157245.0,,raw
2023-11-27,52.43,52.43,51.75,51.97,,159225.0,,raw
2023-11-28,52.2,52.8,51.53,52.53,,217876.0,,raw
2023-11-29,52.53,52.58,51.72,52.01,,124265.0,,raw
2023-11-30,51.81,52.0,51.41,51.67,,128619.0,,raw
2023-12-01,52.3,52.36,50.33,50.55,,316050.0,,raw
2023-12-04,50.48,50.79,49.84,50.09,,220587.0,,raw
2023-12-05,50.09,50.19,49.22,49.22,,225103.0,,raw
2023-12-06,49.06,49.65,48.75,49.18,,191141.0,,raw
2023-12-07,49.36,50.49,49.22,50.22,,250219.0,,raw
2023-12-08,50.18,51.08,50.09,50.34,,218113.0,,raw
2023-12-11,49.85,51.4,49.22,51.02,,252015.0,,raw
2023-12-12,51.5,51.55,50.72,51.0,,172048.0,,raw
2023-12-13,50.9,50.99,50.51,50.69,,128587.0,,raw
2023-12-14,50.91,51.47,50.58,50.89,,165634.0,,raw
2023-12-15,50.51,51.1,50.3,50.33,,204702.0,,raw
2023-12-18,50.03,51.18,49.75,51.09,,223075.0,,raw
2023-12-19,51.08,51.08,50.46,50.75,,169545.0,,raw
2023-12-20,50.75,51.4,50.52,51.03,,254170.0,,raw
2023-12-21,51.22,52.28,50.87,52.02,,274212.0,,raw
2023-12-22,51.91,52.99,51.7,52.77,,227281.0,,raw
2023-12-25,52.62,53.25,52.43,52.67,,113150.0,,raw
2023-12-26,52.62,53.23,52.53,52.8,,161523.0,,raw
2023-12-27,52.78,53.7,52.72,53.6,,203069.0,,raw
2023-12-28,53.44,54.16,53.25,54.05,,247280.0,,raw
2023-12-29,54.07,54.98,53.72,54.63,,259373.0,,raw
2024-01-02,54.63,55.05,54.2,54.56,,239057.0,,raw
2024-01-03,54.59,54.8,54.1,54.45,,206897.0,,raw
2024-01-04,54.66,55.32,54.45,55.25,,267025.0,,raw
2024-01-05,55.2,56.08,54.85,55.6,,300429.0,,raw
2024-01-08,55.6,55.6,54.62,55.0,,278097.0,,raw
2024-01-09,54.71,55.33,54.11,55.17,,216070.0,,raw
2024-01-10,55.17,55.77,54.84,55.22,,178208.0,,raw
2024-01-11,55.22,55.49,54.73,55.0,,212369.0,,raw
2024-01-12,54.9,55.71,54.58,55.0,,243611.0,,raw
2024-01-15,54.84,55.98,54.66,55.88,,191241.0,,raw
2024-01-16,55.61,56.95,55.1,56.92,,337304.0,,raw
2024-01-17,56.63,57.29,56.37,56.37,,269141.0,,raw
2024-01-18,56.79,56.99,55.08,56.4,,390231.0,,raw
2024-01-19,56.0,56.6,55.86,56.14,,299370.0,,raw
2024-01-22,55.88,56.66,55.08,55.34,,359803.0,,raw
2024-01-23,55.52,56.69,54.8,56.38,,288485.0,,raw
2024-01-24,56.15,57.44,56.02,57.19,,264637.0,,raw
2024-01-25,57.3,57.49,56.24,56.35,,249636.0,,raw
2024-01-26,56.35,57.75,56.35,57.51,,327457.0,,raw
2024-01-29,57.9,59.48,57.69,58.69,,374987.0,,raw
2024-01-30,58.7,59.2,58.0,58.22,,273733.0,,raw
2024-01-31,57.91,58.94,57.42,58.25,,255442.0,,raw
2024-02-01,58.23,59.46,58.0,58.81,,303402.0,,raw
2024-02-02,58.5,58.88,57.31,58.25,,289505.0,,raw
2024-02-05,58.0,59.6,57.82,59.45,,461603.0,,raw
2024-02-06,59.26,60.79,59.02,59.95,,379464.0,,raw
2024-02-07,59.29,61.17,59.03,61.11,,461959.0,,raw
2024-02-08,61.29,62.36,59.98,60.29,,347232.0,,raw
2024-02-19,61.7,61.7,59.81,60.6,,356959.0,,raw
2024-02-20,60.3,61.79,59.67,61.7,,296309.0,,raw
2024-02-21,61.0,62.55,60.68,61.71,,277972.0,,raw
2024-02-22,61.21,61.79,61.03,61.35,,192591.0,,raw
2024-02-23,61.68,62.1,59.32,59.62,,430936.0,,raw
2024-02-26,59.85,61.5,59.85,60.3,,340977.0,,raw
2024-02-27,60.59,61.99,60.1,61.92,,280148.0,,raw
2024-02-28,62.0,62.31,60.95,61.82,,253674.0,,raw
2024-02-29,62.0,63.48,61.75,62.63,,489210.0,,raw
2024-03-01,63.5,64.51,62.88,64.47,,328449.0,,raw
2024-03-04,65.0,66.0,63.5,64.6,,373844.0,,raw
2024-03-05,64.65,65.4,63.45,65.04,,355253.0,,raw
2024-03-06,64.9,65.53,64.3,64.51,,219230.0,,raw
2024-03-07,64.45,66.65,64.2,65.8,,306340.0,,raw
2024-03-08,65.87,66.49,64.88,66.1,,261254.0,,raw
2024-03-11,66.09,66.1,64.56,65.42,,280270.0,,raw
2024-03-12,65.35,65.35,63.05,64.13,,507399.0,,raw
2024-03-13,63.66,64.33,63.0,64.07,,327232.0,,raw
2024-03-14,63.86,64.75,63.6,64.5,,315317.0,,raw
2024-03-15,64.39,64.5,63.3,64.02,,254639.0,,raw
2024-03-18,63.88,63.89,62.35,62.36,,425011.0,,raw
2024-03-19,62.2,63.12,62.17,62.6,,297946.0,,raw
2024-03-20,62.2,62.5,61.4,61.88,,377909.0,,raw
2024-03-21,61.91,62.04,60.13,60.55,,391892.0,,raw
2024-03-22,60.56,62.65,60.5,62.62,,431568.0,,raw
2024-03-25,62.19,63.66,61.78,62.9,,269033.0,,raw
2024-03-26,62.31,63.25,62.31,62.72,,253537.0,,raw
2024-03-27,62.53,64.88,62.51,63.67,,348428.0,,raw
2024-03-28,64.23,65.39,63.18,64.58,,451854.0,,raw
2024-03-29,64.58,65.73,63.66,64.22,,254689.0,,raw
2024-04-01,64.5,66.28,64.1,66.22,,327712.0,,raw
2024-04-02,66.0,66.53,65.75,66.25,,226536.0,,raw
2024-04-03,66.2,66.9,65.98,66.73,,206265.0,,raw
2024-04-08,66.72,66.85,64.67,65.32,,324345.0,,raw
2024-04-09,65.0,65.6,64.82,65.04,,194783.0,,raw
2024-04-10,64.87,66.2,64.56,65.17,,180820.0,,raw
2024-04-11,64.95,65.95,64.61,65.07,,190048.0,,raw
2024-04-12,64.99,65.6,64.58,64.89,,217344.0,,raw
2024-04-15,64.89,67.0,64.71,66.84,,317837.0,,raw
2024-04-16,66.78,68.77,66.57,68.31,,391914.0,,raw
2024-04-17,68.0,68.8,66.98,68.58,,245496.0,,raw
2024-04-18,68.58,71.33,68.38,70.0,,395421.0,,raw
2024-04-19,69.43,70.58,69.43,70.0,,288123.0,,raw
2024-04-22,70.2,71.19,69.5,69.98,,289438.0,,raw
2024-04-23,69.83,70.0,67.59,68.39,,382179.0,,raw
2024-04-24,68.34,68.64,66.75,67.9,,307830.0,,raw
2024-04-25,67.13,68.56,67.13,68.24,,220333.0,,raw
2024-04-26,68.25,68.65,67.42,68.37,,242257.0,,raw
2024-04-29,68.3,68.88,67.23,68.2,,332264.0,,raw
2024-04-30,66.84,71.15,66.8,69.78,,571318.0,,raw
2024-05-06,70.5,71.46,69.65,71.01,,461799.0,,raw
2024-05-07,70.81,72.33,70.62,71.1,,304315.0,,raw
2024-05-08,70.5,71.34,70.39,70.75,,176620.0,,raw
2024-05-09,71.0,72.34,70.62,71.85,,285718.0,,raw
2024-05-10,72.2,72.33,71.34,71.88,,224879.0,,raw
2024-05-13,71.88,72.99,70.7,72.71,,271674.0,,raw
2024-05-14,72.68,72.89,70.2,70.84,,399236.0,,raw
2024-05-15,68.5,70.1,68.11,69.76,,301895.0,,raw
2024-05-16,69.76,69.8,68.8,69.34,,246004.0,,raw
2024-05-17,68.78,69.5,66.52,68.03,,418483.0,,raw
2024-05-20,67.01,67.88,66.21,66.57,,426430.0,,raw
2024-05-21,66.27,67.3,66.2,66.55,,243588.0,,raw
2024-05-22,66.34,66.54,65.31,65.41,,261052.0,,raw
2024-05-23,65.4,66.19,65.0,65.74,,240961.0,,raw
2024-05-24,65.4,66.98,65.1,66.62,,259270.0,,raw
2024-05-27,66.5,68.28,65.54,67.59,,305462.0,,raw
2024-05-28,67.6,67.78,66.5,67.03,,191737.0,,raw
2024-05-29,66.6,67.2,65.5,65.85,,241321.0,,raw
2024-05-30,65.71,66.19,65.14,65.18,,193586.0,,raw
2024-05-31,65.19,65.57,64.55,64.76,,261294.0,,raw
2024-06-03,64.88,66.3,64.27,65.02,,357556.0,,raw
2024-06-04,64.99,64.99,63.4,64.68,,306212.0,,raw
2024-06-05,64.55,65.2,63.8,63.92,,283319.0,,raw
2024-06-06,63.8,66.03,63.8,65.76,,436037.0,,raw
2024-06-07,65.2,65.45,63.71,65.16,,400646.0,,raw
2024-06-11,64.5,66.5,64.18,65.0,,336897.0,,raw
2024-06-12,64.84,65.74,64.53,65.16,,257072.0,,raw
2024-06-13,65.31,65.45,63.66,63.92,,274850.0,,raw
2024-06-14,63.51,65.76,63.5,65.61,,379244.0,,raw
2024-06-17,65.76,65.76,64.18,64.53,,253358.0,,raw
2024-06-18,64.3,65.19,63.67,64.84,,218675.0,,raw
2024-06-19,64.77,65.08,62.8,64.0,,347000.0,,raw
2024-06-20,63.9,64.75,63.54,64.47,,280858.0,,raw
2024-06-21,64.49,64.75,63.5,63.95,,241537.0,,raw
2024-06-24,63.71,65.55,63.61,64.88,,307991.0,,raw
2024-06-25,64.85,65.79,64.52,65.29,,253092.0,,raw
2024-06-26,65.01,65.39,63.91,64.25,,238314.0,,raw
2024-06-27,64.05,64.48,63.47,64.1,,274095.0,,raw
2024-06-28,63.5,64.79,63.48,64.5,,251956.0,,raw
2024-07-01,64.29,65.38,63.6,64.09,,195283.0,,raw
2024-07-02,63.7,64.2,62.8,63.0,,291813.0,,raw
2024-07-03,63.05,63.68,62.74,63.03,,181208.0,,raw
2024-07-04,63.2,65.2,63.2,64.6,,277531.0,,raw
2024-07-05,64.5,65.15,63.0,64.0,,264796.0,,raw
2024-07-08,63.6,64.72,63.17,64.23,,194436.0,,raw
2024-07-09,63.81,64.67,63.62,64.1,,216645.0,,raw
2024-07-10,64.54,65.06,63.81,63.81,,158469.0,,raw
2024-07-11,63.85,64.45,62.52,63.9,,271827.0,,raw
2024-07-12,63.79,65.2,63.64,65.0,,245741.0,,raw
2024-07-15,64.78,65.16,64.36,64.94,,170459.0,,raw
2024-07-16,64.63,64.96,63.75,64.27,,204068.0,,raw
2024-07-17,64.04,64.38,61.66,62.83,,464628.0,,raw
2024-07-18,62.01,64.46,62.01,63.9,,345325.0,,raw
2024-07-19,63.36,63.78,62.89,63.6,,217970.0,,raw
2024-07-22,63.45,64.64,63.32,63.63,,199303.0,,raw
2024-07-23,63.63,63.79,62.38,62.38,,185378.0,,raw
2024-07-24,62.01,62.72,59.64,60.08,,455473.0,,raw
2024-07-25,59.52,60.09,58.9,59.4,,301092.0,,raw
2024-07-26,62.83,62.99,61.4,62.84,,577402.0,,raw
2024-07-29,62.3,63.21,62.16,62.88,,207128.0,,raw
2024-07-30,62.51,62.77,60.6,61.06,,225758.0,,raw
2024-07-31,60.73,63.86,60.73,63.76,,401747.0,,raw
2024-08-01,63.8,64.67,63.41,63.58,,244068.0,,raw
2024-08-02,63.3,64.28,62.57,62.99,,202615.0,,raw
2024-08-05,62.54,64.3,61.56,61.65,,354768.0,,raw
2024-08-06,61.61,62.26,59.52,59.92,,384932.0,,raw
2024-08-07,59.92,61.38,59.24,60.7,,252986.0,,raw
2024-08-08,60.42,61.48,60.21,60.96,,142319.0,,raw
2024-08-09,60.85,61.7,60.33,60.5,,138024.0,,raw
2024-08-12,60.5,62.14,60.31,61.38,,169492.0,,raw
2024-08-13,61.38,62.11,60.92,61.36,,98351.0,,raw
2024-08-14,61.36,61.49,60.6,60.9,,112278.0,,raw
2024-08-15,60.7,61.35,60.29,61.0,,191633.0,,raw
2024-08-16,60.81,61.9,60.67,61.74,,180670.0,,raw
2024-08-19,61.69,63.15,61.67,62.36,,172753.0,,raw
2024-08-20,63.48,63.49,61.76,63.02,,257810.0,,raw
2024-08-21,62.71,63.7,62.33,63.16,,211871.0,,raw
2024-08-22,63.13,64.49,62.72,64.09,,249787.0,,raw
2024-08-23,64.0,65.96,63.88,65.46,,290471.0,,raw
2024-08-26,65.94,66.65,64.9,66.32,,339582.0,,raw
2024-08-27,66.0,66.48,65.49,65.99,,241138.0,,raw
2024-08-28,65.98,66.15,64.57,64.93,,265430.0,,raw
2024-08-29,64.42,65.31,63.95,63.95,,232856.0,,raw
2024-08-30,63.48,65.81,63.38,64.75,,333863.0,,raw
2024-09-02,64.5,66.52,64.44,65.23,,260759.0,,raw
2024-09-03,65.01,66.48,65.0,65.97,,242379.0,,raw
2024-09-04,65.86,66.7,65.36,65.48,,274996.0,,raw
2024-09-05,64.95,65.4,63.48,63.59,,432123.0,,raw
2024-09-06,63.6,64.55,62.9,63.02,,233202.0,,raw
2024-09-09,61.35,62.2,60.68,61.09,,548406.0,,raw
2024-09-10,60.48,61.64,60.48,60.75,,401110.0,,raw
2024-09-11,60.52,62.08,59.7,61.66,,419218.0,,raw
2024-09-12,61.8,62.85,61.66,62.37,,276169.0,,raw
2024-09-13,62.05,63.78,61.59,63.51,,321490.0,,raw
2024-09-18,63.62,65.71,63.4,65.25,,295026.0,,raw
2024-09-19,62.3,65.73,62.3,65.28,,476115.0,,raw
2024-09-20,64.91,66.3,64.76,66.06,,398013.0,,raw
2024-09-23,66.46,67.89,66.2,67.6,,391621.0,,raw
2024-09-24,67.6,68.25,66.2,68.04,,500902.0,,raw
2024-09-25,68.21,71.5,68.21,70.11,,627661.0,,raw
2024-09-26,70.0,73.68,69.79,73.56,,501342.0,,raw
2024-09-27,74.75,76.4,71.15,73.0,,857448.0,,raw
2024-09-30,73.16,76.9,72.03,76.06,,1251665.0,,raw
2024-10-08,83.67,83.67,78.73,80.19,,1352393.0,,raw
2024-10-09,78.4,79.32,74.02,75.01,,895501.0,,raw
2024-10-10,75.95,79.38,75.87,78.3,,673034.0,,raw
2024-10-11,78.0,78.23,75.9,76.77,,380602.0,,raw
2024-10-14,77.03,79.29,76.6,79.0,,462828.0,,raw
2024-10-15,79.0,79.0,76.0,76.0,,375833.0,,raw
2024-10-16,74.7,75.5,73.73,75.24,,342829.0,,raw
2024-10-17,75.24,75.53,72.9,73.08,,394376.0,,raw
2024-10-18,73.08,76.2,72.65,75.01,,427851.0,,raw
2024-10-21,75.35,75.98,73.28,74.08,,343229.0,,raw
2024-10-22,74.35,76.96,74.14,76.5,,404060.0,,raw
2024-10-23,76.6,77.78,76.0,76.38,,268313.0,,raw
2024-10-24,76.11,76.46,75.3,75.64,,171087.0,,raw
2024-10-25,75.42,75.86,74.77,75.27,,210573.0,,raw
2024-10-28,75.49,75.58,74.01,74.87,,280591.0,,raw
2024-10-29,74.61,75.5,73.8,74.07,,297272.0,,raw
2024-10-30,73.7,74.35,72.12,72.75,,404137.0,,raw
2024-10-31,72.97,73.69,71.1,71.42,,500469.0,,raw
2024-11-01,71.44,73.0,70.38,72.25,,416515.0,,raw
2024-11-04,72.14,73.37,71.7,72.84,,232316.0,,raw
2024-11-05,72.5,73.48,71.21,73.13,,416967.0,,raw
2024-11-06,73.14,73.14,70.97,71.17,,525931.0,,raw
2024-11-07,70.35,72.1,69.89,72.1,,547746.0,,raw
2024-11-08,72.66,73.76,71.1,72.58,,593374.0,,raw
2024-11-11,71.23,71.84,70.82,71.6,,442079.0,,raw
2024-11-12,71.91,74.89,71.79,72.39,,575477.0,,raw
2024-11-13,72.48,74.3,72.46,73.4,,458417.0,,raw
2024-11-14,73.48,74.89,72.33,73.64,,408435.0,,raw
2024-11-15,73.15,74.11,71.85,72.25,,342825.0,,raw
2024-11-18,72.17,72.98,70.83,71.05,,319386.0,,raw
2024-11-19,71.05,71.75,70.7,71.31,,226652.0,,raw
2024-11-20,71.38,71.65,70.74,71.43,,226371.0,,raw
2024-11-21,71.37,71.39,70.55,70.84,,216528.0,,raw
2024-11-22,70.83,72.82,70.22,70.39,,388458.0,,raw
2024-11-25,70.11,72.38,70.11,70.39,,385868.0,,raw
2024-11-26,70.11,71.2,69.35,70.6,,274188.0,,raw
2024-11-27,70.32,71.5,69.74,71.32,,264825.0,,raw
2024-11-28,72.0,72.0,69.76,70.19,,323290.0,,raw
2024-11-29,69.68,70.77,69.55,70.13,,277501.0,,raw
2024-12-02,70.15,70.53,69.23,70.08,,357906.0,,raw
2024-12-03,70.0,70.0,69.4,69.85,,313174.0,,raw
2024-12-04,69.88,71.99,69.6,71.49,,531955.0,,raw
2024-12-05,71.6,72.88,71.42,71.72,,367645.0,,raw
2024-12-06,71.78,73.13,71.51,72.85,,456778.0,,raw
2024-12-09,72.01,73.88,71.31,73.13,,413219.0,,raw
2024-12-10,76.51,76.66,73.79,73.84,,555133.0,,raw
2024-12-11,73.7,75.33,73.6,75.1,,335434.0,,raw
2024-12-12,75.2,75.75,74.37,75.56,,286398.0,,raw
2024-12-13,75.2,75.23,73.33,74.0,,370633.0,,raw
2024-12-16,74.1,74.45,72.65,73.22,,280471.0,,raw
2024-12-17,73.2,74.68,72.81,73.67,,278873.0,,raw
2024-12-18,73.66,74.58,73.58,74.1,,225785.0,,raw
2024-12-19,73.86,75.23,73.24,74.44,,253553.0,,raw
2024-12-20,74.43,74.79,73.66,74.0,,209397.0,,raw
2024-12-23,74.0,75.25,73.95,74.61,,226029.0,,raw
2024-12-24,74.4,76.38,74.4,76.25,,344141.0,,raw
2024-12-25,76.3,76.6,75.04,75.54,,227339.0,,raw
2024-12-26,75.26,76.24,74.65,75.98,,242143.0,,raw
2024-12-27,75.98,76.05,74.8,75.42,,198421.0,,raw
2024-12-30,75.0,76.18,74.92,75.32,,221827.0,,raw
2024-12-31,75.1,76.05,74.69,75.22,,307660.0,,raw
2025-01-02,75.4,77.2,75.0,75.32,,413671.0,,raw
2025-01-03,75.0,76.06,73.9,74.69,,296422.0,,raw
2025-01-06,74.68,76.28,74.28,75.38,,306810.0,,raw
2025-01-07,75.0,76.76,74.5,75.93,,251785.0,,raw
2025-01-08,75.51,77.66,75.43,77.58,,406930.0,,raw
2025-01-09,77.7,79.0,77.2,78.73,,345987.0,,raw
2025-01-10,78.73,78.89,76.37,76.37,,271096.0,,raw
2025-01-13,75.61,76.02,73.93,74.3,,255846.0,,raw
2025-01-14,74.3,75.35,73.43,74.62,,288584.0,,raw
2025-01-15,74.64,75.77,73.6,73.82,,256635.0,,raw
2025-01-16,73.99,75.45,73.9,74.09,,262330.0,,raw
2025-01-17,74.08,74.87,73.63,74.35,,159288.0,,raw
2025-01-20,75.1,76.74,74.88,74.89,,296993.0,,raw
2025-01-21,75.26,75.29,74.22,74.4,,162863.0,,raw
2025-01-22,74.38,74.38,72.28,73.0,,322180.0,,raw
2025-01-23,73.4,73.92,72.4,73.41,,270087.0,,raw
2025-01-24,73.01,73.64,72.55,72.82,,304861.0,,raw
2025-01-27,72.86,74.3,72.62,73.88,,280115.0,,raw
2025-02-05,73.4,73.69,71.68,72.21,,363511.0,,raw
2025-02-06,72.18,72.56,71.43,72.27,,285675.0,,raw
2025-02-07,72.4,73.44,71.67,73.44,,355350.0,,raw
2025-02-10,73.32,73.33,72.5,73.01,,318650.0,,raw
2025-02-11,73.44,73.86,72.61,73.7,,300440.0,,raw
2025-02-12,73.46,73.59,72.68,73.28,,228073.0,,raw
2025-02-13,73.0,73.39,72.13,72.14,,410664.0,,raw
2025-02-14,72.12,72.69,71.9,72.49,,234351.0,,raw
2025-02-17,72.25,72.47,71.25,72.04,,402358.0,,raw
2025-02-18,71.99,72.65,71.53,71.9,,293465.0,,raw
2025-02-19,71.3,71.97,71.0,71.45,,337150.0,,raw
2025-02-20,71.41,71.71,71.06,71.23,,314202.0,,raw
2025-02-21,71.02,71.23,70.2,70.59,,553390.0,,raw
2025-02-24,70.65,71.5,70.28,70.89,,469377.0,,raw
2025-02-25,70.5,70.67,68.98,69.03,,565999.0,,raw
2025-02-26,68.71,70.16,68.7,70.12,,404124.0,,raw
2025-02-27,71.0,72.71,70.63,72.48,,652482.0,,raw
2025-02-28,72.75,73.5,72.1,73.05,,506479.0,,raw
2025-03-03,72.7,72.99,70.85,71.0,,405918.0,,raw
2025-03-04,71.28,72.47,71.28,71.97,,300420.0,,raw
2025-03-05,71.9,72.15,71.2,71.75,,286186.0,,raw
2025-03-06,71.91,71.97,70.42,71.14,,402399.0,,raw
2025-03-07,71.12,71.24,70.26,70.79,,314827.0,,raw
2025-03-10,70.81,71.26,70.51,71.07,,273440.0,,raw
2025-03-11,70.5,71.44,70.3,70.93,,252825.0,,raw
2025-03-12,70.98,70.98,70.1,70.1,,301301.0,,raw
2025-03-13,70.01,70.65,69.81,70.01,,252622.0,,raw
2025-03-14,70.03,72.1,69.82,71.87,,425450.0,,raw
2025-03-17,72.52,72.52,71.6,71.88,,347333.0,,raw
2025-03-18,72.0,76.1,71.61,74.98,,779314.0,,raw
2025-03-19,77.23,77.94,75.03,76.51,,1066261.0,,raw
2025-03-20,76.4,76.85,75.1,75.17,,585693.0,,raw
2025-03-21,74.77,76.43,74.77,75.28,,384528.0,,raw
2025-03-24,74.88,76.5,74.82,76.06,,387348.0,,raw
2025-03-25,76.81,77.5,76.37,76.86,,324186.0,,raw
2025-03-26,76.47,77.4,75.87,76.79,,237069.0,,raw
2025-03-27,76.79,77.5,76.32,76.5,,257215.0,,raw
2025-03-28,76.21,77.18,75.68,76.87,,249114.0,,raw
2025-03-31,76.9,80.5,76.9,78.5,,689684.0,,raw
2025-04-01,78.1,78.78,75.2,75.39,,551817.0,,raw
2025-04-02,75.35,76.79,75.19,75.96,,268536.0,,raw
2025-04-03,74.6,74.83,73.15,73.36,,565989.0,,raw
2025-04-07,68.22,69.47,66.02,67.18,,880897.0,,raw
2025-04-08,68.0,70.5,67.79,70.23,,744733.0,,raw
2025-04-09,69.19,70.5,68.42,69.67,,578840.0,,raw
2025-04-10,70.6,71.59,70.13,71.09,,450849.0,,raw
2025-04-11,70.52,70.74,69.63,70.49,,295626.0,,raw
2025-04-14,70.72,70.9,69.71,69.92,,348835.0,,raw
2025-04-15,70.1,71.83,69.69,71.48,,343667.0,,raw
2025-04-16,71.19,71.48,70.37,71.0,,266729.0,,raw
2025-04-17,70.74,71.17,70.34,70.95,,195913.0,,raw
2025-04-18,70.95,71.33,70.47,70.92,,154484.0,,raw
2025-04-21,70.78,71.61,70.5,71.39,,177514.0,,raw
2025-04-22,71.3,72.23,71.21,71.72,,226155.0,,raw
2025-04-23,72.1,72.42,71.8,71.85,,225869.0,,raw
2025-04-24,72.4,73.19,71.96,72.95,,231808.0,,raw
2025-04-25,72.95,73.0,72.38,72.75,,170972.0,,raw
2025-04-28,73.39,73.58,72.8,73.23,,239660.0,,raw
2025-04-29,73.26,74.37,72.86,74.2,,234974.0,,raw
2025-04-30,75.0,75.12,73.45,73.62,,478100.0,,raw
2025-05-06,74.23,74.38,73.1,74.05,,346412.0,,raw
2025-05-07,74.77,75.18,74.0,74.36,,300281.0,,raw
2025-05-08,74.35,75.64,73.88,75.0,,277076.0,,raw
2025-05-09,74.99,76.03,74.71,75.8,,245639.0,,raw
2025-05-12,76.1,76.74,75.9,76.58,,272239.0,,raw
2025-05-13,77.0,77.2,76.44,77.11,,255278.0,,raw
2025-05-14,76.9,77.55,76.13,77.09,,292496.0,,raw
2025-05-15,76.66,77.07,76.32,76.5,,204902.0,,raw
2025-05-16,76.21,76.84,75.57,76.6,,238660.0,,raw
2025-05-19,76.44,77.72,76.29,77.58,,263086.0,,raw
2025-05-20,77.53,79.1,77.48,78.67,,277995.0,,raw
2025-05-21,78.5,79.44,78.47,78.8,,205438.0,,raw
2025-05-22,78.73,79.56,78.31,79.36,,234034.0,,raw
2025-05-23,79.36,80.48,78.72,78.89,,299746.0,,raw
2025-05-26,78.72,79.19,77.61,78.27,,241689.0,,raw
2025-05-27,78.2,78.89,78.02,78.48,,206449.0,,raw
2025-05-28,78.98,80.1,78.7,79.32,,240449.0,,raw
2025-05-29,79.07,79.49,78.36,78.98,,251677.0,,raw
2025-05-30,78.74,79.51,78.3,79.06,,215733.0,,raw
2025-06-03,79.05,79.05,75.67,75.91,,561908.0,,raw
2025-06-04,75.78,76.58,75.5,75.56,,367554.0,,raw
2025-06-05,75.44,75.9,75.05,75.25,,235803.0,,raw
2025-06-06,75.37,75.83,75.1,75.7,,275559.0,,raw
2025-06-09,75.25,75.58,74.07,75.4,,466956.0,,raw
2025-06-10,75.63,76.5,75.05,75.05,,321074.0,,raw
2025-06-11,75.2,75.8,74.83,75.49,,263083.0,,raw
2025-06-12,72.51,72.68,71.53,72.2,,347029.0,,raw
2025-06-13,71.6,72.16,71.0,71.48,,300452.0,,raw
2025-06-16,71.6,71.8,70.85,71.26,,250205.0,,raw
2025-06-17,71.8,73.08,71.8,72.06,,326395.0,,raw
2025-06-18,72.19,72.64,72.02,72.1,,175288.0,,raw
2025-06-19,72.2,72.41,71.13,71.33,,211253.0,,raw
2025-06-20,71.35,72.38,71.26,72.38,,229864.0,,raw
2025-06-23,72.0,72.33,71.46,71.72,,210545.0,,raw
2025-06-24,72.1,73.34,72.0,72.8,,270501.0,,raw
2025-06-25,72.8,73.33,72.3,73.18,,243275.0,,raw
2025-06-26,73.0,73.59,72.75,73.1,,226726.0,,raw
2025-06-27,73.06,73.19,72.22,72.28,,223640.0,,raw
2025-06-30,72.25,72.58,71.98,72.2,,193023.0,,raw
2025-07-01,72.28,72.35,71.8,72.11,,186252.0,,raw
2025-07-02,72.11,73.1,71.81,72.5,,266155.0,,raw
2025-07-03,72.79,72.95,72.34,72.89,,179369.0,,raw
2025-07-04,72.88,73.84,72.6,73.48,,211462.0,,raw
2025-07-07,73.2,73.45,72.33,72.55,,215453.0,,raw
2025-07-08,72.55,72.7,72.07,72.22,,256867.0,,raw
2025-07-09,72.07,72.35,71.8,71.8,,272053.0,,raw
2025-07-10,71.84,71.97,71.33,71.68,,231514.0,,raw
2025-07-11,71.74,72.8,71.69,72.48,,320554.0,,raw
2025-07-14,72.47,73.21,71.98,73.1,,233739.0,,raw
2025-07-15,73.11,73.5,72.81,73.21,,249010.0,,raw
2025-07-16,73.47,74.09,72.8,72.89,,206888.0,,raw
2025-07-17,72.75,73.43,72.6,72.63,,247300.0,,raw
2025-07-18,72.87,73.28,72.52,72.83,,219512.0,,raw
2025-07-21,72.61,72.96,72.4,72.55,,308971.0,,raw
2025-07-22,72.58,73.22,72.26,73.19,,357204.0,,raw
2025-07-23,73.2,73.85,73.18,73.5,,369872.0,,raw
2025-07-24,73.7,73.95,73.09,73.51,,290699.0,,raw
2025-07-25,73.4,73.4,72.55,72.76,,244562.0,,raw
2025-07-28,72.82,72.92,71.8,71.94,,377736.0,,raw
2025-07-29,71.94,72.07,71.02,71.24,,398369.0,,raw
2025-07-30,71.49,72.74,71.2,72.11,,411325.0,,raw
2025-07-31,72.0,72.02,69.88,70.19,,694777.0,,raw
2025-08-01,70.2,70.97,70.1,70.79,,286447.0,,raw
2025-08-04,70.55,71.0,70.2,70.94,,197766.0,,raw
2025-08-05,71.11,71.51,70.68,71.38,,191748.0,,raw
2025-08-06,71.38,71.78,70.99,71.7,,221358.0,,raw
2025-08-07,71.51,71.93,71.21,71.48,,203616.0,,raw
2025-08-08,71.4,71.83,71.29,71.58,,201184.0,,raw
2025-08-11,71.3,71.82,71.19,71.76,,179124.0,,raw
2025-08-12,71.75,72.44,71.6,71.93,,240476.0,,raw
2025-08-13,71.98,72.29,71.6,71.82,,253847.0,,raw
2025-08-14,71.8,73.05,71.72,72.33,,455149.0,,raw
2025-08-15,72.33,72.4,71.81,72.3,,274700.0,,raw
2025-08-18,72.31,72.56,71.61,71.84,,542998.0,,raw
2025-08-19,73.2,73.63,72.2,72.68,,537603.0,,raw
2025-08-20,72.21,72.32,71.51,72.22,,403770.0,,raw
2025-08-21,72.09,72.5,71.66,71.92,,338014.0,,raw
2025-08-22,71.97,72.19,71.65,72.09,,391389.0,,raw
2025-08-25,72.12,73.85,72.12,73.52,,700234.0,,raw
2025-08-26,73.52,74.28,73.31,73.8,,462938.0,,raw
2025-08-27,73.89,74.55,72.69,72.71,,488419.0,,raw
2025-08-28,72.71,73.97,72.51,73.5,,432987.0,,raw
2025-08-29,73.5,74.84,73.39,73.71,,567669.0,,raw
2025-09-01,75.0,75.84,73.52,74.03,,776259.0,,raw
2025-09-02,74.21,76.4,73.99,76.16,,805909.0,,raw
2025-09-03,76.55,77.14,74.95,75.62,,504881.0,,raw
2025-09-04,75.98,76.0,74.42,75.59,,443539.0,,raw
2025-09-05,75.81,76.69,75.44,76.22,,464252.0,,raw
2025-09-08,76.67,78.08,76.5,77.03,,550294.0,,raw
2025-09-09,77.02,77.6,76.35,77.18,,383150.0,,raw
2025-09-10,77.0,77.27,76.4,77.02,,271542.0,,raw
2025-09-11,76.9,77.27,75.9,77.02,,459605.0,,raw
2025-09-12,76.95,77.69,75.41,75.57,,591171.0,,raw
2025-09-15,75.2,75.95,74.5,75.17,,480680.0,,raw
2025-09-16,75.13,75.2,74.05,74.46,,456028.0,,raw
2025-09-17,74.41,75.43,74.17,74.35,,577227.0,,raw
2025-09-18,74.6,75.35,73.19,73.74,,600840.0,,raw
2025-09-19,73.41,74.59,73.21,74.35,,388478.0,,raw
2025-09-22,74.81,74.9,72.9,73.26,,479740.0,,raw
2025-09-23,73.25,73.65,72.72,73.53,,421477.0,,raw
2025-09-24,73.51,74.35,72.95,74.1,,306285.0,,raw
2025-09-25,73.3,73.75,72.55,72.84,,478607.0,,raw
2025-09-26,73.04,74.7,72.89,74.2,,476983.0,,raw
2025-09-29,74.43,74.55,73.05,73.73,,465939.0,,raw
2025-09-30,73.7,73.71,72.55,72.66,,506108.0,,raw
2025-10-09,72.35,72.97,71.38,72.63,,615939.0,,raw
2025-10-10,72.45,73.73,72.1,72.83,,433305.0,,raw
2025-10-13,71.38,72.11,71.02,71.81,,481605.0,,raw
2025-10-14,72.0,73.15,71.69,72.6,,519095.0,,raw
2025-10-15,72.8,73.49,72.6,72.92,,376333.0,,raw
2025-10-16,73.2,73.69,72.52,73.18,,346780.0,,raw
2025-10-17,72.7,73.59,72.64,72.8,,276491.0,,raw
2025-10-20,73.09,73.4,72.39,72.87,,297557.0,,raw
2025-10-21,72.9,73.26,72.58,72.91,,283947.0,,raw
2025-10-22,72.8,73.99,72.61,73.88,,393298.0,,raw
2025-10-23,73.8,74.95,73.68,74.89,,347633.0,,raw
2025-10-24,74.89,75.0,74.46,74.61,,244838.0,,raw
2025-10-27,74.74,75.35,74.37,74.88,,340553.0,,raw
2025-10-28,74.61,74.92,74.13,74.41,,233658.0,,raw
2025-10-29,74.25,74.42,73.5,74.4,,273587.0,,raw
2025-10-30,74.5,76.1,74.5,75.3,,499653.0,,raw
2025-10-31,75.2,76.83,75.1,76.4,,509742.0,,raw
2025-11-03,76.39,76.95,75.18,75.39,,281970.0,,raw
2025-11-04,75.12,75.79,74.9,75.16,,302606.0,,raw
2025-11-05,75.0,76.39,74.3,75.94,,266151.0,,raw
2025-11-06,75.94,77.43,75.94,77.03,,355111.0,,raw
2025-11-07,77.27,77.27,76.11,76.2,,264420.0,,raw
2025-11-10,76.26,77.55,75.95,77.33,,391008.0,,raw
2025-11-11,77.33,77.39,76.68,77.23,,227708.0,,raw
2025-11-12,77.23,80.55,77.23,79.49,,737847.0,,raw
2025-11-13,79.2,80.0,78.69,79.6,,333370.0,,raw
2025-11-14,79.5,80.42,79.05,79.23,,273127.0,,raw
2025-11-17,79.23,79.39,77.91,78.42,,261095.0,,raw
2025-11-18,78.29,78.66,77.0,77.4,,235904.0,,raw
2025-11-19,77.38,78.09,77.02,77.4,,214415.0,,raw
2025-11-20,77.5,78.88,77.03,77.94,,261929.0,,raw
2025-11-21,77.1,79.29,77.1,78.75,,439495.0,,raw
2025-11-24,78.6,79.48,78.25,78.56,,367739.0,,raw
2025-11-25,78.99,79.0,77.61,78.7,,291012.0,,raw
2025-11-26,78.69,80.0,78.41,79.8,,320728.0,,raw
2025-11-27,79.6,80.73,78.95,79.8,,316461.0,,raw
2025-11-28,79.8,80.07,79.33,79.86,,181267.0,,raw
2025-12-01,79.8,80.2,79.17,80.0,,303520.0,,raw
2025-12-02,80.1,81.66,80.01,81.56,,378049.0,,raw
2025-12-03,81.55,82.88,81.26,82.17,,368660.0,,raw
2025-12-04,82.13,83.17,81.77,81.89,,289180.0,,raw
2025-12-05,81.89,82.59,81.7,82.23,,246165.0,,raw
2025-12-08,83.0,83.1,81.04,81.81,,273365.0,,raw
2025-12-09,81.5,81.56,79.94,80.2,,356479.0,,raw
2025-12-10,79.98,80.62,79.7,80.07,,245720.0,,raw
2025-12-11,80.12,80.56,79.18,79.3,,272945.0,,raw
2025-12-12,79.35,79.98,79.2,79.32,,328959.0,,raw
2025-12-15,79.69,81.1,79.45,80.41,,365547.0,,raw
2025-12-16,80.25,80.85,79.84,79.96,,214231.0,,raw
2025-12-17,79.71,80.92,79.38,80.47,,230282.0,,raw
2025-12-18,80.27,80.61,79.51,79.83,,214098.0,,raw
2025-12-19,79.85,79.9,78.8,79.45,,278018.0,,raw
2025-12-22,79.3,79.79,78.9,79.16,,245037.0,,raw
2025-12-23,79.38,80.31,79.02,79.65,,254680.0,,raw
2025-12-24,79.43,79.94,78.76,78.8,,217047.0,,raw
2025-12-25,78.52,78.88,78.18,78.59,,226758.0,,raw
2025-12-26,78.59,79.07,78.55,78.87,,214107.0,,raw
2025-12-29,78.79,79.72,78.25,78.41,,256974.0,,raw
2025-12-30,78.16,79.38,78.12,78.85,,213622.0,,raw
2025-12-31,78.87,80.28,77.85,78.15,,287758.0,,raw
