date,open,high,low,close,volume,amount,price_type
2019-01-02,86.600,86.600,83.200,84.390,38695.000,,raw
2019-01-03,83.680,83.690,80.950,80.990,46519.000,,raw
2019-01-04,80.500,83.390,79.210,82.680,34460.000,,raw
2019-01-07,83.850,83.980,82.600,83.390,28761.000,,raw
2019-01-08,83.400,84.370,83.010,83.500,21429.000,,raw
2019-01-09,83.490,86.370,83.270,85.200,41118.000,,raw
2019-01-10,85.210,85.900,84.210,84.600,18649.000,,raw
2019-01-11,84.460,85.330,83.680,85.150,22778.000,,raw
2019-01-14,85.000,85.550,84.500,84.600,17051.000,,raw
2019-01-15,84.700,87.280,84.040,87.200,45380.000,,raw
2019-01-16,87.200,88.900,86.880,88.000,36548.000,,raw
2019-01-17,87.980,88.400,86.000,86.000,36309.000,,raw
2019-01-18,85.850,91.050,85.850,90.580,77178.000,,raw
2019-01-21,90.300,92.080,89.420,90.320,51524.000,,raw
2019-01-22,90.100,90.130,87.700,88.360,37871.000,,raw
2019-01-23,87.500,89.250,87.460,88.600,20206.000,,raw
2019-01-24,88.660,88.910,86.850,87.990,33399.000,,raw
2019-01-25,87.800,88.490,87.540,87.970,24886.000,,raw
2019-01-28,88.480,90.000,88.000,88.200,34074.000,,raw
2019-01-29,87.980,89.000,87.360,89.000,24206.000,,raw
2019-01-30,88.800,89.900,88.200,88.800,23003.000,,raw
2019-01-31,88.380,89.500,87.910,88.380,27760.000,,raw
2019-02-01,89.000,91.900,88.990,91.300,56409.000,,raw
2019-02-11,91.000,94.210,90.910,93.710,50208.000,,raw
2019-02-12,96.400,98.180,95.480,96.970,86416.000,,raw
2019-02-13,97.380,100.660,97.010,99.900,73807.000,,raw
2019-02-14,99.990,101.350,98.760,100.590,48622.000,,raw
2019-02-15,100.000,101.990,98.230,98.230,55716.000,,raw
2019-02-18,99.000,106.820,99.000,105.780,77033.000,,raw
2019-02-19,105.840,107.300,104.010,105.000,57999.000,,raw
2019-02-20,105.080,105.800,100.510,103.100,52272.000,,raw
2019-02-21,103.000,104.870,101.970,102.000,44210.000,,raw
2019-02-22,101.680,104.680,101.020,103.940,45026.000,,raw
2019-02-25,104.780,106.500,102.800,106.010,100100.000,,raw
2019-02-26,107.000,110.800,104.200,104.780,90810.000,,raw
2019-02-27,104.500,106.770,103.010,103.990,68524.000,,raw
2019-02-28,103.890,106.600,103.880,105.930,47911.000,,raw
2019-03-01,106.500,108.660,105.580,107.350,59080.000,,raw
2019-03-04,109.400,109.430,106.380,106.990,90528.000,,raw
2019-03-05,106.000,107.500,105.190,106.960,55219.000,,raw
2019-03-06,106.970,107.300,104.410,105.750,65813.000,,raw
2019-03-07,106.400,106.400,101.800,103.170,78178.000,,raw
2019-03-08,101.300,104.590,100.110,100.850,61795.000,,raw
2019-03-11,101.700,104.000,101.040,103.900,48388.000,,raw
2019-03-12,105.010,105.630,102.350,103.050,50692.000,,raw
2019-03-13,103.000,104.500,102.080,102.610,37714.000,,raw
2019-03-14,102.540,104.410,102.300,103.190,45212.000,,raw
2019-03-15,103.450,104.880,102.360,103.900,50433.000,,raw
2019-03-18,104.110,112.000,104.110,111.950,130990.000,,raw
2019-03-19,111.000,112.190,108.110,108.720,68684.000,,raw
2019-03-20,108.540,110.800,107.380,108.480,52166.000,,raw
2019-03-21,109.400,109.970,107.500,108.670,40724.000,,raw
2019-03-22,108.670,109.500,107.880,108.800,33991.000,,raw
2019-03-25,107.500,109.970,107.010,107.810,40087.000,,raw
2019-03-26,107.950,108.900,107.100,107.400,36735.000,,raw
2019-03-27,108.290,113.010,108.000,111.950,87421.000,,raw
2019-03-28,111.300,114.490,110.580,112.970,63285.000,,raw
2019-03-29,113.500,117.480,113.500,114.900,69345.000,,raw
2019-04-01,115.190,117.700,115.190,116.620,60557.000,,raw
2019-04-02,116.440,116.440,114.610,115.990,42413.000,,raw
2019-04-03,115.000,117.700,114.860,116.300,44357.000,,raw
2019-04-04,115.700,118.800,115.500,118.480,49049.000,,raw
2019-04-08,119.000,120.740,116.720,117.400,59877.000,,raw
2019-04-09,117.500,120.690,116.110,120.380,55177.000,,raw
2019-04-10,119.850,124.050,118.880,122.500,65226.000,,raw
2019-04-11,122.500,122.500,116.580,116.600,69923.000,,raw
2019-04-12,116.590,118.690,116.120,118.530,38912.000,,raw
2019-04-15,119.000,121.010,116.100,116.110,59209.000,,raw
2019-04-16,115.380,117.590,115.100,116.890,42883.000,,raw
2019-04-17,117.200,119.450,117.000,118.080,38350.000,,raw
2019-04-18,118.540,118.980,116.000,116.600,24651.000,,raw
2019-04-19,116.700,117.890,116.180,117.110,22727.000,,raw
2019-04-22,117.200,118.190,115.010,116.500,39269.000,,raw
2019-04-23,115.380,117.100,113.580,116.250,42755.000,,raw
2019-04-24,116.530,117.610,114.740,116.000,33446.000,,raw
2019-04-25,116.000,117.500,114.890,115.020,36125.000,,raw
2019-04-26,114.900,115.580,108.600,109.190,71198.000,,raw
2019-04-29,108.800,113.000,107.000,111.100,55946.000,,raw
2019-04-30,111.550,115.340,111.550,115.300,45036.000,,raw
2019-05-06,112.870,112.870,105.810,108.700,76894.000,,raw
2019-05-07,110.000,112.630,109.100,112.050,47620.000,,raw
2019-05-08,110.150,111.500,108.180,108.440,39038.000,,raw
2019-05-09,107.500,108.670,101.010,104.130,65118.000,,raw
2019-05-10,105.500,107.260,102.000,106.980,52635.000,,raw
2019-05-13,106.120,109.650,104.980,108.800,42764.000,,raw
2019-05-14,108.000,109.220,106.480,106.640,34402.000,,raw
2019-05-15,107.700,110.550,107.700,109.680,42273.000,,raw
2019-05-16,109.500,111.160,108.800,110.920,31254.000,,raw
2019-05-17,111.000,111.880,108.200,108.490,39566.000,,raw
2019-05-20,108.000,108.000,105.410,106.370,29449.000,,raw
2019-05-21,107.000,108.370,106.060,107.880,25005.000,,raw
2019-05-22,108.060,108.790,106.500,107.530,20132.000,,raw
2019-05-23,107.500,107.530,103.800,104.230,36817.000,,raw
2019-05-24,104.250,105.780,104.200,104.880,19475.000,,raw
2019-05-27,105.260,106.020,103.200,105.840,28514.000,,raw
2019-05-28,105.780,107.500,105.290,107.200,30473.000,,raw
2019-05-29,106.540,107.370,105.300,106.550,20726.000,,raw
2019-05-30,106.190,106.900,104.920,106.240,21799.000,,raw
2019-05-31,106.500,108.790,105.900,107.500,36822.000,,raw
2019-06-03,107.680,109.480,107.320,107.600,20701.000,,raw
2019-06-04,107.800,107.880,103.800,104.220,35945.000,,raw
2019-06-05,105.150,105.440,102.460,103.430,31933.000,,raw
2019-06-06,103.500,104.200,102.280,102.700,19804.000,,raw
2019-06-10,102.720,104.480,102.120,104.000,24679.000,,raw
2019-06-11,104.190,108.500,104.190,108.500,53393.000,,raw
2019-06-12,108.490,108.490,107.300,107.540,27213.000,,raw
2019-06-13,108.170,108.280,106.710,107.970,21573.000,,raw
2019-06-14,108.060,109.780,106.600,106.710,23567.000,,raw
2019-06-17,106.700,110.000,106.700,108.830,35178.000,,raw
2019-06-18,109.000,109.690,107.880,108.480,23458.000,,raw
2019-06-19,109.990,110.650,109.520,109.700,38611.000,,raw
2019-06-20,109.300,113.750,109.300,112.750,50295.000,,raw
2019-06-21,112.900,114.500,112.410,113.000,40063.000,,raw
2019-06-24,112.820,115.000,112.110,114.910,39006.000,,raw
2019-06-25,115.000,115.500,113.600,114.720,34224.000,,raw
2019-06-26,114.380,115.560,113.990,115.100,27832.000,,raw
2019-06-27,114.660,116.140,114.500,115.300,31648.000,"{'nd': '2018', 'fh_sh': '6', 'djr': '2019-06-26', 'cqr': '2019-06-27', 'FHcontent': '10派6元'}",raw
2019-06-28,115.700,116.300,114.000,115.200,30783.000,,raw
2019-07-01,116.800,117.750,116.490,117.190,38891.000,,raw
2019-07-02,117.100,117.200,116.010,116.800,34635.000,,raw
2019-07-03,115.550,115.870,111.330,112.980,61983.000,,raw
2019-07-04,113.900,113.900,111.300,111.890,38319.000,,raw
2019-07-05,112.390,114.400,112.190,113.880,29317.000,,raw
2019-07-08,113.760,114.850,110.670,112.050,37492.000,,raw
2019-07-09,112.050,113.700,111.300,111.890,21202.000,,raw
2019-07-10,112.500,112.600,111.200,111.380,17817.000,,raw
2019-07-11,111.800,111.950,110.210,110.400,23047.000,,raw
2019-07-12,111.000,111.680,110.120,111.060,18647.000,,raw
2019-07-15,110.500,110.500,106.000,108.000,51300.000,,raw
2019-07-16,106.880,108.860,106.230,107.380,35284.000,,raw
2019-07-17,107.000,107.750,103.710,105.130,63077.000,,raw
2019-07-18,105.090,105.480,103.050,103.230,40262.000,,raw
2019-07-19,103.690,104.480,101.980,102.780,49362.000,,raw
2019-07-22,103.370,103.400,100.500,100.800,54917.000,,raw
2019-07-23,100.800,102.800,100.800,102.510,35780.000,,raw
2019-07-24,102.800,103.510,102.250,102.550,34186.000,,raw
2019-07-25,103.000,104.590,102.280,104.500,35673.000,,raw
2019-07-26,104.000,106.170,103.530,105.770,34920.000,,raw
2019-07-29,105.980,106.180,104.770,105.500,22528.000,,raw
2019-07-30,104.930,105.900,104.010,104.980,29281.000,,raw
2019-07-31,104.660,105.250,103.990,104.000,21184.000,,raw
2019-08-01,104.000,104.390,102.360,103.990,29889.000,,raw
2019-08-02,102.600,103.550,101.990,103.150,21461.000,,raw
2019-08-05,102.800,103.370,101.800,101.820,23502.000,,raw
2019-08-06,100.400,101.450,99.200,100.970,39194.000,,raw
2019-08-07,100.660,102.680,100.660,102.020,24462.000,,raw
2019-08-08,102.200,102.970,101.220,102.030,22237.000,,raw
2019-08-09,102.650,102.680,92.310,94.800,122066.000,,raw
2019-08-12,95.310,97.040,90.960,96.010,66451.000,,raw
2019-08-13,95.860,96.900,95.060,95.900,30267.000,,raw
2019-08-14,96.800,97.910,96.400,96.500,36137.000,,raw
2019-08-15,95.000,97.980,94.030,97.590,33264.000,,raw
2019-08-16,97.590,99.450,97.100,98.720,32646.000,,raw
2019-08-19,99.300,100.440,98.930,100.090,35311.000,,raw
2019-08-20,100.110,100.390,99.080,99.200,28124.000,,raw
2019-08-21,98.510,98.640,96.800,97.050,41966.000,,raw
2019-08-22,97.690,101.460,97.600,100.990,68465.000,,raw
2019-08-23,100.990,101.040,99.060,100.750,46947.000,,raw
2019-08-26,98.710,104.500,98.710,102.600,60856.000,,raw
2019-08-27,104.000,104.000,102.080,102.820,50542.000,,raw
2019-08-28,102.650,102.980,100.310,100.890,37955.000,,raw
2019-08-29,100.720,101.180,99.800,100.050,24826.000,,raw
2019-08-30,100.220,101.790,99.440,99.710,30779.000,,raw
2019-09-02,99.480,100.490,98.910,100.340,34973.000,,raw
2019-09-03,100.350,100.580,98.220,98.960,40512.000,,raw
2019-09-04,98.800,99.190,97.680,99.150,31464.000,,raw
2019-09-05,99.680,101.000,99.470,100.140,39567.000,,raw
2019-09-06,100.300,101.430,99.720,101.320,36679.000,,raw
2019-09-09,101.470,102.120,100.660,101.070,34021.000,,raw
2019-09-10,101.080,102.400,99.780,102.000,43521.000,,raw
2019-09-11,102.000,103.600,100.220,100.420,41734.000,,raw
2019-09-12,100.020,100.790,99.800,100.040,27607.000,,raw
2019-09-16,100.040,100.960,100.000,100.200,23986.000,,raw
2019-09-17,100.200,100.500,99.000,99.150,24113.000,,raw
2019-09-18,99.010,101.800,98.980,101.610,45968.000,,raw
2019-09-19,101.760,102.920,101.000,102.680,40040.000,,raw
2019-09-20,102.790,105.540,102.610,104.940,62871.000,,raw
2019-09-23,104.900,105.880,103.000,103.230,31562.000,,raw
2019-09-24,104.080,104.900,102.500,103.250,32602.000,,raw
2019-09-25,103.250,103.450,101.410,102.130,22713.000,,raw
2019-09-26,102.690,103.000,99.990,100.400,29916.000,,raw
2019-09-27,100.390,101.660,99.030,101.120,23310.000,,raw
2019-09-30,101.120,103.300,100.810,101.880,29492.000,,raw
2019-10-08,102.000,105.150,102.000,104.300,44998.000,,raw
2019-10-09,104.100,105.100,103.050,104.670,31971.000,,raw
2019-10-10,105.000,108.560,104.690,107.990,65616.000,,raw
2019-10-11,108.690,108.990,107.100,107.890,42633.000,,raw
2019-10-14,108.200,110.050,107.790,109.090,45689.000,,raw
2019-10-15,108.980,113.500,108.560,112.050,56687.000,,raw
2019-10-16,112.220,115.050,111.300,114.500,72276.000,,raw
2019-10-17,114.500,116.000,113.390,114.100,35183.000,,raw
2019-10-18,114.000,115.260,112.370,114.170,47394.000,,raw
2019-10-21,113.580,114.500,109.930,112.220,50699.000,,raw
2019-10-22,113.000,114.790,112.500,114.000,38138.000,,raw
2019-10-23,114.160,115.950,112.470,112.600,35225.000,,raw
2019-10-24,113.400,113.700,110.500,111.460,45085.000,,raw
2019-10-25,109.940,109.940,105.700,106.500,115783.000,,raw
2019-10-28,106.800,108.880,105.980,106.910,49639.000,,raw
2019-10-29,106.010,110.130,106.010,107.790,55125.000,,raw
2019-10-30,107.820,108.670,106.200,107.800,26245.000,,raw
2019-10-31,108.200,109.090,107.020,108.520,30460.000,,raw
2019-11-01,108.030,108.720,106.510,108.590,33576.000,,raw
2019-11-04,108.900,109.940,108.020,108.500,36596.000,,raw
2019-11-05,109.000,109.400,107.450,108.320,36228.000,,raw
2019-11-06,108.180,108.850,107.750,108.180,24548.000,,raw
2019-11-07,108.400,108.890,107.500,108.480,22034.000,,raw
2019-11-08,108.880,111.980,108.770,111.070,49122.000,,raw
2019-11-11,111.000,112.630,108.990,109.450,43193.000,,raw
2019-11-12,108.960,109.800,106.980,107.600,35888.000,,raw
2019-11-13,107.600,108.400,105.960,106.300,53243.000,,raw
2019-11-14,106.590,107.320,105.920,107.010,36915.000,,raw
2019-11-15,107.000,107.200,104.700,104.710,42151.000,,raw
2019-11-18,104.600,105.490,103.850,104.730,34918.000,,raw
2019-11-19,104.700,106.250,104.700,105.200,39246.000,,raw
2019-11-20,105.440,106.400,105.100,105.300,31595.000,,raw
2019-11-21,105.090,105.090,102.280,103.250,41881.000,,raw
2019-11-22,103.230,103.800,101.110,101.470,43075.000,,raw
2019-11-25,101.470,102.330,100.650,101.910,29877.000,,raw
2019-11-26,102.280,102.800,101.700,102.600,29827.000,,raw
2019-11-27,102.430,102.500,101.000,101.620,23643.000,,raw
2019-11-28,101.900,102.470,101.220,101.780,18407.000,,raw
2019-11-29,101.660,102.190,98.780,99.780,48518.000,,raw
2019-12-02,99.090,99.880,99.000,99.210,22552.000,,raw
2019-12-03,98.110,99.400,98.110,99.380,23426.000,,raw
2019-12-04,99.620,100.480,99.000,100.090,20202.000,,raw
2019-12-05,100.500,101.280,100.000,100.500,21329.000,,raw
2019-12-06,100.610,101.080,100.110,101.060,21896.000,,raw
2019-12-09,101.000,101.600,99.900,100.240,25331.000,,raw
2019-12-10,99.990,100.520,99.890,100.390,17592.000,,raw
2019-12-11,100.400,100.930,100.350,100.830,16967.000,,raw
2019-12-12,100.750,100.850,99.880,99.890,16786.000,,raw
2019-12-13,100.500,102.590,100.500,102.580,38778.000,,raw
2019-12-16,102.880,103.670,101.800,102.720,28517.000,,raw
2019-12-17,102.770,104.400,102.020,103.980,34288.000,,raw
2019-12-18,103.770,104.820,102.880,103.360,28204.000,,raw
2019-12-19,103.650,103.680,102.030,103.030,20738.000,,raw
2019-12-20,103.010,103.590,102.610,103.140,18058.000,,raw
2019-12-23,103.150,106.240,102.800,104.450,42459.000,,raw
2019-12-24,104.440,105.180,103.640,104.520,23273.000,,raw
2019-12-25,106.500,110.880,106.500,109.950,107957.000,,raw
2019-12-26,109.610,110.600,108.870,109.970,41174.000,,raw
2019-12-27,109.970,110.600,107.980,108.140,40622.000,,raw
2019-12-30,108.470,110.090,107.000,109.160,37866.000,,raw
2019-12-31,109.160,110.990,108.930,109.870,41823.000,,raw
2020-01-02,109.990,110.610,108.630,109.220,46240.000,,raw
2020-01-03,109.500,109.580,108.220,109.000,32109.000,,raw
2020-01-06,108.290,109.510,108.040,108.640,37808.000,,raw
2020-01-07,108.940,110.070,107.750,110.050,39316.000,,raw
2020-01-08,109.670,111.200,109.200,109.900,33060.000,,raw
2020-01-09,110.590,115.230,109.830,114.100,83502.000,,raw
2020-01-10,114.300,115.280,113.400,114.650,44102.000,,raw
2020-01-13,114.770,116.370,113.470,116.170,60347.000,,raw
2020-01-14,116.390,116.870,114.460,114.650,31853.000,,raw
2020-01-15,114.700,116.430,114.520,115.620,32126.000,,raw
2020-01-16,116.100,118.850,115.210,118.850,43181.000,,raw
2020-01-17,118.780,124.940,118.330,123.380,78761.000,,raw
2020-01-20,123.000,129.000,122.000,125.990,73340.000,,raw
2020-01-21,130.400,133.480,129.300,129.600,93453.000,,raw
2020-01-22,129.300,130.300,127.010,128.070,60583.000,,raw
2020-01-23,128.070,132.780,126.180,128.790,76348.000,,raw
2020-02-03,123.000,128.000,115.910,119.410,120599.000,,raw
2020-02-04,120.160,124.950,120.160,123.430,70602.000,,raw
2020-02-05,123.770,135.770,123.770,135.770,98618.000,,raw
2020-02-06,137.500,137.730,131.970,134.290,102340.000,,raw
2020-02-07,132.950,133.800,129.520,132.440,68277.000,,raw
2020-02-10,131.300,131.980,128.010,129.820,59587.000,,raw
2020-02-11,129.110,132.650,129.000,131.640,51469.000,,raw
2020-02-12,131.640,131.870,129.410,130.090,38110.000,,raw
2020-02-13,129.300,129.320,126.680,127.090,55981.000,,raw
2020-02-14,127.060,129.270,126.690,127.420,32865.000,,raw
2020-02-17,127.500,129.500,126.250,128.160,53565.000,,raw
2020-02-18,128.390,128.800,126.570,127.130,42352.000,,raw
2020-02-19,127.150,127.490,124.990,124.990,51241.000,,raw
2020-02-20,125.500,126.950,125.200,126.390,45088.000,,raw
2020-02-21,126.500,129.000,125.180,128.180,53845.000,,raw
2020-02-24,128.500,129.350,124.700,125.940,59637.000,,raw
2020-02-25,124.100,125.940,122.030,125.000,58810.000,,raw
2020-02-26,122.600,123.500,121.000,121.250,57440.000,,raw
2020-02-27,121.510,124.510,121.460,123.100,41012.000,,raw
2020-02-28,120.000,123.880,119.420,120.100,50000.000,,raw
2020-03-02,120.870,124.440,120.870,123.780,43212.000,,raw
2020-03-03,125.700,129.560,125.660,127.950,73390.000,,raw
2020-03-04,128.020,128.980,125.820,126.800,35822.000,,raw
2020-03-05,126.900,130.980,126.900,130.300,58166.000,,raw
2020-03-06,129.550,132.570,128.880,129.760,40931.000,,raw
2020-03-09,127.960,128.300,123.960,123.960,51846.000,,raw
2020-03-10,124.000,126.100,121.500,124.910,47133.000,,raw
2020-03-11,125.990,126.500,124.010,124.250,25901.000,,raw
2020-03-12,123.000,123.470,120.170,120.920,44690.000,,raw
2020-03-13,116.000,120.310,115.120,119.250,50604.000,,raw
2020-03-16,120.010,123.880,117.300,118.420,64073.000,,raw
2020-03-17,117.870,121.510,112.900,117.010,43225.000,,raw
2020-03-18,118.000,121.710,117.300,117.380,55375.000,,raw
2020-03-19,117.830,120.000,114.880,118.300,48562.000,,raw
2020-03-20,119.460,121.500,118.760,120.750,34501.000,,raw
2020-03-23,117.950,119.930,116.900,117.010,32821.000,,raw
2020-03-24,119.500,119.980,117.280,119.650,34744.000,,raw
2020-03-25,122.680,122.800,120.500,121.840,35929.000,,raw
2020-03-26,121.110,125.970,120.700,124.550,47185.000,,raw
2020-03-27,126.200,127.790,124.600,124.760,39964.000,,raw
2020-03-30,123.830,125.500,122.700,123.990,28964.000,,raw
2020-03-31,125.100,126.100,123.300,124.300,28061.000,,raw
2020-04-01,124.300,124.500,120.910,121.690,36579.000,,raw
2020-04-02,120.910,123.100,119.810,123.100,29988.000,,raw
2020-04-03,122.500,128.150,122.500,126.990,54079.000,,raw
2020-04-07,128.860,129.480,127.150,128.200,36969.000,,raw
2020-04-08,127.630,131.000,127.410,130.330,41785.000,,raw
2020-04-09,131.750,131.780,129.510,131.130,28458.000,,raw
2020-04-10,130.960,133.750,129.000,129.700,37375.000,,raw
2020-04-13,129.000,130.680,128.120,129.160,23122.000,,raw
2020-04-14,129.990,135.010,128.420,134.290,55744.000,,raw
2020-04-15,135.650,136.600,134.290,134.670,37133.000,,raw
2020-04-16,134.050,136.500,133.000,135.080,27836.000,,raw
2020-04-17,135.000,136.890,134.010,134.840,29888.000,,raw
2020-04-20,136.850,136.870,134.310,135.110,26560.000,,raw
2020-04-21,134.510,134.990,131.600,132.660,37505.000,,raw
2020-04-22,132.050,135.580,131.810,135.050,35156.000,,raw
2020-04-23,136.050,138.490,134.910,135.420,33407.000,,raw
2020-04-24,136.000,137.880,135.030,136.600,32857.000,,raw
2020-04-27,137.700,139.980,135.070,138.750,50069.000,,raw
2020-04-28,138.750,147.330,138.000,146.000,73023.000,,raw
2020-04-29,146.000,150.260,141.400,142.500,64952.000,,raw
2020-04-30,143.650,145.850,139.440,140.250,61300.000,,raw
2020-05-06,140.900,145.760,140.190,145.490,50690.000,,raw
2020-05-07,145.780,147.110,144.080,145.700,29745.000,,raw
2020-05-08,145.700,146.770,144.810,145.030,33514.000,,raw
2020-05-11,145.270,147.520,143.090,145.360,37385.000,,raw
2020-05-12,145.200,149.600,144.280,148.240,48653.000,,raw
2020-05-13,148.240,149.850,146.510,148.980,43096.000,,raw
2020-05-14,148.850,149.990,147.990,148.310,29537.000,,raw
2020-05-15,148.300,149.310,143.920,145.000,63274.000,,raw
2020-05-18,144.900,149.880,144.900,148.680,48715.000,,raw
2020-05-19,149.980,152.000,148.510,149.410,29365.000,,raw
2020-05-20,149.410,150.190,144.500,145.000,54724.000,,raw
2020-05-21,145.000,147.650,144.050,145.400,43119.000,,raw
2020-05-22,146.260,146.500,141.800,142.800,36110.000,,raw
2020-05-25,142.800,145.250,141.100,144.440,25737.000,,raw
2020-05-26,145.280,148.580,144.670,148.410,35830.000,,raw
2020-05-27,148.600,149.690,145.500,145.950,27779.000,,raw
2020-05-28,146.000,146.800,140.990,143.810,40183.000,,raw
2020-05-29,143.300,147.350,143.300,146.720,38902.000,,raw
2020-06-01,148.000,149.660,146.840,148.550,37883.000,,raw
2020-06-02,147.500,148.240,146.330,147.090,25565.000,,raw
2020-06-03,147.890,154.430,147.120,151.800,61083.000,,raw
2020-06-04,151.290,151.490,149.030,150.480,36891.000,,raw
2020-06-05,150.480,151.520,147.870,151.500,39638.000,,raw
2020-06-08,151.800,153.550,150.210,152.050,34789.000,,raw
2020-06-09,152.000,155.270,151.500,154.500,39845.000,,raw
2020-06-10,153.100,156.500,153.060,155.650,30548.000,,raw
2020-06-11,155.500,156.640,152.990,153.610,39449.000,,raw
2020-06-12,151.570,154.400,150.780,154.130,27719.000,,raw
2020-06-15,154.110,155.500,151.910,152.020,38380.000,,raw
2020-06-16,153.300,154.400,152.210,153.300,30030.000,,raw
2020-06-17,153.880,156.500,153.880,155.210,34295.000,,raw
2020-06-18,155.160,155.160,152.810,154.130,27185.000,,raw
2020-06-19,154.130,158.640,153.860,158.400,51137.000,,raw
2020-06-22,158.600,163.450,158.600,161.850,44390.000,,raw
2020-06-23,162.500,167.890,161.600,167.470,43924.000,,raw
2020-06-24,167.800,167.800,163.010,165.260,42277.000,"{'nd': '2019', 'fh_sh': '8.2', 'djr': '2020-06-23', 'cqr': '2020-06-24', 'FHcontent': '10派8.2元'}",raw
2020-06-29,164.000,167.350,163.330,165.600,31187.000,,raw
2020-06-30,165.620,170.600,165.620,170.250,33223.000,,raw
2020-07-01,170.970,178.670,168.250,173.640,59077.000,,raw
2020-07-02,172.150,175.500,169.180,171.250,64106.000,,raw
2020-07-03,171.250,172.500,167.000,172.070,55231.000,,raw
2020-07-06,172.000,174.010,169.800,172.370,65189.000,,raw
2020-07-07,173.000,180.590,173.000,178.520,69822.000,,raw
2020-07-08,178.520,182.400,176.600,180.530,48985.000,,raw
2020-07-09,180.550,181.710,179.050,180.940,46924.000,,raw
2020-07-10,180.930,184.650,180.000,182.460,42602.000,,raw
2020-07-13,181.880,200.000,181.030,198.200,66894.000,,raw
2020-07-14,198.320,208.000,198.200,207.350,71179.000,,raw
2020-07-15,200.000,205.000,195.050,202.000,88282.000,,raw
2020-07-16,201.990,202.050,182.680,182.900,100136.000,,raw
2020-07-17,182.000,188.160,179.500,184.550,83658.000,,raw
2020-07-20,184.910,187.320,180.060,186.180,57659.000,,raw
2020-07-21,186.190,195.330,185.210,193.850,51767.000,,raw
2020-07-22,193.880,198.650,190.160,195.670,44660.000,,raw
2020-07-23,193.860,198.800,193.000,196.910,42300.000,,raw
2020-07-24,196.000,197.300,185.560,188.990,67050.000,,raw
2020-07-27,190.330,194.890,190.000,191.950,41581.000,,raw
2020-07-28,192.040,195.800,192.040,194.380,38031.000,,raw
2020-07-29,194.380,197.160,194.380,197.070,44440.000,,raw
2020-07-30,198.000,206.400,198.000,201.700,56715.000,,raw
2020-07-31,201.950,205.880,200.160,204.200,45644.000,,raw
2020-08-03,205.000,207.090,202.010,204.610,42984.000,,raw
2020-08-04,204.610,206.980,203.000,204.110,42225.000,,raw
2020-08-05,203.780,204.950,200.510,204.500,30852.000,,raw
2020-08-06,203.000,205.000,202.230,203.700,35537.000,,raw
2020-08-07,202.010,203.700,195.500,200.570,52576.000,,raw
2020-08-10,198.010,202.010,197.440,200.610,28919.000,,raw
2020-08-11,200.700,205.610,200.200,200.900,32491.000,,raw
2020-08-12,201.500,202.470,193.880,199.560,44869.000,,raw
2020-08-13,199.100,200.360,196.230,196.900,24823.000,,raw
2020-08-14,196.000,198.600,194.520,198.390,26120.000,,raw
2020-08-17,198.580,203.000,198.580,200.000,34132.000,,raw
2020-08-18,200.000,203.130,198.410,203.130,33287.000,,raw
2020-08-19,203.980,206.990,202.500,203.390,46115.000,,raw
2020-08-20,202.000,203.380,199.600,200.070,26763.000,,raw
2020-08-21,201.000,207.000,201.000,206.990,48869.000,,raw
2020-08-24,207.980,211.240,207.000,208.200,40361.000,,raw
2020-08-25,209.480,210.690,208.000,209.990,31864.000,,raw
2020-08-26,209.880,225.150,209.880,220.000,71081.000,,raw
2020-08-27,221.000,227.900,220.000,226.500,60095.000,,raw
2020-08-28,226.000,238.880,224.510,235.860,65431.000,,raw
2020-08-31,239.000,251.860,236.000,251.860,74193.000,,raw
2020-09-01,248.510,250.500,241.980,248.090,71362.000,,raw
2020-09-02,248.300,272.880,248.180,272.880,90288.000,,raw
2020-09-03,270.000,293.980,253.510,265.960,168954.000,,raw
2020-09-04,255.000,255.000,242.340,245.860,119249.000,,raw
2020-09-07,244.000,252.600,240.000,244.210,67790.000,,raw
2020-09-08,246.000,247.590,233.330,238.470,75903.000,,raw
2020-09-09,234.580,236.000,225.830,227.550,66542.000,,raw
2020-09-10,232.000,246.880,232.000,242.410,89564.000,,raw
2020-09-11,242.620,264.480,242.600,262.050,88189.000,,raw
2020-09-14,262.050,266.650,250.530,254.000,89368.000,,raw
2020-09-15,254.000,254.000,242.220,250.200,56371.000,,raw
2020-09-16,253.450,258.000,248.200,255.090,49680.000,,raw
2020-09-17,252.500,252.500,243.000,245.000,53165.000,,raw
2020-09-18,244.500,247.000,235.080,244.290,60329.000,,raw
2020-09-21,244.950,246.770,238.000,239.000,40895.000,,raw
2020-09-22,236.660,241.420,233.180,234.900,40010.000,,raw
2020-09-23,235.000,239.000,231.990,236.300,41320.000,,raw
2020-09-24,235.850,236.000,230.310,231.000,37256.000,,raw
2020-09-25,232.010,234.470,227.060,228.910,34726.000,,raw
2020-09-28,231.750,233.780,229.580,230.860,26622.000,,raw
2020-09-29,233.100,236.780,231.080,235.740,32537.000,,raw
2020-09-30,235.900,245.500,235.510,243.320,45935.000,,raw
2020-10-09,246.990,248.280,243.000,245.600,36865.000,,raw
2020-10-12,245.600,251.800,242.360,251.660,63749.000,,raw
2020-10-13,251.360,251.360,247.380,249.650,35351.000,,raw
2020-10-14,249.200,255.780,247.400,250.800,40198.000,,raw
2020-10-15,249.500,251.500,246.450,247.100,27497.000,,raw
2020-10-16,247.740,249.400,243.000,246.820,25928.000,,raw
2020-10-19,248.000,249.000,240.000,242.000,30560.000,,raw
2020-10-20,241.000,245.500,239.500,245.500,23913.000,,raw
2020-10-21,245.000,246.570,243.000,243.120,21106.000,,raw
2020-10-22,243.000,244.390,238.580,241.290,21445.000,,raw
2020-10-23,241.300,243.350,235.000,235.880,29557.000,,raw
2020-10-26,220.000,228.100,212.290,224.290,73621.000,,raw
2020-10-27,224.290,234.260,222.600,233.160,41218.000,,raw
2020-10-28,233.110,235.270,229.390,233.600,33162.000,,raw
2020-10-29,230.300,237.220,230.000,235.500,32646.000,,raw
2020-10-30,236.880,236.930,227.280,229.300,43495.000,,raw
2020-11-02,229.400,232.880,227.400,228.200,26283.000,,raw
2020-11-03,228.800,230.870,227.510,229.600,19220.000,,raw
2020-11-04,230.340,231.500,226.000,228.890,24202.000,,raw
2020-11-05,230.000,232.250,229.000,230.230,27503.000,,raw
2020-11-06,231.540,231.990,223.380,226.140,39794.000,,raw
2020-11-09,227.000,233.500,226.140,231.320,39614.000,,raw
2020-11-10,232.900,233.330,229.120,231.340,24698.000,,raw
2020-11-11,231.340,231.340,226.180,226.880,26139.000,,raw
2020-11-12,226.880,229.340,224.100,225.100,24209.000,,raw
2020-11-13,225.100,225.490,219.200,222.700,31412.000,,raw
2020-11-16,223.770,224.290,219.120,220.490,23073.000,,raw
2020-11-17,219.900,220.490,215.120,215.150,34060.000,,raw
2020-11-18,217.560,223.480,216.250,218.140,34565.000,,raw
2020-11-19,216.880,219.590,214.000,218.680,20662.000,,raw
2020-11-20,218.800,221.970,218.000,219.660,17718.000,,raw
2020-11-23,219.650,220.500,217.000,218.480,23696.000,,raw
2020-11-24,218.480,220.000,216.000,216.120,21127.000,,raw
2020-11-25,216.140,217.140,212.200,212.230,27088.000,,raw
2020-11-26,212.320,214.670,208.140,210.380,26122.000,,raw
2020-11-27,210.300,215.400,207.300,213.130,24995.000,,raw
2020-11-30,213.150,214.360,208.030,209.020,27456.000,,raw
2020-12-01,211.100,220.800,210.100,220.200,51038.000,,raw
2020-12-02,221.810,226.930,221.200,222.410,37433.000,,raw
2020-12-03,223.000,226.600,222.000,224.120,31087.000,,raw
2020-12-04,225.000,230.680,224.350,229.850,37016.000,,raw
2020-12-07,230.000,231.980,226.260,227.300,25197.000,,raw
2020-12-08,228.880,229.490,223.220,227.970,25590.000,,raw
2020-12-09,229.630,243.500,229.400,238.570,77666.000,,raw
2020-12-10,236.030,249.580,235.500,245.870,60280.000,,raw
2020-12-11,245.880,250.800,238.000,241.000,53346.000,,raw
2020-12-14,241.000,248.800,237.500,248.000,43391.000,,raw
2020-12-15,248.000,249.500,243.730,246.500,35579.000,,raw
2020-12-16,248.560,254.800,247.000,252.010,48706.000,,raw
2020-12-17,252.010,256.960,247.800,250.840,44696.000,,raw
2020-12-18,246.800,250.500,244.850,246.070,37483.000,,raw
2020-12-21,246.000,249.390,244.000,246.130,41480.000,,raw
2020-12-22,247.690,252.850,244.900,245.300,42623.000,,raw
2020-12-23,244.010,246.600,239.860,244.820,43058.000,,raw
2020-12-24,244.820,248.380,243.220,246.610,28812.000,,raw
2020-12-25,247.000,252.700,245.000,250.000,36104.000,,raw
2020-12-28,251.000,252.500,248.050,249.990,29480.000,,raw
2020-12-29,250.990,252.200,243.300,244.000,37139.000,,raw
2020-12-30,244.000,256.020,243.990,255.100,58352.000,,raw
2020-12-31,257.000,268.270,256.380,267.510,68724.000,,raw
2021-01-04,272.430,282.850,269.000,279.980,56854.000,,raw
2021-01-05,280.000,300.000,278.050,296.380,79043.000,,raw
2021-01-06,297.500,301.980,288.000,294.450,50339.000,,raw
2021-01-07,295.260,302.580,292.290,299.910,44066.000,,raw
2021-01-08,301.150,306.760,291.880,296.590,43248.000,,raw
2021-01-11,292.350,302.680,290.010,294.180,54619.000,,raw
2021-01-12,291.460,300.000,290.100,300.000,34599.000,,raw
2021-01-13,301.840,318.830,301.330,312.500,66558.000,,raw
2021-01-14,312.500,313.500,292.000,293.200,69981.000,,raw
2021-01-15,291.000,293.000,272.030,284.190,84693.000,,raw
2021-01-18,284.100,294.680,282.000,286.510,40295.000,,raw
2021-01-19,288.800,294.380,282.690,283.500,36036.000,,raw
2021-01-20,281.510,293.480,281.510,293.200,34763.000,,raw
2021-01-21,294.980,301.000,294.800,297.990,36178.000,,raw
2021-01-22,298.000,301.000,295.140,299.550,35529.000,,raw
2021-01-25,299.550,309.500,296.370,309.500,60327.000,,raw
2021-01-26,309.500,310.000,296.000,297.050,42673.000,,raw
2021-01-27,297.550,299.700,290.000,295.380,30152.000,,raw
2021-01-28,291.840,297.210,288.100,288.530,35204.000,,raw
2021-01-29,290.500,304.700,290.010,298.550,46487.000,,raw
2021-02-01,302.000,307.800,300.130,306.070,39968.000,,raw
2021-02-02,307.810,326.850,303.050,325.650,61944.000,,raw
2021-02-03,326.000,338.600,323.280,325.630,57250.000,,raw
2021-02-04,322.500,338.000,321.200,337.000,47585.000,,raw
2021-02-05,337.250,349.900,330.180,344.500,45181.000,,raw
2021-02-08,344.670,378.950,344.670,378.950,68325.000,,raw
2021-02-09,383.590,398.900,370.020,383.000,81718.000,,raw
2021-02-10,386.000,398.110,378.000,393.960,58645.000,,raw
2021-02-18,395.000,405.770,380.100,389.300,57328.000,,raw
2021-02-19,386.000,395.990,360.030,382.980,66590.000,,raw
2021-02-22,382.910,383.880,353.990,354.010,78885.000,,raw
2021-02-23,344.000,356.880,340.500,344.730,56348.000,,raw
2021-02-24,346.200,348.520,313.000,318.010,96553.000,,raw
2021-02-25,324.290,326.100,303.000,309.200,84751.000,,raw
2021-02-26,299.000,305.710,291.000,297.490,72028.000,,raw
2021-03-01,303.740,305.000,292.040,302.120,58923.000,,raw
2021-03-02,305.200,308.000,290.000,292.000,71913.000,,raw
2021-03-03,289.500,299.900,286.010,298.500,46097.000,,raw
2021-03-04,293.000,293.500,280.050,282.700,62868.000,,raw
2021-03-05,277.000,287.000,270.180,281.530,51051.000,,raw
2021-03-08,286.000,287.430,254.680,256.060,97597.000,,raw
2021-03-09,256.020,256.980,240.150,241.770,93404.000,,raw
2021-03-10,249.980,260.000,248.600,256.760,78702.000,,raw
2021-03-11,256.980,276.000,254.910,269.330,74035.000,,raw
2021-03-12,273.020,274.990,261.020,268.150,55024.000,,raw
2021-03-15,268.150,269.850,254.340,258.200,51287.000,,raw
2021-03-16,259.410,265.800,258.000,262.380,33715.000,,raw
2021-03-17,262.000,269.980,256.500,268.860,40776.000,,raw
2021-03-18,267.190,276.760,267.000,273.180,41501.000,,raw
2021-03-19,266.550,270.550,262.300,263.910,36566.000,,raw
2021-03-22,263.910,269.660,260.000,263.100,28613.000,,raw
2021-03-23,263.250,264.990,256.530,263.000,27947.000,,raw
2021-03-24,263.480,268.050,261.010,263.310,27283.000,,raw
2021-03-25,259.000,267.860,257.220,265.420,28774.000,,raw
2021-03-26,267.540,282.800,266.660,281.620,61038.000,,raw
2021-03-29,281.660,290.000,276.000,287.980,54945.000,,raw
2021-03-30,284.950,292.450,284.000,285.160,44880.000,,raw
2021-03-31,284.500,287.490,280.080,286.960,28479.000,,raw
2021-04-01,287.240,295.600,287.240,294.360,36667.000,,raw
2021-04-02,295.990,313.800,294.360,309.000,57810.000,,raw
2021-04-06,311.000,311.970,302.020,305.210,34074.000,,raw
2021-04-07,305.100,330.520,301.200,328.350,77668.000,,raw
2021-04-08,321.000,340.480,315.000,331.990,62936.000,,raw
2021-04-09,330.000,336.650,323.340,325.070,39980.000,,raw
2021-04-12,323.000,323.880,307.000,308.300,60255.000,,raw
2021-04-13,305.000,319.740,302.010,311.240,42316.000,,raw
2021-04-14,312.060,318.900,304.500,314.500,45745.000,,raw
2021-04-15,313.000,315.800,307.010,311.800,26050.000,,raw
2021-04-16,314.990,315.800,305.500,309.000,25917.000,,raw
2021-04-19,308.500,328.990,305.000,328.990,58473.000,,raw
2021-04-20,330.070,337.990,328.180,329.350,39230.000,,raw
2021-04-21,328.000,338.460,326.350,337.000,41873.000,,raw
2021-04-22,336.000,339.800,330.000,333.660,32303.000,,raw
2021-04-23,333.660,348.360,332.180,344.810,44762.000,,raw
2021-04-26,336.000,341.000,326.800,328.050,79551.000,,raw
2021-04-27,326.990,334.940,325.040,333.720,36785.000,,raw
2021-04-28,332.090,346.500,330.500,344.580,44842.000,,raw
2021-04-29,344.580,349.870,336.140,343.910,37134.000,,raw
2021-04-30,344.030,346.680,338.910,339.310,32311.000,,raw
2021-05-06,335.990,341.000,326.000,331.000,40344.000,,raw
2021-05-07,330.790,343.880,329.410,330.610,39610.000,,raw
2021-05-10,328.000,339.000,325.150,335.400,38437.000,,raw
2021-05-11,331.100,340.990,326.770,340.090,39180.000,,raw
2021-05-12,339.000,346.000,337.380,345.000,34404.000,,raw
2021-05-13,342.000,352.000,341.580,348.190,42341.000,,raw
2021-05-14,350.010,376.630,350.000,373.580,75463.000,,raw
2021-05-17,373.580,380.600,372.090,377.580,49877.000,,raw
2021-05-18,375.060,378.600,370.110,377.490,30706.000,,raw
2021-05-19,375.800,376.500,372.010,372.470,23096.000,,raw
2021-05-20,375.000,383.890,374.450,375.260,35875.000,,raw
2021-05-21,376.480,379.880,363.990,369.700,40689.000,,raw
2021-05-24,371.000,372.880,360.000,368.140,29554.000,,raw
2021-05-25,368.220,381.540,368.210,381.500,46695.000,,raw
2021-05-26,380.000,391.890,377.520,381.780,45312.000,,raw
2021-05-27,379.000,386.630,375.000,384.960,36387.000,,raw
2021-05-28,384.930,386.000,372.840,377.300,37278.000,,raw
2021-05-31,375.120,384.900,373.220,383.900,33433.000,,raw
2021-06-01,385.000,391.800,378.270,389.790,37636.000,,raw
2021-06-02,391.000,393.870,380.500,383.860,32531.000,,raw
2021-06-03,381.880,404.970,379.320,401.770,66360.000,,raw
2021-06-04,401.000,405.700,397.900,402.600,36987.000,,raw
2021-06-07,405.000,418.880,400.000,418.380,47997.000,,raw
2021-06-08,416.990,419.960,377.000,377.000,122340.000,,raw
2021-06-09,372.000,397.810,362.300,391.130,72155.000,,raw
2021-06-10,389.990,411.800,389.000,406.880,52980.000,,raw
2021-06-11,410.000,410.500,393.110,404.390,43632.000,,raw
2021-06-15,403.190,405.500,393.880,399.360,34029.000,,raw
2021-06-16,399.180,412.960,398.000,399.600,46621.000,,raw
2021-06-17,399.650,410.800,394.400,407.250,38801.000,,raw
2021-06-18,410.070,412.880,395.800,404.990,43402.000,,raw
2021-06-21,404.000,407.860,398.000,404.230,28771.000,,raw
2021-06-22,408.000,430.330,406.330,430.210,79475.000,,raw
2021-06-23,431.000,439.930,425.000,428.350,49263.000,,raw
2021-06-24,428.350,433.000,421.000,428.500,38543.000,,raw
2021-06-25,432.300,452.270,431.010,446.900,57374.000,"{'nd': '2020', 'fh_sh': '9', 'djr': '2021-06-24', 'cqr': '2021-06-25', 'FHcontent': '10派9元'}",raw
2021-06-28,450.000,465.750,440.000,451.450,59455.000,,raw
2021-06-29,457.040,459.000,445.000,449.510,39967.000,,raw
2021-06-30,447.000,449.980,435.000,448.300,38671.000,,raw
2021-07-01,450.500,463.000,450.490,456.580,49160.000,,raw
2021-07-02,455.800,455.800,437.920,441.000,47573.000,,raw
2021-07-05,438.000,458.680,433.330,456.620,50184.000,,raw
2021-07-06,460.980,462.000,415.140,446.000,96369.000,,raw
2021-07-07,433.500,450.460,431.520,445.900,51050.000,,raw
2021-07-08,444.050,454.500,440.500,444.970,41577.000,,raw
2021-07-09,439.000,443.320,425.000,432.050,47269.000,,raw
2021-07-12,438.110,439.780,401.950,423.750,64933.000,,raw
2021-07-13,422.000,434.800,418.670,421.670,39977.000,,raw
2021-07-14,420.000,429.840,412.000,424.000,42490.000,,raw
2021-07-15,423.980,443.350,420.010,442.000,53093.000,,raw
2021-07-16,441.000,445.000,432.370,434.360,34872.000,,raw
2021-07-19,433.250,470.000,433.110,468.860,76867.000,,raw
2021-07-20,466.930,469.330,460.060,467.020,36975.000,,raw
2021-07-21,467.800,491.880,467.800,489.760,51670.000,,raw
2021-07-22,475.030,475.030,440.780,440.780,138468.000,,raw
2021-07-23,430.040,432.000,406.000,416.600,126203.000,,raw
2021-07-26,408.000,408.000,374.940,391.370,135801.000,,raw
2021-07-27,376.000,387.450,360.880,360.980,106992.000,,raw
2021-07-28,352.500,378.800,349.500,378.020,98155.000,,raw
2021-07-29,384.000,394.990,378.000,381.790,79224.000,,raw
2021-07-30,377.500,377.500,357.630,366.000,67349.000,,raw
2021-08-02,357.500,378.890,336.300,372.800,94314.000,,raw
2021-08-03,367.000,384.900,364.210,378.070,61083.000,,raw
2021-08-04,374.010,382.990,370.000,374.500,42758.000,,raw
2021-08-05,370.020,391.770,368.010,380.980,57938.000,,raw
2021-08-06,376.010,384.990,372.210,376.010,36011.000,,raw
2021-08-09,372.200,384.660,372.200,379.290,35419.000,,raw
2021-08-10,379.290,392.160,374.000,391.010,55963.000,,raw
2021-08-11,390.900,398.880,387.100,394.680,46350.000,,raw
2021-08-12,394.320,399.840,388.000,389.010,33552.000,,raw
2021-08-13,391.000,394.130,384.000,387.060,25923.000,,raw
2021-08-16,383.000,394.580,375.600,388.070,32564.000,,raw
2021-08-17,387.000,391.690,368.000,370.900,49313.000,,raw
2021-08-18,365.000,378.880,364.010,375.430,33959.000,,raw
2021-08-19,375.420,382.760,371.170,378.340,36096.000,,raw
2021-08-20,370.000,372.830,342.220,346.700,82079.000,,raw
2021-08-23,346.700,372.000,343.010,368.550,66644.000,,raw
2021-08-24,374.000,377.000,366.000,370.700,37994.000,,raw
2021-08-25,373.200,379.000,370.000,374.170,32859.000,,raw
2021-08-26,371.990,372.550,359.000,361.660,35753.000,,raw
2021-08-27,361.650,370.910,360.320,361.700,29917.000,,raw
2021-08-30,358.000,361.880,347.500,354.410,39852.000,,raw
2021-08-31,355.800,356.950,344.000,347.050,39937.000,,raw
2021-09-01,347.870,356.190,337.360,347.140,41585.000,,raw
2021-09-02,347.000,349.650,328.010,331.570,54707.000,,raw
2021-09-03,328.000,336.000,318.560,328.750,42844.000,,raw
2021-09-06,326.350,353.000,326.350,347.990,56713.000,,raw
2021-09-07,349.000,352.000,340.660,343.660,39392.000,,raw
2021-09-08,346.040,348.500,338.680,341.220,26736.000,,raw
2021-09-09,340.480,345.000,336.250,340.500,21055.000,,raw
2021-09-10,340.500,343.660,336.000,341.430,26069.000,,raw
2021-09-13,340.630,349.990,340.000,342.520,33938.000,,raw
2021-09-14,342.540,348.000,338.060,339.760,28449.000,,raw
2021-09-15,339.750,341.700,330.190,335.010,33816.000,,raw
2021-09-16,335.010,337.530,328.200,331.920,28106.000,,raw
2021-09-17,333.000,350.000,332.000,345.990,50561.000,,raw
2021-09-22,342.000,346.000,331.900,334.800,38911.000,,raw
2021-09-23,334.990,339.780,328.600,331.970,30495.000,,raw
2021-09-24,333.380,347.860,331.310,339.650,42088.000,,raw
2021-09-27,342.740,370.200,342.300,360.750,73919.000,,raw
2021-09-28,360.000,365.630,350.420,353.550,50889.000,,raw
2021-09-29,349.930,359.890,342.600,355.550,48472.000,,raw
2021-09-30,360.000,383.000,358.550,378.200,94484.000,,raw
2021-10-08,385.660,399.900,383.000,395.950,75470.000,,raw
2021-10-11,398.000,405.550,393.080,394.910,43553.000,,raw
2021-10-12,390.800,399.300,386.000,390.990,32326.000,,raw
2021-10-13,390.480,428.000,390.480,421.930,77889.000,,raw
2021-10-14,421.120,431.880,410.880,419.800,42505.000,,raw
2021-10-15,416.110,424.880,410.800,422.600,40848.000,,raw
2021-10-18,439.990,440.000,414.000,424.000,69225.000,,raw
2021-10-19,423.000,445.800,423.000,438.930,65218.000,,raw
2021-10-20,444.000,444.440,434.600,437.950,38750.000,,raw
2021-10-21,435.000,441.940,432.000,433.900,30619.000,,raw
2021-10-22,431.150,439.650,431.000,434.990,30140.000,,raw
2021-10-25,434.110,438.800,432.010,434.000,27859.000,,raw
2021-10-26,433.000,437.960,423.940,424.000,40063.000,,raw
2021-10-27,421.010,425.550,407.000,415.000,48721.000,,raw
2021-10-28,416.040,418.900,408.000,409.300,34434.000,,raw
2021-10-29,410.000,419.000,408.650,412.920,37126.000,,raw
2021-11-01,409.000,418.080,395.000,415.000,49560.000,,raw
2021-11-02,414.580,432.480,410.010,420.790,52652.000,,raw
2021-11-03,422.840,423.700,406.000,407.000,34173.000,,raw
2021-11-04,407.400,416.010,407.300,410.330,32644.000,,raw
2021-11-05,411.920,423.000,411.000,419.500,37496.000,,raw
2021-11-08,420.000,428.800,414.100,424.300,32724.000,,raw
2021-11-09,422.010,426.160,421.170,423.000,22443.000,,raw
2021-11-10,423.720,426.950,418.880,422.780,23847.000,,raw
2021-11-11,421.000,423.600,411.020,418.060,32649.000,,raw
2021-11-12,416.990,429.980,416.000,428.550,29476.000,,raw
2021-11-15,429.500,445.000,429.000,437.260,35635.000,,raw
2021-11-16,438.500,468.880,437.330,456.500,61484.000,,raw
2021-11-17,456.500,461.490,446.210,449.510,35073.000,,raw
2021-11-18,451.000,455.580,445.000,452.800,23868.000,,raw
2021-11-19,449.950,454.010,445.510,447.580,19627.000,,raw
2021-11-22,446.000,449.500,440.200,443.000,24306.000,,raw
2021-11-23,443.490,447.880,435.060,443.690,25424.000,,raw
2021-11-24,443.340,446.990,438.000,441.550,18152.000,,raw
2021-11-25,442.550,447.900,438.700,440.980,22139.000,,raw
2021-11-26,441.570,443.500,435.500,438.680,18029.000,,raw
2021-11-29,435.480,445.000,435.000,438.290,21209.000,,raw
2021-11-30,440.010,449.890,435.000,447.000,32909.000,,raw
2021-12-01,449.870,449.900,430.000,433.010,37358.000,,raw
2021-12-02,431.680,447.900,431.200,443.960,37476.000,,raw
2021-12-03,443.960,466.000,443.000,463.070,46183.000,,raw
2021-12-06,466.000,466.480,451.060,451.490,27660.000,,raw
2021-12-07,455.000,463.000,450.150,456.150,26435.000,,raw
2021-12-08,459.900,460.800,449.030,459.570,30272.000,,raw
2021-12-09,459.570,469.550,455.000,465.980,47216.000,,raw
2021-12-10,463.660,469.000,450.300,455.000,56854.000,,raw
2021-12-13,454.980,470.000,454.010,461.900,37646.000,,raw
2021-12-14,460.000,472.000,460.000,471.000,29435.000,,raw
2021-12-15,471.970,472.000,462.700,463.000,25494.000,,raw
2021-12-16,463.000,466.800,456.000,457.700,30377.000,,raw
2021-12-17,457.500,459.840,451.500,456.500,33809.000,,raw
2021-12-20,452.500,466.560,451.070,458.080,28756.000,,raw
2021-12-21,458.100,468.850,458.100,466.130,27351.000,,raw
2021-12-22,467.000,485.000,465.010,479.110,39422.000,,raw
2021-12-23,480.000,480.550,468.880,475.850,25658.000,,raw
2021-12-24,477.510,486.150,475.030,479.800,27697.000,,raw
2021-12-27,478.000,484.790,471.600,472.300,24681.000,,raw
2021-12-28,474.000,477.660,470.010,476.150,28728.000,,raw
2021-12-29,477.950,477.950,428.540,428.540,85908.000,,raw
2021-12-30,416.000,425.660,400.020,423.030,79681.000,,raw
2021-12-31,418.000,443.170,416.000,437.150,46457.000,,raw
2022-01-04,440.000,443.880,429.500,432.300,40148.000,,raw
2022-01-05,429.080,429.990,409.000,414.990,50487.000,,raw
2022-01-06,410.100,416.990,398.380,402.000,54673.000,,raw
2022-01-07,402.000,404.640,392.000,394.310,38077.000,,raw
2022-01-10,390.000,400.910,381.000,394.980,32691.000,,raw
2022-01-11,395.180,401.000,388.000,393.820,26370.000,,raw
2022-01-12,394.000,398.890,392.280,394.800,26369.000,,raw
2022-01-13,394.800,397.310,388.110,390.000,22287.000,,raw
2022-01-14,387.190,391.000,385.000,386.100,23056.000,,raw
2022-01-17,384.100,393.700,382.880,392.820,21966.000,,raw
2022-01-18,392.910,404.300,388.110,399.900,28426.000,,raw
2022-01-19,399.280,402.500,385.000,391.000,31120.000,,raw
2022-01-20,381.000,394.500,378.100,386.990,27677.000,,raw
2022-01-21,385.980,385.980,369.830,379.220,35564.000,,raw
2022-01-24,374.000,382.790,372.000,376.200,22051.000,,raw
2022-01-25,376.150,380.000,369.200,369.200,21971.000,,raw
2022-01-26,369.250,373.000,362.000,370.530,21751.000,,raw
2022-01-27,368.820,372.050,362.200,362.710,21242.000,,raw
2022-01-28,364.090,373.630,353.600,357.240,29730.000,,raw
2022-02-07,359.830,371.230,353.720,354.880,28919.000,,raw
2022-02-08,356.230,357.000,334.800,346.110,47047.000,,raw
2022-02-09,345.430,351.100,338.450,349.960,34871.000,,raw
2022-02-10,354.850,356.000,346.000,350.700,21815.000,,raw
2022-02-11,349.000,349.500,339.930,340.030,25365.000,,raw
2022-02-14,335.000,346.660,335.000,342.500,21872.000,,raw
2022-02-15,342.960,353.000,342.960,352.490,30130.000,,raw
2022-02-16,357.000,358.480,350.000,353.550,23446.000,,raw
2022-02-17,353.550,364.300,352.010,356.350,26107.000,,raw
2022-02-18,355.150,359.160,353.410,358.300,15467.000,,raw
2022-02-21,358.790,363.500,351.610,355.000,18157.000,,raw
2022-02-22,354.970,355.000,344.810,351.940,18371.000,,raw
2022-02-23,353.500,359.990,353.310,359.000,19461.000,,raw
2022-02-24,359.000,362.990,345.390,350.740,32815.000,,raw
2022-02-25,351.500,361.950,351.330,356.970,27458.000,,raw
2022-02-28,358.000,361.800,355.090,361.310,23209.000,,raw
2022-03-01,362.030,365.000,358.870,363.800,22452.000,,raw
2022-03-02,361.400,362.010,357.010,358.620,18475.000,,raw
2022-03-03,360.500,361.300,335.000,338.320,63238.000,,raw
2022-03-04,326.990,328.000,314.000,316.160,72564.000,,raw
2022-03-07,309.980,315.000,301.110,305.100,44370.000,,raw
2022-03-08,311.160,313.820,301.000,305.700,38580.000,,raw
2022-03-09,307.000,312.130,296.960,310.790,45201.000,,raw
2022-03-10,320.000,321.970,308.100,311.900,40186.000,,raw
2022-03-11,304.300,319.880,303.010,318.520,34179.000,,raw
2022-03-14,318.000,318.490,306.080,306.580,30236.000,,raw
2022-03-15,302.000,310.660,296.000,298.180,38139.000,,raw
2022-03-16,304.590,306.970,290.000,306.280,51221.000,,raw
2022-03-17,309.010,320.660,309.000,315.800,44135.000,,raw
2022-03-18,312.750,316.000,309.790,312.980,29084.000,,raw
2022-03-21,316.000,316.660,309.100,313.410,24589.000,,raw
2022-03-22,313.120,313.500,307.010,308.100,18700.000,,raw
2022-03-23,311.000,322.550,309.500,319.420,37261.000,,raw
2022-03-24,317.420,318.880,311.880,317.540,26445.000,,raw
2022-03-25,316.000,322.520,310.020,310.550,25128.000,,raw
2022-03-28,304.340,310.330,302.340,308.960,21384.000,,raw
2022-03-29,311.000,312.440,308.100,308.900,15584.000,,raw
2022-03-30,315.000,319.990,309.550,319.910,29944.000,,raw
2022-03-31,319.830,325.500,316.800,317.230,25436.000,,raw
2022-04-01,315.200,321.800,313.100,316.570,22338.000,,raw
2022-04-06,316.510,318.820,308.000,309.180,29053.000,,raw
2022-04-07,308.340,313.010,306.200,308.880,16168.000,,raw
2022-04-08,309.000,310.390,306.180,307.000,14522.000,,raw
2022-04-11,307.000,307.020,295.300,296.000,28088.000,,raw
2022-04-12,295.990,308.880,294.380,307.880,28245.000,,raw
2022-04-13,306.000,313.750,304.500,308.500,23808.000,,raw
2022-04-14,310.060,316.600,310.060,313.010,22535.000,,raw
2022-04-15,311.200,316.390,310.030,313.710,16904.000,,raw
2022-04-18,313.710,318.000,311.000,313.350,18517.000,,raw
2022-04-19,314.990,317.500,306.000,306.620,26068.000,,raw
2022-04-20,306.700,308.550,300.620,304.300,19696.000,,raw
2022-04-21,301.870,306.320,296.180,297.040,26413.000,,raw
2022-04-22,295.000,299.030,293.190,296.170,18838.000,,raw
2022-04-25,292.010,298.000,288.000,288.180,31697.000,,raw
2022-04-26,288.160,295.650,282.410,292.420,30911.000,,raw
2022-04-27,290.000,302.000,289.020,301.890,28643.000,,raw
2022-04-28,300.000,307.880,298.330,305.500,23858.000,,raw
2022-04-29,305.400,308.660,301.200,306.150,23708.000,,raw
2022-05-05,306.990,313.400,306.020,308.850,22790.000,,raw
2022-05-06,303.000,305.600,297.970,298.180,21182.000,,raw
2022-05-09,297.000,298.830,294.000,297.990,11836.000,,raw
2022-05-10,294.030,300.630,293.300,297.420,16508.000,,raw
2022-05-11,297.380,305.550,297.380,301.850,24253.000,,raw
2022-05-12,300.160,302.750,298.000,300.630,15868.000,,raw
2022-05-13,303.500,312.500,303.300,305.150,30819.000,,raw
2022-05-16,309.020,310.200,298.010,299.350,22967.000,,raw
2022-05-17,300.520,301.200,297.750,300.580,15001.000,,raw
2022-05-18,300.000,301.000,296.000,296.800,15184.000,,raw
2022-05-19,294.550,295.950,290.000,292.740,20770.000,,raw
2022-05-20,294.000,306.630,293.010,305.800,40189.000,,raw
2022-05-23,308.500,308.800,301.660,303.010,17953.000,,raw
2022-05-24,302.000,303.010,295.330,296.270,19504.000,,raw
2022-05-25,295.000,297.950,293.610,294.850,17666.000,,raw
2022-05-26,297.000,298.000,291.250,295.280,15211.000,,raw
2022-05-27,297.500,299.790,295.050,295.380,15972.000,,raw
2022-05-30,296.380,301.000,295.000,299.100,17761.000,,raw
2022-05-31,298.980,310.000,297.110,309.700,44108.000,,raw
2022-06-01,311.000,311.000,302.980,304.050,22880.000,,raw
2022-06-02,302.330,303.880,300.090,301.020,16363.000,,raw
2022-06-06,300.000,306.740,296.140,305.100,29144.000,,raw
2022-06-07,305.090,318.110,303.340,316.090,47608.000,,raw
2022-06-08,316.530,323.000,313.300,319.000,38928.000,,raw
2022-06-09,319.000,322.660,312.300,312.750,27265.000,,raw
2022-06-10,311.320,319.230,311.010,317.350,25993.000,,raw
2022-06-13,314.900,315.020,309.520,311.580,28544.000,,raw
2022-06-14,308.100,316.950,308.000,316.790,25462.000,,raw
2022-06-15,316.990,328.000,316.990,324.330,44955.000,,raw
2022-06-16,325.700,334.650,325.000,325.970,35283.000,,raw
2022-06-17,325.750,340.350,323.980,338.320,41275.000,,raw
2022-06-20,341.000,345.000,337.000,340.100,34632.000,,raw
2022-06-21,340.100,343.600,334.000,337.000,26213.000,,raw
2022-06-22,339.000,339.950,332.580,332.600,21810.000,,raw
2022-06-23,331.980,338.000,330.210,336.800,21262.000,,raw
2022-06-24,339.000,343.580,336.200,342.290,30895.000,,raw
2022-06-27,342.750,356.980,342.700,353.000,32988.000,,raw
2022-06-28,352.800,354.850,347.000,352.980,23722.000,,raw
2022-06-29,350.000,352.350,346.280,349.000,20725.000,,raw
2022-06-30,348.010,359.820,347.990,356.730,28255.000,,raw
2022-07-01,356.730,358.880,349.000,350.780,19078.000,,raw
2022-07-04,353.010,357.980,347.000,353.440,20714.000,,raw
2022-07-05,353.430,356.190,346.450,351.660,25178.000,,raw
2022-07-06,351.770,353.000,342.700,345.010,22868.000,,raw
2022-07-07,344.000,347.880,339.910,344.990,18603.000,,raw
2022-07-08,348.000,348.690,338.490,338.490,24176.000,,raw
2022-07-11,338.000,338.000,330.000,334.810,23390.000,,raw
2022-07-12,334.850,337.000,327.890,327.890,18484.000,,raw
2022-07-13,327.660,330.400,325.010,326.200,15173.000,,raw
2022-07-14,326.510,329.600,323.020,324.070,22069.000,,raw
2022-07-15,323.000,329.900,319.000,319.150,25372.000,"{'nd': '2021', 'fh_sh': '12.1', 'djr': '2022-07-14', 'cqr': '2022-07-15', 'FHcontent': '10派12.1元'}",raw
2022-07-18,319.800,321.000,308.490,318.700,31283.000,,raw
2022-07-19,312.010,315.680,303.010,309.520,50947.000,,raw
2022-07-20,309.000,311.180,304.880,308.950,31591.000,,raw
2022-07-21,306.240,311.760,306.000,309.330,20879.000,,raw
2022-07-22,309.360,314.990,308.010,310.500,25188.000,,raw
2022-07-25,310.750,311.630,307.000,309.600,13399.000,,raw
2022-07-26,310.440,313.790,309.000,310.180,14284.000,,raw
2022-07-27,308.100,309.800,305.100,306.010,16261.000,,raw
2022-07-28,305.960,308.570,303.500,304.300,18972.000,,raw
2022-07-29,303.500,306.500,295.000,295.720,35920.000,,raw
2022-08-01,294.950,294.990,290.010,293.550,23274.000,,raw
2022-08-02,291.650,292.380,286.010,288.840,28698.000,,raw
2022-08-03,288.900,295.990,288.900,292.230,26401.000,,raw
2022-08-04,295.480,297.800,292.250,297.090,20335.000,,raw
2022-08-05,299.600,299.880,295.200,298.670,17054.000,,raw
2022-08-08,298.670,303.500,295.890,299.430,20852.000,,raw
2022-08-09,298.000,298.880,295.400,296.400,13968.000,,raw
2022-08-10,295.600,296.380,290.780,293.040,18969.000,,raw
2022-08-11,293.530,299.060,293.530,298.980,20792.000,,raw
2022-08-12,299.000,301.220,297.120,300.010,13357.000,,raw
2022-08-15,300.990,302.000,297.000,298.100,14798.000,,raw
2022-08-16,298.100,300.350,296.140,296.400,13137.000,,raw
2022-08-17,296.000,299.500,293.810,299.020,16029.000,,raw
2022-08-18,297.000,298.190,294.080,294.800,14568.000,,raw
2022-08-19,294.050,296.410,293.000,293.400,11444.000,,raw
2022-08-22,291.450,294.920,291.000,292.460,14826.000,,raw
2022-08-23,292.510,293.880,289.000,291.100,14787.000,,raw
2022-08-24,290.000,293.490,289.210,289.600,14858.000,,raw
2022-08-25,290.030,291.400,286.890,290.300,14280.000,,raw
2022-08-26,291.980,295.600,291.020,294.000,18398.000,,raw
2022-08-29,291.160,294.990,289.300,291.090,13299.000,,raw
2022-08-30,290.200,292.930,287.500,288.360,13219.000,,raw
2022-08-31,287.160,303.900,287.060,300.990,44668.000,,raw
2022-09-01,300.000,303.000,297.270,298.300,18703.000,,raw
2022-09-02,298.740,302.980,295.000,296.110,18837.000,,raw
2022-09-05,294.180,296.520,287.000,294.000,26693.000,,raw
2022-09-06,293.040,297.200,292.390,294.020,12857.000,,raw
2022-09-07,292.800,293.900,289.000,291.480,14375.000,,raw
2022-09-08,292.610,298.890,291.670,293.750,20041.000,,raw
2022-09-09,295.000,298.800,293.010,298.110,18921.000,,raw
2022-09-13,298.960,304.000,297.250,302.000,20387.000,,raw
2022-09-14,299.860,301.590,298.010,300.290,14232.000,,raw
2022-09-15,299.500,302.660,298.090,298.560,15237.000,,raw
2022-09-16,296.650,299.650,293.200,293.200,26926.000,,raw
2022-09-19,292.000,294.950,288.000,289.500,19028.000,,raw
2022-09-20,290.340,292.300,288.580,289.350,13838.000,,raw
2022-09-21,288.800,289.980,280.000,281.080,29235.000,,raw
2022-09-22,279.380,279.380,259.690,260.850,59757.000,,raw
2022-09-23,257.000,258.900,250.220,252.690,44403.000,,raw
2022-09-26,249.000,252.680,246.010,246.790,42122.000,,raw
2022-09-27,247.600,264.250,247.000,264.070,55824.000,,raw
2022-09-28,263.200,267.700,259.810,261.500,32564.000,,raw
2022-09-29,264.870,272.900,263.010,266.100,33107.000,,raw
2022-09-30,265.700,270.500,264.020,266.800,21045.000,,raw
2022-10-10,265.100,265.900,253.260,253.980,31809.000,,raw
2022-10-11,255.040,256.860,251.110,252.820,18257.000,,raw
2022-10-12,252.820,255.000,246.010,254.100,26826.000,,raw
2022-10-13,253.060,259.980,251.460,256.800,22269.000,,raw
2022-10-14,257.030,272.900,257.010,270.450,42935.000,,raw
2022-10-17,270.440,274.860,267.000,268.570,20840.000,,raw
2022-10-18,269.000,275.010,265.000,272.350,25437.000,,raw
2022-10-19,270.000,271.800,260.250,262.100,27593.000,,raw
2022-10-20,258.210,266.510,258.200,261.280,21938.000,,raw
2022-10-21,261.280,262.950,256.600,257.360,24290.000,,raw
2022-10-24,248.500,251.010,231.620,231.620,79436.000,,raw
2022-10-25,230.000,232.980,224.300,228.000,41141.000,,raw
2022-10-26,229.270,241.830,229.270,235.160,42226.000,,raw
2022-10-27,236.000,237.800,229.920,232.000,28422.000,,raw
2022-10-28,227.010,236.100,226.900,228.230,26116.000,,raw
2022-10-31,226.180,231.960,222.500,228.000,28189.000,,raw
2022-11-01,228.720,244.000,228.720,242.630,47713.000,,raw
2022-11-02,242.000,253.330,239.770,249.600,39797.000,,raw
2022-11-03,247.010,248.760,245.000,247.710,18616.000,,raw
2022-11-04,247.710,257.000,247.470,254.850,28305.000,,raw
2022-11-07,254.400,258.000,251.500,257.490,21855.000,,raw
2022-11-08,257.490,259.470,255.890,257.960,17018.000,,raw
2022-11-09,257.550,261.890,256.020,256.450,16521.000,,raw
2022-11-10,254.720,258.100,252.400,256.810,17801.000,,raw
2022-11-11,263.950,268.600,258.280,258.280,27473.000,,raw
2022-11-14,261.000,265.340,258.380,262.520,21719.000,,raw
2022-11-15,262.520,265.880,260.200,264.650,21059.000,,raw
2022-11-16,264.010,269.600,262.590,264.770,19807.000,,raw
2022-11-17,263.580,267.330,258.100,263.170,22330.000,,raw
2022-11-18,263.100,267.500,262.200,262.990,17573.000,,raw
2022-11-21,261.000,262.880,257.710,260.780,13145.000,,raw
2022-11-22,259.500,261.630,255.360,256.360,20361.000,,raw
2022-11-23,256.000,257.500,253.470,254.490,15029.000,,raw
2022-11-24,254.980,257.870,251.270,253.190,12425.000,,raw
2022-11-25,253.200,254.410,249.800,253.260,12610.000,,raw
2022-11-28,249.010,249.970,243.050,248.930,21443.000,,raw
2022-11-29,248.000,258.000,248.000,254.730,20798.000,,raw
2022-11-30,254.750,257.350,253.100,254.950,15247.000,,raw
2022-12-01,258.510,263.680,257.600,258.990,24726.000,,raw
2022-12-02,257.460,264.990,257.460,259.720,20206.000,,raw
2022-12-05,261.500,267.280,260.500,264.600,23251.000,,raw
2022-12-06,264.610,275.160,262.520,273.310,41375.000,,raw
2022-12-07,273.000,273.100,267.000,270.270,27764.000,,raw
2022-12-08,269.730,271.280,267.300,268.840,19386.000,,raw
2022-12-09,268.900,274.590,265.750,273.000,25379.000,,raw
2022-12-12,275.010,287.880,275.000,285.320,43946.000,,raw
2022-12-13,282.000,283.790,278.730,281.370,19180.000,,raw
2022-12-14,281.380,286.410,278.860,285.500,24850.000,,raw
2022-12-15,286.000,295.000,284.000,291.800,33414.000,,raw
2022-12-16,290.000,297.550,289.310,292.430,27820.000,,raw
2022-12-19,295.770,297.010,284.500,285.610,35421.000,,raw
2022-12-20,284.140,287.680,277.000,279.790,22605.000,,raw
2022-12-21,280.400,292.490,280.400,288.990,24173.000,,raw
2022-12-22,290.410,292.990,285.850,287.910,19105.000,,raw
2022-12-23,285.650,291.000,285.610,289.550,17842.000,,raw
2022-12-26,289.550,292.820,287.080,289.350,16169.000,,raw
2022-12-27,290.800,291.760,284.000,288.120,17121.000,,raw
2022-12-28,288.800,292.000,287.010,289.080,15256.000,,raw
2022-12-29,287.100,290.590,284.500,289.620,17259.000,,raw
2022-12-30,291.000,291.660,288.160,288.460,12656.000,,raw
2019-01-02,73.560,73.560,70.160,71.350,38695.000,,adjusted
2019-01-03,70.640,70.650,67.910,67.950,46519.000,,adjusted
2019-01-04,67.460,70.350,66.170,69.640,34460.000,,adjusted
2019-01-07,70.810,70.940,69.560,70.350,28761.000,,adjusted
2019-01-08,70.360,71.330,69.970,70.460,21429.000,,adjusted
2019-01-09,70.450,73.330,70.230,72.160,41118.000,,adjusted
2019-01-10,72.170,72.860,71.170,71.560,18649.000,,adjusted
2019-01-11,71.420,72.290,70.640,72.110,22778.000,,adjusted
2019-01-14,71.960,72.510,71.460,71.560,17051.000,,adjusted
2019-01-15,71.660,74.240,71.000,74.160,45380.000,,adjusted
2019-01-16,74.160,75.860,73.840,74.960,36548.000,,adjusted
2019-01-17,74.940,75.360,72.960,72.960,36309.000,,adjusted
2019-01-18,72.810,78.010,72.810,77.540,77178.000,,adjusted
2019-01-21,77.260,79.040,76.380,77.280,51524.000,,adjusted
2019-01-22,77.060,77.090,74.660,75.320,37871.000,,adjusted
2019-01-23,74.460,76.210,74.420,75.560,20206.000,,adjusted
2019-01-24,75.620,75.870,73.810,74.950,33399.000,,adjusted
2019-01-25,74.760,75.450,74.500,74.930,24886.000,,adjusted
2019-01-28,75.440,76.960,74.960,75.160,34074.000,,adjusted
2019-01-29,74.940,75.960,74.320,75.960,24206.000,,adjusted
2019-01-30,75.760,76.860,75.160,75.760,23003.000,,adjusted
2019-01-31,75.340,76.460,74.870,75.340,27760.000,,adjusted
2019-02-01,75.960,78.860,75.950,78.260,56409.000,,adjusted
2019-02-11,77.960,81.170,77.870,80.670,50208.000,,adjusted
2019-02-12,83.360,85.140,82.440,83.930,86416.000,,adjusted
2019-02-13,84.340,87.620,83.970,86.860,73807.000,,adjusted
2019-02-14,86.950,88.310,85.720,87.550,48622.000,,adjusted
2019-02-15,86.960,88.950,85.190,85.190,55716.000,,adjusted
2019-02-18,85.960,93.780,85.960,92.740,77033.000,,adjusted
2019-02-19,92.800,94.260,90.970,91.960,57999.000,,adjusted
2019-02-20,92.040,92.760,87.470,90.060,52272.000,,adjusted
2019-02-21,89.960,91.830,88.930,88.960,44210.000,,adjusted
2019-02-22,88.640,91.640,87.980,90.900,45026.000,,adjusted
2019-02-25,91.740,93.460,89.760,92.970,100100.000,,adjusted
2019-02-26,93.960,97.760,91.160,91.740,90810.000,,adjusted
2019-02-27,91.460,93.730,89.970,90.950,68524.000,,adjusted
2019-02-28,90.850,93.560,90.840,92.890,47911.000,,adjusted
2019-03-01,93.460,95.620,92.540,94.310,59080.000,,adjusted
2019-03-04,96.360,96.390,93.340,93.950,90528.000,,adjusted
2019-03-05,92.960,94.460,92.150,93.920,55219.000,,adjusted
2019-03-06,93.930,94.260,91.370,92.710,65813.000,,adjusted
2019-03-07,93.360,93.360,88.760,90.130,78178.000,,adjusted
2019-03-08,88.260,91.550,87.070,87.810,61795.000,,adjusted
2019-03-11,88.660,90.960,88.000,90.860,48388.000,,adjusted
2019-03-12,91.970,92.590,89.310,90.010,50692.000,,adjusted
2019-03-13,89.960,91.460,89.040,89.570,37714.000,,adjusted
2019-03-14,89.500,91.370,89.260,90.150,45212.000,,adjusted
2019-03-15,90.410,91.840,89.320,90.860,50433.000,,adjusted
2019-03-18,91.070,98.960,91.070,98.910,130990.000,,adjusted
2019-03-19,97.960,99.150,95.070,95.680,68684.000,,adjusted
2019-03-20,95.500,97.760,94.340,95.440,52166.000,,adjusted
2019-03-21,96.360,96.930,94.460,95.630,40724.000,,adjusted
2019-03-22,95.630,96.460,94.840,95.760,33991.000,,adjusted
2019-03-25,94.460,96.930,93.970,94.770,40087.000,,adjusted
2019-03-26,94.910,95.860,94.060,94.360,36735.000,,adjusted
2019-03-27,95.250,99.970,94.960,98.910,87421.000,,adjusted
2019-03-28,98.260,101.450,97.540,99.930,63285.000,,adjusted
2019-03-29,100.460,104.440,100.460,101.860,69345.000,,adjusted
2019-04-01,102.150,104.660,102.150,103.580,60557.000,,adjusted
2019-04-02,103.400,103.400,101.570,102.950,42413.000,,adjusted
2019-04-03,101.960,104.660,101.820,103.260,44357.000,,adjusted
2019-04-04,102.660,105.760,102.460,105.440,49049.000,,adjusted
2019-04-08,105.960,107.700,103.680,104.360,59877.000,,adjusted
2019-04-09,104.460,107.650,103.070,107.340,55177.000,,adjusted
2019-04-10,106.810,111.010,105.840,109.460,65226.000,,adjusted
2019-04-11,109.460,109.460,103.540,103.560,69923.000,,adjusted
2019-04-12,103.550,105.650,103.080,105.490,38912.000,,adjusted
2019-04-15,105.960,107.970,103.060,103.070,59209.000,,adjusted
2019-04-16,102.340,104.550,102.060,103.850,42883.000,,adjusted
2019-04-17,104.160,106.410,103.960,105.040,38350.000,,adjusted
2019-04-18,105.500,105.940,102.960,103.560,24651.000,,adjusted
2019-04-19,103.660,104.850,103.140,104.070,22727.000,,adjusted
2019-04-22,104.160,105.150,101.970,103.460,39269.000,,adjusted
2019-04-23,102.340,104.060,100.540,103.210,42755.000,,adjusted
2019-04-24,103.490,104.570,101.700,102.960,33446.000,,adjusted
2019-04-25,102.960,104.460,101.850,101.980,36125.000,,adjusted
2019-04-26,101.860,102.540,95.560,96.150,71198.000,,adjusted
2019-04-29,95.760,99.960,93.960,98.060,55946.000,,adjusted
2019-04-30,98.510,102.300,98.510,102.260,45036.000,,adjusted
2019-05-06,99.830,99.830,92.770,95.660,76894.000,,adjusted
2019-05-07,96.960,99.590,96.060,99.010,47620.000,,adjusted
2019-05-08,97.110,98.460,95.140,95.400,39038.000,,adjusted
2019-05-09,94.460,95.630,87.970,91.090,65118.000,,adjusted
2019-05-10,92.460,94.220,88.960,93.940,52635.000,,adjusted
2019-05-13,93.080,96.610,91.940,95.760,42764.000,,adjusted
2019-05-14,94.960,96.180,93.440,93.600,34402.000,,adjusted
2019-05-15,94.660,97.510,94.660,96.640,42273.000,,adjusted
2019-05-16,96.460,98.120,95.760,97.880,31254.000,,adjusted
2019-05-17,97.960,98.840,95.160,95.450,39566.000,,adjusted
2019-05-20,94.960,94.960,92.370,93.330,29449.000,,adjusted
2019-05-21,93.960,95.330,93.020,94.840,25005.000,,adjusted
2019-05-22,95.020,95.750,93.460,94.490,20132.000,,adjusted
2019-05-23,94.460,94.490,90.760,91.190,36817.000,,adjusted
2019-05-24,91.210,92.740,91.160,91.840,19475.000,,adjusted
2019-05-27,92.220,92.980,90.160,92.800,28514.000,,adjusted
2019-05-28,92.740,94.460,92.250,94.160,30473.000,,adjusted
2019-05-29,93.500,94.330,92.260,93.510,20726.000,,adjusted
2019-05-30,93.150,93.860,91.880,93.200,21799.000,,adjusted
2019-05-31,93.460,95.750,92.860,94.460,36822.000,,adjusted
2019-06-03,94.640,96.440,94.280,94.560,20701.000,,adjusted
2019-06-04,94.760,94.840,90.760,91.180,35945.000,,adjusted
2019-06-05,92.110,92.400,89.420,90.390,31933.000,,adjusted
2019-06-06,90.460,91.160,89.240,89.660,19804.000,,adjusted
2019-06-10,89.680,91.440,89.080,90.960,24679.000,,adjusted
2019-06-11,91.150,95.460,91.150,95.460,53393.000,,adjusted
2019-06-12,95.450,95.450,94.260,94.500,27213.000,,adjusted
2019-06-13,95.130,95.240,93.670,94.930,21573.000,,adjusted
2019-06-14,95.020,96.740,93.560,93.670,23567.000,,adjusted
2019-06-17,93.660,96.960,93.660,95.790,35178.000,,adjusted
2019-06-18,95.960,96.650,94.840,95.440,23458.000,,adjusted
2019-06-19,96.950,97.610,96.480,96.660,38611.000,,adjusted
2019-06-20,96.260,100.710,96.260,99.710,50295.000,,adjusted
2019-06-21,99.860,101.460,99.370,99.960,40063.000,,adjusted
2019-06-24,99.780,101.960,99.070,101.870,39006.000,,adjusted
2019-06-25,101.960,102.460,100.560,101.680,34224.000,,adjusted
2019-06-26,101.340,102.520,100.950,102.060,27832.000,,adjusted
2019-06-27,102.220,103.700,102.060,102.860,31648.000,"{'nd': '2018', 'fh_sh': '6', 'djr': '2019-06-26', 'cqr': '2019-06-27', 'FHcontent': '10派6元'}",adjusted
2019-06-28,103.260,103.860,101.560,102.760,30783.000,,adjusted
2019-07-01,104.360,105.310,104.050,104.750,38891.000,,adjusted
2019-07-02,104.660,104.760,103.570,104.360,34635.000,,adjusted
2019-07-03,103.110,103.430,98.890,100.540,61983.000,,adjusted
2019-07-04,101.460,101.460,98.860,99.450,38319.000,,adjusted
2019-07-05,99.950,101.960,99.750,101.440,29317.000,,adjusted
2019-07-08,101.320,102.410,98.230,99.610,37492.000,,adjusted
2019-07-09,99.610,101.260,98.860,99.450,21202.000,,adjusted
2019-07-10,100.060,100.160,98.760,98.940,17817.000,,adjusted
2019-07-11,99.360,99.510,97.770,97.960,23047.000,,adjusted
2019-07-12,98.560,99.240,97.680,98.620,18647.000,,adjusted
2019-07-15,98.060,98.060,93.560,95.560,51300.000,,adjusted
2019-07-16,94.440,96.420,93.790,94.940,35284.000,,adjusted
2019-07-17,94.560,95.310,91.270,92.690,63077.000,,adjusted
2019-07-18,92.650,93.040,90.610,90.790,40262.000,,adjusted
2019-07-19,91.250,92.040,89.540,90.340,49362.000,,adjusted
2019-07-22,90.930,90.960,88.060,88.360,54917.000,,adjusted
2019-07-23,88.360,90.360,88.360,90.070,35780.000,,adjusted
2019-07-24,90.360,91.070,89.810,90.110,34186.000,,adjusted
2019-07-25,90.560,92.150,89.840,92.060,35673.000,,adjusted
2019-07-26,91.560,93.730,91.090,93.330,34920.000,,adjusted
2019-07-29,93.540,93.740,92.330,93.060,22528.000,,adjusted
2019-07-30,92.490,93.460,91.570,92.540,29281.000,,adjusted
2019-07-31,92.220,92.810,91.550,91.560,21184.000,,adjusted
2019-08-01,91.560,91.950,89.920,91.550,29889.000,,adjusted
2019-08-02,90.160,91.110,89.550,90.710,21461.000,,adjusted
2019-08-05,90.360,90.930,89.360,89.380,23502.000,,adjusted
2019-08-06,87.960,89.010,86.760,88.530,39194.000,,adjusted
2019-08-07,88.220,90.240,88.220,89.580,24462.000,,adjusted
2019-08-08,89.760,90.530,88.780,89.590,22237.000,,adjusted
2019-08-09,90.210,90.240,79.870,82.360,122066.000,,adjusted
2019-08-12,82.870,84.600,78.520,83.570,66451.000,,adjusted
2019-08-13,83.420,84.460,82.620,83.460,30267.000,,adjusted
2019-08-14,84.360,85.470,83.960,84.060,36137.000,,adjusted
2019-08-15,82.560,85.540,81.590,85.150,33264.000,,adjusted
2019-08-16,85.150,87.010,84.660,86.280,32646.000,,adjusted
2019-08-19,86.860,88.000,86.490,87.650,35311.000,,adjusted
2019-08-20,87.670,87.950,86.640,86.760,28124.000,,adjusted
2019-08-21,86.070,86.200,84.360,84.610,41966.000,,adjusted
2019-08-22,85.250,89.020,85.160,88.550,68465.000,,adjusted
2019-08-23,88.550,88.600,86.620,88.310,46947.000,,adjusted
2019-08-26,86.270,92.060,86.270,90.160,60856.000,,adjusted
2019-08-27,91.560,91.560,89.640,90.380,50542.000,,adjusted
2019-08-28,90.210,90.540,87.870,88.450,37955.000,,adjusted
2019-08-29,88.280,88.740,87.360,87.610,24826.000,,adjusted
2019-08-30,87.780,89.350,87.000,87.270,30779.000,,adjusted
2019-09-02,87.040,88.050,86.470,87.900,34973.000,,adjusted
2019-09-03,87.910,88.140,85.780,86.520,40512.000,,adjusted
2019-09-04,86.360,86.750,85.240,86.710,31464.000,,adjusted
2019-09-05,87.240,88.560,87.030,87.700,39567.000,,adjusted
2019-09-06,87.860,88.990,87.280,88.880,36679.000,,adjusted
2019-09-09,89.030,89.680,88.220,88.630,34021.000,,adjusted
2019-09-10,88.640,89.960,87.340,89.560,43521.000,,adjusted
2019-09-11,89.560,91.160,87.780,87.980,41734.000,,adjusted
2019-09-12,87.580,88.350,87.360,87.600,27607.000,,adjusted
2019-09-16,87.600,88.520,87.560,87.760,23986.000,,adjusted
2019-09-17,87.760,88.060,86.560,86.710,24113.000,,adjusted
2019-09-18,86.570,89.360,86.540,89.170,45968.000,,adjusted
2019-09-19,89.320,90.480,88.560,90.240,40040.000,,adjusted
2019-09-20,90.350,93.100,90.170,92.500,62871.000,,adjusted
2019-09-23,92.460,93.440,90.560,90.790,31562.000,,adjusted
2019-09-24,91.640,92.460,90.060,90.810,32602.000,,adjusted
2019-09-25,90.810,91.010,88.970,89.690,22713.000,,adjusted
2019-09-26,90.250,90.560,87.550,87.960,29916.000,,adjusted
2019-09-27,87.950,89.220,86.590,88.680,23310.000,,adjusted
2019-09-30,88.680,90.860,88.370,89.440,29492.000,,adjusted
2019-10-08,89.560,92.710,89.560,91.860,44998.000,,adjusted
2019-10-09,91.660,92.660,90.610,92.230,31971.000,,adjusted
2019-10-10,92.560,96.120,92.250,95.550,65616.000,,adjusted
2019-10-11,96.250,96.550,94.660,95.450,42633.000,,adjusted
2019-10-14,95.760,97.610,95.350,96.650,45689.000,,adjusted
2019-10-15,96.540,101.060,96.120,99.610,56687.000,,adjusted
2019-10-16,99.780,102.610,98.860,102.060,72276.000,,adjusted
2019-10-17,102.060,103.560,100.950,101.660,35183.000,,adjusted
2019-10-18,101.560,102.820,99.930,101.730,47394.000,,adjusted
2019-10-21,101.140,102.060,97.490,99.780,50699.000,,adjusted
2019-10-22,100.560,102.350,100.060,101.560,38138.000,,adjusted
2019-10-23,101.720,103.510,100.030,100.160,35225.000,,adjusted
2019-10-24,100.960,101.260,98.060,99.020,45085.000,,adjusted
2019-10-25,97.500,97.500,93.260,94.060,115783.000,,adjusted
2019-10-28,94.360,96.440,93.540,94.470,49639.000,,adjusted
2019-10-29,93.570,97.690,93.570,95.350,55125.000,,adjusted
2019-10-30,95.380,96.230,93.760,95.360,26245.000,,adjusted
2019-10-31,95.760,96.650,94.580,96.080,30460.000,,adjusted
2019-11-01,95.590,96.280,94.070,96.150,33576.000,,adjusted
2019-11-04,96.460,97.500,95.580,96.060,36596.000,,adjusted
2019-11-05,96.560,96.960,95.010,95.880,36228.000,,adjusted
2019-11-06,95.740,96.410,95.310,95.740,24548.000,,adjusted
2019-11-07,95.960,96.450,95.060,96.040,22034.000,,adjusted
2019-11-08,96.440,99.540,96.330,98.630,49122.000,,adjusted
2019-11-11,98.560,100.190,96.550,97.010,43193.000,,adjusted
2019-11-12,96.520,97.360,94.540,95.160,35888.000,,adjusted
2019-11-13,95.160,95.960,93.520,93.860,53243.000,,adjusted
2019-11-14,94.150,94.880,93.480,94.570,36915.000,,adjusted
2019-11-15,94.560,94.760,92.260,92.270,42151.000,,adjusted
2019-11-18,92.160,93.050,91.410,92.290,34918.000,,adjusted
2019-11-19,92.260,93.810,92.260,92.760,39246.000,,adjusted
2019-11-20,93.000,93.960,92.660,92.860,31595.000,,adjusted
2019-11-21,92.650,92.650,89.840,90.810,41881.000,,adjusted
2019-11-22,90.790,91.360,88.670,89.030,43075.000,,adjusted
2019-11-25,89.030,89.890,88.210,89.470,29877.000,,adjusted
2019-11-26,89.840,90.360,89.260,90.160,29827.000,,adjusted
2019-11-27,89.990,90.060,88.560,89.180,23643.000,,adjusted
2019-11-28,89.460,90.030,88.780,89.340,18407.000,,adjusted
2019-11-29,89.220,89.750,86.340,87.340,48518.000,,adjusted
2019-12-02,86.650,87.440,86.560,86.770,22552.000,,adjusted
2019-12-03,85.670,86.960,85.670,86.940,23426.000,,adjusted
2019-12-04,87.180,88.040,86.560,87.650,20202.000,,adjusted
2019-12-05,88.060,88.840,87.560,88.060,21329.000,,adjusted
2019-12-06,88.170,88.640,87.670,88.620,21896.000,,adjusted
2019-12-09,88.560,89.160,87.460,87.800,25331.000,,adjusted
2019-12-10,87.550,88.080,87.450,87.950,17592.000,,adjusted
2019-12-11,87.960,88.490,87.910,88.390,16967.000,,adjusted
2019-12-12,88.310,88.410,87.440,87.450,16786.000,,adjusted
2019-12-13,88.060,90.150,88.060,90.140,38778.000,,adjusted
2019-12-16,90.440,91.230,89.360,90.280,28517.000,,adjusted
2019-12-17,90.330,91.960,89.580,91.540,34288.000,,adjusted
2019-12-18,91.330,92.380,90.440,90.920,28204.000,,adjusted
2019-12-19,91.210,91.240,89.590,90.590,20738.000,,adjusted
2019-12-20,90.570,91.150,90.170,90.700,18058.000,,adjusted
2019-12-23,90.710,93.800,90.360,92.010,42459.000,,adjusted
2019-12-24,92.000,92.740,91.200,92.080,23273.000,,adjusted
2019-12-25,94.060,98.440,94.060,97.510,107957.000,,adjusted
2019-12-26,97.170,98.160,96.430,97.530,41174.000,,adjusted
2019-12-27,97.530,98.160,95.540,95.700,40622.000,,adjusted
2019-12-30,96.030,97.650,94.560,96.720,37866.000,,adjusted
2019-12-31,96.720,98.550,96.490,97.430,41823.000,,adjusted
2020-01-02,97.550,98.170,96.190,96.780,46240.000,,adjusted
2020-01-03,97.060,97.140,95.780,96.560,32109.000,,adjusted
2020-01-06,95.850,97.070,95.600,96.200,37808.000,,adjusted
2020-01-07,96.500,97.630,95.310,97.610,39316.000,,adjusted
2020-01-08,97.230,98.760,96.760,97.460,33060.000,,adjusted
2020-01-09,98.150,102.790,97.390,101.660,83502.000,,adjusted
2020-01-10,101.860,102.840,100.960,102.210,44102.000,,adjusted
2020-01-13,102.330,103.930,101.030,103.730,60347.000,,adjusted
2020-01-14,103.950,104.430,102.020,102.210,31853.000,,adjusted
2020-01-15,102.260,103.990,102.080,103.180,32126.000,,adjusted
2020-01-16,103.660,106.410,102.770,106.410,43181.000,,adjusted
2020-01-17,106.340,112.500,105.890,110.940,78761.000,,adjusted
2020-01-20,110.560,116.560,109.560,113.550,73340.000,,adjusted
2020-01-21,117.960,121.040,116.860,117.160,93453.000,,adjusted
2020-01-22,116.860,117.860,114.570,115.630,60583.000,,adjusted
2020-01-23,115.630,120.340,113.740,116.350,76348.000,,adjusted
2020-02-03,110.560,115.560,103.470,106.970,120599.000,,adjusted
2020-02-04,107.720,112.510,107.720,110.990,70602.000,,adjusted
2020-02-05,111.330,123.330,111.330,123.330,98618.000,,adjusted
2020-02-06,125.060,125.290,119.530,121.850,102340.000,,adjusted
2020-02-07,120.510,121.360,117.080,120.000,68277.000,,adjusted
2020-02-10,118.860,119.540,115.570,117.380,59587.000,,adjusted
2020-02-11,116.670,120.210,116.560,119.200,51469.000,,adjusted
2020-02-12,119.200,119.430,116.970,117.650,38110.000,,adjusted
2020-02-13,116.860,116.880,114.240,114.650,55981.000,,adjusted
2020-02-14,114.620,116.830,114.250,114.980,32865.000,,adjusted
2020-02-17,115.060,117.060,113.810,115.720,53565.000,,adjusted
2020-02-18,115.950,116.360,114.130,114.690,42352.000,,adjusted
2020-02-19,114.710,115.050,112.550,112.550,51241.000,,adjusted
2020-02-20,113.060,114.510,112.760,113.950,45088.000,,adjusted
2020-02-21,114.060,116.560,112.740,115.740,53845.000,,adjusted
2020-02-24,116.060,116.910,112.260,113.500,59637.000,,adjusted
2020-02-25,111.660,113.500,109.590,112.560,58810.000,,adjusted
2020-02-26,110.160,111.060,108.560,108.810,57440.000,,adjusted
2020-02-27,109.070,112.070,109.020,110.660,41012.000,,adjusted
2020-02-28,107.560,111.440,106.980,107.660,50000.000,,adjusted
2020-03-02,108.430,112.000,108.430,111.340,43212.000,,adjusted
2020-03-03,113.260,117.120,113.220,115.510,73390.000,,adjusted
2020-03-04,115.580,116.540,113.380,114.360,35822.000,,adjusted
2020-03-05,114.460,118.540,114.460,117.860,58166.000,,adjusted
2020-03-06,117.110,120.130,116.440,117.320,40931.000,,adjusted
2020-03-09,115.520,115.860,111.520,111.520,51846.000,,adjusted
2020-03-10,111.560,113.660,109.060,112.470,47133.000,,adjusted
2020-03-11,113.550,114.060,111.570,111.810,25901.000,,adjusted
2020-03-12,110.560,111.030,107.730,108.480,44690.000,,adjusted
2020-03-13,103.560,107.870,102.680,106.810,50604.000,,adjusted
2020-03-16,107.570,111.440,104.860,105.980,64073.000,,adjusted
2020-03-17,105.430,109.070,100.460,104.570,43225.000,,adjusted
2020-03-18,105.560,109.270,104.860,104.940,55375.000,,adjusted
2020-03-19,105.390,107.560,102.440,105.860,48562.000,,adjusted
2020-03-20,107.020,109.060,106.320,108.310,34501.000,,adjusted
2020-03-23,105.510,107.490,104.460,104.570,32821.000,,adjusted
2020-03-24,107.060,107.540,104.840,107.210,34744.000,,adjusted
2020-03-25,110.240,110.360,108.060,109.400,35929.000,,adjusted
2020-03-26,108.670,113.530,108.260,112.110,47185.000,,adjusted
2020-03-27,113.760,115.350,112.160,112.320,39964.000,,adjusted
2020-03-30,111.390,113.060,110.260,111.550,28964.000,,adjusted
2020-03-31,112.660,113.660,110.860,111.860,28061.000,,adjusted
2020-04-01,111.860,112.060,108.470,109.250,36579.000,,adjusted
2020-04-02,108.470,110.660,107.370,110.660,29988.000,,adjusted
2020-04-03,110.060,115.710,110.060,114.550,54079.000,,adjusted
2020-04-07,116.420,117.040,114.710,115.760,36969.000,,adjusted
2020-04-08,115.190,118.560,114.970,117.890,41785.000,,adjusted
2020-04-09,119.310,119.340,117.070,118.690,28458.000,,adjusted
2020-04-10,118.520,121.310,116.560,117.260,37375.000,,adjusted
2020-04-13,116.560,118.240,115.680,116.720,23122.000,,adjusted
2020-04-14,117.550,122.570,115.980,121.850,55744.000,,adjusted
2020-04-15,123.210,124.160,121.850,122.230,37133.000,,adjusted
2020-04-16,121.610,124.060,120.560,122.640,27836.000,,adjusted
2020-04-17,122.560,124.450,121.570,122.400,29888.000,,adjusted
2020-04-20,124.410,124.430,121.870,122.670,26560.000,,adjusted
2020-04-21,122.070,122.550,119.160,120.220,37505.000,,adjusted
2020-04-22,119.610,123.140,119.370,122.610,35156.000,,adjusted
2020-04-23,123.610,126.050,122.470,122.980,33407.000,,adjusted
2020-04-24,123.560,125.440,122.590,124.160,32857.000,,adjusted
2020-04-27,125.260,127.540,122.630,126.310,50069.000,,adjusted
2020-04-28,126.310,134.890,125.560,133.560,73023.000,,adjusted
2020-04-29,133.560,137.820,128.960,130.060,64952.000,,adjusted
2020-04-30,131.210,133.410,127.000,127.810,61300.000,,adjusted
2020-05-06,128.460,133.320,127.750,133.050,50690.000,,adjusted
2020-05-07,133.340,134.670,131.640,133.260,29745.000,,adjusted
2020-05-08,133.260,134.330,132.370,132.590,33514.000,,adjusted
2020-05-11,132.830,135.080,130.650,132.920,37385.000,,adjusted
2020-05-12,132.760,137.160,131.840,135.800,48653.000,,adjusted
2020-05-13,135.800,137.410,134.070,136.540,43096.000,,adjusted
2020-05-14,136.410,137.550,135.550,135.870,29537.000,,adjusted
2020-05-15,135.860,136.870,131.480,132.560,63274.000,,adjusted
2020-05-18,132.460,137.440,132.460,136.240,48715.000,,adjusted
2020-05-19,137.540,139.560,136.070,136.970,29365.000,,adjusted
2020-05-20,136.970,137.750,132.060,132.560,54724.000,,adjusted
2020-05-21,132.560,135.210,131.610,132.960,43119.000,,adjusted
2020-05-22,133.820,134.060,129.360,130.360,36110.000,,adjusted
2020-05-25,130.360,132.810,128.660,132.000,25737.000,,adjusted
2020-05-26,132.840,136.140,132.230,135.970,35830.000,,adjusted
2020-05-27,136.160,137.250,133.060,133.510,27779.000,,adjusted
2020-05-28,133.560,134.360,128.550,131.370,40183.000,,adjusted
2020-05-29,130.860,134.910,130.860,134.280,38902.000,,adjusted
2020-06-01,135.560,137.220,134.400,136.110,37883.000,,adjusted
2020-06-02,135.060,135.800,133.890,134.650,25565.000,,adjusted
2020-06-03,135.450,141.990,134.680,139.360,61083.000,,adjusted
2020-06-04,138.850,139.050,136.590,138.040,36891.000,,adjusted
2020-06-05,138.040,139.080,135.430,139.060,39638.000,,adjusted
2020-06-08,139.360,141.110,137.770,139.610,34789.000,,adjusted
2020-06-09,139.560,142.830,139.060,142.060,39845.000,,adjusted
2020-06-10,140.660,144.060,140.620,143.210,30548.000,,adjusted
2020-06-11,143.060,144.200,140.550,141.170,39449.000,,adjusted
2020-06-12,139.130,141.960,138.340,141.690,27719.000,,adjusted
2020-06-15,141.670,143.060,139.470,139.580,38380.000,,adjusted
2020-06-16,140.860,141.960,139.770,140.860,30030.000,,adjusted
2020-06-17,141.440,144.060,141.440,142.770,34295.000,,adjusted
2020-06-18,142.720,142.720,140.370,141.690,27185.000,,adjusted
2020-06-19,141.690,146.200,141.420,145.960,51137.000,,adjusted
2020-06-22,146.160,151.010,146.160,149.410,44390.000,,adjusted
2020-06-23,150.060,155.450,149.160,155.030,43924.000,,adjusted
2020-06-24,156.180,156.180,151.390,153.640,42277.000,"{'nd': '2019', 'fh_sh': '8.2', 'djr': '2020-06-23', 'cqr': '2020-06-24', 'FHcontent': '10派8.2元'}",adjusted
2020-06-29,152.380,155.730,151.710,153.980,31187.000,,adjusted
2020-06-30,154.000,158.980,154.000,158.630,33223.000,,adjusted
2020-07-01,159.350,167.050,156.630,162.020,59077.000,,adjusted
2020-07-02,160.530,163.880,157.560,159.630,64106.000,,adjusted
2020-07-03,159.630,160.880,155.380,160.450,55231.000,,adjusted
2020-07-06,160.380,162.390,158.180,160.750,65189.000,,adjusted
2020-07-07,161.380,168.970,161.380,166.900,69822.000,,adjusted
2020-07-08,166.900,170.780,164.980,168.910,48985.000,,adjusted
2020-07-09,168.930,170.090,167.430,169.320,46924.000,,adjusted
2020-07-10,169.310,173.030,168.380,170.840,42602.000,,adjusted
2020-07-13,170.260,188.380,169.410,186.580,66894.000,,adjusted
2020-07-14,186.700,196.380,186.580,195.730,71179.000,,adjusted
2020-07-15,188.380,193.380,183.430,190.380,88282.000,,adjusted
2020-07-16,190.370,190.430,171.060,171.280,100136.000,,adjusted
2020-07-17,170.380,176.540,167.880,172.930,83658.000,,adjusted
2020-07-20,173.290,175.700,168.440,174.560,57659.000,,adjusted
2020-07-21,174.570,183.710,173.590,182.230,51767.000,,adjusted
2020-07-22,182.260,187.030,178.540,184.050,44660.000,,adjusted
2020-07-23,182.240,187.180,181.380,185.290,42300.000,,adjusted
2020-07-24,184.380,185.680,173.940,177.370,67050.000,,adjusted
2020-07-27,178.710,183.270,178.380,180.330,41581.000,,adjusted
2020-07-28,180.420,184.180,180.420,182.760,38031.000,,adjusted
2020-07-29,182.760,185.540,182.760,185.450,44440.000,,adjusted
2020-07-30,186.380,194.780,186.380,190.080,56715.000,,adjusted
2020-07-31,190.330,194.260,188.540,192.580,45644.000,,adjusted
2020-08-03,193.380,195.470,190.390,192.990,42984.000,,adjusted
2020-08-04,192.990,195.360,191.380,192.490,42225.000,,adjusted
2020-08-05,192.160,193.330,188.890,192.880,30852.000,,adjusted
2020-08-06,191.380,193.380,190.610,192.080,35537.000,,adjusted
2020-08-07,190.390,192.080,183.880,188.950,52576.000,,adjusted
2020-08-10,186.390,190.390,185.820,188.990,28919.000,,adjusted
2020-08-11,189.080,193.990,188.580,189.280,32491.000,,adjusted
2020-08-12,189.880,190.850,182.260,187.940,44869.000,,adjusted
2020-08-13,187.480,188.740,184.610,185.280,24823.000,,adjusted
2020-08-14,184.380,186.980,182.900,186.770,26120.000,,adjusted
2020-08-17,186.960,191.380,186.960,188.380,34132.000,,adjusted
2020-08-18,188.380,191.510,186.790,191.510,33287.000,,adjusted
2020-08-19,192.360,195.370,190.880,191.770,46115.000,,adjusted
2020-08-20,190.380,191.760,187.980,188.450,26763.000,,adjusted
2020-08-21,189.380,195.380,189.380,195.370,48869.000,,adjusted
2020-08-24,196.360,199.620,195.380,196.580,40361.000,,adjusted
2020-08-25,197.860,199.070,196.380,198.370,31864.000,,adjusted
2020-08-26,198.260,213.530,198.260,208.380,71081.000,,adjusted
2020-08-27,209.380,216.280,208.380,214.880,60095.000,,adjusted
2020-08-28,214.380,227.260,212.890,224.240,65431.000,,adjusted
2020-08-31,227.380,240.240,224.380,240.240,74193.000,,adjusted
2020-09-01,236.890,238.880,230.360,236.470,71362.000,,adjusted
2020-09-02,236.680,261.260,236.560,261.260,90288.000,,adjusted
2020-09-03,258.380,282.360,241.890,254.340,168954.000,,adjusted
2020-09-04,243.380,243.380,230.720,234.240,119249.000,,adjusted
2020-09-07,232.380,240.980,228.380,232.590,67790.000,,adjusted
2020-09-08,234.380,235.970,221.710,226.850,75903.000,,adjusted
2020-09-09,222.960,224.380,214.210,215.930,66542.000,,adjusted
2020-09-10,220.380,235.260,220.380,230.790,89564.000,,adjusted
2020-09-11,231.000,252.860,230.980,250.430,88189.000,,adjusted
2020-09-14,250.430,255.030,238.910,242.380,89368.000,,adjusted
2020-09-15,242.380,242.380,230.600,238.580,56371.000,,adjusted
2020-09-16,241.830,246.380,236.580,243.470,49680.000,,adjusted
2020-09-17,240.880,240.880,231.380,233.380,53165.000,,adjusted
2020-09-18,232.880,235.380,223.460,232.670,60329.000,,adjusted
2020-09-21,233.330,235.150,226.380,227.380,40895.000,,adjusted
2020-09-22,225.040,229.800,221.560,223.280,40010.000,,adjusted
2020-09-23,223.380,227.380,220.370,224.680,41320.000,,adjusted
2020-09-24,224.230,224.380,218.690,219.380,37256.000,,adjusted
2020-09-25,220.390,222.850,215.440,217.290,34726.000,,adjusted
2020-09-28,220.130,222.160,217.960,219.240,26622.000,,adjusted
2020-09-29,221.480,225.160,219.460,224.120,32537.000,,adjusted
2020-09-30,224.280,233.880,223.890,231.700,45935.000,,adjusted
2020-10-09,235.370,236.660,231.380,233.980,36865.000,,adjusted
2020-10-12,233.980,240.180,230.740,240.040,63749.000,,adjusted
2020-10-13,239.740,239.740,235.760,238.030,35351.000,,adjusted
2020-10-14,237.580,244.160,235.780,239.180,40198.000,,adjusted
2020-10-15,237.880,239.880,234.830,235.480,27497.000,,adjusted
2020-10-16,236.120,237.780,231.380,235.200,25928.000,,adjusted
2020-10-19,236.380,237.380,228.380,230.380,30560.000,,adjusted
2020-10-20,229.380,233.880,227.880,233.880,23913.000,,adjusted
2020-10-21,233.380,234.950,231.380,231.500,21106.000,,adjusted
2020-10-22,231.380,232.770,226.960,229.670,21445.000,,adjusted
2020-10-23,229.680,231.730,223.380,224.260,29557.000,,adjusted
2020-10-26,208.380,216.480,200.670,212.670,73621.000,,adjusted
2020-10-27,212.670,222.640,210.980,221.540,41218.000,,adjusted
2020-10-28,221.490,223.650,217.770,221.980,33162.000,,adjusted
2020-10-29,218.680,225.600,218.380,223.880,32646.000,,adjusted
2020-10-30,225.260,225.310,215.660,217.680,43495.000,,adjusted
2020-11-02,217.780,221.260,215.780,216.580,26283.000,,adjusted
2020-11-03,217.180,219.250,215.890,217.980,19220.000,,adjusted
2020-11-04,218.720,219.880,214.380,217.270,24202.000,,adjusted
2020-11-05,218.380,220.630,217.380,218.610,27503.000,,adjusted
2020-11-06,219.920,220.370,211.760,214.520,39794.000,,adjusted
2020-11-09,215.380,221.880,214.520,219.700,39614.000,,adjusted
2020-11-10,221.280,221.710,217.500,219.720,24698.000,,adjusted
2020-11-11,219.720,219.720,214.560,215.260,26139.000,,adjusted
2020-11-12,215.260,217.720,212.480,213.480,24209.000,,adjusted
2020-11-13,213.480,213.870,207.580,211.080,31412.000,,adjusted
2020-11-16,212.150,212.670,207.500,208.870,23073.000,,adjusted
2020-11-17,208.280,208.870,203.500,203.530,34060.000,,adjusted
2020-11-18,205.940,211.860,204.630,206.520,34565.000,,adjusted
2020-11-19,205.260,207.970,202.380,207.060,20662.000,,adjusted
2020-11-20,207.180,210.350,206.380,208.040,17718.000,,adjusted
2020-11-23,208.030,208.880,205.380,206.860,23696.000,,adjusted
2020-11-24,206.860,208.380,204.380,204.500,21127.000,,adjusted
2020-11-25,204.520,205.520,200.580,200.610,27088.000,,adjusted
2020-11-26,200.700,203.050,196.520,198.760,26122.000,,adjusted
2020-11-27,198.680,203.780,195.680,201.510,24995.000,,adjusted
2020-11-30,201.530,202.740,196.410,197.400,27456.000,,adjusted
2020-12-01,199.480,209.180,198.480,208.580,51038.000,,adjusted
2020-12-02,210.190,215.310,209.580,210.790,37433.000,,adjusted
2020-12-03,211.380,214.980,210.380,212.500,31087.000,,adjusted
2020-12-04,213.380,219.060,212.730,218.230,37016.000,,adjusted
2020-12-07,218.380,220.360,214.640,215.680,25197.000,,adjusted
2020-12-08,217.260,217.870,211.600,216.350,25590.000,,adjusted
2020-12-09,218.010,231.880,217.780,226.950,77666.000,,adjusted
2020-12-10,224.410,237.960,223.880,234.250,60280.000,,adjusted
2020-12-11,234.260,239.180,226.380,229.380,53346.000,,adjusted
2020-12-14,229.380,237.180,225.880,236.380,43391.000,,adjusted
2020-12-15,236.380,237.880,232.110,234.880,35579.000,,adjusted
2020-12-16,236.940,243.180,235.380,240.390,48706.000,,adjusted
2020-12-17,240.390,245.340,236.180,239.220,44696.000,,adjusted
2020-12-18,235.180,238.880,233.230,234.450,37483.000,,adjusted
2020-12-21,234.380,237.770,232.380,234.510,41480.000,,adjusted
2020-12-22,236.070,241.230,233.280,233.680,42623.000,,adjusted
2020-12-23,232.390,234.980,228.240,233.200,43058.000,,adjusted
2020-12-24,233.200,236.760,231.600,234.990,28812.000,,adjusted
2020-12-25,235.380,241.080,233.380,238.380,36104.000,,adjusted
2020-12-28,239.380,240.880,236.430,238.370,29480.000,,adjusted
2020-12-29,239.370,240.580,231.680,232.380,37139.000,,adjusted
2020-12-30,232.380,244.400,232.370,243.480,58352.000,,adjusted
2020-12-31,245.380,256.650,244.760,255.890,68724.000,,adjusted
2021-01-04,260.810,271.230,257.380,268.360,56854.000,,adjusted
2021-01-05,268.380,288.380,266.430,284.760,79043.000,,adjusted
2021-01-06,285.880,290.360,276.380,282.830,50339.000,,adjusted
2021-01-07,283.640,290.960,280.670,288.290,44066.000,,adjusted
2021-01-08,289.530,295.140,280.260,284.970,43248.000,,adjusted
2021-01-11,280.730,291.060,278.390,282.560,54619.000,,adjusted
2021-01-12,279.840,288.380,278.480,288.380,34599.000,,adjusted
2021-01-13,290.220,307.210,289.710,300.880,66558.000,,adjusted
2021-01-14,300.880,301.880,280.380,281.580,69981.000,,adjusted
2021-01-15,279.380,281.380,260.410,272.570,84693.000,,adjusted
2021-01-18,272.480,283.060,270.380,274.890,40295.000,,adjusted
2021-01-19,277.180,282.760,271.070,271.880,36036.000,,adjusted
2021-01-20,269.890,281.860,269.890,281.580,34763.000,,adjusted
2021-01-21,283.360,289.380,283.180,286.370,36178.000,,adjusted
2021-01-22,286.380,289.380,283.520,287.930,35529.000,,adjusted
2021-01-25,287.930,297.880,284.750,297.880,60327.000,,adjusted
2021-01-26,297.880,298.380,284.380,285.430,42673.000,,adjusted
2021-01-27,285.930,288.080,278.380,283.760,30152.000,,adjusted
2021-01-28,280.220,285.590,276.480,276.910,35204.000,,adjusted
2021-01-29,278.880,293.080,278.390,286.930,46487.000,,adjusted
2021-02-01,290.380,296.180,288.510,294.450,39968.000,,adjusted
2021-02-02,296.190,315.230,291.430,314.030,61944.000,,adjusted
2021-02-03,314.380,326.980,311.660,314.010,57250.000,,adjusted
2021-02-04,310.880,326.380,309.580,325.380,47585.000,,adjusted
2021-02-05,325.630,338.280,318.560,332.880,45181.000,,adjusted
2021-02-08,333.050,367.330,333.050,367.330,68325.000,,adjusted
2021-02-09,371.970,387.280,358.400,371.380,81718.000,,adjusted
2021-02-10,374.380,386.490,366.380,382.340,58645.000,,adjusted
2021-02-18,383.380,394.150,368.480,377.680,57328.000,,adjusted
2021-02-19,374.380,384.370,348.410,371.360,66590.000,,adjusted
2021-02-22,371.290,372.260,342.370,342.390,78885.000,,adjusted
2021-02-23,332.380,345.260,328.880,333.110,56348.000,,adjusted
2021-02-24,334.580,336.900,301.380,306.390,96553.000,,adjusted
2021-02-25,312.670,314.480,291.380,297.580,84751.000,,adjusted
2021-02-26,287.380,294.090,279.380,285.870,72028.000,,adjusted
2021-03-01,292.120,293.380,280.420,290.500,58923.000,,adjusted
2021-03-02,293.580,296.380,278.380,280.380,71913.000,,adjusted
2021-03-03,277.880,288.280,274.390,286.880,46097.000,,adjusted
2021-03-04,281.380,281.880,268.430,271.080,62868.000,,adjusted
2021-03-05,265.380,275.380,258.560,269.910,51051.000,,adjusted
2021-03-08,274.380,275.810,243.060,244.440,97597.000,,adjusted
2021-03-09,244.400,245.360,228.530,230.150,93404.000,,adjusted
2021-03-10,238.360,248.380,236.980,245.140,78702.000,,adjusted
2021-03-11,245.360,264.380,243.290,257.710,74035.000,,adjusted
2021-03-12,261.400,263.370,249.400,256.530,55024.000,,adjusted
2021-03-15,256.530,258.230,242.720,246.580,51287.000,,adjusted
2021-03-16,247.790,254.180,246.380,250.760,33715.000,,adjusted
2021-03-17,250.380,258.360,244.880,257.240,40776.000,,adjusted
2021-03-18,255.570,265.140,255.380,261.560,41501.000,,adjusted
2021-03-19,254.930,258.930,250.680,252.290,36566.000,,adjusted
2021-03-22,252.290,258.040,248.380,251.480,28613.000,,adjusted
2021-03-23,251.630,253.370,244.910,251.380,27947.000,,adjusted
2021-03-24,251.860,256.430,249.390,251.690,27283.000,,adjusted
2021-03-25,247.380,256.240,245.600,253.800,28774.000,,adjusted
2021-03-26,255.920,271.180,255.040,270.000,61038.000,,adjusted
2021-03-29,270.040,278.380,264.380,276.360,54945.000,,adjusted
2021-03-30,273.330,280.830,272.380,273.540,44880.000,,adjusted
2021-03-31,272.880,275.870,268.460,275.340,28479.000,,adjusted
2021-04-01,275.620,283.980,275.620,282.740,36667.000,,adjusted
2021-04-02,284.370,302.180,282.740,297.380,57810.000,,adjusted
2021-04-06,299.380,300.350,290.400,293.590,34074.000,,adjusted
2021-04-07,293.480,318.900,289.580,316.730,77668.000,,adjusted
2021-04-08,309.380,328.860,303.380,320.370,62936.000,,adjusted
2021-04-09,318.380,325.030,311.720,313.450,39980.000,,adjusted
2021-04-12,311.380,312.260,295.380,296.680,60255.000,,adjusted
2021-04-13,293.380,308.120,290.390,299.620,42316.000,,adjusted
2021-04-14,300.440,307.280,292.880,302.880,45745.000,,adjusted
2021-04-15,301.380,304.180,295.390,300.180,26050.000,,adjusted
2021-04-16,303.370,304.180,293.880,297.380,25917.000,,adjusted
2021-04-19,296.880,317.370,293.380,317.370,58473.000,,adjusted
2021-04-20,318.450,326.370,316.560,317.730,39230.000,,adjusted
2021-04-21,316.380,326.840,314.730,325.380,41873.000,,adjusted
2021-04-22,324.380,328.180,318.380,322.040,32303.000,,adjusted
2021-04-23,322.040,336.740,320.560,333.190,44762.000,,adjusted
2021-04-26,324.380,329.380,315.180,316.430,79551.000,,adjusted
2021-04-27,315.370,323.320,313.420,322.100,36785.000,,adjusted
2021-04-28,320.470,334.880,318.880,332.960,44842.000,,adjusted
2021-04-29,332.960,338.250,324.520,332.290,37134.000,,adjusted
2021-04-30,332.410,335.060,327.290,327.690,32311.000,,adjusted
2021-05-06,324.370,329.380,314.380,319.380,40344.000,,adjusted
2021-05-07,319.170,332.260,317.790,318.990,39610.000,,adjusted
2021-05-10,316.380,327.380,313.530,323.780,38437.000,,adjusted
2021-05-11,319.480,329.370,315.150,328.470,39180.000,,adjusted
2021-05-12,327.380,334.380,325.760,333.380,34404.000,,adjusted
2021-05-13,330.380,340.380,329.960,336.570,42341.000,,adjusted
2021-05-14,338.390,365.010,338.380,361.960,75463.000,,adjusted
2021-05-17,361.960,368.980,360.470,365.960,49877.000,,adjusted
2021-05-18,363.440,366.980,358.490,365.870,30706.000,,adjusted
2021-05-19,364.180,364.880,360.390,360.850,23096.000,,adjusted
2021-05-20,363.380,372.270,362.830,363.640,35875.000,,adjusted
2021-05-21,364.860,368.260,352.370,358.080,40689.000,,adjusted
2021-05-24,359.380,361.260,348.380,356.520,29554.000,,adjusted
2021-05-25,356.600,369.920,356.590,369.880,46695.000,,adjusted
2021-05-26,368.380,380.270,365.900,370.160,45312.000,,adjusted
2021-05-27,367.380,375.010,363.380,373.340,36387.000,,adjusted
2021-05-28,373.310,374.380,361.220,365.680,37278.000,,adjusted
2021-05-31,363.500,373.280,361.600,372.280,33433.000,,adjusted
2021-06-01,373.380,380.180,366.650,378.170,37636.000,,adjusted
2021-06-02,379.380,382.250,368.880,372.240,32531.000,,adjusted
2021-06-03,370.260,393.350,367.700,390.150,66360.000,,adjusted
2021-06-04,389.380,394.080,386.280,390.980,36987.000,,adjusted
2021-06-07,393.380,407.260,388.380,406.760,47997.000,,adjusted
2021-06-08,405.370,408.340,365.380,365.380,122340.000,,adjusted
2021-06-09,360.380,386.190,350.680,379.510,72155.000,,adjusted
2021-06-10,378.370,400.180,377.380,395.260,52980.000,,adjusted
2021-06-11,398.380,398.880,381.490,392.770,43632.000,,adjusted
2021-06-15,391.570,393.880,382.260,387.740,34029.000,,adjusted
2021-06-16,387.560,401.340,386.380,387.980,46621.000,,adjusted
2021-06-17,388.030,399.180,382.780,395.630,38801.000,,adjusted
2021-06-18,398.450,401.260,384.180,393.370,43402.000,,adjusted
2021-06-21,392.380,396.240,386.380,392.610,28771.000,,adjusted
2021-06-22,396.380,418.710,394.710,418.590,79475.000,,adjusted
2021-06-23,419.380,428.310,413.380,416.730,49263.000,,adjusted
2021-06-24,416.730,421.380,409.380,416.880,38543.000,,adjusted
2021-06-25,421.580,441.550,420.290,436.180,57374.000,"{'nd': '2020', 'fh_sh': '9', 'djr': '2021-06-24', 'cqr': '2021-06-25', 'FHcontent': '10派9元'}",adjusted
2021-06-28,439.280,455.030,429.280,440.730,59455.000,,adjusted
2021-06-29,446.320,448.280,434.280,438.790,39967.000,,adjusted
2021-06-30,436.280,439.260,424.280,437.580,38671.000,,adjusted
2021-07-01,439.780,452.280,439.770,445.860,49160.000,,adjusted
2021-07-02,445.080,445.080,427.200,430.280,47573.000,,adjusted
2021-07-05,427.280,447.960,422.610,445.900,50184.000,,adjusted
2021-07-06,450.260,451.280,404.420,435.280,96369.000,,adjusted
2021-07-07,422.780,439.740,420.800,435.180,51050.000,,adjusted
2021-07-08,433.330,443.780,429.780,434.250,41577.000,,adjusted
2021-07-09,428.280,432.600,414.280,421.330,47269.000,,adjusted
2021-07-12,427.390,429.060,391.230,413.030,64933.000,,adjusted
2021-07-13,411.280,424.080,407.950,410.950,39977.000,,adjusted
2021-07-14,409.280,419.120,401.280,413.280,42490.000,,adjusted
2021-07-15,413.260,432.630,409.290,431.280,53093.000,,adjusted
2021-07-16,430.280,434.280,421.650,423.640,34872.000,,adjusted
2021-07-19,422.530,459.280,422.390,458.140,76867.000,,adjusted
2021-07-20,456.210,458.610,449.340,456.300,36975.000,,adjusted
2021-07-21,457.080,481.160,457.080,479.040,51670.000,,adjusted
2021-07-22,464.310,464.310,430.060,430.060,138468.000,,adjusted
2021-07-23,419.320,421.280,395.280,405.880,126203.000,,adjusted
2021-07-26,397.280,397.280,364.220,380.650,135801.000,,adjusted
2021-07-27,365.280,376.730,350.160,350.260,106992.000,,adjusted
2021-07-28,341.780,368.080,338.780,367.300,98155.000,,adjusted
2021-07-29,373.280,384.270,367.280,371.070,79224.000,,adjusted
2021-07-30,366.780,366.780,346.910,355.280,67349.000,,adjusted
2021-08-02,346.780,368.170,325.580,362.080,94314.000,,adjusted
2021-08-03,356.280,374.180,353.490,367.350,61083.000,,adjusted
2021-08-04,363.290,372.270,359.280,363.780,42758.000,,adjusted
2021-08-05,359.300,381.050,357.290,370.260,57938.000,,adjusted
2021-08-06,365.290,374.270,361.490,365.290,36011.000,,adjusted
2021-08-09,361.480,373.940,361.480,368.570,35419.000,,adjusted
2021-08-10,368.570,381.440,363.280,380.290,55963.000,,adjusted
2021-08-11,380.180,388.160,376.380,383.960,46350.000,,adjusted
2021-08-12,383.600,389.120,377.280,378.290,33552.000,,adjusted
2021-08-13,380.280,383.410,373.280,376.340,25923.000,,adjusted
2021-08-16,372.280,383.860,364.880,377.350,32564.000,,adjusted
2021-08-17,376.280,380.970,357.280,360.180,49313.000,,adjusted
2021-08-18,354.280,368.160,353.290,364.710,33959.000,,adjusted
2021-08-19,364.700,372.040,360.450,367.620,36096.000,,adjusted
2021-08-20,359.280,362.110,331.500,335.980,82079.000,,adjusted
2021-08-23,335.980,361.280,332.290,357.830,66644.000,,adjusted
2021-08-24,363.280,366.280,355.280,359.980,37994.000,,adjusted
2021-08-25,362.480,368.280,359.280,363.450,32859.000,,adjusted
2021-08-26,361.270,361.830,348.280,350.940,35753.000,,adjusted
2021-08-27,350.930,360.190,349.600,350.980,29917.000,,adjusted
2021-08-30,347.280,351.160,336.780,343.690,39852.000,,adjusted
2021-08-31,345.080,346.230,333.280,336.330,39937.000,,adjusted
2021-09-01,337.150,345.470,326.640,336.420,41585.000,,adjusted
2021-09-02,336.280,338.930,317.290,320.850,54707.000,,adjusted
2021-09-03,317.280,325.280,307.840,318.030,42844.000,,adjusted
2021-09-06,315.630,342.280,315.630,337.270,56713.000,,adjusted
2021-09-07,338.280,341.280,329.940,332.940,39392.000,,adjusted
2021-09-08,335.320,337.780,327.960,330.500,26736.000,,adjusted
2021-09-09,329.760,334.280,325.530,329.780,21055.000,,adjusted
2021-09-10,329.780,332.940,325.280,330.710,26069.000,,adjusted
2021-09-13,329.910,339.270,329.280,331.800,33938.000,,adjusted
2021-09-14,331.820,337.280,327.340,329.040,28449.000,,adjusted
2021-09-15,329.030,330.980,319.470,324.290,33816.000,,adjusted
2021-09-16,324.290,326.810,317.480,321.200,28106.000,,adjusted
2021-09-17,322.280,339.280,321.280,335.270,50561.000,,adjusted
2021-09-22,331.280,335.280,321.180,324.080,38911.000,,adjusted
2021-09-23,324.270,329.060,317.880,321.250,30495.000,,adjusted
2021-09-24,322.660,337.140,320.590,328.930,42088.000,,adjusted
2021-09-27,332.020,359.480,331.580,350.030,73919.000,,adjusted
2021-09-28,349.280,354.910,339.700,342.830,50889.000,,adjusted
2021-09-29,339.210,349.170,331.880,344.830,48472.000,,adjusted
2021-09-30,349.280,372.280,347.830,367.480,94484.000,,adjusted
2021-10-08,374.940,389.180,372.280,385.230,75470.000,,adjusted
2021-10-11,387.280,394.830,382.360,384.190,43553.000,,adjusted
2021-10-12,380.080,388.580,375.280,380.270,32326.000,,adjusted
2021-10-13,379.760,417.280,379.760,411.210,77889.000,,adjusted
2021-10-14,410.400,421.160,400.160,409.080,42505.000,,adjusted
2021-10-15,405.390,414.160,400.080,411.880,40848.000,,adjusted
2021-10-18,429.270,429.280,403.280,413.280,69225.000,,adjusted
2021-10-19,412.280,435.080,412.280,428.210,65218.000,,adjusted
2021-10-20,433.280,433.720,423.880,427.230,38750.000,,adjusted
2021-10-21,424.280,431.220,421.280,423.180,30619.000,,adjusted
2021-10-22,420.430,428.930,420.280,424.270,30140.000,,adjusted
2021-10-25,423.390,428.080,421.290,423.280,27859.000,,adjusted
2021-10-26,422.280,427.240,413.220,413.280,40063.000,,adjusted
2021-10-27,410.290,414.830,396.280,404.280,48721.000,,adjusted
2021-10-28,405.320,408.180,397.280,398.580,34434.000,,adjusted
2021-10-29,399.280,408.280,397.930,402.200,37126.000,,adjusted
2021-11-01,398.280,407.360,384.280,404.280,49560.000,,adjusted
2021-11-02,403.860,421.760,399.290,410.070,52652.000,,adjusted
2021-11-03,412.120,412.980,395.280,396.280,34173.000,,adjusted
2021-11-04,396.680,405.290,396.580,399.610,32644.000,,adjusted
2021-11-05,401.200,412.280,400.280,408.780,37496.000,,adjusted
2021-11-08,409.280,418.080,403.380,413.580,32724.000,,adjusted
2021-11-09,411.290,415.440,410.450,412.280,22443.000,,adjusted
2021-11-10,413.000,416.230,408.160,412.060,23847.000,,adjusted
2021-11-11,410.280,412.880,400.300,407.340,32649.000,,adjusted
2021-11-12,406.270,419.260,405.280,417.830,29476.000,,adjusted
2021-11-15,418.780,434.280,418.280,426.540,35635.000,,adjusted
2021-11-16,427.780,458.160,426.610,445.780,61484.000,,adjusted
2021-11-17,445.780,450.770,435.490,438.790,35073.000,,adjusted
2021-11-18,440.280,444.860,434.280,442.080,23868.000,,adjusted
2021-11-19,439.230,443.290,434.790,436.860,19627.000,,adjusted
2021-11-22,435.280,438.780,429.480,432.280,24306.000,,adjusted
2021-11-23,432.770,437.160,424.340,432.970,25424.000,,adjusted
2021-11-24,432.620,436.270,427.280,430.830,18152.000,,adjusted
2021-11-25,431.830,437.180,427.980,430.260,22139.000,,adjusted
2021-11-26,430.850,432.780,424.780,427.960,18029.000,,adjusted
2021-11-29,424.760,434.280,424.280,427.570,21209.000,,adjusted
2021-11-30,429.290,439.170,424.280,436.280,32909.000,,adjusted
2021-12-01,439.150,439.180,419.280,422.290,37358.000,,adjusted
2021-12-02,420.960,437.180,420.480,433.240,37476.000,,adjusted
2021-12-03,433.240,455.280,432.280,452.350,46183.000,,adjusted
2021-12-06,455.280,455.760,440.340,440.770,27660.000,,adjusted
2021-12-07,444.280,452.280,439.430,445.430,26435.000,,adjusted
2021-12-08,449.180,450.080,438.310,448.850,30272.000,,adjusted
2021-12-09,448.850,458.830,444.280,455.260,47216.000,,adjusted
2021-12-10,452.940,458.280,439.580,444.280,56854.000,,adjusted
2021-12-13,444.260,459.280,443.290,451.180,37646.000,,adjusted
2021-12-14,449.280,461.280,449.280,460.280,29435.000,,adjusted
2021-12-15,461.250,461.280,451.980,452.280,25494.000,,adjusted
2021-12-16,452.280,456.080,445.280,446.980,30377.000,,adjusted
2021-12-17,446.780,449.120,440.780,445.780,33809.000,,adjusted
2021-12-20,441.780,455.840,440.350,447.360,28756.000,,adjusted
2021-12-21,447.380,458.130,447.380,455.410,27351.000,,adjusted
2021-12-22,456.280,474.280,454.290,468.390,39422.000,,adjusted
2021-12-23,469.280,469.830,458.160,465.130,25658.000,,adjusted
2021-12-24,466.790,475.430,464.310,469.080,27697.000,,adjusted
2021-12-27,467.280,474.070,460.880,461.580,24681.000,,adjusted
2021-12-28,463.280,466.940,459.290,465.430,28728.000,,adjusted
2021-12-29,467.230,467.230,417.820,417.820,85908.000,,adjusted
2021-12-30,405.280,414.940,389.300,412.310,79681.000,,adjusted
2021-12-31,407.280,432.450,405.280,426.430,46457.000,,adjusted
2022-01-04,429.280,433.160,418.780,421.580,40148.000,,adjusted
2022-01-05,418.360,419.270,398.280,404.270,50487.000,,adjusted
2022-01-06,399.380,406.270,387.660,391.280,54673.000,,adjusted
2022-01-07,391.280,393.920,381.280,383.590,38077.000,,adjusted
2022-01-10,379.280,390.190,370.280,384.260,32691.000,,adjusted
2022-01-11,384.460,390.280,377.280,383.100,26370.000,,adjusted
2022-01-12,383.280,388.170,381.560,384.080,26369.000,,adjusted
2022-01-13,384.080,386.590,377.390,379.280,22287.000,,adjusted
2022-01-14,376.470,380.280,374.280,375.380,23056.000,,adjusted
2022-01-17,373.380,382.980,372.160,382.100,21966.000,,adjusted
2022-01-18,382.190,393.580,377.390,389.180,28426.000,,adjusted
2022-01-19,388.560,391.780,374.280,380.280,31120.000,,adjusted
2022-01-20,370.280,383.780,367.380,376.270,27677.000,,adjusted
2022-01-21,375.260,375.260,359.110,368.500,35564.000,,adjusted
2022-01-24,363.280,372.070,361.280,365.480,22051.000,,adjusted
2022-01-25,365.430,369.280,358.480,358.480,21971.000,,adjusted
2022-01-26,358.530,362.280,351.280,359.810,21751.000,,adjusted
2022-01-27,358.100,361.330,351.480,351.990,21242.000,,adjusted
2022-01-28,353.370,362.910,342.880,346.520,29730.000,,adjusted
2022-02-07,349.110,360.510,343.000,344.160,28919.000,,adjusted
2022-02-08,345.510,346.280,324.080,335.390,47047.000,,adjusted
2022-02-09,334.710,340.380,327.730,339.240,34871.000,,adjusted
2022-02-10,344.130,345.280,335.280,339.980,21815.000,,adjusted
2022-02-11,338.280,338.780,329.210,329.310,25365.000,,adjusted
2022-02-14,324.280,335.940,324.280,331.780,21872.000,,adjusted
2022-02-15,332.240,342.280,332.240,341.770,30130.000,,adjusted
2022-02-16,346.280,347.760,339.280,342.830,23446.000,,adjusted
2022-02-17,342.830,353.580,341.290,345.630,26107.000,,adjusted
2022-02-18,344.430,348.440,342.690,347.580,15467.000,,adjusted
2022-02-21,348.070,352.780,340.890,344.280,18157.000,,adjusted
2022-02-22,344.250,344.280,334.090,341.220,18371.000,,adjusted
2022-02-23,342.780,349.270,342.590,348.280,19461.000,,adjusted
2022-02-24,348.280,352.270,334.670,340.020,32815.000,,adjusted
2022-02-25,340.780,351.230,340.610,346.250,27458.000,,adjusted
2022-02-28,347.280,351.080,344.370,350.590,23209.000,,adjusted
2022-03-01,351.310,354.280,348.150,353.080,22452.000,,adjusted
2022-03-02,350.680,351.290,346.290,347.900,18475.000,,adjusted
2022-03-03,349.780,350.580,324.280,327.600,63238.000,,adjusted
2022-03-04,316.270,317.280,303.280,305.440,72564.000,,adjusted
2022-03-07,299.260,304.280,290.390,294.380,44370.000,,adjusted
2022-03-08,300.440,303.100,290.280,294.980,38580.000,,adjusted
2022-03-09,296.280,301.410,286.240,300.070,45201.000,,adjusted
2022-03-10,309.280,311.250,297.380,301.180,40186.000,,adjusted
2022-03-11,293.580,309.160,292.290,307.800,34179.000,,adjusted
2022-03-14,307.280,307.770,295.360,295.860,30236.000,,adjusted
2022-03-15,291.280,299.940,285.280,287.460,38139.000,,adjusted
2022-03-16,293.870,296.250,279.280,295.560,51221.000,,adjusted
2022-03-17,298.290,309.940,298.280,305.080,44135.000,,adjusted
2022-03-18,302.030,305.280,299.070,302.260,29084.000,,adjusted
2022-03-21,305.280,305.940,298.380,302.690,24589.000,,adjusted
2022-03-22,302.400,302.780,296.290,297.380,18700.000,,adjusted
2022-03-23,300.280,311.830,298.780,308.700,37261.000,,adjusted
2022-03-24,306.700,308.160,301.160,306.820,26445.000,,adjusted
2022-03-25,305.280,311.800,299.300,299.830,25128.000,,adjusted
2022-03-28,293.620,299.610,291.620,298.240,21384.000,,adjusted
2022-03-29,300.280,301.720,297.380,298.180,15584.000,,adjusted
2022-03-30,304.280,309.270,298.830,309.190,29944.000,,adjusted
2022-03-31,309.110,314.780,306.080,306.510,25436.000,,adjusted
2022-04-01,304.480,311.080,302.380,305.850,22338.000,,adjusted
2022-04-06,305.790,308.100,297.280,298.460,29053.000,,adjusted
2022-04-07,297.620,302.290,295.480,298.160,16168.000,,adjusted
2022-04-08,298.280,299.670,295.460,296.280,14522.000,,adjusted
2022-04-11,296.280,296.300,284.580,285.280,28088.000,,adjusted
2022-04-12,285.270,298.160,283.660,297.160,28245.000,,adjusted
2022-04-13,295.280,303.030,293.780,297.780,23808.000,,adjusted
2022-04-14,299.340,305.880,299.340,302.290,22535.000,,adjusted
2022-04-15,300.480,305.670,299.310,302.990,16904.000,,adjusted
2022-04-18,302.990,307.280,300.280,302.630,18517.000,,adjusted
2022-04-19,304.270,306.780,295.280,295.900,26068.000,,adjusted
2022-04-20,295.980,297.830,289.900,293.580,19696.000,,adjusted
2022-04-21,291.150,295.600,285.460,286.320,26413.000,,adjusted
2022-04-22,284.280,288.310,282.470,285.450,18838.000,,adjusted
2022-04-25,281.290,287.280,277.280,277.460,31697.000,,adjusted
2022-04-26,277.440,284.930,271.690,281.700,30911.000,,adjusted
2022-04-27,279.280,291.280,278.300,291.170,28643.000,,adjusted
2022-04-28,289.280,297.160,287.610,294.780,23858.000,,adjusted
2022-04-29,294.680,297.940,290.480,295.430,23708.000,,adjusted
2022-05-05,296.270,302.680,295.300,298.130,22790.000,,adjusted
2022-05-06,292.280,294.880,287.250,287.460,21182.000,,adjusted
2022-05-09,286.280,288.110,283.280,287.270,11836.000,,adjusted
2022-05-10,283.310,289.910,282.580,286.700,16508.000,,adjusted
2022-05-11,286.660,294.830,286.660,291.130,24253.000,,adjusted
2022-05-12,289.440,292.030,287.280,289.910,15868.000,,adjusted
2022-05-13,292.780,301.780,292.580,294.430,30819.000,,adjusted
2022-05-16,298.300,299.480,287.290,288.630,22967.000,,adjusted
2022-05-17,289.800,290.480,287.030,289.860,15001.000,,adjusted
2022-05-18,289.280,290.280,285.280,286.080,15184.000,,adjusted
2022-05-19,283.830,285.230,279.280,282.020,20770.000,,adjusted
2022-05-20,283.280,295.910,282.290,295.080,40189.000,,adjusted
2022-05-23,297.780,298.080,290.940,292.290,17953.000,,adjusted
2022-05-24,291.280,292.290,284.610,285.550,19504.000,,adjusted
2022-05-25,284.280,287.230,282.890,284.130,17666.000,,adjusted
2022-05-26,286.280,287.280,280.530,284.560,15211.000,,adjusted
2022-05-27,286.780,289.070,284.330,284.660,15972.000,,adjusted
2022-05-30,285.660,290.280,284.280,288.380,17761.000,,adjusted
2022-05-31,288.260,299.280,286.390,298.980,44108.000,,adjusted
2022-06-01,300.280,300.280,292.260,293.330,22880.000,,adjusted
2022-06-02,291.610,293.160,289.370,290.300,16363.000,,adjusted
2022-06-06,289.280,296.020,285.420,294.380,29144.000,,adjusted
2022-06-07,294.370,307.390,292.620,305.370,47608.000,,adjusted
2022-06-08,305.810,312.280,302.580,308.280,38928.000,,adjusted
2022-06-09,308.280,311.940,301.580,302.030,27265.000,,adjusted
2022-06-10,300.600,308.510,300.290,306.630,25993.000,,adjusted
2022-06-13,304.180,304.300,298.800,300.860,28544.000,,adjusted
2022-06-14,297.380,306.230,297.280,306.070,25462.000,,adjusted
2022-06-15,306.270,317.280,306.270,313.610,44955.000,,adjusted
2022-06-16,314.980,323.930,314.280,315.250,35283.000,,adjusted
2022-06-17,315.030,329.630,313.260,327.600,41275.000,,adjusted
2022-06-20,330.280,334.280,326.280,329.380,34632.000,,adjusted
2022-06-21,329.380,332.880,323.280,326.280,26213.000,,adjusted
2022-06-22,328.280,329.230,321.860,321.880,21810.000,,adjusted
2022-06-23,321.260,327.280,319.490,326.080,21262.000,,adjusted
2022-06-24,328.280,332.860,325.480,331.570,30895.000,,adjusted
2022-06-27,332.030,346.260,331.980,342.280,32988.000,,adjusted
2022-06-28,342.080,344.130,336.280,342.260,23722.000,,adjusted
2022-06-29,339.280,341.630,335.560,338.280,20725.000,,adjusted
2022-06-30,337.290,349.100,337.270,346.010,28255.000,,adjusted
2022-07-01,346.010,348.160,338.280,340.060,19078.000,,adjusted
2022-07-04,342.290,347.260,336.280,342.720,20714.000,,adjusted
2022-07-05,342.710,345.470,335.730,340.940,25178.000,,adjusted
2022-07-06,341.050,342.280,331.980,334.290,22868.000,,adjusted
2022-07-07,333.280,337.160,329.190,334.270,18603.000,,adjusted
2022-07-08,337.280,337.970,327.770,327.770,24176.000,,adjusted
2022-07-11,327.280,327.280,319.280,324.090,23390.000,,adjusted
2022-07-12,324.130,326.280,317.170,317.170,18484.000,,adjusted
2022-07-13,316.940,319.680,314.290,315.480,15173.000,,adjusted
2022-07-14,315.790,318.880,312.300,313.350,22069.000,,adjusted
2022-07-15,313.490,320.390,309.490,309.640,25372.000,"{'nd': '2021', 'fh_sh': '12.1', 'djr': '2022-07-14', 'cqr': '2022-07-15', 'FHcontent': '10派12.1元'}",adjusted
2022-07-18,310.290,311.490,298.980,309.190,31283.000,,adjusted
2022-07-19,302.500,306.170,293.500,300.010,50947.000,,adjusted
2022-07-20,299.490,301.670,295.370,299.440,31591.000,,adjusted
2022-07-21,296.730,302.250,296.490,299.820,20879.000,,adjusted
2022-07-22,299.850,305.480,298.500,300.990,25188.000,,adjusted
2022-07-25,301.240,302.120,297.490,300.090,13399.000,,adjusted
2022-07-26,300.930,304.280,299.490,300.670,14284.000,,adjusted
2022-07-27,298.590,300.290,295.590,296.500,16261.000,,adjusted
2022-07-28,296.450,299.060,293.990,294.790,18972.000,,adjusted
2022-07-29,293.990,296.990,285.490,286.210,35920.000,,adjusted
2022-08-01,285.440,285.480,280.500,284.040,23274.000,,adjusted
2022-08-02,282.140,282.870,276.500,279.330,28698.000,,adjusted
2022-08-03,279.390,286.480,279.390,282.720,26401.000,,adjusted
2022-08-04,285.970,288.290,282.740,287.580,20335.000,,adjusted
2022-08-05,290.090,290.370,285.690,289.160,17054.000,,adjusted
2022-08-08,289.160,293.990,286.380,289.920,20852.000,,adjusted
2022-08-09,288.490,289.370,285.890,286.890,13968.000,,adjusted
2022-08-10,286.090,286.870,281.270,283.530,18969.000,,adjusted
2022-08-11,284.020,289.550,284.020,289.470,20792.000,,adjusted
2022-08-12,289.490,291.710,287.610,290.500,13357.000,,adjusted
2022-08-15,291.480,292.490,287.490,288.590,14798.000,,adjusted
2022-08-16,288.590,290.840,286.630,286.890,13137.000,,adjusted
2022-08-17,286.490,289.990,284.300,289.510,16029.000,,adjusted
2022-08-18,287.490,288.680,284.570,285.290,14568.000,,adjusted
2022-08-19,284.540,286.900,283.490,283.890,11444.000,,adjusted
2022-08-22,281.940,285.410,281.490,282.950,14826.000,,adjusted
2022-08-23,283.000,284.370,279.490,281.590,14787.000,,adjusted
2022-08-24,280.490,283.980,279.700,280.090,14858.000,,adjusted
2022-08-25,280.520,281.890,277.380,280.790,14280.000,,adjusted
2022-08-26,282.470,286.090,281.510,284.490,18398.000,,adjusted
2022-08-29,281.650,285.480,279.790,281.580,13299.000,,adjusted
2022-08-30,280.690,283.420,277.990,278.850,13219.000,,adjusted
2022-08-31,277.650,294.390,277.550,291.480,44668.000,,adjusted
2022-09-01,290.490,293.490,287.760,288.790,18703.000,,adjusted
2022-09-02,289.230,293.470,285.490,286.600,18837.000,,adjusted
2022-09-05,284.670,287.010,277.490,284.490,26693.000,,adjusted
2022-09-06,283.530,287.690,282.880,284.510,12857.000,,adjusted
2022-09-07,283.290,284.390,279.490,281.970,14375.000,,adjusted
2022-09-08,283.100,289.380,282.160,284.240,20041.000,,adjusted
2022-09-09,285.490,289.290,283.500,288.600,18921.000,,adjusted
2022-09-13,289.450,294.490,287.740,292.490,20387.000,,adjusted
2022-09-14,290.350,292.080,288.500,290.780,14232.000,,adjusted
2022-09-15,289.990,293.150,288.580,289.050,15237.000,,adjusted
2022-09-16,287.140,290.140,283.690,283.690,26926.000,,adjusted
2022-09-19,282.490,285.440,278.490,279.990,19028.000,,adjusted
2022-09-20,280.830,282.790,279.070,279.840,13838.000,,adjusted
2022-09-21,279.290,280.470,270.490,271.570,29235.000,,adjusted
2022-09-22,269.870,269.870,250.180,251.340,59757.000,,adjusted
2022-09-23,247.490,249.390,240.710,243.180,44403.000,,adjusted
2022-09-26,239.490,243.170,236.500,237.280,42122.000,,adjusted
2022-09-27,238.090,254.740,237.490,254.560,55824.000,,adjusted
2022-09-28,253.690,258.190,250.300,251.990,32564.000,,adjusted
2022-09-29,255.360,263.390,253.500,256.590,33107.000,,adjusted
2022-09-30,256.190,260.990,254.510,257.290,21045.000,,adjusted
2022-10-10,255.590,256.390,243.750,244.470,31809.000,,adjusted
2022-10-11,245.530,247.350,241.600,243.310,18257.000,,adjusted
2022-10-12,243.310,245.490,236.500,244.590,26826.000,,adjusted
2022-10-13,243.550,250.470,241.950,247.290,22269.000,,adjusted
2022-10-14,247.520,263.390,247.500,260.940,42935.000,,adjusted
2022-10-17,260.930,265.350,257.490,259.060,20840.000,,adjusted
2022-10-18,259.490,265.500,255.490,262.840,25437.000,,adjusted
2022-10-19,260.490,262.290,250.740,252.590,27593.000,,adjusted
2022-10-20,248.700,257.000,248.690,251.770,21938.000,,adjusted
2022-10-21,251.770,253.440,247.090,247.850,24290.000,,adjusted
2022-10-24,238.990,241.500,222.110,222.110,79436.000,,adjusted
2022-10-25,220.490,223.470,214.790,218.490,41141.000,,adjusted
2022-10-26,219.760,232.320,219.760,225.650,42226.000,,adjusted
2022-10-27,226.490,228.290,220.410,222.490,28422.000,,adjusted
2022-10-28,217.500,226.590,217.390,218.720,26116.000,,adjusted
2022-10-31,216.670,222.450,212.990,218.490,28189.000,,adjusted
2022-11-01,219.210,234.490,219.210,233.120,47713.000,,adjusted
2022-11-02,232.490,243.820,230.260,240.090,39797.000,,adjusted
2022-11-03,237.500,239.250,235.490,238.200,18616.000,,adjusted
2022-11-04,238.200,247.490,237.960,245.340,28305.000,,adjusted
2022-11-07,244.890,248.490,241.990,247.980,21855.000,,adjusted
2022-11-08,247.980,249.960,246.380,248.450,17018.000,,adjusted
2022-11-09,248.040,252.380,246.510,246.940,16521.000,,adjusted
2022-11-10,245.210,248.590,242.890,247.300,17801.000,,adjusted
2022-11-11,254.440,259.090,248.770,248.770,27473.000,,adjusted
2022-11-14,251.490,255.830,248.870,253.010,21719.000,,adjusted
2022-11-15,253.010,256.370,250.690,255.140,21059.000,,adjusted
2022-11-16,254.500,260.090,253.080,255.260,19807.000,,adjusted
2022-11-17,254.070,257.820,248.590,253.660,22330.000,,adjusted
2022-11-18,253.590,257.990,252.690,253.480,17573.000,,adjusted
2022-11-21,251.490,253.370,248.200,251.270,13145.000,,adjusted
2022-11-22,249.990,252.120,245.850,246.850,20361.000,,adjusted
2022-11-23,246.490,247.990,243.960,244.980,15029.000,,adjusted
2022-11-24,245.470,248.360,241.760,243.680,12425.000,,adjusted
2022-11-25,243.690,244.900,240.290,243.750,12610.000,,adjusted
2022-11-28,239.500,240.460,233.540,239.420,21443.000,,adjusted
2022-11-29,238.490,248.490,238.490,245.220,20798.000,,adjusted
2022-11-30,245.240,247.840,243.590,245.440,15247.000,,adjusted
2022-12-01,249.000,254.170,248.090,249.480,24726.000,,adjusted
2022-12-02,247.950,255.480,247.950,250.210,20206.000,,adjusted
2022-12-05,251.990,257.770,250.990,255.090,23251.000,,adjusted
2022-12-06,255.100,265.650,253.010,263.800,41375.000,,adjusted
2022-12-07,263.490,263.590,257.490,260.760,27764.000,,adjusted
2022-12-08,260.220,261.770,257.790,259.330,19386.000,,adjusted
2022-12-09,259.390,265.080,256.240,263.490,25379.000,,adjusted
2022-12-12,265.500,278.370,265.490,275.810,43946.000,,adjusted
2022-12-13,272.490,274.280,269.220,271.860,19180.000,,adjusted
2022-12-14,271.870,276.900,269.350,275.990,24850.000,,adjusted
2022-12-15,276.490,285.490,274.490,282.290,33414.000,,adjusted
2022-12-16,280.490,288.040,279.800,282.920,27820.000,,adjusted
2022-12-19,286.260,287.500,274.990,276.100,35421.000,,adjusted
2022-12-20,274.630,278.170,267.490,270.280,22605.000,,adjusted
2022-12-21,270.890,282.980,270.890,279.480,24173.000,,adjusted
2022-12-22,280.900,283.480,276.340,278.400,19105.000,,adjusted
2022-12-23,276.140,281.490,276.100,280.040,17842.000,,adjusted
2022-12-26,280.040,283.310,277.570,279.840,16169.000,,adjusted
2022-12-27,281.290,282.250,274.490,278.610,17121.000,,adjusted
2022-12-28,279.290,282.490,277.500,279.570,15256.000,,adjusted
2022-12-29,277.590,281.080,274.990,280.110,17259.000,,adjusted
2022-12-30,281.490,282.150,278.650,278.950,12656.000,,adjusted
