trade_date,open,high,low,close,adj_close,volume,amount,price_type
2019-01-02,8.05,8.14,7.83,8.02,8.02,379729.0,,adjusted
2019-01-03,7.98,8.31,7.92,8.21,8.21,550014.0,,adjusted
2019-01-04,8.11,8.59,8.06,8.54,8.54,567342.0,,adjusted
2019-01-07,8.71,8.78,8.37,8.47,8.47,533576.0,,adjusted
2019-01-08,8.49,8.5,8.03,8.3,8.3,432135.0,,adjusted
2019-01-09,8.35,8.65,8.23,8.45,8.45,640844.0,,adjusted
2019-01-10,8.38,8.41,8.25,8.31,8.31,388899.0,,adjusted
2019-01-11,8.36,8.43,8.21,8.3,8.3,459694.0,,adjusted
2019-01-14,8.21,8.25,7.96,8.08,8.08,485894.0,,adjusted
2019-01-15,8.09,8.09,7.54,7.99,7.99,1101272.0,,adjusted
2019-01-16,7.95,8.21,7.81,8.17,8.17,592800.0,,adjusted
2019-01-17,8.19,8.26,8.03,8.08,8.08,446021.0,,adjusted
2019-01-18,8.15,8.41,8.06,8.38,8.38,599464.0,,adjusted
2019-01-21,8.37,8.54,8.16,8.35,8.35,578158.0,,adjusted
2019-01-22,8.31,8.59,8.26,8.36,8.36,596990.0,,adjusted
2019-01-23,8.34,8.4,8.18,8.22,8.22,354312.0,,adjusted
2019-01-24,8.25,8.31,8.04,8.25,8.25,347617.0,,adjusted
2019-01-25,8.35,8.82,8.24,8.61,8.61,869353.0,,adjusted
2019-01-28,8.67,8.85,8.46,8.55,8.55,455277.0,,adjusted
2019-01-29,8.55,8.95,8.45,8.9,8.9,732931.0,,adjusted
2019-01-30,8.81,9.39,8.79,9.01,9.01,897206.0,,adjusted
2019-01-31,9.14,9.25,8.95,9.19,9.19,632213.0,,adjusted
2019-02-01,9.27,9.31,8.87,9.18,9.18,687435.0,,adjusted
2019-02-11,9.01,9.25,8.78,9.17,9.17,645343.0,,adjusted
2019-02-12,9.1,9.18,8.9,9.18,9.18,580779.0,,adjusted
2019-02-13,9.15,9.59,9.08,9.59,9.59,840461.0,,adjusted
2019-02-14,9.46,9.74,9.43,9.69,9.69,717020.0,,adjusted
2019-02-15,9.59,9.59,8.95,8.98,8.98,1105551.0,,adjusted
2019-02-18,9.14,9.28,9.01,9.26,9.26,991748.0,,adjusted
2019-02-19,9.33,9.41,9.01,9.1,9.1,1184059.0,,adjusted
2019-02-20,9.14,9.59,9.03,9.45,9.45,1409715.0,,adjusted
2019-02-21,9.38,9.39,9.09,9.17,9.17,920373.0,,adjusted
2019-02-22,9.12,9.24,8.92,9.2,9.2,864890.0,,adjusted
2019-02-25,9.28,10.0,9.21,9.93,9.93,2168062.0,,adjusted
2019-02-26,9.81,9.99,9.49,9.54,9.54,1969378.0,,adjusted
2019-02-27,9.57,9.94,9.42,9.61,9.61,1479286.0,,adjusted
2019-02-28,9.56,9.85,9.4,9.52,9.52,1220319.0,,adjusted
2019-03-01,9.62,9.67,9.31,9.66,9.66,1224367.0,,adjusted
2019-03-04,9.71,10.64,9.7,10.21,10.21,2891193.0,,adjusted
2019-03-05,10.21,10.73,10.11,10.47,10.47,1802566.0,,adjusted
2019-03-06,10.49,10.58,10.03,10.3,10.3,1238906.0,,adjusted
2019-03-07,10.26,10.26,9.63,9.84,9.84,1662140.0,,adjusted
2019-03-08,9.53,9.84,9.29,9.35,9.35,1545610.0,,adjusted
2019-03-11,9.15,9.43,8.9,9.34,9.34,1576937.0,,adjusted
2019-03-12,9.51,9.56,9.21,9.34,9.34,1272280.0,,adjusted
2019-03-13,9.31,9.8,9.06,9.56,9.56,1745308.0,,adjusted
2019-03-14,9.47,9.93,9.44,9.56,9.56,1229837.0,,adjusted
2019-03-15,9.57,10.09,9.46,10.09,10.09,1839419.0,,adjusted
2019-03-18,10.17,10.88,9.98,10.71,10.71,2123305.0,,adjusted
2019-03-19,10.71,11.07,10.41,10.55,10.55,1363653.0,,adjusted
2019-03-20,10.55,10.79,10.29,10.68,10.68,1285747.0,,adjusted
2019-03-21,10.67,10.91,10.34,10.45,10.45,1232855.0,,adjusted
2019-03-22,10.39,10.44,10.07,10.25,10.25,893041.0,,adjusted
2019-03-25,10.02,10.06,9.75,9.77,9.77,1064699.0,,adjusted
2019-03-26,9.81,10.01,9.59,9.64,9.64,1007494.0,,adjusted
2019-03-27,9.81,10.01,9.67,10.0,10.0,1045423.0,,adjusted
2019-03-28,9.9,10.05,9.69,9.69,9.69,995389.0,,adjusted
2019-03-29,9.77,10.56,9.67,10.55,10.55,1858685.0,,adjusted
2019-04-01,10.76,11.39,10.64,10.98,10.98,2115331.0,,adjusted
2019-04-02,10.99,10.99,10.67,10.75,10.75,1297843.0,,adjusted
2019-04-03,10.69,10.97,10.58,10.92,10.92,1064172.0,,adjusted
2019-04-04,10.94,11.18,10.7,10.86,10.86,1223665.0,,adjusted
2019-04-08,10.91,11.19,10.6,10.77,10.77,1204750.0,,adjusted
2019-04-09,11.06,11.25,10.77,11.23,11.23,1678967.0,,adjusted
2019-04-10,11.07,11.12,10.74,10.96,10.96,1128013.0,,adjusted
2019-04-11,10.91,11.13,10.45,10.51,10.51,1055213.0,,adjusted
2019-04-12,10.54,10.58,10.11,10.21,10.21,1218597.0,,adjusted
2019-04-15,10.52,10.67,10.14,10.15,10.15,1313612.0,,adjusted
2019-04-16,10.18,10.84,9.91,10.79,10.79,1445195.0,,adjusted
2019-04-17,10.71,10.78,10.41,10.5,10.5,925469.0,,adjusted
2019-04-18,10.48,10.5,10.16,10.31,10.31,1028734.0,,adjusted
2019-04-19,10.31,10.54,10.22,10.51,10.51,721934.0,,adjusted
2019-04-22,10.28,10.28,9.69,9.71,9.71,1912375.0,,adjusted
2019-04-23,9.74,9.86,9.67,9.71,9.71,1004087.0,,adjusted
2019-04-24,9.76,9.82,9.51,9.67,9.67,903312.0,,adjusted
2019-04-25,9.68,9.81,9.6,9.61,9.61,827301.0,,adjusted
2019-04-26,9.59,9.73,9.47,9.55,9.55,692306.0,,adjusted
2019-04-29,9.64,9.91,9.61,9.77,9.77,1016601.0,,adjusted
2019-04-30,9.69,9.82,9.52,9.8,9.8,643243.0,,adjusted
2019-05-06,9.39,9.59,8.99,9.14,9.14,1058708.0,,adjusted
2019-05-07,9.29,9.38,9.14,9.25,9.25,683261.0,,adjusted
2019-05-08,9.11,9.29,9.06,9.15,9.15,479784.0,,adjusted
2019-05-09,9.11,9.21,8.74,8.82,8.82,734587.0,,adjusted
2019-05-10,8.94,9.32,8.83,9.28,9.28,815905.0,,adjusted
2019-05-13,9.0,9.21,8.91,9.12,9.12,463484.0,,adjusted
2019-05-14,9.01,9.36,8.94,9.15,9.15,610991.0,,adjusted
2019-05-15,9.24,9.43,9.21,9.26,9.26,671912.0,,adjusted
2019-05-16,9.23,9.32,9.17,9.29,9.29,580134.0,,adjusted
2019-05-17,9.29,9.31,8.89,8.93,8.93,501025.0,,adjusted
2019-05-20,9.0,9.09,8.76,8.88,8.88,483748.0,,adjusted
2019-05-21,8.9,9.1,8.87,9.01,9.01,420079.0,,adjusted
2019-05-22,9.01,9.19,8.98,9.05,9.05,490882.0,,adjusted
2019-05-23,9.0,9.03,8.71,8.88,8.88,460321.0,,adjusted
2019-05-24,8.95,9.07,8.85,8.88,8.88,356417.0,,adjusted
2019-05-27,8.87,9.0,8.63,8.99,8.99,620904.0,,adjusted
2019-05-28,9.06,9.19,8.92,9.19,9.19,664819.0,,adjusted
2019-05-29,9.05,9.16,9.02,9.04,9.04,329527.0,,adjusted
2019-05-30,9.08,9.08,8.85,8.98,8.98,343177.0,,adjusted
2019-05-31,8.96,9.1,8.91,8.97,8.97,331340.0,,adjusted
2019-06-03,9.03,9.15,8.91,8.99,8.99,385663.0,,adjusted
2019-06-04,9.02,9.06,8.87,8.96,8.96,306615.0,,adjusted
2019-06-05,9.1,9.58,9.02,9.37,9.37,973204.0,,adjusted
2019-06-06,9.38,9.55,9.34,9.35,9.35,535169.0,,adjusted
2019-06-10,9.49,9.77,9.37,9.6,9.6,601310.0,,adjusted
2019-06-11,9.6,9.81,9.59,9.74,9.74,613210.0,,adjusted
2019-06-12,9.69,9.71,9.5,9.65,9.65,424334.0,,adjusted
2019-06-13,9.61,9.65,9.46,9.54,9.54,401623.0,,adjusted
2019-06-14,9.61,9.79,9.59,9.69,9.69,642867.0,,adjusted
2019-06-17,9.6,9.72,9.49,9.65,9.65,314241.0,,adjusted
2019-06-18,9.66,9.69,9.42,9.61,9.61,337014.0,,adjusted
2019-06-19,9.83,9.9,9.6,9.65,9.65,502012.0,,adjusted
2019-06-20,9.66,10.02,9.59,10.01,10.01,853450.0,,adjusted
2019-06-21,9.94,10.05,9.79,9.82,9.82,704595.0,,adjusted
2019-06-24,9.81,9.89,9.69,9.87,9.87,460789.0,,adjusted
2019-06-25,9.85,9.9,9.59,9.69,9.69,533459.0,,adjusted
2019-06-26,9.67,9.69,9.52,9.58,9.58,498251.0,,adjusted
2019-06-27,9.61,9.71,9.58,9.63,9.63,594195.0,,adjusted
2019-06-28,9.64,9.66,9.5,9.57,9.57,365155.0,,adjusted
2019-07-01,9.7,9.88,9.65,9.83,9.83,782770.0,,adjusted
2019-07-02,9.81,10.02,9.74,10.01,10.01,709971.0,,adjusted
2019-07-03,10.01,10.36,9.86,10.17,10.17,1315395.0,,adjusted
2019-07-04,10.18,10.77,10.18,10.45,10.45,1438880.0,,adjusted
2019-07-05,10.37,10.52,10.25,10.35,10.35,738327.0,,adjusted
2019-07-08,10.28,10.69,10.06,10.25,10.25,1191106.0,,adjusted
2019-07-09,10.29,10.63,10.23,10.29,10.29,955019.0,,adjusted
2019-07-10,10.41,10.47,10.18,10.27,10.27,649737.0,,adjusted
2019-07-11,10.38,10.46,10.2,10.28,10.28,534942.0,,adjusted
2019-07-12,10.28,10.47,10.24,10.36,10.36,582871.0,,adjusted
2019-07-15,10.26,10.28,9.96,10.16,10.16,884747.0,,adjusted
2019-07-16,10.18,10.42,10.14,10.33,10.33,604487.0,,adjusted
2019-07-17,10.24,10.5,10.22,10.37,10.37,464388.0,,adjusted
2019-07-18,10.36,10.47,10.22,10.36,10.36,422271.0,,adjusted
2019-07-19,11.03,11.25,10.8,11.19,11.19,2010707.0,,adjusted
2019-07-22,11.21,11.66,11.2,11.31,11.31,1202744.0,,adjusted
2019-07-23,11.29,11.37,11.0,11.11,11.11,932369.0,,adjusted
2019-07-24,11.19,11.28,11.02,11.12,11.12,707628.0,,adjusted
2019-07-25,11.17,11.18,10.92,11.17,11.17,597925.0,,adjusted
2019-07-26,11.01,11.38,10.98,11.29,11.29,622115.0,,adjusted
2019-07-29,11.25,11.37,11.21,11.28,11.28,488346.0,,adjusted
2019-07-30,11.27,11.52,11.27,11.43,11.43,490532.0,,adjusted
2019-07-31,11.24,11.24,10.88,11.02,11.02,996818.0,,adjusted
2019-08-01,10.91,11.03,10.56,10.64,10.64,1050505.0,,adjusted
2019-08-02,10.41,10.73,10.36,10.63,10.63,829014.0,,adjusted
2019-08-05,10.52,10.58,10.19,10.2,10.2,698337.0,,adjusted
2019-08-06,10.01,10.49,9.98,10.34,10.34,850294.0,,adjusted
2019-08-07,10.42,10.73,10.39,10.53,10.53,607268.0,,adjusted
2019-08-08,10.66,10.69,10.53,10.57,10.57,377533.0,,adjusted
2019-08-09,10.6,10.66,10.24,10.32,10.32,512213.0,,adjusted
2019-08-12,10.35,10.76,10.28,10.73,10.73,540229.0,,adjusted
2019-08-13,10.58,10.72,10.39,10.49,10.49,455696.0,,adjusted
2019-08-14,10.73,10.76,10.37,10.44,10.44,477053.0,,adjusted
2019-08-15,10.27,10.78,10.24,10.76,10.76,471227.0,,adjusted
2019-08-16,10.79,10.92,10.64,10.66,10.66,407647.0,,adjusted
2019-08-19,10.88,11.11,10.72,11.09,11.09,665565.0,,adjusted
2019-08-20,11.02,11.45,11.0,11.26,11.26,758148.0,,adjusted
2019-08-21,11.17,11.51,11.17,11.35,11.35,480573.0,,adjusted
2019-08-22,11.35,11.5,11.06,11.17,11.17,501134.0,,adjusted
2019-08-23,11.29,11.43,11.14,11.28,11.28,539077.0,,adjusted
2019-08-26,10.93,11.34,10.91,11.25,11.25,572153.0,,adjusted
2019-08-27,11.33,11.37,11.15,11.18,11.18,683893.0,,adjusted
2019-08-28,11.16,11.22,10.94,11.06,11.06,416008.0,,adjusted
2019-08-29,11.04,11.14,10.28,10.52,10.52,1036089.0,,adjusted
2019-08-30,10.64,10.65,10.15,10.26,10.26,967404.0,,adjusted
2019-09-02,10.17,10.36,10.12,10.29,10.29,920110.0,,adjusted
2019-09-03,10.31,10.31,9.98,10.11,10.11,900088.0,,adjusted
2019-09-04,10.11,10.7,10.11,10.68,10.68,1320130.0,,adjusted
2019-09-05,10.64,10.86,10.39,10.52,10.52,1592127.0,,adjusted
2019-09-06,10.52,10.62,10.22,10.58,10.58,913927.0,,adjusted
2019-09-09,10.63,10.91,10.63,10.88,10.88,1097161.0,,adjusted
2019-09-10,10.89,10.89,10.66,10.8,10.8,498684.0,,adjusted
2019-09-11,10.81,10.84,10.64,10.76,10.76,520801.0,,adjusted
2019-09-12,10.91,11.5,10.91,11.45,11.45,1492051.0,,adjusted
2019-09-16,11.55,11.59,11.2,11.28,11.28,931975.0,,adjusted
2019-09-17,11.25,11.49,11.16,11.29,11.29,662425.0,,adjusted
2019-09-18,11.36,11.84,11.24,11.66,11.66,983424.0,,adjusted
2019-09-19,11.66,11.72,11.47,11.62,11.62,496235.0,,adjusted
2019-09-20,11.62,11.67,11.32,11.39,11.39,740445.0,,adjusted
2019-09-23,11.37,11.46,11.19,11.29,11.29,548744.0,,adjusted
2019-09-24,11.29,11.42,11.18,11.2,11.2,429565.0,,adjusted
2019-09-25,11.17,11.27,10.99,11.16,11.16,428593.0,,adjusted
2019-09-26,11.21,11.63,11.2,11.27,11.27,696314.0,,adjusted
2019-09-27,11.27,11.3,10.94,11.05,11.05,487067.0,,adjusted
2019-09-30,11.0,11.25,10.97,11.11,11.11,383959.0,,adjusted
2019-10-08,11.16,12.21,11.16,11.92,11.92,1410944.0,,adjusted
2019-10-09,11.89,12.76,11.88,12.48,12.48,1262827.0,,adjusted
2019-10-10,12.51,12.66,12.25,12.46,12.46,914657.0,,adjusted
2019-10-11,12.5,12.71,12.34,12.52,12.52,901212.0,,adjusted
2019-10-14,12.56,12.82,12.35,12.41,12.41,875186.0,,adjusted
2019-10-15,12.41,12.68,12.32,12.41,12.41,514974.0,,adjusted
2019-10-16,12.48,13.25,12.44,12.61,12.61,1075893.0,,adjusted
2019-10-17,12.61,12.69,12.36,12.49,12.49,453039.0,,adjusted
2019-10-18,12.54,12.88,12.1,12.13,12.13,694966.0,,adjusted
2019-10-21,12.26,12.8,12.21,12.59,12.59,847279.0,,adjusted
2019-10-22,12.65,12.67,12.2,12.5,12.5,621135.0,,adjusted
2019-10-23,12.41,12.43,12.02,12.13,12.13,572631.0,,adjusted
2019-10-24,12.2,12.35,12.01,12.19,12.19,481818.0,,adjusted
2019-10-25,12.27,12.4,12.04,12.34,12.34,484973.0,,adjusted
2019-10-28,12.11,12.11,11.62,11.71,11.71,1351747.0,,adjusted
2019-10-29,11.68,11.68,11.41,11.5,11.5,812734.0,,adjusted
2019-10-30,11.43,11.69,11.27,11.4,11.4,855843.0,,adjusted
2019-10-31,11.4,11.51,11.09,11.22,11.22,742869.0,,adjusted
2019-11-01,11.21,11.71,11.05,11.63,11.63,903558.0,,adjusted
2019-11-04,11.66,11.7,11.39,11.6,11.6,740539.0,,adjusted
2019-11-05,11.67,11.96,11.38,11.78,11.78,950300.0,,adjusted
2019-11-06,11.71,11.71,11.45,11.48,11.48,676750.0,,adjusted
2019-11-07,11.45,11.64,11.4,11.56,11.56,433258.0,,adjusted
2019-11-08,11.64,11.69,11.42,11.43,11.43,517416.0,,adjusted
2019-11-11,11.31,11.33,10.86,10.93,10.93,1049416.0,,adjusted
2019-11-12,11.0,11.08,10.85,10.97,10.97,467099.0,,adjusted
2019-11-13,11.03,11.04,10.87,10.99,10.99,374014.0,,adjusted
2019-11-14,11.01,11.05,10.9,10.95,10.95,387840.0,,adjusted
2019-11-15,10.96,11.03,10.79,10.86,10.86,562531.0,,adjusted
2019-11-18,10.84,11.12,10.65,10.95,10.95,852205.0,,adjusted
2019-11-19,10.95,11.36,10.91,11.31,11.31,757734.0,,adjusted
2019-11-20,11.24,11.42,11.14,11.17,11.17,510314.0,,adjusted
2019-11-21,11.01,11.17,10.91,11.1,11.1,583664.0,,adjusted
2019-11-22,11.11,11.23,10.94,11.18,11.18,540090.0,,adjusted
2019-11-25,11.26,11.82,11.25,11.66,11.66,1194584.0,,adjusted
2019-11-26,11.71,11.73,11.44,11.58,11.58,644297.0,,adjusted
2019-11-27,11.5,11.62,11.36,11.47,11.47,413540.0,,adjusted
2019-11-28,11.48,11.52,11.11,11.21,11.21,416358.0,,adjusted
2019-11-29,11.15,11.36,11.06,11.24,11.24,371020.0,,adjusted
2019-12-02,11.31,11.84,11.31,11.77,11.77,1030915.0,,adjusted
2019-12-03,11.7,11.93,11.59,11.77,11.77,701813.0,,adjusted
2019-12-04,11.7,11.75,11.53,11.69,11.69,452036.0,,adjusted
2019-12-05,11.76,11.77,11.48,11.71,11.71,501579.0,,adjusted
2019-12-06,11.69,11.79,11.57,11.79,11.79,373774.0,,adjusted
2019-12-09,11.79,12.38,11.78,12.35,12.35,1052308.0,,adjusted
2019-12-10,12.19,12.38,12.09,12.28,12.28,557049.0,,adjusted
2019-12-11,12.39,12.62,12.12,12.39,12.39,642241.0,,adjusted
2019-12-12,12.39,12.51,12.03,12.16,12.16,559302.0,,adjusted
2019-12-13,12.35,12.64,12.33,12.51,12.51,864991.0,,adjusted
2019-12-16,12.41,12.52,12.15,12.5,12.5,899677.0,,adjusted
2019-12-17,12.43,13.16,12.33,12.8,12.8,1214687.0,,adjusted
2019-12-18,12.76,12.91,12.59,12.67,12.67,599437.0,,adjusted
2019-12-19,12.66,12.94,12.6,12.67,12.67,517778.0,,adjusted
2019-12-20,12.71,12.96,12.66,12.81,12.81,631272.0,,adjusted
2019-12-23,12.78,12.95,12.37,12.45,12.45,700982.0,,adjusted
2019-12-24,12.45,12.53,12.11,12.22,12.22,684881.0,,adjusted
2019-12-25,12.18,12.25,11.95,12.11,12.11,644191.0,,adjusted
2019-12-26,12.22,12.8,12.19,12.72,12.72,992783.0,,adjusted
2019-12-27,12.65,12.94,12.61,12.68,12.68,708062.0,,adjusted
2019-12-30,12.98,13.08,12.67,13.08,13.08,782131.0,,adjusted
2019-12-31,12.98,13.27,12.77,12.99,12.99,656682.0,,adjusted
2020-01-02,13.26,13.59,13.04,13.07,13.07,1002915.0,,adjusted
2020-01-03,13.19,13.19,12.56,12.76,12.76,1074823.0,,adjusted
2020-01-06,12.61,12.62,12.36,12.49,12.49,1263365.0,,adjusted
2020-01-07,12.53,12.63,12.39,12.6,12.6,855224.0,,adjusted
2020-01-08,12.41,12.44,12.22,12.33,12.33,882805.0,,adjusted
2020-01-09,12.99,13.21,12.77,13.09,13.09,1946176.0,,adjusted
2020-01-10,13.11,13.15,12.71,12.83,12.83,956771.0,,adjusted
2020-01-13,12.9,13.33,12.88,13.29,13.29,901699.0,,adjusted
2020-01-14,13.31,13.4,13.08,13.16,13.16,598866.0,,adjusted
2020-01-15,13.16,13.24,12.87,12.94,12.94,549852.0,,adjusted
2020-01-16,12.97,13.09,12.8,12.84,12.84,623515.0,,adjusted
2020-01-17,12.91,13.04,12.8,12.93,12.93,470332.0,,adjusted
2020-01-20,12.93,12.98,12.61,12.79,12.79,584887.0,,adjusted
2020-01-21,12.63,12.69,12.24,12.26,12.26,910108.0,,adjusted
2020-01-22,12.25,12.72,12.09,12.68,12.68,962108.0,,adjusted
2020-01-23,12.42,12.56,12.04,12.14,12.14,821771.0,,adjusted
2020-02-03,10.71,11.05,10.61,10.79,10.79,1820509.0,,adjusted
2020-02-04,10.91,11.19,10.67,11.12,11.12,1119867.0,,adjusted
2020-02-05,11.01,11.43,10.89,11.29,11.29,1169009.0,,adjusted
2020-02-06,11.4,11.49,11.11,11.36,11.36,1039265.0,,adjusted
2020-02-07,11.18,11.31,11.01,11.21,11.21,688732.0,,adjusted
2020-02-10,11.0,11.81,10.94,11.64,11.64,1112295.0,,adjusted
2020-02-11,11.52,12.06,11.51,11.78,11.78,849948.0,,adjusted
2020-02-12,11.64,11.89,11.56,11.72,11.72,648115.0,,adjusted
2020-02-13,11.93,12.39,11.92,12.2,12.2,1099935.0,,adjusted
2020-02-14,12.26,12.76,12.2,12.71,12.71,953059.0,,adjusted
2020-02-17,12.84,12.91,12.35,12.55,12.55,987223.0,,adjusted
2020-02-18,12.37,12.53,12.22,12.31,12.31,758720.0,,adjusted
2020-02-19,12.27,12.45,12.13,12.29,12.29,580113.0,,adjusted
2020-02-20,12.22,12.47,12.21,12.45,12.45,829784.0,,adjusted
2020-02-21,12.41,12.45,12.01,12.14,12.14,844023.0,,adjusted
2020-02-24,12.09,12.12,11.66,11.9,11.9,842404.0,,adjusted
2020-02-25,11.86,12.34,11.84,12.07,12.07,957682.0,,adjusted
2020-02-26,11.91,13.27,11.84,12.8,12.8,2141587.0,,adjusted
2020-02-27,12.85,12.96,12.53,12.64,12.64,990614.0,,adjusted
2020-02-28,12.51,13.28,12.43,13.0,13.0,1609630.0,,adjusted
2020-03-02,13.22,13.82,13.21,13.5,13.5,1793904.0,,adjusted
2020-03-03,13.6,13.71,13.05,13.42,13.42,1471336.0,,adjusted
2020-03-04,13.56,14.16,13.22,13.62,13.62,1609720.0,,adjusted
2020-03-05,13.51,13.98,13.31,13.85,13.85,1148835.0,,adjusted
2020-03-06,13.62,13.71,13.21,13.3,13.3,875205.0,,adjusted
2020-03-09,13.0,13.19,12.65,12.98,12.98,847579.0,,adjusted
2020-03-10,13.1,13.41,12.76,13.2,13.2,711188.0,,adjusted
2020-03-11,13.26,13.47,12.99,13.06,13.06,746382.0,,adjusted
2020-03-12,12.92,13.35,12.74,13.2,13.2,709346.0,,adjusted
2020-03-13,12.44,13.06,12.21,12.92,12.92,917554.0,,adjusted
2020-03-16,12.87,12.88,12.03,12.1,12.1,1006589.0,,adjusted
2020-03-17,12.06,12.39,11.69,11.9,11.9,875327.0,,adjusted
2020-03-18,11.87,12.02,11.21,11.23,11.23,918667.0,,adjusted
2020-03-19,11.03,11.31,10.21,10.81,10.81,1040890.0,,adjusted
2020-03-20,10.99,11.41,10.71,11.3,11.3,643167.0,,adjusted
2020-03-23,10.79,11.06,10.61,10.89,10.89,523403.0,,adjusted
2020-03-24,11.12,11.47,11.01,11.33,11.33,547285.0,,adjusted
2020-03-25,11.58,12.09,11.35,11.98,11.98,916587.0,,adjusted
2020-03-26,11.66,12.08,11.63,11.93,11.93,608704.0,,adjusted
2020-03-27,12.14,12.31,11.91,12.06,12.06,709914.0,,adjusted
2020-03-30,11.9,12.28,11.78,12.01,12.01,788986.0,,adjusted
2020-03-31,12.11,12.16,11.51,11.68,11.68,695372.0,,adjusted
2020-04-01,11.71,12.14,11.6,11.78,11.78,583736.0,,adjusted
2020-04-02,11.71,11.9,11.63,11.9,11.9,394513.0,,adjusted
2020-04-03,11.77,11.97,11.73,11.84,11.84,333922.0,,adjusted
2020-04-07,12.11,12.13,11.85,11.97,11.97,642316.0,,adjusted
2020-04-08,11.9,12.05,11.78,11.98,11.98,418136.0,,adjusted
2020-04-09,11.99,11.99,11.65,11.75,11.75,386593.0,,adjusted
2020-04-10,11.71,11.98,11.39,11.5,11.5,665538.0,,adjusted
2020-04-13,11.5,11.96,11.42,11.88,11.88,479215.0,,adjusted
2020-04-14,12.01,12.64,11.93,12.4,12.4,824339.0,,adjusted
2020-04-15,12.31,12.42,12.02,12.11,12.11,442485.0,,adjusted
2020-04-16,12.41,12.74,12.27,12.57,12.57,838854.0,,adjusted
2020-04-17,12.69,12.7,12.48,12.63,12.63,511058.0,,adjusted
2020-04-20,12.63,12.73,12.14,12.69,12.69,669331.0,,adjusted
2020-04-21,12.71,12.98,12.52,12.74,12.74,721011.0,,adjusted
2020-04-22,12.66,12.76,12.41,12.76,12.76,459005.0,,adjusted
2020-04-23,12.76,12.85,12.49,12.7,12.7,500669.0,,adjusted
2020-04-24,12.67,12.71,12.53,12.65,12.65,342608.0,,adjusted
2020-04-27,12.65,13.05,12.63,12.72,12.72,435573.0,,adjusted
2020-04-28,12.78,13.16,12.74,12.96,12.96,517666.0,,adjusted
2020-04-29,12.91,13.47,12.91,13.32,13.32,507074.0,,adjusted
2020-04-30,13.33,13.35,12.96,13.05,13.05,597304.0,,adjusted
2020-05-06,12.82,12.92,12.48,12.68,12.68,915526.0,,adjusted
2020-05-07,12.57,12.73,12.49,12.53,12.53,492959.0,,adjusted
2020-05-08,12.65,12.74,12.5,12.7,12.7,637561.0,,adjusted
2020-05-11,12.69,12.77,12.53,12.56,12.56,587482.0,,adjusted
2020-05-12,12.58,12.64,12.46,12.55,12.55,439948.0,,adjusted
2020-05-13,12.52,12.56,12.33,12.5,12.5,457082.0,,adjusted
2020-05-14,12.42,12.5,12.08,12.16,12.16,572642.0,,adjusted
2020-05-15,12.21,12.27,11.9,12.07,12.07,550221.0,,adjusted
2020-05-18,12.13,12.37,12.07,12.27,12.27,512259.0,,adjusted
2020-05-19,12.51,12.51,12.11,12.16,12.16,424139.0,,adjusted
2020-05-20,12.12,12.26,11.96,12.08,12.08,376923.0,,adjusted
2020-05-21,12.17,12.19,11.8,11.86,11.86,383279.0,,adjusted
2020-05-22,11.89,11.89,11.56,11.56,11.56,486626.0,,adjusted
2020-05-25,11.71,12.07,11.63,12.06,12.06,521357.0,,adjusted
2020-05-26,12.19,12.2,11.97,12.12,12.12,331279.0,,adjusted
2020-05-27,12.12,12.26,12.03,12.2,12.2,355443.0,,adjusted
2020-05-28,12.2,12.56,12.17,12.3,12.3,725713.0,,adjusted
2020-05-29,12.38,12.4,11.92,11.99,11.99,595728.0,,adjusted
2020-06-01,12.11,12.47,12.04,12.43,12.43,524767.0,,adjusted
2020-06-02,12.33,12.92,12.31,12.84,12.84,722984.0,,adjusted
2020-06-03,12.96,13.41,12.87,12.88,12.88,773456.0,,adjusted
2020-06-04,13.05,13.1,12.58,12.72,12.72,482214.0,,adjusted
2020-06-05,12.72,12.72,12.31,12.49,12.49,637147.0,,adjusted
2020-06-08,12.54,12.77,12.44,12.54,12.54,629105.0,,adjusted
2020-06-09,12.54,12.8,12.49,12.58,12.58,548815.0,,adjusted
2020-06-10,12.58,12.58,12.21,12.26,12.26,685705.0,,adjusted
2020-06-11,12.23,12.26,11.94,11.98,11.98,649192.0,,adjusted
2020-06-12,11.83,12.1,11.78,12.03,12.03,586457.0,,adjusted
2020-06-15,11.87,12.18,11.84,11.97,11.97,485108.0,,adjusted
2020-06-16,12.17,12.25,12.06,12.16,12.16,431031.0,,adjusted
2020-06-17,12.11,12.16,11.88,11.99,11.99,492703.0,,adjusted
2020-06-18,12.1,12.29,12.06,12.24,12.24,579451.0,,adjusted
2020-06-19,12.24,12.25,12.0,12.19,12.19,902116.0,,adjusted
2020-06-22,12.09,12.2,12.03,12.07,12.07,590733.0,,adjusted
2020-06-23,12.03,12.11,11.9,11.94,11.94,542774.0,,adjusted
2020-06-24,12.0,12.38,11.96,12.37,12.37,1042670.0,,adjusted
2020-06-29,12.29,12.31,12.0,12.16,12.16,560535.0,,adjusted
2020-06-30,12.2,12.41,12.11,12.41,12.41,611628.0,,adjusted
2020-07-01,12.44,13.89,12.34,13.53,13.53,2152274.0,,adjusted
2020-07-02,13.65,14.22,13.57,14.0,14.0,1820543.0,,adjusted
2020-07-03,14.05,14.52,13.56,13.98,13.98,1670760.0,,adjusted
2020-07-06,14.36,15.62,14.36,15.62,15.62,2218365.0,,adjusted
2020-07-07,16.1,16.33,15.18,15.29,15.29,1661575.0,,adjusted
2020-07-08,15.33,15.72,15.03,15.42,15.42,1247970.0,,adjusted
2020-07-09,15.62,15.82,15.01,15.76,15.76,1321336.0,,adjusted
2020-07-10,15.36,15.61,14.87,15.07,15.07,1318418.0,,adjusted
2020-07-13,14.93,15.24,14.48,14.94,14.94,1234972.0,,adjusted
2020-07-14,14.83,15.03,14.21,14.56,14.56,1362884.0,,adjusted
2020-07-15,14.69,14.86,14.05,14.08,14.08,1089905.0,,adjusted
2020-07-16,14.21,14.46,13.75,13.77,13.77,1207633.0,,adjusted
2020-07-17,13.88,14.05,13.43,13.7,13.7,999752.0,,adjusted
2020-07-20,13.86,14.7,13.73,14.5,14.5,1341740.0,,adjusted
2020-07-21,14.48,14.56,14.08,14.24,14.24,971633.0,,adjusted
2020-07-22,14.14,14.52,14.07,14.17,14.17,1047300.0,,adjusted
2020-07-23,13.95,14.11,13.59,13.88,13.88,823223.0,,adjusted
2020-07-24,13.85,14.17,13.33,13.5,13.5,933234.0,,adjusted
2020-07-27,13.65,13.68,12.99,13.15,13.15,918235.0,,adjusted
2020-07-28,13.28,13.41,13.05,13.33,13.33,922071.0,,adjusted
2020-07-29,13.24,13.5,13.04,13.43,13.43,898486.0,,adjusted
2020-07-30,13.42,13.42,13.12,13.15,13.15,1015176.0,,adjusted
2020-07-31,13.07,13.45,13.03,13.23,13.23,976284.0,,adjusted
2020-08-03,13.38,13.73,13.34,13.51,13.51,1288992.0,,adjusted
2020-08-04,13.53,13.98,13.36,13.86,13.86,1489558.0,,adjusted
2020-08-05,13.68,13.68,13.33,13.42,13.42,1397649.0,,adjusted
2020-08-06,13.43,13.58,13.22,13.53,13.53,786213.0,,adjusted
2020-08-07,13.41,13.52,13.23,13.4,13.4,731894.0,,adjusted
2020-08-10,13.33,14.08,13.3,13.9,13.9,1466594.0,,adjusted
2020-08-11,13.94,14.32,13.82,13.88,13.88,1278855.0,,adjusted
2020-08-12,13.93,14.27,13.83,14.18,14.18,976319.0,,adjusted
2020-08-13,14.14,14.26,13.98,14.15,14.15,624093.0,,adjusted
2020-08-14,14.14,14.74,14.02,14.65,14.65,1221908.0,,adjusted
2020-08-17,14.68,15.41,14.48,15.04,15.04,1389529.0,,adjusted
2020-08-18,15.02,15.12,14.39,14.59,14.59,1165665.0,,adjusted
2020-08-19,14.57,14.57,14.21,14.35,14.35,854731.0,,adjusted
2020-08-20,14.29,14.37,14.08,14.28,14.28,682859.0,,adjusted
2020-08-21,14.4,14.43,14.06,14.19,14.19,576909.0,,adjusted
2020-08-24,14.33,14.47,14.08,14.11,14.11,635641.0,,adjusted
2020-08-25,14.11,14.27,13.98,14.17,14.17,680465.0,,adjusted
2020-08-26,14.18,14.55,14.08,14.27,14.27,881091.0,,adjusted
2020-08-27,14.23,14.23,13.62,13.83,13.83,1138875.0,,adjusted
2020-08-28,13.74,14.17,13.7,14.1,14.1,929342.0,,adjusted
2020-08-31,14.22,14.39,13.7,13.73,13.73,998986.0,,adjusted
2020-09-01,13.76,13.88,13.66,13.84,13.84,684004.0,,adjusted
2020-09-02,13.75,14.08,13.68,13.9,13.9,868103.0,,adjusted
2020-09-03,13.9,14.16,13.79,14.03,14.03,876217.0,,adjusted
2020-09-04,13.88,14.13,13.71,14.1,14.1,726993.0,,adjusted
2020-09-07,13.95,14.75,13.94,14.24,14.24,1202366.0,,adjusted
2020-09-08,14.31,14.51,14.08,14.24,14.24,749929.0,,adjusted
2020-09-09,14.08,14.23,13.84,14.03,14.03,612641.0,,adjusted
2020-09-10,14.23,14.93,14.23,14.4,14.4,1286606.0,,adjusted
2020-09-11,14.42,14.51,14.08,14.21,14.21,771679.0,,adjusted
2020-09-14,14.23,14.36,13.99,14.18,14.18,585191.0,,adjusted
2020-09-15,14.13,14.41,13.96,14.29,14.29,648901.0,,adjusted
2020-09-16,14.21,14.6,14.11,14.47,14.47,785096.0,,adjusted
2020-09-17,14.39,14.52,14.23,14.27,14.27,574411.0,,adjusted
2020-09-18,14.27,14.98,14.24,14.98,14.98,1408701.0,,adjusted
2020-09-21,14.99,15.01,14.66,14.7,14.7,750743.0,,adjusted
2020-09-22,14.59,14.69,14.37,14.47,14.47,572056.0,,adjusted
2020-09-23,14.48,14.52,14.26,14.31,14.31,530942.0,,adjusted
2020-09-24,14.29,14.3,13.96,14.0,14.0,647521.0,,adjusted
2020-09-25,13.96,14.08,13.42,13.52,13.52,934862.0,,adjusted
2020-09-28,13.62,13.85,13.53,13.78,13.78,725703.0,,adjusted
2020-09-29,13.75,13.81,13.66,13.7,13.7,498309.0,,adjusted
2020-09-30,13.83,13.88,13.36,13.52,13.52,675892.0,,adjusted
2020-10-09,13.63,13.73,13.5,13.69,13.69,546719.0,,adjusted
2020-10-12,13.77,14.06,13.73,14.06,14.06,811522.0,,adjusted
2020-10-13,13.95,13.97,13.68,13.84,13.84,657030.0,,adjusted
2020-10-14,13.75,13.81,13.64,13.75,13.75,434851.0,,adjusted
2020-10-15,13.75,13.94,13.72,13.75,13.75,429236.0,,adjusted
2020-10-16,13.76,13.9,13.71,13.84,13.84,514729.0,,adjusted
2020-10-19,13.95,14.39,13.82,13.92,13.92,880067.0,,adjusted
2020-10-20,13.84,13.89,13.66,13.78,13.78,536028.0,,adjusted
2020-10-21,13.79,13.9,13.62,13.84,13.84,554984.0,,adjusted
2020-10-22,13.83,14.12,13.78,13.93,13.93,681959.0,,adjusted
2020-10-23,13.89,14.19,13.81,14.03,14.03,777287.0,,adjusted
2020-10-26,14.13,14.25,13.93,14.07,14.07,594439.0,,adjusted
2020-10-27,14.02,14.07,13.63,13.68,13.68,869124.0,,adjusted
2020-10-28,13.68,13.71,13.21,13.35,13.35,795669.0,,adjusted
2020-10-29,13.21,13.52,13.17,13.39,13.39,544636.0,,adjusted
2020-10-30,13.32,13.63,12.85,12.99,12.99,1039107.0,,adjusted
2020-11-02,13.04,13.25,12.99,13.12,13.12,524322.0,,adjusted
2020-11-03,13.14,13.25,12.97,13.2,13.2,560369.0,,adjusted
2020-11-04,13.12,13.29,13.09,13.17,13.17,400542.0,,adjusted
2020-11-05,13.24,13.67,13.24,13.55,13.55,826035.0,,adjusted
2020-11-06,13.61,13.9,13.53,13.79,13.79,828790.0,,adjusted
2020-11-09,13.93,14.0,13.68,13.82,13.82,771436.0,,adjusted
2020-11-10,13.89,14.09,13.68,13.75,13.75,585628.0,,adjusted
2020-11-11,13.75,14.13,13.68,14.03,14.03,991050.0,,adjusted
2020-11-12,13.92,14.05,13.81,13.9,13.9,503399.0,,adjusted
2020-11-13,13.8,13.81,13.33,13.41,13.41,787331.0,,adjusted
2020-11-16,13.43,13.68,13.35,13.62,13.62,658905.0,,adjusted
2020-11-17,13.62,14.24,13.59,14.19,14.19,1568110.0,,adjusted
2020-11-18,14.21,14.69,13.88,14.36,14.36,1489607.0,,adjusted
2020-11-19,14.42,14.73,14.31,14.62,14.62,1210508.0,,adjusted
2020-11-20,14.71,14.71,14.31,14.59,14.59,636291.0,,adjusted
2020-11-23,14.68,14.75,14.41,14.59,14.59,727720.0,,adjusted
2020-11-24,14.48,14.68,14.33,14.41,14.41,606149.0,,adjusted
2020-11-25,14.52,14.75,14.36,14.46,14.46,705081.0,,adjusted
2020-11-26,14.5,14.56,14.21,14.52,14.52,549775.0,,adjusted
2020-11-27,14.57,15.04,14.53,15.03,15.03,995854.0,,adjusted
2020-11-30,15.05,15.64,14.85,14.85,14.85,1321454.0,,adjusted
2020-12-01,14.83,14.93,14.3,14.88,14.88,1016514.0,,adjusted
2020-12-02,14.88,15.39,14.68,15.0,15.0,837313.0,,adjusted
2020-12-03,15.0,15.1,14.74,14.9,14.9,512634.0,,adjusted
2020-12-04,14.9,14.93,14.45,14.59,14.59,565766.0,,adjusted
2020-12-07,14.53,14.59,14.11,14.17,14.17,634187.0,,adjusted
2020-12-08,14.21,14.26,13.99,14.09,14.09,483970.0,,adjusted
2020-12-09,14.13,14.17,13.86,13.92,13.92,595087.0,,adjusted
2020-12-10,13.91,14.05,13.71,13.84,13.84,474265.0,,adjusted
2020-12-11,13.93,13.93,13.54,13.61,13.61,535688.0,,adjusted
2020-12-14,13.83,13.9,13.63,13.84,13.84,563060.0,,adjusted
2020-12-15,13.81,13.83,13.53,13.65,13.65,483407.0,,adjusted
2020-12-16,13.7,13.93,13.58,13.73,13.73,495821.0,,adjusted
2020-12-17,13.71,13.86,13.58,13.79,13.79,536394.0,,adjusted
2020-12-18,13.74,13.79,13.46,13.68,13.68,971686.0,,adjusted
2020-12-21,13.57,13.6,13.32,13.54,13.54,675639.0,,adjusted
2020-12-22,13.51,13.92,13.37,13.57,13.57,828229.0,,adjusted
2020-12-23,13.61,13.64,13.18,13.28,13.28,908582.0,,adjusted
2020-12-24,13.29,13.41,13.11,13.23,13.23,479855.0,,adjusted
2020-12-25,13.35,13.36,13.13,13.35,13.35,351813.0,,adjusted
2020-12-28,13.33,13.4,13.0,13.29,13.29,695065.0,,adjusted
2020-12-29,13.33,13.53,13.31,13.39,13.39,606107.0,,adjusted
2020-12-30,13.37,13.43,13.17,13.23,13.23,553001.0,,adjusted
2020-12-31,13.24,13.49,13.17,13.45,13.45,722418.0,,adjusted
2021-01-04,13.31,13.31,12.81,12.92,12.92,1232988.0,,adjusted
2021-01-05,12.82,12.83,12.31,12.73,12.73,1326558.0,,adjusted
2021-01-06,12.65,12.9,12.58,12.86,12.86,1039797.0,,adjusted
2021-01-07,12.87,13.08,12.44,12.69,12.69,1003552.0,,adjusted
2021-01-08,12.61,12.89,12.55,12.82,12.82,774126.0,,adjusted
2021-01-11,12.82,13.08,12.59,12.67,12.67,1236935.0,,adjusted
2021-01-12,12.68,12.82,12.49,12.8,12.8,868819.0,,adjusted
2021-01-13,12.88,13.31,12.75,13.08,13.08,1205710.0,,adjusted
2021-01-14,13.06,13.46,13.01,13.1,13.1,980633.0,,adjusted
2021-01-15,13.04,13.38,13.04,13.15,13.15,858351.0,,adjusted
2021-01-18,13.22,13.67,13.02,13.59,13.59,1277876.0,,adjusted
2021-01-19,13.38,14.03,13.23,13.73,13.73,1821936.0,,adjusted
2021-01-20,13.6,13.61,13.14,13.31,13.31,958791.0,,adjusted
2021-01-21,13.23,13.29,12.86,12.95,12.95,1345816.0,,adjusted
2021-01-22,12.79,12.8,12.46,12.46,12.46,1205636.0,,adjusted
2021-01-25,12.39,12.39,11.99,12.26,12.26,1430846.0,,adjusted
2021-01-26,12.22,12.42,12.14,12.23,12.23,804020.0,,adjusted
2021-01-27,12.24,12.39,11.88,12.0,12.0,941820.0,,adjusted
2021-01-28,11.84,11.84,11.56,11.68,11.68,914567.0,,adjusted
2021-01-29,11.72,11.78,11.4,11.44,11.44,720713.0,,adjusted
2021-02-01,11.45,11.59,11.21,11.45,11.45,646375.0,,adjusted
2021-02-02,11.45,11.7,11.37,11.63,11.63,734213.0,,adjusted
2021-02-03,11.68,11.68,11.33,11.39,11.39,543484.0,,adjusted
2021-02-04,11.37,11.37,10.94,11.01,11.01,976345.0,,adjusted
2021-02-05,11.01,11.54,10.97,11.38,11.38,883794.0,,adjusted
2021-02-08,11.61,11.85,11.43,11.58,11.58,845103.0,,adjusted
2021-02-09,11.58,11.67,11.35,11.51,11.51,627720.0,,adjusted
2021-02-10,11.5,11.64,11.4,11.46,11.46,543457.0,,adjusted
2021-02-18,11.54,12.03,11.53,11.99,11.99,925244.0,,adjusted
2021-02-19,11.9,12.13,11.81,12.04,12.04,640121.0,,adjusted
2021-02-22,12.05,12.44,11.93,12.33,12.33,904583.0,,adjusted
2021-02-23,12.19,12.45,12.16,12.28,12.28,491777.0,,adjusted
2021-02-24,12.29,12.62,12.24,12.45,12.45,961248.0,,adjusted
2021-02-25,12.68,13.93,12.62,13.7,13.7,3864956.0,,adjusted
2021-02-26,13.31,13.68,12.93,13.17,13.17,1798975.0,,adjusted
2021-03-01,13.32,13.91,13.04,13.71,13.71,1425360.0,,adjusted
2021-03-02,13.69,14.27,13.53,13.65,13.65,1296910.0,,adjusted
2021-03-03,13.49,13.94,13.4,13.71,13.71,894751.0,,adjusted
2021-03-04,13.61,13.91,13.13,13.25,13.25,1122718.0,,adjusted
2021-03-05,13.12,13.41,12.74,12.96,12.96,986394.0,,adjusted
2021-03-08,13.12,13.23,12.81,12.81,12.81,650108.0,,adjusted
2021-03-09,12.89,13.11,12.63,12.69,12.69,788235.0,,adjusted
2021-03-10,12.8,12.89,12.45,12.53,12.53,669359.0,,adjusted
2021-03-11,12.57,12.86,12.53,12.63,12.63,611528.0,,adjusted
2021-03-12,12.65,13.23,12.37,12.81,12.81,790037.0,,adjusted
2021-03-15,12.87,12.91,12.49,12.61,12.61,771002.0,,adjusted
2021-03-16,12.63,13.28,12.52,13.21,13.21,896052.0,,adjusted
2021-03-17,13.03,13.32,12.88,12.95,12.95,579419.0,,adjusted
2021-03-18,12.99,13.06,12.81,12.88,12.88,462580.0,,adjusted
2021-03-19,12.74,12.77,12.2,12.29,12.29,779136.0,,adjusted
2021-03-22,12.14,12.38,12.11,12.31,12.31,400239.0,,adjusted
2021-03-23,12.31,12.39,12.08,12.14,12.14,477572.0,,adjusted
2021-03-24,12.11,12.17,11.88,11.95,11.95,499667.0,,adjusted
2021-03-25,11.96,12.07,11.85,11.97,11.97,306446.0,,adjusted
2021-03-26,11.97,12.08,11.93,11.98,11.98,392819.0,,adjusted
2021-03-29,11.94,12.06,11.8,11.99,11.99,488363.0,,adjusted
2021-03-30,11.93,12.18,11.88,12.02,12.02,441330.0,,adjusted
2021-03-31,12.0,12.01,11.72,11.86,11.86,454187.0,,adjusted
2021-04-01,11.87,11.92,11.68,11.78,11.78,333865.0,,adjusted
2021-04-02,11.81,11.9,11.72,11.83,11.83,326983.0,,adjusted
2021-04-06,11.88,11.92,11.8,11.83,11.83,271952.0,,adjusted
2021-04-07,11.83,11.93,11.75,11.9,11.9,335415.0,,adjusted
2021-04-08,11.81,11.82,11.71,11.78,11.78,345028.0,,adjusted
2021-04-09,11.77,11.78,11.53,11.62,11.62,461723.0,,adjusted
2021-04-12,11.63,11.94,11.59,11.91,11.91,584832.0,,adjusted
2021-04-13,11.9,12.01,11.75,11.96,11.96,425218.0,,adjusted
2021-04-14,11.96,12.04,11.88,11.97,11.97,376039.0,,adjusted
2021-04-15,11.97,12.05,11.88,11.96,11.96,311653.0,,adjusted
2021-04-16,12.03,12.15,11.94,12.12,12.12,379533.0,,adjusted
2021-04-19,12.13,12.21,12.03,12.2,12.2,356401.0,,adjusted
2021-04-20,12.02,12.05,11.71,11.75,11.75,864697.0,,adjusted
2021-04-21,11.74,11.81,11.61,11.79,11.79,429920.0,,adjusted
2021-04-22,11.81,11.93,11.76,11.84,11.84,414825.0,,adjusted
2021-04-23,11.79,11.82,11.59,11.75,11.75,664240.0,,adjusted
2021-04-26,11.7,11.78,11.61,11.63,11.63,507474.0,,adjusted
2021-04-27,11.63,11.81,11.54,11.75,11.75,449760.0,,adjusted
2021-04-28,11.8,11.81,11.68,11.76,11.76,334438.0,,adjusted
2021-04-29,11.8,11.82,11.69,11.81,11.81,339106.0,,adjusted
2021-04-30,11.73,11.81,11.54,11.63,11.63,514016.0,,adjusted
2021-05-06,11.56,11.7,11.53,11.59,11.59,326632.0,,adjusted
2021-05-07,11.54,11.66,11.49,11.54,11.54,359141.0,,adjusted
2021-05-10,11.51,11.53,11.2,11.37,11.37,493246.0,,adjusted
2021-05-11,11.27,11.47,11.22,11.43,11.43,302365.0,,adjusted
2021-05-12,11.34,11.36,11.02,11.11,11.11,705036.0,,adjusted
2021-05-13,11.02,11.11,10.99,11.07,11.07,344650.0,,adjusted
2021-05-14,11.08,11.28,11.0,11.26,11.26,442186.0,,adjusted
2021-05-17,11.21,11.38,11.14,11.3,11.3,408658.0,,adjusted
2021-05-18,11.28,11.47,11.19,11.36,11.36,407699.0,,adjusted
2021-05-19,11.36,11.38,11.07,11.12,11.12,416391.0,,adjusted
2021-05-20,11.14,11.15,11.02,11.12,11.12,324413.0,,adjusted
2021-05-21,11.11,11.17,10.89,10.89,10.89,533195.0,,adjusted
2021-05-24,10.86,10.86,10.68,10.71,10.71,520273.0,,adjusted
2021-05-25,10.7,11.12,10.66,11.1,11.1,643661.0,,adjusted
2021-05-26,11.1,11.69,11.09,11.35,11.35,1074278.0,,adjusted
2021-05-27,11.36,11.6,11.28,11.39,11.39,553421.0,,adjusted
2021-05-28,11.43,11.48,11.11,11.21,11.21,468850.0,,adjusted
2021-05-31,11.22,11.29,11.04,11.15,11.15,424993.0,,adjusted
2021-06-01,11.18,11.25,10.95,10.99,10.99,427218.0,,adjusted
2021-06-02,10.99,11.18,10.89,11.09,11.09,418390.0,,adjusted
2021-06-03,11.08,11.2,11.01,11.02,11.02,337210.0,,adjusted
2021-06-04,11.01,11.15,10.95,11.05,11.05,394796.0,,adjusted
2021-06-07,10.96,10.96,10.64,10.73,10.73,662625.0,,adjusted
2021-06-08,10.78,10.85,10.69,10.73,10.73,390369.0,,adjusted
2021-06-09,10.76,10.82,10.73,10.78,10.78,357009.0,,adjusted
2021-06-10,10.78,10.82,10.68,10.68,10.68,355901.0,,adjusted
2021-06-11,10.68,10.76,10.61,10.7,10.7,452378.0,,adjusted
2021-06-15,10.69,10.69,10.31,10.31,10.31,555717.0,,adjusted
2021-06-16,10.23,10.62,10.19,10.52,10.52,460244.0,,adjusted
2021-06-17,10.49,10.58,10.38,10.52,10.52,370888.0,,adjusted
2021-06-18,10.48,10.5,10.25,10.4,10.4,398792.0,,adjusted
2021-06-21,10.37,10.39,10.1,10.15,10.15,414776.0,,adjusted
2021-06-22,10.15,10.28,9.88,9.93,9.93,590467.0,,adjusted
2021-06-23,9.95,10.1,9.92,10.05,10.05,513986.0,,adjusted
2021-06-24,10.03,10.16,9.96,10.03,10.03,397107.0,,adjusted
2021-06-25,10.05,10.13,9.99,10.1,10.1,363426.0,,adjusted
2021-06-28,10.1,10.12,9.72,9.76,9.76,636180.0,,adjusted
2021-06-29,9.76,9.83,9.61,9.63,9.63,521434.0,,adjusted
2021-06-30,9.67,9.73,9.61,9.67,9.67,361091.0,,adjusted
2021-07-01,9.7,10.23,9.64,10.17,10.17,927400.0,,adjusted
2021-07-02,10.11,10.12,9.69,9.72,9.72,564497.0,,adjusted
2021-07-05,9.72,9.75,9.41,9.51,9.51,609378.0,,adjusted
2021-07-06,9.5,10.11,9.44,9.94,9.94,825711.0,,adjusted
2021-07-07,9.86,10.01,9.75,9.8,9.8,385987.0,,adjusted
2021-07-08,9.81,9.86,9.54,9.75,9.75,528802.0,,adjusted
2021-07-09,9.7,9.89,9.66,9.81,9.81,353687.0,,adjusted
2021-07-12,9.91,9.91,9.64,9.65,9.65,479592.0,,adjusted
2021-07-13,9.67,9.88,9.6,9.67,9.67,374680.0,,adjusted
2021-07-14,9.68,9.68,9.39,9.42,9.42,488949.0,,adjusted
2021-07-15,9.39,9.52,9.28,9.43,9.43,483783.0,,adjusted
2021-07-16,9.37,9.56,9.37,9.42,9.42,364202.0,,adjusted
2021-07-19,9.41,9.45,9.0,9.07,9.07,755384.0,,adjusted
2021-07-20,8.99,9.1,8.83,9.04,9.04,647104.0,,adjusted
2021-07-21,9.03,9.1,8.81,8.84,8.84,645778.0,,adjusted
2021-07-22,8.84,9.0,8.76,8.92,8.92,585340.0,,adjusted
2021-07-23,8.87,8.88,8.72,8.78,8.78,510651.0,,adjusted
2021-07-26,8.62,8.62,7.99,8.04,8.04,1176456.0,,adjusted
2021-07-27,8.03,8.04,7.6,7.63,7.63,1439794.0,,adjusted
2021-07-28,7.63,7.84,7.54,7.67,7.67,1119895.0,,adjusted
2021-07-29,7.8,7.82,7.45,7.65,7.65,957258.0,,adjusted
2021-07-30,7.49,7.7,7.4,7.64,7.64,695392.0,,adjusted
2021-08-02,7.58,7.95,7.39,7.82,7.82,1058076.0,,adjusted
2021-08-03,7.76,7.86,7.69,7.72,7.72,549820.0,,adjusted
2021-08-04,7.72,7.72,7.58,7.62,7.62,510741.0,,adjusted
2021-08-05,7.83,8.47,7.83,8.11,8.11,1784318.0,,adjusted
2021-08-06,7.95,8.44,7.87,8.38,8.38,1167469.0,,adjusted
2021-08-09,8.29,9.46,8.26,9.19,9.19,2131280.0,,adjusted
2021-08-10,9.24,9.35,8.84,9.25,9.25,1329444.0,,adjusted
2021-08-11,9.62,10.41,9.62,10.22,10.22,2816973.0,,adjusted
2021-08-12,9.93,10.46,9.9,10.05,10.05,1230860.0,,adjusted
2021-08-13,10.01,10.09,9.61,9.65,9.65,1544204.0,,adjusted
2021-08-16,9.85,10.42,9.65,10.2,10.2,1519582.0,,adjusted
2021-08-17,10.15,10.78,10.01,10.56,10.56,1718453.0,,adjusted
2021-08-18,10.44,10.84,10.24,10.57,10.57,1236595.0,,adjusted
2021-08-19,10.46,10.48,10.02,10.16,10.16,1076007.0,,adjusted
2021-08-20,10.29,10.63,10.17,10.48,10.48,1093101.0,,adjusted
2021-08-23,10.41,10.54,10.24,10.28,10.28,573851.0,,adjusted
2021-08-24,10.31,10.46,9.98,10.14,10.14,823943.0,,adjusted
2021-08-25,10.23,10.24,9.76,9.85,9.85,808027.0,,adjusted
2021-08-26,9.85,10.21,9.69,9.76,9.76,763494.0,,adjusted
2021-08-27,9.73,9.8,9.45,9.56,9.56,771516.0,,adjusted
2021-08-30,9.46,9.46,8.94,9.21,9.21,1094610.0,,adjusted
2021-08-31,9.21,9.84,9.17,9.75,9.75,1139729.0,,adjusted
2021-09-01,9.64,10.6,9.64,10.5,10.5,1489566.0,,adjusted
2021-09-02,10.61,11.24,10.48,10.79,10.79,1479116.0,,adjusted
2021-09-03,10.66,11.01,10.44,10.64,10.64,1027467.0,,adjusted
2021-09-06,10.55,10.76,10.37,10.4,10.4,613547.0,,adjusted
2021-09-07,10.43,10.49,10.18,10.41,10.41,604540.0,,adjusted
2021-09-08,10.46,10.5,10.22,10.28,10.28,397027.0,,adjusted
2021-09-09,10.28,10.54,10.1,10.44,10.44,707820.0,,adjusted
2021-09-10,10.46,10.88,10.45,10.82,10.82,1045100.0,,adjusted
2021-09-13,10.86,11.69,10.72,11.51,11.51,1733861.0,,adjusted
2021-09-14,11.48,11.78,11.24,11.35,11.35,1042825.0,,adjusted
2021-09-15,11.25,11.5,10.71,10.98,10.98,1131896.0,,adjusted
2021-09-16,11.15,11.18,10.51,10.64,10.64,1002264.0,,adjusted
2021-09-17,10.65,11.44,10.52,11.33,11.33,898521.0,,adjusted
2021-09-22,10.96,12.32,10.89,12.07,12.07,1899572.0,,adjusted
2021-09-23,12.16,12.58,11.91,12.04,12.04,1294994.0,,adjusted
2021-09-24,12.04,12.53,11.66,11.78,11.78,1074143.0,,adjusted
2021-09-27,11.86,11.91,11.14,11.27,11.27,851407.0,,adjusted
2021-09-28,11.96,12.46,11.95,11.99,11.99,1710119.0,,adjusted
2021-09-29,12.36,12.41,11.94,12.17,12.17,1111885.0,,adjusted
2021-09-30,12.36,12.91,12.28,12.39,12.39,1132134.0,,adjusted
2021-10-08,12.56,12.63,11.83,11.91,11.91,712475.0,,adjusted
2021-10-11,11.96,12.68,11.96,12.25,12.25,917329.0,,adjusted
2021-10-12,12.24,12.94,12.12,12.45,12.45,1463530.0,,adjusted
2021-10-13,12.5,12.7,12.04,12.27,12.27,869560.0,,adjusted
2021-10-14,12.08,12.34,11.64,11.86,11.86,1113958.0,,adjusted
2021-10-15,11.86,12.26,11.74,12.16,12.16,859138.0,,adjusted
2021-10-18,11.99,12.15,11.04,11.66,11.66,1331382.0,,adjusted
2021-10-19,11.56,11.59,10.96,11.25,11.25,1285941.0,,adjusted
2021-10-20,11.25,11.34,10.96,11.12,11.12,740325.0,,adjusted
2021-10-21,11.11,11.89,11.06,11.82,11.82,1226924.0,,adjusted
2021-10-22,12.04,12.9,11.89,12.07,12.07,1655255.0,,adjusted
2021-10-25,11.67,12.61,11.66,11.85,11.85,1157475.0,,adjusted
2021-10-26,11.86,12.01,11.32,11.41,11.41,938118.0,,adjusted
2021-10-27,11.53,11.64,11.16,11.37,11.37,777478.0,,adjusted
2021-10-28,11.55,11.55,10.99,11.29,11.29,701615.0,,adjusted
2021-10-29,11.31,11.31,10.61,10.92,10.92,1139962.0,,adjusted
2021-11-01,10.92,11.11,10.51,10.61,10.61,791049.0,,adjusted
2021-11-02,10.66,10.96,10.39,10.59,10.59,728656.0,,adjusted
2021-11-03,10.57,11.41,10.48,11.27,11.27,1069144.0,,adjusted
2021-11-04,11.19,11.22,10.72,10.98,10.98,726181.0,,adjusted
2021-11-05,10.86,10.9,10.58,10.6,10.6,670894.0,,adjusted
2021-11-08,10.74,10.96,10.58,10.94,10.94,586721.0,,adjusted
2021-11-09,10.87,11.08,10.68,10.91,10.91,523891.0,,adjusted
2021-11-10,11.1,11.96,10.74,11.86,11.86,1584488.0,,adjusted
2021-11-11,12.04,13.21,12.02,13.21,13.21,2869468.0,,adjusted
2021-11-12,13.36,13.49,12.9,13.23,13.23,2153699.0,,adjusted
2021-11-15,13.22,13.23,12.47,12.85,12.85,1007850.0,,adjusted
2021-11-16,12.79,13.14,12.75,12.77,12.77,701862.0,,adjusted
2021-11-17,12.91,12.92,12.46,12.68,12.68,569457.0,,adjusted
2021-11-18,12.77,12.9,12.22,12.36,12.36,617896.0,,adjusted
2021-11-19,12.27,13.56,12.11,13.38,13.38,1458065.0,,adjusted
2021-11-22,13.44,13.46,12.33,12.47,12.47,1522137.0,,adjusted
2021-11-23,12.53,13.04,12.37,12.76,12.76,745268.0,,adjusted
2021-11-24,12.79,13.41,12.67,12.91,12.91,977096.0,,adjusted
2021-11-25,12.74,13.01,12.51,12.62,12.62,545338.0,,adjusted
2021-11-26,12.56,12.59,12.25,12.42,12.42,535438.0,,adjusted
2021-11-29,12.28,12.49,12.16,12.31,12.31,471249.0,,adjusted
2021-11-30,12.22,12.5,12.11,12.21,12.21,535480.0,,adjusted
2021-12-01,12.11,12.74,12.1,12.45,12.45,694660.0,,adjusted
2021-12-02,12.36,13.07,12.18,12.81,12.81,677923.0,,adjusted
2021-12-03,12.74,13.19,12.61,13.1,13.1,795084.0,,adjusted
2021-12-06,13.63,14.22,13.26,13.42,13.42,1440106.0,,adjusted
2021-12-07,13.91,14.11,13.06,13.26,13.26,1324130.0,,adjusted
2021-12-08,13.26,13.43,12.74,13.27,13.27,874496.0,,adjusted
2021-12-09,13.21,13.96,13.16,13.6,13.6,935067.0,,adjusted
2021-12-10,13.51,13.64,12.98,13.33,13.33,867884.0,,adjusted
2021-12-13,13.21,13.33,12.81,12.86,12.86,962201.0,,adjusted
2021-12-14,12.76,12.76,12.26,12.34,12.34,1077613.0,,adjusted
2021-12-15,12.31,12.83,12.24,12.63,12.63,617360.0,,adjusted
2021-12-16,12.57,12.89,12.49,12.83,12.83,540427.0,,adjusted
2021-12-17,12.85,13.21,12.73,12.79,12.79,587440.0,,adjusted
2021-12-20,12.83,13.3,12.76,13.06,13.06,697381.0,,adjusted
2021-12-21,13.06,13.91,13.06,13.8,13.8,1160556.0,,adjusted
2021-12-22,13.81,13.97,13.56,13.84,13.84,828772.0,,adjusted
2021-12-23,13.78,14.09,13.57,13.96,13.96,628125.0,,adjusted
2021-12-24,13.84,14.18,13.49,13.97,13.97,607051.0,,adjusted
2021-12-27,14.16,14.38,13.54,13.65,13.65,889472.0,,adjusted
2021-12-28,13.55,13.69,13.23,13.56,13.56,602288.0,,adjusted
2021-12-29,13.58,13.67,13.36,13.41,13.41,470678.0,,adjusted
2021-12-30,13.37,13.71,13.29,13.46,13.46,441429.0,,adjusted
2021-12-31,13.42,14.24,13.41,13.99,13.99,654052.0,,adjusted
2022-01-04,13.86,14.26,13.7,14.16,14.16,645214.0,,adjusted
2022-01-05,14.0,14.76,13.98,14.36,14.36,1173398.0,,adjusted
2022-01-06,14.34,14.52,13.76,13.87,13.87,810915.0,,adjusted
2022-01-07,14.11,14.7,13.96,14.51,14.51,950158.0,,adjusted
2022-01-10,14.14,14.96,14.08,14.83,14.83,1224319.0,,adjusted
2022-01-11,14.76,15.44,14.37,14.52,14.52,1356419.0,,adjusted
2022-01-12,14.44,14.56,14.0,14.36,14.36,729317.0,,adjusted
2022-01-13,14.35,14.73,13.87,13.91,13.91,633890.0,,adjusted
2022-01-14,13.91,13.95,13.24,13.31,13.31,983226.0,,adjusted
2022-01-17,13.27,14.04,13.27,13.73,13.73,783321.0,,adjusted
2022-01-18,13.76,14.64,13.57,14.51,14.51,828542.0,,adjusted
2022-01-19,14.64,15.16,14.26,14.45,14.45,710453.0,,adjusted
2022-01-20,14.76,14.84,13.78,13.86,13.86,1233113.0,,adjusted
2022-01-21,13.86,14.15,13.61,13.84,13.84,639860.0,,adjusted
2022-01-24,13.8,14.55,13.66,14.35,14.35,849945.0,,adjusted
2022-01-25,14.24,14.43,13.87,13.9,13.9,421763.0,,adjusted
2022-01-26,14.14,14.15,13.72,13.91,13.91,448277.0,,adjusted
2022-01-27,13.91,14.43,13.56,14.01,14.01,577100.0,,adjusted
2022-01-28,14.11,14.49,13.92,14.06,14.06,788065.0,,adjusted
2022-02-07,14.08,14.48,13.66,14.32,14.32,815313.0,,adjusted
2022-02-08,14.17,14.49,14.03,14.16,14.16,830743.0,,adjusted
2022-02-09,14.22,14.86,13.83,13.95,13.95,1130076.0,,adjusted
2022-02-10,13.76,14.84,13.47,14.38,14.38,1348783.0,,adjusted
2022-02-11,14.33,14.82,14.06,14.11,14.11,968452.0,,adjusted
2022-02-14,13.93,14.13,13.56,13.67,13.67,762026.0,,adjusted
2022-02-15,13.67,13.79,13.54,13.68,13.68,510200.0,,adjusted
2022-02-16,13.7,14.39,13.56,14.2,14.2,708728.0,,adjusted
2022-02-17,14.23,14.23,13.64,13.85,13.85,682505.0,,adjusted
2022-02-18,13.86,14.72,13.86,14.69,14.69,1293488.0,,adjusted
2022-02-21,14.72,14.81,14.42,14.7,14.7,762471.0,,adjusted
2022-02-22,14.7,15.11,14.46,14.81,14.81,698137.0,,adjusted
2022-02-23,14.78,14.84,14.25,14.44,14.44,607436.0,,adjusted
2022-02-24,14.38,14.68,14.2,14.33,14.33,503131.0,,adjusted
2022-02-25,14.31,14.71,14.08,14.17,14.17,656160.0,,adjusted
2022-02-28,14.09,14.34,13.86,14.18,14.18,475295.0,,adjusted
2022-03-01,14.18,14.78,14.09,14.71,14.71,706499.0,,adjusted
2022-03-02,14.8,15.36,14.73,14.91,14.91,841782.0,,adjusted
2022-03-03,14.96,15.59,14.96,15.47,15.47,1028372.0,,adjusted
2022-03-04,15.37,15.51,15.01,15.38,15.38,677754.0,,adjusted
2022-03-07,15.36,15.97,15.25,15.52,15.52,1059608.0,,adjusted
2022-03-08,15.46,15.63,15.07,15.16,15.16,597473.0,,adjusted
2022-03-09,15.24,15.45,14.0,14.58,14.58,1407799.0,,adjusted
2022-03-10,14.76,14.84,14.21,14.52,14.52,737608.0,,adjusted
2022-03-11,14.36,14.61,14.07,14.59,14.59,504991.0,,adjusted
2022-03-14,14.27,15.44,14.16,14.7,14.7,1054908.0,,adjusted
2022-03-15,14.56,14.66,13.07,13.07,13.07,1216108.0,,adjusted
2022-03-16,12.86,13.66,11.98,13.35,13.35,1690200.0,,adjusted
2022-03-17,13.97,14.1,13.6,13.8,13.8,1292185.0,,adjusted
2022-03-18,13.56,15.34,13.46,15.34,15.34,1251615.0,,adjusted
2022-03-21,15.17,15.23,14.53,15.03,15.03,1084380.0,,adjusted
2022-03-22,14.74,15.94,14.64,15.58,15.58,1303666.0,,adjusted
2022-03-23,15.58,15.99,15.05,15.59,15.59,1193403.0,,adjusted
2022-03-24,15.28,15.66,15.23,15.43,15.43,505586.0,,adjusted
2022-03-25,15.27,15.59,15.06,15.13,15.13,691026.0,,adjusted
2022-03-28,15.07,15.66,14.87,15.3,15.3,945500.0,,adjusted
2022-03-29,15.05,15.44,14.92,15.16,15.16,620394.0,,adjusted
2022-03-30,15.26,16.36,15.08,16.08,16.08,1247158.0,,adjusted
2022-03-31,16.06,16.54,15.76,16.06,16.06,1002089.0,,adjusted
2022-04-01,15.89,16.74,15.51,16.57,16.57,1392034.0,,adjusted
2022-04-06,16.66,17.24,16.39,16.66,16.66,1313419.0,,adjusted
2022-04-07,16.4,16.6,15.91,15.98,15.98,896583.0,,adjusted
2022-04-08,15.88,16.77,15.66,16.57,16.57,991374.0,,adjusted
2022-04-11,16.3,16.66,15.87,16.29,16.29,835383.0,,adjusted
2022-04-12,16.37,16.56,15.24,15.51,15.51,997225.0,,adjusted
2022-04-13,15.51,16.76,15.13,16.14,16.14,1139071.0,,adjusted
2022-04-14,16.09,17.64,15.93,17.29,17.29,1456511.0,,adjusted
2022-04-15,16.98,18.24,16.94,17.68,17.68,1279742.0,,adjusted
2022-04-18,17.24,17.67,16.54,16.75,16.75,1031606.0,,adjusted
2022-04-19,16.86,16.97,16.26,16.74,16.74,999242.0,,adjusted
2022-04-20,16.76,16.76,15.28,15.79,15.79,1839609.0,,adjusted
2022-04-21,15.66,16.24,15.47,15.87,15.87,967255.0,,adjusted
2022-04-22,15.61,16.56,15.13,16.14,16.14,1181774.0,,adjusted
2022-04-25,15.85,16.56,15.31,15.35,15.35,1162217.0,,adjusted
2022-04-26,15.41,16.39,15.28,15.93,15.93,1059103.0,,adjusted
2022-04-27,15.8,16.28,14.76,15.14,15.14,1488972.0,,adjusted
2022-04-28,15.31,16.34,15.09,16.16,16.16,1236071.0,,adjusted
2022-04-29,15.96,16.84,15.56,16.48,16.48,1508981.0,,adjusted
2022-05-05,16.54,16.71,15.34,15.9,15.9,1316063.0,,adjusted
2022-05-06,15.39,15.72,14.54,14.75,14.75,1111595.0,,adjusted
2022-05-09,14.55,15.0,14.33,14.63,14.63,802087.0,,adjusted
2022-05-10,14.32,15.05,13.77,14.81,14.81,1585818.0,,adjusted
2022-05-11,14.63,14.82,14.03,14.19,14.19,1633026.0,,adjusted
2022-05-12,14.26,14.41,13.6,13.96,13.96,1238632.0,,adjusted
2022-05-13,14.24,14.98,14.02,14.95,14.95,1590424.0,,adjusted
2022-05-16,15.52,15.69,14.54,15.3,15.3,1583296.0,,adjusted
2022-05-17,15.05,15.56,14.89,15.31,15.31,799853.0,,adjusted
2022-05-18,15.23,15.48,14.76,15.13,15.13,787785.0,,adjusted
2022-05-19,14.87,15.8,14.83,15.55,15.55,917256.0,,adjusted
2022-05-20,15.86,15.91,15.16,15.4,15.4,931275.0,,adjusted
2022-05-23,15.36,15.4,14.36,14.45,14.45,1588668.0,,adjusted
2022-05-24,14.37,14.76,14.3,14.54,14.54,949952.0,,adjusted
2022-05-25,14.54,14.72,14.2,14.58,14.58,558389.0,,adjusted
2022-05-26,14.56,15.05,14.38,14.79,14.79,817572.0,,adjusted
2022-05-27,14.72,14.85,14.44,14.67,14.67,669632.0,,adjusted
2022-05-30,14.53,14.74,14.05,14.22,14.22,894553.0,,adjusted
2022-05-31,14.13,14.28,13.76,13.87,13.87,1514886.0,,adjusted
2022-06-01,13.87,14.26,13.86,14.11,14.11,837863.0,,adjusted
2022-06-02,13.96,14.11,13.46,13.66,13.66,1210574.0,,adjusted
2022-06-06,13.47,13.53,12.86,13.29,13.29,2173771.0,,adjusted
2022-06-07,13.18,13.72,13.14,13.64,13.64,1132093.0,,adjusted
2022-06-08,13.61,13.67,13.29,13.44,13.44,1291576.0,,adjusted
2022-06-09,13.41,14.19,13.37,13.94,13.94,1577650.0,,adjusted
2022-06-10,13.86,14.1,13.72,13.89,13.89,925013.0,,adjusted
2022-06-13,13.71,13.84,13.09,13.19,13.19,1193076.0,,adjusted
2022-06-14,13.11,13.57,13.1,13.5,13.5,934077.0,,adjusted
2022-06-15,13.49,14.67,13.3,14.23,14.23,1868930.0,,adjusted
2022-06-16,14.24,14.8,13.84,13.95,13.95,1000869.0,,adjusted
2022-06-17,13.89,14.13,13.78,13.94,13.94,750752.0,,adjusted
2022-06-20,14.12,14.74,14.01,14.42,14.42,1479847.0,,adjusted
2022-06-21,14.48,15.3,14.36,14.63,14.63,1498264.0,,adjusted
2022-06-22,14.64,14.93,14.32,14.4,14.4,720542.0,,adjusted
2022-06-23,14.41,15.02,14.3,14.93,14.93,829416.0,,adjusted
2022-06-24,14.86,15.11,14.38,14.59,14.59,972512.0,,adjusted
2022-06-27,14.61,15.25,14.46,14.95,14.95,1146020.0,,adjusted
2022-06-28,14.82,14.97,14.41,14.52,14.52,1018969.0,,adjusted
2022-06-29,14.53,16.02,14.45,15.66,15.66,1889649.0,,adjusted
2022-06-30,15.86,16.14,15.36,15.82,15.82,1150839.0,,adjusted
2022-07-01,15.83,16.44,15.69,15.88,15.88,1191701.0,,adjusted
2022-07-04,15.8,16.06,15.48,15.78,15.78,1019258.0,,adjusted
2022-07-05,15.63,15.77,14.96,15.37,15.37,1638221.0,,adjusted
2022-07-06,15.38,15.44,14.94,15.14,15.14,732714.0,,adjusted
2022-07-07,15.37,15.42,14.91,15.03,15.03,671237.0,,adjusted
2022-07-08,15.04,15.36,14.85,15.16,15.16,678206.0,,adjusted
2022-07-11,14.96,15.29,14.66,14.83,14.83,714855.0,,adjusted
2022-07-12,14.85,15.36,14.83,15.15,15.15,742621.0,,adjusted
2022-07-13,15.33,16.09,15.24,15.54,15.54,1046775.0,,adjusted
2022-07-14,15.41,15.99,15.27,15.56,15.56,1191297.0,,adjusted
2022-07-15,15.74,15.78,14.42,14.72,14.72,1551178.0,,adjusted
2022-07-18,14.73,15.49,14.62,15.43,15.43,1113118.0,,adjusted
2022-07-19,15.3,15.52,14.89,15.44,15.44,826936.0,,adjusted
2022-07-20,15.4,15.59,15.15,15.29,15.29,489704.0,,adjusted
2022-07-21,15.26,15.26,14.64,14.72,14.72,964787.0,,adjusted
2022-07-22,14.77,14.98,14.48,14.57,14.57,598281.0,,adjusted
2022-07-25,14.74,15.18,14.65,15.04,15.04,819778.0,,adjusted
2022-07-26,14.96,16.06,14.94,15.97,15.97,1246778.0,,adjusted
2022-07-27,15.84,16.32,15.54,16.16,16.16,950655.0,,adjusted
2022-07-28,16.02,16.4,15.72,15.92,15.92,708717.0,,adjusted
2022-07-29,15.8,16.02,15.43,15.61,15.61,737364.0,,adjusted
2022-08-01,15.6,15.61,14.9,15.19,15.19,1278250.0,,adjusted
2022-08-02,15.02,15.15,14.74,14.98,14.98,962334.0,,adjusted
2022-08-03,14.97,15.13,14.18,14.33,14.33,1062622.0,,adjusted
2022-08-04,14.3,14.48,13.97,14.27,14.27,709993.0,,adjusted
2022-08-05,14.27,14.37,14.03,14.3,14.3,612100.0,,adjusted
2022-08-08,14.3,14.69,13.97,14.05,14.05,827528.0,,adjusted
2022-08-09,14.0,14.32,13.79,14.07,14.07,513602.0,,adjusted
2022-08-10,14.04,14.17,13.77,13.86,13.86,557258.0,,adjusted
2022-08-11,13.93,14.29,13.9,14.22,14.22,628487.0,,adjusted
2022-08-12,14.14,14.58,14.1,14.49,14.49,628871.0,,adjusted
2022-08-15,14.37,15.05,14.37,14.58,14.58,811582.0,,adjusted
2022-08-16,14.71,15.05,14.58,14.67,14.67,515571.0,,adjusted
2022-08-17,14.67,15.6,14.55,15.3,15.3,1055229.0,,adjusted
2022-08-18,15.31,15.58,14.99,15.15,15.15,480334.0,,adjusted
2022-08-19,15.16,15.88,15.13,15.75,15.75,943452.0,,adjusted
2022-08-22,15.71,15.9,15.49,15.64,15.64,592560.0,,adjusted
2022-08-23,15.64,15.77,15.25,15.4,15.4,632781.0,,adjusted
2022-08-24,15.41,15.78,15.27,15.36,15.36,590163.0,,adjusted
2022-08-25,15.54,15.88,15.45,15.83,15.83,722811.0,,adjusted
2022-08-26,15.79,15.83,15.39,15.62,15.62,441323.0,,adjusted
2022-08-29,15.42,15.72,15.15,15.55,15.55,426695.0,,adjusted
2022-08-30,15.59,16.05,15.54,15.89,15.89,535284.0,,adjusted
2022-08-31,15.89,16.35,15.79,16.24,16.24,817999.0,,adjusted
2022-09-01,16.2,16.61,16.05,16.25,16.25,651758.0,,adjusted
2022-09-02,16.29,16.35,15.69,15.96,15.96,647454.0,,adjusted
2022-09-05,16.04,16.27,15.79,16.16,16.16,615916.0,,adjusted
2022-09-06,16.15,16.77,16.05,16.57,16.57,946064.0,,adjusted
2022-09-07,16.49,16.67,16.24,16.49,16.49,488417.0,,adjusted
2022-09-08,16.52,16.65,16.04,16.52,16.52,544826.0,,adjusted
2022-09-09,16.43,17.5,16.36,17.41,17.41,1358947.0,,adjusted
2022-09-13,17.26,17.39,16.91,17.03,17.03,741761.0,,adjusted
2022-09-14,16.94,17.62,16.87,17.08,17.08,697832.0,,adjusted
2022-09-15,17.24,17.99,17.24,17.79,17.79,1026209.0,,adjusted
2022-09-16,17.74,17.9,16.91,16.99,16.99,1306834.0,,adjusted
2022-09-19,16.92,17.46,16.8,17.38,17.38,844590.0,,adjusted
2022-09-20,17.43,17.47,16.36,16.58,16.58,1119874.0,,adjusted
2022-09-21,16.58,17.01,16.37,16.77,16.77,630829.0,,adjusted
2022-09-22,16.79,16.84,16.05,16.46,16.46,828287.0,,adjusted
2022-09-23,16.38,16.97,16.38,16.49,16.49,557436.0,,adjusted
2022-09-26,16.74,17.07,16.57,16.63,16.63,645118.0,,adjusted
2022-09-27,16.66,16.78,16.11,16.61,16.61,619438.0,,adjusted
2022-09-28,16.52,16.8,16.25,16.46,16.46,461444.0,,adjusted
2022-09-29,16.47,16.58,16.11,16.22,16.22,573235.0,,adjusted
2022-09-30,16.6,17.21,16.34,16.94,16.94,959228.0,,adjusted
2022-10-10,16.74,17.94,16.7,17.26,17.26,1112187.0,,adjusted
2022-10-11,17.26,17.33,16.72,16.83,16.83,584191.0,,adjusted
2022-10-12,16.73,17.37,16.69,17.07,17.07,586545.0,,adjusted
2022-10-13,16.94,17.06,15.95,16.62,16.62,964836.0,,adjusted
2022-10-14,16.62,17.06,16.0,16.19,16.19,1078607.0,,adjusted
2022-10-17,15.96,16.2,15.29,16.03,16.03,879592.0,,adjusted
2022-10-18,16.03,16.18,15.54,15.73,15.73,657155.0,,adjusted
2022-10-19,15.71,16.08,15.64,15.81,15.81,554778.0,,adjusted
2022-10-20,15.8,15.95,15.36,15.54,15.54,637612.0,,adjusted
2022-10-21,15.64,16.31,15.61,15.71,15.71,791406.0,,adjusted
2022-10-24,15.45,15.55,15.07,15.18,15.18,922177.0,,adjusted
2022-10-25,15.21,15.37,14.94,15.09,15.09,710848.0,,adjusted
2022-10-26,15.04,15.14,14.34,14.43,14.43,1121066.0,,adjusted
2022-10-27,14.46,14.85,14.43,14.64,14.64,685814.0,,adjusted
2022-10-28,14.64,14.82,14.19,14.27,14.27,634439.0,,adjusted
2022-10-31,13.79,13.89,12.74,12.74,12.74,1788938.0,,adjusted
2022-11-01,12.6,12.81,11.82,12.55,12.55,2530971.0,,adjusted
2022-11-02,12.33,13.07,12.14,12.91,12.91,1517757.0,,adjusted
2022-11-03,12.67,13.02,12.42,12.6,12.6,949771.0,,adjusted
2022-11-04,12.56,13.27,12.54,13.0,13.0,1051202.0,,adjusted
2022-11-07,12.97,13.1,12.71,12.98,12.98,801048.0,,adjusted
2022-11-08,12.98,13.28,12.79,12.94,12.94,913008.0,,adjusted
2022-11-09,13.17,13.82,13.17,13.29,13.29,1370009.0,,adjusted
2022-11-10,13.22,13.47,12.85,13.33,13.33,658592.0,,adjusted
2022-11-11,13.65,14.77,13.63,14.77,14.77,1879573.0,,adjusted
2022-11-14,15.56,15.94,14.8,15.23,15.23,2227121.0,,adjusted
2022-11-15,15.08,15.55,14.8,15.04,15.04,1351787.0,,adjusted
2022-11-16,14.95,15.0,14.34,14.59,14.59,1051834.0,,adjusted
2022-11-17,14.52,14.76,14.33,14.64,14.64,658195.0,,adjusted
2022-11-18,14.61,14.67,14.24,14.51,14.51,765562.0,,adjusted
2022-11-21,14.29,14.6,13.85,14.58,14.58,976896.0,,adjusted
2022-11-22,14.65,14.96,14.45,14.66,14.66,763560.0,,adjusted
2022-11-23,14.53,14.91,14.52,14.76,14.76,501290.0,,adjusted
2022-11-24,15.06,15.25,14.52,14.87,14.87,770134.0,,adjusted
2022-11-25,14.91,15.93,14.91,15.78,15.78,1536032.0,,adjusted
2022-11-28,15.34,15.58,15.19,15.27,15.27,751950.0,,adjusted
2022-11-29,15.89,16.9,15.66,16.84,16.84,2011638.0,,adjusted
2022-11-30,16.43,16.8,15.46,15.59,15.59,2044985.0,,adjusted
2022-12-01,15.69,15.8,15.35,15.51,15.51,1236559.0,,adjusted
2022-12-02,15.34,15.34,14.69,15.09,15.09,1466440.0,,adjusted
2022-12-05,15.1,15.54,15.1,15.24,15.24,1245729.0,,adjusted
2022-12-06,15.09,15.14,14.76,15.03,15.03,931381.0,,adjusted
2022-12-07,14.93,15.0,14.39,14.64,14.64,1027783.0,,adjusted
2022-12-08,14.64,15.03,14.59,14.89,14.89,917577.0,,adjusted
2022-12-09,15.03,15.56,14.96,15.39,15.39,1239042.0,,adjusted
2022-12-12,15.2,15.2,14.64,14.69,14.69,757554.0,,adjusted
2022-12-13,14.66,15.07,14.58,14.9,14.9,642747.0,,adjusted
2022-12-14,14.88,14.88,14.62,14.71,14.71,529222.0,,adjusted
2022-12-15,14.54,14.76,14.04,14.66,14.66,1038223.0,,adjusted
2022-12-16,14.8,15.15,14.59,14.96,14.96,862157.0,,adjusted
2022-12-19,14.9,15.24,14.54,14.71,14.71,787654.0,,adjusted
2022-12-20,14.46,14.61,14.22,14.33,14.33,501687.0,,adjusted
2022-12-21,14.3,14.47,14.21,14.32,14.32,368601.0,,adjusted
2022-12-22,14.46,14.59,14.29,14.4,14.4,342934.0,,adjusted
2022-12-23,14.29,14.72,14.25,14.6,14.6,454529.0,,adjusted
2022-12-26,14.6,14.74,14.0,14.07,14.07,746522.0,,adjusted
2022-12-27,14.12,14.47,14.03,14.2,14.2,501594.0,,adjusted
2022-12-28,14.14,14.47,14.02,14.31,14.31,506444.0,,adjusted
2022-12-29,14.22,14.25,13.79,13.95,13.95,626668.0,,adjusted
2022-12-30,13.93,14.14,13.72,14.07,14.07,614806.0,,adjusted
2023-01-03,14.29,14.92,14.17,14.36,14.36,1479636.0,,adjusted
2023-01-04,14.36,15.19,14.29,14.96,14.96,1335057.0,,adjusted
2023-01-05,14.98,15.43,14.85,15.3,15.3,943505.0,,adjusted
2023-01-06,15.29,15.57,15.01,15.07,15.07,912125.0,,adjusted
2023-01-09,15.1,15.21,14.65,14.78,14.78,762475.0,,adjusted
2023-01-10,14.82,14.91,14.59,14.84,14.84,513232.0,,adjusted
2023-01-11,14.86,15.56,14.79,15.23,15.23,916147.0,,adjusted
2023-01-12,15.23,15.32,14.78,14.84,14.84,488165.0,,adjusted
2023-01-13,14.75,14.91,14.62,14.77,14.77,642921.0,,adjusted
2023-01-16,14.77,14.96,14.56,14.9,14.9,699084.0,,adjusted
2023-01-17,14.93,15.08,14.67,14.99,14.99,549775.0,,adjusted
2023-01-18,14.99,15.09,14.62,14.68,14.68,627202.0,,adjusted
2023-01-19,14.55,14.64,14.29,14.64,14.64,674019.0,,adjusted
2023-01-20,14.58,14.81,14.5,14.74,14.74,562083.0,,adjusted
2023-01-30,14.87,14.93,14.34,14.46,14.46,988673.0,,adjusted
2023-01-31,14.39,14.7,14.32,14.67,14.67,594753.0,,adjusted
2023-02-01,14.64,14.75,14.27,14.53,14.53,858347.0,,adjusted
2023-02-02,14.51,14.62,14.3,14.59,14.59,802599.0,,adjusted
2023-02-03,14.49,14.5,14.14,14.27,14.27,778959.0,,adjusted
2023-02-06,14.08,14.18,13.92,13.96,13.96,732886.0,,adjusted
2023-02-07,13.96,14.37,13.94,14.22,14.22,621023.0,,adjusted
2023-02-08,14.21,14.59,14.16,14.48,14.48,853320.0,,adjusted
2023-02-09,14.48,14.79,14.4,14.62,14.62,558393.0,,adjusted
2023-02-10,14.64,14.89,14.52,14.72,14.72,472529.0,,adjusted
2023-02-13,14.74,14.8,14.43,14.51,14.51,658951.0,,adjusted
2023-02-14,14.53,14.7,14.32,14.54,14.54,529632.0,,adjusted
2023-02-15,14.46,14.47,13.96,14.06,14.06,1058806.0,,adjusted
2023-02-16,14.04,14.38,13.86,13.99,13.99,877760.0,,adjusted
2023-02-17,13.98,14.09,13.89,13.94,13.94,424679.0,,adjusted
2023-02-20,13.9,14.24,13.87,14.2,14.2,682152.0,,adjusted
2023-02-21,14.34,14.44,14.11,14.29,14.29,628192.0,,adjusted
2023-02-22,14.15,14.23,14.05,14.13,14.13,341012.0,,adjusted
2023-02-23,14.14,14.3,14.1,14.17,14.17,378666.0,,adjusted
2023-02-24,14.14,14.17,13.75,13.86,13.86,936808.0,,adjusted
2023-02-27,13.83,14.07,13.83,13.96,13.96,508024.0,,adjusted
2023-02-28,13.94,14.04,13.66,14.03,14.03,810694.0,,adjusted
2019-01-02,11.74,11.83,11.52,11.71,,379729.0,,raw
2019-01-03,11.67,12.0,11.61,11.9,,550014.0,,raw
2019-01-04,11.8,12.28,11.75,12.23,,567342.0,,raw
2019-01-07,12.4,12.47,12.06,12.16,,533576.0,,raw
2019-01-08,12.18,12.19,11.72,11.99,,432135.0,,raw
2019-01-09,12.04,12.34,11.92,12.14,,640844.0,,raw
2019-01-10,12.07,12.1,11.94,12.0,,388899.0,,raw
2019-01-11,12.05,12.12,11.9,11.99,,459694.0,,raw
2019-01-14,11.9,11.94,11.65,11.77,,485894.0,,raw
2019-01-15,11.78,11.78,11.23,11.68,,1101272.0,,raw
2019-01-16,11.64,11.9,11.5,11.86,,592800.0,,raw
2019-01-17,11.88,11.95,11.72,11.77,,446021.0,,raw
2019-01-18,11.84,12.1,11.75,12.07,,599464.0,,raw
2019-01-21,12.06,12.23,11.85,12.04,,578158.0,,raw
2019-01-22,12.0,12.28,11.95,12.05,,596990.0,,raw
2019-01-23,12.03,12.09,11.87,11.91,,354312.0,,raw
2019-01-24,11.94,12.0,11.73,11.94,,347617.0,,raw
2019-01-25,12.04,12.51,11.93,12.3,,869353.0,,raw
2019-01-28,12.36,12.54,12.15,12.24,,455277.0,,raw
2019-01-29,12.24,12.64,12.14,12.59,,732931.0,,raw
2019-01-30,12.5,13.08,12.48,12.7,,897206.0,,raw
2019-01-31,12.83,12.94,12.64,12.88,,632213.0,,raw
2019-02-01,12.96,13.0,12.56,12.87,,687435.0,,raw
2019-02-11,12.7,12.94,12.47,12.86,,645343.0,,raw
2019-02-12,12.79,12.87,12.59,12.87,,580779.0,,raw
2019-02-13,12.84,13.28,12.77,13.28,,840461.0,,raw
2019-02-14,13.15,13.43,13.12,13.38,,717020.0,,raw
2019-02-15,13.28,13.28,12.64,12.67,,1105551.0,,raw
2019-02-18,12.83,12.97,12.7,12.95,,991748.0,,raw
2019-02-19,13.02,13.1,12.7,12.79,,1184059.0,,raw
2019-02-20,12.83,13.28,12.72,13.14,,1409715.0,,raw
2019-02-21,13.07,13.08,12.78,12.86,,920373.0,,raw
2019-02-22,12.81,12.93,12.61,12.89,,864890.0,,raw
2019-02-25,12.97,13.69,12.9,13.62,,2168062.0,,raw
2019-02-26,13.5,13.68,13.18,13.23,,1969378.0,,raw
2019-02-27,13.26,13.63,13.11,13.3,,1479286.0,,raw
2019-02-28,13.25,13.54,13.09,13.21,,1220319.0,,raw
2019-03-01,13.31,13.36,13.0,13.35,,1224367.0,,raw
2019-03-04,13.4,14.33,13.39,13.9,,2891193.0,,raw
2019-03-05,13.9,14.42,13.8,14.16,,1802566.0,,raw
2019-03-06,14.18,14.27,13.72,13.99,,1238906.0,,raw
2019-03-07,13.95,13.95,13.32,13.53,,1662140.0,,raw
2019-03-08,13.22,13.53,12.98,13.04,,1545610.0,,raw
2019-03-11,12.84,13.12,12.59,13.03,,1576937.0,,raw
2019-03-12,13.2,13.25,12.9,13.03,,1272280.0,,raw
2019-03-13,13.0,13.49,12.75,13.25,,1745308.0,,raw
2019-03-14,13.16,13.62,13.13,13.25,,1229837.0,,raw
2019-03-15,13.26,13.78,13.15,13.78,,1839419.0,,raw
2019-03-18,13.86,14.57,13.67,14.4,,2123305.0,,raw
2019-03-19,14.4,14.76,14.1,14.24,,1363653.0,,raw
2019-03-20,14.24,14.48,13.98,14.37,,1285747.0,,raw
2019-03-21,14.36,14.6,14.03,14.14,,1232855.0,,raw
2019-03-22,14.08,14.13,13.76,13.94,,893041.0,,raw
2019-03-25,13.71,13.75,13.44,13.46,,1064699.0,,raw
2019-03-26,13.5,13.7,13.28,13.33,,1007494.0,,raw
2019-03-27,13.5,13.7,13.36,13.69,,1045423.0,,raw
2019-03-28,13.59,13.74,13.38,13.38,,995389.0,,raw
2019-03-29,13.46,14.25,13.36,14.24,,1858685.0,,raw
2019-04-01,14.45,15.08,14.33,14.67,,2115331.0,,raw
2019-04-02,14.68,14.68,14.36,14.44,,1297843.0,,raw
2019-04-03,14.38,14.66,14.27,14.61,,1064172.0,,raw
2019-04-04,14.63,14.87,14.39,14.55,,1223665.0,,raw
2019-04-08,14.6,14.88,14.29,14.46,,1204750.0,,raw
2019-04-09,14.75,14.94,14.46,14.92,,1678967.0,,raw
2019-04-10,14.76,14.81,14.43,14.65,,1128013.0,,raw
2019-04-11,14.6,14.82,14.14,14.2,,1055213.0,,raw
2019-04-12,14.23,14.27,13.8,13.9,,1218597.0,,raw
2019-04-15,14.21,14.36,13.83,13.84,,1313612.0,,raw
2019-04-16,13.87,14.53,13.6,14.48,,1445195.0,,raw
2019-04-17,14.4,14.47,14.1,14.19,,925469.0,,raw
2019-04-18,14.17,14.19,13.85,14.0,,1028734.0,,raw
2019-04-19,14.0,14.23,13.91,14.2,,721934.0,,raw
2019-04-22,13.97,13.97,13.38,13.4,,1912375.0,,raw
2019-04-23,13.43,13.55,13.36,13.4,,1004087.0,,raw
2019-04-24,13.45,13.51,13.2,13.36,,903312.0,,raw
2019-04-25,13.37,13.5,13.29,13.3,,827301.0,,raw
2019-04-26,13.28,13.42,13.16,13.24,,692306.0,,raw
2019-04-29,13.33,13.6,13.3,13.46,,1016601.0,,raw
2019-04-30,13.38,13.51,13.21,13.49,,643243.0,,raw
2019-05-06,13.08,13.28,12.68,12.83,,1058708.0,,raw
2019-05-07,12.98,13.07,12.83,12.94,,683261.0,,raw
2019-05-08,12.8,12.98,12.75,12.84,,479784.0,,raw
2019-05-09,12.8,12.9,12.43,12.51,,734587.0,,raw
2019-05-10,12.63,13.01,12.52,12.97,,815905.0,,raw
2019-05-13,12.69,12.9,12.6,12.81,,463484.0,,raw
2019-05-14,12.7,13.05,12.63,12.84,,610991.0,,raw
2019-05-15,12.93,13.12,12.9,12.95,,671912.0,,raw
2019-05-16,12.92,13.01,12.86,12.98,,580134.0,,raw
2019-05-17,12.98,13.0,12.58,12.62,,501025.0,,raw
2019-05-20,12.69,12.78,12.45,12.57,,483748.0,,raw
2019-05-21,12.59,12.79,12.56,12.7,,420079.0,,raw
2019-05-22,12.7,12.88,12.67,12.74,,490882.0,,raw
2019-05-23,12.69,12.72,12.4,12.57,,460321.0,,raw
2019-05-24,12.64,12.76,12.54,12.57,,356417.0,,raw
2019-05-27,12.56,12.69,12.32,12.68,,620904.0,,raw
2019-05-28,12.25,12.38,12.11,12.38,,664819.0,,raw
2019-05-29,12.24,12.35,12.21,12.23,,329527.0,,raw
2019-05-30,12.27,12.27,12.04,12.17,,343177.0,,raw
2019-05-31,12.15,12.29,12.1,12.16,,331340.0,,raw
2019-06-03,12.22,12.34,12.1,12.18,,385663.0,,raw
2019-06-04,12.21,12.25,12.06,12.15,,306615.0,,raw
2019-06-05,12.29,12.77,12.21,12.56,,973204.0,,raw
2019-06-06,12.57,12.74,12.53,12.54,,535169.0,,raw
2019-06-10,12.68,12.96,12.56,12.79,,601310.0,,raw
2019-06-11,12.79,13.0,12.78,12.93,,613210.0,,raw
2019-06-12,12.88,12.9,12.69,12.84,,424334.0,,raw
2019-06-13,12.8,12.84,12.65,12.73,,401623.0,,raw
2019-06-14,12.8,12.98,12.78,12.88,,642867.0,,raw
2019-06-17,12.79,12.91,12.68,12.84,,314241.0,,raw
2019-06-18,12.85,12.88,12.61,12.8,,337014.0,,raw
2019-06-19,13.02,13.09,12.79,12.84,,502012.0,,raw
2019-06-20,12.85,13.21,12.78,13.2,,853450.0,,raw
2019-06-21,13.13,13.24,12.98,13.01,,704595.0,,raw
2019-06-24,13.0,13.08,12.88,13.06,,460789.0,,raw
2019-06-25,13.04,13.09,12.78,12.88,,533459.0,,raw
2019-06-26,12.86,12.88,12.71,12.77,,498251.0,,raw
2019-06-27,12.8,12.9,12.77,12.82,,594195.0,,raw
2019-06-28,12.83,12.85,12.69,12.76,,365155.0,,raw
2019-07-01,12.89,13.07,12.84,13.02,,782770.0,,raw
2019-07-02,13.0,13.21,12.93,13.2,,709971.0,,raw
2019-07-03,13.2,13.55,13.05,13.36,,1315395.0,,raw
2019-07-04,13.37,13.96,13.37,13.64,,1438880.0,,raw
2019-07-05,13.56,13.71,13.44,13.54,,738327.0,,raw
2019-07-08,13.47,13.88,13.25,13.44,,1191106.0,,raw
2019-07-09,13.48,13.82,13.42,13.48,,955019.0,,raw
2019-07-10,13.6,13.66,13.37,13.46,,649737.0,,raw
2019-07-11,13.57,13.65,13.39,13.47,,534942.0,,raw
2019-07-12,13.47,13.66,13.43,13.55,,582871.0,,raw
2019-07-15,13.45,13.47,13.15,13.35,,884747.0,,raw
2019-07-16,13.37,13.61,13.33,13.52,,604487.0,,raw
2019-07-17,13.43,13.69,13.41,13.56,,464388.0,,raw
2019-07-18,13.55,13.66,13.41,13.55,,422271.0,,raw
2019-07-19,14.22,14.44,13.99,14.38,,2010707.0,,raw
2019-07-22,14.4,14.85,14.39,14.5,,1202744.0,,raw
2019-07-23,14.48,14.56,14.19,14.3,,932369.0,,raw
2019-07-24,14.38,14.47,14.21,14.31,,707628.0,,raw
2019-07-25,14.36,14.37,14.11,14.36,,597925.0,,raw
2019-07-26,14.2,14.57,14.17,14.48,,622115.0,,raw
2019-07-29,14.44,14.56,14.4,14.47,,488346.0,,raw
2019-07-30,14.46,14.71,14.46,14.62,,490532.0,,raw
2019-07-31,14.43,14.43,14.07,14.21,,996818.0,,raw
2019-08-01,14.1,14.22,13.75,13.83,,1050505.0,,raw
2019-08-02,13.6,13.92,13.55,13.82,,829014.0,,raw
2019-08-05,13.71,13.77,13.38,13.39,,698337.0,,raw
2019-08-06,13.2,13.68,13.17,13.53,,850294.0,,raw
2019-08-07,13.61,13.92,13.58,13.72,,607268.0,,raw
2019-08-08,13.85,13.88,13.72,13.76,,377533.0,,raw
2019-08-09,13.79,13.85,13.43,13.51,,512213.0,,raw
2019-08-12,13.54,13.95,13.47,13.92,,540229.0,,raw
2019-08-13,13.77,13.91,13.58,13.68,,455696.0,,raw
2019-08-14,13.92,13.95,13.56,13.63,,477053.0,,raw
2019-08-15,13.46,13.97,13.43,13.95,,471227.0,,raw
2019-08-16,13.98,14.11,13.83,13.85,,407647.0,,raw
2019-08-19,14.07,14.3,13.91,14.28,,665565.0,,raw
2019-08-20,14.21,14.64,14.19,14.45,,758148.0,,raw
2019-08-21,14.36,14.7,14.36,14.54,,480573.0,,raw
2019-08-22,14.54,14.69,14.25,14.36,,501134.0,,raw
2019-08-23,14.48,14.62,14.33,14.47,,539077.0,,raw
2019-08-26,14.12,14.53,14.1,14.44,,572153.0,,raw
2019-08-27,14.52,14.56,14.34,14.37,,683893.0,,raw
2019-08-28,14.35,14.41,14.13,14.25,,416008.0,,raw
2019-08-29,14.23,14.33,13.47,13.71,,1036089.0,,raw
2019-08-30,13.83,13.84,13.34,13.45,,967404.0,,raw
2019-09-02,13.36,13.55,13.31,13.48,,920110.0,,raw
2019-09-03,13.5,13.5,13.17,13.3,,900088.0,,raw
2019-09-04,13.3,13.89,13.3,13.87,,1320130.0,,raw
2019-09-05,13.83,14.05,13.58,13.71,,1592127.0,,raw
2019-09-06,13.71,13.81,13.41,13.77,,913927.0,,raw
2019-09-09,13.82,14.1,13.82,14.07,,1097161.0,,raw
2019-09-10,14.08,14.08,13.85,13.99,,498684.0,,raw
2019-09-11,14.0,14.03,13.83,13.95,,520801.0,,raw
2019-09-12,14.1,14.69,14.1,14.64,,1492051.0,,raw
2019-09-16,14.74,14.78,14.39,14.47,,931975.0,,raw
2019-09-17,14.44,14.68,14.35,14.48,,662425.0,,raw
2019-09-18,14.55,15.03,14.43,14.85,,983424.0,,raw
2019-09-19,14.85,14.91,14.66,14.81,,496235.0,,raw
2019-09-20,14.81,14.86,14.51,14.58,,740445.0,,raw
2019-09-23,14.56,14.65,14.38,14.48,,548744.0,,raw
2019-09-24,14.48,14.61,14.37,14.39,,429565.0,,raw
2019-09-25,14.36,14.46,14.18,14.35,,428593.0,,raw
2019-09-26,14.4,14.82,14.39,14.46,,696314.0,,raw
2019-09-27,14.46,14.49,14.13,14.24,,487067.0,,raw
2019-09-30,14.19,14.44,14.16,14.3,,383959.0,,raw
2019-10-08,14.35,15.4,14.35,15.11,,1410944.0,,raw
2019-10-09,15.08,15.95,15.07,15.67,,1262827.0,,raw
2019-10-10,15.7,15.85,15.44,15.65,,914657.0,,raw
2019-10-11,15.69,15.9,15.53,15.71,,901212.0,,raw
2019-10-14,15.75,16.01,15.54,15.6,,875186.0,,raw
2019-10-15,15.6,15.87,15.51,15.6,,514974.0,,raw
2019-10-16,15.67,16.44,15.63,15.8,,1075893.0,,raw
2019-10-17,15.8,15.88,15.55,15.68,,453039.0,,raw
2019-10-18,15.73,16.07,15.29,15.32,,694966.0,,raw
2019-10-21,15.45,15.99,15.4,15.78,,847279.0,,raw
2019-10-22,15.84,15.86,15.39,15.69,,621135.0,,raw
2019-10-23,15.6,15.62,15.21,15.32,,572631.0,,raw
2019-10-24,15.39,15.54,15.2,15.38,,481818.0,,raw
2019-10-25,15.46,15.59,15.23,15.53,,484973.0,,raw
2019-10-28,15.3,15.3,14.81,14.9,,1351747.0,,raw
2019-10-29,14.87,14.87,14.6,14.69,,812734.0,,raw
2019-10-30,14.62,14.88,14.46,14.59,,855843.0,,raw
2019-10-31,14.59,14.7,14.28,14.41,,742869.0,,raw
2019-11-01,14.4,14.9,14.24,14.82,,903558.0,,raw
2019-11-04,14.85,14.89,14.58,14.79,,740539.0,,raw
2019-11-05,14.86,15.15,14.57,14.97,,950300.0,,raw
2019-11-06,14.9,14.9,14.64,14.67,,676750.0,,raw
2019-11-07,14.64,14.83,14.59,14.75,,433258.0,,raw
2019-11-08,14.83,14.88,14.61,14.62,,517416.0,,raw
2019-11-11,14.5,14.52,14.05,14.12,,1049416.0,,raw
2019-11-12,14.19,14.27,14.04,14.16,,467099.0,,raw
2019-11-13,14.22,14.23,14.06,14.18,,374014.0,,raw
2019-11-14,14.2,14.24,14.09,14.14,,387840.0,,raw
2019-11-15,14.15,14.22,13.98,14.05,,562531.0,,raw
2019-11-18,14.03,14.31,13.84,14.14,,852205.0,,raw
2019-11-19,14.14,14.55,14.1,14.5,,757734.0,,raw
2019-11-20,14.43,14.61,14.33,14.36,,510314.0,,raw
2019-11-21,14.2,14.36,14.1,14.29,,583664.0,,raw
2019-11-22,14.3,14.42,14.13,14.37,,540090.0,,raw
2019-11-25,14.45,15.01,14.44,14.85,,1194584.0,,raw
2019-11-26,14.9,14.92,14.63,14.77,,644297.0,,raw
2019-11-27,14.69,14.81,14.55,14.66,,413540.0,,raw
2019-11-28,14.67,14.71,14.3,14.4,,416358.0,,raw
2019-11-29,14.34,14.55,14.25,14.43,,371020.0,,raw
2019-12-02,14.5,15.03,14.5,14.96,,1030915.0,,raw
2019-12-03,14.89,15.12,14.78,14.96,,701813.0,,raw
2019-12-04,14.89,14.94,14.72,14.88,,452036.0,,raw
2019-12-05,14.95,14.96,14.67,14.9,,501579.0,,raw
2019-12-06,14.88,14.98,14.76,14.98,,373774.0,,raw
2019-12-09,14.98,15.57,14.97,15.54,,1052308.0,,raw
2019-12-10,15.38,15.57,15.28,15.47,,557049.0,,raw
2019-12-11,15.58,15.81,15.31,15.58,,642241.0,,raw
2019-12-12,15.58,15.7,15.22,15.35,,559302.0,,raw
2019-12-13,15.54,15.83,15.52,15.7,,864991.0,,raw
2019-12-16,15.6,15.71,15.34,15.69,,899677.0,,raw
2019-12-17,15.62,16.35,15.52,15.99,,1214687.0,,raw
2019-12-18,15.95,16.1,15.78,15.86,,599437.0,,raw
2019-12-19,15.85,16.13,15.79,15.86,,517778.0,,raw
2019-12-20,15.9,16.15,15.85,16.0,,631272.0,,raw
2019-12-23,15.97,16.14,15.56,15.64,,700982.0,,raw
2019-12-24,15.64,15.72,15.3,15.41,,684881.0,,raw
2019-12-25,15.37,15.44,15.14,15.3,,644191.0,,raw
2019-12-26,15.41,15.99,15.38,15.91,,992783.0,,raw
2019-12-27,15.84,16.13,15.8,15.87,,708062.0,,raw
2019-12-30,16.17,16.27,15.86,16.27,,782131.0,,raw
2019-12-31,16.17,16.46,15.96,16.18,,656682.0,,raw
2020-01-02,16.45,16.78,16.23,16.26,,1002915.0,,raw
2020-01-03,16.38,16.38,15.75,15.95,,1074823.0,,raw
2020-01-06,15.8,15.81,15.55,15.68,,1263365.0,,raw
2020-01-07,15.72,15.82,15.58,15.79,,855224.0,,raw
2020-01-08,15.6,15.63,15.41,15.52,,882805.0,,raw
2020-01-09,16.18,16.4,15.96,16.28,,1946176.0,,raw
2020-01-10,16.3,16.34,15.9,16.02,,956771.0,,raw
2020-01-13,16.09,16.52,16.07,16.48,,901699.0,,raw
2020-01-14,16.5,16.59,16.27,16.35,,598866.0,,raw
2020-01-15,16.35,16.43,16.06,16.13,,549852.0,,raw
2020-01-16,16.16,16.28,15.99,16.03,,623515.0,,raw
2020-01-17,16.1,16.23,15.99,16.12,,470332.0,,raw
2020-01-20,16.12,16.17,15.8,15.98,,584887.0,,raw
2020-01-21,15.82,15.88,15.43,15.45,,910108.0,,raw
2020-01-22,15.44,15.91,15.28,15.87,,962108.0,,raw
2020-01-23,15.61,15.75,15.23,15.33,,821771.0,,raw
2020-02-03,13.9,14.24,13.8,13.98,,1820509.0,,raw
2020-02-04,14.1,14.38,13.86,14.31,,1119867.0,,raw
2020-02-05,14.2,14.62,14.08,14.48,,1169009.0,,raw
2020-02-06,14.59,14.68,14.3,14.55,,1039265.0,,raw
2020-02-07,14.37,14.5,14.2,14.4,,688732.0,,raw
2020-02-10,14.19,15.0,14.13,14.83,,1112295.0,,raw
2020-02-11,14.71,15.25,14.7,14.97,,849948.0,,raw
2020-02-12,14.83,15.08,14.75,14.91,,648115.0,,raw
2020-02-13,15.12,15.58,15.11,15.39,,1099935.0,,raw
2020-02-14,15.45,15.95,15.39,15.9,,953059.0,,raw
2020-02-17,16.03,16.1,15.54,15.74,,987223.0,,raw
2020-02-18,15.56,15.72,15.41,15.5,,758720.0,,raw
2020-02-19,15.46,15.64,15.32,15.48,,580113.0,,raw
2020-02-20,15.41,15.66,15.4,15.64,,829784.0,,raw
2020-02-21,15.6,15.64,15.2,15.33,,844023.0,,raw
2020-02-24,15.28,15.31,14.85,15.09,,842404.0,,raw
2020-02-25,15.05,15.53,15.03,15.26,,957682.0,,raw
2020-02-26,15.1,16.46,15.03,15.99,,2141587.0,,raw
2020-02-27,16.04,16.15,15.72,15.83,,990614.0,,raw
2020-02-28,15.7,16.47,15.62,16.19,,1609630.0,,raw
2020-03-02,16.41,17.01,16.4,16.69,,1793904.0,,raw
2020-03-03,16.79,16.9,16.24,16.61,,1471336.0,,raw
2020-03-04,16.75,17.35,16.41,16.81,,1609720.0,,raw
2020-03-05,16.7,17.17,16.5,17.04,,1148835.0,,raw
2020-03-06,16.81,16.9,16.4,16.49,,875205.0,,raw
2020-03-09,16.19,16.38,15.84,16.17,,847579.0,,raw
2020-03-10,16.29,16.6,15.95,16.39,,711188.0,,raw
2020-03-11,16.45,16.66,16.18,16.25,,746382.0,,raw
2020-03-12,16.11,16.54,15.93,16.39,,709346.0,,raw
2020-03-13,15.63,16.25,15.4,16.11,,917554.0,,raw
2020-03-16,16.06,16.07,15.22,15.29,,1006589.0,,raw
2020-03-17,15.25,15.58,14.88,15.09,,875327.0,,raw
2020-03-18,15.06,15.21,14.4,14.42,,918667.0,,raw
2020-03-19,14.22,14.5,13.4,14.0,,1040890.0,,raw
2020-03-20,14.18,14.6,13.9,14.49,,643167.0,,raw
2020-03-23,13.98,14.25,13.8,14.08,,523403.0,,raw
2020-03-24,14.31,14.66,14.2,14.52,,547285.0,,raw
2020-03-25,14.77,15.28,14.54,15.17,,916587.0,,raw
2020-03-26,14.85,15.27,14.82,15.12,,608704.0,,raw
2020-03-27,15.33,15.5,15.1,15.25,,709914.0,,raw
2020-03-30,15.09,15.47,14.97,15.2,,788986.0,,raw
2020-03-31,15.3,15.35,14.7,14.87,,695372.0,,raw
2020-04-01,14.9,15.33,14.79,14.97,,583736.0,,raw
2020-04-02,14.9,15.09,14.82,15.09,,394513.0,,raw
2020-04-03,14.96,15.16,14.92,15.03,,333922.0,,raw
2020-04-07,15.3,15.32,15.04,15.16,,642316.0,,raw
2020-04-08,15.09,15.24,14.97,15.17,,418136.0,,raw
2020-04-09,15.18,15.18,14.84,14.94,,386593.0,,raw
2020-04-10,14.9,15.17,14.58,14.69,,665538.0,,raw
2020-04-13,14.69,15.15,14.61,15.07,,479215.0,,raw
2020-04-14,15.2,15.83,15.12,15.59,,824339.0,,raw
2020-04-15,15.5,15.61,15.21,15.3,,442485.0,,raw
2020-04-16,15.6,15.93,15.46,15.76,,838854.0,,raw
2020-04-17,15.88,15.89,15.67,15.82,,511058.0,,raw
2020-04-20,15.82,15.92,15.33,15.88,,669331.0,,raw
2020-04-21,15.9,16.17,15.71,15.93,,721011.0,,raw
2020-04-22,15.85,15.95,15.6,15.95,,459005.0,,raw
2020-04-23,15.95,16.04,15.68,15.89,,500669.0,,raw
2020-04-24,15.86,15.9,15.72,15.84,,342608.0,,raw
2020-04-27,15.84,16.24,15.82,15.91,,435573.0,,raw
2020-04-28,15.97,16.35,15.93,16.15,,517666.0,,raw
2020-04-29,16.1,16.66,16.1,16.51,,507074.0,,raw
2020-04-30,16.52,16.54,16.15,16.24,,597304.0,,raw
2020-05-06,16.01,16.11,15.67,15.87,,915526.0,,raw
2020-05-07,15.76,15.92,15.68,15.72,,492959.0,,raw
2020-05-08,15.84,15.93,15.69,15.89,,637561.0,,raw
2020-05-11,15.88,15.96,15.72,15.75,,587482.0,,raw
2020-05-12,15.77,15.83,15.65,15.74,,439948.0,,raw
2020-05-13,15.71,15.75,15.52,15.69,,457082.0,,raw
2020-05-14,15.61,15.69,15.27,15.35,,572642.0,,raw
2020-05-15,15.4,15.46,15.09,15.26,,550221.0,,raw
2020-05-18,15.32,15.56,15.26,15.46,,512259.0,,raw
2020-05-19,15.7,15.7,15.3,15.35,,424139.0,,raw
2020-05-20,15.31,15.45,15.15,15.27,,376923.0,,raw
2020-05-21,15.36,15.38,14.99,15.05,,383279.0,,raw
2020-05-22,15.08,15.08,14.75,14.75,,486626.0,,raw
2020-05-25,14.9,15.26,14.82,15.25,,521357.0,,raw
2020-05-26,15.38,15.39,15.16,15.31,,331279.0,,raw
2020-05-27,15.31,15.45,15.22,15.39,,355443.0,,raw
2020-05-28,15.39,15.75,15.36,15.49,,725713.0,,raw
2020-05-29,14.75,14.77,14.29,14.36,,595728.0,,raw
2020-06-01,14.48,14.84,14.41,14.8,,524767.0,,raw
2020-06-02,14.7,15.29,14.68,15.21,,722984.0,,raw
2020-06-03,15.33,15.78,15.24,15.25,,773456.0,,raw
2020-06-04,15.42,15.47,14.95,15.09,,482214.0,,raw
2020-06-05,15.09,15.09,14.68,14.86,,637147.0,,raw
2020-06-08,14.91,15.14,14.81,14.91,,629105.0,,raw
2020-06-09,14.91,15.17,14.86,14.95,,548815.0,,raw
2020-06-10,14.95,14.95,14.58,14.63,,685705.0,,raw
2020-06-11,14.6,14.63,14.31,14.35,,649192.0,,raw
2020-06-12,14.2,14.47,14.15,14.4,,586457.0,,raw
2020-06-15,14.24,14.55,14.21,14.34,,485108.0,,raw
2020-06-16,14.54,14.62,14.43,14.53,,431031.0,,raw
2020-06-17,14.48,14.53,14.25,14.36,,492703.0,,raw
2020-06-18,14.47,14.66,14.43,14.61,,579451.0,,raw
2020-06-19,14.61,14.62,14.37,14.56,,902116.0,,raw
2020-06-22,14.46,14.57,14.4,14.44,,590733.0,,raw
2020-06-23,14.4,14.48,14.27,14.31,,542774.0,,raw
2020-06-24,14.37,14.75,14.33,14.74,,1042670.0,,raw
2020-06-29,14.66,14.68,14.37,14.53,,560535.0,,raw
2020-06-30,14.57,14.78,14.48,14.78,,611628.0,,raw
2020-07-01,14.81,16.26,14.71,15.9,,2152274.0,,raw
2020-07-02,16.02,16.59,15.94,16.37,,1820543.0,,raw
2020-07-03,16.42,16.89,15.93,16.35,,1670760.0,,raw
2020-07-06,16.73,17.99,16.73,17.99,,2218365.0,,raw
2020-07-07,18.47,18.7,17.55,17.66,,1661575.0,,raw
2020-07-08,17.7,18.09,17.4,17.79,,1247970.0,,raw
2020-07-09,17.99,18.19,17.38,18.13,,1321336.0,,raw
2020-07-10,17.73,17.98,17.24,17.44,,1318418.0,,raw
2020-07-13,17.3,17.61,16.85,17.31,,1234972.0,,raw
2020-07-14,17.2,17.4,16.58,16.93,,1362884.0,,raw
2020-07-15,17.06,17.23,16.42,16.45,,1089905.0,,raw
2020-07-16,16.58,16.83,16.12,16.14,,1207633.0,,raw
2020-07-17,16.25,16.42,15.8,16.07,,999752.0,,raw
2020-07-20,16.23,17.07,16.1,16.87,,1341740.0,,raw
2020-07-21,16.85,16.93,16.45,16.61,,971633.0,,raw
2020-07-22,16.51,16.89,16.44,16.54,,1047300.0,,raw
2020-07-23,16.32,16.48,15.96,16.25,,823223.0,,raw
2020-07-24,16.22,16.54,15.7,15.87,,933234.0,,raw
2020-07-27,16.02,16.05,15.36,15.52,,918235.0,,raw
2020-07-28,15.65,15.78,15.42,15.7,,922071.0,,raw
2020-07-29,15.61,15.87,15.41,15.8,,898486.0,,raw
2020-07-30,15.79,15.79,15.49,15.52,,1015176.0,,raw
2020-07-31,15.44,15.82,15.4,15.6,,976284.0,,raw
2020-08-03,15.75,16.1,15.71,15.88,,1288992.0,,raw
2020-08-04,15.9,16.35,15.73,16.23,,1489558.0,,raw
2020-08-05,16.05,16.05,15.7,15.79,,1397649.0,,raw
2020-08-06,15.8,15.95,15.59,15.9,,786213.0,,raw
2020-08-07,15.78,15.89,15.6,15.77,,731894.0,,raw
2020-08-10,15.7,16.45,15.67,16.27,,1466594.0,,raw
2020-08-11,16.31,16.69,16.19,16.25,,1278855.0,,raw
2020-08-12,16.3,16.64,16.2,16.55,,976319.0,,raw
2020-08-13,16.51,16.63,16.35,16.52,,624093.0,,raw
2020-08-14,16.51,17.11,16.39,17.02,,1221908.0,,raw
2020-08-17,17.05,17.78,16.85,17.41,,1389529.0,,raw
2020-08-18,17.39,17.49,16.76,16.96,,1165665.0,,raw
2020-08-19,16.94,16.94,16.58,16.72,,854731.0,,raw
2020-08-20,16.66,16.74,16.45,16.65,,682859.0,,raw
2020-08-21,16.77,16.8,16.43,16.56,,576909.0,,raw
2020-08-24,16.7,16.84,16.45,16.48,,635641.0,,raw
2020-08-25,16.48,16.64,16.35,16.54,,680465.0,,raw
2020-08-26,16.55,16.92,16.45,16.64,,881091.0,,raw
2020-08-27,16.6,16.6,15.99,16.2,,1138875.0,,raw
2020-08-28,16.11,16.54,16.07,16.47,,929342.0,,raw
2020-08-31,16.59,16.76,16.07,16.1,,998986.0,,raw
2020-09-01,16.13,16.25,16.03,16.21,,684004.0,,raw
2020-09-02,16.12,16.45,16.05,16.27,,868103.0,,raw
2020-09-03,16.27,16.53,16.16,16.4,,876217.0,,raw
2020-09-04,16.25,16.5,16.08,16.47,,726993.0,,raw
2020-09-07,16.32,17.12,16.31,16.61,,1202366.0,,raw
2020-09-08,16.68,16.88,16.45,16.61,,749929.0,,raw
2020-09-09,16.45,16.6,16.21,16.4,,612641.0,,raw
2020-09-10,16.6,17.3,16.6,16.77,,1286606.0,,raw
2020-09-11,16.79,16.88,16.45,16.58,,771679.0,,raw
2020-09-14,16.6,16.73,16.36,16.55,,585191.0,,raw
2020-09-15,16.5,16.78,16.33,16.66,,648901.0,,raw
2020-09-16,16.58,16.97,16.48,16.84,,785096.0,,raw
2020-09-17,16.76,16.89,16.6,16.64,,574411.0,,raw
2020-09-18,16.64,17.35,16.61,17.35,,1408701.0,,raw
2020-09-21,17.36,17.38,17.03,17.07,,750743.0,,raw
2020-09-22,16.96,17.06,16.74,16.84,,572056.0,,raw
2020-09-23,16.85,16.89,16.63,16.68,,530942.0,,raw
2020-09-24,16.66,16.67,16.33,16.37,,647521.0,,raw
2020-09-25,16.33,16.45,15.79,15.89,,934862.0,,raw
2020-09-28,15.99,16.22,15.9,16.15,,725703.0,,raw
2020-09-29,16.12,16.18,16.03,16.07,,498309.0,,raw
2020-09-30,16.2,16.25,15.73,15.89,,675892.0,,raw
2020-10-09,16.0,16.1,15.87,16.06,,546719.0,,raw
2020-10-12,16.14,16.43,16.1,16.43,,811522.0,,raw
2020-10-13,16.32,16.34,16.05,16.21,,657030.0,,raw
2020-10-14,16.12,16.18,16.01,16.12,,434851.0,,raw
2020-10-15,16.12,16.31,16.09,16.12,,429236.0,,raw
2020-10-16,16.13,16.27,16.08,16.21,,514729.0,,raw
2020-10-19,16.32,16.76,16.19,16.29,,880067.0,,raw
2020-10-20,16.21,16.26,16.03,16.15,,536028.0,,raw
2020-10-21,16.16,16.27,15.99,16.21,,554984.0,,raw
2020-10-22,16.2,16.49,16.15,16.3,,681959.0,,raw
2020-10-23,16.26,16.56,16.18,16.4,,777287.0,,raw
2020-10-26,16.5,16.62,16.3,16.44,,594439.0,,raw
2020-10-27,16.39,16.44,16.0,16.05,,869124.0,,raw
2020-10-28,16.05,16.08,15.58,15.72,,795669.0,,raw
2020-10-29,15.58,15.89,15.54,15.76,,544636.0,,raw
2020-10-30,15.69,16.0,15.22,15.36,,1039107.0,,raw
2020-11-02,15.41,15.62,15.36,15.49,,524322.0,,raw
2020-11-03,15.51,15.62,15.34,15.57,,560369.0,,raw
2020-11-04,15.49,15.66,15.46,15.54,,400542.0,,raw
2020-11-05,15.61,16.04,15.61,15.92,,826035.0,,raw
2020-11-06,15.98,16.27,15.9,16.16,,828790.0,,raw
2020-11-09,16.3,16.37,16.05,16.19,,771436.0,,raw
2020-11-10,16.26,16.46,16.05,16.12,,585628.0,,raw
2020-11-11,16.12,16.5,16.05,16.4,,991050.0,,raw
2020-11-12,16.29,16.42,16.18,16.27,,503399.0,,raw
2020-11-13,16.17,16.18,15.7,15.78,,787331.0,,raw
2020-11-16,15.8,16.05,15.72,15.99,,658905.0,,raw
2020-11-17,15.99,16.61,15.96,16.56,,1568110.0,,raw
2020-11-18,16.58,17.06,16.25,16.73,,1489607.0,,raw
2020-11-19,16.79,17.1,16.68,16.99,,1210508.0,,raw
2020-11-20,17.08,17.08,16.68,16.96,,636291.0,,raw
2020-11-23,17.05,17.12,16.78,16.96,,727720.0,,raw
2020-11-24,16.85,17.05,16.7,16.78,,606149.0,,raw
2020-11-25,16.89,17.12,16.73,16.83,,705081.0,,raw
2020-11-26,16.87,16.93,16.58,16.89,,549775.0,,raw
2020-11-27,16.94,17.41,16.9,17.4,,995854.0,,raw
2020-11-30,17.42,18.01,17.22,17.22,,1321454.0,,raw
2020-12-01,17.2,17.3,16.67,17.25,,1016514.0,,raw
2020-12-02,17.25,17.76,17.05,17.37,,837313.0,,raw
2020-12-03,17.37,17.47,17.11,17.27,,512634.0,,raw
2020-12-04,17.27,17.3,16.82,16.96,,565766.0,,raw
2020-12-07,16.9,16.96,16.48,16.54,,634187.0,,raw
2020-12-08,16.58,16.63,16.36,16.46,,483970.0,,raw
2020-12-09,16.5,16.54,16.23,16.29,,595087.0,,raw
2020-12-10,16.28,16.42,16.08,16.21,,474265.0,,raw
2020-12-11,16.3,16.3,15.91,15.98,,535688.0,,raw
2020-12-14,16.2,16.27,16.0,16.21,,563060.0,,raw
2020-12-15,16.18,16.2,15.9,16.02,,483407.0,,raw
2020-12-16,16.07,16.3,15.95,16.1,,495821.0,,raw
2020-12-17,16.08,16.23,15.95,16.16,,536394.0,,raw
2020-12-18,16.11,16.16,15.83,16.05,,971686.0,,raw
2020-12-21,15.94,15.97,15.69,15.91,,675639.0,,raw
2020-12-22,15.88,16.29,15.74,15.94,,828229.0,,raw
2020-12-23,15.98,16.01,15.55,15.65,,908582.0,,raw
2020-12-24,15.66,15.78,15.48,15.6,,479855.0,,raw
2020-12-25,15.72,15.73,15.5,15.72,,351813.0,,raw
2020-12-28,15.7,15.77,15.37,15.66,,695065.0,,raw
2020-12-29,15.7,15.9,15.68,15.76,,606107.0,,raw
2020-12-30,15.74,15.8,15.54,15.6,,553001.0,,raw
2020-12-31,15.61,15.86,15.54,15.82,,722418.0,,raw
2021-01-04,15.68,15.68,15.18,15.29,,1232988.0,,raw
2021-01-05,15.19,15.2,14.68,15.1,,1326558.0,,raw
2021-01-06,15.02,15.27,14.95,15.23,,1039797.0,,raw
2021-01-07,15.24,15.45,14.81,15.06,,1003552.0,,raw
2021-01-08,14.98,15.26,14.92,15.19,,774126.0,,raw
2021-01-11,15.19,15.45,14.96,15.04,,1236935.0,,raw
2021-01-12,15.05,15.19,14.86,15.17,,868819.0,,raw
2021-01-13,15.25,15.68,15.12,15.45,,1205710.0,,raw
2021-01-14,15.43,15.83,15.38,15.47,,980633.0,,raw
2021-01-15,15.41,15.75,15.41,15.52,,858351.0,,raw
2021-01-18,15.59,16.04,15.39,15.96,,1277876.0,,raw
2021-01-19,15.75,16.4,15.6,16.1,,1821936.0,,raw
2021-01-20,15.97,15.98,15.51,15.68,,958791.0,,raw
2021-01-21,15.6,15.66,15.23,15.32,,1345816.0,,raw
2021-01-22,15.16,15.17,14.83,14.83,,1205636.0,,raw
2021-01-25,14.76,14.76,14.36,14.63,,1430846.0,,raw
2021-01-26,14.59,14.79,14.51,14.6,,804020.0,,raw
2021-01-27,14.61,14.76,14.25,14.37,,941820.0,,raw
2021-01-28,14.21,14.21,13.93,14.05,,914567.0,,raw
2021-01-29,14.09,14.15,13.77,13.81,,720713.0,,raw
2021-02-01,13.82,13.96,13.58,13.82,,646375.0,,raw
2021-02-02,13.82,14.07,13.74,14.0,,734213.0,,raw
2021-02-03,14.05,14.05,13.7,13.76,,543484.0,,raw
2021-02-04,13.74,13.74,13.31,13.38,,976345.0,,raw
2021-02-05,13.38,13.91,13.34,13.75,,883794.0,,raw
2021-02-08,13.98,14.22,13.8,13.95,,845103.0,,raw
2021-02-09,13.95,14.04,13.72,13.88,,627720.0,,raw
2021-02-10,13.87,14.01,13.77,13.83,,543457.0,,raw
2021-02-18,13.91,14.4,13.9,14.36,,925244.0,,raw
2021-02-19,14.27,14.5,14.18,14.41,,640121.0,,raw
2021-02-22,14.42,14.81,14.3,14.7,,904583.0,,raw
2021-02-23,14.56,14.82,14.53,14.65,,491777.0,,raw
2021-02-24,14.66,14.99,14.61,14.82,,961248.0,,raw
2021-02-25,15.05,16.3,14.99,16.07,,3864956.0,,raw
2021-02-26,15.68,16.05,15.3,15.54,,1798975.0,,raw
2021-03-01,15.69,16.28,15.41,16.08,,1425360.0,,raw
2021-03-02,16.06,16.64,15.9,16.02,,1296910.0,,raw
2021-03-03,15.86,16.31,15.77,16.08,,894751.0,,raw
2021-03-04,15.98,16.28,15.5,15.62,,1122718.0,,raw
2021-03-05,15.49,15.78,15.11,15.33,,986394.0,,raw
2021-03-08,15.49,15.6,15.18,15.18,,650108.0,,raw
2021-03-09,15.26,15.48,15.0,15.06,,788235.0,,raw
2021-03-10,15.17,15.26,14.82,14.9,,669359.0,,raw
2021-03-11,14.94,15.23,14.9,15.0,,611528.0,,raw
2021-03-12,15.02,15.6,14.74,15.18,,790037.0,,raw
2021-03-15,15.24,15.28,14.86,14.98,,771002.0,,raw
2021-03-16,15.0,15.65,14.89,15.58,,896052.0,,raw
2021-03-17,15.4,15.69,15.25,15.32,,579419.0,,raw
2021-03-18,15.36,15.43,15.18,15.25,,462580.0,,raw
2021-03-19,15.11,15.14,14.57,14.66,,779136.0,,raw
2021-03-22,14.51,14.75,14.48,14.68,,400239.0,,raw
2021-03-23,14.68,14.76,14.45,14.51,,477572.0,,raw
2021-03-24,14.48,14.54,14.25,14.32,,499667.0,,raw
2021-03-25,14.33,14.44,14.22,14.34,,306446.0,,raw
2021-03-26,14.34,14.45,14.3,14.35,,392819.0,,raw
2021-03-29,14.31,14.43,14.17,14.36,,488363.0,,raw
2021-03-30,14.3,14.55,14.25,14.39,,441330.0,,raw
2021-03-31,14.37,14.38,14.09,14.23,,454187.0,,raw
2021-04-01,14.24,14.29,14.05,14.15,,333865.0,,raw
2021-04-02,14.18,14.27,14.09,14.2,,326983.0,,raw
2021-04-06,14.25,14.29,14.17,14.2,,271952.0,,raw
2021-04-07,14.2,14.3,14.12,14.27,,335415.0,,raw
2021-04-08,14.18,14.19,14.08,14.15,,345028.0,,raw
2021-04-09,14.14,14.15,13.9,13.99,,461723.0,,raw
2021-04-12,14.0,14.31,13.96,14.28,,584832.0,,raw
2021-04-13,14.27,14.38,14.12,14.33,,425218.0,,raw
2021-04-14,14.33,14.41,14.25,14.34,,376039.0,,raw
2021-04-15,14.34,14.42,14.25,14.33,,311653.0,,raw
2021-04-16,14.4,14.52,14.31,14.49,,379533.0,,raw
2021-04-19,14.5,14.58,14.4,14.57,,356401.0,,raw
2021-04-20,14.39,14.42,14.08,14.12,,864697.0,,raw
2021-04-21,14.11,14.18,13.98,14.16,,429920.0,,raw
2021-04-22,14.18,14.3,14.13,14.21,,414825.0,,raw
2021-04-23,14.16,14.19,13.96,14.12,,664240.0,,raw
2021-04-26,14.07,14.15,13.98,14.0,,507474.0,,raw
2021-04-27,14.0,14.18,13.91,14.12,,449760.0,,raw
2021-04-28,14.17,14.18,14.05,14.13,,334438.0,,raw
2021-04-29,14.17,14.19,14.06,14.18,,339106.0,,raw
2021-04-30,14.1,14.18,13.91,14.0,,514016.0,,raw
2021-05-06,13.93,14.07,13.9,13.96,,326632.0,,raw
2021-05-07,13.91,14.03,13.86,13.91,,359141.0,,raw
2021-05-10,13.88,13.9,13.57,13.74,,493246.0,,raw
2021-05-11,13.64,13.84,13.59,13.8,,302365.0,,raw
2021-05-12,13.71,13.73,13.39,13.48,,705036.0,,raw
2021-05-13,13.39,13.48,13.36,13.44,,344650.0,,raw
2021-05-14,13.45,13.65,13.37,13.63,,442186.0,,raw
2021-05-17,13.58,13.75,13.51,13.67,,408658.0,,raw
2021-05-18,13.65,13.84,13.56,13.73,,407699.0,,raw
2021-05-19,13.73,13.75,13.44,13.49,,416391.0,,raw
2021-05-20,13.51,13.52,13.39,13.49,,324413.0,,raw
2021-05-21,13.48,13.54,13.26,13.26,,533195.0,,raw
2021-05-24,13.23,13.23,13.05,13.08,,520273.0,,raw
2021-05-25,13.07,13.49,13.03,13.47,,643661.0,,raw
2021-05-26,13.47,14.06,13.46,13.72,,1074278.0,,raw
2021-05-27,13.73,13.97,13.65,13.76,,553421.0,,raw
2021-05-28,13.8,13.85,13.48,13.58,,468850.0,,raw
2021-05-31,13.59,13.66,13.41,13.52,,424993.0,,raw
2021-06-01,13.55,13.62,13.32,13.36,,427218.0,,raw
2021-06-02,13.36,13.55,13.26,13.46,,418390.0,,raw
2021-06-03,13.45,13.57,13.38,13.39,,337210.0,,raw
2021-06-04,13.38,13.52,13.32,13.42,,394796.0,,raw
2021-06-07,13.33,13.33,13.01,13.1,,662625.0,,raw
2021-06-08,13.15,13.22,13.06,13.1,,390369.0,,raw
2021-06-09,13.13,13.19,13.1,13.15,,357009.0,,raw
2021-06-10,13.15,13.19,13.05,13.05,,355901.0,,raw
2021-06-11,13.05,13.13,12.98,13.07,,452378.0,,raw
2021-06-15,13.06,13.06,12.68,12.68,,555717.0,,raw
2021-06-16,12.6,12.99,12.56,12.89,,460244.0,,raw
2021-06-17,12.86,12.95,12.75,12.89,,370888.0,,raw
2021-06-18,12.85,12.87,12.62,12.77,,398792.0,,raw
2021-06-21,12.74,12.76,12.47,12.52,,414776.0,,raw
2021-06-22,12.52,12.65,12.25,12.3,,590467.0,,raw
2021-06-23,12.32,12.47,12.29,12.42,,513986.0,,raw
2021-06-24,12.4,12.53,12.33,12.4,,397107.0,,raw
2021-06-25,12.42,12.5,12.36,12.47,,363426.0,,raw
2021-06-28,12.47,12.49,12.09,12.13,,636180.0,,raw
2021-06-29,12.13,12.2,11.98,12.0,,521434.0,,raw
2021-06-30,12.04,12.1,11.98,12.04,,361091.0,,raw
2021-07-01,12.07,12.6,12.01,12.54,,927400.0,,raw
2021-07-02,12.48,12.49,12.06,12.09,,564497.0,,raw
2021-07-05,12.09,12.12,11.78,11.88,,609378.0,,raw
2021-07-06,11.87,12.48,11.81,12.31,,825711.0,,raw
2021-07-07,12.23,12.38,12.12,12.17,,385987.0,,raw
2021-07-08,12.18,12.23,11.91,12.12,,528802.0,,raw
2021-07-09,12.07,12.26,12.03,12.18,,353687.0,,raw
2021-07-12,12.28,12.28,12.01,12.02,,479592.0,,raw
2021-07-13,12.04,12.25,11.97,12.04,,374680.0,,raw
2021-07-14,12.05,12.05,11.76,11.79,,488949.0,,raw
2021-07-15,11.76,11.89,11.65,11.8,,483783.0,,raw
2021-07-16,11.74,11.93,11.74,11.79,,364202.0,,raw
2021-07-19,11.78,11.82,11.37,11.44,,755384.0,,raw
2021-07-20,11.36,11.47,11.2,11.41,,647104.0,,raw
2021-07-21,11.4,11.47,11.18,11.21,,645778.0,,raw
2021-07-22,11.21,11.37,11.13,11.29,,585340.0,,raw
2021-07-23,11.24,11.25,11.09,11.15,,510651.0,,raw
2021-07-26,10.99,10.99,10.36,10.41,,1176456.0,,raw
2021-07-27,10.4,10.41,9.97,10.0,,1439794.0,,raw
2021-07-28,10.0,10.21,9.91,10.04,,1119895.0,,raw
2021-07-29,10.17,10.19,9.82,10.02,,957258.0,,raw
2021-07-30,9.86,10.07,9.77,10.01,,695392.0,,raw
2021-08-02,9.95,10.32,9.76,10.19,,1058076.0,,raw
2021-08-03,10.13,10.23,10.06,10.09,,549820.0,,raw
2021-08-04,10.09,10.09,9.95,9.99,,510741.0,,raw
2021-08-05,10.2,10.84,10.2,10.48,,1784318.0,,raw
2021-08-06,10.32,10.81,10.24,10.75,,1167469.0,,raw
2021-08-09,10.66,11.83,10.63,11.56,,2131280.0,,raw
2021-08-10,11.61,11.72,11.21,11.62,,1329444.0,,raw
2021-08-11,11.99,12.78,11.99,12.59,,2816973.0,,raw
2021-08-12,12.3,12.83,12.27,12.42,,1230860.0,,raw
2021-08-13,12.38,12.46,11.98,12.02,,1544204.0,,raw
2021-08-16,11.49,12.06,11.29,11.84,,1519582.0,,raw
2021-08-17,11.79,12.42,11.65,12.2,,1718453.0,,raw
2021-08-18,12.08,12.48,11.88,12.21,,1236595.0,,raw
2021-08-19,12.1,12.12,11.66,11.8,,1076007.0,,raw
2021-08-20,11.93,12.27,11.81,12.12,,1093101.0,,raw
2021-08-23,12.05,12.18,11.88,11.92,,573851.0,,raw
2021-08-24,11.95,12.1,11.62,11.78,,823943.0,,raw
2021-08-25,11.87,11.88,11.4,11.49,,808027.0,,raw
2021-08-26,11.49,11.85,11.33,11.4,,763494.0,,raw
2021-08-27,11.37,11.44,11.09,11.2,,771516.0,,raw
2021-08-30,11.1,11.1,10.58,10.85,,1094610.0,,raw
2021-08-31,10.85,11.48,10.81,11.39,,1139729.0,,raw
2021-09-01,11.28,12.24,11.28,12.14,,1489566.0,,raw
2021-09-02,12.25,12.88,12.12,12.43,,1479116.0,,raw
2021-09-03,12.3,12.65,12.08,12.28,,1027467.0,,raw
2021-09-06,12.19,12.4,12.01,12.04,,613547.0,,raw
2021-09-07,12.07,12.13,11.82,12.05,,604540.0,,raw
2021-09-08,12.1,12.14,11.86,11.92,,397027.0,,raw
2021-09-09,11.92,12.18,11.74,12.08,,707820.0,,raw
2021-09-10,12.1,12.52,12.09,12.46,,1045100.0,,raw
2021-09-13,12.5,13.33,12.36,13.15,,1733861.0,,raw
2021-09-14,13.12,13.42,12.88,12.99,,1042825.0,,raw
2021-09-15,12.89,13.14,12.35,12.62,,1131896.0,,raw
2021-09-16,12.79,12.82,12.15,12.28,,1002264.0,,raw
2021-09-17,12.29,13.08,12.16,12.97,,898521.0,,raw
2021-09-22,12.6,13.96,12.53,13.71,,1899572.0,,raw
2021-09-23,13.8,14.22,13.55,13.68,,1294994.0,,raw
2021-09-24,13.68,14.17,13.3,13.42,,1074143.0,,raw
2021-09-27,13.5,13.55,12.78,12.91,,851407.0,,raw
2021-09-28,13.6,14.1,13.59,13.63,,1710119.0,,raw
2021-09-29,14.0,14.05,13.58,13.81,,1111885.0,,raw
2021-09-30,14.0,14.55,13.92,14.03,,1132134.0,,raw
2021-10-08,14.2,14.27,13.47,13.55,,712475.0,,raw
2021-10-11,13.6,14.32,13.6,13.89,,917329.0,,raw
2021-10-12,13.88,14.58,13.76,14.09,,1463530.0,,raw
2021-10-13,14.14,14.34,13.68,13.91,,869560.0,,raw
2021-10-14,13.72,13.98,13.28,13.5,,1113958.0,,raw
2021-10-15,13.5,13.9,13.38,13.8,,859138.0,,raw
2021-10-18,13.63,13.79,12.68,13.3,,1331382.0,,raw
2021-10-19,13.2,13.23,12.6,12.89,,1285941.0,,raw
2021-10-20,12.89,12.98,12.6,12.76,,740325.0,,raw
2021-10-21,12.75,13.53,12.7,13.46,,1226924.0,,raw
2021-10-22,13.68,14.54,13.53,13.71,,1655255.0,,raw
2021-10-25,13.31,14.25,13.3,13.49,,1157475.0,,raw
2021-10-26,13.5,13.65,12.96,13.05,,938118.0,,raw
2021-10-27,13.17,13.28,12.8,13.01,,777478.0,,raw
2021-10-28,13.19,13.19,12.63,12.93,,701615.0,,raw
2021-10-29,12.95,12.95,12.25,12.56,,1139962.0,,raw
2021-11-01,12.56,12.75,12.15,12.25,,791049.0,,raw
2021-11-02,12.3,12.6,12.03,12.23,,728656.0,,raw
2021-11-03,12.21,13.05,12.12,12.91,,1069144.0,,raw
2021-11-04,12.83,12.86,12.36,12.62,,726181.0,,raw
2021-11-05,12.5,12.54,12.22,12.24,,670894.0,,raw
2021-11-08,12.38,12.6,12.22,12.58,,586721.0,,raw
2021-11-09,12.51,12.72,12.32,12.55,,523891.0,,raw
2021-11-10,12.74,13.6,12.38,13.5,,1584488.0,,raw
2021-11-11,13.68,14.85,13.66,14.85,,2869468.0,,raw
2021-11-12,15.0,15.13,14.54,14.87,,2153699.0,,raw
2021-11-15,14.86,14.87,14.11,14.49,,1007850.0,,raw
2021-11-16,14.43,14.78,14.39,14.41,,701862.0,,raw
2021-11-17,14.55,14.56,14.1,14.32,,569457.0,,raw
2021-11-18,14.41,14.54,13.86,14.0,,617896.0,,raw
2021-11-19,13.91,15.2,13.75,15.02,,1458065.0,,raw
2021-11-22,15.08,15.1,13.97,14.11,,1522137.0,,raw
2021-11-23,14.17,14.68,14.01,14.4,,745268.0,,raw
2021-11-24,14.43,15.05,14.31,14.55,,977096.0,,raw
2021-11-25,14.38,14.65,14.15,14.26,,545338.0,,raw
2021-11-26,14.2,14.23,13.89,14.06,,535438.0,,raw
2021-11-29,13.92,14.13,13.8,13.95,,471249.0,,raw
2021-11-30,13.86,14.14,13.75,13.85,,535480.0,,raw
2021-12-01,13.75,14.38,13.74,14.09,,694660.0,,raw
2021-12-02,14.0,14.71,13.82,14.45,,677923.0,,raw
2021-12-03,14.38,14.83,14.25,14.74,,795084.0,,raw
2021-12-06,15.27,15.86,14.9,15.06,,1440106.0,,raw
2021-12-07,15.55,15.75,14.7,14.9,,1324130.0,,raw
2021-12-08,14.9,15.07,14.38,14.91,,874496.0,,raw
2021-12-09,14.85,15.6,14.8,15.24,,935067.0,,raw
2021-12-10,15.15,15.28,14.62,14.97,,867884.0,,raw
2021-12-13,14.85,14.97,14.45,14.5,,962201.0,,raw
2021-12-14,14.4,14.4,13.9,13.98,,1077613.0,,raw
2021-12-15,13.95,14.47,13.88,14.27,,617360.0,,raw
2021-12-16,14.21,14.53,14.13,14.47,,540427.0,,raw
2021-12-17,14.49,14.85,14.37,14.43,,587440.0,,raw
2021-12-20,14.47,14.94,14.4,14.7,,697381.0,,raw
2021-12-21,14.7,15.55,14.7,15.44,,1160556.0,,raw
2021-12-22,15.45,15.61,15.2,15.48,,828772.0,,raw
2021-12-23,15.42,15.73,15.21,15.6,,628125.0,,raw
2021-12-24,15.48,15.82,15.13,15.61,,607051.0,,raw
2021-12-27,15.8,16.02,15.18,15.29,,889472.0,,raw
2021-12-28,15.19,15.33,14.87,15.2,,602288.0,,raw
2021-12-29,15.22,15.31,15.0,15.05,,470678.0,,raw
2021-12-30,15.01,15.35,14.93,15.1,,441429.0,,raw
2021-12-31,15.06,15.88,15.05,15.63,,654052.0,,raw
2022-01-04,15.5,15.9,15.34,15.8,,645214.0,,raw
2022-01-05,15.64,16.4,15.62,16.0,,1173398.0,,raw
2022-01-06,15.98,16.16,15.4,15.51,,810915.0,,raw
2022-01-07,15.75,16.34,15.6,16.15,,950158.0,,raw
2022-01-10,15.78,16.6,15.72,16.47,,1224319.0,,raw
2022-01-11,16.4,17.08,16.01,16.16,,1356419.0,,raw
2022-01-12,16.08,16.2,15.64,16.0,,729317.0,,raw
2022-01-13,15.99,16.37,15.51,15.55,,633890.0,,raw
2022-01-14,15.55,15.59,14.88,14.95,,983226.0,,raw
2022-01-17,14.91,15.68,14.91,15.37,,783321.0,,raw
2022-01-18,15.4,16.28,15.21,16.15,,828542.0,,raw
2022-01-19,16.28,16.8,15.9,16.09,,710453.0,,raw
2022-01-20,16.4,16.48,15.42,15.5,,1233113.0,,raw
2022-01-21,15.5,15.79,15.25,15.48,,639860.0,,raw
2022-01-24,15.44,16.19,15.3,15.99,,849945.0,,raw
2022-01-25,15.88,16.07,15.51,15.54,,421763.0,,raw
2022-01-26,15.78,15.79,15.36,15.55,,448277.0,,raw
2022-01-27,15.55,16.07,15.2,15.65,,577100.0,,raw
2022-01-28,15.75,16.13,15.56,15.7,,788065.0,,raw
2022-02-07,15.72,16.12,15.3,15.96,,815313.0,,raw
2022-02-08,15.81,16.13,15.67,15.8,,830743.0,,raw
2022-02-09,15.86,16.5,15.47,15.59,,1130076.0,,raw
2022-02-10,15.4,16.48,15.11,16.02,,1348783.0,,raw
2022-02-11,15.97,16.46,15.7,15.75,,968452.0,,raw
2022-02-14,15.57,15.77,15.2,15.31,,762026.0,,raw
2022-02-15,15.31,15.43,15.18,15.32,,510200.0,,raw
2022-02-16,15.34,16.03,15.2,15.84,,708728.0,,raw
2022-02-17,15.87,15.87,15.28,15.49,,682505.0,,raw
2022-02-18,15.5,16.36,15.5,16.33,,1293488.0,,raw
2022-02-21,16.36,16.45,16.06,16.34,,762471.0,,raw
2022-02-22,16.34,16.75,16.1,16.45,,698137.0,,raw
2022-02-23,16.42,16.48,15.89,16.08,,607436.0,,raw
2022-02-24,16.02,16.32,15.84,15.97,,503131.0,,raw
2022-02-25,15.95,16.35,15.72,15.81,,656160.0,,raw
2022-02-28,15.73,15.98,15.5,15.82,,475295.0,,raw
2022-03-01,15.82,16.42,15.73,16.35,,706499.0,,raw
2022-03-02,16.44,17.0,16.37,16.55,,841782.0,,raw
2022-03-03,16.6,17.23,16.6,17.11,,1028372.0,,raw
2022-03-04,17.01,17.15,16.65,17.02,,677754.0,,raw
2022-03-07,17.0,17.61,16.89,17.16,,1059608.0,,raw
2022-03-08,17.1,17.27,16.71,16.8,,597473.0,,raw
2022-03-09,16.88,17.09,15.64,16.22,,1407799.0,,raw
2022-03-10,16.4,16.48,15.85,16.16,,737608.0,,raw
2022-03-11,16.0,16.25,15.71,16.23,,504991.0,,raw
2022-03-14,15.91,17.08,15.8,16.34,,1054908.0,,raw
2022-03-15,16.2,16.3,14.71,14.71,,1216108.0,,raw
2022-03-16,14.5,15.3,13.62,14.99,,1690200.0,,raw
2022-03-17,15.61,15.74,15.24,15.44,,1292185.0,,raw
2022-03-18,15.2,16.98,15.1,16.98,,1251615.0,,raw
2022-03-21,16.81,16.87,16.17,16.67,,1084380.0,,raw
2022-03-22,16.38,17.58,16.28,17.22,,1303666.0,,raw
2022-03-23,17.22,17.63,16.69,17.23,,1193403.0,,raw
2022-03-24,16.92,17.3,16.87,17.07,,505586.0,,raw
2022-03-25,16.91,17.23,16.7,16.77,,691026.0,,raw
2022-03-28,16.71,17.3,16.51,16.94,,945500.0,,raw
2022-03-29,16.69,17.08,16.56,16.8,,620394.0,,raw
2022-03-30,16.9,18.0,16.72,17.72,,1247158.0,,raw
2022-03-31,17.7,18.18,17.4,17.7,,1002089.0,,raw
2022-04-01,17.53,18.38,17.15,18.21,,1392034.0,,raw
2022-04-06,18.3,18.88,18.03,18.3,,1313419.0,,raw
2022-04-07,18.04,18.24,17.55,17.62,,896583.0,,raw
2022-04-08,17.52,18.41,17.3,18.21,,991374.0,,raw
2022-04-11,17.94,18.3,17.51,17.93,,835383.0,,raw
2022-04-12,18.01,18.2,16.88,17.15,,997225.0,,raw
2022-04-13,17.15,18.4,16.77,17.78,,1139071.0,,raw
2022-04-14,17.73,19.28,17.57,18.93,,1456511.0,,raw
2022-04-15,18.62,19.88,18.58,19.32,,1279742.0,,raw
2022-04-18,18.88,19.31,18.18,18.39,,1031606.0,,raw
2022-04-19,18.5,18.61,17.9,18.38,,999242.0,,raw
2022-04-20,18.4,18.4,16.92,17.43,,1839609.0,,raw
2022-04-21,17.3,17.88,17.11,17.51,,967255.0,,raw
2022-04-22,17.25,18.2,16.77,17.78,,1181774.0,,raw
2022-04-25,17.49,18.2,16.95,16.99,,1162217.0,,raw
2022-04-26,17.05,18.03,16.92,17.57,,1059103.0,,raw
2022-04-27,17.44,17.92,16.4,16.78,,1488972.0,,raw
2022-04-28,16.95,17.98,16.73,17.8,,1236071.0,,raw
2022-04-29,17.6,18.48,17.2,18.12,,1508981.0,,raw
2022-05-05,18.18,18.35,16.98,17.54,,1316063.0,,raw
2022-05-06,17.03,17.36,16.18,16.39,,1111595.0,,raw
2022-05-09,16.19,16.64,15.97,16.27,,802087.0,,raw
2022-05-10,15.96,16.69,15.41,16.45,,1585818.0,,raw
2022-05-11,16.27,16.46,15.67,15.83,,1633026.0,,raw
2022-05-12,15.9,16.05,15.24,15.6,,1238632.0,,raw
2022-05-13,15.88,16.62,15.66,16.59,,1590424.0,,raw
2022-05-16,17.16,17.33,16.18,16.94,,1583296.0,,raw
2022-05-17,16.69,17.2,16.53,16.95,,799853.0,,raw
2022-05-18,16.87,17.12,16.4,16.77,,787785.0,,raw
2022-05-19,16.51,17.44,16.47,17.19,,917256.0,,raw
2022-05-20,17.5,17.55,16.8,17.04,,931275.0,,raw
2022-05-23,17.0,17.04,16.0,16.09,,1588668.0,,raw
2022-05-24,16.01,16.4,15.94,16.18,,949952.0,,raw
2022-05-25,16.18,16.36,15.84,16.22,,558389.0,,raw
2022-05-26,16.2,16.69,16.02,16.43,,817572.0,,raw
2022-05-27,16.36,16.49,16.08,16.31,,669632.0,,raw
2022-05-30,16.17,16.38,15.69,15.86,,894553.0,,raw
2022-05-31,15.77,15.92,15.4,15.51,,1514886.0,,raw
2022-06-01,15.51,15.9,15.5,15.75,,837863.0,,raw
2022-06-02,15.6,15.75,15.1,15.3,,1210574.0,,raw
2022-06-06,15.11,15.17,14.5,14.93,,2173771.0,,raw
2022-06-07,14.82,15.36,14.78,15.28,,1132093.0,,raw
2022-06-08,15.25,15.31,14.93,15.08,,1291576.0,,raw
2022-06-09,15.05,15.83,15.01,15.58,,1577650.0,,raw
2022-06-10,15.5,15.74,15.36,15.53,,925013.0,,raw
2022-06-13,15.35,15.48,14.73,14.83,,1193076.0,,raw
2022-06-14,14.75,15.21,14.74,15.14,,934077.0,,raw
2022-06-15,15.13,16.31,14.94,15.87,,1868930.0,,raw
2022-06-16,15.88,16.44,15.48,15.59,,1000869.0,,raw
2022-06-17,15.53,15.77,15.42,15.58,,750752.0,,raw
2022-06-20,15.76,16.38,15.65,16.06,,1479847.0,,raw
2022-06-21,16.12,16.94,16.0,16.27,,1498264.0,,raw
2022-06-22,16.28,16.57,15.96,16.04,,720542.0,,raw
2022-06-23,16.05,16.66,15.94,16.57,,829416.0,,raw
2022-06-24,16.5,16.75,16.02,16.23,,972512.0,,raw
2022-06-27,16.25,16.89,16.1,16.59,,1146020.0,,raw
2022-06-28,16.46,16.61,16.05,16.16,,1018969.0,,raw
2022-06-29,16.17,17.66,16.09,17.3,,1889649.0,,raw
2022-06-30,17.5,17.78,17.0,17.46,,1150839.0,,raw
2022-07-01,17.47,18.08,17.33,17.52,,1191701.0,,raw
2022-07-04,17.44,17.7,17.12,17.42,,1019258.0,,raw
2022-07-05,17.27,17.41,16.6,17.01,,1638221.0,,raw
2022-07-06,16.44,16.5,16.0,16.2,,732714.0,,raw
2022-07-07,16.43,16.48,15.97,16.09,,671237.0,,raw
2022-07-08,16.1,16.42,15.91,16.22,,678206.0,,raw
2022-07-11,16.02,16.35,15.72,15.89,,714855.0,,raw
2022-07-12,15.91,16.42,15.89,16.21,,742621.0,,raw
2022-07-13,16.39,17.15,16.3,16.6,,1046775.0,,raw
2022-07-14,16.47,17.05,16.33,16.62,,1191297.0,,raw
2022-07-15,16.8,16.84,15.48,15.78,,1551178.0,,raw
2022-07-18,15.79,16.55,15.68,16.49,,1113118.0,,raw
2022-07-19,16.36,16.58,15.95,16.5,,826936.0,,raw
2022-07-20,16.46,16.65,16.21,16.35,,489704.0,,raw
2022-07-21,16.32,16.32,15.7,15.78,,964787.0,,raw
2022-07-22,15.83,16.04,15.54,15.63,,598281.0,,raw
2022-07-25,15.8,16.24,15.71,16.1,,819778.0,,raw
2022-07-26,16.02,17.12,16.0,17.03,,1246778.0,,raw
2022-07-27,16.9,17.38,16.6,17.22,,950655.0,,raw
2022-07-28,17.08,17.46,16.78,16.98,,708717.0,,raw
2022-07-29,16.86,17.08,16.49,16.67,,737364.0,,raw
2022-08-01,16.66,16.67,15.96,16.25,,1278250.0,,raw
2022-08-02,16.08,16.21,15.8,16.04,,962334.0,,raw
2022-08-03,16.03,16.19,15.24,15.39,,1062622.0,,raw
2022-08-04,15.36,15.54,15.03,15.33,,709993.0,,raw
2022-08-05,15.33,15.43,15.09,15.36,,612100.0,,raw
2022-08-08,15.36,15.75,15.03,15.11,,827528.0,,raw
2022-08-09,15.06,15.38,14.85,15.13,,513602.0,,raw
2022-08-10,15.1,15.23,14.83,14.92,,557258.0,,raw
2022-08-11,14.99,15.35,14.96,15.28,,628487.0,,raw
2022-08-12,15.2,15.64,15.16,15.55,,628871.0,,raw
2022-08-15,15.43,16.11,15.43,15.64,,811582.0,,raw
2022-08-16,15.77,16.11,15.64,15.73,,515571.0,,raw
2022-08-17,15.73,16.66,15.61,16.36,,1055229.0,,raw
2022-08-18,16.37,16.64,16.05,16.21,,480334.0,,raw
2022-08-19,16.22,16.94,16.19,16.81,,943452.0,,raw
2022-08-22,16.77,16.96,16.55,16.7,,592560.0,,raw
2022-08-23,16.7,16.83,16.31,16.46,,632781.0,,raw
2022-08-24,16.47,16.84,16.33,16.42,,590163.0,,raw
2022-08-25,16.6,16.94,16.51,16.89,,722811.0,,raw
2022-08-26,16.85,16.89,16.45,16.68,,441323.0,,raw
2022-08-29,16.48,16.78,16.21,16.61,,426695.0,,raw
2022-08-30,16.65,17.11,16.6,16.95,,535284.0,,raw
2022-08-31,16.95,17.41,16.85,17.3,,817999.0,,raw
2022-09-01,17.26,17.67,17.11,17.31,,651758.0,,raw
2022-09-02,17.35,17.41,16.75,17.02,,647454.0,,raw
2022-09-05,17.1,17.33,16.85,17.22,,615916.0,,raw
2022-09-06,17.21,17.83,17.11,17.63,,946064.0,,raw
2022-09-07,17.55,17.73,17.3,17.55,,488417.0,,raw
2022-09-08,17.58,17.71,17.1,17.58,,544826.0,,raw
2022-09-09,17.49,18.56,17.42,18.47,,1358947.0,,raw
2022-09-13,18.32,18.45,17.97,18.09,,741761.0,,raw
2022-09-14,18.0,18.68,17.93,18.14,,697832.0,,raw
2022-09-15,18.3,19.05,18.3,18.85,,1026209.0,,raw
2022-09-16,18.8,18.96,17.97,18.05,,1306834.0,,raw
2022-09-19,17.98,18.52,17.86,18.44,,844590.0,,raw
2022-09-20,18.49,18.53,17.42,17.64,,1119874.0,,raw
2022-09-21,17.64,18.07,17.43,17.83,,630829.0,,raw
2022-09-22,17.85,17.9,17.11,17.52,,828287.0,,raw
2022-09-23,17.44,18.03,17.44,17.55,,557436.0,,raw
2022-09-26,17.8,18.13,17.63,17.69,,645118.0,,raw
2022-09-27,17.72,17.84,17.17,17.67,,619438.0,,raw
2022-09-28,17.58,17.86,17.31,17.52,,461444.0,,raw
2022-09-29,17.53,17.64,17.17,17.28,,573235.0,,raw
2022-09-30,17.66,18.27,17.4,18.0,,959228.0,,raw
2022-10-10,17.8,19.0,17.76,18.32,,1112187.0,,raw
2022-10-11,18.32,18.39,17.78,17.89,,584191.0,,raw
2022-10-12,17.79,18.43,17.75,18.13,,586545.0,,raw
2022-10-13,18.0,18.12,17.01,17.68,,964836.0,,raw
2022-10-14,17.68,18.12,17.06,17.25,,1078607.0,,raw
2022-10-17,17.02,17.26,16.35,17.09,,879592.0,,raw
2022-10-18,17.09,17.24,16.6,16.79,,657155.0,,raw
2022-10-19,16.77,17.14,16.7,16.87,,554778.0,,raw
2022-10-20,16.86,17.01,16.42,16.6,,637612.0,,raw
2022-10-21,16.7,17.37,16.67,16.77,,791406.0,,raw
2022-10-24,16.51,16.61,16.13,16.24,,922177.0,,raw
2022-10-25,16.27,16.43,16.0,16.15,,710848.0,,raw
2022-10-26,16.1,16.2,15.4,15.49,,1121066.0,,raw
2022-10-27,15.52,15.91,15.49,15.7,,685814.0,,raw
2022-10-28,15.7,15.88,15.25,15.33,,634439.0,,raw
2022-10-31,14.85,14.95,13.8,13.8,,1788938.0,,raw
2022-11-01,13.66,13.87,12.88,13.61,,2530971.0,,raw
2022-11-02,13.39,14.13,13.2,13.97,,1517757.0,,raw
2022-11-03,13.73,14.08,13.48,13.66,,949771.0,,raw
2022-11-04,13.62,14.33,13.6,14.06,,1051202.0,,raw
2022-11-07,14.03,14.16,13.77,14.04,,801048.0,,raw
2022-11-08,14.04,14.34,13.85,14.0,,913008.0,,raw
2022-11-09,14.23,14.88,14.23,14.35,,1370009.0,,raw
2022-11-10,14.28,14.53,13.91,14.39,,658592.0,,raw
2022-11-11,14.71,15.83,14.69,15.83,,1879573.0,,raw
2022-11-14,16.62,17.0,15.86,16.29,,2227121.0,,raw
2022-11-15,16.14,16.61,15.86,16.1,,1351787.0,,raw
2022-11-16,16.01,16.06,15.4,15.65,,1051834.0,,raw
2022-11-17,15.58,15.82,15.39,15.7,,658195.0,,raw
2022-11-18,15.67,15.73,15.3,15.57,,765562.0,,raw
2022-11-21,15.35,15.66,14.91,15.64,,976896.0,,raw
2022-11-22,15.71,16.02,15.51,15.72,,763560.0,,raw
2022-11-23,15.59,15.97,15.58,15.82,,501290.0,,raw
2022-11-24,16.12,16.31,15.58,15.93,,770134.0,,raw
2022-11-25,15.97,16.99,15.97,16.84,,1536032.0,,raw
2022-11-28,16.4,16.64,16.25,16.33,,751950.0,,raw
2022-11-29,16.95,17.96,16.72,17.9,,2011638.0,,raw
2022-11-30,17.49,17.86,16.52,16.65,,2044985.0,,raw
2022-12-01,16.75,16.86,16.41,16.57,,1236559.0,,raw
2022-12-02,16.4,16.4,15.75,16.15,,1466440.0,,raw
2022-12-05,16.16,16.6,16.16,16.3,,1245729.0,,raw
2022-12-06,16.15,16.2,15.82,16.09,,931381.0,,raw
2022-12-07,15.99,16.06,15.45,15.7,,1027783.0,,raw
2022-12-08,15.7,16.09,15.65,15.95,,917577.0,,raw
2022-12-09,16.09,16.62,16.02,16.45,,1239042.0,,raw
2022-12-12,16.26,16.26,15.7,15.75,,757554.0,,raw
2022-12-13,15.72,16.13,15.64,15.96,,642747.0,,raw
2022-12-14,15.94,15.94,15.68,15.77,,529222.0,,raw
2022-12-15,15.6,15.82,15.1,15.72,,1038223.0,,raw
2022-12-16,15.86,16.21,15.65,16.02,,862157.0,,raw
2022-12-19,15.96,16.3,15.6,15.77,,787654.0,,raw
2022-12-20,15.52,15.67,15.28,15.39,,501687.0,,raw
2022-12-21,15.36,15.53,15.27,15.38,,368601.0,,raw
2022-12-22,15.52,15.65,15.35,15.46,,342934.0,,raw
2022-12-23,15.35,15.78,15.31,15.66,,454529.0,,raw
2022-12-26,15.66,15.8,15.06,15.13,,746522.0,,raw
2022-12-27,15.18,15.53,15.09,15.26,,501594.0,,raw
2022-12-28,15.2,15.53,15.08,15.37,,506444.0,,raw
2022-12-29,15.28,15.31,14.85,15.01,,626668.0,,raw
2022-12-30,14.99,15.2,14.78,15.13,,614806.0,,raw
2023-01-03,15.35,15.98,15.23,15.42,,1479636.0,,raw
2023-01-04,15.42,16.25,15.35,16.02,,1335057.0,,raw
2023-01-05,16.04,16.49,15.91,16.36,,943505.0,,raw
2023-01-06,16.35,16.63,16.07,16.13,,912125.0,,raw
2023-01-09,16.16,16.27,15.71,15.84,,762475.0,,raw
2023-01-10,15.88,15.97,15.65,15.9,,513232.0,,raw
2023-01-11,15.92,16.62,15.85,16.29,,916147.0,,raw
2023-01-12,16.29,16.38,15.84,15.9,,488165.0,,raw
2023-01-13,15.81,15.97,15.68,15.83,,642921.0,,raw
2023-01-16,15.83,16.02,15.62,15.96,,699084.0,,raw
2023-01-17,15.99,16.14,15.73,16.05,,549775.0,,raw
2023-01-18,16.05,16.15,15.68,15.74,,627202.0,,raw
2023-01-19,15.61,15.7,15.35,15.7,,674019.0,,raw
2023-01-20,15.64,15.87,15.56,15.8,,562083.0,,raw
2023-01-30,15.93,15.99,15.4,15.52,,988673.0,,raw
2023-01-31,15.45,15.76,15.38,15.73,,594753.0,,raw
2023-02-01,15.7,15.81,15.33,15.59,,858347.0,,raw
2023-02-02,15.57,15.68,15.36,15.65,,802599.0,,raw
2023-02-03,15.55,15.56,15.2,15.33,,778959.0,,raw
2023-02-06,15.14,15.24,14.98,15.02,,732886.0,,raw
2023-02-07,15.02,15.43,15.0,15.28,,621023.0,,raw
2023-02-08,15.27,15.65,15.22,15.54,,853320.0,,raw
2023-02-09,15.54,15.85,15.46,15.68,,558393.0,,raw
2023-02-10,15.7,15.95,15.58,15.78,,472529.0,,raw
2023-02-13,15.8,15.86,15.49,15.57,,658951.0,,raw
2023-02-14,15.59,15.76,15.38,15.6,,529632.0,,raw
2023-02-15,15.52,15.53,15.02,15.12,,1058806.0,,raw
2023-02-16,15.1,15.44,14.92,15.05,,877760.0,,raw
2023-02-17,15.04,15.15,14.95,15.0,,424679.0,,raw
2023-02-20,14.96,15.3,14.93,15.26,,682152.0,,raw
2023-02-21,15.4,15.5,15.17,15.35,,628192.0,,raw
2023-02-22,15.21,15.29,15.11,15.19,,341012.0,,raw
2023-02-23,15.2,15.36,15.16,15.23,,378666.0,,raw
2023-02-24,15.2,15.23,14.81,14.92,,936808.0,,raw
2023-02-27,14.89,15.13,14.89,15.02,,508024.0,,raw
2023-02-28,15.0,15.1,14.72,15.09,,810694.0,,raw
