trade_date,open,high,low,close,adj_close,volume,amount,price_type
2019-01-02,12.14,12.38,12.023,12.227,12.227,47132.0,,adjusted
2019-01-03,12.084,13.222,12.084,12.716,12.716,99915.0,,adjusted
2019-01-04,12.563,13.048,12.563,12.931,12.931,53990.0,,adjusted
2019-01-07,13.145,13.829,13.145,13.696,13.696,105280.0,,adjusted
2019-01-08,13.574,13.88,13.436,13.711,13.711,73037.0,,adjusted
2019-01-09,13.614,13.798,13.523,13.533,13.533,54522.0,,adjusted
2019-01-10,13.461,13.808,13.283,13.635,13.635,77563.0,,adjusted
2019-01-11,13.635,13.91,13.507,13.778,13.778,46350.0,,adjusted
2019-01-14,13.778,13.895,13.523,13.599,13.599,25705.0,,adjusted
2019-01-15,13.609,13.946,13.538,13.921,13.921,45141.0,,adjusted
2019-01-16,13.926,14.14,13.849,13.941,13.941,43374.0,,adjusted
2019-01-17,14.012,14.017,13.773,13.859,13.859,27506.0,,adjusted
2019-01-18,13.91,13.987,13.706,13.834,13.834,25249.0,,adjusted
2019-01-21,13.834,14.069,13.711,14.002,14.002,38314.0,,adjusted
2019-01-22,13.936,13.946,13.308,13.354,13.354,52414.0,,adjusted
2019-01-23,13.324,13.706,13.298,13.584,13.584,38782.0,,adjusted
2019-01-24,13.722,14.079,13.543,14.017,14.017,55211.0,,adjusted
2019-01-25,14.017,14.063,13.767,13.767,13.767,37361.0,,adjusted
2019-01-28,13.864,13.931,13.426,13.558,13.558,38206.0,,adjusted
2019-01-29,13.492,13.655,12.87,13.247,13.247,40019.0,,adjusted
2019-01-30,13.211,13.558,13.079,13.15,13.15,31535.0,,adjusted
2019-01-31,13.186,13.37,13.023,13.058,13.058,33213.0,,adjusted
2019-02-01,13.114,13.431,13.033,13.354,13.354,39024.0,,adjusted
2019-02-11,13.461,13.752,13.359,13.742,13.742,41406.0,,adjusted
2019-02-12,13.742,14.017,13.681,13.905,13.905,47919.0,,adjusted
2019-02-13,13.961,14.548,13.783,14.426,14.426,105167.0,,adjusted
2019-02-14,14.436,14.645,14.293,14.528,14.528,78543.0,,adjusted
2019-02-15,14.436,14.497,14.043,14.074,14.074,73413.0,,adjusted
2019-02-18,14.171,14.987,14.171,14.982,14.982,110276.0,,adjusted
2019-02-19,14.956,15.099,14.548,14.864,14.864,79760.0,,adjusted
2019-02-20,14.854,14.895,14.461,14.625,14.625,70940.0,,adjusted
2019-02-21,14.905,15.415,14.456,14.548,14.548,114468.0,,adjusted
2019-02-22,14.364,14.716,14.354,14.696,14.696,71744.0,,adjusted
2019-02-25,14.773,15.686,14.63,15.558,15.558,163235.0,,adjusted
2019-02-26,15.492,15.502,14.885,14.977,14.977,129982.0,,adjusted
2019-02-27,14.931,15.706,14.931,15.125,15.125,152213.0,,adjusted
2019-02-28,15.558,15.686,14.936,15.206,15.206,111285.0,,adjusted
2019-03-01,15.262,15.283,14.752,15.053,15.053,73337.0,,adjusted
2019-03-04,15.053,15.461,15.007,15.186,15.186,136549.0,,adjusted
2019-03-05,14.987,15.288,14.941,15.288,15.288,99091.0,,adjusted
2019-03-06,15.39,15.507,15.038,15.278,15.278,122634.0,,adjusted
2019-03-07,15.267,15.293,14.956,15.074,15.074,108289.0,,adjusted
2019-03-08,14.773,14.854,14.242,14.267,14.267,121683.0,,adjusted
2019-03-11,14.344,14.635,14.293,14.62,14.62,96329.0,,adjusted
2019-03-12,14.696,15.262,14.405,15.135,15.135,194806.0,,adjusted
2019-03-13,15.135,15.563,14.681,14.742,14.742,171276.0,,adjusted
2019-03-14,14.819,14.849,14.247,14.426,14.426,93636.0,,adjusted
2019-03-15,14.206,14.599,14.206,14.293,14.293,84746.0,,adjusted
2019-03-18,14.273,14.752,14.257,14.635,14.635,85326.0,,adjusted
2019-03-19,14.64,15.196,14.64,15.186,15.186,165880.0,,adjusted
2019-03-20,15.211,15.211,14.589,14.91,14.91,95003.0,,adjusted
2019-03-21,14.803,14.987,14.793,14.844,14.844,64003.0,,adjusted
2019-03-22,14.793,15.109,14.783,14.997,14.997,94734.0,,adjusted
2019-03-25,14.941,15.895,14.844,15.65,15.65,232159.0,,adjusted
2019-03-26,15.62,15.625,14.701,14.737,14.737,124963.0,,adjusted
2019-03-27,14.778,14.895,14.283,14.614,14.614,93275.0,,adjusted
2019-03-28,14.599,15.023,14.344,14.405,14.405,62826.0,,adjusted
2019-03-29,14.507,14.767,14.41,14.732,14.732,70137.0,,adjusted
2019-04-01,14.854,15.242,14.854,15.084,15.084,111829.0,,adjusted
2019-04-02,15.247,15.711,15.007,15.16,15.16,149238.0,,adjusted
2019-04-03,15.12,15.262,14.91,15.232,15.232,96568.0,,adjusted
2019-04-04,15.364,15.456,15.16,15.308,15.308,116895.0,,adjusted
2019-04-08,15.334,15.512,14.859,15.017,15.017,93836.0,,adjusted
2019-04-09,15.104,15.14,14.885,14.987,14.987,60214.0,,adjusted
2019-04-10,15.007,15.171,14.905,15.14,15.14,80900.0,,adjusted
2019-04-11,15.16,15.303,14.854,14.854,14.854,78915.0,,adjusted
2019-04-12,14.778,14.977,14.569,14.905,14.905,57769.0,,adjusted
2019-04-15,15.048,15.145,14.706,14.711,14.711,71979.0,,adjusted
2019-04-16,14.665,14.936,14.599,14.926,14.926,74192.0,,adjusted
2019-04-17,14.88,15.028,14.783,14.905,14.905,58316.0,,adjusted
2019-04-18,14.905,15.604,14.9,15.344,15.344,165930.0,,adjusted
2019-04-19,15.359,15.364,14.854,15.181,15.181,101153.0,,adjusted
2019-04-22,15.211,15.487,14.966,15.028,15.028,78447.0,,adjusted
2019-04-23,15.099,15.099,14.395,14.528,14.528,91733.0,,adjusted
2019-04-24,14.548,14.64,14.216,14.405,14.405,55322.0,,adjusted
2019-04-25,14.37,14.436,13.66,13.783,13.783,89130.0,,adjusted
2019-04-26,13.732,13.864,13.329,13.512,13.512,53794.0,,adjusted
2019-04-29,13.829,14.201,13.584,13.62,13.62,72623.0,,adjusted
2019-04-30,13.732,13.987,13.569,13.681,13.681,54819.0,,adjusted
2019-05-06,13.349,13.375,12.114,12.242,12.242,112360.0,,adjusted
2019-05-07,12.456,12.497,12.227,12.334,12.334,64148.0,,adjusted
2019-05-08,12.191,12.752,12.048,12.62,12.62,74054.0,,adjusted
2019-05-09,12.686,13.298,12.635,13.12,13.12,105756.0,,adjusted
2019-05-10,13.145,13.528,12.773,13.37,13.37,104141.0,,adjusted
2019-05-13,13.186,13.829,13.15,13.671,13.671,98205.0,,adjusted
2019-05-14,13.528,13.829,13.329,13.41,13.41,72430.0,,adjusted
2019-05-15,13.466,13.625,13.334,13.502,13.502,51194.0,,adjusted
2019-05-16,13.477,14.033,13.436,13.655,13.655,70925.0,,adjusted
2019-05-17,13.66,13.829,13.069,13.165,13.165,68859.0,,adjusted
2019-05-20,13.171,13.604,13.007,13.319,13.319,58672.0,,adjusted
2019-05-21,13.288,13.405,12.844,13.288,13.288,60305.0,,adjusted
2019-05-22,13.273,13.273,12.931,13.13,13.13,62191.0,,adjusted
2019-05-23,13.084,13.298,12.66,12.66,12.66,56343.0,,adjusted
2019-05-24,12.523,12.9,12.446,12.696,12.696,49454.0,,adjusted
2019-05-27,12.757,13.007,12.446,12.951,12.951,50820.0,,adjusted
2019-05-28,12.839,13.227,12.839,13.069,13.069,55159.0,,adjusted
2019-05-29,13.007,13.007,12.635,12.808,12.808,55803.0,,adjusted
2019-05-30,12.839,12.89,12.676,12.803,12.803,35611.0,,adjusted
2019-05-31,12.808,12.961,12.716,12.849,12.849,38947.0,,adjusted
2019-06-03,12.89,13.12,12.635,12.691,12.691,50519.0,,adjusted
2019-06-04,12.558,12.681,12.145,12.257,12.257,62383.0,,adjusted
2019-06-05,12.319,12.446,12.201,12.303,12.303,31568.0,,adjusted
2019-06-06,12.354,12.405,11.946,12.012,12.012,37424.0,,adjusted
2019-06-10,12.14,12.252,12.033,12.12,12.12,34463.0,,adjusted
2019-06-11,12.125,12.517,11.982,12.502,12.502,81640.0,,adjusted
2019-06-12,12.456,12.456,12.211,12.262,12.262,56648.0,,adjusted
2019-06-13,12.227,12.303,12.155,12.201,12.201,50001.0,,adjusted
2019-06-14,12.216,12.441,12.023,12.099,12.099,64385.0,,adjusted
2019-06-17,12.099,12.12,11.89,11.987,11.987,43574.0,,adjusted
2019-06-18,12.017,12.048,11.905,11.946,11.946,24156.0,,adjusted
2019-06-19,12.099,12.278,12.084,12.114,12.114,54377.0,,adjusted
2019-06-20,12.058,12.395,12.002,12.354,12.354,72285.0,,adjusted
2019-06-21,12.415,12.747,12.385,12.716,12.716,93327.0,,adjusted
2019-06-24,12.762,12.813,12.507,12.727,12.727,61274.0,,adjusted
2019-06-25,12.706,12.946,12.543,12.859,12.859,74610.0,,adjusted
2019-06-26,12.788,12.956,12.563,12.956,12.956,53830.0,,adjusted
2019-06-27,12.951,13.252,12.87,12.966,12.966,79366.0,,adjusted
2019-06-28,12.961,13.007,12.609,12.829,12.829,51333.0,,adjusted
2019-07-01,13.089,13.16,12.89,13.079,13.079,89840.0,,adjusted
2019-07-02,13.125,13.222,12.961,13.084,13.084,66166.0,,adjusted
2019-07-03,13.017,13.487,13.017,13.257,13.257,98870.0,,adjusted
2019-07-04,13.171,14.232,13.13,13.466,13.466,207091.0,,adjusted
2019-07-05,13.441,13.66,13.15,13.262,13.262,94980.0,,adjusted
2019-07-08,13.171,13.171,12.65,12.783,12.783,77161.0,,adjusted
2019-07-09,12.813,12.982,12.609,12.915,12.915,39484.0,,adjusted
2019-07-10,12.915,13.344,12.844,12.915,12.915,59243.0,,adjusted
2019-07-11,12.941,13.14,12.875,13.043,13.043,39316.0,,adjusted
2019-07-12,13.048,13.211,12.966,13.13,13.13,38776.0,,adjusted
2019-07-15,13.099,13.472,13.017,13.456,13.456,79207.0,,adjusted
2019-07-16,13.415,13.563,13.334,13.415,13.415,41024.0,,adjusted
2019-07-17,13.41,13.517,13.298,13.364,13.364,40288.0,,adjusted
2019-07-18,13.222,13.308,13.074,13.135,13.135,34177.0,,adjusted
2019-07-19,13.222,13.293,13.084,13.084,13.084,35578.0,,adjusted
2019-07-22,13.069,13.155,12.767,12.849,12.849,42715.0,,adjusted
2019-07-23,12.936,13.104,12.88,13.069,13.069,32024.0,,adjusted
2019-07-24,13.242,13.732,13.12,13.665,13.665,121832.0,,adjusted
2019-07-25,13.604,13.803,13.441,13.528,13.528,96789.0,,adjusted
2019-07-26,13.569,13.931,13.487,13.604,13.604,116943.0,,adjusted
2019-07-29,13.574,13.773,13.405,13.502,13.502,96724.0,,adjusted
2019-07-30,13.446,13.502,13.334,13.364,13.364,86743.0,,adjusted
2019-07-31,13.395,13.466,13.211,13.375,13.375,68130.0,,adjusted
2019-08-01,13.829,13.829,13.176,13.176,13.176,102959.0,,adjusted
2019-08-02,12.875,13.339,12.839,13.043,13.043,75667.0,,adjusted
2019-08-05,12.921,13.548,12.921,13.114,13.114,107384.0,,adjusted
2019-08-06,12.915,13.089,12.62,12.808,12.808,76687.0,,adjusted
2019-08-07,12.813,12.931,12.497,12.502,12.502,68461.0,,adjusted
2019-08-08,12.584,12.798,12.538,12.722,12.722,52431.0,,adjusted
2019-08-09,12.87,12.87,12.37,12.421,12.421,50474.0,,adjusted
2019-08-12,12.482,12.671,12.421,12.584,12.584,49647.0,,adjusted
2019-08-13,12.507,12.599,12.395,12.492,12.492,43294.0,,adjusted
2019-08-14,12.676,12.681,12.466,12.548,12.548,53185.0,,adjusted
2019-08-15,12.308,12.507,12.267,12.472,12.472,48788.0,,adjusted
2019-08-16,12.482,12.665,12.482,12.558,12.558,50382.0,,adjusted
2019-08-19,12.66,13.222,12.609,13.186,13.186,116977.0,,adjusted
2019-08-20,13.186,13.421,13.099,13.288,13.288,85762.0,,adjusted
2019-08-21,13.324,13.456,13.227,13.303,13.303,73930.0,,adjusted
2019-08-22,13.364,13.696,13.283,13.604,13.604,117611.0,,adjusted
2019-08-23,13.569,13.793,13.487,13.625,13.625,84438.0,,adjusted
2019-08-26,13.436,13.727,13.385,13.665,13.665,80969.0,,adjusted
2019-08-27,13.671,14.069,13.579,13.982,13.982,128484.0,,adjusted
2019-08-28,14.339,14.364,13.747,13.757,13.757,213949.0,,adjusted
2019-08-29,13.87,14.65,13.834,14.278,14.278,238553.0,,adjusted
2019-08-30,14.344,14.793,14.206,14.793,14.793,234692.0,,adjusted
2019-09-02,15.007,16.472,14.803,16.171,16.171,397864.0,,adjusted
2019-09-03,16.191,17.344,15.829,16.451,16.451,351764.0,,adjusted
2019-09-04,16.354,17.186,16.257,16.681,16.681,294693.0,,adjusted
2019-09-05,16.533,17.125,16.426,16.538,16.538,264052.0,,adjusted
2019-09-06,16.543,17.099,16.385,16.936,16.936,273608.0,,adjusted
2019-09-09,16.946,17.15,16.691,16.936,16.936,221455.0,,adjusted
2019-09-10,17.002,17.517,16.344,16.461,16.461,313362.0,,adjusted
2019-09-11,16.512,16.778,16.186,16.395,16.395,206852.0,,adjusted
2019-09-12,16.385,16.502,16.084,16.216,16.216,154972.0,,adjusted
2019-09-16,16.329,16.461,16.038,16.181,16.181,148731.0,,adjusted
2019-09-17,16.247,16.283,15.436,15.614,15.614,220378.0,,adjusted
2019-09-18,15.711,15.757,15.456,15.507,15.507,120610.0,,adjusted
2019-09-19,15.614,15.762,15.441,15.737,15.737,159579.0,,adjusted
2019-09-20,15.706,15.706,14.91,15.191,15.191,273052.0,,adjusted
2019-09-23,15.094,15.334,14.819,15.053,15.053,166654.0,,adjusted
2019-09-24,15.058,15.201,14.88,15.038,15.038,142987.0,,adjusted
2019-09-25,15.007,15.14,14.635,14.727,14.727,134695.0,,adjusted
2019-09-26,14.783,14.824,14.012,14.094,14.094,165966.0,,adjusted
2019-09-27,14.165,14.313,13.997,14.114,14.114,114114.0,,adjusted
2019-09-30,14.114,14.313,13.834,13.834,13.834,108440.0,,adjusted
2019-10-08,13.834,13.926,13.262,13.283,13.283,130868.0,,adjusted
2019-10-09,13.288,13.4,13.155,13.385,13.385,102305.0,,adjusted
2019-10-10,13.415,13.477,13.273,13.395,13.395,93771.0,,adjusted
2019-10-11,13.421,13.517,13.155,13.303,13.303,104456.0,,adjusted
2019-10-14,13.385,13.849,13.385,13.706,13.706,170256.0,,adjusted
2019-10-15,13.681,13.681,13.181,13.232,13.232,127399.0,,adjusted
2019-10-16,13.278,13.461,13.125,13.278,13.278,71971.0,,adjusted
2019-10-17,13.319,13.37,12.966,13.038,13.038,84535.0,,adjusted
2019-10-18,13.063,13.211,12.737,12.783,12.783,88795.0,,adjusted
2019-10-21,12.788,12.956,12.553,12.915,12.915,65105.0,,adjusted
2019-10-22,12.885,13.074,12.793,13.028,13.028,68644.0,,adjusted
2019-10-23,13.12,13.12,12.778,12.803,12.803,66296.0,,adjusted
2019-10-24,12.88,12.936,12.558,12.854,12.854,63879.0,,adjusted
2019-10-25,12.864,13.364,12.788,13.232,13.232,137853.0,,adjusted
2019-10-28,13.104,13.329,12.972,13.288,13.288,110510.0,,adjusted
2019-10-29,13.267,13.308,13.053,13.155,13.155,67518.0,,adjusted
2019-10-30,13.171,13.171,12.757,12.89,12.89,89851.0,,adjusted
2019-10-31,13.007,13.165,12.813,13.023,13.023,63611.0,,adjusted
2019-11-01,12.921,13.135,12.921,12.992,12.992,58217.0,,adjusted
2019-11-04,12.972,13.099,12.711,12.936,12.936,82796.0,,adjusted
2019-11-05,12.946,12.997,12.808,12.854,12.854,68294.0,,adjusted
2019-11-06,13.171,13.711,13.171,13.39,13.39,255471.0,,adjusted
2019-11-07,13.283,13.283,12.895,12.91,12.91,140413.0,,adjusted
2019-11-08,12.956,12.992,12.803,12.803,12.803,94433.0,,adjusted
2019-11-11,12.635,12.711,12.283,12.303,12.303,124609.0,,adjusted
2019-11-12,12.329,12.359,12.053,12.319,12.319,63269.0,,adjusted
2019-11-13,12.334,12.334,12.181,12.222,12.222,41595.0,,adjusted
2019-11-14,12.211,12.359,12.201,12.273,12.273,43429.0,,adjusted
2019-11-15,12.227,12.41,12.089,12.252,12.252,51309.0,,adjusted
2019-11-18,12.252,12.446,12.15,12.415,12.415,48186.0,,adjusted
2019-11-19,12.415,12.599,12.359,12.584,12.584,54039.0,,adjusted
2019-11-20,12.558,12.558,12.283,12.319,12.319,58257.0,,adjusted
2019-11-21,12.298,12.711,12.227,12.635,12.635,86241.0,,adjusted
2019-11-22,12.533,12.676,12.385,12.461,12.461,67549.0,,adjusted
2019-11-25,12.405,12.431,12.191,12.278,12.278,66523.0,,adjusted
2019-11-26,12.237,12.507,12.216,12.507,12.507,59603.0,,adjusted
2019-11-27,12.415,12.415,12.262,12.324,12.324,34260.0,,adjusted
2019-11-28,12.324,12.38,12.227,12.288,12.288,32386.0,,adjusted
2019-11-29,12.288,12.385,12.232,12.359,12.359,38501.0,,adjusted
2019-12-02,12.38,12.517,12.308,12.446,12.446,40129.0,,adjusted
2019-12-03,12.451,12.946,12.339,12.941,12.941,133933.0,,adjusted
2019-12-04,12.819,13.171,12.783,13.14,13.14,107412.0,,adjusted
2019-12-05,13.114,13.681,13.084,13.477,13.477,160483.0,,adjusted
2019-12-06,13.477,13.528,13.247,13.324,13.324,82309.0,,adjusted
2019-12-09,13.324,13.39,13.181,13.339,13.339,77934.0,,adjusted
2019-12-10,13.339,13.415,13.196,13.273,13.273,61218.0,,adjusted
2019-12-11,13.329,13.655,13.257,13.574,13.574,97754.0,,adjusted
2019-12-12,13.538,13.62,13.278,13.375,13.375,65090.0,,adjusted
2019-12-13,13.395,13.538,13.191,13.339,13.339,89678.0,,adjusted
2019-12-16,13.339,14.324,13.339,14.308,14.308,191633.0,,adjusted
2019-12-17,14.303,14.931,14.247,14.472,14.472,198635.0,,adjusted
2019-12-18,14.599,14.701,14.099,14.13,14.13,130839.0,,adjusted
2019-12-19,14.211,14.41,13.977,13.992,13.992,119073.0,,adjusted
2019-12-20,14.063,14.171,13.773,13.859,13.859,78572.0,,adjusted
2019-12-23,13.921,14.12,13.767,13.788,13.788,84058.0,,adjusted
2019-12-24,13.875,14.319,13.788,14.201,14.201,98706.0,,adjusted
2019-12-25,14.216,14.257,13.91,14.012,14.012,68727.0,,adjusted
2019-12-26,14.033,14.063,13.829,14.063,14.063,59956.0,,adjusted
2019-12-27,14.012,14.125,13.91,13.926,13.926,55341.0,,adjusted
2019-12-30,13.931,13.931,13.589,13.824,13.824,60773.0,,adjusted
2019-12-31,13.834,14.171,13.783,14.14,14.14,75957.0,,adjusted
2020-01-02,14.278,14.487,14.109,14.242,14.242,81387.0,,adjusted
2020-01-03,14.283,14.824,14.16,14.732,14.732,167517.0,,adjusted
2020-01-06,15.074,15.466,14.839,14.931,14.931,171252.0,,adjusted
2020-01-07,14.864,15.135,14.65,14.941,14.941,87380.0,,adjusted
2020-01-08,15.375,15.451,14.819,15.12,15.12,154947.0,,adjusted
2020-01-09,14.65,14.701,14.4,14.548,14.548,100903.0,,adjusted
2020-01-10,14.497,14.64,14.089,14.329,14.329,121178.0,,adjusted
2020-01-13,14.497,14.497,14.15,14.303,14.303,57727.0,,adjusted
2020-01-14,14.303,14.415,13.987,14.017,14.017,83252.0,,adjusted
2020-01-15,14.007,14.048,13.645,13.732,13.732,94870.0,,adjusted
2020-01-16,13.773,13.992,13.589,13.62,13.62,90302.0,,adjusted
2020-01-17,13.63,13.773,13.497,13.686,13.686,67177.0,,adjusted
2020-01-20,13.676,13.987,13.63,13.88,13.88,74971.0,,adjusted
2020-01-21,13.885,13.885,13.262,13.344,13.344,127035.0,,adjusted
2020-01-22,13.324,13.364,12.982,13.273,13.273,71414.0,,adjusted
2020-01-23,13.069,13.426,12.711,12.813,12.813,90046.0,,adjusted
2020-02-03,11.334,11.441,11.334,11.334,11.334,109395.0,,adjusted
2020-02-04,10.773,11.62,10.773,11.548,11.548,140982.0,,adjusted
2020-02-05,11.543,12.16,11.517,11.66,11.66,135738.0,,adjusted
2020-02-06,11.716,12.007,11.543,11.926,11.926,114565.0,,adjusted
2020-02-07,11.921,12.023,11.732,11.997,11.997,114859.0,,adjusted
2020-02-10,11.946,12.206,11.87,12.201,12.201,113282.0,,adjusted
2020-02-11,12.252,12.278,11.972,11.982,11.982,106767.0,,adjusted
2020-02-12,11.982,11.987,11.793,11.956,11.956,122436.0,,adjusted
2020-02-13,12.023,12.099,11.701,11.742,11.742,139962.0,,adjusted
2020-02-14,11.727,11.864,11.645,11.762,11.762,100932.0,,adjusted
2020-02-17,11.895,13.109,11.895,13.053,13.053,286833.0,,adjusted
2020-02-18,13.222,13.298,12.558,12.722,12.722,264913.0,,adjusted
2020-02-19,12.533,13.007,12.354,12.64,12.64,202273.0,,adjusted
2020-02-20,12.665,12.803,12.405,12.752,12.752,162457.0,,adjusted
2020-02-21,12.767,12.992,12.66,12.972,12.972,208234.0,,adjusted
2020-02-24,12.966,13.313,12.762,13.232,13.232,207274.0,,adjusted
2020-02-25,12.915,13.048,12.41,12.819,12.819,185897.0,,adjusted
2020-02-26,12.609,13.293,12.466,12.926,12.926,239057.0,,adjusted
2020-02-27,12.966,13.222,12.574,12.844,12.844,163716.0,,adjusted
2020-02-28,12.431,12.65,11.921,12.201,12.201,202157.0,,adjusted
2020-03-02,12.242,12.686,12.084,12.538,12.538,139456.0,,adjusted
2020-03-03,12.686,13.181,12.604,12.778,12.778,199124.0,,adjusted
2020-03-04,12.665,13.063,12.614,12.921,12.921,124637.0,,adjusted
2020-03-05,13.033,13.109,12.813,12.936,12.936,141711.0,,adjusted
2020-03-06,12.722,12.956,12.722,12.773,12.773,98584.0,,adjusted
2020-03-09,12.569,12.64,12.002,12.094,12.094,162683.0,,adjusted
2020-03-10,11.921,12.421,11.829,12.421,12.421,110408.0,,adjusted
2020-03-11,12.997,13.859,12.931,13.859,13.859,582844.0,,adjusted
2020-03-12,13.477,14.242,13.267,13.696,13.696,440060.0,,adjusted
2020-03-13,13.324,14.079,12.966,13.701,13.701,308430.0,,adjusted
2020-03-16,13.778,14.079,13.089,13.165,13.165,244540.0,,adjusted
2020-03-17,13.324,13.604,12.155,12.512,12.512,224987.0,,adjusted
2020-03-18,12.655,12.732,11.88,11.88,11.88,219391.0,,adjusted
2020-03-19,11.87,12.089,11.589,11.997,11.997,144585.0,,adjusted
2020-03-20,12.15,12.171,11.783,11.941,11.941,125280.0,,adjusted
2020-03-23,11.538,11.87,11.523,11.589,11.589,101071.0,,adjusted
2020-03-24,11.854,12.033,11.405,12.028,12.028,132430.0,,adjusted
2020-03-25,12.15,12.191,11.961,12.176,12.176,104291.0,,adjusted
2020-03-26,12.053,12.257,11.972,12.079,12.079,70163.0,,adjusted
2020-03-27,12.206,12.507,12.114,12.293,12.293,97228.0,,adjusted
2020-03-30,12.15,13.069,12.099,12.788,12.788,168435.0,,adjusted
2020-03-31,12.773,12.89,12.512,12.625,12.625,107371.0,,adjusted
2020-04-01,12.558,12.64,12.211,12.237,12.237,93594.0,,adjusted
2020-04-02,12.155,12.456,12.155,12.441,12.441,58041.0,,adjusted
2020-04-03,12.405,12.737,12.37,12.477,12.477,67426.0,,adjusted
2020-04-07,12.701,13.375,12.635,13.364,13.364,195902.0,,adjusted
2020-04-08,13.16,13.783,13.12,13.63,13.63,188003.0,,adjusted
2020-04-09,13.727,13.972,13.533,13.834,13.834,171788.0,,adjusted
2020-04-10,13.834,14.171,13.732,14.012,14.012,185386.0,,adjusted
2020-04-13,13.885,14.267,13.625,13.977,13.977,125653.0,,adjusted
2020-04-14,14.012,14.155,13.834,14.089,14.089,114997.0,,adjusted
2020-04-15,14.186,14.267,13.732,13.982,13.982,112588.0,,adjusted
2020-04-16,13.849,15.502,13.834,14.931,14.931,310387.0,,adjusted
2020-04-17,14.773,14.88,13.844,13.885,13.885,257464.0,,adjusted
2020-04-20,13.895,14.094,13.706,13.992,13.992,137274.0,,adjusted
2020-04-21,13.859,14.329,13.849,14.028,14.028,132364.0,,adjusted
2020-04-22,13.936,14.165,13.665,14.028,14.028,82457.0,,adjusted
2020-04-23,13.951,14.421,13.834,14.084,14.084,134156.0,,adjusted
2020-04-24,14.089,14.206,13.711,13.992,13.992,116383.0,,adjusted
2020-04-27,14.242,14.599,13.997,14.201,14.201,226573.0,,adjusted
2020-04-28,14.216,14.982,13.849,14.829,14.829,254550.0,,adjusted
2020-04-29,14.676,15.16,14.64,15.048,15.048,164137.0,,adjusted
2020-04-30,14.956,15.426,14.864,15.104,15.104,168197.0,,adjusted
2020-05-06,15.089,15.905,15.089,15.773,15.773,187587.0,,adjusted
2020-05-07,15.727,15.778,15.38,15.569,15.569,109745.0,,adjusted
2020-05-08,15.63,15.849,15.466,15.543,15.543,118982.0,,adjusted
2020-05-11,15.686,16.176,15.625,15.824,15.824,128990.0,,adjusted
2020-05-12,15.859,16.017,15.533,15.747,15.747,98900.0,,adjusted
2020-05-13,15.609,15.926,15.558,15.87,15.87,79358.0,,adjusted
2020-05-14,15.849,16.053,15.604,15.936,15.936,92620.0,,adjusted
2020-05-15,15.875,15.926,15.507,15.696,15.696,103913.0,,adjusted
2020-05-18,15.696,16.451,15.645,16.181,16.181,165359.0,,adjusted
2020-05-19,16.181,16.359,16.002,16.339,16.339,97139.0,,adjusted
2020-05-20,16.262,16.415,15.211,15.436,15.436,205779.0,,adjusted
2020-05-21,15.461,15.671,15.288,15.375,15.375,124033.0,,adjusted
2020-05-22,15.313,15.492,14.716,14.747,14.747,119670.0,,adjusted
2020-05-25,14.813,15.109,14.696,14.839,14.839,84908.0,,adjusted
2020-05-26,14.941,15.002,14.752,14.941,14.941,74118.0,,adjusted
2020-05-27,14.859,15.063,14.783,14.875,14.875,74181.0,,adjusted
2020-05-28,14.895,14.987,14.569,14.987,14.987,94630.0,,adjusted
2020-05-29,14.987,15.16,14.834,15.16,15.16,80247.0,,adjusted
2020-06-01,15.007,15.441,14.87,15.37,15.37,117250.0,,adjusted
2020-06-02,15.308,15.589,15.16,15.196,15.196,74786.0,,adjusted
2020-06-03,15.201,15.308,14.89,15.012,15.012,83146.0,,adjusted
2020-06-04,15.058,15.094,14.65,14.681,14.681,98162.0,,adjusted
2020-06-05,14.681,14.778,14.507,14.63,14.63,48107.0,,adjusted
2020-06-08,14.706,15.074,14.395,14.839,14.839,113787.0,,adjusted
2020-06-09,14.854,14.9,14.446,14.732,14.732,86845.0,,adjusted
2020-06-10,14.696,14.813,14.446,14.671,14.671,79981.0,,adjusted
2020-06-11,14.676,14.747,14.446,14.558,14.558,70078.0,,adjusted
2020-06-12,14.39,14.676,14.273,14.676,14.676,79378.0,,adjusted
2020-06-15,14.645,14.645,14.283,14.283,14.283,75639.0,,adjusted
2020-06-16,14.349,14.63,14.349,14.548,14.548,80249.0,,adjusted
2020-06-17,14.829,15.242,14.65,15.063,15.063,175687.0,,adjusted
2020-06-18,14.859,14.88,14.339,14.487,14.487,144072.0,,adjusted
2020-06-19,14.446,14.507,14.359,14.497,14.497,81421.0,,adjusted
2020-06-22,14.492,14.599,14.421,14.584,14.584,82720.0,,adjusted
2020-06-23,14.563,14.783,14.421,14.778,14.778,87190.0,,adjusted
2020-06-24,14.778,14.778,14.497,14.548,14.548,70413.0,,adjusted
2020-06-29,14.472,14.905,14.375,14.742,14.742,93071.0,,adjusted
2020-06-30,14.773,14.905,14.665,14.839,14.839,84775.0,,adjusted
2020-07-01,14.931,15.339,14.778,15.339,15.339,157266.0,,adjusted
2020-07-02,15.364,15.364,15.155,15.232,15.232,129886.0,,adjusted
2020-07-03,15.329,16.385,15.262,16.063,16.063,258465.0,,adjusted
2020-07-06,16.41,17.859,16.41,17.859,17.859,281381.0,,adjusted
2020-07-07,18.859,19.834,18.609,19.834,19.834,256674.0,,adjusted
2020-07-08,20.921,22.007,20.645,22.007,22.007,270901.0,,adjusted
2020-07-09,24.4,24.4,24.4,24.4,24.4,30211.0,,adjusted
2020-07-10,27.033,27.033,27.033,27.033,27.033,83915.0,,adjusted
2020-07-13,26.155,28.645,24.206,27.941,27.941,796366.0,,adjusted
2020-07-14,27.176,30.926,26.926,28.216,28.216,744675.0,,adjusted
2020-07-15,28.558,29.737,26.002,27.324,27.324,598405.0,,adjusted
2020-07-16,26.436,28.211,24.512,25.676,25.676,539424.0,,adjusted
2020-07-17,25.9,28.436,24.727,28.436,28.436,553238.0,,adjusted
2020-07-20,29.625,31.472,29.523,31.472,31.472,179922.0,,adjusted
2020-07-21,34.012,34.778,29.043,29.135,29.135,759687.0,,adjusted
2020-07-22,28.701,30.946,28.701,29.594,29.594,595063.0,,adjusted
2020-07-23,30.216,32.742,28.956,32.742,32.742,678663.0,,adjusted
2020-07-24,33.62,36.104,31.257,31.665,31.665,795361.0,,adjusted
2020-07-27,30.803,33.135,28.528,31.742,31.742,524745.0,,adjusted
2020-07-28,30.951,32.466,29.997,30.62,30.62,344872.0,,adjusted
2020-07-29,30.237,31.477,29.594,31.104,31.104,374410.0,,adjusted
2020-07-30,30.997,32.747,30.002,31.538,31.538,425063.0,,adjusted
2020-07-31,31.334,31.538,30.201,30.711,30.711,301186.0,,adjusted
2020-08-03,31.181,33.778,30.502,33.191,33.191,483703.0,,adjusted
2020-08-04,32.283,32.482,30.645,30.645,30.645,409921.0,,adjusted
2020-08-05,30.176,31.859,29.732,31.13,31.13,332479.0,,adjusted
2020-08-06,31.002,34.436,30.941,34.436,34.436,635967.0,,adjusted
2020-08-07,33.298,37.63,32.104,35.543,35.543,614931.0,,adjusted
2020-08-10,34.859,38.247,33.553,33.579,33.579,516547.0,,adjusted
2020-08-11,32.584,34.727,31.895,32.686,32.686,341290.0,,adjusted
2020-08-12,32.278,33.553,30.574,31.594,31.594,322403.0,,adjusted
2020-08-13,31.757,32.38,30.941,31.186,31.186,271084.0,,adjusted
2020-08-14,30.742,32.9,30.441,31.844,31.844,303667.0,,adjusted
2020-08-17,31.767,33.237,31.053,32.808,32.808,299647.0,,adjusted
2020-08-18,32.461,34.074,32.431,32.824,32.824,266012.0,,adjusted
2020-08-19,32.477,32.579,30.839,30.915,30.915,255519.0,,adjusted
2020-08-20,30.747,31.247,28.553,28.66,28.66,347429.0,,adjusted
2020-08-21,29.16,29.599,28.436,28.905,28.905,221563.0,,adjusted
2020-08-24,29.191,29.62,28.487,29.028,29.028,132943.0,,adjusted
2020-08-25,29.038,29.155,27.456,27.788,27.788,228700.0,,adjusted
2020-08-26,27.992,28.446,27.114,27.349,27.349,145130.0,,adjusted
2020-08-27,27.671,27.926,27.227,27.635,27.635,131065.0,,adjusted
2020-08-28,27.824,28.859,27.441,27.992,27.992,215445.0,,adjusted
2020-08-31,28.017,29.094,27.431,28.222,28.222,281710.0,,adjusted
2020-09-01,28.38,29.298,28.048,28.808,28.808,299239.0,,adjusted
2020-09-02,28.757,28.762,27.227,27.431,27.431,244855.0,,adjusted
2020-09-03,27.171,27.405,26.451,27.125,27.125,192197.0,,adjusted
2020-09-04,26.665,27.543,26.594,27.308,27.308,135896.0,,adjusted
2020-09-07,27.308,27.308,26.058,26.232,26.232,132983.0,,adjusted
2020-09-08,26.232,26.767,25.905,26.676,26.676,107332.0,,adjusted
2020-09-09,26.16,28.655,26.089,27.665,27.665,267199.0,,adjusted
2020-09-10,27.584,27.594,26.247,26.278,26.278,153134.0,,adjusted
2020-09-11,26.058,26.502,25.012,25.579,25.579,201803.0,,adjusted
2020-09-14,25.579,25.895,25.063,25.201,25.201,132364.0,,adjusted
2020-09-15,25.262,25.696,25.058,25.599,25.599,110482.0,,adjusted
2020-09-16,25.635,25.752,25.084,25.145,25.145,88201.0,,adjusted
2020-09-17,25.252,25.701,24.701,25.288,25.288,105953.0,,adjusted
2020-09-18,25.543,26.487,25.39,26.4,26.4,185193.0,,adjusted
2020-09-21,27.043,28.997,27.023,27.89,27.89,302539.0,,adjusted
2020-09-22,27.206,27.344,26.421,26.625,26.625,147368.0,,adjusted
2020-09-23,26.446,26.91,25.951,26.711,26.711,96653.0,,adjusted
2020-09-24,26.262,26.533,25.563,25.65,25.65,94231.0,,adjusted
2020-09-25,25.849,26.196,25.538,25.594,25.594,80249.0,,adjusted
2020-09-28,25.543,26.145,25.324,25.696,25.696,79589.0,,adjusted
2020-09-29,26.104,27.574,25.946,27.334,27.334,204306.0,,adjusted
2020-09-30,27.38,27.523,26.732,27.324,27.324,112342.0,,adjusted
2020-10-09,27.686,27.808,27.002,27.808,27.808,141761.0,,adjusted
2020-10-12,28.324,30.747,27.956,29.614,29.614,295162.0,,adjusted
2020-10-13,29.216,29.931,28.961,29.859,29.859,138113.0,,adjusted
2020-10-14,30.298,31.87,30.043,30.977,30.977,276074.0,,adjusted
2020-10-15,30.614,31.538,30.614,30.824,30.824,160403.0,,adjusted
2020-10-16,30.747,31.155,28.961,29.094,29.094,173902.0,,adjusted
2020-10-19,29.436,29.548,28.742,29.242,29.242,111456.0,,adjusted
2020-10-20,29.216,29.37,28.319,29.216,29.216,122694.0,,adjusted
2020-10-21,29.176,29.298,27.66,27.915,27.915,140210.0,,adjusted
2020-10-22,27.839,27.88,26.767,27.711,27.711,91670.0,,adjusted
2020-10-23,27.711,28.038,26.517,26.625,26.625,87297.0,,adjusted
2020-10-26,26.65,27.211,26.344,27.171,27.171,76462.0,,adjusted
2020-10-27,26.921,27.472,26.671,27.252,27.252,85159.0,,adjusted
2020-10-28,27.308,27.319,26.41,27.155,27.155,81166.0,,adjusted
2020-10-29,26.665,26.982,26.436,26.91,26.91,77220.0,,adjusted
2020-10-30,27.446,27.941,24.37,24.538,24.538,262237.0,,adjusted
2020-11-02,24.354,25.074,23.859,24.915,24.915,144793.0,,adjusted
2020-11-03,24.915,25.767,24.778,25.594,25.594,112789.0,,adjusted
2020-11-04,25.584,27.242,25.283,26.711,26.711,164658.0,,adjusted
2020-11-05,26.181,26.655,25.523,25.946,25.946,118309.0,,adjusted
2020-11-06,25.39,25.977,24.38,24.854,24.854,144295.0,,adjusted
2020-11-09,24.625,25.64,24.354,25.344,25.344,117028.0,,adjusted
2020-11-10,25.237,25.497,24.732,24.87,24.87,81578.0,,adjusted
2020-11-11,24.778,25.186,24.114,24.216,24.216,93613.0,,adjusted
2020-11-12,24.273,24.9,24.155,24.482,24.482,63422.0,,adjusted
2020-11-13,24.482,25.492,24.247,24.946,24.946,130312.0,,adjusted
2020-11-16,25.023,26.308,25.023,25.492,25.492,162192.0,,adjusted
2020-11-17,25.39,25.39,23.706,24.063,24.063,156909.0,,adjusted
2020-11-18,24.114,24.492,23.747,24.375,24.375,89564.0,,adjusted
2020-11-19,24.114,26.921,23.864,26.548,26.548,286266.0,,adjusted
2020-11-20,26.543,27.676,26.114,26.701,26.701,249065.0,,adjusted
2020-11-23,26.41,27.211,26.155,26.65,26.65,153675.0,,adjusted
2020-11-24,26.548,27.324,25.885,26.058,26.058,142640.0,,adjusted
2020-11-25,25.798,25.987,25.033,25.058,25.058,105741.0,,adjusted
2020-11-26,25.237,25.956,24.783,25.727,25.727,129102.0,,adjusted
2020-11-27,25.747,28.492,25.569,28.487,28.487,401428.0,,adjusted
2020-11-30,28.604,30.109,27.793,29.079,29.079,406187.0,,adjusted
2020-12-01,29.079,30.89,28.808,30.099,30.099,277884.0,,adjusted
2020-12-02,29.727,30.972,29.472,29.936,29.936,247462.0,,adjusted
2020-12-03,29.829,30.206,29.497,29.982,29.982,135392.0,,adjusted
2020-12-04,29.492,30.39,28.798,30.084,30.084,177657.0,,adjusted
2020-12-07,29.972,30.334,29.242,30.125,30.125,184043.0,,adjusted
2020-12-08,29.834,31.41,29.273,29.778,29.778,176973.0,,adjusted
2020-12-09,29.421,30.084,27.829,27.941,27.941,211249.0,,adjusted
2020-12-10,28.109,29.711,27.941,29.16,29.16,184900.0,,adjusted
2020-12-11,29.176,29.319,27.686,28.262,28.262,122944.0,,adjusted
2020-12-14,28.155,31.155,28.155,30.415,30.415,236684.0,,adjusted
2020-12-15,30.742,31.946,30.058,31.069,31.069,225334.0,,adjusted
2020-12-16,30.747,31.426,30.043,30.671,30.671,176090.0,,adjusted
2020-12-17,30.288,30.62,29.308,30.436,30.436,141520.0,,adjusted
2020-12-18,30.303,30.696,29.548,29.793,29.793,138432.0,,adjusted
2020-12-21,30.538,32.466,29.982,32.38,32.38,246962.0,,adjusted
2020-12-22,32.216,33.109,31.614,31.614,31.614,195923.0,,adjusted
2020-12-23,31.972,34.966,31.359,34.966,34.966,313293.0,,adjusted
2020-12-24,35.747,38.405,34.956,35.395,35.395,403922.0,,adjusted
2020-12-25,35.849,36.528,34.278,36.155,36.155,233325.0,,adjusted
2020-12-28,36.104,37.635,34.727,35.466,35.466,293284.0,,adjusted
2020-12-29,35.283,35.849,34.012,34.727,34.727,191687.0,,adjusted
2020-12-30,34.487,36.946,34.472,35.696,35.696,228800.0,,adjusted
2020-12-31,35.543,38.339,35.288,37.982,37.982,257383.0,,adjusted
2021-01-04,39.574,41.972,38.91,41.972,41.972,310540.0,,adjusted
2021-01-05,42.482,45.951,41.972,43.747,43.747,360724.0,,adjusted
2021-01-06,43.135,46.9,42.875,45.436,45.436,288946.0,,adjusted
2021-01-07,44.64,49.191,44.267,47.329,47.329,312304.0,,adjusted
2021-01-08,47.176,48.502,44.533,46.793,46.793,278115.0,,adjusted
2021-01-11,48.043,48.324,42.482,43.109,43.109,363745.0,,adjusted
2021-01-12,43.456,45.813,43.456,45.569,45.569,277206.0,,adjusted
2021-01-13,45.987,47.232,43.594,44.497,44.497,311285.0,,adjusted
2021-01-14,43.502,43.502,39.859,39.936,39.936,405207.0,,adjusted
2021-01-15,39.936,40.946,38.344,40.747,40.747,283050.0,,adjusted
2021-01-18,40.747,42.37,40.191,41.665,41.665,267502.0,,adjusted
2021-01-19,40.89,41.742,39.104,39.716,39.716,269548.0,,adjusted
2021-01-20,39.421,41.38,39.063,40.854,40.854,216827.0,,adjusted
2021-01-21,40.808,41.63,39.88,41.074,41.074,280119.0,,adjusted
2021-01-22,40.747,42.456,40.069,42.451,42.451,331244.0,,adjusted
2021-01-25,43.502,46.727,43.441,44.349,44.349,388239.0,,adjusted
2021-01-26,43.441,43.895,39.722,39.722,39.722,338312.0,,adjusted
2021-01-27,38.961,40.176,38.293,39.211,39.211,190130.0,,adjusted
2021-01-28,38.247,39.579,37.569,38.053,38.053,193747.0,,adjusted
2021-01-29,38.349,38.798,36.324,37.308,37.308,199852.0,,adjusted
2021-02-01,37.38,38.477,37.37,37.941,37.941,121920.0,,adjusted
2021-02-02,38.4,39.395,37.533,39.023,39.023,157641.0,,adjusted
2021-02-03,39.063,39.063,36.385,36.569,36.569,189188.0,,adjusted
2021-02-04,36.135,37.125,35.711,36.257,36.257,144716.0,,adjusted
2021-02-05,36.87,37.319,35.288,35.354,35.354,122219.0,,adjusted
2021-02-08,35.767,36.563,34.839,36.364,36.364,124390.0,,adjusted
2021-02-09,36.803,40.191,36.237,40.186,40.186,253320.0,,adjusted
2021-02-10,40.033,40.033,37.941,39.329,39.329,217713.0,,adjusted
2021-02-18,39.426,39.839,38.395,39.063,39.063,148557.0,,adjusted
2021-02-19,39.165,40.441,38.961,39.711,39.711,150990.0,,adjusted
2021-02-22,39.727,39.798,36.242,36.41,36.41,219538.0,,adjusted
2021-02-23,35.364,38.492,35.16,37.956,37.956,205225.0,,adjusted
2021-02-24,38.364,39.385,37.737,38.905,38.905,194902.0,,adjusted
2021-02-25,38.91,42.38,38.426,41.359,41.359,276318.0,,adjusted
2021-02-26,40.222,41.767,38.4,39.472,39.472,231869.0,,adjusted
2021-03-01,39.752,40.181,38.339,40.181,40.181,149267.0,,adjusted
2021-03-02,40.364,41.058,39.028,40.972,40.972,195707.0,,adjusted
2021-03-03,40.033,40.788,39.676,40.441,40.441,117420.0,,adjusted
2021-03-04,40.079,41.742,39.038,39.37,39.37,176276.0,,adjusted
2021-03-05,38.267,38.288,35.247,35.574,35.574,246364.0,,adjusted
2021-03-08,35.579,35.798,31.824,31.824,31.824,280373.0,,adjusted
2021-03-09,31.257,31.563,28.762,29.609,29.609,218040.0,,adjusted
2021-03-10,30.237,30.594,29.109,29.415,29.415,147536.0,,adjusted
2021-03-11,29.451,30.584,28.987,30.278,30.278,139650.0,,adjusted
2021-03-12,30.257,30.257,29.023,29.788,29.788,111492.0,,adjusted
2021-03-15,29.752,30.354,28.864,29.329,29.329,117590.0,,adjusted
2021-03-16,29.216,29.671,28.451,28.941,28.941,93309.0,,adjusted
2021-03-17,29.089,29.569,28.808,29.165,29.165,81215.0,,adjusted
2021-03-18,28.961,30.109,28.895,29.614,29.614,108919.0,,adjusted
2021-03-19,29.109,31.767,28.921,30.492,30.492,219144.0,,adjusted
2021-03-22,30.135,30.456,29.359,30.262,30.262,127359.0,,adjusted
2021-03-23,30.109,30.885,29.905,30.737,30.737,113629.0,,adjusted
2021-03-24,30.472,31.053,28.538,28.951,28.951,159799.0,,adjusted
2021-03-25,28.706,29.461,28.456,28.91,28.91,86585.0,,adjusted
2021-03-26,28.91,30.012,28.87,29.864,29.864,106517.0,,adjusted
2021-03-29,30.395,31.125,30.069,30.191,30.191,123340.0,,adjusted
2021-03-30,32.16,33.4,31.41,33.4,33.4,302277.0,,adjusted
2021-03-31,33.145,33.349,31.043,31.211,31.211,273917.0,,adjusted
2021-04-01,31.528,32.074,31.017,32.012,32.012,131831.0,,adjusted
2021-04-02,31.645,32.38,31.155,31.813,31.813,133608.0,,adjusted
2021-04-06,31.844,32.579,31.844,32.262,32.262,122511.0,,adjusted
2021-04-07,31.921,31.972,31.145,31.395,31.395,109921.0,,adjusted
2021-04-08,31.191,31.849,30.793,31.543,31.543,89343.0,,adjusted
2021-04-09,31.762,32.354,31.074,31.125,31.125,123429.0,,adjusted
2021-04-12,30.691,31.048,29.15,29.38,29.38,158443.0,,adjusted
2021-04-13,29.211,29.921,29.089,29.711,29.711,80101.0,,adjusted
2021-04-14,29.37,30.089,29.37,30.079,30.079,68843.0,,adjusted
2021-04-15,29.89,30.237,29.635,30.145,30.145,56417.0,,adjusted
2021-04-16,30.16,30.436,29.844,30.14,30.14,57860.0,,adjusted
2021-04-19,30.15,31.002,29.625,30.987,30.987,119027.0,,adjusted
2021-04-20,30.65,31.461,30.38,30.798,30.798,112947.0,,adjusted
2021-04-21,30.456,30.579,29.767,30.15,30.15,93310.0,,adjusted
2021-04-22,30.237,30.671,29.931,30.033,30.033,82207.0,,adjusted
2021-04-23,29.9,30.349,29.788,30.125,30.125,70542.0,,adjusted
2021-04-26,30.201,31.415,30.191,30.426,30.426,136951.0,,adjusted
2021-04-27,30.216,30.216,29.16,29.569,29.569,92662.0,,adjusted
2021-04-28,29.278,29.875,29.273,29.773,29.773,62656.0,,adjusted
2021-04-29,29.844,30.155,29.472,29.563,29.563,75227.0,,adjusted
2021-04-30,28.222,28.66,26.421,27.553,27.553,282181.0,,adjusted
2021-05-06,27.232,29.671,27.058,29.216,29.216,190607.0,,adjusted
2021-05-07,29.165,29.946,28.859,29.359,29.359,105033.0,,adjusted
2021-05-10,29.339,29.436,28.502,29.364,29.364,91729.0,,adjusted
2021-05-11,29.222,32.492,29.069,32.487,32.487,310889.0,,adjusted
2021-05-12,31.87,32.165,31.038,31.584,31.584,163695.0,,adjusted
2021-05-13,31.181,32.966,31.053,31.354,31.354,186506.0,,adjusted
2021-05-14,31.492,34.048,30.798,33.604,33.604,261564.0,,adjusted
2021-05-17,33.859,34.614,33.308,33.696,33.696,224043.0,,adjusted
2021-05-18,33.4,35.915,33.074,35.339,35.339,235403.0,,adjusted
2021-05-19,34.88,35.946,34.665,35.023,35.023,159081.0,,adjusted
2021-05-20,35.16,36.298,34.727,34.839,34.839,153402.0,,adjusted
2021-05-21,35.125,35.237,33.472,33.844,33.844,148805.0,,adjusted
2021-05-24,33.951,34.793,33.716,34.436,34.436,97025.0,,adjusted
2021-05-25,34.41,37.329,33.875,36.762,36.762,229158.0,,adjusted
2021-05-26,36.716,37.89,36.308,36.798,36.798,170737.0,,adjusted
2021-05-27,36.722,37.431,36.359,36.584,36.584,114249.0,,adjusted
2021-05-28,36.308,37.12,35.778,36.747,36.747,109381.0,,adjusted
2021-05-31,36.767,38.319,36.385,37.778,37.778,157294.0,,adjusted
2021-06-01,37.436,38.262,36.584,36.625,36.625,136409.0,,adjusted
2021-06-02,36.614,37.186,35.257,35.364,35.364,148467.0,,adjusted
2021-06-03,35.298,35.849,34.716,34.824,34.824,127639.0,,adjusted
2021-06-04,34.727,36.864,34.65,36.308,36.308,187662.0,,adjusted
2021-06-07,36.808,37.686,36.324,36.87,36.87,141389.0,,adjusted
2021-06-08,36.39,37.788,36.39,37.66,37.66,158160.0,,adjusted
2021-06-09,38.41,39.395,37.405,38.548,38.548,227419.0,,adjusted
2021-06-10,38.553,39.354,38.063,38.711,38.711,149810.0,,adjusted
2021-06-11,38.716,38.722,36.461,36.64,36.64,173576.0,,adjusted
2021-06-15,36.288,37.334,35.875,36.681,36.681,102730.0,,adjusted
2021-06-16,36.671,37.456,34.936,36.446,36.446,126693.0,,adjusted
2021-06-17,36.461,36.91,35.875,36.87,36.87,84154.0,,adjusted
2021-06-18,36.87,38.9,36.579,38.125,38.125,152472.0,,adjusted
2021-06-21,38.339,41.461,38.262,41.41,41.41,226340.0,,adjusted
2021-06-22,41.487,41.512,39.686,40.538,40.538,180282.0,,adjusted
2021-06-23,40.278,41.288,39.992,41.125,41.125,139244.0,,adjusted
2021-06-24,41.659,42.502,40.216,40.459,40.459,180302.0,,adjusted
2021-06-25,39.359,40.809,38.124,40.809,40.809,221904.0,,adjusted
2021-06-28,41.159,41.602,40.124,40.816,40.816,184462.0,,adjusted
2021-06-29,40.388,41.395,40.388,40.424,40.424,156494.0,,adjusted
2021-06-30,40.145,41.288,39.324,41.288,41.288,194059.0,,adjusted
2021-07-01,42.074,42.759,38.188,38.345,38.345,322072.0,,adjusted
2021-07-02,37.574,37.595,34.502,35.481,35.481,368906.0,,adjusted
2021-07-05,35.131,35.874,34.766,34.888,34.888,163596.0,,adjusted
2021-07-06,34.895,35.924,34.188,35.809,35.809,184526.0,,adjusted
2021-07-07,35.359,39.566,35.216,39.566,39.566,448850.0,,adjusted
2021-07-08,39.788,43.702,39.566,43.702,43.702,485877.0,,adjusted
2021-07-09,44.645,45.888,43.145,44.588,44.588,731139.0,,adjusted
2021-07-12,44.695,46.359,43.631,45.524,45.524,464452.0,,adjusted
2021-07-13,45.138,46.831,44.895,46.145,46.145,333766.0,,adjusted
2021-07-14,45.909,46.631,43.752,43.931,43.931,414862.0,,adjusted
2021-07-15,44.531,45.288,43.109,44.288,44.288,267937.0,,adjusted
2021-07-16,43.916,47.452,43.266,46.216,46.216,550752.0,,adjusted
2021-07-19,46.074,46.395,43.859,44.659,44.659,376409.0,,adjusted
2021-07-20,43.859,45.616,43.502,44.916,44.916,293597.0,,adjusted
2021-07-21,44.602,47.416,44.359,46.259,46.259,352485.0,,adjusted
2021-07-22,45.881,48.931,45.216,48.145,48.145,377714.0,,adjusted
2021-07-23,48.131,52.988,47.052,50.909,50.909,517297.0,,adjusted
2021-07-26,51.074,54.559,48.931,48.931,48.931,685213.0,,adjusted
2021-07-27,48.616,51.417,47.124,47.181,47.181,588643.0,,adjusted
2021-07-28,46.359,46.438,43.216,44.645,44.645,442685.0,,adjusted
2021-07-29,46.074,48.966,45.388,48.331,48.331,461291.0,,adjusted
2021-07-30,48.159,49.138,45.874,46.666,46.666,343981.0,,adjusted
2021-08-02,47.445,50.688,46.159,49.681,49.681,384557.0,,adjusted
2021-08-03,49.638,51.809,48.524,49.795,49.795,395585.0,,adjusted
2021-08-04,49.288,52.581,49.081,51.859,51.859,354951.0,,adjusted
2021-08-05,51.967,53.931,51.074,51.902,51.902,495547.0,,adjusted
2021-08-06,51.309,52.074,49.288,51.517,51.517,398604.0,,adjusted
2021-08-09,51.517,53.395,50.774,51.517,51.517,279884.0,,adjusted
2021-08-10,50.752,54.345,50.752,53.067,53.067,442254.0,,adjusted
2021-08-11,52.502,53.388,51.381,52.074,52.074,304590.0,,adjusted
2021-08-12,51.767,52.138,49.416,49.638,49.638,289515.0,,adjusted
2021-08-13,49.324,51.459,48.574,49.924,49.924,287339.0,,adjusted
2021-08-16,49.895,50.788,48.931,49.574,49.574,184164.0,,adjusted
2021-08-17,49.645,50.666,48.631,48.931,48.931,223641.0,,adjusted
2021-08-18,49.145,52.917,48.502,51.788,51.788,416752.0,,adjusted
2021-08-19,51.431,53.217,50.366,52.095,52.095,290894.0,,adjusted
2021-08-20,51.202,52.681,50.216,50.374,50.374,260154.0,,adjusted
2021-08-23,51.288,55.588,50.516,55.138,55.138,544973.0,,adjusted
2021-08-24,53.217,55.717,51.024,55.359,55.359,508308.0,,adjusted
2021-08-25,54.645,56.217,52.838,54.574,54.574,257612.0,,adjusted
2021-08-26,54.217,55.588,53.202,53.595,53.595,219562.0,,adjusted
2021-08-27,53.224,53.702,51.988,52.788,52.788,204658.0,,adjusted
2021-08-30,53.859,57.988,53.859,55.831,55.831,372233.0,,adjusted
2021-08-31,58.574,59.474,55.074,56.824,56.824,411349.0,,adjusted
2021-09-01,57.774,58.202,51.795,55.217,55.217,367150.0,,adjusted
2021-09-02,54.081,56.152,54.074,55.367,55.367,166193.0,,adjusted
2021-09-03,55.281,55.859,51.095,51.731,51.731,322828.0,,adjusted
2021-09-06,51.002,52.145,49.524,51.645,51.645,233531.0,,adjusted
2021-09-07,51.574,53.152,51.081,51.859,51.859,175713.0,,adjusted
2021-09-08,51.917,52.338,50.216,50.502,50.502,201886.0,,adjusted
2021-09-09,50.274,53.567,49.866,53.117,53.117,263281.0,,adjusted
2021-09-10,53.117,53.117,51.359,51.738,51.738,210377.0,,adjusted
2021-09-13,51.738,52.495,49.916,50.574,50.574,154115.0,,adjusted
2021-09-14,50.988,51.974,49.931,50.288,50.288,181377.0,,adjusted
2021-09-15,50.059,51.238,48.231,50.566,50.566,204597.0,,adjusted
2021-09-16,50.216,50.924,48.931,49.102,49.102,132320.0,,adjusted
2021-09-17,49.181,49.831,46.074,48.009,48.009,201770.0,,adjusted
2021-09-22,47.295,50.574,46.859,49.209,49.209,168261.0,,adjusted
2021-09-23,49.224,51.645,49.224,51.288,51.288,234034.0,,adjusted
2021-09-24,51.045,51.602,50.438,50.695,50.695,117074.0,,adjusted
2021-09-27,50.288,51.038,47.345,48.731,48.731,173972.0,,adjusted
2021-09-28,48.674,49.324,48.338,48.388,48.388,117414.0,,adjusted
2021-09-29,47.916,48.338,45.574,45.581,45.581,170054.0,,adjusted
2021-09-30,46.066,47.274,46.024,47.031,47.031,115765.0,,adjusted
2021-10-08,47.431,47.631,45.381,45.788,45.788,107362.0,,adjusted
2021-10-11,46.109,48.324,45.895,46.581,46.581,139953.0,,adjusted
2021-10-12,46.431,46.431,44.224,44.874,44.874,135851.0,,adjusted
2021-10-13,41.788,44.238,41.109,44.059,44.059,265892.0,,adjusted
2021-10-14,43.466,47.152,43.338,46.224,46.224,218557.0,,adjusted
2021-10-15,46.216,46.581,45.745,46.159,46.159,108288.0,,adjusted
2021-10-18,46.195,47.945,46.188,47.581,47.581,119666.0,,adjusted
2021-10-19,47.609,47.745,46.309,46.731,46.731,108238.0,,adjusted
2021-10-20,46.731,47.802,46.609,47.738,47.738,118123.0,,adjusted
2021-10-21,47.224,47.902,46.602,47.231,47.231,86367.0,,adjusted
2021-10-22,47.188,47.659,46.631,47.438,47.438,73836.0,,adjusted
2021-10-25,47.781,48.866,47.188,48.631,48.631,136011.0,,adjusted
2021-10-26,48.595,49.116,48.238,48.824,48.824,101326.0,,adjusted
2021-10-27,49.688,50.402,48.645,49.666,49.666,159897.0,,adjusted
2021-10-28,48.981,51.259,48.974,50.174,50.174,165372.0,,adjusted
2021-10-29,50.402,52.381,49.138,52.188,52.188,257614.0,,adjusted
2021-11-01,53.288,54.388,51.745,52.188,52.188,279565.0,,adjusted
2021-11-02,52.545,55.488,52.331,54.309,54.309,303173.0,,adjusted
2021-11-03,53.617,53.759,51.452,53.345,53.345,200486.0,,adjusted
2021-11-04,52.974,54.602,52.617,54.024,54.024,162798.0,,adjusted
2021-11-05,53.624,54.367,52.238,52.259,52.259,120487.0,,adjusted
2021-11-08,51.659,52.959,51.117,52.795,52.795,87853.0,,adjusted
2021-11-09,52.509,54.688,52.281,53.902,53.902,178610.0,,adjusted
2021-11-10,53.859,54.974,52.545,53.245,53.245,157133.0,,adjusted
2021-11-11,52.545,53.831,52.031,53.581,53.581,127455.0,,adjusted
2021-11-12,53.581,55.317,53.409,55.024,55.024,219941.0,,adjusted
2021-11-15,54.974,55.545,52.545,52.745,52.745,220912.0,,adjusted
2021-11-16,52.174,53.559,49.781,50.159,50.159,267075.0,,adjusted
2021-11-17,50.159,51.395,49.109,50.674,50.674,178810.0,,adjusted
2021-11-18,50.431,52.152,49.545,51.295,51.295,169038.0,,adjusted
2021-11-19,51.117,51.459,50.559,50.731,50.731,121405.0,,adjusted
2021-11-22,50.716,50.945,49.688,50.524,50.524,179344.0,,adjusted
2021-11-23,50.545,50.545,48.974,49.588,49.588,153389.0,,adjusted
2021-11-24,49.616,50.045,48.259,48.552,48.552,145895.0,,adjusted
2021-11-25,48.545,48.966,47.795,48.031,48.031,118118.0,,adjusted
2021-11-26,48.031,48.881,47.652,48.231,48.231,112738.0,,adjusted
2021-11-29,47.545,50.009,47.066,49.902,49.902,212528.0,,adjusted
2021-11-30,49.831,51.452,49.759,50.388,50.388,180700.0,,adjusted
2021-12-01,50.402,50.895,49.831,50.295,50.295,105311.0,,adjusted
2021-12-02,50.295,50.666,49.874,49.909,49.909,85689.0,,adjusted
2021-12-03,50.402,52.288,50.402,51.759,51.759,208880.0,,adjusted
2021-12-06,51.652,52.109,50.874,51.474,51.474,135381.0,,adjusted
2021-12-07,51.445,51.974,48.702,49.366,49.366,163532.0,,adjusted
2021-12-08,49.652,50.259,49.352,50.081,50.081,100137.0,,adjusted
2021-12-09,49.752,50.102,48.974,49.288,49.288,123901.0,,adjusted
2021-12-10,49.295,49.609,48.759,49.016,49.016,117061.0,,adjusted
2021-12-13,48.731,49.188,48.181,48.881,48.881,112045.0,,adjusted
2021-12-14,48.574,49.888,48.474,49.081,49.081,139193.0,,adjusted
2021-12-15,49.045,49.324,48.288,48.331,48.331,94613.0,,adjusted
2021-12-16,48.331,49.145,48.331,49.038,49.038,85938.0,,adjusted
2021-12-17,48.652,49.152,47.438,47.474,47.474,126173.0,,adjusted
2021-12-20,46.988,47.745,45.374,45.681,45.681,155047.0,,adjusted
2021-12-21,45.674,46.888,45.424,46.759,46.759,88773.0,,adjusted
2021-12-22,46.759,47.209,46.474,46.595,46.595,63834.0,,adjusted
2021-12-23,46.595,47.188,45.974,46.395,46.395,75771.0,,adjusted
2021-12-24,46.395,46.716,45.545,45.974,45.974,71939.0,,adjusted
2021-12-27,45.959,46.316,45.259,45.416,45.416,63730.0,,adjusted
2021-12-28,45.438,46.095,44.774,46.095,46.095,75690.0,,adjusted
2021-12-29,46.131,46.766,45.909,46.409,46.409,115546.0,,adjusted
2021-12-30,46.252,47.888,46.131,47.245,47.245,149568.0,,adjusted
2021-12-31,47.645,47.674,46.474,46.859,46.859,120910.0,,adjusted
2022-01-04,46.259,47.545,46.202,46.374,46.374,114303.0,,adjusted
2022-01-05,46.438,46.702,43.481,43.924,43.924,162307.0,,adjusted
2022-01-06,43.759,43.938,42.409,43.224,43.224,145634.0,,adjusted
2022-01-07,43.324,44.145,42.402,42.624,42.624,107258.0,,adjusted
2022-01-10,42.474,43.474,42.474,43.388,43.388,89653.0,,adjusted
2022-01-11,43.545,43.566,42.188,42.445,42.445,92527.0,,adjusted
2022-01-12,42.474,43.452,42.445,43.402,43.402,88336.0,,adjusted
2022-01-13,43.402,43.524,42.474,42.516,42.516,65928.0,,adjusted
2022-01-14,42.259,42.652,41.074,41.116,41.116,137040.0,,adjusted
2022-01-17,41.195,42.302,40.902,42.209,42.209,104170.0,,adjusted
2022-01-18,41.952,42.709,41.802,42.409,42.409,74316.0,,adjusted
2022-01-19,42.409,42.409,39.688,40.366,40.366,150082.0,,adjusted
2022-01-20,40.402,40.545,38.338,38.809,38.809,246498.0,,adjusted
2022-01-21,35.902,36.795,34.752,36.174,36.174,436245.0,,adjusted
2022-01-24,36.152,37.316,35.545,36.688,36.688,179532.0,,adjusted
2022-01-25,37.045,37.731,36.224,36.238,36.238,154170.0,,adjusted
2022-01-26,36.224,36.809,35.116,35.959,35.959,125679.0,,adjusted
2022-01-27,35.945,36.324,34.766,34.866,34.866,94170.0,,adjusted
2022-01-28,35.116,35.759,34.616,35.116,35.116,97410.0,,adjusted
2022-02-07,35.902,36.045,35.066,35.224,35.224,77729.0,,adjusted
2022-02-08,35.474,35.474,34.209,35.474,35.474,90103.0,,adjusted
2022-02-09,35.331,36.331,35.059,36.138,36.138,130160.0,,adjusted
2022-02-10,36.145,36.831,35.802,36.188,36.188,118034.0,,adjusted
2022-02-11,36.045,36.374,35.145,35.324,35.324,85784.0,,adjusted
2022-02-14,35.759,36.831,35.531,36.224,36.224,143915.0,,adjusted
2022-02-15,36.209,37.295,36.081,36.981,36.981,161766.0,,adjusted
2022-02-16,36.652,36.652,35.616,35.874,35.874,169136.0,,adjusted
2022-02-17,35.759,37.174,35.602,36.802,36.802,161535.0,,adjusted
2022-02-18,36.474,36.481,35.688,36.074,36.074,130127.0,,adjusted
2022-02-21,36.116,36.688,35.774,36.031,36.031,106921.0,,adjusted
2022-02-22,36.631,36.795,35.009,35.595,35.595,149830.0,,adjusted
2022-02-23,35.531,37.116,35.224,37.074,37.074,247802.0,,adjusted
2022-02-24,36.902,39.581,36.431,38.652,38.652,440564.0,,adjusted
2022-02-25,37.545,38.581,36.688,38.045,38.045,247021.0,,adjusted
2022-02-28,38.545,38.938,37.931,38.288,38.288,200359.0,,adjusted
2022-03-01,38.659,40.316,38.231,39.709,39.709,281593.0,,adjusted
2022-03-02,39.759,39.945,38.831,39.059,39.059,177702.0,,adjusted
2022-03-03,39.102,39.145,37.666,37.709,37.709,157749.0,,adjusted
2022-03-04,37.688,37.966,36.731,37.066,37.066,129679.0,,adjusted
2022-03-07,37.424,37.631,36.488,36.524,36.524,126645.0,,adjusted
2022-03-08,36.224,36.688,34.638,34.724,34.724,145093.0,,adjusted
2022-03-09,34.866,35.159,32.152,34.966,34.966,219947.0,,adjusted
2022-03-10,35.352,37.045,35.352,36.388,36.388,187481.0,,adjusted
2022-03-11,35.974,37.516,35.516,37.474,37.474,154514.0,,adjusted
2022-03-14,36.831,38.966,36.695,38.502,38.502,237523.0,,adjusted
2022-03-15,38.081,39.331,37.545,37.552,37.552,226139.0,,adjusted
2022-03-16,38.138,39.081,36.902,38.795,38.795,196624.0,,adjusted
2022-03-17,39.145,39.524,38.209,38.402,38.402,209685.0,,adjusted
2022-03-18,38.116,38.188,37.052,37.666,37.666,120792.0,,adjusted
2022-03-21,37.566,38.831,37.566,38.259,38.259,98999.0,,adjusted
2022-03-22,38.181,38.831,37.602,38.152,38.152,103738.0,,adjusted
2022-03-23,37.909,40.959,37.816,40.224,40.224,259852.0,,adjusted
2022-03-24,39.688,41.331,39.545,40.481,40.481,185012.0,,adjusted
2022-03-25,40.488,42.931,40.224,40.974,40.974,190739.0,,adjusted
2022-03-28,40.338,41.374,40.102,40.302,40.302,86542.0,,adjusted
2022-03-29,41.824,42.116,39.509,39.588,39.588,203346.0,,adjusted
2022-03-30,39.545,39.809,38.438,39.224,39.224,181483.0,,adjusted
2022-03-31,38.995,39.102,38.009,38.466,38.466,107274.0,,adjusted
2022-04-01,38.224,38.781,38.016,38.609,38.609,87409.0,,adjusted
2022-04-06,38.452,38.474,35.916,36.366,36.366,169559.0,,adjusted
2022-04-07,36.295,38.031,36.116,36.945,36.945,140600.0,,adjusted
2022-04-08,36.795,37.259,36.009,36.388,36.388,93111.0,,adjusted
2022-04-11,36.181,36.345,34.681,34.909,34.909,126189.0,,adjusted
2022-04-12,34.902,34.974,33.624,34.802,34.802,120127.0,,adjusted
2022-04-13,34.545,34.824,34.052,34.309,34.309,67269.0,,adjusted
2022-04-14,34.188,35.495,33.981,35.252,35.252,91973.0,,adjusted
2022-04-15,34.831,36.102,34.452,35.631,35.631,112372.0,,adjusted
2022-04-18,35.259,36.774,35.174,36.559,36.559,129032.0,,adjusted
2022-04-19,36.331,36.952,36.202,36.831,36.831,82520.0,,adjusted
2022-04-20,36.745,36.966,35.981,36.681,36.681,90504.0,,adjusted
2022-04-21,36.331,37.238,35.195,35.252,35.252,80803.0,,adjusted
2022-04-22,35.138,35.331,34.402,34.474,34.474,70365.0,,adjusted
2022-04-25,34.152,34.152,31.809,31.831,31.831,114241.0,,adjusted
2022-04-26,32.045,32.431,28.974,29.345,29.345,137845.0,,adjusted
2022-04-27,28.974,32.124,28.731,31.816,31.816,171486.0,,adjusted
2022-04-28,31.331,33.331,31.316,32.095,32.095,107206.0,,adjusted
2022-04-29,32.338,34.095,32.045,33.902,33.902,119142.0,,adjusted
2022-05-05,34.259,36.966,34.002,35.831,35.831,203329.0,,adjusted
2022-05-06,34.781,36.902,34.759,35.974,35.974,141009.0,,adjusted
2022-05-09,36.274,37.681,35.974,37.616,37.616,171686.0,,adjusted
2022-05-10,37.009,38.395,36.688,37.959,37.959,169895.0,,adjusted
2022-05-11,38.188,38.616,36.909,37.274,37.274,192982.0,,adjusted
2022-05-12,36.888,38.209,36.888,38.052,38.052,125956.0,,adjusted
2022-05-13,38.052,38.216,37.409,37.616,37.616,67746.0,,adjusted
2022-05-16,38.266,38.488,37.095,37.159,37.159,72028.0,,adjusted
2022-05-17,37.159,37.866,36.774,37.531,37.531,68128.0,,adjusted
2022-05-18,37.688,37.959,37.066,37.331,37.331,71075.0,,adjusted
2022-05-19,36.838,37.616,36.495,37.366,37.366,112111.0,,adjusted
2022-05-20,37.366,38.174,37.224,37.781,37.781,86264.0,,adjusted
2022-05-23,37.545,37.888,36.681,37.759,37.759,103939.0,,adjusted
2022-05-24,37.759,38.881,35.716,35.716,35.716,203804.0,,adjusted
2022-05-25,35.595,36.866,35.409,36.402,36.402,109691.0,,adjusted
2022-05-26,36.352,38.088,36.352,37.209,37.209,156162.0,,adjusted
2022-05-27,37.602,37.981,37.009,37.159,37.159,113495.0,,adjusted
2022-05-30,37.224,37.938,37.009,37.838,37.838,85846.0,,adjusted
2022-05-31,37.838,38.581,37.581,38.416,38.416,112642.0,,adjusted
2022-06-01,38.224,40.024,38.016,39.224,39.224,165685.0,,adjusted
2022-06-02,39.081,39.788,38.631,39.388,39.388,96238.0,,adjusted
2022-06-06,39.395,39.988,38.681,39.881,39.881,116024.0,,adjusted
2022-06-07,39.652,40.838,39.652,40.338,40.338,131728.0,,adjusted
2022-06-08,40.081,40.281,38.352,39.188,39.188,177165.0,,adjusted
2022-06-09,39.188,39.395,38.188,38.445,38.445,113062.0,,adjusted
2022-06-10,38.559,40.295,38.545,40.238,40.238,172515.0,,adjusted
2022-06-13,40.474,41.045,39.288,40.766,40.766,179566.0,,adjusted
2022-06-14,39.795,40.259,38.759,39.524,39.524,127354.0,,adjusted
2022-06-15,39.566,40.231,39.352,39.524,39.524,104454.0,,adjusted
2022-06-16,39.524,40.159,38.938,39.238,39.238,81896.0,,adjusted
2022-06-17,39.059,39.431,38.416,39.174,39.174,114138.0,,adjusted
2022-06-20,39.438,40.295,38.959,39.709,39.709,111509.0,,adjusted
2022-06-21,39.938,39.938,38.552,38.809,38.809,92135.0,,adjusted
2022-06-22,38.809,39.138,38.024,38.059,38.059,76802.0,,adjusted
2022-06-23,37.916,40.724,37.816,40.638,40.638,233166.0,,adjusted
2022-06-24,40.795,42.066,40.795,40.995,40.995,218212.0,,adjusted
2022-06-27,41.366,41.366,40.352,40.652,40.652,141374.0,,adjusted
2022-06-28,40.674,42.238,40.674,41.902,41.902,229929.0,,adjusted
2022-06-29,41.566,42.224,40.909,40.924,40.924,120387.0,,adjusted
2022-06-30,41.016,42.152,40.538,41.688,41.688,135010.0,,adjusted
2022-07-01,41.688,43.366,41.688,42.566,42.566,168030.0,,adjusted
2022-07-04,42.774,44.209,42.081,43.802,43.802,190384.0,,adjusted
2022-07-05,43.516,43.781,41.852,42.795,42.795,167192.0,,adjusted
2022-07-06,42.345,43.009,41.624,42.424,42.424,134139.0,,adjusted
2022-07-07,42.188,43.266,42.188,42.631,42.631,130152.0,,adjusted
2022-07-08,42.438,43.131,41.731,42.338,42.338,97252.0,,adjusted
2022-07-11,42.259,42.259,41.009,41.638,41.638,104289.0,,adjusted
2022-07-12,41.631,43.038,41.295,41.309,41.309,118893.0,,adjusted
2022-07-13,40.924,41.231,40.066,40.295,40.295,116859.0,,adjusted
2022-07-14,40.459,41.516,40.302,41.016,41.016,92504.0,,adjusted
2022-07-15,40.895,41.545,40.195,40.274,40.274,92337.0,,adjusted
2022-07-18,40.188,40.402,38.816,39.574,39.574,144942.0,,adjusted
2022-07-19,39.666,39.995,39.088,39.809,39.809,104017.0,,adjusted
2022-07-20,39.859,41.288,39.859,41.274,41.274,186855.0,,adjusted
2022-07-21,41.188,41.188,39.609,39.624,39.624,172615.0,,adjusted
2022-07-22,39.774,40.124,38.916,39.516,39.516,90402.0,,adjusted
2022-07-25,40.295,40.724,39.524,39.724,39.724,100298.0,,adjusted
2022-07-26,39.902,40.774,39.424,40.566,40.566,129290.0,,adjusted
2022-07-27,40.366,42.881,40.366,42.124,42.124,250004.0,,adjusted
2022-07-28,42.124,42.795,41.566,42.688,42.688,153395.0,,adjusted
2022-07-29,42.274,42.509,41.502,42.195,42.195,127059.0,,adjusted
2022-08-01,42.438,42.831,41.259,41.781,41.781,123033.0,,adjusted
2022-08-02,42.788,43.152,41.438,42.109,42.109,275543.0,,adjusted
2022-08-03,41.366,45.152,41.224,44.581,44.581,409196.0,,adjusted
2022-08-04,44.659,45.024,43.159,43.795,43.795,217905.0,,adjusted
2022-08-05,43.545,44.652,42.495,43.509,43.509,184141.0,,adjusted
2022-08-08,43.266,44.931,43.238,44.559,44.559,161965.0,,adjusted
2022-08-09,44.216,46.931,44.102,46.381,46.381,252606.0,,adjusted
2022-08-10,46.302,47.974,46.124,46.795,46.795,212922.0,,adjusted
2022-08-11,46.424,47.288,45.652,46.988,46.988,124030.0,,adjusted
2022-08-12,46.374,47.581,45.702,45.724,45.724,129456.0,,adjusted
2022-08-15,45.652,46.216,45.402,45.774,45.774,80989.0,,adjusted
2022-08-16,45.866,46.381,45.481,45.766,45.766,66212.0,,adjusted
2022-08-17,45.638,45.795,44.516,44.966,44.966,98294.0,,adjusted
2022-08-18,44.966,45.438,44.116,45.074,45.074,82653.0,,adjusted
2022-08-19,44.902,45.488,43.874,43.902,43.902,77392.0,,adjusted
2022-08-22,43.588,44.974,43.152,44.781,44.781,73147.0,,adjusted
2022-08-23,44.616,44.795,43.238,44.016,44.016,92180.0,,adjusted
2022-08-24,43.966,43.966,42.124,42.309,42.309,92001.0,,adjusted
2022-08-25,42.359,42.702,41.745,42.431,42.431,76248.0,,adjusted
2022-08-26,42.516,42.974,41.516,41.838,41.838,86677.0,,adjusted
2022-08-29,41.366,42.645,40.924,42.531,42.531,91498.0,,adjusted
2022-08-30,42.081,42.152,40.924,41.102,41.102,102358.0,,adjusted
2022-08-31,41.309,41.459,40.066,40.481,40.481,91316.0,,adjusted
2022-09-01,40.481,41.066,39.866,40.352,40.352,102406.0,,adjusted
2022-09-02,40.066,40.866,39.652,40.395,40.395,79300.0,,adjusted
2022-09-05,40.295,40.866,39.702,40.016,40.016,56733.0,,adjusted
2022-09-06,40.438,44.166,40.438,43.166,43.166,281995.0,,adjusted
2022-09-07,42.866,45.016,42.716,44.445,44.445,194934.0,,adjusted
2022-09-08,44.338,45.645,44.338,45.109,45.109,152043.0,,adjusted
2022-09-09,44.931,46.352,44.638,45.438,45.438,147402.0,,adjusted
2022-09-13,45.652,47.152,45.288,46.816,46.816,166565.0,,adjusted
2022-09-14,46.538,47.138,46.045,46.595,46.595,104421.0,,adjusted
2022-09-15,46.645,46.774,44.809,45.316,45.316,100739.0,,adjusted
2022-09-16,45.224,46.566,45.088,45.381,45.381,136809.0,,adjusted
2022-09-19,45.416,46.495,45.045,45.316,45.316,79258.0,,adjusted
2022-09-20,45.509,46.224,44.959,45.302,45.302,71586.0,,adjusted
2022-09-21,45.195,45.724,43.724,45.502,45.502,102858.0,,adjusted
2022-09-22,45.638,46.481,44.938,45.874,45.874,95063.0,,adjusted
2022-09-23,45.731,49.009,45.174,45.909,45.909,230505.0,,adjusted
2022-09-26,45.581,46.109,44.224,44.366,44.366,127125.0,,adjusted
2022-09-27,44.366,45.724,44.216,44.881,44.881,81146.0,,adjusted
2022-09-28,44.788,45.995,43.438,43.745,43.745,89427.0,,adjusted
2022-09-29,44.359,45.395,43.559,44.016,44.016,88391.0,,adjusted
2022-09-30,44.024,44.152,42.038,42.045,42.045,95199.0,,adjusted
2022-10-10,42.081,42.974,41.724,42.059,42.059,76470.0,,adjusted
2022-10-11,42.059,42.574,41.366,41.881,41.881,65124.0,,adjusted
2022-10-12,41.666,42.788,40.588,42.724,42.724,71846.0,,adjusted
2022-10-13,42.224,43.766,42.124,42.609,42.609,74256.0,,adjusted
2022-10-14,43.009,45.581,42.324,44.916,44.916,124845.0,,adjusted
2022-10-17,44.709,48.116,44.531,48.095,48.095,197002.0,,adjusted
2022-10-18,48.102,48.509,46.602,48.038,48.038,134184.0,,adjusted
2022-10-19,48.031,48.102,47.066,47.174,47.174,68451.0,,adjusted
2022-10-20,46.952,47.595,46.259,46.652,46.652,55562.0,,adjusted
2022-10-21,46.659,48.288,46.224,46.938,46.938,87125.0,,adjusted
2022-10-24,47.931,50.531,47.931,49.874,49.874,240252.0,,adjusted
2022-10-25,49.795,50.659,49.174,49.752,49.752,107367.0,,adjusted
2022-10-26,49.724,50.638,49.131,49.952,49.952,80346.0,,adjusted
2022-10-27,50.045,50.045,48.502,49.438,49.438,77743.0,,adjusted
2022-10-28,48.759,50.352,48.531,49.002,49.002,69836.0,,adjusted
2022-10-31,49.002,50.652,45.638,50.266,50.266,188662.0,,adjusted
2022-11-01,50.009,50.374,47.138,47.631,47.631,175161.0,,adjusted
2022-11-02,47.531,47.581,45.609,46.816,46.816,251063.0,,adjusted
2022-11-03,46.252,48.245,46.224,47.345,47.345,146572.0,,adjusted
2022-11-04,47.352,47.652,46.731,47.545,47.545,93682.0,,adjusted
2022-11-07,47.716,47.781,45.652,45.881,45.881,163280.0,,adjusted
2022-11-08,45.866,46.681,45.652,46.552,46.552,99251.0,,adjusted
2022-11-09,47.295,47.524,45.974,46.031,46.031,110837.0,,adjusted
2022-11-10,45.602,45.866,44.938,45.159,45.159,87614.0,,adjusted
2022-11-11,46.009,46.224,44.938,45.874,45.874,123155.0,,adjusted
2022-11-14,45.874,46.295,44.938,45.466,45.466,90242.0,,adjusted
2022-11-15,45.088,45.866,45.081,45.774,45.774,96659.0,,adjusted
2022-11-16,45.781,47.338,45.781,46.438,46.438,172060.0,,adjusted
2022-11-17,45.888,46.195,44.295,45.545,45.545,129985.0,,adjusted
2022-11-18,45.216,45.638,44.338,44.431,44.431,83555.0,,adjusted
2022-11-21,44.416,44.724,43.938,44.545,44.545,90516.0,,adjusted
2022-11-22,44.538,46.324,44.366,45.359,45.359,156093.0,,adjusted
2022-11-23,45.438,46.045,44.659,45.766,45.766,98301.0,,adjusted
2022-11-24,45.724,46.009,45.016,45.209,45.209,66638.0,,adjusted
2022-11-25,45.281,45.352,44.224,44.316,44.316,66440.0,,adjusted
2022-11-28,43.588,45.052,43.509,44.709,44.709,60734.0,,adjusted
2022-11-29,45.438,46.416,44.588,44.731,44.731,122140.0,,adjusted
2022-11-30,45.138,45.295,42.909,42.959,42.959,223808.0,,adjusted
2022-12-01,42.809,43.359,42.345,43.309,43.309,144488.0,,adjusted
2022-12-02,43.052,43.074,42.552,42.709,42.709,95511.0,,adjusted
2022-12-05,42.909,43.045,41.581,41.981,41.981,192724.0,,adjusted
2022-12-06,41.688,42.331,40.981,42.331,42.331,170713.0,,adjusted
2022-12-07,42.081,42.938,41.959,42.938,42.938,149883.0,,adjusted
2022-12-08,43.002,43.052,41.781,41.881,41.881,121684.0,,adjusted
2022-12-09,41.881,42.138,40.981,41.109,41.109,142073.0,,adjusted
2022-12-12,40.966,41.716,40.366,41.381,41.381,113459.0,,adjusted
2022-12-13,41.366,41.374,40.659,40.781,40.781,66533.0,,adjusted
2022-12-14,40.731,41.474,40.652,41.116,41.116,60714.0,,adjusted
2022-12-15,40.924,41.431,40.924,41.166,41.166,48465.0,,adjusted
2022-12-16,41.074,41.152,40.152,40.388,40.388,65005.0,,adjusted
2022-12-19,40.302,40.609,39.616,39.752,39.752,67772.0,,adjusted
2022-12-20,39.731,40.416,39.724,40.316,40.316,75626.0,,adjusted
2022-12-21,40.288,40.845,39.952,40.202,40.202,60386.0,,adjusted
2022-12-22,40.045,40.795,39.295,40.224,40.224,67785.0,,adjusted
2022-12-23,39.952,40.152,38.581,38.831,38.831,81954.0,,adjusted
2022-12-26,38.866,40.809,38.866,40.781,40.781,141653.0,,adjusted
2022-12-27,40.724,41.102,40.316,40.638,40.638,62588.0,,adjusted
2022-12-28,40.645,40.645,39.395,39.652,39.652,78998.0,,adjusted
2022-12-29,39.724,41.009,39.438,40.281,40.281,99613.0,,adjusted
2022-12-30,40.274,40.838,39.938,40.388,40.388,65567.0,,adjusted
2019-01-02,27.68,28.15,27.45,27.85,,47132.0,,raw
2019-01-03,27.57,29.8,27.57,28.81,,99915.0,,raw
2019-01-04,28.51,29.46,28.51,29.23,,53990.0,,raw
2019-01-07,29.65,30.99,29.65,30.73,,105280.0,,raw
2019-01-08,30.49,31.09,30.22,30.76,,73037.0,,raw
2019-01-09,30.57,30.93,30.39,30.41,,54522.0,,raw
2019-01-10,30.27,30.95,29.92,30.61,,77563.0,,raw
2019-01-11,30.61,31.15,30.36,30.89,,46350.0,,raw
2019-01-14,30.89,31.12,30.39,30.54,,25705.0,,raw
2019-01-15,30.56,31.22,30.42,31.17,,45141.0,,raw
2019-01-16,31.18,31.6,31.03,31.21,,43374.0,,raw
2019-01-17,31.35,31.36,30.88,31.05,,27506.0,,raw
2019-01-18,31.15,31.3,30.75,31.0,,25249.0,,raw
2019-01-21,31.0,31.46,30.76,31.33,,38314.0,,raw
2019-01-22,31.2,31.22,29.97,30.06,,52414.0,,raw
2019-01-23,30.0,30.75,29.95,30.51,,38782.0,,raw
2019-01-24,30.78,31.48,30.43,31.36,,55211.0,,raw
2019-01-25,31.36,31.45,30.87,30.87,,37361.0,,raw
2019-01-28,31.06,31.19,30.2,30.46,,38206.0,,raw
2019-01-29,30.33,30.65,29.11,29.85,,40019.0,,raw
2019-01-30,29.78,30.46,29.52,29.66,,31535.0,,raw
2019-01-31,29.73,30.09,29.41,29.48,,33213.0,,raw
2019-02-01,29.59,30.21,29.43,30.06,,39024.0,,raw
2019-02-11,30.27,30.84,30.07,30.82,,41406.0,,raw
2019-02-12,30.82,31.36,30.7,31.14,,47919.0,,raw
2019-02-13,31.25,32.4,30.9,32.16,,105167.0,,raw
2019-02-14,32.18,32.59,31.9,32.36,,78543.0,,raw
2019-02-15,32.18,32.3,31.41,31.47,,73413.0,,raw
2019-02-18,31.66,33.26,31.66,33.25,,110276.0,,raw
2019-02-19,33.2,33.48,32.4,33.02,,79760.0,,raw
2019-02-20,33.0,33.08,32.23,32.55,,70940.0,,raw
2019-02-21,33.1,34.1,32.22,32.4,,114468.0,,raw
2019-02-22,32.04,32.73,32.02,32.69,,71744.0,,raw
2019-02-25,32.84,34.63,32.56,34.38,,163235.0,,raw
2019-02-26,34.25,34.27,33.06,33.24,,129982.0,,raw
2019-02-27,33.15,34.67,33.15,33.53,,152213.0,,raw
2019-02-28,34.38,34.63,33.16,33.69,,111285.0,,raw
2019-03-01,33.8,33.84,32.8,33.39,,73337.0,,raw
2019-03-04,33.39,34.19,33.3,33.65,,136549.0,,raw
2019-03-05,33.26,33.85,33.17,33.85,,99091.0,,raw
2019-03-06,34.05,34.28,33.36,33.83,,122634.0,,raw
2019-03-07,33.81,33.86,33.2,33.43,,108289.0,,raw
2019-03-08,32.84,33.0,31.8,31.85,,121683.0,,raw
2019-03-11,32.0,32.57,31.9,32.54,,96329.0,,raw
2019-03-12,32.69,33.8,32.12,33.55,,194806.0,,raw
2019-03-13,33.55,34.39,32.66,32.78,,171276.0,,raw
2019-03-14,32.93,32.99,31.81,32.16,,93636.0,,raw
2019-03-15,31.73,32.5,31.73,31.9,,84746.0,,raw
2019-03-18,31.86,32.8,31.83,32.57,,85326.0,,raw
2019-03-19,32.58,33.67,32.58,33.65,,165880.0,,raw
2019-03-20,33.7,33.7,32.48,33.11,,95003.0,,raw
2019-03-21,32.9,33.26,32.88,32.98,,64003.0,,raw
2019-03-22,32.88,33.5,32.86,33.28,,94734.0,,raw
2019-03-25,33.17,35.04,32.98,34.56,,232159.0,,raw
2019-03-26,34.5,34.51,32.7,32.77,,124963.0,,raw
2019-03-27,32.85,33.08,31.88,32.53,,93275.0,,raw
2019-03-28,32.5,33.33,32.0,32.12,,62826.0,,raw
2019-03-29,32.32,32.83,32.13,32.76,,70137.0,,raw
2019-04-01,33.0,33.76,33.0,33.45,,111829.0,,raw
2019-04-02,33.77,34.68,33.3,33.6,,149238.0,,raw
2019-04-03,33.52,33.8,33.11,33.74,,96568.0,,raw
2019-04-04,34.0,34.18,33.6,33.89,,116895.0,,raw
2019-04-08,33.94,34.29,33.01,33.32,,93836.0,,raw
2019-04-09,33.49,33.56,33.06,33.26,,60214.0,,raw
2019-04-10,33.3,33.62,33.1,33.56,,80900.0,,raw
2019-04-11,33.6,33.88,33.0,33.0,,78915.0,,raw
2019-04-12,32.85,33.24,32.44,33.1,,57769.0,,raw
2019-04-15,33.38,33.57,32.71,32.72,,71979.0,,raw
2019-04-16,32.63,33.16,32.5,33.14,,74192.0,,raw
2019-04-17,33.05,33.34,32.86,33.1,,58316.0,,raw
2019-04-18,33.1,34.47,33.09,33.96,,165930.0,,raw
2019-04-19,33.99,34.0,33.0,33.64,,101153.0,,raw
2019-04-22,33.7,34.24,33.22,33.34,,78447.0,,raw
2019-04-23,33.48,33.48,32.1,32.36,,91733.0,,raw
2019-04-24,32.4,32.58,31.75,32.12,,55322.0,,raw
2019-04-25,32.05,32.18,30.66,30.9,,89130.0,,raw
2019-04-26,30.8,31.06,30.01,30.37,,53794.0,,raw
2019-04-29,30.99,31.72,30.51,30.58,,72623.0,,raw
2019-04-30,30.8,31.3,30.48,30.7,,54819.0,,raw
2019-05-06,30.05,30.1,27.63,27.88,,112360.0,,raw
2019-05-07,28.3,28.38,27.85,28.06,,64148.0,,raw
2019-05-08,27.78,28.88,27.5,28.62,,74054.0,,raw
2019-05-09,28.75,29.95,28.65,29.6,,105756.0,,raw
2019-05-10,29.65,30.4,28.92,30.09,,104141.0,,raw
2019-05-13,29.73,30.99,29.66,30.68,,98205.0,,raw
2019-05-14,30.4,30.99,30.01,30.17,,72430.0,,raw
2019-05-15,30.28,30.59,30.02,30.35,,51194.0,,raw
2019-05-16,30.3,31.39,30.22,30.65,,70925.0,,raw
2019-05-17,30.66,30.99,29.5,29.69,,68859.0,,raw
2019-05-20,29.7,30.55,29.38,29.99,,58672.0,,raw
2019-05-21,29.93,30.16,29.06,29.93,,60305.0,,raw
2019-05-22,29.9,29.9,29.23,29.62,,62191.0,,raw
2019-05-23,29.53,29.95,28.7,28.7,,56343.0,,raw
2019-05-24,28.43,29.17,28.28,28.77,,49454.0,,raw
2019-05-27,28.89,29.38,28.28,29.27,,50820.0,,raw
2019-05-28,29.05,29.81,29.05,29.5,,55159.0,,raw
2019-05-29,29.38,29.38,28.65,28.99,,55803.0,,raw
2019-05-30,29.05,29.15,28.73,28.98,,35611.0,,raw
2019-05-31,28.99,29.29,28.81,29.07,,38947.0,,raw
2019-06-03,29.15,29.6,28.65,28.76,,50519.0,,raw
2019-06-04,28.5,28.74,27.69,27.91,,62383.0,,raw
2019-06-05,28.03,28.28,27.8,28.0,,31568.0,,raw
2019-06-06,28.1,28.2,27.3,27.43,,37424.0,,raw
2019-06-10,27.68,27.9,27.47,27.64,,34463.0,,raw
2019-06-11,27.65,28.42,27.37,28.39,,81640.0,,raw
2019-06-12,28.3,28.3,27.82,27.92,,56648.0,,raw
2019-06-13,27.85,28.0,27.71,27.8,,50001.0,,raw
2019-06-14,27.83,28.27,27.45,27.6,,64385.0,,raw
2019-06-17,27.6,27.64,27.19,27.38,,43574.0,,raw
2019-06-18,27.44,27.5,27.22,27.3,,24156.0,,raw
2019-06-19,27.6,27.95,27.57,27.63,,54377.0,,raw
2019-06-20,27.52,28.18,27.41,28.1,,72285.0,,raw
2019-06-21,28.22,28.87,28.16,28.81,,93327.0,,raw
2019-06-24,28.9,29.0,28.4,28.83,,61274.0,,raw
2019-06-25,28.79,29.26,28.47,29.09,,74610.0,,raw
2019-06-26,28.95,29.28,28.51,29.28,,53830.0,,raw
2019-06-27,29.27,29.86,29.11,29.3,,79366.0,,raw
2019-06-28,29.29,29.38,28.6,29.03,,51333.0,,raw
2019-07-01,29.54,29.68,29.15,29.52,,89840.0,,raw
2019-07-02,29.61,29.8,29.29,29.53,,66166.0,,raw
2019-07-03,29.4,30.32,29.4,29.87,,98870.0,,raw
2019-07-04,29.7,31.78,29.62,30.28,,207091.0,,raw
2019-07-05,30.23,30.66,29.66,29.88,,94980.0,,raw
2019-07-08,29.7,29.7,28.68,28.94,,77161.0,,raw
2019-07-09,29.0,29.33,28.6,29.2,,39484.0,,raw
2019-07-10,29.2,30.04,29.06,29.2,,59243.0,,raw
2019-07-11,29.25,29.64,29.12,29.45,,39316.0,,raw
2019-07-12,29.46,29.78,29.3,29.62,,38776.0,,raw
2019-07-15,29.56,30.29,29.4,30.26,,79207.0,,raw
2019-07-16,30.18,30.47,30.02,30.18,,41024.0,,raw
2019-07-17,30.17,30.38,29.95,30.08,,40288.0,,raw
2019-07-18,29.8,29.97,29.51,29.63,,34177.0,,raw
2019-07-19,29.8,29.94,29.53,29.53,,35578.0,,raw
2019-07-22,29.5,29.67,28.91,29.07,,42715.0,,raw
2019-07-23,29.24,29.57,29.13,29.5,,32024.0,,raw
2019-07-24,29.84,30.8,29.6,30.67,,121832.0,,raw
2019-07-25,30.55,30.94,30.23,30.4,,96789.0,,raw
2019-07-26,30.48,31.19,30.32,30.55,,116943.0,,raw
2019-07-29,30.49,30.88,30.16,30.35,,96724.0,,raw
2019-07-30,30.24,30.35,30.02,30.08,,86743.0,,raw
2019-07-31,30.14,30.28,29.78,30.1,,68130.0,,raw
2019-08-01,30.99,30.99,29.71,29.71,,102959.0,,raw
2019-08-02,29.12,30.03,29.05,29.45,,75667.0,,raw
2019-08-05,29.21,30.44,29.21,29.59,,107384.0,,raw
2019-08-06,29.2,29.54,28.62,28.99,,76687.0,,raw
2019-08-07,29.0,29.23,28.38,28.39,,68461.0,,raw
2019-08-08,28.55,28.97,28.46,28.82,,52431.0,,raw
2019-08-09,29.11,29.11,28.13,28.23,,50474.0,,raw
2019-08-12,28.35,28.72,28.23,28.55,,49647.0,,raw
2019-08-13,28.4,28.58,28.18,28.37,,43294.0,,raw
2019-08-14,28.73,28.74,28.32,28.48,,53185.0,,raw
2019-08-15,28.01,28.4,27.93,28.33,,48788.0,,raw
2019-08-16,28.35,28.71,28.35,28.5,,50382.0,,raw
2019-08-19,28.7,29.8,28.6,29.73,,116977.0,,raw
2019-08-20,29.73,30.19,29.56,29.93,,85762.0,,raw
2019-08-21,30.0,30.26,29.81,29.96,,73930.0,,raw
2019-08-22,30.08,30.73,29.92,30.55,,117611.0,,raw
2019-08-23,30.48,30.92,30.32,30.59,,84438.0,,raw
2019-08-26,30.22,30.79,30.12,30.67,,80969.0,,raw
2019-08-27,30.68,31.46,30.5,31.29,,128484.0,,raw
2019-08-28,31.99,32.04,30.83,30.85,,213949.0,,raw
2019-08-29,31.07,32.6,31.0,31.87,,238553.0,,raw
2019-08-30,32.0,32.88,31.73,32.88,,234692.0,,raw
2019-09-02,33.3,36.17,32.9,35.58,,397864.0,,raw
2019-09-03,35.62,37.88,34.91,36.13,,351764.0,,raw
2019-09-04,35.94,37.57,35.75,36.58,,294693.0,,raw
2019-09-05,36.29,37.45,36.08,36.3,,264052.0,,raw
2019-09-06,36.31,37.4,36.0,37.08,,273608.0,,raw
2019-09-09,37.1,37.5,36.6,37.08,,221455.0,,raw
2019-09-10,37.21,38.22,35.92,36.15,,313362.0,,raw
2019-09-11,36.25,36.77,35.61,36.02,,206852.0,,raw
2019-09-12,36.0,36.23,35.41,35.67,,154972.0,,raw
2019-09-16,35.89,36.15,35.32,35.6,,148731.0,,raw
2019-09-17,35.73,35.8,34.14,34.49,,220378.0,,raw
2019-09-18,34.68,34.77,34.18,34.28,,120610.0,,raw
2019-09-19,34.49,34.78,34.15,34.73,,159579.0,,raw
2019-09-20,34.67,34.67,33.11,33.66,,273052.0,,raw
2019-09-23,33.47,33.94,32.93,33.39,,166654.0,,raw
2019-09-24,33.4,33.68,33.05,33.36,,142987.0,,raw
2019-09-25,33.3,33.56,32.57,32.75,,134695.0,,raw
2019-09-26,32.86,32.94,31.35,31.51,,165966.0,,raw
2019-09-27,31.65,31.94,31.32,31.55,,114114.0,,raw
2019-09-30,31.55,31.94,31.0,31.0,,108440.0,,raw
2019-10-08,31.0,31.18,29.88,29.92,,130868.0,,raw
2019-10-09,29.93,30.15,29.67,30.12,,102305.0,,raw
2019-10-10,30.18,30.3,29.9,30.14,,93771.0,,raw
2019-10-11,30.19,30.38,29.67,29.96,,104456.0,,raw
2019-10-14,30.12,31.03,30.12,30.75,,170256.0,,raw
2019-10-15,30.7,30.7,29.72,29.82,,127399.0,,raw
2019-10-16,29.91,30.27,29.61,29.91,,71971.0,,raw
2019-10-17,29.99,30.09,29.3,29.44,,84535.0,,raw
2019-10-18,29.49,29.78,28.85,28.94,,88795.0,,raw
2019-10-21,28.95,29.28,28.49,29.2,,65105.0,,raw
2019-10-22,29.14,29.51,28.96,29.42,,68644.0,,raw
2019-10-23,29.6,29.6,28.93,28.98,,66296.0,,raw
2019-10-24,29.13,29.24,28.5,29.08,,63879.0,,raw
2019-10-25,29.1,30.08,28.95,29.82,,137853.0,,raw
2019-10-28,29.57,30.01,29.31,29.93,,110510.0,,raw
2019-10-29,29.89,29.97,29.47,29.67,,67518.0,,raw
2019-10-30,29.7,29.7,28.89,29.15,,89851.0,,raw
2019-10-31,29.38,29.69,29.0,29.41,,63611.0,,raw
2019-11-01,29.21,29.63,29.21,29.35,,58217.0,,raw
2019-11-04,29.31,29.56,28.8,29.24,,82796.0,,raw
2019-11-05,29.26,29.36,28.99,29.08,,68294.0,,raw
2019-11-06,29.7,30.76,29.7,30.13,,255471.0,,raw
2019-11-07,29.92,29.92,29.16,29.19,,140413.0,,raw
2019-11-08,29.28,29.35,28.98,28.98,,94433.0,,raw
2019-11-11,28.65,28.8,27.96,28.0,,124609.0,,raw
2019-11-12,28.05,28.11,27.51,28.03,,63269.0,,raw
2019-11-13,28.06,28.06,27.76,27.84,,41595.0,,raw
2019-11-14,27.82,28.11,27.8,27.94,,43429.0,,raw
2019-11-15,27.85,28.21,27.58,27.9,,51309.0,,raw
2019-11-18,27.9,28.28,27.7,28.22,,48186.0,,raw
2019-11-19,28.22,28.58,28.11,28.55,,54039.0,,raw
2019-11-20,28.5,28.5,27.96,28.03,,58257.0,,raw
2019-11-21,27.99,28.8,27.85,28.65,,86241.0,,raw
2019-11-22,28.45,28.73,28.16,28.31,,67549.0,,raw
2019-11-25,28.2,28.25,27.78,27.95,,66523.0,,raw
2019-11-26,27.87,28.4,27.83,28.4,,59603.0,,raw
2019-11-27,28.22,28.22,27.92,28.04,,34260.0,,raw
2019-11-28,28.04,28.15,27.85,27.97,,32386.0,,raw
2019-11-29,27.97,28.16,27.86,28.11,,38501.0,,raw
2019-12-02,28.15,28.42,28.01,28.28,,40129.0,,raw
2019-12-03,28.29,29.26,28.07,29.25,,133933.0,,raw
2019-12-04,29.01,29.7,28.94,29.64,,107412.0,,raw
2019-12-05,29.59,30.7,29.53,30.3,,160483.0,,raw
2019-12-06,30.3,30.4,29.85,30.0,,82309.0,,raw
2019-12-09,30.0,30.13,29.72,30.03,,77934.0,,raw
2019-12-10,30.03,30.18,29.75,29.9,,61218.0,,raw
2019-12-11,30.01,30.65,29.87,30.49,,97754.0,,raw
2019-12-12,30.42,30.58,29.91,30.1,,65090.0,,raw
2019-12-13,30.14,30.42,29.74,30.03,,89678.0,,raw
2019-12-16,30.03,31.96,30.03,31.93,,191633.0,,raw
2019-12-17,31.92,33.15,31.81,32.25,,198635.0,,raw
2019-12-18,32.5,32.7,31.52,31.58,,130839.0,,raw
2019-12-19,31.74,32.13,31.28,31.31,,119073.0,,raw
2019-12-20,31.45,31.66,30.88,31.05,,78572.0,,raw
2019-12-23,31.17,31.56,30.87,30.91,,84058.0,,raw
2019-12-24,31.08,31.95,30.91,31.72,,98706.0,,raw
2019-12-25,31.75,31.83,31.15,31.35,,68727.0,,raw
2019-12-26,31.39,31.45,30.99,31.45,,59956.0,,raw
2019-12-27,31.35,31.57,31.15,31.18,,55341.0,,raw
2019-12-30,31.19,31.19,30.52,30.98,,60773.0,,raw
2019-12-31,31.0,31.66,30.9,31.6,,75957.0,,raw
2020-01-02,31.87,32.28,31.54,31.8,,81387.0,,raw
2020-01-03,31.88,32.94,31.64,32.76,,167517.0,,raw
2020-01-06,33.43,34.2,32.97,33.15,,171252.0,,raw
2020-01-07,33.02,33.55,32.6,33.17,,87380.0,,raw
2020-01-08,34.02,34.17,32.93,33.52,,154947.0,,raw
2020-01-09,32.6,32.7,32.11,32.4,,100903.0,,raw
2020-01-10,32.3,32.58,31.5,31.97,,121178.0,,raw
2020-01-13,32.3,32.3,31.62,31.92,,57727.0,,raw
2020-01-14,31.92,32.14,31.3,31.36,,83252.0,,raw
2020-01-15,31.34,31.42,30.63,30.8,,94870.0,,raw
2020-01-16,30.88,31.31,30.52,30.58,,90302.0,,raw
2020-01-17,30.6,30.88,30.34,30.71,,67177.0,,raw
2020-01-20,30.69,31.3,30.6,31.09,,74971.0,,raw
2020-01-21,31.1,31.1,29.88,30.04,,127035.0,,raw
2020-01-22,30.0,30.08,29.33,29.9,,71414.0,,raw
2020-01-23,29.5,30.2,28.8,29.0,,90046.0,,raw
2020-02-03,26.1,26.31,26.1,26.1,,109395.0,,raw
2020-02-04,25.0,26.66,25.0,26.52,,140982.0,,raw
2020-02-05,26.51,27.72,26.46,26.74,,135738.0,,raw
2020-02-06,26.85,27.42,26.51,27.26,,114565.0,,raw
2020-02-07,27.25,27.45,26.88,27.4,,114859.0,,raw
2020-02-10,27.3,27.81,27.15,27.8,,113282.0,,raw
2020-02-11,27.9,27.95,27.35,27.37,,106767.0,,raw
2020-02-12,27.37,27.38,27.0,27.32,,122436.0,,raw
2020-02-13,27.45,27.6,26.82,26.9,,139962.0,,raw
2020-02-14,26.87,27.14,26.71,26.94,,100932.0,,raw
2020-02-17,27.2,29.58,27.2,29.47,,286833.0,,raw
2020-02-18,29.8,29.95,28.5,28.82,,264913.0,,raw
2020-02-19,28.45,29.38,28.1,28.66,,202273.0,,raw
2020-02-20,28.71,28.98,28.2,28.88,,162457.0,,raw
2020-02-21,28.91,29.35,28.7,29.31,,208234.0,,raw
2020-02-24,29.3,29.98,28.9,29.82,,207274.0,,raw
2020-02-25,29.2,29.46,28.21,29.01,,185897.0,,raw
2020-02-26,28.6,29.94,28.32,29.22,,239057.0,,raw
2020-02-27,29.3,29.8,28.53,29.06,,163716.0,,raw
2020-02-28,28.25,28.68,27.25,27.8,,202157.0,,raw
2020-03-02,27.88,28.75,27.57,28.46,,139456.0,,raw
2020-03-03,28.75,29.72,28.59,28.93,,199124.0,,raw
2020-03-04,28.71,29.49,28.61,29.21,,124637.0,,raw
2020-03-05,29.43,29.58,29.0,29.24,,141711.0,,raw
2020-03-06,28.82,29.28,28.82,28.92,,98584.0,,raw
2020-03-09,28.52,28.66,27.41,27.59,,162683.0,,raw
2020-03-10,27.25,28.23,27.07,28.23,,110408.0,,raw
2020-03-11,29.36,31.05,29.23,31.05,,582844.0,,raw
2020-03-12,30.3,31.8,29.89,30.73,,440060.0,,raw
2020-03-13,30.0,31.48,29.3,30.74,,308430.0,,raw
2020-03-16,30.89,31.48,29.54,29.69,,244540.0,,raw
2020-03-17,30.0,30.55,27.71,28.41,,224987.0,,raw
2020-03-18,28.69,28.84,27.17,27.17,,219391.0,,raw
2020-03-19,27.15,27.58,26.6,27.4,,144585.0,,raw
2020-03-20,27.7,27.74,26.98,27.29,,125280.0,,raw
2020-03-23,26.5,27.15,26.47,26.6,,101071.0,,raw
2020-03-24,27.12,27.47,26.24,27.46,,132430.0,,raw
2020-03-25,27.7,27.78,27.33,27.75,,104291.0,,raw
2020-03-26,27.51,27.91,27.35,27.56,,70163.0,,raw
2020-03-27,27.81,28.4,27.63,27.98,,97228.0,,raw
2020-03-30,27.7,29.5,27.6,28.95,,168435.0,,raw
2020-03-31,28.92,29.15,28.41,28.63,,107371.0,,raw
2020-04-01,28.5,28.66,27.82,27.87,,93594.0,,raw
2020-04-02,27.71,28.3,27.71,28.27,,58041.0,,raw
2020-04-03,28.2,28.85,28.13,28.34,,67426.0,,raw
2020-04-07,28.78,30.1,28.65,30.08,,195902.0,,raw
2020-04-08,29.68,30.9,29.6,30.6,,188003.0,,raw
2020-04-09,30.79,31.27,30.41,31.0,,171788.0,,raw
2020-04-10,31.0,31.66,30.8,31.35,,185386.0,,raw
2020-04-13,31.1,31.85,30.59,31.28,,125653.0,,raw
2020-04-14,31.35,31.63,31.0,31.5,,114997.0,,raw
2020-04-15,31.69,31.85,30.8,31.29,,112588.0,,raw
2020-04-16,31.03,34.27,31.0,33.15,,310387.0,,raw
2020-04-17,32.84,33.05,31.02,31.1,,257464.0,,raw
2020-04-20,31.12,31.51,30.75,31.31,,137274.0,,raw
2020-04-21,31.05,31.97,31.03,31.38,,132364.0,,raw
2020-04-22,31.2,31.65,30.67,31.38,,82457.0,,raw
2020-04-23,31.23,32.15,31.0,31.49,,134156.0,,raw
2020-04-24,31.5,31.73,30.76,31.31,,116383.0,,raw
2020-04-27,31.8,32.5,31.32,31.72,,226573.0,,raw
2020-04-28,31.75,33.25,31.03,32.95,,254550.0,,raw
2020-04-29,32.65,33.6,32.58,33.38,,164137.0,,raw
2020-04-30,33.2,34.12,33.02,33.49,,168197.0,,raw
2020-05-06,33.46,35.06,33.46,34.8,,187587.0,,raw
2020-05-07,34.71,34.81,34.03,34.4,,109745.0,,raw
2020-05-08,34.52,34.95,34.2,34.35,,118982.0,,raw
2020-05-11,34.63,35.59,34.51,34.9,,128990.0,,raw
2020-05-12,34.97,35.28,34.33,34.75,,98900.0,,raw
2020-05-13,34.48,35.1,34.38,34.99,,79358.0,,raw
2020-05-14,34.95,35.35,34.47,35.12,,92620.0,,raw
2020-05-15,35.0,35.1,34.28,34.65,,103913.0,,raw
2020-05-18,34.65,36.13,34.55,35.6,,165359.0,,raw
2020-05-19,35.6,35.95,35.25,35.91,,97139.0,,raw
2020-05-20,35.76,36.06,33.7,34.14,,205779.0,,raw
2020-05-21,34.19,34.6,33.85,34.02,,124033.0,,raw
2020-05-22,33.9,34.25,32.73,32.79,,119670.0,,raw
2020-05-25,32.92,33.5,32.69,32.97,,84908.0,,raw
2020-05-26,33.17,33.29,32.8,33.17,,74118.0,,raw
2020-05-27,33.01,33.41,32.86,33.04,,74181.0,,raw
2020-05-28,33.08,33.26,32.44,33.26,,94630.0,,raw
2020-05-29,33.26,33.6,32.96,33.6,,80247.0,,raw
2020-06-01,33.3,34.15,33.03,34.01,,117250.0,,raw
2020-06-02,33.89,34.44,33.6,33.67,,74786.0,,raw
2020-06-03,33.68,33.89,33.07,33.31,,83146.0,,raw
2020-06-04,33.4,33.47,32.6,32.66,,98162.0,,raw
2020-06-05,32.66,32.85,32.32,32.56,,48107.0,,raw
2020-06-08,32.71,33.43,32.1,32.97,,113787.0,,raw
2020-06-09,33.0,33.09,32.2,32.76,,86845.0,,raw
2020-06-10,32.69,32.92,32.2,32.64,,79981.0,,raw
2020-06-11,32.65,32.79,32.2,32.42,,70078.0,,raw
2020-06-12,32.09,32.65,31.86,32.65,,79378.0,,raw
2020-06-15,32.59,32.59,31.88,31.88,,75639.0,,raw
2020-06-16,32.01,32.56,32.01,32.4,,80249.0,,raw
2020-06-17,32.95,33.76,32.6,33.41,,175687.0,,raw
2020-06-18,33.01,33.05,31.99,32.28,,144072.0,,raw
2020-06-19,32.05,32.17,31.88,32.15,,81421.0,,raw
2020-06-22,32.14,32.35,32.0,32.32,,82720.0,,raw
2020-06-23,32.28,32.71,32.0,32.7,,87190.0,,raw
2020-06-24,32.7,32.7,32.15,32.25,,70413.0,,raw
2020-06-29,32.1,32.95,31.91,32.63,,93071.0,,raw
2020-06-30,32.69,32.95,32.48,32.82,,84775.0,,raw
2020-07-01,33.0,33.8,32.7,33.8,,157266.0,,raw
2020-07-02,33.85,33.85,33.44,33.59,,129886.0,,raw
2020-07-03,33.78,35.85,33.65,35.22,,258465.0,,raw
2020-07-06,35.9,38.74,35.9,38.74,,281381.0,,raw
2020-07-07,40.7,42.61,40.21,42.61,,256674.0,,raw
2020-07-08,44.74,46.87,44.2,46.87,,270901.0,,raw
2020-07-09,51.56,51.56,51.56,51.56,,30211.0,,raw
2020-07-10,56.72,56.72,56.72,56.72,,83915.0,,raw
2020-07-13,55.0,59.88,51.18,58.5,,796366.0,,raw
2020-07-14,57.0,64.35,56.51,59.04,,744675.0,,raw
2020-07-15,59.71,62.02,54.7,57.29,,598405.0,,raw
2020-07-16,55.55,59.03,51.78,54.06,,539424.0,,raw
2020-07-17,54.5,59.47,52.2,59.47,,553238.0,,raw
2020-07-20,61.8,65.42,61.6,65.42,,179922.0,,raw
2020-07-21,70.4,71.9,60.66,60.84,,759687.0,,raw
2020-07-22,59.99,64.39,59.99,61.74,,595063.0,,raw
2020-07-23,62.96,67.91,60.49,67.91,,678663.0,,raw
2020-07-24,69.63,74.5,65.0,65.8,,795361.0,,raw
2020-07-27,64.11,68.68,59.65,65.95,,524745.0,,raw
2020-07-28,64.4,67.37,62.53,63.75,,344872.0,,raw
2020-07-29,63.0,65.43,61.74,64.7,,374410.0,,raw
2020-07-30,64.49,67.92,62.54,65.55,,425063.0,,raw
2020-07-31,65.15,65.55,62.93,63.93,,301186.0,,raw
2020-08-03,64.85,69.94,63.52,68.79,,483703.0,,raw
2020-08-04,67.01,67.4,63.8,63.8,,409921.0,,raw
2020-08-05,62.88,66.18,62.01,64.75,,332479.0,,raw
2020-08-06,64.5,71.23,64.38,71.23,,635967.0,,raw
2020-08-07,69.0,77.49,66.66,73.4,,614931.0,,raw
2020-08-10,72.06,78.7,69.5,69.55,,516547.0,,raw
2020-08-11,67.6,71.8,66.25,67.8,,341290.0,,raw
2020-08-12,67.0,69.5,63.66,65.66,,322403.0,,raw
2020-08-13,65.98,67.2,64.38,64.86,,271084.0,,raw
2020-08-14,63.99,68.22,63.4,66.15,,303667.0,,raw
2020-08-17,66.0,68.88,64.6,68.04,,299647.0,,raw
2020-08-18,67.36,70.52,67.3,68.07,,266012.0,,raw
2020-08-19,67.39,67.59,64.18,64.33,,255519.0,,raw
2020-08-20,64.0,64.98,59.7,59.91,,347429.0,,raw
2020-08-21,60.89,61.75,59.47,60.39,,221563.0,,raw
2020-08-24,60.95,61.79,59.57,60.63,,132943.0,,raw
2020-08-25,60.65,60.88,57.55,58.2,,228700.0,,raw
2020-08-26,58.6,59.49,56.88,57.34,,145130.0,,raw
2020-08-27,57.97,58.47,57.1,57.9,,131065.0,,raw
2020-08-28,58.27,60.3,57.52,58.6,,215445.0,,raw
2020-08-31,58.65,60.76,57.5,59.05,,281710.0,,raw
2020-09-01,59.36,61.16,58.71,60.2,,299239.0,,raw
2020-09-02,60.1,60.11,57.1,57.5,,244855.0,,raw
2020-09-03,56.99,57.45,55.58,56.9,,192197.0,,raw
2020-09-04,56.0,57.72,55.86,57.26,,135896.0,,raw
2020-09-07,57.26,57.26,54.81,55.15,,132983.0,,raw
2020-09-08,55.15,56.2,54.51,56.02,,107332.0,,raw
2020-09-09,55.01,59.9,54.87,57.96,,267199.0,,raw
2020-09-10,57.8,57.82,55.18,55.24,,153134.0,,raw
2020-09-11,54.81,55.68,52.76,53.87,,201803.0,,raw
2020-09-14,53.87,54.49,52.86,53.13,,132364.0,,raw
2020-09-15,53.25,54.1,52.85,53.91,,110482.0,,raw
2020-09-16,53.98,54.21,52.9,53.02,,88201.0,,raw
2020-09-17,53.23,54.11,52.15,53.3,,105953.0,,raw
2020-09-18,53.8,55.65,53.5,55.48,,185193.0,,raw
2020-09-21,56.74,60.57,56.7,58.4,,302539.0,,raw
2020-09-22,57.06,57.33,55.52,55.92,,147368.0,,raw
2020-09-23,55.57,56.48,54.6,56.09,,96653.0,,raw
2020-09-24,55.21,55.74,53.84,54.01,,94231.0,,raw
2020-09-25,54.4,55.08,53.79,53.9,,80249.0,,raw
2020-09-28,53.8,54.98,53.37,54.1,,79589.0,,raw
2020-09-29,54.9,57.78,54.59,57.31,,204306.0,,raw
2020-09-30,57.4,57.68,56.13,57.29,,112342.0,,raw
2020-10-09,58.0,58.24,56.66,58.24,,141761.0,,raw
2020-10-12,59.25,64.0,58.53,61.78,,295162.0,,raw
2020-10-13,61.0,62.4,60.5,62.26,,138113.0,,raw
2020-10-14,63.12,66.2,62.62,64.45,,276074.0,,raw
2020-10-15,63.74,65.55,63.74,64.15,,160403.0,,raw
2020-10-16,64.0,64.8,60.5,60.76,,173902.0,,raw
2020-10-19,61.43,61.65,60.07,61.05,,111456.0,,raw
2020-10-20,61.0,61.3,59.24,61.0,,122694.0,,raw
2020-10-21,60.92,61.16,57.95,58.45,,140210.0,,raw
2020-10-22,58.3,58.38,56.2,58.05,,91670.0,,raw
2020-10-23,58.05,58.69,55.71,55.92,,87297.0,,raw
2020-10-26,55.97,57.07,55.37,56.99,,76462.0,,raw
2020-10-27,56.5,57.58,56.01,57.15,,85159.0,,raw
2020-10-28,57.26,57.28,55.5,56.96,,81166.0,,raw
2020-10-29,56.0,56.62,55.55,56.48,,77220.0,,raw
2020-10-30,57.53,58.5,51.5,51.83,,262237.0,,raw
2020-11-02,51.47,52.88,50.5,52.57,,144793.0,,raw
2020-11-03,52.57,54.24,52.3,53.9,,112789.0,,raw
2020-11-04,53.88,57.13,53.29,56.09,,164658.0,,raw
2020-11-05,55.05,55.98,53.76,54.59,,118309.0,,raw
2020-11-06,53.5,54.65,51.52,52.45,,144295.0,,raw
2020-11-09,52.0,53.99,51.47,53.41,,117028.0,,raw
2020-11-10,53.2,53.71,52.21,52.48,,81578.0,,raw
2020-11-11,52.3,53.1,51.0,51.2,,93613.0,,raw
2020-11-12,51.31,52.54,51.08,51.72,,63422.0,,raw
2020-11-13,51.72,53.7,51.26,52.63,,130312.0,,raw
2020-11-16,52.78,55.3,52.78,53.7,,162192.0,,raw
2020-11-17,53.5,53.5,50.2,50.9,,156909.0,,raw
2020-11-18,51.0,51.74,50.28,51.51,,89564.0,,raw
2020-11-19,51.0,56.5,50.51,55.77,,286266.0,,raw
2020-11-20,55.76,57.98,54.92,56.07,,249065.0,,raw
2020-11-23,55.5,57.07,55.0,55.97,,153675.0,,raw
2020-11-24,55.77,57.29,54.47,54.81,,142640.0,,raw
2020-11-25,54.3,54.67,52.8,52.85,,105741.0,,raw
2020-11-26,53.2,54.61,52.31,54.16,,129102.0,,raw
2020-11-27,54.2,59.58,53.85,59.57,,401428.0,,raw
2020-11-30,59.8,62.75,58.21,60.73,,406187.0,,raw
2020-12-01,60.73,64.28,60.2,62.73,,277884.0,,raw
2020-12-02,62.0,64.44,61.5,62.41,,247462.0,,raw
2020-12-03,62.2,62.94,61.55,62.5,,135392.0,,raw
2020-12-04,61.54,63.3,60.18,62.7,,177657.0,,raw
2020-12-07,62.48,63.19,61.05,62.78,,184043.0,,raw
2020-12-08,62.21,65.3,61.11,62.1,,176973.0,,raw
2020-12-09,61.4,62.7,58.28,58.5,,211249.0,,raw
2020-12-10,58.83,61.97,58.5,60.89,,184900.0,,raw
2020-12-11,60.92,61.2,58.0,59.13,,122944.0,,raw
2020-12-14,58.92,64.8,58.92,63.35,,236684.0,,raw
2020-12-15,63.99,66.35,62.65,64.63,,225334.0,,raw
2020-12-16,64.0,65.33,62.62,63.85,,176090.0,,raw
2020-12-17,63.1,63.75,61.18,63.39,,141520.0,,raw
2020-12-18,63.13,63.9,61.65,62.13,,138432.0,,raw
2020-12-21,63.59,67.37,62.5,67.2,,246962.0,,raw
2020-12-22,66.88,68.63,65.7,65.7,,195923.0,,raw
2020-12-23,66.4,72.27,65.2,72.27,,313293.0,,raw
2020-12-24,73.8,79.01,72.25,73.11,,403922.0,,raw
2020-12-25,74.0,75.33,70.92,74.6,,233325.0,,raw
2020-12-28,74.5,77.5,71.8,73.25,,293284.0,,raw
2020-12-29,72.89,74.0,70.4,71.8,,191687.0,,raw
2020-12-30,71.33,76.15,71.3,73.7,,228800.0,,raw
2020-12-31,73.4,78.88,72.9,78.18,,257383.0,,raw
2021-01-04,81.3,86.0,80.0,86.0,,310540.0,,raw
2021-01-05,87.0,93.8,86.0,89.48,,360724.0,,raw
2021-01-06,88.28,95.66,87.77,92.79,,288946.0,,raw
2021-01-07,91.23,100.15,90.5,96.5,,312304.0,,raw
2021-01-08,96.2,98.8,91.02,95.45,,278115.0,,raw
2021-01-11,97.9,98.45,87.0,88.23,,363745.0,,raw
2021-01-12,88.91,93.53,88.91,93.05,,277206.0,,raw
2021-01-13,93.87,96.31,89.18,90.95,,311285.0,,raw
2021-01-14,89.0,89.0,81.86,82.01,,405207.0,,raw
2021-01-15,82.01,83.99,78.89,83.6,,283050.0,,raw
2021-01-18,83.6,86.78,82.51,85.4,,267502.0,,raw
2021-01-19,83.88,85.55,80.38,81.58,,269548.0,,raw
2021-01-20,81.0,84.84,80.3,83.81,,216827.0,,raw
2021-01-21,83.72,85.33,81.9,84.24,,280119.0,,raw
2021-01-22,83.6,86.95,82.27,86.94,,331244.0,,raw
2021-01-25,89.0,95.32,88.88,90.66,,388239.0,,raw
2021-01-26,88.88,89.77,81.59,81.59,,338312.0,,raw
2021-01-27,80.1,82.48,78.79,80.59,,190130.0,,raw
2021-01-28,78.7,81.31,77.37,78.32,,193747.0,,raw
2021-01-29,78.9,79.78,74.93,76.86,,199852.0,,raw
2021-02-01,77.0,79.15,76.98,78.1,,121920.0,,raw
2021-02-02,79.0,80.95,77.3,80.22,,157641.0,,raw
2021-02-03,80.3,80.3,75.05,75.41,,189188.0,,raw
2021-02-04,74.56,76.5,73.73,74.8,,144716.0,,raw
2021-02-05,76.0,76.88,72.9,73.03,,122219.0,,raw
2021-02-08,73.84,75.4,72.02,75.01,,124390.0,,raw
2021-02-09,75.87,82.51,74.76,82.5,,253320.0,,raw
2021-02-10,82.2,82.2,78.1,80.82,,217713.0,,raw
2021-02-18,81.01,81.82,78.99,80.3,,148557.0,,raw
2021-02-19,80.5,83.0,80.1,81.57,,150990.0,,raw
2021-02-22,81.6,81.74,74.77,75.1,,219538.0,,raw
2021-02-23,73.05,79.18,72.65,78.13,,205225.0,,raw
2021-02-24,78.93,80.93,77.7,79.99,,194902.0,,raw
2021-02-25,80.0,86.8,79.05,84.8,,276318.0,,raw
2021-02-26,82.57,85.6,79.0,81.1,,231869.0,,raw
2021-03-01,81.65,82.49,78.88,82.49,,149267.0,,raw
2021-03-02,82.85,84.21,80.23,84.04,,195707.0,,raw
2021-03-03,82.2,83.68,81.5,83.0,,117420.0,,raw
2021-03-04,82.29,85.55,80.25,80.9,,176276.0,,raw
2021-03-05,78.74,78.78,72.82,73.46,,246364.0,,raw
2021-03-08,73.47,73.9,66.11,66.11,,280373.0,,raw
2021-03-09,65.0,65.6,60.11,61.77,,218040.0,,raw
2021-03-10,63.0,63.7,60.79,61.39,,147536.0,,raw
2021-03-11,61.46,63.68,60.55,63.08,,139650.0,,raw
2021-03-12,63.04,63.04,60.62,62.12,,111492.0,,raw
2021-03-15,62.05,63.23,60.31,61.22,,117590.0,,raw
2021-03-16,61.0,61.89,59.5,60.46,,93309.0,,raw
2021-03-17,60.75,61.69,60.2,60.9,,81215.0,,raw
2021-03-18,60.5,62.75,60.37,61.78,,108919.0,,raw
2021-03-19,60.79,66.0,60.42,63.5,,219144.0,,raw
2021-03-22,62.8,63.43,61.28,63.05,,127359.0,,raw
2021-03-23,62.75,64.27,62.35,63.98,,113629.0,,raw
2021-03-24,63.46,64.6,59.67,60.48,,159799.0,,raw
2021-03-25,60.0,61.48,59.51,60.4,,86585.0,,raw
2021-03-26,60.4,62.56,60.32,62.27,,106517.0,,raw
2021-03-29,63.31,64.74,62.67,62.91,,123340.0,,raw
2021-03-30,66.77,69.2,65.3,69.2,,302277.0,,raw
2021-03-31,68.7,69.1,64.58,64.91,,273917.0,,raw
2021-04-01,65.53,66.6,64.53,66.48,,131831.0,,raw
2021-04-02,65.76,67.2,64.8,66.09,,133608.0,,raw
2021-04-06,66.15,67.59,66.15,66.97,,122511.0,,raw
2021-04-07,66.3,66.4,64.78,65.27,,109921.0,,raw
2021-04-08,64.87,66.16,64.09,65.56,,89343.0,,raw
2021-04-09,65.99,67.15,64.64,64.74,,123429.0,,raw
2021-04-12,63.89,64.59,60.87,61.32,,158443.0,,raw
2021-04-13,60.99,62.38,60.75,61.97,,80101.0,,raw
2021-04-14,61.3,62.71,61.3,62.69,,68843.0,,raw
2021-04-15,62.32,63.0,61.82,62.82,,56417.0,,raw
2021-04-16,62.85,63.39,62.23,62.81,,57860.0,,raw
2021-04-19,62.83,64.5,61.8,64.47,,119027.0,,raw
2021-04-20,63.81,65.4,63.28,64.1,,112947.0,,raw
2021-04-21,63.43,63.67,62.08,62.83,,93310.0,,raw
2021-04-22,63.0,63.85,62.4,62.6,,82207.0,,raw
2021-04-23,62.34,63.22,62.12,62.78,,70542.0,,raw
2021-04-26,62.93,65.31,62.91,63.37,,136951.0,,raw
2021-04-27,62.96,62.96,60.89,61.69,,92662.0,,raw
2021-04-28,61.12,62.29,61.11,62.09,,62656.0,,raw
2021-04-29,62.23,62.84,61.5,61.68,,75227.0,,raw
2021-04-30,59.05,59.91,55.52,57.74,,282181.0,,raw
2021-05-06,57.11,61.89,56.77,61.0,,190607.0,,raw
2021-05-07,60.9,62.43,60.3,61.28,,105033.0,,raw
2021-05-10,61.24,61.43,59.6,61.29,,91729.0,,raw
2021-05-11,61.01,67.42,60.71,67.41,,310889.0,,raw
2021-05-12,66.2,66.78,64.57,65.64,,163695.0,,raw
2021-05-13,64.85,68.35,64.6,65.19,,186506.0,,raw
2021-05-14,65.46,70.47,64.1,69.6,,261564.0,,raw
2021-05-17,70.1,71.58,69.02,69.78,,224043.0,,raw
2021-05-18,69.2,74.13,68.56,73.0,,235403.0,,raw
2021-05-19,72.1,74.19,71.68,72.38,,159081.0,,raw
2021-05-20,72.65,74.88,71.8,72.02,,153402.0,,raw
2021-05-21,72.58,72.8,69.34,70.07,,148805.0,,raw
2021-05-24,70.28,71.93,69.82,71.23,,97025.0,,raw
2021-05-25,71.18,76.9,70.13,75.79,,229158.0,,raw
2021-05-26,75.7,78.0,74.9,75.86,,170737.0,,raw
2021-05-27,75.71,77.1,75.0,75.44,,114249.0,,raw
2021-05-28,74.9,76.49,73.86,75.76,,109381.0,,raw
2021-05-31,75.8,78.84,75.05,77.78,,157294.0,,raw
2021-06-01,77.11,78.73,75.44,75.52,,136409.0,,raw
2021-06-02,75.5,76.62,72.84,73.05,,148467.0,,raw
2021-06-03,72.92,74.0,71.78,71.99,,127639.0,,raw
2021-06-04,71.8,75.99,71.65,74.9,,187662.0,,raw
2021-06-07,75.88,77.6,74.93,76.0,,141389.0,,raw
2021-06-08,75.06,77.8,75.06,77.55,,158160.0,,raw
2021-06-09,79.02,80.95,77.05,79.29,,227419.0,,raw
2021-06-10,79.3,80.87,78.34,79.61,,149810.0,,raw
2021-06-11,79.62,79.63,75.2,75.55,,173576.0,,raw
2021-06-15,74.86,76.91,74.05,75.63,,102730.0,,raw
2021-06-16,75.61,77.15,72.21,75.17,,126693.0,,raw
2021-06-17,75.2,76.08,74.05,76.0,,84154.0,,raw
2021-06-18,76.0,79.98,75.43,78.46,,152472.0,,raw
2021-06-21,78.88,85.0,78.73,84.9,,226340.0,,raw
2021-06-22,85.05,85.1,81.52,83.19,,180282.0,,raw
2021-06-23,82.68,84.66,82.12,84.34,,139244.0,,raw
2021-06-24,60.82,62.0,58.8,59.14,,180302.0,,raw
2021-06-25,57.6,59.63,55.87,59.63,,221904.0,,raw
2021-06-28,60.12,60.74,58.67,59.64,,184462.0,,raw
2021-06-29,59.04,60.45,59.04,59.09,,156494.0,,raw
2021-06-30,58.7,60.3,57.55,60.3,,194059.0,,raw
2021-07-01,61.4,62.36,55.96,56.18,,322072.0,,raw
2021-07-02,55.1,55.13,50.8,52.17,,368906.0,,raw
2021-07-05,51.68,52.72,51.17,51.34,,163596.0,,raw
2021-07-06,51.35,52.79,50.36,52.63,,184526.0,,raw
2021-07-07,52.0,57.89,51.8,57.89,,448850.0,,raw
2021-07-08,58.2,63.68,57.89,63.68,,485877.0,,raw
2021-07-09,65.0,66.74,62.9,64.92,,731139.0,,raw
2021-07-12,65.07,67.4,63.58,66.23,,464452.0,,raw
2021-07-13,65.69,68.06,65.35,67.1,,333766.0,,raw
2021-07-14,66.77,67.78,63.75,64.0,,414862.0,,raw
2021-07-15,64.84,65.9,62.85,64.5,,267937.0,,raw
2021-07-16,63.98,68.93,63.07,67.2,,550752.0,,raw
2021-07-19,67.0,67.45,63.9,65.02,,376409.0,,raw
2021-07-20,63.9,66.36,63.4,65.38,,293597.0,,raw
2021-07-21,64.94,68.88,64.6,67.26,,352485.0,,raw
2021-07-22,66.73,71.0,65.8,69.9,,377714.0,,raw
2021-07-23,69.88,76.68,68.37,73.77,,517297.0,,raw
2021-07-26,74.0,78.88,71.0,71.0,,685213.0,,raw
2021-07-27,70.56,74.48,68.47,68.55,,588643.0,,raw
2021-07-28,67.4,67.51,63.0,65.0,,442685.0,,raw
2021-07-29,67.0,71.05,66.04,70.16,,461291.0,,raw
2021-07-30,69.92,71.29,66.72,67.83,,343981.0,,raw
2021-08-02,68.92,73.46,67.12,72.05,,384557.0,,raw
2021-08-03,71.99,75.03,70.43,72.21,,395585.0,,raw
2021-08-04,71.5,76.11,71.21,75.1,,354951.0,,raw
2021-08-05,75.25,78.0,74.0,75.16,,495547.0,,raw
2021-08-06,74.33,75.4,71.5,74.62,,398604.0,,raw
2021-08-09,74.62,77.25,73.58,74.62,,279884.0,,raw
2021-08-10,73.55,78.58,73.55,76.79,,442254.0,,raw
2021-08-11,76.0,77.24,74.43,75.4,,304590.0,,raw
2021-08-12,74.97,75.49,71.68,71.99,,289515.0,,raw
2021-08-13,71.55,74.54,70.5,72.39,,287339.0,,raw
2021-08-16,72.35,73.6,71.0,71.9,,184164.0,,raw
2021-08-17,72.0,73.43,70.58,71.0,,223641.0,,raw
2021-08-18,71.3,76.58,70.4,75.0,,416752.0,,raw
2021-08-19,74.5,77.0,73.01,75.43,,290894.0,,raw
2021-08-20,74.18,76.25,72.8,73.02,,260154.0,,raw
2021-08-23,74.3,80.32,73.22,79.69,,544973.0,,raw
2021-08-24,77.0,80.5,73.93,80.0,,508308.0,,raw
2021-08-25,79.0,81.2,76.47,78.9,,257612.0,,raw
2021-08-26,78.4,80.32,76.98,77.53,,219562.0,,raw
2021-08-27,77.01,77.68,75.28,76.4,,204658.0,,raw
2021-08-30,77.9,83.68,77.9,80.66,,372233.0,,raw
2021-08-31,84.5,85.76,79.6,82.05,,411349.0,,raw
2021-09-01,83.38,83.98,75.01,79.8,,367150.0,,raw
2021-09-02,78.21,81.11,78.2,80.01,,166193.0,,raw
2021-09-03,79.89,80.7,74.03,74.92,,322828.0,,raw
2021-09-06,73.9,75.5,71.83,74.8,,233531.0,,raw
2021-09-07,74.7,76.91,74.01,75.1,,175713.0,,raw
2021-09-08,75.18,75.77,72.8,73.2,,201886.0,,raw
2021-09-09,72.88,77.49,72.31,76.86,,263281.0,,raw
2021-09-10,76.86,76.86,74.4,74.93,,210377.0,,raw
2021-09-13,74.93,75.99,72.38,73.3,,154115.0,,raw
2021-09-14,73.88,75.26,72.4,72.9,,181377.0,,raw
2021-09-15,72.58,74.23,70.02,73.29,,204597.0,,raw
2021-09-16,72.8,73.79,71.0,71.24,,132320.0,,raw
2021-09-17,71.35,72.26,67.0,69.71,,201770.0,,raw
2021-09-22,68.71,73.3,68.1,71.39,,168261.0,,raw
2021-09-23,71.41,74.8,71.41,74.3,,234034.0,,raw
2021-09-24,73.96,74.74,73.11,73.47,,117074.0,,raw
2021-09-27,72.9,73.95,68.78,70.72,,173972.0,,raw
2021-09-28,70.64,71.55,70.17,70.24,,117414.0,,raw
2021-09-29,69.58,70.17,66.3,66.31,,170054.0,,raw
2021-09-30,66.99,68.68,66.93,68.34,,115765.0,,raw
2021-10-08,68.9,69.18,66.03,66.6,,107362.0,,raw
2021-10-11,67.05,70.15,66.75,67.71,,139953.0,,raw
2021-10-12,67.5,67.5,64.41,65.32,,135851.0,,raw
2021-10-13,61.0,64.43,60.05,64.18,,265892.0,,raw
2021-10-14,63.29,68.45,63.11,67.15,,218557.0,,raw
2021-10-15,67.14,67.65,66.48,67.06,,108288.0,,raw
2021-10-18,67.11,69.56,67.1,69.05,,119666.0,,raw
2021-10-19,69.09,69.28,67.27,67.86,,108238.0,,raw
2021-10-20,67.86,69.36,67.69,69.27,,118123.0,,raw
2021-10-21,68.55,69.5,67.68,68.56,,86367.0,,raw
2021-10-22,68.5,69.16,67.72,68.85,,73836.0,,raw
2021-10-25,69.33,70.85,68.5,70.52,,136011.0,,raw
2021-10-26,70.47,71.2,69.97,70.79,,101326.0,,raw
2021-10-27,72.0,73.0,70.54,71.97,,159897.0,,raw
2021-10-28,71.01,74.2,71.0,72.68,,165372.0,,raw
2021-10-29,73.0,75.77,71.23,75.5,,257614.0,,raw
2021-11-01,77.04,78.58,74.88,75.5,,279565.0,,raw
2021-11-02,76.0,80.12,75.7,78.47,,303173.0,,raw
2021-11-03,77.5,77.7,74.47,77.12,,200486.0,,raw
2021-11-04,76.6,78.88,76.1,78.07,,162798.0,,raw
2021-11-05,77.51,78.55,75.57,75.6,,120487.0,,raw
2021-11-08,74.76,76.58,74.0,76.35,,87853.0,,raw
2021-11-09,75.95,79.0,75.63,77.9,,178610.0,,raw
2021-11-10,77.84,79.4,76.0,76.98,,157133.0,,raw
2021-11-11,76.0,77.8,75.28,77.45,,127455.0,,raw
2021-11-12,77.45,79.88,77.21,79.47,,219941.0,,raw
2021-11-15,79.4,80.2,76.0,76.28,,220912.0,,raw
2021-11-16,75.48,77.42,72.13,72.66,,267075.0,,raw
2021-11-17,72.66,74.39,71.19,73.38,,178810.0,,raw
2021-11-18,73.04,75.45,71.8,74.25,,169038.0,,raw
2021-11-19,74.0,74.48,73.22,73.46,,121405.0,,raw
2021-11-22,73.44,73.76,72.0,73.17,,179344.0,,raw
2021-11-23,73.2,73.2,71.0,71.86,,153389.0,,raw
2021-11-24,71.9,72.5,70.0,70.41,,145895.0,,raw
2021-11-25,70.4,70.99,69.35,69.68,,118118.0,,raw
2021-11-26,69.68,70.87,69.15,69.96,,112738.0,,raw
2021-11-29,69.0,72.45,68.33,72.3,,212528.0,,raw
2021-11-30,72.2,74.47,72.1,72.98,,180700.0,,raw
2021-12-01,73.0,73.69,72.2,72.85,,105311.0,,raw
2021-12-02,72.85,73.37,72.26,72.31,,85689.0,,raw
2021-12-03,73.0,75.64,73.0,74.9,,208880.0,,raw
2021-12-06,74.75,75.39,73.66,74.5,,135381.0,,raw
2021-12-07,74.46,75.2,70.62,71.55,,163532.0,,raw
2021-12-08,71.95,72.8,71.53,72.55,,100137.0,,raw
2021-12-09,72.09,72.58,71.0,71.44,,123901.0,,raw
2021-12-10,71.45,71.89,70.7,71.06,,117061.0,,raw
2021-12-13,70.66,71.3,69.89,70.87,,112045.0,,raw
2021-12-14,70.44,72.28,70.3,71.15,,139193.0,,raw
2021-12-15,71.1,71.49,70.04,70.1,,94613.0,,raw
2021-12-16,70.1,71.24,70.1,71.09,,85938.0,,raw
2021-12-17,70.55,71.25,68.85,68.9,,126173.0,,raw
2021-12-20,68.22,69.28,65.96,66.39,,155047.0,,raw
2021-12-21,66.38,68.08,66.03,67.9,,88773.0,,raw
2021-12-22,67.9,68.53,67.5,67.67,,63834.0,,raw
2021-12-23,67.67,68.5,66.8,67.39,,75771.0,,raw
2021-12-24,67.39,67.84,66.2,66.8,,71939.0,,raw
2021-12-27,66.78,67.28,65.8,66.02,,63730.0,,raw
2021-12-28,66.05,66.97,65.12,66.97,,75690.0,,raw
2021-12-29,67.02,67.91,66.71,67.41,,115546.0,,raw
2021-12-30,67.19,69.48,67.02,68.58,,149568.0,,raw
2021-12-31,69.14,69.18,67.5,68.04,,120910.0,,raw
2022-01-04,67.2,69.0,67.12,67.36,,114303.0,,raw
2022-01-05,67.45,67.82,63.31,63.93,,162307.0,,raw
2022-01-06,63.7,63.95,61.81,62.95,,145634.0,,raw
2022-01-07,63.09,64.24,61.8,62.11,,107258.0,,raw
2022-01-10,61.9,63.3,61.9,63.18,,89653.0,,raw
2022-01-11,63.4,63.43,61.5,61.86,,92527.0,,raw
2022-01-12,61.9,63.27,61.86,63.2,,88336.0,,raw
2022-01-13,63.2,63.37,61.9,61.96,,65928.0,,raw
2022-01-14,61.6,62.15,59.94,60.0,,137040.0,,raw
2022-01-17,60.11,61.66,59.7,61.53,,104170.0,,raw
2022-01-18,61.17,62.23,60.96,61.81,,74316.0,,raw
2022-01-19,61.81,61.81,58.0,58.95,,150082.0,,raw
2022-01-20,59.0,59.2,56.11,56.77,,246498.0,,raw
2022-01-21,52.7,53.95,51.09,53.08,,436245.0,,raw
2022-01-24,53.05,54.68,52.2,53.8,,179532.0,,raw
2022-01-25,54.3,55.26,53.15,53.17,,154170.0,,raw
2022-01-26,53.15,53.97,51.6,52.78,,125679.0,,raw
2022-01-27,52.76,53.29,51.11,51.25,,94170.0,,raw
2022-01-28,51.6,52.5,50.9,51.6,,97410.0,,raw
2022-02-07,52.7,52.9,51.53,51.75,,77729.0,,raw
2022-02-08,52.1,52.1,50.33,52.1,,90103.0,,raw
2022-02-09,51.9,53.3,51.52,53.03,,130160.0,,raw
2022-02-10,53.04,54.0,52.56,53.1,,118034.0,,raw
2022-02-11,52.9,53.36,51.64,51.89,,85784.0,,raw
2022-02-14,52.5,54.0,52.18,53.15,,143915.0,,raw
2022-02-15,53.13,54.65,52.95,54.21,,161766.0,,raw
2022-02-16,53.75,53.75,52.3,52.66,,169136.0,,raw
2022-02-17,52.5,54.48,52.28,53.96,,161535.0,,raw
2022-02-18,53.5,53.51,52.4,52.94,,130127.0,,raw
2022-02-21,53.0,53.8,52.52,52.88,,106921.0,,raw
2022-02-22,53.72,53.95,51.45,52.27,,149830.0,,raw
2022-02-23,52.18,54.4,51.75,54.34,,247802.0,,raw
2022-02-24,54.1,57.85,53.44,56.55,,440564.0,,raw
2022-02-25,55.0,56.45,53.8,55.7,,247021.0,,raw
2022-02-28,56.4,56.95,55.54,56.04,,200359.0,,raw
2022-03-01,56.56,58.88,55.96,58.03,,281593.0,,raw
2022-03-02,58.1,58.36,56.8,57.12,,177702.0,,raw
2022-03-03,57.18,57.24,55.17,55.23,,157749.0,,raw
2022-03-04,55.2,55.59,53.86,54.33,,129679.0,,raw
2022-03-07,54.83,55.12,53.52,53.57,,126645.0,,raw
2022-03-08,53.15,53.8,50.93,51.05,,145093.0,,raw
2022-03-09,51.25,51.66,47.45,51.39,,219947.0,,raw
2022-03-10,51.93,54.3,51.93,53.38,,187481.0,,raw
2022-03-11,52.8,54.96,52.16,54.9,,154514.0,,raw
2022-03-14,54.0,56.99,53.81,56.34,,237523.0,,raw
2022-03-15,55.75,57.5,55.0,55.01,,226139.0,,raw
2022-03-16,55.83,57.15,54.1,56.75,,196624.0,,raw
2022-03-17,57.24,57.77,55.93,56.2,,209685.0,,raw
2022-03-18,55.8,55.9,54.31,55.17,,120792.0,,raw
2022-03-21,55.03,56.8,55.03,56.0,,98999.0,,raw
2022-03-22,55.89,56.8,55.08,55.85,,103738.0,,raw
2022-03-23,55.51,59.78,55.38,58.75,,259852.0,,raw
2022-03-24,58.0,60.3,57.8,59.11,,185012.0,,raw
2022-03-25,59.12,62.54,58.75,59.8,,190739.0,,raw
2022-03-28,58.91,60.36,58.58,58.86,,86542.0,,raw
2022-03-29,60.99,61.4,57.75,57.86,,203346.0,,raw
2022-03-30,57.8,58.17,56.25,57.35,,181483.0,,raw
2022-03-31,57.03,57.18,55.65,56.29,,107274.0,,raw
2022-04-01,55.95,56.73,55.66,56.49,,87409.0,,raw
2022-04-06,56.27,56.3,52.72,53.35,,169559.0,,raw
2022-04-07,53.25,55.68,53.0,54.16,,140600.0,,raw
2022-04-08,53.95,54.6,52.85,53.38,,93111.0,,raw
2022-04-11,53.09,53.32,50.99,51.31,,126189.0,,raw
2022-04-12,51.3,51.4,49.51,51.16,,120127.0,,raw
2022-04-13,50.8,51.19,50.11,50.47,,67269.0,,raw
2022-04-14,50.3,52.13,50.01,51.79,,91973.0,,raw
2022-04-15,51.2,52.98,50.67,52.32,,112372.0,,raw
2022-04-18,51.8,53.92,51.68,53.62,,129032.0,,raw
2022-04-19,53.3,54.17,53.12,54.0,,82520.0,,raw
2022-04-20,53.88,54.19,52.81,53.79,,90504.0,,raw
2022-04-21,53.3,54.57,51.71,51.79,,80803.0,,raw
2022-04-22,51.63,51.9,50.6,50.7,,70365.0,,raw
2022-04-25,50.25,50.25,46.97,47.0,,114241.0,,raw
2022-04-26,47.3,47.84,43.0,43.52,,137845.0,,raw
2022-04-27,43.0,47.41,42.66,46.98,,171486.0,,raw
2022-04-28,46.3,49.1,46.28,47.37,,107206.0,,raw
2022-04-29,47.71,50.17,47.3,49.9,,119142.0,,raw
2022-05-05,50.4,54.19,50.04,52.6,,203329.0,,raw
2022-05-06,51.13,54.1,51.1,52.8,,141009.0,,raw
2022-05-09,53.22,55.19,52.8,55.1,,171686.0,,raw
2022-05-10,54.25,56.19,53.8,55.58,,169895.0,,raw
2022-05-11,55.9,56.5,54.11,54.62,,192982.0,,raw
2022-05-12,54.08,55.93,54.08,55.71,,125956.0,,raw
2022-05-13,55.71,55.94,54.81,55.1,,67746.0,,raw
2022-05-16,56.01,56.32,54.37,54.46,,72028.0,,raw
2022-05-17,54.46,55.45,53.92,54.98,,68128.0,,raw
2022-05-18,55.2,55.58,54.33,54.7,,71075.0,,raw
2022-05-19,54.01,55.1,53.53,54.75,,112111.0,,raw
2022-05-20,54.75,55.88,54.55,55.33,,86264.0,,raw
2022-05-23,55.0,55.48,53.79,55.3,,103939.0,,raw
2022-05-24,55.3,56.87,52.44,52.44,,203804.0,,raw
2022-05-25,52.27,54.05,52.01,53.4,,109691.0,,raw
2022-05-26,52.98,55.41,52.98,54.18,,156162.0,,raw
2022-05-27,54.73,55.26,53.9,54.11,,113495.0,,raw
2022-05-30,54.2,55.2,53.9,55.06,,85846.0,,raw
2022-05-31,55.06,56.1,54.7,55.87,,112642.0,,raw
2022-06-01,55.6,58.12,55.31,57.0,,165685.0,,raw
2022-06-02,56.8,57.79,56.17,57.23,,96238.0,,raw
2022-06-06,57.24,58.07,56.24,57.92,,116024.0,,raw
2022-06-07,57.6,59.26,57.6,58.56,,131728.0,,raw
2022-06-08,58.2,58.48,55.78,56.95,,177165.0,,raw
2022-06-09,56.95,57.24,55.55,55.91,,113062.0,,raw
2022-06-10,56.07,58.5,56.05,58.42,,172515.0,,raw
2022-06-13,58.75,59.55,57.09,59.16,,179566.0,,raw
2022-06-14,57.8,58.45,56.35,57.42,,127354.0,,raw
2022-06-15,57.48,58.41,57.18,57.42,,104454.0,,raw
2022-06-16,57.42,58.31,56.6,57.02,,81896.0,,raw
2022-06-17,56.77,57.29,55.87,56.93,,114138.0,,raw
2022-06-20,57.3,58.5,56.63,57.68,,111509.0,,raw
2022-06-21,58.0,58.0,56.06,56.42,,92135.0,,raw
2022-06-22,56.42,56.88,55.32,55.37,,76802.0,,raw
2022-06-23,55.17,59.1,55.03,58.98,,233166.0,,raw
2022-06-24,59.2,60.98,59.2,59.48,,218212.0,,raw
2022-06-27,60.0,60.0,58.58,59.0,,141374.0,,raw
2022-06-28,59.03,61.22,59.03,60.75,,229929.0,,raw
2022-06-29,60.28,61.2,59.36,59.38,,120387.0,,raw
2022-06-30,59.51,61.1,58.84,60.45,,135010.0,,raw
2022-07-01,60.45,62.8,60.45,61.68,,168030.0,,raw
2022-07-04,61.97,63.98,61.0,63.41,,190384.0,,raw
2022-07-05,63.01,63.38,60.68,62.0,,167192.0,,raw
2022-07-06,61.37,62.3,60.36,61.48,,134139.0,,raw
2022-07-07,61.15,62.66,61.15,61.77,,130152.0,,raw
2022-07-08,61.5,62.47,60.51,61.36,,97252.0,,raw
2022-07-11,61.25,61.25,59.5,60.38,,104289.0,,raw
2022-07-12,60.37,62.34,59.9,59.92,,118893.0,,raw
2022-07-13,59.38,59.81,58.18,58.5,,116859.0,,raw
2022-07-14,58.73,60.21,58.51,59.51,,92504.0,,raw
2022-07-15,59.34,60.25,58.36,58.47,,92337.0,,raw
2022-07-18,58.35,58.65,56.43,57.49,,144942.0,,raw
2022-07-19,57.62,58.08,56.81,57.82,,104017.0,,raw
2022-07-20,57.89,59.89,57.89,59.87,,186855.0,,raw
2022-07-21,59.75,59.75,57.54,57.56,,172615.0,,raw
2022-07-22,57.77,58.26,56.57,57.41,,90402.0,,raw
2022-07-25,58.5,59.1,57.42,57.7,,100298.0,,raw
2022-07-26,57.95,59.17,57.28,58.88,,129290.0,,raw
2022-07-27,58.6,62.12,58.6,61.06,,250004.0,,raw
2022-07-28,61.06,62.0,60.28,61.85,,153395.0,,raw
2022-07-29,61.27,61.6,60.19,61.16,,127059.0,,raw
2022-08-01,61.5,62.05,59.85,60.58,,123033.0,,raw
2022-08-02,61.99,62.5,60.1,61.04,,275543.0,,raw
2022-08-03,60.0,65.3,59.8,64.5,,409196.0,,raw
2022-08-04,64.61,65.12,62.51,63.4,,217905.0,,raw
2022-08-05,63.05,64.6,61.58,63.0,,184141.0,,raw
2022-08-08,62.66,64.99,62.62,64.47,,161965.0,,raw
2022-08-09,63.99,67.79,63.83,67.02,,252606.0,,raw
2022-08-10,66.91,69.25,66.66,67.6,,212922.0,,raw
2022-08-11,67.08,68.29,66.0,67.87,,124030.0,,raw
2022-08-12,67.01,68.7,66.07,66.1,,129456.0,,raw
2022-08-15,66.0,66.79,65.65,66.17,,80989.0,,raw
2022-08-16,66.3,67.02,65.76,66.16,,66212.0,,raw
2022-08-17,65.98,66.2,64.41,65.04,,98294.0,,raw
2022-08-18,65.04,65.7,63.85,65.19,,82653.0,,raw
2022-08-19,64.95,65.77,63.51,63.55,,77392.0,,raw
2022-08-22,63.11,65.05,62.5,64.78,,73147.0,,raw
2022-08-23,64.55,64.8,62.62,63.71,,92180.0,,raw
2022-08-24,63.64,63.64,61.06,61.32,,92001.0,,raw
2022-08-25,61.39,61.87,60.53,61.49,,76248.0,,raw
2022-08-26,61.61,62.25,60.21,60.66,,86677.0,,raw
2022-08-29,60.0,61.79,59.38,61.63,,91498.0,,raw
2022-08-30,61.0,61.1,59.38,59.63,,102358.0,,raw
2022-08-31,59.92,60.13,58.18,58.76,,91316.0,,raw
2022-09-01,58.76,59.58,57.9,58.58,,102406.0,,raw
2022-09-02,58.18,59.3,57.6,58.64,,79300.0,,raw
2022-09-05,58.5,59.3,57.67,58.11,,56733.0,,raw
2022-09-06,58.7,63.92,58.7,62.52,,281995.0,,raw
2022-09-07,62.1,65.11,61.89,64.31,,194934.0,,raw
2022-09-08,64.16,65.99,64.16,65.24,,152043.0,,raw
2022-09-09,64.99,66.98,64.58,65.7,,147402.0,,raw
2022-09-13,66.0,68.1,65.49,67.63,,166565.0,,raw
2022-09-14,67.24,68.08,66.55,67.32,,104421.0,,raw
2022-09-15,67.39,67.57,64.82,65.53,,100739.0,,raw
2022-09-16,65.4,67.28,65.21,65.62,,136809.0,,raw
2022-09-19,65.67,67.18,65.15,65.53,,79258.0,,raw
2022-09-20,65.8,66.8,65.03,65.51,,71586.0,,raw
2022-09-21,65.36,66.1,63.3,65.79,,102858.0,,raw
2022-09-22,65.98,67.16,65.0,66.31,,95063.0,,raw
2022-09-23,66.11,70.7,65.33,66.36,,230505.0,,raw
2022-09-26,65.9,66.64,64.0,64.2,,127125.0,,raw
2022-09-27,64.2,66.1,63.99,64.92,,81146.0,,raw
2022-09-28,64.79,66.48,62.9,63.33,,89427.0,,raw
2022-09-29,64.19,65.64,63.07,63.71,,88391.0,,raw
2022-09-30,63.72,63.9,60.94,60.95,,95199.0,,raw
2022-10-10,61.0,62.25,60.5,60.97,,76470.0,,raw
2022-10-11,60.97,61.69,60.0,60.72,,65124.0,,raw
2022-10-12,60.42,61.99,58.91,61.9,,71846.0,,raw
2022-10-13,61.2,63.36,61.06,61.74,,74256.0,,raw
2022-10-14,62.3,65.9,61.34,64.97,,124845.0,,raw
2022-10-17,64.68,69.45,64.43,69.42,,197002.0,,raw
2022-10-18,69.43,70.0,67.33,69.34,,134184.0,,raw
2022-10-19,69.33,69.43,67.98,68.13,,68451.0,,raw
2022-10-20,67.82,68.72,66.85,67.4,,55562.0,,raw
2022-10-21,67.41,69.69,66.8,67.8,,87125.0,,raw
2022-10-24,69.19,72.83,69.19,71.91,,240252.0,,raw
2022-10-25,71.8,73.01,70.93,71.74,,107367.0,,raw
2022-10-26,71.7,72.98,70.87,72.02,,80346.0,,raw
2022-10-27,72.15,72.15,69.99,71.3,,77743.0,,raw
2022-10-28,70.35,72.58,70.03,70.69,,69836.0,,raw
2022-10-31,70.69,73.0,65.98,72.46,,188662.0,,raw
2022-11-01,72.1,72.61,68.08,68.77,,175161.0,,raw
2022-11-02,68.63,68.7,65.94,67.63,,251063.0,,raw
2022-11-03,66.84,69.63,66.8,68.37,,146572.0,,raw
2022-11-04,68.38,68.8,67.51,68.65,,93682.0,,raw
2022-11-07,68.89,68.98,66.0,66.32,,163280.0,,raw
2022-11-08,66.3,67.44,66.0,67.26,,99251.0,,raw
2022-11-09,68.3,68.62,66.45,66.53,,110837.0,,raw
2022-11-10,65.93,66.3,65.0,65.31,,87614.0,,raw
2022-11-11,66.5,66.8,65.0,66.31,,123155.0,,raw
2022-11-14,66.31,66.9,65.0,65.74,,90242.0,,raw
2022-11-15,65.21,66.3,65.2,66.17,,96659.0,,raw
2022-11-16,66.18,68.36,66.18,67.1,,172060.0,,raw
2022-11-17,66.33,66.76,64.1,65.85,,129985.0,,raw
2022-11-18,65.39,65.98,64.16,64.29,,83555.0,,raw
2022-11-21,64.27,64.7,63.6,64.45,,90516.0,,raw
2022-11-22,64.44,66.94,64.2,65.59,,156093.0,,raw
2022-11-23,65.7,66.55,64.61,66.16,,98301.0,,raw
2022-11-24,66.1,66.5,65.11,65.38,,66638.0,,raw
2022-11-25,65.48,65.58,64.0,64.13,,66440.0,,raw
2022-11-28,63.11,65.16,63.0,64.68,,60734.0,,raw
2022-11-29,65.7,67.07,64.51,64.71,,122140.0,,raw
2022-11-30,65.28,65.5,62.16,62.23,,223808.0,,raw
2022-12-01,62.02,62.79,61.37,62.72,,144488.0,,raw
2022-12-02,62.36,62.39,61.66,61.88,,95511.0,,raw
2022-12-05,62.16,62.35,60.3,60.86,,192724.0,,raw
2022-12-06,60.45,61.35,59.46,61.35,,170713.0,,raw
2022-12-07,61.0,62.2,60.83,62.2,,149883.0,,raw
2022-12-08,62.29,62.36,60.58,60.72,,121684.0,,raw
2022-12-09,60.72,61.08,59.46,59.64,,142073.0,,raw
2022-12-12,59.44,60.49,58.6,60.02,,113459.0,,raw
2022-12-13,60.0,60.01,59.01,59.18,,66533.0,,raw
2022-12-14,59.11,60.15,59.0,59.65,,60714.0,,raw
2022-12-15,59.38,60.09,59.38,59.72,,48465.0,,raw
2022-12-16,59.59,59.7,58.3,58.63,,65005.0,,raw
2022-12-19,58.51,58.94,57.55,57.74,,67772.0,,raw
2022-12-20,57.71,58.67,57.7,58.53,,75626.0,,raw
2022-12-21,58.49,59.27,58.02,58.37,,60386.0,,raw
2022-12-22,58.15,59.2,57.1,58.4,,67785.0,,raw
2022-12-23,58.02,58.3,56.1,56.45,,81954.0,,raw
2022-12-26,56.5,59.22,56.5,59.18,,141653.0,,raw
2022-12-27,59.1,59.63,58.53,58.98,,62588.0,,raw
2022-12-28,58.99,58.99,57.24,57.6,,78998.0,,raw
2022-12-29,57.7,59.5,57.3,58.48,,99613.0,,raw
2022-12-30,58.47,59.26,58.0,58.63,,65567.0,,raw
