date,open,high,low,close,volume,amount,price_type
2018-01-02,1.627,1.71,1.605,1.682,8138.0,,adjusted
2018-01-03,1.684,1.824,1.664,1.791,15039.0,,adjusted
2018-01-04,1.769,1.809,1.735,1.767,9225.0,,adjusted
2018-01-05,1.767,1.862,1.763,1.783,9568.0,,adjusted
2018-01-08,1.759,1.777,1.68,1.735,6315.0,,adjusted
2018-01-09,1.716,1.777,1.708,1.757,5710.0,,adjusted
2018-01-10,1.757,1.757,1.615,1.692,8126.0,,adjusted
2018-01-11,1.658,1.785,1.645,1.743,9987.0,,adjusted
2018-01-12,1.747,1.757,1.696,1.698,5372.0,,adjusted
2018-01-15,1.66,1.704,1.498,1.508,9657.0,,adjusted
2018-01-16,1.508,1.573,1.443,1.492,7375.0,,adjusted
2018-01-17,1.504,1.585,1.441,1.54,8495.0,,adjusted
2018-01-18,1.52,1.552,1.453,1.459,8005.0,,adjusted
2018-01-19,1.463,1.508,1.421,1.423,7378.0,,adjusted
2018-01-22,1.423,1.457,1.269,1.451,11096.0,,adjusted
2018-01-23,1.39,1.39,1.275,1.289,15820.0,,adjusted
2018-01-24,1.287,1.321,1.145,1.297,17775.0,,adjusted
2018-01-25,1.291,1.419,1.253,1.313,18683.0,,adjusted
2018-01-26,1.273,1.336,1.226,1.23,12497.0,,adjusted
2018-01-29,1.238,1.238,1.068,1.077,15994.0,,adjusted
2018-01-30,1.089,1.105,1.008,1.03,9523.0,,adjusted
2018-01-31,1.022,1.03,0.704,0.761,16678.0,,adjusted
2018-02-01,0.775,0.791,0.56,0.566,14761.0,,adjusted
2018-02-02,0.562,0.629,0.481,0.576,11866.0,,adjusted
2018-02-05,0.502,0.599,0.481,0.524,7012.0,,adjusted
2018-02-06,0.404,0.483,0.283,0.295,14023.0,,adjusted
2018-02-07,0.392,0.392,0.161,0.311,13244.0,,adjusted
2018-02-08,0.299,0.421,0.259,0.388,12559.0,,adjusted
2018-02-09,0.299,0.366,0.24,0.309,10737.0,,adjusted
2018-02-12,0.35,0.443,0.34,0.404,10035.0,,adjusted
2018-02-13,0.418,0.418,0.319,0.338,13178.0,,adjusted
2018-02-14,0.307,0.35,0.307,0.309,7524.0,,adjusted
2018-02-22,0.344,0.398,0.309,0.374,10911.0,,adjusted
2018-02-23,0.396,0.441,0.358,0.418,12313.0,,adjusted
2018-02-26,0.441,0.751,0.441,0.751,29524.0,,adjusted
2018-02-27,0.785,0.953,0.765,0.817,51811.0,,adjusted
2018-02-28,0.749,0.799,0.663,0.795,27996.0,,adjusted
2018-03-01,0.742,0.886,0.716,0.864,29721.0,,adjusted
2018-03-02,0.821,0.979,0.795,0.846,32503.0,,adjusted
2018-03-05,0.827,1.008,0.795,0.953,33595.0,,adjusted
2018-03-06,1.012,1.06,0.858,0.89,45227.0,,adjusted
2018-03-07,0.88,0.88,0.801,0.809,26170.0,,adjusted
2018-03-08,0.793,0.985,0.793,0.983,37770.0,,adjusted
2018-03-09,1.01,1.135,0.951,1.119,49061.0,,adjusted
2018-03-12,1.137,1.214,1.081,1.127,47849.0,,adjusted
2018-03-13,1.143,1.143,1.042,1.052,30211.0,,adjusted
2018-03-14,1.028,1.058,0.955,0.971,25991.0,,adjusted
2018-03-15,0.917,0.947,0.807,0.919,23868.0,,adjusted
2018-03-16,0.927,0.971,0.874,0.878,15825.0,,adjusted
2018-03-19,0.866,1.004,0.85,0.923,16989.0,,adjusted
2018-03-20,0.761,0.821,0.698,0.801,40157.0,,adjusted
2018-03-21,0.823,0.917,0.787,0.791,25513.0,,adjusted
2018-03-22,0.789,0.872,0.779,0.866,16608.0,,adjusted
2018-03-23,0.724,0.789,0.518,0.552,27664.0,,adjusted
2018-03-26,0.506,0.643,0.386,0.633,17590.0,,adjusted
2018-03-27,0.659,0.807,0.659,0.799,25809.0,,adjusted
2018-03-28,0.73,0.941,0.73,0.904,30632.0,,adjusted
2018-03-29,0.91,0.993,0.829,0.882,18179.0,,adjusted
2018-03-30,0.882,1.048,0.866,1.046,31994.0,,adjusted
2018-04-02,1.109,1.145,0.967,1.03,35683.0,,adjusted
2018-04-03,0.967,1.004,0.866,0.975,19813.0,,adjusted
2018-04-04,0.965,1.026,0.827,0.866,21256.0,,adjusted
2018-04-09,0.868,1.03,0.781,1.03,28845.0,,adjusted
2018-04-10,1.03,1.109,0.967,1.064,32628.0,,adjusted
2018-04-11,1.068,1.22,1.032,1.19,39406.0,,adjusted
2018-04-12,1.16,1.2,1.081,1.097,26350.0,,adjusted
2018-04-13,1.121,1.184,1.072,1.153,25627.0,,adjusted
2018-04-16,1.149,1.275,1.113,1.184,27531.0,,adjusted
2018-04-17,1.311,1.55,1.186,1.441,88702.0,,adjusted
2018-04-18,1.554,1.615,1.259,1.538,97367.0,,adjusted
2018-04-19,1.354,1.471,1.348,1.352,53382.0,,adjusted
2018-04-20,1.297,1.479,1.234,1.364,42376.0,,adjusted
2018-04-23,1.281,1.34,1.085,1.184,34437.0,,adjusted
2018-04-24,1.174,1.251,1.137,1.234,23729.0,,adjusted
2018-04-25,1.232,1.459,1.204,1.417,46360.0,,adjusted
2018-04-26,1.376,1.423,1.226,1.238,32166.0,,adjusted
2018-04-27,1.285,1.305,1.151,1.153,23318.0,,adjusted
2018-05-02,1.151,1.172,0.939,0.973,26187.0,,adjusted
2018-05-03,0.951,1.074,0.941,1.062,18185.0,,adjusted
2018-05-04,1.032,1.093,0.957,0.998,16491.0,,adjusted
2018-05-07,0.977,1.105,0.977,1.103,15886.0,,adjusted
2018-05-08,1.105,1.143,1.072,1.123,16148.0,,adjusted
2018-05-09,1.123,1.297,1.103,1.295,30390.0,,adjusted
2018-05-10,1.261,1.285,1.224,1.281,23308.0,,adjusted
2018-05-11,1.257,1.297,1.125,1.131,21137.0,,adjusted
2018-05-14,1.275,1.291,1.137,1.137,23797.0,,adjusted
2018-05-15,1.089,1.149,1.03,1.139,18791.0,,adjusted
2018-05-16,1.109,1.113,1.028,1.028,12039.0,,adjusted
2018-05-17,1.03,1.083,1.03,1.07,10027.0,,adjusted
2018-05-18,1.056,1.127,1.028,1.095,12376.0,,adjusted
2018-05-21,1.101,1.477,1.101,1.336,56170.0,,adjusted
2018-05-22,1.295,1.753,1.277,1.696,129756.0,,adjusted
2018-05-23,1.564,1.597,1.423,1.441,91113.0,,adjusted
2018-05-24,1.49,1.609,1.457,1.457,61271.0,,adjusted
2018-05-25,1.39,1.409,1.315,1.356,35910.0,,adjusted
2018-05-28,1.384,1.449,1.315,1.326,32668.0,,adjusted
2018-05-29,1.315,1.435,1.245,1.354,27466.0,,adjusted
2018-05-30,1.245,1.245,1.012,1.056,41618.0,,adjusted
2018-05-31,1.093,1.143,1.032,1.123,21758.0,,adjusted
2018-06-01,1.113,1.131,0.931,0.963,24565.0,,adjusted
2018-06-04,0.973,1.038,0.931,0.967,12157.0,,adjusted
2018-06-05,0.991,1.131,0.979,1.101,26459.0,,adjusted
2018-06-06,1.113,1.133,1.002,1.068,24315.0,,adjusted
2018-06-07,1.072,1.097,0.923,0.923,18979.0,,adjusted
2018-06-08,0.931,1.212,0.931,1.087,35985.0,,adjusted
2018-06-11,1.056,1.056,0.939,0.967,18997.0,,adjusted
2018-06-12,0.961,1.008,0.819,0.923,18926.0,,adjusted
2018-06-13,0.856,0.991,0.85,0.85,14832.0,,adjusted
2018-06-14,0.811,0.894,0.811,0.874,11015.0,,adjusted
2018-06-15,0.87,0.923,0.708,0.761,15312.0,,adjusted
2018-06-19,0.684,0.688,0.4,0.455,25185.0,,adjusted
2018-06-20,0.412,0.548,0.406,0.512,12613.0,,adjusted
2018-06-21,0.51,0.554,0.421,0.455,9832.0,,adjusted
2018-06-22,0.455,0.582,0.429,0.574,10316.0,,adjusted
2018-06-25,0.611,0.663,0.546,0.552,9066.0,,adjusted
2018-06-26,0.506,0.708,0.465,0.686,14658.0,,adjusted
2018-06-27,0.684,0.698,0.623,0.674,9444.0,,adjusted
2018-06-28,0.704,0.738,0.643,0.643,9166.0,,adjusted
2018-06-29,0.645,0.767,0.637,0.749,12749.0,,adjusted
2018-07-02,0.726,0.767,0.597,0.651,13447.0,,adjusted
2018-07-03,0.651,0.809,0.651,0.809,18459.0,,adjusted
2018-07-04,0.777,0.815,0.666,0.712,15632.0,,adjusted
2018-07-05,0.668,0.718,0.558,0.558,12835.0,,adjusted
2018-07-06,0.546,0.714,0.518,0.637,14076.0,,adjusted
2018-07-09,0.643,0.74,0.641,0.722,8750.0,,adjusted
2018-07-10,0.734,0.779,0.698,0.749,11150.0,,adjusted
2018-07-18,1.107,1.107,0.87,0.872,55626.0,,adjusted
2018-07-19,0.834,0.85,0.708,0.726,33269.0,,adjusted
2018-07-20,0.666,0.825,0.657,0.777,20852.0,,adjusted
2018-07-23,0.749,0.904,0.742,0.817,24276.0,,adjusted
2018-07-24,0.791,0.858,0.771,0.838,14434.0,,adjusted
2018-07-25,0.827,0.86,0.753,0.765,16251.0,,adjusted
2018-07-26,0.765,0.775,0.7,0.708,11092.0,,adjusted
2018-07-27,0.718,0.722,0.633,0.633,9016.0,,adjusted
2018-07-30,0.607,0.647,0.587,0.625,9473.0,,adjusted
2018-07-31,0.609,0.661,0.609,0.631,4972.0,,adjusted
2018-08-01,0.651,0.732,0.633,0.688,12705.0,,adjusted
2018-08-02,0.688,0.718,0.542,0.716,13758.0,,adjusted
2018-08-03,0.71,0.728,0.611,0.637,5863.0,,adjusted
2018-08-06,0.633,0.659,0.576,0.593,5807.0,,adjusted
2018-08-07,0.605,0.686,0.576,0.68,5554.0,,adjusted
2018-08-08,0.682,0.724,0.599,0.607,8531.0,,adjusted
2018-08-09,0.605,0.84,0.564,0.793,23148.0,,adjusted
2018-08-10,0.771,0.852,0.746,0.795,14376.0,,adjusted
2018-08-13,0.769,0.947,0.726,0.868,14854.0,,adjusted
2018-08-14,0.819,0.854,0.799,0.809,8343.0,,adjusted
2018-08-15,0.805,0.882,0.769,0.771,14277.0,,adjusted
2018-08-16,0.749,0.923,0.682,0.85,24831.0,,adjusted
2018-08-17,0.86,0.894,0.751,0.785,16408.0,,adjusted
2018-08-20,0.801,1.077,0.74,1.032,40307.0,,adjusted
2018-08-21,0.996,1.125,0.973,1.089,39437.0,,adjusted
2018-08-22,1.042,1.109,0.967,1.014,25426.0,,adjusted
2018-08-23,0.981,1.271,0.981,1.168,40460.0,,adjusted
2018-08-24,1.133,1.321,1.095,1.186,32714.0,,adjusted
2018-08-27,1.194,1.516,1.153,1.449,53050.0,,adjusted
2018-08-28,1.457,1.72,1.376,1.459,70250.0,,adjusted
2018-08-29,1.457,1.518,1.376,1.516,26469.0,,adjusted
2018-08-30,1.506,1.512,1.279,1.334,29682.0,,adjusted
2018-08-31,1.35,1.402,1.289,1.388,24125.0,,adjusted
2018-09-03,1.334,1.487,1.178,1.477,26942.0,,adjusted
2018-09-04,1.417,1.504,1.356,1.49,25323.0,,adjusted
2018-09-05,1.419,1.573,1.295,1.326,27141.0,,adjusted
2018-09-06,1.299,1.457,1.277,1.372,19162.0,,adjusted
2018-09-07,1.344,1.49,1.214,1.277,18455.0,,adjusted
2018-09-10,1.269,1.437,1.23,1.301,22943.0,,adjusted
2018-09-11,1.313,1.548,1.194,1.548,37929.0,,adjusted
2018-09-12,1.502,1.635,1.465,1.546,30117.0,,adjusted
2018-09-13,1.599,1.66,1.437,1.615,29949.0,,adjusted
2018-09-14,1.585,1.68,1.518,1.619,26452.0,,adjusted
2018-09-17,1.579,1.595,1.473,1.528,16432.0,,adjusted
2018-09-18,1.447,1.518,1.295,1.417,28791.0,,adjusted
2018-09-19,1.372,1.629,1.332,1.619,28023.0,,adjusted
2018-09-20,1.579,1.706,1.522,1.524,19758.0,,adjusted
2018-09-21,1.518,1.603,1.425,1.564,15996.0,,adjusted
2018-09-25,1.522,1.538,1.417,1.483,15407.0,,adjusted
2018-09-26,1.346,1.356,1.062,1.35,56018.0,,adjusted
2018-09-27,1.275,1.324,1.19,1.228,20531.0,,adjusted
2018-09-28,1.228,1.265,1.17,1.224,14279.0,,adjusted
2018-10-08,1.113,1.311,1.056,1.182,13678.0,,adjusted
2018-10-09,1.182,1.271,1.074,1.081,12941.0,,adjusted
2018-10-10,1.115,1.471,1.115,1.471,34396.0,,adjusted
2018-10-11,1.417,1.443,1.093,1.265,41695.0,,adjusted
2018-10-12,1.255,1.613,1.206,1.558,45576.0,,adjusted
2018-10-15,1.516,1.921,1.516,1.726,51284.0,,adjusted
2018-10-16,1.743,1.773,1.597,1.66,32928.0,,adjusted
2018-10-17,1.745,1.848,1.573,1.818,43599.0,,adjusted
2018-10-18,1.73,1.73,1.508,1.625,31072.0,,adjusted
2018-10-19,1.506,2.018,1.494,2.006,47272.0,,adjusted
2018-10-22,2.16,2.423,2.028,2.265,69536.0,,adjusted
2018-10-23,2.152,2.277,2.067,2.261,47649.0,,adjusted
2018-10-24,2.158,2.247,2.097,2.17,29634.0,,adjusted
2018-10-25,1.935,2.429,1.913,2.287,50060.0,,adjusted
2018-10-26,2.261,2.706,2.261,2.611,57355.0,,adjusted
2018-10-29,2.54,2.54,2.368,2.413,40361.0,,adjusted
2018-10-30,2.368,2.662,2.279,2.386,46526.0,,adjusted
2018-10-31,2.346,2.435,2.257,2.358,31721.0,,adjusted
2018-11-01,2.354,2.631,2.348,2.423,45449.0,,adjusted
2018-11-02,2.53,2.607,2.255,2.388,45587.0,,adjusted
2018-11-05,2.366,2.366,2.085,2.352,66207.0,,adjusted
2018-11-06,2.265,2.358,2.192,2.318,35714.0,,adjusted
2018-11-07,2.305,2.423,2.204,2.263,51033.0,,adjusted
2018-11-08,2.301,2.469,2.206,2.399,47474.0,,adjusted
2018-11-09,2.378,2.882,2.307,2.67,68603.0,,adjusted
2018-11-12,2.631,2.789,2.629,2.723,46900.0,,adjusted
2018-11-13,2.637,2.872,2.524,2.542,75703.0,,adjusted
2018-11-14,2.53,2.554,2.415,2.427,36834.0,,adjusted
2018-11-15,2.405,2.53,2.364,2.53,38566.0,,adjusted
2018-11-16,2.49,2.621,2.461,2.556,38080.0,,adjusted
2018-11-19,2.556,2.601,2.303,2.54,43495.0,,adjusted
2018-11-20,2.453,2.534,2.259,2.328,32669.0,,adjusted
2018-11-21,2.247,2.399,2.239,2.277,22817.0,,adjusted
2018-11-22,2.326,2.386,2.105,2.154,30234.0,,adjusted
2018-11-23,2.196,2.245,2.048,2.166,32102.0,,adjusted
2018-11-26,2.095,2.257,2.095,2.216,28383.0,,adjusted
2018-11-27,2.233,2.366,2.204,2.283,32022.0,,adjusted
2018-11-28,2.251,2.346,2.156,2.32,24224.0,,adjusted
2018-11-29,2.332,2.362,2.0,2.002,30805.0,,adjusted
2018-11-30,1.973,2.182,1.947,2.154,22157.0,,adjusted
2018-12-03,2.338,2.569,2.314,2.52,55260.0,,adjusted
2018-12-04,2.494,2.563,2.453,2.526,29828.0,,adjusted
2018-12-05,2.427,2.546,2.403,2.437,32319.0,,adjusted
2018-12-06,2.328,2.328,1.913,1.941,61117.0,,adjusted
2018-12-07,1.951,2.182,1.951,2.127,39510.0,,adjusted
2018-12-10,2.158,2.395,2.127,2.287,41271.0,,adjusted
2018-12-11,2.395,2.528,2.271,2.395,43996.0,,adjusted
2018-12-12,2.502,2.554,2.216,2.241,34998.0,,adjusted
2018-12-13,2.368,2.409,2.291,2.32,37899.0,,adjusted
2018-12-14,2.243,2.293,2.067,2.121,36638.0,,adjusted
2018-12-17,2.105,2.125,1.903,1.982,31933.0,,adjusted
2018-12-18,1.941,1.949,1.771,1.884,37822.0,,adjusted
2018-12-19,1.896,1.971,1.805,1.836,25792.0,,adjusted
2018-12-20,1.82,1.913,1.779,1.864,25615.0,,adjusted
2018-12-21,1.832,1.903,1.767,1.838,25946.0,,adjusted
2018-12-24,1.862,2.143,1.862,2.137,51755.0,,adjusted
2018-12-25,2.044,2.423,2.01,2.33,57263.0,,adjusted
2018-12-26,2.293,2.297,2.17,2.172,34734.0,,adjusted
2018-12-27,2.247,2.301,2.125,2.156,34639.0,,adjusted
2018-12-28,2.166,2.21,2.044,2.058,26647.0,,adjusted
2019-01-02,2.111,2.322,2.044,2.307,41601.0,,adjusted
2019-01-03,2.287,2.287,1.945,1.945,48881.0,,adjusted
2019-01-04,1.834,2.186,1.832,2.158,35751.0,,adjusted
2019-01-07,2.162,2.449,2.156,2.388,51388.0,,adjusted
2019-01-08,2.348,2.417,2.251,2.36,34393.0,,adjusted
2019-01-09,2.388,2.508,2.281,2.314,38835.0,,adjusted
2019-01-10,2.318,2.607,2.269,2.51,56922.0,,adjusted
2019-01-11,2.565,2.686,2.431,2.492,48893.0,,adjusted
2019-01-14,2.465,2.597,2.342,2.591,36273.0,,adjusted
2019-01-15,2.49,2.68,2.39,2.621,45686.0,,adjusted
2019-01-16,2.587,2.828,2.552,2.637,42259.0,,adjusted
2019-01-17,2.617,2.712,2.498,2.51,30264.0,,adjusted
2019-01-18,2.51,2.599,2.399,2.561,26569.0,,adjusted
2019-01-21,2.53,2.723,2.5,2.664,29325.0,,adjusted
2019-01-22,2.633,2.662,2.5,2.53,27750.0,,adjusted
2019-01-23,2.512,2.567,2.415,2.469,21882.0,,adjusted
2019-01-24,2.449,2.67,2.429,2.536,26160.0,,adjusted
2019-01-25,2.54,2.672,2.49,2.569,25045.0,,adjusted
2019-01-28,2.567,2.597,2.451,2.49,18769.0,,adjusted
2019-01-29,2.476,2.476,2.206,2.287,28505.0,,adjusted
2019-01-30,2.239,2.569,2.239,2.388,30595.0,,adjusted
2019-01-31,2.469,2.656,2.356,2.502,29294.0,,adjusted
2019-02-01,2.502,2.787,2.482,2.771,37250.0,,adjusted
2019-02-11,2.832,3.259,2.785,3.217,58229.0,,adjusted
2019-02-12,3.227,3.259,3.138,3.17,35621.0,,adjusted
2019-02-13,3.146,3.48,3.144,3.241,61900.0,,adjusted
2019-02-14,3.219,3.241,3.117,3.184,28898.0,,adjusted
2019-02-15,3.219,3.362,3.117,3.152,35740.0,,adjusted
2019-02-18,3.3,3.37,3.156,3.324,46777.0,,adjusted
2019-02-19,3.36,3.676,3.356,3.583,66432.0,,adjusted
2019-02-20,3.441,3.476,3.206,3.381,57387.0,,adjusted
2019-02-21,3.336,3.759,3.261,3.451,58763.0,,adjusted
2019-02-22,3.433,3.903,3.401,3.879,53908.0,,adjusted
2019-02-25,4.049,4.385,3.826,4.243,66441.0,,adjusted
2019-02-26,4.065,4.35,3.917,3.923,59071.0,,adjusted
2019-02-27,3.852,4.026,3.686,3.731,37472.0,,adjusted
2019-02-28,3.743,3.941,3.725,3.885,28946.0,,adjusted
2019-03-01,3.891,3.998,3.747,3.988,25639.0,,adjusted
2019-03-04,4.039,4.16,3.887,4.006,38334.0,,adjusted
2019-03-05,3.947,4.12,3.816,4.101,39984.0,,adjusted
2019-03-06,4.111,4.15,3.933,4.065,33852.0,,adjusted
2019-03-07,3.982,4.065,3.725,3.798,42406.0,,adjusted
2019-03-08,3.704,4.288,3.654,3.832,58090.0,,adjusted
2019-03-11,3.889,4.091,3.806,3.978,55476.0,,adjusted
2019-03-12,3.972,4.026,3.856,3.943,47837.0,,adjusted
2019-03-13,3.921,3.933,3.565,3.644,34641.0,,adjusted
2019-03-14,3.569,3.749,3.451,3.567,26885.0,,adjusted
2019-03-15,3.623,3.717,3.328,3.466,40664.0,,adjusted
2019-03-18,3.459,3.806,3.451,3.806,34823.0,,adjusted
2019-03-19,3.85,3.887,3.64,3.68,24900.0,,adjusted
2019-03-20,3.781,3.826,3.563,3.688,27873.0,,adjusted
2019-03-21,3.706,3.785,3.644,3.66,26187.0,,adjusted
2019-03-22,3.694,3.866,3.522,3.854,34402.0,,adjusted
2019-03-25,3.755,3.976,3.684,3.834,33784.0,,adjusted
2019-03-26,3.822,3.877,3.214,3.34,38931.0,,adjusted
2019-03-27,3.381,3.474,3.291,3.415,18683.0,,adjusted
2019-03-28,3.423,3.711,3.36,3.381,23880.0,,adjusted
2019-03-29,3.36,3.662,3.255,3.625,30004.0,,adjusted
2019-04-01,3.725,3.988,3.648,3.917,33987.0,,adjusted
2019-04-02,4.049,4.049,3.796,3.824,23897.0,,adjusted
2019-04-03,3.787,3.921,3.715,3.826,19804.0,,adjusted
2019-04-04,3.826,3.905,3.542,3.664,32034.0,,adjusted
2019-04-08,3.646,3.735,3.419,3.563,30390.0,,adjusted
2019-04-09,3.441,3.725,3.387,3.569,45216.0,,adjusted
2019-04-10,3.522,3.711,3.441,3.583,34394.0,,adjusted
2019-04-11,3.581,3.704,3.387,3.411,28097.0,,adjusted
2019-04-12,3.291,3.457,3.275,3.332,18548.0,,adjusted
2019-04-15,3.441,3.725,3.441,3.526,48092.0,,adjusted
2019-04-16,3.551,4.162,3.498,4.162,72659.0,,adjusted
2019-04-17,4.302,4.583,4.162,4.371,91101.0,,adjusted
2019-04-18,4.332,4.528,4.186,4.462,60945.0,,adjusted
2019-04-19,4.395,4.409,3.947,4.19,60113.0,,adjusted
2019-04-22,4.14,4.371,4.008,4.012,45481.0,,adjusted
2019-04-23,4.091,4.138,3.83,3.858,32486.0,,adjusted
2019-04-24,3.927,3.958,3.745,3.919,31738.0,,adjusted
2019-04-25,3.83,3.917,3.474,3.5,46001.0,,adjusted
2019-04-26,3.429,3.7,3.32,3.522,41480.0,,adjusted
2019-04-29,3.522,3.617,3.138,3.174,45991.0,,adjusted
2019-04-30,3.214,3.298,3.097,3.166,25662.0,,adjusted
2019-05-06,2.945,2.945,2.567,2.567,26447.0,,adjusted
2019-05-07,2.554,2.589,2.287,2.445,40081.0,,adjusted
2019-05-08,2.279,2.611,2.269,2.455,32850.0,,adjusted
2019-05-09,2.378,2.611,2.378,2.482,26583.0,,adjusted
2019-05-10,2.609,2.806,2.453,2.773,38001.0,,adjusted
2019-05-13,2.804,2.804,2.601,2.648,24946.0,,adjusted
2019-05-14,2.508,2.81,2.508,2.733,28336.0,,adjusted
2019-05-15,2.801,2.854,2.686,2.751,27675.0,,adjusted
2019-05-16,2.716,2.763,2.546,2.727,27074.0,,adjusted
2019-05-17,2.702,2.818,2.388,2.425,30827.0,,adjusted
2019-05-20,2.388,2.388,1.898,2.212,61138.0,,adjusted
2019-05-21,2.291,2.71,2.239,2.71,60954.0,,adjusted
2019-05-22,2.739,2.984,2.617,2.755,59244.0,,adjusted
2019-05-23,2.797,2.797,2.478,2.561,43070.0,,adjusted
2019-05-24,2.492,2.623,2.03,2.115,68716.0,,adjusted
2019-05-27,2.218,2.603,2.206,2.603,55438.0,,adjusted
2019-05-28,2.866,2.884,2.423,2.599,71445.0,,adjusted
2019-05-29,2.603,2.761,2.508,2.67,49393.0,,adjusted
2019-05-30,2.67,2.672,2.478,2.565,38021.0,,adjusted
2019-05-31,2.559,2.751,2.556,2.603,38954.0,,adjusted
2019-06-03,2.635,2.84,2.255,2.696,76660.0,,adjusted
2019-06-04,2.708,2.876,2.621,2.795,78850.0,,adjusted
2019-06-05,2.868,3.059,2.68,2.992,78384.0,,adjusted
2019-06-06,2.996,2.998,2.508,2.603,64672.0,,adjusted
2019-06-10,2.609,2.846,2.552,2.751,43643.0,,adjusted
2019-06-11,2.753,2.903,2.581,2.891,62501.0,,adjusted
2019-06-12,2.83,2.992,2.795,2.806,49213.0,,adjusted
2019-06-13,2.767,2.901,2.751,2.783,32416.0,,adjusted
2019-06-14,2.787,2.824,2.476,2.506,45726.0,,adjusted
2019-06-17,2.518,2.589,2.437,2.498,23414.0,,adjusted
2019-06-18,2.55,2.55,2.421,2.484,17394.0,,adjusted
2019-06-19,2.708,2.739,2.563,2.575,39571.0,,adjusted
2019-06-20,2.599,2.694,2.431,2.646,36303.0,,adjusted
2019-06-21,2.684,2.83,2.672,2.751,40871.0,,adjusted
2019-06-24,2.751,2.773,2.66,2.723,20314.0,,adjusted
2019-06-25,2.723,2.755,2.546,2.668,20959.0,,adjusted
2019-06-26,2.64,2.795,2.583,2.714,26243.0,,adjusted
2019-06-27,2.806,2.978,2.806,2.943,53992.0,,adjusted
2019-06-28,2.907,2.907,2.684,2.83,36528.0,,adjusted
2019-07-01,3.038,3.348,3.01,3.269,64506.0,,adjusted
2019-07-02,3.208,3.251,3.119,3.192,23350.0,,adjusted
2019-07-03,3.19,3.372,3.113,3.354,35640.0,,adjusted
2019-07-04,3.312,3.34,3.14,3.146,23759.0,,adjusted
2019-07-05,3.158,3.243,3.065,3.121,19402.0,,adjusted
2019-07-08,3.188,3.188,2.972,2.998,21912.0,,adjusted
2019-07-09,3.008,3.514,2.974,3.314,42481.0,,adjusted
2019-07-10,3.374,3.474,3.156,3.2,28824.0,,adjusted
2019-07-11,3.287,3.344,3.182,3.251,23534.0,,adjusted
2019-07-12,3.214,3.449,3.214,3.328,25067.0,,adjusted
2019-07-15,3.326,3.787,3.295,3.684,38822.0,,adjusted
2019-07-16,3.702,3.919,3.638,3.763,38113.0,,adjusted
2019-07-17,3.737,3.875,3.642,3.666,29686.0,,adjusted
2019-07-18,3.534,3.781,3.534,3.587,24801.0,,adjusted
2019-07-19,3.542,3.715,3.52,3.54,23040.0,,adjusted
2019-07-22,3.534,3.595,3.273,3.464,21319.0,,adjusted
2019-07-23,3.326,3.571,3.326,3.538,19066.0,,adjusted
2019-07-24,3.575,3.777,3.575,3.757,25159.0,,adjusted
2019-07-25,3.717,3.911,3.68,3.747,29567.0,,adjusted
2019-07-26,3.737,3.816,3.676,3.775,14283.0,,adjusted
2019-07-29,3.798,3.98,3.777,3.925,23861.0,,adjusted
2019-07-30,3.87,4.069,3.824,3.897,28654.0,,adjusted
2019-07-31,3.877,3.976,3.771,3.775,17745.0,,adjusted
2019-08-01,3.775,4.045,3.696,3.99,28384.0,,adjusted
2019-08-02,3.765,3.834,3.599,3.666,35160.0,,adjusted
2019-08-05,3.561,3.743,3.423,3.534,48377.0,,adjusted
2019-08-06,3.514,3.573,3.281,3.545,35779.0,,adjusted
2019-08-07,3.599,3.615,3.214,3.229,42085.0,,adjusted
2019-08-08,3.221,3.332,3.158,3.314,28894.0,,adjusted
2019-08-09,3.33,3.508,3.233,3.33,33440.0,,adjusted
2019-08-12,3.326,3.737,3.223,3.727,47002.0,,adjusted
2019-08-13,3.575,4.016,3.545,3.998,66678.0,,adjusted
2019-08-14,4.217,4.223,3.919,3.964,52748.0,,adjusted
2019-08-15,3.737,4.02,3.737,3.98,47517.0,,adjusted
2019-08-16,3.925,4.036,3.81,3.919,54871.0,,adjusted
2019-08-19,3.972,4.166,3.85,4.085,51846.0,,adjusted
2019-08-20,4.083,4.15,3.974,3.982,35774.0,,adjusted
2019-08-21,3.988,4.354,3.962,4.205,65520.0,,adjusted
2019-08-22,4.182,4.259,4.055,4.156,40914.0,,adjusted
2019-08-23,4.166,4.172,3.913,3.97,39267.0,,adjusted
2019-08-26,3.82,3.958,3.777,3.909,36491.0,,adjusted
2019-08-27,3.96,4.036,3.85,3.929,31860.0,,adjusted
2019-08-28,3.909,3.968,3.808,3.822,24387.0,,adjusted
2019-08-29,3.877,3.925,3.789,3.84,22021.0,,adjusted
2019-08-30,3.879,3.889,3.472,3.549,46607.0,,adjusted
2019-09-02,3.589,4.014,3.575,3.998,53628.0,,adjusted
2019-09-03,4.0,4.239,3.943,4.192,57987.0,,adjusted
2019-09-04,4.134,4.401,4.097,4.263,54157.0,,adjusted
2019-09-05,4.34,4.966,4.34,4.966,84845.0,,adjusted
2019-09-06,5.114,5.6,4.97,5.211,110232.0,,adjusted
2019-09-09,5.288,5.417,5.136,5.361,82961.0,,adjusted
2019-09-10,5.292,5.367,5.031,5.138,58939.0,,adjusted
2019-09-11,5.245,5.245,4.911,5.01,47302.0,,adjusted
2019-09-12,5.13,5.13,4.887,4.982,31740.0,,adjusted
2019-09-16,5.008,5.312,4.937,5.304,59315.0,,adjusted
2019-09-17,5.17,5.209,4.729,4.931,47584.0,,adjusted
2019-09-18,4.917,4.944,4.731,4.854,25164.0,,adjusted
2019-09-19,4.891,4.964,4.751,4.915,24886.0,,adjusted
2019-09-20,4.869,5.01,4.81,4.822,35433.0,,adjusted
2019-09-23,4.751,4.925,4.737,4.85,32308.0,,adjusted
2019-09-24,4.927,5.225,4.812,5.031,47416.0,,adjusted
2019-09-25,4.911,4.994,4.458,4.636,44821.0,,adjusted
2019-09-26,4.616,4.688,4.263,4.308,38719.0,,adjusted
2019-09-27,4.375,4.476,4.296,4.395,23413.0,,adjusted
2019-09-30,4.381,4.441,4.223,4.223,20305.0,,adjusted
2019-10-08,4.314,4.36,4.124,4.192,20527.0,,adjusted
2019-10-09,4.188,4.452,4.057,4.421,26926.0,,adjusted
2019-10-10,4.425,4.648,4.385,4.628,31728.0,,adjusted
2019-10-11,4.622,4.715,4.488,4.597,29179.0,,adjusted
2019-10-14,4.686,4.686,4.526,4.66,25076.0,,adjusted
2019-10-15,4.674,4.992,4.674,4.786,59179.0,,adjusted
2019-10-16,4.771,5.027,4.771,4.834,30107.0,,adjusted
2019-10-17,4.84,4.889,4.664,4.729,25163.0,,adjusted
2019-10-18,4.749,4.826,4.557,4.579,22000.0,,adjusted
2019-10-21,4.533,4.644,4.356,4.547,19812.0,,adjusted
2019-10-22,4.607,4.996,4.555,4.988,45242.0,,adjusted
2019-10-23,4.988,5.027,4.852,4.893,29037.0,,adjusted
2019-10-24,4.869,4.927,4.668,4.83,23773.0,,adjusted
2019-10-25,4.81,4.917,4.65,4.891,27682.0,,adjusted
2019-10-28,4.909,5.067,4.794,4.982,44623.0,,adjusted
2019-10-29,4.95,4.95,4.547,4.567,40459.0,,adjusted
2019-10-30,4.51,4.676,4.437,4.506,18951.0,,adjusted
2019-10-31,4.502,4.682,4.407,4.413,21978.0,,adjusted
2019-11-01,4.486,4.565,4.275,4.338,33154.0,,adjusted
2019-11-04,4.385,4.575,4.352,4.486,26582.0,,adjusted
2019-11-05,4.502,4.577,4.306,4.379,23731.0,,adjusted
2019-11-06,4.364,4.393,4.134,4.162,24438.0,,adjusted
2019-11-07,4.188,4.3,4.144,4.221,15806.0,,adjusted
2019-11-08,4.261,4.389,4.245,4.253,19485.0,,adjusted
2019-11-11,4.154,4.174,3.96,4.018,23722.0,,adjusted
2019-11-12,4.047,4.091,3.919,4.051,17143.0,,adjusted
2019-11-13,4.071,4.107,3.974,4.077,13648.0,,adjusted
2019-11-14,4.101,4.168,4.016,4.142,21421.0,,adjusted
2019-11-15,4.122,4.164,3.992,4.026,16778.0,,adjusted
2019-11-18,4.089,4.158,3.992,4.105,15001.0,,adjusted
2019-11-19,4.091,4.563,4.051,4.522,49588.0,,adjusted
2019-11-20,4.484,4.567,4.401,4.445,26838.0,,adjusted
2019-11-21,4.454,4.476,4.324,4.367,16113.0,,adjusted
2019-11-22,4.405,4.597,4.247,4.393,29717.0,,adjusted
2019-11-25,4.456,4.456,3.702,3.8,52146.0,,adjusted
2019-11-26,3.814,3.909,3.613,3.696,24052.0,,adjusted
2019-11-27,3.599,3.816,3.599,3.757,17057.0,,adjusted
2019-11-28,3.759,3.879,3.735,3.814,14754.0,,adjusted
2019-11-29,3.806,3.931,3.767,3.86,15897.0,,adjusted
2019-12-02,3.889,3.96,3.794,3.879,12645.0,,adjusted
2019-12-03,3.794,4.138,3.721,4.122,19442.0,,adjusted
2019-12-04,4.022,4.154,3.98,4.041,15223.0,,adjusted
2019-12-05,4.063,4.253,4.016,4.219,19450.0,,adjusted
2019-12-06,4.221,4.385,4.192,4.34,18617.0,,adjusted
2019-12-09,4.354,4.421,4.286,4.344,17930.0,,adjusted
2019-12-10,4.318,4.401,4.263,4.324,13149.0,,adjusted
2019-12-11,4.324,4.435,4.235,4.281,18522.0,,adjusted
2019-12-12,4.336,4.512,4.298,4.342,20266.0,,adjusted
2019-12-13,4.45,4.466,4.33,4.397,18340.0,,adjusted
2019-12-16,4.435,4.759,4.419,4.699,37257.0,,adjusted
2019-12-17,4.79,4.952,4.701,4.85,40071.0,,adjusted
2019-12-18,4.834,4.887,4.705,4.707,32151.0,,adjusted
2019-12-19,4.729,4.784,4.646,4.739,20640.0,,adjusted
2019-12-20,4.767,4.85,4.684,4.751,19383.0,,adjusted
2019-12-23,4.717,4.717,4.526,4.555,22783.0,,adjusted
2019-12-24,4.618,4.79,4.543,4.778,19634.0,,adjusted
2019-12-25,4.749,4.836,4.709,4.769,19499.0,,adjusted
2019-12-26,4.769,4.929,4.733,4.828,22954.0,,adjusted
2019-12-27,4.891,4.925,4.587,4.632,24076.0,,adjusted
2019-12-30,4.545,4.727,4.375,4.607,17779.0,,adjusted
2019-12-31,4.601,5.087,4.583,4.984,46734.0,,adjusted
2020-01-02,5.01,5.083,4.913,5.002,32957.0,,adjusted
2020-01-03,5.012,5.11,4.935,5.035,28132.0,,adjusted
2020-01-06,5.083,5.237,4.978,5.059,38095.0,,adjusted
2020-01-07,5.14,5.14,4.954,5.037,23818.0,,adjusted
2020-01-08,5.012,5.031,4.664,4.717,42037.0,,adjusted
2020-01-09,4.83,5.022,4.753,5.02,36346.0,,adjusted
2020-01-10,5.043,5.267,4.992,5.186,37190.0,,adjusted
2020-01-13,5.178,5.31,5.059,5.31,27870.0,,adjusted
2020-01-14,5.302,5.31,5.089,5.112,24944.0,,adjusted
2020-01-15,5.105,5.251,5.083,5.178,19335.0,,adjusted
2020-01-16,5.225,5.308,5.114,5.189,20436.0,,adjusted
2020-01-17,4.998,4.998,4.682,4.861,73656.0,,adjusted
2020-01-20,4.854,5.316,4.806,5.154,68666.0,,adjusted
2020-01-21,5.134,5.223,4.956,4.962,37066.0,,adjusted
2020-01-22,4.954,5.314,4.731,5.225,47268.0,,adjusted
2020-01-23,5.081,5.373,4.826,4.889,50395.0,,adjusted
2020-02-03,4.124,4.124,4.124,4.124,7212.0,,adjusted
2020-02-04,3.717,4.241,3.717,4.188,43967.0,,adjusted
2020-02-05,4.192,4.419,4.097,4.245,42916.0,,adjusted
2020-02-06,4.203,4.79,4.203,4.703,45231.0,,adjusted
2020-02-07,4.709,5.45,4.614,5.45,67177.0,,adjusted
2020-02-10,5.604,5.915,5.397,5.759,81038.0,,adjusted
2020-02-11,5.701,5.901,5.498,5.555,47893.0,,adjusted
2020-02-12,5.456,5.911,5.401,5.707,69147.0,,adjusted
2020-02-13,5.792,5.792,5.444,5.533,36689.0,,adjusted
2020-02-14,5.504,5.687,5.454,5.529,33104.0,,adjusted
2020-02-17,5.638,6.268,5.589,6.164,79364.0,,adjusted
2020-02-18,6.126,6.215,5.944,6.211,42030.0,,adjusted
2020-02-19,6.134,6.187,5.903,5.974,33845.0,,adjusted
2020-02-20,5.956,6.181,5.743,6.114,36576.0,,adjusted
2020-02-21,5.849,6.302,5.847,6.075,50707.0,,adjusted
2020-02-24,6.195,6.96,6.193,6.96,60419.0,,adjusted
2020-02-25,6.934,7.932,6.855,7.932,97404.0,,adjusted
2020-02-26,7.999,8.535,7.377,7.914,105477.0,,adjusted
2020-02-27,8.13,8.373,7.559,7.719,93757.0,,adjusted
2020-02-28,6.926,7.32,6.671,6.683,70141.0,,adjusted
2020-03-02,6.916,7.628,6.588,7.628,89924.0,,adjusted
2020-03-03,7.968,8.359,7.144,7.306,82337.0,,adjusted
2020-03-04,7.235,7.462,6.837,7.041,53485.0,,adjusted
2020-03-05,7.701,7.725,6.673,6.841,65893.0,,adjusted
2020-03-06,6.565,6.976,6.553,6.727,41157.0,,adjusted
2020-03-09,6.547,7.096,6.47,6.628,62482.0,,adjusted
2020-03-10,6.521,7.361,6.405,7.246,56373.0,,adjusted
2020-03-11,7.252,7.904,7.16,7.241,72054.0,,adjusted
2020-03-12,7.057,7.563,6.903,7.563,47278.0,,adjusted
2020-03-13,7.108,7.904,7.017,7.713,53153.0,,adjusted
2020-03-16,7.804,7.835,6.666,6.666,49653.0,,adjusted
2020-03-17,6.867,6.956,6.349,6.691,35242.0,,adjusted
2020-03-18,6.723,7.073,6.419,6.419,33677.0,,adjusted
2020-03-19,6.521,7.339,6.349,7.339,58748.0,,adjusted
2020-03-20,7.563,7.58,6.731,7.047,59358.0,,adjusted
2020-03-23,6.675,7.339,6.675,6.764,42496.0,,adjusted
2020-03-24,7.057,7.144,6.136,6.588,55026.0,,adjusted
2020-03-25,6.861,6.911,6.652,6.733,43653.0,,adjusted
2020-03-26,6.754,6.754,6.268,6.328,33570.0,,adjusted
2020-03-27,6.523,6.571,5.944,5.944,32719.0,,adjusted
2020-03-30,5.836,5.836,5.235,5.375,38990.0,,adjusted
2020-03-31,5.516,5.561,5.108,5.134,29974.0,,adjusted
2020-04-01,5.154,5.6,4.998,5.276,40133.0,,adjusted
2020-04-02,5.336,5.964,5.174,5.842,40162.0,,adjusted
2020-04-03,5.883,6.035,5.786,5.881,28826.0,,adjusted
2020-04-07,6.114,6.181,6.0,6.116,21920.0,,adjusted
2020-04-08,6.156,6.525,6.045,6.351,34801.0,,adjusted
2020-04-09,6.45,6.45,6.142,6.229,24584.0,,adjusted
2020-04-10,6.571,6.849,6.347,6.46,54200.0,,adjusted
2020-04-13,6.456,6.81,6.353,6.478,29552.0,,adjusted
2020-04-14,6.478,6.804,6.377,6.735,37262.0,,adjusted
2020-04-15,6.76,6.798,6.571,6.636,23527.0,,adjusted
2020-04-16,6.519,6.804,6.444,6.713,20165.0,,adjusted
2020-04-17,6.841,7.027,6.756,6.812,25298.0,,adjusted
2020-04-20,6.752,7.199,6.654,7.077,28727.0,,adjusted
2020-04-21,7.011,7.154,6.863,7.077,20946.0,,adjusted
2020-04-22,6.958,7.229,6.924,7.12,17466.0,,adjusted
2020-04-23,7.156,7.156,6.754,6.859,23057.0,,adjusted
2020-04-24,6.835,7.543,6.835,7.067,47334.0,,adjusted
2020-04-27,7.077,8.051,7.077,8.005,62016.0,,adjusted
2020-04-28,7.725,7.727,6.928,7.272,68858.0,,adjusted
2020-04-29,7.233,7.333,6.938,7.086,30509.0,,adjusted
2020-04-30,7.165,8.009,7.098,7.78,42774.0,,adjusted
2020-05-06,7.707,8.037,7.632,7.948,49871.0,,adjusted
2020-05-07,8.08,8.349,7.576,7.606,48536.0,,adjusted
2020-05-08,7.711,7.81,7.586,7.691,32407.0,,adjusted
2020-05-11,7.681,7.871,7.493,7.499,34354.0,,adjusted
2020-05-12,7.567,7.571,7.264,7.525,27740.0,,adjusted
2020-05-13,7.527,7.557,7.3,7.482,21334.0,,adjusted
2020-05-14,7.501,7.553,7.219,7.266,25264.0,,adjusted
2020-05-15,7.294,7.592,7.183,7.446,28406.0,,adjusted
2020-05-18,7.397,7.458,6.788,6.81,46554.0,,adjusted
2020-05-19,6.907,7.199,6.899,7.128,26246.0,,adjusted
2020-05-20,7.248,7.26,6.895,6.994,22829.0,,adjusted
2020-05-21,7.075,7.075,6.638,6.685,25263.0,,adjusted
2020-05-22,6.745,6.83,6.409,6.47,22926.0,,adjusted
2020-05-25,6.498,6.701,6.355,6.618,22396.0,,adjusted
2020-05-26,6.652,6.958,6.616,6.924,22554.0,,adjusted
2020-05-27,6.867,6.944,6.737,6.792,13891.0,,adjusted
2020-05-28,6.725,6.895,6.646,6.774,14133.0,,adjusted
2020-05-29,6.776,6.845,6.642,6.685,16527.0,,adjusted
2020-06-01,6.786,7.102,6.786,7.069,29407.0,,adjusted
2020-06-02,7.069,7.098,6.875,6.954,22833.0,,adjusted
2020-06-03,6.978,7.007,6.689,6.764,32231.0,,adjusted
2020-06-04,6.695,7.12,6.695,6.926,25484.0,,adjusted
2020-06-05,6.942,6.96,6.654,6.83,19466.0,,adjusted
2020-06-08,6.972,7.148,6.897,6.938,21580.0,,adjusted
2020-06-09,6.907,6.974,6.77,6.875,13443.0,,adjusted
2020-06-10,6.861,7.62,6.699,7.013,32101.0,,adjusted
2020-06-11,7.001,7.136,6.861,6.988,28387.0,,adjusted
2020-06-12,6.835,7.114,6.713,7.102,27667.0,,adjusted
2020-06-15,7.114,7.503,7.061,7.112,43718.0,,adjusted
2020-06-16,7.243,7.908,7.243,7.908,60844.0,,adjusted
2020-06-17,7.976,7.978,7.462,7.946,54253.0,,adjusted
2020-06-18,7.849,8.58,7.79,8.393,66524.0,,adjusted
2020-06-19,8.361,8.361,8.132,8.268,41130.0,,adjusted
2020-06-22,8.252,8.576,8.193,8.355,41081.0,,adjusted
2020-06-23,8.333,8.531,8.232,8.511,30547.0,,adjusted
2020-06-24,8.464,8.687,8.391,8.481,25951.0,,adjusted
2020-06-29,8.308,9.039,8.304,8.788,37936.0,,adjusted
2020-06-30,8.952,9.633,8.819,9.375,44724.0,,adjusted
2020-07-01,9.426,9.426,8.774,9.031,45298.0,,adjusted
2020-07-02,8.96,9.234,8.93,9.102,33619.0,,adjusted
2020-07-03,9.183,9.244,8.772,9.054,35032.0,,adjusted
2020-07-06,9.062,9.505,8.871,9.365,38226.0,,adjusted
2020-07-07,9.327,9.924,9.22,9.507,44546.0,,adjusted
2020-07-08,9.406,9.774,9.183,9.467,43719.0,,adjusted
2020-07-09,9.649,10.619,9.489,10.353,49528.0,,adjusted
2020-07-10,10.203,10.453,9.896,10.193,35289.0,,adjusted
2020-07-13,10.884,11.481,10.884,11.481,21415.0,,adjusted
2020-07-14,12.099,12.52,11.481,11.908,86571.0,,adjusted
2020-07-15,11.471,11.714,10.499,10.695,61171.0,,adjusted
2020-07-16,10.681,11.163,10.147,10.149,48586.0,,adjusted
2020-07-17,10.38,11.076,10.278,10.894,41799.0,,adjusted
2020-07-20,10.959,11.084,10.276,11.054,37121.0,,adjusted
2020-07-21,10.914,11.26,10.509,11.157,31984.0,,adjusted
2020-07-22,11.129,11.896,10.926,11.258,40816.0,,adjusted
2020-07-23,10.985,11.647,10.9,11.489,31387.0,,adjusted
2020-07-24,11.471,11.59,10.479,10.499,38222.0,,adjusted
2020-07-27,10.681,11.147,10.479,10.657,25947.0,,adjusted
2020-07-28,10.926,11.937,10.801,11.852,36875.0,,adjusted
2020-07-29,11.694,11.912,11.515,11.91,31947.0,,adjusted
2020-07-30,11.91,11.91,11.248,11.467,32121.0,,adjusted
2020-07-31,11.465,12.117,11.368,11.643,39003.0,,adjusted
2020-08-03,11.789,11.959,11.451,11.803,50387.0,,adjusted
2020-08-04,11.738,12.611,11.649,12.418,50216.0,,adjusted
2020-08-05,12.562,12.603,11.896,12.287,25107.0,,adjusted
2020-08-06,12.382,12.382,11.916,12.151,21518.0,,adjusted
2020-08-07,12.295,12.299,11.41,11.708,31791.0,,adjusted
2020-08-10,11.694,12.034,11.41,11.479,25114.0,,adjusted
2020-08-11,11.592,12.094,11.086,11.127,27896.0,,adjusted
2020-08-12,11.159,11.329,10.481,10.916,34486.0,,adjusted
2020-08-13,10.861,11.064,10.499,10.649,23550.0,,adjusted
2020-08-14,10.831,11.147,10.687,10.965,18449.0,,adjusted
2020-08-17,11.127,11.127,10.513,10.793,33858.0,,adjusted
2020-08-18,10.924,11.115,9.973,10.193,69815.0,,adjusted
2020-08-19,10.345,10.444,10.08,10.175,39454.0,,adjusted
2020-08-20,9.987,10.323,9.734,10.175,28345.0,,adjusted
2020-08-21,10.195,10.592,10.137,10.224,27287.0,,adjusted
2020-08-24,10.234,10.942,10.068,10.799,41976.0,,adjusted
2020-08-25,10.926,11.258,10.726,10.961,34774.0,,adjusted
2020-08-26,10.843,10.934,10.337,10.442,25443.0,,adjusted
2020-08-27,10.378,10.971,10.378,10.89,22584.0,,adjusted
2020-08-28,10.823,10.965,10.612,10.947,20395.0,,adjusted
2020-08-31,11.139,11.155,10.799,10.799,17723.0,,adjusted
2020-09-01,10.803,10.882,10.434,10.742,23667.0,,adjusted
2020-09-02,10.785,10.92,10.493,10.789,19627.0,,adjusted
2020-09-03,10.811,10.853,10.394,10.442,19407.0,,adjusted
2020-09-04,10.118,10.56,10.118,10.457,16819.0,,adjusted
2020-09-07,10.493,10.621,10.037,10.074,19861.0,,adjusted
2020-09-08,10.092,10.513,9.586,9.689,29051.0,,adjusted
2020-09-09,9.161,9.505,8.73,9.165,39846.0,,adjusted
2020-09-10,9.181,9.379,8.839,8.918,21655.0,,adjusted
2020-09-11,8.728,9.236,8.728,9.163,20797.0,,adjusted
2020-09-14,9.163,9.467,9.082,9.258,26309.0,,adjusted
2020-09-15,9.442,9.442,9.041,9.128,20180.0,,adjusted
2020-09-16,9.179,9.381,9.023,9.106,14441.0,,adjusted
2020-09-17,9.031,9.375,8.94,9.228,21342.0,,adjusted
2020-09-18,9.264,9.317,9.009,9.27,21840.0,,adjusted
2020-09-21,9.288,9.404,8.968,9.019,21109.0,,adjusted
2020-09-22,9.035,9.193,8.859,8.916,13148.0,,adjusted
2020-09-23,9.058,9.305,8.94,9.076,16592.0,,adjusted
2020-09-24,8.997,9.082,8.618,8.622,18304.0,,adjusted
2020-09-25,8.713,9.058,8.602,8.675,21446.0,,adjusted
2020-09-28,8.819,9.001,8.515,8.582,18310.0,,adjusted
2020-09-29,8.663,8.916,8.596,8.802,17655.0,,adjusted
2020-09-30,8.768,8.857,8.562,8.695,19891.0,,adjusted
2020-10-09,8.92,9.256,8.693,8.758,34608.0,,adjusted
2020-10-12,8.788,9.62,8.788,9.525,45448.0,,adjusted
2020-10-13,9.564,9.608,9.29,9.513,22648.0,,adjusted
2020-10-14,9.467,9.77,9.388,9.693,27728.0,,adjusted
2020-10-15,9.693,9.827,9.55,9.61,21639.0,,adjusted
2020-10-16,9.574,9.651,9.307,9.345,21410.0,,adjusted
2020-10-19,10.031,10.556,9.072,9.22,65481.0,,adjusted
2020-10-20,9.015,9.09,8.555,8.813,42648.0,,adjusted
2020-10-21,8.894,9.118,8.555,8.636,35469.0,,adjusted
2020-10-22,8.634,8.788,8.485,8.547,26328.0,,adjusted
2020-10-23,8.677,9.294,8.677,8.962,57935.0,,adjusted
2020-10-26,8.924,9.527,8.896,9.39,42294.0,,adjusted
2020-10-27,9.375,9.618,9.284,9.446,27540.0,,adjusted
2020-10-28,9.475,9.728,9.325,9.566,33210.0,,adjusted
2020-10-29,9.325,9.669,9.183,9.531,28444.0,,adjusted
2020-10-30,9.667,9.811,9.264,9.305,30725.0,,adjusted
2020-11-02,9.446,9.712,9.043,9.606,29952.0,,adjusted
2020-11-03,9.689,10.402,9.426,10.268,34071.0,,adjusted
2020-11-04,10.266,10.272,9.746,9.969,30850.0,,adjusted
2020-11-05,10.183,11.728,9.799,10.969,68170.0,,adjusted
2020-11-06,10.904,10.985,10.491,10.687,42791.0,,adjusted
2020-11-09,10.882,11.588,10.722,10.857,54788.0,,adjusted
2020-11-10,10.726,10.803,10.232,10.337,31365.0,,adjusted
2020-11-11,10.384,10.614,9.989,10.076,27110.0,,adjusted
2020-11-12,10.216,10.295,9.871,9.979,19633.0,,adjusted
2020-11-13,9.916,10.076,9.673,9.819,21113.0,,adjusted
2020-11-16,9.811,9.932,9.422,9.691,24525.0,,adjusted
2020-11-17,9.734,9.77,9.068,9.296,29528.0,,adjusted
2020-11-18,9.262,9.406,9.092,9.173,18806.0,,adjusted
2020-11-19,9.195,9.442,8.859,9.264,24106.0,,adjusted
2020-11-20,9.264,9.422,9.187,9.248,15810.0,,adjusted
2020-11-23,9.143,9.361,8.802,9.104,27652.0,,adjusted
2020-11-24,9.102,9.398,9.102,9.175,26121.0,,adjusted
2020-11-25,9.104,9.422,8.865,9.248,27846.0,,adjusted
2020-11-26,9.114,9.317,8.859,8.946,22883.0,,adjusted
2020-11-27,8.968,9.213,8.94,9.098,16451.0,,adjusted
2020-11-30,9.126,9.201,8.758,8.78,25943.0,,adjusted
2020-12-01,8.802,9.051,8.677,8.898,22558.0,,adjusted
2020-12-02,8.952,9.246,8.859,9.031,28369.0,,adjusted
2020-12-03,9.011,9.139,8.798,8.839,18111.0,,adjusted
2020-12-04,8.77,8.942,8.77,8.908,11504.0,,adjusted
2020-12-07,8.964,9.031,8.839,8.855,17597.0,,adjusted
2020-12-08,8.829,8.96,8.78,8.855,13923.0,,adjusted
2020-12-09,8.918,8.918,8.515,8.549,25181.0,,adjusted
2020-12-10,8.568,8.626,8.227,8.325,23084.0,,adjusted
2020-12-11,8.404,8.404,7.806,7.954,33219.0,,adjusted
2020-12-14,8.003,8.104,7.851,8.047,22127.0,,adjusted
2020-12-15,8.015,8.284,7.873,8.183,21248.0,,adjusted
2020-12-16,8.179,8.341,8.049,8.088,18102.0,,adjusted
2020-12-17,8.171,8.282,7.966,8.282,15482.0,,adjusted
2020-12-18,8.343,8.343,8.053,8.074,13569.0,,adjusted
2020-12-21,8.017,8.272,7.991,8.13,14241.0,,adjusted
2020-12-22,8.059,8.161,7.243,7.29,42817.0,,adjusted
2020-12-23,7.306,7.845,7.304,7.77,44331.0,,adjusted
2020-12-24,7.843,7.934,7.468,7.594,22817.0,,adjusted
2020-12-25,7.685,7.685,7.29,7.387,15857.0,,adjusted
2020-12-28,7.379,7.468,6.986,7.051,28755.0,,adjusted
2020-12-29,7.039,8.096,6.986,8.017,50356.0,,adjusted
2020-12-30,7.847,8.035,7.543,7.912,38129.0,,adjusted
2020-12-31,7.867,8.199,7.808,8.116,31440.0,,adjusted
2021-01-04,8.191,8.529,8.183,8.319,37098.0,,adjusted
2021-01-05,8.454,8.703,8.254,8.42,39582.0,,adjusted
2021-01-06,8.424,8.499,7.804,7.816,59389.0,,adjusted
2021-01-07,7.796,7.895,7.152,7.312,47791.0,,adjusted
2021-01-08,7.248,7.671,7.199,7.302,52350.0,,adjusted
2021-01-11,7.302,7.608,7.047,7.389,44399.0,,adjusted
2021-01-12,7.284,7.563,7.098,7.15,54881.0,,adjusted
2021-01-13,7.165,7.503,7.023,7.452,49133.0,,adjusted
2021-01-14,7.46,7.768,7.312,7.438,58599.0,,adjusted
2021-01-15,7.442,7.541,7.215,7.456,37866.0,,adjusted
2021-01-18,7.436,8.106,7.205,7.97,50752.0,,adjusted
2021-01-19,7.926,8.009,7.322,7.359,57911.0,,adjusted
2021-01-20,7.401,7.598,7.243,7.535,30541.0,,adjusted
2021-01-21,7.454,7.569,7.331,7.412,32295.0,,adjusted
2021-01-22,7.488,7.582,6.733,6.926,62110.0,,adjusted
2021-01-25,6.837,7.009,6.6,6.65,43415.0,,adjusted
2021-01-26,6.739,6.76,6.247,6.322,61020.0,,adjusted
2021-01-27,6.389,7.292,6.357,7.235,76795.0,,adjusted
2021-01-28,7.181,7.395,7.057,7.146,43645.0,,adjusted
2021-01-29,7.32,7.442,6.926,7.262,37292.0,,adjusted
2021-02-01,7.201,7.335,6.792,6.968,40693.0,,adjusted
2021-02-02,6.996,7.098,6.835,6.964,29333.0,,adjusted
2021-02-03,6.982,6.982,6.5,6.515,38777.0,,adjusted
2021-02-04,6.43,6.513,5.67,5.863,78488.0,,adjusted
2021-02-05,5.936,5.984,5.417,5.466,45520.0,,adjusted
2021-02-08,5.539,5.733,5.361,5.529,38961.0,,adjusted
2021-02-09,5.494,5.792,5.377,5.745,29976.0,,adjusted
2021-02-10,5.782,6.324,5.616,6.148,49741.0,,adjusted
2021-02-18,6.227,6.604,6.203,6.476,33672.0,,adjusted
2021-02-19,6.531,6.988,6.409,6.824,34527.0,,adjusted
2021-02-22,6.863,6.97,6.64,6.673,34445.0,,adjusted
2021-02-23,6.784,6.913,6.488,6.571,25683.0,,adjusted
2021-02-24,6.561,6.725,6.44,6.537,24797.0,,adjusted
2021-02-25,6.693,6.693,6.341,6.347,18376.0,,adjusted
2021-02-26,6.306,6.529,6.213,6.371,22123.0,,adjusted
2021-03-01,6.385,6.691,6.332,6.612,28686.0,,adjusted
2021-03-02,6.612,6.687,6.367,6.452,20004.0,,adjusted
2021-03-03,6.47,6.482,6.146,6.292,26509.0,,adjusted
2021-03-04,6.324,6.46,6.055,6.073,22305.0,,adjusted
2021-03-05,6.023,6.162,5.962,6.049,19200.0,,adjusted
2021-03-08,6.126,6.282,5.772,5.804,23669.0,,adjusted
2021-03-09,5.774,5.802,5.417,5.448,24977.0,,adjusted
2021-03-10,5.519,5.551,5.302,5.336,22300.0,,adjusted
2021-03-11,5.318,5.464,5.211,5.446,24730.0,,adjusted
2021-03-12,5.454,5.458,5.225,5.357,17010.0,,adjusted
2021-03-15,5.346,5.393,5.049,5.184,22623.0,,adjusted
2021-03-16,5.253,5.316,5.037,5.114,25279.0,,adjusted
2021-03-17,5.132,5.328,5.018,5.144,25508.0,,adjusted
2021-03-18,5.191,5.211,5.02,5.035,20138.0,,adjusted
2021-03-19,5.025,5.158,4.852,4.915,21182.0,,adjusted
2021-03-22,4.907,5.221,4.887,5.172,30466.0,,adjusted
2021-03-23,5.152,5.472,5.097,5.276,45117.0,,adjusted
2021-03-24,5.211,5.365,5.103,5.209,27639.0,,adjusted
2021-03-25,5.207,5.44,5.134,5.389,21010.0,,adjusted
2021-03-26,5.496,5.504,5.302,5.409,29817.0,,adjusted
2021-03-29,5.371,5.555,5.344,5.373,21208.0,,adjusted
2021-03-30,5.397,5.496,5.336,5.409,19251.0,,adjusted
2021-03-31,5.472,5.719,5.359,5.68,23476.0,,adjusted
2021-04-01,5.678,5.713,5.583,5.687,14583.0,,adjusted
2021-04-02,5.721,5.994,5.676,5.802,28062.0,,adjusted
2021-04-06,5.804,5.859,5.652,5.711,14361.0,,adjusted
2021-04-07,5.689,5.784,5.492,5.616,24723.0,,adjusted
2021-04-08,5.648,5.689,5.46,5.462,14473.0,,adjusted
2021-04-09,5.525,5.539,5.387,5.436,13033.0,,adjusted
2021-04-12,5.427,5.488,5.184,5.229,13912.0,,adjusted
2021-04-13,5.251,5.304,5.14,5.17,11177.0,,adjusted
2021-04-14,5.148,5.529,5.097,5.466,17761.0,,adjusted
2021-04-15,5.466,5.664,5.357,5.575,13574.0,,adjusted
2021-04-16,5.575,5.63,5.427,5.446,19353.0,,adjusted
2021-04-19,5.519,5.701,5.438,5.695,17641.0,,adjusted
2021-04-20,5.711,5.711,5.371,5.375,24254.0,,adjusted
2021-04-21,5.328,5.363,5.215,5.265,12949.0,,adjusted
2021-04-22,5.274,5.719,5.243,5.644,26428.0,,adjusted
2021-04-23,6.085,6.93,6.085,6.413,92917.0,,adjusted
2021-04-26,6.389,6.691,6.308,6.585,61900.0,,adjusted
2021-04-27,6.592,6.887,6.571,6.654,47630.0,,adjusted
2021-04-28,6.664,6.683,6.49,6.551,30931.0,,adjusted
2021-04-29,6.509,6.602,6.383,6.407,27739.0,,adjusted
2021-04-30,6.393,6.466,5.944,5.944,43893.0,,adjusted
2021-05-06,6.025,6.164,5.901,6.027,27136.0,,adjusted
2021-05-07,6.037,6.089,5.721,5.727,21384.0,,adjusted
2021-05-10,5.703,5.774,5.393,5.47,35372.0,,adjusted
2021-05-11,5.399,5.541,5.316,5.407,31930.0,,adjusted
2021-05-12,5.51,5.648,5.357,5.587,27128.0,,adjusted
2021-05-13,5.498,6.051,5.458,5.873,43824.0,,adjusted
2021-05-14,5.907,6.124,5.867,6.085,31630.0,,adjusted
2021-05-17,6.025,6.158,5.984,6.081,34283.0,,adjusted
2021-05-18,6.108,6.162,5.857,6.108,27753.0,,adjusted
2021-05-19,6.102,6.183,5.964,6.006,25612.0,,adjusted
2021-05-20,6.002,6.322,5.954,6.233,29245.0,,adjusted
2021-05-21,6.251,6.318,5.988,6.031,33404.0,,adjusted
2021-05-24,5.998,6.272,5.984,6.264,23151.0,,adjusted
2021-05-25,6.231,6.472,6.199,6.442,35972.0,,adjusted
2021-05-26,6.498,6.523,6.3,6.332,22784.0,,adjusted
2021-05-27,6.328,6.911,6.282,6.816,57276.0,,adjusted
2021-05-28,6.796,7.116,6.76,6.81,41456.0,,adjusted
2021-05-31,6.847,6.966,6.749,6.855,29202.0,,adjusted
2021-06-01,6.873,7.274,6.758,6.966,47069.0,,adjusted
2021-06-02,6.865,7.031,6.642,6.695,25964.0,,adjusted
2021-06-03,6.669,7.071,6.669,6.853,36565.0,,adjusted
2021-06-04,6.901,7.209,6.855,7.112,39693.0,,adjusted
2021-06-07,7.239,7.387,7.037,7.351,42408.0,,adjusted
2021-06-08,7.32,7.327,7.128,7.209,27908.0,,adjusted
2021-06-09,7.154,7.276,6.891,7.003,25316.0,,adjusted
2021-06-10,6.956,7.041,6.855,7.041,31688.0,,adjusted
2021-06-11,7.035,7.264,6.958,7.189,42574.0,,adjusted
2021-06-15,7.187,7.345,7.067,7.215,23157.0,,adjusted
2021-06-16,7.118,7.391,6.81,6.887,42253.0,,adjusted
2021-06-17,6.875,7.258,6.824,7.219,30180.0,,adjusted
2021-06-18,7.359,7.695,7.31,7.345,42497.0,,adjusted
2021-06-21,7.351,7.43,7.239,7.254,26406.0,,adjusted
2021-06-22,7.282,7.331,7.094,7.098,32809.0,,adjusted
2021-06-23,7.144,7.671,7.077,7.582,51661.0,,adjusted
2021-06-24,7.654,7.677,7.203,7.215,36752.0,,adjusted
2021-06-25,6.897,7.353,6.872,6.999,50948.0,,adjusted
2021-06-28,6.937,7.353,6.926,7.28,60854.0,,adjusted
2021-06-29,7.287,7.287,6.744,6.77,60158.0,,adjusted
2021-06-30,6.751,6.992,6.445,6.668,68728.0,,adjusted
2021-07-01,6.77,6.773,6.256,6.256,53886.0,,adjusted
2021-07-02,6.256,6.387,6.117,6.154,39147.0,,adjusted
2021-07-05,6.154,6.292,5.866,6.205,55328.0,,adjusted
2021-07-06,6.11,6.201,5.815,5.935,49786.0,,adjusted
2021-07-07,5.961,6.092,5.753,6.092,62217.0,,adjusted
2021-07-08,6.03,6.241,5.8,6.241,68150.0,,adjusted
2021-07-09,6.15,6.635,6.117,6.376,75618.0,,adjusted
2021-07-12,6.376,7.542,6.307,7.411,173798.0,,adjusted
2021-07-13,7.364,7.389,7.083,7.203,107283.0,,adjusted
2021-07-14,7.24,7.458,7.079,7.101,78528.0,,adjusted
2021-07-15,7.182,7.28,6.536,6.788,109713.0,,adjusted
2021-07-16,6.908,6.912,6.628,6.69,58296.0,,adjusted
2021-07-19,6.566,7.674,6.471,7.448,139585.0,,adjusted
2021-07-20,7.309,7.593,7.225,7.546,101358.0,,adjusted
2021-07-21,7.699,7.754,7.346,7.353,105150.0,,adjusted
2021-07-22,7.284,7.695,7.214,7.451,99973.0,,adjusted
2021-07-23,7.415,8.147,7.254,7.958,162022.0,,adjusted
2021-07-26,7.87,8.078,7.426,7.699,118654.0,,adjusted
2021-07-27,7.663,8.668,7.663,8.042,193664.0,,adjusted
2021-07-28,7.936,8.967,7.834,8.701,218719.0,,adjusted
2021-07-29,8.993,10.316,8.428,9.951,254303.0,,adjusted
2021-07-30,9.394,11.059,9.321,9.835,241530.0,,adjusted
2021-08-02,9.794,10.808,9.576,10.687,197269.0,,adjusted
2021-08-03,10.429,10.727,9.765,9.776,182180.0,,adjusted
2021-08-04,9.474,9.842,9.197,9.733,271907.0,,adjusted
2021-08-05,9.576,9.758,9.084,9.168,180519.0,,adjusted
2021-08-06,9.215,9.332,8.654,8.811,165994.0,,adjusted
2021-08-09,8.767,9.157,8.727,8.865,119769.0,,adjusted
2021-08-10,8.945,9.095,8.694,9.066,106982.0,,adjusted
2021-08-11,9.08,9.703,9.029,9.692,201499.0,,adjusted
2021-08-12,9.47,9.583,9.288,9.328,114639.0,,adjusted
2021-08-13,9.139,9.277,8.348,8.373,165530.0,,adjusted
2021-08-16,8.289,8.552,8.184,8.344,81335.0,,adjusted
2021-08-17,8.344,8.37,7.83,7.841,102680.0,,adjusted
2021-08-18,7.841,7.969,7.561,7.83,85432.0,,adjusted
2021-08-19,7.918,8.519,7.859,8.391,118362.0,,adjusted
2021-08-20,8.362,8.373,8.012,8.282,88469.0,,adjusted
2021-08-23,8.155,8.544,8.009,8.344,78225.0,,adjusted
2021-08-24,7.389,7.754,7.083,7.542,230630.0,,adjusted
2021-08-25,7.535,8.067,7.462,7.816,105451.0,,adjusted
2021-08-26,7.754,7.797,7.28,7.338,93150.0,,adjusted
2021-08-27,7.418,7.418,7.116,7.222,65837.0,,adjusted
2021-08-30,7.243,7.411,6.956,7.364,80457.0,,adjusted
2021-08-31,7.375,7.389,6.934,7.021,70034.0,,adjusted
2021-09-01,7.01,7.243,6.923,7.156,61360.0,,adjusted
2021-09-02,7.028,7.156,6.956,7.09,48985.0,,adjusted
2021-09-03,7.211,7.666,7.12,7.356,78712.0,,adjusted
2021-09-06,7.462,7.936,7.298,7.874,104216.0,,adjusted
2021-09-07,7.874,8.049,7.699,7.863,67294.0,,adjusted
2021-09-08,7.808,8.253,7.692,8.18,85370.0,,adjusted
2021-09-09,8.224,8.548,8.016,8.114,94469.0,,adjusted
2021-09-10,8.155,8.264,7.728,8.14,90613.0,,adjusted
2021-09-13,8.096,8.107,7.575,7.644,68854.0,,adjusted
2021-09-14,7.75,7.827,7.4,7.48,64675.0,,adjusted
2021-09-15,7.462,7.663,7.371,7.517,40931.0,,adjusted
2021-09-16,7.48,7.524,7.021,7.061,64512.0,,adjusted
2021-09-17,7.061,7.269,6.733,7.203,59050.0,,adjusted
2021-09-22,7.025,7.156,6.897,6.963,30693.0,,adjusted
2021-09-23,7.025,7.397,7.021,7.309,39925.0,,adjusted
2021-09-24,7.243,7.364,7.025,7.076,31375.0,,adjusted
2021-09-27,7.32,7.524,6.821,6.843,46152.0,,adjusted
2021-09-28,6.813,6.985,6.547,6.715,35955.0,,adjusted
2021-09-29,6.624,6.704,6.263,6.281,44301.0,,adjusted
2021-09-30,6.325,6.657,6.289,6.38,42593.0,,adjusted
2021-10-08,6.526,6.679,6.46,6.609,29058.0,,adjusted
2021-10-11,6.628,6.988,6.511,6.843,39418.0,,adjusted
2021-10-12,6.813,6.915,6.445,6.588,36339.0,,adjusted
2021-10-13,6.588,6.981,6.529,6.941,41076.0,,adjusted
2021-10-14,6.952,6.952,6.679,6.704,38383.0,,adjusted
2021-10-15,6.737,7.05,6.69,6.89,41206.0,,adjusted
2021-10-18,6.824,7.09,6.722,6.784,44196.0,,adjusted
2021-10-19,6.784,6.915,6.478,6.558,43299.0,,adjusted
2021-10-20,6.657,6.679,6.489,6.504,33105.0,,adjusted
2021-10-21,6.54,6.558,6.234,6.329,42018.0,,adjusted
2021-10-22,6.256,6.456,6.245,6.358,23265.0,,adjusted
2021-10-25,6.362,6.558,6.187,6.558,34049.0,,adjusted
2021-10-26,6.533,7.714,6.511,7.276,166140.0,,adjusted
2021-10-27,7.251,7.371,6.555,6.868,111020.0,,adjusted
2021-10-28,6.821,6.915,6.569,6.624,43279.0,,adjusted
2021-10-29,6.697,6.97,6.631,6.788,38748.0,,adjusted
2021-11-01,6.671,6.905,6.606,6.897,39144.0,,adjusted
2021-11-02,6.915,7.335,6.784,7.251,84246.0,,adjusted
2021-11-03,7.28,7.298,6.992,7.152,38322.0,,adjusted
2021-11-04,7.141,7.243,7.105,7.171,34248.0,,adjusted
2021-11-05,7.185,7.273,7.047,7.196,39132.0,,adjusted
2021-11-08,7.134,7.517,7.05,7.44,49009.0,,adjusted
2021-11-09,7.458,7.561,7.28,7.444,50118.0,,adjusted
2021-11-10,7.382,7.688,7.265,7.641,48918.0,,adjusted
2021-11-11,7.619,7.677,7.52,7.546,39634.0,,adjusted
2021-11-12,7.513,7.604,7.411,7.455,36561.0,,adjusted
2021-11-15,7.524,7.754,7.451,7.725,60811.0,,adjusted
2021-11-16,7.71,8.118,7.491,7.571,83350.0,,adjusted
2021-11-17,7.397,8.005,7.397,7.932,81810.0,,adjusted
2021-11-18,7.899,8.246,7.856,7.899,70546.0,,adjusted
2021-11-19,7.885,8.22,7.881,8.067,53403.0,,adjusted
2021-11-22,8.045,8.734,7.976,8.515,79396.0,,adjusted
2021-11-23,8.574,10.68,8.574,10.082,357924.0,,adjusted
2021-11-24,10.195,10.516,9.831,10.279,166317.0,,adjusted
2021-11-25,10.235,10.407,9.273,9.397,189064.0,,adjusted
2021-11-26,9.292,9.423,8.829,8.967,138917.0,,adjusted
2021-11-29,8.956,9.627,8.708,9.346,118330.0,,adjusted
2021-11-30,9.47,9.787,9.292,9.558,100468.0,,adjusted
2021-12-01,9.78,9.926,9.408,9.867,80541.0,,adjusted
2021-12-02,9.831,10.159,9.452,10.101,103484.0,,adjusted
2021-12-03,10.046,10.651,9.798,10.651,117358.0,,adjusted
2021-12-06,10.545,10.924,9.999,10.104,82640.0,,adjusted
2021-12-07,9.988,10.308,9.605,9.696,92050.0,,adjusted
2021-12-08,9.696,10.093,9.539,9.878,66166.0,,adjusted
2021-12-09,9.816,9.922,9.313,9.39,73451.0,,adjusted
2021-12-10,9.39,9.558,9.222,9.273,43605.0,,adjusted
2021-12-13,9.281,9.514,9.004,9.292,67008.0,,adjusted
2021-12-14,9.394,9.784,9.226,9.62,69093.0,,adjusted
2021-12-15,9.714,10.086,9.507,9.576,54747.0,,adjusted
2021-12-16,9.576,9.951,9.175,9.835,56347.0,,adjusted
2021-12-17,9.816,9.929,9.386,9.415,45231.0,,adjusted
2021-12-20,9.029,9.222,8.61,8.971,83693.0,,adjusted
2021-12-21,8.96,9.386,8.891,9.31,60161.0,,adjusted
2021-12-22,9.375,9.886,9.109,9.791,60734.0,,adjusted
2021-12-23,9.853,9.889,9.467,9.558,49489.0,,adjusted
2021-12-24,9.558,9.685,9.102,9.62,68078.0,,adjusted
2021-12-27,9.576,10.29,9.386,10.166,72095.0,,adjusted
2021-12-28,10.268,10.443,10.035,10.163,72654.0,,adjusted
2021-12-29,10.013,10.596,9.988,10.232,78027.0,,adjusted
2021-12-30,10.232,10.851,10.097,10.625,78660.0,,adjusted
2021-12-31,10.596,10.797,10.418,10.778,47347.0,,adjusted
2022-01-04,10.578,11.044,10.013,10.702,84265.0,,adjusted
2022-01-05,10.629,10.629,9.911,9.944,47757.0,,adjusted
2022-01-06,9.948,10.29,9.685,9.74,39707.0,,adjusted
2022-01-07,9.78,9.918,9.262,9.394,38974.0,,adjusted
2022-01-10,9.248,9.977,9.029,9.911,60697.0,,adjusted
2022-01-11,9.958,10.057,9.539,9.641,37045.0,,adjusted
2022-01-12,9.791,9.969,9.368,9.434,27508.0,,adjusted
2022-01-13,9.714,9.827,8.924,9.204,51355.0,,adjusted
2022-01-14,8.927,9.492,8.927,9.281,27969.0,,adjusted
2022-01-17,9.346,10.997,9.292,10.837,124841.0,,adjusted
2022-01-18,10.961,11.526,10.633,11.077,105830.0,,adjusted
2022-01-19,10.84,11.318,10.749,10.979,55076.0,,adjusted
2022-01-20,10.979,11.285,10.706,10.775,74875.0,,adjusted
2022-01-21,10.669,10.975,10.308,10.389,39985.0,,adjusted
2022-01-24,10.512,10.633,10.217,10.316,23913.0,,adjusted
2022-01-25,10.316,10.454,9.831,10.079,44465.0,,adjusted
2022-01-26,10.133,10.432,9.831,10.265,43586.0,,adjusted
2022-01-27,10.261,10.279,9.528,9.572,56886.0,,adjusted
2022-01-28,9.572,10.137,9.55,9.74,40949.0,,adjusted
2022-02-07,10.141,10.184,9.452,9.638,41013.0,,adjusted
2022-02-08,9.641,9.74,8.905,9.084,59607.0,,adjusted
2022-02-09,9.124,9.977,8.996,9.929,64742.0,,adjusted
2022-02-10,9.827,10.913,9.649,10.888,120261.0,,adjusted
2022-02-11,10.753,10.859,9.547,10.512,103598.0,,adjusted
2022-02-14,10.068,10.687,9.718,10.225,58226.0,,adjusted
2022-02-15,10.29,10.625,10.104,10.604,36834.0,,adjusted
2022-02-16,10.662,10.778,10.152,10.225,42348.0,,adjusted
2022-02-17,10.152,10.297,9.794,9.867,40839.0,,adjusted
2022-02-18,10.013,10.961,10.013,10.742,88866.0,,adjusted
2022-02-21,11.252,11.38,10.695,11.106,124007.0,,adjusted
2022-02-22,10.866,11.07,10.487,10.542,75736.0,,adjusted
2022-02-23,10.56,10.815,10.337,10.665,65538.0,,adjusted
2022-02-24,10.571,10.571,9.765,10.133,66607.0,,adjusted
2022-02-25,10.195,10.458,9.856,9.9,51634.0,,adjusted
2022-02-28,9.962,10.148,9.689,10.024,35679.0,,adjusted
2022-03-01,10.031,11.015,9.958,11.015,87205.0,,adjusted
2022-03-02,10.997,10.997,10.48,10.68,50090.0,,adjusted
2022-03-03,10.669,10.68,10.068,10.133,57816.0,,adjusted
2022-03-04,9.995,10.432,9.824,10.214,41787.0,,adjusted
2022-03-07,10.195,10.195,9.087,9.266,76128.0,,adjusted
2022-03-08,9.27,9.663,9.211,9.284,59131.0,,adjusted
2022-03-09,9.299,9.467,8.191,8.719,96683.0,,adjusted
2022-03-10,9.058,9.379,8.956,9.193,63908.0,,adjusted
2022-03-11,8.978,9.175,8.621,9.058,50847.0,,adjusted
2022-03-14,9.051,9.051,8.49,8.49,34196.0,,adjusted
2022-03-15,8.483,8.515,7.681,7.692,70684.0,,adjusted
2022-03-16,7.954,8.06,7.378,7.786,59766.0,,adjusted
2022-03-17,8.045,8.435,7.757,8.18,79595.0,,adjusted
2022-03-18,8.118,8.227,7.83,8.111,49672.0,,adjusted
2022-03-21,8.22,8.22,7.655,7.827,56114.0,,adjusted
2022-03-22,7.808,7.827,7.207,7.356,83408.0,,adjusted
2022-03-23,7.407,8.173,7.138,8.085,108817.0,,adjusted
2022-03-24,7.859,7.983,7.491,7.619,81565.0,,adjusted
2022-03-25,7.633,7.699,7.327,7.346,44025.0,,adjusted
2022-03-28,7.276,7.451,6.988,7.415,45303.0,,adjusted
2022-03-29,7.484,7.725,7.214,7.298,36671.0,,adjusted
2022-03-30,7.324,7.59,7.291,7.466,28655.0,,adjusted
2022-03-31,7.386,7.754,7.24,7.553,38243.0,,adjusted
2022-04-01,7.506,7.706,7.364,7.626,31094.0,,adjusted
2022-04-06,7.63,7.637,7.131,7.211,49241.0,,adjusted
2022-04-07,7.149,7.258,6.792,6.872,61312.0,,adjusted
2022-04-08,6.945,6.996,6.485,6.722,46320.0,,adjusted
2022-04-11,6.748,6.861,6.114,6.223,50887.0,,adjusted
2022-04-12,6.168,6.369,5.899,6.198,48437.0,,adjusted
2022-04-13,6.128,6.128,5.531,5.604,124649.0,,adjusted
2022-04-14,5.713,5.786,5.359,5.585,70687.0,,adjusted
2022-04-15,5.523,5.585,5.188,5.432,85522.0,,adjusted
2022-04-18,5.418,5.95,5.225,5.906,73763.0,,adjusted
2022-04-19,5.859,6.125,5.826,5.968,71399.0,,adjusted
2022-04-20,6.139,6.172,5.826,5.946,56391.0,,adjusted
2022-04-21,5.855,5.95,5.458,5.505,61893.0,,adjusted
2022-04-22,5.421,5.527,5.097,5.166,56852.0,,adjusted
2022-04-25,5.101,5.115,4.474,4.488,70163.0,,adjusted
2022-04-26,4.554,4.598,4.164,4.219,64548.0,,adjusted
2022-04-27,4.284,5.177,4.284,5.097,96536.0,,adjusted
2022-04-28,4.911,5.163,4.838,4.962,76524.0,,adjusted
2022-04-29,5.071,5.556,4.907,5.41,87861.0,,adjusted
2022-05-05,5.374,5.924,5.341,5.855,80325.0,,adjusted
2022-05-06,5.713,5.917,5.527,5.753,51105.0,,adjusted
2022-05-09,5.724,6.205,5.647,6.11,70407.0,,adjusted
2022-05-10,6.004,7.025,5.906,6.974,95768.0,,adjusted
2022-05-11,6.912,7.688,6.573,7.397,107949.0,,adjusted
2022-05-12,7.305,7.305,6.66,6.923,92148.0,,adjusted
2022-05-13,6.857,7.072,6.788,6.915,51226.0,,adjusted
2022-05-16,6.872,7.131,6.668,6.704,27321.0,,adjusted
2022-05-17,6.642,7.054,6.606,6.956,45333.0,,adjusted
2022-05-18,6.919,7.09,6.784,6.868,30141.0,,adjusted
2022-05-19,6.653,6.912,6.598,6.875,37620.0,,adjusted
2022-05-20,6.988,6.992,6.544,6.857,49408.0,,adjusted
2022-05-23,6.854,6.857,6.526,6.733,34179.0,,adjusted
2022-05-24,6.628,6.948,6.26,6.289,45750.0,,adjusted
2022-05-25,6.234,6.606,6.234,6.547,33316.0,,adjusted
2022-05-26,6.547,7.054,6.303,6.883,50365.0,,adjusted
2022-05-27,6.923,7.01,6.303,6.588,66412.0,,adjusted
2022-05-30,6.657,6.952,6.387,6.879,51323.0,,adjusted
2022-05-31,6.912,7.542,6.726,7.182,76657.0,,adjusted
2022-06-01,7.174,7.462,7.101,7.404,46147.0,,adjusted
2022-06-02,7.389,7.63,7.211,7.499,53739.0,,adjusted
2022-06-06,7.346,8.144,7.331,7.998,77569.0,,adjusted
2022-06-07,7.889,8.118,7.648,7.834,51514.0,,adjusted
2022-06-08,7.885,7.925,7.462,7.648,37290.0,,adjusted
2022-06-09,7.579,7.579,7.098,7.273,40061.0,,adjusted
2022-06-10,7.182,7.819,7.171,7.684,40303.0,,adjusted
2022-06-13,7.681,8.009,7.466,7.75,53072.0,,adjusted
2022-06-14,7.75,7.79,7.014,7.269,78800.0,,adjusted
2022-06-15,7.316,7.714,7.269,7.448,45981.0,,adjusted
2022-06-16,7.626,7.765,7.451,7.557,33114.0,,adjusted
2022-06-17,7.539,7.848,7.353,7.776,34345.0,,adjusted
2022-06-20,7.805,8.432,7.805,8.14,61689.0,,adjusted
2022-06-21,8.155,8.18,7.462,7.717,59886.0,,adjusted
2022-06-22,7.714,7.874,7.316,7.393,48834.0,,adjusted
2022-06-23,7.535,7.677,7.243,7.338,74142.0,,adjusted
2022-06-24,7.338,7.899,7.32,7.881,72296.0,,adjusted
2022-06-27,7.812,7.91,7.582,7.746,52695.0,,adjusted
2022-06-28,7.79,7.863,7.44,7.757,30996.0,,adjusted
2022-06-29,7.746,8.001,7.426,7.451,51870.0,,adjusted
2022-06-30,7.484,7.666,7.327,7.451,45191.0,,adjusted
2022-07-01,7.353,7.517,7.069,7.225,53520.0,,adjusted
2022-07-04,7.327,7.327,6.442,6.624,201758.0,,adjusted
2022-07-05,6.66,6.795,6.467,6.536,87977.0,,adjusted
2022-07-06,6.547,6.733,6.34,6.482,63995.0,,adjusted
2022-07-07,6.482,6.62,6.3,6.398,53795.0,,adjusted
2022-07-08,6.442,6.606,6.3,6.351,50716.0,,adjusted
2022-07-11,6.336,6.354,6.088,6.205,42402.0,,adjusted
2022-07-12,6.245,6.245,5.906,5.95,48189.0,,adjusted
2022-07-13,5.961,6.11,5.859,6.052,40965.0,,adjusted
2022-07-14,6.085,6.42,5.859,6.274,58484.0,,adjusted
2022-07-15,6.23,6.609,6.154,6.453,70575.0,,adjusted
2022-07-18,6.42,7.054,6.332,7.025,86448.0,,adjusted
2022-07-19,7.524,8.038,7.32,7.845,214199.0,,adjusted
2022-07-20,8.031,8.8,7.921,8.73,159582.0,,adjusted
2022-07-21,8.738,8.942,8.348,8.428,113431.0,,adjusted
2022-07-22,8.563,8.84,8.373,8.548,69918.0,,adjusted
2022-07-25,8.555,9.2,8.337,8.665,104739.0,,adjusted
2022-07-26,8.701,8.829,8.304,8.508,86431.0,,adjusted
2022-07-27,8.504,9.022,8.504,9.007,74872.0,,adjusted
2022-07-28,9.007,9.685,8.942,9.131,78934.0,,adjusted
2022-07-29,9.248,9.277,8.96,9.102,52697.0,,adjusted
2022-08-01,9.084,9.569,8.938,9.485,68547.0,,adjusted
2022-08-02,9.303,10.265,9.102,10.05,96216.0,,adjusted
2022-08-03,9.948,10.352,9.394,9.663,91642.0,,adjusted
2022-08-04,9.722,9.791,9.215,9.303,74679.0,,adjusted
2022-08-05,9.292,9.846,9.273,9.747,61383.0,,adjusted
2022-08-08,9.747,9.962,9.354,9.769,52153.0,,adjusted
2022-08-09,9.784,9.849,9.467,9.773,31292.0,,adjusted
2022-08-10,9.631,10.301,9.467,10.232,61484.0,,adjusted
2022-08-11,10.706,11.26,10.374,10.501,125722.0,,adjusted
2022-08-12,10.542,10.884,10.013,10.075,63873.0,,adjusted
2022-08-15,10.082,11.136,9.889,10.928,91677.0,,adjusted
2022-08-16,10.87,10.993,10.184,10.436,82012.0,,adjusted
2022-08-17,10.436,10.651,10.272,10.432,37216.0,,adjusted
2022-08-18,10.235,10.665,10.195,10.432,53890.0,,adjusted
2022-08-19,10.454,10.695,9.532,9.612,104856.0,,adjusted
2022-08-22,9.663,10.155,9.521,9.853,61283.0,,adjusted
2022-08-23,9.878,10.075,9.667,9.886,39550.0,,adjusted
2022-08-24,9.889,9.9,9.182,9.328,52306.0,,adjusted
2022-08-25,9.328,10.042,9.251,9.631,98393.0,,adjusted
2022-08-26,9.631,9.769,9.277,9.357,44663.0,,adjusted
2022-08-29,9.179,9.467,9.0,9.091,57076.0,,adjusted
2022-08-30,9.128,9.558,8.964,9.321,52505.0,,adjusted
2022-08-31,9.321,9.419,8.577,8.636,53566.0,,adjusted
2022-09-01,8.647,8.84,8.421,8.617,46771.0,,adjusted
2022-09-02,8.719,9.186,8.566,8.821,40631.0,,adjusted
2022-09-05,9.047,9.124,8.628,8.862,40570.0,,adjusted
2022-09-06,8.989,9.313,8.719,9.233,45828.0,,adjusted
2022-09-07,9.175,9.426,9.022,9.168,52463.0,,adjusted
2022-09-08,9.175,9.248,8.668,8.76,47490.0,,adjusted
2022-09-09,8.847,8.862,8.519,8.632,24376.0,,adjusted
2022-09-13,8.738,9.066,8.657,8.811,27346.0,,adjusted
2022-09-14,8.639,8.811,8.337,8.41,43434.0,,adjusted
2022-09-15,8.453,8.453,7.681,7.867,65393.0,,adjusted
2022-09-16,7.867,8.118,7.67,7.772,47477.0,,adjusted
2022-09-19,7.79,7.994,7.637,7.765,34210.0,,adjusted
2022-09-20,7.87,8.031,7.633,7.907,41971.0,,adjusted
2022-09-21,7.914,7.914,7.67,7.779,21922.0,,adjusted
2022-09-22,7.779,7.991,7.688,7.863,24310.0,,adjusted
2022-09-23,7.896,7.969,7.462,7.659,31103.0,,adjusted
2022-09-26,7.524,7.841,7.477,7.582,29818.0,,adjusted
2022-09-27,7.593,7.808,7.506,7.783,34915.0,,adjusted
2022-09-28,7.746,7.765,7.243,7.335,46307.0,,adjusted
2022-09-29,7.579,7.794,7.335,7.666,40999.0,,adjusted
2022-09-30,7.615,7.746,7.236,7.258,37771.0,,adjusted
2022-10-10,7.32,7.335,6.843,6.886,35074.0,,adjusted
2022-10-11,7.061,7.353,6.792,7.211,36749.0,,adjusted
2022-10-12,7.254,7.655,6.945,7.571,37413.0,,adjusted
2022-10-13,7.502,7.725,7.393,7.557,31180.0,,adjusted
2022-10-14,7.757,7.863,7.539,7.71,31102.0,,adjusted
2022-10-17,7.619,7.918,7.601,7.79,20043.0,,adjusted
2022-10-18,7.746,7.903,7.571,7.863,41648.0,,adjusted
2022-10-19,7.797,7.856,7.619,7.706,26420.0,,adjusted
2022-10-20,7.622,7.827,7.4,7.604,31404.0,,adjusted
2022-10-21,7.615,7.768,7.426,7.714,33199.0,,adjusted
2022-10-24,7.714,8.049,7.655,7.754,43427.0,,adjusted
2022-10-25,8.009,8.563,7.681,8.257,91861.0,,adjusted
2022-10-26,8.227,8.373,7.947,8.155,77518.0,,adjusted
2022-10-27,8.173,8.585,8.045,8.184,91247.0,,adjusted
2022-10-28,8.144,8.359,7.462,7.608,73634.0,,adjusted
2022-10-31,7.367,7.936,7.367,7.838,40775.0,,adjusted
2022-11-01,7.79,7.965,7.491,7.936,47411.0,,adjusted
2022-11-02,7.892,8.483,7.816,8.355,59266.0,,adjusted
2022-11-03,8.628,8.628,8.257,8.428,42954.0,,adjusted
2022-11-04,8.366,8.515,8.242,8.41,46405.0,,adjusted
2022-11-07,8.464,8.541,8.253,8.344,40781.0,,adjusted
2022-11-08,8.26,8.355,8.082,8.227,25467.0,,adjusted
2022-11-09,8.227,8.26,7.797,7.874,46084.0,,adjusted
2022-11-10,7.71,7.94,7.59,7.63,39845.0,,adjusted
2022-11-11,7.827,8.009,7.557,7.597,43664.0,,adjusted
2022-11-14,7.619,7.79,7.243,7.353,57899.0,,adjusted
2022-11-15,7.426,7.728,7.327,7.681,39059.0,,adjusted
2022-11-16,7.735,7.929,7.699,7.79,49832.0,,adjusted
2022-11-17,7.816,7.863,7.51,7.801,36286.0,,adjusted
2022-11-18,7.819,8.001,7.626,7.641,37674.0,,adjusted
2022-11-21,7.593,7.648,7.309,7.488,62197.0,,adjusted
2022-11-22,7.546,7.601,7.229,7.291,48489.0,,adjusted
2022-11-23,7.338,7.338,6.959,7.167,43011.0,,adjusted
2022-11-24,7.167,7.309,7.065,7.109,25111.0,,adjusted
2022-11-25,7.072,7.134,6.919,6.937,31146.0,,adjusted
2022-11-28,6.795,6.952,6.69,6.792,40584.0,,adjusted
2022-11-29,6.821,6.977,6.733,6.934,27446.0,,adjusted
2022-11-30,6.886,7.079,6.806,6.937,35753.0,,adjusted
2022-12-01,7.007,7.353,6.999,7.171,45416.0,,adjusted
2022-12-02,7.171,7.342,7.109,7.109,24967.0,,adjusted
2022-12-05,7.116,7.342,7.098,7.222,30070.0,,adjusted
2022-12-06,7.138,7.243,7.043,7.156,24957.0,,adjusted
2022-12-07,7.105,7.134,6.952,7.018,33863.0,,adjusted
2022-12-08,6.981,7.007,6.657,6.733,48475.0,,adjusted
2022-12-09,6.733,6.883,6.69,6.773,31648.0,,adjusted
2022-12-12,6.799,7.182,6.759,7.032,44359.0,,adjusted
2022-12-13,7.061,7.262,6.813,6.854,27972.0,,adjusted
2022-12-14,6.952,7.109,6.824,6.908,24608.0,,adjusted
2022-12-15,6.908,7.101,6.77,7.079,29036.0,,adjusted
2022-12-16,7.025,7.094,6.784,6.828,22963.0,,adjusted
2022-12-19,6.861,6.934,6.642,6.686,26176.0,,adjusted
2022-12-20,6.682,6.956,6.617,6.857,27035.0,,adjusted
2022-12-21,6.81,6.945,6.555,6.741,27047.0,,adjusted
2022-12-22,6.781,6.781,6.387,6.442,28125.0,,adjusted
2022-12-23,6.351,6.507,6.289,6.449,25243.0,,adjusted
2022-12-26,6.442,6.679,6.398,6.62,24792.0,,adjusted
2022-12-27,6.58,6.912,6.58,6.89,30018.0,,adjusted
2022-12-28,6.839,6.912,6.635,6.697,30418.0,,adjusted
2022-12-29,6.682,6.941,6.58,6.861,28702.0,,adjusted
2022-12-30,6.861,6.934,6.799,6.824,16471.0,,adjusted
2023-01-03,6.821,7.152,6.748,7.112,33821.0,,adjusted
2023-01-04,7.152,7.375,7.072,7.356,53556.0,,adjusted
2023-01-05,7.349,7.477,7.258,7.353,32076.0,,adjusted
2023-01-06,7.28,7.571,7.182,7.229,51857.0,,adjusted
2023-01-09,7.243,7.342,7.134,7.16,33224.0,,adjusted
2023-01-10,7.16,7.346,7.09,7.149,15535.0,,adjusted
2023-01-11,7.16,7.229,7.065,7.094,19510.0,,adjusted
2023-01-12,7.109,7.2,6.999,7.131,16695.0,,adjusted
2023-01-13,7.131,7.203,6.97,7.039,16194.0,,adjusted
2023-01-16,7.083,7.305,6.981,7.243,28016.0,,adjusted
2023-01-17,7.335,7.386,7.178,7.2,25160.0,,adjusted
2023-01-18,7.24,7.437,7.149,7.36,31432.0,,adjusted
2023-01-19,7.364,7.491,7.313,7.458,19224.0,,adjusted
2023-01-20,7.499,7.604,7.429,7.513,33475.0,,adjusted
2023-01-30,7.619,7.714,7.48,7.564,31609.0,,adjusted
2023-01-31,7.615,8.074,7.615,7.943,76609.0,,adjusted
2023-02-01,7.899,8.078,7.797,7.965,52362.0,,adjusted
2023-02-02,7.983,8.621,7.972,8.297,73555.0,,adjusted
2023-02-03,8.519,9.233,8.351,9.168,166329.0,,adjusted
2023-02-06,9.612,9.977,9.139,9.386,228473.0,,adjusted
2023-02-07,9.339,10.56,9.332,10.046,301061.0,,adjusted
2023-02-08,10.075,10.706,9.434,9.51,215139.0,,adjusted
2023-02-09,9.671,11.391,9.485,10.778,356660.0,,adjusted
2023-02-10,11.216,12.163,10.775,11.799,405802.0,,adjusted
2023-02-13,11.471,13.187,11.139,12.878,352850.0,,adjusted
2023-02-14,12.346,12.52,11.828,12.018,253250.0,,adjusted
2023-02-15,12.018,13.246,11.948,12.484,324906.0,,adjusted
2023-02-16,12.324,12.845,11.7,11.803,251763.0,,adjusted
2023-02-17,11.803,12.265,11.354,11.413,160692.0,,adjusted
2023-02-20,11.609,12.09,11.234,11.923,205840.0,,adjusted
2023-02-21,11.69,12.484,11.657,11.967,164517.0,,adjusted
2023-02-22,11.748,11.945,11.467,11.598,161704.0,,adjusted
2023-02-23,11.73,11.977,11.416,11.587,116862.0,,adjusted
2023-02-24,12.163,13.395,11.945,12.786,238469.0,,adjusted
2023-02-27,12.79,12.889,12.105,12.236,145564.0,,adjusted
2023-02-28,12.531,12.783,11.941,12.236,143427.0,,adjusted
2023-03-01,12.167,13.144,12.018,12.67,180767.0,,adjusted
2023-03-02,12.626,14.346,12.586,13.621,222855.0,,adjusted
2023-03-03,13.195,13.195,12.2,12.371,226040.0,,adjusted
2023-03-06,12.127,12.677,12.021,12.178,163599.0,,adjusted
2023-03-07,12.047,12.218,11.58,11.617,151511.0,,adjusted
2023-03-08,11.62,12.083,11.609,11.872,92648.0,,adjusted
2023-03-09,11.926,12.112,11.442,11.923,109152.0,,adjusted
2023-03-10,11.915,12.229,11.69,11.719,96062.0,,adjusted
2023-03-13,11.551,12.342,11.551,12.233,117422.0,,adjusted
2023-03-14,12.218,12.218,11.635,11.668,78655.0,,adjusted
2023-03-15,11.843,11.941,10.906,10.964,191656.0,,adjusted
2023-03-16,10.855,11.321,10.742,10.826,105314.0,,adjusted
2023-03-17,10.983,13.41,10.979,12.943,299294.0,,adjusted
2023-03-20,12.892,14.077,12.892,13.639,257683.0,,adjusted
2023-03-21,13.588,14.415,12.921,14.168,177128.0,,adjusted
2023-03-22,14.004,15.942,13.621,15.596,249481.0,,adjusted
2023-03-23,15.622,16.719,15.265,16.117,223676.0,,adjusted
2023-03-24,15.665,15.946,15.079,15.775,173444.0,,adjusted
2023-03-27,15.771,16.238,14.722,15.501,242530.0,,adjusted
2023-03-28,14.944,15.429,14.539,14.656,154782.0,,adjusted
2023-03-29,14.714,15.797,14.55,15.378,186570.0,,adjusted
2023-03-30,14.977,15.636,14.561,15.192,121773.0,,adjusted
2023-03-31,15.086,16.595,14.62,16.434,152084.0,,adjusted
2023-04-03,16.7,20.181,16.136,19.645,276023.0,,adjusted
2023-04-04,19.408,20.392,18.96,19.922,176739.0,,adjusted
2023-04-06,19.109,23.734,19.091,21.93,191978.0,,adjusted
2023-04-07,21.93,22.251,20.301,22.185,176355.0,,adjusted
2023-04-10,21.456,22.145,19.488,20.075,244610.0,,adjusted
2023-04-11,20.181,20.797,19.255,19.958,204171.0,,adjusted
2023-04-12,19.452,20.706,18.745,20.359,178458.0,,adjusted
2023-04-13,19.897,20.137,18.348,18.639,202865.0,,adjusted
2023-04-14,18.683,19.087,18.14,18.778,167619.0,,adjusted
2023-04-17,18.472,18.774,17.615,18.191,156917.0,,adjusted
2023-04-18,18.286,22.112,18.286,21.376,302806.0,,adjusted
2023-04-19,21.405,22.185,20.91,21.048,219924.0,,adjusted
2023-04-20,21.493,23.654,21.493,23.636,212398.0,,adjusted
2023-04-21,22.404,22.615,20.764,20.91,249765.0,,adjusted
2023-04-24,20.917,22.305,20.421,21.442,200657.0,,adjusted
2023-04-25,20.972,21.409,19.554,20.006,171469.0,,adjusted
2023-04-26,20.009,20.993,18.942,19.78,168098.0,,adjusted
2023-04-27,18.872,20.206,18.133,18.563,167205.0,,adjusted
2023-04-28,18.18,20.181,18.067,19.769,147304.0,,adjusted
2023-05-04,19.237,19.452,17.094,17.284,193964.0,,adjusted
2023-05-05,17.52,17.958,16.464,16.682,186146.0,,adjusted
2023-05-08,16.69,17.462,16.212,16.609,171439.0,,adjusted
2023-05-09,16.489,18.453,16.489,16.948,193056.0,,adjusted
2023-05-10,17.273,17.98,15.99,16.314,127125.0,,adjusted
2023-05-11,16.008,16.606,15.808,16.179,98113.0,,adjusted
2023-05-12,16.026,17.338,15.899,16.755,161834.0,,adjusted
2023-05-15,17.127,17.247,15.844,16.835,157235.0,,adjusted
2023-05-16,16.821,16.956,15.928,16.3,126759.0,,adjusted
2023-05-17,16.172,17.404,16.117,17.222,146755.0,,adjusted
2023-05-18,18.905,21.066,17.779,20.56,315167.0,,adjusted
2023-05-19,19.634,20.166,18.271,18.504,212793.0,,adjusted
2023-05-22,18.198,18.501,16.974,17.171,128036.0,,adjusted
2023-05-23,17.313,18.206,17.302,17.502,153594.0,,adjusted
2023-05-24,17.116,19.372,17.003,18.934,194705.0,,adjusted
2023-05-25,20.727,23.206,20.727,23.206,373802.0,,adjusted
2023-05-26,23.005,23.348,21.784,22.648,277333.0,,adjusted
2023-05-29,23.825,26.741,23.337,25.101,364291.0,,adjusted
2023-05-30,25.206,27.058,23.898,26.34,343595.0,,adjusted
2023-05-31,25.604,25.829,24.518,25.319,230038.0,,adjusted
2023-06-01,24.288,25.64,24.12,25.05,161692.0,,adjusted
2023-06-02,25.647,25.931,23.887,24.124,150552.0,,adjusted
2023-06-05,23.464,25.163,23.464,24.408,143695.0,,adjusted
2023-06-06,24.875,27.579,24.554,25.738,235798.0,,adjusted
2023-06-07,25.563,26.941,24.831,25.993,190010.0,,adjusted
2023-06-08,25.665,25.829,24.19,24.59,156291.0,,adjusted
2023-06-09,24.339,26.77,23.938,26.267,172538.0,,adjusted
2023-06-12,26.285,29.211,25.851,29.186,213758.0,,adjusted
2023-06-13,28.785,31.988,28.202,30.859,168508.0,,adjusted
2023-06-14,30.968,37.127,30.931,36.358,202059.0,,adjusted
2023-06-15,36.034,37.039,34.43,34.722,214951.0,,adjusted
2023-06-16,34.948,38.216,33.876,36.872,216444.0,,adjusted
2023-06-19,37.13,43.537,35.669,41.773,214554.0,,adjusted
2023-06-20,40.09,41.864,38.377,41.117,183158.0,,adjusted
2023-06-21,40.407,40.498,36.052,37.017,226187.0,,adjusted
2023-06-26,35.669,37.014,34.211,34.933,186053.0,,adjusted
2023-06-27,34.609,35.166,33.311,34.328,130809.0,,adjusted
2023-06-28,32.754,34.029,31.187,33.311,168171.0,,adjusted
2023-06-29,32.848,36.03,32.036,35.144,239376.0,,adjusted
2023-06-30,33.847,39.153,33.479,36.7,213846.0,,adjusted
2023-07-03,36.369,36.376,32.652,35.891,161674.0,,adjusted
2023-07-04,34.944,36.781,34.576,35.436,125640.0,,adjusted
2023-07-05,34.612,35.851,33.614,33.84,125127.0,,adjusted
2023-07-06,33.031,35.603,33.031,34.23,106260.0,,adjusted
2023-07-07,33.687,35.159,32.134,33.402,153322.0,,adjusted
2023-07-10,33.483,33.865,32.48,33.435,96119.0,,adjusted
2023-07-11,33.606,34.576,32.313,34.321,105393.0,,adjusted
2023-07-12,33.483,33.956,30.079,30.316,206219.0,,adjusted
2023-07-13,30.316,33.001,29.827,32.28,227282.0,,adjusted
2023-07-14,33.486,35.742,32.426,34.94,221287.0,,adjusted
2023-07-17,35.498,38.541,35.498,37.163,221015.0,,adjusted
2023-07-18,37.491,38.628,36.172,37.163,180157.0,,adjusted
2023-07-19,38.417,38.985,36.511,36.653,140864.0,,adjusted
2023-07-20,36.839,37.05,31.806,31.952,244722.0,,adjusted
2023-07-21,31.631,31.948,30.195,31.03,170057.0,,adjusted
2023-07-24,31.092,33.362,30.676,32.028,188566.0,,adjusted
2023-07-25,32.703,34.499,30.571,32.936,169659.0,,adjusted
2023-07-26,32.958,33.606,30.931,32.047,145197.0,,adjusted
2023-07-27,31.912,32.681,31.154,31.391,118717.0,,adjusted
2023-07-28,31.409,32.943,30.76,31.562,138153.0,,adjusted
2023-07-31,30.421,32.233,30.159,30.345,169676.0,,adjusted
2023-08-01,30.356,33.803,29.948,33.37,250569.0,,adjusted
2023-08-02,33.118,34.029,32.36,33.603,145559.0,,adjusted
2023-08-03,31.861,34.029,31.518,32.225,160382.0,,adjusted
2023-08-04,32.473,37.407,31.977,36.835,262684.0,,adjusted
2023-08-07,37.13,38.738,36.474,37.025,221097.0,,adjusted
2023-08-08,37.207,38.402,35.862,36.034,148634.0,,adjusted
2023-08-09,35.232,36.321,31.952,32.214,215479.0,,adjusted
2023-08-10,31.7,32.67,30.931,32.098,121667.0,,adjusted
2023-08-11,32.794,33.3,31.97,32.229,122560.0,,adjusted
2023-08-14,31.66,33.985,31.66,33.887,160903.0,,adjusted
2023-08-15,35.425,36.391,33.574,34.058,191406.0,,adjusted
2023-08-16,33.016,33.483,30.946,32.028,203193.0,,adjusted
2023-08-17,31.482,32.681,30.523,31.587,161415.0,,adjusted
2023-08-18,31.551,31.551,28.02,28.326,254247.0,,adjusted
2023-08-21,28.421,29.346,28.016,28.599,152088.0,,adjusted
2023-08-22,29.667,31.336,28.964,31.179,196065.0,,adjusted
2023-08-23,30.578,30.578,29.109,29.332,128830.0,,adjusted
2023-08-24,30.931,31.843,29.722,30.312,222444.0,,adjusted
2023-08-25,28.796,29.714,26.905,27.123,221171.0,,adjusted
2023-08-28,29.423,29.423,27.156,27.87,185857.0,,adjusted
2023-08-29,27.83,30.13,27.185,28.767,225405.0,,adjusted
2023-08-30,28.774,29.802,28.235,28.738,173121.0,,adjusted
2023-08-31,28.716,29.113,28.016,28.548,128180.0,,adjusted
2023-09-01,28.308,28.541,26.85,27.284,131458.0,,adjusted
2023-09-04,27.287,27.622,26.992,27.561,95901.0,,adjusted
2023-09-05,27.488,27.502,26.11,26.405,173793.0,,adjusted
2023-09-06,26.413,26.992,25.76,26.722,123135.0,,adjusted
2023-09-07,26.558,26.558,25.491,25.538,114165.0,,adjusted
2023-09-08,25.276,25.534,24.448,25.101,113010.0,,adjusted
2023-09-11,25.465,27.834,24.791,26.926,215764.0,,adjusted
2023-09-12,26.485,27.579,26.318,26.886,168605.0,,adjusted
2023-09-13,26.631,26.868,25.706,25.997,105244.0,,adjusted
2023-09-14,26.198,26.628,25.101,25.192,97273.0,,adjusted
2023-09-15,25.33,25.418,23.967,24.35,144383.0,,adjusted
2023-09-18,24.015,24.638,23.37,23.472,131273.0,,adjusted
2023-09-19,23.647,25.348,23.286,24.466,186495.0,,adjusted
2023-09-20,24.346,25.829,24.186,24.208,165793.0,,adjusted
2023-09-21,24.106,25.72,23.909,24.609,153492.0,,adjusted
2023-09-22,24.773,29.977,24.773,29.977,346604.0,,adjusted
2023-09-25,30.319,31.183,29.878,30.228,303743.0,,adjusted
2023-09-26,30.629,31.966,30.046,30.421,230955.0,,adjusted
2023-09-27,29.842,32.426,29.842,31.62,234843.0,,adjusted
2023-09-28,32.407,33.118,31.157,32.389,224160.0,,adjusted
2023-10-09,30.931,31.296,29.109,30.52,236654.0,,adjusted
2023-10-10,30.567,30.687,29.754,29.911,150282.0,,adjusted
2023-10-11,29.583,30.629,29.292,29.729,169452.0,,adjusted
2023-10-12,30.203,30.203,28.373,28.515,175833.0,,adjusted
2023-10-13,28.512,28.883,27.491,27.739,143398.0,,adjusted
2023-10-16,27.655,28.687,27.243,28.22,195919.0,,adjusted
2023-10-17,28.37,30.308,27.28,29.066,255010.0,,adjusted
2023-10-18,27.287,29.474,26.278,29.419,283175.0,,adjusted
2023-10-19,29.109,29.262,26.631,27.725,240041.0,,adjusted
2023-10-20,28.734,29.583,27.754,27.98,288406.0,,adjusted
2023-10-23,27.652,29.346,27.036,29.346,257244.0,,adjusted
2023-10-24,30.297,32.309,29.547,29.547,343466.0,,adjusted
2023-10-25,28.016,28.851,26.489,26.668,338354.0,,adjusted
2023-10-26,25.647,26.777,24.747,25.993,238867.0,,adjusted
2023-10-27,25.571,25.8,24.623,24.791,199677.0,,adjusted
2023-10-30,24.977,25.221,24.354,24.627,173158.0,,adjusted
2023-10-31,24.518,24.718,23.424,23.719,157929.0,,adjusted
2023-11-01,23.464,24.113,22.765,22.768,152038.0,,adjusted
2023-11-02,23.155,23.872,22.772,22.921,158933.0,,adjusted
2023-11-03,22.921,24.106,22.819,23.752,211137.0,,adjusted
2023-11-06,24.273,24.55,23.883,24.445,169817.0,,adjusted
2023-11-07,24.149,28.089,23.789,26.453,330395.0,,adjusted
2023-11-08,25.454,25.968,25.137,25.542,205218.0,,adjusted
2023-11-09,26.376,27.761,25.786,26.442,243932.0,,adjusted
2023-11-10,26.048,27.477,26.012,26.27,172289.0,,adjusted
2023-11-13,27.287,28.657,27.287,27.528,245214.0,,adjusted
2023-11-14,27.542,28.191,27.145,27.633,176629.0,,adjusted
2023-11-15,28.821,29.062,26.522,27.24,172596.0,,adjusted
2023-11-16,26.741,27.36,26.409,26.409,120740.0,,adjusted
2023-11-17,26.449,28.173,26.106,27.622,173526.0,,adjusted
2023-11-20,26.923,27.582,26.456,27.196,137162.0,,adjusted
2023-11-21,27.375,28.111,26.846,27.025,128066.0,,adjusted
2023-11-22,26.376,26.467,25.614,25.614,164607.0,,adjusted
2023-11-23,25.68,25.957,25.341,25.826,75246.0,,adjusted
2023-11-24,25.815,25.815,24.733,24.791,86197.0,,adjusted
2023-11-27,24.791,25.596,24.638,25.25,107254.0,,adjusted
2023-11-28,25.009,25.297,24.397,24.605,81369.0,,adjusted
2023-11-29,24.554,24.838,24.248,24.372,66039.0,,adjusted
2023-11-30,24.408,24.612,24.029,24.481,86981.0,,adjusted
2023-12-01,24.477,25.99,24.033,25.713,191911.0,,adjusted
2023-12-04,25.939,27.83,25.829,26.813,226992.0,,adjusted
2023-12-05,27.163,28.964,27.134,27.794,278504.0,,adjusted
2023-12-06,27.652,28.242,27.181,27.95,149576.0,,adjusted
2023-12-07,28.319,28.84,27.867,28.122,169385.0,,adjusted
2023-12-08,28.362,34.193,28.351,33.537,372411.0,,adjusted
2023-12-11,33.118,36.023,32.757,35.742,268612.0,,adjusted
2023-12-12,35.305,36.11,33.475,35.013,260763.0,,adjusted
2023-12-13,35.305,35.607,34.175,34.335,153261.0,,adjusted
2023-12-14,34.798,35.203,33.41,33.836,148239.0,,adjusted
2023-12-15,33.781,34.641,32.568,33.063,129349.0,,adjusted
2023-12-18,33.082,33.647,32.794,32.972,115957.0,,adjusted
2023-12-19,33.071,33.384,32.247,32.845,100370.0,,adjusted
2023-12-20,32.754,32.765,30.749,30.866,140736.0,,adjusted
2023-12-21,30.95,32.878,30.483,31.952,154612.0,,adjusted
2023-12-22,31.915,32.936,31.252,31.66,150164.0,,adjusted
2023-12-25,31.988,32.134,30.203,31.66,110613.0,,adjusted
2023-12-26,31.657,31.77,30.341,30.706,66969.0,,adjusted
2023-12-27,30.942,31.128,30.228,30.421,87432.0,,adjusted
2023-12-28,30.224,31.926,30.159,31.125,116513.0,,adjusted
2023-12-29,30.749,32.571,30.68,31.121,150701.0,,adjusted
2024-01-02,30.877,31.741,30.206,30.567,83430.0,,adjusted
2024-01-03,30.232,30.604,29.39,29.897,108350.0,,adjusted
2024-01-04,29.838,30.119,29.109,29.583,79156.0,,adjusted
2024-01-05,29.547,29.692,28.206,28.472,84719.0,,adjusted
2024-01-08,28.57,29.241,27.98,28.297,92257.0,,adjusted
2024-01-09,29.292,29.762,28.563,28.923,127666.0,,adjusted
2024-01-10,28.595,29.109,27.841,28.1,85753.0,,adjusted
2024-01-11,28.089,29.784,28.052,29.113,113290.0,,adjusted
2024-01-12,28.679,28.927,27.932,27.998,85639.0,,adjusted
2024-01-15,27.67,28.763,27.331,28.308,77641.0,,adjusted
2024-01-16,28.016,28.453,27.633,28.107,66038.0,,adjusted
2024-01-17,28.577,29.762,28.45,28.625,153028.0,,adjusted
2024-01-18,27.972,32.014,27.48,31.657,222801.0,,adjusted
2024-01-19,32.116,32.345,31.041,31.15,147601.0,,adjusted
2024-01-22,33.082,33.789,31.719,32.069,215533.0,,adjusted
2024-01-23,32.389,34.576,32.222,33.483,186113.0,,adjusted
2024-01-24,33.483,33.77,31.358,32.947,164903.0,,adjusted
2024-01-25,32.71,34.521,32.473,33.84,155856.0,,adjusted
2024-01-26,33.067,33.074,31.915,32.098,114479.0,,adjusted
2024-01-29,31.631,31.66,26.755,28.625,160855.0,,adjusted
2024-01-30,28.475,29.554,28.475,28.672,103237.0,,adjusted
2024-01-31,28.198,30.203,27.59,29.062,134386.0,,adjusted
2024-02-01,28.672,35.297,28.417,33.61,234219.0,,adjusted
2024-02-02,33.668,34.572,32.473,33.847,166521.0,,adjusted
2024-02-05,33.446,39.27,33.122,35.45,220335.0,,adjusted
2024-02-06,34.211,39.496,34.095,39.496,210763.0,,adjusted
2024-02-07,38.931,39.671,37.495,38.84,203765.0,,adjusted
2024-02-08,40.009,42.418,36.799,37.418,247598.0,,adjusted
2024-02-19,39.86,45.348,38.657,45.348,250182.0,,adjusted
2024-02-20,44.16,46.238,43.534,44.652,214509.0,,adjusted
2024-02-21,43.322,43.457,41.511,42.593,222526.0,,adjusted
2024-02-22,44.208,44.78,40.862,42.834,236200.0,,adjusted
2024-02-23,43.362,44.149,41.012,41.289,222870.0,,adjusted
2024-02-26,39.678,42.262,39.313,41.132,165094.0,,adjusted
2024-02-27,40.764,47.896,40.152,46.238,279027.0,,adjusted
2024-02-28,45.695,46.453,42.969,43.213,216598.0,,adjusted
2024-02-29,43.694,47.331,43.322,47.331,252723.0,,adjusted
2024-03-01,46.966,48.785,45.76,47.652,239438.0,,adjusted
2024-03-04,47.808,51.62,46.974,49.408,203694.0,,adjusted
2024-03-05,48.789,51.711,46.915,47.185,246212.0,,adjusted
2024-03-06,46.966,47.695,45.589,47.16,160718.0,,adjusted
2024-03-07,47.353,48.785,45.946,46.3,132070.0,,adjusted
2024-03-08,47.316,50.611,46.682,49.838,190788.0,,adjusted
2024-03-11,47.294,48.41,46.092,48.351,171703.0,,adjusted
2024-03-12,48.242,49.117,45.509,46.777,172129.0,,adjusted
2024-03-13,48.424,49.445,47.331,47.732,180438.0,,adjusted
2024-03-14,46.966,52.389,46.784,51.267,230480.0,,adjusted
2024-03-15,51.267,55.64,50.429,54.623,239368.0,,adjusted
2024-03-18,55.644,58.227,54.94,56.788,196265.0,,adjusted
2024-03-19,56.442,58.093,54.233,57.007,174313.0,,adjusted
2024-03-20,56.806,60.45,54.62,56.926,194194.0,,adjusted
2024-03-21,57.072,58.585,56.077,56.336,145267.0,,adjusted
2024-03-22,56.245,58.435,56.245,56.609,144442.0,,adjusted
2024-03-25,55.822,56.886,54.437,54.838,120403.0,,adjusted
2024-03-26,54.332,58.362,51.504,53.818,234632.0,,adjusted
2024-03-27,53.504,54.313,51.157,52.797,168692.0,,adjusted
2024-03-28,53.184,54.758,51.172,53.096,189872.0,,adjusted
2024-03-29,51.821,53.158,50.979,52.896,118178.0,,adjusted
2024-04-01,53.541,57.28,52.524,57.258,167234.0,,adjusted
2024-04-02,56.478,57.659,55.367,56.471,135091.0,,adjusted
2024-04-03,55.403,55.709,53.162,53.745,112275.0,,adjusted
2024-04-08,52.626,56.806,52.437,56.026,150555.0,,adjusted
2024-04-09,55.596,56.095,53.442,54.656,105272.0,,adjusted
2024-04-10,53.18,54.437,51.343,51.351,119967.0,,adjusted
2024-04-11,52.021,53.891,52.021,52.622,111497.0,,adjusted
2024-04-12,54.2,61.176,53.894,58.923,209963.0,,adjusted
2024-04-15,58.861,59.23,56.806,58.067,134226.0,,adjusted
2024-04-16,57.353,60.997,56.602,58.457,162074.0,,adjusted
2024-04-17,58.493,60.487,57.032,60.345,168716.0,,adjusted
2024-04-18,58.592,60.239,57.407,59.106,133641.0,,adjusted
2024-04-19,58.81,59.685,54.63,56.992,164491.0,,adjusted
2024-04-22,50.975,54.98,50.432,54.182,167560.0,,adjusted
2024-04-23,55.49,56.059,53.756,55.538,123795.0,,adjusted
2024-04-24,52.433,54.273,49.12,53.198,330749.0,,adjusted
2024-04-25,51.332,52.797,50.41,51.23,209240.0,,adjusted
2024-04-26,53.162,56.212,52.433,54.856,292455.0,,adjusted
2024-04-29,56.296,58.402,56.296,57.178,196440.0,,adjusted
2024-04-30,56.806,58.136,56.536,56.569,120591.0,,adjusted
2024-05-06,57.597,57.867,53.643,53.719,192873.0,,adjusted
2024-05-07,54.558,55.199,50.567,50.793,234022.0,,adjusted
2024-05-08,50.614,52.123,50.141,50.975,162378.0,,adjusted
2024-05-09,50.454,50.454,48.424,49.521,162213.0,,adjusted
2024-05-10,49.149,49.415,47.509,48.905,139589.0,,adjusted
2024-05-13,48.708,49.587,46.227,46.97,210368.0,,adjusted
2024-05-14,47.688,48.18,46.168,46.857,141658.0,,adjusted
2024-05-15,46.784,48.763,46.238,47.109,121291.0,,adjusted
2024-05-16,48.464,48.902,47.007,47.324,179473.0,,adjusted
2024-05-17,46.241,50.429,45.37,49.7,259740.0,,adjusted
2024-05-20,48.453,50.902,48.144,50.469,212493.0,,adjusted
2024-05-21,50.06,50.87,49.08,49.525,106470.0,,adjusted
2024-05-22,49.335,49.514,47.367,47.55,129165.0,,adjusted
2024-05-23,48.679,48.971,46.055,47.243,132267.0,,adjusted
2024-05-24,47.167,49.146,45.341,45.439,183198.0,,adjusted
2024-05-27,45.563,46.894,44.78,45.439,126659.0,,adjusted
2024-05-28,44.831,45.48,43.829,44.233,160983.0,,adjusted
2024-05-29,44.78,45.316,43.792,44.164,115219.0,,adjusted
2024-05-30,44.051,44.867,43.587,43.719,111178.0,,adjusted
2024-05-31,43.097,45.189,42.929,43.316,148319.0,,adjusted
2024-06-03,43.393,46.286,43.393,44.602,299962.0,,adjusted
2024-06-04,44.551,45.174,44.061,44.658,181905.0,,adjusted
2024-06-05,44.464,45.122,43.786,43.954,120771.0,,adjusted
2024-06-06,44.816,47.357,44.5,44.689,313479.0,,adjusted
2024-06-07,44.255,44.561,42.168,42.429,236870.0,,adjusted
2024-06-11,42.418,43.694,42.418,43.393,148767.0,,adjusted
2024-06-12,43.117,43.934,42.699,42.964,119982.0,,adjusted
2024-06-13,43.439,44.867,42.714,43.842,203614.0,,adjusted
2024-06-14,43.964,49.719,43.592,48.133,471357.0,,adjusted
2024-06-17,48.321,49.087,47.0,47.561,268779.0,,adjusted
2024-06-18,47.571,50.939,47.362,48.816,274634.0,,adjusted
2024-06-19,49.704,51.622,48.821,50.077,292851.0,,adjusted
2024-06-20,49.663,51.699,49.311,50.464,232473.0,,adjusted
2024-06-21,48.959,50.316,48.138,49.306,190230.0,,adjusted
2024-06-24,48.643,49.5,46.73,47.041,194763.0,,adjusted
2024-06-25,45.071,45.571,43.087,43.566,254429.0,,adjusted
2024-06-26,44.582,44.985,42.52,43.628,212238.0,,adjusted
2024-06-27,42.801,43.02,40.929,41.092,220021.0,,adjusted
2024-06-28,41.056,44.52,41.041,43.245,258026.0,,adjusted
2024-07-01,43.48,47.969,43.102,47.02,277225.0,,adjusted
2024-07-02,46.5,47.153,45.872,46.276,181094.0,,adjusted
2024-07-03,45.888,45.888,43.291,43.75,205876.0,,adjusted
2024-07-04,44.296,44.638,42.577,42.694,174839.0,,adjusted
2024-07-05,42.964,43.225,41.714,42.628,159717.0,,adjusted
2024-07-08,42.648,44.679,42.449,44.092,211055.0,,adjusted
2024-07-09,43.541,46.52,42.679,46.031,260432.0,,adjusted
2024-07-10,46.102,49.663,45.888,49.153,314263.0,,adjusted
2024-07-11,49.153,49.612,46.857,48.852,251666.0,,adjusted
2024-07-12,47.612,47.612,46.321,46.597,182953.0,,adjusted
2024-07-15,46.087,46.087,44.837,45.735,153018.0,,adjusted
2024-07-16,45.837,46.184,44.561,45.801,170897.0,,adjusted
2024-07-17,45.122,45.684,43.378,43.418,175278.0,,adjusted
2024-07-18,43.541,47.189,43.286,47.184,352732.0,,adjusted
2024-07-19,46.602,47.184,44.602,44.668,241504.0,,adjusted
2024-07-22,44.102,46.194,44.056,45.418,157386.0,,adjusted
2024-07-23,46.388,46.597,44.811,44.857,180650.0,,adjusted
2024-07-24,44.066,47.408,44.066,45.929,206083.0,,adjusted
2024-07-25,44.832,44.969,42.429,42.561,200574.0,,adjusted
2024-07-26,42.622,45.27,42.418,44.638,181152.0,,adjusted
2024-07-29,45.577,47.949,44.653,47.061,261655.0,,adjusted
2024-07-30,46.541,48.454,45.622,47.5,248112.0,,adjusted
2024-07-31,47.311,49.719,46.663,49.168,261495.0,,adjusted
2024-08-01,51.5,51.964,49.255,49.439,255174.0,,adjusted
2024-08-02,47.52,47.52,44.296,44.561,317952.0,,adjusted
2024-08-05,42.01,43.367,40.903,41.015,268728.0,,adjusted
2024-08-06,42.75,43.122,41.383,41.975,176767.0,,adjusted
2024-08-07,41.5,42.403,41.0,41.143,146994.0,,adjusted
2024-08-08,39.969,40.602,39.362,40.046,138949.0,,adjusted
2024-08-09,40.99,42.102,40.842,40.847,154820.0,,adjusted
2024-08-12,40.475,41.561,40.475,40.842,92517.0,,adjusted
2024-08-13,41.398,42.061,40.811,41.408,107266.0,,adjusted
2024-08-14,42.265,42.367,40.648,40.658,107136.0,,adjusted
2024-08-15,40.735,41.857,40.48,41.444,124109.0,,adjusted
2024-08-16,41.837,44.964,41.837,44.153,235773.0,,adjusted
2024-08-19,44.051,44.561,43.225,43.694,132214.0,,adjusted
2024-08-20,44.357,44.5,42.342,42.546,124484.0,,adjusted
2024-08-21,42.541,43.48,42.128,42.612,104951.0,,adjusted
2024-08-22,42.51,42.776,41.566,41.811,100007.0,,adjusted
2024-08-23,41.5,41.725,39.403,40.194,170417.0,,adjusted
2024-08-26,40.735,40.939,37.867,38.429,179822.0,,adjusted
2024-08-27,37.939,38.684,37.204,38.102,120436.0,,adjusted
2024-08-28,37.959,39.102,37.444,37.699,109054.0,,adjusted
2024-08-29,36.704,36.704,34.612,36.087,230836.0,,adjusted
2024-08-30,35.531,37.913,35.531,37.311,191730.0,,adjusted
2024-09-02,37.265,37.265,35.056,35.082,164490.0,,adjusted
2024-09-03,35.342,35.663,34.735,35.48,101801.0,,adjusted
2024-09-04,33.245,35.327,33.158,35.051,167572.0,,adjusted
2024-09-05,34.857,35.663,34.612,34.77,105238.0,,adjusted
2024-09-06,34.663,35.311,34.219,34.23,81075.0,,adjusted
2024-09-09,33.883,35.934,33.847,35.837,174997.0,,adjusted
2024-09-10,35.73,37.311,35.286,36.495,221553.0,,adjusted
2024-09-11,36.398,36.969,35.74,36.112,127878.0,,adjusted
2024-09-12,36.908,37.194,35.561,35.699,127783.0,,adjusted
2024-09-13,35.699,38.684,35.699,37.321,280043.0,,adjusted
2024-09-18,36.857,37.398,36.347,36.745,108274.0,,adjusted
2024-09-19,36.837,36.959,35.122,35.633,137440.0,,adjusted
2024-09-20,35.893,36.005,35.143,35.582,97062.0,,adjusted
2024-09-23,35.408,36.908,35.117,35.821,106493.0,,adjusted
2024-09-24,35.939,39.122,35.939,39.056,238657.0,,adjusted
2024-09-25,39.714,39.893,38.25,38.26,208397.0,,adjusted
2024-09-26,38.434,39.714,37.98,39.714,173182.0,,adjusted
2024-09-27,39.725,43.332,38.959,42.051,286298.0,,adjusted
2024-09-30,43.439,49.408,42.112,49.408,366196.0,,adjusted
2024-10-08,59.357,59.663,51.816,59.663,410742.0,,adjusted
2024-10-09,56.612,59.888,53.694,54.204,326386.0,,adjusted
2024-10-10,55.26,55.832,51.296,52.286,224096.0,,adjusted
2024-10-11,51.296,53.133,48.643,49.638,217860.0,,adjusted
2024-10-14,49.204,50.571,47.883,50.337,198173.0,,adjusted
2024-10-15,50.327,51.888,48.796,49.051,182778.0,,adjusted
2024-10-16,47.112,48.163,46.653,47.51,156668.0,,adjusted
2024-10-17,47.872,48.776,47.378,47.444,143539.0,,adjusted
2024-10-18,47.582,54.143,47.388,51.725,321559.0,,adjusted
2024-10-21,52.469,58.847,51.015,56.291,426621.0,,adjusted
2024-10-22,58.082,62.061,56.291,61.296,402036.0,,adjusted
2024-10-23,56.551,62.112,54.51,58.684,400472.0,,adjusted
2024-10-24,58.388,69.714,57.674,64.464,407609.0,,adjusted
2024-10-25,64.714,68.444,64.475,66.194,332093.0,,adjusted
2024-10-28,65.531,70.98,64.714,67.475,321783.0,,adjusted
2024-10-29,65.735,68.684,64.459,66.765,262434.0,,adjusted
2024-10-30,65.48,70.276,64.306,65.469,242871.0,,adjusted
2024-10-31,63.49,65.684,63.122,63.847,205210.0,,adjusted
2024-11-01,62.699,63.52,60.571,62.01,179995.0,,adjusted
2024-11-04,62.418,66.112,62.418,64.117,147997.0,,adjusted
2024-11-05,63.321,67.765,63.321,66.719,187932.0,,adjusted
2024-11-06,66.245,67.679,64.867,65.995,164653.0,,adjusted
2024-11-07,64.985,70.781,64.765,68.107,179170.0,,adjusted
2024-11-08,68.133,74.857,68.056,68.643,233062.0,,adjusted
2024-11-11,67.776,68.184,64.265,64.679,258515.0,,adjusted
2024-11-12,64.582,65.842,63.046,63.949,183620.0,,adjusted
2024-11-13,63.913,67.265,62.781,66.561,220807.0,,adjusted
2024-11-14,65.74,66.485,62.163,62.418,165763.0,,adjusted
2024-11-15,63.184,63.786,57.316,57.347,228048.0,,adjusted
2024-11-18,56.842,58.296,55.138,55.893,170774.0,,adjusted
2024-11-19,56.954,58.648,55.755,57.561,128054.0,,adjusted
2024-11-20,57.612,60.5,57.571,59.638,176871.0,,adjusted
2024-11-21,58.704,59.76,56.214,56.73,198139.0,,adjusted
2024-11-22,56.73,57.827,54.526,54.541,154688.0,,adjusted
2024-11-25,54.464,54.719,50.24,51.704,267570.0,,adjusted
2024-11-26,51.352,52.832,50.735,51.704,151987.0,,adjusted
2024-11-27,51.699,52.255,50.01,51.689,155840.0,,adjusted
2024-11-28,51.454,51.74,49.301,50.056,183494.0,,adjusted
2024-11-29,50.908,52.112,49.689,51.082,184912.0,,adjusted
2024-12-02,51.867,55.878,51.867,54.969,296006.0,,adjusted
2024-12-03,54.51,55.827,53.158,54.311,168560.0,,adjusted
2024-12-04,53.495,54.296,52.102,52.648,141474.0,,adjusted
2024-12-05,53.189,55.429,53.189,53.5,150938.0,,adjusted
2024-12-06,53.49,55.704,53.286,53.857,127123.0,,adjusted
2024-12-09,53.485,53.485,51.5,52.265,144795.0,,adjusted
2024-12-10,53.49,53.995,50.852,51.276,205523.0,,adjusted
2024-12-11,50.454,53.469,50.429,52.25,183586.0,,adjusted
2024-12-12,52.469,55.674,51.969,54.102,235053.0,,adjusted
2024-12-13,53.674,55.628,51.367,51.781,316786.0,,adjusted
2024-12-16,51.781,52.061,48.189,49.668,263685.0,,adjusted
2024-12-17,49.245,51.23,48.668,48.776,211126.0,,adjusted
2024-12-18,48.776,49.128,47.75,48.546,132805.0,,adjusted
2024-12-19,47.857,49.357,47.571,48.862,143714.0,,adjusted
2024-12-20,48.388,49.821,48.27,48.73,172064.0,,adjusted
2024-12-23,48.898,50.383,48.444,48.505,224413.0,,adjusted
2024-12-24,48.791,49.245,47.674,48.954,140641.0,,adjusted
2024-12-25,48.796,50.434,48.546,49.663,182969.0,,adjusted
2024-12-26,49.913,53.939,48.801,53.485,298754.0,,adjusted
2024-12-27,53.566,53.643,51.832,52.265,203787.0,,adjusted
2024-12-30,51.204,51.306,47.204,47.311,331173.0,,adjusted
2024-12-31,47.066,47.459,44.949,45.0,226541.0,,adjusted
2025-01-02,44.816,45.582,43.694,44.179,157537.0,,adjusted
2025-01-03,44.306,44.663,42.776,42.827,145294.0,,adjusted
2025-01-06,43.031,44.5,42.929,43.628,132420.0,,adjusted
2025-01-07,44.204,47.107,43.48,46.893,256137.0,,adjusted
2025-01-08,45.378,46.679,44.408,46.372,200693.0,,adjusted
2025-01-09,46.245,46.638,45.587,45.883,128453.0,,adjusted
2025-01-10,45.633,45.837,43.541,43.541,171560.0,,adjusted
2025-01-13,42.959,43.929,42.026,42.617,157142.0,,adjusted
2025-01-14,42.561,44.352,41.209,44.296,205331.0,,adjusted
2025-01-15,43.801,44.097,42.27,42.276,172281.0,,adjusted
2025-01-16,42.77,51.051,42.526,51.051,554942.0,,adjusted
2025-01-17,52.475,55.296,51.959,53.796,639582.0,,adjusted
2025-01-20,54.679,56.898,52.699,56.281,462430.0,,adjusted
2025-01-21,57.439,57.469,54.551,55.913,376259.0,,adjusted
2025-01-22,57.352,59.612,56.959,57.571,403610.0,,adjusted
2025-01-23,57.867,59.454,55.276,56.0,323828.0,,adjusted
2025-01-24,56.051,57.725,55.429,56.561,242899.0,,adjusted
2025-01-27,52.469,53.23,49.286,49.816,324559.0,,adjusted
2025-02-05,45.327,45.99,40.52,41.138,478468.0,,adjusted
2025-02-06,41.755,42.612,40.995,42.26,355058.0,,adjusted
2025-02-07,42.602,45.469,42.597,44.454,375861.0,,adjusted
2025-02-10,44.74,45.939,44.459,45.189,277228.0,,adjusted
2025-02-11,45.684,46.852,44.918,46.128,257880.0,,adjusted
2025-02-12,45.735,46.49,45.122,46.286,202917.0,,adjusted
2025-02-13,45.872,46.786,44.602,44.73,220335.0,,adjusted
2025-02-14,45.306,47.112,43.801,44.255,238119.0,,adjusted
2025-02-17,44.306,49.607,44.306,48.52,385090.0,,adjusted
2025-02-18,47.878,49.694,47.26,47.98,282261.0,,adjusted
2025-02-19,47.842,48.209,46.439,47.643,217780.0,,adjusted
2025-02-20,48.383,50.393,47.367,49.561,296562.0,,adjusted
2025-02-21,49.842,54.51,48.694,51.49,329754.0,,adjusted
2025-02-24,50.48,50.939,48.658,49.98,257859.0,,adjusted
2025-02-25,47.959,50.607,47.857,49.495,176401.0,,adjusted
2025-02-26,49.204,51.949,48.485,51.663,227616.0,,adjusted
2025-02-27,51.959,52.944,48.898,49.505,280270.0,,adjusted
2025-02-28,46.852,46.852,43.286,43.526,347558.0,,adjusted
2025-03-03,43.694,44.714,42.281,42.995,229138.0,,adjusted
2025-03-04,40.383,42.959,40.031,42.878,213302.0,,adjusted
2025-03-05,42.929,44.561,42.929,44.301,204423.0,,adjusted
2025-03-06,44.403,45.786,43.429,44.872,240945.0,,adjusted
2025-03-07,44.051,44.051,43.286,43.485,156142.0,,adjusted
2025-03-10,43.74,44.561,43.5,44.286,159205.0,,adjusted
2025-03-11,42.939,44.087,42.786,44.082,129608.0,,adjusted
2025-03-12,44.816,45.786,44.102,44.867,231533.0,,adjusted
2025-03-13,46.087,46.5,44.648,44.765,195068.0,,adjusted
2025-03-14,44.75,47.546,44.418,46.924,332884.0,,adjusted
2025-03-17,46.985,48.403,46.291,47.653,259032.0,,adjusted
2025-03-18,47.265,49.163,46.143,48.321,315880.0,,adjusted
2025-03-19,46.663,46.903,44.469,44.658,333266.0,,adjusted
2025-03-20,44.658,45.663,44.306,44.306,146893.0,,adjusted
2025-03-21,43.949,44.281,42.929,43.143,143950.0,,adjusted
2025-03-24,43.184,44.204,42.776,43.714,130750.0,,adjusted
2025-03-25,44.051,45.112,43.684,43.801,134040.0,,adjusted
2025-03-26,43.776,43.801,42.704,42.878,121172.0,,adjusted
2025-03-27,41.704,42.291,40.699,41.602,178255.0,,adjusted
2025-03-28,41.357,42.138,41.071,41.071,85667.0,,adjusted
2025-03-31,40.888,41.653,40.74,41.561,88756.0,,adjusted
2025-04-01,41.602,41.674,41.184,41.347,66447.0,,adjusted
2025-04-02,41.571,42.424,41.424,41.883,98585.0,,adjusted
2025-04-03,40.735,40.99,37.934,38.924,227566.0,,adjusted
2025-04-07,34.092,34.816,30.816,30.816,242676.0,,adjusted
2025-04-08,31.005,31.704,28.98,30.138,288115.0,,adjusted
2025-04-09,29.0,30.714,27.526,30.393,248050.0,,adjusted
2025-04-10,33.847,34.107,32.347,32.347,277398.0,,adjusted
2025-04-11,32.347,33.199,31.643,32.607,180039.0,,adjusted
2025-04-14,34.612,34.714,33.046,33.133,192821.0,,adjusted
2025-04-15,32.878,33.026,32.194,32.663,108644.0,,adjusted
2025-04-16,31.944,32.179,31.122,31.99,117909.0,,adjusted
2025-04-17,31.551,32.408,31.551,31.908,87652.0,,adjusted
2025-04-18,32.01,32.475,31.898,32.255,100098.0,,adjusted
2025-04-21,33.077,33.337,32.495,33.337,152229.0,,adjusted
2025-04-22,32.765,33.122,32.622,32.827,113979.0,,adjusted
2025-04-23,33.531,36.031,33.184,35.378,300254.0,,adjusted
2025-04-24,34.092,34.653,33.725,33.821,211620.0,,adjusted
2025-04-25,33.99,35.219,33.99,34.225,211410.0,,adjusted
2025-04-28,34.0,34.102,32.985,33.219,135698.0,,adjusted
2025-04-29,32.913,33.337,32.709,32.918,85574.0,,adjusted
2025-04-30,33.005,33.449,32.725,33.372,108342.0,,adjusted
2025-05-06,33.975,35.061,33.949,34.964,177323.0,,adjusted
2025-05-07,35.689,35.888,34.311,34.735,155852.0,,adjusted
2025-05-08,34.918,37.964,34.893,37.378,373677.0,,adjusted
2025-05-09,36.653,36.908,35.888,36.204,214477.0,,adjusted
2025-05-12,37.265,37.469,36.388,37.357,204101.0,,adjusted
2025-05-13,38.184,38.571,36.949,36.995,217577.0,,adjusted
2025-05-14,37.602,38.434,37.214,37.332,213068.0,,adjusted
2025-05-15,37.189,37.367,35.77,35.77,168142.0,,adjusted
2025-05-16,35.577,36.725,35.429,36.291,137463.0,,adjusted
2025-05-19,35.867,35.867,34.995,35.352,112233.0,,adjusted
2025-05-20,35.352,37.612,35.189,36.806,179259.0,,adjusted
2025-05-21,36.454,39.301,36.454,38.276,311347.0,,adjusted
2025-05-22,37.929,38.668,37.347,37.393,177416.0,,adjusted
2025-05-23,37.674,37.781,36.143,36.179,141391.0,,adjusted
2025-05-26,36.117,36.546,35.709,36.541,104525.0,,adjusted
2025-05-27,36.245,36.842,35.138,36.148,138827.0,,adjusted
2025-05-28,36.602,38.051,36.393,37.995,245818.0,,adjusted
2025-05-29,38.49,40.633,38.424,40.306,409319.0,,adjusted
2025-05-30,39.714,40.347,39.296,40.071,166276.0,,adjusted
2025-06-03,39.714,40.939,39.383,40.107,162664.0,,adjusted
2025-06-04,41.041,42.265,40.99,41.842,298390.0,,adjusted
2025-06-05,41.5,44.25,41.393,43.209,287612.0,,adjusted
2025-06-06,42.98,45.617,42.832,44.571,285877.0,,adjusted
2025-06-09,46.2,51.136,45.921,48.786,555439.0,,adjusted
2025-06-10,47.929,48.35,46.986,47.736,378609.0,,adjusted
2025-06-11,47.786,49.5,46.979,47.186,317184.0,,adjusted
2025-06-12,47.136,54.229,46.543,52.064,632872.0,,adjusted
2025-06-13,51.786,52.757,51.021,51.121,312974.0,,adjusted
2025-06-16,50.671,53.636,50.671,52.5,372988.0,,adjusted
2025-06-17,52.643,52.9,50.714,51.357,278374.0,,adjusted
2025-06-18,51.4,53.772,49.771,53.35,433197.0,,adjusted
2025-06-19,52.657,54.857,52.414,53.0,397267.0,,adjusted
2025-06-20,53.0,53.279,50.929,51.771,318127.0,,adjusted
2025-06-23,50.921,51.964,48.5,49.571,425031.0,,adjusted
2025-06-24,50.064,50.907,49.407,49.786,252991.0,,adjusted
2025-06-25,51.129,51.257,49.0,50.286,279562.0,,adjusted
2025-06-26,51.021,51.986,50.507,50.936,386395.0,,adjusted
2025-06-27,50.357,53.157,49.471,52.279,457328.0,,adjusted
2025-06-30,52.857,55.7,51.171,55.672,572176.0,,adjusted
2025-07-01,54.593,56.0,54.214,54.95,306887.0,,adjusted
2025-07-02,53.643,53.643,51.971,52.0,292520.0,,adjusted
2025-07-03,52.5,55.422,52.129,54.414,346801.0,,adjusted
2025-07-04,54.414,55.329,52.571,52.629,338464.0,,adjusted
2025-07-07,51.771,52.436,49.714,50.836,268561.0,,adjusted
2025-07-08,50.471,58.357,50.443,57.45,596509.0,,adjusted
2025-07-09,57.472,59.329,56.336,58.557,442784.0,,adjusted
2025-07-10,60.186,61.879,58.722,61.136,506739.0,,adjusted
2025-07-11,60.922,62.929,59.029,59.029,460820.0,,adjusted
2025-07-14,58.65,60.357,58.5,59.35,255386.0,,adjusted
2025-07-15,62.229,67.579,61.179,66.614,554034.0,,adjusted
2025-07-16,67.093,67.2,62.929,63.086,462057.0,,adjusted
2025-07-17,63.364,65.7,62.929,64.914,361010.0,,adjusted
2025-07-18,65.429,68.143,63.322,63.643,372321.0,,adjusted
2025-07-21,62.264,64.0,60.472,62.186,386866.0,,adjusted
2025-07-22,61.872,65.664,61.643,62.65,399315.0,,adjusted
2025-07-23,60.786,63.45,60.186,63.122,283816.0,,adjusted
2025-07-24,64.214,64.357,60.072,60.764,347383.0,,adjusted
2025-07-25,60.7,61.607,60.072,60.207,202513.0,,adjusted
2025-07-28,60.286,62.143,59.786,62.072,270734.0,,adjusted
2025-07-29,62.079,70.857,62.072,70.843,685025.0,,adjusted
2025-07-30,68.643,71.736,68.5,71.279,389441.0,,adjusted
2025-07-31,72.922,79.114,72.429,74.093,657159.0,,adjusted
2025-08-01,73.643,77.929,72.15,75.7,509634.0,,adjusted
2025-08-04,73.8,75.7,71.143,73.257,375231.0,,adjusted
2025-08-05,74.629,75.064,70.643,72.357,318367.0,,adjusted
2025-08-06,71.436,73.557,71.414,72.236,202280.0,,adjusted
2025-08-07,72.214,75.322,68.822,71.5,387844.0,,adjusted
2025-08-08,70.429,71.814,70.036,70.5,203031.0,,adjusted
2025-08-11,69.436,74.286,69.279,72.65,389360.0,,adjusted
2025-08-12,73.786,75.786,73.143,74.964,361911.0,,adjusted
2025-08-13,75.643,82.929,75.007,82.357,500725.0,,adjusted
2025-08-14,79.979,80.772,77.25,77.35,350739.0,,adjusted
2025-08-15,76.643,78.407,74.243,75.693,364336.0,,adjusted
2025-08-18,74.764,80.786,74.764,77.993,378697.0,,adjusted
2025-08-19,78.65,89.0,77.579,85.772,533390.0,,adjusted
2025-08-20,82.929,88.307,79.464,88.229,470825.0,,adjusted
2025-08-21,87.929,89.564,82.214,84.164,372451.0,,adjusted
2025-08-22,82.572,87.214,81.086,86.429,430374.0,,adjusted
2025-08-25,87.929,92.572,85.072,91.036,559288.0,,adjusted
2025-08-26,105.793,109.357,99.35,102.057,686263.0,,adjusted
2025-08-27,104.364,111.472,103.707,105.793,523476.0,,adjusted
2025-08-28,109.364,127.222,109.164,127.222,665658.0,,adjusted
2025-08-29,132.857,142.129,130.786,140.45,635709.0,,adjusted
2025-09-01,140.064,159.393,137.129,157.329,575436.0,,adjusted
2025-09-02,154.357,158.714,137.772,140.914,702766.0,,adjusted
2025-09-03,141.143,149.772,137.129,145.293,541615.0,,adjusted
2025-09-04,145.072,147.214,120.072,122.686,655693.0,,adjusted
2025-09-05,124.922,134.157,120.972,132.072,510192.0,,adjusted
2025-09-08,128.65,129.357,116.657,122.25,484937.0,,adjusted
2025-09-09,122.929,123.029,116.5,118.593,287594.0,,adjusted
2025-09-10,124.714,127.2,119.75,123.579,451416.0,,adjusted
2025-09-11,127.222,142.586,124.929,140.5,626248.0,,adjusted
2025-09-12,132.929,134.357,129.0,131.25,424504.0,,adjusted
2025-09-15,127.214,130.929,124.357,127.964,268469.0,,adjusted
2025-09-16,127.05,130.386,122.214,126.0,349173.0,,adjusted
2025-09-17,125.786,130.086,122.929,128.693,331126.0,,adjusted
2025-09-18,125.793,132.929,123.214,127.129,410369.0,,adjusted
2025-09-19,129.143,138.286,128.014,133.272,453332.0,,adjusted
2025-09-22,133.286,133.622,124.0,131.564,328121.0,,adjusted
2025-09-23,137.836,141.036,127.572,134.572,389577.0,,adjusted
2025-09-24,127.743,132.107,125.429,129.364,311585.0,,adjusted
2025-09-25,127.55,132.572,122.964,129.286,317046.0,,adjusted
2025-09-26,127.572,131.614,123.179,123.179,244658.0,,adjusted
2025-09-29,120.429,126.414,120.429,124.779,228748.0,,adjusted
2025-09-30,125.7,126.714,118.286,118.857,306499.0,,adjusted
2025-10-09,118.907,120.986,115.422,116.143,297493.0,,adjusted
2025-10-10,116.057,117.343,111.057,112.0,284367.0,,adjusted
2025-10-13,103.914,111.993,103.914,111.057,232313.0,,adjusted
2025-10-14,112.6,113.293,104.714,105.393,263175.0,,adjusted
2025-10-15,105.543,107.1,103.457,106.279,189910.0,,adjusted
2025-10-16,105.807,109.714,105.429,106.679,225482.0,,adjusted
2025-10-17,107.122,107.357,103.429,103.707,162907.0,,adjusted
2025-10-20,108.943,117.972,108.929,111.836,446692.0,,adjusted
2025-10-21,112.372,120.9,110.429,118.107,463625.0,,adjusted
2025-10-22,115.843,129.693,115.843,126.536,529045.0,,adjusted
2025-10-23,123.129,123.129,115.929,118.429,392204.0,,adjusted
2025-10-24,120.157,127.572,115.714,126.143,473431.0,,adjusted
2025-10-27,131.143,136.2,128.286,134.757,481014.0,,adjusted
2025-10-28,131.55,140.357,130.429,134.079,386425.0,,adjusted
2025-10-29,138.393,139.786,129.536,137.929,400549.0,,adjusted
2025-10-30,131.143,131.143,121.472,121.872,586383.0,,adjusted
2025-10-31,119.0,119.714,110.5,111.864,520838.0,,adjusted
2025-11-03,109.043,110.779,106.714,109.757,315020.0,,adjusted
2025-11-04,110.786,112.429,107.893,108.957,269547.0,,adjusted
2025-11-05,104.0,108.286,103.914,107.25,240478.0,,adjusted
2025-11-06,107.329,110.914,107.022,109.943,320265.0,,adjusted
2025-11-07,107.572,129.714,107.293,124.0,789447.0,,adjusted
2025-11-10,125.436,128.257,119.722,127.572,571849.0,,adjusted
2025-11-11,129.086,129.257,116.0,117.272,555609.0,,adjusted
2025-11-12,116.0,117.5,111.343,116.143,362994.0,,adjusted
2025-11-13,115.429,116.843,113.214,115.243,252769.0,,adjusted
2025-11-14,112.429,113.986,109.143,110.05,239565.0,,adjusted
2025-11-17,110.05,112.193,104.7,106.786,310655.0,,adjusted
2025-11-18,104.822,111.05,104.822,108.0,268645.0,,adjusted
2025-11-19,107.572,111.729,106.772,108.436,283257.0,,adjusted
2025-11-20,112.572,115.629,107.572,113.343,446774.0,,adjusted
2025-11-21,106.857,108.286,104.0,104.95,307482.0,,adjusted
2025-11-24,105.429,106.322,99.814,102.007,292593.0,,adjusted
2025-11-25,103.757,108.972,103.536,104.522,324866.0,,adjusted
2025-11-26,102.479,114.593,100.914,111.107,518914.0,,adjusted
2025-11-27,109.729,116.857,109.15,109.779,431450.0,,adjusted
2025-11-28,112.714,115.343,109.9,111.857,365735.0,,adjusted
2025-12-01,111.872,114.607,107.143,112.086,349619.0,,adjusted
2025-12-02,112.214,118.129,112.214,114.7,378898.0,,adjusted
2025-12-03,116.143,126.572,115.729,122.893,686181.0,,adjusted
2025-12-04,120.557,134.643,120.286,132.657,650316.0,,adjusted
2025-12-05,136.85,145.429,133.914,140.964,648569.0,,adjusted
2025-12-08,140.964,169.357,140.472,168.214,712445.0,,adjusted
2025-12-09,167.572,171.857,164.079,170.536,579018.0,,adjusted
2025-12-10,169.429,171.257,162.85,167.114,473288.0,,adjusted
2025-12-11,164.0,166.0,155.329,155.914,552968.0,,adjusted
2025-12-12,155.357,157.036,145.807,152.686,493509.0,,adjusted
2025-12-15,147.55,154.286,146.857,148.729,314019.0,,adjusted
2025-12-16,146.157,148.636,140.072,141.357,283122.0,,adjusted
2025-12-17,142.779,155.843,141.536,154.557,514815.0,,adjusted
2025-12-18,152.736,159.036,151.3,155.293,442461.0,,adjusted
2025-12-19,157.9,159.0,148.0,151.879,367102.0,,adjusted
2025-12-22,154.714,161.057,151.593,158.286,575111.0,,adjusted
2025-12-23,158.636,161.857,155.872,157.772,351951.0,,adjusted
2025-12-24,157.022,160.143,152.486,158.336,411387.0,,adjusted
2025-12-25,158.707,163.286,148.286,152.429,391361.0,,adjusted
2025-12-26,151.764,154.436,149.407,151.364,225800.0,,adjusted
2025-12-29,149.536,153.2,147.572,150.979,262027.0,,adjusted
2025-12-30,148.929,154.286,147.7,150.764,290987.0,,adjusted
2025-12-31,150.843,150.864,142.929,144.022,333544.0,,adjusted
2018-01-02,22.36,22.77,22.25,22.63,8138.0,,raw
2018-01-03,22.64,23.33,22.54,23.17,15039.0,,raw
2018-01-04,23.06,23.26,22.89,23.05,9225.0,,raw
2018-01-05,23.05,23.52,23.03,23.13,9568.0,,raw
2018-01-08,23.01,23.1,22.62,22.89,6315.0,,raw
2018-01-09,22.8,23.1,22.76,23.0,5710.0,,raw
2018-01-10,23.0,23.0,22.3,22.68,8126.0,,raw
2018-01-11,22.51,23.14,22.45,22.93,9987.0,,raw
2018-01-12,22.95,23.0,22.7,22.71,5372.0,,raw
2018-01-15,22.52,22.74,21.72,21.77,9657.0,,raw
2018-01-16,21.77,22.09,21.45,21.69,7375.0,,raw
2018-01-17,21.75,22.15,21.44,21.93,8495.0,,raw
2018-01-18,21.83,21.99,21.5,21.53,8005.0,,raw
2018-01-19,21.55,21.77,21.34,21.35,7378.0,,raw
2018-01-22,21.35,21.52,20.59,21.49,11096.0,,raw
2018-01-23,21.19,21.19,20.62,20.69,15820.0,,raw
2018-01-24,20.68,20.85,19.98,20.73,17775.0,,raw
2018-01-25,20.7,21.33,20.51,20.81,18683.0,,raw
2018-01-26,20.61,20.92,20.38,20.4,12497.0,,raw
2018-01-29,20.44,20.44,19.6,19.64,15994.0,,raw
2018-01-30,19.7,19.78,19.3,19.41,9523.0,,raw
2018-01-31,19.37,19.41,17.8,18.08,16678.0,,raw
2018-02-01,18.15,18.23,17.09,17.12,14761.0,,raw
2018-02-02,17.1,17.43,16.7,17.17,11866.0,,raw
2018-02-05,16.8,17.28,16.7,16.91,7012.0,,raw
2018-02-06,16.32,16.71,15.72,15.78,14023.0,,raw
2018-02-07,16.26,16.26,15.12,15.86,13244.0,,raw
2018-02-08,15.8,16.4,15.6,16.24,12559.0,,raw
2018-02-09,15.8,16.13,15.51,15.85,10737.0,,raw
2018-02-12,16.05,16.51,16.0,16.32,10035.0,,raw
2018-02-13,16.39,16.39,15.9,15.99,13178.0,,raw
2018-02-14,15.84,16.05,15.84,15.85,7524.0,,raw
2018-02-22,16.02,16.29,15.85,16.17,10911.0,,raw
2018-02-23,16.28,16.5,16.09,16.39,12313.0,,raw
2018-02-26,16.5,18.03,16.5,18.03,29524.0,,raw
2018-02-27,18.2,19.03,18.1,18.36,51811.0,,raw
2018-02-28,18.02,18.27,17.6,18.25,27996.0,,raw
2018-03-01,17.99,18.7,17.86,18.59,29721.0,,raw
2018-03-02,18.38,19.16,18.25,18.5,32503.0,,raw
2018-03-05,18.41,19.3,18.25,19.03,33595.0,,raw
2018-03-06,19.32,19.56,18.56,18.72,45227.0,,raw
2018-03-07,18.67,18.67,18.28,18.32,26170.0,,raw
2018-03-08,18.24,19.19,18.24,19.18,37770.0,,raw
2018-03-09,19.31,19.93,19.02,19.85,49061.0,,raw
2018-03-12,19.94,20.32,19.66,19.89,47849.0,,raw
2018-03-13,19.97,19.97,19.47,19.52,30211.0,,raw
2018-03-14,19.4,19.55,19.04,19.12,25991.0,,raw
2018-03-15,18.85,19.0,18.31,18.86,23868.0,,raw
2018-03-16,18.9,19.12,18.64,18.66,15825.0,,raw
2018-03-19,18.6,19.28,18.52,18.88,16989.0,,raw
2018-03-20,18.08,18.38,17.77,18.28,40157.0,,raw
2018-03-21,18.39,18.85,18.21,18.23,25513.0,,raw
2018-03-22,18.22,18.63,18.17,18.6,16608.0,,raw
2018-03-23,17.9,18.22,16.88,17.05,27664.0,,raw
2018-03-26,16.82,17.5,16.23,17.45,17590.0,,raw
2018-03-27,17.58,18.31,17.58,18.27,25809.0,,raw
2018-03-28,17.93,18.97,17.93,18.79,30632.0,,raw
2018-03-29,18.82,19.23,18.42,18.68,18179.0,,raw
2018-03-30,18.68,19.5,18.6,19.49,31994.0,,raw
2018-04-02,19.8,19.98,19.1,19.41,35683.0,,raw
2018-04-03,19.1,19.28,18.6,19.14,19813.0,,raw
2018-04-04,19.09,19.39,18.41,18.6,21256.0,,raw
2018-04-09,18.61,19.41,18.18,19.41,28845.0,,raw
2018-04-10,19.41,19.8,19.1,19.58,32628.0,,raw
2018-04-11,19.6,20.35,19.42,20.2,39406.0,,raw
2018-04-12,20.05,20.25,19.66,19.74,26350.0,,raw
2018-04-13,19.86,20.17,19.62,20.02,25627.0,,raw
2018-04-16,20.0,20.62,19.82,20.17,27531.0,,raw
2018-04-17,20.8,21.98,20.18,21.44,88702.0,,raw
2018-04-18,22.0,22.3,20.54,21.92,97367.0,,raw
2018-04-19,21.01,21.59,20.98,21.0,53382.0,,raw
2018-04-20,20.73,21.63,20.42,21.06,42376.0,,raw
2018-04-23,20.65,20.94,19.68,20.17,34437.0,,raw
2018-04-24,19.8,20.18,19.62,20.1,23729.0,,raw
2018-04-25,20.09,21.21,19.95,21.0,46360.0,,raw
2018-04-26,20.8,21.03,20.06,20.12,32166.0,,raw
2018-04-27,20.35,20.45,19.69,19.7,23318.0,,raw
2018-05-02,19.69,19.79,18.64,18.81,26187.0,,raw
2018-05-03,18.7,19.31,18.65,19.25,18185.0,,raw
2018-05-04,19.1,19.4,18.73,18.93,16491.0,,raw
2018-05-07,18.83,19.46,18.83,19.45,15886.0,,raw
2018-05-08,19.46,19.65,19.3,19.55,16148.0,,raw
2018-05-09,19.55,20.41,19.45,20.4,30390.0,,raw
2018-05-10,20.23,20.35,20.05,20.33,23308.0,,raw
2018-05-11,20.21,20.41,19.56,19.59,21137.0,,raw
2018-05-14,20.3,20.38,19.62,19.62,23797.0,,raw
2018-05-15,19.38,19.68,19.09,19.63,18791.0,,raw
2018-05-16,19.48,19.5,19.08,19.08,12039.0,,raw
2018-05-17,19.09,19.35,19.09,19.29,10027.0,,raw
2018-05-18,19.22,19.57,19.08,19.41,12376.0,,raw
2018-05-21,19.44,21.3,19.44,20.6,56170.0,,raw
2018-05-22,20.4,22.66,20.31,22.38,129756.0,,raw
2018-05-23,21.73,21.89,21.03,21.12,91113.0,,raw
2018-05-24,21.36,21.95,21.2,21.2,61271.0,,raw
2018-05-25,20.87,20.96,20.5,20.7,35910.0,,raw
2018-05-28,20.84,21.16,20.5,20.55,32668.0,,raw
2018-05-29,20.5,21.09,20.15,20.69,27466.0,,raw
2018-05-30,20.15,20.15,19.0,19.22,41618.0,,raw
2018-05-31,19.4,19.65,19.1,19.55,21758.0,,raw
2018-06-01,19.5,19.59,18.6,18.76,24565.0,,raw
2018-06-04,18.81,19.13,18.6,18.78,12157.0,,raw
2018-06-05,18.9,19.59,18.84,19.44,26459.0,,raw
2018-06-06,19.5,19.6,18.95,19.28,24315.0,,raw
2018-06-07,19.3,19.42,18.56,18.56,18979.0,,raw
2018-06-08,18.6,19.99,18.6,19.37,35985.0,,raw
2018-06-11,19.22,19.22,18.64,18.78,18997.0,,raw
2018-06-12,18.75,18.98,18.05,18.56,18926.0,,raw
2018-06-13,18.23,18.9,18.2,18.2,14832.0,,raw
2018-06-14,18.01,18.42,18.01,18.32,11015.0,,raw
2018-06-15,18.3,18.56,17.5,17.76,15312.0,,raw
2018-06-19,17.38,17.4,15.98,16.25,25185.0,,raw
2018-06-20,16.04,16.71,16.01,16.53,12613.0,,raw
2018-06-21,16.52,16.74,16.08,16.25,9832.0,,raw
2018-06-22,16.25,16.88,16.12,16.84,10316.0,,raw
2018-06-25,17.02,17.28,16.7,16.73,9066.0,,raw
2018-06-26,16.5,17.5,16.3,17.39,14658.0,,raw
2018-06-27,17.38,17.45,17.08,17.33,9444.0,,raw
2018-06-28,17.48,17.65,17.18,17.18,9166.0,,raw
2018-06-29,17.19,17.79,17.15,17.7,12749.0,,raw
2018-07-02,17.59,17.79,16.95,17.22,13447.0,,raw
2018-07-03,17.22,18.0,17.22,18.0,18459.0,,raw
2018-07-04,17.84,18.03,17.29,17.52,15632.0,,raw
2018-07-05,17.3,17.55,16.76,16.76,12835.0,,raw
2018-07-06,16.7,17.53,16.56,17.15,14076.0,,raw
2018-07-09,17.18,17.66,17.17,17.57,8750.0,,raw
2018-07-10,17.63,17.85,17.45,17.7,11150.0,,raw
2018-07-18,19.47,19.47,18.3,18.31,55626.0,,raw
2018-07-19,18.12,18.2,17.5,17.59,33269.0,,raw
2018-07-20,17.29,18.08,17.25,17.84,20852.0,,raw
2018-07-23,17.7,18.47,17.67,18.04,24276.0,,raw
2018-07-24,17.91,18.24,17.81,18.14,14434.0,,raw
2018-07-25,18.09,18.25,17.72,17.78,16251.0,,raw
2018-07-26,17.78,17.83,17.46,17.5,11092.0,,raw
2018-07-27,17.55,17.57,17.13,17.13,9016.0,,raw
2018-07-30,17.0,17.2,16.9,17.09,9473.0,,raw
2018-07-31,17.01,17.27,17.01,17.12,4972.0,,raw
2018-08-01,17.22,17.62,17.13,17.4,12705.0,,raw
2018-08-02,17.4,17.55,16.68,17.54,13758.0,,raw
2018-08-03,17.51,17.6,17.02,17.15,5863.0,,raw
2018-08-06,17.13,17.26,16.85,16.93,5807.0,,raw
2018-08-07,16.99,17.39,16.85,17.36,5554.0,,raw
2018-08-08,17.37,17.58,16.96,17.0,8531.0,,raw
2018-08-09,16.99,18.15,16.79,17.92,23148.0,,raw
2018-08-10,17.81,18.21,17.69,17.93,14376.0,,raw
2018-08-13,17.8,18.68,17.59,18.29,14854.0,,raw
2018-08-14,18.05,18.22,17.95,18.0,8343.0,,raw
2018-08-15,17.98,18.36,17.8,17.81,14277.0,,raw
2018-08-16,17.7,18.56,17.37,18.2,24831.0,,raw
2018-08-17,18.25,18.42,17.71,17.88,16408.0,,raw
2018-08-20,17.96,19.32,17.66,19.1,40307.0,,raw
2018-08-21,18.92,19.56,18.81,19.38,39437.0,,raw
2018-08-22,19.15,19.48,18.78,19.01,25426.0,,raw
2018-08-23,18.85,20.28,18.85,19.77,40460.0,,raw
2018-08-24,19.6,20.53,19.41,19.86,32714.0,,raw
2018-08-27,19.9,21.49,19.7,21.16,53050.0,,raw
2018-08-28,21.2,22.5,20.8,21.21,70250.0,,raw
2018-08-29,21.2,21.5,20.8,21.49,26469.0,,raw
2018-08-30,21.44,21.47,20.32,20.59,29682.0,,raw
2018-08-31,20.67,20.93,20.37,20.86,24125.0,,raw
2018-09-03,20.59,21.35,19.82,21.3,26942.0,,raw
2018-09-04,21.0,21.43,20.7,21.36,25323.0,,raw
2018-09-05,21.01,21.77,20.4,20.55,27141.0,,raw
2018-09-06,20.42,21.2,20.31,20.78,19162.0,,raw
2018-09-07,20.64,21.36,20.0,20.31,18455.0,,raw
2018-09-10,20.27,21.1,20.08,20.43,22943.0,,raw
2018-09-11,20.49,21.65,19.9,21.65,37929.0,,raw
2018-09-12,21.42,22.08,21.24,21.64,30117.0,,raw
2018-09-13,21.9,22.2,21.1,21.98,29949.0,,raw
2018-09-14,21.83,22.3,21.5,22.0,26452.0,,raw
2018-09-17,21.8,21.88,21.28,21.55,16432.0,,raw
2018-09-18,21.15,21.5,20.4,21.0,28791.0,,raw
2018-09-19,20.78,22.05,20.58,22.0,28023.0,,raw
2018-09-20,21.8,22.43,21.52,21.53,19758.0,,raw
2018-09-21,21.5,21.92,21.04,21.73,15996.0,,raw
2018-09-25,21.52,21.6,21.0,21.33,15407.0,,raw
2018-09-26,20.65,20.7,19.25,20.67,56018.0,,raw
2018-09-27,20.3,20.54,19.88,20.07,20531.0,,raw
2018-09-28,20.07,20.25,19.78,20.05,14279.0,,raw
2018-10-08,19.5,20.48,19.22,19.84,13678.0,,raw
2018-10-09,19.84,20.28,19.31,19.34,12941.0,,raw
2018-10-10,19.51,21.27,19.51,21.27,34396.0,,raw
2018-10-11,21.0,21.13,19.4,20.25,41695.0,,raw
2018-10-12,20.2,21.97,19.96,21.7,45576.0,,raw
2018-10-15,21.49,23.49,21.49,22.53,51284.0,,raw
2018-10-16,22.61,22.76,21.89,22.2,32928.0,,raw
2018-10-17,22.62,23.13,21.77,22.98,43599.0,,raw
2018-10-18,22.55,22.55,21.45,22.03,31072.0,,raw
2018-10-19,21.44,23.97,21.38,23.91,47272.0,,raw
2018-10-22,24.67,25.97,24.02,25.19,69536.0,,raw
2018-10-23,24.63,25.25,24.21,25.17,47649.0,,raw
2018-10-24,24.66,25.1,24.36,24.72,29634.0,,raw
2018-10-25,23.56,26.0,23.45,25.3,50060.0,,raw
2018-10-26,25.17,27.37,25.17,26.9,57355.0,,raw
2018-10-29,26.55,26.55,25.7,25.92,40361.0,,raw
2018-10-30,25.7,27.15,25.26,25.79,46526.0,,raw
2018-10-31,25.59,26.03,25.15,25.65,31721.0,,raw
2018-11-01,25.63,27.0,25.6,25.97,45449.0,,raw
2018-11-02,26.5,26.88,25.14,25.8,45587.0,,raw
2018-11-05,25.69,25.69,24.3,25.62,66207.0,,raw
2018-11-06,25.19,25.65,24.83,25.45,35714.0,,raw
2018-11-07,25.39,25.97,24.89,25.18,51033.0,,raw
2018-11-08,25.37,26.2,24.9,25.85,47474.0,,raw
2018-11-09,25.75,28.24,25.4,27.19,68603.0,,raw
2018-11-12,27.0,27.78,26.99,27.45,46900.0,,raw
2018-11-13,27.03,28.19,26.47,26.56,75703.0,,raw
2018-11-14,26.5,26.62,25.93,25.99,36834.0,,raw
2018-11-15,25.88,26.5,25.68,26.5,38566.0,,raw
2018-11-16,26.3,26.95,26.16,26.63,38080.0,,raw
2018-11-19,26.63,26.85,25.38,26.55,43495.0,,raw
2018-11-20,26.12,26.52,25.16,25.5,32669.0,,raw
2018-11-21,25.1,25.85,25.06,25.25,22817.0,,raw
2018-11-22,25.49,25.79,24.4,24.64,30234.0,,raw
2018-11-23,24.85,25.09,24.12,24.7,32102.0,,raw
2018-11-26,24.35,25.15,24.35,24.95,28383.0,,raw
2018-11-27,25.03,25.69,24.89,25.28,32022.0,,raw
2018-11-28,25.12,25.59,24.65,25.46,24224.0,,raw
2018-11-29,25.52,25.67,23.88,23.89,30805.0,,raw
2018-11-30,23.75,24.78,23.62,24.64,22157.0,,raw
2018-12-03,25.55,26.69,25.43,26.45,55260.0,,raw
2018-12-04,26.32,26.66,26.12,26.48,29828.0,,raw
2018-12-05,25.99,26.58,25.87,26.04,32319.0,,raw
2018-12-06,25.5,25.5,23.45,23.59,61117.0,,raw
2018-12-07,23.64,24.78,23.64,24.51,39510.0,,raw
2018-12-10,24.66,25.83,24.51,25.3,41271.0,,raw
2018-12-11,25.83,26.49,25.22,25.83,43996.0,,raw
2018-12-12,26.36,26.62,24.95,25.07,34998.0,,raw
2018-12-13,25.7,25.9,25.32,25.46,37899.0,,raw
2018-12-14,25.08,25.33,24.21,24.48,36638.0,,raw
2018-12-17,24.4,24.5,23.4,23.79,31933.0,,raw
2018-12-18,23.59,23.63,22.75,23.31,37822.0,,raw
2018-12-19,23.37,23.74,22.92,23.07,25792.0,,raw
2018-12-20,22.99,23.45,22.79,23.21,25615.0,,raw
2018-12-21,23.05,23.4,22.73,23.08,25946.0,,raw
2018-12-24,23.2,24.59,23.2,24.56,51755.0,,raw
2018-12-25,24.1,25.97,23.93,25.51,57263.0,,raw
2018-12-26,25.33,25.35,24.72,24.73,34734.0,,raw
2018-12-27,25.1,25.37,24.5,24.65,34639.0,,raw
2018-12-28,24.7,24.92,24.1,24.17,26647.0,,raw
2019-01-02,24.43,25.47,24.1,25.4,41601.0,,raw
2019-01-03,25.3,25.3,23.61,23.61,48881.0,,raw
2019-01-04,23.06,24.8,23.05,24.66,35751.0,,raw
2019-01-07,24.68,26.1,24.65,25.8,51388.0,,raw
2019-01-08,25.6,25.94,25.12,25.66,34393.0,,raw
2019-01-09,25.8,26.39,25.27,25.43,38835.0,,raw
2019-01-10,25.45,26.88,25.21,26.4,56922.0,,raw
2019-01-11,26.67,27.27,26.01,26.31,48893.0,,raw
2019-01-14,26.18,26.83,25.57,26.8,36273.0,,raw
2019-01-15,26.3,27.24,25.81,26.95,45686.0,,raw
2019-01-16,26.78,27.97,26.61,27.03,42259.0,,raw
2019-01-17,26.93,27.4,26.34,26.4,30264.0,,raw
2019-01-18,26.4,26.84,25.85,26.65,26569.0,,raw
2019-01-21,26.5,27.45,26.35,27.16,29325.0,,raw
2019-01-22,27.01,27.15,26.35,26.5,27750.0,,raw
2019-01-23,26.41,26.68,25.93,26.2,21882.0,,raw
2019-01-24,26.1,27.19,26.0,26.53,26160.0,,raw
2019-01-25,26.55,27.2,26.3,26.69,25045.0,,raw
2019-01-28,26.68,26.83,26.11,26.3,18769.0,,raw
2019-01-29,26.23,26.23,24.9,25.3,28505.0,,raw
2019-01-30,25.06,26.69,25.06,25.8,30595.0,,raw
2019-01-31,26.2,27.12,25.64,26.36,29294.0,,raw
2019-02-01,26.36,27.77,26.26,27.69,37250.0,,raw
2019-02-11,27.99,30.1,27.76,29.89,58229.0,,raw
2019-02-12,29.94,30.1,29.5,29.66,35621.0,,raw
2019-02-13,29.54,31.19,29.53,30.01,61900.0,,raw
2019-02-14,29.9,30.01,29.4,29.73,28898.0,,raw
2019-02-15,29.9,30.61,29.4,29.57,35740.0,,raw
2019-02-18,30.3,30.65,29.59,30.42,46777.0,,raw
2019-02-19,30.6,32.16,30.58,31.7,66432.0,,raw
2019-02-20,31.0,31.17,29.84,30.7,57387.0,,raw
2019-02-21,30.48,32.57,30.11,31.05,58763.0,,raw
2019-02-22,30.96,33.28,30.8,33.16,53908.0,,raw
2019-02-25,34.0,35.66,32.9,34.96,66441.0,,raw
2019-02-26,34.08,35.49,33.35,33.38,59071.0,,raw
2019-02-27,33.03,33.89,32.21,32.43,37472.0,,raw
2019-02-28,32.49,33.47,32.4,33.19,28946.0,,raw
2019-03-01,33.22,33.75,32.51,33.7,25639.0,,raw
2019-03-04,33.95,34.55,33.2,33.79,38334.0,,raw
2019-03-05,33.5,34.35,32.85,34.26,39984.0,,raw
2019-03-06,34.31,34.5,33.43,34.08,33852.0,,raw
2019-03-07,33.67,34.08,32.4,32.76,42406.0,,raw
2019-03-08,32.3,35.18,32.05,32.93,58090.0,,raw
2019-03-11,33.21,34.21,32.8,33.65,55476.0,,raw
2019-03-12,33.62,33.89,33.05,33.48,47837.0,,raw
2019-03-13,33.37,33.43,31.61,32.0,34641.0,,raw
2019-03-14,31.63,32.52,31.05,31.62,26885.0,,raw
2019-03-15,31.9,32.36,30.44,31.12,40664.0,,raw
2019-03-18,31.09,32.8,31.05,32.8,34823.0,,raw
2019-03-19,33.02,33.2,31.98,32.18,24900.0,,raw
2019-03-20,32.68,32.9,31.6,32.22,27873.0,,raw
2019-03-21,32.31,32.7,32.0,32.08,26187.0,,raw
2019-03-22,32.25,33.1,31.4,33.04,34402.0,,raw
2019-03-25,32.55,33.64,32.2,32.94,33784.0,,raw
2019-03-26,32.88,33.15,29.88,30.5,38931.0,,raw
2019-03-27,30.7,31.16,30.26,30.87,18683.0,,raw
2019-03-28,30.91,32.33,30.6,30.7,23880.0,,raw
2019-03-29,30.6,32.09,30.08,31.91,30004.0,,raw
2019-04-01,32.4,33.7,32.02,33.35,33987.0,,raw
2019-04-02,34.0,34.0,32.75,32.89,23897.0,,raw
2019-04-03,32.71,33.37,32.35,32.9,19804.0,,raw
2019-04-04,32.9,33.29,31.5,32.1,32034.0,,raw
2019-04-08,32.01,32.45,30.89,31.6,30390.0,,raw
2019-04-09,31.0,32.4,30.73,31.63,45216.0,,raw
2019-04-10,31.4,32.33,31.0,31.7,34394.0,,raw
2019-04-11,31.69,32.3,30.73,30.85,28097.0,,raw
2019-04-12,30.26,31.08,30.18,30.46,18548.0,,raw
2019-04-15,31.0,32.4,31.0,31.42,48092.0,,raw
2019-04-16,31.54,34.56,31.28,34.56,72659.0,,raw
2019-04-17,35.25,36.64,34.56,35.59,91101.0,,raw
2019-04-18,35.4,36.37,34.68,36.04,60945.0,,raw
2019-04-19,35.71,35.78,33.5,34.7,60113.0,,raw
2019-04-22,34.45,35.59,33.8,33.82,45481.0,,raw
2019-04-23,34.21,34.44,32.92,33.06,32486.0,,raw
2019-04-24,33.4,33.55,32.5,33.36,31738.0,,raw
2019-04-25,32.92,33.35,31.16,31.29,46001.0,,raw
2019-04-26,30.94,32.28,30.4,31.4,41480.0,,raw
2019-04-29,31.4,31.87,29.5,29.68,45991.0,,raw
2019-04-30,29.88,30.29,29.3,29.64,25662.0,,raw
2019-05-06,28.55,28.55,26.68,26.68,26447.0,,raw
2019-05-07,26.62,26.79,25.3,26.08,40081.0,,raw
2019-05-08,25.26,26.9,25.21,26.13,32850.0,,raw
2019-05-09,25.75,26.9,25.75,26.26,26583.0,,raw
2019-05-10,26.89,27.86,26.12,27.7,38001.0,,raw
2019-05-13,27.85,27.85,26.85,27.08,24946.0,,raw
2019-05-14,26.39,27.88,26.39,27.5,28336.0,,raw
2019-05-15,27.84,28.1,27.27,27.59,27675.0,,raw
2019-05-16,27.42,27.65,26.58,27.47,27074.0,,raw
2019-05-17,27.35,27.92,25.8,25.98,30827.0,,raw
2019-05-20,25.8,25.8,23.38,24.93,61138.0,,raw
2019-05-21,24.96,27.03,24.7,27.03,60954.0,,raw
2019-05-22,27.17,28.38,26.57,27.25,59244.0,,raw
2019-05-23,27.46,27.46,25.88,26.29,43070.0,,raw
2019-05-24,25.95,26.6,23.67,24.09,68716.0,,raw
2019-05-27,24.6,26.5,24.54,26.5,55438.0,,raw
2019-05-28,27.8,27.89,25.61,26.48,71445.0,,raw
2019-05-29,26.5,27.28,26.03,26.83,49393.0,,raw
2019-05-30,26.83,26.84,25.88,26.31,38021.0,,raw
2019-05-31,26.28,27.23,26.27,26.5,38954.0,,raw
2019-06-03,26.66,27.67,24.78,26.96,76660.0,,raw
2019-06-04,27.02,27.85,26.59,27.45,78850.0,,raw
2019-06-05,27.81,28.75,26.88,28.42,78384.0,,raw
2019-06-06,28.44,28.45,26.03,26.5,64672.0,,raw
2019-06-10,26.53,27.7,26.25,27.23,43643.0,,raw
2019-06-11,27.24,27.98,26.39,27.92,62501.0,,raw
2019-06-12,27.62,28.42,27.45,27.5,49213.0,,raw
2019-06-13,27.31,27.97,27.23,27.39,32416.0,,raw
2019-06-14,27.41,27.59,25.87,26.02,45726.0,,raw
2019-06-17,26.08,26.43,25.68,25.98,23414.0,,raw
2019-06-18,26.24,26.24,25.6,25.91,17394.0,,raw
2019-06-19,27.02,27.17,26.3,26.36,39571.0,,raw
2019-06-20,26.48,26.95,25.65,26.71,36303.0,,raw
2019-06-21,26.9,27.62,26.84,27.23,40871.0,,raw
2019-06-24,27.23,27.34,26.78,27.09,20314.0,,raw
2019-06-25,27.09,27.25,26.22,26.82,20959.0,,raw
2019-06-26,26.68,27.45,26.4,27.05,26243.0,,raw
2019-06-27,27.5,28.35,27.5,28.18,53992.0,,raw
2019-06-28,28.0,28.0,26.9,27.62,36528.0,,raw
2019-07-01,28.65,30.18,28.51,29.79,64506.0,,raw
2019-07-02,29.49,29.7,29.05,29.41,23350.0,,raw
2019-07-03,29.4,30.3,29.02,30.21,35640.0,,raw
2019-07-04,30.0,30.14,29.15,29.18,23759.0,,raw
2019-07-05,29.24,29.66,28.78,29.06,19402.0,,raw
2019-07-08,29.39,29.39,28.32,28.45,21912.0,,raw
2019-07-09,28.5,31.0,28.33,30.01,42481.0,,raw
2019-07-10,30.31,30.8,29.23,29.45,28824.0,,raw
2019-07-11,29.88,30.16,29.36,29.7,23534.0,,raw
2019-07-12,29.52,30.68,29.52,30.08,25067.0,,raw
2019-07-15,30.07,32.35,29.92,31.84,38822.0,,raw
2019-07-16,31.93,33.0,31.61,32.23,38113.0,,raw
2019-07-17,32.1,32.78,31.63,31.75,29686.0,,raw
2019-07-18,31.1,32.32,31.1,31.36,24801.0,,raw
2019-07-19,31.14,31.99,31.03,31.13,23040.0,,raw
2019-07-22,31.1,31.4,29.81,30.75,21319.0,,raw
2019-07-23,30.07,31.28,30.07,31.12,19066.0,,raw
2019-07-24,31.3,32.3,31.3,32.2,25159.0,,raw
2019-07-25,32.0,32.96,31.82,32.15,29567.0,,raw
2019-07-26,32.1,32.49,31.8,32.29,14283.0,,raw
2019-07-29,32.4,33.3,32.3,33.03,23861.0,,raw
2019-07-30,32.76,33.74,32.53,32.89,28654.0,,raw
2019-07-31,32.79,33.28,32.27,32.29,17745.0,,raw
2019-08-01,32.29,33.62,31.9,33.35,28384.0,,raw
2019-08-02,32.24,32.58,31.42,31.75,35160.0,,raw
2019-08-05,31.23,32.13,30.55,31.1,48377.0,,raw
2019-08-06,31.0,31.29,29.85,31.15,35779.0,,raw
2019-08-07,31.42,31.5,29.52,29.59,42085.0,,raw
2019-08-08,29.55,30.1,29.24,30.01,28894.0,,raw
2019-08-09,30.09,30.97,29.61,30.09,33440.0,,raw
2019-08-12,30.07,32.1,29.56,32.05,47002.0,,raw
2019-08-13,31.3,33.48,31.15,33.39,66678.0,,raw
2019-08-14,34.47,34.5,33.0,33.22,52748.0,,raw
2019-08-15,32.1,33.5,32.1,33.3,47517.0,,raw
2019-08-16,33.03,33.58,32.46,33.0,54871.0,,raw
2019-08-19,33.26,34.22,32.66,33.82,51846.0,,raw
2019-08-20,33.81,34.14,33.27,33.31,35774.0,,raw
2019-08-21,33.34,35.15,33.21,34.41,65520.0,,raw
2019-08-22,34.3,34.68,33.67,34.17,40914.0,,raw
2019-08-23,34.22,34.25,32.97,33.25,39267.0,,raw
2019-08-26,32.51,33.19,32.3,32.95,36491.0,,raw
2019-08-27,33.2,33.58,32.66,33.05,31860.0,,raw
2019-08-28,32.95,33.24,32.45,32.52,24387.0,,raw
2019-08-29,32.79,33.03,32.36,32.61,22021.0,,raw
2019-08-30,32.8,32.85,30.79,31.17,46607.0,,raw
2019-09-02,31.37,33.47,31.3,33.39,53628.0,,raw
2019-09-03,33.4,34.58,33.12,34.35,57987.0,,raw
2019-09-04,34.06,35.38,33.88,34.7,54157.0,,raw
2019-09-05,35.08,38.17,35.08,38.17,84845.0,,raw
2019-09-06,38.9,41.3,38.19,39.38,110232.0,,raw
2019-09-09,39.76,40.4,39.01,40.12,82961.0,,raw
2019-09-10,39.78,40.15,38.49,39.02,58939.0,,raw
2019-09-11,39.55,39.55,37.9,38.39,47302.0,,raw
2019-09-12,38.98,38.98,37.78,38.25,31740.0,,raw
2019-09-16,38.38,39.88,38.03,39.84,59315.0,,raw
2019-09-17,39.18,39.37,37.0,38.0,47584.0,,raw
2019-09-18,37.93,38.06,37.01,37.62,25164.0,,raw
2019-09-19,37.8,38.16,37.11,37.92,24886.0,,raw
2019-09-20,37.69,38.39,37.4,37.46,35433.0,,raw
2019-09-23,37.11,37.97,37.04,37.6,32308.0,,raw
2019-09-24,37.98,39.45,37.41,38.49,47416.0,,raw
2019-09-25,37.9,38.31,35.66,36.54,44821.0,,raw
2019-09-26,36.44,36.8,34.7,34.92,38719.0,,raw
2019-09-27,35.25,35.75,34.86,35.35,23413.0,,raw
2019-09-30,35.28,35.58,34.5,34.5,20305.0,,raw
2019-10-08,34.95,35.18,34.01,34.35,20527.0,,raw
2019-10-09,34.33,35.63,33.68,35.48,26926.0,,raw
2019-10-10,35.5,36.6,35.3,36.5,31728.0,,raw
2019-10-11,36.47,36.93,35.81,36.35,29179.0,,raw
2019-10-14,36.79,36.79,36.0,36.66,25076.0,,raw
2019-10-15,36.73,38.3,36.73,37.28,59179.0,,raw
2019-10-16,37.21,38.47,37.21,37.52,30107.0,,raw
2019-10-17,37.55,37.79,36.68,37.0,25163.0,,raw
2019-10-18,37.1,37.48,36.15,36.26,22000.0,,raw
2019-10-21,36.03,36.58,35.16,36.1,19812.0,,raw
2019-10-22,36.4,38.32,36.14,38.28,45242.0,,raw
2019-10-23,38.28,38.47,37.61,37.81,29037.0,,raw
2019-10-24,37.69,37.98,36.7,37.5,23773.0,,raw
2019-10-25,37.4,37.93,36.61,37.8,27682.0,,raw
2019-10-28,37.89,38.67,37.32,38.25,44623.0,,raw
2019-10-29,38.09,38.09,36.1,36.2,40459.0,,raw
2019-10-30,35.92,36.74,35.56,35.9,18951.0,,raw
2019-10-31,35.88,36.77,35.41,35.44,21978.0,,raw
2019-11-01,35.8,36.19,34.76,35.07,33154.0,,raw
2019-11-04,35.3,36.24,35.14,35.8,26582.0,,raw
2019-11-05,35.88,36.25,34.91,35.27,23731.0,,raw
2019-11-06,35.2,35.34,34.06,34.2,24438.0,,raw
2019-11-07,34.33,34.88,34.11,34.49,15806.0,,raw
2019-11-08,34.69,35.32,34.61,34.65,19485.0,,raw
2019-11-11,34.16,34.26,33.2,33.49,23722.0,,raw
2019-11-12,33.63,33.85,33.0,33.65,17143.0,,raw
2019-11-13,33.75,33.93,33.27,33.78,13648.0,,raw
2019-11-14,33.9,34.23,33.48,34.1,21421.0,,raw
2019-11-15,34.0,34.21,33.36,33.53,16778.0,,raw
2019-11-18,33.84,34.18,33.36,33.92,15001.0,,raw
2019-11-19,33.85,36.18,33.65,35.98,49588.0,,raw
2019-11-20,35.79,36.2,35.38,35.6,26838.0,,raw
2019-11-21,35.64,35.75,35.0,35.21,16113.0,,raw
2019-11-22,35.4,36.35,34.62,35.34,29717.0,,raw
2019-11-25,35.65,35.65,31.93,32.41,52146.0,,raw
2019-11-26,32.48,32.95,31.49,31.9,24052.0,,raw
2019-11-27,31.42,32.49,31.42,32.2,17057.0,,raw
2019-11-28,32.21,32.8,32.09,32.48,14754.0,,raw
2019-11-29,32.44,33.06,32.25,32.71,15897.0,,raw
2019-12-02,32.85,33.2,32.38,32.8,12645.0,,raw
2019-12-03,32.38,34.08,32.02,34.0,19442.0,,raw
2019-12-04,33.51,34.16,33.3,33.6,15223.0,,raw
2019-12-05,33.71,34.65,33.48,34.48,19450.0,,raw
2019-12-06,34.49,35.3,34.35,35.08,18617.0,,raw
2019-12-09,35.15,35.48,34.81,35.1,17930.0,,raw
2019-12-10,34.97,35.38,34.7,35.0,13149.0,,raw
2019-12-11,35.0,35.55,34.56,34.79,18522.0,,raw
2019-12-12,35.06,35.93,34.87,35.09,20266.0,,raw
2019-12-13,35.62,35.7,35.03,35.36,18340.0,,raw
2019-12-16,35.55,37.15,35.47,36.85,37257.0,,raw
2019-12-17,37.3,38.1,36.86,37.6,40071.0,,raw
2019-12-18,37.52,37.78,36.88,36.89,32151.0,,raw
2019-12-19,37.0,37.27,36.59,37.05,20640.0,,raw
2019-12-20,37.19,37.6,36.78,37.11,19383.0,,raw
2019-12-23,36.94,36.94,36.0,36.14,22783.0,,raw
2019-12-24,36.45,37.3,36.08,37.24,19634.0,,raw
2019-12-25,37.1,37.53,36.9,37.2,19499.0,,raw
2019-12-26,37.2,37.99,37.02,37.49,22954.0,,raw
2019-12-27,37.8,37.97,36.3,36.52,24076.0,,raw
2019-12-30,36.09,36.99,35.25,36.4,17779.0,,raw
2019-12-31,36.37,38.77,36.28,38.26,46734.0,,raw
2020-01-02,38.39,38.75,37.91,38.35,32957.0,,raw
2020-01-03,38.4,38.88,38.02,38.51,28132.0,,raw
2020-01-06,38.75,39.51,38.23,38.63,38095.0,,raw
2020-01-07,39.03,39.03,38.11,38.52,23818.0,,raw
2020-01-08,38.4,38.49,36.68,36.94,42037.0,,raw
2020-01-09,37.5,38.45,37.12,38.44,36346.0,,raw
2020-01-10,38.55,39.66,38.3,39.26,37190.0,,raw
2020-01-13,39.22,39.87,38.63,39.87,27870.0,,raw
2020-01-14,39.83,39.87,38.78,38.89,24944.0,,raw
2020-01-15,38.86,39.58,38.75,39.22,19335.0,,raw
2020-01-16,39.45,39.86,38.9,39.27,20436.0,,raw
2020-01-17,38.33,38.33,36.77,37.65,73656.0,,raw
2020-01-20,37.62,39.9,37.38,39.1,68666.0,,raw
2020-01-21,39.0,39.44,38.12,38.15,37066.0,,raw
2020-01-22,38.11,39.89,37.01,39.45,47268.0,,raw
2020-01-23,38.74,40.18,37.48,37.79,50395.0,,raw
2020-02-03,34.01,34.01,34.01,34.01,7212.0,,raw
2020-02-04,32.0,34.59,32.0,34.33,43967.0,,raw
2020-02-05,34.35,35.47,33.88,34.61,42916.0,,raw
2020-02-06,34.4,37.3,34.4,36.87,45231.0,,raw
2020-02-07,36.9,40.56,36.43,40.56,67177.0,,raw
2020-02-10,41.32,42.86,40.3,42.09,81038.0,,raw
2020-02-11,41.8,42.79,40.8,41.08,47893.0,,raw
2020-02-12,40.59,42.84,40.32,41.83,69147.0,,raw
2020-02-13,42.25,42.25,40.53,40.97,36689.0,,raw
2020-02-14,40.83,41.73,40.58,40.95,33104.0,,raw
2020-02-17,41.49,44.6,41.25,44.09,79364.0,,raw
2020-02-18,43.9,44.34,43.0,44.32,42030.0,,raw
2020-02-19,43.94,44.2,42.8,43.15,33845.0,,raw
2020-02-20,43.06,44.17,42.01,43.84,36576.0,,raw
2020-02-21,42.53,44.77,42.52,43.65,50707.0,,raw
2020-02-24,44.24,48.02,44.23,48.02,60419.0,,raw
2020-02-25,47.89,52.82,47.5,52.82,97404.0,,raw
2020-02-26,53.15,55.8,50.08,52.73,105477.0,,raw
2020-02-27,53.8,55.0,50.98,51.77,93757.0,,raw
2020-02-28,47.85,49.8,46.59,46.65,70141.0,,raw
2020-03-02,47.8,51.32,46.18,51.32,89924.0,,raw
2020-03-03,53.0,54.93,48.93,49.73,82337.0,,raw
2020-03-04,49.38,50.5,47.41,48.42,53485.0,,raw
2020-03-05,51.68,51.8,46.6,47.43,65893.0,,raw
2020-03-06,46.07,48.1,46.01,46.87,41157.0,,raw
2020-03-09,45.98,48.69,45.6,46.38,62482.0,,raw
2020-03-10,45.85,50.0,45.28,49.43,56373.0,,raw
2020-03-11,49.46,52.68,49.01,49.41,72054.0,,raw
2020-03-12,48.5,51.0,47.74,51.0,47278.0,,raw
2020-03-13,48.75,52.68,48.3,51.74,53153.0,,raw
2020-03-16,52.19,52.34,46.57,46.57,49653.0,,raw
2020-03-17,47.56,48.0,45.0,46.69,35242.0,,raw
2020-03-18,46.85,48.58,45.35,45.35,33677.0,,raw
2020-03-19,45.85,49.89,45.0,49.89,58748.0,,raw
2020-03-20,51.0,51.08,46.89,48.45,59358.0,,raw
2020-03-23,46.61,49.89,46.61,47.05,42496.0,,raw
2020-03-24,48.5,48.93,43.95,46.18,55026.0,,raw
2020-03-25,47.53,47.78,46.5,46.9,43653.0,,raw
2020-03-26,47.0,47.0,44.6,44.9,33570.0,,raw
2020-03-27,45.86,46.1,43.0,43.0,32719.0,,raw
2020-03-30,42.47,42.47,39.5,40.19,38990.0,,raw
2020-03-31,40.89,41.11,38.87,39.0,29974.0,,raw
2020-04-01,39.1,41.3,38.33,39.7,40133.0,,raw
2020-04-02,40.0,43.1,39.2,42.5,40162.0,,raw
2020-04-03,42.7,43.45,42.22,42.69,28826.0,,raw
2020-04-07,43.84,44.17,43.28,43.85,21920.0,,raw
2020-04-08,44.05,45.87,43.5,45.01,34801.0,,raw
2020-04-09,45.5,45.5,43.98,44.41,24584.0,,raw
2020-04-10,46.1,47.47,44.99,45.55,54200.0,,raw
2020-04-13,45.53,47.28,45.02,45.64,29552.0,,raw
2020-04-14,45.64,47.25,45.14,46.91,37262.0,,raw
2020-04-15,47.03,47.22,46.1,46.42,23527.0,,raw
2020-04-16,45.84,47.25,45.47,46.8,20165.0,,raw
2020-04-17,47.43,48.35,47.01,47.29,25298.0,,raw
2020-04-20,46.99,49.2,46.51,48.6,28727.0,,raw
2020-04-21,48.27,48.98,47.54,48.6,20946.0,,raw
2020-04-22,48.01,49.35,47.84,48.81,17466.0,,raw
2020-04-23,48.99,48.99,47.0,47.52,23057.0,,raw
2020-04-24,47.4,50.9,47.4,48.55,47334.0,,raw
2020-04-27,48.6,53.41,48.6,53.18,62016.0,,raw
2020-04-28,51.8,51.81,47.86,49.56,68858.0,,raw
2020-04-29,49.37,49.86,47.91,48.64,30509.0,,raw
2020-04-30,49.03,53.2,48.7,52.07,42774.0,,raw
2020-05-06,51.71,53.34,51.34,52.9,49871.0,,raw
2020-05-07,53.55,54.88,51.06,51.21,48536.0,,raw
2020-05-08,51.73,52.22,51.11,51.63,32407.0,,raw
2020-05-11,51.58,52.52,50.65,50.68,34354.0,,raw
2020-05-12,51.02,51.04,49.52,50.81,27740.0,,raw
2020-05-13,50.82,50.97,49.7,50.6,21334.0,,raw
2020-05-14,50.69,50.95,49.3,49.53,25264.0,,raw
2020-05-15,49.67,51.14,49.12,50.42,28406.0,,raw
2020-05-18,50.18,50.48,47.17,47.28,46554.0,,raw
2020-05-19,47.76,49.2,47.72,48.85,26246.0,,raw
2020-05-20,49.44,49.5,47.7,48.19,22829.0,,raw
2020-05-21,48.59,48.59,46.43,46.66,25263.0,,raw
2020-05-22,46.96,47.38,45.3,45.6,22926.0,,raw
2020-05-25,45.74,46.74,45.03,46.33,22396.0,,raw
2020-05-26,46.5,48.01,46.32,47.84,22554.0,,raw
2020-05-27,47.56,47.94,46.92,47.19,13891.0,,raw
2020-05-28,46.86,47.7,46.47,47.1,14133.0,,raw
2020-05-29,47.11,47.45,46.45,46.66,16527.0,,raw
2020-06-01,47.16,48.72,47.16,48.56,29407.0,,raw
2020-06-02,48.56,48.7,47.6,47.99,22833.0,,raw
2020-06-03,48.11,48.25,46.68,47.05,32231.0,,raw
2020-06-04,46.71,48.81,46.71,47.85,25484.0,,raw
2020-06-05,47.93,48.02,46.51,47.38,19466.0,,raw
2020-06-08,47.68,48.55,47.31,47.51,21580.0,,raw
2020-06-09,47.36,47.69,46.68,47.2,13443.0,,raw
2020-06-10,47.13,50.88,46.33,47.88,32101.0,,raw
2020-06-11,47.82,48.49,47.13,47.76,28387.0,,raw
2020-06-12,47.0,48.38,46.4,48.32,27667.0,,raw
2020-06-15,48.38,50.3,48.12,48.37,43718.0,,raw
2020-06-16,49.02,52.3,49.02,52.3,60844.0,,raw
2020-06-17,52.64,52.65,50.1,52.49,54253.0,,raw
2020-06-18,52.01,55.62,51.72,54.7,66524.0,,raw
2020-06-19,54.54,54.54,53.41,54.08,41130.0,,raw
2020-06-22,54.0,55.6,53.71,54.51,41081.0,,raw
2020-06-23,54.4,55.38,53.9,55.28,30547.0,,raw
2020-06-24,55.05,56.15,54.69,55.13,25951.0,,raw
2020-06-29,54.28,57.89,54.26,56.65,37936.0,,raw
2020-06-30,57.46,60.82,56.8,59.55,44724.0,,raw
2020-07-01,59.8,59.8,56.58,57.85,45298.0,,raw
2020-07-02,57.5,58.85,57.35,58.2,33619.0,,raw
2020-07-03,58.6,58.9,56.57,57.96,35032.0,,raw
2020-07-06,58.0,60.19,57.06,59.5,38226.0,,raw
2020-07-07,59.31,62.26,58.78,60.2,44546.0,,raw
2020-07-08,59.7,61.52,58.6,60.0,43719.0,,raw
2020-07-09,60.9,65.69,60.11,64.38,49528.0,,raw
2020-07-10,63.64,64.87,62.12,63.59,35289.0,,raw
2020-07-13,67.0,69.95,67.0,69.95,21415.0,,raw
2020-07-14,73.0,75.08,69.95,72.06,86571.0,,raw
2020-07-15,69.9,71.1,65.1,66.07,61171.0,,raw
2020-07-16,66.0,68.38,63.36,63.37,48586.0,,raw
2020-07-17,64.51,67.95,64.01,67.05,41799.0,,raw
2020-07-20,67.37,67.99,64.0,67.84,37121.0,,raw
2020-07-21,67.15,68.86,65.15,68.35,31984.0,,raw
2020-07-22,68.21,72.0,67.21,68.85,40816.0,,raw
2020-07-23,67.5,70.77,67.08,69.99,31387.0,,raw
2020-07-24,69.9,70.49,65.0,65.1,38222.0,,raw
2020-07-27,66.0,68.3,65.0,65.88,25947.0,,raw
2020-07-28,67.21,72.2,66.59,71.78,36875.0,,raw
2020-07-29,71.0,72.08,70.12,72.07,31947.0,,raw
2020-07-30,72.07,72.07,68.8,69.88,32121.0,,raw
2020-07-31,69.87,73.09,69.39,70.75,39003.0,,raw
2020-08-03,71.47,72.31,69.8,71.54,50387.0,,raw
2020-08-04,71.22,75.53,70.78,74.58,50216.0,,raw
2020-08-05,75.29,75.49,72.0,73.93,25107.0,,raw
2020-08-06,74.4,74.4,72.1,73.26,21518.0,,raw
2020-08-07,73.97,73.99,69.6,71.07,31791.0,,raw
2020-08-10,71.0,72.68,69.6,69.94,25114.0,,raw
2020-08-11,70.5,72.98,68.0,68.2,27896.0,,raw
2020-08-12,68.36,69.2,65.01,67.16,34486.0,,raw
2020-08-13,66.89,67.89,65.1,65.84,23550.0,,raw
2020-08-14,66.74,68.3,66.03,67.4,18449.0,,raw
2020-08-17,68.2,68.2,65.17,66.55,33858.0,,raw
2020-08-18,67.2,68.14,62.5,63.59,69815.0,,raw
2020-08-19,64.34,64.83,63.03,63.5,39454.0,,raw
2020-08-20,62.57,64.23,61.32,63.5,28345.0,,raw
2020-08-21,63.6,65.56,63.31,63.74,27287.0,,raw
2020-08-24,63.79,67.29,62.97,66.58,41976.0,,raw
2020-08-25,67.21,68.85,66.22,67.38,34774.0,,raw
2020-08-26,66.8,67.25,64.3,64.82,25443.0,,raw
2020-08-27,64.5,67.43,64.5,67.03,22584.0,,raw
2020-08-28,66.7,67.4,65.66,67.31,20395.0,,raw
2020-08-31,68.26,68.34,66.58,66.58,17723.0,,raw
2020-09-01,66.6,66.99,64.78,66.3,23667.0,,raw
2020-09-02,66.51,67.18,65.07,66.53,19627.0,,raw
2020-09-03,66.64,66.85,64.58,64.82,19407.0,,raw
2020-09-04,63.22,65.4,63.22,64.89,16819.0,,raw
2020-09-07,65.07,65.7,62.82,63.0,19861.0,,raw
2020-09-08,63.09,65.17,60.59,61.1,29051.0,,raw
2020-09-09,58.49,60.19,56.36,58.51,39846.0,,raw
2020-09-10,58.59,59.57,56.9,57.29,21655.0,,raw
2020-09-11,56.35,58.86,56.35,58.5,20797.0,,raw
2020-09-14,58.5,60.0,58.1,58.97,26309.0,,raw
2020-09-15,59.88,59.88,57.9,58.33,20180.0,,raw
2020-09-16,58.58,59.58,57.81,58.22,14441.0,,raw
2020-09-17,57.85,59.55,57.4,58.82,21342.0,,raw
2020-09-18,59.0,59.26,57.74,59.03,21840.0,,raw
2020-09-21,59.12,59.69,57.54,57.79,21109.0,,raw
2020-09-22,57.87,58.65,57.0,57.28,13148.0,,raw
2020-09-23,57.98,59.2,57.4,58.07,16592.0,,raw
2020-09-24,57.68,58.1,55.81,55.83,18304.0,,raw
2020-09-25,56.28,57.98,55.73,56.09,21446.0,,raw
2020-09-28,56.8,57.7,55.3,55.63,18310.0,,raw
2020-09-29,56.03,57.28,55.7,56.72,17655.0,,raw
2020-09-30,56.55,56.99,55.53,56.19,19891.0,,raw
2020-10-09,57.3,58.96,56.18,56.5,34608.0,,raw
2020-10-12,56.65,60.76,56.65,60.29,45448.0,,raw
2020-10-13,60.48,60.7,59.13,60.23,22648.0,,raw
2020-10-14,60.0,61.5,59.61,61.12,27728.0,,raw
2020-10-15,61.12,61.78,60.41,60.71,21639.0,,raw
2020-10-16,60.53,60.91,59.21,59.4,21410.0,,raw
2020-10-19,62.79,65.38,58.05,58.78,65481.0,,raw
2020-10-20,57.77,58.14,55.5,56.77,42648.0,,raw
2020-10-21,57.17,58.28,55.5,55.9,35469.0,,raw
2020-10-22,55.89,56.65,55.15,55.46,26328.0,,raw
2020-10-23,56.1,59.15,56.1,57.51,57935.0,,raw
2020-10-26,57.32,60.3,57.18,59.62,42294.0,,raw
2020-10-27,59.55,60.75,59.1,59.9,27540.0,,raw
2020-10-28,60.04,61.29,59.3,60.49,33210.0,,raw
2020-10-29,59.3,61.0,58.6,60.32,28444.0,,raw
2020-10-30,60.99,61.7,59.0,59.2,30725.0,,raw
2020-11-02,59.9,61.21,57.91,60.69,29952.0,,raw
2020-11-03,61.1,64.62,59.8,63.96,34071.0,,raw
2020-11-04,63.95,63.98,61.38,62.48,30850.0,,raw
2020-11-05,63.54,71.17,61.64,67.42,68170.0,,raw
2020-11-06,67.1,67.5,65.06,66.03,42791.0,,raw
2020-11-09,66.99,70.48,66.2,66.87,54788.0,,raw
2020-11-10,66.22,66.6,63.78,64.3,31365.0,,raw
2020-11-11,64.53,65.67,62.58,63.01,27110.0,,raw
2020-11-12,63.7,64.09,62.0,62.53,19633.0,,raw
2020-11-13,62.22,63.01,61.02,61.74,21113.0,,raw
2020-11-16,61.7,62.3,59.78,61.11,24525.0,,raw
2020-11-17,61.32,61.5,58.03,59.16,29528.0,,raw
2020-11-18,58.99,59.7,58.15,58.55,18806.0,,raw
2020-11-19,58.66,59.88,57.0,59.0,24106.0,,raw
2020-11-20,59.0,59.78,58.62,58.92,15810.0,,raw
2020-11-23,58.4,59.48,56.72,58.21,27652.0,,raw
2020-11-24,58.2,59.66,58.2,58.56,26121.0,,raw
2020-11-25,58.21,59.78,57.03,58.92,27846.0,,raw
2020-11-26,58.26,59.26,57.0,57.43,22883.0,,raw
2020-11-27,57.54,58.75,57.4,58.18,16451.0,,raw
2020-11-30,58.32,58.69,56.5,56.61,25943.0,,raw
2020-12-01,56.72,57.95,56.1,57.19,22558.0,,raw
2020-12-02,57.46,58.91,57.0,57.85,28369.0,,raw
2020-12-03,57.75,58.38,56.7,56.9,18111.0,,raw
2020-12-04,56.56,57.41,56.56,57.24,11504.0,,raw
2020-12-07,57.52,57.85,56.9,56.98,17597.0,,raw
2020-12-08,56.85,57.5,56.61,56.98,13923.0,,raw
2020-12-09,57.29,57.29,55.3,55.47,25181.0,,raw
2020-12-10,55.56,55.85,53.88,54.36,23084.0,,raw
2020-12-11,54.75,54.75,51.8,52.53,33219.0,,raw
2020-12-14,52.77,53.27,52.02,52.99,22127.0,,raw
2020-12-15,52.83,54.16,52.13,53.66,21248.0,,raw
2020-12-16,53.64,54.44,53.0,53.19,18102.0,,raw
2020-12-17,53.6,54.15,52.59,54.15,15482.0,,raw
2020-12-18,54.45,54.45,53.02,53.12,13569.0,,raw
2020-12-21,52.84,54.1,52.71,53.4,14241.0,,raw
2020-12-22,53.05,53.55,49.02,49.25,42817.0,,raw
2020-12-23,49.33,51.99,49.32,51.62,44331.0,,raw
2020-12-24,51.98,52.43,50.13,50.75,22817.0,,raw
2020-12-25,51.2,51.2,49.25,49.73,15857.0,,raw
2020-12-28,49.69,50.13,47.75,48.07,28755.0,,raw
2020-12-29,48.01,53.23,47.75,52.84,50356.0,,raw
2020-12-30,52.0,52.93,50.5,52.32,38129.0,,raw
2020-12-31,52.1,53.74,51.81,53.33,31440.0,,raw
2021-01-04,53.7,55.37,53.66,54.33,37098.0,,raw
2021-01-05,55.0,56.23,54.01,54.83,39582.0,,raw
2021-01-06,54.85,55.22,51.79,51.85,59389.0,,raw
2021-01-07,51.75,52.24,48.57,49.36,47791.0,,raw
2021-01-08,49.04,51.13,48.8,49.31,52350.0,,raw
2021-01-11,49.31,50.82,48.05,49.74,44399.0,,raw
2021-01-12,49.22,50.6,48.3,48.56,54881.0,,raw
2021-01-13,48.63,50.3,47.93,50.05,49133.0,,raw
2021-01-14,50.09,51.61,49.36,49.98,58599.0,,raw
2021-01-15,50.0,50.49,48.88,50.07,37866.0,,raw
2021-01-18,49.97,53.28,48.83,52.61,50752.0,,raw
2021-01-19,52.39,52.8,49.41,49.59,57911.0,,raw
2021-01-20,49.8,50.77,49.02,50.46,30541.0,,raw
2021-01-21,50.06,50.63,49.45,49.85,32295.0,,raw
2021-01-22,50.23,50.69,46.5,47.45,62110.0,,raw
2021-01-25,47.01,47.86,45.84,46.09,43415.0,,raw
2021-01-26,46.53,46.63,44.1,44.47,61020.0,,raw
2021-01-27,44.8,49.26,44.64,48.98,76795.0,,raw
2021-01-28,48.71,49.77,48.1,48.54,43645.0,,raw
2021-01-29,49.4,50.0,47.45,49.11,37292.0,,raw
2021-02-01,48.81,49.47,46.79,47.66,40693.0,,raw
2021-02-02,47.8,48.3,47.0,47.64,29333.0,,raw
2021-02-03,47.73,47.73,45.35,45.42,38777.0,,raw
2021-02-04,45.0,45.41,41.25,42.2,78488.0,,raw
2021-02-05,42.56,42.8,40.0,40.24,45520.0,,raw
2021-02-08,40.6,41.56,39.72,40.55,38961.0,,raw
2021-02-09,40.38,41.85,39.8,41.62,29976.0,,raw
2021-02-10,41.8,44.48,40.98,43.61,49741.0,,raw
2021-02-18,44.0,45.86,43.88,45.23,33672.0,,raw
2021-02-19,45.5,47.76,44.9,46.95,34527.0,,raw
2021-02-22,47.14,47.67,46.04,46.2,34445.0,,raw
2021-02-23,46.75,47.39,45.29,45.7,25683.0,,raw
2021-02-24,45.65,46.46,45.05,45.53,24797.0,,raw
2021-02-25,46.3,46.3,44.56,44.59,18376.0,,raw
2021-02-26,44.39,45.49,43.93,44.71,22123.0,,raw
2021-03-01,44.78,46.29,44.52,45.9,28686.0,,raw
2021-03-02,45.9,46.27,44.69,45.11,20004.0,,raw
2021-03-03,45.2,45.26,43.6,44.32,26509.0,,raw
2021-03-04,44.48,45.15,43.15,43.24,22305.0,,raw
2021-03-05,42.99,43.68,42.69,43.12,19200.0,,raw
2021-03-08,43.5,44.27,41.75,41.91,23669.0,,raw
2021-03-09,41.76,41.9,40.0,40.15,24977.0,,raw
2021-03-10,40.5,40.66,39.43,39.6,22300.0,,raw
2021-03-11,39.51,40.23,38.98,40.14,24730.0,,raw
2021-03-12,40.18,40.2,39.05,39.7,17010.0,,raw
2021-03-15,39.65,39.88,38.18,38.85,22623.0,,raw
2021-03-16,39.19,39.5,38.12,38.5,25279.0,,raw
2021-03-17,38.59,39.56,38.03,38.65,25508.0,,raw
2021-03-18,38.88,38.98,38.04,38.11,20138.0,,raw
2021-03-19,38.06,38.72,37.21,37.52,21182.0,,raw
2021-03-22,37.48,39.03,37.38,38.79,30466.0,,raw
2021-03-23,38.69,40.27,38.42,39.3,45117.0,,raw
2021-03-24,38.98,39.74,38.45,38.97,27639.0,,raw
2021-03-25,38.96,40.11,38.6,39.86,21010.0,,raw
2021-03-26,40.39,40.43,39.43,39.96,29817.0,,raw
2021-03-29,39.77,40.68,39.64,39.78,21208.0,,raw
2021-03-30,39.9,40.39,39.6,39.96,19251.0,,raw
2021-03-31,40.27,41.49,39.71,41.3,23476.0,,raw
2021-04-01,41.29,41.46,40.82,41.33,14583.0,,raw
2021-04-02,41.5,42.85,41.28,41.9,28062.0,,raw
2021-04-06,41.91,42.18,41.16,41.45,14361.0,,raw
2021-04-07,41.34,41.81,40.37,40.98,24723.0,,raw
2021-04-08,41.14,41.34,40.21,40.22,14473.0,,raw
2021-04-09,40.53,40.6,39.85,40.09,13033.0,,raw
2021-04-12,40.05,40.35,38.85,39.07,13912.0,,raw
2021-04-13,39.18,39.44,38.63,38.78,11177.0,,raw
2021-04-14,38.67,40.55,38.42,40.24,17761.0,,raw
2021-04-15,40.24,41.22,39.7,40.78,13574.0,,raw
2021-04-16,40.78,41.05,40.05,40.14,19353.0,,raw
2021-04-19,40.5,41.4,40.1,41.37,17641.0,,raw
2021-04-20,41.45,41.45,39.77,39.79,24254.0,,raw
2021-04-21,39.56,39.73,39.0,39.25,12949.0,,raw
2021-04-22,39.29,41.49,39.14,41.12,26428.0,,raw
2021-04-23,43.3,47.47,43.3,44.92,92917.0,,raw
2021-04-26,44.8,46.29,44.4,45.77,61900.0,,raw
2021-04-27,45.8,47.26,45.7,46.11,47630.0,,raw
2021-04-28,46.16,46.25,45.3,45.6,30931.0,,raw
2021-04-29,45.39,45.85,44.77,44.89,27739.0,,raw
2021-04-30,44.82,45.18,42.6,42.6,43893.0,,raw
2021-05-06,43.0,43.69,42.39,43.01,27136.0,,raw
2021-05-07,43.06,43.32,41.5,41.53,21384.0,,raw
2021-05-10,41.41,41.76,39.88,40.26,35372.0,,raw
2021-05-11,39.91,40.61,39.5,39.95,31930.0,,raw
2021-05-12,40.46,41.14,39.7,40.84,27128.0,,raw
2021-05-13,40.4,43.13,40.2,42.25,43824.0,,raw
2021-05-14,42.42,43.49,42.22,43.3,31630.0,,raw
2021-05-17,43.0,43.66,42.8,43.28,34283.0,,raw
2021-05-18,43.41,43.68,42.17,43.41,27753.0,,raw
2021-05-19,43.38,43.78,42.7,42.91,25612.0,,raw
2021-05-20,42.89,44.47,42.65,44.03,29245.0,,raw
2021-05-21,44.12,44.45,42.82,43.03,33404.0,,raw
2021-05-24,42.87,44.22,42.8,44.18,23151.0,,raw
2021-05-25,44.02,45.21,43.86,45.06,35972.0,,raw
2021-05-26,45.34,45.46,44.36,44.52,22784.0,,raw
2021-05-27,44.5,47.38,44.27,46.91,57276.0,,raw
2021-05-28,46.81,48.39,46.63,46.88,41456.0,,raw
2021-05-31,47.06,47.65,46.58,47.1,29202.0,,raw
2021-06-01,47.19,49.17,46.62,47.65,47069.0,,raw
2021-06-02,47.15,47.97,46.05,46.31,25964.0,,raw
2021-06-03,46.18,48.17,46.18,47.09,36565.0,,raw
2021-06-04,47.33,48.85,47.1,48.37,39693.0,,raw
2021-06-07,49.0,49.73,48.0,49.55,42408.0,,raw
2021-06-08,49.4,49.43,48.45,48.85,27908.0,,raw
2021-06-09,48.58,49.18,47.28,47.83,25316.0,,raw
2021-06-10,47.6,48.02,47.1,48.02,31688.0,,raw
2021-06-11,47.99,49.12,47.61,48.75,42574.0,,raw
2021-06-15,48.74,49.52,48.15,48.88,23157.0,,raw
2021-06-16,48.4,49.75,46.88,47.26,42253.0,,raw
2021-06-17,47.2,49.09,46.95,48.9,30180.0,,raw
2021-06-18,49.59,51.25,49.35,49.52,42497.0,,raw
2021-06-21,49.55,49.94,49.0,49.07,26406.0,,raw
2021-06-22,49.21,49.45,48.28,48.3,32809.0,,raw
2021-06-23,48.53,51.13,48.2,50.69,51661.0,,raw
2021-06-24,51.05,51.16,48.82,48.88,36752.0,,raw
2021-06-25,25.95,27.2,25.88,26.23,50948.0,,raw
2021-06-28,26.06,27.2,26.03,27.0,60854.0,,raw
2021-06-29,27.02,27.02,25.53,25.6,60158.0,,raw
2021-06-30,25.55,26.21,24.71,25.32,68728.0,,raw
2021-07-01,25.6,25.61,24.19,24.19,53886.0,,raw
2021-07-02,24.19,24.55,23.81,23.91,39147.0,,raw
2021-07-05,23.91,24.29,23.12,24.05,55328.0,,raw
2021-07-06,23.79,24.04,22.98,23.31,49786.0,,raw
2021-07-07,23.38,23.74,22.81,23.74,62217.0,,raw
2021-07-08,23.57,24.15,22.94,24.15,68150.0,,raw
2021-07-09,23.9,25.23,23.81,24.52,75618.0,,raw
2021-07-12,24.52,27.72,24.33,27.36,173798.0,,raw
2021-07-13,27.23,27.3,26.46,26.79,107283.0,,raw
2021-07-14,26.89,27.49,26.45,26.51,78528.0,,raw
2021-07-15,26.73,27.0,24.96,25.65,109713.0,,raw
2021-07-16,25.98,25.99,25.21,25.38,58296.0,,raw
2021-07-19,25.04,28.08,24.78,27.46,139585.0,,raw
2021-07-20,27.08,27.86,26.85,27.73,101358.0,,raw
2021-07-21,28.15,28.3,27.18,27.2,105150.0,,raw
2021-07-22,27.01,28.14,26.82,27.47,99973.0,,raw
2021-07-23,27.37,29.38,26.93,28.86,162022.0,,raw
2021-07-26,28.62,29.19,27.4,28.15,118654.0,,raw
2021-07-27,28.05,30.81,28.05,29.09,193664.0,,raw
2021-07-28,28.8,31.63,28.52,30.9,218719.0,,raw
2021-07-29,31.7,35.33,30.15,34.33,254303.0,,raw
2021-07-30,32.8,37.37,32.6,34.01,241530.0,,raw
2021-08-02,33.9,36.68,33.3,36.35,197269.0,,raw
2021-08-03,35.64,36.46,33.82,33.85,182180.0,,raw
2021-08-04,33.02,34.03,32.26,33.73,271907.0,,raw
2021-08-05,33.3,33.8,31.95,32.18,180519.0,,raw
2021-08-06,32.31,32.63,30.77,31.2,165994.0,,raw
2021-08-09,31.08,32.15,30.97,31.35,119769.0,,raw
2021-08-10,31.57,31.98,30.88,31.9,106982.0,,raw
2021-08-11,31.94,33.65,31.8,33.62,201499.0,,raw
2021-08-12,33.01,33.32,32.51,32.62,114639.0,,raw
2021-08-13,32.1,32.48,29.93,30.0,165530.0,,raw
2021-08-16,29.77,30.49,29.48,29.92,81335.0,,raw
2021-08-17,29.92,29.99,28.51,28.54,102680.0,,raw
2021-08-18,28.54,28.89,27.77,28.51,85432.0,,raw
2021-08-19,28.75,30.4,28.59,30.05,118362.0,,raw
2021-08-20,29.97,30.0,29.01,29.75,88469.0,,raw
2021-08-23,29.4,30.47,29.0,29.92,78225.0,,raw
2021-08-24,27.3,28.3,26.46,27.72,230630.0,,raw
2021-08-25,27.7,29.16,27.5,28.47,105451.0,,raw
2021-08-26,28.3,28.42,27.0,27.16,93150.0,,raw
2021-08-27,27.38,27.38,26.55,26.84,65837.0,,raw
2021-08-30,26.9,27.36,26.11,27.23,80457.0,,raw
2021-08-31,27.26,27.3,26.05,26.29,70034.0,,raw
2021-09-01,26.26,26.9,26.02,26.66,61360.0,,raw
2021-09-02,26.31,26.66,26.11,26.48,48985.0,,raw
2021-09-03,26.81,28.06,26.56,27.21,78712.0,,raw
2021-09-06,27.5,28.8,27.05,28.63,104216.0,,raw
2021-09-07,28.63,29.11,28.15,28.6,67294.0,,raw
2021-09-08,28.45,29.67,28.13,29.47,85370.0,,raw
2021-09-09,29.59,30.48,29.02,29.29,94469.0,,raw
2021-09-10,29.4,29.7,28.23,29.36,90613.0,,raw
2021-09-13,29.24,29.27,27.81,28.0,68854.0,,raw
2021-09-14,28.29,28.5,27.33,27.55,64675.0,,raw
2021-09-15,27.5,28.05,27.25,27.65,40931.0,,raw
2021-09-16,27.55,27.67,26.29,26.4,64512.0,,raw
2021-09-17,26.4,26.97,25.5,26.79,59050.0,,raw
2021-09-22,26.3,26.66,25.95,26.13,30693.0,,raw
2021-09-23,26.3,27.32,26.29,27.08,39925.0,,raw
2021-09-24,26.9,27.23,26.3,26.44,31375.0,,raw
2021-09-27,27.11,27.67,25.74,25.8,46152.0,,raw
2021-09-28,25.72,26.19,24.99,25.45,35955.0,,raw
2021-09-29,25.2,25.42,24.21,24.26,44301.0,,raw
2021-09-30,24.38,25.29,24.28,24.53,42593.0,,raw
2021-10-08,24.93,25.35,24.75,25.16,29058.0,,raw
2021-10-11,25.21,26.2,24.89,25.8,39418.0,,raw
2021-10-12,25.72,26.0,24.71,25.1,36339.0,,raw
2021-10-13,25.1,26.18,24.94,26.07,41076.0,,raw
2021-10-14,26.1,26.1,25.35,25.42,38383.0,,raw
2021-10-15,25.51,26.37,25.38,25.93,41206.0,,raw
2021-10-18,25.75,26.48,25.47,25.64,44196.0,,raw
2021-10-19,25.64,26.0,24.8,25.02,43299.0,,raw
2021-10-20,25.29,25.35,24.83,24.87,33105.0,,raw
2021-10-21,24.97,25.02,24.13,24.39,42018.0,,raw
2021-10-22,24.19,24.74,24.16,24.47,23265.0,,raw
2021-10-25,24.48,25.02,24.0,25.02,34049.0,,raw
2021-10-26,24.95,28.19,24.89,26.99,166140.0,,raw
2021-10-27,26.92,27.25,25.01,25.87,111020.0,,raw
2021-10-28,25.74,26.0,25.05,25.2,43279.0,,raw
2021-10-29,25.4,26.15,25.22,25.65,38748.0,,raw
2021-11-01,25.33,25.97,25.15,25.95,39144.0,,raw
2021-11-02,26.0,27.15,25.64,26.92,84246.0,,raw
2021-11-03,27.0,27.05,26.21,26.65,38322.0,,raw
2021-11-04,26.62,26.9,26.52,26.7,34248.0,,raw
2021-11-05,26.74,26.98,26.36,26.77,39132.0,,raw
2021-11-08,26.6,27.65,26.37,27.44,49009.0,,raw
2021-11-09,27.49,27.77,27.0,27.45,50118.0,,raw
2021-11-10,27.28,28.12,26.96,27.99,48918.0,,raw
2021-11-11,27.93,28.09,27.66,27.73,39634.0,,raw
2021-11-12,27.64,27.89,27.36,27.48,36561.0,,raw
2021-11-15,27.67,28.3,27.47,28.22,60811.0,,raw
2021-11-16,28.18,29.3,27.58,27.8,83350.0,,raw
2021-11-17,27.32,28.99,27.32,28.79,81810.0,,raw
2021-11-18,28.7,29.65,28.58,28.7,70546.0,,raw
2021-11-19,28.66,29.58,28.65,29.16,53403.0,,raw
2021-11-22,29.1,30.99,28.91,30.39,79396.0,,raw
2021-11-23,30.55,36.33,30.55,34.69,357924.0,,raw
2021-11-24,35.0,35.88,34.0,35.23,166317.0,,raw
2021-11-25,35.11,35.58,32.47,32.81,189064.0,,raw
2021-11-26,32.52,32.88,31.25,31.63,138917.0,,raw
2021-11-29,31.6,33.44,30.92,32.67,118330.0,,raw
2021-11-30,33.01,33.88,32.52,33.25,100468.0,,raw
2021-12-01,33.86,34.26,32.84,34.1,80541.0,,raw
2021-12-02,34.0,34.9,32.96,34.74,103484.0,,raw
2021-12-03,34.59,36.25,33.91,36.25,117358.0,,raw
2021-12-06,35.96,37.0,34.46,34.75,82640.0,,raw
2021-12-07,34.43,35.31,33.38,33.63,92050.0,,raw
2021-12-08,33.63,34.72,33.2,34.13,66166.0,,raw
2021-12-09,33.96,34.25,32.58,32.79,73451.0,,raw
2021-12-10,32.79,33.25,32.33,32.47,43605.0,,raw
2021-12-13,32.49,33.13,31.73,32.52,67008.0,,raw
2021-12-14,32.8,33.87,32.34,33.42,69093.0,,raw
2021-12-15,33.68,34.7,33.11,33.3,54747.0,,raw
2021-12-16,33.3,34.33,32.2,34.01,56347.0,,raw
2021-12-17,33.96,34.27,32.78,32.86,45231.0,,raw
2021-12-20,31.8,32.33,30.65,31.64,83693.0,,raw
2021-12-21,31.61,32.78,31.42,32.57,60161.0,,raw
2021-12-22,32.75,34.15,32.02,33.89,60734.0,,raw
2021-12-23,34.06,34.16,33.0,33.25,49489.0,,raw
2021-12-24,33.25,33.6,32.0,33.42,68078.0,,raw
2021-12-27,33.3,35.26,32.78,34.92,72095.0,,raw
2021-12-28,35.2,35.68,34.56,34.91,72654.0,,raw
2021-12-29,34.5,36.1,34.43,35.1,78027.0,,raw
2021-12-30,35.1,36.8,34.73,36.18,78660.0,,raw
2021-12-31,36.1,36.65,35.61,36.6,47347.0,,raw
2022-01-04,36.05,37.33,34.5,36.39,84265.0,,raw
2022-01-05,36.19,36.19,34.22,34.31,47757.0,,raw
2022-01-06,34.32,35.26,33.6,33.75,39707.0,,raw
2022-01-07,33.86,34.24,32.44,32.8,38974.0,,raw
2022-01-10,32.4,34.4,31.8,34.22,60697.0,,raw
2022-01-11,34.35,34.62,33.2,33.48,37045.0,,raw
2022-01-12,33.89,34.38,32.73,32.91,27508.0,,raw
2022-01-13,33.68,33.99,31.51,32.28,51355.0,,raw
2022-01-14,31.52,33.07,31.52,32.49,27969.0,,raw
2022-01-17,32.67,37.2,32.52,36.76,124841.0,,raw
2022-01-18,37.1,38.65,36.2,37.42,105830.0,,raw
2022-01-19,36.77,38.08,36.52,37.15,55076.0,,raw
2022-01-20,37.15,37.99,36.4,36.59,74875.0,,raw
2022-01-21,36.3,37.14,35.31,35.53,39985.0,,raw
2022-01-24,35.87,36.2,35.06,35.33,23913.0,,raw
2022-01-25,35.33,35.71,34.0,34.68,44465.0,,raw
2022-01-26,34.83,35.65,34.0,35.19,43586.0,,raw
2022-01-27,35.18,35.23,33.17,33.29,56886.0,,raw
2022-01-28,33.29,34.84,33.23,33.75,40949.0,,raw
2022-02-07,34.85,34.97,32.96,33.47,41013.0,,raw
2022-02-08,33.48,33.75,31.46,31.95,59607.0,,raw
2022-02-09,32.06,34.4,31.71,34.27,64742.0,,raw
2022-02-10,33.99,36.97,33.5,36.9,120261.0,,raw
2022-02-11,36.53,36.82,33.22,35.87,103598.0,,raw
2022-02-14,34.65,36.35,33.69,35.08,58226.0,,raw
2022-02-15,35.26,36.18,34.75,36.12,36834.0,,raw
2022-02-16,36.28,36.6,34.88,35.08,42348.0,,raw
2022-02-17,34.88,35.28,33.9,34.1,40839.0,,raw
2022-02-18,34.5,37.1,34.5,36.5,88866.0,,raw
2022-02-21,37.9,38.25,36.37,37.5,124007.0,,raw
2022-02-22,36.84,37.4,35.8,35.95,75736.0,,raw
2022-02-23,36.0,36.7,35.39,36.29,65538.0,,raw
2022-02-24,36.03,36.03,33.82,34.83,66607.0,,raw
2022-02-25,35.0,35.72,34.07,34.19,51634.0,,raw
2022-02-28,34.36,34.87,33.61,34.53,35679.0,,raw
2022-03-01,34.55,37.25,34.35,37.25,87205.0,,raw
2022-03-02,37.2,37.2,35.78,36.33,50090.0,,raw
2022-03-03,36.3,36.33,34.65,34.83,57816.0,,raw
2022-03-04,34.45,35.65,33.98,35.05,41787.0,,raw
2022-03-07,35.0,35.0,31.96,32.45,76128.0,,raw
2022-03-08,32.46,33.54,32.3,32.5,59131.0,,raw
2022-03-09,32.54,33.0,29.5,30.95,96683.0,,raw
2022-03-10,31.88,32.76,31.6,32.25,63908.0,,raw
2022-03-11,31.66,32.2,30.68,31.88,50847.0,,raw
2022-03-14,31.86,31.86,30.32,30.32,34196.0,,raw
2022-03-15,30.3,30.39,28.1,28.13,70684.0,,raw
2022-03-16,28.85,29.14,27.27,28.39,59766.0,,raw
2022-03-17,29.1,30.17,28.31,29.47,79595.0,,raw
2022-03-18,29.3,29.6,28.51,29.28,49672.0,,raw
2022-03-21,29.58,29.58,28.03,28.5,56114.0,,raw
2022-03-22,28.45,28.5,26.8,27.21,83408.0,,raw
2022-03-23,27.35,29.45,26.61,29.21,108817.0,,raw
2022-03-24,28.59,28.93,27.58,27.93,81565.0,,raw
2022-03-25,27.97,28.15,27.13,27.18,44025.0,,raw
2022-03-28,26.99,27.47,26.2,27.37,45303.0,,raw
2022-03-29,27.56,28.22,26.82,27.05,36671.0,,raw
2022-03-30,27.12,27.85,27.03,27.51,28655.0,,raw
2022-03-31,27.29,28.3,26.89,27.75,38243.0,,raw
2022-04-01,27.62,28.17,27.23,27.95,31094.0,,raw
2022-04-06,27.96,27.98,26.59,26.81,49241.0,,raw
2022-04-07,26.64,26.94,25.66,25.88,61312.0,,raw
2022-04-08,26.08,26.22,24.82,25.47,46320.0,,raw
2022-04-11,25.54,25.85,23.8,24.1,50887.0,,raw
2022-04-12,23.95,24.5,23.21,24.03,48437.0,,raw
2022-04-13,23.84,23.84,22.2,22.4,124649.0,,raw
2022-04-14,22.7,22.9,21.73,22.35,70687.0,,raw
2022-04-15,22.18,22.35,21.26,21.93,85522.0,,raw
2022-04-18,21.89,23.35,21.36,23.23,73763.0,,raw
2022-04-19,23.1,23.83,23.01,23.4,71399.0,,raw
2022-04-20,23.87,23.96,23.01,23.34,56391.0,,raw
2022-04-21,23.09,23.35,22.0,22.13,61893.0,,raw
2022-04-22,21.9,22.19,21.01,21.2,56852.0,,raw
2022-04-25,21.02,21.06,19.3,19.34,70163.0,,raw
2022-04-26,19.52,19.64,18.45,18.6,64548.0,,raw
2022-04-27,18.78,21.23,18.78,21.01,96536.0,,raw
2022-04-28,20.5,21.19,20.3,20.64,76524.0,,raw
2022-04-29,20.94,22.27,20.49,21.87,87861.0,,raw
2022-05-05,21.77,23.28,21.68,23.09,80325.0,,raw
2022-05-06,22.7,23.26,22.19,22.81,51105.0,,raw
2022-05-09,22.73,24.05,22.52,23.79,70407.0,,raw
2022-05-10,23.5,26.3,23.23,26.16,95768.0,,raw
2022-05-11,25.99,28.12,25.06,27.32,107949.0,,raw
2022-05-12,27.07,27.07,25.3,26.02,92148.0,,raw
2022-05-13,25.84,26.43,25.65,26.0,51226.0,,raw
2022-05-16,25.88,26.59,25.32,25.42,27321.0,,raw
2022-05-17,25.25,26.38,25.15,26.11,45333.0,,raw
2022-05-18,26.01,26.48,25.64,25.87,30141.0,,raw
2022-05-19,25.28,25.99,25.13,25.89,37620.0,,raw
2022-05-20,26.2,26.21,24.98,25.84,49408.0,,raw
2022-05-23,25.83,25.84,24.93,25.5,34179.0,,raw
2022-05-24,25.21,26.09,24.2,24.28,45750.0,,raw
2022-05-25,24.13,25.15,24.13,24.99,33316.0,,raw
2022-05-26,24.99,26.38,24.32,25.91,50365.0,,raw
2022-05-27,26.02,26.26,24.32,25.1,66412.0,,raw
2022-05-30,25.29,26.1,24.55,25.9,51323.0,,raw
2022-05-31,25.99,27.72,25.48,26.73,76657.0,,raw
2022-06-01,26.71,27.5,26.51,27.34,46147.0,,raw
2022-06-02,27.3,27.96,26.81,27.6,53739.0,,raw
2022-06-06,27.18,29.37,27.14,28.97,77569.0,,raw
2022-06-07,28.67,29.3,28.01,28.52,51514.0,,raw
2022-06-08,28.66,28.77,27.5,28.01,37290.0,,raw
2022-06-09,27.82,27.82,26.5,26.98,40061.0,,raw
2022-06-10,26.33,28.08,26.3,27.71,40303.0,,raw
2022-06-13,27.7,28.6,27.11,27.89,53072.0,,raw
2022-06-14,27.89,28.0,25.87,26.57,78800.0,,raw
2022-06-15,26.7,27.79,26.57,27.06,45981.0,,raw
2022-06-16,27.55,27.93,27.07,27.36,33114.0,,raw
2022-06-17,27.31,28.16,26.8,27.96,34345.0,,raw
2022-06-20,28.04,29.76,28.04,28.96,61689.0,,raw
2022-06-21,29.0,29.07,27.1,27.8,59886.0,,raw
2022-06-22,27.79,28.23,26.7,26.91,48834.0,,raw
2022-06-23,27.3,27.69,26.5,26.76,74142.0,,raw
2022-06-24,26.76,28.3,26.71,28.25,72296.0,,raw
2022-06-27,28.06,28.33,27.43,27.88,52695.0,,raw
2022-06-28,28.0,28.2,27.04,27.91,30996.0,,raw
2022-06-29,27.88,28.58,27.0,27.07,51870.0,,raw
2022-06-30,27.16,27.66,26.73,27.07,45191.0,,raw
2022-07-01,26.8,27.25,26.02,26.45,53520.0,,raw
2022-07-04,26.73,26.73,24.3,24.8,201758.0,,raw
2022-07-05,24.9,25.27,24.37,24.56,87977.0,,raw
2022-07-06,24.59,25.1,24.02,24.41,63995.0,,raw
2022-07-07,24.41,24.79,23.91,24.18,53795.0,,raw
2022-07-08,24.3,24.75,23.91,24.05,50716.0,,raw
2022-07-11,24.01,24.06,23.33,23.65,42402.0,,raw
2022-07-12,23.76,23.76,22.83,22.95,48189.0,,raw
2022-07-13,22.98,23.39,22.7,23.23,40965.0,,raw
2022-07-14,23.32,24.24,22.7,23.84,58484.0,,raw
2022-07-15,23.72,24.76,23.51,24.33,70575.0,,raw
2022-07-18,24.24,25.98,24.0,25.9,86448.0,,raw
2022-07-19,27.27,28.68,26.71,28.15,214199.0,,raw
2022-07-20,28.66,30.77,28.36,30.58,159582.0,,raw
2022-07-21,30.6,31.16,29.53,29.75,113431.0,,raw
2022-07-22,30.12,30.88,29.6,30.08,69918.0,,raw
2022-07-25,30.1,31.87,29.5,30.4,104739.0,,raw
2022-07-26,30.5,30.85,29.41,29.97,86431.0,,raw
2022-07-27,29.96,31.38,29.96,31.34,74872.0,,raw
2022-07-28,31.34,33.2,31.16,31.68,78934.0,,raw
2022-07-29,32.0,32.08,31.21,31.6,52697.0,,raw
2022-08-01,31.55,32.88,31.15,32.65,68547.0,,raw
2022-08-02,32.15,34.79,31.6,34.2,96216.0,,raw
2022-08-03,33.92,35.03,32.4,33.14,91642.0,,raw
2022-08-04,33.3,33.49,31.91,32.15,74679.0,,raw
2022-08-05,32.12,33.64,32.07,33.37,61383.0,,raw
2022-08-08,33.37,33.96,32.29,33.43,52153.0,,raw
2022-08-09,33.47,33.65,32.6,33.44,31292.0,,raw
2022-08-10,33.05,34.89,32.6,34.7,61484.0,,raw
2022-08-11,36.0,37.52,35.09,35.44,125722.0,,raw
2022-08-12,35.55,36.49,34.1,34.27,63873.0,,raw
2022-08-15,34.29,37.18,33.76,36.61,91677.0,,raw
2022-08-16,36.45,36.79,34.57,35.26,82012.0,,raw
2022-08-17,35.26,35.85,34.81,35.25,37216.0,,raw
2022-08-18,34.71,35.89,34.6,35.25,53890.0,,raw
2022-08-19,35.31,35.97,32.78,33.0,104856.0,,raw
2022-08-22,33.14,34.49,32.75,33.66,61283.0,,raw
2022-08-23,33.73,34.27,33.15,33.75,39550.0,,raw
2022-08-24,33.76,33.79,31.82,32.22,52306.0,,raw
2022-08-25,32.22,34.18,32.01,33.05,98393.0,,raw
2022-08-26,33.05,33.43,32.08,32.3,44663.0,,raw
2022-08-29,31.81,32.6,31.32,31.57,57076.0,,raw
2022-08-30,31.67,32.85,31.22,32.2,52505.0,,raw
2022-08-31,32.2,32.47,30.16,30.32,53566.0,,raw
2022-09-01,30.35,30.88,29.73,30.27,46771.0,,raw
2022-09-02,30.55,31.83,30.13,30.83,40631.0,,raw
2022-09-05,31.45,31.66,30.3,30.94,40570.0,,raw
2022-09-06,31.29,32.18,30.55,31.96,45828.0,,raw
2022-09-07,31.8,32.49,31.38,31.78,52463.0,,raw
2022-09-08,31.8,32.0,30.41,30.66,47490.0,,raw
2022-09-09,30.9,30.94,30.0,30.31,24376.0,,raw
2022-09-13,30.6,31.5,30.38,30.8,27346.0,,raw
2022-09-14,30.33,30.8,29.5,29.7,43434.0,,raw
2022-09-15,29.82,29.82,27.7,28.21,65393.0,,raw
2022-09-16,28.21,28.9,27.67,27.95,47477.0,,raw
2022-09-19,28.0,28.56,27.58,27.93,34210.0,,raw
2022-09-20,28.22,28.66,27.57,28.32,41971.0,,raw
2022-09-21,28.34,28.34,27.67,27.97,21922.0,,raw
2022-09-22,27.97,28.55,27.72,28.2,24310.0,,raw
2022-09-23,28.29,28.49,27.1,27.64,31103.0,,raw
2022-09-26,27.27,28.14,27.14,27.43,29818.0,,raw
2022-09-27,27.46,28.05,27.22,27.98,34915.0,,raw
2022-09-28,27.88,27.93,26.5,26.75,46307.0,,raw
2022-09-29,27.42,28.01,26.75,27.66,40999.0,,raw
2022-09-30,27.52,27.88,26.48,26.54,37771.0,,raw
2022-10-10,26.71,26.75,25.4,25.52,35074.0,,raw
2022-10-11,26.0,26.8,25.26,26.41,36749.0,,raw
2022-10-12,26.53,27.63,25.68,27.4,37413.0,,raw
2022-10-13,27.21,27.82,26.91,27.36,31180.0,,raw
2022-10-14,27.91,28.2,27.31,27.78,31102.0,,raw
2022-10-17,27.53,28.35,27.48,28.0,20043.0,,raw
2022-10-18,27.88,28.31,27.4,28.2,41648.0,,raw
2022-10-19,28.02,28.18,27.53,27.77,26420.0,,raw
2022-10-20,27.54,28.1,26.93,27.49,31404.0,,raw
2022-10-21,27.52,27.94,27.0,27.79,33199.0,,raw
2022-10-24,27.79,28.71,27.63,27.9,43427.0,,raw
2022-10-25,28.6,30.12,27.7,29.28,91861.0,,raw
2022-10-26,29.2,29.6,28.43,29.0,77518.0,,raw
2022-10-27,29.05,30.18,28.7,29.08,91247.0,,raw
2022-10-28,28.97,29.56,27.1,27.5,73634.0,,raw
2022-10-31,26.84,28.4,26.84,28.13,40775.0,,raw
2022-11-01,28.0,28.48,27.18,28.4,47411.0,,raw
2022-11-02,28.28,29.9,28.07,29.55,59266.0,,raw
2022-11-03,30.3,30.3,29.28,29.75,42954.0,,raw
2022-11-04,29.58,29.99,29.24,29.7,46405.0,,raw
2022-11-07,29.85,30.06,29.27,29.52,40781.0,,raw
2022-11-08,29.29,29.55,28.8,29.2,25467.0,,raw
2022-11-09,29.2,29.29,28.02,28.23,46084.0,,raw
2022-11-10,27.78,28.41,27.45,27.56,39845.0,,raw
2022-11-11,28.1,28.6,27.36,27.47,43664.0,,raw
2022-11-14,27.53,28.0,26.5,26.8,57899.0,,raw
2022-11-15,27.0,27.83,26.73,27.7,39059.0,,raw
2022-11-16,27.85,28.38,27.75,28.0,49832.0,,raw
2022-11-17,28.07,28.2,27.23,28.03,36286.0,,raw
2022-11-18,28.08,28.58,27.55,27.59,37674.0,,raw
2022-11-21,27.46,27.61,26.68,27.17,62197.0,,raw
2022-11-22,27.33,27.48,26.46,26.63,48489.0,,raw
2022-11-23,26.76,26.76,25.72,26.29,43011.0,,raw
2022-11-24,26.29,26.68,26.01,26.13,25111.0,,raw
2022-11-25,26.03,26.2,25.61,25.66,31146.0,,raw
2022-11-28,25.27,25.7,24.98,25.26,40584.0,,raw
2022-11-29,25.34,25.77,25.1,25.65,27446.0,,raw
2022-11-30,25.52,26.05,25.3,25.66,35753.0,,raw
2022-12-01,25.85,26.8,25.83,26.3,45416.0,,raw
2022-12-02,26.3,26.77,26.13,26.13,24967.0,,raw
2022-12-05,26.15,26.77,26.1,26.44,30070.0,,raw
2022-12-06,26.21,26.5,25.95,26.26,24957.0,,raw
2022-12-07,26.12,26.2,25.7,25.88,33863.0,,raw
2022-12-08,25.78,25.85,24.89,25.1,48475.0,,raw
2022-12-09,25.1,25.51,24.98,25.21,31648.0,,raw
2022-12-12,25.28,26.33,25.17,25.92,44359.0,,raw
2022-12-13,26.0,26.55,25.32,25.43,27972.0,,raw
2022-12-14,25.7,26.13,25.35,25.58,24608.0,,raw
2022-12-15,25.58,26.11,25.2,26.05,29036.0,,raw
2022-12-16,25.9,26.09,25.24,25.36,22963.0,,raw
2022-12-19,25.45,25.65,24.85,24.97,26176.0,,raw
2022-12-20,24.96,25.71,24.78,25.44,27035.0,,raw
2022-12-21,25.31,25.68,24.61,25.12,27047.0,,raw
2022-12-22,25.23,25.23,24.15,24.3,28125.0,,raw
2022-12-23,24.05,24.48,23.88,24.32,25243.0,,raw
2022-12-26,24.3,24.95,24.18,24.79,24792.0,,raw
2022-12-27,24.68,25.59,24.68,25.53,30018.0,,raw
2022-12-28,25.39,25.59,24.83,25.0,30418.0,,raw
2022-12-29,24.96,25.67,24.68,25.45,28702.0,,raw
2022-12-30,25.45,25.65,25.28,25.35,16471.0,,raw
2023-01-03,25.34,26.25,25.14,26.14,33821.0,,raw
2023-01-04,26.25,26.86,26.03,26.81,53556.0,,raw
2023-01-05,26.79,27.14,26.54,26.8,32076.0,,raw
2023-01-06,26.6,27.4,26.33,26.46,51857.0,,raw
2023-01-09,26.5,26.77,26.2,26.27,33224.0,,raw
2023-01-10,26.27,26.78,26.08,26.24,15535.0,,raw
2023-01-11,26.27,26.46,26.01,26.09,19510.0,,raw
2023-01-12,26.13,26.38,25.83,26.19,16695.0,,raw
2023-01-13,26.19,26.39,25.75,25.94,16194.0,,raw
2023-01-16,26.06,26.67,25.78,26.5,28016.0,,raw
2023-01-17,26.75,26.89,26.32,26.38,25160.0,,raw
2023-01-18,26.49,27.03,26.24,26.82,31432.0,,raw
2023-01-19,26.83,27.18,26.69,27.09,19224.0,,raw
2023-01-20,27.2,27.49,27.01,27.24,33475.0,,raw
2023-01-30,27.53,27.79,27.15,27.38,31609.0,,raw
2023-01-31,27.52,28.78,27.52,28.42,76609.0,,raw
2023-02-01,28.3,28.79,28.02,28.48,52362.0,,raw
2023-02-02,28.53,30.28,28.5,29.39,73555.0,,raw
2023-02-03,30.0,31.96,29.54,31.78,166329.0,,raw
2023-02-06,33.0,34.0,31.7,32.38,228473.0,,raw
2023-02-07,32.25,35.6,32.23,34.19,301061.0,,raw
2023-02-08,34.27,36.0,32.51,32.72,215139.0,,raw
2023-02-09,33.16,37.88,32.65,36.2,356660.0,,raw
2023-02-10,37.4,40.0,36.19,39.0,405802.0,,raw
2023-02-13,38.1,42.81,37.19,41.96,352850.0,,raw
2023-02-14,40.5,40.98,39.08,39.6,253250.0,,raw
2023-02-15,39.6,42.97,39.41,40.88,324906.0,,raw
2023-02-16,40.44,41.87,38.73,39.01,251763.0,,raw
2023-02-17,39.01,40.28,37.78,37.94,160692.0,,raw
2023-02-20,38.48,39.8,37.45,39.34,205840.0,,raw
2023-02-21,38.7,40.88,38.61,39.46,164517.0,,raw
2023-02-22,38.86,39.4,38.09,38.45,161704.0,,raw
2023-02-23,38.81,39.49,37.95,38.42,116862.0,,raw
2023-02-24,40.0,43.38,39.4,41.71,238469.0,,raw
2023-02-27,41.72,41.99,39.84,40.2,145564.0,,raw
2023-02-28,41.01,41.7,39.39,40.2,143427.0,,raw
2023-03-01,40.01,42.69,39.6,41.39,180767.0,,raw
2023-03-02,41.27,45.99,41.16,44.0,222855.0,,raw
2023-03-03,42.83,42.83,40.1,40.57,226040.0,,raw
2023-03-06,39.9,41.41,39.61,40.04,163599.0,,raw
2023-03-07,39.68,40.15,38.4,38.5,151511.0,,raw
2023-03-08,38.51,39.78,38.48,39.2,92648.0,,raw
2023-03-09,39.35,39.86,38.02,39.34,109152.0,,raw
2023-03-10,39.32,40.18,38.7,38.78,96062.0,,raw
2023-03-13,38.32,40.49,38.32,40.19,117422.0,,raw
2023-03-14,40.15,40.15,38.55,38.64,78655.0,,raw
2023-03-15,39.12,39.39,36.55,36.71,191656.0,,raw
2023-03-16,36.41,37.69,36.1,36.33,105314.0,,raw
2023-03-17,36.76,43.42,36.75,42.14,299294.0,,raw
2023-03-20,42.0,45.25,42.0,44.05,257683.0,,raw
2023-03-21,43.91,46.18,42.08,45.5,177128.0,,raw
2023-03-22,45.05,50.37,44.0,49.42,249481.0,,raw
2023-03-23,49.49,52.5,48.51,50.85,223676.0,,raw
2023-03-24,49.61,50.38,48.0,49.91,173444.0,,raw
2023-03-27,49.9,51.18,47.02,49.16,242530.0,,raw
2023-03-28,47.63,48.96,46.52,46.84,154782.0,,raw
2023-03-29,47.0,49.97,46.55,48.82,186570.0,,raw
2023-03-30,47.72,49.53,46.58,48.31,121773.0,,raw
2023-03-31,48.02,52.16,46.74,51.72,152084.0,,raw
2023-04-03,52.45,62.0,50.9,60.53,276023.0,,raw
2023-04-04,59.88,62.58,58.65,61.29,176739.0,,raw
2023-04-06,59.06,71.75,59.01,66.8,191978.0,,raw
2023-04-07,66.8,67.68,62.33,67.5,176355.0,,raw
2023-04-10,65.5,67.39,60.1,61.71,244610.0,,raw
2023-04-11,62.0,63.69,59.46,61.39,204171.0,,raw
2023-04-12,60.0,63.44,58.06,62.49,178458.0,,raw
2023-04-13,61.22,61.88,56.97,57.77,202865.0,,raw
2023-04-14,57.89,59.0,56.4,58.15,167619.0,,raw
2023-04-17,57.31,58.14,54.96,56.54,156917.0,,raw
2023-04-18,56.8,67.3,56.8,65.28,302806.0,,raw
2023-04-19,65.36,67.5,64.0,64.38,219924.0,,raw
2023-04-20,65.6,71.53,65.6,71.48,212398.0,,raw
2023-04-21,68.1,68.68,63.6,64.0,249765.0,,raw
2023-04-24,64.02,67.83,62.66,65.46,200657.0,,raw
2023-04-25,64.17,65.37,60.28,61.52,171469.0,,raw
2023-04-26,61.53,64.23,58.6,60.9,168098.0,,raw
2023-04-27,58.41,62.07,56.38,57.56,167205.0,,raw
2023-04-28,56.51,62.0,56.2,60.87,147304.0,,raw
2023-05-04,59.41,60.0,53.53,54.05,193964.0,,raw
2023-05-05,54.7,55.9,51.8,52.4,186146.0,,raw
2023-05-08,52.42,54.54,51.11,52.2,171439.0,,raw
2023-05-09,51.87,57.26,51.87,53.13,193056.0,,raw
2023-05-10,54.02,55.96,50.5,51.39,127125.0,,raw
2023-05-11,50.55,52.19,50.0,51.02,98113.0,,raw
2023-05-12,50.6,54.2,50.25,52.6,161834.0,,raw
2023-05-15,53.62,53.95,50.1,52.82,157235.0,,raw
2023-05-16,52.78,53.15,50.33,51.35,126759.0,,raw
2023-05-17,51.0,54.38,50.85,53.88,146755.0,,raw
2023-05-18,58.5,64.43,55.41,63.04,315167.0,,raw
2023-05-19,60.5,61.96,56.76,57.4,212793.0,,raw
2023-05-22,56.56,57.39,53.2,53.74,128036.0,,raw
2023-05-23,54.13,56.58,54.1,54.65,153594.0,,raw
2023-05-24,53.59,59.78,53.28,58.58,194705.0,,raw
2023-05-25,63.5,70.3,63.5,70.3,373802.0,,raw
2023-05-26,69.75,70.69,66.4,68.77,277333.0,,raw
2023-05-29,72.0,80.0,70.66,75.5,364291.0,,raw
2023-05-30,75.79,80.87,72.2,78.9,343595.0,,raw
2023-05-31,76.88,77.5,73.9,76.1,230038.0,,raw
2023-06-01,73.27,76.98,72.81,75.36,161692.0,,raw
2023-06-02,77.0,77.78,72.17,72.82,150552.0,,raw
2023-06-05,71.01,75.67,71.01,73.6,143695.0,,raw
2023-06-06,74.88,82.3,74.0,77.25,235798.0,,raw
2023-06-07,76.27,80.05,74.26,77.45,190010.0,,raw
2023-06-08,76.55,77.0,72.5,73.6,156291.0,,raw
2023-06-09,72.91,79.58,71.81,78.2,172538.0,,raw
2023-06-12,78.25,86.28,77.06,86.21,213758.0,,raw
2023-06-13,85.11,93.9,83.51,90.8,168508.0,,raw
2023-06-14,91.1,108.0,91.0,105.89,202059.0,,raw
2023-06-15,105.0,107.76,100.6,101.4,214951.0,,raw
2023-06-16,102.02,110.99,99.08,107.3,216444.0,,raw
2023-06-19,108.01,125.59,104.0,120.75,214554.0,,raw
2023-06-20,116.13,121.0,111.43,118.95,183158.0,,raw
2023-06-21,117.0,117.25,105.05,107.7,226187.0,,raw
2023-06-26,104.0,107.69,100.0,101.98,186053.0,,raw
2023-06-27,101.09,102.62,97.53,100.32,130809.0,,raw
2023-06-28,96.0,99.5,91.7,97.53,168171.0,,raw
2023-06-29,96.26,104.99,94.03,102.56,239376.0,,raw
2023-06-30,99.0,113.56,97.99,106.83,213846.0,,raw
2023-07-03,105.92,105.94,95.72,104.61,161674.0,,raw
2023-07-04,102.01,107.05,101.0,103.36,125640.0,,raw
2023-07-05,101.1,104.5,98.36,98.98,125127.0,,raw
2023-07-06,96.76,103.82,96.76,100.05,106260.0,,raw
2023-07-07,98.56,102.6,94.3,97.78,153322.0,,raw
2023-07-10,98.0,99.05,95.25,97.87,96119.0,,raw
2023-07-11,98.34,101.0,94.79,100.3,105393.0,,raw
2023-07-12,98.0,99.3,88.66,89.31,206219.0,,raw
2023-07-13,89.31,96.68,87.97,94.7,227282.0,,raw
2023-07-14,98.01,104.2,95.1,102.0,221287.0,,raw
2023-07-17,103.53,111.88,103.53,108.1,221015.0,,raw
2023-07-18,109.0,112.12,105.38,108.1,180157.0,,raw
2023-07-19,111.54,113.1,106.31,106.7,140864.0,,raw
2023-07-20,107.21,107.79,93.4,93.8,244722.0,,raw
2023-07-21,92.92,93.79,88.98,91.27,170057.0,,raw
2023-07-24,91.44,97.67,90.3,94.01,188566.0,,raw
2023-07-25,95.86,100.79,90.01,96.5,169659.0,,raw
2023-07-26,96.56,98.34,91.0,94.06,145197.0,,raw
2023-07-27,93.69,95.8,91.61,92.26,118717.0,,raw
2023-07-28,92.31,96.52,90.53,92.73,138153.0,,raw
2023-07-31,89.6,94.57,88.88,89.39,169676.0,,raw
2023-08-01,89.42,98.88,88.3,97.69,250569.0,,raw
2023-08-02,97.0,99.5,94.92,98.33,145559.0,,raw
2023-08-03,93.55,99.5,92.61,94.55,160382.0,,raw
2023-08-04,95.23,108.77,93.87,107.2,262684.0,,raw
2023-08-07,108.01,112.42,106.21,107.72,221097.0,,raw
2023-08-08,108.22,111.5,104.53,105.0,148634.0,,raw
2023-08-09,102.8,105.79,93.8,94.52,215479.0,,raw
2023-08-10,93.11,95.77,91.0,94.2,121667.0,,raw
2023-08-11,96.11,97.5,93.85,94.56,122560.0,,raw
2023-08-14,93.0,99.38,93.0,99.11,160903.0,,raw
2023-08-15,103.33,105.98,98.25,99.58,191406.0,,raw
2023-08-16,96.72,98.0,91.04,94.01,203193.0,,raw
2023-08-17,92.51,95.8,89.88,92.8,161415.0,,raw
2023-08-18,92.7,92.7,83.01,83.85,254247.0,,raw
2023-08-21,84.11,86.65,83.0,84.6,152088.0,,raw
2023-08-22,87.53,92.11,85.6,91.68,196065.0,,raw
2023-08-23,90.03,90.03,86.0,86.61,128830.0,,raw
2023-08-24,91.0,93.5,87.68,89.3,222444.0,,raw
2023-08-25,85.14,87.66,79.95,80.55,221171.0,,raw
2023-08-28,86.86,86.86,80.64,82.6,185857.0,,raw
2023-08-29,82.49,88.8,80.72,85.06,225405.0,,raw
2023-08-30,85.08,87.9,83.6,84.98,173121.0,,raw
2023-08-31,84.92,86.01,83.0,84.46,128180.0,,raw
2023-09-01,83.8,84.44,79.8,80.99,131458.0,,raw
2023-09-04,81.0,81.92,80.19,81.75,95901.0,,raw
2023-09-05,81.55,81.59,77.77,78.58,173793.0,,raw
2023-09-06,78.6,80.19,76.81,79.45,123135.0,,raw
2023-09-07,79.0,79.0,76.07,76.2,114165.0,,raw
2023-09-08,75.48,76.19,73.21,75.0,113010.0,,raw
2023-09-11,76.0,82.5,74.15,80.01,215764.0,,raw
2023-09-12,78.8,81.8,78.34,79.9,168605.0,,raw
2023-09-13,79.2,79.85,76.66,77.46,105244.0,,raw
2023-09-14,78.01,79.19,75.0,75.25,97273.0,,raw
2023-09-15,75.63,75.87,71.89,72.94,144383.0,,raw
2023-09-18,72.02,73.73,70.25,70.53,131273.0,,raw
2023-09-19,71.01,75.68,70.02,73.26,186495.0,,raw
2023-09-20,72.93,77.0,72.49,72.55,165793.0,,raw
2023-09-21,72.27,76.7,71.73,73.65,153492.0,,raw
2023-09-22,74.1,88.38,74.1,88.38,346604.0,,raw
2023-09-25,89.32,91.69,88.11,89.07,303743.0,,raw
2023-09-26,90.17,93.84,88.57,89.6,230955.0,,raw
2023-09-27,88.01,95.1,88.01,92.89,234843.0,,raw
2023-09-28,95.05,97.0,91.62,95.0,224160.0,,raw
2023-10-09,91.0,92.0,86.0,89.87,236654.0,,raw
2023-10-10,90.0,90.33,87.77,88.2,150282.0,,raw
2023-10-11,87.3,90.17,86.5,87.7,169452.0,,raw
2023-10-12,89.0,89.0,83.98,84.37,175833.0,,raw
2023-10-13,84.36,85.38,81.56,82.24,143398.0,,raw
2023-10-16,82.01,84.84,80.88,83.56,195919.0,,raw
2023-10-17,83.97,89.29,80.98,85.88,255010.0,,raw
2023-10-18,81.0,87.0,78.23,86.85,283175.0,,raw
2023-10-19,86.0,86.42,79.2,82.2,240041.0,,raw
2023-10-20,84.97,87.3,82.28,82.9,288406.0,,raw
2023-10-23,82.0,86.65,80.31,86.65,257244.0,,raw
2023-10-24,89.26,94.78,87.2,87.2,343466.0,,raw
2023-10-25,83.0,85.29,78.81,79.3,338354.0,,raw
2023-10-26,76.5,79.6,74.03,77.45,238867.0,,raw
2023-10-27,76.29,76.92,73.69,74.15,199677.0,,raw
2023-10-30,74.66,75.33,72.95,73.7,173158.0,,raw
2023-10-31,73.4,73.95,70.4,71.21,157929.0,,raw
2023-11-01,70.51,72.29,68.59,68.6,152038.0,,raw
2023-11-02,69.66,71.63,68.61,69.02,158933.0,,raw
2023-11-03,69.02,72.27,68.74,71.3,211137.0,,raw
2023-11-06,72.73,73.49,71.66,73.2,169817.0,,raw
2023-11-07,72.39,83.2,71.4,78.71,330395.0,,raw
2023-11-08,75.97,77.38,75.1,76.21,205218.0,,raw
2023-11-09,78.5,82.3,76.88,78.68,243932.0,,raw
2023-11-10,77.6,81.52,77.5,78.21,172289.0,,raw
2023-11-13,81.0,84.76,81.0,81.66,245214.0,,raw
2023-11-14,81.7,83.48,80.61,81.95,176629.0,,raw
2023-11-15,85.21,85.87,78.9,80.87,172596.0,,raw
2023-11-16,79.5,81.2,78.59,78.59,120740.0,,raw
2023-11-17,78.7,83.43,77.76,81.92,173526.0,,raw
2023-11-20,80.0,81.81,78.72,80.75,137162.0,,raw
2023-11-21,81.24,83.26,79.79,80.28,128066.0,,raw
2023-11-22,78.5,78.75,76.41,76.41,164607.0,,raw
2023-11-23,76.59,77.35,75.66,76.99,75246.0,,raw
2023-11-24,76.96,76.96,73.99,74.15,86197.0,,raw
2023-11-27,74.15,76.36,73.73,75.41,107254.0,,raw
2023-11-28,74.75,75.54,73.07,73.64,81369.0,,raw
2023-11-29,73.5,74.28,72.66,73.0,66039.0,,raw
2023-11-30,73.1,73.66,72.06,73.3,86981.0,,raw
2023-12-01,73.29,77.44,72.07,76.68,191911.0,,raw
2023-12-04,77.3,82.49,77.0,79.7,226992.0,,raw
2023-12-05,80.66,85.6,80.58,82.39,278504.0,,raw
2023-12-06,82.0,83.62,80.71,82.82,149576.0,,raw
2023-12-07,83.83,85.26,82.59,83.29,169385.0,,raw
2023-12-08,83.95,99.95,83.92,98.15,372411.0,,raw
2023-12-11,97.0,104.97,96.01,104.2,268612.0,,raw
2023-12-12,103.0,105.21,97.98,102.2,260763.0,,raw
2023-12-13,103.0,103.83,99.9,100.34,153261.0,,raw
2023-12-14,101.61,102.72,97.8,98.97,148239.0,,raw
2023-12-15,98.82,101.18,95.49,96.85,129349.0,,raw
2023-12-18,96.9,98.45,96.11,96.6,115957.0,,raw
2023-12-19,96.87,97.73,94.61,96.25,100370.0,,raw
2023-12-20,96.0,96.03,90.5,90.82,140736.0,,raw
2023-12-21,91.05,96.34,89.77,93.8,154612.0,,raw
2023-12-22,93.7,96.5,91.88,93.0,150164.0,,raw
2023-12-25,93.9,94.3,89.0,93.0,110613.0,,raw
2023-12-26,92.99,93.3,89.38,90.38,66969.0,,raw
2023-12-27,91.03,91.54,89.07,89.6,87432.0,,raw
2023-12-28,89.06,93.73,88.88,91.53,116513.0,,raw
2023-12-29,90.5,95.5,90.31,91.52,150701.0,,raw
2024-01-02,90.85,93.22,89.01,90.0,83430.0,,raw
2024-01-03,89.08,90.1,86.77,88.16,108350.0,,raw
2024-01-04,88.0,88.77,86.0,87.3,79156.0,,raw
2024-01-05,87.2,87.6,83.52,84.25,84719.0,,raw
2024-01-08,84.52,86.36,82.9,83.77,92257.0,,raw
2024-01-09,86.5,87.79,84.5,85.49,127666.0,,raw
2024-01-10,84.59,86.0,82.52,83.23,85753.0,,raw
2024-01-11,83.2,87.85,83.1,86.01,113290.0,,raw
2024-01-12,84.82,85.5,82.77,82.95,85639.0,,raw
2024-01-15,82.05,85.05,81.12,83.8,77641.0,,raw
2024-01-16,83.0,84.2,81.95,83.25,66038.0,,raw
2024-01-17,84.54,87.79,84.19,84.67,153028.0,,raw
2024-01-18,82.88,93.97,81.53,92.99,222801.0,,raw
2024-01-19,94.25,94.88,91.3,91.6,147601.0,,raw
2024-01-22,96.9,98.84,93.16,94.12,215533.0,,raw
2024-01-23,95.0,101.0,94.54,98.0,186113.0,,raw
2024-01-24,98.0,98.79,92.17,96.53,164903.0,,raw
2024-01-25,95.88,100.85,95.23,98.98,155856.0,,raw
2024-01-26,96.86,96.88,93.7,94.2,114479.0,,raw
2024-01-29,92.92,93.0,79.54,84.67,160855.0,,raw
2024-01-30,84.26,87.22,84.26,84.8,103237.0,,raw
2024-01-31,83.5,89.0,81.83,85.87,134386.0,,raw
2024-02-01,84.8,102.98,84.1,98.35,234219.0,,raw
2024-02-02,98.51,100.99,95.23,99.0,166521.0,,raw
2024-02-05,97.9,113.88,97.01,103.4,220335.0,,raw
2024-02-06,100.0,114.5,99.68,114.5,210763.0,,raw
2024-02-07,112.95,114.98,109.01,112.7,203765.0,,raw
2024-02-08,115.91,122.52,107.1,108.8,247598.0,,raw
2024-02-19,115.5,130.56,112.2,130.56,250182.0,,raw
2024-02-20,127.3,133.0,125.58,128.65,214509.0,,raw
2024-02-21,125.0,125.37,120.03,123.0,222526.0,,raw
2024-02-22,127.43,129.0,118.25,123.66,236200.0,,raw
2024-02-23,125.11,127.27,118.66,119.42,222870.0,,raw
2024-02-26,115.0,122.09,114.0,118.99,165094.0,,raw
2024-02-27,117.98,137.55,116.3,133.0,279027.0,,raw
2024-02-28,131.51,133.59,124.03,124.7,216598.0,,raw
2024-02-29,126.02,136.0,125.0,136.0,252723.0,,raw
2024-03-01,135.0,139.99,131.69,136.88,239438.0,,raw
2024-03-04,137.31,147.77,135.02,141.7,203694.0,,raw
2024-03-05,140.0,148.02,134.86,135.6,246212.0,,raw
2024-03-06,135.0,137.0,131.22,135.53,160718.0,,raw
2024-03-07,136.06,139.99,132.2,133.17,132070.0,,raw
2024-03-08,135.96,145.0,134.22,142.88,190788.0,,raw
2024-03-11,135.9,138.96,132.6,138.8,171703.0,,raw
2024-03-12,138.5,140.9,131.0,134.48,172129.0,,raw
2024-03-13,139.0,141.8,136.0,137.1,180438.0,,raw
2024-03-14,135.0,149.88,134.5,146.8,230480.0,,raw
2024-03-15,146.8,158.8,144.5,156.01,239368.0,,raw
2024-03-18,158.81,165.9,156.88,161.95,196265.0,,raw
2024-03-19,161.0,165.53,154.94,162.55,174313.0,,raw
2024-03-20,162.0,172.0,156.0,162.33,194194.0,,raw
2024-03-21,162.73,166.88,160.0,160.71,145267.0,,raw
2024-03-22,160.46,166.47,160.46,161.46,144442.0,,raw
2024-03-25,159.3,162.22,155.5,156.6,120403.0,,raw
2024-03-26,155.21,166.27,147.45,153.8,234632.0,,raw
2024-03-27,152.94,155.16,146.5,151.0,168692.0,,raw
2024-03-28,152.06,156.38,146.54,151.82,189872.0,,raw
2024-03-29,148.32,151.99,146.01,151.27,118178.0,,raw
2024-04-01,153.04,163.3,150.25,163.24,167234.0,,raw
2024-04-02,161.1,164.34,158.05,161.08,135091.0,,raw
2024-04-03,158.15,158.99,152.0,153.6,112275.0,,raw
2024-04-08,150.53,162.0,150.01,159.86,150555.0,,raw
2024-04-09,158.68,160.05,152.77,156.1,105272.0,,raw
2024-04-10,152.05,155.5,147.01,147.03,119967.0,,raw
2024-04-11,148.87,154.0,148.87,150.52,111497.0,,raw
2024-04-12,154.85,173.99,154.01,167.81,209963.0,,raw
2024-04-15,167.64,168.65,162.0,165.46,134226.0,,raw
2024-04-16,163.5,173.5,161.44,166.53,162074.0,,raw
2024-04-17,166.63,172.1,162.62,171.71,168716.0,,raw
2024-04-18,166.9,171.42,163.65,168.31,133641.0,,raw
2024-04-19,167.5,169.9,156.03,162.51,164491.0,,raw
2024-04-22,146.0,156.99,144.51,154.8,167560.0,,raw
2024-04-23,158.39,159.95,153.63,158.52,123795.0,,raw
2024-04-24,150.0,155.05,140.91,152.1,330749.0,,raw
2024-04-25,146.98,151.0,144.45,146.7,209240.0,,raw
2024-04-26,152.0,160.37,150.0,156.65,292455.0,,raw
2024-04-29,160.6,166.38,160.6,163.02,196440.0,,raw
2024-04-30,162.0,165.65,161.26,161.35,120591.0,,raw
2024-05-06,164.17,164.91,153.32,153.53,192873.0,,raw
2024-05-07,155.83,157.59,144.88,145.5,234022.0,,raw
2024-05-08,145.01,149.15,143.71,146.0,162378.0,,raw
2024-05-09,144.57,144.57,139.0,142.01,162213.0,,raw
2024-05-10,140.99,141.72,136.49,140.32,139589.0,,raw
2024-05-13,139.78,142.19,132.97,135.01,210368.0,,raw
2024-05-14,136.98,138.33,132.81,134.7,141658.0,,raw
2024-05-15,134.5,139.93,133.0,135.39,121291.0,,raw
2024-05-16,139.11,140.31,135.11,135.98,179473.0,,raw
2024-05-17,133.01,144.5,130.62,142.5,259740.0,,raw
2024-05-20,139.08,145.8,138.23,144.61,212493.0,,raw
2024-05-21,143.49,145.71,140.8,142.02,106470.0,,raw
2024-05-22,141.5,141.99,136.1,136.6,129165.0,,raw
2024-05-23,139.7,140.5,132.5,135.76,132267.0,,raw
2024-05-24,135.55,140.98,130.54,130.81,183198.0,,raw
2024-05-27,131.15,134.8,129.0,130.81,126659.0,,raw
2024-05-28,129.14,130.92,126.39,127.5,160983.0,,raw
2024-05-29,129.0,130.47,126.29,127.31,115219.0,,raw
2024-05-30,90.0,91.6,89.09,89.35,111178.0,,raw
2024-05-31,88.13,92.23,87.8,88.56,148319.0,,raw
2024-06-03,88.71,94.38,88.71,91.08,299962.0,,raw
2024-06-04,90.98,92.2,90.02,91.19,181905.0,,raw
2024-06-05,90.81,92.1,89.48,89.81,120771.0,,raw
2024-06-06,91.5,96.48,90.88,91.25,313479.0,,raw
2024-06-07,90.4,91.0,86.31,86.82,236870.0,,raw
2024-06-11,86.8,89.3,86.8,88.71,148767.0,,raw
2024-06-12,88.17,89.77,87.35,87.87,119982.0,,raw
2024-06-13,88.8,91.6,87.38,89.59,203614.0,,raw
2024-06-14,89.83,101.11,89.1,98.0,471357.0,,raw
2024-06-17,98.37,99.87,95.78,96.88,268779.0,,raw
2024-06-18,96.9,103.5,96.49,99.34,274634.0,,raw
2024-06-19,101.08,104.84,99.35,101.81,292851.0,,raw
2024-06-20,101.0,104.99,100.31,102.57,232473.0,,raw
2024-06-21,99.62,102.28,98.01,100.3,190230.0,,raw
2024-06-24,99.0,100.68,95.25,95.86,194763.0,,raw
2024-06-25,92.0,92.98,88.11,89.05,254429.0,,raw
2024-06-26,91.04,91.83,87.0,89.17,212238.0,,raw
2024-06-27,87.55,87.98,83.88,84.2,220021.0,,raw
2024-06-28,84.13,90.92,84.1,88.42,258026.0,,raw
2024-07-01,88.88,97.68,88.14,95.82,277225.0,,raw
2024-07-02,94.8,96.08,93.57,94.36,181094.0,,raw
2024-07-03,93.6,93.6,88.51,89.41,205876.0,,raw
2024-07-04,90.48,91.15,87.11,87.34,174839.0,,raw
2024-07-05,87.87,88.38,85.42,87.21,159717.0,,raw
2024-07-08,87.25,91.23,86.86,90.08,211055.0,,raw
2024-07-09,89.0,94.84,87.31,93.88,260432.0,,raw
2024-07-10,94.02,101.0,93.6,100.0,314263.0,,raw
2024-07-11,100.0,100.9,95.5,99.41,251666.0,,raw
2024-07-12,96.98,96.98,94.45,94.99,182953.0,,raw
2024-07-15,93.99,93.99,91.54,93.3,153018.0,,raw
2024-07-16,93.5,94.18,91.0,93.43,170897.0,,raw
2024-07-17,92.1,93.2,88.68,88.76,175278.0,,raw
2024-07-18,89.0,96.15,88.5,96.14,352732.0,,raw
2024-07-19,95.0,96.14,91.08,91.21,241504.0,,raw
2024-07-22,90.1,94.2,90.01,92.68,157386.0,,raw
2024-07-23,94.58,94.99,91.49,91.58,180650.0,,raw
2024-07-24,90.03,96.58,90.03,93.68,206083.0,,raw
2024-07-25,91.53,91.8,86.82,87.08,200574.0,,raw
2024-07-26,87.2,92.39,86.8,91.15,181152.0,,raw
2024-07-29,92.99,97.64,91.18,95.9,261655.0,,raw
2024-07-30,94.88,98.63,93.08,96.76,248112.0,,raw
2024-07-31,96.39,101.11,95.12,100.03,261495.0,,raw
2024-08-01,104.6,105.51,100.2,100.56,255174.0,,raw
2024-08-02,96.8,96.8,90.48,91.0,317952.0,,raw
2024-08-05,86.0,88.66,83.83,84.05,268728.0,,raw
2024-08-06,87.45,88.18,84.77,85.93,176767.0,,raw
2024-08-07,85.0,86.77,84.02,84.3,146994.0,,raw
2024-08-08,82.0,83.24,80.81,82.15,138949.0,,raw
2024-08-09,84.0,86.18,83.71,83.72,154820.0,,raw
2024-08-12,82.99,85.12,82.99,83.71,92517.0,,raw
2024-08-13,84.8,86.1,83.65,84.82,107266.0,,raw
2024-08-14,86.5,86.7,83.33,83.35,107136.0,,raw
2024-08-15,83.5,85.7,83.0,84.89,124109.0,,raw
2024-08-16,85.66,91.79,85.66,90.2,235773.0,,raw
2024-08-19,90.0,91.0,88.38,89.3,132214.0,,raw
2024-08-20,90.6,90.88,86.65,87.05,124484.0,,raw
2024-08-21,87.04,88.88,86.23,87.18,104951.0,,raw
2024-08-22,86.98,87.5,85.13,85.61,100007.0,,raw
2024-08-23,85.0,85.44,80.89,82.44,170417.0,,raw
2024-08-26,83.5,83.9,77.88,78.98,179822.0,,raw
2024-08-27,78.02,79.48,76.58,78.34,120436.0,,raw
2024-08-28,78.06,80.3,77.05,77.55,109054.0,,raw
2024-08-29,75.6,75.6,71.5,74.39,230836.0,,raw
2024-08-30,73.3,77.97,73.3,76.79,191730.0,,raw
2024-09-02,76.7,76.7,72.37,72.42,164490.0,,raw
2024-09-03,72.93,73.56,71.74,73.2,101801.0,,raw
2024-09-04,68.82,72.9,68.65,72.36,167572.0,,raw
2024-09-05,71.98,73.56,71.5,71.81,105238.0,,raw
2024-09-06,71.6,72.87,70.73,70.75,81075.0,,raw
2024-09-09,70.07,74.09,70.0,73.9,174997.0,,raw
2024-09-10,73.69,76.79,72.82,75.19,221553.0,,raw
2024-09-11,75.0,76.12,73.71,74.44,127878.0,,raw
2024-09-12,76.0,76.56,73.36,73.63,127783.0,,raw
2024-09-13,73.63,79.48,73.63,76.81,280043.0,,raw
2024-09-18,75.9,76.96,74.9,75.68,108274.0,,raw
2024-09-19,75.86,76.1,72.5,73.5,137440.0,,raw
2024-09-20,74.01,74.23,72.54,73.4,97062.0,,raw
2024-09-23,73.06,76.0,72.49,73.87,106493.0,,raw
2024-09-24,74.1,80.34,74.1,80.21,238657.0,,raw
2024-09-25,81.5,81.85,78.63,78.65,208397.0,,raw
2024-09-26,78.99,81.5,78.1,81.5,173182.0,,raw
2024-09-27,81.52,88.59,80.02,86.08,286298.0,,raw
2024-09-30,88.8,100.5,86.2,100.5,366196.0,,raw
2024-10-08,120.0,120.6,105.22,120.6,410742.0,,raw
2024-10-09,114.62,121.04,108.9,109.9,326386.0,,raw
2024-10-10,111.97,113.09,104.2,106.14,224096.0,,raw
2024-10-11,104.2,107.8,99.0,100.95,217860.0,,raw
2024-10-14,100.1,102.78,97.51,102.32,198173.0,,raw
2024-10-15,102.3,105.36,99.3,99.8,182778.0,,raw
2024-10-16,96.0,98.06,95.1,96.78,156668.0,,raw
2024-10-17,96.99,98.76,96.02,96.15,143539.0,,raw
2024-10-18,96.42,109.28,96.04,104.54,321559.0,,raw
2024-10-21,106.0,118.5,103.15,113.49,426621.0,,raw
2024-10-22,117.0,124.8,113.49,123.3,402036.0,,raw
2024-10-23,114.0,124.9,110.0,118.18,400472.0,,raw
2024-10-24,117.6,139.8,116.2,129.51,407609.0,,raw
2024-10-25,130.0,137.31,129.53,132.9,332093.0,,raw
2024-10-28,131.6,142.28,130.0,135.41,321783.0,,raw
2024-10-29,132.0,137.78,129.5,134.02,262434.0,,raw
2024-10-30,131.5,140.9,129.2,131.48,242871.0,,raw
2024-10-31,127.6,131.9,126.88,128.3,205210.0,,raw
2024-11-01,126.05,127.66,121.88,124.7,179995.0,,raw
2024-11-04,125.5,132.74,125.5,128.83,147997.0,,raw
2024-11-05,127.27,135.98,127.27,133.93,187932.0,,raw
2024-11-06,133.0,135.81,130.3,132.51,164653.0,,raw
2024-11-07,130.53,141.89,130.1,136.65,179170.0,,raw
2024-11-08,136.7,149.88,136.55,137.7,233062.0,,raw
2024-11-11,136.0,136.8,129.12,129.93,258515.0,,raw
2024-11-12,129.74,132.21,126.73,128.5,183620.0,,raw
2024-11-13,128.43,135.0,126.21,133.62,220807.0,,raw
2024-11-14,132.01,133.47,125.0,125.5,165763.0,,raw
2024-11-15,127.0,128.18,115.5,115.56,228048.0,,raw
2024-11-18,114.57,117.42,111.23,112.71,170774.0,,raw
2024-11-19,114.79,118.11,112.44,115.98,128054.0,,raw
2024-11-20,116.08,121.74,116.0,120.05,176871.0,,raw
2024-11-21,118.22,120.29,113.34,114.35,198139.0,,raw
2024-11-22,114.35,116.5,110.03,110.06,154688.0,,raw
2024-11-25,109.91,110.41,101.63,104.5,267570.0,,raw
2024-11-26,103.81,106.71,102.6,104.5,151987.0,,raw
2024-11-27,104.49,105.58,101.18,104.47,155840.0,,raw
2024-11-28,104.01,104.57,99.79,101.27,183494.0,,raw
2024-11-29,102.94,105.3,100.55,103.28,184912.0,,raw
2024-12-02,104.82,112.68,104.82,110.9,296006.0,,raw
2024-12-03,110.0,112.58,107.35,109.61,168560.0,,raw
2024-12-04,108.01,109.58,105.28,106.35,141474.0,,raw
2024-12-05,107.41,111.8,107.41,108.02,150938.0,,raw
2024-12-06,108.0,112.34,107.6,108.72,127123.0,,raw
2024-12-09,107.99,107.99,104.1,105.6,144795.0,,raw
2024-12-10,108.0,108.99,102.83,103.66,205523.0,,raw
2024-12-11,102.05,107.96,102.0,105.57,183586.0,,raw
2024-12-12,106.0,112.28,105.02,109.2,235053.0,,raw
2024-12-13,108.36,112.19,103.84,104.65,316786.0,,raw
2024-12-16,104.65,105.2,97.61,100.51,263685.0,,raw
2024-12-17,99.68,103.57,98.55,98.76,211126.0,,raw
2024-12-18,98.76,99.45,96.75,98.31,132805.0,,raw
2024-12-19,96.96,99.9,96.4,98.93,143714.0,,raw
2024-12-20,98.0,100.81,97.77,98.67,172064.0,,raw
2024-12-23,99.0,101.91,98.11,98.23,224413.0,,raw
2024-12-24,98.79,99.68,96.6,99.11,140641.0,,raw
2024-12-25,98.8,102.01,98.31,100.5,182969.0,,raw
2024-12-26,100.99,108.88,98.81,107.99,298754.0,,raw
2024-12-27,108.15,108.3,104.75,105.6,203787.0,,raw
2024-12-30,103.52,103.72,95.68,95.89,331173.0,,raw
2024-12-31,95.41,96.18,91.26,91.36,226541.0,,raw
2025-01-02,91.0,92.5,88.8,89.75,157537.0,,raw
2025-01-03,90.0,90.7,87.0,87.1,145294.0,,raw
2025-01-06,87.5,90.38,87.3,88.67,132420.0,,raw
2025-01-07,89.8,95.49,88.38,95.07,256137.0,,raw
2025-01-08,92.1,94.65,90.2,94.05,200693.0,,raw
2025-01-09,93.8,94.57,92.51,93.09,128453.0,,raw
2025-01-10,92.6,93.0,88.5,88.5,171560.0,,raw
2025-01-13,87.36,89.26,85.53,86.69,157142.0,,raw
2025-01-14,86.58,90.09,83.93,89.98,205331.0,,raw
2025-01-15,89.01,89.59,86.01,86.02,172281.0,,raw
2025-01-16,86.99,103.22,86.51,103.22,554942.0,,raw
2025-01-17,106.01,111.54,105.0,108.6,639582.0,,raw
2025-01-20,110.33,114.68,106.45,113.47,462430.0,,raw
2025-01-21,115.74,115.8,110.08,112.75,376259.0,,raw
2025-01-22,115.57,120.0,114.8,116.0,403610.0,,raw
2025-01-23,116.58,119.69,111.5,112.92,323828.0,,raw
2025-01-24,113.02,116.3,111.8,114.02,242899.0,,raw
2025-01-27,106.0,107.49,99.76,100.8,324559.0,,raw
2025-02-05,92.0,93.3,82.58,83.79,478468.0,,raw
2025-02-06,85.0,86.68,83.51,85.99,355058.0,,raw
2025-02-07,86.66,92.28,86.65,90.29,375861.0,,raw
2025-02-10,90.85,93.2,90.3,91.73,277228.0,,raw
2025-02-11,92.7,94.99,91.2,93.57,257880.0,,raw
2025-02-12,92.8,94.28,91.6,93.88,202917.0,,raw
2025-02-13,93.07,94.86,90.58,90.83,220335.0,,raw
2025-02-14,91.96,95.5,89.01,89.9,238119.0,,raw
2025-02-17,90.0,100.39,90.0,98.26,385090.0,,raw
2025-02-18,97.0,100.56,95.79,97.2,282261.0,,raw
2025-02-19,96.93,97.65,94.18,96.54,217780.0,,raw
2025-02-20,97.99,101.93,96.0,100.3,296562.0,,raw
2025-02-21,100.85,110.0,98.6,104.08,329754.0,,raw
2025-02-24,102.1,103.0,98.53,101.12,257859.0,,raw
2025-02-25,97.16,102.35,96.96,100.17,176401.0,,raw
2025-02-26,99.6,104.98,98.19,104.42,227616.0,,raw
2025-02-27,105.0,106.93,99.0,100.19,280270.0,,raw
2025-02-28,94.99,94.99,88.0,88.47,347558.0,,raw
2025-03-03,88.8,90.8,86.03,87.43,229138.0,,raw
2025-03-04,82.31,87.36,81.62,87.2,213302.0,,raw
2025-03-05,87.3,90.5,87.3,89.99,204423.0,,raw
2025-03-06,90.19,92.9,88.28,91.11,240945.0,,raw
2025-03-07,89.5,89.5,88.0,88.39,156142.0,,raw
2025-03-10,88.89,90.5,88.42,89.96,159205.0,,raw
2025-03-11,87.32,89.57,87.02,89.56,129608.0,,raw
2025-03-12,91.0,92.9,89.6,91.1,231533.0,,raw
2025-03-13,93.49,94.3,90.67,90.9,195068.0,,raw
2025-03-14,90.87,96.35,90.22,95.13,332884.0,,raw
2025-03-17,95.25,98.03,93.89,96.56,259032.0,,raw
2025-03-18,95.8,99.52,93.6,97.87,315880.0,,raw
2025-03-19,94.62,95.09,90.32,90.69,333266.0,,raw
2025-03-20,90.69,92.66,90.0,90.0,146893.0,,raw
2025-03-21,89.3,89.95,87.3,87.72,143950.0,,raw
2025-03-24,87.8,89.8,87.0,88.84,130750.0,,raw
2025-03-25,89.5,91.58,88.78,89.01,134040.0,,raw
2025-03-26,88.96,89.01,86.86,87.2,121172.0,,raw
2025-03-27,84.9,86.05,82.93,84.7,178255.0,,raw
2025-03-28,84.22,85.75,83.66,83.66,85667.0,,raw
2025-03-31,83.3,84.8,83.01,84.62,88756.0,,raw
2025-04-01,84.7,84.84,83.88,84.2,66447.0,,raw
2025-04-02,84.64,86.31,84.35,85.25,98585.0,,raw
2025-04-03,83.0,83.5,77.51,79.45,227566.0,,raw
2025-04-07,69.98,71.4,63.56,63.56,242676.0,,raw
2025-04-08,63.93,65.3,59.96,62.23,288115.0,,raw
2025-04-09,60.0,63.36,57.11,62.73,248050.0,,raw
2025-04-10,69.5,70.01,66.56,66.56,277398.0,,raw
2025-04-11,66.56,68.23,65.18,67.07,180039.0,,raw
2025-04-14,71.0,71.2,67.93,68.1,192821.0,,raw
2025-04-15,67.6,67.89,66.26,67.18,108644.0,,raw
2025-04-16,65.77,66.23,64.16,65.86,117909.0,,raw
2025-04-17,65.0,66.68,65.0,65.7,87652.0,,raw
2025-04-18,65.9,66.81,65.68,66.38,100098.0,,raw
2025-04-21,67.99,68.5,66.85,68.5,152229.0,,raw
2025-04-22,67.38,68.08,67.1,67.5,113979.0,,raw
2025-04-23,68.88,73.78,68.2,72.5,300254.0,,raw
2025-04-24,69.98,71.08,69.26,69.45,211620.0,,raw
2025-04-25,69.78,72.19,69.78,70.24,211410.0,,raw
2025-04-28,69.8,70.0,67.81,68.27,135698.0,,raw
2025-04-29,67.67,68.5,67.27,67.68,85574.0,,raw
2025-04-30,67.85,68.72,67.3,68.57,108342.0,,raw
2025-05-06,69.75,71.88,69.7,71.69,177323.0,,raw
2025-05-07,73.11,73.5,70.41,71.24,155852.0,,raw
2025-05-08,71.6,77.57,71.55,76.42,373677.0,,raw
2025-05-09,75.0,75.5,73.5,74.12,214477.0,,raw
2025-05-12,76.2,76.6,74.48,76.38,204101.0,,raw
2025-05-13,78.0,78.76,75.58,75.67,217577.0,,raw
2025-05-14,76.86,78.49,76.1,76.33,213068.0,,raw
2025-05-15,76.05,76.4,73.27,73.27,168142.0,,raw
2025-05-16,72.89,75.14,72.6,74.29,137463.0,,raw
2025-05-19,73.46,73.46,71.75,72.45,112233.0,,raw
2025-05-20,72.45,76.88,72.13,75.3,179259.0,,raw
2025-05-21,74.61,80.19,74.61,78.18,311347.0,,raw
2025-05-22,77.5,78.95,76.36,76.45,177416.0,,raw
2025-05-23,77.0,77.21,74.0,74.07,141391.0,,raw
2025-05-26,73.95,74.79,73.15,74.78,104525.0,,raw
2025-05-27,74.2,75.37,72.03,74.01,138827.0,,raw
2025-05-28,74.9,77.74,74.49,77.63,245818.0,,raw
2025-05-29,78.6,82.8,78.47,82.16,409319.0,,raw
2025-05-30,81.0,82.24,80.18,81.7,166276.0,,raw
2025-06-03,81.0,83.4,80.35,81.77,162664.0,,raw
2025-06-04,83.6,86.0,83.5,85.17,298390.0,,raw
2025-06-05,84.5,89.89,84.29,87.85,287612.0,,raw
2025-06-06,87.4,92.57,87.11,90.52,285877.0,,raw
2025-06-09,66.58,73.49,66.19,70.2,555439.0,,raw
2025-06-10,69.0,69.59,67.68,68.73,378609.0,,raw
2025-06-11,68.8,71.2,67.67,67.96,317184.0,,raw
2025-06-12,67.89,77.82,67.06,74.79,632872.0,,raw
2025-06-13,74.4,75.76,73.33,73.47,312974.0,,raw
2025-06-16,72.84,76.99,72.84,75.4,372988.0,,raw
2025-06-17,75.6,75.96,72.9,73.8,278374.0,,raw
2025-06-18,73.86,77.18,71.58,76.59,433197.0,,raw
2025-06-19,75.62,78.7,75.28,76.1,397267.0,,raw
2025-06-20,76.1,76.49,73.2,74.38,318127.0,,raw
2025-06-23,73.19,74.65,69.8,71.3,425031.0,,raw
2025-06-24,71.99,73.17,71.07,71.6,252991.0,,raw
2025-06-25,73.48,73.66,70.5,72.3,279562.0,,raw
2025-06-26,73.33,74.68,72.61,73.21,386395.0,,raw
2025-06-27,72.4,76.32,71.16,75.09,457328.0,,raw
2025-06-30,75.9,79.88,73.54,79.84,572176.0,,raw
2025-07-01,78.33,80.3,77.8,78.83,306887.0,,raw
2025-07-02,77.0,77.0,74.66,74.7,292520.0,,raw
2025-07-03,75.4,79.49,74.88,78.08,346801.0,,raw
2025-07-04,78.08,79.36,75.5,75.58,338464.0,,raw
2025-07-07,74.38,75.31,71.5,73.07,268561.0,,raw
2025-07-08,72.56,83.6,72.52,82.33,596509.0,,raw
2025-07-09,82.36,84.96,80.77,83.88,442784.0,,raw
2025-07-10,86.16,88.53,84.11,87.49,506739.0,,raw
2025-07-11,87.19,90.0,84.54,84.54,460820.0,,raw
2025-07-14,84.01,86.4,83.8,84.99,255386.0,,raw
2025-07-15,89.02,96.51,87.55,95.16,554034.0,,raw
2025-07-16,95.83,95.98,90.0,90.22,462057.0,,raw
2025-07-17,90.61,93.88,90.0,92.78,361010.0,,raw
2025-07-18,93.5,97.3,90.55,91.0,372321.0,,raw
2025-07-21,89.07,91.5,86.56,88.96,386866.0,,raw
2025-07-22,88.52,93.83,88.2,89.61,399315.0,,raw
2025-07-23,87.0,90.73,86.16,90.27,283816.0,,raw
2025-07-24,91.8,92.0,86.0,86.97,347383.0,,raw
2025-07-25,86.88,88.15,86.0,86.19,202513.0,,raw
2025-07-28,86.3,88.9,85.6,88.8,270734.0,,raw
2025-07-29,88.81,101.1,88.8,101.08,685025.0,,raw
2025-07-30,98.0,102.33,97.8,101.69,389441.0,,raw
2025-07-31,103.99,112.66,103.3,105.63,657159.0,,raw
2025-08-01,105.0,111.0,102.91,107.88,509634.0,,raw
2025-08-04,105.22,107.88,101.5,104.46,375231.0,,raw
2025-08-05,106.38,106.99,100.8,103.2,318367.0,,raw
2025-08-06,101.91,104.88,101.88,103.03,202280.0,,raw
2025-08-07,103.0,107.35,98.25,102.0,387844.0,,raw
2025-08-08,100.5,102.44,99.95,100.6,203031.0,,raw
2025-08-11,99.11,105.9,98.89,103.61,389360.0,,raw
2025-08-12,105.2,108.0,104.3,106.85,361911.0,,raw
2025-08-13,107.8,118.0,106.91,117.2,500725.0,,raw
2025-08-14,113.87,114.98,110.05,110.19,350739.0,,raw
2025-08-15,109.2,111.67,105.84,107.87,364336.0,,raw
2025-08-18,106.57,115.0,106.57,111.09,378697.0,,raw
2025-08-19,112.01,126.5,110.51,121.98,533390.0,,raw
2025-08-20,118.0,125.53,113.15,125.42,470825.0,,raw
2025-08-21,125.0,127.29,117.0,119.73,372451.0,,raw
2025-08-22,117.5,124.0,115.42,122.9,430374.0,,raw
2025-08-25,125.0,131.5,121.0,129.35,559288.0,,raw
2025-08-26,150.01,155.0,140.99,144.78,686263.0,,raw
2025-08-27,148.01,157.96,147.09,150.01,523476.0,,raw
2025-08-28,155.01,180.01,154.73,180.01,665658.0,,raw
2025-08-29,187.9,200.88,185.0,198.53,635709.0,,raw
2025-09-01,197.99,225.05,193.88,222.16,575436.0,,raw
2025-09-02,218.0,224.1,194.78,199.18,702766.0,,raw
2025-09-03,199.5,211.58,193.88,205.31,541615.0,,raw
2025-09-04,205.0,208.0,170.0,173.66,655693.0,,raw
2025-09-05,176.79,189.72,171.26,186.8,510192.0,,raw
2025-09-08,182.01,183.0,165.22,173.05,484937.0,,raw
2025-09-09,174.0,174.14,165.0,167.93,287594.0,,raw
2025-09-10,176.5,179.98,169.55,174.91,451416.0,,raw
2025-09-11,180.01,201.52,176.8,198.6,626248.0,,raw
2025-09-12,188.0,190.0,182.5,185.65,424504.0,,raw
2025-09-15,180.0,185.2,176.0,181.05,268469.0,,raw
2025-09-16,179.77,184.44,173.0,178.3,349173.0,,raw
2025-09-17,178.0,184.02,174.0,182.07,331126.0,,raw
2025-09-18,178.01,188.0,174.4,179.88,410369.0,,raw
2025-09-19,182.2,195.0,180.62,187.98,453332.0,,raw
2025-09-22,188.0,188.47,175.0,185.59,328121.0,,raw
2025-09-23,194.37,198.85,180.0,189.8,389577.0,,raw
2025-09-24,180.24,186.35,177.0,182.51,311585.0,,raw
2025-09-25,179.97,187.0,173.55,182.4,317046.0,,raw
2025-09-26,180.0,185.66,173.85,173.85,244658.0,,raw
2025-09-29,170.0,178.38,170.0,176.09,228748.0,,raw
2025-09-30,177.38,178.8,167.0,167.8,306499.0,,raw
2025-10-09,167.87,170.78,162.99,164.0,297493.0,,raw
2025-10-10,163.88,165.68,156.88,158.2,284367.0,,raw
2025-10-13,146.88,158.19,146.88,156.88,232313.0,,raw
2025-10-14,159.04,160.01,148.0,148.95,263175.0,,raw
2025-10-15,149.16,151.34,146.24,150.19,189910.0,,raw
2025-10-16,149.53,155.0,149.0,150.75,225482.0,,raw
2025-10-17,151.37,151.7,146.2,146.59,162907.0,,raw
2025-10-20,153.92,166.56,153.9,157.97,446692.0,,raw
2025-10-21,158.72,170.66,156.0,166.75,463625.0,,raw
2025-10-22,163.58,182.97,163.58,178.55,529045.0,,raw
2025-10-23,173.78,173.78,163.7,167.2,392204.0,,raw
2025-10-24,169.62,180.0,163.4,178.0,473431.0,,raw
2025-10-27,185.0,192.08,181.0,190.06,481014.0,,raw
2025-10-28,185.57,197.9,184.0,189.11,386425.0,,raw
2025-10-29,195.15,197.1,182.75,194.5,400549.0,,raw
2025-10-30,185.0,185.0,171.46,172.02,586383.0,,raw
2025-10-31,168.0,169.0,156.1,158.01,520838.0,,raw
2025-11-03,154.06,156.49,150.8,155.06,315020.0,,raw
2025-11-04,156.5,158.8,152.45,153.94,269547.0,,raw
2025-11-05,147.0,153.0,146.88,151.55,240478.0,,raw
2025-11-06,151.66,156.68,151.23,155.32,320265.0,,raw
2025-11-07,152.0,183.0,151.61,175.0,789447.0,,raw
2025-11-10,177.01,180.96,169.01,180.0,571849.0,,raw
2025-11-11,182.12,182.36,163.8,165.58,555609.0,,raw
2025-11-12,163.8,165.9,157.28,164.0,362994.0,,raw
2025-11-13,163.0,164.98,159.9,162.74,252769.0,,raw
2025-11-14,158.8,160.98,154.2,155.47,239565.0,,raw
2025-11-17,155.47,158.47,147.98,150.9,310655.0,,raw
2025-11-18,148.15,156.87,148.15,152.6,268645.0,,raw
2025-11-19,152.0,157.82,150.88,153.21,283257.0,,raw
2025-11-20,159.0,163.28,152.0,160.08,446774.0,,raw
2025-11-21,151.0,153.0,147.0,148.33,307482.0,,raw
2025-11-24,149.0,150.25,141.14,144.21,292593.0,,raw
2025-11-25,146.66,153.96,146.35,147.73,324866.0,,raw
2025-11-26,144.87,161.83,142.68,156.95,518914.0,,raw
2025-11-27,155.02,165.0,154.21,155.09,431450.0,,raw
2025-11-28,159.2,162.88,155.26,158.0,365735.0,,raw
2025-12-01,158.02,161.85,151.4,158.32,349619.0,,raw
2025-12-02,158.5,166.78,158.5,161.98,378898.0,,raw
2025-12-03,164.0,178.6,163.42,173.45,686181.0,,raw
2025-12-04,170.18,189.9,169.8,187.12,650316.0,,raw
2025-12-05,192.99,205.0,188.88,198.75,648569.0,,raw
2025-12-08,198.75,238.5,198.06,236.9,712445.0,,raw
2025-12-09,236.0,242.0,231.11,240.15,579018.0,,raw
2025-12-10,238.6,241.16,229.39,235.36,473288.0,,raw
2025-12-11,231.0,233.8,218.86,219.68,552968.0,,raw
2025-12-12,218.9,221.25,205.53,215.16,493509.0,,raw
2025-12-15,207.97,217.4,207.0,209.62,314019.0,,raw
2025-12-16,206.02,209.49,197.5,199.3,283122.0,,raw
2025-12-17,201.29,219.58,199.55,217.78,514815.0,,raw
2025-12-18,215.23,224.05,213.22,218.81,442461.0,,raw
2025-12-19,222.46,224.0,208.6,214.03,367102.0,,raw
2025-12-22,218.0,226.88,213.63,223.0,575111.0,,raw
2025-12-23,223.49,228.0,219.62,222.28,351951.0,,raw
2025-12-24,221.23,225.6,214.88,223.07,411387.0,,raw
2025-12-25,223.59,230.0,209.0,214.8,391361.0,,raw
2025-12-26,213.87,217.61,210.57,213.31,225800.0,,raw
2025-12-29,210.75,215.88,208.0,212.77,262027.0,,raw
2025-12-30,209.9,217.4,208.18,212.47,290987.0,,raw
2025-12-31,212.58,212.61,201.5,203.03,333544.0,,raw
