trade_date,open,high,low,close,adj_close,volume,amount,price_type
2021-04-19,26.923,27.043,24.943,25.343,25.343,261028.0,,adjusted
2021-04-20,23.653,24.933,21.493,22.833,22.833,214365.0,,adjusted
2021-04-21,21.633,22.533,21.043,21.553,21.553,139155.0,,adjusted
2021-04-22,21.043,21.633,20.573,21.043,21.043,118739.0,,adjusted
2021-04-23,20.783,22.023,20.543,20.923,20.923,133323.0,,adjusted
2021-04-26,20.163,20.183,18.823,18.913,18.913,127315.0,,adjusted
2021-04-27,18.713,18.883,18.003,18.113,18.113,72540.0,,adjusted
2021-04-28,18.013,19.223,17.903,18.943,18.943,80627.0,,adjusted
2021-04-29,17.843,17.853,17.043,17.283,17.283,93966.0,,adjusted
2021-04-30,17.343,17.473,16.653,16.683,16.683,56303.0,,adjusted
2021-05-06,16.823,17.503,16.693,17.033,17.033,48459.0,,adjusted
2021-05-07,16.873,17.423,16.643,17.343,17.343,56150.0,,adjusted
2021-05-10,17.793,18.003,16.943,16.963,16.963,51848.0,,adjusted
2021-05-11,16.703,17.893,16.403,17.663,17.663,74223.0,,adjusted
2021-05-12,17.293,18.253,16.803,17.873,17.873,81846.0,,adjusted
2021-05-13,17.493,17.683,17.003,17.013,17.013,55710.0,,adjusted
2021-05-14,17.173,17.383,17.013,17.073,17.073,34152.0,,adjusted
2021-05-17,16.923,17.413,16.523,17.363,17.363,45630.0,,adjusted
2021-05-18,17.323,17.513,17.143,17.203,17.203,35702.0,,adjusted
2021-05-19,17.053,17.353,16.943,17.043,17.043,29185.0,,adjusted
2021-05-20,16.943,17.023,16.693,16.733,16.733,28192.0,,adjusted
2021-05-21,16.723,17.783,16.623,17.373,17.373,73097.0,,adjusted
2021-05-24,17.173,17.403,16.793,16.933,16.933,44656.0,,adjusted
2021-05-25,16.873,16.873,16.553,16.753,16.753,32701.0,,adjusted
2021-05-26,16.653,17.093,16.653,16.993,16.993,31653.0,,adjusted
2021-05-27,16.923,17.093,16.853,16.943,16.943,30607.0,,adjusted
2021-05-28,17.003,17.363,16.763,16.953,16.953,41095.0,,adjusted
2021-05-31,16.933,16.933,16.593,16.863,16.863,29288.0,,adjusted
2021-06-01,16.803,17.293,16.803,17.223,17.223,42153.0,,adjusted
2021-06-02,17.123,17.693,16.863,17.393,17.393,62555.0,,adjusted
2021-06-03,17.293,17.623,17.093,17.383,17.383,52317.0,,adjusted
2021-06-04,17.343,17.823,17.163,17.493,17.493,55601.0,,adjusted
2021-06-07,17.463,17.463,16.723,16.823,16.823,47931.0,,adjusted
2021-06-08,16.833,16.943,16.643,16.693,16.693,28066.0,,adjusted
2021-06-09,16.683,16.813,16.543,16.803,16.803,18993.0,,adjusted
2021-06-10,16.783,16.783,16.563,16.573,16.573,23807.0,,adjusted
2021-06-11,16.493,16.653,16.243,16.293,16.293,23862.0,,adjusted
2021-06-15,16.323,16.383,15.303,15.353,15.353,36881.0,,adjusted
2021-06-16,15.313,15.543,15.173,15.263,15.263,19456.0,,adjusted
2021-06-17,15.233,15.283,14.933,15.063,15.063,22008.0,,adjusted
2021-06-18,14.973,15.513,14.953,15.313,15.313,21270.0,,adjusted
2021-06-21,15.363,15.543,15.323,15.433,15.433,20495.0,,adjusted
2021-06-22,15.433,16.363,15.433,16.133,16.133,46197.0,,adjusted
2021-06-23,15.923,15.923,15.573,15.703,15.703,32820.0,,adjusted
2021-06-24,15.713,15.803,15.323,15.333,15.333,21177.0,,adjusted
2021-06-25,15.253,15.403,15.253,15.373,15.373,12517.0,,adjusted
2021-06-28,15.443,15.823,15.393,15.603,15.603,19848.0,,adjusted
2021-06-29,15.403,15.433,15.093,15.113,15.113,20205.0,,adjusted
2021-06-30,15.053,15.193,15.013,15.123,15.123,13803.0,,adjusted
2021-07-01,15.073,15.243,14.973,14.973,14.973,13473.0,,adjusted
2021-07-02,14.943,15.143,14.523,14.523,14.523,20248.0,,adjusted
2021-07-05,14.483,14.883,14.403,14.673,14.673,13216.0,,adjusted
2021-07-06,14.663,15.463,14.663,15.343,15.343,40901.0,,adjusted
2021-07-07,15.393,15.843,15.193,15.413,15.413,31345.0,,adjusted
2021-07-08,15.213,15.393,14.853,14.863,14.863,25703.0,,adjusted
2021-07-09,14.763,15.003,14.763,14.943,14.943,11986.0,,adjusted
2021-07-12,15.293,15.493,15.053,15.053,15.053,14353.0,,adjusted
2021-07-13,14.943,15.263,14.873,14.973,14.973,13753.0,,adjusted
2021-07-14,14.903,15.093,14.763,14.763,14.763,13240.0,,adjusted
2021-07-15,14.743,14.823,14.213,14.243,14.243,21913.0,,adjusted
2021-07-16,14.263,14.383,14.223,14.263,14.263,9661.0,,adjusted
2021-07-19,14.293,14.593,13.713,14.393,14.393,26359.0,,adjusted
2021-07-20,14.203,14.393,14.053,14.123,14.123,13757.0,,adjusted
2021-07-21,13.993,14.353,13.983,14.133,14.133,11158.0,,adjusted
2021-07-22,14.103,14.153,13.803,13.913,13.913,18322.0,,adjusted
2021-07-23,13.863,13.983,13.683,13.683,13.683,12418.0,,adjusted
2021-07-26,13.683,13.793,13.313,13.453,13.453,15401.0,,adjusted
2021-07-27,13.323,13.543,13.083,13.113,13.113,15265.0,,adjusted
2021-07-28,13.093,13.213,12.443,12.533,12.533,18302.0,,adjusted
2021-07-29,12.583,13.183,12.543,12.943,12.943,18787.0,,adjusted
2021-07-30,12.833,13.123,12.613,13.063,13.063,16148.0,,adjusted
2021-08-02,12.903,13.383,12.863,13.263,13.263,15358.0,,adjusted
2021-08-03,13.143,13.703,13.143,13.353,13.353,21200.0,,adjusted
2021-08-04,13.253,13.353,13.193,13.253,13.253,11817.0,,adjusted
2021-08-05,13.313,14.643,13.203,14.233,14.233,57778.0,,adjusted
2021-08-06,13.763,13.913,13.543,13.573,13.573,33070.0,,adjusted
2021-08-09,13.463,13.883,13.443,13.703,13.703,17779.0,,adjusted
2021-08-10,13.693,14.113,13.543,13.903,13.903,23513.0,,adjusted
2021-08-11,13.953,14.003,13.793,13.963,13.963,17305.0,,adjusted
2021-08-12,14.023,14.103,13.683,13.683,13.683,17148.0,,adjusted
2021-08-13,13.693,16.343,13.583,15.723,15.723,84085.0,,adjusted
2021-08-16,15.143,17.673,14.943,16.203,16.203,151911.0,,adjusted
2021-08-17,15.843,15.863,14.743,14.953,14.953,93675.0,,adjusted
2021-08-18,14.763,15.393,14.553,14.893,14.893,56019.0,,adjusted
2021-08-19,14.723,14.773,14.063,14.153,14.153,44470.0,,adjusted
2021-08-20,14.063,14.363,13.663,13.813,13.813,30273.0,,adjusted
2021-08-23,13.713,14.253,13.713,14.203,14.203,25610.0,,adjusted
2021-08-24,14.123,14.573,14.113,14.303,14.303,28955.0,,adjusted
2021-08-25,14.213,14.623,14.103,14.463,14.463,25825.0,,adjusted
2021-08-26,14.403,14.453,13.873,13.873,13.873,26405.0,,adjusted
2021-08-27,13.833,14.003,13.203,13.273,13.273,29527.0,,adjusted
2021-08-30,12.843,12.853,11.943,12.073,12.073,57704.0,,adjusted
2021-08-31,12.003,12.313,11.683,12.003,12.003,31887.0,,adjusted
2021-09-01,11.893,12.113,11.713,12.053,12.053,23093.0,,adjusted
2021-09-02,11.953,12.183,11.913,12.093,12.093,21402.0,,adjusted
2021-09-03,12.063,13.433,12.003,12.753,12.753,57348.0,,adjusted
2021-09-06,12.353,12.683,12.243,12.543,12.543,30700.0,,adjusted
2021-09-07,12.473,12.753,12.463,12.553,12.553,21660.0,,adjusted
2021-09-08,12.613,13.743,12.463,13.013,13.013,55455.0,,adjusted
2021-09-09,12.953,13.983,12.953,13.123,13.123,46462.0,,adjusted
2021-09-10,12.853,13.443,12.703,13.013,13.013,32669.0,,adjusted
2021-09-13,12.893,12.913,12.563,12.703,12.703,23740.0,,adjusted
2021-09-14,12.713,12.823,12.283,12.283,12.283,19812.0,,adjusted
2021-09-15,12.643,12.733,12.313,12.423,12.423,14526.0,,adjusted
2021-09-16,12.363,13.403,12.363,12.983,12.983,50522.0,,adjusted
2021-09-17,12.833,12.843,12.393,12.493,12.493,31514.0,,adjusted
2021-09-22,12.243,12.493,12.133,12.163,12.163,17094.0,,adjusted
2021-09-23,12.163,12.643,12.153,12.473,12.473,20816.0,,adjusted
2021-09-24,12.353,12.573,12.143,12.263,12.263,19260.0,,adjusted
2021-09-27,12.233,13.003,12.153,12.663,12.663,34927.0,,adjusted
2021-09-28,12.543,12.543,12.043,12.113,12.113,25749.0,,adjusted
2021-09-29,11.993,12.233,11.613,11.623,11.623,18063.0,,adjusted
2021-09-30,11.623,11.963,11.623,11.723,11.723,10566.0,,adjusted
2021-10-08,11.893,13.003,11.743,12.663,12.663,43905.0,,adjusted
2021-10-11,12.493,15.583,12.443,15.583,15.583,136660.0,,adjusted
2021-10-12,14.923,16.733,14.353,15.553,15.553,174457.0,,adjusted
2021-10-13,14.843,14.933,14.073,14.713,14.713,102993.0,,adjusted
2021-10-14,14.373,14.733,14.073,14.503,14.503,72637.0,,adjusted
2021-10-15,14.463,16.013,13.543,13.713,13.713,113246.0,,adjusted
2021-10-18,13.063,14.203,12.943,13.903,13.903,81997.0,,adjusted
2021-10-19,13.763,14.723,13.453,13.943,13.943,75590.0,,adjusted
2021-10-20,14.123,14.593,13.283,13.403,13.403,60531.0,,adjusted
2021-10-21,13.323,13.993,13.193,13.743,13.743,63475.0,,adjusted
2021-10-22,13.523,14.693,13.403,14.513,14.513,108726.0,,adjusted
2021-10-25,14.293,15.293,13.793,13.883,13.883,83588.0,,adjusted
2021-10-26,13.553,14.023,13.213,13.233,13.233,65361.0,,adjusted
2021-10-27,12.823,12.823,11.013,11.253,11.253,89460.0,,adjusted
2021-10-28,11.273,11.503,10.663,10.723,10.723,53204.0,,adjusted
2021-10-29,10.783,11.173,10.653,11.003,11.003,36472.0,,adjusted
2021-11-01,10.993,12.763,10.913,11.803,11.803,82267.0,,adjusted
2021-11-02,11.993,12.343,11.703,11.913,11.913,59537.0,,adjusted
2021-11-03,11.953,12.173,11.543,11.953,11.953,40136.0,,adjusted
2021-11-04,11.943,12.623,11.853,12.543,12.543,54659.0,,adjusted
2021-11-05,12.443,12.783,12.303,12.593,12.593,34863.0,,adjusted
2021-11-08,12.593,12.733,12.123,12.603,12.603,34626.0,,adjusted
2021-11-09,12.673,14.023,12.573,13.783,13.783,64118.0,,adjusted
2021-11-10,13.793,14.103,13.593,13.823,13.823,46223.0,,adjusted
2021-11-11,14.083,14.133,13.523,13.613,13.613,28039.0,,adjusted
2021-11-12,13.543,14.083,13.493,13.703,13.703,33017.0,,adjusted
2021-11-15,13.583,14.243,13.583,14.093,14.093,38278.0,,adjusted
2021-11-16,14.333,14.643,13.773,13.873,13.873,30591.0,,adjusted
2021-11-17,13.763,14.543,13.763,14.443,14.443,28824.0,,adjusted
2021-11-18,14.243,14.543,13.843,13.903,13.903,21583.0,,adjusted
2021-11-19,13.903,14.043,13.523,13.663,13.663,22549.0,,adjusted
2021-11-22,13.783,14.743,13.573,14.453,14.453,37359.0,,adjusted
2021-11-23,14.833,14.833,14.173,14.233,14.233,23612.0,,adjusted
2021-11-24,14.693,14.693,14.013,14.263,14.263,22491.0,,adjusted
2021-11-25,14.393,14.523,14.073,14.183,14.183,21985.0,,adjusted
2021-11-26,14.113,14.163,13.483,13.593,13.593,22625.0,,adjusted
2021-11-29,13.573,13.903,13.313,13.383,13.383,23362.0,,adjusted
2021-11-30,13.303,13.893,13.303,13.513,13.513,21441.0,,adjusted
2021-12-01,13.643,13.643,13.253,13.533,13.533,16445.0,,adjusted
2021-12-02,13.493,13.683,12.813,12.823,12.823,25520.0,,adjusted
2021-12-03,12.823,12.993,12.553,12.853,12.853,15282.0,,adjusted
2021-12-06,12.913,13.023,12.003,12.113,12.113,29555.0,,adjusted
2021-12-07,12.183,12.333,12.053,12.223,12.223,14655.0,,adjusted
2021-12-08,12.533,12.533,12.123,12.233,12.233,17138.0,,adjusted
2021-12-09,12.193,12.573,12.193,12.473,12.473,20791.0,,adjusted
2021-12-10,12.473,12.893,12.343,12.473,12.473,35004.0,,adjusted
2021-12-13,12.623,12.633,12.253,12.313,12.313,24049.0,,adjusted
2021-12-14,12.313,12.843,12.103,12.573,12.573,32313.0,,adjusted
2021-12-15,12.443,12.693,12.323,12.573,12.573,25998.0,,adjusted
2021-12-16,12.583,13.883,12.443,13.043,13.043,86550.0,,adjusted
2021-12-17,12.893,16.043,12.703,14.943,14.943,180778.0,,adjusted
2021-12-20,14.433,15.883,13.993,14.683,14.683,174015.0,,adjusted
2021-12-21,14.663,14.663,13.843,14.243,14.243,105006.0,,adjusted
2021-12-22,14.223,14.993,14.053,14.443,14.443,94891.0,,adjusted
2021-12-23,14.103,14.913,13.943,14.803,14.803,101072.0,,adjusted
2021-12-24,14.393,14.543,13.473,13.533,13.533,77755.0,,adjusted
2021-12-27,13.723,14.523,13.623,13.933,13.933,76595.0,,adjusted
2021-12-28,13.693,15.043,13.473,14.633,14.633,103876.0,,adjusted
2021-12-29,14.443,14.493,13.673,14.193,14.193,72707.0,,adjusted
2021-12-30,14.113,14.283,13.723,13.853,13.853,48430.0,,adjusted
2021-12-31,13.903,14.523,13.653,13.893,13.893,62723.0,,adjusted
2022-01-04,13.833,15.023,13.783,14.843,14.843,104446.0,,adjusted
2022-01-05,14.663,15.043,14.343,14.833,14.833,69886.0,,adjusted
2022-01-06,14.723,14.743,14.163,14.293,14.293,51224.0,,adjusted
2022-01-07,14.253,14.363,13.073,13.153,13.153,64353.0,,adjusted
2022-01-10,13.043,14.023,12.933,13.843,13.843,53524.0,,adjusted
2022-01-11,14.023,14.023,13.413,13.593,13.593,29636.0,,adjusted
2022-01-12,13.663,15.293,13.523,14.913,14.913,102291.0,,adjusted
2022-01-13,14.833,15.243,14.673,14.823,14.823,71742.0,,adjusted
2022-01-14,14.823,15.253,14.543,14.943,14.943,69594.0,,adjusted
2022-01-17,15.443,16.223,14.263,14.803,14.803,74451.0,,adjusted
2022-01-18,14.903,14.933,13.733,13.813,13.813,69534.0,,adjusted
2022-01-19,13.723,14.663,13.673,14.213,14.213,48835.0,,adjusted
2022-01-20,14.093,15.273,13.403,13.793,13.793,84956.0,,adjusted
2022-01-21,13.343,13.443,12.643,12.873,12.873,52968.0,,adjusted
2022-01-24,12.873,12.923,12.483,12.643,12.643,32388.0,,adjusted
2022-01-25,12.553,12.623,11.673,11.683,11.683,32733.0,,adjusted
2022-01-26,11.663,12.013,11.663,11.873,11.873,17639.0,,adjusted
2022-01-27,11.793,11.973,10.993,11.153,11.153,25447.0,,adjusted
2022-01-28,11.333,11.723,11.263,11.563,11.563,21541.0,,adjusted
2022-02-07,11.923,12.003,11.453,11.953,11.953,20565.0,,adjusted
2022-02-08,12.203,12.413,11.863,12.333,12.333,25615.0,,adjusted
2022-02-09,12.293,12.823,12.203,12.583,12.583,29195.0,,adjusted
2022-02-10,12.553,12.923,12.393,12.913,12.913,29472.0,,adjusted
2022-02-11,12.913,12.913,12.403,12.503,12.503,25606.0,,adjusted
2022-02-14,12.303,12.783,12.063,12.663,12.663,19191.0,,adjusted
2022-02-15,12.563,12.683,12.313,12.503,12.503,17247.0,,adjusted
2022-02-16,12.453,12.933,12.323,12.823,12.823,24955.0,,adjusted
2022-02-17,12.683,12.943,12.413,12.633,12.633,27737.0,,adjusted
2022-02-18,12.493,12.903,12.423,12.753,12.753,22404.0,,adjusted
2022-02-21,12.603,13.133,12.523,13.073,13.073,30758.0,,adjusted
2022-02-22,12.893,13.443,12.823,13.253,13.253,39481.0,,adjusted
2022-02-23,13.443,13.853,12.343,12.683,12.683,71239.0,,adjusted
2022-02-24,12.523,12.953,11.743,12.063,12.063,54899.0,,adjusted
2022-02-25,12.033,12.513,12.033,12.173,12.173,30249.0,,adjusted
2022-02-28,12.333,12.333,11.793,12.083,12.083,21410.0,,adjusted
2022-03-01,12.033,12.413,12.033,12.293,12.293,22867.0,,adjusted
2022-03-02,12.293,13.373,12.243,12.843,12.843,61114.0,,adjusted
2022-03-03,12.703,13.153,12.703,13.013,13.013,51434.0,,adjusted
2022-03-04,13.013,14.643,12.933,13.663,13.663,99660.0,,adjusted
2022-03-07,14.043,14.243,12.873,13.423,13.423,72291.0,,adjusted
2022-03-08,13.003,13.443,12.523,12.593,12.593,51572.0,,adjusted
2022-03-09,12.243,13.013,11.863,12.683,12.683,41993.0,,adjusted
2022-03-10,12.723,13.093,12.643,12.813,12.813,31676.0,,adjusted
2022-03-11,12.673,13.803,12.223,13.653,13.653,89885.0,,adjusted
2022-03-14,13.673,13.713,12.643,12.693,12.693,58196.0,,adjusted
2022-03-15,12.833,15.013,12.823,13.493,13.493,122565.0,,adjusted
2022-03-16,13.183,14.183,13.183,13.993,13.993,119809.0,,adjusted
2022-03-17,13.703,14.403,13.243,13.883,13.883,100810.0,,adjusted
2022-03-18,13.703,14.163,13.203,13.973,13.973,80788.0,,adjusted
2022-03-21,14.193,17.163,14.043,17.163,17.163,173918.0,,adjusted
2022-03-22,18.683,20.373,17.493,17.793,17.793,293047.0,,adjusted
2022-03-23,16.893,17.193,15.483,15.663,15.663,202288.0,,adjusted
2022-03-24,15.843,17.023,15.843,15.883,15.883,184581.0,,adjusted
2022-03-25,15.723,16.893,15.163,15.313,15.313,160580.0,,adjusted
2022-03-28,15.923,16.703,15.043,16.493,16.493,154587.0,,adjusted
2022-03-29,16.093,20.183,15.623,20.183,20.183,170227.0,,adjusted
2022-03-30,18.593,19.023,17.513,17.973,17.973,240566.0,,adjusted
2022-03-31,17.893,18.973,17.253,17.703,17.703,188294.0,,adjusted
2022-04-01,18.223,19.623,17.643,17.843,17.843,175082.0,,adjusted
2022-04-06,16.333,17.733,16.123,17.063,17.063,145093.0,,adjusted
2022-04-07,16.843,16.993,15.543,15.623,15.623,130277.0,,adjusted
2022-04-08,15.443,15.593,14.143,14.283,14.283,112870.0,,adjusted
2022-04-11,14.263,16.143,14.163,15.323,15.323,159261.0,,adjusted
2022-04-12,14.793,15.123,14.173,14.633,14.633,98392.0,,adjusted
2022-04-13,14.633,14.933,13.253,13.593,13.593,111814.0,,adjusted
2022-04-14,13.603,14.113,13.153,13.823,13.823,76640.0,,adjusted
2022-04-15,13.483,13.993,12.873,12.903,12.903,74692.0,,adjusted
2022-04-18,12.843,13.643,12.833,13.183,13.183,69307.0,,adjusted
2022-04-19,13.033,13.593,12.743,13.243,13.243,124802.0,,adjusted
2022-04-20,12.953,13.983,12.843,13.483,13.483,152960.0,,adjusted
2022-04-21,13.093,13.653,11.993,12.183,12.183,133418.0,,adjusted
2022-04-22,11.733,12.073,11.493,11.553,11.553,76294.0,,adjusted
2022-04-25,11.353,11.693,10.383,10.403,10.403,87098.0,,adjusted
2022-04-26,10.263,10.983,10.263,10.393,10.393,79651.0,,adjusted
2022-04-27,10.393,10.663,9.633,10.633,10.633,75393.0,,adjusted
2022-04-28,10.383,10.393,9.763,9.873,9.873,50031.0,,adjusted
2022-04-29,10.003,10.543,10.003,10.363,10.363,58222.0,,adjusted
2022-05-05,10.443,11.213,10.233,10.993,10.993,80283.0,,adjusted
2022-05-06,10.593,10.993,10.493,10.743,10.743,52986.0,,adjusted
2022-05-09,10.783,11.743,10.713,11.513,11.513,91412.0,,adjusted
2022-05-10,11.193,11.973,11.003,11.843,11.843,88410.0,,adjusted
2022-05-11,11.693,11.943,11.443,11.503,11.503,94678.0,,adjusted
2022-05-12,11.393,11.793,11.093,11.443,11.443,63383.0,,adjusted
2022-05-13,11.443,11.903,11.443,11.663,11.663,68000.0,,adjusted
2022-05-16,11.943,13.003,11.743,12.533,12.533,147720.0,,adjusted
2022-05-17,12.203,12.413,11.863,12.043,12.043,89268.0,,adjusted
2022-05-18,11.763,12.183,11.763,11.903,11.903,61246.0,,adjusted
2022-05-19,11.693,12.603,11.593,12.223,12.223,94281.0,,adjusted
2022-05-20,12.133,12.543,11.953,12.223,12.223,69250.0,,adjusted
2022-05-23,12.103,12.843,12.103,12.633,12.633,83526.0,,adjusted
2022-05-24,12.443,12.673,11.653,11.803,11.803,72174.0,,adjusted
2022-05-25,11.703,12.093,11.703,11.923,11.923,42428.0,,adjusted
2022-05-26,11.943,12.063,11.323,11.713,11.713,53801.0,,adjusted
2022-05-27,11.673,12.203,11.493,11.813,11.813,54118.0,,adjusted
2022-05-30,11.863,12.343,11.663,11.673,11.673,59774.0,,adjusted
2022-05-31,11.643,12.533,11.603,12.343,12.343,132568.0,,adjusted
2022-06-01,12.143,12.243,11.893,11.993,11.993,83107.0,,adjusted
2022-06-02,11.993,12.033,11.373,11.753,11.753,68773.0,,adjusted
2022-06-06,11.713,11.973,11.583,11.933,11.933,52717.0,,adjusted
2022-06-07,11.983,12.013,11.323,11.613,11.613,60200.0,,adjusted
2022-06-08,11.593,11.683,11.163,11.393,11.393,55962.0,,adjusted
2022-06-09,11.353,11.563,10.943,10.943,10.943,49313.0,,adjusted
2022-06-10,10.903,11.093,10.773,11.013,11.013,29732.0,,adjusted
2022-06-13,11.013,11.313,10.873,11.153,11.153,39102.0,,adjusted
2022-06-14,10.993,11.143,10.603,11.043,11.043,42211.0,,adjusted
2022-06-15,11.043,11.233,10.983,11.053,11.053,38199.0,,adjusted
2022-06-16,11.083,11.383,11.053,11.243,11.243,55244.0,,adjusted
2022-06-17,11.213,11.423,11.123,11.353,11.353,45218.0,,adjusted
2022-06-20,11.353,11.473,11.243,11.463,11.463,48112.0,,adjusted
2022-06-21,11.413,11.453,11.143,11.393,11.393,41142.0,,adjusted
2022-06-22,11.363,11.443,11.133,11.233,11.233,35464.0,,adjusted
2022-06-23,11.283,11.343,10.993,11.263,11.263,34466.0,,adjusted
2022-06-24,11.233,11.363,11.173,11.333,11.333,35468.0,,adjusted
2022-06-27,11.343,11.623,11.343,11.543,11.543,48757.0,,adjusted
2022-06-28,11.483,11.613,11.333,11.543,11.543,44009.0,,adjusted
2022-06-29,11.513,11.643,11.173,11.183,11.183,45671.0,,adjusted
2022-06-30,11.283,11.353,11.033,11.193,11.193,37521.0,,adjusted
2022-07-01,11.293,11.913,11.283,11.703,11.703,97750.0,,adjusted
2022-07-04,11.723,11.983,11.533,11.983,11.983,73185.0,,adjusted
2022-07-05,11.983,12.033,11.413,11.643,11.643,65985.0,,adjusted
2022-07-06,11.563,11.643,11.153,11.233,11.233,41236.0,,adjusted
2022-07-07,11.273,11.313,11.033,11.103,11.103,34375.0,,adjusted
2022-07-08,11.123,11.393,11.083,11.213,11.213,34163.0,,adjusted
2022-07-11,11.213,11.413,10.993,11.153,11.153,34467.0,,adjusted
2022-07-12,11.113,11.223,10.563,10.653,10.653,43939.0,,adjusted
2022-07-13,10.613,10.863,10.523,10.763,10.763,27623.0,,adjusted
2022-07-14,10.673,10.923,10.633,10.823,10.823,28352.0,,adjusted
2022-07-15,10.823,10.853,10.383,10.503,10.503,34363.0,,adjusted
2022-07-18,10.473,10.813,10.473,10.783,10.783,31635.0,,adjusted
2022-07-19,10.863,10.933,10.713,10.893,10.893,23290.0,,adjusted
2022-07-20,10.923,11.033,10.833,11.003,11.003,24268.0,,adjusted
2022-07-21,11.163,11.183,10.863,10.883,10.883,25338.0,,adjusted
2022-07-22,10.873,11.013,10.653,10.813,10.813,24300.0,,adjusted
2022-07-25,10.963,10.983,10.743,10.763,10.763,17622.0,,adjusted
2022-07-26,10.903,10.903,10.613,10.843,10.843,19223.0,,adjusted
2022-07-27,10.863,11.003,10.803,10.913,10.913,21115.0,,adjusted
2022-07-28,10.913,11.143,10.913,11.083,11.083,32869.0,,adjusted
2022-07-29,11.073,11.193,11.013,11.013,11.013,27497.0,,adjusted
2022-08-01,11.013,11.053,10.863,10.983,10.983,19446.0,,adjusted
2022-08-02,10.913,10.913,10.283,10.323,10.323,44061.0,,adjusted
2022-08-03,10.373,10.633,10.173,10.213,10.213,27385.0,,adjusted
2022-08-04,10.303,10.623,10.303,10.583,10.583,31558.0,,adjusted
2022-08-05,10.633,10.693,10.483,10.633,10.633,20135.0,,adjusted
2022-08-08,10.643,10.743,10.543,10.683,10.683,16180.0,,adjusted
2022-08-09,10.723,10.743,10.563,10.693,10.693,19567.0,,adjusted
2022-08-10,10.643,10.813,10.613,10.643,10.643,22462.0,,adjusted
2022-08-11,10.663,10.863,10.653,10.843,10.843,26109.0,,adjusted
2022-08-12,10.843,10.923,10.783,10.833,10.833,16628.0,,adjusted
2022-08-15,10.963,11.203,10.693,10.873,10.873,27686.0,,adjusted
2022-08-16,10.933,10.963,10.783,10.963,10.963,24742.0,,adjusted
2022-08-17,10.953,11.143,10.893,11.053,11.053,31278.0,,adjusted
2022-08-18,11.013,11.033,10.853,10.873,10.873,27595.0,,adjusted
2022-08-19,10.933,11.083,10.853,10.853,10.853,36257.0,,adjusted
2022-08-22,11.033,11.313,10.903,11.153,11.153,50959.0,,adjusted
2022-08-23,11.143,11.143,10.813,10.993,10.993,33328.0,,adjusted
2022-08-24,10.983,11.463,10.843,11.083,11.083,71402.0,,adjusted
2022-08-25,10.923,11.173,10.743,10.913,10.913,52275.0,,adjusted
2022-08-26,10.833,11.273,10.663,11.193,11.193,70880.0,,adjusted
2022-08-29,11.033,11.103,10.813,10.963,10.963,45480.0,,adjusted
2022-08-30,10.933,11.213,10.893,11.143,11.143,52877.0,,adjusted
2022-08-31,11.063,11.123,10.543,10.683,10.683,52371.0,,adjusted
2022-09-01,10.693,11.163,10.693,10.833,10.833,46418.0,,adjusted
2022-09-02,10.923,11.203,10.833,11.103,11.103,45227.0,,adjusted
2022-09-05,11.293,11.343,10.923,11.113,11.113,31987.0,,adjusted
2022-09-06,11.243,11.323,11.023,11.273,11.273,49525.0,,adjusted
2022-09-07,11.243,11.263,11.033,11.073,11.073,33438.0,,adjusted
2022-09-08,11.153,11.183,10.753,10.813,10.813,31172.0,,adjusted
2022-09-09,10.793,10.863,10.553,10.663,10.663,22786.0,,adjusted
2022-09-13,10.693,11.183,10.663,11.113,11.113,54725.0,,adjusted
2022-09-14,10.923,11.163,10.843,10.983,10.983,29471.0,,adjusted
2022-09-15,10.993,11.063,10.413,10.533,10.533,34264.0,,adjusted
2022-09-16,10.613,10.613,10.043,10.043,10.043,32818.0,,adjusted
2022-09-19,10.043,10.193,9.693,9.823,9.823,22558.0,,adjusted
2022-09-20,9.953,10.063,9.873,10.003,10.003,22017.0,,adjusted
2022-09-21,9.953,10.113,9.763,10.083,10.083,18383.0,,adjusted
2022-09-22,10.003,10.213,9.953,10.003,10.003,21039.0,,adjusted
2022-09-23,9.973,10.003,9.563,9.563,9.563,18967.0,,adjusted
2022-09-26,9.533,9.533,8.843,8.903,8.903,33898.0,,adjusted
2022-09-27,9.103,9.313,8.973,9.273,9.273,23101.0,,adjusted
2022-09-28,9.213,9.523,9.033,9.033,9.033,26352.0,,adjusted
2022-09-29,9.263,9.323,8.853,8.943,8.943,22206.0,,adjusted
2022-09-30,9.073,9.073,8.793,8.833,8.833,16289.0,,adjusted
2022-10-10,8.923,9.003,8.513,8.593,8.593,17958.0,,adjusted
2022-10-11,8.573,8.713,8.453,8.703,8.703,13159.0,,adjusted
2022-10-12,9.563,10.223,9.303,9.793,9.793,75401.0,,adjusted
2022-10-13,9.613,10.093,9.403,9.973,9.973,77828.0,,adjusted
2022-10-14,9.873,10.153,9.763,10.023,10.023,41186.0,,adjusted
2022-10-17,9.963,10.383,9.833,10.263,10.263,33485.0,,adjusted
2022-10-18,10.153,10.263,10.003,10.053,10.053,24647.0,,adjusted
2022-10-19,9.983,10.123,9.723,9.723,9.723,24133.0,,adjusted
2022-10-20,9.673,9.863,9.543,9.583,9.583,21792.0,,adjusted
2022-10-21,9.593,10.043,9.413,9.693,9.693,35053.0,,adjusted
2022-10-24,9.633,9.893,9.453,9.463,9.463,29016.0,,adjusted
2022-10-25,9.633,9.723,9.133,9.683,9.683,28383.0,,adjusted
2022-10-26,9.673,9.763,9.493,9.743,9.743,36402.0,,adjusted
2022-10-27,9.833,10.013,9.713,9.923,9.923,57073.0,,adjusted
2022-10-28,9.823,10.093,9.353,9.353,9.353,47712.0,,adjusted
2022-10-31,9.443,9.953,9.433,9.853,9.853,37683.0,,adjusted
2022-11-01,9.853,10.263,9.853,10.213,10.213,36269.0,,adjusted
2022-11-02,10.163,10.363,10.093,10.233,10.233,29568.0,,adjusted
2022-11-03,10.123,10.323,10.083,10.243,10.243,21636.0,,adjusted
2022-11-04,10.263,10.333,10.213,10.323,10.323,25638.0,,adjusted
2022-11-07,10.223,10.463,10.223,10.393,10.393,21446.0,,adjusted
2022-11-08,10.453,10.453,10.173,10.253,10.253,17352.0,,adjusted
2022-11-09,10.313,10.313,10.173,10.213,10.213,14091.0,,adjusted
2022-11-10,10.193,10.513,10.143,10.403,10.403,26038.0,,adjusted
2022-11-11,10.413,10.613,10.333,10.343,10.343,22762.0,,adjusted
2022-11-14,10.343,10.513,10.143,10.233,10.233,24869.0,,adjusted
2022-11-15,10.163,10.383,10.153,10.383,10.383,20004.0,,adjusted
2022-11-16,10.363,10.573,10.323,10.423,10.423,19121.0,,adjusted
2022-11-17,10.383,10.553,10.343,10.513,10.513,20157.0,,adjusted
2022-11-18,10.543,10.563,10.263,10.263,10.263,25534.0,,adjusted
2022-11-21,10.263,10.333,10.083,10.303,10.303,17213.0,,adjusted
2022-11-22,10.303,10.543,10.243,10.333,10.333,31759.0,,adjusted
2022-11-23,10.363,10.373,9.853,9.943,9.943,31478.0,,adjusted
2022-11-24,9.943,10.313,9.923,10.163,10.163,19653.0,,adjusted
2022-11-25,10.163,10.273,9.963,9.963,9.963,15410.0,,adjusted
2022-11-28,9.963,10.053,9.743,9.993,9.993,14898.0,,adjusted
2022-11-29,9.993,10.313,9.983,10.293,10.293,21122.0,,adjusted
2022-11-30,10.363,10.513,10.243,10.323,10.323,18488.0,,adjusted
2022-12-01,10.383,10.603,10.383,10.543,10.543,35103.0,,adjusted
2022-12-02,10.613,10.883,10.523,10.793,10.793,44736.0,,adjusted
2022-12-05,10.683,11.203,10.683,11.073,11.073,54453.0,,adjusted
2022-12-06,11.093,11.433,10.893,10.983,10.983,52189.0,,adjusted
2022-12-07,10.973,11.203,10.843,11.033,11.033,32444.0,,adjusted
2022-12-08,11.113,11.113,10.823,10.983,10.983,25871.0,,adjusted
2022-12-09,10.963,11.043,10.693,10.833,10.833,18125.0,,adjusted
2022-12-12,10.833,10.953,10.643,10.733,10.733,19809.0,,adjusted
2022-12-13,10.853,11.063,10.623,11.023,11.023,26003.0,,adjusted
2022-12-14,10.943,11.073,10.813,11.033,11.033,19798.0,,adjusted
2022-12-15,11.173,11.333,10.863,10.993,10.993,37915.0,,adjusted
2022-12-16,10.983,11.023,10.623,10.863,10.863,24159.0,,adjusted
2022-12-19,10.933,10.963,10.493,10.573,10.573,21728.0,,adjusted
2022-12-20,10.623,10.713,10.153,10.183,10.183,26718.0,,adjusted
2022-12-21,10.143,10.363,10.113,10.193,10.193,19199.0,,adjusted
2022-12-22,10.293,10.603,10.193,10.263,10.263,20979.0,,adjusted
2022-12-23,10.423,10.423,10.063,10.123,10.123,18879.0,,adjusted
2022-12-26,10.263,10.623,10.233,10.423,10.423,19851.0,,adjusted
2022-12-27,10.443,10.933,10.193,10.923,10.923,35080.0,,adjusted
2022-12-28,10.713,10.853,10.283,10.403,10.403,28800.0,,adjusted
2022-12-29,10.573,10.573,10.163,10.173,10.173,22182.0,,adjusted
2022-12-30,10.343,10.353,10.073,10.303,10.303,16691.0,,adjusted
2023-01-03,10.263,10.443,10.143,10.423,10.423,23570.0,,adjusted
2023-01-04,10.463,10.543,10.363,10.413,10.413,19530.0,,adjusted
2023-01-05,10.403,10.443,10.163,10.303,10.303,26475.0,,adjusted
2023-01-06,10.313,10.313,9.903,9.973,9.973,38256.0,,adjusted
2023-01-09,9.993,10.133,9.943,10.113,10.113,21385.0,,adjusted
2023-01-10,10.103,10.103,9.933,9.973,9.973,16003.0,,adjusted
2023-01-11,10.003,10.003,9.783,9.783,9.783,14146.0,,adjusted
2023-01-12,9.793,9.833,9.563,9.623,9.623,22334.0,,adjusted
2023-01-13,9.663,9.763,9.623,9.733,9.733,13335.0,,adjusted
2023-01-16,9.733,9.983,9.673,9.893,9.893,20205.0,,adjusted
2023-01-17,10.023,10.023,9.713,9.763,9.763,17554.0,,adjusted
2023-01-18,9.813,9.883,9.733,9.833,9.833,11279.0,,adjusted
2023-01-19,9.793,9.993,9.773,9.963,9.963,13701.0,,adjusted
2023-01-20,9.963,10.173,9.933,10.163,10.163,15542.0,,adjusted
2023-01-30,10.303,11.083,10.233,10.963,10.963,70330.0,,adjusted
2023-01-31,10.843,10.943,10.453,10.653,10.653,58925.0,,adjusted
2023-02-01,10.613,11.003,10.583,10.943,10.943,49074.0,,adjusted
2023-02-02,10.943,11.113,10.803,11.053,11.053,36439.0,,adjusted
2023-02-03,11.073,11.353,10.993,11.123,11.123,45078.0,,adjusted
2023-02-06,11.113,11.183,10.983,11.143,11.143,34297.0,,adjusted
2023-02-07,11.123,11.203,10.963,11.113,11.113,23239.0,,adjusted
2023-02-08,11.113,11.143,10.893,10.983,10.983,19925.0,,adjusted
2023-02-09,10.913,11.173,10.903,11.083,11.083,20456.0,,adjusted
2023-02-10,11.063,12.093,11.043,12.013,12.013,136937.0,,adjusted
2023-02-13,12.573,14.263,12.573,13.343,13.343,247030.0,,adjusted
2023-02-14,13.373,13.583,12.913,13.023,13.023,112292.0,,adjusted
2023-02-15,13.133,14.453,12.733,13.973,13.973,166163.0,,adjusted
2023-02-16,14.373,14.493,12.953,13.163,13.163,95846.0,,adjusted
2023-02-17,13.173,13.373,12.923,13.023,13.023,75119.0,,adjusted
2023-02-20,13.383,13.453,12.063,12.633,12.633,87191.0,,adjusted
2023-02-21,13.263,14.253,13.263,13.533,13.533,101393.0,,adjusted
2023-02-22,13.373,15.443,13.373,14.733,14.733,154280.0,,adjusted
2023-02-23,15.393,15.643,14.903,15.263,15.263,128182.0,,adjusted
2023-02-24,14.773,15.813,14.633,15.673,15.673,117840.0,,adjusted
2023-02-27,15.883,18.373,15.633,17.883,17.883,170384.0,,adjusted
2023-02-28,17.303,18.543,17.023,18.383,18.383,160390.0,,adjusted
2023-03-01,18.373,18.873,18.043,18.783,18.783,89826.0,,adjusted
2023-03-02,19.023,19.613,17.763,18.013,18.013,143483.0,,adjusted
2023-03-03,18.323,18.443,17.763,18.003,18.003,59899.0,,adjusted
2023-03-06,18.083,20.663,18.083,20.163,20.163,136014.0,,adjusted
2023-03-07,20.203,23.783,19.963,23.233,23.233,161996.0,,adjusted
2023-03-08,23.243,26.943,22.003,26.263,26.263,180224.0,,adjusted
2023-03-09,26.583,26.923,24.413,25.443,25.443,147420.0,,adjusted
2023-03-10,24.693,25.393,24.053,24.843,24.843,122422.0,,adjusted
2023-03-13,24.583,25.493,23.883,24.803,24.803,94422.0,,adjusted
2023-03-14,25.283,26.263,24.033,25.983,25.983,115861.0,,adjusted
2023-03-15,25.053,26.163,24.493,25.353,25.353,96501.0,,adjusted
2023-03-16,27.863,30.773,25.973,30.773,30.773,135975.0,,adjusted
2023-03-17,31.273,33.033,29.263,30.863,30.863,146263.0,,adjusted
2023-03-20,30.113,30.263,28.603,29.363,29.363,95280.0,,adjusted
2023-03-21,29.763,31.463,28.933,29.863,29.863,108196.0,,adjusted
2023-03-22,30.053,30.653,27.273,27.703,27.703,128414.0,,adjusted
2023-03-23,27.703,28.093,25.613,26.143,26.143,134023.0,,adjusted
2023-03-24,26.173,27.653,25.113,26.313,26.313,86951.0,,adjusted
2023-03-27,26.173,27.763,23.923,27.013,27.013,126769.0,,adjusted
2023-03-28,27.043,28.433,26.043,26.173,26.173,130921.0,,adjusted
2023-03-29,26.223,27.013,24.963,26.653,26.653,113562.0,,adjusted
2023-03-30,25.953,29.143,25.823,28.043,28.043,123922.0,,adjusted
2023-03-31,27.923,28.223,26.773,27.863,27.863,95969.0,,adjusted
2023-04-03,27.133,29.863,27.133,28.943,28.943,97188.0,,adjusted
2023-04-04,28.673,28.803,27.493,27.763,27.763,69097.0,,adjusted
2023-04-06,27.773,28.463,26.263,26.313,26.313,73769.0,,adjusted
2023-04-07,26.323,27.133,25.843,25.983,25.983,55297.0,,adjusted
2023-04-10,25.933,26.573,25.403,26.013,26.013,47659.0,,adjusted
2023-04-11,27.263,30.163,26.473,29.983,29.983,137316.0,,adjusted
2023-04-12,29.993,30.213,27.873,28.783,28.783,102569.0,,adjusted
2023-04-13,28.463,29.053,27.973,28.553,28.553,52794.0,,adjusted
2023-04-14,28.113,28.813,27.763,28.013,28.013,42999.0,,adjusted
2023-04-17,28.313,33.053,28.273,32.403,32.403,134480.0,,adjusted
2023-04-18,31.773,31.963,28.663,29.683,29.683,141691.0,,adjusted
2023-04-19,32.263,35.963,32.263,35.963,35.963,195335.0,,adjusted
2023-04-20,36.263,39.103,35.143,37.363,37.363,163681.0,,adjusted
2023-04-21,36.593,43.143,36.593,39.613,39.613,145930.0,,adjusted
2023-04-24,39.663,41.063,37.503,38.863,38.863,117571.0,,adjusted
2023-04-25,38.393,38.653,36.063,37.433,37.433,100384.0,,adjusted
2023-04-26,37.013,38.403,35.883,37.963,37.963,84969.0,,adjusted
2023-04-27,36.603,39.063,36.603,37.503,37.503,68640.0,,adjusted
2023-04-28,37.183,38.263,36.443,37.623,37.623,67149.0,,adjusted
2023-05-04,38.133,38.763,34.333,36.773,36.773,64176.0,,adjusted
2023-05-05,36.333,37.963,35.763,36.183,36.183,56176.0,,adjusted
2023-05-08,37.063,37.063,35.263,35.603,35.603,47754.0,,adjusted
2023-05-09,35.263,35.953,34.723,34.893,34.893,35233.0,,adjusted
2023-05-10,34.443,36.463,34.273,36.213,36.213,54547.0,,adjusted
2023-05-11,36.253,36.253,33.463,34.223,34.223,58394.0,,adjusted
2023-05-12,34.483,37.943,33.763,36.193,36.193,68801.0,,adjusted
2023-05-15,37.943,38.243,34.273,35.413,35.413,73818.0,,adjusted
2023-05-16,35.473,37.763,35.473,36.413,36.413,59476.0,,adjusted
2023-05-17,35.763,40.143,35.463,38.243,38.243,77667.0,,adjusted
2023-05-18,38.013,38.563,37.213,38.483,38.483,50371.0,,adjusted
2023-05-19,38.883,41.463,37.363,40.263,40.263,65214.0,,adjusted
2023-05-22,40.263,45.793,39.513,44.833,44.833,83292.0,,adjusted
2023-05-23,44.143,45.433,42.473,42.763,42.763,63460.0,,adjusted
2023-05-24,42.293,43.063,40.583,42.183,42.183,48355.0,,adjusted
2023-05-25,41.653,42.863,40.073,41.163,41.163,43265.0,,adjusted
2023-05-26,41.143,42.793,40.623,41.093,41.093,40215.0,,adjusted
2023-05-29,40.773,44.563,40.773,42.963,42.963,52988.0,,adjusted
2023-05-30,43.033,43.863,42.063,43.383,43.383,36850.0,,adjusted
2023-05-31,43.413,45.743,42.783,43.913,43.913,38741.0,,adjusted
2023-06-01,43.883,44.553,42.283,42.293,42.293,37355.0,,adjusted
2023-06-02,42.563,42.563,40.953,40.973,40.973,34017.0,,adjusted
2023-06-05,41.083,42.093,40.693,41.493,41.493,22415.0,,adjusted
2023-06-06,41.263,42.243,40.963,41.503,41.503,17915.0,,adjusted
2023-06-07,41.263,42.703,41.073,41.883,41.883,19453.0,,adjusted
2023-06-08,42.363,42.513,41.363,41.563,41.563,17180.0,,adjusted
2023-06-09,41.343,41.883,41.093,41.453,41.453,15601.0,,adjusted
2023-06-12,42.083,42.233,40.643,41.363,41.363,20999.0,,adjusted
2023-06-13,41.263,41.833,40.263,41.073,41.073,17382.0,,adjusted
2023-06-14,40.813,41.383,40.693,41.013,41.013,18423.0,,adjusted
2023-06-15,40.913,41.363,39.573,39.743,39.743,35954.0,,adjusted
2023-06-16,39.763,40.473,39.563,39.723,39.723,21978.0,,adjusted
2023-06-19,39.713,40.273,38.933,39.023,39.023,20921.0,,adjusted
2023-06-20,38.793,41.763,38.543,41.453,41.453,39131.0,,adjusted
2023-06-21,41.253,43.763,41.123,42.353,42.353,42989.0,,adjusted
2023-06-26,42.553,43.863,41.163,41.563,41.563,34470.0,,adjusted
2023-06-27,41.703,42.413,40.813,41.063,41.063,22221.0,,adjusted
2023-06-28,41.143,41.613,39.473,41.133,41.133,25564.0,,adjusted
2023-06-29,42.553,42.703,40.203,40.773,40.773,27608.0,,adjusted
2023-06-30,40.983,43.163,40.033,42.603,42.603,38504.0,,adjusted
2023-07-03,42.223,45.253,41.063,44.223,44.223,53344.0,,adjusted
2023-07-04,44.363,44.803,43.453,44.463,44.463,28306.0,,adjusted
2023-07-05,44.463,44.963,43.663,44.363,44.363,21830.0,,adjusted
2023-07-06,44.693,44.693,42.673,43.263,43.263,27152.0,,adjusted
2023-07-07,42.893,43.143,41.723,42.243,42.243,23117.0,,adjusted
2023-07-10,42.083,42.453,41.463,41.513,41.513,14477.0,,adjusted
2023-07-11,41.753,43.213,41.083,41.433,41.433,17173.0,,adjusted
2023-07-12,41.443,42.013,40.563,41.633,41.633,14143.0,,adjusted
2023-07-13,41.573,41.673,40.573,41.173,41.173,20234.0,,adjusted
2023-07-14,41.703,43.673,41.263,42.263,42.263,30546.0,,adjusted
2023-07-17,41.973,42.683,40.973,42.593,42.593,16584.0,,adjusted
2023-07-18,42.763,43.453,42.163,42.313,42.313,14862.0,,adjusted
2023-07-19,41.263,42.523,41.263,41.713,41.713,9832.0,,adjusted
2023-07-20,41.863,42.353,41.263,41.873,41.873,13724.0,,adjusted
2023-07-21,42.083,42.143,41.573,41.773,41.773,11165.0,,adjusted
2023-07-24,41.593,42.253,39.763,40.913,40.913,19469.0,,adjusted
2023-07-25,40.913,41.943,39.813,39.873,39.873,16115.0,,adjusted
2023-07-26,39.873,39.873,34.643,37.103,37.103,64363.0,,adjusted
2023-07-27,36.853,37.423,34.643,35.163,35.163,55074.0,,adjusted
2023-07-28,35.153,36.923,34.533,36.503,36.503,37428.0,,adjusted
2023-07-31,36.463,36.473,34.583,36.163,36.163,37953.0,,adjusted
2023-08-01,35.973,40.383,35.213,37.563,37.563,71941.0,,adjusted
2023-08-02,37.853,38.063,36.113,36.833,36.833,36184.0,,adjusted
2023-08-03,37.083,37.483,36.493,37.193,37.193,20088.0,,adjusted
2023-08-04,37.193,37.913,36.993,37.063,37.063,21680.0,,adjusted
2023-08-07,36.593,37.733,36.593,37.213,37.213,17131.0,,adjusted
2023-08-08,37.203,38.943,36.823,38.723,38.723,22839.0,,adjusted
2023-08-09,38.563,38.623,37.943,38.063,38.063,16838.0,,adjusted
2023-08-10,37.773,38.933,37.773,38.213,38.213,11067.0,,adjusted
2023-08-11,38.253,39.763,37.983,39.313,39.313,22790.0,,adjusted
2023-08-14,39.313,39.313,36.813,37.273,37.273,34106.0,,adjusted
2023-08-15,37.773,38.013,37.263,37.643,37.643,14664.0,,adjusted
2023-08-16,38.133,38.643,36.863,38.013,38.013,19401.0,,adjusted
2023-08-17,38.373,39.493,37.163,39.433,39.433,29247.0,,adjusted
2023-08-18,39.263,40.163,39.063,39.193,39.193,25675.0,,adjusted
2023-08-21,37.963,37.963,34.103,34.263,34.263,89619.0,,adjusted
2023-08-22,34.983,35.793,34.123,34.863,34.863,46535.0,,adjusted
2023-08-23,34.593,35.023,33.763,34.493,34.493,31359.0,,adjusted
2023-08-24,34.673,34.893,33.663,33.713,33.713,24128.0,,adjusted
2023-08-25,33.503,33.843,29.063,31.133,31.133,63260.0,,adjusted
2023-08-28,32.273,33.503,30.263,30.583,30.583,42278.0,,adjusted
2023-08-29,31.193,33.673,29.923,33.263,33.263,50143.0,,adjusted
2023-08-30,34.023,34.823,33.263,34.523,34.523,28496.0,,adjusted
2023-08-31,34.753,36.033,34.263,35.483,35.483,32274.0,,adjusted
2023-09-01,35.493,36.163,35.163,35.643,35.643,25234.0,,adjusted
2023-09-04,35.643,38.243,35.613,37.463,37.463,42520.0,,adjusted
2023-09-05,37.473,38.563,37.363,38.013,38.013,29980.0,,adjusted
2023-09-06,37.843,38.143,36.663,36.833,36.833,25612.0,,adjusted
2023-09-07,36.633,36.783,35.873,36.413,36.413,25368.0,,adjusted
2023-09-08,36.763,38.923,36.763,37.963,37.963,38252.0,,adjusted
2023-09-11,37.943,38.963,37.753,38.423,38.423,25130.0,,adjusted
2023-09-12,38.533,38.833,35.933,36.023,36.023,35149.0,,adjusted
2023-09-13,36.513,36.513,35.063,35.853,35.853,23333.0,,adjusted
2023-09-14,35.653,36.363,34.723,35.593,35.593,18602.0,,adjusted
2023-09-15,35.983,36.253,35.403,35.813,35.813,11712.0,,adjusted
2023-09-18,36.093,36.093,35.123,35.643,35.643,8880.0,,adjusted
2023-09-19,35.643,37.583,35.373,36.463,36.463,27832.0,,adjusted
2023-09-20,36.463,36.473,34.463,34.533,34.533,23718.0,,adjusted
2023-09-21,34.623,34.693,34.083,34.143,34.143,13355.0,,adjusted
2023-09-22,34.663,35.443,33.563,35.283,35.283,17417.0,,adjusted
2023-09-25,35.243,35.243,33.773,34.163,34.163,15168.0,,adjusted
2023-09-26,34.263,34.433,33.323,33.583,33.583,16224.0,,adjusted
2023-09-27,33.753,34.103,33.053,33.273,33.273,17552.0,,adjusted
2023-09-28,33.703,35.423,33.163,34.933,34.933,28191.0,,adjusted
2023-10-09,37.023,37.053,33.343,33.963,33.963,38180.0,,adjusted
2023-10-10,33.943,36.123,33.773,35.723,35.723,23858.0,,adjusted
2023-10-11,35.723,36.033,34.383,35.593,35.593,19196.0,,adjusted
2023-10-12,36.023,36.213,34.903,35.613,35.613,20370.0,,adjusted
2023-10-13,35.313,35.683,34.503,34.513,34.513,13741.0,,adjusted
2023-10-16,36.063,36.063,33.663,34.093,34.093,12273.0,,adjusted
2023-10-17,34.263,34.963,33.763,34.673,34.673,12305.0,,adjusted
2023-10-18,34.413,34.833,33.363,33.763,33.763,14766.0,,adjusted
2023-10-19,33.673,33.723,32.863,33.213,33.213,11280.0,,adjusted
2023-10-20,33.403,33.673,32.573,32.763,32.763,12419.0,,adjusted
2023-10-23,33.213,33.213,31.653,32.273,32.273,11714.0,,adjusted
2023-10-24,33.153,35.823,32.443,35.373,35.373,34027.0,,adjusted
2023-10-25,35.093,35.823,33.923,34.643,34.643,16787.0,,adjusted
2023-10-26,34.283,34.943,33.883,34.433,34.433,12479.0,,adjusted
2023-10-27,34.253,36.163,34.003,35.993,35.993,23209.0,,adjusted
2023-10-30,35.933,36.463,35.273,35.773,35.773,12573.0,,adjusted
2023-10-31,36.013,36.013,34.883,35.323,35.323,9369.0,,adjusted
2023-11-01,35.323,35.663,35.073,35.093,35.093,6400.0,,adjusted
2023-11-02,35.113,35.303,34.073,34.763,34.763,11649.0,,adjusted
2023-11-03,34.763,35.223,34.083,34.153,34.153,12504.0,,adjusted
2023-11-06,35.103,35.723,33.803,34.943,34.943,18652.0,,adjusted
2023-11-07,35.513,35.663,34.073,34.893,34.893,15043.0,,adjusted
2023-11-08,34.913,34.933,34.313,34.513,34.513,8913.0,,adjusted
2023-11-09,34.773,35.233,33.923,34.363,34.363,14888.0,,adjusted
2023-11-10,34.493,34.493,33.063,33.603,33.603,21657.0,,adjusted
2023-11-13,33.563,33.783,33.083,33.653,33.653,14434.0,,adjusted
2023-11-14,33.703,33.753,33.243,33.623,33.623,9489.0,,adjusted
2023-11-15,33.323,33.623,33.013,33.363,33.363,12953.0,,adjusted
2023-11-16,33.563,36.263,33.333,33.353,33.353,35298.0,,adjusted
2023-11-17,33.213,34.323,32.643,33.483,33.483,19343.0,,adjusted
2023-11-20,33.493,33.573,32.743,32.763,32.763,18578.0,,adjusted
2023-11-21,32.763,32.933,32.013,32.103,32.103,11249.0,,adjusted
2023-11-22,32.183,32.673,31.803,32.183,32.183,10911.0,,adjusted
2023-11-23,31.913,32.603,31.863,32.423,32.423,6926.0,,adjusted
2023-11-24,32.503,32.533,31.713,31.943,31.943,10043.0,,adjusted
2023-11-27,31.963,32.363,31.773,31.983,31.983,6911.0,,adjusted
2023-11-28,31.263,31.973,31.253,31.263,31.263,17687.0,,adjusted
2023-11-29,31.363,31.363,30.263,30.583,30.583,14657.0,,adjusted
2023-11-30,30.583,31.543,30.173,31.393,31.393,16644.0,,adjusted
2023-12-01,31.523,31.543,30.943,31.263,31.263,8401.0,,adjusted
2023-12-04,31.403,34.383,31.063,34.123,34.123,58198.0,,adjusted
2023-12-05,34.193,34.513,32.963,33.803,33.803,27228.0,,adjusted
2023-12-06,33.673,34.173,33.303,33.593,33.593,15425.0,,adjusted
2023-12-07,33.943,33.943,33.063,33.223,33.223,9062.0,,adjusted
2023-12-08,33.083,33.483,32.663,32.683,32.683,12019.0,,adjusted
2023-12-11,32.653,32.993,32.083,32.803,32.803,13776.0,,adjusted
2023-12-12,32.853,34.343,32.463,34.013,34.013,20423.0,,adjusted
2023-12-13,33.773,34.353,33.443,33.853,33.853,9523.0,,adjusted
2023-12-14,34.113,34.113,33.463,33.703,33.703,6638.0,,adjusted
2023-12-15,33.673,35.023,33.413,34.233,34.233,14844.0,,adjusted
2023-12-18,34.243,35.263,33.593,34.463,34.463,14830.0,,adjusted
2023-12-19,34.863,37.263,34.563,35.813,35.813,30189.0,,adjusted
2023-12-20,35.703,35.763,34.613,34.643,34.643,13234.0,,adjusted
2023-12-21,34.483,35.013,33.493,34.443,34.443,10831.0,,adjusted
2023-12-22,34.493,35.803,33.943,34.953,34.953,15521.0,,adjusted
2023-12-25,34.613,35.763,34.513,35.253,35.253,9655.0,,adjusted
2023-12-26,35.263,35.433,34.143,34.473,34.473,9765.0,,adjusted
2023-12-27,34.643,35.213,34.133,34.623,34.623,10052.0,,adjusted
2023-12-28,35.313,35.413,34.083,35.263,35.263,10730.0,,adjusted
2023-12-29,34.493,35.963,34.493,35.803,35.803,8629.0,,adjusted
2024-01-02,36.143,36.313,34.773,34.903,34.903,8118.0,,adjusted
2024-01-03,34.863,34.993,34.283,34.663,34.663,5909.0,,adjusted
2024-01-04,34.633,35.063,34.063,34.153,34.153,5569.0,,adjusted
2024-01-05,33.963,34.213,33.063,33.343,33.343,14151.0,,adjusted
2024-01-08,33.463,33.563,32.463,32.473,32.473,7364.0,,adjusted
2024-01-09,32.603,33.143,31.873,32.873,32.873,5595.0,,adjusted
2024-01-10,33.063,33.593,32.303,33.413,33.413,6991.0,,adjusted
2024-01-11,33.413,33.713,32.763,33.163,33.163,6809.0,,adjusted
2024-01-12,33.613,33.613,32.763,33.143,33.143,7944.0,,adjusted
2024-01-15,32.883,34.183,32.743,33.693,33.693,7407.0,,adjusted
2024-01-16,33.963,34.543,33.063,33.933,33.933,8500.0,,adjusted
2024-01-17,33.713,33.903,32.813,32.843,32.843,7839.0,,adjusted
2024-01-18,32.903,33.243,31.273,32.133,32.133,11249.0,,adjusted
2024-01-19,32.123,33.233,31.853,32.703,32.703,9599.0,,adjusted
2024-01-22,33.663,35.633,32.613,33.063,33.063,20612.0,,adjusted
2024-01-23,33.063,33.093,31.273,32.573,32.573,19363.0,,adjusted
2024-01-24,32.573,32.803,30.493,31.453,31.453,16782.0,,adjusted
2024-01-25,31.333,33.923,31.333,33.293,33.293,18956.0,,adjusted
2024-01-26,33.143,33.563,32.593,33.003,33.003,9862.0,,adjusted
2024-01-29,32.873,33.233,31.333,31.373,31.373,12258.0,,adjusted
2024-01-30,31.363,31.663,30.863,31.083,31.083,7684.0,,adjusted
2024-01-31,31.263,31.563,29.433,29.803,29.803,15095.0,,adjusted
2024-02-01,29.563,29.643,28.363,29.123,29.123,13107.0,,adjusted
2024-02-02,29.533,30.133,27.263,28.313,28.313,11165.0,,adjusted
2024-02-05,27.873,28.113,25.263,26.163,26.163,24561.0,,adjusted
2024-02-06,25.863,27.783,24.803,26.543,26.543,23726.0,,adjusted
2024-02-07,26.623,26.623,25.063,25.393,25.393,23209.0,,adjusted
2024-02-08,24.663,29.843,24.263,28.613,28.613,21636.0,,adjusted
2024-02-19,28.533,30.243,28.263,30.043,30.043,17448.0,,adjusted
2024-02-20,29.843,30.743,29.443,30.043,30.043,11477.0,,adjusted
2024-02-21,29.743,31.733,29.743,31.223,31.223,15187.0,,adjusted
2024-02-22,31.423,31.873,30.813,31.363,31.363,10799.0,,adjusted
2024-02-23,31.253,31.683,30.593,31.563,31.563,12824.0,,adjusted
2024-02-26,32.193,32.623,30.763,31.143,31.143,6362.0,,adjusted
2024-02-27,31.083,31.653,30.523,31.473,31.473,5874.0,,adjusted
2024-02-28,31.763,32.153,29.363,29.363,29.363,17025.0,,adjusted
2024-02-29,28.813,30.173,28.813,29.463,29.463,15410.0,,adjusted
2024-03-01,29.453,30.063,28.863,29.663,29.663,9751.0,,adjusted
2024-03-04,29.983,30.063,28.963,29.603,29.603,5826.0,,adjusted
2024-03-05,29.923,31.223,29.163,30.313,30.313,16865.0,,adjusted
2024-03-06,30.323,30.823,29.433,29.713,29.713,11793.0,,adjusted
2024-03-07,29.993,31.763,29.683,30.113,30.113,14126.0,,adjusted
2024-03-08,29.863,30.813,29.863,30.473,30.473,10336.0,,adjusted
2024-03-11,30.443,31.003,30.073,30.413,30.413,8799.0,,adjusted
2024-03-12,30.423,30.743,30.193,30.293,30.293,7237.0,,adjusted
2024-03-13,30.353,30.613,29.833,30.003,30.003,8409.0,,adjusted
2024-03-14,29.853,30.153,28.423,28.793,28.793,22206.0,,adjusted
2024-03-15,28.803,29.383,28.563,28.983,28.983,9526.0,,adjusted
2024-03-18,29.093,29.613,28.413,29.133,29.133,11737.0,,adjusted
2024-03-19,29.143,30.133,28.973,29.933,29.933,13495.0,,adjusted
2024-03-20,30.183,30.743,29.783,30.503,30.503,12854.0,,adjusted
2024-03-21,30.143,30.763,29.763,30.363,30.363,10910.0,,adjusted
2024-03-22,30.463,30.463,29.113,29.183,29.183,10982.0,,adjusted
2024-03-25,29.023,29.593,28.673,28.763,28.763,9965.0,,adjusted
2024-03-26,29.063,29.063,28.023,28.113,28.113,10942.0,,adjusted
2024-03-27,28.113,28.963,27.833,28.093,28.093,13751.0,,adjusted
2024-03-28,27.943,28.023,27.073,27.463,27.463,17190.0,,adjusted
2024-03-29,27.423,27.753,26.983,27.293,27.293,7627.0,,adjusted
2024-04-01,27.533,28.933,27.403,28.263,28.263,12900.0,,adjusted
2024-04-02,28.203,28.203,27.213,27.383,27.383,9562.0,,adjusted
2024-04-03,27.563,27.583,26.863,27.543,27.543,6920.0,,adjusted
2024-04-08,27.573,27.653,26.363,26.383,26.383,17280.0,,adjusted
2024-04-09,26.273,27.343,25.553,26.273,26.273,14297.0,,adjusted
2024-04-10,26.713,27.723,23.793,24.353,24.353,38173.0,,adjusted
2024-04-11,24.303,25.263,23.263,24.873,24.873,28182.0,,adjusted
2024-04-12,24.743,26.563,24.483,25.833,25.833,30868.0,,adjusted
2024-04-15,25.353,25.813,23.493,23.963,23.963,24176.0,,adjusted
2024-04-16,24.373,27.263,24.053,24.653,24.653,34788.0,,adjusted
2024-04-17,24.263,25.863,24.263,24.713,24.713,29572.0,,adjusted
2024-04-18,24.333,24.763,23.333,23.333,23.333,29942.0,,adjusted
2024-04-19,23.273,23.763,22.063,23.313,23.313,33724.0,,adjusted
2024-04-22,22.903,24.753,22.643,24.453,24.453,26577.0,,adjusted
2024-04-23,25.443,25.443,23.913,24.403,24.403,19088.0,,adjusted
2024-04-24,24.063,26.053,24.063,25.923,25.923,21784.0,,adjusted
2024-04-25,25.373,25.953,25.043,25.763,25.763,13456.0,,adjusted
2024-04-26,24.763,26.023,24.763,25.323,25.323,14126.0,,adjusted
2024-04-29,25.263,25.553,24.573,25.153,25.153,18408.0,,adjusted
2024-04-30,25.173,26.263,25.033,25.703,25.703,16298.0,,adjusted
2024-05-06,26.163,27.663,25.663,27.523,27.523,25425.0,,adjusted
2024-05-07,27.503,27.763,26.793,27.433,27.433,15220.0,,adjusted
2024-05-08,27.173,27.953,26.863,27.133,27.133,12224.0,,adjusted
2024-05-09,27.093,27.273,26.433,26.583,26.583,14640.0,,adjusted
2024-05-10,26.583,27.013,25.983,26.153,26.153,14664.0,,adjusted
2024-05-13,26.053,26.063,24.493,24.743,24.743,22959.0,,adjusted
2024-05-14,24.863,25.753,24.563,25.523,25.523,14475.0,,adjusted
2024-05-15,25.173,25.733,25.083,25.313,25.313,10039.0,,adjusted
2024-05-16,25.563,25.563,25.103,25.193,25.193,9690.0,,adjusted
2024-05-17,25.343,25.413,24.383,24.513,24.513,11341.0,,adjusted
2024-05-20,24.503,26.263,24.463,25.763,25.763,24200.0,,adjusted
2024-05-21,25.763,25.933,25.103,25.333,25.333,13452.0,,adjusted
2024-05-22,25.333,25.763,24.903,25.483,25.483,10569.0,,adjusted
2024-05-23,25.363,25.533,24.773,24.893,24.893,9197.0,,adjusted
2024-05-24,24.843,25.193,24.573,24.663,24.663,7781.0,,adjusted
2024-05-27,24.663,24.743,24.173,24.353,24.353,9698.0,,adjusted
2024-05-28,24.263,24.543,23.573,23.793,23.793,9811.0,,adjusted
2024-05-29,23.613,24.273,23.473,23.593,23.593,7137.0,,adjusted
2024-05-30,23.903,23.903,23.063,23.263,23.263,7002.0,,adjusted
2024-05-31,23.343,24.053,23.223,23.433,23.433,12310.0,,adjusted
2024-06-03,23.243,23.623,22.443,22.663,22.663,12112.0,,adjusted
2024-06-04,22.493,22.883,22.323,22.743,22.743,9162.0,,adjusted
2024-06-05,22.503,22.713,21.863,21.963,21.963,11730.0,,adjusted
2024-06-06,21.863,22.183,20.463,20.543,20.543,22999.0,,adjusted
2024-06-07,21.143,21.813,20.943,21.633,21.633,19212.0,,adjusted
2024-06-11,21.563,21.763,20.943,21.723,21.723,11858.0,,adjusted
2024-06-12,21.813,22.053,21.043,21.153,21.153,12450.0,,adjusted
2024-06-13,21.083,21.343,20.463,20.593,20.593,11827.0,,adjusted
2024-06-14,20.383,20.663,20.243,20.463,20.463,9417.0,,adjusted
2024-06-17,20.513,20.693,20.213,20.233,20.233,11497.0,,adjusted
2024-06-18,20.153,20.543,20.153,20.283,20.283,8143.0,,adjusted
2024-06-19,20.263,20.383,19.293,19.563,19.563,16823.0,,adjusted
2024-06-20,19.453,19.913,19.113,19.163,19.163,11794.0,,adjusted
2024-06-21,19.313,19.893,19.013,19.523,19.523,14981.0,,adjusted
2024-06-24,19.423,19.573,18.563,18.743,18.743,16488.0,,adjusted
2024-06-25,18.923,18.923,18.153,18.433,18.433,16689.0,,adjusted
2024-06-26,18.333,19.303,18.253,19.263,19.263,13646.0,,adjusted
2024-06-27,19.263,19.593,18.863,19.133,19.133,14647.0,,adjusted
2024-06-28,19.173,20.243,18.873,19.393,19.393,27200.0,,adjusted
2024-07-01,20.043,20.233,19.083,19.603,19.603,17878.0,,adjusted
2024-07-02,19.653,21.163,19.413,20.593,20.593,30664.0,,adjusted
2024-07-03,20.243,20.763,20.023,20.293,20.293,17263.0,,adjusted
2024-07-04,20.193,20.403,19.243,19.353,19.353,20213.0,,adjusted
2024-07-05,19.183,19.993,18.863,19.483,19.483,23847.0,,adjusted
2024-07-08,19.383,19.733,18.773,18.893,18.893,19736.0,,adjusted
2024-07-09,19.043,19.123,17.973,18.703,18.703,19179.0,,adjusted
2024-07-10,18.423,18.903,18.143,18.523,18.523,9057.0,,adjusted
2024-07-11,18.783,19.423,18.683,19.123,19.123,11630.0,,adjusted
2024-07-12,19.343,19.513,18.693,18.813,18.813,11449.0,,adjusted
2024-07-15,18.823,19.043,18.363,18.413,18.413,9301.0,,adjusted
2024-07-16,18.253,18.503,17.783,17.913,17.913,10500.0,,adjusted
2024-07-17,18.043,18.043,17.533,17.743,17.743,11884.0,,adjusted
2024-07-18,17.503,17.673,17.203,17.633,17.633,11770.0,,adjusted
2024-07-19,18.213,18.593,17.603,18.413,18.413,19376.0,,adjusted
2024-07-22,18.603,18.823,18.263,18.443,18.443,10037.0,,adjusted
2024-07-23,18.423,18.463,17.413,17.423,17.423,11127.0,,adjusted
2024-07-24,16.683,17.463,16.073,16.283,16.283,26676.0,,adjusted
2024-07-25,16.103,16.893,15.953,16.583,16.583,20518.0,,adjusted
2024-07-26,16.663,16.953,16.493,16.513,16.513,10666.0,,adjusted
2024-07-29,16.453,16.853,16.053,16.383,16.383,13071.0,,adjusted
2024-07-30,17.573,19.983,17.293,17.843,17.843,60385.0,,adjusted
2024-07-31,17.253,18.953,17.063,18.813,18.813,54276.0,,adjusted
2024-08-01,18.633,19.443,18.223,18.263,18.263,38953.0,,adjusted
2024-08-02,18.133,19.413,17.863,18.583,18.583,34411.0,,adjusted
2024-08-05,18.593,19.663,18.463,18.563,18.563,44627.0,,adjusted
2024-08-06,18.813,19.043,18.573,18.923,18.923,23640.0,,adjusted
2024-08-07,18.963,18.963,18.223,18.343,18.343,20064.0,,adjusted
2024-08-08,18.063,19.143,17.923,18.943,18.943,30387.0,,adjusted
2024-08-09,19.163,19.323,18.493,18.563,18.563,18169.0,,adjusted
2024-08-12,18.463,18.993,18.193,18.783,18.783,16898.0,,adjusted
2024-08-13,18.613,19.333,18.513,19.273,19.273,24065.0,,adjusted
2024-08-14,19.353,19.523,18.833,19.373,19.373,16784.0,,adjusted
2024-08-15,19.333,19.943,19.163,19.813,19.813,17294.0,,adjusted
2024-08-16,21.883,24.123,20.813,24.123,24.123,72058.0,,adjusted
2024-08-19,24.143,28.763,23.603,26.003,26.003,110905.0,,adjusted
2024-08-20,25.133,27.253,24.803,26.563,26.563,81914.0,,adjusted
2024-08-21,25.973,27.863,25.773,27.513,27.513,58546.0,,adjusted
2024-08-22,27.263,28.023,26.663,26.793,26.793,46913.0,,adjusted
2024-08-23,25.863,27.153,25.803,26.003,26.003,41552.0,,adjusted
2024-08-26,26.263,26.493,25.673,26.383,26.383,28918.0,,adjusted
2024-08-27,26.193,27.113,26.113,26.553,26.553,23961.0,,adjusted
2024-08-28,26.923,29.143,26.573,28.543,28.543,45234.0,,adjusted
2024-08-29,27.693,30.563,27.553,29.693,29.693,51691.0,,adjusted
2024-08-30,29.263,30.763,29.263,30.113,30.113,35891.0,,adjusted
2024-09-02,30.093,31.843,29.663,30.903,30.903,33688.0,,adjusted
2024-09-03,30.643,31.523,30.463,30.543,30.543,23549.0,,adjusted
2024-09-04,30.263,31.183,29.813,30.523,30.523,16886.0,,adjusted
2024-09-05,30.263,30.943,30.063,30.923,30.923,13010.0,,adjusted
2024-09-06,30.863,31.813,30.663,31.163,31.163,13030.0,,adjusted
2024-09-09,31.203,31.313,29.603,29.863,29.863,26982.0,,adjusted
2024-09-10,29.603,30.013,29.033,29.723,29.723,14149.0,,adjusted
2024-09-11,29.263,30.223,29.263,29.853,29.853,9447.0,,adjusted
2024-09-12,29.843,30.133,29.313,29.373,29.373,7769.0,,adjusted
2024-09-13,29.373,29.883,28.663,28.783,28.783,10854.0,,adjusted
2024-09-18,28.873,28.903,27.463,27.803,27.803,13832.0,,adjusted
2024-09-19,28.393,28.753,27.283,28.313,28.313,14171.0,,adjusted
2024-09-20,28.373,28.523,27.783,28.523,28.523,8277.0,,adjusted
2024-09-23,28.213,28.513,27.783,27.903,27.903,6449.0,,adjusted
2024-09-24,28.443,30.393,27.753,29.963,29.963,22866.0,,adjusted
2024-09-25,29.873,31.113,29.573,29.823,29.823,19390.0,,adjusted
2024-09-26,29.763,30.133,29.053,30.023,30.023,18563.0,,adjusted
2024-09-27,30.113,34.463,29.963,33.153,33.153,32628.0,,adjusted
2024-09-30,34.263,40.133,33.163,39.153,39.153,47139.0,,adjusted
2024-10-08,46.223,47.333,42.203,47.333,47.333,121923.0,,adjusted
2024-10-09,45.943,53.263,44.813,48.463,48.463,85900.0,,adjusted
2024-10-10,49.723,52.943,47.273,47.323,47.323,68721.0,,adjusted
2024-10-11,46.813,48.263,45.263,46.073,46.073,34093.0,,adjusted
2024-10-14,45.373,55.633,45.373,55.633,55.633,83833.0,,adjusted
2024-10-15,59.263,59.263,54.083,55.113,55.113,59557.0,,adjusted
2024-10-16,53.473,55.113,51.783,53.143,53.143,37531.0,,adjusted
2024-10-17,54.063,55.883,49.663,50.143,50.143,53266.0,,adjusted
2024-10-18,50.253,54.763,48.573,53.533,53.533,61275.0,,adjusted
2024-10-21,53.263,56.463,52.443,54.773,54.773,46908.0,,adjusted
2024-10-22,53.793,61.923,53.793,59.193,59.193,64398.0,,adjusted
2024-10-23,59.233,60.743,57.413,58.203,58.203,35662.0,,adjusted
2024-10-24,58.283,59.333,56.393,58.283,58.283,28965.0,,adjusted
2024-10-25,58.653,59.293,56.113,58.433,58.433,28592.0,,adjusted
2024-10-28,58.413,59.623,55.263,56.163,56.163,39940.0,,adjusted
2024-10-29,61.263,67.743,61.263,67.743,67.743,70377.0,,adjusted
2024-10-30,68.093,74.263,66.293,68.273,68.273,93853.0,,adjusted
2024-10-31,67.923,70.213,66.263,69.263,69.263,49504.0,,adjusted
2024-11-01,70.683,70.713,67.303,68.143,68.143,36510.0,,adjusted
2024-11-04,69.203,72.253,69.203,70.163,70.163,38775.0,,adjusted
2024-11-05,69.703,73.033,69.283,70.693,70.693,42630.0,,adjusted
2024-11-06,71.263,73.763,67.463,68.963,68.963,43930.0,,adjusted
2024-11-07,68.553,75.663,68.013,73.813,73.813,55199.0,,adjusted
2024-11-08,74.263,78.263,72.773,74.763,74.763,38892.0,,adjusted
2024-11-11,75.263,76.863,72.663,73.523,73.523,28801.0,,adjusted
2024-11-12,73.183,74.753,73.013,74.293,74.293,21177.0,,adjusted
2024-11-13,73.463,74.273,70.453,72.203,72.203,33324.0,,adjusted
2024-11-14,71.293,72.933,68.273,69.293,69.293,22913.0,,adjusted
2024-11-15,69.043,70.653,62.273,63.053,63.053,51525.0,,adjusted
2024-11-18,63.143,66.913,62.413,64.703,64.703,52403.0,,adjusted
2024-11-19,64.863,67.263,62.263,66.563,66.563,39330.0,,adjusted
2024-11-20,66.563,67.953,64.953,66.313,66.313,27664.0,,adjusted
2024-11-21,66.293,68.113,65.023,66.613,66.613,18567.0,,adjusted
2024-11-22,66.103,67.333,61.823,62.153,62.153,33620.0,,adjusted
2024-11-25,62.343,63.453,60.263,63.323,63.323,23751.0,,adjusted
2024-11-26,63.333,66.263,62.683,64.283,64.283,27118.0,,adjusted
2024-11-27,64.283,65.933,61.763,65.843,65.843,21374.0,,adjusted
2024-11-28,65.843,67.043,64.473,65.173,65.173,16660.0,,adjusted
2024-11-29,64.963,74.543,64.633,72.913,72.913,51770.0,,adjusted
2024-12-02,72.913,75.333,71.363,73.363,73.363,33461.0,,adjusted
2024-12-03,73.843,76.173,72.633,75.253,75.253,30210.0,,adjusted
2024-12-04,74.233,79.013,73.513,75.753,75.753,34864.0,,adjusted
2024-12-05,74.763,75.643,70.073,70.543,70.543,32181.0,,adjusted
2024-12-06,70.683,72.263,69.733,71.663,71.663,21414.0,,adjusted
2024-12-09,71.373,72.653,69.853,70.203,70.203,15313.0,,adjusted
2024-12-10,74.923,81.413,71.273,78.973,78.973,45136.0,,adjusted
2024-12-11,78.683,80.933,76.263,80.063,80.063,29308.0,,adjusted
2024-12-12,80.063,81.073,76.783,79.933,79.933,23173.0,,adjusted
2024-12-13,79.413,82.063,77.273,78.063,78.063,21251.0,,adjusted
2024-12-16,77.713,79.163,73.763,77.483,77.483,29874.0,,adjusted
2024-12-17,77.163,77.453,70.863,71.223,71.223,30164.0,,adjusted
2024-12-18,71.363,71.743,68.443,69.853,69.853,16881.0,,adjusted
2024-12-19,68.463,71.213,68.283,69.603,69.603,19210.0,,adjusted
2024-12-20,69.863,73.033,68.863,72.073,72.073,25080.0,,adjusted
2024-12-23,72.073,77.733,72.073,73.973,73.973,25509.0,,adjusted
2024-12-24,73.763,76.033,72.773,75.013,75.013,14166.0,,adjusted
2024-12-25,74.573,76.263,71.493,71.993,71.993,14560.0,,adjusted
2024-12-26,71.583,74.683,71.433,71.993,71.993,13894.0,,adjusted
2024-12-27,71.693,77.143,71.693,75.213,75.213,22426.0,,adjusted
2024-12-30,74.783,77.033,74.333,75.193,75.193,11447.0,,adjusted
2024-12-31,74.783,82.263,74.773,78.673,78.673,34188.0,,adjusted
2025-01-02,77.873,82.693,76.283,77.653,77.653,28954.0,,adjusted
2025-01-03,77.263,80.563,75.763,76.393,76.393,28142.0,,adjusted
2025-01-06,76.323,79.053,74.263,76.323,76.323,22331.0,,adjusted
2025-01-07,76.463,76.743,72.013,74.563,74.563,25229.0,,adjusted
2025-01-08,74.763,78.663,73.473,77.383,77.383,21673.0,,adjusted
2025-01-09,76.273,79.113,75.593,76.543,76.543,15154.0,,adjusted
2025-01-10,76.763,78.233,75.093,77.463,77.463,17703.0,,adjusted
2025-01-13,75.963,79.933,74.763,75.613,75.613,17083.0,,adjusted
2025-01-14,75.253,82.163,74.853,81.153,81.153,31472.0,,adjusted
2025-01-15,81.403,85.923,79.293,85.463,85.463,26878.0,,adjusted
2025-01-16,86.613,86.963,83.963,85.763,85.763,20855.0,,adjusted
2025-01-17,86.523,89.053,83.363,88.773,88.773,21438.0,,adjusted
2025-01-20,88.773,89.393,86.763,88.163,88.163,13668.0,,adjusted
2025-01-21,88.463,98.453,86.763,95.863,95.863,29741.0,,adjusted
2025-01-22,96.243,97.813,93.963,97.463,97.463,17334.0,,adjusted
2025-01-23,98.103,106.463,97.463,103.953,103.953,33479.0,,adjusted
2025-01-24,103.463,105.963,97.163,99.253,99.253,43128.0,,adjusted
2025-01-27,96.473,102.503,95.463,101.263,101.263,42614.0,,adjusted
2025-02-05,99.463,101.093,91.473,96.163,96.163,35643.0,,adjusted
2025-02-06,94.653,97.733,93.953,96.453,96.453,20467.0,,adjusted
2025-02-07,95.583,97.763,93.903,96.963,96.963,24033.0,,adjusted
2025-02-10,97.323,98.893,94.673,97.593,97.593,13656.0,,adjusted
2025-02-11,97.363,99.363,95.433,96.013,96.013,14943.0,,adjusted
2025-02-12,95.663,97.643,94.493,97.513,97.513,13267.0,,adjusted
2025-02-13,97.503,98.593,95.043,96.013,96.013,11814.0,,adjusted
2025-02-14,95.463,96.463,92.043,95.263,95.263,20747.0,,adjusted
2025-02-17,93.613,95.663,92.973,95.163,95.163,14065.0,,adjusted
2025-02-18,95.453,100.783,92.263,92.743,92.743,28308.0,,adjusted
2025-02-19,92.723,94.633,90.963,93.113,93.113,16463.0,,adjusted
2025-02-20,94.243,95.463,92.263,93.833,93.833,11880.0,,adjusted
2025-02-21,93.823,94.953,90.513,92.663,92.663,21879.0,,adjusted
2025-02-24,92.663,94.453,90.513,90.663,90.663,17563.0,,adjusted
2025-02-25,90.333,91.883,88.063,91.113,91.113,16563.0,,adjusted
2025-02-26,90.923,93.463,89.983,91.403,91.403,13992.0,,adjusted
2025-02-27,91.403,96.023,90.633,92.623,92.623,20764.0,,adjusted
2025-02-28,93.463,95.443,91.833,91.833,91.833,17638.0,,adjusted
2025-03-03,93.693,97.843,92.043,94.313,94.313,24566.0,,adjusted
2025-03-04,84.653,89.463,83.463,86.893,86.893,63748.0,,adjusted
2025-03-05,87.463,92.013,87.083,90.873,90.873,30422.0,,adjusted
2025-03-06,90.413,94.463,88.693,91.663,91.663,23186.0,,adjusted
2025-03-07,91.653,93.023,83.513,85.353,85.353,44874.0,,adjusted
2025-03-10,85.723,86.573,81.663,85.103,85.103,25866.0,,adjusted
2025-03-11,83.763,85.683,76.463,79.403,79.403,63293.0,,adjusted
2025-03-12,79.973,80.163,75.963,78.023,78.023,41360.0,,adjusted
2025-03-13,77.623,82.463,77.613,81.883,81.883,39505.0,,adjusted
2025-03-14,82.063,84.943,81.163,82.913,82.913,34436.0,,adjusted
2025-03-17,82.723,84.463,79.963,80.493,80.493,35786.0,,adjusted
2025-03-18,80.683,81.353,78.743,80.363,80.363,19633.0,,adjusted
2025-03-19,80.313,82.723,80.063,81.093,81.093,19235.0,,adjusted
2025-03-20,80.643,81.153,79.113,79.883,79.883,10232.0,,adjusted
2025-03-21,79.643,81.623,79.013,79.013,79.013,20652.0,,adjusted
2025-03-24,80.463,86.963,79.363,86.183,86.183,44340.0,,adjusted
2025-03-25,86.233,88.843,84.963,87.933,87.933,33133.0,,adjusted
2025-03-26,87.243,90.953,86.473,88.813,88.813,25423.0,,adjusted
2025-03-27,88.833,94.343,88.833,91.263,91.263,27848.0,,adjusted
2025-03-28,91.253,92.953,89.443,90.353,90.353,14741.0,,adjusted
2025-03-31,89.563,91.263,87.863,88.593,88.593,17981.0,,adjusted
2025-04-01,88.573,93.963,87.713,92.963,92.963,21884.0,,adjusted
2025-04-02,93.383,99.993,92.733,98.383,98.383,28964.0,,adjusted
2025-04-03,98.163,102.313,96.063,101.083,101.083,21902.0,,adjusted
2025-04-07,95.843,106.253,91.463,95.043,95.043,34342.0,,adjusted
2025-04-08,95.443,100.063,93.463,99.063,99.063,40367.0,,adjusted
2025-04-09,97.003,99.343,92.793,98.233,98.233,30131.0,,adjusted
2025-04-10,98.213,107.743,96.463,105.463,105.463,31178.0,,adjusted
2025-04-11,105.073,109.463,103.663,107.223,107.223,20821.0,,adjusted
2025-04-14,108.963,113.953,105.893,106.763,106.763,30653.0,,adjusted
2025-04-15,107.103,115.063,107.103,111.463,111.463,36053.0,,adjusted
2025-04-16,111.663,114.683,108.673,112.723,112.723,25563.0,,adjusted
2025-04-17,112.603,114.453,110.123,112.823,112.823,20863.0,,adjusted
2025-04-18,112.863,116.423,108.663,111.363,111.363,22720.0,,adjusted
2025-04-21,114.403,133.943,111.633,133.943,133.943,57136.0,,adjusted
2025-04-22,131.873,134.993,128.353,128.953,128.953,41198.0,,adjusted
2025-04-23,129.663,131.443,126.473,126.813,126.813,27527.0,,adjusted
2025-04-24,126.983,139.463,126.443,136.993,136.993,42583.0,,adjusted
2025-04-25,139.133,141.413,134.443,136.463,136.463,33258.0,,adjusted
2025-04-28,138.483,143.273,134.723,137.313,137.313,34065.0,,adjusted
2025-04-29,145.813,151.463,132.433,145.463,145.463,66553.0,,adjusted
2025-04-30,145.253,169.463,145.253,163.213,163.213,61895.0,,adjusted
2025-05-06,165.463,166.343,148.963,153.673,153.673,53091.0,,adjusted
2025-05-07,153.673,162.243,151.673,158.953,158.953,40328.0,,adjusted
2025-05-08,157.733,158.223,145.463,148.493,148.493,53134.0,,adjusted
2025-05-09,144.873,152.363,144.463,151.473,151.473,28492.0,,adjusted
2025-05-12,148.413,151.823,147.473,149.663,149.663,24712.0,,adjusted
2025-05-13,149.663,155.343,146.303,154.253,154.253,26733.0,,adjusted
2025-05-14,153.463,158.963,152.523,155.053,155.053,25719.0,,adjusted
2025-05-15,154.423,158.183,152.473,154.693,154.693,20178.0,,adjusted
2025-05-16,152.883,154.443,146.463,150.393,150.393,24905.0,,adjusted
2025-05-19,150.453,157.223,147.153,154.453,154.453,27176.0,,adjusted
2025-05-20,155.853,167.723,153.683,163.323,163.323,39486.0,,adjusted
2025-05-21,163.343,167.363,161.063,163.853,163.853,22894.0,,adjusted
2025-05-22,164.103,169.693,161.863,162.673,162.673,24304.0,,adjusted
2025-05-23,162.673,164.453,153.853,154.363,154.363,32967.0,,adjusted
2025-05-26,157.863,163.863,155.133,158.713,158.713,27924.0,,adjusted
2025-05-27,158.723,158.913,152.873,155.823,155.823,19079.0,,adjusted
2025-05-28,155.813,156.363,150.923,154.033,154.033,15401.0,,adjusted
2025-05-29,155.363,155.433,151.553,154.033,154.033,14225.0,,adjusted
2025-05-30,153.863,161.463,153.053,159.863,159.863,19880.0,,adjusted
2025-06-03,162.713,184.863,158.043,182.683,182.683,47183.0,,adjusted
2025-06-04,181.853,197.993,178.703,194.863,194.863,30984.0,,adjusted
2025-06-05,193.903,198.763,185.863,190.923,190.923,43079.0,,adjusted
2025-06-06,185.383,186.853,177.373,183.333,183.333,28553.0,,adjusted
2025-06-09,183.863,186.863,181.363,183.203,183.203,16369.0,,adjusted
2025-06-10,184.063,187.063,181.863,182.243,182.243,18417.0,,adjusted
2025-06-11,182.333,189.363,181.573,186.863,186.863,17323.0,,adjusted
2025-06-12,188.143,193.863,184.063,193.323,193.323,26454.0,,adjusted
2025-06-13,194.393,195.363,180.413,182.923,182.923,44162.0,,adjusted
2025-06-16,182.963,185.053,176.963,182.113,182.113,19120.0,,adjusted
2025-06-17,183.053,183.963,170.873,171.593,171.593,30174.0,,adjusted
2025-06-18,171.233,175.053,170.143,172.523,172.523,14538.0,,adjusted
2025-06-19,171.873,173.453,167.063,170.783,170.783,19776.0,,adjusted
2025-06-20,173.803,173.803,166.053,168.663,168.663,13544.0,,adjusted
2025-06-23,168.553,170.903,164.063,170.863,170.863,16996.0,,adjusted
2025-06-24,170.943,171.633,168.363,170.763,170.763,14232.0,,adjusted
2025-06-25,170.793,173.483,168.873,171.063,171.063,14250.0,,adjusted
2025-06-26,170.333,176.503,168.363,170.833,170.833,16378.0,,adjusted
2025-06-27,169.203,170.853,167.363,169.163,169.163,11266.0,,adjusted
2025-06-30,169.873,182.153,169.173,179.103,179.103,27117.0,,adjusted
2025-07-01,180.073,187.583,178.873,185.713,185.713,16753.0,,adjusted
2025-07-02,186.363,187.863,165.043,167.533,167.533,36589.0,,adjusted
2025-07-03,165.853,166.653,158.663,163.063,163.063,37881.0,,adjusted
2025-07-04,161.863,163.633,160.663,161.633,161.633,14485.0,,adjusted
2025-07-07,157.533,165.843,153.983,163.863,163.863,27631.0,,adjusted
2025-07-08,163.863,164.173,159.453,163.503,163.503,14876.0,,adjusted
2025-07-09,163.383,168.423,162.033,166.873,166.873,14385.0,,adjusted
2025-07-10,166.863,166.863,160.813,163.483,163.483,11640.0,,adjusted
2025-07-11,160.863,165.443,160.183,163.913,163.913,15094.0,,adjusted
2025-07-14,162.793,163.653,158.293,161.363,161.363,15142.0,,adjusted
2025-07-15,161.223,162.653,155.863,156.653,156.653,20287.0,,adjusted
2025-07-16,156.153,157.833,147.153,153.533,153.533,35145.0,,adjusted
2025-07-17,153.363,154.873,149.523,151.013,151.013,19487.0,,adjusted
2025-07-18,150.863,155.663,150.863,152.443,152.443,15917.0,,adjusted
2025-07-21,151.053,154.933,149.443,150.093,150.093,15236.0,,adjusted
2025-07-22,149.313,154.153,148.843,150.863,150.863,14725.0,,adjusted
2025-07-23,151.083,152.273,149.113,149.793,149.793,12512.0,,adjusted
2025-07-24,149.173,151.433,148.873,150.023,150.023,9452.0,,adjusted
2025-07-25,150.033,155.863,148.563,149.623,149.623,16731.0,,adjusted
2025-07-28,149.563,151.393,145.383,145.473,145.473,20992.0,,adjusted
2025-07-29,145.923,145.923,141.073,144.413,144.413,37442.0,,adjusted
2025-07-30,143.623,149.473,140.043,145.323,145.323,29954.0,,adjusted
2025-07-31,144.483,146.333,142.863,143.613,143.613,19660.0,,adjusted
2025-08-01,143.163,147.973,140.353,143.513,143.513,17982.0,,adjusted
2025-08-04,141.933,146.663,141.653,144.883,144.883,17951.0,,adjusted
2025-08-05,144.883,147.653,143.873,144.643,144.643,17215.0,,adjusted
2025-08-06,144.263,148.163,139.863,146.423,146.423,26968.0,,adjusted
2025-08-07,146.863,160.613,146.713,158.873,158.873,48304.0,,adjusted
2025-08-08,161.763,162.873,154.863,159.233,159.233,28061.0,,adjusted
2025-08-11,158.783,165.153,157.093,160.613,160.613,24956.0,,adjusted
2025-08-12,171.143,179.733,160.883,161.873,161.873,58869.0,,adjusted
2025-08-13,161.153,165.103,149.463,150.463,150.463,51795.0,,adjusted
2025-08-14,149.403,152.443,147.063,149.513,149.513,23303.0,,adjusted
2025-08-15,149.143,156.063,147.863,153.603,153.603,21013.0,,adjusted
2025-08-18,153.393,156.343,152.063,154.403,154.403,20503.0,,adjusted
2025-08-19,153.263,160.413,152.913,157.513,157.513,20785.0,,adjusted
2025-08-20,155.893,158.043,152.053,155.243,155.243,16184.0,,adjusted
2025-08-21,154.853,155.613,150.363,151.263,151.263,17347.0,,adjusted
2025-08-22,151.263,152.673,146.863,148.973,148.973,25525.0,,adjusted
2025-08-25,149.423,164.103,147.793,163.073,163.073,39178.0,,adjusted
2025-08-26,163.193,168.423,162.883,163.013,163.013,22202.0,,adjusted
2025-08-27,164.883,170.683,162.543,166.403,166.403,26633.0,,adjusted
2025-08-28,165.513,175.963,165.513,175.363,175.363,38443.0,,adjusted
2025-08-29,179.863,210.663,179.863,210.663,210.663,87219.0,,adjusted
2025-09-01,204.863,213.793,195.923,203.563,203.563,65511.0,,adjusted
2025-09-02,201.503,203.863,192.193,198.393,198.393,39799.0,,adjusted
2025-09-03,197.883,204.493,194.863,197.383,197.383,33239.0,,adjusted
2025-09-04,195.003,196.763,181.593,189.223,189.223,40273.0,,adjusted
2025-09-05,188.533,194.313,184.093,191.053,191.053,29362.0,,adjusted
2025-09-08,191.033,199.283,188.363,192.353,192.353,38807.0,,adjusted
2025-09-09,191.863,193.213,178.863,180.463,180.463,36138.0,,adjusted
2025-09-10,178.353,183.363,172.563,176.313,176.313,42915.0,,adjusted
2025-09-11,175.593,177.433,167.323,170.763,170.763,44447.0,,adjusted
2025-09-12,170.813,174.453,169.173,169.313,169.313,27129.0,,adjusted
2025-09-15,169.853,170.503,165.573,166.363,166.363,26657.0,,adjusted
2025-09-16,166.163,173.133,165.043,171.893,171.893,35531.0,,adjusted
2025-09-17,171.533,175.663,170.163,170.543,170.543,29301.0,,adjusted
2025-09-18,169.383,173.853,167.883,168.923,168.923,24929.0,,adjusted
2025-09-19,168.373,170.663,167.173,170.413,170.413,16858.0,,adjusted
2025-09-22,170.413,171.343,166.363,167.883,167.883,18294.0,,adjusted
2025-09-23,166.863,169.893,163.623,167.293,167.293,18559.0,,adjusted
2025-09-24,168.063,174.853,167.263,171.043,171.043,26725.0,,adjusted
2025-09-25,169.563,174.243,168.143,173.103,173.103,24037.0,,adjusted
2025-09-26,175.863,179.463,171.943,173.853,173.853,26130.0,,adjusted
2025-09-29,174.113,177.743,171.313,173.683,173.683,16061.0,,adjusted
2025-09-30,173.683,180.543,170.683,180.363,180.363,25311.0,,adjusted
2025-10-09,181.723,181.723,172.013,179.473,179.473,25126.0,,adjusted
2025-10-10,179.473,191.863,178.443,184.803,184.803,30642.0,,adjusted
2025-10-13,179.963,185.863,175.163,177.853,177.853,24131.0,,adjusted
2025-10-14,177.493,178.743,171.883,172.403,172.403,23806.0,,adjusted
2025-10-15,172.903,191.363,172.903,190.863,190.863,33436.0,,adjusted
2025-10-16,187.903,197.863,187.863,191.843,191.843,29036.0,,adjusted
2025-10-17,193.863,200.063,189.453,194.403,194.403,25238.0,,adjusted
2025-10-20,194.863,197.863,189.363,191.983,191.983,21898.0,,adjusted
2025-10-21,191.983,199.113,186.873,197.813,197.813,28126.0,,adjusted
2025-10-22,201.143,201.863,175.563,176.203,176.203,54154.0,,adjusted
2025-10-23,174.863,183.863,173.033,176.553,176.553,32960.0,,adjusted
2025-10-24,178.243,178.763,168.863,172.393,172.393,38176.0,,adjusted
2025-10-27,171.863,177.363,171.423,173.163,173.163,23955.0,,adjusted
2025-10-28,172.863,180.363,171.923,178.363,178.363,21004.0,,adjusted
2025-10-29,178.523,178.933,169.363,174.363,174.363,23163.0,,adjusted
2025-10-30,172.083,175.663,172.083,173.773,173.773,14900.0,,adjusted
2025-10-31,172.493,179.443,172.243,175.643,175.643,25497.0,,adjusted
2025-11-03,175.043,185.363,173.763,182.743,182.743,33124.0,,adjusted
2025-11-04,181.833,183.753,177.563,179.473,179.473,14294.0,,adjusted
2025-11-05,177.983,179.443,174.123,176.363,176.363,16101.0,,adjusted
2025-11-06,175.863,178.853,173.463,178.323,178.323,12565.0,,adjusted
2025-11-07,177.753,186.063,175.543,179.543,179.543,19358.0,,adjusted
2025-11-10,178.853,187.463,173.233,186.353,186.353,31499.0,,adjusted
2025-11-11,183.393,187.363,181.863,184.863,184.863,21895.0,,adjusted
2025-11-12,184.383,192.563,182.943,186.453,186.453,27415.0,,adjusted
2025-11-13,185.993,186.863,180.863,182.743,182.743,19118.0,,adjusted
2025-11-14,181.703,184.863,176.813,176.963,176.963,15662.0,,adjusted
2025-11-17,177.643,182.583,175.443,179.783,179.783,14368.0,,adjusted
2025-11-18,178.863,179.773,172.463,173.923,173.923,13756.0,,adjusted
2025-11-19,173.763,175.963,171.163,172.613,172.613,11639.0,,adjusted
2025-11-20,172.623,174.713,166.263,167.233,167.233,18345.0,,adjusted
2025-11-21,168.013,169.983,165.123,165.623,165.623,15207.0,,adjusted
2025-11-24,165.623,168.483,165.113,166.783,166.783,13902.0,,adjusted
2025-11-25,168.013,171.013,166.223,167.423,167.423,9629.0,,adjusted
2025-11-26,167.763,170.893,167.013,170.513,170.513,8874.0,,adjusted
2025-11-27,170.773,174.343,169.213,172.253,172.253,10241.0,,adjusted
2025-11-28,170.983,178.323,170.893,177.533,177.533,14546.0,,adjusted
2025-12-01,181.083,188.603,179.043,184.223,184.223,24642.0,,adjusted
2025-12-02,184.343,187.013,182.833,185.953,185.953,14368.0,,adjusted
2025-12-03,185.023,186.423,180.113,181.443,181.443,12661.0,,adjusted
2025-12-04,181.403,181.423,175.013,178.813,178.813,10220.0,,adjusted
2025-12-05,178.813,184.013,177.513,180.703,180.703,14069.0,,adjusted
2025-12-08,181.123,181.583,178.013,180.013,180.013,14233.0,,adjusted
2025-12-09,180.013,183.013,177.423,178.623,178.623,12132.0,,adjusted
2025-12-10,182.813,184.793,178.013,178.243,178.243,13429.0,,adjusted
2025-12-11,171.013,179.003,170.013,177.883,177.883,16920.0,,adjusted
2025-12-12,175.963,178.783,171.013,176.893,176.893,51447.0,,adjusted
2025-12-15,175.823,178.813,173.343,177.513,177.513,21221.0,,adjusted
2025-12-16,176.013,181.793,176.013,177.513,177.513,14523.0,,adjusted
2025-12-17,176.433,188.863,176.013,187.013,187.013,29380.0,,adjusted
2025-12-18,187.013,194.013,185.043,186.833,186.833,24324.0,,adjusted
2025-12-19,187.633,195.613,186.023,192.003,192.003,25548.0,,adjusted
2025-12-22,189.013,194.013,184.533,191.453,191.453,20317.0,,adjusted
2025-12-23,193.813,198.003,190.643,193.223,193.223,16538.0,,adjusted
2025-12-24,192.173,197.713,192.013,195.733,195.733,13199.0,,adjusted
2025-12-25,196.013,201.013,194.713,198.143,198.143,14812.0,,adjusted
2025-12-26,199.023,204.883,195.683,201.413,201.413,15882.0,,adjusted
2025-12-29,201.013,208.413,198.013,203.263,203.263,14798.0,,adjusted
2025-12-30,203.013,203.603,198.513,199.673,199.673,12506.0,,adjusted
2025-12-31,199.613,205.503,199.063,200.083,200.083,11972.0,,adjusted
2021-04-19,28.88,29.0,26.9,27.3,,261028.0,,raw
2021-04-20,25.61,26.89,23.45,24.79,,214365.0,,raw
2021-04-21,23.59,24.49,23.0,23.51,,139155.0,,raw
2021-04-22,23.0,23.59,22.53,23.0,,118739.0,,raw
2021-04-23,22.74,23.98,22.5,22.88,,133323.0,,raw
2021-04-26,22.12,22.14,20.78,20.87,,127315.0,,raw
2021-04-27,20.67,20.84,19.96,20.07,,72540.0,,raw
2021-04-28,19.97,21.18,19.86,20.9,,80627.0,,raw
2021-04-29,19.8,19.81,19.0,19.24,,93966.0,,raw
2021-04-30,19.3,19.43,18.61,18.64,,56303.0,,raw
2021-05-06,18.78,19.46,18.65,18.99,,48459.0,,raw
2021-05-07,18.83,19.38,18.6,19.3,,56150.0,,raw
2021-05-10,19.75,19.96,18.9,18.92,,51848.0,,raw
2021-05-11,18.66,19.85,18.36,19.62,,74223.0,,raw
2021-05-12,19.25,20.21,18.76,19.83,,81846.0,,raw
2021-05-13,19.45,19.64,18.96,18.97,,55710.0,,raw
2021-05-14,19.13,19.34,18.97,19.03,,34152.0,,raw
2021-05-17,18.88,19.37,18.48,19.32,,45630.0,,raw
2021-05-18,19.28,19.47,19.1,19.16,,35702.0,,raw
2021-05-19,19.01,19.31,18.9,19.0,,29185.0,,raw
2021-05-20,18.9,18.98,18.65,18.69,,28192.0,,raw
2021-05-21,18.68,19.74,18.58,19.33,,73097.0,,raw
2021-05-24,19.13,19.36,18.75,18.89,,44656.0,,raw
2021-05-25,18.83,18.83,18.51,18.71,,32701.0,,raw
2021-05-26,18.61,19.05,18.61,18.95,,31653.0,,raw
2021-05-27,18.88,19.05,18.81,18.9,,30607.0,,raw
2021-05-28,18.96,19.32,18.72,18.91,,41095.0,,raw
2021-05-31,18.89,18.89,18.55,18.82,,29288.0,,raw
2021-06-01,18.76,19.25,18.76,19.18,,42153.0,,raw
2021-06-02,19.08,19.65,18.82,19.35,,62555.0,,raw
2021-06-03,19.25,19.58,19.05,19.34,,52317.0,,raw
2021-06-04,19.3,19.78,19.12,19.45,,55601.0,,raw
2021-06-07,19.42,19.42,18.68,18.78,,47931.0,,raw
2021-06-08,18.79,18.9,18.6,18.65,,28066.0,,raw
2021-06-09,18.64,18.77,18.5,18.76,,18993.0,,raw
2021-06-10,18.74,18.74,18.52,18.53,,23807.0,,raw
2021-06-11,18.45,18.61,18.2,18.25,,23862.0,,raw
2021-06-15,18.28,18.34,17.26,17.31,,36881.0,,raw
2021-06-16,17.27,17.5,17.13,17.22,,19456.0,,raw
2021-06-17,17.19,17.24,16.89,17.02,,22008.0,,raw
2021-06-18,16.93,17.47,16.91,17.27,,21270.0,,raw
2021-06-21,17.32,17.5,17.28,17.39,,20495.0,,raw
2021-06-22,17.39,18.32,17.39,18.09,,46197.0,,raw
2021-06-23,17.88,17.88,17.53,17.66,,32820.0,,raw
2021-06-24,17.67,17.76,17.28,17.29,,21177.0,,raw
2021-06-25,17.21,17.36,17.21,17.33,,12517.0,,raw
2021-06-28,17.4,17.78,17.35,17.56,,19848.0,,raw
2021-06-29,17.36,17.39,17.05,17.07,,20205.0,,raw
2021-06-30,17.01,17.15,16.97,17.08,,13803.0,,raw
2021-07-01,17.03,17.2,16.93,16.93,,13473.0,,raw
2021-07-02,16.9,17.1,16.48,16.48,,20248.0,,raw
2021-07-05,16.44,16.84,16.36,16.63,,13216.0,,raw
2021-07-06,16.62,17.42,16.62,17.3,,40901.0,,raw
2021-07-07,17.35,17.8,17.15,17.37,,31345.0,,raw
2021-07-08,17.17,17.35,16.81,16.82,,25703.0,,raw
2021-07-09,16.72,16.96,16.72,16.9,,11986.0,,raw
2021-07-12,17.25,17.45,17.01,17.01,,14353.0,,raw
2021-07-13,16.9,17.22,16.83,16.93,,13753.0,,raw
2021-07-14,16.86,17.05,16.72,16.72,,13240.0,,raw
2021-07-15,16.7,16.78,16.17,16.2,,21913.0,,raw
2021-07-16,16.22,16.34,16.18,16.22,,9661.0,,raw
2021-07-19,16.25,16.55,15.67,16.35,,26359.0,,raw
2021-07-20,16.16,16.35,16.01,16.08,,13757.0,,raw
2021-07-21,15.95,16.31,15.94,16.09,,11158.0,,raw
2021-07-22,16.06,16.11,15.76,15.87,,18322.0,,raw
2021-07-23,15.82,15.94,15.64,15.64,,12418.0,,raw
2021-07-26,15.64,15.75,15.27,15.41,,15401.0,,raw
2021-07-27,15.28,15.5,15.04,15.07,,15265.0,,raw
2021-07-28,15.05,15.17,14.4,14.49,,18302.0,,raw
2021-07-29,14.54,15.14,14.5,14.9,,18787.0,,raw
2021-07-30,14.79,15.08,14.57,15.02,,16148.0,,raw
2021-08-02,14.86,15.34,14.82,15.22,,15358.0,,raw
2021-08-03,15.1,15.66,15.1,15.31,,21200.0,,raw
2021-08-04,15.21,15.31,15.15,15.21,,11817.0,,raw
2021-08-05,15.27,16.6,15.16,16.19,,57778.0,,raw
2021-08-06,15.72,15.87,15.5,15.53,,33070.0,,raw
2021-08-09,15.42,15.84,15.4,15.66,,17779.0,,raw
2021-08-10,15.65,16.07,15.5,15.86,,23513.0,,raw
2021-08-11,15.91,15.96,15.75,15.92,,17305.0,,raw
2021-08-12,15.98,16.06,15.64,15.64,,17148.0,,raw
2021-08-13,15.65,18.3,15.54,17.68,,84085.0,,raw
2021-08-16,17.1,19.63,16.9,18.16,,151911.0,,raw
2021-08-17,17.8,17.82,16.7,16.91,,93675.0,,raw
2021-08-18,16.72,17.35,16.51,16.85,,56019.0,,raw
2021-08-19,16.68,16.73,16.02,16.11,,44470.0,,raw
2021-08-20,16.02,16.32,15.62,15.77,,30273.0,,raw
2021-08-23,15.67,16.21,15.67,16.16,,25610.0,,raw
2021-08-24,16.08,16.53,16.07,16.26,,28955.0,,raw
2021-08-25,16.17,16.58,16.06,16.42,,25825.0,,raw
2021-08-26,16.36,16.41,15.83,15.83,,26405.0,,raw
2021-08-27,15.79,15.96,15.16,15.23,,29527.0,,raw
2021-08-30,14.8,14.81,13.9,14.03,,57704.0,,raw
2021-08-31,13.96,14.27,13.64,13.96,,31887.0,,raw
2021-09-01,13.85,14.07,13.67,14.01,,23093.0,,raw
2021-09-02,13.91,14.14,13.87,14.05,,21402.0,,raw
2021-09-03,14.02,15.39,13.96,14.71,,57348.0,,raw
2021-09-06,14.31,14.64,14.2,14.5,,30700.0,,raw
2021-09-07,14.43,14.71,14.42,14.51,,21660.0,,raw
2021-09-08,14.57,15.7,14.42,14.97,,55455.0,,raw
2021-09-09,14.91,15.94,14.91,15.08,,46462.0,,raw
2021-09-10,14.81,15.4,14.66,14.97,,32669.0,,raw
2021-09-13,14.85,14.87,14.52,14.66,,23740.0,,raw
2021-09-14,14.67,14.78,14.24,14.24,,19812.0,,raw
2021-09-15,14.6,14.69,14.27,14.38,,14526.0,,raw
2021-09-16,14.32,15.36,14.32,14.94,,50522.0,,raw
2021-09-17,14.79,14.8,14.35,14.45,,31514.0,,raw
2021-09-22,14.2,14.45,14.09,14.12,,17094.0,,raw
2021-09-23,14.12,14.6,14.11,14.43,,20816.0,,raw
2021-09-24,14.31,14.53,14.1,14.22,,19260.0,,raw
2021-09-27,14.19,14.96,14.11,14.62,,34927.0,,raw
2021-09-28,14.5,14.5,14.0,14.07,,25749.0,,raw
2021-09-29,13.95,14.19,13.57,13.58,,18063.0,,raw
2021-09-30,13.58,13.92,13.58,13.68,,10566.0,,raw
2021-10-08,13.85,14.96,13.7,14.62,,43905.0,,raw
2021-10-11,14.45,17.54,14.4,17.54,,136660.0,,raw
2021-10-12,16.88,18.69,16.31,17.51,,174457.0,,raw
2021-10-13,16.8,16.89,16.03,16.67,,102993.0,,raw
2021-10-14,16.33,16.69,16.03,16.46,,72637.0,,raw
2021-10-15,16.42,17.97,15.5,15.67,,113246.0,,raw
2021-10-18,15.02,16.16,14.9,15.86,,81997.0,,raw
2021-10-19,15.72,16.68,15.41,15.9,,75590.0,,raw
2021-10-20,16.08,16.55,15.24,15.36,,60531.0,,raw
2021-10-21,15.28,15.95,15.15,15.7,,63475.0,,raw
2021-10-22,15.48,16.65,15.36,16.47,,108726.0,,raw
2021-10-25,16.25,17.25,15.75,15.84,,83588.0,,raw
2021-10-26,15.51,15.98,15.17,15.19,,65361.0,,raw
2021-10-27,14.78,14.78,12.97,13.21,,89460.0,,raw
2021-10-28,13.23,13.46,12.62,12.68,,53204.0,,raw
2021-10-29,12.74,13.13,12.61,12.96,,36472.0,,raw
2021-11-01,12.95,14.72,12.87,13.76,,82267.0,,raw
2021-11-02,13.95,14.3,13.66,13.87,,59537.0,,raw
2021-11-03,13.91,14.13,13.5,13.91,,40136.0,,raw
2021-11-04,13.9,14.58,13.81,14.5,,54659.0,,raw
2021-11-05,14.4,14.74,14.26,14.55,,34863.0,,raw
2021-11-08,14.55,14.69,14.08,14.56,,34626.0,,raw
2021-11-09,14.63,15.98,14.53,15.74,,64118.0,,raw
2021-11-10,15.75,16.06,15.55,15.78,,46223.0,,raw
2021-11-11,16.04,16.09,15.48,15.57,,28039.0,,raw
2021-11-12,15.5,16.04,15.45,15.66,,33017.0,,raw
2021-11-15,15.54,16.2,15.54,16.05,,38278.0,,raw
2021-11-16,16.29,16.6,15.73,15.83,,30591.0,,raw
2021-11-17,15.72,16.5,15.72,16.4,,28824.0,,raw
2021-11-18,16.2,16.5,15.8,15.86,,21583.0,,raw
2021-11-19,15.86,16.0,15.48,15.62,,22549.0,,raw
2021-11-22,15.74,16.7,15.53,16.41,,37359.0,,raw
2021-11-23,16.79,16.79,16.13,16.19,,23612.0,,raw
2021-11-24,16.65,16.65,15.97,16.22,,22491.0,,raw
2021-11-25,16.35,16.48,16.03,16.14,,21985.0,,raw
2021-11-26,16.07,16.12,15.44,15.55,,22625.0,,raw
2021-11-29,15.53,15.86,15.27,15.34,,23362.0,,raw
2021-11-30,15.26,15.85,15.26,15.47,,21441.0,,raw
2021-12-01,15.6,15.6,15.21,15.49,,16445.0,,raw
2021-12-02,15.45,15.64,14.77,14.78,,25520.0,,raw
2021-12-03,14.78,14.95,14.51,14.81,,15282.0,,raw
2021-12-06,14.87,14.98,13.96,14.07,,29555.0,,raw
2021-12-07,14.14,14.29,14.01,14.18,,14655.0,,raw
2021-12-08,14.49,14.49,14.08,14.19,,17138.0,,raw
2021-12-09,14.15,14.53,14.15,14.43,,20791.0,,raw
2021-12-10,14.43,14.85,14.3,14.43,,35004.0,,raw
2021-12-13,14.58,14.59,14.21,14.27,,24049.0,,raw
2021-12-14,14.27,14.8,14.06,14.53,,32313.0,,raw
2021-12-15,14.4,14.65,14.28,14.53,,25998.0,,raw
2021-12-16,14.54,15.84,14.4,15.0,,86550.0,,raw
2021-12-17,14.85,18.0,14.66,16.9,,180778.0,,raw
2021-12-20,16.39,17.84,15.95,16.64,,174015.0,,raw
2021-12-21,16.62,16.62,15.8,16.2,,105006.0,,raw
2021-12-22,16.18,16.95,16.01,16.4,,94891.0,,raw
2021-12-23,16.06,16.87,15.9,16.76,,101072.0,,raw
2021-12-24,16.35,16.5,15.43,15.49,,77755.0,,raw
2021-12-27,15.68,16.48,15.58,15.89,,76595.0,,raw
2021-12-28,15.65,17.0,15.43,16.59,,103876.0,,raw
2021-12-29,16.4,16.45,15.63,16.15,,72707.0,,raw
2021-12-30,16.07,16.24,15.68,15.81,,48430.0,,raw
2021-12-31,15.86,16.48,15.61,15.85,,62723.0,,raw
2022-01-04,15.79,16.98,15.74,16.8,,104446.0,,raw
2022-01-05,16.62,17.0,16.3,16.79,,69886.0,,raw
2022-01-06,16.68,16.7,16.12,16.25,,51224.0,,raw
2022-01-07,16.21,16.32,15.03,15.11,,64353.0,,raw
2022-01-10,15.0,15.98,14.89,15.8,,53524.0,,raw
2022-01-11,15.98,15.98,15.37,15.55,,29636.0,,raw
2022-01-12,15.62,17.25,15.48,16.87,,102291.0,,raw
2022-01-13,16.79,17.2,16.63,16.78,,71742.0,,raw
2022-01-14,16.78,17.21,16.5,16.9,,69594.0,,raw
2022-01-17,17.4,18.18,16.22,16.76,,74451.0,,raw
2022-01-18,16.86,16.89,15.69,15.77,,69534.0,,raw
2022-01-19,15.68,16.62,15.63,16.17,,48835.0,,raw
2022-01-20,16.05,17.23,15.36,15.75,,84956.0,,raw
2022-01-21,15.3,15.4,14.6,14.83,,52968.0,,raw
2022-01-24,14.83,14.88,14.44,14.6,,32388.0,,raw
2022-01-25,14.51,14.58,13.63,13.64,,32733.0,,raw
2022-01-26,13.62,13.97,13.62,13.83,,17639.0,,raw
2022-01-27,13.75,13.93,12.95,13.11,,25447.0,,raw
2022-01-28,13.29,13.68,13.22,13.52,,21541.0,,raw
2022-02-07,13.88,13.96,13.41,13.91,,20565.0,,raw
2022-02-08,14.16,14.37,13.82,14.29,,25615.0,,raw
2022-02-09,14.25,14.78,14.16,14.54,,29195.0,,raw
2022-02-10,14.51,14.88,14.35,14.87,,29472.0,,raw
2022-02-11,14.87,14.87,14.36,14.46,,25606.0,,raw
2022-02-14,14.26,14.74,14.02,14.62,,19191.0,,raw
2022-02-15,14.52,14.64,14.27,14.46,,17247.0,,raw
2022-02-16,14.41,14.89,14.28,14.78,,24955.0,,raw
2022-02-17,14.64,14.9,14.37,14.59,,27737.0,,raw
2022-02-18,14.45,14.86,14.38,14.71,,22404.0,,raw
2022-02-21,14.56,15.09,14.48,15.03,,30758.0,,raw
2022-02-22,14.85,15.4,14.78,15.21,,39481.0,,raw
2022-02-23,15.4,15.81,14.3,14.64,,71239.0,,raw
2022-02-24,14.48,14.91,13.7,14.02,,54899.0,,raw
2022-02-25,13.99,14.47,13.99,14.13,,30249.0,,raw
2022-02-28,14.29,14.29,13.75,14.04,,21410.0,,raw
2022-03-01,13.99,14.37,13.99,14.25,,22867.0,,raw
2022-03-02,14.25,15.33,14.2,14.8,,61114.0,,raw
2022-03-03,14.66,15.11,14.66,14.97,,51434.0,,raw
2022-03-04,14.97,16.6,14.89,15.62,,99660.0,,raw
2022-03-07,16.0,16.2,14.83,15.38,,72291.0,,raw
2022-03-08,14.96,15.4,14.48,14.55,,51572.0,,raw
2022-03-09,14.2,14.97,13.82,14.64,,41993.0,,raw
2022-03-10,14.68,15.05,14.6,14.77,,31676.0,,raw
2022-03-11,14.63,15.76,14.18,15.61,,89885.0,,raw
2022-03-14,15.63,15.67,14.6,14.65,,58196.0,,raw
2022-03-15,14.79,16.97,14.78,15.45,,122565.0,,raw
2022-03-16,15.14,16.14,15.14,15.95,,119809.0,,raw
2022-03-17,15.66,16.36,15.2,15.84,,100810.0,,raw
2022-03-18,15.66,16.12,15.16,15.93,,80788.0,,raw
2022-03-21,16.15,19.12,16.0,19.12,,173918.0,,raw
2022-03-22,20.64,22.33,19.45,19.75,,293047.0,,raw
2022-03-23,18.85,19.15,17.44,17.62,,202288.0,,raw
2022-03-24,17.8,18.98,17.8,17.84,,184581.0,,raw
2022-03-25,17.68,18.85,17.12,17.27,,160580.0,,raw
2022-03-28,17.88,18.66,17.0,18.45,,154587.0,,raw
2022-03-29,18.05,22.14,17.58,22.14,,170227.0,,raw
2022-03-30,20.55,20.98,19.47,19.93,,240566.0,,raw
2022-03-31,19.85,20.93,19.21,19.66,,188294.0,,raw
2022-04-01,20.18,21.58,19.6,19.8,,175082.0,,raw
2022-04-06,18.29,19.69,18.08,19.02,,145093.0,,raw
2022-04-07,18.8,18.95,17.5,17.58,,130277.0,,raw
2022-04-08,17.4,17.55,16.1,16.24,,112870.0,,raw
2022-04-11,16.22,18.1,16.12,17.28,,159261.0,,raw
2022-04-12,16.75,17.08,16.13,16.59,,98392.0,,raw
2022-04-13,16.59,16.89,15.21,15.55,,111814.0,,raw
2022-04-14,15.56,16.07,15.11,15.78,,76640.0,,raw
2022-04-15,15.44,15.95,14.83,14.86,,74692.0,,raw
2022-04-18,14.8,15.6,14.79,15.14,,69307.0,,raw
2022-04-19,14.99,15.55,14.7,15.2,,124802.0,,raw
2022-04-20,14.91,15.94,14.8,15.44,,152960.0,,raw
2022-04-21,15.05,15.61,13.95,14.14,,133418.0,,raw
2022-04-22,13.69,14.03,13.45,13.51,,76294.0,,raw
2022-04-25,13.31,13.65,12.34,12.36,,87098.0,,raw
2022-04-26,12.22,12.94,12.22,12.35,,79651.0,,raw
2022-04-27,12.35,12.62,11.59,12.59,,75393.0,,raw
2022-04-28,12.34,12.35,11.72,11.83,,50031.0,,raw
2022-04-29,11.96,12.5,11.96,12.32,,58222.0,,raw
2022-05-05,12.4,13.17,12.19,12.95,,80283.0,,raw
2022-05-06,12.55,12.95,12.45,12.7,,52986.0,,raw
2022-05-09,12.74,13.7,12.67,13.47,,91412.0,,raw
2022-05-10,13.15,13.93,12.96,13.8,,88410.0,,raw
2022-05-11,13.65,13.9,13.4,13.46,,94678.0,,raw
2022-05-12,13.35,13.75,13.05,13.4,,63383.0,,raw
2022-05-13,13.4,13.86,13.4,13.62,,68000.0,,raw
2022-05-16,13.9,14.96,13.7,14.49,,147720.0,,raw
2022-05-17,14.16,14.37,13.82,14.0,,89268.0,,raw
2022-05-18,13.72,14.14,13.72,13.86,,61246.0,,raw
2022-05-19,13.65,14.56,13.55,14.18,,94281.0,,raw
2022-05-20,14.09,14.5,13.91,14.18,,69250.0,,raw
2022-05-23,14.06,14.8,14.06,14.59,,83526.0,,raw
2022-05-24,14.4,14.63,13.61,13.76,,72174.0,,raw
2022-05-25,13.66,14.05,13.66,13.88,,42428.0,,raw
2022-05-26,13.9,14.02,13.28,13.67,,53801.0,,raw
2022-05-27,13.63,14.16,13.45,13.77,,54118.0,,raw
2022-05-30,13.82,14.3,13.62,13.63,,59774.0,,raw
2022-05-31,13.6,14.49,13.56,14.3,,132568.0,,raw
2022-06-01,14.1,14.2,13.85,13.95,,83107.0,,raw
2022-06-02,13.95,13.99,13.33,13.71,,68773.0,,raw
2022-06-06,13.45,13.71,13.32,13.67,,52717.0,,raw
2022-06-07,13.72,13.75,13.06,13.35,,60200.0,,raw
2022-06-08,13.33,13.42,12.9,13.13,,55962.0,,raw
2022-06-09,13.09,13.3,12.68,12.68,,49313.0,,raw
2022-06-10,12.64,12.83,12.51,12.75,,29732.0,,raw
2022-06-13,12.75,13.05,12.61,12.89,,39102.0,,raw
2022-06-14,12.73,12.88,12.34,12.78,,42211.0,,raw
2022-06-15,12.78,12.97,12.72,12.79,,38199.0,,raw
2022-06-16,12.82,13.12,12.79,12.98,,55244.0,,raw
2022-06-17,12.95,13.16,12.86,13.09,,45218.0,,raw
2022-06-20,13.09,13.21,12.98,13.2,,48112.0,,raw
2022-06-21,13.15,13.19,12.88,13.13,,41142.0,,raw
2022-06-22,13.1,13.18,12.87,12.97,,35464.0,,raw
2022-06-23,13.02,13.08,12.73,13.0,,34466.0,,raw
2022-06-24,12.97,13.1,12.91,13.07,,35468.0,,raw
2022-06-27,13.08,13.36,13.08,13.28,,48757.0,,raw
2022-06-28,13.22,13.35,13.07,13.28,,44009.0,,raw
2022-06-29,13.25,13.38,12.91,12.92,,45671.0,,raw
2022-06-30,13.02,13.09,12.77,12.93,,37521.0,,raw
2022-07-01,13.03,13.65,13.02,13.44,,97750.0,,raw
2022-07-04,13.46,13.72,13.27,13.72,,73185.0,,raw
2022-07-05,13.72,13.77,13.15,13.38,,65985.0,,raw
2022-07-06,13.3,13.38,12.89,12.97,,41236.0,,raw
2022-07-07,13.01,13.05,12.77,12.84,,34375.0,,raw
2022-07-08,12.86,13.13,12.82,12.95,,34163.0,,raw
2022-07-11,12.95,13.15,12.73,12.89,,34467.0,,raw
2022-07-12,12.85,12.96,12.3,12.39,,43939.0,,raw
2022-07-13,12.35,12.6,12.26,12.5,,27623.0,,raw
2022-07-14,12.41,12.66,12.37,12.56,,28352.0,,raw
2022-07-15,12.56,12.59,12.12,12.24,,34363.0,,raw
2022-07-18,12.21,12.55,12.21,12.52,,31635.0,,raw
2022-07-19,12.6,12.67,12.45,12.63,,23290.0,,raw
2022-07-20,12.66,12.77,12.57,12.74,,24268.0,,raw
2022-07-21,12.9,12.92,12.6,12.62,,25338.0,,raw
2022-07-22,12.61,12.75,12.39,12.55,,24300.0,,raw
2022-07-25,12.7,12.72,12.48,12.5,,17622.0,,raw
2022-07-26,12.64,12.64,12.35,12.58,,19223.0,,raw
2022-07-27,12.6,12.74,12.54,12.65,,21115.0,,raw
2022-07-28,12.65,12.88,12.65,12.82,,32869.0,,raw
2022-07-29,12.81,12.93,12.75,12.75,,27497.0,,raw
2022-08-01,12.75,12.79,12.6,12.72,,19446.0,,raw
2022-08-02,12.65,12.65,12.02,12.06,,44061.0,,raw
2022-08-03,12.11,12.37,11.91,11.95,,27385.0,,raw
2022-08-04,12.04,12.36,12.04,12.32,,31558.0,,raw
2022-08-05,12.37,12.43,12.22,12.37,,20135.0,,raw
2022-08-08,12.38,12.48,12.28,12.42,,16180.0,,raw
2022-08-09,12.46,12.48,12.3,12.43,,19567.0,,raw
2022-08-10,12.38,12.55,12.35,12.38,,22462.0,,raw
2022-08-11,12.4,12.6,12.39,12.58,,26109.0,,raw
2022-08-12,12.58,12.66,12.52,12.57,,16628.0,,raw
2022-08-15,12.7,12.94,12.43,12.61,,27686.0,,raw
2022-08-16,12.67,12.7,12.52,12.7,,24742.0,,raw
2022-08-17,12.69,12.88,12.63,12.79,,31278.0,,raw
2022-08-18,12.75,12.77,12.59,12.61,,27595.0,,raw
2022-08-19,12.67,12.82,12.59,12.59,,36257.0,,raw
2022-08-22,12.77,13.05,12.64,12.89,,50959.0,,raw
2022-08-23,12.88,12.88,12.55,12.73,,33328.0,,raw
2022-08-24,12.72,13.2,12.58,12.82,,71402.0,,raw
2022-08-25,12.66,12.91,12.48,12.65,,52275.0,,raw
2022-08-26,12.57,13.01,12.4,12.93,,70880.0,,raw
2022-08-29,12.77,12.84,12.55,12.7,,45480.0,,raw
2022-08-30,12.67,12.95,12.63,12.88,,52877.0,,raw
2022-08-31,12.8,12.86,12.28,12.42,,52371.0,,raw
2022-09-01,12.43,12.9,12.43,12.57,,46418.0,,raw
2022-09-02,12.66,12.94,12.57,12.84,,45227.0,,raw
2022-09-05,13.03,13.08,12.66,12.85,,31987.0,,raw
2022-09-06,12.98,13.06,12.76,13.01,,49525.0,,raw
2022-09-07,12.98,13.0,12.77,12.81,,33438.0,,raw
2022-09-08,12.89,12.92,12.49,12.55,,31172.0,,raw
2022-09-09,12.53,12.6,12.29,12.4,,22786.0,,raw
2022-09-13,12.43,12.92,12.4,12.85,,54725.0,,raw
2022-09-14,12.66,12.9,12.58,12.72,,29471.0,,raw
2022-09-15,12.73,12.8,12.15,12.27,,34264.0,,raw
2022-09-16,12.35,12.35,11.78,11.78,,32818.0,,raw
2022-09-19,11.78,11.93,11.43,11.56,,22558.0,,raw
2022-09-20,11.69,11.8,11.61,11.74,,22017.0,,raw
2022-09-21,11.69,11.85,11.5,11.82,,18383.0,,raw
2022-09-22,11.74,11.95,11.69,11.74,,21039.0,,raw
2022-09-23,11.71,11.74,11.3,11.3,,18967.0,,raw
2022-09-26,11.27,11.27,10.58,10.64,,33898.0,,raw
2022-09-27,10.84,11.05,10.71,11.01,,23101.0,,raw
2022-09-28,10.95,11.26,10.77,10.77,,26352.0,,raw
2022-09-29,11.0,11.06,10.59,10.68,,22206.0,,raw
2022-09-30,10.81,10.81,10.53,10.57,,16289.0,,raw
2022-10-10,10.66,10.74,10.25,10.33,,17958.0,,raw
2022-10-11,10.31,10.45,10.19,10.44,,13159.0,,raw
2022-10-12,11.3,11.96,11.04,11.53,,75401.0,,raw
2022-10-13,11.35,11.83,11.14,11.71,,77828.0,,raw
2022-10-14,11.61,11.89,11.5,11.76,,41186.0,,raw
2022-10-17,11.7,12.12,11.57,12.0,,33485.0,,raw
2022-10-18,11.89,12.0,11.74,11.79,,24647.0,,raw
2022-10-19,11.72,11.86,11.46,11.46,,24133.0,,raw
2022-10-20,11.41,11.6,11.28,11.32,,21792.0,,raw
2022-10-21,11.33,11.78,11.15,11.43,,35053.0,,raw
2022-10-24,11.37,11.63,11.19,11.2,,29016.0,,raw
2022-10-25,11.37,11.46,10.87,11.42,,28383.0,,raw
2022-10-26,11.41,11.5,11.23,11.48,,36402.0,,raw
2022-10-27,11.57,11.75,11.45,11.66,,57073.0,,raw
2022-10-28,11.56,11.83,11.09,11.09,,47712.0,,raw
2022-10-31,11.18,11.69,11.17,11.59,,37683.0,,raw
2022-11-01,11.59,12.0,11.59,11.95,,36269.0,,raw
2022-11-02,11.9,12.1,11.83,11.97,,29568.0,,raw
2022-11-03,11.86,12.06,11.82,11.98,,21636.0,,raw
2022-11-04,12.0,12.07,11.95,12.06,,25638.0,,raw
2022-11-07,11.96,12.2,11.96,12.13,,21446.0,,raw
2022-11-08,12.19,12.19,11.91,11.99,,17352.0,,raw
2022-11-09,12.05,12.05,11.91,11.95,,14091.0,,raw
2022-11-10,11.93,12.25,11.88,12.14,,26038.0,,raw
2022-11-11,12.15,12.35,12.07,12.08,,22762.0,,raw
2022-11-14,12.08,12.25,11.88,11.97,,24869.0,,raw
2022-11-15,11.9,12.12,11.89,12.12,,20004.0,,raw
2022-11-16,12.1,12.31,12.06,12.16,,19121.0,,raw
2022-11-17,12.12,12.29,12.08,12.25,,20157.0,,raw
2022-11-18,12.28,12.3,12.0,12.0,,25534.0,,raw
2022-11-21,12.0,12.07,11.82,12.04,,17213.0,,raw
2022-11-22,12.04,12.28,11.98,12.07,,31759.0,,raw
2022-11-23,12.1,12.11,11.59,11.68,,31478.0,,raw
2022-11-24,11.68,12.05,11.66,11.9,,19653.0,,raw
2022-11-25,11.9,12.01,11.7,11.7,,15410.0,,raw
2022-11-28,11.7,11.79,11.48,11.73,,14898.0,,raw
2022-11-29,11.73,12.05,11.72,12.03,,21122.0,,raw
2022-11-30,12.1,12.25,11.98,12.06,,18488.0,,raw
2022-12-01,12.12,12.34,12.12,12.28,,35103.0,,raw
2022-12-02,12.35,12.62,12.26,12.53,,44736.0,,raw
2022-12-05,12.42,12.94,12.42,12.81,,54453.0,,raw
2022-12-06,12.83,13.17,12.63,12.72,,52189.0,,raw
2022-12-07,12.71,12.94,12.58,12.77,,32444.0,,raw
2022-12-08,12.85,12.85,12.56,12.72,,25871.0,,raw
2022-12-09,12.7,12.78,12.43,12.57,,18125.0,,raw
2022-12-12,12.57,12.69,12.38,12.47,,19809.0,,raw
2022-12-13,12.59,12.8,12.36,12.76,,26003.0,,raw
2022-12-14,12.68,12.81,12.55,12.77,,19798.0,,raw
2022-12-15,12.91,13.07,12.6,12.73,,37915.0,,raw
2022-12-16,12.72,12.76,12.36,12.6,,24159.0,,raw
2022-12-19,12.67,12.7,12.23,12.31,,21728.0,,raw
2022-12-20,12.36,12.45,11.89,11.92,,26718.0,,raw
2022-12-21,11.88,12.1,11.85,11.93,,19199.0,,raw
2022-12-22,12.03,12.34,11.93,12.0,,20979.0,,raw
2022-12-23,12.16,12.16,11.8,11.86,,18879.0,,raw
2022-12-26,12.0,12.36,11.97,12.16,,19851.0,,raw
2022-12-27,12.18,12.67,11.93,12.66,,35080.0,,raw
2022-12-28,12.45,12.59,12.02,12.14,,28800.0,,raw
2022-12-29,12.31,12.31,11.9,11.91,,22182.0,,raw
2022-12-30,12.08,12.09,11.81,12.04,,16691.0,,raw
2023-01-03,12.0,12.18,11.88,12.16,,23570.0,,raw
2023-01-04,12.2,12.28,12.1,12.15,,19530.0,,raw
2023-01-05,12.14,12.18,11.9,12.04,,26475.0,,raw
2023-01-06,12.05,12.05,11.64,11.71,,38256.0,,raw
2023-01-09,11.73,11.87,11.68,11.85,,21385.0,,raw
2023-01-10,11.84,11.84,11.67,11.71,,16003.0,,raw
2023-01-11,11.74,11.74,11.52,11.52,,14146.0,,raw
2023-01-12,11.53,11.57,11.3,11.36,,22334.0,,raw
2023-01-13,11.4,11.5,11.36,11.47,,13335.0,,raw
2023-01-16,11.47,11.72,11.41,11.63,,20205.0,,raw
2023-01-17,11.76,11.76,11.45,11.5,,17554.0,,raw
2023-01-18,11.55,11.62,11.47,11.57,,11279.0,,raw
2023-01-19,11.53,11.73,11.51,11.7,,13701.0,,raw
2023-01-20,11.7,11.91,11.67,11.9,,15542.0,,raw
2023-01-30,12.04,12.82,11.97,12.7,,70330.0,,raw
2023-01-31,12.58,12.68,12.19,12.39,,58925.0,,raw
2023-02-01,12.35,12.74,12.32,12.68,,49074.0,,raw
2023-02-02,12.68,12.85,12.54,12.79,,36439.0,,raw
2023-02-03,12.81,13.09,12.73,12.86,,45078.0,,raw
2023-02-06,12.85,12.92,12.72,12.88,,34297.0,,raw
2023-02-07,12.86,12.94,12.7,12.85,,23239.0,,raw
2023-02-08,12.85,12.88,12.63,12.72,,19925.0,,raw
2023-02-09,12.65,12.91,12.64,12.82,,20456.0,,raw
2023-02-10,12.8,13.83,12.78,13.75,,136937.0,,raw
2023-02-13,14.31,16.0,14.31,15.08,,247030.0,,raw
2023-02-14,15.11,15.32,14.65,14.76,,112292.0,,raw
2023-02-15,14.87,16.19,14.47,15.71,,166163.0,,raw
2023-02-16,16.11,16.23,14.69,14.9,,95846.0,,raw
2023-02-17,14.91,15.11,14.66,14.76,,75119.0,,raw
2023-02-20,15.12,15.19,13.8,14.37,,87191.0,,raw
2023-02-21,15.0,15.99,15.0,15.27,,101393.0,,raw
2023-02-22,15.11,17.18,15.11,16.47,,154280.0,,raw
2023-02-23,17.13,17.38,16.64,17.0,,128182.0,,raw
2023-02-24,16.51,17.55,16.37,17.41,,117840.0,,raw
2023-02-27,17.62,20.11,17.37,19.62,,170384.0,,raw
2023-02-28,19.04,20.28,18.76,20.12,,160390.0,,raw
2023-03-01,20.11,20.61,19.78,20.52,,89826.0,,raw
2023-03-02,20.76,21.35,19.5,19.75,,143483.0,,raw
2023-03-03,20.06,20.18,19.5,19.74,,59899.0,,raw
2023-03-06,19.82,22.4,19.82,21.9,,136014.0,,raw
2023-03-07,21.94,25.52,21.7,24.97,,161996.0,,raw
2023-03-08,24.98,28.68,23.74,28.0,,180224.0,,raw
2023-03-09,28.32,28.66,26.15,27.18,,147420.0,,raw
2023-03-10,26.43,27.13,25.79,26.58,,122422.0,,raw
2023-03-13,26.32,27.23,25.62,26.54,,94422.0,,raw
2023-03-14,27.02,28.0,25.77,27.72,,115861.0,,raw
2023-03-15,26.79,27.9,26.23,27.09,,96501.0,,raw
2023-03-16,29.6,32.51,27.71,32.51,,135975.0,,raw
2023-03-17,33.01,34.77,31.0,32.6,,146263.0,,raw
2023-03-20,31.85,32.0,30.34,31.1,,95280.0,,raw
2023-03-21,31.5,33.2,30.67,31.6,,108196.0,,raw
2023-03-22,31.79,32.39,29.01,29.44,,128414.0,,raw
2023-03-23,29.44,29.83,27.35,27.88,,134023.0,,raw
2023-03-24,27.91,29.39,26.85,28.05,,86951.0,,raw
2023-03-27,27.91,29.5,25.66,28.75,,126769.0,,raw
2023-03-28,28.78,30.17,27.78,27.91,,130921.0,,raw
2023-03-29,27.96,28.75,26.7,28.39,,113562.0,,raw
2023-03-30,27.69,30.88,27.56,29.78,,123922.0,,raw
2023-03-31,29.66,29.96,28.51,29.6,,95969.0,,raw
2023-04-03,28.87,31.6,28.87,30.68,,97188.0,,raw
2023-04-04,30.41,30.54,29.23,29.5,,69097.0,,raw
2023-04-06,29.51,30.2,28.0,28.05,,73769.0,,raw
2023-04-07,28.06,28.87,27.58,27.72,,55297.0,,raw
2023-04-10,27.67,28.31,27.14,27.75,,47659.0,,raw
2023-04-11,29.0,31.9,28.21,31.72,,137316.0,,raw
2023-04-12,31.73,31.95,29.61,30.52,,102569.0,,raw
2023-04-13,30.2,30.79,29.71,30.29,,52794.0,,raw
2023-04-14,29.85,30.55,29.5,29.75,,42999.0,,raw
2023-04-17,30.05,34.79,30.01,34.14,,134480.0,,raw
2023-04-18,33.51,33.7,30.4,31.42,,141691.0,,raw
2023-04-19,34.0,37.7,34.0,37.7,,195335.0,,raw
2023-04-20,38.0,40.84,36.88,39.1,,163681.0,,raw
2023-04-21,38.33,44.88,38.33,41.35,,145930.0,,raw
2023-04-24,41.4,42.8,39.24,40.6,,117571.0,,raw
2023-04-25,40.13,40.39,37.8,39.17,,100384.0,,raw
2023-04-26,38.75,40.14,37.62,39.7,,84969.0,,raw
2023-04-27,38.34,40.8,38.34,39.24,,68640.0,,raw
2023-04-28,38.92,40.0,38.18,39.36,,67149.0,,raw
2023-05-04,39.87,40.5,36.07,38.51,,64176.0,,raw
2023-05-05,38.07,39.7,37.5,37.92,,56176.0,,raw
2023-05-08,38.8,38.8,37.0,37.34,,47754.0,,raw
2023-05-09,37.0,37.69,36.46,36.63,,35233.0,,raw
2023-05-10,36.18,38.2,36.01,37.95,,54547.0,,raw
2023-05-11,37.99,37.99,35.2,35.96,,58394.0,,raw
2023-05-12,36.22,39.68,35.5,37.93,,68801.0,,raw
2023-05-15,39.68,39.98,36.01,37.15,,73818.0,,raw
2023-05-16,37.21,39.5,37.21,38.15,,59476.0,,raw
2023-05-17,37.5,41.88,37.2,39.98,,77667.0,,raw
2023-05-18,39.75,40.3,38.95,40.22,,50371.0,,raw
2023-05-19,40.62,43.2,39.1,42.0,,65214.0,,raw
2023-05-22,42.0,47.53,41.25,46.57,,83292.0,,raw
2023-05-23,45.88,47.17,44.21,44.5,,63460.0,,raw
2023-05-24,44.03,44.8,42.32,43.92,,48355.0,,raw
2023-05-25,43.39,44.6,41.81,42.9,,43265.0,,raw
2023-05-26,42.88,44.53,42.36,42.83,,40215.0,,raw
2023-05-29,42.51,46.3,42.51,44.7,,52988.0,,raw
2023-05-30,44.77,45.6,43.8,45.12,,36850.0,,raw
2023-05-31,45.15,47.48,44.52,45.65,,38741.0,,raw
2023-06-01,45.62,46.29,44.02,44.03,,37355.0,,raw
2023-06-02,44.3,44.3,42.69,42.71,,34017.0,,raw
2023-06-05,42.82,43.83,42.43,43.23,,22415.0,,raw
2023-06-06,43.0,43.98,42.7,43.24,,17915.0,,raw
2023-06-07,43.0,44.44,42.81,43.62,,19453.0,,raw
2023-06-08,44.1,44.25,43.1,43.3,,17180.0,,raw
2023-06-09,43.08,43.62,42.83,43.19,,15601.0,,raw
2023-06-12,43.82,43.97,42.38,43.1,,20999.0,,raw
2023-06-13,43.0,43.57,42.0,42.81,,17382.0,,raw
2023-06-14,42.55,43.12,42.43,42.75,,18423.0,,raw
2023-06-15,42.65,43.1,41.31,41.48,,35954.0,,raw
2023-06-16,41.5,42.21,41.3,41.46,,21978.0,,raw
2023-06-19,41.45,42.01,40.67,40.76,,20921.0,,raw
2023-06-20,40.53,43.5,40.28,43.19,,39131.0,,raw
2023-06-21,42.99,45.5,42.86,44.09,,42989.0,,raw
2023-06-26,44.29,45.6,42.9,43.3,,34470.0,,raw
2023-06-27,43.44,44.15,42.55,42.8,,22221.0,,raw
2023-06-28,42.88,43.35,41.21,42.87,,25564.0,,raw
2023-06-29,44.29,44.44,41.94,42.51,,27608.0,,raw
2023-06-30,42.72,44.9,41.77,44.34,,38504.0,,raw
2023-07-03,43.96,46.99,42.8,45.96,,53344.0,,raw
2023-07-04,46.1,46.54,45.19,46.2,,28306.0,,raw
2023-07-05,46.2,46.7,45.4,46.1,,21830.0,,raw
2023-07-06,46.43,46.43,44.41,45.0,,27152.0,,raw
2023-07-07,44.63,44.88,43.46,43.98,,23117.0,,raw
2023-07-10,43.82,44.19,43.2,43.25,,14477.0,,raw
2023-07-11,43.49,44.95,42.82,43.17,,17173.0,,raw
2023-07-12,43.18,43.75,42.3,43.37,,14143.0,,raw
2023-07-13,43.31,43.41,42.31,42.91,,20234.0,,raw
2023-07-14,43.44,45.41,43.0,44.0,,30546.0,,raw
2023-07-17,43.71,44.42,42.71,44.33,,16584.0,,raw
2023-07-18,44.5,45.19,43.9,44.05,,14862.0,,raw
2023-07-19,43.0,44.26,43.0,43.45,,9832.0,,raw
2023-07-20,43.6,44.09,43.0,43.61,,13724.0,,raw
2023-07-21,43.82,43.88,43.31,43.51,,11165.0,,raw
2023-07-24,43.33,43.99,41.5,42.65,,19469.0,,raw
2023-07-25,42.65,43.68,41.55,41.61,,16115.0,,raw
2023-07-26,41.61,41.61,36.38,38.84,,64363.0,,raw
2023-07-27,38.59,39.16,36.38,36.9,,55074.0,,raw
2023-07-28,36.89,38.66,36.27,38.24,,37428.0,,raw
2023-07-31,38.2,38.21,36.32,37.9,,37953.0,,raw
2023-08-01,37.71,42.12,36.95,39.3,,71941.0,,raw
2023-08-02,39.59,39.8,37.85,38.57,,36184.0,,raw
2023-08-03,38.82,39.22,38.23,38.93,,20088.0,,raw
2023-08-04,38.93,39.65,38.73,38.8,,21680.0,,raw
2023-08-07,38.33,39.47,38.33,38.95,,17131.0,,raw
2023-08-08,38.94,40.68,38.56,40.46,,22839.0,,raw
2023-08-09,40.3,40.36,39.68,39.8,,16838.0,,raw
2023-08-10,39.51,40.67,39.51,39.95,,11067.0,,raw
2023-08-11,39.99,41.5,39.72,41.05,,22790.0,,raw
2023-08-14,41.05,41.05,38.55,39.01,,34106.0,,raw
2023-08-15,39.51,39.75,39.0,39.38,,14664.0,,raw
2023-08-16,39.87,40.38,38.6,39.75,,19401.0,,raw
2023-08-17,40.11,41.23,38.9,41.17,,29247.0,,raw
2023-08-18,41.0,41.9,40.8,40.93,,25675.0,,raw
2023-08-21,39.7,39.7,35.84,36.0,,89619.0,,raw
2023-08-22,36.72,37.53,35.86,36.6,,46535.0,,raw
2023-08-23,36.33,36.76,35.5,36.23,,31359.0,,raw
2023-08-24,36.41,36.63,35.4,35.45,,24128.0,,raw
2023-08-25,35.24,35.58,30.8,32.87,,63260.0,,raw
2023-08-28,34.01,35.24,32.0,32.32,,42278.0,,raw
2023-08-29,32.93,35.41,31.66,35.0,,50143.0,,raw
2023-08-30,35.76,36.56,35.0,36.26,,28496.0,,raw
2023-08-31,36.49,37.77,36.0,37.22,,32274.0,,raw
2023-09-01,37.23,37.9,36.9,37.38,,25234.0,,raw
2023-09-04,37.38,39.98,37.35,39.2,,42520.0,,raw
2023-09-05,39.21,40.3,39.1,39.75,,29980.0,,raw
2023-09-06,39.58,39.88,38.4,38.57,,25612.0,,raw
2023-09-07,38.37,38.52,37.61,38.15,,25368.0,,raw
2023-09-08,38.5,40.66,38.5,39.7,,38252.0,,raw
2023-09-11,39.68,40.7,39.49,40.16,,25130.0,,raw
2023-09-12,40.27,40.57,37.67,37.76,,35149.0,,raw
2023-09-13,38.25,38.25,36.8,37.59,,23333.0,,raw
2023-09-14,37.39,38.1,36.46,37.33,,18602.0,,raw
2023-09-15,37.72,37.99,37.14,37.55,,11712.0,,raw
2023-09-18,37.83,37.83,36.86,37.38,,8880.0,,raw
2023-09-19,37.38,39.32,37.11,38.2,,27832.0,,raw
2023-09-20,38.2,38.21,36.2,36.27,,23718.0,,raw
2023-09-21,36.36,36.43,35.82,35.88,,13355.0,,raw
2023-09-22,36.4,37.18,35.3,37.02,,17417.0,,raw
2023-09-25,36.98,36.98,35.51,35.9,,15168.0,,raw
2023-09-26,36.0,36.17,35.06,35.32,,16224.0,,raw
2023-09-27,35.49,35.84,34.79,35.01,,17552.0,,raw
2023-09-28,35.44,37.16,34.9,36.67,,28191.0,,raw
2023-10-09,38.76,38.79,35.08,35.7,,38180.0,,raw
2023-10-10,35.68,37.86,35.51,37.46,,23858.0,,raw
2023-10-11,37.46,37.77,36.12,37.33,,19196.0,,raw
2023-10-12,37.76,37.95,36.64,37.35,,20370.0,,raw
2023-10-13,37.05,37.42,36.24,36.25,,13741.0,,raw
2023-10-16,37.8,37.8,35.4,35.83,,12273.0,,raw
2023-10-17,36.0,36.7,35.5,36.41,,12305.0,,raw
2023-10-18,36.15,36.57,35.1,35.5,,14766.0,,raw
2023-10-19,35.41,35.46,34.6,34.95,,11280.0,,raw
2023-10-20,35.14,35.41,34.31,34.5,,12419.0,,raw
2023-10-23,34.95,34.95,33.39,34.01,,11714.0,,raw
2023-10-24,34.89,37.56,34.18,37.11,,34027.0,,raw
2023-10-25,36.83,37.56,35.66,36.38,,16787.0,,raw
2023-10-26,36.02,36.68,35.62,36.17,,12479.0,,raw
2023-10-27,35.99,37.9,35.74,37.73,,23209.0,,raw
2023-10-30,37.67,38.2,37.01,37.51,,12573.0,,raw
2023-10-31,37.75,37.75,36.62,37.06,,9369.0,,raw
2023-11-01,37.06,37.4,36.81,36.83,,6400.0,,raw
2023-11-02,36.85,37.04,35.81,36.5,,11649.0,,raw
2023-11-03,36.5,36.96,35.82,35.89,,12504.0,,raw
2023-11-06,36.84,37.46,35.54,36.68,,18652.0,,raw
2023-11-07,37.25,37.4,35.81,36.63,,15043.0,,raw
2023-11-08,36.65,36.67,36.05,36.25,,8913.0,,raw
2023-11-09,36.51,36.97,35.66,36.1,,14888.0,,raw
2023-11-10,36.23,36.23,34.8,35.34,,21657.0,,raw
2023-11-13,35.3,35.52,34.82,35.39,,14434.0,,raw
2023-11-14,35.44,35.49,34.98,35.36,,9489.0,,raw
2023-11-15,35.06,35.36,34.75,35.1,,12953.0,,raw
2023-11-16,35.3,38.0,35.07,35.09,,35298.0,,raw
2023-11-17,34.95,36.06,34.38,35.22,,19343.0,,raw
2023-11-20,35.23,35.31,34.48,34.5,,18578.0,,raw
2023-11-21,34.5,34.67,33.75,33.84,,11249.0,,raw
2023-11-22,33.92,34.41,33.54,33.92,,10911.0,,raw
2023-11-23,33.65,34.34,33.6,34.16,,6926.0,,raw
2023-11-24,34.24,34.27,33.45,33.68,,10043.0,,raw
2023-11-27,33.7,34.1,33.51,33.72,,6911.0,,raw
2023-11-28,33.0,33.71,32.99,33.0,,17687.0,,raw
2023-11-29,33.1,33.1,32.0,32.32,,14657.0,,raw
2023-11-30,32.32,33.28,31.91,33.13,,16644.0,,raw
2023-12-01,33.26,33.28,32.68,33.0,,8401.0,,raw
2023-12-04,33.14,36.12,32.8,35.86,,58198.0,,raw
2023-12-05,35.93,36.25,34.7,35.54,,27228.0,,raw
2023-12-06,35.41,35.91,35.04,35.33,,15425.0,,raw
2023-12-07,35.68,35.68,34.8,34.96,,9062.0,,raw
2023-12-08,34.82,35.22,34.4,34.42,,12019.0,,raw
2023-12-11,34.39,34.73,33.82,34.54,,13776.0,,raw
2023-12-12,34.59,36.08,34.2,35.75,,20423.0,,raw
2023-12-13,35.51,36.09,35.18,35.59,,9523.0,,raw
2023-12-14,35.85,35.85,35.2,35.44,,6638.0,,raw
2023-12-15,35.41,36.76,35.15,35.97,,14844.0,,raw
2023-12-18,35.98,37.0,35.33,36.2,,14830.0,,raw
2023-12-19,36.6,39.0,36.3,37.55,,30189.0,,raw
2023-12-20,37.44,37.5,36.35,36.38,,13234.0,,raw
2023-12-21,36.22,36.75,35.23,36.18,,10831.0,,raw
2023-12-22,36.23,37.54,35.68,36.69,,15521.0,,raw
2023-12-25,36.35,37.5,36.25,36.99,,9655.0,,raw
2023-12-26,37.0,37.17,35.88,36.21,,9765.0,,raw
2023-12-27,36.38,36.95,35.87,36.36,,10052.0,,raw
2023-12-28,37.05,37.15,35.82,37.0,,10730.0,,raw
2023-12-29,36.23,37.7,36.23,37.54,,8629.0,,raw
2024-01-02,37.88,38.05,36.51,36.64,,8118.0,,raw
2024-01-03,36.6,36.73,36.02,36.4,,5909.0,,raw
2024-01-04,36.37,36.8,35.8,35.89,,5569.0,,raw
2024-01-05,35.7,35.95,34.8,35.08,,14151.0,,raw
2024-01-08,35.2,35.3,34.2,34.21,,7364.0,,raw
2024-01-09,34.34,34.88,33.61,34.61,,5595.0,,raw
2024-01-10,34.8,35.33,34.04,35.15,,6991.0,,raw
2024-01-11,35.15,35.45,34.5,34.9,,6809.0,,raw
2024-01-12,35.35,35.35,34.5,34.88,,7944.0,,raw
2024-01-15,34.62,35.92,34.48,35.43,,7407.0,,raw
2024-01-16,35.7,36.28,34.8,35.67,,8500.0,,raw
2024-01-17,35.45,35.64,34.55,34.58,,7839.0,,raw
2024-01-18,34.64,34.98,33.01,33.87,,11249.0,,raw
2024-01-19,33.86,34.97,33.59,34.44,,9599.0,,raw
2024-01-22,35.4,37.37,34.35,34.8,,20612.0,,raw
2024-01-23,34.8,34.83,33.01,34.31,,19363.0,,raw
2024-01-24,34.31,34.54,32.23,33.19,,16782.0,,raw
2024-01-25,33.07,35.66,33.07,35.03,,18956.0,,raw
2024-01-26,34.88,35.3,34.33,34.74,,9862.0,,raw
2024-01-29,34.61,34.97,33.07,33.11,,12258.0,,raw
2024-01-30,33.1,33.4,32.6,32.82,,7684.0,,raw
2024-01-31,33.0,33.3,31.17,31.54,,15095.0,,raw
2024-02-01,31.3,31.38,30.1,30.86,,13107.0,,raw
2024-02-02,31.27,31.87,29.0,30.05,,11165.0,,raw
2024-02-05,29.61,29.85,27.0,27.9,,24561.0,,raw
2024-02-06,27.6,29.52,26.54,28.28,,23726.0,,raw
2024-02-07,28.36,28.36,26.8,27.13,,23209.0,,raw
2024-02-08,26.4,31.58,26.0,30.35,,21636.0,,raw
2024-02-19,30.27,31.98,30.0,31.78,,17448.0,,raw
2024-02-20,31.58,32.48,31.18,31.78,,11477.0,,raw
2024-02-21,31.48,33.47,31.48,32.96,,15187.0,,raw
2024-02-22,33.16,33.61,32.55,33.1,,10799.0,,raw
2024-02-23,32.99,33.42,32.33,33.3,,12824.0,,raw
2024-02-26,33.93,34.36,32.5,32.88,,6362.0,,raw
2024-02-27,32.82,33.39,32.26,33.21,,5874.0,,raw
2024-02-28,33.5,33.89,31.1,31.1,,17025.0,,raw
2024-02-29,30.55,31.91,30.55,31.2,,15410.0,,raw
2024-03-01,31.19,31.8,30.6,31.4,,9751.0,,raw
2024-03-04,31.72,31.8,30.7,31.34,,5826.0,,raw
2024-03-05,31.66,32.96,30.9,32.05,,16865.0,,raw
2024-03-06,32.06,32.56,31.17,31.45,,11793.0,,raw
2024-03-07,31.73,33.5,31.42,31.85,,14126.0,,raw
2024-03-08,31.6,32.55,31.6,32.21,,10336.0,,raw
2024-03-11,32.18,32.74,31.81,32.15,,8799.0,,raw
2024-03-12,32.16,32.48,31.93,32.03,,7237.0,,raw
2024-03-13,32.09,32.35,31.57,31.74,,8409.0,,raw
2024-03-14,31.59,31.89,30.16,30.53,,22206.0,,raw
2024-03-15,30.54,31.12,30.3,30.72,,9526.0,,raw
2024-03-18,30.83,31.35,30.15,30.87,,11737.0,,raw
2024-03-19,30.88,31.87,30.71,31.67,,13495.0,,raw
2024-03-20,31.92,32.48,31.52,32.24,,12854.0,,raw
2024-03-21,31.88,32.5,31.5,32.1,,10910.0,,raw
2024-03-22,32.2,32.2,30.85,30.92,,10982.0,,raw
2024-03-25,30.76,31.33,30.41,30.5,,9965.0,,raw
2024-03-26,30.8,30.8,29.76,29.85,,10942.0,,raw
2024-03-27,29.85,30.7,29.57,29.83,,13751.0,,raw
2024-03-28,29.68,29.76,28.81,29.2,,17190.0,,raw
2024-03-29,29.16,29.49,28.72,29.03,,7627.0,,raw
2024-04-01,29.27,30.67,29.14,30.0,,12900.0,,raw
2024-04-02,29.94,29.94,28.95,29.12,,9562.0,,raw
2024-04-03,29.3,29.32,28.6,29.28,,6920.0,,raw
2024-04-08,29.31,29.39,28.1,28.12,,17280.0,,raw
2024-04-09,28.01,29.08,27.29,28.01,,14297.0,,raw
2024-04-10,28.45,29.46,25.53,26.09,,38173.0,,raw
2024-04-11,26.04,27.0,25.0,26.61,,28182.0,,raw
2024-04-12,26.48,28.3,26.22,27.57,,30868.0,,raw
2024-04-15,27.09,27.55,25.23,25.7,,24176.0,,raw
2024-04-16,26.11,29.0,25.79,26.39,,34788.0,,raw
2024-04-17,26.0,27.6,26.0,26.45,,29572.0,,raw
2024-04-18,26.07,26.5,25.07,25.07,,29942.0,,raw
2024-04-19,25.01,25.5,23.8,25.05,,33724.0,,raw
2024-04-22,24.64,26.49,24.38,26.19,,26577.0,,raw
2024-04-23,27.18,27.18,25.65,26.14,,19088.0,,raw
2024-04-24,25.8,27.79,25.8,27.66,,21784.0,,raw
2024-04-25,27.11,27.69,26.78,27.5,,13456.0,,raw
2024-04-26,26.5,27.76,26.5,27.06,,14126.0,,raw
2024-04-29,27.0,27.29,26.31,26.89,,18408.0,,raw
2024-04-30,26.91,28.0,26.77,27.44,,16298.0,,raw
2024-05-06,27.9,29.4,27.4,29.26,,25425.0,,raw
2024-05-07,29.24,29.5,28.53,29.17,,15220.0,,raw
2024-05-08,28.91,29.69,28.6,28.87,,12224.0,,raw
2024-05-09,28.83,29.01,28.17,28.32,,14640.0,,raw
2024-05-10,28.32,28.75,27.72,27.89,,14664.0,,raw
2024-05-13,27.79,27.8,26.23,26.48,,22959.0,,raw
2024-05-14,26.6,27.49,26.3,27.26,,14475.0,,raw
2024-05-15,26.91,27.47,26.82,27.05,,10039.0,,raw
2024-05-16,27.3,27.3,26.84,26.93,,9690.0,,raw
2024-05-17,27.08,27.15,26.12,26.25,,11341.0,,raw
2024-05-20,26.24,28.0,26.2,27.5,,24200.0,,raw
2024-05-21,27.5,27.67,26.84,27.07,,13452.0,,raw
2024-05-22,27.07,27.5,26.64,27.22,,10569.0,,raw
2024-05-23,27.1,27.27,26.51,26.63,,9197.0,,raw
2024-05-24,26.58,26.93,26.31,26.4,,7781.0,,raw
2024-05-27,26.4,26.48,25.91,26.09,,9698.0,,raw
2024-05-28,26.0,26.28,25.31,25.53,,9811.0,,raw
2024-05-29,25.35,26.01,25.21,25.33,,7137.0,,raw
2024-05-30,25.64,25.64,24.8,25.0,,7002.0,,raw
2024-05-31,25.08,25.79,24.96,25.17,,12310.0,,raw
2024-06-03,24.98,25.36,24.18,24.4,,12112.0,,raw
2024-06-04,24.23,24.62,24.06,24.48,,9162.0,,raw
2024-06-05,24.24,24.45,23.6,23.7,,11730.0,,raw
2024-06-06,23.6,23.92,22.2,22.28,,22999.0,,raw
2024-06-07,22.88,23.55,22.68,23.37,,19212.0,,raw
2024-06-11,23.3,23.5,22.68,23.46,,11858.0,,raw
2024-06-12,23.55,23.79,22.78,22.89,,12450.0,,raw
2024-06-13,22.82,23.08,22.2,22.33,,11827.0,,raw
2024-06-14,22.12,22.4,21.98,22.2,,9417.0,,raw
2024-06-17,22.25,22.43,21.95,21.97,,11497.0,,raw
2024-06-18,21.89,22.28,21.89,22.02,,8143.0,,raw
2024-06-19,22.0,22.12,21.03,21.3,,16823.0,,raw
2024-06-20,21.19,21.65,20.85,20.9,,11794.0,,raw
2024-06-21,21.05,21.63,20.75,21.26,,14981.0,,raw
2024-06-24,21.16,21.31,20.3,20.48,,16488.0,,raw
2024-06-25,20.66,20.66,19.89,20.17,,16689.0,,raw
2024-06-26,20.07,21.04,19.99,21.0,,13646.0,,raw
2024-06-27,21.0,21.33,20.6,20.87,,14647.0,,raw
2024-06-28,20.91,21.98,20.61,21.13,,27200.0,,raw
2024-07-01,21.78,21.97,20.82,21.34,,17878.0,,raw
2024-07-02,21.39,22.9,21.15,22.33,,30664.0,,raw
2024-07-03,21.98,22.5,21.76,22.03,,17263.0,,raw
2024-07-04,21.93,22.14,20.98,21.09,,20213.0,,raw
2024-07-05,20.92,21.73,20.6,21.22,,23847.0,,raw
2024-07-08,21.12,21.47,20.51,20.63,,19736.0,,raw
2024-07-09,20.78,20.86,19.71,20.44,,19179.0,,raw
2024-07-10,20.16,20.64,19.88,20.26,,9057.0,,raw
2024-07-11,20.52,21.16,20.42,20.86,,11630.0,,raw
2024-07-12,21.08,21.25,20.43,20.55,,11449.0,,raw
2024-07-15,20.56,20.78,20.1,20.15,,9301.0,,raw
2024-07-16,19.99,20.24,19.52,19.65,,10500.0,,raw
2024-07-17,19.78,19.78,19.27,19.48,,11884.0,,raw
2024-07-18,19.24,19.41,18.94,19.37,,11770.0,,raw
2024-07-19,19.95,20.33,19.34,20.15,,19376.0,,raw
2024-07-22,20.34,20.56,20.0,20.18,,10037.0,,raw
2024-07-23,20.16,20.2,19.15,19.16,,11127.0,,raw
2024-07-24,18.42,19.2,17.81,18.02,,26676.0,,raw
2024-07-25,17.84,18.63,17.69,18.32,,20518.0,,raw
2024-07-26,18.4,18.69,18.23,18.25,,10666.0,,raw
2024-07-29,18.19,18.59,17.79,18.12,,13071.0,,raw
2024-07-30,19.31,21.72,19.03,19.58,,60385.0,,raw
2024-07-31,18.99,20.69,18.8,20.55,,54276.0,,raw
2024-08-01,20.37,21.18,19.96,20.0,,38953.0,,raw
2024-08-02,19.87,21.15,19.6,20.32,,34411.0,,raw
2024-08-05,20.33,21.4,20.2,20.3,,44627.0,,raw
2024-08-06,20.55,20.78,20.31,20.66,,23640.0,,raw
2024-08-07,20.7,20.7,19.96,20.08,,20064.0,,raw
2024-08-08,19.8,20.88,19.66,20.68,,30387.0,,raw
2024-08-09,20.9,21.06,20.23,20.3,,18169.0,,raw
2024-08-12,20.2,20.73,19.93,20.52,,16898.0,,raw
2024-08-13,20.35,21.07,20.25,21.01,,24065.0,,raw
2024-08-14,21.09,21.26,20.57,21.11,,16784.0,,raw
2024-08-15,21.07,21.68,20.9,21.55,,17294.0,,raw
2024-08-16,23.62,25.86,22.55,25.86,,72058.0,,raw
2024-08-19,25.88,30.5,25.34,27.74,,110905.0,,raw
2024-08-20,26.87,28.99,26.54,28.3,,81914.0,,raw
2024-08-21,27.71,29.6,27.51,29.25,,58546.0,,raw
2024-08-22,29.0,29.76,28.4,28.53,,46913.0,,raw
2024-08-23,27.6,28.89,27.54,27.74,,41552.0,,raw
2024-08-26,28.0,28.23,27.41,28.12,,28918.0,,raw
2024-08-27,27.93,28.85,27.85,28.29,,23961.0,,raw
2024-08-28,28.66,30.88,28.31,30.28,,45234.0,,raw
2024-08-29,29.43,32.3,29.29,31.43,,51691.0,,raw
2024-08-30,31.0,32.5,31.0,31.85,,35891.0,,raw
2024-09-02,31.83,33.58,31.4,32.64,,33688.0,,raw
2024-09-03,32.38,33.26,32.2,32.28,,23549.0,,raw
2024-09-04,32.0,32.92,31.55,32.26,,16886.0,,raw
2024-09-05,32.0,32.68,31.8,32.66,,13010.0,,raw
2024-09-06,32.6,33.55,32.4,32.9,,13030.0,,raw
2024-09-09,32.94,33.05,31.34,31.6,,26982.0,,raw
2024-09-10,31.34,31.75,30.77,31.46,,14149.0,,raw
2024-09-11,31.0,31.96,31.0,31.59,,9447.0,,raw
2024-09-12,31.58,31.87,31.05,31.11,,7769.0,,raw
2024-09-13,31.11,31.62,30.4,30.52,,10854.0,,raw
2024-09-18,30.61,30.64,29.2,29.54,,13832.0,,raw
2024-09-19,30.13,30.49,29.02,30.05,,14171.0,,raw
2024-09-20,30.11,30.26,29.52,30.26,,8277.0,,raw
2024-09-23,29.95,30.25,29.52,29.64,,6449.0,,raw
2024-09-24,30.18,32.13,29.49,31.7,,22866.0,,raw
2024-09-25,31.61,32.85,31.31,31.56,,19390.0,,raw
2024-09-26,31.5,31.87,30.79,31.76,,18563.0,,raw
2024-09-27,31.85,36.2,31.7,34.89,,32628.0,,raw
2024-09-30,36.0,41.87,34.9,40.89,,47139.0,,raw
2024-10-08,47.96,49.07,43.94,49.07,,121923.0,,raw
2024-10-09,47.68,55.0,46.55,50.2,,85900.0,,raw
2024-10-10,51.46,54.68,49.01,49.06,,68721.0,,raw
2024-10-11,48.55,50.0,47.0,47.81,,34093.0,,raw
2024-10-14,47.11,57.37,47.11,57.37,,83833.0,,raw
2024-10-15,61.0,61.0,55.82,56.85,,59557.0,,raw
2024-10-16,55.21,56.85,53.52,54.88,,37531.0,,raw
2024-10-17,55.8,57.62,51.4,51.88,,53266.0,,raw
2024-10-18,51.99,56.5,50.31,55.27,,61275.0,,raw
2024-10-21,55.0,58.2,54.18,56.51,,46908.0,,raw
2024-10-22,55.53,63.66,55.53,60.93,,64398.0,,raw
2024-10-23,60.97,62.48,59.15,59.94,,35662.0,,raw
2024-10-24,60.02,61.07,58.13,60.02,,28965.0,,raw
2024-10-25,60.39,61.03,57.85,60.17,,28592.0,,raw
2024-10-28,60.15,61.36,57.0,57.9,,39940.0,,raw
2024-10-29,63.0,69.48,63.0,69.48,,70377.0,,raw
2024-10-30,69.83,76.0,68.03,70.01,,93853.0,,raw
2024-10-31,69.66,71.95,68.0,71.0,,49504.0,,raw
2024-11-01,72.42,72.45,69.04,69.88,,36510.0,,raw
2024-11-04,70.94,73.99,70.94,71.9,,38775.0,,raw
2024-11-05,71.44,74.77,71.02,72.43,,42630.0,,raw
2024-11-06,73.0,75.5,69.2,70.7,,43930.0,,raw
2024-11-07,70.29,77.4,69.75,75.55,,55199.0,,raw
2024-11-08,76.0,80.0,74.51,76.5,,38892.0,,raw
2024-11-11,77.0,78.6,74.4,75.26,,28801.0,,raw
2024-11-12,74.92,76.49,74.75,76.03,,21177.0,,raw
2024-11-13,75.2,76.01,72.19,73.94,,33324.0,,raw
2024-11-14,73.03,74.67,70.01,71.03,,22913.0,,raw
2024-11-15,70.78,72.39,64.01,64.79,,51525.0,,raw
2024-11-18,64.88,68.65,64.15,66.44,,52403.0,,raw
2024-11-19,66.6,69.0,64.0,68.3,,39330.0,,raw
2024-11-20,68.3,69.69,66.69,68.05,,27664.0,,raw
2024-11-21,68.03,69.85,66.76,68.35,,18567.0,,raw
2024-11-22,67.84,69.07,63.56,63.89,,33620.0,,raw
2024-11-25,64.08,65.19,62.0,65.06,,23751.0,,raw
2024-11-26,65.07,68.0,64.42,66.02,,27118.0,,raw
2024-11-27,66.02,67.67,63.5,67.58,,21374.0,,raw
2024-11-28,67.58,68.78,66.21,66.91,,16660.0,,raw
2024-11-29,66.7,76.28,66.37,74.65,,51770.0,,raw
2024-12-02,74.65,77.07,73.1,75.1,,33461.0,,raw
2024-12-03,75.58,77.91,74.37,76.99,,30210.0,,raw
2024-12-04,75.97,80.75,75.25,77.49,,34864.0,,raw
2024-12-05,76.5,77.38,71.81,72.28,,32181.0,,raw
2024-12-06,72.42,74.0,71.47,73.4,,21414.0,,raw
2024-12-09,73.11,74.39,71.59,71.94,,15313.0,,raw
2024-12-10,76.66,83.15,73.01,80.71,,45136.0,,raw
2024-12-11,80.42,82.67,78.0,81.8,,29308.0,,raw
2024-12-12,81.8,82.81,78.52,81.67,,23173.0,,raw
2024-12-13,81.15,83.8,79.01,79.8,,21251.0,,raw
2024-12-16,79.45,80.9,75.5,79.22,,29874.0,,raw
2024-12-17,78.9,79.19,72.6,72.96,,30164.0,,raw
2024-12-18,73.1,73.48,70.18,71.59,,16881.0,,raw
2024-12-19,70.2,72.95,70.02,71.34,,19210.0,,raw
2024-12-20,71.6,74.77,70.6,73.81,,25080.0,,raw
2024-12-23,73.81,79.47,73.81,75.71,,25509.0,,raw
2024-12-24,75.5,77.77,74.51,76.75,,14166.0,,raw
2024-12-25,76.31,78.0,73.23,73.73,,14560.0,,raw
2024-12-26,73.32,76.42,73.17,73.73,,13894.0,,raw
2024-12-27,73.43,78.88,73.43,76.95,,22426.0,,raw
2024-12-30,76.52,78.77,76.07,76.93,,11447.0,,raw
2024-12-31,76.52,84.0,76.51,80.41,,34188.0,,raw
2025-01-02,79.61,84.43,78.02,79.39,,28954.0,,raw
2025-01-03,79.0,82.3,77.5,78.13,,28142.0,,raw
2025-01-06,78.06,80.79,76.0,78.06,,22331.0,,raw
2025-01-07,78.2,78.48,73.75,76.3,,25229.0,,raw
2025-01-08,76.5,80.4,75.21,79.12,,21673.0,,raw
2025-01-09,78.01,80.85,77.33,78.28,,15154.0,,raw
2025-01-10,78.5,79.97,76.83,79.2,,17703.0,,raw
2025-01-13,77.7,81.67,76.5,77.35,,17083.0,,raw
2025-01-14,76.99,83.9,76.59,82.89,,31472.0,,raw
2025-01-15,83.14,87.66,81.03,87.2,,26878.0,,raw
2025-01-16,88.35,88.7,85.7,87.5,,20855.0,,raw
2025-01-17,88.26,90.79,85.1,90.51,,21438.0,,raw
2025-01-20,90.51,91.13,88.5,89.9,,13668.0,,raw
2025-01-21,90.0,99.99,88.3,97.4,,29741.0,,raw
2025-01-22,97.78,99.35,95.5,99.0,,17334.0,,raw
2025-01-23,99.64,108.0,99.0,105.49,,33479.0,,raw
2025-01-24,105.0,107.5,98.7,100.79,,43128.0,,raw
2025-01-27,98.01,104.04,97.0,102.8,,42614.0,,raw
2025-02-05,101.0,102.63,93.01,97.7,,35643.0,,raw
2025-02-06,96.19,99.27,95.49,97.99,,20467.0,,raw
2025-02-07,97.12,99.3,95.44,98.5,,24033.0,,raw
2025-02-10,98.86,100.43,96.21,99.13,,13656.0,,raw
2025-02-11,98.9,100.9,96.97,97.55,,14943.0,,raw
2025-02-12,97.2,99.18,96.03,99.05,,13267.0,,raw
2025-02-13,99.04,100.13,96.58,97.55,,11814.0,,raw
2025-02-14,97.0,98.0,93.58,96.8,,20747.0,,raw
2025-02-17,95.15,97.2,94.51,96.7,,14065.0,,raw
2025-02-18,96.99,102.32,93.8,94.28,,28308.0,,raw
2025-02-19,94.26,96.17,92.5,94.65,,16463.0,,raw
2025-02-20,95.78,97.0,93.8,95.37,,11880.0,,raw
2025-02-21,95.36,96.49,92.05,94.2,,21879.0,,raw
2025-02-24,94.2,95.99,92.05,92.2,,17563.0,,raw
2025-02-25,91.87,93.42,89.6,92.65,,16563.0,,raw
2025-02-26,92.46,95.0,91.52,92.94,,13992.0,,raw
2025-02-27,92.94,97.56,92.17,94.16,,20764.0,,raw
2025-02-28,95.0,96.98,93.37,93.37,,17638.0,,raw
2025-03-03,95.23,99.38,93.58,95.85,,24566.0,,raw
2025-03-04,86.19,91.0,85.0,88.43,,63748.0,,raw
2025-03-05,89.0,93.55,88.62,92.41,,30422.0,,raw
2025-03-06,91.95,96.0,90.23,93.2,,23186.0,,raw
2025-03-07,93.19,94.56,85.05,86.89,,44874.0,,raw
2025-03-10,87.26,88.11,83.2,86.64,,25866.0,,raw
2025-03-11,85.3,87.22,78.0,80.94,,63293.0,,raw
2025-03-12,81.51,81.7,77.5,79.56,,41360.0,,raw
2025-03-13,79.16,84.0,79.15,83.42,,39505.0,,raw
2025-03-14,83.6,86.48,82.7,84.45,,34436.0,,raw
2025-03-17,84.26,86.0,81.5,82.03,,35786.0,,raw
2025-03-18,82.22,82.89,80.28,81.9,,19633.0,,raw
2025-03-19,81.85,84.26,81.6,82.63,,19235.0,,raw
2025-03-20,82.18,82.69,80.65,81.42,,10232.0,,raw
2025-03-21,81.18,83.16,80.55,80.55,,20652.0,,raw
2025-03-24,82.0,88.5,80.9,87.72,,44340.0,,raw
2025-03-25,87.77,90.38,86.5,89.47,,33133.0,,raw
2025-03-26,88.78,92.49,88.01,90.35,,25423.0,,raw
2025-03-27,90.37,95.88,90.37,92.8,,27848.0,,raw
2025-03-28,92.79,94.49,90.98,91.89,,14741.0,,raw
2025-03-31,91.1,92.8,89.4,90.13,,17981.0,,raw
2025-04-01,90.11,95.5,89.25,94.5,,21884.0,,raw
2025-04-02,94.92,101.53,94.27,99.92,,28964.0,,raw
2025-04-03,99.7,103.85,97.6,102.62,,21902.0,,raw
2025-04-07,97.38,107.79,93.0,96.58,,34342.0,,raw
2025-04-08,96.98,101.6,95.0,100.6,,40367.0,,raw
2025-04-09,98.54,100.88,94.33,99.77,,30131.0,,raw
2025-04-10,99.75,109.28,98.0,107.0,,31178.0,,raw
2025-04-11,106.61,111.0,105.2,108.76,,20821.0,,raw
2025-04-14,110.5,115.49,107.43,108.3,,30653.0,,raw
2025-04-15,108.64,116.6,108.64,113.0,,36053.0,,raw
2025-04-16,113.2,116.22,110.21,114.26,,25563.0,,raw
2025-04-17,114.14,115.99,111.66,114.36,,20863.0,,raw
2025-04-18,114.4,117.96,110.2,112.9,,22720.0,,raw
2025-04-21,115.94,135.48,113.17,135.48,,57136.0,,raw
2025-04-22,133.41,136.53,129.89,130.49,,41198.0,,raw
2025-04-23,131.2,132.98,128.01,128.35,,27527.0,,raw
2025-04-24,128.52,141.0,127.98,138.53,,42583.0,,raw
2025-04-25,140.67,142.95,135.98,138.0,,33258.0,,raw
2025-04-28,140.02,144.81,136.26,138.85,,34065.0,,raw
2025-04-29,147.35,153.0,133.97,147.0,,66553.0,,raw
2025-04-30,146.79,171.0,146.79,164.75,,61895.0,,raw
2025-05-06,167.0,167.88,150.5,155.21,,53091.0,,raw
2025-05-07,155.21,163.78,153.21,160.49,,40328.0,,raw
2025-05-08,159.27,159.76,147.0,150.03,,53134.0,,raw
2025-05-09,146.41,153.9,146.0,153.01,,28492.0,,raw
2025-05-12,149.95,153.36,149.01,151.2,,24712.0,,raw
2025-05-13,151.2,156.88,147.84,155.79,,26733.0,,raw
2025-05-14,155.0,160.5,154.06,156.59,,25719.0,,raw
2025-05-15,155.96,159.72,154.01,156.23,,20178.0,,raw
2025-05-16,154.42,155.98,148.0,151.93,,24905.0,,raw
2025-05-19,151.99,158.76,148.69,155.99,,27176.0,,raw
2025-05-20,156.99,168.86,154.82,164.46,,39486.0,,raw
2025-05-21,164.48,168.5,162.2,164.99,,22894.0,,raw
2025-05-22,165.24,170.83,163.0,163.81,,24304.0,,raw
2025-05-23,163.81,165.59,154.99,155.5,,32967.0,,raw
2025-05-26,159.0,165.0,156.27,159.85,,27924.0,,raw
2025-05-27,159.86,160.05,154.01,156.96,,19079.0,,raw
2025-05-28,156.95,157.5,152.06,155.17,,15401.0,,raw
2025-05-29,156.5,156.57,152.69,155.17,,14225.0,,raw
2025-05-30,155.0,162.6,154.19,161.0,,19880.0,,raw
2025-06-03,163.85,186.0,159.18,183.82,,47183.0,,raw
2025-06-04,182.99,199.13,179.84,196.0,,30984.0,,raw
2025-06-05,195.04,199.9,187.0,192.06,,43079.0,,raw
2025-06-06,186.52,187.99,178.51,184.47,,28553.0,,raw
2025-06-09,185.0,188.0,182.5,184.34,,16369.0,,raw
2025-06-10,185.2,188.2,183.0,183.38,,18417.0,,raw
2025-06-11,183.47,190.5,182.71,188.0,,17323.0,,raw
2025-06-12,189.28,195.0,185.2,194.46,,26454.0,,raw
2025-06-13,195.53,196.5,181.55,184.06,,44162.0,,raw
2025-06-16,184.1,186.19,178.1,183.25,,19120.0,,raw
2025-06-17,184.19,185.1,172.01,172.73,,30174.0,,raw
2025-06-18,172.37,176.19,171.28,173.66,,14538.0,,raw
2025-06-19,173.01,174.59,168.2,171.92,,19776.0,,raw
2025-06-20,174.94,174.94,167.19,169.8,,13544.0,,raw
2025-06-23,169.69,172.04,165.2,172.0,,16996.0,,raw
2025-06-24,172.08,172.77,169.5,171.9,,14232.0,,raw
2025-06-25,171.93,174.62,170.01,172.2,,14250.0,,raw
2025-06-26,171.47,177.64,169.5,171.97,,16378.0,,raw
2025-06-27,170.34,171.99,168.5,170.3,,11266.0,,raw
2025-06-30,171.01,183.29,170.31,180.24,,27117.0,,raw
2025-07-01,181.21,188.72,180.01,186.85,,16753.0,,raw
2025-07-02,187.5,189.0,166.18,168.67,,36589.0,,raw
2025-07-03,166.99,167.79,159.8,164.2,,37881.0,,raw
2025-07-04,163.0,164.77,161.8,162.77,,14485.0,,raw
2025-07-07,158.67,166.98,155.12,165.0,,27631.0,,raw
2025-07-08,165.0,165.31,160.59,164.64,,14876.0,,raw
2025-07-09,164.52,169.56,163.17,168.01,,14385.0,,raw
2025-07-10,168.0,168.0,161.95,164.62,,11640.0,,raw
2025-07-11,162.0,166.58,161.32,165.05,,15094.0,,raw
2025-07-14,163.93,164.79,159.43,162.5,,15142.0,,raw
2025-07-15,162.36,163.79,157.0,157.79,,20287.0,,raw
2025-07-16,157.29,158.97,148.29,154.67,,35145.0,,raw
2025-07-17,154.5,156.01,150.66,152.15,,19487.0,,raw
2025-07-18,152.0,156.8,152.0,153.58,,15917.0,,raw
2025-07-21,152.19,156.07,150.58,151.23,,15236.0,,raw
2025-07-22,150.45,155.29,149.98,152.0,,14725.0,,raw
2025-07-23,152.22,153.41,150.25,150.93,,12512.0,,raw
2025-07-24,150.31,152.57,150.01,151.16,,9452.0,,raw
2025-07-25,151.17,157.0,149.7,150.76,,16731.0,,raw
2025-07-28,150.7,152.53,146.52,146.61,,20992.0,,raw
2025-07-29,147.06,147.06,142.21,145.55,,37442.0,,raw
2025-07-30,144.76,150.61,141.18,146.46,,29954.0,,raw
2025-07-31,145.62,147.47,144.0,144.75,,19660.0,,raw
2025-08-01,144.3,149.11,141.49,144.65,,17982.0,,raw
2025-08-04,143.07,147.8,142.79,146.02,,17951.0,,raw
2025-08-05,146.02,148.79,145.01,145.78,,17215.0,,raw
2025-08-06,145.4,149.3,141.0,147.56,,26968.0,,raw
2025-08-07,148.0,161.75,147.85,160.01,,48304.0,,raw
2025-08-08,162.9,164.01,156.0,160.37,,28061.0,,raw
2025-08-11,159.92,166.29,158.23,161.75,,24956.0,,raw
2025-08-12,172.28,180.87,162.02,163.01,,58869.0,,raw
2025-08-13,162.29,166.24,150.6,151.6,,51795.0,,raw
2025-08-14,150.54,153.58,148.2,150.65,,23303.0,,raw
2025-08-15,150.28,157.2,149.0,154.74,,21013.0,,raw
2025-08-18,154.53,157.48,153.2,155.54,,20503.0,,raw
2025-08-19,154.4,161.55,154.05,158.65,,20785.0,,raw
2025-08-20,157.03,159.18,153.19,156.38,,16184.0,,raw
2025-08-21,155.99,156.75,151.5,152.4,,17347.0,,raw
2025-08-22,152.4,153.81,148.0,150.11,,25525.0,,raw
2025-08-25,150.56,165.24,148.93,164.21,,39178.0,,raw
2025-08-26,164.33,169.56,164.02,164.15,,22202.0,,raw
2025-08-27,166.02,171.82,163.68,167.54,,26633.0,,raw
2025-08-28,166.65,177.1,166.65,176.5,,38443.0,,raw
2025-08-29,181.0,211.8,181.0,211.8,,87219.0,,raw
2025-09-01,206.0,214.93,197.06,204.7,,65511.0,,raw
2025-09-02,202.64,205.0,193.33,199.53,,39799.0,,raw
2025-09-03,199.02,205.63,196.0,198.52,,33239.0,,raw
2025-09-04,196.14,197.9,182.73,190.36,,40273.0,,raw
2025-09-05,189.67,195.45,185.23,192.19,,29362.0,,raw
2025-09-08,192.17,200.42,189.5,193.49,,38807.0,,raw
2025-09-09,193.0,194.35,180.0,181.6,,36138.0,,raw
2025-09-10,179.49,184.5,173.7,177.45,,42915.0,,raw
2025-09-11,176.73,178.57,168.46,171.9,,44447.0,,raw
2025-09-12,171.95,175.59,170.31,170.45,,27129.0,,raw
2025-09-15,170.99,171.64,166.71,167.5,,26657.0,,raw
2025-09-16,167.3,174.27,166.18,173.03,,35531.0,,raw
2025-09-17,172.67,176.8,171.3,171.68,,29301.0,,raw
2025-09-18,170.52,174.99,169.02,170.06,,24929.0,,raw
2025-09-19,169.51,171.8,168.31,171.55,,16858.0,,raw
2025-09-22,171.55,172.48,167.5,169.02,,18294.0,,raw
2025-09-23,168.0,171.03,164.76,168.43,,18559.0,,raw
2025-09-24,169.2,175.99,168.4,172.18,,26725.0,,raw
2025-09-25,170.7,175.38,169.28,174.24,,24037.0,,raw
2025-09-26,177.0,180.6,173.08,174.99,,26130.0,,raw
2025-09-29,175.25,178.88,172.45,174.82,,16061.0,,raw
2025-09-30,174.82,181.68,171.82,181.5,,25311.0,,raw
2025-10-09,182.86,182.86,173.15,180.61,,25126.0,,raw
2025-10-10,180.61,193.0,179.58,185.94,,30642.0,,raw
2025-10-13,181.1,187.0,176.3,178.99,,24131.0,,raw
2025-10-14,178.63,179.88,173.02,173.54,,23806.0,,raw
2025-10-15,174.04,192.5,174.04,192.0,,33436.0,,raw
2025-10-16,189.04,199.0,189.0,192.98,,29036.0,,raw
2025-10-17,195.0,201.2,190.59,195.54,,25238.0,,raw
2025-10-20,196.0,199.0,190.5,193.12,,21898.0,,raw
2025-10-21,193.12,200.25,188.01,198.95,,28126.0,,raw
2025-10-22,202.28,203.0,176.7,177.34,,54154.0,,raw
2025-10-23,176.0,185.0,174.17,177.69,,32960.0,,raw
2025-10-24,179.38,179.9,170.0,173.53,,38176.0,,raw
2025-10-27,173.0,178.5,172.56,174.3,,23955.0,,raw
2025-10-28,174.0,181.5,173.06,179.5,,21004.0,,raw
2025-10-29,179.66,180.07,170.5,175.5,,23163.0,,raw
2025-10-30,173.22,176.8,173.22,174.91,,14900.0,,raw
2025-10-31,173.63,180.58,173.38,176.78,,25497.0,,raw
2025-11-03,176.18,186.5,174.9,183.88,,33124.0,,raw
2025-11-04,182.97,184.89,178.7,180.61,,14294.0,,raw
2025-11-05,179.12,180.58,175.26,177.5,,16101.0,,raw
2025-11-06,177.0,179.99,174.6,179.46,,12565.0,,raw
2025-11-07,178.89,187.2,176.68,180.68,,19358.0,,raw
2025-11-10,179.99,188.6,174.37,187.49,,31499.0,,raw
2025-11-11,184.53,188.5,183.0,186.0,,21895.0,,raw
2025-11-12,185.52,193.7,184.08,187.59,,27415.0,,raw
2025-11-13,187.13,188.0,182.0,183.88,,19118.0,,raw
2025-11-14,182.84,186.0,177.95,178.1,,15662.0,,raw
2025-11-17,178.63,183.57,176.43,180.77,,14368.0,,raw
2025-11-18,179.85,180.76,173.45,174.91,,13756.0,,raw
2025-11-19,174.75,176.95,172.15,173.6,,11639.0,,raw
2025-11-20,173.61,175.7,167.25,168.22,,18345.0,,raw
2025-11-21,169.0,170.97,166.11,166.61,,15207.0,,raw
2025-11-24,166.61,169.47,166.1,167.77,,13902.0,,raw
2025-11-25,169.0,172.0,167.21,168.41,,9629.0,,raw
2025-11-26,168.75,171.88,168.0,171.5,,8874.0,,raw
2025-11-27,171.76,175.33,170.2,173.24,,10241.0,,raw
2025-11-28,171.97,179.31,171.88,178.52,,14546.0,,raw
2025-12-01,182.07,189.59,180.03,185.21,,24642.0,,raw
2025-12-02,185.33,188.0,183.82,186.94,,14368.0,,raw
2025-12-03,186.01,187.41,181.1,182.43,,12661.0,,raw
2025-12-04,182.39,182.41,176.0,179.8,,10220.0,,raw
2025-12-05,179.8,185.0,178.5,181.69,,14069.0,,raw
2025-12-08,182.11,182.57,179.0,181.0,,14233.0,,raw
2025-12-09,181.0,184.0,178.41,179.61,,12132.0,,raw
2025-12-10,183.8,185.78,179.0,179.23,,13429.0,,raw
2025-12-11,172.0,179.99,171.0,178.87,,16920.0,,raw
2025-12-12,176.95,179.77,172.0,177.88,,51447.0,,raw
2025-12-15,176.81,179.8,174.33,178.5,,21221.0,,raw
2025-12-16,177.0,182.78,177.0,178.5,,14523.0,,raw
2025-12-17,177.42,189.85,177.0,188.0,,29380.0,,raw
2025-12-18,188.0,195.0,186.03,187.82,,24324.0,,raw
2025-12-19,188.62,196.6,187.01,192.99,,25548.0,,raw
2025-12-22,190.0,195.0,185.52,192.44,,20317.0,,raw
2025-12-23,194.8,198.99,191.63,194.21,,16538.0,,raw
2025-12-24,193.16,198.7,193.0,196.72,,13199.0,,raw
2025-12-25,197.0,202.0,195.7,199.13,,14812.0,,raw
2025-12-26,200.01,205.87,196.67,202.4,,15882.0,,raw
2025-12-29,202.0,209.4,199.0,204.25,,14798.0,,raw
2025-12-30,204.0,204.59,199.5,200.66,,12506.0,,raw
2025-12-31,200.6,206.49,200.05,201.07,,11972.0,,raw
