trade_date,open,high,low,close,adj_close,volume,amount,price_type
2015-01-05,4.201,4.291,3.991,4.171,4.171,2849420.0,,adjusted
2015-01-06,4.171,4.171,3.891,3.991,3.991,2944602.0,,adjusted
2015-01-07,4.011,4.161,4.001,4.091,4.091,1969431.0,,adjusted
2015-01-08,4.081,4.081,3.791,3.841,3.841,1924707.0,,adjusted
2015-01-09,3.811,3.951,3.741,3.751,3.751,1907003.0,,adjusted
2015-01-12,3.671,3.671,3.371,3.431,3.431,1888081.0,,adjusted
2015-01-13,3.441,3.511,3.421,3.461,3.461,891527.0,,adjusted
2015-01-14,3.461,3.501,3.291,3.361,3.361,963579.0,,adjusted
2015-01-15,3.371,3.591,3.341,3.581,3.581,1283039.0,,adjusted
2015-01-16,3.601,3.711,3.541,3.611,3.611,1211336.0,,adjusted
2015-01-19,3.221,3.401,2.951,3.001,3.001,2259173.0,,adjusted
2015-01-20,2.981,3.121,2.931,3.051,3.051,1533244.0,,adjusted
2015-01-21,3.061,3.281,2.991,3.261,3.261,1732854.0,,adjusted
2015-01-22,3.241,3.361,3.191,3.311,3.311,1526840.0,,adjusted
2015-01-23,3.291,3.371,3.161,3.211,3.211,1328867.0,,adjusted
2015-01-26,3.231,3.321,3.221,3.311,3.311,997412.0,,adjusted
2015-01-27,3.321,3.431,3.261,3.391,3.391,1594185.0,,adjusted
2015-01-28,3.371,3.391,3.241,3.261,3.261,960027.0,,adjusted
2015-01-29,3.211,3.271,3.151,3.171,3.171,948556.0,,adjusted
2015-01-30,3.201,3.251,3.141,3.161,3.161,980843.0,,adjusted
2015-02-02,3.101,3.161,3.051,3.071,3.071,672144.0,,adjusted
2015-02-03,3.101,3.171,3.061,3.161,3.161,601743.0,,adjusted
2015-02-04,3.171,3.211,3.121,3.121,3.121,633100.0,,adjusted
2015-02-05,3.221,3.241,3.061,3.061,3.061,869550.0,,adjusted
2015-02-06,3.031,3.061,2.821,2.871,2.871,968720.0,,adjusted
2015-02-09,2.871,2.901,2.801,2.841,2.841,506585.0,,adjusted
2015-02-10,2.841,2.991,2.831,2.941,2.941,554084.0,,adjusted
2015-02-11,2.961,3.071,2.941,3.011,3.011,609601.0,,adjusted
2015-02-12,3.021,3.111,2.951,3.041,3.041,639726.0,,adjusted
2015-02-13,3.071,3.151,3.051,3.091,3.091,711574.0,,adjusted
2015-02-16,3.091,3.161,3.091,3.111,3.111,485400.0,,adjusted
2015-02-17,3.131,3.151,3.111,3.121,3.121,470434.0,,adjusted
2015-02-25,3.141,3.161,3.051,3.071,3.071,596155.0,,adjusted
2015-02-26,3.071,3.371,3.061,3.371,3.371,1874199.0,,adjusted
2015-02-27,3.331,3.351,3.271,3.301,3.301,1070753.0,,adjusted
2015-03-02,3.341,3.501,3.301,3.391,3.391,1367334.0,,adjusted
2015-03-03,3.361,3.361,3.201,3.211,3.211,1203534.0,,adjusted
2015-03-04,3.231,3.371,3.201,3.311,3.311,991053.0,,adjusted
2015-03-05,3.271,3.311,3.211,3.291,3.291,883122.0,,adjusted
2015-03-06,3.291,3.321,3.241,3.261,3.261,666859.0,,adjusted
2015-03-09,3.231,3.321,3.151,3.321,3.321,966717.0,,adjusted
2015-03-10,3.301,3.361,3.281,3.301,3.301,850397.0,,adjusted
2015-03-11,3.301,3.351,3.241,3.261,3.261,815556.0,,adjusted
2015-03-12,3.261,3.321,3.221,3.291,3.291,796849.0,,adjusted
2015-03-13,3.321,3.391,3.301,3.341,3.341,1118812.0,,adjusted
2015-03-16,3.361,3.441,3.351,3.441,3.441,1422700.0,,adjusted
2015-03-17,3.461,3.771,3.461,3.631,3.631,2690851.0,,adjusted
2015-03-18,3.641,3.751,3.601,3.721,3.721,2073723.0,,adjusted
2015-03-19,3.731,3.941,3.661,3.801,3.801,2373143.0,,adjusted
2015-03-20,3.811,3.841,3.691,3.741,3.741,1752914.0,,adjusted
2015-03-23,3.791,3.881,3.751,3.841,3.841,2110953.0,,adjusted
2015-03-24,3.861,3.881,3.591,3.741,3.741,2509133.0,,adjusted
2015-03-25,3.731,3.921,3.661,3.841,3.841,2369494.0,,adjusted
2015-03-26,3.841,4.101,3.791,3.941,3.941,2883816.0,,adjusted
2015-03-27,3.971,4.021,3.861,3.911,3.911,1870660.94,,adjusted
2015-03-30,4.021,4.601,3.981,4.601,4.601,4976443.0,,adjusted
2015-03-31,4.841,4.841,4.341,4.361,4.361,5722010.0,,adjusted
2015-04-01,4.361,4.591,4.341,4.501,4.501,2702357.0,,adjusted
2015-04-02,4.511,4.531,4.331,4.441,4.441,2243650.0,,adjusted
2015-04-03,4.441,4.611,4.421,4.511,4.511,2408112.0,,adjusted
2015-04-07,4.651,5.001,4.651,4.771,4.771,3322639.0,,adjusted
2015-04-08,4.791,4.891,4.651,4.791,4.791,2969182.0,,adjusted
2015-04-09,4.811,4.841,4.391,4.511,4.511,2841948.0,,adjusted
2015-04-10,4.491,4.591,4.421,4.571,4.571,1929425.0,,adjusted
2015-04-13,4.591,4.801,4.521,4.741,4.741,3155858.0,,adjusted
2015-04-14,4.751,5.081,4.651,4.901,4.901,3716042.0,,adjusted
2015-04-15,4.781,4.781,4.451,4.521,4.521,3173733.0,,adjusted
2015-04-16,4.411,4.721,4.291,4.611,4.611,2389853.0,,adjusted
2015-04-17,4.651,5.281,4.621,5.031,5.031,5776143.0,,adjusted
2015-04-20,4.861,5.641,4.751,5.151,5.151,6498947.0,,adjusted
2015-04-21,5.131,5.211,4.901,5.201,5.201,3160893.0,,adjusted
2015-04-22,5.241,5.481,5.181,5.351,5.351,3398946.0,,adjusted
2015-04-23,5.371,5.431,5.191,5.311,5.311,3154514.0,,adjusted
2015-04-24,5.181,5.221,4.981,5.101,5.101,2791052.0,,adjusted
2015-04-27,5.421,5.421,5.141,5.371,5.371,3930240.0,,adjusted
2015-04-28,5.291,5.381,4.941,5.031,5.031,2967132.0,,adjusted
2015-04-29,4.991,5.161,4.841,5.041,5.041,2208794.0,,adjusted
2015-04-30,5.031,5.101,4.901,4.901,4.901,1901620.0,,adjusted
2015-05-04,4.921,5.121,4.911,5.021,5.021,1894719.0,,adjusted
2015-05-05,5.021,5.041,4.401,4.471,4.471,2839152.0,,adjusted
2015-05-06,4.491,4.691,4.171,4.221,4.221,2093137.0,,adjusted
2015-05-07,4.211,4.321,4.111,4.121,4.121,1493662.0,,adjusted
2015-05-08,4.231,4.301,4.121,4.301,4.301,1351253.0,,adjusted
2015-05-11,4.391,4.701,4.261,4.641,4.641,2421559.0,,adjusted
2015-05-12,4.591,4.681,4.551,4.621,4.621,1695336.0,,adjusted
2015-05-13,4.661,5.001,4.621,4.711,4.711,2570257.0,,adjusted
2015-05-14,4.711,4.711,4.471,4.571,4.571,1589206.0,,adjusted
2015-05-15,4.631,4.741,4.381,4.561,4.561,2125106.0,,adjusted
2015-05-18,4.571,4.671,4.451,4.461,4.461,1574037.0,,adjusted
2015-05-19,4.501,4.931,4.501,4.751,4.751,2612502.0,,adjusted
2015-05-20,4.761,4.871,4.691,4.731,4.731,2593430.0,,adjusted
2015-05-21,4.731,5.231,4.601,5.141,5.141,4133613.0,,adjusted
2015-05-22,5.211,5.261,4.991,5.151,5.151,3978732.0,,adjusted
2015-05-25,5.111,5.501,5.061,5.371,5.371,4013949.0,,adjusted
2015-05-26,5.471,5.601,5.241,5.511,5.511,4707613.0,,adjusted
2015-05-27,5.521,5.891,5.261,5.761,5.761,5673515.0,,adjusted
2015-05-28,5.841,6.631,5.541,5.691,5.691,8597857.0,,adjusted
2015-05-29,5.841,6.161,5.191,5.971,5.971,6700627.0,,adjusted
2015-06-02,6.861,6.861,6.861,6.861,6.861,295433.0,,adjusted
2015-06-03,7.841,7.841,6.911,7.421,7.421,8285642.0,,adjusted
2015-06-04,7.131,7.271,6.431,7.171,7.171,4562836.0,,adjusted
2015-06-05,7.241,7.381,6.941,7.151,7.151,4527813.0,,adjusted
2015-06-08,7.231,7.391,7.141,7.261,7.261,4160434.0,,adjusted
2015-06-09,7.311,7.351,6.961,7.051,7.051,3228036.0,,adjusted
2015-06-10,7.011,7.161,6.771,7.001,7.001,2445954.0,,adjusted
2015-06-11,7.001,7.211,6.931,7.131,7.131,2790796.0,,adjusted
2015-06-12,7.151,7.821,6.941,7.361,7.361,4903297.0,,adjusted
2015-06-15,7.241,7.291,7.001,7.021,7.021,2998405.0,,adjusted
2015-06-16,6.951,7.001,6.341,6.471,6.471,2518017.0,,adjusted
2015-06-17,6.401,6.601,6.041,6.541,6.541,2354731.0,,adjusted
2015-06-18,6.471,6.631,6.141,6.181,6.181,1787493.0,,adjusted
2015-06-19,6.051,6.161,5.341,5.371,5.371,2048980.0,,adjusted
2015-06-23,5.401,5.641,4.891,5.631,5.631,2197959.0,,adjusted
2015-06-24,5.721,5.911,5.631,5.881,5.881,2197916.0,,adjusted
2015-06-25,5.911,6.281,5.551,5.761,5.761,2526359.0,,adjusted
2015-06-26,5.541,5.761,4.891,5.001,5.001,2689279.0,,adjusted
2015-06-29,5.291,5.391,4.211,4.621,4.621,2831721.0,,adjusted
2015-06-30,4.641,5.191,4.201,5.151,5.151,2784956.0,,adjusted
2015-07-01,5.121,5.251,4.511,4.631,4.631,2199501.0,,adjusted
2015-07-02,4.721,4.831,4.011,4.111,4.111,2208133.0,,adjusted
2015-07-03,4.021,4.181,3.401,3.401,3.401,2508041.0,,adjusted
2015-07-06,3.991,3.991,3.051,3.481,3.481,2517470.0,,adjusted
2015-07-07,3.261,3.481,2.841,3.031,3.031,3073331.0,,adjusted
2015-07-08,2.451,2.631,2.431,2.431,2.431,3384475.0,,adjusted
2015-07-09,2.431,2.971,2.041,2.971,2.971,3217081.0,,adjusted
2015-07-10,3.091,3.561,3.031,3.561,3.561,3093601.0,,adjusted
2015-07-13,3.721,4.211,3.541,4.211,4.211,4330760.0,,adjusted
2015-07-14,3.951,4.341,3.651,3.751,3.751,3535558.0,,adjusted
2015-07-15,3.551,3.641,3.081,3.081,3.081,2375732.0,,adjusted
2015-07-16,3.081,3.391,2.811,3.201,3.201,1858685.0,,adjusted
2015-07-17,3.221,3.621,3.201,3.531,3.531,1857842.0,,adjusted
2015-07-20,3.521,3.691,3.401,3.531,3.531,1943455.0,,adjusted
2015-07-21,3.431,3.661,3.371,3.581,3.581,1537239.0,,adjusted
2015-07-22,3.581,3.651,3.401,3.581,3.581,1560136.0,,adjusted
2015-07-23,3.561,3.811,3.501,3.771,3.771,2212097.0,,adjusted
2015-07-24,3.741,3.951,3.541,3.591,3.591,2404433.0,,adjusted
2015-07-27,3.381,3.481,2.941,2.941,2.941,2163593.0,,adjusted
2015-07-28,2.791,2.971,2.421,2.891,2.891,1915266.0,,adjusted
2015-07-29,2.941,3.171,2.841,3.151,3.151,1305769.0,,adjusted
2015-07-30,3.111,3.261,2.891,2.911,2.911,1306709.0,,adjusted
2015-07-31,2.791,3.071,2.791,3.031,3.031,1008253.0,,adjusted
2015-08-03,2.941,3.431,2.921,3.431,3.431,1843018.0,,adjusted
2015-08-04,3.391,3.631,3.391,3.581,3.581,1610255.0,,adjusted
2015-08-05,3.541,4.141,3.481,3.651,3.651,2330646.0,,adjusted
2015-08-06,3.491,3.641,3.421,3.451,3.451,942203.0,,adjusted
2015-08-07,3.541,3.641,3.501,3.561,3.561,838003.0,,adjusted
2015-08-10,3.621,3.941,3.591,3.861,3.861,1665874.0,,adjusted
2015-08-11,4.351,4.541,4.171,4.541,4.541,6132197.0,,adjusted
2015-08-12,4.481,4.551,4.241,4.291,4.291,4313957.0,,adjusted
2015-08-13,4.201,4.691,4.121,4.601,4.601,3721952.0,,adjusted
2015-08-14,4.601,4.671,4.391,4.451,4.451,2907872.0,,adjusted
2015-08-17,4.481,4.731,4.411,4.551,4.551,2554808.0,,adjusted
2015-08-18,4.581,4.641,3.801,3.801,3.801,2928492.0,,adjusted
2015-08-19,3.581,4.081,3.301,4.001,4.001,2063104.0,,adjusted
2015-08-20,3.881,3.981,3.671,3.711,3.711,1344338.0,,adjusted
2015-08-21,3.591,3.701,3.271,3.341,3.341,1230776.0,,adjusted
2015-08-24,3.141,3.171,2.721,2.721,2.721,1350883.0,,adjusted
2015-08-25,2.181,2.451,2.161,2.161,2.161,1243136.0,,adjusted
2015-08-26,2.291,2.441,1.991,2.091,2.091,1628661.0,,adjusted
2015-08-27,2.121,2.341,2.091,2.341,2.341,1180800.0,,adjusted
2015-08-28,2.441,2.761,2.381,2.731,2.731,1529248.0,,adjusted
2015-08-31,2.591,2.841,2.391,2.841,2.841,1500651.0,,adjusted
2015-09-01,2.691,2.941,2.401,2.841,2.841,1670890.0,,adjusted
2015-09-02,2.591,2.851,2.441,2.441,2.441,843382.0,,adjusted
2015-09-07,2.541,2.731,2.441,2.481,2.481,703535.0,,adjusted
2015-09-08,2.451,2.681,2.361,2.661,2.661,632084.0,,adjusted
2015-09-09,2.701,2.871,2.661,2.781,2.781,1053885.0,,adjusted
2015-09-10,2.691,2.731,2.591,2.601,2.601,623108.0,,adjusted
2015-09-11,2.601,2.671,2.531,2.611,2.611,474322.0,,adjusted
2015-09-14,2.751,2.821,2.191,2.311,2.311,1080026.0,,adjusted
2015-09-15,2.171,2.281,1.911,1.971,1.971,1040456.0,,adjusted
2015-09-16,2.001,2.451,1.961,2.371,2.371,961379.0,,adjusted
2015-09-17,2.351,2.571,2.211,2.221,2.221,1101728.0,,adjusted
2015-09-18,2.241,2.321,2.201,2.271,2.271,550444.0,,adjusted
2015-09-21,2.221,2.411,2.191,2.381,2.381,677448.0,,adjusted
2015-09-22,2.381,2.461,2.341,2.391,2.391,732976.0,,adjusted
2015-09-23,2.301,2.361,2.221,2.241,2.241,608468.0,,adjusted
2015-09-24,2.251,2.341,2.241,2.281,2.281,393166.0,,adjusted
2015-09-25,2.261,2.311,2.101,2.131,2.131,577521.0,,adjusted
2015-09-28,2.141,2.171,2.101,2.161,2.161,360464.0,,adjusted
2015-09-29,2.101,2.111,2.001,2.041,2.041,417389.0,,adjusted
2015-09-30,2.071,2.121,2.051,2.081,2.081,278707.0,,adjusted
2015-10-08,2.241,2.301,2.191,2.231,2.231,561175.0,,adjusted
2015-10-09,2.231,2.381,2.221,2.311,2.311,688553.0,,adjusted
2015-10-12,2.311,2.581,2.291,2.511,2.511,1213904.0,,adjusted
2015-10-13,2.461,2.511,2.431,2.481,2.481,691815.0,,adjusted
2015-10-14,2.411,2.471,2.341,2.361,2.361,866809.0,,adjusted
2015-10-15,2.341,2.481,2.321,2.481,2.481,901818.0,,adjusted
2015-10-16,2.491,2.581,2.461,2.531,2.531,1281896.0,,adjusted
2015-10-19,2.551,2.571,2.421,2.471,2.471,997617.0,,adjusted
2015-10-20,2.471,2.571,2.451,2.571,2.571,1007023.0,,adjusted
2015-10-21,2.571,2.671,2.221,2.331,2.331,1511332.0,,adjusted
2015-10-22,2.291,2.401,2.251,2.391,2.391,995977.0,,adjusted
2015-10-23,2.401,2.441,2.331,2.421,2.421,955828.0,,adjusted
2015-10-26,2.501,2.641,2.431,2.511,2.511,1370721.0,,adjusted
2015-10-27,2.461,2.491,2.301,2.441,2.441,881202.0,,adjusted
2015-10-28,2.401,2.481,2.341,2.371,2.371,748060.0,,adjusted
2015-10-29,2.391,2.431,2.331,2.361,2.361,602525.0,,adjusted
2015-10-30,2.361,2.371,2.281,2.321,2.321,545278.0,,adjusted
2015-11-02,2.261,2.471,2.221,2.281,2.281,692096.0,,adjusted
2015-11-03,2.301,2.341,2.261,2.291,2.291,453371.0,,adjusted
2015-11-04,2.291,2.491,2.291,2.471,2.471,978752.0,,adjusted
2015-11-05,2.481,2.731,2.471,2.581,2.581,2177845.0,,adjusted
2015-11-06,2.571,2.661,2.541,2.621,2.621,1365666.0,,adjusted
2015-11-09,2.731,2.811,2.631,2.701,2.701,1682889.0,,adjusted
2015-11-10,2.691,2.751,2.621,2.701,2.701,1134592.0,,adjusted
2015-11-11,2.711,2.781,2.661,2.771,2.771,1097280.0,,adjusted
2015-11-12,2.791,2.811,2.641,2.681,2.681,976806.0,,adjusted
2015-11-13,2.621,2.651,2.541,2.541,2.541,813179.0,,adjusted
2015-11-16,2.481,2.581,2.441,2.581,2.581,552075.0,,adjusted
2015-11-17,2.611,2.721,2.591,2.611,2.611,970487.0,,adjusted
2015-11-18,2.611,2.721,2.551,2.621,2.621,904559.0,,adjusted
2015-11-19,2.631,2.691,2.601,2.681,2.681,703631.0,,adjusted
2015-11-20,2.671,2.811,2.651,2.741,2.741,1254982.0,,adjusted
2015-11-23,2.721,2.751,2.641,2.651,2.651,913467.0,,adjusted
2015-11-24,2.621,2.651,2.541,2.611,2.611,579852.0,,adjusted
2015-11-25,2.591,2.631,2.571,2.611,2.611,641602.0,,adjusted
2015-11-26,2.631,2.651,2.551,2.551,2.551,749077.0,,adjusted
2015-11-27,2.531,2.551,2.121,2.181,2.181,1085304.0,,adjusted
2015-11-30,2.201,2.251,2.031,2.191,2.191,774841.0,,adjusted
2015-12-01,2.191,2.281,2.131,2.271,2.271,550367.0,,adjusted
2015-12-02,2.251,2.791,2.221,2.791,2.791,3461361.0,,adjusted
2015-12-03,2.921,2.961,2.661,2.821,2.821,2565070.0,,adjusted
2015-12-04,2.761,2.781,2.661,2.721,2.721,1236741.0,,adjusted
2015-12-07,2.691,2.841,2.681,2.711,2.711,1122001.0,,adjusted
2015-12-08,2.681,2.691,2.401,2.441,2.441,1091036.0,,adjusted
2015-12-09,2.451,2.551,2.411,2.471,2.471,503866.0,,adjusted
2015-12-10,2.451,2.491,2.351,2.381,2.381,602277.0,,adjusted
2015-12-11,2.351,2.441,2.331,2.371,2.371,426714.0,,adjusted
2015-12-14,2.341,2.511,2.291,2.511,2.511,627305.0,,adjusted
2015-12-15,2.521,2.581,2.451,2.471,2.471,583787.0,,adjusted
2015-12-16,2.481,2.501,2.411,2.421,2.421,544366.0,,adjusted
2015-12-17,2.441,2.581,2.441,2.541,2.541,771260.0,,adjusted
2015-12-18,2.521,2.551,2.461,2.501,2.501,676244.0,,adjusted
2015-12-21,2.481,2.611,2.451,2.611,2.611,900036.0,,adjusted
2015-12-22,2.611,2.671,2.561,2.591,2.591,570980.0,,adjusted
2015-12-23,2.601,2.771,2.571,2.641,2.641,1286901.0,,adjusted
2015-12-24,2.661,2.741,2.571,2.671,2.671,1003090.0,,adjusted
2015-12-25,2.671,2.751,2.641,2.701,2.701,767300.0,,adjusted
2015-12-28,2.721,2.731,2.491,2.491,2.491,876117.0,,adjusted
2015-12-29,2.461,2.511,2.431,2.491,2.491,617023.0,,adjusted
2015-12-30,2.501,2.571,2.451,2.501,2.501,423374.0,,adjusted
2015-12-31,2.481,2.501,2.441,2.441,2.441,357407.0,,adjusted
2016-01-04,2.441,2.461,2.041,2.051,2.051,604672.0,,adjusted
2016-01-05,1.981,2.171,1.931,2.151,2.151,876024.0,,adjusted
2016-01-06,2.141,2.351,2.121,2.301,2.301,724044.0,,adjusted
2016-01-07,2.251,2.251,1.891,1.931,1.931,228042.0,,adjusted
2016-01-08,2.091,2.231,1.921,2.131,2.131,896717.0,,adjusted
2016-01-11,2.081,2.231,1.991,2.011,2.011,737036.0,,adjusted
2016-01-12,2.041,2.081,1.911,2.021,2.021,521574.0,,adjusted
2016-01-13,2.031,2.091,1.921,1.941,1.941,429509.0,,adjusted
2016-01-14,1.821,2.011,1.771,1.981,1.981,514590.0,,adjusted
2016-01-15,1.971,1.971,1.691,1.701,1.701,588313.0,,adjusted
2016-01-18,1.671,1.751,1.621,1.701,1.701,375630.0,,adjusted
2016-01-19,1.701,1.871,1.681,1.841,1.841,441345.0,,adjusted
2016-01-20,1.811,1.851,1.731,1.761,1.761,390489.0,,adjusted
2016-01-21,1.741,1.811,1.651,1.661,1.661,338668.0,,adjusted
2016-01-22,1.691,1.731,1.601,1.671,1.671,303675.0,,adjusted
2016-01-25,1.691,1.731,1.661,1.711,1.711,246941.0,,adjusted
2016-01-26,1.681,1.691,1.311,1.331,1.331,444943.0,,adjusted
2016-01-27,1.381,1.381,1.381,1.381,1.381,2770.0,,adjusted
2016-01-28,1.491,1.761,1.351,1.391,1.391,890259.0,,adjusted
2016-01-29,1.311,1.481,1.131,1.431,1.431,665822.0,,adjusted
2016-02-01,1.391,1.411,1.231,1.271,1.271,390964.0,,adjusted
2016-02-02,1.291,1.381,1.281,1.351,1.351,337477.0,,adjusted
2016-02-03,1.301,1.341,1.251,1.331,1.331,254504.0,,adjusted
2016-02-04,1.321,1.441,1.321,1.371,1.371,375307.0,,adjusted
2016-02-05,1.381,1.461,1.361,1.391,1.391,304333.0,,adjusted
2016-02-15,1.281,1.331,1.231,1.301,1.301,368548.0,,adjusted
2016-02-16,1.321,1.481,1.311,1.451,1.451,477660.0,,adjusted
2016-02-17,1.481,1.521,1.441,1.501,1.501,480368.0,,adjusted
2016-02-18,1.591,1.871,1.591,1.631,1.631,893462.0,,adjusted
2016-02-19,1.591,1.611,1.541,1.581,1.581,395050.0,,adjusted
2016-02-22,1.621,1.731,1.601,1.671,1.671,472261.0,,adjusted
2016-02-23,1.661,1.701,1.551,1.591,1.591,411690.0,,adjusted
2016-02-24,1.581,1.641,1.551,1.621,1.621,352192.0,,adjusted
2016-02-25,1.621,1.631,1.211,1.291,1.291,618653.0,,adjusted
2016-02-26,1.331,1.351,1.241,1.311,1.311,390211.0,,adjusted
2016-02-29,1.301,1.301,1.111,1.181,1.181,464048.0,,adjusted
2016-03-01,1.221,1.281,1.171,1.251,1.251,374985.0,,adjusted
2016-03-02,1.251,1.511,1.241,1.481,1.481,857361.0,,adjusted
2016-03-03,1.461,1.601,1.461,1.491,1.491,665919.0,,adjusted
2016-03-04,1.481,1.781,1.451,1.571,1.571,1271251.0,,adjusted
2016-03-07,1.611,1.721,1.571,1.611,1.611,625925.0,,adjusted
2016-03-08,1.611,1.641,1.451,1.571,1.571,579339.0,,adjusted
2016-03-09,1.501,1.511,1.461,1.481,1.481,259134.0,,adjusted
2016-03-10,1.511,1.531,1.451,1.461,1.461,254639.0,,adjusted
2016-03-11,1.441,1.471,1.391,1.461,1.461,266101.0,,adjusted
2016-03-14,1.531,1.641,1.521,1.571,1.571,452200.0,,adjusted
2016-03-15,1.581,1.631,1.541,1.581,1.581,346465.0,,adjusted
2016-03-16,1.621,1.621,1.481,1.521,1.521,295221.0,,adjusted
2016-03-17,1.521,1.641,1.511,1.601,1.601,385215.0,,adjusted
2016-03-18,1.611,1.691,1.591,1.661,1.661,736151.0,,adjusted
2016-03-21,1.711,1.831,1.661,1.771,1.771,920394.0,,adjusted
2016-03-22,1.731,1.771,1.671,1.681,1.681,608972.0,,adjusted
2016-03-23,1.671,1.751,1.661,1.701,1.701,439135.0,,adjusted
2016-03-24,1.671,1.681,1.561,1.571,1.571,475271.0,,adjusted
2016-03-25,1.571,1.611,1.571,1.611,1.611,224187.0,,adjusted
2016-03-28,1.631,1.651,1.551,1.591,1.591,330865.0,,adjusted
2016-03-29,1.591,1.601,1.501,1.521,1.521,245236.0,,adjusted
2016-03-30,1.551,1.691,1.551,1.691,1.691,573264.0,,adjusted
2016-03-31,1.691,1.721,1.661,1.681,1.681,428355.0,,adjusted
2016-04-01,1.661,1.711,1.611,1.711,1.711,367214.0,,adjusted
2016-04-05,1.701,1.771,1.621,1.761,1.761,758686.0,,adjusted
2016-04-06,1.741,1.761,1.701,1.731,1.731,463976.0,,adjusted
2016-04-07,1.751,1.761,1.651,1.651,1.651,369207.0,,adjusted
2016-04-08,1.641,1.651,1.571,1.621,1.621,328490.0,,adjusted
2016-04-11,1.651,1.831,1.651,1.771,1.771,824523.0,,adjusted
2016-04-12,1.771,1.811,1.711,1.741,1.741,380509.0,,adjusted
2016-04-13,1.761,2.011,1.761,1.861,1.861,1184534.0,,adjusted
2016-04-14,1.871,1.901,1.821,1.891,1.891,426196.0,,adjusted
2016-04-15,1.861,1.891,1.781,1.811,1.811,716643.0,,adjusted
2016-04-18,1.761,1.771,1.641,1.671,1.671,708050.0,,adjusted
2016-04-19,1.691,1.701,1.631,1.681,1.681,377297.0,,adjusted
2016-04-20,1.691,1.701,1.421,1.521,1.521,801319.0,,adjusted
2016-04-21,1.491,1.561,1.461,1.491,1.491,388428.0,,adjusted
2016-04-22,1.481,1.511,1.461,1.501,1.501,260276.0,,adjusted
2016-04-25,1.491,1.501,1.431,1.471,1.471,191328.0,,adjusted
2016-04-26,1.471,1.511,1.451,1.491,1.491,200041.0,,adjusted
2016-04-27,1.491,1.511,1.451,1.461,1.461,214381.0,,adjusted
2016-04-28,1.461,1.481,1.361,1.421,1.421,341715.0,,adjusted
2016-04-29,1.411,1.431,1.351,1.371,1.371,456220.0,,adjusted
2016-05-03,1.371,1.461,1.351,1.451,1.451,360353.0,,adjusted
2016-05-04,1.431,1.471,1.411,1.451,1.451,268885.0,,adjusted
2016-05-05,1.441,1.461,1.411,1.441,1.441,253738.0,,adjusted
2016-05-06,1.441,1.451,1.341,1.351,1.351,334684.0,,adjusted
2016-05-09,1.341,1.341,1.191,1.211,1.211,449576.0,,adjusted
2016-05-10,1.211,1.241,1.161,1.211,1.211,302302.0,,adjusted
2016-05-11,1.221,1.251,1.191,1.211,1.211,239828.0,,adjusted
2016-05-12,1.161,1.211,1.131,1.201,1.201,283543.0,,adjusted
2016-05-13,1.191,1.271,1.171,1.211,1.211,240383.0,,adjusted
2016-05-16,1.201,1.231,1.151,1.221,1.221,215260.0,,adjusted
2016-05-17,1.231,1.241,1.171,1.201,1.201,210736.0,,adjusted
2016-05-18,1.191,1.191,1.121,1.151,1.151,352425.0,,adjusted
2016-05-19,1.151,1.181,1.131,1.141,1.141,219219.0,,adjusted
2016-05-20,1.131,1.161,1.101,1.151,1.151,184538.0,,adjusted
2016-05-23,1.161,1.181,1.151,1.171,1.171,176618.0,,adjusted
2016-05-24,1.171,1.181,1.141,1.151,1.151,186596.0,,adjusted
2016-05-25,1.151,1.211,1.151,1.161,1.161,212998.0,,adjusted
2016-05-26,1.161,1.181,1.121,1.181,1.181,200677.0,,adjusted
2016-05-27,1.171,1.181,1.131,1.151,1.151,278719.0,,adjusted
2016-05-30,1.131,1.151,1.111,1.121,1.121,289550.0,,adjusted
2016-05-31,1.131,1.251,1.111,1.251,1.251,554782.0,,adjusted
2016-06-01,1.241,1.251,1.221,1.231,1.231,320675.0,,adjusted
2016-06-02,1.221,1.241,1.211,1.221,1.221,230096.0,,adjusted
2016-06-03,1.231,1.241,1.201,1.231,1.231,259886.0,,adjusted
2016-06-06,1.231,1.241,1.201,1.221,1.221,229135.0,,adjusted
2016-06-07,1.221,1.231,1.201,1.211,1.211,168108.0,,adjusted
2016-06-08,1.211,1.211,1.161,1.181,1.181,222286.0,,adjusted
2016-06-13,1.161,1.161,1.101,1.101,1.101,324780.0,,adjusted
2016-06-14,1.221,1.291,1.211,1.261,1.261,822973.0,,adjusted
2016-06-15,1.191,1.291,1.171,1.281,1.281,659334.0,,adjusted
2016-06-16,1.261,1.271,1.211,1.221,1.221,395594.0,,adjusted
2016-06-17,1.221,1.251,1.211,1.221,1.221,299196.0,,adjusted
2016-06-20,1.231,1.231,1.161,1.181,1.181,246342.0,,adjusted
2016-06-21,1.201,1.211,1.161,1.161,1.161,267302.0,,adjusted
2016-06-22,1.171,1.191,1.161,1.191,1.191,176248.0,,adjusted
2016-06-23,1.181,1.191,1.161,1.171,1.171,192337.0,,adjusted
2016-06-24,1.181,1.191,1.111,1.141,1.141,309337.0,,adjusted
2016-06-27,1.131,1.181,1.121,1.181,1.181,219120.0,,adjusted
2016-06-28,1.171,1.191,1.151,1.191,1.191,249315.0,,adjusted
2016-06-29,1.191,1.271,1.191,1.231,1.231,386742.0,,adjusted
2016-06-30,1.231,1.231,1.201,1.221,1.221,246188.0,,adjusted
2016-07-01,1.211,1.241,1.201,1.211,1.211,213107.0,,adjusted
2016-07-04,1.201,1.271,1.201,1.261,1.261,477111.0,,adjusted
2016-07-05,1.261,1.411,1.251,1.321,1.321,858698.0,,adjusted
2016-07-06,1.301,1.311,1.261,1.291,1.291,391273.0,,adjusted
2016-07-07,1.281,1.301,1.271,1.301,1.301,285900.0,,adjusted
2016-07-08,1.311,1.311,1.271,1.291,1.291,215413.0,,adjusted
2016-07-11,1.291,1.331,1.281,1.291,1.291,350657.0,,adjusted
2016-07-12,1.291,1.361,1.281,1.351,1.351,527153.0,,adjusted
2016-07-13,1.341,1.401,1.341,1.381,1.381,646363.0,,adjusted
2016-07-14,1.381,1.391,1.341,1.371,1.371,279114.0,,adjusted
2016-07-15,1.351,1.381,1.341,1.351,1.351,365172.0,,adjusted
2016-07-18,1.341,1.341,1.291,1.301,1.301,319186.0,,adjusted
2016-07-19,1.301,1.331,1.291,1.301,1.301,222082.0,,adjusted
2016-07-20,1.321,1.341,1.311,1.311,1.311,242449.0,,adjusted
2016-07-21,1.321,1.351,1.311,1.321,1.321,229994.0,,adjusted
2016-07-22,1.311,1.331,1.291,1.301,1.301,199150.0,,adjusted
2016-07-25,1.301,1.331,1.281,1.331,1.331,211910.0,,adjusted
2016-07-26,1.321,1.351,1.311,1.351,1.351,259653.0,,adjusted
2016-07-27,1.341,1.381,1.241,1.261,1.261,566831.0,,adjusted
2016-07-28,1.251,1.291,1.241,1.281,1.281,284356.0,,adjusted
2016-07-29,1.271,1.281,1.251,1.271,1.271,193006.0,,adjusted
2016-08-01,1.271,1.271,1.221,1.251,1.251,278196.0,,adjusted
2016-08-02,1.241,1.261,1.231,1.261,1.261,143684.0,,adjusted
2016-08-03,1.251,1.261,1.241,1.251,1.251,174689.0,,adjusted
2016-08-04,1.261,1.271,1.241,1.261,1.261,145341.0,,adjusted
2016-08-05,1.251,1.271,1.241,1.261,1.261,148098.0,,adjusted
2016-08-08,1.261,1.291,1.241,1.291,1.291,182954.0,,adjusted
2016-08-09,1.281,1.321,1.281,1.311,1.311,221888.0,,adjusted
2016-08-10,1.301,1.341,1.301,1.311,1.311,319487.0,,adjusted
2016-08-11,1.311,1.351,1.281,1.291,1.291,334124.0,,adjusted
2016-08-12,1.301,1.331,1.281,1.331,1.331,296785.0,,adjusted
2016-08-15,1.331,1.441,1.321,1.431,1.431,911077.0,,adjusted
2016-08-16,1.431,1.531,1.421,1.451,1.451,954038.0,,adjusted
2016-08-17,1.461,1.501,1.421,1.441,1.441,484153.0,,adjusted
2016-08-18,1.421,1.481,1.421,1.451,1.451,364589.0,,adjusted
2016-08-19,1.451,1.501,1.401,1.501,1.501,560713.0,,adjusted
2016-08-22,1.501,1.601,1.451,1.571,1.571,976333.0,,adjusted
2016-08-23,1.551,1.571,1.521,1.561,1.561,551389.0,,adjusted
2016-08-24,1.551,1.561,1.481,1.501,1.501,351435.0,,adjusted
2016-08-25,1.471,1.501,1.451,1.491,1.491,382425.0,,adjusted
2016-08-26,1.511,1.521,1.471,1.501,1.501,384995.0,,adjusted
2016-08-29,1.491,1.531,1.471,1.491,1.491,226667.0,,adjusted
2016-08-30,1.481,1.511,1.471,1.481,1.481,203003.0,,adjusted
2016-08-31,1.481,1.491,1.431,1.461,1.461,311037.0,,adjusted
2016-09-01,1.451,1.461,1.431,1.431,1.431,188716.0,,adjusted
2016-09-02,1.431,1.451,1.421,1.431,1.431,188453.0,,adjusted
2016-09-05,1.441,1.531,1.441,1.491,1.491,372767.0,,adjusted
2016-09-06,1.521,1.691,1.501,1.631,1.631,1273427.0,,adjusted
2016-09-07,1.611,1.931,1.611,1.811,1.811,2176481.0,,adjusted
2016-09-08,1.781,1.851,1.731,1.781,1.781,753629.0,,adjusted
2016-09-09,1.781,1.911,1.761,1.791,1.791,852331.0,,adjusted
2016-09-12,1.711,1.841,1.661,1.741,1.741,864437.0,,adjusted
2016-09-13,1.771,1.851,1.661,1.741,1.741,535881.0,,adjusted
2016-09-14,1.721,1.731,1.661,1.701,1.701,349589.0,,adjusted
2016-09-19,1.691,1.821,1.691,1.791,1.791,511176.0,,adjusted
2016-09-20,1.771,1.811,1.701,1.721,1.721,327067.0,,adjusted
2016-09-21,1.731,1.861,1.721,1.791,1.791,564716.0,,adjusted
2016-09-22,1.791,1.851,1.781,1.801,1.801,324482.0,,adjusted
2016-09-23,1.791,1.901,1.781,1.891,1.891,706689.0,,adjusted
2016-09-26,1.861,2.031,1.851,1.871,1.871,859877.0,,adjusted
2016-09-27,1.841,2.001,1.831,1.991,1.991,807295.0,,adjusted
2016-09-28,1.941,1.981,1.901,1.911,1.911,320344.0,,adjusted
2016-09-29,1.921,1.951,1.841,1.861,1.861,331890.0,,adjusted
2016-09-30,1.891,1.921,1.851,1.871,1.871,278691.0,,adjusted
2016-10-10,1.881,1.921,1.771,1.831,1.831,670485.0,,adjusted
2016-10-11,1.821,1.861,1.801,1.831,1.831,345781.0,,adjusted
2016-10-12,1.831,1.831,1.751,1.761,1.761,345497.0,,adjusted
2016-10-13,1.791,1.821,1.731,1.781,1.781,485649.0,,adjusted
2016-10-14,1.771,1.801,1.711,1.761,1.761,385113.0,,adjusted
2016-10-17,1.761,1.771,1.711,1.731,1.731,411096.0,,adjusted
2016-10-18,1.721,1.861,1.721,1.851,1.851,662312.0,,adjusted
2016-10-19,1.841,1.851,1.761,1.771,1.771,438216.0,,adjusted
2016-10-20,1.781,1.791,1.721,1.731,1.731,405370.0,,adjusted
2016-10-21,1.731,1.901,1.711,1.791,1.791,979329.0,,adjusted
2016-10-24,1.791,1.891,1.771,1.831,1.831,585113.0,,adjusted
2016-10-25,1.831,1.871,1.781,1.811,1.811,405898.0,,adjusted
2016-10-26,1.811,1.821,1.741,1.771,1.771,365108.0,,adjusted
2016-10-27,1.761,1.771,1.721,1.751,1.751,240281.0,,adjusted
2016-10-28,1.751,1.791,1.701,1.721,1.721,307693.0,,adjusted
2016-10-31,1.721,1.821,1.681,1.811,1.811,577662.0,,adjusted
2016-11-01,1.801,1.801,1.761,1.771,1.771,238165.0,,adjusted
2016-11-02,1.761,1.801,1.721,1.741,1.741,254151.0,,adjusted
2016-11-03,1.711,1.781,1.701,1.741,1.741,354543.0,,adjusted
2016-11-04,1.731,1.791,1.731,1.761,1.761,395491.0,,adjusted
2016-11-07,1.751,1.801,1.751,1.761,1.761,242686.0,,adjusted
2016-11-08,1.781,1.801,1.751,1.781,1.781,308678.0,,adjusted
2016-11-09,1.781,1.841,1.751,1.791,1.791,640565.0,,adjusted
2016-11-10,1.851,2.101,1.851,2.001,2.001,1402500.0,,adjusted
2016-11-11,2.001,2.161,1.961,2.071,2.071,1133105.0,,adjusted
2016-11-14,2.051,2.301,2.021,2.171,2.171,1315824.0,,adjusted
2016-11-15,2.181,2.191,2.031,2.081,2.081,857467.0,,adjusted
2016-11-16,2.061,2.081,1.991,2.051,2.051,470037.0,,adjusted
2016-11-17,2.031,2.111,1.991,2.081,2.081,418167.0,,adjusted
2016-11-18,2.121,2.171,2.001,2.021,2.021,525167.0,,adjusted
2016-11-21,2.011,2.091,1.991,2.051,2.051,400229.0,,adjusted
2016-11-22,2.051,2.101,2.021,2.091,2.091,469782.0,,adjusted
2016-11-23,2.091,2.111,2.041,2.051,2.051,348922.0,,adjusted
2016-11-24,2.041,2.111,2.011,2.031,2.031,316103.0,,adjusted
2016-11-25,2.041,2.091,2.001,2.041,2.041,506522.0,,adjusted
2016-11-28,2.061,2.151,2.051,2.131,2.131,873406.0,,adjusted
2016-11-29,2.111,2.221,2.081,2.161,2.161,1049201.0,,adjusted
2016-11-30,2.131,2.131,1.961,2.001,2.001,854370.0,,adjusted
2016-12-01,1.991,2.011,1.961,2.011,2.011,528639.0,,adjusted
2016-12-02,2.001,2.001,1.891,1.901,1.901,695338.0,,adjusted
2016-12-05,1.841,1.881,1.781,1.801,1.801,514359.0,,adjusted
2016-12-06,1.811,1.861,1.791,1.801,1.801,411208.0,,adjusted
2016-12-07,1.811,1.881,1.791,1.871,1.871,419270.0,,adjusted
2016-12-08,1.911,1.961,1.871,1.901,1.901,472524.0,,adjusted
2016-12-09,1.891,1.921,1.861,1.901,1.901,241937.0,,adjusted
2016-12-12,1.891,1.941,1.711,1.731,1.731,491234.0,,adjusted
2016-12-13,1.721,1.751,1.641,1.731,1.731,344203.0,,adjusted
2016-12-14,1.731,1.791,1.701,1.761,1.761,329263.0,,adjusted
2016-12-15,1.741,1.811,1.721,1.791,1.791,288228.0,,adjusted
2016-12-16,1.771,1.821,1.761,1.811,1.811,180478.0,,adjusted
2016-12-19,1.801,1.811,1.751,1.771,1.771,224340.0,,adjusted
2016-12-20,1.771,1.781,1.701,1.721,1.721,194282.0,,adjusted
2016-12-21,1.731,1.761,1.721,1.751,1.751,195841.0,,adjusted
2016-12-22,1.751,1.771,1.721,1.761,1.761,250908.0,,adjusted
2016-12-23,1.761,1.761,1.691,1.721,1.721,195271.0,,adjusted
2016-12-26,1.721,1.741,1.681,1.731,1.731,172549.0,,adjusted
2016-12-27,1.761,1.801,1.751,1.761,1.761,257748.0,,adjusted
2016-12-28,1.751,1.771,1.731,1.761,1.761,145504.0,,adjusted
2016-12-29,1.761,1.851,1.741,1.831,1.831,339475.0,,adjusted
2016-12-30,1.811,1.831,1.771,1.781,1.781,187623.0,,adjusted
2017-01-03,1.791,1.821,1.761,1.781,1.781,392801.0,,adjusted
2017-01-04,1.791,1.821,1.771,1.821,1.821,242942.0,,adjusted
2017-01-05,1.821,1.951,1.801,1.891,1.891,653566.0,,adjusted
2017-01-06,1.871,1.891,1.841,1.861,1.861,240788.0,,adjusted
2017-01-09,1.861,1.931,1.861,1.901,1.901,307444.0,,adjusted
2017-01-10,1.931,1.941,1.881,1.891,1.891,175447.0,,adjusted
2017-01-11,1.891,1.921,1.841,1.841,1.841,192443.0,,adjusted
2017-01-12,1.851,1.871,1.801,1.801,1.801,179619.0,,adjusted
2017-01-13,1.811,1.831,1.751,1.761,1.761,198321.0,,adjusted
2017-01-16,1.761,1.771,1.591,1.681,1.681,351102.0,,adjusted
2017-01-17,1.681,1.721,1.661,1.721,1.721,171674.0,,adjusted
2017-01-18,1.711,1.751,1.681,1.721,1.721,198766.0,,adjusted
2017-01-19,1.711,1.751,1.691,1.711,1.711,161178.0,,adjusted
2017-01-20,1.701,1.761,1.691,1.761,1.761,146515.0,,adjusted
2017-01-23,1.751,1.851,1.741,1.811,1.811,319343.0,,adjusted
2017-01-24,1.811,1.851,1.781,1.841,1.841,274767.0,,adjusted
2017-01-25,1.811,1.851,1.771,1.791,1.791,220564.0,,adjusted
2017-01-26,1.791,1.821,1.771,1.791,1.791,174611.0,,adjusted
2017-02-03,1.791,1.801,1.731,1.751,1.751,169813.0,,adjusted
2017-02-06,1.761,1.841,1.751,1.821,1.821,262423.0,,adjusted
2017-02-07,1.821,1.921,1.811,1.871,1.871,623391.0,,adjusted
2017-02-08,1.861,1.881,1.801,1.881,1.881,341225.0,,adjusted
2017-02-09,1.881,1.951,1.861,1.901,1.901,566743.0,,adjusted
2017-02-10,1.901,2.241,1.891,2.071,2.071,1406553.0,,adjusted
2017-02-13,2.061,2.111,2.011,2.041,2.041,791871.0,,adjusted
2017-02-14,2.051,2.061,1.971,2.031,2.031,619061.0,,adjusted
2017-02-15,2.031,2.051,1.941,1.961,1.961,493978.0,,adjusted
2017-02-16,1.951,2.051,1.951,2.021,2.021,451284.0,,adjusted
2017-02-17,2.001,2.051,1.941,1.961,1.961,324816.0,,adjusted
2017-02-20,1.971,2.121,1.961,2.101,2.101,812545.0,,adjusted
2017-02-21,2.101,2.121,2.031,2.081,2.081,417688.0,,adjusted
2017-02-22,2.081,2.181,2.051,2.151,2.151,895157.0,,adjusted
2017-02-23,2.161,2.311,2.121,2.151,2.151,1189014.0,,adjusted
2017-02-24,2.141,2.201,2.091,2.191,2.191,599086.0,,adjusted
2017-02-27,2.171,2.241,2.061,2.071,2.071,602958.0,,adjusted
2017-02-28,2.081,2.101,2.051,2.081,2.081,250100.0,,adjusted
2017-03-01,2.091,2.131,2.051,2.071,2.071,337380.0,,adjusted
2017-03-02,2.081,2.241,2.051,2.081,2.081,620172.0,,adjusted
2017-03-03,2.081,2.101,2.011,2.041,2.041,600472.0,,adjusted
2017-03-06,2.041,2.091,2.031,2.061,2.061,476351.0,,adjusted
2017-03-07,2.061,2.111,2.041,2.111,2.111,518241.0,,adjusted
2017-03-08,2.131,2.151,2.061,2.071,2.071,497721.0,,adjusted
2017-03-09,2.061,2.071,1.961,2.001,2.001,429740.0,,adjusted
2017-03-10,2.001,2.081,2.001,2.021,2.021,482207.0,,adjusted
2017-03-13,2.041,2.101,2.011,2.091,2.091,528492.0,,adjusted
2017-03-14,2.081,2.111,2.031,2.041,2.041,358690.0,,adjusted
2017-03-15,2.041,2.141,2.011,2.131,2.131,596863.0,,adjusted
2017-03-16,2.171,2.171,2.091,2.141,2.141,447516.0,,adjusted
2017-03-17,2.151,2.171,2.051,2.061,2.061,375107.0,,adjusted
2017-03-20,2.061,2.091,2.021,2.081,2.081,280654.0,,adjusted
2017-03-21,2.061,2.081,2.011,2.041,2.041,343754.0,,adjusted
2017-03-22,2.001,2.141,1.991,2.071,2.071,605243.0,,adjusted
2017-03-23,2.041,2.081,2.001,2.061,2.061,397389.0,,adjusted
2017-03-24,2.051,2.151,2.011,2.131,2.131,677602.0,,adjusted
2017-03-27,2.141,2.161,2.061,2.071,2.071,477245.0,,adjusted
2017-03-28,2.051,2.111,2.051,2.071,2.071,333304.0,,adjusted
2017-03-29,2.071,2.171,2.001,2.101,2.101,923172.0,,adjusted
2017-03-30,2.081,2.211,2.051,2.091,2.091,960720.0,,adjusted
2017-03-31,2.041,2.051,2.001,2.021,2.021,640622.0,,adjusted
2017-04-05,2.241,2.291,2.061,2.081,2.081,1089062.0,,adjusted
2017-04-06,2.081,2.161,2.051,2.131,2.131,795972.0,,adjusted
2017-04-07,2.141,2.161,2.091,2.121,2.121,594112.0,,adjusted
2017-04-10,2.101,2.171,2.091,2.111,2.111,600877.0,,adjusted
2017-04-11,2.121,2.311,2.111,2.281,2.281,1731021.0,,adjusted
2017-04-12,2.261,2.261,2.161,2.171,2.171,981862.0,,adjusted
2017-04-13,2.171,2.191,2.141,2.171,2.171,474531.0,,adjusted
2017-04-14,2.171,2.191,2.021,2.031,2.031,812009.0,,adjusted
2017-04-17,2.041,2.041,1.921,1.971,1.971,591552.0,,adjusted
2017-04-18,1.971,1.991,1.911,1.911,1.911,421368.0,,adjusted
2017-04-19,1.901,1.921,1.781,1.821,1.821,601036.0,,adjusted
2017-04-20,1.831,1.851,1.771,1.821,1.821,491567.0,,adjusted
2017-04-21,1.831,1.841,1.791,1.811,1.811,281905.0,,adjusted
2017-04-24,1.811,1.821,1.691,1.691,1.691,490892.0,,adjusted
2017-04-25,1.701,1.761,1.691,1.711,1.711,273198.0,,adjusted
2017-04-26,1.731,1.761,1.711,1.741,1.741,233650.0,,adjusted
2017-04-27,1.741,1.781,1.651,1.761,1.761,410090.0,,adjusted
2017-04-28,1.741,1.761,1.701,1.731,1.731,405172.0,,adjusted
2017-05-02,1.721,1.761,1.701,1.751,1.751,268110.0,,adjusted
2017-05-03,1.741,1.781,1.731,1.741,1.741,282985.0,,adjusted
2017-05-04,1.741,1.781,1.701,1.731,1.731,353864.0,,adjusted
2017-05-05,1.721,1.721,1.621,1.631,1.631,474503.0,,adjusted
2017-05-08,1.591,1.641,1.561,1.581,1.581,311543.0,,adjusted
2017-05-09,1.571,1.631,1.571,1.621,1.621,246122.0,,adjusted
2017-05-10,1.621,1.651,1.491,1.491,1.491,420317.0,,adjusted
2017-05-11,1.471,1.511,1.361,1.491,1.491,436838.0,,adjusted
2017-05-12,1.471,1.521,1.461,1.511,1.511,224064.0,,adjusted
2017-05-15,1.541,1.551,1.481,1.491,1.491,221317.0,,adjusted
2017-05-16,1.481,1.531,1.441,1.531,1.531,329624.0,,adjusted
2017-05-17,1.531,1.591,1.511,1.581,1.581,395227.0,,adjusted
2017-05-18,1.551,1.571,1.491,1.521,1.521,276706.0,,adjusted
2017-05-19,1.501,1.531,1.491,1.511,1.511,185611.0,,adjusted
2017-05-22,1.761,1.761,1.501,1.541,1.541,1067681.0,,adjusted
2017-05-23,1.541,1.551,1.461,1.471,1.471,429111.0,,adjusted
2017-05-24,1.451,1.561,1.411,1.561,1.561,399521.0,,adjusted
2017-05-25,1.591,1.651,1.561,1.631,1.631,545988.0,,adjusted
2017-05-26,1.631,1.701,1.611,1.631,1.631,410608.0,,adjusted
2017-05-31,1.641,1.671,1.621,1.631,1.631,309301.0,,adjusted
2017-06-01,1.631,1.641,1.591,1.601,1.601,263847.0,,adjusted
2017-06-02,1.601,1.641,1.561,1.631,1.631,230843.0,,adjusted
2017-06-05,1.631,1.651,1.611,1.631,1.631,213905.0,,adjusted
2017-06-06,1.631,1.641,1.621,1.641,1.641,127869.0,,adjusted
2017-06-07,1.631,1.691,1.631,1.691,1.691,319089.0,,adjusted
2017-06-08,1.681,1.691,1.661,1.661,1.661,235199.0,,adjusted
2017-06-09,1.661,1.711,1.651,1.701,1.701,397908.0,,adjusted
2017-06-12,1.671,1.681,1.631,1.631,1.631,309002.0,,adjusted
2017-06-13,1.631,1.671,1.631,1.651,1.651,204240.0,,adjusted
2017-06-14,1.651,1.661,1.631,1.641,1.641,201670.0,,adjusted
2017-06-15,1.631,1.661,1.621,1.651,1.651,192169.0,,adjusted
2017-06-16,1.641,1.651,1.631,1.631,1.631,130649.0,,adjusted
2017-06-19,1.641,1.661,1.631,1.661,1.661,186204.0,,adjusted
2017-06-20,1.661,1.661,1.641,1.641,1.641,159026.0,,adjusted
2017-06-21,1.661,1.671,1.641,1.661,1.661,225550.0,,adjusted
2017-06-22,1.651,1.721,1.651,1.661,1.661,439778.0,,adjusted
2017-06-23,1.651,1.681,1.631,1.661,1.661,313645.0,,adjusted
2017-06-26,1.661,1.821,1.661,1.771,1.771,723552.0,,adjusted
2017-06-27,1.741,1.771,1.731,1.751,1.751,355498.0,,adjusted
2017-06-28,1.751,1.791,1.741,1.761,1.761,273188.0,,adjusted
2017-06-29,1.761,1.781,1.751,1.771,1.771,254653.0,,adjusted
2017-06-30,1.751,1.751,1.701,1.731,1.731,314556.0,,adjusted
2017-07-03,1.731,1.761,1.721,1.761,1.761,211668.0,,adjusted
2017-07-04,1.761,1.761,1.721,1.741,1.741,240995.0,,adjusted
2017-07-05,1.731,1.751,1.701,1.751,1.751,298075.0,,adjusted
2017-07-06,1.751,1.751,1.721,1.741,1.741,230291.0,,adjusted
2017-07-07,1.731,1.761,1.731,1.751,1.751,270584.0,,adjusted
2017-07-10,1.741,1.821,1.741,1.801,1.801,563941.0,,adjusted
2017-07-11,1.791,1.811,1.761,1.761,1.761,308883.0,,adjusted
2017-07-12,1.761,1.771,1.711,1.741,1.741,389034.0,,adjusted
2017-07-13,1.741,1.821,1.741,1.811,1.811,508719.0,,adjusted
2017-07-14,1.811,1.841,1.781,1.841,1.841,452290.0,,adjusted
2017-07-17,1.931,1.931,1.721,1.811,1.811,1101400.0,,adjusted
2017-07-18,1.791,1.911,1.781,1.911,1.911,765191.0,,adjusted
2017-07-19,1.911,2.011,1.901,2.001,2.001,1010227.0,,adjusted
2017-07-20,2.001,2.021,1.961,1.981,1.981,538136.0,,adjusted
2017-07-21,1.971,2.151,1.961,2.031,2.031,738213.0,,adjusted
2017-07-24,2.041,2.101,2.011,2.061,2.061,579678.0,,adjusted
2017-07-25,2.061,2.061,1.931,1.981,1.981,622172.0,,adjusted
2017-07-26,1.971,2.011,1.931,1.961,1.961,412703.0,,adjusted
2017-07-27,1.971,1.991,1.921,1.961,1.961,405589.0,,adjusted
2017-07-28,1.951,1.961,1.911,1.921,1.921,308205.0,,adjusted
2017-07-31,1.941,2.041,1.921,2.031,2.031,558554.0,,adjusted
2017-08-01,2.041,2.091,2.011,2.051,2.051,577442.0,,adjusted
2017-08-02,2.041,2.081,2.001,2.031,2.031,395028.0,,adjusted
2017-08-03,2.031,2.141,2.021,2.141,2.141,768817.0,,adjusted
2017-08-04,2.131,2.201,2.111,2.121,2.121,749908.0,,adjusted
2017-08-07,2.131,2.221,2.071,2.191,2.191,579341.0,,adjusted
2017-08-08,2.191,2.211,2.101,2.131,2.131,464744.0,,adjusted
2017-08-09,2.141,2.211,2.101,2.171,2.171,654042.0,,adjusted
2017-08-10,2.141,2.171,2.041,2.081,2.081,516869.0,,adjusted
2017-08-11,2.051,2.071,1.891,1.901,1.901,677906.0,,adjusted
2017-08-14,1.901,1.991,1.901,1.981,1.981,340725.0,,adjusted
2017-08-15,1.971,1.981,1.931,1.951,1.951,269771.0,,adjusted
2017-08-16,1.951,1.961,1.921,1.951,1.951,196285.0,,adjusted
2017-08-17,1.961,1.991,1.941,1.981,1.981,290388.0,,adjusted
2017-08-18,1.961,1.971,1.921,1.941,1.941,302851.0,,adjusted
2017-08-21,1.961,2.021,1.961,2.011,2.011,337483.0,,adjusted
2017-08-22,2.021,2.031,1.991,2.011,2.011,203154.0,,adjusted
2017-08-23,2.011,2.021,1.971,1.991,1.991,186594.0,,adjusted
2017-08-24,1.991,2.011,1.971,2.001,2.001,228627.0,,adjusted
2017-08-25,2.001,2.051,1.961,2.041,2.041,367851.0,,adjusted
2017-08-28,2.031,2.091,2.031,2.071,2.071,375785.0,,adjusted
2017-08-29,2.071,2.091,2.041,2.061,2.061,293620.0,,adjusted
2017-08-30,2.031,2.031,1.951,2.031,2.031,535624.0,,adjusted
2017-08-31,1.991,2.021,1.941,1.981,1.981,666924.0,,adjusted
2017-09-01,1.961,2.001,1.961,2.001,2.001,479748.0,,adjusted
2017-09-04,1.981,2.001,1.961,1.981,1.981,329350.0,,adjusted
2017-09-05,1.981,1.991,1.951,1.961,1.961,316532.0,,adjusted
2017-09-06,1.961,2.001,1.951,1.991,1.991,322406.0,,adjusted
2017-09-07,1.991,2.001,1.961,1.971,1.971,288261.0,,adjusted
2017-09-08,1.971,1.991,1.951,1.961,1.961,215652.0,,adjusted
2017-09-11,1.961,1.991,1.941,1.981,1.981,318795.0,,adjusted
2017-09-12,1.981,2.011,1.961,1.991,1.991,522493.0,,adjusted
2017-09-13,1.981,2.001,1.971,1.981,1.981,248472.0,,adjusted
2017-09-14,1.981,2.011,1.971,1.991,1.991,329895.0,,adjusted
2017-09-15,1.991,2.021,1.981,2.001,2.001,343842.0,,adjusted
2017-09-18,2.001,2.021,1.991,2.011,2.011,302960.0,,adjusted
2017-09-19,2.011,2.011,1.961,1.971,1.971,369367.0,,adjusted
2017-09-20,1.971,1.981,1.941,1.951,1.951,252134.0,,adjusted
2017-09-21,1.951,1.961,1.921,1.921,1.921,261078.0,,adjusted
2017-09-22,1.921,1.921,1.871,1.881,1.881,291009.0,,adjusted
2017-09-25,1.881,1.881,1.811,1.821,1.821,246390.0,,adjusted
2017-09-26,1.821,1.861,1.821,1.841,1.841,232074.0,,adjusted
2017-09-27,1.841,1.891,1.831,1.871,1.871,189411.0,,adjusted
2017-09-28,1.871,1.881,1.851,1.861,1.861,172524.0,,adjusted
2017-09-29,1.871,1.891,1.851,1.871,1.871,199126.0,,adjusted
2017-10-09,1.931,2.021,1.931,2.001,2.001,665784.0,,adjusted
2017-10-10,2.011,2.111,1.991,2.071,2.071,799675.0,,adjusted
2017-10-11,2.061,2.091,2.021,2.081,2.081,464303.0,,adjusted
2017-10-12,2.071,2.081,2.041,2.081,2.081,302115.0,,adjusted
2017-10-13,2.071,2.141,2.051,2.111,2.111,459492.0,,adjusted
2017-10-16,2.111,2.131,2.061,2.071,2.071,406190.0,,adjusted
2017-10-17,2.061,2.111,2.051,2.071,2.071,253893.0,,adjusted
2017-10-18,2.071,2.081,2.001,2.011,2.011,328130.0,,adjusted
2017-10-19,2.011,2.021,1.911,1.921,1.921,329266.0,,adjusted
2017-10-20,1.921,1.971,1.901,1.951,1.951,199911.0,,adjusted
2017-10-23,1.971,2.031,1.931,2.021,2.021,351439.0,,adjusted
2017-10-24,2.041,2.051,1.981,2.021,2.021,222842.0,,adjusted
2017-10-25,2.021,2.081,1.991,2.071,2.071,410525.0,,adjusted
2017-10-26,2.061,2.121,2.041,2.101,2.101,528958.0,,adjusted
2017-10-27,2.081,2.101,2.041,2.051,2.051,327091.0,,adjusted
2017-10-30,2.051,2.071,1.941,1.991,1.991,415510.0,,adjusted
2017-10-31,1.991,2.041,1.981,2.031,2.031,322132.0,,adjusted
2017-11-01,2.031,2.051,1.991,2.001,2.001,394856.0,,adjusted
2017-11-02,2.001,2.001,1.891,1.891,1.891,465280.0,,adjusted
2017-11-03,1.901,1.921,1.831,1.861,1.861,359582.0,,adjusted
2017-11-06,1.871,1.931,1.831,1.921,1.921,307665.0,,adjusted
2017-11-07,1.921,1.951,1.901,1.941,1.941,278948.0,,adjusted
2017-11-08,1.941,1.961,1.921,1.951,1.951,330223.0,,adjusted
2017-11-09,1.941,1.971,1.921,1.951,1.951,210004.0,,adjusted
2017-11-10,1.941,2.011,1.921,1.991,1.991,473278.0,,adjusted
2017-11-13,1.981,2.021,1.941,1.971,1.971,356124.0,,adjusted
2017-11-14,1.961,1.971,1.891,1.901,1.901,369877.0,,adjusted
2017-11-15,1.901,1.931,1.871,1.881,1.881,222052.0,,adjusted
2017-11-16,1.881,1.901,1.861,1.881,1.881,214790.0,,adjusted
2017-11-17,1.871,1.941,1.831,1.841,1.841,515351.0,,adjusted
2017-11-20,1.831,1.831,1.751,1.821,1.821,386438.0,,adjusted
2017-11-21,1.811,1.881,1.801,1.881,1.881,308087.0,,adjusted
2017-11-22,1.871,1.881,1.841,1.861,1.861,262638.0,,adjusted
2017-11-23,1.851,1.901,1.801,1.801,1.801,297475.0,,adjusted
2017-11-24,1.791,1.831,1.771,1.801,1.801,200211.0,,adjusted
2017-11-27,1.791,1.811,1.771,1.781,1.781,169876.0,,adjusted
2017-11-28,1.781,1.811,1.771,1.801,1.801,180291.0,,adjusted
2017-11-29,1.811,1.881,1.771,1.861,1.861,335126.0,,adjusted
2017-11-30,1.841,1.851,1.781,1.791,1.791,271252.0,,adjusted
2017-12-01,1.791,1.821,1.781,1.801,1.801,167409.0,,adjusted
2017-12-04,1.791,1.801,1.761,1.771,1.771,226102.0,,adjusted
2017-12-05,1.771,1.771,1.611,1.631,1.631,510177.0,,adjusted
2017-12-06,1.621,1.641,1.591,1.641,1.641,310791.0,,adjusted
2017-12-07,1.641,1.661,1.621,1.641,1.641,215515.0,,adjusted
2017-12-08,1.631,1.661,1.611,1.641,1.641,202941.0,,adjusted
2017-12-11,1.631,1.681,1.621,1.671,1.671,285328.0,,adjusted
2017-12-12,1.671,1.701,1.621,1.631,1.631,219722.0,,adjusted
2017-12-13,1.631,1.651,1.621,1.651,1.651,151216.0,,adjusted
2017-12-14,1.641,1.731,1.631,1.681,1.681,335846.0,,adjusted
2017-12-15,1.661,1.671,1.631,1.651,1.651,202532.0,,adjusted
2017-12-18,1.641,1.681,1.631,1.661,1.661,154921.0,,adjusted
2017-12-19,1.661,1.691,1.651,1.681,1.681,173610.0,,adjusted
2017-12-20,1.681,1.691,1.631,1.641,1.641,161104.0,,adjusted
2017-12-21,1.651,1.681,1.611,1.661,1.661,239789.0,,adjusted
2017-12-22,1.671,1.671,1.631,1.641,1.641,174083.0,,adjusted
2017-12-25,1.651,1.701,1.641,1.661,1.661,260596.0,,adjusted
2017-12-26,1.671,1.931,1.641,1.881,1.881,985284.0,,adjusted
2017-12-27,1.841,1.891,1.791,1.801,1.801,656081.0,,adjusted
2017-12-28,1.811,1.921,1.771,1.851,1.851,541222.0,,adjusted
2017-12-29,1.841,1.881,1.821,1.861,1.861,262245.0,,adjusted
2018-01-02,1.841,1.981,1.841,1.941,1.941,663218.0,,adjusted
2018-01-03,1.931,1.941,1.901,1.921,1.921,427466.0,,adjusted
2018-01-04,1.911,1.911,1.851,1.901,1.901,412948.0,,adjusted
2018-01-05,1.891,2.031,1.861,1.961,1.961,896498.0,,adjusted
2018-01-08,1.951,2.111,1.931,2.051,2.051,1043005.0,,adjusted
2018-01-09,2.051,2.081,1.991,2.021,2.021,415452.0,,adjusted
2018-01-10,2.031,2.051,1.961,2.011,2.011,383301.0,,adjusted
2018-01-11,2.001,2.001,1.931,1.971,1.971,352731.0,,adjusted
2018-01-12,1.961,1.991,1.941,1.941,1.941,269220.0,,adjusted
2018-01-15,1.941,1.961,1.861,1.881,1.881,481723.0,,adjusted
2018-01-16,1.901,1.971,1.871,1.971,1.971,506533.0,,adjusted
2018-01-17,1.971,1.981,1.881,1.951,1.951,564421.0,,adjusted
2018-01-18,1.941,2.001,1.911,2.001,2.001,433835.0,,adjusted
2018-01-19,2.061,2.091,2.001,2.001,2.001,708817.0,,adjusted
2018-01-22,2.001,2.051,1.941,2.051,2.051,553113.0,,adjusted
2018-01-23,2.041,2.071,2.001,2.041,2.041,508148.0,,adjusted
2018-01-24,2.041,2.061,1.981,2.021,2.021,452135.0,,adjusted
2018-01-25,2.011,2.101,1.991,2.061,2.061,780557.0,,adjusted
2018-01-26,2.041,2.071,2.011,2.021,2.021,494830.0,,adjusted
2018-01-29,2.021,2.061,1.921,1.941,1.941,592245.0,,adjusted
2018-01-30,1.901,1.941,1.871,1.891,1.891,388855.0,,adjusted
2018-01-31,1.891,1.911,1.861,1.881,1.881,345407.0,,adjusted
2018-02-01,1.881,1.891,1.711,1.741,1.741,663755.0,,adjusted
2018-02-02,1.741,1.781,1.651,1.761,1.761,390343.0,,adjusted
2018-02-05,1.701,1.811,1.691,1.801,1.801,317486.0,,adjusted
2018-02-06,1.741,1.791,1.661,1.661,1.661,477450.0,,adjusted
2018-02-07,1.711,1.771,1.591,1.681,1.681,411596.0,,adjusted
2018-02-08,1.661,1.741,1.641,1.721,1.721,357822.0,,adjusted
2018-02-09,1.631,1.661,1.491,1.541,1.541,554807.0,,adjusted
2018-02-12,1.561,1.611,1.551,1.601,1.601,217888.0,,adjusted
2018-02-13,1.631,1.671,1.611,1.631,1.631,197163.0,,adjusted
2018-02-14,1.621,1.641,1.601,1.631,1.631,165957.0,,adjusted
2018-02-22,1.651,1.691,1.651,1.671,1.671,249279.0,,adjusted
2018-02-23,1.671,1.691,1.651,1.671,1.671,152462.0,,adjusted
2018-02-26,1.681,1.751,1.681,1.721,1.721,308989.0,,adjusted
2018-02-27,1.721,1.731,1.671,1.681,1.681,227826.0,,adjusted
2018-02-28,1.671,1.681,1.621,1.671,1.671,180663.0,,adjusted
2018-03-01,1.641,1.681,1.631,1.671,1.671,240586.0,,adjusted
2018-03-02,1.651,1.671,1.641,1.641,1.641,183373.0,,adjusted
2018-03-05,1.641,1.661,1.631,1.651,1.651,141455.0,,adjusted
2018-03-06,1.651,1.711,1.641,1.701,1.701,299394.0,,adjusted
2018-03-07,1.691,1.751,1.681,1.701,1.701,298511.0,,adjusted
2018-03-08,1.691,1.721,1.681,1.711,1.711,176707.0,,adjusted
2018-03-09,1.721,1.721,1.691,1.721,1.721,212735.0,,adjusted
2018-03-12,1.731,1.741,1.711,1.741,1.741,262384.0,,adjusted
2018-03-13,1.741,1.751,1.691,1.701,1.701,221498.0,,adjusted
2018-03-14,1.701,1.701,1.671,1.681,1.681,152995.0,,adjusted
2018-03-15,1.671,1.691,1.641,1.661,1.661,163347.0,,adjusted
2018-03-16,1.661,1.681,1.651,1.661,1.661,133700.0,,adjusted
2018-03-19,1.661,1.671,1.641,1.651,1.651,106393.0,,adjusted
2018-03-20,1.641,1.651,1.611,1.641,1.641,157341.0,,adjusted
2018-03-21,1.641,1.671,1.631,1.641,1.641,151901.0,,adjusted
2018-03-22,1.631,1.651,1.611,1.621,1.621,160957.0,,adjusted
2018-03-23,1.541,1.611,1.421,1.611,1.611,682774.0,,adjusted
2018-03-26,1.531,1.581,1.491,1.571,1.571,214419.0,,adjusted
2018-03-27,1.601,1.611,1.571,1.591,1.591,202199.0,,adjusted
2018-03-28,1.561,1.581,1.541,1.581,1.581,171881.0,,adjusted
2018-03-29,1.571,1.631,1.571,1.601,1.601,238311.0,,adjusted
2018-03-30,1.631,1.641,1.591,1.601,1.601,152065.0,,adjusted
2018-04-02,1.641,1.641,1.601,1.621,1.621,237520.0,,adjusted
2018-04-03,1.571,1.601,1.561,1.601,1.601,209693.0,,adjusted
2018-04-04,1.611,1.631,1.571,1.591,1.591,197136.0,,adjusted
2018-04-09,1.581,1.591,1.521,1.541,1.541,272221.0,,adjusted
2018-04-10,1.551,1.591,1.541,1.581,1.581,197952.0,,adjusted
2018-04-11,1.591,1.601,1.571,1.591,1.591,206452.0,,adjusted
2018-04-12,1.581,1.591,1.551,1.561,1.561,143836.0,,adjusted
2018-04-13,1.581,1.591,1.551,1.561,1.561,115947.0,,adjusted
2018-04-16,1.581,1.611,1.551,1.561,1.561,244262.0,,adjusted
2018-04-17,1.571,1.581,1.531,1.541,1.541,161703.0,,adjusted
2018-04-18,1.571,1.571,1.511,1.551,1.551,185621.0,,adjusted
2018-04-19,1.551,1.571,1.541,1.561,1.561,156355.0,,adjusted
2018-04-20,1.561,1.561,1.501,1.531,1.531,239848.0,,adjusted
2018-04-23,1.521,1.541,1.501,1.531,1.531,161436.0,,adjusted
2018-04-24,1.521,1.581,1.511,1.571,1.571,241139.0,,adjusted
2018-04-25,1.561,1.571,1.541,1.571,1.571,141088.0,,adjusted
2018-04-26,1.561,1.581,1.531,1.551,1.551,165228.0,,adjusted
2018-04-27,1.551,1.591,1.531,1.591,1.591,229645.0,,adjusted
2018-05-02,1.581,1.611,1.561,1.601,1.601,265052.0,,adjusted
2018-05-03,1.581,1.631,1.571,1.621,1.621,275982.0,,adjusted
2018-05-04,1.611,1.631,1.601,1.621,1.621,162777.0,,adjusted
2018-05-07,1.621,1.661,1.621,1.651,1.651,260222.0,,adjusted
2018-05-08,1.641,1.651,1.621,1.631,1.631,210199.0,,adjusted
2018-05-09,1.641,1.651,1.621,1.641,1.641,181827.0,,adjusted
2018-05-10,1.641,1.661,1.641,1.661,1.661,197181.0,,adjusted
2018-05-11,1.671,1.671,1.631,1.631,1.631,183956.0,,adjusted
2018-05-14,1.631,1.651,1.621,1.631,1.631,172364.0,,adjusted
2018-05-15,1.641,1.721,1.631,1.711,1.711,460117.0,,adjusted
2018-05-16,1.701,1.701,1.661,1.671,1.671,232502.0,,adjusted
2018-05-17,1.671,1.681,1.641,1.651,1.651,162915.0,,adjusted
2018-05-18,1.661,1.691,1.641,1.681,1.681,157421.0,,adjusted
2018-05-21,1.701,1.721,1.681,1.701,1.701,221383.0,,adjusted
2018-05-22,1.701,1.711,1.671,1.701,1.701,154302.0,,adjusted
2018-05-23,1.691,1.701,1.661,1.661,1.661,147223.0,,adjusted
2018-05-24,1.651,1.671,1.641,1.641,1.641,121746.0,,adjusted
2018-05-25,1.641,1.651,1.621,1.631,1.631,123897.0,,adjusted
2018-05-28,1.631,1.631,1.591,1.601,1.601,145435.0,,adjusted
2018-05-29,1.601,1.611,1.571,1.571,1.571,134471.0,,adjusted
2018-05-30,1.541,1.541,1.461,1.481,1.481,320143.0,,adjusted
2018-05-31,1.491,1.561,1.461,1.561,1.561,322591.0,,adjusted
2018-06-01,1.551,1.621,1.511,1.601,1.601,348797.0,,adjusted
2018-06-04,1.591,1.621,1.551,1.601,1.601,203390.0,,adjusted
2018-06-05,1.601,1.601,1.541,1.591,1.591,160827.0,,adjusted
2018-06-06,1.581,1.611,1.541,1.591,1.591,134252.0,,adjusted
2018-06-07,1.601,1.621,1.591,1.601,1.601,132520.0,,adjusted
2018-06-08,1.591,1.591,1.511,1.531,1.531,165816.0,,adjusted
2018-06-11,1.521,1.541,1.491,1.501,1.501,143111.0,,adjusted
2018-06-12,1.511,1.611,1.501,1.601,1.601,274790.0,,adjusted
2018-06-13,1.591,1.591,1.551,1.561,1.561,136602.0,,adjusted
2018-06-14,1.551,1.591,1.521,1.561,1.561,145991.0,,adjusted
2018-06-15,1.561,1.561,1.511,1.551,1.551,160055.0,,adjusted
2018-06-19,1.501,1.521,1.361,1.411,1.411,497083.0,,adjusted
2018-06-20,1.391,1.461,1.381,1.431,1.431,191136.0,,adjusted
2018-06-21,1.431,1.501,1.411,1.421,1.421,183756.0,,adjusted
2018-06-22,1.401,1.491,1.381,1.481,1.481,193308.0,,adjusted
2018-06-25,1.501,1.511,1.471,1.481,1.481,168485.0,,adjusted
2018-06-26,1.451,1.481,1.421,1.471,1.471,138126.0,,adjusted
2018-06-27,1.461,1.511,1.451,1.461,1.461,142840.0,,adjusted
2018-06-28,1.451,1.481,1.421,1.431,1.431,133443.0,,adjusted
2018-06-29,1.441,1.511,1.431,1.501,1.501,142309.0,,adjusted
2018-07-02,1.491,1.541,1.421,1.451,1.451,183829.0,,adjusted
2018-07-03,1.431,1.481,1.431,1.481,1.481,160205.0,,adjusted
2018-07-04,1.471,1.481,1.431,1.441,1.441,130460.0,,adjusted
2018-07-05,1.431,1.451,1.391,1.431,1.431,180971.0,,adjusted
2018-07-06,1.421,1.441,1.311,1.371,1.371,257689.0,,adjusted
2018-07-09,1.371,1.431,1.361,1.431,1.431,154658.0,,adjusted
2018-07-10,1.431,1.431,1.401,1.421,1.421,112999.0,,adjusted
2018-07-11,1.391,1.391,1.321,1.371,1.371,157594.0,,adjusted
2018-07-12,1.351,1.431,1.341,1.421,1.421,171348.0,,adjusted
2018-07-13,1.421,1.431,1.401,1.411,1.411,119617.0,,adjusted
2018-07-16,1.411,1.441,1.401,1.421,1.421,127877.0,,adjusted
2018-07-17,1.421,1.421,1.371,1.401,1.401,126286.0,,adjusted
2018-07-18,1.411,1.431,1.401,1.401,1.401,108806.0,,adjusted
2018-07-19,1.391,1.421,1.381,1.401,1.401,86580.0,,adjusted
2018-07-20,1.391,1.431,1.361,1.411,1.411,172036.0,,adjusted
2018-07-23,1.401,1.471,1.401,1.461,1.461,254242.0,,adjusted
2018-07-24,1.461,1.611,1.451,1.541,1.541,597295.0,,adjusted
2018-07-25,1.511,1.641,1.501,1.581,1.581,439330.0,,adjusted
2018-07-26,1.561,1.611,1.541,1.551,1.551,224547.0,,adjusted
2018-07-27,1.551,1.581,1.541,1.561,1.561,151728.0,,adjusted
2018-07-30,1.571,1.601,1.531,1.541,1.541,215761.0,,adjusted
2018-07-31,1.561,1.581,1.541,1.571,1.571,192656.0,,adjusted
2018-08-01,1.571,1.621,1.511,1.521,1.521,301838.0,,adjusted
2018-08-02,1.491,1.511,1.371,1.471,1.471,335973.0,,adjusted
2018-08-03,1.461,1.481,1.431,1.431,1.431,153666.0,,adjusted
2018-08-06,1.431,1.471,1.391,1.401,1.401,187203.0,,adjusted
2018-08-07,1.411,1.561,1.401,1.551,1.551,353199.0,,adjusted
2018-08-08,1.541,1.561,1.501,1.521,1.521,261775.0,,adjusted
2018-08-09,1.531,1.591,1.501,1.561,1.561,288361.0,,adjusted
2018-08-10,1.551,1.571,1.541,1.561,1.561,162617.0,,adjusted
2018-08-13,1.541,1.571,1.491,1.571,1.571,202085.0,,adjusted
2018-08-14,1.561,1.571,1.541,1.561,1.561,121109.0,,adjusted
2018-08-15,1.561,1.571,1.511,1.511,1.511,141368.0,,adjusted
2018-08-16,1.471,1.521,1.461,1.491,1.491,122012.0,,adjusted
2018-08-17,1.511,1.521,1.451,1.451,1.451,147624.0,,adjusted
2018-08-20,1.471,1.521,1.451,1.501,1.501,180654.0,,adjusted
2018-08-21,1.501,1.541,1.491,1.521,1.521,146505.0,,adjusted
2018-08-22,1.521,1.531,1.501,1.511,1.511,146022.0,,adjusted
2018-08-23,1.511,1.551,1.501,1.531,1.531,203945.0,,adjusted
2018-08-24,1.541,1.551,1.521,1.541,1.541,219000.0,,adjusted
2018-08-27,1.551,1.581,1.541,1.581,1.581,269135.0,,adjusted
2018-08-28,1.581,1.581,1.551,1.561,1.561,162237.0,,adjusted
2018-08-29,1.571,1.571,1.531,1.551,1.551,120207.0,,adjusted
2018-08-30,1.551,1.551,1.481,1.501,1.501,200494.0,,adjusted
2018-08-31,1.461,1.471,1.421,1.461,1.461,249471.0,,adjusted
2018-09-03,1.441,1.441,1.381,1.421,1.421,169005.0,,adjusted
2018-09-04,1.411,1.441,1.401,1.431,1.431,162573.0,,adjusted
2018-09-05,1.421,1.421,1.341,1.361,1.361,229768.0,,adjusted
2018-09-06,1.351,1.381,1.311,1.321,1.321,191826.0,,adjusted
2018-09-07,1.331,1.361,1.291,1.311,1.311,170899.0,,adjusted
2018-09-10,1.311,1.321,1.271,1.281,1.281,127882.0,,adjusted
2018-09-11,1.281,1.311,1.261,1.311,1.311,121495.0,,adjusted
2018-09-12,1.301,1.311,1.281,1.301,1.301,72709.0,,adjusted
2018-09-13,1.311,1.331,1.291,1.311,1.311,93795.0,,adjusted
2018-09-14,1.321,1.321,1.271,1.291,1.291,129471.0,,adjusted
2018-09-17,1.281,1.291,1.221,1.231,1.231,130068.0,,adjusted
2018-09-18,1.231,1.271,1.191,1.271,1.271,180787.0,,adjusted
2018-09-19,1.261,1.321,1.251,1.311,1.311,156318.0,,adjusted
2018-09-20,1.301,1.321,1.291,1.301,1.301,97764.0,,adjusted
2018-09-21,1.311,1.351,1.301,1.351,1.351,149446.0,,adjusted
2018-09-25,1.331,1.341,1.311,1.331,1.331,99967.0,,adjusted
2018-09-26,1.331,1.371,1.321,1.331,1.331,157589.0,,adjusted
2018-09-27,1.341,1.351,1.311,1.321,1.321,124668.0,,adjusted
2018-09-28,1.331,1.351,1.321,1.331,1.331,137450.0,,adjusted
2018-10-08,1.301,1.311,1.211,1.221,1.221,204947.0,,adjusted
2018-10-09,1.221,1.241,1.201,1.221,1.221,144736.0,,adjusted
2018-10-10,1.211,1.251,1.211,1.231,1.231,112859.0,,adjusted
2018-10-11,1.171,1.171,0.891,0.931,0.931,329839.0,,adjusted
2018-10-12,0.911,0.931,0.801,0.891,0.891,262834.0,,adjusted
2018-10-15,0.911,0.921,0.841,0.841,0.841,146980.0,,adjusted
2018-10-16,0.851,0.901,0.801,0.841,0.841,128554.0,,adjusted
2018-10-17,0.861,0.881,0.831,0.851,0.851,125228.0,,adjusted
2018-10-18,0.841,0.851,0.781,0.791,0.791,147451.0,,adjusted
2018-10-19,0.771,0.851,0.741,0.841,0.841,191144.0,,adjusted
2018-10-22,0.851,0.991,0.831,0.951,0.951,281528.0,,adjusted
2018-10-23,0.951,0.961,0.881,0.901,0.901,156021.0,,adjusted
2018-10-24,0.881,0.951,0.861,0.911,0.911,126616.0,,adjusted
2018-10-25,0.851,0.901,0.801,0.901,0.901,136306.0,,adjusted
2018-10-26,0.911,0.951,0.901,0.911,0.911,127746.0,,adjusted
2018-10-29,0.871,0.881,0.841,0.851,0.851,137484.0,,adjusted
2018-10-30,0.831,0.901,0.821,0.891,0.891,131311.0,,adjusted
2018-10-31,0.891,0.961,0.891,0.931,0.931,161047.0,,adjusted
2018-11-01,0.961,1.021,0.951,0.981,0.981,248831.0,,adjusted
2018-11-02,1.021,1.051,1.001,1.041,1.041,221976.0,,adjusted
2018-11-05,1.041,1.061,1.011,1.051,1.051,163293.0,,adjusted
2018-11-06,1.041,1.061,1.001,1.051,1.051,139726.0,,adjusted
2018-11-07,1.051,1.061,1.021,1.031,1.031,143441.0,,adjusted
2018-11-08,1.041,1.071,1.031,1.031,1.031,120001.0,,adjusted
2018-11-09,1.031,1.031,0.981,0.991,0.991,149853.0,,adjusted
2018-11-12,0.991,1.171,0.981,1.151,1.151,332561.0,,adjusted
2018-11-13,1.121,1.231,1.111,1.201,1.201,315247.0,,adjusted
2018-11-14,1.211,1.291,1.201,1.221,1.221,279683.0,,adjusted
2018-11-15,1.241,1.331,1.231,1.301,1.301,295283.0,,adjusted
2018-11-16,1.311,1.341,1.271,1.321,1.321,254028.0,,adjusted
2018-11-19,1.331,1.351,1.301,1.331,1.331,235738.0,,adjusted
2018-11-20,1.331,1.331,1.241,1.261,1.261,237572.0,,adjusted
2018-11-21,1.251,1.271,1.221,1.251,1.251,199728.0,,adjusted
2018-11-22,1.271,1.321,1.261,1.291,1.291,166405.0,,adjusted
2018-11-23,1.321,1.321,1.141,1.151,1.151,214616.0,,adjusted
2018-11-26,1.111,1.201,1.101,1.161,1.161,136774.0,,adjusted
2018-11-27,1.181,1.211,1.171,1.181,1.181,133732.0,,adjusted
2018-11-28,1.211,1.241,1.191,1.201,1.201,112053.0,,adjusted
2018-11-29,1.221,1.241,1.141,1.151,1.151,125001.0,,adjusted
2018-11-30,1.151,1.161,1.101,1.141,1.141,168632.0,,adjusted
2018-12-03,1.201,1.291,1.201,1.271,1.271,284406.0,,adjusted
2018-12-04,1.301,1.341,1.261,1.341,1.341,260979.0,,adjusted
2018-12-05,1.301,1.341,1.281,1.321,1.321,188185.0,,adjusted
2018-12-06,1.321,1.321,1.241,1.241,1.241,206127.0,,adjusted
2018-12-07,1.221,1.331,1.211,1.311,1.311,195253.0,,adjusted
2018-12-10,1.281,1.301,1.221,1.221,1.221,145952.0,,adjusted
2018-12-11,1.231,1.251,1.201,1.211,1.211,104835.0,,adjusted
2018-12-12,1.221,1.241,1.211,1.231,1.231,95223.0,,adjusted
2018-12-13,1.241,1.301,1.211,1.301,1.301,190337.0,,adjusted
2018-12-14,1.281,1.321,1.251,1.261,1.261,160396.0,,adjusted
2018-12-17,1.251,1.291,1.211,1.291,1.291,154460.0,,adjusted
2018-12-18,1.271,1.281,1.201,1.231,1.231,166706.0,,adjusted
2018-12-19,1.231,1.281,1.221,1.241,1.241,124927.0,,adjusted
2018-12-20,1.221,1.261,1.191,1.201,1.201,168588.0,,adjusted
2018-12-21,1.191,1.251,1.161,1.241,1.241,169619.0,,adjusted
2018-12-24,1.241,1.261,1.221,1.261,1.261,108207.0,,adjusted
2018-12-25,1.241,1.241,1.121,1.201,1.201,149285.0,,adjusted
2018-12-26,1.191,1.211,1.141,1.171,1.171,92914.0,,adjusted
2018-12-27,1.211,1.231,1.151,1.171,1.171,97792.0,,adjusted
2018-12-28,1.171,1.171,1.131,1.151,1.151,110640.0,,adjusted
2019-01-02,1.161,1.171,1.061,1.061,1.061,157442.0,,adjusted
2019-01-03,1.051,1.141,1.041,1.111,1.111,175761.0,,adjusted
2019-01-04,1.091,1.171,1.071,1.151,1.151,129800.0,,adjusted
2019-01-07,1.171,1.211,1.161,1.201,1.201,188333.0,,adjusted
2019-01-08,1.211,1.251,1.191,1.221,1.221,173362.0,,adjusted
2019-01-09,1.231,1.271,1.211,1.231,1.231,149264.0,,adjusted
2019-01-10,1.251,1.251,1.201,1.211,1.211,111416.0,,adjusted
2019-01-11,1.211,1.231,1.171,1.221,1.221,114253.0,,adjusted
2019-01-14,1.231,1.271,1.211,1.241,1.241,182716.0,,adjusted
2019-01-15,1.241,1.271,1.221,1.251,1.251,162666.0,,adjusted
2019-01-16,1.261,1.291,1.241,1.251,1.251,156766.0,,adjusted
2019-01-17,1.261,1.281,1.231,1.261,1.261,152511.0,,adjusted
2019-01-18,1.261,1.301,1.251,1.291,1.291,201302.0,,adjusted
2019-01-21,1.311,1.321,1.271,1.281,1.281,149798.0,,adjusted
2019-01-22,1.291,1.311,1.281,1.291,1.291,168448.0,,adjusted
2019-01-23,1.291,1.301,1.251,1.271,1.271,128288.0,,adjusted
2019-01-24,1.281,1.321,1.251,1.311,1.311,159988.0,,adjusted
2019-01-25,1.311,1.341,1.301,1.331,1.331,170477.0,,adjusted
2019-01-28,1.341,1.371,1.271,1.281,1.281,158284.0,,adjusted
2019-01-29,1.311,1.331,1.261,1.321,1.321,179623.0,,adjusted
2019-01-30,1.301,1.331,1.261,1.291,1.291,163986.0,,adjusted
2019-01-31,1.291,1.341,1.281,1.311,1.311,194444.0,,adjusted
2019-02-01,1.321,1.341,1.261,1.341,1.341,202625.0,,adjusted
2019-02-11,1.341,1.451,1.341,1.441,1.441,287800.0,,adjusted
2019-02-12,1.451,1.501,1.431,1.461,1.461,250691.0,,adjusted
2019-02-13,1.481,1.541,1.471,1.521,1.521,299201.0,,adjusted
2019-02-14,1.521,1.581,1.511,1.561,1.561,289200.0,,adjusted
2019-02-15,1.561,1.581,1.541,1.541,1.541,234749.0,,adjusted
2019-02-18,1.541,1.671,1.531,1.661,1.661,372808.0,,adjusted
2019-02-19,1.661,1.681,1.601,1.631,1.631,239933.0,,adjusted
2019-02-20,1.641,1.661,1.591,1.631,1.631,208513.0,,adjusted
2019-02-21,1.631,1.651,1.571,1.631,1.631,257118.0,,adjusted
2019-02-22,1.611,1.701,1.591,1.691,1.691,328183.0,,adjusted
2019-02-25,1.691,1.841,1.691,1.841,1.841,660067.0,,adjusted
2019-02-26,1.831,1.891,1.771,1.811,1.811,639031.0,,adjusted
2019-02-27,1.831,1.871,1.751,1.781,1.781,394702.0,,adjusted
2019-02-28,1.801,1.811,1.751,1.791,1.791,342120.0,,adjusted
2019-03-01,1.811,1.831,1.771,1.821,1.821,357839.0,,adjusted
2019-03-04,1.831,2.001,1.821,1.901,1.901,809602.0,,adjusted
2019-03-05,1.891,1.981,1.881,1.971,1.971,482751.0,,adjusted
2019-03-06,2.011,2.011,1.951,2.001,2.001,536709.0,,adjusted
2019-03-07,2.011,2.021,1.951,1.981,1.981,569992.0,,adjusted
2019-03-08,1.941,1.941,1.721,1.761,1.761,791385.0,,adjusted
2019-03-11,1.751,1.891,1.751,1.881,1.881,503822.0,,adjusted
2019-03-12,1.911,2.011,1.911,1.951,1.951,562099.0,,adjusted
2019-03-13,1.961,1.971,1.861,1.881,1.881,368967.0,,adjusted
2019-03-14,1.891,1.941,1.821,1.841,1.841,390359.0,,adjusted
2019-03-15,1.851,2.091,1.851,2.071,2.071,1088640.0,,adjusted
2019-03-18,2.121,2.271,2.091,2.221,2.221,921422.0,,adjusted
2019-03-19,2.161,2.201,2.081,2.121,2.121,485916.0,,adjusted
2019-03-20,2.131,2.231,2.081,2.161,2.161,517675.0,,adjusted
2019-03-21,2.191,2.221,2.101,2.151,2.151,415090.0,,adjusted
2019-03-22,2.161,2.171,2.111,2.161,2.161,340982.0,,adjusted
2019-03-25,2.111,2.211,2.071,2.121,2.121,450021.0,,adjusted
2019-03-26,2.131,2.161,1.991,2.031,2.031,551845.0,,adjusted
2019-03-27,2.041,2.101,1.921,2.071,2.071,423217.0,,adjusted
2019-03-28,2.051,2.061,1.951,1.971,1.971,273174.0,,adjusted
2019-03-29,1.961,2.071,1.931,2.071,2.071,349291.0,,adjusted
2019-04-01,2.121,2.261,2.121,2.221,2.221,697875.0,,adjusted
2019-04-02,2.281,2.321,2.241,2.261,2.261,591552.0,,adjusted
2019-04-03,2.271,2.651,2.271,2.591,2.591,1426039.0,,adjusted
2019-04-04,2.611,2.681,2.551,2.641,2.641,1010712.0,,adjusted
2019-04-08,2.881,3.141,2.861,3.061,3.061,2084267.0,,adjusted
2019-04-09,3.071,3.161,2.931,3.041,3.041,1216669.0,,adjusted
2019-04-10,2.991,3.261,2.941,3.111,3.111,1146697.0,,adjusted
2019-04-11,3.111,3.161,2.991,3.001,3.001,879404.0,,adjusted
2019-04-12,2.971,3.061,2.871,2.941,2.941,820523.0,,adjusted
2019-04-15,3.091,3.151,2.811,2.831,2.831,890391.0,,adjusted
2019-04-16,2.811,2.951,2.801,2.931,2.931,723338.0,,adjusted
2019-04-17,2.981,3.011,2.901,2.971,2.971,612478.0,,adjusted
2019-04-18,2.961,3.091,2.871,2.921,2.921,571272.0,,adjusted
2019-04-19,2.911,2.991,2.871,2.911,2.911,410346.0,,adjusted
2019-04-22,2.941,2.951,2.711,2.751,2.751,678695.0,,adjusted
2019-04-23,2.781,2.791,2.721,2.731,2.731,491108.0,,adjusted
2019-04-24,2.781,2.791,2.691,2.731,2.731,384590.0,,adjusted
2019-04-25,2.741,2.741,2.511,2.531,2.531,637755.0,,adjusted
2019-04-26,2.501,2.551,2.421,2.451,2.451,493110.0,,adjusted
2019-04-29,2.451,2.611,2.451,2.531,2.531,589077.0,,adjusted
2019-04-30,2.551,2.601,2.501,2.541,2.541,440777.0,,adjusted
2019-05-06,2.391,2.471,2.171,2.281,2.281,730773.0,,adjusted
2019-05-07,2.291,2.431,2.291,2.391,2.391,788588.0,,adjusted
2019-05-08,2.291,2.401,2.251,2.321,2.321,507309.0,,adjusted
2019-05-09,2.291,2.311,2.191,2.191,2.191,371873.0,,adjusted
2019-05-10,2.241,2.371,2.141,2.361,2.361,509298.0,,adjusted
2019-05-13,2.291,2.371,2.281,2.351,2.351,350407.0,,adjusted
2019-05-14,2.581,2.731,2.531,2.651,2.651,1156345.0,,adjusted
2019-05-15,2.691,2.751,2.661,2.711,2.711,702571.0,,adjusted
2019-05-16,2.741,2.931,2.701,2.901,2.901,931241.0,,adjusted
2019-05-17,2.901,2.931,2.711,2.711,2.711,902638.0,,adjusted
2019-05-20,2.741,2.771,2.661,2.701,2.701,651003.0,,adjusted
2019-05-21,2.681,2.861,2.681,2.771,2.771,684452.0,,adjusted
2019-05-22,2.781,2.851,2.781,2.821,2.821,502421.0,,adjusted
2019-05-23,2.791,2.851,2.731,2.751,2.751,612519.0,,adjusted
2019-05-24,2.771,2.941,2.771,2.931,2.931,888000.0,,adjusted
2019-05-27,2.951,3.061,2.851,2.981,2.981,846219.0,,adjusted
2019-05-28,2.971,3.021,2.851,2.941,2.941,808707.0,,adjusted
2019-05-29,2.891,2.931,2.851,2.861,2.861,444788.0,,adjusted
2019-05-30,2.841,2.911,2.801,2.861,2.861,415532.0,,adjusted
2019-05-31,2.841,2.981,2.831,2.961,2.961,613692.0,,adjusted
2019-06-03,2.971,3.001,2.831,2.891,2.891,470257.0,,adjusted
2019-06-04,2.841,2.911,2.811,2.871,2.871,446804.0,,adjusted
2019-06-05,2.901,2.951,2.871,2.871,2.871,416861.0,,adjusted
2019-06-06,2.901,2.911,2.781,2.811,2.811,448563.0,,adjusted
2019-06-10,2.821,2.861,2.801,2.821,2.821,378471.0,,adjusted
2019-06-11,2.831,3.061,2.831,3.031,3.031,761205.0,,adjusted
2019-06-12,3.031,3.091,3.021,3.041,3.041,508363.0,,adjusted
2019-06-13,3.021,3.251,3.001,3.221,3.221,824425.0,,adjusted
2019-06-14,3.231,3.271,3.121,3.141,3.141,606704.0,,adjusted
2019-06-17,3.171,3.281,3.131,3.241,3.241,546515.0,,adjusted
2019-06-18,3.241,3.311,3.191,3.281,3.281,508515.0,,adjusted
2019-06-19,3.351,3.421,3.311,3.331,3.331,540561.0,,adjusted
2019-06-20,3.291,3.531,3.291,3.481,3.481,687878.0,,adjusted
2019-06-21,3.491,3.551,3.451,3.531,3.531,607897.0,,adjusted
2019-06-24,3.541,3.571,3.461,3.551,3.551,522620.0,,adjusted
2019-06-25,3.561,3.581,3.461,3.571,3.571,554720.0,,adjusted
2019-06-26,3.531,3.611,3.501,3.581,3.581,474454.0,,adjusted
2019-06-27,3.581,3.661,3.581,3.661,3.661,513966.0,,adjusted
2019-06-28,3.661,3.921,3.591,3.601,3.601,779017.0,,adjusted
2019-07-01,3.661,3.691,3.341,3.411,3.411,1545925.0,,adjusted
2019-07-02,3.411,3.431,3.311,3.361,3.361,759644.0,,adjusted
2019-07-03,3.391,3.401,3.321,3.361,3.361,500292.0,,adjusted
2019-07-04,3.341,3.381,3.191,3.231,3.231,512058.0,,adjusted
2019-07-05,3.281,3.301,3.211,3.241,3.241,307176.0,,adjusted
2019-07-08,3.251,3.261,3.021,3.081,3.081,521714.0,,adjusted
2019-07-09,3.081,3.161,3.061,3.131,3.131,337811.0,,adjusted
2019-07-10,3.161,3.171,3.011,3.041,3.041,338626.0,,adjusted
2019-07-11,3.061,3.121,3.041,3.051,3.051,326884.0,,adjusted
2019-07-12,3.081,3.201,3.041,3.191,3.191,410150.0,,adjusted
2019-07-15,3.361,3.511,3.231,3.511,3.511,908967.0,,adjusted
2019-07-16,3.511,3.731,3.491,3.711,3.711,863832.0,,adjusted
2019-07-17,3.681,3.811,3.651,3.701,3.701,734599.0,,adjusted
2019-07-18,3.711,3.811,3.701,3.721,3.721,681350.0,,adjusted
2019-07-19,3.771,3.831,3.721,3.781,3.781,469354.0,,adjusted
2019-07-22,3.821,3.841,3.621,3.731,3.731,604231.0,,adjusted
2019-07-23,3.821,3.861,3.711,3.751,3.751,483508.0,,adjusted
2019-07-24,3.771,3.921,3.761,3.921,3.921,704202.0,,adjusted
2019-07-25,3.921,3.941,3.831,3.861,3.861,422832.0,,adjusted
2019-07-26,3.871,4.041,3.821,4.041,4.041,761341.0,,adjusted
2019-07-29,4.061,4.061,3.651,3.711,3.711,1021556.0,,adjusted
2019-07-30,3.711,3.841,3.691,3.751,3.751,578752.0,,adjusted
2019-07-31,3.761,3.811,3.721,3.761,3.761,427989.0,,adjusted
2019-08-01,3.751,3.771,3.691,3.721,3.721,402048.0,,adjusted
2019-08-02,3.591,3.641,3.471,3.541,3.541,692366.0,,adjusted
2019-08-05,3.566,3.566,3.376,3.386,3.386,538387.0,,adjusted
2019-08-06,3.276,3.306,3.096,3.286,3.286,612719.0,,adjusted
2019-08-07,3.346,3.376,3.236,3.266,3.266,364522.0,,adjusted
2019-08-08,3.286,3.346,3.246,3.306,3.306,298300.0,,adjusted
2019-08-09,3.326,3.356,3.166,3.196,3.196,383677.0,,adjusted
2019-08-12,3.186,3.366,3.106,3.366,3.366,428970.0,,adjusted
2019-08-13,3.306,3.306,3.206,3.246,3.246,284720.0,,adjusted
2019-08-14,3.346,3.366,3.216,3.236,3.236,394286.0,,adjusted
2019-08-15,3.076,3.196,3.036,3.176,3.176,425414.0,,adjusted
2019-08-16,3.176,3.276,3.136,3.176,3.176,341049.0,,adjusted
2019-08-19,3.246,3.326,3.186,3.316,3.316,428527.0,,adjusted
2019-08-20,3.316,3.386,3.286,3.346,3.346,363950.0,,adjusted
2019-08-21,3.316,3.346,3.256,3.266,3.266,259902.0,,adjusted
2019-08-22,3.286,3.296,3.186,3.256,3.256,226551.0,,adjusted
2019-08-23,3.256,3.416,3.226,3.376,3.376,407753.0,,adjusted
2019-08-26,3.246,3.256,3.136,3.186,3.186,502605.0,,adjusted
2019-08-27,3.226,3.326,3.206,3.246,3.246,425410.0,,adjusted
2019-08-28,3.266,3.286,3.206,3.226,3.226,291780.0,,adjusted
2019-08-29,3.256,3.266,3.156,3.186,3.186,328509.0,,adjusted
2019-08-30,3.216,3.266,3.116,3.126,3.126,343570.0,,adjusted
2019-09-02,3.176,3.546,3.126,3.496,3.496,926567.0,,adjusted
2019-09-03,3.526,3.656,3.466,3.616,3.616,688210.0,,adjusted
2019-09-04,3.616,3.696,3.566,3.666,3.666,563751.0,,adjusted
2019-09-05,3.706,3.846,3.626,3.746,3.746,730473.0,,adjusted
2019-09-06,3.816,3.836,3.746,3.816,3.816,462744.0,,adjusted
2019-09-09,3.886,3.886,3.726,3.756,3.756,507879.0,,adjusted
2019-09-10,3.776,3.806,3.686,3.796,3.796,453446.0,,adjusted
2019-09-11,3.816,3.816,3.706,3.796,3.796,387766.0,,adjusted
2019-09-12,3.816,3.816,3.706,3.776,3.776,328320.0,,adjusted
2019-09-16,3.816,3.816,3.666,3.686,3.686,341813.0,,adjusted
2019-09-17,3.656,3.706,3.536,3.586,3.586,413038.0,,adjusted
2019-09-18,3.626,3.676,3.596,3.676,3.676,296907.0,,adjusted
2019-09-19,3.676,3.676,3.586,3.646,3.646,252546.0,,adjusted
2019-09-20,3.666,3.796,3.626,3.736,3.736,419479.0,,adjusted
2019-09-23,3.706,3.716,3.486,3.566,3.566,457380.0,,adjusted
2019-09-24,3.546,3.646,3.516,3.586,3.586,256634.0,,adjusted
2019-09-25,3.576,3.666,3.506,3.606,3.606,311426.0,,adjusted
2019-09-26,3.606,3.666,3.506,3.526,3.526,279345.0,,adjusted
2019-09-27,3.546,3.576,3.486,3.516,3.516,166640.0,,adjusted
2019-09-30,3.486,3.636,3.486,3.526,3.526,219020.0,,adjusted
2019-10-08,3.596,3.866,3.546,3.846,3.846,820893.0,,adjusted
2019-10-09,3.836,3.856,3.756,3.846,3.846,423190.0,,adjusted
2019-10-10,3.846,3.916,3.766,3.886,3.886,424591.0,,adjusted
2019-10-11,3.886,3.936,3.816,3.916,3.916,366334.0,,adjusted
2019-10-14,3.936,3.976,3.856,3.906,3.906,435681.0,,adjusted
2019-10-15,3.846,3.886,3.736,3.856,3.856,606734.0,,adjusted
2019-10-16,3.876,3.946,3.786,3.846,3.846,318262.0,,adjusted
2019-10-17,3.876,3.886,3.776,3.806,3.806,240393.0,,adjusted
2019-10-18,3.816,3.856,3.686,3.766,3.766,269317.0,,adjusted
2019-10-21,3.706,3.746,3.666,3.716,3.716,249899.0,,adjusted
2019-10-22,3.726,3.766,3.696,3.766,3.766,209624.0,,adjusted
2019-10-23,3.736,3.836,3.726,3.786,3.786,270871.0,,adjusted
2019-10-24,3.796,3.826,3.676,3.686,3.686,204776.0,,adjusted
2019-10-25,3.716,3.836,3.716,3.836,3.836,303386.0,,adjusted
2019-10-28,3.836,3.926,3.806,3.846,3.846,278013.0,,adjusted
2019-10-29,3.846,3.866,3.726,3.766,3.766,223551.0,,adjusted
2019-10-30,3.736,3.746,3.586,3.666,3.666,330378.0,,adjusted
2019-10-31,3.726,3.726,3.586,3.676,3.676,312410.0,,adjusted
2019-11-01,3.676,3.806,3.586,3.756,3.756,336653.0,,adjusted
2019-11-04,3.756,3.806,3.696,3.756,3.756,271840.0,,adjusted
2019-11-05,3.756,3.796,3.696,3.756,3.756,268471.0,,adjusted
2019-11-06,3.726,3.966,3.726,3.876,3.876,698934.0,,adjusted
2019-11-07,3.896,3.926,3.856,3.906,3.906,288837.0,,adjusted
2019-11-08,3.946,3.956,3.796,3.796,3.796,308580.0,,adjusted
2019-11-11,3.826,3.836,3.606,3.616,3.616,428850.0,,adjusted
2019-11-12,3.636,3.736,3.616,3.706,3.706,255727.0,,adjusted
2019-11-13,3.756,3.776,3.686,3.756,3.756,246975.0,,adjusted
2019-11-14,3.796,3.986,3.786,3.886,3.886,693184.0,,adjusted
2019-11-15,3.936,3.956,3.796,3.816,3.816,347107.0,,adjusted
2019-11-18,3.796,3.946,3.776,3.946,3.946,481938.0,,adjusted
2019-11-19,3.986,3.996,3.916,3.976,3.976,415966.0,,adjusted
2019-11-20,3.986,3.986,3.866,3.886,3.886,312545.0,,adjusted
2019-11-21,3.866,3.876,3.786,3.816,3.816,253455.0,,adjusted
2019-11-22,3.846,3.916,3.706,3.756,3.756,336785.0,,adjusted
2019-11-25,3.746,3.926,3.736,3.926,3.926,365027.0,,adjusted
2019-11-26,3.906,3.936,3.826,3.936,3.936,441021.0,,adjusted
2019-11-27,3.886,3.966,3.836,3.886,3.886,355283.0,,adjusted
2019-11-28,3.926,3.946,3.796,3.806,3.806,291739.0,,adjusted
2019-11-29,3.806,3.886,3.746,3.776,3.776,219641.0,,adjusted
2019-12-02,3.786,3.846,3.736,3.786,3.786,270567.0,,adjusted
2019-12-03,3.756,3.816,3.706,3.816,3.816,239968.0,,adjusted
2019-12-04,3.796,3.796,3.746,3.776,3.776,177669.0,,adjusted
2019-12-05,3.806,3.926,3.756,3.866,3.866,364608.0,,adjusted
2019-12-06,3.836,3.896,3.816,3.846,3.846,317026.0,,adjusted
2019-12-09,3.876,3.896,3.806,3.856,3.856,237963.0,,adjusted
2019-12-10,3.846,3.856,3.806,3.846,3.846,257485.0,,adjusted
2019-12-11,3.866,4.246,3.856,4.206,4.206,1478903.0,,adjusted
2019-12-12,4.226,4.236,4.106,4.116,4.116,630099.0,,adjusted
2019-12-13,4.146,4.196,4.056,4.146,4.146,632285.0,,adjusted
2019-12-16,4.186,4.206,4.056,4.126,4.126,466769.0,,adjusted
2019-12-17,4.156,4.226,4.096,4.186,4.186,531681.0,,adjusted
2019-12-18,4.236,4.316,4.166,4.276,4.276,530479.0,,adjusted
2019-12-19,4.276,4.356,4.236,4.316,4.316,418759.0,,adjusted
2019-12-20,4.266,4.326,4.226,4.236,4.236,367699.0,,adjusted
2019-12-23,4.236,4.426,4.176,4.216,4.216,520468.0,,adjusted
2019-12-24,4.216,4.276,4.206,4.256,4.256,258921.0,,adjusted
2019-12-25,4.256,4.376,4.226,4.356,4.356,329037.0,,adjusted
2019-12-26,4.366,4.416,4.286,4.346,4.346,323118.0,,adjusted
2019-12-27,4.346,4.406,4.336,4.366,4.366,378225.0,,adjusted
2019-12-30,4.366,4.446,4.316,4.406,4.406,497447.0,,adjusted
2019-12-31,4.426,4.506,4.406,4.506,4.506,408967.0,,adjusted
2020-01-02,4.576,4.766,4.546,4.696,4.696,720292.0,,adjusted
2020-01-03,4.726,4.746,4.636,4.666,4.666,315395.0,,adjusted
2020-01-06,4.616,4.686,4.396,4.476,4.476,603319.0,,adjusted
2020-01-07,4.476,4.556,4.466,4.506,4.506,342502.0,,adjusted
2020-01-08,4.486,4.486,4.346,4.376,4.376,355293.0,,adjusted
2020-01-09,4.436,4.496,4.406,4.476,4.476,344164.0,,adjusted
2020-01-10,4.486,4.516,4.406,4.496,4.496,349044.0,,adjusted
2020-01-13,4.516,4.536,4.386,4.476,4.476,397198.0,,adjusted
2020-01-14,4.486,4.536,4.446,4.476,4.476,278579.0,,adjusted
2020-01-15,4.466,4.466,4.346,4.406,4.406,315932.0,,adjusted
2020-01-16,4.416,4.546,4.406,4.486,4.486,597451.0,,adjusted
2020-01-17,4.506,4.696,4.486,4.696,4.696,590020.0,,adjusted
2020-01-20,4.696,4.716,4.596,4.686,4.686,391646.0,,adjusted
2020-01-21,4.686,4.696,4.376,4.376,4.376,543433.0,,adjusted
2020-01-22,4.346,4.516,4.106,4.486,4.486,542024.0,,adjusted
2020-01-23,4.356,4.416,4.056,4.126,4.126,462998.0,,adjusted
2020-02-03,3.496,3.496,3.496,3.496,3.496,163957.0,,adjusted
2020-02-04,3.186,3.716,3.186,3.666,3.666,805256.0,,adjusted
2020-02-05,3.636,3.866,3.636,3.666,3.666,479139.0,,adjusted
2020-02-06,3.686,3.876,3.576,3.806,3.806,450033.0,,adjusted
2020-02-07,3.776,3.846,3.736,3.796,3.796,366645.0,,adjusted
2020-02-10,3.786,4.106,3.736,4.046,4.046,470706.0,,adjusted
2020-02-11,4.026,4.186,4.006,4.076,4.076,354339.0,,adjusted
2020-02-12,4.026,4.116,3.996,4.036,4.036,314384.0,,adjusted
2020-02-13,4.006,4.226,3.986,4.106,4.106,503285.0,,adjusted
2020-02-14,4.056,4.136,4.036,4.106,4.106,251982.0,,adjusted
2020-02-17,4.126,4.246,4.096,4.226,4.226,315245.0,,adjusted
2020-02-18,4.226,4.246,4.136,4.196,4.196,254449.0,,adjusted
2020-02-19,4.166,4.266,4.156,4.176,4.176,251926.0,,adjusted
2020-02-20,4.176,4.276,4.136,4.256,4.256,385676.0,,adjusted
2020-02-21,4.256,4.386,4.226,4.326,4.326,333255.0,,adjusted
2020-02-24,4.316,4.386,4.196,4.236,4.236,368072.0,,adjusted
2020-02-25,4.026,4.226,3.966,4.096,4.096,454857.0,,adjusted
2020-02-26,4.036,4.266,4.026,4.146,4.146,486246.0,,adjusted
2020-02-27,4.196,4.456,4.196,4.406,4.406,711048.0,,adjusted
2020-02-28,4.336,4.406,4.086,4.106,4.106,692495.0,,adjusted
2020-03-02,4.166,4.676,4.136,4.576,4.576,999231.0,,adjusted
2020-03-03,4.716,4.776,4.346,4.476,4.476,908443.0,,adjusted
2020-03-04,4.426,4.536,4.326,4.506,4.506,670186.0,,adjusted
2020-03-05,4.526,4.566,4.426,4.516,4.516,503623.0,,adjusted
2020-03-06,4.456,4.456,4.316,4.356,4.356,524841.0,,adjusted
2020-03-09,4.246,4.256,4.006,4.006,4.006,712969.0,,adjusted
2020-03-10,3.906,4.126,3.876,4.066,4.066,555649.0,,adjusted
2020-03-11,4.086,4.106,3.956,3.956,3.956,384832.0,,adjusted
2020-03-12,3.896,3.896,3.726,3.776,3.776,459906.0,,adjusted
2020-03-13,3.346,3.796,3.346,3.626,3.626,525116.0,,adjusted
2020-03-16,3.676,3.706,3.246,3.266,3.266,692173.0,,adjusted
2020-03-17,3.246,3.416,3.226,3.376,3.376,522613.0,,adjusted
2020-03-18,3.406,3.556,3.276,3.276,3.276,517365.0,,adjusted
2020-03-19,3.256,3.476,3.106,3.266,3.266,819987.0,,adjusted
2020-03-20,3.346,3.446,3.256,3.416,3.416,550032.0,,adjusted
2020-03-23,3.326,3.496,3.256,3.456,3.456,516196.0,,adjusted
2020-03-24,3.496,3.596,3.386,3.506,3.506,614263.0,,adjusted
2020-03-25,3.636,3.686,3.496,3.566,3.566,544888.0,,adjusted
2020-03-26,3.556,3.646,3.496,3.626,3.626,434318.0,,adjusted
2020-03-27,3.676,3.836,3.626,3.786,3.786,586374.0,,adjusted
2020-03-30,3.706,3.816,3.686,3.786,3.786,379370.0,,adjusted
2020-03-31,3.676,3.706,3.486,3.516,3.516,757426.0,,adjusted
2020-04-01,3.426,3.546,3.406,3.416,3.416,484175.0,,adjusted
2020-04-02,3.376,3.506,3.346,3.486,3.486,364460.0,,adjusted
2020-04-03,3.496,3.616,3.486,3.576,3.576,408669.0,,adjusted
2020-04-07,3.726,3.906,3.676,3.866,3.866,719595.0,,adjusted
2020-04-08,3.866,3.946,3.826,3.926,3.926,459620.0,,adjusted
2020-04-09,3.936,3.966,3.886,3.926,3.926,304501.0,,adjusted
2020-04-10,3.986,4.246,3.976,4.056,4.056,779089.0,,adjusted
2020-04-13,4.156,4.426,4.156,4.326,4.326,924217.0,,adjusted
2020-04-14,4.386,4.466,4.296,4.366,4.366,729811.0,,adjusted
2020-04-15,4.376,4.396,4.156,4.226,4.226,615841.0,,adjusted
2020-04-16,4.126,4.226,4.126,4.196,4.196,347180.0,,adjusted
2020-04-17,4.216,4.396,4.216,4.256,4.256,581983.0,,adjusted
2020-04-20,4.316,4.386,4.256,4.286,4.286,397837.0,,adjusted
2020-04-21,4.256,4.286,4.086,4.166,4.166,491530.0,,adjusted
2020-04-22,4.176,4.186,4.076,4.146,4.146,287096.0,,adjusted
2020-04-23,4.186,4.216,4.006,4.006,4.006,579806.0,,adjusted
2020-04-24,4.046,4.166,3.976,4.016,4.016,437814.0,,adjusted
2020-04-27,4.026,4.076,3.886,3.986,3.986,417690.0,,adjusted
2020-04-28,4.016,4.076,3.886,4.016,4.016,379116.0,,adjusted
2020-04-29,4.016,4.086,3.926,4.046,4.046,312030.0,,adjusted
2020-04-30,4.146,4.266,4.126,4.226,4.226,521439.0,,adjusted
2020-05-06,4.176,4.416,4.176,4.396,4.396,807599.0,,adjusted
2020-05-07,4.406,4.546,4.336,4.516,4.516,848814.0,,adjusted
2020-05-08,4.506,4.776,4.496,4.726,4.726,975284.0,,adjusted
2020-05-11,4.756,4.876,4.736,4.776,4.776,935524.0,,adjusted
2020-05-12,4.826,4.966,4.736,4.796,4.796,803636.0,,adjusted
2020-05-13,4.766,4.856,4.686,4.836,4.836,539435.0,,adjusted
2020-05-14,4.776,4.816,4.686,4.696,4.696,549688.0,,adjusted
2020-05-15,4.746,4.796,4.626,4.666,4.666,423034.0,,adjusted
2020-05-18,4.736,4.776,4.626,4.696,4.696,385128.0,,adjusted
2020-05-19,4.746,4.876,4.716,4.776,4.776,509788.0,,adjusted
2020-05-20,4.796,4.806,4.636,4.656,4.656,394249.0,,adjusted
2020-05-21,4.696,4.716,4.436,4.466,4.466,469117.0,,adjusted
2020-05-22,4.466,4.486,4.196,4.266,4.266,528270.0,,adjusted
2020-05-25,4.286,4.376,4.226,4.316,4.316,353923.0,,adjusted
2020-05-26,4.326,4.386,4.276,4.326,4.326,480764.0,,adjusted
2020-05-27,4.336,4.366,4.176,4.246,4.246,398556.0,,adjusted
2020-05-28,4.256,4.386,4.156,4.226,4.226,403654.0,,adjusted
2020-05-29,4.216,4.266,4.126,4.196,4.196,508828.0,,adjusted
2020-06-01,4.266,4.406,4.256,4.376,4.376,585700.0,,adjusted
2020-06-02,4.386,4.426,4.276,4.336,4.336,412501.0,,adjusted
2020-06-03,4.356,4.466,4.266,4.296,4.296,493048.0,,adjusted
2020-06-04,4.276,4.316,4.216,4.236,4.236,315791.0,,adjusted
2020-06-05,4.246,4.276,4.136,4.176,4.176,259793.0,,adjusted
2020-06-08,4.256,4.276,4.136,4.166,4.166,409384.0,,adjusted
2020-06-09,4.196,4.286,4.176,4.246,4.246,498452.0,,adjusted
2020-06-10,4.236,4.266,4.146,4.216,4.216,450892.0,,adjusted
2020-06-11,4.216,4.336,4.156,4.226,4.226,610446.0,,adjusted
2020-06-12,4.106,4.116,4.006,4.076,4.076,699556.0,,adjusted
2020-06-15,4.066,4.086,3.956,3.966,3.966,407671.0,,adjusted
2020-06-16,4.026,4.266,3.996,4.246,4.246,700925.0,,adjusted
2020-06-17,4.226,4.276,4.146,4.226,4.226,332912.0,,adjusted
2020-06-18,4.236,4.256,4.176,4.236,4.236,270674.0,,adjusted
2020-06-19,4.246,4.296,4.196,4.256,4.256,390358.0,,adjusted
2020-06-22,4.256,4.266,4.126,4.146,4.146,387679.0,,adjusted
2020-06-23,4.126,4.206,4.056,4.096,4.096,597000.0,,adjusted
2020-06-24,4.096,4.156,4.046,4.076,4.076,350184.0,,adjusted
2020-06-29,4.026,4.076,4.006,4.036,4.036,319309.0,,adjusted
2020-06-30,4.076,4.286,4.076,4.256,4.256,516545.0,,adjusted
2020-07-01,4.326,4.806,4.306,4.726,4.726,1331981.0,,adjusted
2020-07-02,4.816,5.056,4.726,4.996,4.996,1450317.0,,adjusted
2020-07-03,5.006,5.296,4.966,5.046,5.046,1346682.0,,adjusted
2020-07-06,5.326,5.346,5.046,5.196,5.196,1640774.0,,adjusted
2020-07-07,5.336,5.626,5.336,5.506,5.506,1796840.0,,adjusted
2020-07-08,5.386,5.476,5.236,5.456,5.456,1074190.0,,adjusted
2020-07-09,5.456,5.586,5.416,5.526,5.526,826962.0,,adjusted
2020-07-10,5.506,5.756,5.426,5.546,5.546,871431.0,,adjusted
2020-07-13,5.526,5.926,5.526,5.846,5.846,1028454.0,,adjusted
2020-07-14,5.806,5.806,5.526,5.646,5.646,902838.0,,adjusted
2020-07-15,6.026,6.356,5.926,6.076,6.076,1673590.0,,adjusted
2020-07-16,6.226,6.386,5.806,5.856,5.856,1238597.0,,adjusted
2020-07-17,5.926,6.136,5.746,5.976,5.976,1038729.0,,adjusted
2020-07-20,6.126,6.796,6.126,6.736,6.736,1774119.0,,adjusted
2020-07-21,6.786,6.786,6.506,6.746,6.746,1073403.0,,adjusted
2020-07-22,6.726,6.746,6.546,6.606,6.606,771256.0,,adjusted
2020-07-23,6.526,6.626,6.206,6.516,6.516,1008740.0,,adjusted
2020-07-24,6.436,6.566,6.006,6.066,6.066,1068481.0,,adjusted
2020-07-27,6.126,6.316,5.976,6.046,6.046,657522.0,,adjusted
2020-07-28,6.166,6.296,6.006,6.146,6.146,721157.0,,adjusted
2020-07-29,6.026,6.266,5.926,6.226,6.226,844270.0,,adjusted
2020-07-30,6.256,6.356,6.046,6.066,6.066,733308.0,,adjusted
2020-07-31,6.106,6.286,5.926,6.086,6.086,730993.0,,adjusted
2020-08-03,6.116,6.376,6.106,6.296,6.296,752876.0,,adjusted
2020-08-04,6.356,6.366,6.146,6.266,6.266,695333.0,,adjusted
2020-08-05,6.196,6.216,6.036,6.126,6.126,500103.0,,adjusted
2020-08-06,6.166,6.166,5.936,6.016,6.016,497533.0,,adjusted
2020-08-07,5.946,6.126,5.856,6.026,6.026,498963.0,,adjusted
2020-08-10,5.986,6.166,5.946,6.146,6.146,525680.0,,adjusted
2020-08-11,6.126,6.206,5.996,6.016,6.016,523367.0,,adjusted
2020-08-12,5.956,6.026,5.636,5.836,5.836,713077.0,,adjusted
2020-08-13,5.866,5.976,5.806,5.866,5.866,351167.0,,adjusted
2020-08-14,5.876,5.926,5.716,5.916,5.916,315594.0,,adjusted
2020-08-17,5.916,6.246,5.916,6.196,6.196,753490.0,,adjusted
2020-08-18,6.236,6.386,6.166,6.346,6.346,633540.0,,adjusted
2020-08-19,6.286,6.366,6.186,6.306,6.306,526417.0,,adjusted
2020-08-20,6.266,6.376,6.126,6.166,6.166,417748.0,,adjusted
2020-08-21,6.316,6.326,6.046,6.166,6.166,450845.0,,adjusted
2020-08-24,6.306,6.726,6.266,6.416,6.416,1132264.0,,adjusted
2020-08-25,6.466,6.756,6.396,6.596,6.596,977870.0,,adjusted
2020-08-26,6.606,6.666,6.306,6.356,6.356,673733.0,,adjusted
2020-08-27,6.356,6.416,6.256,6.366,6.366,372084.0,,adjusted
2020-08-28,6.326,6.526,6.196,6.496,6.496,521075.0,,adjusted
2020-08-31,6.596,6.786,6.346,6.346,6.346,692442.0,,adjusted
2020-09-01,6.346,6.496,6.336,6.436,6.436,461873.0,,adjusted
2020-09-02,6.436,6.466,6.176,6.346,6.346,553214.0,,adjusted
2020-09-03,6.356,6.726,6.306,6.426,6.426,813333.0,,adjusted
2020-09-04,6.246,6.376,6.166,6.306,6.306,463773.0,,adjusted
2020-09-07,6.286,6.356,5.986,6.026,6.026,468851.0,,adjusted
2020-09-08,6.026,6.166,5.956,6.136,6.136,377104.0,,adjusted
2020-09-09,6.026,6.046,5.796,5.836,5.836,549548.0,,adjusted
2020-09-10,5.916,5.966,5.806,5.816,5.816,408413.0,,adjusted
2020-09-11,5.806,5.906,5.766,5.826,5.826,339284.0,,adjusted
2020-09-14,5.876,5.916,5.786,5.896,5.896,372609.0,,adjusted
2020-09-15,5.866,6.146,5.796,6.126,6.126,593701.0,,adjusted
2020-09-16,6.076,6.196,5.996,6.116,6.116,365968.0,,adjusted
2020-09-17,6.126,6.406,6.076,6.336,6.336,755693.0,,adjusted
2020-09-18,6.316,6.426,6.246,6.406,6.406,588588.0,,adjusted
2020-09-21,6.426,6.566,6.326,6.406,6.406,510227.0,,adjusted
2020-09-22,6.306,6.386,6.186,6.206,6.206,440979.0,,adjusted
2020-09-23,6.266,6.336,6.116,6.146,6.146,328445.0,,adjusted
2020-09-24,6.116,6.146,5.896,5.926,5.926,390489.0,,adjusted
2020-09-25,5.966,5.986,5.866,5.946,5.946,275334.0,,adjusted
2020-09-28,5.966,6.026,5.846,5.876,5.876,284685.0,,adjusted
2020-09-29,5.946,5.946,5.796,5.836,5.836,403108.0,,adjusted
2020-09-30,5.786,6.126,5.776,5.936,5.936,494793.0,,adjusted
2020-10-09,6.146,6.386,6.126,6.146,6.146,567033.0,,adjusted
2020-10-12,6.146,6.516,6.106,6.456,6.456,794202.0,,adjusted
2020-10-13,6.386,6.476,6.286,6.416,6.416,440525.0,,adjusted
2020-10-14,6.356,6.566,6.326,6.566,6.566,629290.0,,adjusted
2020-10-15,6.626,6.706,6.426,6.456,6.456,792283.0,,adjusted
2020-10-16,6.466,6.746,6.456,6.696,6.696,879377.0,,adjusted
2020-10-19,6.706,6.746,6.426,6.466,6.466,718431.0,,adjusted
2020-10-20,6.516,6.556,6.286,6.416,6.416,633663.0,,adjusted
2020-10-21,6.446,6.496,6.316,6.456,6.456,410218.0,,adjusted
2020-10-22,6.426,6.426,6.156,6.216,6.216,451579.0,,adjusted
2020-10-23,6.206,6.236,5.806,5.836,5.836,946895.0,,adjusted
2020-10-26,5.796,5.896,5.626,5.836,5.836,401992.0,,adjusted
2020-10-27,5.856,5.886,5.666,5.746,5.746,503147.0,,adjusted
2020-10-28,5.756,5.766,5.506,5.656,5.656,561200.0,,adjusted
2020-10-29,5.536,5.686,5.486,5.626,5.626,540792.0,,adjusted
2020-10-30,5.636,5.666,5.326,5.436,5.436,719762.0,,adjusted
2020-11-02,5.486,5.516,5.226,5.276,5.276,907429.0,,adjusted
2020-11-03,5.336,5.436,5.246,5.306,5.306,864443.0,,adjusted
2020-11-04,5.296,5.396,5.226,5.376,5.376,539983.0,,adjusted
2020-11-05,5.406,5.506,5.356,5.456,5.456,715644.0,,adjusted
2020-11-06,5.436,5.526,5.376,5.526,5.526,679096.0,,adjusted
2020-11-09,5.596,5.706,5.536,5.636,5.636,818479.0,,adjusted
2020-11-10,5.666,5.666,5.516,5.556,5.556,514527.0,,adjusted
2020-11-11,5.556,5.896,5.526,5.786,5.786,959626.0,,adjusted
2020-11-12,5.786,5.806,5.616,5.716,5.716,633497.0,,adjusted
2020-11-13,5.686,5.686,5.426,5.496,5.496,652294.0,,adjusted
2020-11-16,5.506,5.796,5.496,5.776,5.776,900180.0,,adjusted
2020-11-17,5.776,5.946,5.706,5.776,5.776,647615.0,,adjusted
2020-11-18,5.836,5.876,5.736,5.776,5.776,426912.0,,adjusted
2020-11-19,5.716,5.776,5.586,5.746,5.746,426996.0,,adjusted
2020-11-20,5.746,5.886,5.716,5.856,5.856,573308.0,,adjusted
2020-11-23,5.916,6.186,5.886,6.076,6.076,794975.0,,adjusted
2020-11-24,6.136,6.266,6.056,6.146,6.146,740512.0,,adjusted
2020-11-25,6.206,6.246,6.056,6.096,6.096,534287.0,,adjusted
2020-11-26,6.116,6.136,5.956,6.106,6.106,391947.0,,adjusted
2020-11-27,6.136,6.336,6.106,6.316,6.316,676298.0,,adjusted
2020-11-30,6.436,6.876,6.406,6.596,6.596,1748185.0,,adjusted
2020-12-01,6.646,7.456,6.646,7.456,7.456,2906864.0,,adjusted
2020-12-02,7.786,8.396,7.656,8.396,8.396,4913832.0,,adjusted
2020-12-03,8.336,8.466,8.086,8.146,8.146,3163636.0,,adjusted
2020-12-04,8.346,8.416,8.076,8.256,8.256,2145224.0,,adjusted
2020-12-07,8.356,9.126,8.236,8.856,8.856,2915339.0,,adjusted
2020-12-08,8.646,8.716,8.016,8.146,8.146,2612247.0,,adjusted
2020-12-09,8.236,8.336,7.906,7.936,7.936,1664923.0,,adjusted
2020-12-10,7.926,7.996,7.766,7.866,7.866,1320340.0,,adjusted
2020-12-11,7.876,8.006,7.506,7.726,7.726,1479545.0,,adjusted
2020-12-14,7.706,7.716,7.426,7.576,7.576,1020170.0,,adjusted
2020-12-15,7.676,8.006,7.326,7.536,7.536,1489977.0,,adjusted
2020-12-16,7.536,7.616,7.346,7.466,7.466,1201426.0,,adjusted
2020-12-17,7.436,7.646,7.306,7.626,7.626,1298824.0,,adjusted
2020-12-18,7.546,7.566,7.236,7.426,7.426,1474364.0,,adjusted
2020-12-21,7.256,7.606,7.196,7.536,7.536,1040863.0,,adjusted
2020-12-22,7.456,7.866,7.366,7.486,7.486,1420335.0,,adjusted
2020-12-23,7.486,7.666,7.346,7.446,7.446,1041571.0,,adjusted
2020-12-24,7.426,7.496,7.106,7.136,7.136,981624.0,,adjusted
2020-12-25,7.146,7.406,7.096,7.306,7.306,831189.0,,adjusted
2020-12-28,7.296,7.656,7.266,7.536,7.536,1229624.0,,adjusted
2020-12-29,7.446,7.526,7.296,7.316,7.316,805446.0,,adjusted
2020-12-30,7.316,8.236,7.306,8.106,8.106,1886569.0,,adjusted
2020-12-31,8.036,8.086,7.796,7.936,7.936,1277562.0,,adjusted
2021-01-04,8.036,8.386,7.986,8.256,8.256,1668366.0,,adjusted
2021-01-05,8.236,8.826,8.066,8.786,8.786,1941317.0,,adjusted
2021-01-06,8.736,9.036,8.606,8.766,8.766,1487826.0,,adjusted
2021-01-07,8.746,9.616,8.746,9.556,9.556,2253942.0,,adjusted
2021-01-08,9.586,9.936,9.096,9.896,9.896,2100616.0,,adjusted
2021-01-11,9.886,10.476,9.366,9.466,9.466,2599320.0,,adjusted
2021-01-12,9.316,10.006,9.236,9.856,9.856,1748477.0,,adjusted
2021-01-13,10.056,11.036,10.056,10.686,10.686,3239127.0,,adjusted
2021-01-14,10.336,10.536,9.426,9.476,9.476,2696945.0,,adjusted
2021-01-15,9.436,10.136,9.416,9.826,9.826,2111335.0,,adjusted
2021-01-18,9.766,9.936,9.196,9.766,9.766,1739868.0,,adjusted
2021-01-19,9.826,10.166,9.386,9.396,9.396,1322824.0,,adjusted
2021-01-20,9.376,9.606,9.296,9.356,9.356,1079074.0,,adjusted
2021-01-21,9.786,10.096,9.496,9.656,9.656,2029952.0,,adjusted
2021-01-22,9.536,9.956,9.316,9.726,9.726,1599111.0,,adjusted
2021-01-25,9.816,10.276,9.446,10.226,10.226,2121030.0,,adjusted
2021-01-26,9.956,9.986,9.476,9.596,9.596,1605048.0,,adjusted
2021-01-27,9.516,10.256,9.416,10.176,10.176,1868212.0,,adjusted
2021-01-28,9.836,10.166,9.676,9.896,9.896,1252092.0,,adjusted
2021-01-29,10.046,10.636,9.956,10.476,10.476,2466098.0,,adjusted
2021-02-01,10.496,11.696,10.296,11.616,11.616,2185961.0,,adjusted
2021-02-02,11.416,12.166,11.366,11.836,11.836,2275719.0,,adjusted
2021-02-03,11.896,12.136,11.476,11.836,11.836,1827597.0,,adjusted
2021-02-04,11.626,11.716,10.636,10.996,10.996,2101071.0,,adjusted
2021-02-05,11.186,11.506,10.316,10.336,10.336,2115001.0,,adjusted
2021-02-08,10.796,11.566,10.796,11.566,11.566,1611509.0,,adjusted
2021-02-09,12.036,12.916,11.916,12.746,12.746,3373375.0,,adjusted
2021-02-10,12.766,13.206,12.456,12.936,12.936,2254354.0,,adjusted
2021-02-18,13.536,13.626,12.246,12.336,12.336,2401480.0,,adjusted
2021-02-19,12.386,12.876,11.986,12.626,12.626,2156364.0,,adjusted
2021-02-22,12.396,12.416,11.926,11.946,11.946,1951596.0,,adjusted
2021-02-23,11.636,12.346,11.566,12.006,12.006,1382698.0,,adjusted
2021-02-24,12.106,12.236,11.716,11.756,11.756,1406679.0,,adjusted
2021-02-25,11.976,12.486,11.446,12.436,12.436,1815581.0,,adjusted
2021-02-26,12.016,12.436,11.766,12.416,12.416,1495995.0,,adjusted
2021-03-01,12.546,13.736,12.216,13.736,13.736,2158448.0,,adjusted
2021-03-02,13.636,13.886,13.246,13.436,13.436,1694572.0,,adjusted
2021-03-03,13.236,13.686,13.066,13.586,13.586,1233165.0,,adjusted
2021-03-04,13.336,13.336,12.036,12.216,12.216,2522937.0,,adjusted
2021-03-05,11.536,11.866,11.066,11.556,11.556,1839532.0,,adjusted
2021-03-08,11.576,11.956,10.396,10.466,10.466,2175475.0,,adjusted
2021-03-09,10.276,10.696,9.566,10.456,10.456,1769537.0,,adjusted
2021-03-10,10.616,10.746,10.186,10.406,10.406,1046635.0,,adjusted
2021-03-11,10.546,11.266,10.526,11.066,11.066,1370686.0,,adjusted
2021-03-12,11.106,11.146,10.716,10.946,10.946,899557.0,,adjusted
2021-03-15,10.786,10.916,10.506,10.636,10.636,811331.0,,adjusted
2021-03-16,10.746,10.936,10.436,10.516,10.516,837099.0,,adjusted
2021-03-17,10.336,10.736,10.266,10.646,10.646,692114.0,,adjusted
2021-03-18,10.726,10.966,10.536,10.796,10.796,807245.0,,adjusted
2021-03-19,10.496,10.676,10.216,10.326,10.326,937903.0,,adjusted
2021-03-22,10.286,11.256,10.246,11.016,11.016,1277029.0,,adjusted
2021-03-23,11.066,11.096,10.526,10.676,10.676,805456.0,,adjusted
2021-03-24,10.566,10.706,9.736,9.886,9.886,1479487.0,,adjusted
2021-03-25,9.786,9.996,9.736,9.866,9.866,666470.0,,adjusted
2021-03-26,9.986,10.386,9.946,10.246,10.246,834144.0,,adjusted
2021-03-29,10.246,10.446,9.986,10.316,10.316,646986.0,,adjusted
2021-03-30,10.356,10.796,10.356,10.686,10.686,896069.0,,adjusted
2021-03-31,11.036,11.036,10.266,10.746,10.746,1359833.0,,adjusted
2021-04-01,10.716,11.426,10.666,11.106,11.106,1378642.0,,adjusted
2021-04-02,11.116,11.256,10.876,11.106,11.106,818387.0,,adjusted
2021-04-06,11.116,11.216,10.856,11.026,11.026,626918.0,,adjusted
2021-04-07,11.136,11.336,10.836,11.336,11.336,926498.0,,adjusted
2021-04-08,11.246,11.376,11.136,11.216,11.216,593974.0,,adjusted
2021-04-09,11.236,11.326,10.586,10.896,10.896,1005912.0,,adjusted
2021-04-12,10.746,10.806,9.916,10.016,10.016,1424152.0,,adjusted
2021-04-13,9.936,10.276,9.866,10.226,10.226,692575.0,,adjusted
2021-04-14,10.146,10.526,10.136,10.366,10.366,675459.0,,adjusted
2021-04-15,10.336,10.386,10.046,10.356,10.356,442275.0,,adjusted
2021-04-16,10.456,10.496,10.136,10.356,10.356,505888.0,,adjusted
2021-04-19,10.236,10.516,10.096,10.486,10.486,892102.0,,adjusted
2021-04-20,10.396,10.586,10.206,10.436,10.436,752880.0,,adjusted
2021-04-21,10.326,10.376,10.166,10.226,10.226,466170.0,,adjusted
2021-04-22,10.236,10.306,10.086,10.186,10.186,484887.0,,adjusted
2021-04-23,10.136,10.466,10.086,10.326,10.326,598202.0,,adjusted
2021-04-26,10.296,10.426,9.916,9.936,9.936,979884.0,,adjusted
2021-04-27,9.866,9.936,9.546,9.866,9.866,720574.0,,adjusted
2021-04-28,9.826,10.016,9.766,9.936,9.936,391595.0,,adjusted
2021-04-29,9.976,10.066,9.836,9.916,9.916,444347.0,,adjusted
2021-04-30,10.026,10.066,9.656,9.846,9.846,571512.0,,adjusted
2021-05-06,9.816,9.816,9.326,9.596,9.596,828409.0,,adjusted
2021-05-07,9.616,9.896,9.406,9.416,9.416,677166.0,,adjusted
2021-05-10,9.316,9.316,8.856,9.116,9.116,992193.0,,adjusted
2021-05-11,8.946,9.186,8.796,9.166,9.166,704745.0,,adjusted
2021-05-12,9.026,9.126,8.866,9.036,9.036,558066.0,,adjusted
2021-05-13,8.906,8.976,8.766,8.806,8.806,482474.0,,adjusted
2021-05-14,8.856,9.126,8.766,9.096,9.096,620941.0,,adjusted
2021-05-17,9.086,9.486,9.046,9.216,9.216,735262.0,,adjusted
2021-05-18,9.216,9.246,8.976,9.026,9.026,418053.0,,adjusted
2021-05-19,8.956,9.126,8.846,8.916,8.916,402413.0,,adjusted
2021-05-20,8.996,9.236,8.786,8.846,8.846,710527.0,,adjusted
2021-05-21,8.856,8.906,8.426,8.486,8.486,901573.0,,adjusted
2021-05-24,8.516,8.666,8.346,8.656,8.656,684629.0,,adjusted
2021-05-25,8.666,8.756,8.416,8.736,8.736,728717.0,,adjusted
2021-05-26,8.736,9.186,8.736,9.126,9.126,1125315.0,,adjusted
2021-05-27,9.076,9.256,8.886,9.146,9.146,710482.0,,adjusted
2021-05-28,9.146,9.156,8.846,8.966,8.966,599030.0,,adjusted
2021-05-31,8.986,9.036,8.656,8.786,8.786,703223.0,,adjusted
2021-06-01,8.786,9.006,8.706,8.956,8.956,667060.0,,adjusted
2021-06-02,9.036,9.156,8.686,8.706,8.706,675819.0,,adjusted
2021-06-03,8.706,8.726,8.486,8.486,8.486,634906.0,,adjusted
2021-06-04,8.436,8.456,8.256,8.286,8.286,783940.0,,adjusted
2021-06-07,8.286,8.366,8.216,8.346,8.346,410324.0,,adjusted
2021-06-08,8.306,8.326,8.136,8.166,8.166,593510.0,,adjusted
2021-06-09,8.106,8.206,7.896,8.066,8.066,786367.0,,adjusted
2021-06-10,8.036,8.156,7.936,7.936,7.936,668878.0,,adjusted
2021-06-11,8.066,8.076,7.606,7.716,7.716,1276857.0,,adjusted
2021-06-15,7.656,7.686,7.436,7.446,7.446,714404.0,,adjusted
2021-06-16,7.426,7.526,7.236,7.266,7.266,575491.0,,adjusted
2021-06-17,7.196,7.296,7.136,7.166,7.166,760562.0,,adjusted
2021-06-18,7.206,7.246,7.006,7.236,7.236,880627.0,,adjusted
2021-06-21,7.216,7.216,7.056,7.076,7.076,697769.0,,adjusted
2021-06-22,7.096,7.426,7.086,7.276,7.276,1153709.0,,adjusted
2021-06-23,7.276,7.296,7.106,7.166,7.166,706103.0,,adjusted
2021-06-24,7.166,7.206,7.036,7.096,7.096,601301.0,,adjusted
2021-06-25,7.136,7.566,7.076,7.466,7.466,1373938.0,,adjusted
2021-06-28,7.466,7.466,7.166,7.186,7.186,1144179.0,,adjusted
2021-06-29,7.186,7.266,7.066,7.216,7.216,766580.0,,adjusted
2021-06-30,7.336,7.386,7.116,7.276,7.276,708416.0,,adjusted
2021-07-01,7.286,7.316,7.096,7.136,7.136,603480.0,,adjusted
2021-07-02,7.116,7.126,6.846,6.906,6.906,853730.0,,adjusted
2021-07-05,6.886,6.896,6.546,6.686,6.686,1002168.0,,adjusted
2021-07-06,6.686,6.926,6.656,6.876,6.876,731198.0,,adjusted
2021-07-07,6.916,7.026,6.786,6.886,6.886,641269.0,,adjusted
2021-07-08,6.876,6.916,6.676,6.706,6.706,677064.0,,adjusted
2021-07-09,6.656,6.976,6.606,6.926,6.926,749745.0,,adjusted
2021-07-12,7.026,7.076,6.756,6.756,6.756,873845.0,,adjusted
2021-07-13,6.716,6.866,6.606,6.806,6.806,687360.0,,adjusted
2021-07-14,6.786,6.786,6.436,6.456,6.456,1203156.0,,adjusted
2021-07-15,6.456,6.646,6.346,6.626,6.626,980101.0,,adjusted
2021-07-16,6.576,6.576,6.436,6.476,6.476,683450.0,,adjusted
2021-07-19,6.436,6.446,6.146,6.326,6.326,1104903.0,,adjusted
2021-07-20,6.226,6.476,6.176,6.406,6.406,663616.0,,adjusted
2021-07-21,6.406,6.556,6.246,6.266,6.266,930925.0,,adjusted
2021-07-22,6.226,6.716,6.206,6.536,6.536,1946268.0,,adjusted
2021-07-23,6.536,6.706,6.476,6.526,6.526,1162075.0,,adjusted
2021-07-26,6.466,6.496,5.956,6.126,6.126,1196337.0,,adjusted
2021-07-27,6.096,6.186,5.776,5.786,5.786,1037721.0,,adjusted
2021-07-28,5.776,5.816,5.586,5.766,5.766,742042.0,,adjusted
2021-07-29,5.846,5.896,5.736,5.806,5.806,610071.0,,adjusted
2021-07-30,5.796,6.006,5.676,5.966,5.966,696500.0,,adjusted
2021-08-02,5.966,6.726,5.786,6.726,6.726,1975755.0,,adjusted
2021-08-03,6.746,7.056,6.646,6.826,6.826,2589198.0,,adjusted
2021-08-04,6.816,7.356,6.736,7.056,7.056,2252700.0,,adjusted
2021-08-05,7.036,7.206,6.886,7.016,7.016,1518131.0,,adjusted
2021-08-06,6.886,7.046,6.756,6.906,6.906,1013747.0,,adjusted
2021-08-09,6.906,7.546,6.866,7.426,7.426,2118964.0,,adjusted
2021-08-10,7.406,7.576,7.166,7.506,7.506,2301313.0,,adjusted
2021-08-11,7.576,7.756,7.356,7.366,7.366,1861537.0,,adjusted
2021-08-12,7.356,7.356,7.076,7.156,7.156,1373658.0,,adjusted
2021-08-13,7.156,7.306,7.036,7.156,7.156,1013457.0,,adjusted
2021-08-16,7.156,7.196,6.916,6.936,6.936,999238.0,,adjusted
2021-08-17,6.916,7.056,6.726,6.756,6.756,974118.0,,adjusted
2021-08-18,6.756,6.916,6.666,6.906,6.906,946325.0,,adjusted
2021-08-19,6.846,6.856,6.426,6.446,6.446,1738332.0,,adjusted
2021-08-20,6.366,6.516,6.306,6.446,6.446,836350.0,,adjusted
2021-08-23,6.446,6.616,6.446,6.556,6.556,923778.0,,adjusted
2021-08-24,6.596,6.596,6.406,6.476,6.476,863492.0,,adjusted
2021-08-25,6.506,6.506,6.356,6.386,6.386,825205.0,,adjusted
2021-08-26,6.406,6.436,6.226,6.256,6.256,1062802.0,,adjusted
2021-08-27,6.226,6.416,6.076,6.316,6.316,833491.0,,adjusted
2021-08-30,6.256,6.256,5.806,5.896,5.896,2457686.0,,adjusted
2021-08-31,6.036,6.386,5.976,6.236,6.236,1914841.0,,adjusted
2021-09-01,6.286,7.026,6.166,7.026,7.026,2987346.0,,adjusted
2021-09-02,7.396,7.406,7.046,7.246,7.246,3825253.0,,adjusted
2021-09-03,7.126,7.266,6.926,6.986,6.986,2288593.0,,adjusted
2021-09-06,7.046,7.486,7.036,7.346,7.346,2836296.0,,adjusted
2021-09-07,7.356,7.426,7.156,7.396,7.396,2035564.0,,adjusted
2021-09-08,7.336,7.336,7.106,7.156,7.156,2015083.0,,adjusted
2021-09-09,7.126,7.526,7.096,7.316,7.316,2170730.0,,adjusted
2021-09-10,7.316,7.646,7.186,7.586,7.586,2661234.0,,adjusted
2021-09-13,7.656,7.656,7.366,7.466,7.466,1814858.0,,adjusted
2021-09-14,7.416,7.466,7.016,7.076,7.076,2024129.0,,adjusted
2021-09-15,7.016,7.166,6.936,7.046,7.046,1041878.0,,adjusted
2021-09-16,7.006,7.206,6.956,7.156,7.156,1314076.0,,adjusted
2021-09-17,7.136,7.156,6.956,7.056,7.056,829561.0,,adjusted
2021-09-22,6.846,6.896,6.686,6.716,6.716,1214543.0,,adjusted
2021-09-23,6.786,7.076,6.786,6.946,6.946,1033452.0,,adjusted
2021-09-24,6.896,6.896,6.606,6.616,6.616,880540.0,,adjusted
2021-09-27,6.556,6.566,6.276,6.336,6.336,982056.0,,adjusted
2021-09-28,6.386,6.506,6.366,6.446,6.446,584265.0,,adjusted
2021-09-29,6.356,6.496,6.296,6.406,6.406,608307.0,,adjusted
2021-09-30,6.476,6.686,6.476,6.606,6.606,808919.0,,adjusted
2021-10-08,6.646,6.746,6.506,6.686,6.686,838558.0,,adjusted
2021-10-11,6.656,6.706,6.546,6.566,6.566,662677.0,,adjusted
2021-10-12,6.526,6.526,6.216,6.296,6.296,927890.0,,adjusted
2021-10-13,6.256,6.356,6.226,6.326,6.326,452328.0,,adjusted
2021-10-14,6.316,6.386,6.246,6.306,6.306,412926.0,,adjusted
2021-10-15,6.316,6.326,6.166,6.186,6.186,470623.0,,adjusted
2021-10-18,6.186,6.246,6.076,6.236,6.236,430651.0,,adjusted
2021-10-19,6.236,6.386,6.176,6.376,6.376,605511.0,,adjusted
2021-10-20,6.376,6.386,6.176,6.226,6.226,573728.0,,adjusted
2021-10-21,6.236,6.276,6.156,6.226,6.226,383917.0,,adjusted
2021-10-22,6.216,6.436,6.176,6.406,6.406,825796.0,,adjusted
2021-10-25,6.356,6.366,6.246,6.296,6.296,540014.0,,adjusted
2021-10-26,6.296,6.376,6.236,6.266,6.266,442231.0,,adjusted
2021-10-27,6.236,6.246,6.006,6.036,6.036,685707.0,,adjusted
2021-10-28,6.026,6.026,5.716,5.766,5.766,814629.0,,adjusted
2021-10-29,5.606,5.736,5.406,5.646,5.646,822927.0,,adjusted
2021-11-01,5.646,5.716,5.496,5.616,5.616,590256.0,,adjusted
2021-11-02,5.636,5.686,5.306,5.366,5.366,1037464.0,,adjusted
2021-11-03,5.356,5.426,5.296,5.356,5.356,521077.0,,adjusted
2021-11-04,5.386,5.406,5.316,5.396,5.396,492011.0,,adjusted
2021-11-05,5.376,5.516,5.316,5.436,5.436,607663.0,,adjusted
2021-11-08,5.456,5.546,5.446,5.486,5.486,442436.0,,adjusted
2021-11-09,5.496,5.526,5.356,5.386,5.386,463905.0,,adjusted
2021-11-10,5.366,5.366,5.186,5.266,5.266,740787.0,,adjusted
2021-11-11,5.236,5.416,5.216,5.396,5.396,702883.0,,adjusted
2021-11-12,5.396,5.406,5.226,5.266,5.266,664113.0,,adjusted
2021-11-15,5.236,5.306,5.226,5.276,5.276,436910.0,,adjusted
2021-11-16,5.276,5.326,5.216,5.236,5.236,427770.0,,adjusted
2021-11-17,5.226,5.276,5.166,5.256,5.256,408632.0,,adjusted
2021-11-18,5.266,5.266,5.196,5.236,5.236,375391.0,,adjusted
2021-11-19,5.226,5.256,5.156,5.246,5.246,669021.0,,adjusted
2021-11-22,5.246,5.396,5.236,5.336,5.336,750715.0,,adjusted
2021-11-23,5.336,5.536,5.296,5.536,5.536,1054641.0,,adjusted
2021-11-24,5.526,5.526,5.416,5.456,5.456,587179.0,,adjusted
2021-11-25,5.456,5.496,5.386,5.446,5.446,424256.0,,adjusted
2021-11-26,5.426,5.446,5.376,5.386,5.386,365868.0,,adjusted
2021-11-29,5.306,5.336,5.256,5.286,5.286,417063.0,,adjusted
2021-11-30,5.296,5.376,5.286,5.336,5.336,394963.0,,adjusted
2021-12-01,5.376,5.496,5.346,5.446,5.446,600437.0,,adjusted
2021-12-02,5.436,5.916,5.406,5.796,5.796,1709269.0,,adjusted
2021-12-03,5.726,5.816,5.626,5.756,5.756,950439.0,,adjusted
2021-12-06,5.776,5.916,5.656,5.676,5.676,795441.0,,adjusted
2021-12-07,5.776,6.006,5.756,5.976,5.976,1561835.0,,adjusted
2021-12-08,5.926,5.936,5.806,5.936,5.936,866944.0,,adjusted
2021-12-09,5.906,5.976,5.876,5.906,5.906,752444.0,,adjusted
2021-12-10,5.866,5.886,5.736,5.746,5.746,744852.0,,adjusted
2021-12-13,5.826,6.066,5.796,5.896,5.896,1091936.0,,adjusted
2021-12-14,5.826,5.826,5.726,5.756,5.756,651912.0,,adjusted
2021-12-15,5.756,5.836,5.726,5.736,5.736,442017.0,,adjusted
2021-12-16,5.726,5.806,5.716,5.776,5.776,450463.0,,adjusted
2021-12-17,5.796,5.846,5.746,5.746,5.746,425905.0,,adjusted
2021-12-20,5.716,5.806,5.616,5.676,5.676,593237.0,,adjusted
2021-12-21,5.676,5.756,5.656,5.716,5.716,452907.0,,adjusted
2021-12-22,5.686,5.686,5.556,5.586,5.586,625231.0,,adjusted
2021-12-23,5.586,5.586,5.486,5.576,5.576,485964.0,,adjusted
2021-12-24,5.556,5.576,5.486,5.486,5.486,357596.0,,adjusted
2021-12-27,5.516,5.596,5.516,5.536,5.536,328573.0,,adjusted
2021-12-28,5.556,5.636,5.536,5.626,5.626,424205.0,,adjusted
2021-12-29,5.616,5.616,5.506,5.536,5.536,391568.0,,adjusted
2021-12-30,5.516,5.546,5.486,5.496,5.496,366828.0,,adjusted
2021-12-31,5.506,5.556,5.506,5.526,5.526,263420.0,,adjusted
2015-01-05,7.16,7.25,6.95,7.13,,2849420.0,,raw
2015-01-06,7.13,7.13,6.85,6.95,,2944602.0,,raw
2015-01-07,6.97,7.12,6.96,7.05,,1969431.0,,raw
2015-01-08,7.04,7.04,6.75,6.8,,1924707.0,,raw
2015-01-09,6.77,6.91,6.7,6.71,,1907003.0,,raw
2015-01-12,6.63,6.63,6.33,6.39,,1888081.0,,raw
2015-01-13,6.4,6.47,6.38,6.42,,891527.0,,raw
2015-01-14,6.42,6.46,6.25,6.32,,963579.0,,raw
2015-01-15,6.33,6.55,6.3,6.54,,1283039.0,,raw
2015-01-16,6.56,6.67,6.5,6.57,,1211336.0,,raw
2015-01-19,6.18,6.36,5.91,5.96,,2259173.0,,raw
2015-01-20,5.94,6.08,5.89,6.01,,1533244.0,,raw
2015-01-21,6.02,6.24,5.95,6.22,,1732854.0,,raw
2015-01-22,6.2,6.32,6.15,6.27,,1526840.0,,raw
2015-01-23,6.25,6.33,6.12,6.17,,1328867.0,,raw
2015-01-26,6.19,6.28,6.18,6.27,,997412.0,,raw
2015-01-27,6.28,6.39,6.22,6.35,,1594185.0,,raw
2015-01-28,6.33,6.35,6.2,6.22,,960027.0,,raw
2015-01-29,6.17,6.23,6.11,6.13,,948556.0,,raw
2015-01-30,6.16,6.21,6.1,6.12,,980843.0,,raw
2015-02-02,6.06,6.12,6.01,6.03,,672144.0,,raw
2015-02-03,6.06,6.13,6.02,6.12,,601743.0,,raw
2015-02-04,6.13,6.17,6.08,6.08,,633100.0,,raw
2015-02-05,6.18,6.2,6.02,6.02,,869550.0,,raw
2015-02-06,5.99,6.02,5.78,5.83,,968720.0,,raw
2015-02-09,5.83,5.86,5.76,5.8,,506585.0,,raw
2015-02-10,5.8,5.95,5.79,5.9,,554084.0,,raw
2015-02-11,5.92,6.03,5.9,5.97,,609601.0,,raw
2015-02-12,5.98,6.07,5.91,6.0,,639726.0,,raw
2015-02-13,6.03,6.11,6.01,6.05,,711574.0,,raw
2015-02-16,6.05,6.12,6.05,6.07,,485400.0,,raw
2015-02-17,6.09,6.11,6.07,6.08,,470434.0,,raw
2015-02-25,6.1,6.12,6.01,6.03,,596155.0,,raw
2015-02-26,6.03,6.33,6.02,6.33,,1874199.0,,raw
2015-02-27,6.29,6.31,6.23,6.26,,1070753.0,,raw
2015-03-02,6.3,6.46,6.26,6.35,,1367334.0,,raw
2015-03-03,6.32,6.32,6.16,6.17,,1203534.0,,raw
2015-03-04,6.19,6.33,6.16,6.27,,991053.0,,raw
2015-03-05,6.23,6.27,6.17,6.25,,883122.0,,raw
2015-03-06,6.25,6.28,6.2,6.22,,666859.0,,raw
2015-03-09,6.19,6.28,6.11,6.28,,966717.0,,raw
2015-03-10,6.26,6.32,6.24,6.26,,850397.0,,raw
2015-03-11,6.26,6.31,6.2,6.22,,815556.0,,raw
2015-03-12,6.22,6.28,6.18,6.25,,796849.0,,raw
2015-03-13,6.28,6.35,6.26,6.3,,1118812.0,,raw
2015-03-16,6.32,6.4,6.31,6.4,,1422700.0,,raw
2015-03-17,6.42,6.73,6.42,6.59,,2690851.0,,raw
2015-03-18,6.6,6.71,6.56,6.68,,2073723.0,,raw
2015-03-19,6.69,6.9,6.62,6.76,,2373143.0,,raw
2015-03-20,6.77,6.8,6.65,6.7,,1752914.0,,raw
2015-03-23,6.75,6.84,6.71,6.8,,2110953.0,,raw
2015-03-24,6.82,6.84,6.55,6.7,,2509133.0,,raw
2015-03-25,6.69,6.88,6.62,6.8,,2369494.0,,raw
2015-03-26,6.8,7.06,6.75,6.9,,2883816.0,,raw
2015-03-27,6.93,6.98,6.82,6.87,,1870660.94,,raw
2015-03-30,6.98,7.56,6.94,7.56,,4976443.0,,raw
2015-03-31,7.8,7.8,7.3,7.32,,5722010.0,,raw
2015-04-01,7.32,7.55,7.3,7.46,,2702357.0,,raw
2015-04-02,7.47,7.49,7.29,7.4,,2243650.0,,raw
2015-04-03,7.4,7.57,7.38,7.47,,2408112.0,,raw
2015-04-07,7.61,7.96,7.61,7.73,,3322639.0,,raw
2015-04-08,7.75,7.85,7.61,7.75,,2969182.0,,raw
2015-04-09,7.77,7.8,7.35,7.47,,2841948.0,,raw
2015-04-10,7.45,7.55,7.38,7.53,,1929425.0,,raw
2015-04-13,7.55,7.76,7.48,7.7,,3155858.0,,raw
2015-04-14,7.71,8.04,7.61,7.86,,3716042.0,,raw
2015-04-15,7.74,7.74,7.41,7.48,,3173733.0,,raw
2015-04-16,7.37,7.68,7.25,7.57,,2389853.0,,raw
2015-04-17,7.61,8.24,7.58,7.99,,5776143.0,,raw
2015-04-20,7.82,8.6,7.71,8.11,,6498947.0,,raw
2015-04-21,8.09,8.17,7.86,8.16,,3160893.0,,raw
2015-04-22,8.2,8.44,8.14,8.31,,3398946.0,,raw
2015-04-23,8.33,8.39,8.15,8.27,,3154514.0,,raw
2015-04-24,8.14,8.18,7.94,8.06,,2791052.0,,raw
2015-04-27,8.38,8.38,8.1,8.33,,3930240.0,,raw
2015-04-28,8.25,8.34,7.9,7.99,,2967132.0,,raw
2015-04-29,7.95,8.12,7.8,8.0,,2208794.0,,raw
2015-04-30,7.99,8.06,7.86,7.86,,1901620.0,,raw
2015-05-04,7.88,8.08,7.87,7.98,,1894719.0,,raw
2015-05-05,7.98,8.0,7.36,7.43,,2839152.0,,raw
2015-05-06,7.45,7.65,7.13,7.18,,2093137.0,,raw
2015-05-07,7.17,7.28,7.07,7.08,,1493662.0,,raw
2015-05-08,7.19,7.26,7.08,7.26,,1351253.0,,raw
2015-05-11,7.35,7.66,7.22,7.6,,2421559.0,,raw
2015-05-12,7.55,7.64,7.51,7.58,,1695336.0,,raw
2015-05-13,7.62,7.96,7.58,7.67,,2570257.0,,raw
2015-05-14,7.67,7.67,7.43,7.53,,1589206.0,,raw
2015-05-15,7.59,7.7,7.34,7.52,,2125106.0,,raw
2015-05-18,7.53,7.63,7.41,7.42,,1574037.0,,raw
2015-05-19,7.46,7.89,7.46,7.71,,2612502.0,,raw
2015-05-20,7.72,7.83,7.65,7.69,,2593430.0,,raw
2015-05-21,7.69,8.19,7.56,8.1,,4133613.0,,raw
2015-05-22,8.17,8.22,7.95,8.11,,3978732.0,,raw
2015-05-25,8.07,8.46,8.02,8.33,,4013949.0,,raw
2015-05-26,8.43,8.56,8.2,8.47,,4707613.0,,raw
2015-05-27,8.48,8.85,8.22,8.72,,5673515.0,,raw
2015-05-28,8.8,9.59,8.5,8.65,,8597857.0,,raw
2015-05-29,8.8,9.12,8.15,8.93,,6700627.0,,raw
2015-06-02,9.82,9.82,9.82,9.82,,295433.0,,raw
2015-06-03,10.8,10.8,9.87,10.38,,8285642.0,,raw
2015-06-04,10.09,10.23,9.39,10.13,,4562836.0,,raw
2015-06-05,10.2,10.34,9.9,10.11,,4527813.0,,raw
2015-06-08,10.19,10.35,10.1,10.22,,4160434.0,,raw
2015-06-09,10.27,10.31,9.92,10.01,,3228036.0,,raw
2015-06-10,9.97,10.12,9.73,9.96,,2445954.0,,raw
2015-06-11,9.96,10.17,9.89,10.09,,2790796.0,,raw
2015-06-12,10.11,10.78,9.9,10.32,,4903297.0,,raw
2015-06-15,10.2,10.25,9.96,9.98,,2998405.0,,raw
2015-06-16,9.91,9.96,9.3,9.43,,2518017.0,,raw
2015-06-17,9.36,9.56,9.0,9.5,,2354731.0,,raw
2015-06-18,9.43,9.59,9.1,9.14,,1787493.0,,raw
2015-06-19,9.01,9.12,8.3,8.33,,2048980.0,,raw
2015-06-23,8.36,8.6,7.85,8.59,,2197959.0,,raw
2015-06-24,8.68,8.87,8.59,8.84,,2197916.0,,raw
2015-06-25,8.87,9.24,8.51,8.72,,2526359.0,,raw
2015-06-26,8.5,8.72,7.85,7.96,,2689279.0,,raw
2015-06-29,8.25,8.35,7.17,7.58,,2831721.0,,raw
2015-06-30,7.6,8.15,7.16,8.11,,2784956.0,,raw
2015-07-01,8.08,8.21,7.47,7.59,,2199501.0,,raw
2015-07-02,7.68,7.79,6.97,7.07,,2208133.0,,raw
2015-07-03,6.98,7.14,6.36,6.36,,2508041.0,,raw
2015-07-06,6.95,6.95,6.01,6.44,,2517470.0,,raw
2015-07-07,6.22,6.44,5.8,5.99,,3073331.0,,raw
2015-07-08,5.41,5.59,5.39,5.39,,3384475.0,,raw
2015-07-09,5.39,5.93,5.0,5.93,,3217081.0,,raw
2015-07-10,6.05,6.52,5.99,6.52,,3093601.0,,raw
2015-07-13,6.68,7.17,6.5,7.17,,4330760.0,,raw
2015-07-14,6.91,7.3,6.61,6.71,,3535558.0,,raw
2015-07-15,6.51,6.6,6.04,6.04,,2375732.0,,raw
2015-07-16,6.04,6.35,5.77,6.16,,1858685.0,,raw
2015-07-17,6.18,6.58,6.16,6.49,,1857842.0,,raw
2015-07-20,6.48,6.65,6.36,6.49,,1943455.0,,raw
2015-07-21,6.39,6.62,6.33,6.54,,1537239.0,,raw
2015-07-22,6.54,6.61,6.36,6.54,,1560136.0,,raw
2015-07-23,6.52,6.77,6.46,6.73,,2212097.0,,raw
2015-07-24,6.7,6.91,6.5,6.55,,2404433.0,,raw
2015-07-27,6.34,6.44,5.9,5.9,,2163593.0,,raw
2015-07-28,5.75,5.93,5.38,5.85,,1915266.0,,raw
2015-07-29,5.9,6.13,5.8,6.11,,1305769.0,,raw
2015-07-30,6.07,6.22,5.85,5.87,,1306709.0,,raw
2015-07-31,5.75,6.03,5.75,5.99,,1008253.0,,raw
2015-08-03,5.9,6.39,5.88,6.39,,1843018.0,,raw
2015-08-04,6.35,6.59,6.35,6.54,,1610255.0,,raw
2015-08-05,6.5,7.1,6.44,6.61,,2330646.0,,raw
2015-08-06,6.45,6.6,6.38,6.41,,942203.0,,raw
2015-08-07,6.45,6.55,6.41,6.47,,838003.0,,raw
2015-08-10,6.53,6.85,6.5,6.77,,1665874.0,,raw
2015-08-11,7.26,7.45,7.08,7.45,,6132197.0,,raw
2015-08-12,7.39,7.46,7.15,7.2,,4313957.0,,raw
2015-08-13,7.11,7.6,7.03,7.51,,3721952.0,,raw
2015-08-14,7.51,7.58,7.3,7.36,,2907872.0,,raw
2015-08-17,7.39,7.64,7.32,7.46,,2554808.0,,raw
2015-08-18,7.49,7.55,6.71,6.71,,2928492.0,,raw
2015-08-19,6.49,6.99,6.21,6.91,,2063104.0,,raw
2015-08-20,6.79,6.89,6.58,6.62,,1344338.0,,raw
2015-08-21,6.5,6.61,6.18,6.25,,1230776.0,,raw
2015-08-24,6.05,6.08,5.63,5.63,,1350883.0,,raw
2015-08-25,5.09,5.36,5.07,5.07,,1243136.0,,raw
2015-08-26,5.2,5.35,4.9,5.0,,1628661.0,,raw
2015-08-27,5.03,5.25,5.0,5.25,,1180800.0,,raw
2015-08-28,5.35,5.67,5.29,5.64,,1529248.0,,raw
2015-08-31,5.5,5.75,5.3,5.75,,1500651.0,,raw
2015-09-01,5.6,5.85,5.31,5.75,,1670890.0,,raw
2015-09-02,5.5,5.76,5.35,5.35,,843382.0,,raw
2015-09-07,5.45,5.64,5.35,5.39,,703535.0,,raw
2015-09-08,5.36,5.59,5.27,5.57,,632084.0,,raw
2015-09-09,5.61,5.78,5.57,5.69,,1053885.0,,raw
2015-09-10,5.6,5.64,5.5,5.51,,623108.0,,raw
2015-09-11,5.51,5.58,5.44,5.52,,474322.0,,raw
2015-09-14,5.66,5.73,5.1,5.22,,1080026.0,,raw
2015-09-15,5.08,5.19,4.82,4.88,,1040456.0,,raw
2015-09-16,4.91,5.36,4.87,5.28,,961379.0,,raw
2015-09-17,5.26,5.48,5.12,5.13,,1101728.0,,raw
2015-09-18,5.15,5.23,5.11,5.18,,550444.0,,raw
2015-09-21,5.13,5.32,5.1,5.29,,677448.0,,raw
2015-09-22,5.29,5.37,5.25,5.3,,732976.0,,raw
2015-09-23,5.21,5.27,5.13,5.15,,608468.0,,raw
2015-09-24,5.16,5.25,5.15,5.19,,393166.0,,raw
2015-09-25,5.17,5.22,5.01,5.04,,577521.0,,raw
2015-09-28,5.05,5.08,5.01,5.07,,360464.0,,raw
2015-09-29,5.01,5.02,4.91,4.95,,417389.0,,raw
2015-09-30,4.98,5.03,4.96,4.99,,278707.0,,raw
2015-10-08,5.15,5.21,5.1,5.14,,561175.0,,raw
2015-10-09,5.14,5.29,5.13,5.22,,688553.0,,raw
2015-10-12,5.22,5.49,5.2,5.42,,1213904.0,,raw
2015-10-13,5.37,5.42,5.34,5.39,,691815.0,,raw
2015-10-14,5.32,5.38,5.25,5.27,,866809.0,,raw
2015-10-15,5.25,5.39,5.23,5.39,,901818.0,,raw
2015-10-16,5.4,5.49,5.37,5.44,,1281896.0,,raw
2015-10-19,5.46,5.48,5.33,5.38,,997617.0,,raw
2015-10-20,5.38,5.48,5.36,5.48,,1007023.0,,raw
2015-10-21,5.48,5.58,5.13,5.24,,1511332.0,,raw
2015-10-22,5.2,5.31,5.16,5.3,,995977.0,,raw
2015-10-23,5.31,5.35,5.24,5.33,,955828.0,,raw
2015-10-26,5.41,5.55,5.34,5.42,,1370721.0,,raw
2015-10-27,5.37,5.4,5.21,5.35,,881202.0,,raw
2015-10-28,5.31,5.39,5.25,5.28,,748060.0,,raw
2015-10-29,5.3,5.34,5.24,5.27,,602525.0,,raw
2015-10-30,5.27,5.28,5.19,5.23,,545278.0,,raw
2015-11-02,5.17,5.38,5.13,5.19,,692096.0,,raw
2015-11-03,5.21,5.25,5.17,5.2,,453371.0,,raw
2015-11-04,5.2,5.4,5.2,5.38,,978752.0,,raw
2015-11-05,5.39,5.64,5.38,5.49,,2177845.0,,raw
2015-11-06,5.48,5.57,5.45,5.53,,1365666.0,,raw
2015-11-09,5.64,5.72,5.54,5.61,,1682889.0,,raw
2015-11-10,5.6,5.66,5.53,5.61,,1134592.0,,raw
2015-11-11,5.62,5.69,5.57,5.68,,1097280.0,,raw
2015-11-12,5.7,5.72,5.55,5.59,,976806.0,,raw
2015-11-13,5.53,5.56,5.45,5.45,,813179.0,,raw
2015-11-16,5.39,5.49,5.35,5.49,,552075.0,,raw
2015-11-17,5.52,5.63,5.5,5.52,,970487.0,,raw
2015-11-18,5.52,5.63,5.46,5.53,,904559.0,,raw
2015-11-19,5.54,5.6,5.51,5.59,,703631.0,,raw
2015-11-20,5.58,5.72,5.56,5.65,,1254982.0,,raw
2015-11-23,5.63,5.66,5.55,5.56,,913467.0,,raw
2015-11-24,5.53,5.56,5.45,5.52,,579852.0,,raw
2015-11-25,5.5,5.54,5.48,5.52,,641602.0,,raw
2015-11-26,5.54,5.56,5.46,5.46,,749077.0,,raw
2015-11-27,5.44,5.46,5.03,5.09,,1085304.0,,raw
2015-11-30,5.11,5.16,4.94,5.1,,774841.0,,raw
2015-12-01,5.1,5.19,5.04,5.18,,550367.0,,raw
2015-12-02,5.16,5.7,5.13,5.7,,3461361.0,,raw
2015-12-03,5.83,5.87,5.57,5.73,,2565070.0,,raw
2015-12-04,5.67,5.69,5.57,5.63,,1236741.0,,raw
2015-12-07,5.6,5.75,5.59,5.62,,1122001.0,,raw
2015-12-08,5.59,5.6,5.31,5.35,,1091036.0,,raw
2015-12-09,5.36,5.46,5.32,5.38,,503866.0,,raw
2015-12-10,5.36,5.4,5.26,5.29,,602277.0,,raw
2015-12-11,5.26,5.35,5.24,5.28,,426714.0,,raw
2015-12-14,5.25,5.42,5.2,5.42,,627305.0,,raw
2015-12-15,5.43,5.49,5.36,5.38,,583787.0,,raw
2015-12-16,5.39,5.41,5.32,5.33,,544366.0,,raw
2015-12-17,5.35,5.49,5.35,5.45,,771260.0,,raw
2015-12-18,5.43,5.46,5.37,5.41,,676244.0,,raw
2015-12-21,5.39,5.52,5.36,5.52,,900036.0,,raw
2015-12-22,5.52,5.58,5.47,5.5,,570980.0,,raw
2015-12-23,5.51,5.68,5.48,5.55,,1286901.0,,raw
2015-12-24,5.57,5.65,5.48,5.58,,1003090.0,,raw
2015-12-25,5.58,5.66,5.55,5.61,,767300.0,,raw
2015-12-28,5.63,5.64,5.4,5.4,,876117.0,,raw
2015-12-29,5.37,5.42,5.34,5.4,,617023.0,,raw
2015-12-30,5.41,5.48,5.36,5.41,,423374.0,,raw
2015-12-31,5.39,5.41,5.35,5.35,,357407.0,,raw
2016-01-04,5.35,5.37,4.95,4.96,,604672.0,,raw
2016-01-05,4.89,5.08,4.84,5.06,,876024.0,,raw
2016-01-06,5.05,5.26,5.03,5.21,,724044.0,,raw
2016-01-07,5.16,5.16,4.8,4.84,,228042.0,,raw
2016-01-08,5.0,5.14,4.83,5.04,,896717.0,,raw
2016-01-11,4.99,5.14,4.9,4.92,,737036.0,,raw
2016-01-12,4.95,4.99,4.82,4.93,,521574.0,,raw
2016-01-13,4.94,5.0,4.83,4.85,,429509.0,,raw
2016-01-14,4.73,4.92,4.68,4.89,,514590.0,,raw
2016-01-15,4.88,4.88,4.6,4.61,,588313.0,,raw
2016-01-18,4.58,4.66,4.53,4.61,,375630.0,,raw
2016-01-19,4.61,4.78,4.59,4.75,,441345.0,,raw
2016-01-20,4.72,4.76,4.64,4.67,,390489.0,,raw
2016-01-21,4.65,4.72,4.56,4.57,,338668.0,,raw
2016-01-22,4.6,4.64,4.51,4.58,,303675.0,,raw
2016-01-25,4.6,4.64,4.57,4.62,,246941.0,,raw
2016-01-26,4.59,4.6,4.22,4.24,,444943.0,,raw
2016-01-27,4.29,4.29,4.29,4.29,,2770.0,,raw
2016-01-28,4.4,4.67,4.26,4.3,,890259.0,,raw
2016-01-29,4.22,4.39,4.04,4.34,,665822.0,,raw
2016-02-01,4.3,4.32,4.14,4.18,,390964.0,,raw
2016-02-02,4.2,4.29,4.19,4.26,,337477.0,,raw
2016-02-03,4.21,4.25,4.16,4.24,,254504.0,,raw
2016-02-04,4.23,4.35,4.23,4.28,,375307.0,,raw
2016-02-05,4.29,4.37,4.27,4.3,,304333.0,,raw
2016-02-15,4.19,4.24,4.14,4.21,,368548.0,,raw
2016-02-16,4.23,4.39,4.22,4.36,,477660.0,,raw
2016-02-17,4.39,4.43,4.35,4.41,,480368.0,,raw
2016-02-18,4.5,4.78,4.5,4.54,,893462.0,,raw
2016-02-19,4.5,4.52,4.45,4.49,,395050.0,,raw
2016-02-22,4.53,4.64,4.51,4.58,,472261.0,,raw
2016-02-23,4.57,4.61,4.46,4.5,,411690.0,,raw
2016-02-24,4.49,4.55,4.46,4.53,,352192.0,,raw
2016-02-25,4.53,4.54,4.12,4.2,,618653.0,,raw
2016-02-26,4.24,4.26,4.15,4.22,,390211.0,,raw
2016-02-29,4.21,4.21,4.02,4.09,,464048.0,,raw
2016-03-01,4.13,4.19,4.08,4.16,,374985.0,,raw
2016-03-02,4.16,4.42,4.15,4.39,,857361.0,,raw
2016-03-03,4.37,4.51,4.37,4.4,,665919.0,,raw
2016-03-04,4.39,4.69,4.36,4.48,,1271251.0,,raw
2016-03-07,4.52,4.63,4.48,4.52,,625925.0,,raw
2016-03-08,4.52,4.55,4.36,4.48,,579339.0,,raw
2016-03-09,4.41,4.42,4.37,4.39,,259134.0,,raw
2016-03-10,4.42,4.44,4.36,4.37,,254639.0,,raw
2016-03-11,4.35,4.38,4.3,4.37,,266101.0,,raw
2016-03-14,4.44,4.55,4.43,4.48,,452200.0,,raw
2016-03-15,4.49,4.54,4.45,4.49,,346465.0,,raw
2016-03-16,4.53,4.53,4.39,4.43,,295221.0,,raw
2016-03-17,4.43,4.55,4.42,4.51,,385215.0,,raw
2016-03-18,4.52,4.6,4.5,4.57,,736151.0,,raw
2016-03-21,4.62,4.74,4.57,4.68,,920394.0,,raw
2016-03-22,4.64,4.68,4.58,4.59,,608972.0,,raw
2016-03-23,4.58,4.66,4.57,4.61,,439135.0,,raw
2016-03-24,4.58,4.59,4.47,4.48,,475271.0,,raw
2016-03-25,4.48,4.52,4.48,4.52,,224187.0,,raw
2016-03-28,4.54,4.56,4.46,4.5,,330865.0,,raw
2016-03-29,4.5,4.51,4.41,4.43,,245236.0,,raw
2016-03-30,4.46,4.6,4.46,4.6,,573264.0,,raw
2016-03-31,4.6,4.63,4.57,4.59,,428355.0,,raw
2016-04-01,4.57,4.62,4.52,4.62,,367214.0,,raw
2016-04-05,4.61,4.68,4.53,4.67,,758686.0,,raw
2016-04-06,4.65,4.67,4.61,4.64,,463976.0,,raw
2016-04-07,4.66,4.67,4.56,4.56,,369207.0,,raw
2016-04-08,4.55,4.56,4.48,4.53,,328490.0,,raw
2016-04-11,4.56,4.74,4.56,4.68,,824523.0,,raw
2016-04-12,4.68,4.72,4.62,4.65,,380509.0,,raw
2016-04-13,4.67,4.92,4.67,4.77,,1184534.0,,raw
2016-04-14,4.78,4.81,4.73,4.8,,426196.0,,raw
2016-04-15,4.77,4.8,4.69,4.72,,716643.0,,raw
2016-04-18,4.67,4.68,4.55,4.58,,708050.0,,raw
2016-04-19,4.6,4.61,4.54,4.59,,377297.0,,raw
2016-04-20,4.6,4.61,4.33,4.43,,801319.0,,raw
2016-04-21,4.4,4.47,4.37,4.4,,388428.0,,raw
2016-04-22,4.39,4.42,4.37,4.41,,260276.0,,raw
2016-04-25,4.4,4.41,4.34,4.38,,191328.0,,raw
2016-04-26,4.38,4.42,4.36,4.4,,200041.0,,raw
2016-04-27,4.4,4.42,4.36,4.37,,214381.0,,raw
2016-04-28,4.37,4.39,4.27,4.33,,341715.0,,raw
2016-04-29,4.32,4.34,4.26,4.28,,456220.0,,raw
2016-05-03,4.28,4.37,4.26,4.36,,360353.0,,raw
2016-05-04,4.34,4.38,4.32,4.36,,268885.0,,raw
2016-05-05,4.35,4.37,4.32,4.35,,253738.0,,raw
2016-05-06,4.35,4.36,4.25,4.26,,334684.0,,raw
2016-05-09,4.25,4.25,4.1,4.12,,449576.0,,raw
2016-05-10,4.12,4.15,4.07,4.12,,302302.0,,raw
2016-05-11,4.13,4.16,4.1,4.12,,239828.0,,raw
2016-05-12,4.07,4.12,4.04,4.11,,283543.0,,raw
2016-05-13,4.1,4.18,4.08,4.12,,240383.0,,raw
2016-05-16,4.11,4.14,4.06,4.13,,215260.0,,raw
2016-05-17,4.14,4.15,4.08,4.11,,210736.0,,raw
2016-05-18,4.1,4.1,4.03,4.06,,352425.0,,raw
2016-05-19,4.06,4.09,4.04,4.05,,219219.0,,raw
2016-05-20,4.04,4.07,4.01,4.06,,184538.0,,raw
2016-05-23,4.07,4.09,4.06,4.08,,176618.0,,raw
2016-05-24,4.08,4.09,4.05,4.06,,186596.0,,raw
2016-05-25,4.06,4.12,4.06,4.07,,212998.0,,raw
2016-05-26,4.07,4.09,4.03,4.09,,200677.0,,raw
2016-05-27,4.08,4.09,4.04,4.06,,278719.0,,raw
2016-05-30,4.04,4.06,4.02,4.03,,289550.0,,raw
2016-05-31,4.04,4.16,4.02,4.16,,554782.0,,raw
2016-06-01,4.15,4.16,4.13,4.14,,320675.0,,raw
2016-06-02,4.13,4.15,4.12,4.13,,230096.0,,raw
2016-06-03,4.14,4.15,4.11,4.14,,259886.0,,raw
2016-06-06,4.14,4.15,4.11,4.13,,229135.0,,raw
2016-06-07,4.13,4.14,4.11,4.12,,168108.0,,raw
2016-06-08,4.12,4.12,4.07,4.09,,222286.0,,raw
2016-06-13,4.07,4.07,4.01,4.01,,324780.0,,raw
2016-06-14,4.13,4.2,4.12,4.17,,822973.0,,raw
2016-06-15,4.1,4.2,4.08,4.19,,659334.0,,raw
2016-06-16,4.17,4.18,4.12,4.13,,395594.0,,raw
2016-06-17,4.13,4.16,4.12,4.13,,299196.0,,raw
2016-06-20,4.14,4.14,4.07,4.09,,246342.0,,raw
2016-06-21,4.11,4.12,4.07,4.07,,267302.0,,raw
2016-06-22,4.08,4.1,4.07,4.1,,176248.0,,raw
2016-06-23,4.09,4.1,4.07,4.08,,192337.0,,raw
2016-06-24,4.09,4.1,4.02,4.05,,309337.0,,raw
2016-06-27,4.04,4.09,4.03,4.09,,219120.0,,raw
2016-06-28,4.08,4.1,4.06,4.1,,249315.0,,raw
2016-06-29,4.1,4.18,4.1,4.14,,386742.0,,raw
2016-06-30,4.14,4.14,4.11,4.13,,246188.0,,raw
2016-07-01,4.12,4.15,4.11,4.12,,213107.0,,raw
2016-07-04,4.11,4.18,4.11,4.17,,477111.0,,raw
2016-07-05,4.17,4.32,4.16,4.23,,858698.0,,raw
2016-07-06,4.21,4.22,4.17,4.2,,391273.0,,raw
2016-07-07,4.19,4.21,4.18,4.21,,285900.0,,raw
2016-07-08,4.22,4.22,4.18,4.2,,215413.0,,raw
2016-07-11,4.2,4.24,4.19,4.2,,350657.0,,raw
2016-07-12,4.2,4.27,4.19,4.26,,527153.0,,raw
2016-07-13,4.25,4.31,4.25,4.29,,646363.0,,raw
2016-07-14,4.29,4.3,4.25,4.28,,279114.0,,raw
2016-07-15,4.26,4.29,4.25,4.26,,365172.0,,raw
2016-07-18,4.25,4.25,4.2,4.21,,319186.0,,raw
2016-07-19,4.21,4.24,4.2,4.21,,222082.0,,raw
2016-07-20,4.23,4.25,4.22,4.22,,242449.0,,raw
2016-07-21,4.23,4.26,4.22,4.23,,229994.0,,raw
2016-07-22,4.22,4.24,4.2,4.21,,199150.0,,raw
2016-07-25,4.21,4.24,4.19,4.24,,211910.0,,raw
2016-07-26,4.23,4.26,4.22,4.26,,259653.0,,raw
2016-07-27,4.25,4.29,4.15,4.17,,566831.0,,raw
2016-07-28,4.16,4.2,4.15,4.19,,284356.0,,raw
2016-07-29,4.18,4.19,4.16,4.18,,193006.0,,raw
2016-08-01,4.18,4.18,4.13,4.16,,278196.0,,raw
2016-08-02,4.15,4.17,4.14,4.17,,143684.0,,raw
2016-08-03,4.16,4.17,4.15,4.16,,174689.0,,raw
2016-08-04,4.17,4.18,4.15,4.17,,145341.0,,raw
2016-08-05,4.16,4.18,4.15,4.17,,148098.0,,raw
2016-08-08,4.17,4.2,4.15,4.2,,182954.0,,raw
2016-08-09,4.19,4.23,4.19,4.22,,221888.0,,raw
2016-08-10,4.21,4.25,4.21,4.22,,319487.0,,raw
2016-08-11,4.22,4.26,4.19,4.2,,334124.0,,raw
2016-08-12,4.21,4.24,4.19,4.24,,296785.0,,raw
2016-08-15,4.24,4.35,4.23,4.34,,911077.0,,raw
2016-08-16,4.34,4.44,4.33,4.36,,954038.0,,raw
2016-08-17,4.37,4.41,4.33,4.35,,484153.0,,raw
2016-08-18,4.33,4.39,4.33,4.36,,364589.0,,raw
2016-08-19,4.36,4.41,4.31,4.41,,560713.0,,raw
2016-08-22,4.41,4.51,4.36,4.48,,976333.0,,raw
2016-08-23,4.46,4.48,4.43,4.47,,551389.0,,raw
2016-08-24,4.46,4.47,4.39,4.41,,351435.0,,raw
2016-08-25,4.38,4.41,4.36,4.4,,382425.0,,raw
2016-08-26,4.27,4.28,4.23,4.26,,384995.0,,raw
2016-08-29,4.25,4.29,4.23,4.25,,226667.0,,raw
2016-08-30,4.24,4.27,4.23,4.24,,203003.0,,raw
2016-08-31,4.24,4.25,4.19,4.22,,311037.0,,raw
2016-09-01,4.21,4.22,4.19,4.19,,188716.0,,raw
2016-09-02,4.19,4.21,4.18,4.19,,188453.0,,raw
2016-09-05,4.2,4.29,4.2,4.25,,372767.0,,raw
2016-09-06,4.28,4.45,4.26,4.39,,1273427.0,,raw
2016-09-07,4.37,4.69,4.37,4.57,,2176481.0,,raw
2016-09-08,4.54,4.61,4.49,4.54,,753629.0,,raw
2016-09-09,4.54,4.67,4.52,4.55,,852331.0,,raw
2016-09-12,4.47,4.6,4.42,4.5,,864437.0,,raw
2016-09-13,4.53,4.61,4.42,4.5,,535881.0,,raw
2016-09-14,4.48,4.49,4.42,4.46,,349589.0,,raw
2016-09-19,4.45,4.58,4.45,4.55,,511176.0,,raw
2016-09-20,4.53,4.57,4.46,4.48,,327067.0,,raw
2016-09-21,4.49,4.62,4.48,4.55,,564716.0,,raw
2016-09-22,4.55,4.61,4.54,4.56,,324482.0,,raw
2016-09-23,4.55,4.66,4.54,4.65,,706689.0,,raw
2016-09-26,4.62,4.79,4.61,4.63,,859877.0,,raw
2016-09-27,4.6,4.76,4.59,4.75,,807295.0,,raw
2016-09-28,4.7,4.74,4.66,4.67,,320344.0,,raw
2016-09-29,4.68,4.71,4.6,4.62,,331890.0,,raw
2016-09-30,4.65,4.68,4.61,4.63,,278691.0,,raw
2016-10-10,4.64,4.68,4.53,4.59,,670485.0,,raw
2016-10-11,4.58,4.62,4.56,4.59,,345781.0,,raw
2016-10-12,4.59,4.59,4.51,4.52,,345497.0,,raw
2016-10-13,4.55,4.58,4.49,4.54,,485649.0,,raw
2016-10-14,4.53,4.56,4.47,4.52,,385113.0,,raw
2016-10-17,4.52,4.53,4.47,4.49,,411096.0,,raw
2016-10-18,4.48,4.62,4.48,4.61,,662312.0,,raw
2016-10-19,4.6,4.61,4.52,4.53,,438216.0,,raw
2016-10-20,4.54,4.55,4.48,4.49,,405370.0,,raw
2016-10-21,4.49,4.66,4.47,4.55,,979329.0,,raw
2016-10-24,4.55,4.65,4.53,4.59,,585113.0,,raw
2016-10-25,4.59,4.63,4.54,4.57,,405898.0,,raw
2016-10-26,4.57,4.58,4.5,4.53,,365108.0,,raw
2016-10-27,4.52,4.53,4.48,4.51,,240281.0,,raw
2016-10-28,4.51,4.55,4.46,4.48,,307693.0,,raw
2016-10-31,4.48,4.58,4.44,4.57,,577662.0,,raw
2016-11-01,4.56,4.56,4.52,4.53,,238165.0,,raw
2016-11-02,4.52,4.56,4.48,4.5,,254151.0,,raw
2016-11-03,4.47,4.54,4.46,4.5,,354543.0,,raw
2016-11-04,4.49,4.55,4.49,4.52,,395491.0,,raw
2016-11-07,4.51,4.56,4.51,4.52,,242686.0,,raw
2016-11-08,4.54,4.56,4.51,4.54,,308678.0,,raw
2016-11-09,4.54,4.6,4.51,4.55,,640565.0,,raw
2016-11-10,4.61,4.86,4.61,4.76,,1402500.0,,raw
2016-11-11,4.76,4.92,4.72,4.83,,1133105.0,,raw
2016-11-14,4.81,5.06,4.78,4.93,,1315824.0,,raw
2016-11-15,4.94,4.95,4.79,4.84,,857467.0,,raw
2016-11-16,4.82,4.84,4.75,4.81,,470037.0,,raw
2016-11-17,4.79,4.87,4.75,4.84,,418167.0,,raw
2016-11-18,4.88,4.93,4.76,4.78,,525167.0,,raw
2016-11-21,4.77,4.85,4.75,4.81,,400229.0,,raw
2016-11-22,4.81,4.86,4.78,4.85,,469782.0,,raw
2016-11-23,4.85,4.87,4.8,4.81,,348922.0,,raw
2016-11-24,4.8,4.87,4.77,4.79,,316103.0,,raw
2016-11-25,4.8,4.85,4.76,4.8,,506522.0,,raw
2016-11-28,4.82,4.91,4.81,4.89,,873406.0,,raw
2016-11-29,4.87,4.98,4.84,4.92,,1049201.0,,raw
2016-11-30,4.89,4.89,4.72,4.76,,854370.0,,raw
2016-12-01,4.75,4.77,4.72,4.77,,528639.0,,raw
2016-12-02,4.76,4.76,4.65,4.66,,695338.0,,raw
2016-12-05,4.6,4.64,4.54,4.56,,514359.0,,raw
2016-12-06,4.57,4.62,4.55,4.56,,411208.0,,raw
2016-12-07,4.57,4.64,4.55,4.63,,419270.0,,raw
2016-12-08,4.67,4.72,4.63,4.66,,472524.0,,raw
2016-12-09,4.65,4.68,4.62,4.66,,241937.0,,raw
2016-12-12,4.65,4.7,4.47,4.49,,491234.0,,raw
2016-12-13,4.48,4.51,4.4,4.49,,344203.0,,raw
2016-12-14,4.49,4.55,4.46,4.52,,329263.0,,raw
2016-12-15,4.5,4.57,4.48,4.55,,288228.0,,raw
2016-12-16,4.53,4.58,4.52,4.57,,180478.0,,raw
2016-12-19,4.56,4.57,4.51,4.53,,224340.0,,raw
2016-12-20,4.53,4.54,4.46,4.48,,194282.0,,raw
2016-12-21,4.49,4.52,4.48,4.51,,195841.0,,raw
2016-12-22,4.51,4.53,4.48,4.52,,250908.0,,raw
2016-12-23,4.52,4.52,4.45,4.48,,195271.0,,raw
2016-12-26,4.48,4.5,4.44,4.49,,172549.0,,raw
2016-12-27,4.52,4.56,4.51,4.52,,257748.0,,raw
2016-12-28,4.51,4.53,4.49,4.52,,145504.0,,raw
2016-12-29,4.52,4.61,4.5,4.59,,339475.0,,raw
2016-12-30,4.57,4.59,4.53,4.54,,187623.0,,raw
2017-01-03,4.55,4.58,4.52,4.54,,392801.0,,raw
2017-01-04,4.55,4.58,4.53,4.58,,242942.0,,raw
2017-01-05,4.58,4.71,4.56,4.65,,653566.0,,raw
2017-01-06,4.63,4.65,4.6,4.62,,240788.0,,raw
2017-01-09,4.62,4.69,4.62,4.66,,307444.0,,raw
2017-01-10,4.69,4.7,4.64,4.65,,175447.0,,raw
2017-01-11,4.65,4.68,4.6,4.6,,192443.0,,raw
2017-01-12,4.61,4.63,4.56,4.56,,179619.0,,raw
2017-01-13,4.57,4.59,4.51,4.52,,198321.0,,raw
2017-01-16,4.52,4.53,4.35,4.44,,351102.0,,raw
2017-01-17,4.44,4.48,4.42,4.48,,171674.0,,raw
2017-01-18,4.47,4.51,4.44,4.48,,198766.0,,raw
2017-01-19,4.47,4.51,4.45,4.47,,161178.0,,raw
2017-01-20,4.46,4.52,4.45,4.52,,146515.0,,raw
2017-01-23,4.51,4.61,4.5,4.57,,319343.0,,raw
2017-01-24,4.57,4.61,4.54,4.6,,274767.0,,raw
2017-01-25,4.57,4.61,4.53,4.55,,220564.0,,raw
2017-01-26,4.55,4.58,4.53,4.55,,174611.0,,raw
2017-02-03,4.55,4.56,4.49,4.51,,169813.0,,raw
2017-02-06,4.52,4.6,4.51,4.58,,262423.0,,raw
2017-02-07,4.58,4.68,4.57,4.63,,623391.0,,raw
2017-02-08,4.62,4.64,4.56,4.64,,341225.0,,raw
2017-02-09,4.64,4.71,4.62,4.66,,566743.0,,raw
2017-02-10,4.66,5.0,4.65,4.83,,1406553.0,,raw
2017-02-13,4.82,4.87,4.77,4.8,,791871.0,,raw
2017-02-14,4.81,4.82,4.73,4.79,,619061.0,,raw
2017-02-15,4.79,4.81,4.7,4.72,,493978.0,,raw
2017-02-16,4.71,4.81,4.71,4.78,,451284.0,,raw
2017-02-17,4.76,4.81,4.7,4.72,,324816.0,,raw
2017-02-20,4.73,4.88,4.72,4.86,,812545.0,,raw
2017-02-21,4.86,4.88,4.79,4.84,,417688.0,,raw
2017-02-22,4.84,4.94,4.81,4.91,,895157.0,,raw
2017-02-23,4.92,5.07,4.88,4.91,,1189014.0,,raw
2017-02-24,4.9,4.96,4.85,4.95,,599086.0,,raw
2017-02-27,4.93,5.0,4.82,4.83,,602958.0,,raw
2017-02-28,4.84,4.86,4.81,4.84,,250100.0,,raw
2017-03-01,4.85,4.89,4.81,4.83,,337380.0,,raw
2017-03-02,4.84,5.0,4.81,4.84,,620172.0,,raw
2017-03-03,4.84,4.86,4.77,4.8,,600472.0,,raw
2017-03-06,4.8,4.85,4.79,4.82,,476351.0,,raw
2017-03-07,4.82,4.87,4.8,4.87,,518241.0,,raw
2017-03-08,4.89,4.91,4.82,4.83,,497721.0,,raw
2017-03-09,4.82,4.83,4.72,4.76,,429740.0,,raw
2017-03-10,4.76,4.84,4.76,4.78,,482207.0,,raw
2017-03-13,4.8,4.86,4.77,4.85,,528492.0,,raw
2017-03-14,4.84,4.87,4.79,4.8,,358690.0,,raw
2017-03-15,4.8,4.9,4.77,4.89,,596863.0,,raw
2017-03-16,4.93,4.93,4.85,4.9,,447516.0,,raw
2017-03-17,4.91,4.93,4.81,4.82,,375107.0,,raw
2017-03-20,4.82,4.85,4.78,4.84,,280654.0,,raw
2017-03-21,4.82,4.84,4.77,4.8,,343754.0,,raw
2017-03-22,4.76,4.9,4.75,4.83,,605243.0,,raw
2017-03-23,4.8,4.84,4.76,4.82,,397389.0,,raw
2017-03-24,4.81,4.91,4.77,4.89,,677602.0,,raw
2017-03-27,4.9,4.92,4.82,4.83,,477245.0,,raw
2017-03-28,4.81,4.87,4.81,4.83,,333304.0,,raw
2017-03-29,4.83,4.93,4.76,4.86,,923172.0,,raw
2017-03-30,4.84,4.97,4.81,4.85,,960720.0,,raw
2017-03-31,4.8,4.81,4.76,4.78,,640622.0,,raw
2017-04-05,5.0,5.05,4.82,4.84,,1089062.0,,raw
2017-04-06,4.84,4.92,4.81,4.89,,795972.0,,raw
2017-04-07,4.9,4.92,4.85,4.88,,594112.0,,raw
2017-04-10,4.86,4.93,4.85,4.87,,600877.0,,raw
2017-04-11,4.88,5.07,4.87,5.04,,1731021.0,,raw
2017-04-12,5.02,5.02,4.92,4.93,,981862.0,,raw
2017-04-13,4.93,4.95,4.9,4.93,,474531.0,,raw
2017-04-14,4.93,4.95,4.78,4.79,,812009.0,,raw
2017-04-17,4.8,4.8,4.68,4.73,,591552.0,,raw
2017-04-18,4.73,4.75,4.67,4.67,,421368.0,,raw
2017-04-19,4.66,4.68,4.54,4.58,,601036.0,,raw
2017-04-20,4.59,4.61,4.53,4.58,,491567.0,,raw
2017-04-21,4.59,4.6,4.55,4.57,,281905.0,,raw
2017-04-24,4.57,4.58,4.45,4.45,,490892.0,,raw
2017-04-25,4.46,4.52,4.45,4.47,,273198.0,,raw
2017-04-26,4.49,4.52,4.47,4.5,,233650.0,,raw
2017-04-27,4.5,4.54,4.41,4.52,,410090.0,,raw
2017-04-28,4.5,4.52,4.46,4.49,,405172.0,,raw
2017-05-02,4.48,4.52,4.46,4.51,,268110.0,,raw
2017-05-03,4.5,4.54,4.49,4.5,,282985.0,,raw
2017-05-04,4.5,4.54,4.46,4.49,,353864.0,,raw
2017-05-05,4.48,4.48,4.38,4.39,,474503.0,,raw
2017-05-08,4.35,4.4,4.32,4.34,,311543.0,,raw
2017-05-09,4.33,4.39,4.33,4.38,,246122.0,,raw
2017-05-10,4.38,4.41,4.25,4.25,,420317.0,,raw
2017-05-11,4.23,4.27,4.12,4.25,,436838.0,,raw
2017-05-12,4.23,4.28,4.22,4.27,,224064.0,,raw
2017-05-15,4.3,4.31,4.24,4.25,,221317.0,,raw
2017-05-16,4.24,4.29,4.2,4.29,,329624.0,,raw
2017-05-17,4.29,4.35,4.27,4.34,,395227.0,,raw
2017-05-18,4.31,4.33,4.25,4.28,,276706.0,,raw
2017-05-19,4.26,4.29,4.25,4.27,,185611.0,,raw
2017-05-22,4.52,4.52,4.26,4.3,,1067681.0,,raw
2017-05-23,4.3,4.31,4.22,4.23,,429111.0,,raw
2017-05-24,4.21,4.32,4.17,4.32,,399521.0,,raw
2017-05-25,4.35,4.41,4.32,4.39,,545988.0,,raw
2017-05-26,4.39,4.46,4.37,4.39,,410608.0,,raw
2017-05-31,4.4,4.43,4.38,4.39,,309301.0,,raw
2017-06-01,4.39,4.4,4.35,4.36,,263847.0,,raw
2017-06-02,4.36,4.4,4.32,4.39,,230843.0,,raw
2017-06-05,4.39,4.41,4.37,4.39,,213905.0,,raw
2017-06-06,4.39,4.4,4.38,4.4,,127869.0,,raw
2017-06-07,4.39,4.45,4.39,4.45,,319089.0,,raw
2017-06-08,4.44,4.45,4.42,4.42,,235199.0,,raw
2017-06-09,4.42,4.47,4.41,4.46,,397908.0,,raw
2017-06-12,4.43,4.44,4.39,4.39,,309002.0,,raw
2017-06-13,4.39,4.43,4.39,4.41,,204240.0,,raw
2017-06-14,4.41,4.42,4.39,4.4,,201670.0,,raw
2017-06-15,4.39,4.42,4.38,4.41,,192169.0,,raw
2017-06-16,4.4,4.41,4.39,4.39,,130649.0,,raw
2017-06-19,4.4,4.42,4.39,4.42,,186204.0,,raw
2017-06-20,4.42,4.42,4.4,4.4,,159026.0,,raw
2017-06-21,4.42,4.43,4.4,4.42,,225550.0,,raw
2017-06-22,4.41,4.48,4.41,4.42,,439778.0,,raw
2017-06-23,4.41,4.44,4.39,4.42,,313645.0,,raw
2017-06-26,4.42,4.58,4.42,4.53,,723552.0,,raw
2017-06-27,4.5,4.53,4.49,4.51,,355498.0,,raw
2017-06-28,4.51,4.55,4.5,4.52,,273188.0,,raw
2017-06-29,4.52,4.54,4.51,4.53,,254653.0,,raw
2017-06-30,4.51,4.51,4.46,4.49,,314556.0,,raw
2017-07-03,4.49,4.52,4.48,4.52,,211668.0,,raw
2017-07-04,4.52,4.52,4.48,4.5,,240995.0,,raw
2017-07-05,4.49,4.51,4.46,4.51,,298075.0,,raw
2017-07-06,4.51,4.51,4.48,4.5,,230291.0,,raw
2017-07-07,4.49,4.52,4.49,4.51,,270584.0,,raw
2017-07-10,4.5,4.58,4.5,4.56,,563941.0,,raw
2017-07-11,4.55,4.57,4.52,4.52,,308883.0,,raw
2017-07-12,4.52,4.53,4.47,4.5,,389034.0,,raw
2017-07-13,4.5,4.58,4.5,4.57,,508719.0,,raw
2017-07-14,4.57,4.6,4.54,4.6,,452290.0,,raw
2017-07-17,4.69,4.69,4.48,4.57,,1101400.0,,raw
2017-07-18,4.55,4.67,4.54,4.67,,765191.0,,raw
2017-07-19,4.67,4.77,4.66,4.76,,1010227.0,,raw
2017-07-20,4.76,4.78,4.72,4.74,,538136.0,,raw
2017-07-21,4.73,4.91,4.72,4.79,,738213.0,,raw
2017-07-24,4.8,4.86,4.77,4.82,,579678.0,,raw
2017-07-25,4.82,4.82,4.69,4.74,,622172.0,,raw
2017-07-26,4.73,4.77,4.69,4.72,,412703.0,,raw
2017-07-27,4.73,4.75,4.68,4.72,,405589.0,,raw
2017-07-28,4.71,4.72,4.67,4.68,,308205.0,,raw
2017-07-31,4.7,4.8,4.68,4.79,,558554.0,,raw
2017-08-01,4.8,4.85,4.77,4.81,,577442.0,,raw
2017-08-02,4.8,4.84,4.76,4.79,,395028.0,,raw
2017-08-03,4.79,4.9,4.78,4.9,,768817.0,,raw
2017-08-04,4.89,4.96,4.87,4.88,,749908.0,,raw
2017-08-07,4.89,4.98,4.83,4.95,,579341.0,,raw
2017-08-08,4.95,4.97,4.86,4.89,,464744.0,,raw
2017-08-09,4.9,4.97,4.86,4.93,,654042.0,,raw
2017-08-10,4.9,4.93,4.8,4.84,,516869.0,,raw
2017-08-11,4.81,4.83,4.65,4.66,,677906.0,,raw
2017-08-14,4.66,4.75,4.66,4.74,,340725.0,,raw
2017-08-15,4.73,4.74,4.69,4.71,,269771.0,,raw
2017-08-16,4.71,4.72,4.68,4.71,,196285.0,,raw
2017-08-17,4.72,4.75,4.7,4.74,,290388.0,,raw
2017-08-18,4.72,4.73,4.68,4.7,,302851.0,,raw
2017-08-21,4.72,4.78,4.72,4.77,,337483.0,,raw
2017-08-22,4.78,4.79,4.75,4.77,,203154.0,,raw
2017-08-23,4.77,4.78,4.73,4.75,,186594.0,,raw
2017-08-24,4.75,4.77,4.73,4.76,,228627.0,,raw
2017-08-25,4.61,4.66,4.57,4.65,,367851.0,,raw
2017-08-28,4.64,4.7,4.64,4.68,,375785.0,,raw
2017-08-29,4.68,4.7,4.65,4.67,,293620.0,,raw
2017-08-30,4.64,4.64,4.56,4.64,,535624.0,,raw
2017-08-31,4.6,4.63,4.55,4.59,,666924.0,,raw
2017-09-01,4.57,4.61,4.57,4.61,,479748.0,,raw
2017-09-04,4.59,4.61,4.57,4.59,,329350.0,,raw
2017-09-05,4.59,4.6,4.56,4.57,,316532.0,,raw
2017-09-06,4.57,4.61,4.56,4.6,,322406.0,,raw
2017-09-07,4.6,4.61,4.57,4.58,,288261.0,,raw
2017-09-08,4.58,4.6,4.56,4.57,,215652.0,,raw
2017-09-11,4.57,4.6,4.55,4.59,,318795.0,,raw
2017-09-12,4.59,4.62,4.57,4.6,,522493.0,,raw
2017-09-13,4.59,4.61,4.58,4.59,,248472.0,,raw
2017-09-14,4.59,4.62,4.58,4.6,,329895.0,,raw
2017-09-15,4.6,4.63,4.59,4.61,,343842.0,,raw
2017-09-18,4.61,4.63,4.6,4.62,,302960.0,,raw
2017-09-19,4.62,4.62,4.57,4.58,,369367.0,,raw
2017-09-20,4.58,4.59,4.55,4.56,,252134.0,,raw
2017-09-21,4.56,4.57,4.53,4.53,,261078.0,,raw
2017-09-22,4.53,4.53,4.48,4.49,,291009.0,,raw
2017-09-25,4.49,4.49,4.42,4.43,,246390.0,,raw
2017-09-26,4.43,4.47,4.43,4.45,,232074.0,,raw
2017-09-27,4.45,4.5,4.44,4.48,,189411.0,,raw
2017-09-28,4.48,4.49,4.46,4.47,,172524.0,,raw
2017-09-29,4.48,4.5,4.46,4.48,,199126.0,,raw
2017-10-09,4.54,4.63,4.54,4.61,,665784.0,,raw
2017-10-10,4.62,4.72,4.6,4.68,,799675.0,,raw
2017-10-11,4.67,4.7,4.63,4.69,,464303.0,,raw
2017-10-12,4.68,4.69,4.65,4.69,,302115.0,,raw
2017-10-13,4.68,4.75,4.66,4.72,,459492.0,,raw
2017-10-16,4.72,4.74,4.67,4.68,,406190.0,,raw
2017-10-17,4.67,4.72,4.66,4.68,,253893.0,,raw
2017-10-18,4.68,4.69,4.61,4.62,,328130.0,,raw
2017-10-19,4.62,4.63,4.52,4.53,,329266.0,,raw
2017-10-20,4.53,4.58,4.51,4.56,,199911.0,,raw
2017-10-23,4.58,4.64,4.54,4.63,,351439.0,,raw
2017-10-24,4.65,4.66,4.59,4.63,,222842.0,,raw
2017-10-25,4.63,4.69,4.6,4.68,,410525.0,,raw
2017-10-26,4.67,4.73,4.65,4.71,,528958.0,,raw
2017-10-27,4.69,4.71,4.65,4.66,,327091.0,,raw
2017-10-30,4.66,4.68,4.55,4.6,,415510.0,,raw
2017-10-31,4.6,4.65,4.59,4.64,,322132.0,,raw
2017-11-01,4.64,4.66,4.6,4.61,,394856.0,,raw
2017-11-02,4.61,4.61,4.5,4.5,,465280.0,,raw
2017-11-03,4.51,4.53,4.44,4.47,,359582.0,,raw
2017-11-06,4.48,4.54,4.44,4.53,,307665.0,,raw
2017-11-07,4.53,4.56,4.51,4.55,,278948.0,,raw
2017-11-08,4.55,4.57,4.53,4.56,,330223.0,,raw
2017-11-09,4.55,4.58,4.53,4.56,,210004.0,,raw
2017-11-10,4.55,4.62,4.53,4.6,,473278.0,,raw
2017-11-13,4.59,4.63,4.55,4.58,,356124.0,,raw
2017-11-14,4.57,4.58,4.5,4.51,,369877.0,,raw
2017-11-15,4.51,4.54,4.48,4.49,,222052.0,,raw
2017-11-16,4.49,4.51,4.47,4.49,,214790.0,,raw
2017-11-17,4.48,4.55,4.44,4.45,,515351.0,,raw
2017-11-20,4.44,4.44,4.36,4.43,,386438.0,,raw
2017-11-21,4.42,4.49,4.41,4.49,,308087.0,,raw
2017-11-22,4.48,4.49,4.45,4.47,,262638.0,,raw
2017-11-23,4.46,4.51,4.41,4.41,,297475.0,,raw
2017-11-24,4.4,4.44,4.38,4.41,,200211.0,,raw
2017-11-27,4.4,4.42,4.38,4.39,,169876.0,,raw
2017-11-28,4.39,4.42,4.38,4.41,,180291.0,,raw
2017-11-29,4.42,4.49,4.38,4.47,,335126.0,,raw
2017-11-30,4.45,4.46,4.39,4.4,,271252.0,,raw
2017-12-01,4.4,4.43,4.39,4.41,,167409.0,,raw
2017-12-04,4.4,4.41,4.37,4.38,,226102.0,,raw
2017-12-05,4.38,4.38,4.22,4.24,,510177.0,,raw
2017-12-06,4.23,4.25,4.2,4.25,,310791.0,,raw
2017-12-07,4.25,4.27,4.23,4.25,,215515.0,,raw
2017-12-08,4.24,4.27,4.22,4.25,,202941.0,,raw
2017-12-11,4.24,4.29,4.23,4.28,,285328.0,,raw
2017-12-12,4.28,4.31,4.23,4.24,,219722.0,,raw
2017-12-13,4.24,4.26,4.23,4.26,,151216.0,,raw
2017-12-14,4.25,4.34,4.24,4.29,,335846.0,,raw
2017-12-15,4.27,4.28,4.24,4.26,,202532.0,,raw
2017-12-18,4.25,4.29,4.24,4.27,,154921.0,,raw
2017-12-19,4.27,4.3,4.26,4.29,,173610.0,,raw
2017-12-20,4.29,4.3,4.24,4.25,,161104.0,,raw
2017-12-21,4.26,4.29,4.22,4.27,,239789.0,,raw
2017-12-22,4.28,4.28,4.24,4.25,,174083.0,,raw
2017-12-25,4.26,4.31,4.25,4.27,,260596.0,,raw
2017-12-26,4.28,4.54,4.25,4.49,,985284.0,,raw
2017-12-27,4.45,4.5,4.4,4.41,,656081.0,,raw
2017-12-28,4.42,4.53,4.38,4.46,,541222.0,,raw
2017-12-29,4.45,4.49,4.43,4.47,,262245.0,,raw
2018-01-02,4.45,4.59,4.45,4.55,,663218.0,,raw
2018-01-03,4.54,4.55,4.51,4.53,,427466.0,,raw
2018-01-04,4.52,4.52,4.46,4.51,,412948.0,,raw
2018-01-05,4.5,4.64,4.47,4.57,,896498.0,,raw
2018-01-08,4.56,4.72,4.54,4.66,,1043005.0,,raw
2018-01-09,4.66,4.69,4.6,4.63,,415452.0,,raw
2018-01-10,4.64,4.66,4.57,4.62,,383301.0,,raw
2018-01-11,4.61,4.61,4.54,4.58,,352731.0,,raw
2018-01-12,4.57,4.6,4.55,4.55,,269220.0,,raw
2018-01-15,4.55,4.57,4.47,4.49,,481723.0,,raw
2018-01-16,4.51,4.58,4.48,4.58,,506533.0,,raw
2018-01-17,4.58,4.59,4.49,4.56,,564421.0,,raw
2018-01-18,4.55,4.61,4.52,4.61,,433835.0,,raw
2018-01-19,4.67,4.7,4.61,4.61,,708817.0,,raw
2018-01-22,4.61,4.66,4.55,4.66,,553113.0,,raw
2018-01-23,4.65,4.68,4.61,4.65,,508148.0,,raw
2018-01-24,4.65,4.67,4.59,4.63,,452135.0,,raw
2018-01-25,4.62,4.71,4.6,4.67,,780557.0,,raw
2018-01-26,4.65,4.68,4.62,4.63,,494830.0,,raw
2018-01-29,4.63,4.67,4.53,4.55,,592245.0,,raw
2018-01-30,4.51,4.55,4.48,4.5,,388855.0,,raw
2018-01-31,4.5,4.52,4.47,4.49,,345407.0,,raw
2018-02-01,4.49,4.5,4.32,4.35,,663755.0,,raw
2018-02-02,4.35,4.39,4.26,4.37,,390343.0,,raw
2018-02-05,4.31,4.42,4.3,4.41,,317486.0,,raw
2018-02-06,4.35,4.4,4.27,4.27,,477450.0,,raw
2018-02-07,4.32,4.38,4.2,4.29,,411596.0,,raw
2018-02-08,4.27,4.35,4.25,4.33,,357822.0,,raw
2018-02-09,4.24,4.27,4.1,4.15,,554807.0,,raw
2018-02-12,4.17,4.22,4.16,4.21,,217888.0,,raw
2018-02-13,4.24,4.28,4.22,4.24,,197163.0,,raw
2018-02-14,4.23,4.25,4.21,4.24,,165957.0,,raw
2018-02-22,4.26,4.3,4.26,4.28,,249279.0,,raw
2018-02-23,4.28,4.3,4.26,4.28,,152462.0,,raw
2018-02-26,4.29,4.36,4.29,4.33,,308989.0,,raw
2018-02-27,4.33,4.34,4.28,4.29,,227826.0,,raw
2018-02-28,4.28,4.29,4.23,4.28,,180663.0,,raw
2018-03-01,4.25,4.29,4.24,4.28,,240586.0,,raw
2018-03-02,4.26,4.28,4.25,4.25,,183373.0,,raw
2018-03-05,4.25,4.27,4.24,4.26,,141455.0,,raw
2018-03-06,4.26,4.32,4.25,4.31,,299394.0,,raw
2018-03-07,4.3,4.36,4.29,4.31,,298511.0,,raw
2018-03-08,4.3,4.33,4.29,4.32,,176707.0,,raw
2018-03-09,4.33,4.33,4.3,4.33,,212735.0,,raw
2018-03-12,4.34,4.35,4.32,4.35,,262384.0,,raw
2018-03-13,4.35,4.36,4.3,4.31,,221498.0,,raw
2018-03-14,4.31,4.31,4.28,4.29,,152995.0,,raw
2018-03-15,4.28,4.3,4.25,4.27,,163347.0,,raw
2018-03-16,4.27,4.29,4.26,4.27,,133700.0,,raw
2018-03-19,4.27,4.28,4.25,4.26,,106393.0,,raw
2018-03-20,4.25,4.26,4.22,4.25,,157341.0,,raw
2018-03-21,4.25,4.28,4.24,4.25,,151901.0,,raw
2018-03-22,4.24,4.26,4.22,4.23,,160957.0,,raw
2018-03-23,4.15,4.22,4.03,4.22,,682774.0,,raw
2018-03-26,4.14,4.19,4.1,4.18,,214419.0,,raw
2018-03-27,4.21,4.22,4.18,4.2,,202199.0,,raw
2018-03-28,4.17,4.19,4.15,4.19,,171881.0,,raw
2018-03-29,4.18,4.24,4.18,4.21,,238311.0,,raw
2018-03-30,4.24,4.25,4.2,4.21,,152065.0,,raw
2018-04-02,4.25,4.25,4.21,4.23,,237520.0,,raw
2018-04-03,4.18,4.21,4.17,4.21,,209693.0,,raw
2018-04-04,4.22,4.24,4.18,4.2,,197136.0,,raw
2018-04-09,4.19,4.2,4.13,4.15,,272221.0,,raw
2018-04-10,4.16,4.2,4.15,4.19,,197952.0,,raw
2018-04-11,4.2,4.21,4.18,4.2,,206452.0,,raw
2018-04-12,4.19,4.2,4.16,4.17,,143836.0,,raw
2018-04-13,4.19,4.2,4.16,4.17,,115947.0,,raw
2018-04-16,4.19,4.22,4.16,4.17,,244262.0,,raw
2018-04-17,4.18,4.19,4.14,4.15,,161703.0,,raw
2018-04-18,4.18,4.18,4.12,4.16,,185621.0,,raw
2018-04-19,4.16,4.18,4.15,4.17,,156355.0,,raw
2018-04-20,4.17,4.17,4.11,4.14,,239848.0,,raw
2018-04-23,4.13,4.15,4.11,4.14,,161436.0,,raw
2018-04-24,4.13,4.19,4.12,4.18,,241139.0,,raw
2018-04-25,4.17,4.18,4.15,4.18,,141088.0,,raw
2018-04-26,4.17,4.19,4.14,4.16,,165228.0,,raw
2018-04-27,4.16,4.2,4.14,4.2,,229645.0,,raw
2018-05-02,4.19,4.22,4.17,4.21,,265052.0,,raw
2018-05-03,4.19,4.24,4.18,4.23,,275982.0,,raw
2018-05-04,4.22,4.24,4.21,4.23,,162777.0,,raw
2018-05-07,4.23,4.27,4.23,4.26,,260222.0,,raw
2018-05-08,4.25,4.26,4.23,4.24,,210199.0,,raw
2018-05-09,4.25,4.26,4.23,4.25,,181827.0,,raw
2018-05-10,4.25,4.27,4.25,4.27,,197181.0,,raw
2018-05-11,4.28,4.28,4.24,4.24,,183956.0,,raw
2018-05-14,4.24,4.26,4.23,4.24,,172364.0,,raw
2018-05-15,4.25,4.33,4.24,4.32,,460117.0,,raw
2018-05-16,4.31,4.31,4.27,4.28,,232502.0,,raw
2018-05-17,4.28,4.29,4.25,4.26,,162915.0,,raw
2018-05-18,4.27,4.3,4.25,4.29,,157421.0,,raw
2018-05-21,4.31,4.33,4.29,4.31,,221383.0,,raw
2018-05-22,4.31,4.32,4.28,4.31,,154302.0,,raw
2018-05-23,4.3,4.31,4.27,4.27,,147223.0,,raw
2018-05-24,4.26,4.28,4.25,4.25,,121746.0,,raw
2018-05-25,4.25,4.26,4.23,4.24,,123897.0,,raw
2018-05-28,4.24,4.24,4.2,4.21,,145435.0,,raw
2018-05-29,4.21,4.22,4.18,4.18,,134471.0,,raw
2018-05-30,4.15,4.15,4.07,4.09,,320143.0,,raw
2018-05-31,4.1,4.17,4.07,4.17,,322591.0,,raw
2018-06-01,4.16,4.23,4.12,4.21,,348797.0,,raw
2018-06-04,4.2,4.23,4.16,4.21,,203390.0,,raw
2018-06-05,4.21,4.21,4.15,4.2,,160827.0,,raw
2018-06-06,4.19,4.22,4.15,4.2,,134252.0,,raw
2018-06-07,4.21,4.23,4.2,4.21,,132520.0,,raw
2018-06-08,4.2,4.2,4.12,4.14,,165816.0,,raw
2018-06-11,4.13,4.15,4.1,4.11,,143111.0,,raw
2018-06-12,4.12,4.22,4.11,4.21,,274790.0,,raw
2018-06-13,4.2,4.2,4.16,4.17,,136602.0,,raw
2018-06-14,4.16,4.2,4.13,4.17,,145991.0,,raw
2018-06-15,4.17,4.17,4.12,4.16,,160055.0,,raw
2018-06-19,4.11,4.13,3.97,4.02,,497083.0,,raw
2018-06-20,4.0,4.07,3.99,4.04,,191136.0,,raw
2018-06-21,4.04,4.11,4.02,4.03,,183756.0,,raw
2018-06-22,4.01,4.1,3.99,4.09,,193308.0,,raw
2018-06-25,4.11,4.12,4.08,4.09,,168485.0,,raw
2018-06-26,4.06,4.09,4.03,4.08,,138126.0,,raw
2018-06-27,4.07,4.12,4.06,4.07,,142840.0,,raw
2018-06-28,4.06,4.09,4.03,4.04,,133443.0,,raw
2018-06-29,4.05,4.12,4.04,4.11,,142309.0,,raw
2018-07-02,4.1,4.15,4.03,4.06,,183829.0,,raw
2018-07-03,4.04,4.09,4.04,4.09,,160205.0,,raw
2018-07-04,4.08,4.09,4.04,4.05,,130460.0,,raw
2018-07-05,4.04,4.06,4.0,4.04,,180971.0,,raw
2018-07-06,4.03,4.05,3.92,3.98,,257689.0,,raw
2018-07-09,3.98,4.04,3.97,4.04,,154658.0,,raw
2018-07-10,4.04,4.04,4.01,4.03,,112999.0,,raw
2018-07-11,4.0,4.0,3.93,3.98,,157594.0,,raw
2018-07-12,3.96,4.04,3.95,4.03,,171348.0,,raw
2018-07-13,4.03,4.04,4.01,4.02,,119617.0,,raw
2018-07-16,4.02,4.05,4.01,4.03,,127877.0,,raw
2018-07-17,4.03,4.03,3.98,4.01,,126286.0,,raw
2018-07-18,4.02,4.04,4.01,4.01,,108806.0,,raw
2018-07-19,4.0,4.03,3.99,4.01,,86580.0,,raw
2018-07-20,4.0,4.04,3.97,4.02,,172036.0,,raw
2018-07-23,4.01,4.08,4.01,4.07,,254242.0,,raw
2018-07-24,4.07,4.22,4.06,4.15,,597295.0,,raw
2018-07-25,4.12,4.25,4.11,4.19,,439330.0,,raw
2018-07-26,4.17,4.22,4.15,4.16,,224547.0,,raw
2018-07-27,4.16,4.19,4.15,4.17,,151728.0,,raw
2018-07-30,4.18,4.21,4.14,4.15,,215761.0,,raw
2018-07-31,4.17,4.19,4.15,4.18,,192656.0,,raw
2018-08-01,4.18,4.23,4.12,4.13,,301838.0,,raw
2018-08-02,4.1,4.12,3.98,4.08,,335973.0,,raw
2018-08-03,4.07,4.09,4.04,4.04,,153666.0,,raw
2018-08-06,4.04,4.08,4.0,4.01,,187203.0,,raw
2018-08-07,4.02,4.17,4.01,4.16,,353199.0,,raw
2018-08-08,4.15,4.17,4.11,4.13,,261775.0,,raw
2018-08-09,4.14,4.2,4.11,4.17,,288361.0,,raw
2018-08-10,4.16,4.18,4.15,4.17,,162617.0,,raw
2018-08-13,4.15,4.18,4.1,4.18,,202085.0,,raw
2018-08-14,4.17,4.18,4.15,4.17,,121109.0,,raw
2018-08-15,4.17,4.18,4.12,4.12,,141368.0,,raw
2018-08-16,4.08,4.13,4.07,4.1,,122012.0,,raw
2018-08-17,4.12,4.13,4.06,4.06,,147624.0,,raw
2018-08-20,4.08,4.13,4.06,4.11,,180654.0,,raw
2018-08-21,4.11,4.15,4.1,4.13,,146505.0,,raw
2018-08-22,4.13,4.14,4.11,4.12,,146022.0,,raw
2018-08-23,4.12,4.16,4.11,4.14,,203945.0,,raw
2018-08-24,3.95,3.96,3.93,3.95,,219000.0,,raw
2018-08-27,3.96,3.99,3.95,3.99,,269135.0,,raw
2018-08-28,3.99,3.99,3.96,3.97,,162237.0,,raw
2018-08-29,3.98,3.98,3.94,3.96,,120207.0,,raw
2018-08-30,3.96,3.96,3.89,3.91,,200494.0,,raw
2018-08-31,3.87,3.88,3.83,3.87,,249471.0,,raw
2018-09-03,3.85,3.85,3.79,3.83,,169005.0,,raw
2018-09-04,3.82,3.85,3.81,3.84,,162573.0,,raw
2018-09-05,3.83,3.83,3.75,3.77,,229768.0,,raw
2018-09-06,3.76,3.79,3.72,3.73,,191826.0,,raw
2018-09-07,3.74,3.77,3.7,3.72,,170899.0,,raw
2018-09-10,3.72,3.73,3.68,3.69,,127882.0,,raw
2018-09-11,3.69,3.72,3.67,3.72,,121495.0,,raw
2018-09-12,3.71,3.72,3.69,3.71,,72709.0,,raw
2018-09-13,3.72,3.74,3.7,3.72,,93795.0,,raw
2018-09-14,3.73,3.73,3.68,3.7,,129471.0,,raw
2018-09-17,3.69,3.7,3.63,3.64,,130068.0,,raw
2018-09-18,3.64,3.68,3.6,3.68,,180787.0,,raw
2018-09-19,3.67,3.73,3.66,3.72,,156318.0,,raw
2018-09-20,3.71,3.73,3.7,3.71,,97764.0,,raw
2018-09-21,3.72,3.76,3.71,3.76,,149446.0,,raw
2018-09-25,3.74,3.75,3.72,3.74,,99967.0,,raw
2018-09-26,3.74,3.78,3.73,3.74,,157589.0,,raw
2018-09-27,3.75,3.76,3.72,3.73,,124668.0,,raw
2018-09-28,3.74,3.76,3.73,3.74,,137450.0,,raw
2018-10-08,3.71,3.72,3.62,3.63,,204947.0,,raw
2018-10-09,3.63,3.65,3.61,3.63,,144736.0,,raw
2018-10-10,3.62,3.66,3.62,3.64,,112859.0,,raw
2018-10-11,3.58,3.58,3.3,3.34,,329839.0,,raw
2018-10-12,3.32,3.34,3.21,3.3,,262834.0,,raw
2018-10-15,3.32,3.33,3.25,3.25,,146980.0,,raw
2018-10-16,3.26,3.31,3.21,3.25,,128554.0,,raw
2018-10-17,3.27,3.29,3.24,3.26,,125228.0,,raw
2018-10-18,3.25,3.26,3.19,3.2,,147451.0,,raw
2018-10-19,3.18,3.26,3.15,3.25,,191144.0,,raw
2018-10-22,3.26,3.4,3.24,3.36,,281528.0,,raw
2018-10-23,3.36,3.37,3.29,3.31,,156021.0,,raw
2018-10-24,3.29,3.36,3.27,3.32,,126616.0,,raw
2018-10-25,3.26,3.31,3.21,3.31,,136306.0,,raw
2018-10-26,3.32,3.36,3.31,3.32,,127746.0,,raw
2018-10-29,3.28,3.29,3.25,3.26,,137484.0,,raw
2018-10-30,3.24,3.31,3.23,3.3,,131311.0,,raw
2018-10-31,3.3,3.37,3.3,3.34,,161047.0,,raw
2018-11-01,3.37,3.43,3.36,3.39,,248831.0,,raw
2018-11-02,3.43,3.46,3.41,3.45,,221976.0,,raw
2018-11-05,3.45,3.47,3.42,3.46,,163293.0,,raw
2018-11-06,3.45,3.47,3.41,3.46,,139726.0,,raw
2018-11-07,3.46,3.47,3.43,3.44,,143441.0,,raw
2018-11-08,3.45,3.48,3.44,3.44,,120001.0,,raw
2018-11-09,3.44,3.44,3.39,3.4,,149853.0,,raw
2018-11-12,3.4,3.58,3.39,3.56,,332561.0,,raw
2018-11-13,3.53,3.64,3.52,3.61,,315247.0,,raw
2018-11-14,3.62,3.7,3.61,3.63,,279683.0,,raw
2018-11-15,3.65,3.74,3.64,3.71,,295283.0,,raw
2018-11-16,3.72,3.75,3.68,3.73,,254028.0,,raw
2018-11-19,3.74,3.76,3.71,3.74,,235738.0,,raw
2018-11-20,3.74,3.74,3.65,3.67,,237572.0,,raw
2018-11-21,3.66,3.68,3.63,3.66,,199728.0,,raw
2018-11-22,3.68,3.73,3.67,3.7,,166405.0,,raw
2018-11-23,3.73,3.73,3.55,3.56,,214616.0,,raw
2018-11-26,3.52,3.61,3.51,3.57,,136774.0,,raw
2018-11-27,3.59,3.62,3.58,3.59,,133732.0,,raw
2018-11-28,3.62,3.65,3.6,3.61,,112053.0,,raw
2018-11-29,3.63,3.65,3.55,3.56,,125001.0,,raw
2018-11-30,3.56,3.57,3.51,3.55,,168632.0,,raw
2018-12-03,3.61,3.7,3.61,3.68,,284406.0,,raw
2018-12-04,3.71,3.75,3.67,3.75,,260979.0,,raw
2018-12-05,3.71,3.75,3.69,3.73,,188185.0,,raw
2018-12-06,3.73,3.73,3.65,3.65,,206127.0,,raw
2018-12-07,3.63,3.74,3.62,3.72,,195253.0,,raw
2018-12-10,3.69,3.71,3.63,3.63,,145952.0,,raw
2018-12-11,3.64,3.66,3.61,3.62,,104835.0,,raw
2018-12-12,3.63,3.65,3.62,3.64,,95223.0,,raw
2018-12-13,3.65,3.71,3.62,3.71,,190337.0,,raw
2018-12-14,3.69,3.73,3.66,3.67,,160396.0,,raw
2018-12-17,3.66,3.7,3.62,3.7,,154460.0,,raw
2018-12-18,3.68,3.69,3.61,3.64,,166706.0,,raw
2018-12-19,3.64,3.69,3.63,3.65,,124927.0,,raw
2018-12-20,3.63,3.67,3.6,3.61,,168588.0,,raw
2018-12-21,3.6,3.66,3.57,3.65,,169619.0,,raw
2018-12-24,3.65,3.67,3.63,3.67,,108207.0,,raw
2018-12-25,3.65,3.65,3.53,3.61,,149285.0,,raw
2018-12-26,3.6,3.62,3.55,3.58,,92914.0,,raw
2018-12-27,3.62,3.64,3.56,3.58,,97792.0,,raw
2018-12-28,3.58,3.58,3.54,3.56,,110640.0,,raw
2019-01-02,3.57,3.58,3.47,3.47,,157442.0,,raw
2019-01-03,3.46,3.55,3.45,3.52,,175761.0,,raw
2019-01-04,3.5,3.58,3.48,3.56,,129800.0,,raw
2019-01-07,3.58,3.62,3.57,3.61,,188333.0,,raw
2019-01-08,3.62,3.66,3.6,3.63,,173362.0,,raw
2019-01-09,3.64,3.68,3.62,3.64,,149264.0,,raw
2019-01-10,3.66,3.66,3.61,3.62,,111416.0,,raw
2019-01-11,3.62,3.64,3.58,3.63,,114253.0,,raw
2019-01-14,3.64,3.68,3.62,3.65,,182716.0,,raw
2019-01-15,3.65,3.68,3.63,3.66,,162666.0,,raw
2019-01-16,3.67,3.7,3.65,3.66,,156766.0,,raw
2019-01-17,3.67,3.69,3.64,3.67,,152511.0,,raw
2019-01-18,3.67,3.71,3.66,3.7,,201302.0,,raw
2019-01-21,3.72,3.73,3.68,3.69,,149798.0,,raw
2019-01-22,3.7,3.72,3.69,3.7,,168448.0,,raw
2019-01-23,3.7,3.71,3.66,3.68,,128288.0,,raw
2019-01-24,3.69,3.73,3.66,3.72,,159988.0,,raw
2019-01-25,3.72,3.75,3.71,3.74,,170477.0,,raw
2019-01-28,3.75,3.78,3.68,3.69,,158284.0,,raw
2019-01-29,3.72,3.74,3.67,3.73,,179623.0,,raw
2019-01-30,3.71,3.74,3.67,3.7,,163986.0,,raw
2019-01-31,3.7,3.75,3.69,3.72,,194444.0,,raw
2019-02-01,3.73,3.75,3.67,3.75,,202625.0,,raw
2019-02-11,3.75,3.86,3.75,3.85,,287800.0,,raw
2019-02-12,3.86,3.91,3.84,3.87,,250691.0,,raw
2019-02-13,3.89,3.95,3.88,3.93,,299201.0,,raw
2019-02-14,3.93,3.99,3.92,3.97,,289200.0,,raw
2019-02-15,3.97,3.99,3.95,3.95,,234749.0,,raw
2019-02-18,3.95,4.08,3.94,4.07,,372808.0,,raw
2019-02-19,4.07,4.09,4.01,4.04,,239933.0,,raw
2019-02-20,4.05,4.07,4.0,4.04,,208513.0,,raw
2019-02-21,4.04,4.06,3.98,4.04,,257118.0,,raw
2019-02-22,4.02,4.11,4.0,4.1,,328183.0,,raw
2019-02-25,4.1,4.25,4.1,4.25,,660067.0,,raw
2019-02-26,4.24,4.3,4.18,4.22,,639031.0,,raw
2019-02-27,4.24,4.28,4.16,4.19,,394702.0,,raw
2019-02-28,4.21,4.22,4.16,4.2,,342120.0,,raw
2019-03-01,4.22,4.24,4.18,4.23,,357839.0,,raw
2019-03-04,4.24,4.41,4.23,4.31,,809602.0,,raw
2019-03-05,4.3,4.39,4.29,4.38,,482751.0,,raw
2019-03-06,4.42,4.42,4.36,4.41,,536709.0,,raw
2019-03-07,4.42,4.43,4.36,4.39,,569992.0,,raw
2019-03-08,4.35,4.35,4.13,4.17,,791385.0,,raw
2019-03-11,4.16,4.3,4.16,4.29,,503822.0,,raw
2019-03-12,4.32,4.42,4.32,4.36,,562099.0,,raw
2019-03-13,4.37,4.38,4.27,4.29,,368967.0,,raw
2019-03-14,4.3,4.35,4.23,4.25,,390359.0,,raw
2019-03-15,4.26,4.5,4.26,4.48,,1088640.0,,raw
2019-03-18,4.53,4.68,4.5,4.63,,921422.0,,raw
2019-03-19,4.57,4.61,4.49,4.53,,485916.0,,raw
2019-03-20,4.54,4.64,4.49,4.57,,517675.0,,raw
2019-03-21,4.6,4.63,4.51,4.56,,415090.0,,raw
2019-03-22,4.57,4.58,4.52,4.57,,340982.0,,raw
2019-03-25,4.52,4.62,4.48,4.53,,450021.0,,raw
2019-03-26,4.54,4.57,4.4,4.44,,551845.0,,raw
2019-03-27,4.45,4.51,4.33,4.48,,423217.0,,raw
2019-03-28,4.46,4.47,4.36,4.38,,273174.0,,raw
2019-03-29,4.37,4.48,4.34,4.48,,349291.0,,raw
2019-04-01,4.53,4.67,4.53,4.63,,697875.0,,raw
2019-04-02,4.69,4.73,4.65,4.67,,591552.0,,raw
2019-04-03,4.68,5.06,4.68,5.0,,1426039.0,,raw
2019-04-04,5.02,5.09,4.96,5.05,,1010712.0,,raw
2019-04-08,5.29,5.55,5.27,5.47,,2084267.0,,raw
2019-04-09,5.48,5.57,5.34,5.45,,1216669.0,,raw
2019-04-10,5.4,5.67,5.35,5.52,,1146697.0,,raw
2019-04-11,5.52,5.57,5.4,5.41,,879404.0,,raw
2019-04-12,5.38,5.47,5.28,5.35,,820523.0,,raw
2019-04-15,5.5,5.56,5.22,5.24,,890391.0,,raw
2019-04-16,5.22,5.36,5.21,5.34,,723338.0,,raw
2019-04-17,5.39,5.42,5.31,5.38,,612478.0,,raw
2019-04-18,5.37,5.5,5.28,5.33,,571272.0,,raw
2019-04-19,5.32,5.4,5.28,5.32,,410346.0,,raw
2019-04-22,5.35,5.36,5.12,5.16,,678695.0,,raw
2019-04-23,5.19,5.2,5.13,5.14,,491108.0,,raw
2019-04-24,5.19,5.2,5.1,5.14,,384590.0,,raw
2019-04-25,5.15,5.15,4.92,4.94,,637755.0,,raw
2019-04-26,4.91,4.96,4.83,4.86,,493110.0,,raw
2019-04-29,4.86,5.02,4.86,4.94,,589077.0,,raw
2019-04-30,4.96,5.01,4.91,4.95,,440777.0,,raw
2019-05-06,4.8,4.88,4.58,4.69,,730773.0,,raw
2019-05-07,4.7,4.84,4.7,4.8,,788588.0,,raw
2019-05-08,4.7,4.81,4.66,4.73,,507309.0,,raw
2019-05-09,4.7,4.72,4.6,4.6,,371873.0,,raw
2019-05-10,4.65,4.78,4.55,4.77,,509298.0,,raw
2019-05-13,4.7,4.78,4.69,4.76,,350407.0,,raw
2019-05-14,4.99,5.14,4.94,5.06,,1156345.0,,raw
2019-05-15,5.1,5.16,5.07,5.12,,702571.0,,raw
2019-05-16,5.15,5.34,5.11,5.31,,931241.0,,raw
2019-05-17,5.31,5.34,5.12,5.12,,902638.0,,raw
2019-05-20,5.15,5.18,5.07,5.11,,651003.0,,raw
2019-05-21,5.09,5.27,5.09,5.18,,684452.0,,raw
2019-05-22,5.19,5.26,5.19,5.23,,502421.0,,raw
2019-05-23,5.2,5.26,5.14,5.16,,612519.0,,raw
2019-05-24,5.18,5.35,5.18,5.34,,888000.0,,raw
2019-05-27,5.36,5.47,5.26,5.39,,846219.0,,raw
2019-05-28,5.38,5.43,5.26,5.35,,808707.0,,raw
2019-05-29,5.3,5.34,5.26,5.27,,444788.0,,raw
2019-05-30,5.25,5.32,5.21,5.27,,415532.0,,raw
2019-05-31,5.25,5.39,5.24,5.37,,613692.0,,raw
2019-06-03,5.38,5.41,5.24,5.3,,470257.0,,raw
2019-06-04,5.25,5.32,5.22,5.28,,446804.0,,raw
2019-06-05,5.31,5.36,5.28,5.28,,416861.0,,raw
2019-06-06,5.31,5.32,5.19,5.22,,448563.0,,raw
2019-06-10,5.23,5.27,5.21,5.23,,378471.0,,raw
2019-06-11,5.24,5.47,5.24,5.44,,761205.0,,raw
2019-06-12,5.44,5.5,5.43,5.45,,508363.0,,raw
2019-06-13,5.43,5.66,5.41,5.63,,824425.0,,raw
2019-06-14,5.64,5.68,5.53,5.55,,606704.0,,raw
2019-06-17,5.58,5.69,5.54,5.65,,546515.0,,raw
2019-06-18,5.65,5.72,5.6,5.69,,508515.0,,raw
2019-06-19,5.76,5.83,5.72,5.74,,540561.0,,raw
2019-06-20,5.7,5.94,5.7,5.89,,687878.0,,raw
2019-06-21,5.9,5.96,5.86,5.94,,607897.0,,raw
2019-06-24,5.95,5.98,5.87,5.96,,522620.0,,raw
2019-06-25,5.97,5.99,5.87,5.98,,554720.0,,raw
2019-06-26,5.94,6.02,5.91,5.99,,474454.0,,raw
2019-06-27,5.99,6.07,5.99,6.07,,513966.0,,raw
2019-06-28,6.07,6.33,6.0,6.01,,779017.0,,raw
2019-07-01,6.07,6.1,5.75,5.82,,1545925.0,,raw
2019-07-02,5.82,5.84,5.72,5.77,,759644.0,,raw
2019-07-03,5.8,5.81,5.73,5.77,,500292.0,,raw
2019-07-04,5.75,5.79,5.6,5.64,,512058.0,,raw
2019-07-05,5.69,5.71,5.62,5.65,,307176.0,,raw
2019-07-08,5.66,5.67,5.43,5.49,,521714.0,,raw
2019-07-09,5.49,5.57,5.47,5.54,,337811.0,,raw
2019-07-10,5.57,5.58,5.42,5.45,,338626.0,,raw
2019-07-11,5.47,5.53,5.45,5.46,,326884.0,,raw
2019-07-12,5.49,5.61,5.45,5.6,,410150.0,,raw
2019-07-15,5.77,5.92,5.64,5.92,,908967.0,,raw
2019-07-16,5.92,6.14,5.9,6.12,,863832.0,,raw
2019-07-17,6.09,6.22,6.06,6.11,,734599.0,,raw
2019-07-18,6.12,6.22,6.11,6.13,,681350.0,,raw
2019-07-19,6.18,6.24,6.13,6.19,,469354.0,,raw
2019-07-22,6.23,6.25,6.03,6.14,,604231.0,,raw
2019-07-23,6.23,6.27,6.12,6.16,,483508.0,,raw
2019-07-24,6.18,6.33,6.17,6.33,,704202.0,,raw
2019-07-25,6.33,6.35,6.24,6.27,,422832.0,,raw
2019-07-26,6.28,6.45,6.23,6.45,,761341.0,,raw
2019-07-29,6.47,6.47,6.06,6.12,,1021556.0,,raw
2019-07-30,6.12,6.25,6.1,6.16,,578752.0,,raw
2019-07-31,6.17,6.22,6.13,6.17,,427989.0,,raw
2019-08-01,6.16,6.18,6.1,6.13,,402048.0,,raw
2019-08-02,6.0,6.05,5.88,5.95,,692366.0,,raw
2019-08-05,5.74,5.74,5.55,5.56,,538387.0,,raw
2019-08-06,5.45,5.48,5.27,5.46,,612719.0,,raw
2019-08-07,5.52,5.55,5.41,5.44,,364522.0,,raw
2019-08-08,5.46,5.52,5.42,5.48,,298300.0,,raw
2019-08-09,5.5,5.53,5.34,5.37,,383677.0,,raw
2019-08-12,5.36,5.54,5.28,5.54,,428970.0,,raw
2019-08-13,5.48,5.48,5.38,5.42,,284720.0,,raw
2019-08-14,5.52,5.54,5.39,5.41,,394286.0,,raw
2019-08-15,5.25,5.37,5.21,5.35,,425414.0,,raw
2019-08-16,5.35,5.45,5.31,5.35,,341049.0,,raw
2019-08-19,5.42,5.5,5.36,5.49,,428527.0,,raw
2019-08-20,5.49,5.56,5.46,5.52,,363950.0,,raw
2019-08-21,5.49,5.52,5.43,5.44,,259902.0,,raw
2019-08-22,5.46,5.47,5.36,5.43,,226551.0,,raw
2019-08-23,5.43,5.59,5.4,5.55,,407753.0,,raw
2019-08-26,5.42,5.43,5.31,5.36,,502605.0,,raw
2019-08-27,5.4,5.5,5.38,5.42,,425410.0,,raw
2019-08-28,5.44,5.46,5.38,5.4,,291780.0,,raw
2019-08-29,5.43,5.44,5.33,5.36,,328509.0,,raw
2019-08-30,5.39,5.44,5.29,5.3,,343570.0,,raw
2019-09-02,5.35,5.72,5.3,5.67,,926567.0,,raw
2019-09-03,5.7,5.83,5.64,5.79,,688210.0,,raw
2019-09-04,5.79,5.87,5.74,5.84,,563751.0,,raw
2019-09-05,5.88,6.02,5.8,5.92,,730473.0,,raw
2019-09-06,5.99,6.01,5.92,5.99,,462744.0,,raw
2019-09-09,6.06,6.06,5.9,5.93,,507879.0,,raw
2019-09-10,5.95,5.98,5.86,5.97,,453446.0,,raw
2019-09-11,5.99,5.99,5.88,5.97,,387766.0,,raw
2019-09-12,5.99,5.99,5.88,5.95,,328320.0,,raw
2019-09-16,5.99,5.99,5.84,5.86,,341813.0,,raw
2019-09-17,5.83,5.88,5.71,5.76,,413038.0,,raw
2019-09-18,5.8,5.85,5.77,5.85,,296907.0,,raw
2019-09-19,5.85,5.85,5.76,5.82,,252546.0,,raw
2019-09-20,5.84,5.97,5.8,5.91,,419479.0,,raw
2019-09-23,5.88,5.89,5.66,5.74,,457380.0,,raw
2019-09-24,5.72,5.82,5.69,5.76,,256634.0,,raw
2019-09-25,5.75,5.84,5.68,5.78,,311426.0,,raw
2019-09-26,5.78,5.84,5.68,5.7,,279345.0,,raw
2019-09-27,5.72,5.75,5.66,5.69,,166640.0,,raw
2019-09-30,5.66,5.81,5.66,5.7,,219020.0,,raw
2019-10-08,5.77,6.04,5.72,6.02,,820893.0,,raw
2019-10-09,6.01,6.03,5.93,6.02,,423190.0,,raw
2019-10-10,6.02,6.09,5.94,6.06,,424591.0,,raw
2019-10-11,6.06,6.11,5.99,6.09,,366334.0,,raw
2019-10-14,6.11,6.15,6.03,6.08,,435681.0,,raw
2019-10-15,6.02,6.06,5.91,6.03,,606734.0,,raw
2019-10-16,6.05,6.12,5.96,6.02,,318262.0,,raw
2019-10-17,6.05,6.06,5.95,5.98,,240393.0,,raw
2019-10-18,5.99,6.03,5.86,5.94,,269317.0,,raw
2019-10-21,5.88,5.92,5.84,5.89,,249899.0,,raw
2019-10-22,5.9,5.94,5.87,5.94,,209624.0,,raw
2019-10-23,5.91,6.01,5.9,5.96,,270871.0,,raw
2019-10-24,5.97,6.0,5.85,5.86,,204776.0,,raw
2019-10-25,5.89,6.01,5.89,6.01,,303386.0,,raw
2019-10-28,6.01,6.1,5.98,6.02,,278013.0,,raw
2019-10-29,6.02,6.04,5.9,5.94,,223551.0,,raw
2019-10-30,5.91,5.92,5.76,5.84,,330378.0,,raw
2019-10-31,5.9,5.9,5.76,5.85,,312410.0,,raw
2019-11-01,5.85,5.98,5.76,5.93,,336653.0,,raw
2019-11-04,5.93,5.98,5.87,5.93,,271840.0,,raw
2019-11-05,5.93,5.97,5.87,5.93,,268471.0,,raw
2019-11-06,5.9,6.14,5.9,6.05,,698934.0,,raw
2019-11-07,6.07,6.1,6.03,6.08,,288837.0,,raw
2019-11-08,6.12,6.13,5.97,5.97,,308580.0,,raw
2019-11-11,6.0,6.01,5.78,5.79,,428850.0,,raw
2019-11-12,5.81,5.91,5.79,5.88,,255727.0,,raw
2019-11-13,5.93,5.95,5.86,5.93,,246975.0,,raw
2019-11-14,5.97,6.16,5.96,6.06,,693184.0,,raw
2019-11-15,6.11,6.13,5.97,5.99,,347107.0,,raw
2019-11-18,5.97,6.12,5.95,6.12,,481938.0,,raw
2019-11-19,6.16,6.17,6.09,6.15,,415966.0,,raw
2019-11-20,6.16,6.16,6.04,6.06,,312545.0,,raw
2019-11-21,6.04,6.05,5.96,5.99,,253455.0,,raw
2019-11-22,6.02,6.09,5.88,5.93,,336785.0,,raw
2019-11-25,5.92,6.1,5.91,6.1,,365027.0,,raw
2019-11-26,6.08,6.11,6.0,6.11,,441021.0,,raw
2019-11-27,6.06,6.14,6.01,6.06,,355283.0,,raw
2019-11-28,6.1,6.12,5.97,5.98,,291739.0,,raw
2019-11-29,5.98,6.06,5.92,5.95,,219641.0,,raw
2019-12-02,5.96,6.02,5.91,5.96,,270567.0,,raw
2019-12-03,5.93,5.99,5.88,5.99,,239968.0,,raw
2019-12-04,5.97,5.97,5.92,5.95,,177669.0,,raw
2019-12-05,5.98,6.1,5.93,6.04,,364608.0,,raw
2019-12-06,6.01,6.07,5.99,6.02,,317026.0,,raw
2019-12-09,6.05,6.07,5.98,6.03,,237963.0,,raw
2019-12-10,6.02,6.03,5.98,6.02,,257485.0,,raw
2019-12-11,6.04,6.42,6.03,6.38,,1478903.0,,raw
2019-12-12,6.4,6.41,6.28,6.29,,630099.0,,raw
2019-12-13,6.32,6.37,6.23,6.32,,632285.0,,raw
2019-12-16,6.36,6.38,6.23,6.3,,466769.0,,raw
2019-12-17,6.33,6.4,6.27,6.36,,531681.0,,raw
2019-12-18,6.41,6.49,6.34,6.45,,530479.0,,raw
2019-12-19,6.45,6.53,6.41,6.49,,418759.0,,raw
2019-12-20,6.44,6.5,6.4,6.41,,367699.0,,raw
2019-12-23,6.41,6.6,6.35,6.39,,520468.0,,raw
2019-12-24,6.39,6.45,6.38,6.43,,258921.0,,raw
2019-12-25,6.43,6.55,6.4,6.53,,329037.0,,raw
2019-12-26,6.54,6.59,6.46,6.52,,323118.0,,raw
2019-12-27,6.52,6.58,6.51,6.54,,378225.0,,raw
2019-12-30,6.54,6.62,6.49,6.58,,497447.0,,raw
2019-12-31,6.6,6.68,6.58,6.68,,408967.0,,raw
2020-01-02,6.75,6.94,6.72,6.87,,720292.0,,raw
2020-01-03,6.9,6.92,6.81,6.84,,315395.0,,raw
2020-01-06,6.79,6.86,6.57,6.65,,603319.0,,raw
2020-01-07,6.65,6.73,6.64,6.68,,342502.0,,raw
2020-01-08,6.66,6.66,6.52,6.55,,355293.0,,raw
2020-01-09,6.61,6.67,6.58,6.65,,344164.0,,raw
2020-01-10,6.66,6.69,6.58,6.67,,349044.0,,raw
2020-01-13,6.69,6.71,6.56,6.65,,397198.0,,raw
2020-01-14,6.66,6.71,6.62,6.65,,278579.0,,raw
2020-01-15,6.64,6.64,6.52,6.58,,315932.0,,raw
2020-01-16,6.59,6.72,6.58,6.66,,597451.0,,raw
2020-01-17,6.68,6.87,6.66,6.87,,590020.0,,raw
2020-01-20,6.87,6.89,6.77,6.86,,391646.0,,raw
2020-01-21,6.86,6.87,6.55,6.55,,543433.0,,raw
2020-01-22,6.52,6.69,6.28,6.66,,542024.0,,raw
2020-01-23,6.53,6.59,6.23,6.3,,462998.0,,raw
2020-02-03,5.67,5.67,5.67,5.67,,163957.0,,raw
2020-02-04,5.36,5.89,5.36,5.84,,805256.0,,raw
2020-02-05,5.81,6.04,5.81,5.84,,479139.0,,raw
2020-02-06,5.86,6.05,5.75,5.98,,450033.0,,raw
2020-02-07,5.95,6.02,5.91,5.97,,366645.0,,raw
2020-02-10,5.96,6.28,5.91,6.22,,470706.0,,raw
2020-02-11,6.2,6.36,6.18,6.25,,354339.0,,raw
2020-02-12,6.2,6.29,6.17,6.21,,314384.0,,raw
2020-02-13,6.18,6.4,6.16,6.28,,503285.0,,raw
2020-02-14,6.23,6.31,6.21,6.28,,251982.0,,raw
2020-02-17,6.3,6.42,6.27,6.4,,315245.0,,raw
2020-02-18,6.4,6.42,6.31,6.37,,254449.0,,raw
2020-02-19,6.34,6.44,6.33,6.35,,251926.0,,raw
2020-02-20,6.35,6.45,6.31,6.43,,385676.0,,raw
2020-02-21,6.43,6.56,6.4,6.5,,333255.0,,raw
2020-02-24,6.49,6.56,6.37,6.41,,368072.0,,raw
2020-02-25,6.2,6.4,6.14,6.27,,454857.0,,raw
2020-02-26,6.21,6.44,6.2,6.32,,486246.0,,raw
2020-02-27,6.37,6.63,6.37,6.58,,711048.0,,raw
2020-02-28,6.51,6.58,6.26,6.28,,692495.0,,raw
2020-03-02,6.34,6.85,6.31,6.75,,999231.0,,raw
2020-03-03,6.89,6.95,6.52,6.65,,908443.0,,raw
2020-03-04,6.6,6.71,6.5,6.68,,670186.0,,raw
2020-03-05,6.7,6.74,6.6,6.69,,503623.0,,raw
2020-03-06,6.63,6.63,6.49,6.53,,524841.0,,raw
2020-03-09,6.42,6.43,6.18,6.18,,712969.0,,raw
2020-03-10,6.08,6.3,6.05,6.24,,555649.0,,raw
2020-03-11,6.26,6.28,6.13,6.13,,384832.0,,raw
2020-03-12,6.07,6.07,5.9,5.95,,459906.0,,raw
2020-03-13,5.52,5.97,5.52,5.8,,525116.0,,raw
2020-03-16,5.85,5.88,5.42,5.44,,692173.0,,raw
2020-03-17,5.42,5.59,5.4,5.55,,522613.0,,raw
2020-03-18,5.58,5.73,5.45,5.45,,517365.0,,raw
2020-03-19,5.43,5.65,5.28,5.44,,819987.0,,raw
2020-03-20,5.52,5.62,5.43,5.59,,550032.0,,raw
2020-03-23,5.5,5.67,5.43,5.63,,516196.0,,raw
2020-03-24,5.67,5.77,5.56,5.68,,614263.0,,raw
2020-03-25,5.81,5.86,5.67,5.74,,544888.0,,raw
2020-03-26,5.73,5.82,5.67,5.8,,434318.0,,raw
2020-03-27,5.85,6.01,5.8,5.96,,586374.0,,raw
2020-03-30,5.88,5.99,5.86,5.96,,379370.0,,raw
2020-03-31,5.85,5.88,5.66,5.69,,757426.0,,raw
2020-04-01,5.6,5.72,5.58,5.59,,484175.0,,raw
2020-04-02,5.55,5.68,5.52,5.66,,364460.0,,raw
2020-04-03,5.67,5.79,5.66,5.75,,408669.0,,raw
2020-04-07,5.9,6.08,5.85,6.04,,719595.0,,raw
2020-04-08,6.04,6.12,6.0,6.1,,459620.0,,raw
2020-04-09,6.11,6.14,6.06,6.1,,304501.0,,raw
2020-04-10,6.16,6.42,6.15,6.23,,779089.0,,raw
2020-04-13,6.33,6.6,6.33,6.5,,924217.0,,raw
2020-04-14,6.56,6.64,6.47,6.54,,729811.0,,raw
2020-04-15,6.55,6.57,6.33,6.4,,615841.0,,raw
2020-04-16,6.3,6.4,6.3,6.37,,347180.0,,raw
2020-04-17,6.39,6.57,6.39,6.43,,581983.0,,raw
2020-04-20,6.49,6.56,6.43,6.46,,397837.0,,raw
2020-04-21,6.43,6.46,6.26,6.34,,491530.0,,raw
2020-04-22,6.35,6.36,6.25,6.32,,287096.0,,raw
2020-04-23,6.36,6.39,6.18,6.18,,579806.0,,raw
2020-04-24,6.22,6.34,6.15,6.19,,437814.0,,raw
2020-04-27,6.2,6.25,6.06,6.16,,417690.0,,raw
2020-04-28,6.19,6.25,6.06,6.19,,379116.0,,raw
2020-04-29,6.19,6.26,6.1,6.22,,312030.0,,raw
2020-04-30,6.32,6.44,6.3,6.4,,521439.0,,raw
2020-05-06,6.35,6.59,6.35,6.57,,807599.0,,raw
2020-05-07,6.58,6.72,6.51,6.69,,848814.0,,raw
2020-05-08,6.68,6.95,6.67,6.9,,975284.0,,raw
2020-05-11,6.93,7.05,6.91,6.95,,935524.0,,raw
2020-05-12,7.0,7.14,6.91,6.97,,803636.0,,raw
2020-05-13,6.94,7.03,6.86,7.01,,539435.0,,raw
2020-05-14,6.95,6.99,6.86,6.87,,549688.0,,raw
2020-05-15,6.92,6.97,6.8,6.84,,423034.0,,raw
2020-05-18,6.91,6.95,6.8,6.87,,385128.0,,raw
2020-05-19,6.92,7.05,6.89,6.95,,509788.0,,raw
2020-05-20,6.97,6.98,6.81,6.83,,394249.0,,raw
2020-05-21,6.87,6.89,6.61,6.64,,469117.0,,raw
2020-05-22,6.64,6.66,6.37,6.44,,528270.0,,raw
2020-05-25,6.46,6.55,6.4,6.49,,353923.0,,raw
2020-05-26,6.5,6.56,6.45,6.5,,480764.0,,raw
2020-05-27,6.51,6.54,6.35,6.42,,398556.0,,raw
2020-05-28,6.43,6.56,6.33,6.4,,403654.0,,raw
2020-05-29,6.39,6.44,6.3,6.37,,508828.0,,raw
2020-06-01,6.44,6.58,6.43,6.55,,585700.0,,raw
2020-06-02,6.56,6.6,6.45,6.51,,412501.0,,raw
2020-06-03,6.53,6.64,6.44,6.47,,493048.0,,raw
2020-06-04,6.45,6.49,6.39,6.41,,315791.0,,raw
2020-06-05,6.42,6.45,6.31,6.35,,259793.0,,raw
2020-06-08,6.43,6.45,6.31,6.34,,409384.0,,raw
2020-06-09,6.37,6.46,6.35,6.42,,498452.0,,raw
2020-06-10,6.41,6.44,6.32,6.39,,450892.0,,raw
2020-06-11,6.39,6.51,6.33,6.4,,610446.0,,raw
2020-06-12,6.28,6.29,6.18,6.25,,699556.0,,raw
2020-06-15,6.24,6.26,6.13,6.14,,407671.0,,raw
2020-06-16,6.2,6.44,6.17,6.42,,700925.0,,raw
2020-06-17,6.4,6.45,6.32,6.4,,332912.0,,raw
2020-06-18,6.41,6.43,6.35,6.41,,270674.0,,raw
2020-06-19,6.42,6.47,6.37,6.43,,390358.0,,raw
2020-06-22,6.43,6.44,6.3,6.32,,387679.0,,raw
2020-06-23,6.3,6.38,6.23,6.27,,597000.0,,raw
2020-06-24,6.27,6.33,6.22,6.25,,350184.0,,raw
2020-06-29,6.2,6.25,6.18,6.21,,319309.0,,raw
2020-06-30,6.25,6.46,6.25,6.43,,516545.0,,raw
2020-07-01,6.5,6.98,6.48,6.9,,1331981.0,,raw
2020-07-02,6.99,7.23,6.9,7.17,,1450317.0,,raw
2020-07-03,7.18,7.47,7.14,7.22,,1346682.0,,raw
2020-07-06,7.5,7.52,7.22,7.37,,1640774.0,,raw
2020-07-07,7.51,7.8,7.51,7.68,,1796840.0,,raw
2020-07-08,7.56,7.65,7.41,7.63,,1074190.0,,raw
2020-07-09,7.63,7.76,7.59,7.7,,826962.0,,raw
2020-07-10,7.68,7.93,7.6,7.72,,871431.0,,raw
2020-07-13,7.7,8.1,7.7,8.02,,1028454.0,,raw
2020-07-14,7.98,7.98,7.7,7.82,,902838.0,,raw
2020-07-15,8.2,8.53,8.1,8.25,,1673590.0,,raw
2020-07-16,8.4,8.56,7.98,8.03,,1238597.0,,raw
2020-07-17,8.1,8.31,7.92,8.15,,1038729.0,,raw
2020-07-20,8.3,8.97,8.3,8.91,,1774119.0,,raw
2020-07-21,8.96,8.96,8.68,8.92,,1073403.0,,raw
2020-07-22,8.9,8.92,8.72,8.78,,771256.0,,raw
2020-07-23,8.7,8.8,8.38,8.69,,1008740.0,,raw
2020-07-24,8.61,8.74,8.18,8.24,,1068481.0,,raw
2020-07-27,8.3,8.49,8.15,8.22,,657522.0,,raw
2020-07-28,8.34,8.47,8.18,8.32,,721157.0,,raw
2020-07-29,8.2,8.44,8.1,8.4,,844270.0,,raw
2020-07-30,8.43,8.53,8.22,8.24,,733308.0,,raw
2020-07-31,8.28,8.46,8.1,8.26,,730993.0,,raw
2020-08-03,8.29,8.55,8.28,8.47,,752876.0,,raw
2020-08-04,8.53,8.54,8.32,8.44,,695333.0,,raw
2020-08-05,8.37,8.39,8.21,8.3,,500103.0,,raw
2020-08-06,8.34,8.34,8.11,8.19,,497533.0,,raw
2020-08-07,8.12,8.3,8.03,8.2,,498963.0,,raw
2020-08-10,8.16,8.34,8.12,8.32,,525680.0,,raw
2020-08-11,8.3,8.38,8.17,8.19,,523367.0,,raw
2020-08-12,8.13,8.2,7.81,8.01,,713077.0,,raw
2020-08-13,8.04,8.15,7.98,8.04,,351167.0,,raw
2020-08-14,8.05,8.1,7.89,8.09,,315594.0,,raw
2020-08-17,8.09,8.42,8.09,8.37,,753490.0,,raw
2020-08-18,8.41,8.56,8.34,8.52,,633540.0,,raw
2020-08-19,8.46,8.54,8.36,8.48,,526417.0,,raw
2020-08-20,8.44,8.55,8.3,8.34,,417748.0,,raw
2020-08-21,8.49,8.5,8.22,8.34,,450845.0,,raw
2020-08-24,8.48,8.9,8.44,8.59,,1132264.0,,raw
2020-08-25,8.64,8.93,8.57,8.77,,977870.0,,raw
2020-08-26,8.78,8.84,8.48,8.53,,673733.0,,raw
2020-08-27,8.53,8.59,8.43,8.54,,372084.0,,raw
2020-08-28,8.5,8.7,8.37,8.67,,521075.0,,raw
2020-08-31,8.77,8.96,8.52,8.52,,692442.0,,raw
2020-09-01,8.52,8.67,8.51,8.61,,461873.0,,raw
2020-09-02,8.61,8.64,8.35,8.52,,553214.0,,raw
2020-09-03,8.53,8.9,8.48,8.6,,813333.0,,raw
2020-09-04,8.42,8.55,8.34,8.48,,463773.0,,raw
2020-09-07,8.46,8.53,8.16,8.2,,468851.0,,raw
2020-09-08,8.2,8.34,8.13,8.31,,377104.0,,raw
2020-09-09,8.2,8.22,7.97,8.01,,549548.0,,raw
2020-09-10,8.09,8.14,7.98,7.99,,408413.0,,raw
2020-09-11,7.98,8.08,7.94,8.0,,339284.0,,raw
2020-09-14,8.05,8.09,7.96,8.07,,372609.0,,raw
2020-09-15,8.04,8.32,7.97,8.3,,593701.0,,raw
2020-09-16,8.25,8.37,8.17,8.29,,365968.0,,raw
2020-09-17,8.3,8.58,8.25,8.51,,755693.0,,raw
2020-09-18,8.49,8.6,8.42,8.58,,588588.0,,raw
2020-09-21,8.6,8.74,8.5,8.58,,510227.0,,raw
2020-09-22,8.48,8.56,8.36,8.38,,440979.0,,raw
2020-09-23,8.44,8.51,8.29,8.32,,328445.0,,raw
2020-09-24,8.29,8.32,8.07,8.1,,390489.0,,raw
2020-09-25,8.14,8.16,8.04,8.12,,275334.0,,raw
2020-09-28,8.14,8.2,8.02,8.05,,284685.0,,raw
2020-09-29,8.12,8.12,7.97,8.01,,403108.0,,raw
2020-09-30,7.96,8.3,7.95,8.11,,494793.0,,raw
2020-10-09,8.32,8.56,8.3,8.32,,567033.0,,raw
2020-10-12,8.32,8.69,8.28,8.63,,794202.0,,raw
2020-10-13,8.56,8.65,8.46,8.59,,440525.0,,raw
2020-10-14,8.53,8.74,8.5,8.74,,629290.0,,raw
2020-10-15,8.8,8.88,8.6,8.63,,792283.0,,raw
2020-10-16,8.64,8.92,8.63,8.87,,879377.0,,raw
2020-10-19,8.88,8.92,8.6,8.64,,718431.0,,raw
2020-10-20,8.69,8.73,8.46,8.59,,633663.0,,raw
2020-10-21,8.62,8.67,8.49,8.63,,410218.0,,raw
2020-10-22,8.6,8.6,8.33,8.39,,451579.0,,raw
2020-10-23,8.38,8.41,7.98,8.01,,946895.0,,raw
2020-10-26,7.97,8.07,7.8,8.01,,401992.0,,raw
2020-10-27,7.82,7.85,7.63,7.71,,503147.0,,raw
2020-10-28,7.72,7.73,7.47,7.62,,561200.0,,raw
2020-10-29,7.5,7.65,7.45,7.59,,540792.0,,raw
2020-10-30,7.6,7.63,7.29,7.4,,719762.0,,raw
2020-11-02,7.45,7.48,7.19,7.24,,907429.0,,raw
2020-11-03,7.3,7.4,7.21,7.27,,864443.0,,raw
2020-11-04,7.26,7.36,7.19,7.34,,539983.0,,raw
2020-11-05,7.37,7.47,7.32,7.42,,715644.0,,raw
2020-11-06,7.4,7.49,7.34,7.49,,679096.0,,raw
2020-11-09,7.56,7.67,7.5,7.6,,818479.0,,raw
2020-11-10,7.63,7.63,7.48,7.52,,514527.0,,raw
2020-11-11,7.52,7.86,7.49,7.75,,959626.0,,raw
2020-11-12,7.75,7.77,7.58,7.68,,633497.0,,raw
2020-11-13,7.65,7.65,7.39,7.46,,652294.0,,raw
2020-11-16,7.47,7.76,7.46,7.74,,900180.0,,raw
2020-11-17,7.74,7.91,7.67,7.74,,647615.0,,raw
2020-11-18,7.8,7.84,7.7,7.74,,426912.0,,raw
2020-11-19,7.68,7.74,7.55,7.71,,426996.0,,raw
2020-11-20,7.71,7.85,7.68,7.82,,573308.0,,raw
2020-11-23,7.88,8.15,7.85,8.04,,794975.0,,raw
2020-11-24,8.1,8.23,8.02,8.11,,740512.0,,raw
2020-11-25,8.17,8.21,8.02,8.06,,534287.0,,raw
2020-11-26,8.08,8.1,7.92,8.07,,391947.0,,raw
2020-11-27,8.1,8.3,8.07,8.28,,676298.0,,raw
2020-11-30,8.4,8.84,8.37,8.56,,1748185.0,,raw
2020-12-01,8.61,9.42,8.61,9.42,,2906864.0,,raw
2020-12-02,9.75,10.36,9.62,10.36,,4913832.0,,raw
2020-12-03,10.3,10.43,10.05,10.11,,3163636.0,,raw
2020-12-04,10.31,10.38,10.04,10.22,,2145224.0,,raw
2020-12-07,10.32,11.09,10.2,10.82,,2915339.0,,raw
2020-12-08,10.61,10.68,9.98,10.11,,2612247.0,,raw
2020-12-09,10.2,10.3,9.87,9.9,,1664923.0,,raw
2020-12-10,9.89,9.96,9.73,9.83,,1320340.0,,raw
2020-12-11,9.84,9.97,9.47,9.69,,1479545.0,,raw
2020-12-14,9.67,9.68,9.39,9.54,,1020170.0,,raw
2020-12-15,9.64,9.97,9.29,9.5,,1489977.0,,raw
2020-12-16,9.5,9.58,9.31,9.43,,1201426.0,,raw
2020-12-17,9.4,9.61,9.27,9.59,,1298824.0,,raw
2020-12-18,9.51,9.53,9.2,9.39,,1474364.0,,raw
2020-12-21,9.22,9.57,9.16,9.5,,1040863.0,,raw
2020-12-22,9.42,9.83,9.33,9.45,,1420335.0,,raw
2020-12-23,9.45,9.63,9.31,9.41,,1041571.0,,raw
2020-12-24,9.39,9.46,9.07,9.1,,981624.0,,raw
2020-12-25,9.11,9.37,9.06,9.27,,831189.0,,raw
2020-12-28,9.26,9.62,9.23,9.5,,1229624.0,,raw
2020-12-29,9.41,9.49,9.26,9.28,,805446.0,,raw
2020-12-30,9.28,10.2,9.27,10.07,,1886569.0,,raw
2020-12-31,10.0,10.05,9.76,9.9,,1277562.0,,raw
2021-01-04,10.0,10.35,9.95,10.22,,1668366.0,,raw
2021-01-05,10.2,10.79,10.03,10.75,,1941317.0,,raw
2021-01-06,10.7,11.0,10.57,10.73,,1487826.0,,raw
2021-01-07,10.71,11.58,10.71,11.52,,2253942.0,,raw
2021-01-08,11.55,11.9,11.06,11.86,,2100616.0,,raw
2021-01-11,11.85,12.44,11.33,11.43,,2599320.0,,raw
2021-01-12,11.28,11.97,11.2,11.82,,1748477.0,,raw
2021-01-13,12.02,13.0,12.02,12.65,,3239127.0,,raw
2021-01-14,12.3,12.5,11.39,11.44,,2696945.0,,raw
2021-01-15,11.4,12.1,11.38,11.79,,2111335.0,,raw
2021-01-18,11.73,11.9,11.16,11.73,,1739868.0,,raw
2021-01-19,11.79,12.13,11.35,11.36,,1322824.0,,raw
2021-01-20,11.34,11.57,11.26,11.32,,1079074.0,,raw
2021-01-21,11.75,12.06,11.46,11.62,,2029952.0,,raw
2021-01-22,11.5,11.92,11.28,11.69,,1599111.0,,raw
2021-01-25,11.78,12.24,11.41,12.19,,2121030.0,,raw
2021-01-26,11.92,11.95,11.44,11.56,,1605048.0,,raw
2021-01-27,11.48,12.22,11.38,12.14,,1868212.0,,raw
2021-01-28,11.8,12.13,11.64,11.86,,1252092.0,,raw
2021-01-29,12.01,12.6,11.92,12.44,,2466098.0,,raw
2021-02-01,12.46,13.66,12.26,13.58,,2185961.0,,raw
2021-02-02,13.38,14.13,13.33,13.8,,2275719.0,,raw
2021-02-03,13.86,14.1,13.44,13.8,,1827597.0,,raw
2021-02-04,13.59,13.68,12.6,12.96,,2101071.0,,raw
2021-02-05,13.15,13.47,12.28,12.3,,2115001.0,,raw
2021-02-08,12.76,13.53,12.76,13.53,,1611509.0,,raw
2021-02-09,14.0,14.88,13.88,14.71,,3373375.0,,raw
2021-02-10,14.73,15.17,14.42,14.9,,2254354.0,,raw
2021-02-18,15.5,15.59,14.21,14.3,,2401480.0,,raw
2021-02-19,14.35,14.84,13.95,14.59,,2156364.0,,raw
2021-02-22,14.36,14.38,13.89,13.91,,1951596.0,,raw
2021-02-23,13.6,14.31,13.53,13.97,,1382698.0,,raw
2021-02-24,14.07,14.2,13.68,13.72,,1406679.0,,raw
2021-02-25,13.94,14.45,13.41,14.4,,1815581.0,,raw
2021-02-26,13.98,14.4,13.73,14.38,,1495995.0,,raw
2021-03-01,14.51,15.7,14.18,15.7,,2158448.0,,raw
2021-03-02,15.6,15.85,15.21,15.4,,1694572.0,,raw
2021-03-03,15.2,15.65,15.03,15.55,,1233165.0,,raw
2021-03-04,15.3,15.3,14.0,14.18,,2522937.0,,raw
2021-03-05,13.5,13.83,13.03,13.52,,1839532.0,,raw
2021-03-08,13.54,13.92,12.36,12.43,,2175475.0,,raw
2021-03-09,12.24,12.66,11.53,12.42,,1769537.0,,raw
2021-03-10,12.58,12.71,12.15,12.37,,1046635.0,,raw
2021-03-11,12.51,13.23,12.49,13.03,,1370686.0,,raw
2021-03-12,13.07,13.11,12.68,12.91,,899557.0,,raw
2021-03-15,12.75,12.88,12.47,12.6,,811331.0,,raw
2021-03-16,12.71,12.9,12.4,12.48,,837099.0,,raw
2021-03-17,12.3,12.7,12.23,12.61,,692114.0,,raw
2021-03-18,12.69,12.93,12.5,12.76,,807245.0,,raw
2021-03-19,12.46,12.64,12.18,12.29,,937903.0,,raw
2021-03-22,12.25,13.22,12.21,12.98,,1277029.0,,raw
2021-03-23,13.03,13.06,12.49,12.64,,805456.0,,raw
2021-03-24,12.53,12.67,11.7,11.85,,1479487.0,,raw
2021-03-25,11.75,11.96,11.7,11.83,,666470.0,,raw
2021-03-26,11.95,12.35,11.91,12.21,,834144.0,,raw
2021-03-29,12.21,12.41,11.95,12.28,,646986.0,,raw
2021-03-30,12.32,12.76,12.32,12.65,,896069.0,,raw
2021-03-31,13.0,13.0,12.23,12.71,,1359833.0,,raw
2021-04-01,12.68,13.39,12.63,13.07,,1378642.0,,raw
2021-04-02,13.08,13.22,12.84,13.07,,818387.0,,raw
2021-04-06,13.08,13.18,12.82,12.99,,626918.0,,raw
2021-04-07,13.1,13.3,12.8,13.3,,926498.0,,raw
2021-04-08,13.21,13.34,13.1,13.18,,593974.0,,raw
2021-04-09,13.2,13.29,12.55,12.86,,1005912.0,,raw
2021-04-12,12.71,12.77,11.88,11.98,,1424152.0,,raw
2021-04-13,11.9,12.24,11.83,12.19,,692575.0,,raw
2021-04-14,12.11,12.49,12.1,12.33,,675459.0,,raw
2021-04-15,12.3,12.35,12.01,12.32,,442275.0,,raw
2021-04-16,12.42,12.46,12.1,12.32,,505888.0,,raw
2021-04-19,12.2,12.48,12.06,12.45,,892102.0,,raw
2021-04-20,12.36,12.55,12.17,12.4,,752880.0,,raw
2021-04-21,12.29,12.34,12.13,12.19,,466170.0,,raw
2021-04-22,12.2,12.27,12.05,12.15,,484887.0,,raw
2021-04-23,12.1,12.43,12.05,12.29,,598202.0,,raw
2021-04-26,12.26,12.39,11.88,11.9,,979884.0,,raw
2021-04-27,11.83,11.9,11.51,11.83,,720574.0,,raw
2021-04-28,11.79,11.98,11.73,11.9,,391595.0,,raw
2021-04-29,11.94,12.03,11.8,11.88,,444347.0,,raw
2021-04-30,11.99,12.03,11.62,11.81,,571512.0,,raw
2021-05-06,11.78,11.78,11.29,11.56,,828409.0,,raw
2021-05-07,11.58,11.86,11.37,11.38,,677166.0,,raw
2021-05-10,11.28,11.28,10.82,11.08,,992193.0,,raw
2021-05-11,10.91,11.15,10.76,11.13,,704745.0,,raw
2021-05-12,10.99,11.09,10.83,11.0,,558066.0,,raw
2021-05-13,10.87,10.94,10.73,10.77,,482474.0,,raw
2021-05-14,10.82,11.09,10.73,11.06,,620941.0,,raw
2021-05-17,11.05,11.45,11.01,11.18,,735262.0,,raw
2021-05-18,11.18,11.21,10.94,10.99,,418053.0,,raw
2021-05-19,10.92,11.09,10.81,10.88,,402413.0,,raw
2021-05-20,10.96,11.2,10.75,10.81,,710527.0,,raw
2021-05-21,10.82,10.87,10.39,10.45,,901573.0,,raw
2021-05-24,10.48,10.63,10.31,10.62,,684629.0,,raw
2021-05-25,10.63,10.72,10.38,10.7,,728717.0,,raw
2021-05-26,10.7,11.15,10.7,11.09,,1125315.0,,raw
2021-05-27,11.04,11.22,10.85,11.11,,710482.0,,raw
2021-05-28,11.11,11.12,10.81,10.93,,599030.0,,raw
2021-05-31,10.95,11.0,10.62,10.75,,703223.0,,raw
2021-06-01,10.75,10.97,10.67,10.92,,667060.0,,raw
2021-06-02,11.0,11.12,10.65,10.67,,675819.0,,raw
2021-06-03,10.67,10.69,10.45,10.45,,634906.0,,raw
2021-06-04,10.4,10.42,10.22,10.25,,783940.0,,raw
2021-06-07,10.25,10.33,10.18,10.31,,410324.0,,raw
2021-06-08,10.27,10.29,10.1,10.13,,593510.0,,raw
2021-06-09,10.07,10.17,9.86,10.03,,786367.0,,raw
2021-06-10,10.0,10.12,9.9,9.9,,668878.0,,raw
2021-06-11,10.03,10.04,9.57,9.68,,1276857.0,,raw
2021-06-15,9.62,9.65,9.4,9.41,,714404.0,,raw
2021-06-16,9.39,9.49,9.2,9.23,,575491.0,,raw
2021-06-17,9.16,9.26,9.1,9.13,,760562.0,,raw
2021-06-18,9.17,9.21,8.97,9.2,,880627.0,,raw
2021-06-21,9.18,9.18,9.02,9.04,,697769.0,,raw
2021-06-22,9.06,9.39,9.05,9.24,,1153709.0,,raw
2021-06-23,9.24,9.26,9.07,9.13,,706103.0,,raw
2021-06-24,9.13,9.17,9.0,9.06,,601301.0,,raw
2021-06-25,9.1,9.53,9.04,9.43,,1373938.0,,raw
2021-06-28,9.43,9.43,9.13,9.15,,1144179.0,,raw
2021-06-29,9.15,9.23,9.03,9.18,,766580.0,,raw
2021-06-30,9.3,9.35,9.08,9.24,,708416.0,,raw
2021-07-01,9.25,9.28,9.06,9.1,,603480.0,,raw
2021-07-02,9.08,9.09,8.81,8.87,,853730.0,,raw
2021-07-05,8.85,8.86,8.51,8.65,,1002168.0,,raw
2021-07-06,8.65,8.89,8.62,8.84,,731198.0,,raw
2021-07-07,8.56,8.67,8.43,8.53,,641269.0,,raw
2021-07-08,8.52,8.56,8.32,8.35,,677064.0,,raw
2021-07-09,8.3,8.62,8.25,8.57,,749745.0,,raw
2021-07-12,8.67,8.72,8.4,8.4,,873845.0,,raw
2021-07-13,8.36,8.51,8.25,8.45,,687360.0,,raw
2021-07-14,8.43,8.43,8.08,8.1,,1203156.0,,raw
2021-07-15,8.1,8.29,7.99,8.27,,980101.0,,raw
2021-07-16,8.22,8.22,8.08,8.12,,683450.0,,raw
2021-07-19,8.08,8.09,7.79,7.97,,1104903.0,,raw
2021-07-20,7.87,8.12,7.82,8.05,,663616.0,,raw
2021-07-21,8.05,8.2,7.89,7.91,,930925.0,,raw
2021-07-22,7.87,8.36,7.85,8.18,,1946268.0,,raw
2021-07-23,8.18,8.35,8.12,8.17,,1162075.0,,raw
2021-07-26,8.11,8.14,7.6,7.77,,1196337.0,,raw
2021-07-27,7.74,7.83,7.42,7.43,,1037721.0,,raw
2021-07-28,7.42,7.46,7.23,7.41,,742042.0,,raw
2021-07-29,7.49,7.54,7.38,7.45,,610071.0,,raw
2021-07-30,7.44,7.65,7.32,7.61,,696500.0,,raw
2021-08-02,7.61,8.37,7.43,8.37,,1975755.0,,raw
2021-08-03,8.39,8.7,8.29,8.47,,2589198.0,,raw
2021-08-04,8.46,9.0,8.38,8.7,,2252700.0,,raw
2021-08-05,8.68,8.85,8.53,8.66,,1518131.0,,raw
2021-08-06,8.53,8.69,8.4,8.55,,1013747.0,,raw
2021-08-09,8.55,9.19,8.51,9.07,,2118964.0,,raw
2021-08-10,9.05,9.22,8.81,9.15,,2301313.0,,raw
2021-08-11,9.22,9.4,9.0,9.01,,1861537.0,,raw
2021-08-12,9.0,9.0,8.72,8.8,,1373658.0,,raw
2021-08-13,8.8,8.95,8.68,8.8,,1013457.0,,raw
2021-08-16,8.8,8.84,8.56,8.58,,999238.0,,raw
2021-08-17,8.56,8.7,8.37,8.4,,974118.0,,raw
2021-08-18,8.4,8.56,8.31,8.55,,946325.0,,raw
2021-08-19,8.49,8.5,8.07,8.09,,1738332.0,,raw
2021-08-20,8.01,8.16,7.95,8.09,,836350.0,,raw
2021-08-23,8.09,8.26,8.09,8.2,,923778.0,,raw
2021-08-24,8.24,8.24,8.05,8.12,,863492.0,,raw
2021-08-25,8.15,8.15,8.0,8.03,,825205.0,,raw
2021-08-26,8.05,8.08,7.87,7.9,,1062802.0,,raw
2021-08-27,7.87,8.06,7.72,7.96,,833491.0,,raw
2021-08-30,7.9,7.9,7.45,7.54,,2457686.0,,raw
2021-08-31,7.68,8.03,7.62,7.88,,1914841.0,,raw
2021-09-01,7.93,8.67,7.81,8.67,,2987346.0,,raw
2021-09-02,9.04,9.05,8.69,8.89,,3825253.0,,raw
2021-09-03,8.77,8.91,8.57,8.63,,2288593.0,,raw
2021-09-06,8.69,9.13,8.68,8.99,,2836296.0,,raw
2021-09-07,9.0,9.07,8.8,9.04,,2035564.0,,raw
2021-09-08,8.98,8.98,8.75,8.8,,2015083.0,,raw
2021-09-09,8.77,9.17,8.74,8.96,,2170730.0,,raw
2021-09-10,8.96,9.29,8.83,9.23,,2661234.0,,raw
2021-09-13,9.3,9.3,9.01,9.11,,1814858.0,,raw
2021-09-14,9.06,9.11,8.66,8.72,,2024129.0,,raw
2021-09-15,8.66,8.81,8.58,8.69,,1041878.0,,raw
2021-09-16,8.65,8.85,8.6,8.8,,1314076.0,,raw
2021-09-17,8.78,8.8,8.6,8.7,,829561.0,,raw
2021-09-22,8.49,8.54,8.33,8.36,,1214543.0,,raw
2021-09-23,8.43,8.72,8.43,8.59,,1033452.0,,raw
2021-09-24,8.54,8.54,8.25,8.26,,880540.0,,raw
2021-09-27,8.2,8.21,7.92,7.98,,982056.0,,raw
2021-09-28,8.03,8.15,8.01,8.09,,584265.0,,raw
2021-09-29,8.0,8.14,7.94,8.05,,608307.0,,raw
2021-09-30,8.12,8.33,8.12,8.25,,808919.0,,raw
2021-10-08,8.29,8.39,8.15,8.33,,838558.0,,raw
2021-10-11,8.3,8.35,8.19,8.21,,662677.0,,raw
2021-10-12,8.17,8.17,7.86,7.94,,927890.0,,raw
2021-10-13,7.9,8.0,7.87,7.97,,452328.0,,raw
2021-10-14,7.96,8.03,7.89,7.95,,412926.0,,raw
2021-10-15,7.96,7.97,7.81,7.83,,470623.0,,raw
2021-10-18,7.83,7.89,7.72,7.88,,430651.0,,raw
2021-10-19,7.88,8.03,7.82,8.02,,605511.0,,raw
2021-10-20,8.02,8.03,7.82,7.87,,573728.0,,raw
2021-10-21,7.88,7.92,7.8,7.87,,383917.0,,raw
2021-10-22,7.86,8.08,7.82,8.05,,825796.0,,raw
2021-10-25,8.0,8.01,7.89,7.94,,540014.0,,raw
2021-10-26,7.94,8.02,7.88,7.91,,442231.0,,raw
2021-10-27,7.88,7.89,7.65,7.68,,685707.0,,raw
2021-10-28,7.67,7.67,7.36,7.41,,814629.0,,raw
2021-10-29,7.25,7.38,7.05,7.29,,822927.0,,raw
2021-11-01,7.29,7.36,7.14,7.26,,590256.0,,raw
2021-11-02,7.28,7.33,6.95,7.01,,1037464.0,,raw
2021-11-03,7.0,7.07,6.94,7.0,,521077.0,,raw
2021-11-04,7.03,7.05,6.96,7.04,,492011.0,,raw
2021-11-05,7.02,7.16,6.96,7.08,,607663.0,,raw
2021-11-08,7.1,7.19,7.09,7.13,,442436.0,,raw
2021-11-09,7.14,7.17,7.0,7.03,,463905.0,,raw
2021-11-10,7.01,7.01,6.83,6.91,,740787.0,,raw
2021-11-11,6.88,7.06,6.86,7.04,,702883.0,,raw
2021-11-12,7.04,7.05,6.87,6.91,,664113.0,,raw
2021-11-15,6.88,6.95,6.87,6.92,,436910.0,,raw
2021-11-16,6.92,6.97,6.86,6.88,,427770.0,,raw
2021-11-17,6.87,6.92,6.81,6.9,,408632.0,,raw
2021-11-18,6.91,6.91,6.84,6.88,,375391.0,,raw
2021-11-19,6.87,6.9,6.8,6.89,,669021.0,,raw
2021-11-22,6.89,7.04,6.88,6.98,,750715.0,,raw
2021-11-23,6.98,7.18,6.94,7.18,,1054641.0,,raw
2021-11-24,7.17,7.17,7.06,7.1,,587179.0,,raw
2021-11-25,7.1,7.14,7.03,7.09,,424256.0,,raw
2021-11-26,7.07,7.09,7.02,7.03,,365868.0,,raw
2021-11-29,6.95,6.98,6.9,6.93,,417063.0,,raw
2021-11-30,6.94,7.02,6.93,6.98,,394963.0,,raw
2021-12-01,7.02,7.14,6.99,7.09,,600437.0,,raw
2021-12-02,7.08,7.56,7.05,7.44,,1709269.0,,raw
2021-12-03,7.37,7.46,7.27,7.4,,950439.0,,raw
2021-12-06,7.42,7.56,7.3,7.32,,795441.0,,raw
2021-12-07,7.42,7.65,7.4,7.62,,1561835.0,,raw
2021-12-08,7.57,7.58,7.45,7.58,,866944.0,,raw
2021-12-09,7.55,7.62,7.52,7.55,,752444.0,,raw
2021-12-10,7.51,7.53,7.38,7.39,,744852.0,,raw
2021-12-13,7.47,7.71,7.44,7.54,,1091936.0,,raw
2021-12-14,7.47,7.47,7.37,7.4,,651912.0,,raw
2021-12-15,7.4,7.48,7.37,7.38,,442017.0,,raw
2021-12-16,7.37,7.45,7.36,7.42,,450463.0,,raw
2021-12-17,7.44,7.49,7.39,7.39,,425905.0,,raw
2021-12-20,7.36,7.45,7.26,7.32,,593237.0,,raw
2021-12-21,7.32,7.4,7.3,7.36,,452907.0,,raw
2021-12-22,7.33,7.33,7.2,7.23,,625231.0,,raw
2021-12-23,7.23,7.23,7.13,7.22,,485964.0,,raw
2021-12-24,7.2,7.22,7.13,7.13,,357596.0,,raw
2021-12-27,7.16,7.24,7.16,7.18,,328573.0,,raw
2021-12-28,7.2,7.28,7.18,7.27,,424205.0,,raw
2021-12-29,7.26,7.26,7.15,7.18,,391568.0,,raw
2021-12-30,7.16,7.19,7.13,7.14,,366828.0,,raw
2021-12-31,7.15,7.2,7.15,7.17,,263420.0,,raw
