run,rule,driver_data,candidate_id,historical_cycle,theme_relation,lifecycle,driver,driver_quality,driver_overlap,evidence_sequence,sequence_subtype,event_structure,event_quality,has_direct_driver_evidence,structural_status,strict_structural_supported
A,v0.2,v0.2,CC-2026-BCI-MEDTECH,C-2019-AD,CROSS_MACRO_THEME,PARTIAL,PARTIAL,PRIMARY_MECHANISM_OVERLAP,POLICY_DRIVEN,NOT_AVAILABLE,NOT_AVAILABLE,MISMATCH,SINGLE_TYPE_ONLY,True,STRUCTURAL_PARTIAL,False
A,v0.2,v0.2,CC-2026-BCI-MEDTECH,C-2020-NEV,CROSS_MACRO_THEME,PARTIAL,MISMATCH,NONE,,MISMATCH,SEQUENCE_MISMATCH,MISMATCH,SINGLE_TYPE_ONLY,True,NO_VALID_CORRESPONDENCE,False
A,v0.2,v0.2,CC-2026-BCI-MEDTECH,C-2021-NEV,CROSS_MACRO_THEME,PARTIAL,MISMATCH,NONE,,PARTIAL,SET_ONLY,PARTIAL,MULTI_TYPE_WITH_CHRONOLOGY,True,STRUCTURAL_PARTIAL,False
A,v0.2,v0.2,CC-2026-BCI-MEDTECH,C-2022-POLICY,CROSS_MACRO_THEME,MATCH,PARTIAL,PRIMARY_MECHANISM_OVERLAP,POLICY_DRIVEN,PARTIAL,SEQUENCE_PARTIAL,PARTIAL,MULTI_TYPE_WITH_CHRONOLOGY,True,STRUCTURAL_PARTIAL,False
A,v0.2,v0.2,CC-2026-BCI-MEDTECH,C-2023-AD,CROSS_MACRO_THEME,MATCH,MATCH,CORE_EQUIVALENT,POLICY_DRIVEN|TECH_BREAKTHROUGH,PARTIAL,SEQUENCE_PARTIAL,PARTIAL,MULTI_TYPE_WITH_CHRONOLOGY,True,STRUCTURAL_SUPPORTED,True
A,v0.2,v0.2,CC-2026-BCI-MEDTECH,C-2024-V2X,CROSS_MACRO_THEME,MATCH,PERIPHERAL_OVERLAP,PERIPHERAL_ONLY,POLICY_DRIVEN,PARTIAL,SEQUENCE_PARTIAL,MISMATCH,SINGLE_TYPE_ONLY,False,NO_VALID_CORRESPONDENCE,False
A,v0.2,v0.2,CC-2026-BCI-MEDTECH,C-2024-ROBOTAXI,CROSS_MACRO_THEME,PARTIAL,MISMATCH,NONE,,NOT_AVAILABLE,NOT_AVAILABLE,MISMATCH,SINGLE_TYPE_ONLY,True,NO_VALID_CORRESPONDENCE,False
A,v0.2,v0.2,CC-2026-BCI-MEDTECH,C-2025-ROBOTAXI,CROSS_MACRO_THEME,PARTIAL,MISMATCH,NONE,,MATCH,SEQUENCE_MATCH,PARTIAL,MULTI_TYPE_WITH_CHRONOLOGY,True,STRUCTURAL_PARTIAL,False
A,v0.2,v0.2,CC-2026-BCI-MEDTECH,C-2016-CONS-BAIJIU-UPGRADE,CROSS_MACRO_THEME,MISMATCH,MISMATCH,NONE,,PARTIAL,SEQUENCE_PARTIAL,PARTIAL,MULTI_TYPE_WITH_CHRONOLOGY,False,STRUCTURAL_PARTIAL,False
A,v0.2,v0.2,CC-2026-BCI-MEDTECH,C-2018-CONS-HOG-AFRICAN,CROSS_MACRO_THEME,MISMATCH,MISMATCH,NONE,,PARTIAL,SEQUENCE_PARTIAL,PARTIAL,MULTI_TYPE_WITH_CHRONOLOGY,False,STRUCTURAL_PARTIAL,False
A,v0.2,v0.2,CC-2026-BCI-MEDTECH,C-2019-CONS-BAIJIU-CORE,CROSS_MACRO_THEME,MISMATCH,MISMATCH,NONE,,PARTIAL,SEQUENCE_PARTIAL,PARTIAL,MULTI_TYPE_WITH_CHRONOLOGY,False,STRUCTURAL_PARTIAL,False
A,v0.2,v0.2,CC-2026-BCI-MEDTECH,C-2019-CONS-AESTHETICS,CROSS_MACRO_THEME,MISMATCH,MISMATCH,NONE,,NOT_AVAILABLE,NOT_AVAILABLE,MISMATCH,SINGLE_TYPE_ONLY,False,NO_VALID_CORRESPONDENCE,False
A,v0.2,v0.2,CC-2026-BCI-MEDTECH,C-2020-CONS-DUTYFREE,CROSS_MACRO_THEME,MISMATCH,PERIPHERAL_OVERLAP,PERIPHERAL_ONLY,POLICY_DRIVEN,PARTIAL,SEQUENCE_PARTIAL,PARTIAL,MULTI_TYPE_WITH_CHRONOLOGY,False,NO_VALID_CORRESPONDENCE,False
A,v0.2,v0.2,CC-2026-BCI-MEDTECH,C-2020-CONS-WHITE-GOODS,CROSS_MACRO_THEME,MISMATCH,MISMATCH,NONE,,NOT_AVAILABLE,NOT_AVAILABLE,MISMATCH,SINGLE_TYPE_ONLY,False,NO_VALID_CORRESPONDENCE,False
A,v0.2,v0.2,CC-2026-BCI-MEDTECH,C-2020-CONS-BEAUTY-CN,CROSS_MACRO_THEME,MISMATCH,NOT_AVAILABLE,NOT_AVAILABLE,,NOT_AVAILABLE,NOT_AVAILABLE,MISMATCH,SINGLE_TYPE_ONLY,False,INSUFFICIENT_EVIDENCE,False
A,v0.2,v0.2,CC-2026-BCI-MEDTECH,C-2021-CONS-HOG-REVERSAL,CROSS_MACRO_THEME,MISMATCH,MISMATCH,NONE,,PARTIAL,SEQUENCE_PARTIAL,PARTIAL,MULTI_TYPE_WITH_CHRONOLOGY,False,STRUCTURAL_PARTIAL,False
A,v0.2,v0.2,CC-2026-BCI-MEDTECH,C-2022-CONS-SERVICE-REBOUND,CROSS_MACRO_THEME,MISMATCH,NOT_AVAILABLE,NOT_AVAILABLE,,PARTIAL,SEQUENCE_PARTIAL,PARTIAL,MULTI_TYPE_WITH_CHRONOLOGY,False,INSUFFICIENT_EVIDENCE,False
A,v0.2,v0.2,CC-2026-BCI-MEDTECH,C-2023-CONS-VALUE-RETAIL,CROSS_MACRO_THEME,MISMATCH,PERIPHERAL_OVERLAP,PERIPHERAL_ONLY,TECH_BREAKTHROUGH,NOT_AVAILABLE,NOT_AVAILABLE,MISMATCH,SINGLE_TYPE_ONLY,False,NO_VALID_CORRESPONDENCE,False
A,v0.2,v0.2,CC-2026-BCI-MEDTECH,C-2024-CONS-TRADE-IN,CROSS_MACRO_THEME,MISMATCH,PERIPHERAL_OVERLAP,PERIPHERAL_ONLY,POLICY_DRIVEN,PARTIAL,SEQUENCE_PARTIAL,PARTIAL,MULTI_TYPE_WITH_CHRONOLOGY,False,NO_VALID_CORRESPONDENCE,False
A,v0.2,v0.2,CC-2026-BCI-MEDTECH,C-2019-MIL-GROUP-RESTRUCTURE,CROSS_MACRO_THEME,MISMATCH,PERIPHERAL_OVERLAP,PERIPHERAL_ONLY,POLICY_DRIVEN,MATCH,SEQUENCE_MATCH,PARTIAL,MULTI_TYPE_WITH_CHRONOLOGY,True,NO_VALID_CORRESPONDENCE,False
A,v0.2,v0.2,CC-2026-BCI-MEDTECH,C-2020-MIL-EQUIP-ORDER,CROSS_MACRO_THEME,MISMATCH,MISMATCH,NONE,,PARTIAL,SEQUENCE_PARTIAL,PARTIAL,MULTI_TYPE_WITH_CHRONOLOGY,True,STRUCTURAL_PARTIAL,False
A,v0.2,v0.2,CC-2026-BCI-MEDTECH,C-2020-RE-DEBT-RISK,CROSS_MACRO_THEME,MISMATCH,NOT_AVAILABLE,NOT_AVAILABLE,,PARTIAL,SET_ONLY,PARTIAL,MULTI_TYPE_WITH_CHRONOLOGY,False,INSUFFICIENT_EVIDENCE,False
A,v0.2,v0.2,CC-2026-BCI-MEDTECH,C-2020-FIN-BANK-CREDIT,CROSS_MACRO_THEME,MISMATCH,MISMATCH,NONE,,PARTIAL,SEQUENCE_PARTIAL,PARTIAL,MULTI_TYPE_WITH_CHRONOLOGY,False,STRUCTURAL_PARTIAL,False
A,v0.2,v0.2,CC-2026-BCI-MEDTECH,C-2022-RE-POLICY-THREE,CROSS_MACRO_THEME,MISMATCH,PERIPHERAL_OVERLAP,PERIPHERAL_ONLY,POLICY_DRIVEN,PARTIAL,SEQUENCE_PARTIAL,MISMATCH,SINGLE_TYPE_ONLY,True,NO_VALID_CORRESPONDENCE,False
A,v0.2,v0.2,CC-2026-BCI-MEDTECH,C-2023-FIN-SOE-VALUATION,CROSS_MACRO_THEME,MISMATCH,MISMATCH,NONE,,PARTIAL,SEQUENCE_PARTIAL,MISMATCH,SINGLE_TYPE_ONLY,True,NO_VALID_CORRESPONDENCE,False
A,v0.2,v0.2,CC-2026-BCI-MEDTECH,C-2024-FIN-BROKER-POLICY,CROSS_MACRO_THEME,MISMATCH,PERIPHERAL_OVERLAP,PERIPHERAL_ONLY,POLICY_DRIVEN,PARTIAL,SEQUENCE_PARTIAL,PARTIAL,MULTI_TYPE_WITH_CHRONOLOGY,True,NO_VALID_CORRESPONDENCE,False
A,v0.2,v0.2,CC-2026-BCI-MEDTECH,C-2024-FIN-BANK-DIVIDEND,CROSS_MACRO_THEME,MISMATCH,MISMATCH,NONE,,NOT_AVAILABLE,NOT_AVAILABLE,MISMATCH,SINGLE_TYPE_ONLY,True,NO_VALID_CORRESPONDENCE,False
A,v0.2,v0.2,CC-2026-BCI-MEDTECH,C-2025-FIN-INSURANCE,CROSS_MACRO_THEME,MISMATCH,MISMATCH,NONE,,NOT_AVAILABLE,NOT_AVAILABLE,MISMATCH,SINGLE_TYPE_ONLY,True,NO_VALID_CORRESPONDENCE,False
A,v0.2,v0.2,CC-2026-BCI-MEDTECH,C-2016-HIEQ-CONSTR,CROSS_MACRO_THEME,MISMATCH,MISMATCH,NONE,,PARTIAL,SET_ONLY,PARTIAL,MULTI_TYPE_WITH_CHRONOLOGY,False,STRUCTURAL_PARTIAL,False
A,v0.2,v0.2,CC-2026-BCI-MEDTECH,C-2018-HIEQ-ROBOT-DOWN,CROSS_MACRO_THEME,MISMATCH,MISMATCH,NONE,,MISMATCH,SEQUENCE_MISMATCH,MISMATCH,SINGLE_TYPE_ONLY,False,NO_VALID_CORRESPONDENCE,False
A,v0.2,v0.2,CC-2026-BCI-MEDTECH,C-2020-HIEQ-AUTOMATION,CROSS_MACRO_THEME,MISMATCH,PERIPHERAL_OVERLAP,PERIPHERAL_ONLY,TECH_BREAKTHROUGH,PARTIAL,SEQUENCE_PARTIAL,PARTIAL,MULTI_TYPE_WITH_CHRONOLOGY,False,NO_VALID_CORRESPONDENCE,False
A,v0.2,v0.2,CC-2026-BCI-MEDTECH,C-2023-HIEQ-ROBOT-PLUS,CROSS_MACRO_THEME,MISMATCH,PERIPHERAL_OVERLAP,PERIPHERAL_ONLY,POLICY_DRIVEN,PARTIAL,SEQUENCE_PARTIAL,PARTIAL,MULTI_TYPE_WITH_CHRONOLOGY,False,NO_VALID_CORRESPONDENCE,False
A,v0.2,v0.2,CC-2026-BCI-MEDTECH,C-2023-HIEQ-HUMANOID,CROSS_MACRO_THEME,MISMATCH,PERIPHERAL_OVERLAP,PERIPHERAL_ONLY,TECH_BREAKTHROUGH,PARTIAL,SEQUENCE_PARTIAL,PARTIAL,MULTI_TYPE_WITH_CHRONOLOGY,False,NO_VALID_CORRESPONDENCE,False
A,v0.2,v0.2,CC-2026-BCI-MEDTECH,C-2019-COMM-5G,CROSS_MACRO_THEME,MATCH,PARTIAL,PRIMARY_MECHANISM_OVERLAP,POLICY_DRIVEN,PARTIAL,SEQUENCE_PARTIAL,MISMATCH,SINGLE_TYPE_ONLY,True,STRUCTURAL_PARTIAL,False
A,v0.2,v0.2,CC-2026-BCI-MEDTECH,C-2023-COMM-OPTICAL,CROSS_MACRO_THEME,MATCH,PERIPHERAL_OVERLAP,PERIPHERAL_ONLY,TECH_BREAKTHROUGH,PARTIAL,SEQUENCE_PARTIAL,PARTIAL,MULTI_TYPE_WITH_CHRONOLOGY,True,NO_VALID_CORRESPONDENCE,False
A,v0.2,v0.2,CC-2026-BCI-MEDTECH,C-2019-PHARMA-INNOV,SAME_MACRO_THEME,MATCH,MISMATCH,NONE,,PARTIAL,SEQUENCE_PARTIAL,MISMATCH,SINGLE_TYPE_ONLY,True,STRUCTURAL_PARTIAL,False
A,v0.2,v0.2,CC-2026-BCI-MEDTECH,C-2020-POWER-NE,CROSS_MACRO_THEME,MATCH,PARTIAL,PRIMARY_MECHANISM_OVERLAP,POLICY_DRIVEN,PARTIAL,SEQUENCE_PARTIAL,MISMATCH,SINGLE_TYPE_ONLY,True,STRUCTURAL_PARTIAL,False
A,v0.2,v0.2,CC-2026-BCI-MEDTECH,C-2022-POWER-GRID,CROSS_MACRO_THEME,MATCH,PERIPHERAL_OVERLAP,PERIPHERAL_ONLY,POLICY_DRIVEN,PARTIAL,SEQUENCE_PARTIAL,PARTIAL,MULTI_TYPE_WITH_CHRONOLOGY,True,NO_VALID_CORRESPONDENCE,False
A,v0.2,v0.2,CC-2026-BCI-MEDTECH,C-2019-RES-DYE-SHOCK,CROSS_MACRO_THEME,MISMATCH,NOT_AVAILABLE,NOT_AVAILABLE,,PARTIAL,SEQUENCE_PARTIAL,PARTIAL,MULTI_TYPE_WITH_CHRONOLOGY,False,INSUFFICIENT_EVIDENCE,False
A,v0.2,v0.2,CC-2026-BCI-MEDTECH,C-2020-RES-NONFERROUS,CROSS_MACRO_THEME,MISMATCH,MISMATCH,NONE,,NOT_AVAILABLE,NOT_AVAILABLE,MISMATCH,SINGLE_TYPE_ONLY,False,NO_VALID_CORRESPONDENCE,False
A,v0.2,v0.2,CC-2026-BCI-MEDTECH,C-2020-RES-LITHIUM,CROSS_MACRO_THEME,MISMATCH,MISMATCH,NONE,,MISMATCH,SEQUENCE_MISMATCH,MISMATCH,SINGLE_TYPE_ONLY,False,NO_VALID_CORRESPONDENCE,False
A,v0.2,v0.2,CC-2026-BCI-MEDTECH,C-2020-RES-RAREEARTH,CROSS_MACRO_THEME,MISMATCH,PERIPHERAL_OVERLAP,PERIPHERAL_ONLY,POLICY_DRIVEN,MISMATCH,SEQUENCE_MISMATCH,MISMATCH,SINGLE_TYPE_ONLY,False,NO_VALID_CORRESPONDENCE,False
A,v0.2,v0.2,CC-2026-BCI-MEDTECH,C-2021-RES-CHEM-DUALCTRL,CROSS_MACRO_THEME,MISMATCH,PERIPHERAL_OVERLAP,PERIPHERAL_ONLY,POLICY_DRIVEN,PARTIAL,SEQUENCE_PARTIAL,PARTIAL,MULTI_TYPE_WITH_CHRONOLOGY,False,NO_VALID_CORRESPONDENCE,False
A,v0.2,v0.2,CC-2026-BCI-MEDTECH,C-2024-RES-GOLD-CB,CROSS_MACRO_THEME,MISMATCH,MISMATCH,NONE,,PARTIAL,SEQUENCE_PARTIAL,MISMATCH,SINGLE_TYPE_ONLY,False,NO_VALID_CORRESPONDENCE,False
A,v0.2,v0.2,CC-2026-BCI-MEDTECH,C-2016-PANEL-CYCLE,CROSS_MACRO_THEME,MISMATCH,MISMATCH,NONE,,NOT_AVAILABLE,NOT_AVAILABLE,NOT_AVAILABLE,NOT_AVAILABLE,False,INSUFFICIENT_EVIDENCE,False
A,v0.2,v0.2,CC-2026-BCI-MEDTECH,C-2019-SEMI-LOCALIZATION,CROSS_MACRO_THEME,MISMATCH,MISMATCH,NONE,,PARTIAL,SEQUENCE_PARTIAL,PARTIAL,MULTI_TYPE_WITH_CHRONOLOGY,False,STRUCTURAL_PARTIAL,False
A,v0.2,v0.2,CC-2026-BCI-MEDTECH,C-2019-CONSUMER-TWS,CROSS_MACRO_THEME,MISMATCH,MISMATCH,NONE,,PARTIAL,SEQUENCE_PARTIAL,MISMATCH,SINGLE_TYPE_ONLY,False,NO_VALID_CORRESPONDENCE,False
A,v0.2,v0.2,CC-2026-BCI-MEDTECH,C-2020-SEMI-EQUIPMENT,CROSS_MACRO_THEME,MISMATCH,MISMATCH,NONE,,PARTIAL,SEQUENCE_PARTIAL,PARTIAL,MULTI_TYPE_WITH_CHRONOLOGY,False,STRUCTURAL_PARTIAL,False
A,v0.2,v0.2,CC-2026-BCI-MEDTECH,C-2020-PANEL-CYCLE,CROSS_MACRO_THEME,MISMATCH,MISMATCH,NONE,,MISMATCH,SEQUENCE_MISMATCH,MISMATCH,SINGLE_TYPE_ONLY,False,NO_VALID_CORRESPONDENCE,False
A,v0.2,v0.2,CC-2026-BCI-MEDTECH,C-2022-SEMI-DOWNTURN,CROSS_MACRO_THEME,MISMATCH,MISMATCH,NONE,,NOT_AVAILABLE,NOT_AVAILABLE,MISMATCH,SINGLE_TYPE_ONLY,False,NO_VALID_CORRESPONDENCE,False
A,v0.2,v0.2,CC-2026-BCI-MEDTECH,C-2023-AI-COMPUTE-SEMI,CROSS_MACRO_THEME,MISMATCH,MISMATCH,NONE,,NOT_AVAILABLE,NOT_AVAILABLE,MISMATCH,SINGLE_TYPE_ONLY,False,NO_VALID_CORRESPONDENCE,False
A,v0.2,v0.2,CC-2026-BCI-MEDTECH,C-2024-SEMI-MEMORY,CROSS_MACRO_THEME,MISMATCH,PERIPHERAL_OVERLAP,PERIPHERAL_ONLY,POLICY_DRIVEN,NOT_AVAILABLE,NOT_AVAILABLE,MISMATCH,SINGLE_TYPE_ONLY,False,NO_VALID_CORRESPONDENCE,False
A,v0.2,v0.2,CC-2026-BCI-MEDTECH,RC-2023-HUAWEI,CROSS_MACRO_THEME,MATCH,PERIPHERAL_OVERLAP,PERIPHERAL_ONLY,TECH_BREAKTHROUGH,NOT_AVAILABLE,NOT_AVAILABLE,MISMATCH,SINGLE_TYPE_ONLY,True,NO_VALID_CORRESPONDENCE,False
A,v0.2,v0.2,CC-2026-BCI-MEDTECH,RC-2024-SECONDARY,CROSS_MACRO_THEME,PARTIAL,NOT_AVAILABLE,NOT_AVAILABLE,,NOT_AVAILABLE,NOT_AVAILABLE,NOT_AVAILABLE,NOT_AVAILABLE,False,INSUFFICIENT_EVIDENCE,False
A,v0.2,v0.2,CC-2026-BCI-MEDTECH,RC-2020-PANDEMIC,CROSS_MACRO_THEME,PARTIAL,MISMATCH,NONE,,NOT_AVAILABLE,NOT_AVAILABLE,MISMATCH,NO_CORRESPONDENCE,True,NO_VALID_CORRESPONDENCE,False
A,v0.2,v0.2,CC-2026-BCI-MEDTECH,RC-2021-TCM,CROSS_MACRO_THEME,MATCH,PARTIAL,PRIMARY_MECHANISM_OVERLAP,POLICY_DRIVEN,NOT_AVAILABLE,NOT_AVAILABLE,MISMATCH,SINGLE_TYPE_ONLY,True,STRUCTURAL_PARTIAL,False
A,v0.2,v0.2,CC-2026-BCI-MEDTECH,RC-2020-CONS-SMALL-APPLIANCE,CROSS_MACRO_THEME,COMPARISON_POINT_UNKNOWN,NOT_AVAILABLE,NOT_AVAILABLE,,NOT_AVAILABLE,NOT_AVAILABLE,NOT_AVAILABLE,NOT_AVAILABLE,False,INSUFFICIENT_EVIDENCE,False
A,v0.2,v0.2,CC-2026-BCI-MEDTECH,RC-2024-CONS-PET-FOOD,CROSS_MACRO_THEME,COMPARISON_POINT_UNKNOWN,NOT_AVAILABLE,NOT_AVAILABLE,,NOT_AVAILABLE,NOT_AVAILABLE,NOT_AVAILABLE,NOT_AVAILABLE,False,INSUFFICIENT_EVIDENCE,False
A,v0.2,v0.2,CC-2026-BCI-MEDTECH,RC-2020-RES-GOLD-RATES,CROSS_MACRO_THEME,COMPARISON_POINT_UNKNOWN,NOT_AVAILABLE,NOT_AVAILABLE,,NOT_AVAILABLE,NOT_AVAILABLE,NOT_AVAILABLE,NOT_AVAILABLE,False,INSUFFICIENT_EVIDENCE,False
A,v0.2,v0.2,CC-2026-BCI-MEDTECH,RC-2022-RES-FERTILIZER,CROSS_MACRO_THEME,COMPARISON_POINT_UNKNOWN,NOT_AVAILABLE,NOT_AVAILABLE,,NOT_AVAILABLE,NOT_AVAILABLE,NOT_AVAILABLE,NOT_AVAILABLE,False,INSUFFICIENT_EVIDENCE,False
A,v0.2,v0.2,CC-2026-BCI-MEDTECH,RC-2025-RES-COPPER,CROSS_MACRO_THEME,COMPARISON_POINT_UNKNOWN,NOT_AVAILABLE,NOT_AVAILABLE,,NOT_AVAILABLE,NOT_AVAILABLE,NOT_AVAILABLE,NOT_AVAILABLE,False,INSUFFICIENT_EVIDENCE,False
A,v0.2,v0.2,CC-2026-BCI-MEDTECH,RC-2017-RES-ALUMINUM,CROSS_MACRO_THEME,COMPARISON_POINT_UNKNOWN,NOT_AVAILABLE,NOT_AVAILABLE,,NOT_AVAILABLE,NOT_AVAILABLE,NOT_AVAILABLE,NOT_AVAILABLE,False,INSUFFICIENT_EVIDENCE,False
A,v0.2,v0.2,CC-2026-BCI-MEDTECH,RC-2016-RES-CHEM-ENV,CROSS_MACRO_THEME,COMPARISON_POINT_UNKNOWN,NOT_AVAILABLE,NOT_AVAILABLE,,NOT_AVAILABLE,NOT_AVAILABLE,NOT_AVAILABLE,NOT_AVAILABLE,False,INSUFFICIENT_EVIDENCE,False
A,v0.2,v0.2,CC-2026-BCI-MEDTECH,RC-2022-SEMI-CHIPSHORTAGE,CROSS_MACRO_THEME,COMPARISON_POINT_UNKNOWN,NOT_AVAILABLE,NOT_AVAILABLE,,NOT_AVAILABLE,NOT_AVAILABLE,NOT_AVAILABLE,NOT_AVAILABLE,False,INSUFFICIENT_EVIDENCE,False
A,v0.2,v0.2,CC-2026-BCI-MEDTECH,RC-2024-SEMI-FUND3,CROSS_MACRO_THEME,COMPARISON_POINT_UNKNOWN,NOT_AVAILABLE,NOT_AVAILABLE,,NOT_AVAILABLE,NOT_AVAILABLE,NOT_AVAILABLE,NOT_AVAILABLE,False,INSUFFICIENT_EVIDENCE,False
A,v0.2,v0.2,CC-2026-BCI-MEDTECH,RC-2015-SEMI-LEVERAGE,CROSS_MACRO_THEME,COMPARISON_POINT_UNKNOWN,NOT_AVAILABLE,NOT_AVAILABLE,,NOT_AVAILABLE,NOT_AVAILABLE,NOT_AVAILABLE,NOT_AVAILABLE,False,INSUFFICIENT_EVIDENCE,False
A,v0.2,v0.2,CC-2026-BCI-MEDTECH,RC-2017-GPU-MINING,CROSS_MACRO_THEME,COMPARISON_POINT_UNKNOWN,NOT_AVAILABLE,NOT_AVAILABLE,,NOT_AVAILABLE,NOT_AVAILABLE,NOT_AVAILABLE,NOT_AVAILABLE,False,INSUFFICIENT_EVIDENCE,False
A,v0.2,v0.2,CC-2026-BCI-MEDTECH,RC-2024-HIEQ-EQUIP-UPDATE,CROSS_MACRO_THEME,MISMATCH,NOT_AVAILABLE,NOT_AVAILABLE,,PARTIAL,SEQUENCE_PARTIAL,MISMATCH,SINGLE_TYPE_ONLY,False,INSUFFICIENT_EVIDENCE,False
A,v0.2,v0.2,CC-2026-BCI-MEDTECH,RC-2024-HIEQ-HUMANOID-MASS,CROSS_MACRO_THEME,MISMATCH,NOT_AVAILABLE,NOT_AVAILABLE,,MISMATCH,SEQUENCE_MISMATCH,MISMATCH,SINGLE_TYPE_ONLY,False,INSUFFICIENT_EVIDENCE,False
A,v0.2,v0.2,CC-2026-BCI-MEDTECH,RC-2024-RE-POLICY-517,CROSS_MACRO_THEME,COMPARISON_POINT_UNKNOWN,NOT_AVAILABLE,NOT_AVAILABLE,,NOT_AVAILABLE,NOT_AVAILABLE,NOT_AVAILABLE,NOT_AVAILABLE,False,INSUFFICIENT_EVIDENCE,False
A,v0.2,v0.2,CC-2026-BCI-MEDTECH,RC-2019-RE-EASING,CROSS_MACRO_THEME,COMPARISON_POINT_UNKNOWN,NOT_AVAILABLE,NOT_AVAILABLE,,NOT_AVAILABLE,NOT_AVAILABLE,NOT_AVAILABLE,NOT_AVAILABLE,False,INSUFFICIENT_EVIDENCE,False
A,v0.2,v0.2,CC-2026-BCI-MEDTECH,RC-2020-FIN-BROKER-VOLUME,CROSS_MACRO_THEME,COMPARISON_POINT_UNKNOWN,NOT_AVAILABLE,NOT_AVAILABLE,,NOT_AVAILABLE,NOT_AVAILABLE,NOT_AVAILABLE,NOT_AVAILABLE,False,INSUFFICIENT_EVIDENCE,False
A,v0.2,v0.2,CC-2026-BCI-MEDTECH,RC-2016-RE-SHANTY,CROSS_MACRO_THEME,COMPARISON_POINT_UNKNOWN,NOT_AVAILABLE,NOT_AVAILABLE,,NOT_AVAILABLE,NOT_AVAILABLE,NOT_AVAILABLE,NOT_AVAILABLE,False,INSUFFICIENT_EVIDENCE,False
A,v0.2,v0.2,CC-2026-BCI-MEDTECH,RC-2015-FIN-LEVERAGE,CROSS_MACRO_THEME,COMPARISON_POINT_UNKNOWN,NOT_AVAILABLE,NOT_AVAILABLE,,NOT_AVAILABLE,NOT_AVAILABLE,NOT_AVAILABLE,NOT_AVAILABLE,False,INSUFFICIENT_EVIDENCE,False
A,v0.2,v0.2,CC-2026-BCI-MEDTECH,RC-2019-MIL-PARADE-70,CROSS_MACRO_THEME,MISMATCH,NOT_AVAILABLE,NOT_AVAILABLE,,NOT_AVAILABLE,NOT_AVAILABLE,NOT_AVAILABLE,NOT_AVAILABLE,False,INSUFFICIENT_EVIDENCE,False
A,v0.2,v0.2,CC-2026-BCI-MEDTECH,RC-2025-MIL-PARADE-80,CROSS_MACRO_THEME,MISMATCH,MISMATCH,NONE,,NOT_AVAILABLE,NOT_AVAILABLE,NOT_AVAILABLE,NOT_AVAILABLE,False,INSUFFICIENT_EVIDENCE,False
A,v0.2,v0.2,CC-2026-BCI-MEDTECH,RC-2017-MIL-MIXED-REFORM,CROSS_MACRO_THEME,MISMATCH,PERIPHERAL_OVERLAP,PERIPHERAL_ONLY,POLICY_DRIVEN,NOT_AVAILABLE,NOT_AVAILABLE,NOT_AVAILABLE,NOT_AVAILABLE,False,INSUFFICIENT_EVIDENCE,False
A,v0.2,v0.2,CC-2026-BCI-MEDTECH,RC-2015-MIL-REFORM-BULL,CROSS_MACRO_THEME,MISMATCH,MISMATCH,NONE,,NOT_AVAILABLE,NOT_AVAILABLE,NOT_AVAILABLE,NOT_AVAILABLE,False,INSUFFICIENT_EVIDENCE,False
A,v0.2,v0.2,CC-2026-BCI-MEDTECH,RC-2024-MIL-COMMERCIAL-SPACE,CROSS_MACRO_THEME,MISMATCH,PARTIAL,SET_EQUAL_NO_PROVENANCE,POLICY_DRIVEN|TECH_BREAKTHROUGH,NOT_AVAILABLE,NOT_AVAILABLE,NOT_AVAILABLE,NOT_AVAILABLE,False,INSUFFICIENT_EVIDENCE,False
A,v0.2,v0.2,CC-2026-COMPUTE-POWER,C-2019-AD,CROSS_MACRO_THEME,PARTIAL,PARTIAL,PRIMARY_MECHANISM_OVERLAP,POLICY_DRIVEN,NOT_AVAILABLE,NOT_AVAILABLE,MISMATCH,SINGLE_TYPE_ONLY,True,STRUCTURAL_PARTIAL,False
A,v0.2,v0.2,CC-2026-COMPUTE-POWER,C-2020-NEV,CROSS_MACRO_THEME,PARTIAL,PERIPHERAL_OVERLAP,PERIPHERAL_ONLY,INDUSTRY_UPGRADE,MISMATCH,SEQUENCE_MISMATCH,MISMATCH,NO_CORRESPONDENCE,True,NO_VALID_CORRESPONDENCE,False
A,v0.2,v0.2,CC-2026-COMPUTE-POWER,C-2021-NEV,CROSS_MACRO_THEME,PARTIAL,MISMATCH,NONE,,MISMATCH,SEQUENCE_MISMATCH,MISMATCH,SINGLE_TYPE_ONLY,True,NO_VALID_CORRESPONDENCE,False
A,v0.2,v0.2,CC-2026-COMPUTE-POWER,C-2022-POLICY,CROSS_MACRO_THEME,MATCH,PARTIAL,PRIMARY_MECHANISM_OVERLAP,POLICY_DRIVEN,PARTIAL,SEQUENCE_PARTIAL,PARTIAL,MULTI_TYPE_WITH_CHRONOLOGY,True,STRUCTURAL_PARTIAL,False
A,v0.2,v0.2,CC-2026-COMPUTE-POWER,C-2023-AD,CROSS_MACRO_THEME,MATCH,PARTIAL,PRIMARY_MECHANISM_OVERLAP,POLICY_DRIVEN,PARTIAL,SEQUENCE_PARTIAL,MISMATCH,SINGLE_TYPE_ONLY,True,STRUCTURAL_PARTIAL,False
A,v0.2,v0.2,CC-2026-COMPUTE-POWER,C-2024-V2X,CROSS_MACRO_THEME,PARTIAL,PERIPHERAL_OVERLAP,PERIPHERAL_ONLY,POLICY_DRIVEN,PARTIAL,SEQUENCE_PARTIAL,MISMATCH,SINGLE_TYPE_ONLY,False,NO_VALID_CORRESPONDENCE,False
A,v0.2,v0.2,CC-2026-COMPUTE-POWER,C-2024-ROBOTAXI,CROSS_MACRO_THEME,MATCH,MISMATCH,NONE,,NOT_AVAILABLE,NOT_AVAILABLE,MISMATCH,SINGLE_TYPE_ONLY,True,NO_VALID_CORRESPONDENCE,False
A,v0.2,v0.2,CC-2026-COMPUTE-POWER,C-2025-ROBOTAXI,CROSS_MACRO_THEME,MATCH,PARTIAL,MULTI_MECHANISM,DEMAND_SURGE|INDUSTRY_UPGRADE,MISMATCH,SEQUENCE_MISMATCH,MISMATCH,SINGLE_TYPE_ONLY,True,STRUCTURAL_PARTIAL,False
A,v0.2,v0.2,CC-2026-COMPUTE-POWER,C-2016-CONS-BAIJIU-UPGRADE,CROSS_MACRO_THEME,PARTIAL,PERIPHERAL_OVERLAP,PERIPHERAL_ONLY,DEMAND_SURGE,PARTIAL,SEQUENCE_PARTIAL,PARTIAL,MULTI_TYPE_WITH_CHRONOLOGY,False,NO_VALID_CORRESPONDENCE,False
A,v0.2,v0.2,CC-2026-COMPUTE-POWER,C-2018-CONS-HOG-AFRICAN,CROSS_MACRO_THEME,PARTIAL,MISMATCH,NONE,,MATCH,SEQUENCE_MATCH,PARTIAL,MULTI_TYPE_WITH_CHRONOLOGY,False,STRUCTURAL_PARTIAL,False
A,v0.2,v0.2,CC-2026-COMPUTE-POWER,C-2019-CONS-BAIJIU-CORE,CROSS_MACRO_THEME,PARTIAL,PERIPHERAL_OVERLAP,PERIPHERAL_ONLY,DEMAND_SURGE,PARTIAL,SEQUENCE_PARTIAL,PARTIAL,MULTI_TYPE_WITH_CHRONOLOGY,False,NO_VALID_CORRESPONDENCE,False
A,v0.2,v0.2,CC-2026-COMPUTE-POWER,C-2019-CONS-AESTHETICS,CROSS_MACRO_THEME,PARTIAL,PERIPHERAL_OVERLAP,PERIPHERAL_ONLY,INDUSTRY_UPGRADE,NOT_AVAILABLE,NOT_AVAILABLE,MISMATCH,SINGLE_TYPE_ONLY,False,NO_VALID_CORRESPONDENCE,False
A,v0.2,v0.2,CC-2026-COMPUTE-POWER,C-2020-CONS-DUTYFREE,CROSS_MACRO_THEME,PARTIAL,PARTIAL,MULTI_MECHANISM,DEMAND_SURGE|POLICY_DRIVEN,PARTIAL,SEQUENCE_PARTIAL,PARTIAL,MULTI_TYPE_WITH_CHRONOLOGY,False,STRUCTURAL_PARTIAL,False
A,v0.2,v0.2,CC-2026-COMPUTE-POWER,C-2020-CONS-WHITE-GOODS,CROSS_MACRO_THEME,PARTIAL,PERIPHERAL_OVERLAP,PERIPHERAL_ONLY,DEMAND_SURGE,NOT_AVAILABLE,NOT_AVAILABLE,MISMATCH,SINGLE_TYPE_ONLY,False,NO_VALID_CORRESPONDENCE,False
A,v0.2,v0.2,CC-2026-COMPUTE-POWER,C-2020-CONS-BEAUTY-CN,CROSS_MACRO_THEME,PARTIAL,NOT_AVAILABLE,NOT_AVAILABLE,,NOT_AVAILABLE,NOT_AVAILABLE,MISMATCH,SINGLE_TYPE_ONLY,False,INSUFFICIENT_EVIDENCE,False
A,v0.2,v0.2,CC-2026-COMPUTE-POWER,C-2021-CONS-HOG-REVERSAL,CROSS_MACRO_THEME,PARTIAL,MISMATCH,NONE,,MATCH,SEQUENCE_MATCH,PARTIAL,MULTI_TYPE_WITH_CHRONOLOGY,False,STRUCTURAL_PARTIAL,False
A,v0.2,v0.2,CC-2026-COMPUTE-POWER,C-2022-CONS-SERVICE-REBOUND,CROSS_MACRO_THEME,PARTIAL,NOT_AVAILABLE,NOT_AVAILABLE,,PARTIAL,SEQUENCE_PARTIAL,PARTIAL,MULTI_TYPE_WITH_CHRONOLOGY,False,INSUFFICIENT_EVIDENCE,False
A,v0.2,v0.2,CC-2026-COMPUTE-POWER,C-2023-CONS-VALUE-RETAIL,CROSS_MACRO_THEME,PARTIAL,PERIPHERAL_OVERLAP,PERIPHERAL_ONLY,DEMAND_SURGE,NOT_AVAILABLE,NOT_AVAILABLE,MISMATCH,SINGLE_TYPE_ONLY,False,NO_VALID_CORRESPONDENCE,False
A,v0.2,v0.2,CC-2026-COMPUTE-POWER,C-2024-CONS-TRADE-IN,CROSS_MACRO_THEME,PARTIAL,PARTIAL,MULTI_MECHANISM,DEMAND_SURGE|POLICY_DRIVEN,PARTIAL,SEQUENCE_PARTIAL,PARTIAL,MULTI_TYPE_WITH_CHRONOLOGY,False,STRUCTURAL_PARTIAL,False
A,v0.2,v0.2,CC-2026-COMPUTE-POWER,C-2019-MIL-GROUP-RESTRUCTURE,CROSS_MACRO_THEME,PARTIAL,PERIPHERAL_OVERLAP,PERIPHERAL_ONLY,POLICY_DRIVEN,MISMATCH,SEQUENCE_MISMATCH,MISMATCH,SINGLE_TYPE_ONLY,True,NO_VALID_CORRESPONDENCE,False
A,v0.2,v0.2,CC-2026-COMPUTE-POWER,C-2020-MIL-EQUIP-ORDER,CROSS_MACRO_THEME,PARTIAL,PARTIAL,PRIMARY_MECHANISM_OVERLAP,DEMAND_SURGE,PARTIAL,SEQUENCE_PARTIAL,PARTIAL,MULTI_TYPE_WITH_CHRONOLOGY,True,STRUCTURAL_PARTIAL,False
A,v0.2,v0.2,CC-2026-COMPUTE-POWER,C-2020-RE-DEBT-RISK,CROSS_MACRO_THEME,MISMATCH,NOT_AVAILABLE,NOT_AVAILABLE,,MISMATCH,SEQUENCE_MISMATCH,MISMATCH,SINGLE_TYPE_ONLY,False,INSUFFICIENT_EVIDENCE,False
A,v0.2,v0.2,CC-2026-COMPUTE-POWER,C-2020-FIN-BANK-CREDIT,CROSS_MACRO_THEME,PARTIAL,MISMATCH,NONE,,PARTIAL,SET_ONLY,PARTIAL,MULTI_TYPE_WITH_CHRONOLOGY,False,STRUCTURAL_PARTIAL,False
A,v0.2,v0.2,CC-2026-COMPUTE-POWER,C-2022-RE-POLICY-THREE,CROSS_MACRO_THEME,PARTIAL,PERIPHERAL_OVERLAP,PERIPHERAL_ONLY,POLICY_DRIVEN,PARTIAL,SEQUENCE_PARTIAL,MISMATCH,SINGLE_TYPE_ONLY,True,NO_VALID_CORRESPONDENCE,False
A,v0.2,v0.2,CC-2026-COMPUTE-POWER,C-2023-FIN-SOE-VALUATION,CROSS_MACRO_THEME,PARTIAL,MISMATCH,NONE,,PARTIAL,SEQUENCE_PARTIAL,MISMATCH,SINGLE_TYPE_ONLY,True,STRUCTURAL_PARTIAL,False
A,v0.2,v0.2,CC-2026-COMPUTE-POWER,C-2024-FIN-BROKER-POLICY,CROSS_MACRO_THEME,PARTIAL,PERIPHERAL_OVERLAP,PERIPHERAL_ONLY,POLICY_DRIVEN,PARTIAL,SEQUENCE_PARTIAL,PARTIAL,MULTI_TYPE_WITH_CHRONOLOGY,True,NO_VALID_CORRESPONDENCE,False
A,v0.2,v0.2,CC-2026-COMPUTE-POWER,C-2024-FIN-BANK-DIVIDEND,CROSS_MACRO_THEME,PARTIAL,MISMATCH,NONE,,NOT_AVAILABLE,NOT_AVAILABLE,MISMATCH,SINGLE_TYPE_ONLY,True,NO_VALID_CORRESPONDENCE,False
A,v0.2,v0.2,CC-2026-COMPUTE-POWER,C-2025-FIN-INSURANCE,CROSS_MACRO_THEME,PARTIAL,MISMATCH,NONE,,NOT_AVAILABLE,NOT_AVAILABLE,MISMATCH,SINGLE_TYPE_ONLY,True,NO_VALID_CORRESPONDENCE,False
A,v0.2,v0.2,CC-2026-COMPUTE-POWER,C-2016-HIEQ-CONSTR,CROSS_MACRO_THEME,PARTIAL,PARTIAL,MULTI_MECHANISM,DEMAND_SURGE|INDUSTRY_UPGRADE,MATCH,SEQUENCE_MATCH,MISMATCH,SINGLE_TYPE_ONLY,False,STRUCTURAL_PARTIAL,False
A,v0.2,v0.2,CC-2026-COMPUTE-POWER,C-2018-HIEQ-ROBOT-DOWN,CROSS_MACRO_THEME,MISMATCH,PERIPHERAL_OVERLAP,PERIPHERAL_ONLY,DEMAND_SURGE,MATCH,SEQUENCE_MATCH,MISMATCH,SINGLE_TYPE_ONLY,False,NO_VALID_CORRESPONDENCE,False
A,v0.2,v0.2,CC-2026-COMPUTE-POWER,C-2020-HIEQ-AUTOMATION,CROSS_MACRO_THEME,PARTIAL,MISMATCH,NONE,,MATCH,SEQUENCE_MATCH,PARTIAL,MULTI_TYPE_WITH_CHRONOLOGY,False,STRUCTURAL_PARTIAL,False
A,v0.2,v0.2,CC-2026-COMPUTE-POWER,C-2023-HIEQ-ROBOT-PLUS,CROSS_MACRO_THEME,PARTIAL,PARTIAL,MULTI_MECHANISM,DEMAND_SURGE|POLICY_DRIVEN,PARTIAL,SEQUENCE_PARTIAL,PARTIAL,MULTI_TYPE_WITH_CHRONOLOGY,False,STRUCTURAL_PARTIAL,False
A,v0.2,v0.2,CC-2026-COMPUTE-POWER,C-2023-HIEQ-HUMANOID,CROSS_MACRO_THEME,PARTIAL,PERIPHERAL_OVERLAP,PERIPHERAL_ONLY,INDUSTRY_UPGRADE,MATCH,SEQUENCE_MATCH,PARTIAL,MULTI_TYPE_WITH_CHRONOLOGY,False,NO_VALID_CORRESPONDENCE,False
A,v0.2,v0.2,CC-2026-COMPUTE-POWER,C-2019-COMM-5G,CROSS_MACRO_THEME,MATCH,PARTIAL,PRIMARY_MECHANISM_OVERLAP,POLICY_DRIVEN,PARTIAL,SEQUENCE_PARTIAL,MISMATCH,SINGLE_TYPE_ONLY,True,STRUCTURAL_PARTIAL,False
A,v0.2,v0.2,CC-2026-COMPUTE-POWER,C-2023-COMM-OPTICAL,CROSS_MACRO_THEME,MATCH,PARTIAL,PRIMARY_MECHANISM_OVERLAP,DEMAND_SURGE,PARTIAL,SEQUENCE_PARTIAL,PARTIAL,MULTI_TYPE_WITH_CHRONOLOGY,True,STRUCTURAL_PARTIAL,False
A,v0.2,v0.2,CC-2026-COMPUTE-POWER,C-2019-PHARMA-INNOV,CROSS_MACRO_THEME,MATCH,PERIPHERAL_OVERLAP,PERIPHERAL_ONLY,DEMAND_SURGE,PARTIAL,SEQUENCE_PARTIAL,MISMATCH,SINGLE_TYPE_ONLY,True,NO_VALID_CORRESPONDENCE,False
A,v0.2,v0.2,CC-2026-COMPUTE-POWER,C-2020-POWER-NE,SAME_MACRO_THEME,MATCH,PARTIAL,PRIMARY_MECHANISM_OVERLAP,POLICY_DRIVEN,PARTIAL,SEQUENCE_PARTIAL,MISMATCH,SINGLE_TYPE_ONLY,True,STRUCTURAL_PARTIAL,False
A,v0.2,v0.2,CC-2026-COMPUTE-POWER,C-2022-POWER-GRID,SAME_MACRO_THEME,MATCH,PERIPHERAL_OVERLAP,PERIPHERAL_ONLY,POLICY_DRIVEN,PARTIAL,SEQUENCE_PARTIAL,PARTIAL,MULTI_TYPE_WITH_CHRONOLOGY,True,THEME_ONLY,False
A,v0.2,v0.2,CC-2026-COMPUTE-POWER,C-2019-RES-DYE-SHOCK,CROSS_MACRO_THEME,PARTIAL,NOT_AVAILABLE,NOT_AVAILABLE,,MATCH,SEQUENCE_MATCH,MATCH,TYPE_AND_CHRONOLOGY,False,INSUFFICIENT_EVIDENCE,False
A,v0.2,v0.2,CC-2026-COMPUTE-POWER,C-2020-RES-NONFERROUS,CROSS_MACRO_THEME,PARTIAL,PERIPHERAL_OVERLAP,PERIPHERAL_ONLY,DEMAND_SURGE,NOT_AVAILABLE,NOT_AVAILABLE,MISMATCH,SINGLE_TYPE_ONLY,False,NO_VALID_CORRESPONDENCE,False
A,v0.2,v0.2,CC-2026-COMPUTE-POWER,C-2020-RES-LITHIUM,CROSS_MACRO_THEME,PARTIAL,MISMATCH,NONE,,MATCH,SEQUENCE_MATCH,MISMATCH,SINGLE_TYPE_ONLY,False,STRUCTURAL_PARTIAL,False
A,v0.2,v0.2,CC-2026-COMPUTE-POWER,C-2020-RES-RAREEARTH,CROSS_MACRO_THEME,PARTIAL,PERIPHERAL_OVERLAP,PERIPHERAL_ONLY,POLICY_DRIVEN,MATCH,SEQUENCE_MATCH,MISMATCH,SINGLE_TYPE_ONLY,False,NO_VALID_CORRESPONDENCE,False
A,v0.2,v0.2,CC-2026-COMPUTE-POWER,C-2021-RES-CHEM-DUALCTRL,CROSS_MACRO_THEME,PARTIAL,PERIPHERAL_OVERLAP,PERIPHERAL_ONLY,POLICY_DRIVEN,PARTIAL,SEQUENCE_PARTIAL,PARTIAL,MULTI_TYPE_WITH_CHRONOLOGY,False,NO_VALID_CORRESPONDENCE,False
A,v0.2,v0.2,CC-2026-COMPUTE-POWER,C-2024-RES-GOLD-CB,CROSS_MACRO_THEME,PARTIAL,PERIPHERAL_OVERLAP,PERIPHERAL_ONLY,DEMAND_SURGE,PARTIAL,SEQUENCE_PARTIAL,MISMATCH,SINGLE_TYPE_ONLY,False,NO_VALID_CORRESPONDENCE,False
A,v0.2,v0.2,CC-2026-COMPUTE-POWER,C-2016-PANEL-CYCLE,CROSS_MACRO_THEME,PARTIAL,PERIPHERAL_OVERLAP,PERIPHERAL_ONLY,DEMAND_SURGE,NOT_AVAILABLE,NOT_AVAILABLE,NOT_AVAILABLE,NOT_AVAILABLE,False,INSUFFICIENT_EVIDENCE,False
A,v0.2,v0.2,CC-2026-COMPUTE-POWER,C-2019-SEMI-LOCALIZATION,CROSS_MACRO_THEME,PARTIAL,PERIPHERAL_OVERLAP,PERIPHERAL_ONLY,DEMAND_SURGE,PARTIAL,SEQUENCE_PARTIAL,PARTIAL,MULTI_TYPE_WITH_CHRONOLOGY,False,NO_VALID_CORRESPONDENCE,False
A,v0.2,v0.2,CC-2026-COMPUTE-POWER,C-2019-CONSUMER-TWS,CROSS_MACRO_THEME,PARTIAL,PERIPHERAL_OVERLAP,PERIPHERAL_ONLY,DEMAND_SURGE,PARTIAL,SEQUENCE_PARTIAL,MISMATCH,SINGLE_TYPE_ONLY,False,NO_VALID_CORRESPONDENCE,False
A,v0.2,v0.2,CC-2026-COMPUTE-POWER,C-2020-SEMI-EQUIPMENT,CROSS_MACRO_THEME,PARTIAL,PERIPHERAL_OVERLAP,PERIPHERAL_ONLY,DEMAND_SURGE,PARTIAL,SEQUENCE_PARTIAL,PARTIAL,MULTI_TYPE_WITH_CHRONOLOGY,False,NO_VALID_CORRESPONDENCE,False
A,v0.2,v0.2,CC-2026-COMPUTE-POWER,C-2020-PANEL-CYCLE,CROSS_MACRO_THEME,PARTIAL,PERIPHERAL_OVERLAP,PERIPHERAL_ONLY,DEMAND_SURGE,MATCH,SEQUENCE_MATCH,MISMATCH,SINGLE_TYPE_ONLY,False,NO_VALID_CORRESPONDENCE,False
A,v0.2,v0.2,CC-2026-COMPUTE-POWER,C-2022-SEMI-DOWNTURN,CROSS_MACRO_THEME,MISMATCH,PERIPHERAL_OVERLAP,PERIPHERAL_ONLY,DEMAND_SURGE,NOT_AVAILABLE,NOT_AVAILABLE,MISMATCH,SINGLE_TYPE_ONLY,False,NO_VALID_CORRESPONDENCE,False
A,v0.2,v0.2,CC-2026-COMPUTE-POWER,C-2023-AI-COMPUTE-SEMI,CROSS_MACRO_THEME,PARTIAL,PERIPHERAL_OVERLAP,PERIPHERAL_ONLY,INDUSTRY_UPGRADE,NOT_AVAILABLE,NOT_AVAILABLE,MISMATCH,SINGLE_TYPE_ONLY,False,NO_VALID_CORRESPONDENCE,False
A,v0.2,v0.2,CC-2026-COMPUTE-POWER,C-2024-SEMI-MEMORY,CROSS_MACRO_THEME,PARTIAL,PARTIAL,MULTI_MECHANISM,DEMAND_SURGE|POLICY_DRIVEN,NOT_AVAILABLE,NOT_AVAILABLE,MISMATCH,SINGLE_TYPE_ONLY,False,STRUCTURAL_PARTIAL,False
A,v0.2,v0.2,CC-2026-COMPUTE-POWER,RC-2023-HUAWEI,CROSS_MACRO_THEME,MATCH,MISMATCH,NONE,,NOT_AVAILABLE,NOT_AVAILABLE,MISMATCH,NO_CORRESPONDENCE,True,NO_VALID_CORRESPONDENCE,False
A,v0.2,v0.2,CC-2026-COMPUTE-POWER,RC-2024-SECONDARY,CROSS_MACRO_THEME,MISMATCH,NOT_AVAILABLE,NOT_AVAILABLE,,NOT_AVAILABLE,NOT_AVAILABLE,NOT_AVAILABLE,NOT_AVAILABLE,False,INSUFFICIENT_EVIDENCE,False
A,v0.2,v0.2,CC-2026-COMPUTE-POWER,RC-2020-PANDEMIC,CROSS_MACRO_THEME,PARTIAL,PARTIAL,PRIMARY_MECHANISM_OVERLAP,DEMAND_SURGE,NOT_AVAILABLE,NOT_AVAILABLE,MISMATCH,NO_CORRESPONDENCE,True,STRUCTURAL_PARTIAL,False
A,v0.2,v0.2,CC-2026-COMPUTE-POWER,RC-2021-TCM,CROSS_MACRO_THEME,PARTIAL,PARTIAL,PRIMARY_MECHANISM_OVERLAP,POLICY_DRIVEN,NOT_AVAILABLE,NOT_AVAILABLE,MISMATCH,SINGLE_TYPE_ONLY,True,STRUCTURAL_PARTIAL,False
A,v0.2,v0.2,CC-2026-COMPUTE-POWER,RC-2020-CONS-SMALL-APPLIANCE,CROSS_MACRO_THEME,COMPARISON_POINT_UNKNOWN,NOT_AVAILABLE,NOT_AVAILABLE,,NOT_AVAILABLE,NOT_AVAILABLE,NOT_AVAILABLE,NOT_AVAILABLE,False,INSUFFICIENT_EVIDENCE,False
A,v0.2,v0.2,CC-2026-COMPUTE-POWER,RC-2024-CONS-PET-FOOD,CROSS_MACRO_THEME,COMPARISON_POINT_UNKNOWN,NOT_AVAILABLE,NOT_AVAILABLE,,NOT_AVAILABLE,NOT_AVAILABLE,NOT_AVAILABLE,NOT_AVAILABLE,False,INSUFFICIENT_EVIDENCE,False
A,v0.2,v0.2,CC-2026-COMPUTE-POWER,RC-2020-RES-GOLD-RATES,CROSS_MACRO_THEME,COMPARISON_POINT_UNKNOWN,NOT_AVAILABLE,NOT_AVAILABLE,,NOT_AVAILABLE,NOT_AVAILABLE,NOT_AVAILABLE,NOT_AVAILABLE,False,INSUFFICIENT_EVIDENCE,False
A,v0.2,v0.2,CC-2026-COMPUTE-POWER,RC-2022-RES-FERTILIZER,CROSS_MACRO_THEME,COMPARISON_POINT_UNKNOWN,NOT_AVAILABLE,NOT_AVAILABLE,,NOT_AVAILABLE,NOT_AVAILABLE,NOT_AVAILABLE,NOT_AVAILABLE,False,INSUFFICIENT_EVIDENCE,False
A,v0.2,v0.2,CC-2026-COMPUTE-POWER,RC-2025-RES-COPPER,CROSS_MACRO_THEME,COMPARISON_POINT_UNKNOWN,NOT_AVAILABLE,NOT_AVAILABLE,,NOT_AVAILABLE,NOT_AVAILABLE,NOT_AVAILABLE,NOT_AVAILABLE,False,INSUFFICIENT_EVIDENCE,False
A,v0.2,v0.2,CC-2026-COMPUTE-POWER,RC-2017-RES-ALUMINUM,CROSS_MACRO_THEME,COMPARISON_POINT_UNKNOWN,NOT_AVAILABLE,NOT_AVAILABLE,,NOT_AVAILABLE,NOT_AVAILABLE,NOT_AVAILABLE,NOT_AVAILABLE,False,INSUFFICIENT_EVIDENCE,False
A,v0.2,v0.2,CC-2026-COMPUTE-POWER,RC-2016-RES-CHEM-ENV,CROSS_MACRO_THEME,COMPARISON_POINT_UNKNOWN,NOT_AVAILABLE,NOT_AVAILABLE,,NOT_AVAILABLE,NOT_AVAILABLE,NOT_AVAILABLE,NOT_AVAILABLE,False,INSUFFICIENT_EVIDENCE,False
A,v0.2,v0.2,CC-2026-COMPUTE-POWER,RC-2022-SEMI-CHIPSHORTAGE,CROSS_MACRO_THEME,COMPARISON_POINT_UNKNOWN,NOT_AVAILABLE,NOT_AVAILABLE,,NOT_AVAILABLE,NOT_AVAILABLE,NOT_AVAILABLE,NOT_AVAILABLE,False,INSUFFICIENT_EVIDENCE,False
A,v0.2,v0.2,CC-2026-COMPUTE-POWER,RC-2024-SEMI-FUND3,CROSS_MACRO_THEME,COMPARISON_POINT_UNKNOWN,NOT_AVAILABLE,NOT_AVAILABLE,,NOT_AVAILABLE,NOT_AVAILABLE,NOT_AVAILABLE,NOT_AVAILABLE,False,INSUFFICIENT_EVIDENCE,False
A,v0.2,v0.2,CC-2026-COMPUTE-POWER,RC-2015-SEMI-LEVERAGE,CROSS_MACRO_THEME,COMPARISON_POINT_UNKNOWN,NOT_AVAILABLE,NOT_AVAILABLE,,NOT_AVAILABLE,NOT_AVAILABLE,NOT_AVAILABLE,NOT_AVAILABLE,False,INSUFFICIENT_EVIDENCE,False
A,v0.2,v0.2,CC-2026-COMPUTE-POWER,RC-2017-GPU-MINING,CROSS_MACRO_THEME,COMPARISON_POINT_UNKNOWN,NOT_AVAILABLE,NOT_AVAILABLE,,NOT_AVAILABLE,NOT_AVAILABLE,NOT_AVAILABLE,NOT_AVAILABLE,False,INSUFFICIENT_EVIDENCE,False
A,v0.2,v0.2,CC-2026-COMPUTE-POWER,RC-2024-HIEQ-EQUIP-UPDATE,CROSS_MACRO_THEME,PARTIAL,NOT_AVAILABLE,NOT_AVAILABLE,,PARTIAL,SEQUENCE_PARTIAL,MISMATCH,SINGLE_TYPE_ONLY,False,INSUFFICIENT_EVIDENCE,False
A,v0.2,v0.2,CC-2026-COMPUTE-POWER,RC-2024-HIEQ-HUMANOID-MASS,CROSS_MACRO_THEME,PARTIAL,NOT_AVAILABLE,NOT_AVAILABLE,,MISMATCH,SEQUENCE_MISMATCH,MISMATCH,NO_CORRESPONDENCE,False,INSUFFICIENT_EVIDENCE,False
A,v0.2,v0.2,CC-2026-COMPUTE-POWER,RC-2024-RE-POLICY-517,CROSS_MACRO_THEME,COMPARISON_POINT_UNKNOWN,NOT_AVAILABLE,NOT_AVAILABLE,,NOT_AVAILABLE,NOT_AVAILABLE,NOT_AVAILABLE,NOT_AVAILABLE,False,INSUFFICIENT_EVIDENCE,False
A,v0.2,v0.2,CC-2026-COMPUTE-POWER,RC-2019-RE-EASING,CROSS_MACRO_THEME,COMPARISON_POINT_UNKNOWN,NOT_AVAILABLE,NOT_AVAILABLE,,NOT_AVAILABLE,NOT_AVAILABLE,NOT_AVAILABLE,NOT_AVAILABLE,False,INSUFFICIENT_EVIDENCE,False
A,v0.2,v0.2,CC-2026-COMPUTE-POWER,RC-2020-FIN-BROKER-VOLUME,CROSS_MACRO_THEME,COMPARISON_POINT_UNKNOWN,NOT_AVAILABLE,NOT_AVAILABLE,,NOT_AVAILABLE,NOT_AVAILABLE,NOT_AVAILABLE,NOT_AVAILABLE,False,INSUFFICIENT_EVIDENCE,False
A,v0.2,v0.2,CC-2026-COMPUTE-POWER,RC-2016-RE-SHANTY,CROSS_MACRO_THEME,COMPARISON_POINT_UNKNOWN,NOT_AVAILABLE,NOT_AVAILABLE,,NOT_AVAILABLE,NOT_AVAILABLE,NOT_AVAILABLE,NOT_AVAILABLE,False,INSUFFICIENT_EVIDENCE,False
A,v0.2,v0.2,CC-2026-COMPUTE-POWER,RC-2015-FIN-LEVERAGE,CROSS_MACRO_THEME,COMPARISON_POINT_UNKNOWN,NOT_AVAILABLE,NOT_AVAILABLE,,NOT_AVAILABLE,NOT_AVAILABLE,NOT_AVAILABLE,NOT_AVAILABLE,False,INSUFFICIENT_EVIDENCE,False
A,v0.2,v0.2,CC-2026-COMPUTE-POWER,RC-2019-MIL-PARADE-70,CROSS_MACRO_THEME,PARTIAL,NOT_AVAILABLE,NOT_AVAILABLE,,NOT_AVAILABLE,NOT_AVAILABLE,NOT_AVAILABLE,NOT_AVAILABLE,False,INSUFFICIENT_EVIDENCE,False
A,v0.2,v0.2,CC-2026-COMPUTE-POWER,RC-2025-MIL-PARADE-80,CROSS_MACRO_THEME,PARTIAL,MISMATCH,NONE,,NOT_AVAILABLE,NOT_AVAILABLE,NOT_AVAILABLE,NOT_AVAILABLE,False,INSUFFICIENT_EVIDENCE,False
A,v0.2,v0.2,CC-2026-COMPUTE-POWER,RC-2017-MIL-MIXED-REFORM,CROSS_MACRO_THEME,PARTIAL,PERIPHERAL_OVERLAP,PERIPHERAL_ONLY,POLICY_DRIVEN,NOT_AVAILABLE,NOT_AVAILABLE,NOT_AVAILABLE,NOT_AVAILABLE,False,INSUFFICIENT_EVIDENCE,False
A,v0.2,v0.2,CC-2026-COMPUTE-POWER,RC-2015-MIL-REFORM-BULL,CROSS_MACRO_THEME,MISMATCH,MISMATCH,NONE,,NOT_AVAILABLE,NOT_AVAILABLE,NOT_AVAILABLE,NOT_AVAILABLE,False,INSUFFICIENT_EVIDENCE,False
A,v0.2,v0.2,CC-2026-COMPUTE-POWER,RC-2024-MIL-COMMERCIAL-SPACE,CROSS_MACRO_THEME,PARTIAL,PERIPHERAL_OVERLAP,PERIPHERAL_ONLY,POLICY_DRIVEN,NOT_AVAILABLE,NOT_AVAILABLE,NOT_AVAILABLE,NOT_AVAILABLE,False,INSUFFICIENT_EVIDENCE,False
A,v0.2,v0.2,CC-2026-EMBODIED-AI,C-2019-AD,CROSS_MACRO_THEME,MATCH,PARTIAL,PRIMARY_MECHANISM_OVERLAP,POLICY_DRIVEN,NOT_AVAILABLE,NOT_AVAILABLE,MISMATCH,SINGLE_TYPE_ONLY,True,STRUCTURAL_PARTIAL,False
A,v0.2,v0.2,CC-2026-EMBODIED-AI,C-2020-NEV,CROSS_MACRO_THEME,MATCH,PERIPHERAL_OVERLAP,PERIPHERAL_ONLY,INDUSTRY_UPGRADE,MISMATCH,SEQUENCE_MISMATCH,MISMATCH,SINGLE_TYPE_ONLY,True,NO_VALID_CORRESPONDENCE,False
A,v0.2,v0.2,CC-2026-EMBODIED-AI,C-2021-NEV,CROSS_MACRO_THEME,MATCH,MISMATCH,NONE,,PARTIAL,SET_ONLY,PARTIAL,MULTI_TYPE_WITH_CHRONOLOGY,True,STRUCTURAL_PARTIAL,False
A,v0.2,v0.2,CC-2026-EMBODIED-AI,C-2022-POLICY,CROSS_MACRO_THEME,MATCH,PARTIAL,PRIMARY_MECHANISM_OVERLAP,POLICY_DRIVEN,MATCH,SEQUENCE_MATCH,PARTIAL,MULTI_TYPE_WITH_CHRONOLOGY,True,STRUCTURAL_PARTIAL,False
A,v0.2,v0.2,CC-2026-EMBODIED-AI,C-2023-AD,CROSS_MACRO_THEME,MATCH,PARTIAL,MULTI_MECHANISM,POLICY_DRIVEN|TECH_BREAKTHROUGH,MATCH,SEQUENCE_MATCH,PARTIAL,MULTI_TYPE_WITH_CHRONOLOGY,True,STRUCTURAL_SUPPORTED,False
A,v0.2,v0.2,CC-2026-EMBODIED-AI,C-2024-V2X,CROSS_MACRO_THEME,PARTIAL,PERIPHERAL_OVERLAP,PERIPHERAL_ONLY,POLICY_DRIVEN,MATCH,SEQUENCE_MATCH,MISMATCH,SINGLE_TYPE_ONLY,False,NO_VALID_CORRESPONDENCE,False
A,v0.2,v0.2,CC-2026-EMBODIED-AI,C-2024-ROBOTAXI,CROSS_MACRO_THEME,MATCH,MISMATCH,NONE,,NOT_AVAILABLE,NOT_AVAILABLE,MISMATCH,SINGLE_TYPE_ONLY,True,NO_VALID_CORRESPONDENCE,False
A,v0.2,v0.2,CC-2026-EMBODIED-AI,C-2025-ROBOTAXI,CROSS_MACRO_THEME,MATCH,PERIPHERAL_OVERLAP,PERIPHERAL_ONLY,INDUSTRY_UPGRADE,PARTIAL,SEQUENCE_PARTIAL,PARTIAL,MULTI_TYPE_WITH_CHRONOLOGY,True,NO_VALID_CORRESPONDENCE,False
A,v0.2,v0.2,CC-2026-EMBODIED-AI,C-2016-CONS-BAIJIU-UPGRADE,CROSS_MACRO_THEME,MATCH,MISMATCH,NONE,,MATCH,SEQUENCE_MATCH,PARTIAL,MULTI_TYPE_WITH_CHRONOLOGY,False,STRUCTURAL_PARTIAL,False
A,v0.2,v0.2,CC-2026-EMBODIED-AI,C-2018-CONS-HOG-AFRICAN,CROSS_MACRO_THEME,MATCH,MISMATCH,NONE,,PARTIAL,SEQUENCE_PARTIAL,PARTIAL,MULTI_TYPE_WITH_CHRONOLOGY,False,STRUCTURAL_PARTIAL,False
A,v0.2,v0.2,CC-2026-EMBODIED-AI,C-2019-CONS-BAIJIU-CORE,CROSS_MACRO_THEME,MATCH,MISMATCH,NONE,,MATCH,SEQUENCE_MATCH,PARTIAL,MULTI_TYPE_WITH_CHRONOLOGY,False,STRUCTURAL_PARTIAL,False
A,v0.2,v0.2,CC-2026-EMBODIED-AI,C-2019-CONS-AESTHETICS,CROSS_MACRO_THEME,MATCH,PERIPHERAL_OVERLAP,PERIPHERAL_ONLY,INDUSTRY_UPGRADE,NOT_AVAILABLE,NOT_AVAILABLE,MISMATCH,SINGLE_TYPE_ONLY,False,NO_VALID_CORRESPONDENCE,False
A,v0.2,v0.2,CC-2026-EMBODIED-AI,C-2020-CONS-DUTYFREE,CROSS_MACRO_THEME,MATCH,PERIPHERAL_OVERLAP,PERIPHERAL_ONLY,POLICY_DRIVEN,MATCH,SEQUENCE_MATCH,PARTIAL,MULTI_TYPE_WITH_CHRONOLOGY,False,NO_VALID_CORRESPONDENCE,False
A,v0.2,v0.2,CC-2026-EMBODIED-AI,C-2020-CONS-WHITE-GOODS,CROSS_MACRO_THEME,MATCH,MISMATCH,NONE,,NOT_AVAILABLE,NOT_AVAILABLE,MISMATCH,SINGLE_TYPE_ONLY,False,NO_VALID_CORRESPONDENCE,False
A,v0.2,v0.2,CC-2026-EMBODIED-AI,C-2020-CONS-BEAUTY-CN,CROSS_MACRO_THEME,MATCH,NOT_AVAILABLE,NOT_AVAILABLE,,NOT_AVAILABLE,NOT_AVAILABLE,MISMATCH,SINGLE_TYPE_ONLY,False,INSUFFICIENT_EVIDENCE,False
A,v0.2,v0.2,CC-2026-EMBODIED-AI,C-2021-CONS-HOG-REVERSAL,CROSS_MACRO_THEME,MATCH,MISMATCH,NONE,,PARTIAL,SEQUENCE_PARTIAL,PARTIAL,MULTI_TYPE_WITH_CHRONOLOGY,False,STRUCTURAL_PARTIAL,False
A,v0.2,v0.2,CC-2026-EMBODIED-AI,C-2022-CONS-SERVICE-REBOUND,CROSS_MACRO_THEME,MATCH,NOT_AVAILABLE,NOT_AVAILABLE,,MATCH,SEQUENCE_MATCH,PARTIAL,MULTI_TYPE_WITH_CHRONOLOGY,False,INSUFFICIENT_EVIDENCE,False
A,v0.2,v0.2,CC-2026-EMBODIED-AI,C-2023-CONS-VALUE-RETAIL,CROSS_MACRO_THEME,MATCH,PERIPHERAL_OVERLAP,PERIPHERAL_ONLY,TECH_BREAKTHROUGH,NOT_AVAILABLE,NOT_AVAILABLE,MISMATCH,SINGLE_TYPE_ONLY,False,NO_VALID_CORRESPONDENCE,False
A,v0.2,v0.2,CC-2026-EMBODIED-AI,C-2024-CONS-TRADE-IN,CROSS_MACRO_THEME,MATCH,PERIPHERAL_OVERLAP,PERIPHERAL_ONLY,POLICY_DRIVEN,MATCH,SEQUENCE_MATCH,PARTIAL,MULTI_TYPE_WITH_CHRONOLOGY,False,NO_VALID_CORRESPONDENCE,False
A,v0.2,v0.2,CC-2026-EMBODIED-AI,C-2019-MIL-GROUP-RESTRUCTURE,CROSS_MACRO_THEME,MATCH,PERIPHERAL_OVERLAP,PERIPHERAL_ONLY,POLICY_DRIVEN,PARTIAL,SEQUENCE_PARTIAL,PARTIAL,MULTI_TYPE_WITH_CHRONOLOGY,True,NO_VALID_CORRESPONDENCE,False
A,v0.2,v0.2,CC-2026-EMBODIED-AI,C-2020-MIL-EQUIP-ORDER,CROSS_MACRO_THEME,MATCH,MISMATCH,NONE,,MATCH,SEQUENCE_MATCH,PARTIAL,MULTI_TYPE_WITH_CHRONOLOGY,True,STRUCTURAL_PARTIAL,False
A,v0.2,v0.2,CC-2026-EMBODIED-AI,C-2020-RE-DEBT-RISK,CROSS_MACRO_THEME,MISMATCH,NOT_AVAILABLE,NOT_AVAILABLE,,MATCH,SEQUENCE_MATCH,PARTIAL,MULTI_TYPE_WITH_CHRONOLOGY,False,INSUFFICIENT_EVIDENCE,False
A,v0.2,v0.2,CC-2026-EMBODIED-AI,C-2020-FIN-BANK-CREDIT,CROSS_MACRO_THEME,MATCH,MISMATCH,NONE,,PARTIAL,SET_ONLY,PARTIAL,MULTI_TYPE_WITH_CHRONOLOGY,False,STRUCTURAL_PARTIAL,False
A,v0.2,v0.2,CC-2026-EMBODIED-AI,C-2022-RE-POLICY-THREE,CROSS_MACRO_THEME,MATCH,PERIPHERAL_OVERLAP,PERIPHERAL_ONLY,POLICY_DRIVEN,MATCH,SEQUENCE_MATCH,MISMATCH,SINGLE_TYPE_ONLY,True,NO_VALID_CORRESPONDENCE,False
A,v0.2,v0.2,CC-2026-EMBODIED-AI,C-2023-FIN-SOE-VALUATION,CROSS_MACRO_THEME,MATCH,MISMATCH,NONE,,MISMATCH,SEQUENCE_MISMATCH,MISMATCH,SINGLE_TYPE_ONLY,True,NO_VALID_CORRESPONDENCE,False
A,v0.2,v0.2,CC-2026-EMBODIED-AI,C-2024-FIN-BROKER-POLICY,CROSS_MACRO_THEME,MATCH,PERIPHERAL_OVERLAP,PERIPHERAL_ONLY,POLICY_DRIVEN,MATCH,SEQUENCE_MATCH,PARTIAL,MULTI_TYPE_WITH_CHRONOLOGY,True,NO_VALID_CORRESPONDENCE,False
A,v0.2,v0.2,CC-2026-EMBODIED-AI,C-2024-FIN-BANK-DIVIDEND,CROSS_MACRO_THEME,MATCH,MISMATCH,NONE,,NOT_AVAILABLE,NOT_AVAILABLE,MISMATCH,SINGLE_TYPE_ONLY,True,NO_VALID_CORRESPONDENCE,False
A,v0.2,v0.2,CC-2026-EMBODIED-AI,C-2025-FIN-INSURANCE,CROSS_MACRO_THEME,MATCH,MISMATCH,NONE,,NOT_AVAILABLE,NOT_AVAILABLE,MISMATCH,SINGLE_TYPE_ONLY,True,NO_VALID_CORRESPONDENCE,False
A,v0.2,v0.2,CC-2026-EMBODIED-AI,C-2016-HIEQ-CONSTR,SAME_MACRO_THEME,MATCH,PERIPHERAL_OVERLAP,PERIPHERAL_ONLY,INDUSTRY_UPGRADE,PARTIAL,SEQUENCE_PARTIAL,PARTIAL,MULTI_TYPE_WITH_CHRONOLOGY,False,THEME_ONLY,False
A,v0.2,v0.2,CC-2026-EMBODIED-AI,C-2018-HIEQ-ROBOT-DOWN,SAME_MACRO_THEME,MISMATCH,MISMATCH,NONE,,PARTIAL,SEQUENCE_PARTIAL,MISMATCH,SINGLE_TYPE_ONLY,False,NO_VALID_CORRESPONDENCE,False
A,v0.2,v0.2,CC-2026-EMBODIED-AI,C-2020-HIEQ-AUTOMATION,SAME_MACRO_THEME,MATCH,PERIPHERAL_OVERLAP,PERIPHERAL_ONLY,TECH_BREAKTHROUGH,PARTIAL,SEQUENCE_PARTIAL,PARTIAL,MULTI_TYPE_WITH_CHRONOLOGY,False,THEME_ONLY,False
A,v0.2,v0.2,CC-2026-EMBODIED-AI,C-2023-HIEQ-ROBOT-PLUS,SAME_MACRO_THEME,MATCH,PERIPHERAL_OVERLAP,PERIPHERAL_ONLY,POLICY_DRIVEN,MATCH,SEQUENCE_MATCH,PARTIAL,MULTI_TYPE_WITH_CHRONOLOGY,False,THEME_ONLY,False
A,v0.2,v0.2,CC-2026-EMBODIED-AI,C-2023-HIEQ-HUMANOID,SAME_MACRO_THEME,MATCH,PARTIAL,MULTI_MECHANISM,INDUSTRY_UPGRADE|TECH_BREAKTHROUGH,PARTIAL,SEQUENCE_PARTIAL,PARTIAL,MULTI_TYPE_WITH_CHRONOLOGY,False,STRUCTURAL_PARTIAL,False
A,v0.2,v0.2,CC-2026-EMBODIED-AI,C-2019-COMM-5G,CROSS_MACRO_THEME,MATCH,PARTIAL,PRIMARY_MECHANISM_OVERLAP,POLICY_DRIVEN,MATCH,SEQUENCE_MATCH,MISMATCH,SINGLE_TYPE_ONLY,True,STRUCTURAL_PARTIAL,False
A,v0.2,v0.2,CC-2026-EMBODIED-AI,C-2023-COMM-OPTICAL,CROSS_MACRO_THEME,MATCH,PERIPHERAL_OVERLAP,PERIPHERAL_ONLY,TECH_BREAKTHROUGH,MATCH,SEQUENCE_MATCH,PARTIAL,MULTI_TYPE_WITH_CHRONOLOGY,True,NO_VALID_CORRESPONDENCE,False
A,v0.2,v0.2,CC-2026-EMBODIED-AI,C-2019-PHARMA-INNOV,CROSS_MACRO_THEME,MATCH,MISMATCH,NONE,,MATCH,SEQUENCE_MATCH,MISMATCH,SINGLE_TYPE_ONLY,True,STRUCTURAL_PARTIAL,False
A,v0.2,v0.2,CC-2026-EMBODIED-AI,C-2020-POWER-NE,CROSS_MACRO_THEME,MATCH,PARTIAL,PRIMARY_MECHANISM_OVERLAP,POLICY_DRIVEN,MATCH,SEQUENCE_MATCH,MISMATCH,SINGLE_TYPE_ONLY,True,STRUCTURAL_PARTIAL,False
A,v0.2,v0.2,CC-2026-EMBODIED-AI,C-2022-POWER-GRID,CROSS_MACRO_THEME,MATCH,PERIPHERAL_OVERLAP,PERIPHERAL_ONLY,POLICY_DRIVEN,MATCH,SEQUENCE_MATCH,PARTIAL,MULTI_TYPE_WITH_CHRONOLOGY,True,NO_VALID_CORRESPONDENCE,False
A,v0.2,v0.2,CC-2026-EMBODIED-AI,C-2019-RES-DYE-SHOCK,CROSS_MACRO_THEME,MATCH,NOT_AVAILABLE,NOT_AVAILABLE,,PARTIAL,SEQUENCE_PARTIAL,PARTIAL,MULTI_TYPE_WITH_CHRONOLOGY,False,INSUFFICIENT_EVIDENCE,False
A,v0.2,v0.2,CC-2026-EMBODIED-AI,C-2020-RES-NONFERROUS,CROSS_MACRO_THEME,MATCH,MISMATCH,NONE,,NOT_AVAILABLE,NOT_AVAILABLE,MISMATCH,SINGLE_TYPE_ONLY,False,NO_VALID_CORRESPONDENCE,False
A,v0.2,v0.2,CC-2026-EMBODIED-AI,C-2020-RES-LITHIUM,CROSS_MACRO_THEME,MATCH,MISMATCH,NONE,,PARTIAL,SEQUENCE_PARTIAL,MISMATCH,SINGLE_TYPE_ONLY,False,STRUCTURAL_PARTIAL,False
A,v0.2,v0.2,CC-2026-EMBODIED-AI,C-2020-RES-RAREEARTH,CROSS_MACRO_THEME,MATCH,PERIPHERAL_OVERLAP,PERIPHERAL_ONLY,POLICY_DRIVEN,PARTIAL,SEQUENCE_PARTIAL,MISMATCH,SINGLE_TYPE_ONLY,False,NO_VALID_CORRESPONDENCE,False
A,v0.2,v0.2,CC-2026-EMBODIED-AI,C-2021-RES-CHEM-DUALCTRL,CROSS_MACRO_THEME,MATCH,PERIPHERAL_OVERLAP,PERIPHERAL_ONLY,POLICY_DRIVEN,MATCH,SEQUENCE_MATCH,PARTIAL,MULTI_TYPE_WITH_CHRONOLOGY,False,NO_VALID_CORRESPONDENCE,False
A,v0.2,v0.2,CC-2026-EMBODIED-AI,C-2024-RES-GOLD-CB,CROSS_MACRO_THEME,MATCH,MISMATCH,NONE,,MISMATCH,SEQUENCE_MISMATCH,MISMATCH,SINGLE_TYPE_ONLY,False,NO_VALID_CORRESPONDENCE,False
A,v0.2,v0.2,CC-2026-EMBODIED-AI,C-2016-PANEL-CYCLE,CROSS_MACRO_THEME,MATCH,MISMATCH,NONE,,NOT_AVAILABLE,NOT_AVAILABLE,NOT_AVAILABLE,NOT_AVAILABLE,False,INSUFFICIENT_EVIDENCE,False
A,v0.2,v0.2,CC-2026-EMBODIED-AI,C-2019-SEMI-LOCALIZATION,CROSS_MACRO_THEME,MATCH,MISMATCH,NONE,,MATCH,SEQUENCE_MATCH,PARTIAL,MULTI_TYPE_WITH_CHRONOLOGY,False,STRUCTURAL_PARTIAL,False
A,v0.2,v0.2,CC-2026-EMBODIED-AI,C-2019-CONSUMER-TWS,CROSS_MACRO_THEME,MATCH,MISMATCH,NONE,,MISMATCH,SEQUENCE_MISMATCH,MISMATCH,SINGLE_TYPE_ONLY,False,NO_VALID_CORRESPONDENCE,False
A,v0.2,v0.2,CC-2026-EMBODIED-AI,C-2020-SEMI-EQUIPMENT,CROSS_MACRO_THEME,MATCH,MISMATCH,NONE,,MATCH,SEQUENCE_MATCH,PARTIAL,MULTI_TYPE_WITH_CHRONOLOGY,False,STRUCTURAL_PARTIAL,False
A,v0.2,v0.2,CC-2026-EMBODIED-AI,C-2020-PANEL-CYCLE,CROSS_MACRO_THEME,MATCH,MISMATCH,NONE,,PARTIAL,SEQUENCE_PARTIAL,MISMATCH,SINGLE_TYPE_ONLY,False,STRUCTURAL_PARTIAL,False
A,v0.2,v0.2,CC-2026-EMBODIED-AI,C-2022-SEMI-DOWNTURN,CROSS_MACRO_THEME,MISMATCH,MISMATCH,NONE,,NOT_AVAILABLE,NOT_AVAILABLE,MISMATCH,SINGLE_TYPE_ONLY,False,NO_VALID_CORRESPONDENCE,False
A,v0.2,v0.2,CC-2026-EMBODIED-AI,C-2023-AI-COMPUTE-SEMI,CROSS_MACRO_THEME,MATCH,PERIPHERAL_OVERLAP,PERIPHERAL_ONLY,INDUSTRY_UPGRADE,NOT_AVAILABLE,NOT_AVAILABLE,MISMATCH,SINGLE_TYPE_ONLY,False,NO_VALID_CORRESPONDENCE,False
A,v0.2,v0.2,CC-2026-EMBODIED-AI,C-2024-SEMI-MEMORY,CROSS_MACRO_THEME,MATCH,PERIPHERAL_OVERLAP,PERIPHERAL_ONLY,POLICY_DRIVEN,NOT_AVAILABLE,NOT_AVAILABLE,MISMATCH,SINGLE_TYPE_ONLY,False,NO_VALID_CORRESPONDENCE,False
A,v0.2,v0.2,CC-2026-EMBODIED-AI,RC-2023-HUAWEI,CROSS_MACRO_THEME,MATCH,PERIPHERAL_OVERLAP,PERIPHERAL_ONLY,TECH_BREAKTHROUGH,NOT_AVAILABLE,NOT_AVAILABLE,MISMATCH,SINGLE_TYPE_ONLY,True,NO_VALID_CORRESPONDENCE,False
A,v0.2,v0.2,CC-2026-EMBODIED-AI,RC-2024-SECONDARY,CROSS_MACRO_THEME,MISMATCH,NOT_AVAILABLE,NOT_AVAILABLE,,NOT_AVAILABLE,NOT_AVAILABLE,NOT_AVAILABLE,NOT_AVAILABLE,False,INSUFFICIENT_EVIDENCE,False
A,v0.2,v0.2,CC-2026-EMBODIED-AI,RC-2020-PANDEMIC,CROSS_MACRO_THEME,MATCH,MISMATCH,NONE,,NOT_AVAILABLE,NOT_AVAILABLE,MISMATCH,NO_CORRESPONDENCE,True,NO_VALID_CORRESPONDENCE,False
A,v0.2,v0.2,CC-2026-EMBODIED-AI,RC-2021-TCM,CROSS_MACRO_THEME,PARTIAL,PARTIAL,PRIMARY_MECHANISM_OVERLAP,POLICY_DRIVEN,NOT_AVAILABLE,NOT_AVAILABLE,MISMATCH,SINGLE_TYPE_ONLY,True,STRUCTURAL_PARTIAL,False
A,v0.2,v0.2,CC-2026-EMBODIED-AI,RC-2020-CONS-SMALL-APPLIANCE,CROSS_MACRO_THEME,COMPARISON_POINT_UNKNOWN,NOT_AVAILABLE,NOT_AVAILABLE,,NOT_AVAILABLE,NOT_AVAILABLE,NOT_AVAILABLE,NOT_AVAILABLE,False,INSUFFICIENT_EVIDENCE,False
A,v0.2,v0.2,CC-2026-EMBODIED-AI,RC-2024-CONS-PET-FOOD,CROSS_MACRO_THEME,COMPARISON_POINT_UNKNOWN,NOT_AVAILABLE,NOT_AVAILABLE,,NOT_AVAILABLE,NOT_AVAILABLE,NOT_AVAILABLE,NOT_AVAILABLE,False,INSUFFICIENT_EVIDENCE,False
A,v0.2,v0.2,CC-2026-EMBODIED-AI,RC-2020-RES-GOLD-RATES,CROSS_MACRO_THEME,COMPARISON_POINT_UNKNOWN,NOT_AVAILABLE,NOT_AVAILABLE,,NOT_AVAILABLE,NOT_AVAILABLE,NOT_AVAILABLE,NOT_AVAILABLE,False,INSUFFICIENT_EVIDENCE,False
A,v0.2,v0.2,CC-2026-EMBODIED-AI,RC-2022-RES-FERTILIZER,CROSS_MACRO_THEME,COMPARISON_POINT_UNKNOWN,NOT_AVAILABLE,NOT_AVAILABLE,,NOT_AVAILABLE,NOT_AVAILABLE,NOT_AVAILABLE,NOT_AVAILABLE,False,INSUFFICIENT_EVIDENCE,False
A,v0.2,v0.2,CC-2026-EMBODIED-AI,RC-2025-RES-COPPER,CROSS_MACRO_THEME,COMPARISON_POINT_UNKNOWN,NOT_AVAILABLE,NOT_AVAILABLE,,NOT_AVAILABLE,NOT_AVAILABLE,NOT_AVAILABLE,NOT_AVAILABLE,False,INSUFFICIENT_EVIDENCE,False
A,v0.2,v0.2,CC-2026-EMBODIED-AI,RC-2017-RES-ALUMINUM,CROSS_MACRO_THEME,COMPARISON_POINT_UNKNOWN,NOT_AVAILABLE,NOT_AVAILABLE,,NOT_AVAILABLE,NOT_AVAILABLE,NOT_AVAILABLE,NOT_AVAILABLE,False,INSUFFICIENT_EVIDENCE,False
A,v0.2,v0.2,CC-2026-EMBODIED-AI,RC-2016-RES-CHEM-ENV,CROSS_MACRO_THEME,COMPARISON_POINT_UNKNOWN,NOT_AVAILABLE,NOT_AVAILABLE,,NOT_AVAILABLE,NOT_AVAILABLE,NOT_AVAILABLE,NOT_AVAILABLE,False,INSUFFICIENT_EVIDENCE,False
A,v0.2,v0.2,CC-2026-EMBODIED-AI,RC-2022-SEMI-CHIPSHORTAGE,CROSS_MACRO_THEME,COMPARISON_POINT_UNKNOWN,NOT_AVAILABLE,NOT_AVAILABLE,,NOT_AVAILABLE,NOT_AVAILABLE,NOT_AVAILABLE,NOT_AVAILABLE,False,INSUFFICIENT_EVIDENCE,False
A,v0.2,v0.2,CC-2026-EMBODIED-AI,RC-2024-SEMI-FUND3,CROSS_MACRO_THEME,COMPARISON_POINT_UNKNOWN,NOT_AVAILABLE,NOT_AVAILABLE,,NOT_AVAILABLE,NOT_AVAILABLE,NOT_AVAILABLE,NOT_AVAILABLE,False,INSUFFICIENT_EVIDENCE,False
A,v0.2,v0.2,CC-2026-EMBODIED-AI,RC-2015-SEMI-LEVERAGE,CROSS_MACRO_THEME,COMPARISON_POINT_UNKNOWN,NOT_AVAILABLE,NOT_AVAILABLE,,NOT_AVAILABLE,NOT_AVAILABLE,NOT_AVAILABLE,NOT_AVAILABLE,False,INSUFFICIENT_EVIDENCE,False
A,v0.2,v0.2,CC-2026-EMBODIED-AI,RC-2017-GPU-MINING,CROSS_MACRO_THEME,COMPARISON_POINT_UNKNOWN,NOT_AVAILABLE,NOT_AVAILABLE,,NOT_AVAILABLE,NOT_AVAILABLE,NOT_AVAILABLE,NOT_AVAILABLE,False,INSUFFICIENT_EVIDENCE,False
A,v0.2,v0.2,CC-2026-EMBODIED-AI,RC-2024-HIEQ-EQUIP-UPDATE,CROSS_MACRO_THEME,MATCH,NOT_AVAILABLE,NOT_AVAILABLE,,MATCH,SEQUENCE_MATCH,MISMATCH,SINGLE_TYPE_ONLY,False,INSUFFICIENT_EVIDENCE,False
A,v0.2,v0.2,CC-2026-EMBODIED-AI,RC-2024-HIEQ-HUMANOID-MASS,SAME_MACRO_THEME,MATCH,NOT_AVAILABLE,NOT_AVAILABLE,,MISMATCH,SEQUENCE_MISMATCH,MISMATCH,SINGLE_TYPE_ONLY,False,INSUFFICIENT_EVIDENCE,False
A,v0.2,v0.2,CC-2026-EMBODIED-AI,RC-2024-RE-POLICY-517,CROSS_MACRO_THEME,COMPARISON_POINT_UNKNOWN,NOT_AVAILABLE,NOT_AVAILABLE,,NOT_AVAILABLE,NOT_AVAILABLE,NOT_AVAILABLE,NOT_AVAILABLE,False,INSUFFICIENT_EVIDENCE,False
A,v0.2,v0.2,CC-2026-EMBODIED-AI,RC-2019-RE-EASING,CROSS_MACRO_THEME,COMPARISON_POINT_UNKNOWN,NOT_AVAILABLE,NOT_AVAILABLE,,NOT_AVAILABLE,NOT_AVAILABLE,NOT_AVAILABLE,NOT_AVAILABLE,False,INSUFFICIENT_EVIDENCE,False
A,v0.2,v0.2,CC-2026-EMBODIED-AI,RC-2020-FIN-BROKER-VOLUME,CROSS_MACRO_THEME,COMPARISON_POINT_UNKNOWN,NOT_AVAILABLE,NOT_AVAILABLE,,NOT_AVAILABLE,NOT_AVAILABLE,NOT_AVAILABLE,NOT_AVAILABLE,False,INSUFFICIENT_EVIDENCE,False
A,v0.2,v0.2,CC-2026-EMBODIED-AI,RC-2016-RE-SHANTY,CROSS_MACRO_THEME,COMPARISON_POINT_UNKNOWN,NOT_AVAILABLE,NOT_AVAILABLE,,NOT_AVAILABLE,NOT_AVAILABLE,NOT_AVAILABLE,NOT_AVAILABLE,False,INSUFFICIENT_EVIDENCE,False
A,v0.2,v0.2,CC-2026-EMBODIED-AI,RC-2015-FIN-LEVERAGE,CROSS_MACRO_THEME,COMPARISON_POINT_UNKNOWN,NOT_AVAILABLE,NOT_AVAILABLE,,NOT_AVAILABLE,NOT_AVAILABLE,NOT_AVAILABLE,NOT_AVAILABLE,False,INSUFFICIENT_EVIDENCE,False
A,v0.2,v0.2,CC-2026-EMBODIED-AI,RC-2019-MIL-PARADE-70,CROSS_MACRO_THEME,MATCH,NOT_AVAILABLE,NOT_AVAILABLE,,NOT_AVAILABLE,NOT_AVAILABLE,NOT_AVAILABLE,NOT_AVAILABLE,False,INSUFFICIENT_EVIDENCE,False
A,v0.2,v0.2,CC-2026-EMBODIED-AI,RC-2025-MIL-PARADE-80,CROSS_MACRO_THEME,MATCH,MISMATCH,NONE,,NOT_AVAILABLE,NOT_AVAILABLE,NOT_AVAILABLE,NOT_AVAILABLE,False,INSUFFICIENT_EVIDENCE,False
A,v0.2,v0.2,CC-2026-EMBODIED-AI,RC-2017-MIL-MIXED-REFORM,CROSS_MACRO_THEME,MATCH,PERIPHERAL_OVERLAP,PERIPHERAL_ONLY,POLICY_DRIVEN,NOT_AVAILABLE,NOT_AVAILABLE,NOT_AVAILABLE,NOT_AVAILABLE,False,INSUFFICIENT_EVIDENCE,False
A,v0.2,v0.2,CC-2026-EMBODIED-AI,RC-2015-MIL-REFORM-BULL,CROSS_MACRO_THEME,MISMATCH,MISMATCH,NONE,,NOT_AVAILABLE,NOT_AVAILABLE,NOT_AVAILABLE,NOT_AVAILABLE,False,INSUFFICIENT_EVIDENCE,False
A,v0.2,v0.2,CC-2026-EMBODIED-AI,RC-2024-MIL-COMMERCIAL-SPACE,CROSS_MACRO_THEME,MATCH,PARTIAL,MULTI_MECHANISM,POLICY_DRIVEN|TECH_BREAKTHROUGH,NOT_AVAILABLE,NOT_AVAILABLE,NOT_AVAILABLE,NOT_AVAILABLE,False,INSUFFICIENT_EVIDENCE,False
A,v0.2,v0.2,CC-2026-OPTICAL-LINK,C-2019-AD,CROSS_MACRO_THEME,MATCH,MISMATCH,NONE,,NOT_AVAILABLE,NOT_AVAILABLE,MISMATCH,SINGLE_TYPE_ONLY,True,NO_VALID_CORRESPONDENCE,False
A,v0.2,v0.2,CC-2026-OPTICAL-LINK,C-2020-NEV,CROSS_MACRO_THEME,MATCH,PERIPHERAL_OVERLAP,PERIPHERAL_ONLY,INDUSTRY_UPGRADE,MATCH,SEQUENCE_MATCH,MISMATCH,SINGLE_TYPE_ONLY,True,NO_VALID_CORRESPONDENCE,False
A,v0.2,v0.2,CC-2026-OPTICAL-LINK,C-2021-NEV,CROSS_MACRO_THEME,MATCH,MISMATCH,NONE,,PARTIAL,SEQUENCE_PARTIAL,PARTIAL,MULTI_TYPE_WITH_CHRONOLOGY,True,STRUCTURAL_PARTIAL,False
A,v0.2,v0.2,CC-2026-OPTICAL-LINK,C-2022-POLICY,CROSS_MACRO_THEME,MATCH,MISMATCH,NONE,,PARTIAL,SEQUENCE_PARTIAL,PARTIAL,MULTI_TYPE_WITH_CHRONOLOGY,True,STRUCTURAL_PARTIAL,False
A,v0.2,v0.2,CC-2026-OPTICAL-LINK,C-2023-AD,CROSS_MACRO_THEME,MATCH,PERIPHERAL_OVERLAP,PERIPHERAL_ONLY,TECH_BREAKTHROUGH,PARTIAL,SEQUENCE_PARTIAL,PARTIAL,MULTI_TYPE_WITH_CHRONOLOGY,True,NO_VALID_CORRESPONDENCE,False
A,v0.2,v0.2,CC-2026-OPTICAL-LINK,C-2024-V2X,CROSS_MACRO_THEME,PARTIAL,MISMATCH,NONE,,MISMATCH,SEQUENCE_MISMATCH,MISMATCH,SINGLE_TYPE_ONLY,False,NO_VALID_CORRESPONDENCE,False
A,v0.2,v0.2,CC-2026-OPTICAL-LINK,C-2024-ROBOTAXI,CROSS_MACRO_THEME,MATCH,MISMATCH,NONE,,NOT_AVAILABLE,NOT_AVAILABLE,MISMATCH,SINGLE_TYPE_ONLY,True,NO_VALID_CORRESPONDENCE,False
A,v0.2,v0.2,CC-2026-OPTICAL-LINK,C-2025-ROBOTAXI,CROSS_MACRO_THEME,MATCH,PARTIAL,MULTI_MECHANISM,DEMAND_SURGE|INDUSTRY_UPGRADE,MATCH,SEQUENCE_MATCH,PARTIAL,MULTI_TYPE_WITH_CHRONOLOGY,True,STRUCTURAL_SUPPORTED,False
A,v0.2,v0.2,CC-2026-OPTICAL-LINK,C-2016-CONS-BAIJIU-UPGRADE,CROSS_MACRO_THEME,MATCH,PERIPHERAL_OVERLAP,PERIPHERAL_ONLY,DEMAND_SURGE,PARTIAL,SET_ONLY,PARTIAL,MULTI_TYPE_WITH_CHRONOLOGY,False,NO_VALID_CORRESPONDENCE,False
A,v0.2,v0.2,CC-2026-OPTICAL-LINK,C-2018-CONS-HOG-AFRICAN,CROSS_MACRO_THEME,MATCH,MISMATCH,NONE,,PARTIAL,SEQUENCE_PARTIAL,PARTIAL,MULTI_TYPE_WITH_CHRONOLOGY,False,STRUCTURAL_PARTIAL,False
A,v0.2,v0.2,CC-2026-OPTICAL-LINK,C-2019-CONS-BAIJIU-CORE,CROSS_MACRO_THEME,MATCH,PERIPHERAL_OVERLAP,PERIPHERAL_ONLY,DEMAND_SURGE,PARTIAL,SET_ONLY,PARTIAL,MULTI_TYPE_WITH_CHRONOLOGY,False,NO_VALID_CORRESPONDENCE,False
A,v0.2,v0.2,CC-2026-OPTICAL-LINK,C-2019-CONS-AESTHETICS,CROSS_MACRO_THEME,MATCH,PERIPHERAL_OVERLAP,PERIPHERAL_ONLY,INDUSTRY_UPGRADE,NOT_AVAILABLE,NOT_AVAILABLE,MISMATCH,SINGLE_TYPE_ONLY,False,NO_VALID_CORRESPONDENCE,False
A,v0.2,v0.2,CC-2026-OPTICAL-LINK,C-2020-CONS-DUTYFREE,CROSS_MACRO_THEME,MATCH,PERIPHERAL_OVERLAP,PERIPHERAL_ONLY,DEMAND_SURGE,PARTIAL,SET_ONLY,PARTIAL,MULTI_TYPE_WITH_CHRONOLOGY,False,NO_VALID_CORRESPONDENCE,False
A,v0.2,v0.2,CC-2026-OPTICAL-LINK,C-2020-CONS-WHITE-GOODS,CROSS_MACRO_THEME,MATCH,PERIPHERAL_OVERLAP,PERIPHERAL_ONLY,DEMAND_SURGE,NOT_AVAILABLE,NOT_AVAILABLE,MISMATCH,SINGLE_TYPE_ONLY,False,NO_VALID_CORRESPONDENCE,False
A,v0.2,v0.2,CC-2026-OPTICAL-LINK,C-2020-CONS-BEAUTY-CN,CROSS_MACRO_THEME,MATCH,NOT_AVAILABLE,NOT_AVAILABLE,,NOT_AVAILABLE,NOT_AVAILABLE,MISMATCH,SINGLE_TYPE_ONLY,False,INSUFFICIENT_EVIDENCE,False
A,v0.2,v0.2,CC-2026-OPTICAL-LINK,C-2021-CONS-HOG-REVERSAL,CROSS_MACRO_THEME,MATCH,MISMATCH,NONE,,PARTIAL,SEQUENCE_PARTIAL,PARTIAL,MULTI_TYPE_WITH_CHRONOLOGY,False,STRUCTURAL_PARTIAL,False
A,v0.2,v0.2,CC-2026-OPTICAL-LINK,C-2022-CONS-SERVICE-REBOUND,CROSS_MACRO_THEME,MATCH,NOT_AVAILABLE,NOT_AVAILABLE,,PARTIAL,SET_ONLY,PARTIAL,MULTI_TYPE_WITH_CHRONOLOGY,False,INSUFFICIENT_EVIDENCE,False
A,v0.2,v0.2,CC-2026-OPTICAL-LINK,C-2023-CONS-VALUE-RETAIL,CROSS_MACRO_THEME,MATCH,PARTIAL,MULTI_MECHANISM,DEMAND_SURGE|TECH_BREAKTHROUGH,NOT_AVAILABLE,NOT_AVAILABLE,MISMATCH,SINGLE_TYPE_ONLY,False,STRUCTURAL_PARTIAL,False
A,v0.2,v0.2,CC-2026-OPTICAL-LINK,C-2024-CONS-TRADE-IN,CROSS_MACRO_THEME,MATCH,PERIPHERAL_OVERLAP,PERIPHERAL_ONLY,DEMAND_SURGE,PARTIAL,SET_ONLY,PARTIAL,MULTI_TYPE_WITH_CHRONOLOGY,False,NO_VALID_CORRESPONDENCE,False
A,v0.2,v0.2,CC-2026-OPTICAL-LINK,C-2019-MIL-GROUP-RESTRUCTURE,CROSS_MACRO_THEME,MATCH,MISMATCH,NONE,,MATCH,SEQUENCE_MATCH,PARTIAL,MULTI_TYPE_WITH_CHRONOLOGY,True,STRUCTURAL_PARTIAL,False
A,v0.2,v0.2,CC-2026-OPTICAL-LINK,C-2020-MIL-EQUIP-ORDER,CROSS_MACRO_THEME,MATCH,PARTIAL,PRIMARY_MECHANISM_OVERLAP,DEMAND_SURGE,PARTIAL,SEQUENCE_PARTIAL,PARTIAL,MULTI_TYPE_WITH_CHRONOLOGY,True,STRUCTURAL_PARTIAL,False
A,v0.2,v0.2,CC-2026-OPTICAL-LINK,C-2020-RE-DEBT-RISK,CROSS_MACRO_THEME,MISMATCH,NOT_AVAILABLE,NOT_AVAILABLE,,PARTIAL,SET_ONLY,PARTIAL,MULTI_TYPE_WITH_CHRONOLOGY,False,INSUFFICIENT_EVIDENCE,False
A,v0.2,v0.2,CC-2026-OPTICAL-LINK,C-2020-FIN-BANK-CREDIT,CROSS_MACRO_THEME,MATCH,MISMATCH,NONE,,PARTIAL,SET_ONLY,PARTIAL,MULTI_TYPE_WITH_CHRONOLOGY,False,STRUCTURAL_PARTIAL,False
A,v0.2,v0.2,CC-2026-OPTICAL-LINK,C-2022-RE-POLICY-THREE,CROSS_MACRO_THEME,MATCH,MISMATCH,NONE,,MISMATCH,SEQUENCE_MISMATCH,MISMATCH,SINGLE_TYPE_ONLY,True,NO_VALID_CORRESPONDENCE,False
A,v0.2,v0.2,CC-2026-OPTICAL-LINK,C-2023-FIN-SOE-VALUATION,CROSS_MACRO_THEME,MATCH,MISMATCH,NONE,,PARTIAL,SEQUENCE_PARTIAL,MISMATCH,SINGLE_TYPE_ONLY,True,STRUCTURAL_PARTIAL,False
A,v0.2,v0.2,CC-2026-OPTICAL-LINK,C-2024-FIN-BROKER-POLICY,CROSS_MACRO_THEME,MATCH,MISMATCH,NONE,,PARTIAL,SET_ONLY,PARTIAL,MULTI_TYPE_WITH_CHRONOLOGY,True,STRUCTURAL_PARTIAL,False
A,v0.2,v0.2,CC-2026-OPTICAL-LINK,C-2024-FIN-BANK-DIVIDEND,CROSS_MACRO_THEME,MATCH,MISMATCH,NONE,,NOT_AVAILABLE,NOT_AVAILABLE,MISMATCH,SINGLE_TYPE_ONLY,True,NO_VALID_CORRESPONDENCE,False
A,v0.2,v0.2,CC-2026-OPTICAL-LINK,C-2025-FIN-INSURANCE,CROSS_MACRO_THEME,MATCH,MISMATCH,NONE,,NOT_AVAILABLE,NOT_AVAILABLE,MISMATCH,SINGLE_TYPE_ONLY,True,NO_VALID_CORRESPONDENCE,False
A,v0.2,v0.2,CC-2026-OPTICAL-LINK,C-2016-HIEQ-CONSTR,CROSS_MACRO_THEME,MATCH,PARTIAL,MULTI_MECHANISM,DEMAND_SURGE|INDUSTRY_UPGRADE,PARTIAL,SEQUENCE_PARTIAL,PARTIAL,MULTI_TYPE_WITH_CHRONOLOGY,False,STRUCTURAL_PARTIAL,False
A,v0.2,v0.2,CC-2026-OPTICAL-LINK,C-2018-HIEQ-ROBOT-DOWN,CROSS_MACRO_THEME,MISMATCH,PERIPHERAL_OVERLAP,PERIPHERAL_ONLY,DEMAND_SURGE,PARTIAL,SEQUENCE_PARTIAL,MISMATCH,SINGLE_TYPE_ONLY,False,NO_VALID_CORRESPONDENCE,False
A,v0.2,v0.2,CC-2026-OPTICAL-LINK,C-2020-HIEQ-AUTOMATION,CROSS_MACRO_THEME,MATCH,PERIPHERAL_OVERLAP,PERIPHERAL_ONLY,TECH_BREAKTHROUGH,PARTIAL,SEQUENCE_PARTIAL,PARTIAL,MULTI_TYPE_WITH_CHRONOLOGY,False,NO_VALID_CORRESPONDENCE,False
A,v0.2,v0.2,CC-2026-OPTICAL-LINK,C-2023-HIEQ-ROBOT-PLUS,CROSS_MACRO_THEME,MATCH,PERIPHERAL_OVERLAP,PERIPHERAL_ONLY,DEMAND_SURGE,PARTIAL,SET_ONLY,PARTIAL,MULTI_TYPE_WITH_CHRONOLOGY,False,NO_VALID_CORRESPONDENCE,False
A,v0.2,v0.2,CC-2026-OPTICAL-LINK,C-2023-HIEQ-HUMANOID,CROSS_MACRO_THEME,MATCH,PARTIAL,MULTI_MECHANISM,INDUSTRY_UPGRADE|TECH_BREAKTHROUGH,PARTIAL,SEQUENCE_PARTIAL,PARTIAL,MULTI_TYPE_WITH_CHRONOLOGY,False,STRUCTURAL_PARTIAL,False
A,v0.2,v0.2,CC-2026-OPTICAL-LINK,C-2019-COMM-5G,SAME_MACRO_THEME,MATCH,MISMATCH,NONE,,MISMATCH,SEQUENCE_MISMATCH,MISMATCH,SINGLE_TYPE_ONLY,True,THEME_ONLY,False
A,v0.2,v0.2,CC-2026-OPTICAL-LINK,C-2023-COMM-OPTICAL,SAME_MACRO_THEME,MATCH,PARTIAL,MULTI_MECHANISM,DEMAND_SURGE|TECH_BREAKTHROUGH,PARTIAL,SEQUENCE_PARTIAL,PARTIAL,MULTI_TYPE_WITH_CHRONOLOGY,True,STRUCTURAL_SUPPORTED,False
A,v0.2,v0.2,CC-2026-OPTICAL-LINK,C-2019-PHARMA-INNOV,CROSS_MACRO_THEME,MATCH,PERIPHERAL_OVERLAP,PERIPHERAL_ONLY,DEMAND_SURGE,MISMATCH,SEQUENCE_MISMATCH,MISMATCH,SINGLE_TYPE_ONLY,True,NO_VALID_CORRESPONDENCE,False
A,v0.2,v0.2,CC-2026-OPTICAL-LINK,C-2020-POWER-NE,CROSS_MACRO_THEME,MATCH,MISMATCH,NONE,,MISMATCH,SEQUENCE_MISMATCH,MISMATCH,SINGLE_TYPE_ONLY,True,NO_VALID_CORRESPONDENCE,False
A,v0.2,v0.2,CC-2026-OPTICAL-LINK,C-2022-POWER-GRID,CROSS_MACRO_THEME,MATCH,MISMATCH,NONE,,PARTIAL,SEQUENCE_PARTIAL,PARTIAL,MULTI_TYPE_WITH_CHRONOLOGY,True,STRUCTURAL_PARTIAL,False
A,v0.2,v0.2,CC-2026-OPTICAL-LINK,C-2019-RES-DYE-SHOCK,CROSS_MACRO_THEME,MATCH,NOT_AVAILABLE,NOT_AVAILABLE,,PARTIAL,SEQUENCE_PARTIAL,PARTIAL,MULTI_TYPE_WITH_CHRONOLOGY,False,INSUFFICIENT_EVIDENCE,False
A,v0.2,v0.2,CC-2026-OPTICAL-LINK,C-2020-RES-NONFERROUS,CROSS_MACRO_THEME,MATCH,PERIPHERAL_OVERLAP,PERIPHERAL_ONLY,DEMAND_SURGE,NOT_AVAILABLE,NOT_AVAILABLE,MISMATCH,SINGLE_TYPE_ONLY,False,NO_VALID_CORRESPONDENCE,False
A,v0.2,v0.2,CC-2026-OPTICAL-LINK,C-2020-RES-LITHIUM,CROSS_MACRO_THEME,MATCH,MISMATCH,NONE,,PARTIAL,SEQUENCE_PARTIAL,MISMATCH,SINGLE_TYPE_ONLY,False,STRUCTURAL_PARTIAL,False
A,v0.2,v0.2,CC-2026-OPTICAL-LINK,C-2020-RES-RAREEARTH,CROSS_MACRO_THEME,MATCH,MISMATCH,NONE,,PARTIAL,SEQUENCE_PARTIAL,MISMATCH,SINGLE_TYPE_ONLY,False,STRUCTURAL_PARTIAL,False
A,v0.2,v0.2,CC-2026-OPTICAL-LINK,C-2021-RES-CHEM-DUALCTRL,CROSS_MACRO_THEME,MATCH,MISMATCH,NONE,,PARTIAL,SET_ONLY,PARTIAL,MULTI_TYPE_WITH_CHRONOLOGY,False,STRUCTURAL_PARTIAL,False
A,v0.2,v0.2,CC-2026-OPTICAL-LINK,C-2024-RES-GOLD-CB,CROSS_MACRO_THEME,MATCH,PERIPHERAL_OVERLAP,PERIPHERAL_ONLY,DEMAND_SURGE,PARTIAL,SEQUENCE_PARTIAL,MISMATCH,SINGLE_TYPE_ONLY,False,NO_VALID_CORRESPONDENCE,False
A,v0.2,v0.2,CC-2026-OPTICAL-LINK,C-2016-PANEL-CYCLE,CROSS_MACRO_THEME,MATCH,PERIPHERAL_OVERLAP,PERIPHERAL_ONLY,DEMAND_SURGE,NOT_AVAILABLE,NOT_AVAILABLE,NOT_AVAILABLE,NOT_AVAILABLE,False,INSUFFICIENT_EVIDENCE,False
A,v0.2,v0.2,CC-2026-OPTICAL-LINK,C-2019-SEMI-LOCALIZATION,CROSS_MACRO_THEME,MATCH,PERIPHERAL_OVERLAP,PERIPHERAL_ONLY,DEMAND_SURGE,PARTIAL,SEQUENCE_PARTIAL,PARTIAL,MULTI_TYPE_WITH_CHRONOLOGY,False,NO_VALID_CORRESPONDENCE,False
A,v0.2,v0.2,CC-2026-OPTICAL-LINK,C-2019-CONSUMER-TWS,CROSS_MACRO_THEME,MATCH,PERIPHERAL_OVERLAP,PERIPHERAL_ONLY,DEMAND_SURGE,PARTIAL,SEQUENCE_PARTIAL,MISMATCH,SINGLE_TYPE_ONLY,False,NO_VALID_CORRESPONDENCE,False
A,v0.2,v0.2,CC-2026-OPTICAL-LINK,C-2020-SEMI-EQUIPMENT,CROSS_MACRO_THEME,MATCH,PERIPHERAL_OVERLAP,PERIPHERAL_ONLY,DEMAND_SURGE,PARTIAL,SEQUENCE_PARTIAL,PARTIAL,MULTI_TYPE_WITH_CHRONOLOGY,False,NO_VALID_CORRESPONDENCE,False
A,v0.2,v0.2,CC-2026-OPTICAL-LINK,C-2020-PANEL-CYCLE,CROSS_MACRO_THEME,MATCH,PERIPHERAL_OVERLAP,PERIPHERAL_ONLY,DEMAND_SURGE,PARTIAL,SEQUENCE_PARTIAL,MISMATCH,SINGLE_TYPE_ONLY,False,NO_VALID_CORRESPONDENCE,False
A,v0.2,v0.2,CC-2026-OPTICAL-LINK,C-2022-SEMI-DOWNTURN,CROSS_MACRO_THEME,MISMATCH,PERIPHERAL_OVERLAP,PERIPHERAL_ONLY,DEMAND_SURGE,NOT_AVAILABLE,NOT_AVAILABLE,MISMATCH,SINGLE_TYPE_ONLY,False,NO_VALID_CORRESPONDENCE,False
A,v0.2,v0.2,CC-2026-OPTICAL-LINK,C-2023-AI-COMPUTE-SEMI,CROSS_MACRO_THEME,MATCH,PERIPHERAL_OVERLAP,PERIPHERAL_ONLY,INDUSTRY_UPGRADE,NOT_AVAILABLE,NOT_AVAILABLE,MISMATCH,SINGLE_TYPE_ONLY,False,NO_VALID_CORRESPONDENCE,False
A,v0.2,v0.2,CC-2026-OPTICAL-LINK,C-2024-SEMI-MEMORY,CROSS_MACRO_THEME,MATCH,PERIPHERAL_OVERLAP,PERIPHERAL_ONLY,DEMAND_SURGE,NOT_AVAILABLE,NOT_AVAILABLE,MISMATCH,SINGLE_TYPE_ONLY,False,NO_VALID_CORRESPONDENCE,False
A,v0.2,v0.2,CC-2026-OPTICAL-LINK,RC-2023-HUAWEI,CROSS_MACRO_THEME,MATCH,PERIPHERAL_OVERLAP,PERIPHERAL_ONLY,TECH_BREAKTHROUGH,NOT_AVAILABLE,NOT_AVAILABLE,MISMATCH,SINGLE_TYPE_ONLY,True,NO_VALID_CORRESPONDENCE,False
A,v0.2,v0.2,CC-2026-OPTICAL-LINK,RC-2024-SECONDARY,CROSS_MACRO_THEME,MISMATCH,NOT_AVAILABLE,NOT_AVAILABLE,,NOT_AVAILABLE,NOT_AVAILABLE,NOT_AVAILABLE,NOT_AVAILABLE,False,INSUFFICIENT_EVIDENCE,False
A,v0.2,v0.2,CC-2026-OPTICAL-LINK,RC-2020-PANDEMIC,CROSS_MACRO_THEME,MATCH,PARTIAL,PRIMARY_MECHANISM_OVERLAP,DEMAND_SURGE,NOT_AVAILABLE,NOT_AVAILABLE,MISMATCH,NO_CORRESPONDENCE,True,STRUCTURAL_PARTIAL,False
A,v0.2,v0.2,CC-2026-OPTICAL-LINK,RC-2021-TCM,CROSS_MACRO_THEME,PARTIAL,MISMATCH,NONE,,NOT_AVAILABLE,NOT_AVAILABLE,MISMATCH,SINGLE_TYPE_ONLY,True,NO_VALID_CORRESPONDENCE,False
A,v0.2,v0.2,CC-2026-OPTICAL-LINK,RC-2020-CONS-SMALL-APPLIANCE,CROSS_MACRO_THEME,COMPARISON_POINT_UNKNOWN,NOT_AVAILABLE,NOT_AVAILABLE,,NOT_AVAILABLE,NOT_AVAILABLE,NOT_AVAILABLE,NOT_AVAILABLE,False,INSUFFICIENT_EVIDENCE,False
A,v0.2,v0.2,CC-2026-OPTICAL-LINK,RC-2024-CONS-PET-FOOD,CROSS_MACRO_THEME,COMPARISON_POINT_UNKNOWN,NOT_AVAILABLE,NOT_AVAILABLE,,NOT_AVAILABLE,NOT_AVAILABLE,NOT_AVAILABLE,NOT_AVAILABLE,False,INSUFFICIENT_EVIDENCE,False
A,v0.2,v0.2,CC-2026-OPTICAL-LINK,RC-2020-RES-GOLD-RATES,CROSS_MACRO_THEME,COMPARISON_POINT_UNKNOWN,NOT_AVAILABLE,NOT_AVAILABLE,,NOT_AVAILABLE,NOT_AVAILABLE,NOT_AVAILABLE,NOT_AVAILABLE,False,INSUFFICIENT_EVIDENCE,False
A,v0.2,v0.2,CC-2026-OPTICAL-LINK,RC-2022-RES-FERTILIZER,CROSS_MACRO_THEME,COMPARISON_POINT_UNKNOWN,NOT_AVAILABLE,NOT_AVAILABLE,,NOT_AVAILABLE,NOT_AVAILABLE,NOT_AVAILABLE,NOT_AVAILABLE,False,INSUFFICIENT_EVIDENCE,False
A,v0.2,v0.2,CC-2026-OPTICAL-LINK,RC-2025-RES-COPPER,CROSS_MACRO_THEME,COMPARISON_POINT_UNKNOWN,NOT_AVAILABLE,NOT_AVAILABLE,,NOT_AVAILABLE,NOT_AVAILABLE,NOT_AVAILABLE,NOT_AVAILABLE,False,INSUFFICIENT_EVIDENCE,False
A,v0.2,v0.2,CC-2026-OPTICAL-LINK,RC-2017-RES-ALUMINUM,CROSS_MACRO_THEME,COMPARISON_POINT_UNKNOWN,NOT_AVAILABLE,NOT_AVAILABLE,,NOT_AVAILABLE,NOT_AVAILABLE,NOT_AVAILABLE,NOT_AVAILABLE,False,INSUFFICIENT_EVIDENCE,False
A,v0.2,v0.2,CC-2026-OPTICAL-LINK,RC-2016-RES-CHEM-ENV,CROSS_MACRO_THEME,COMPARISON_POINT_UNKNOWN,NOT_AVAILABLE,NOT_AVAILABLE,,NOT_AVAILABLE,NOT_AVAILABLE,NOT_AVAILABLE,NOT_AVAILABLE,False,INSUFFICIENT_EVIDENCE,False
A,v0.2,v0.2,CC-2026-OPTICAL-LINK,RC-2022-SEMI-CHIPSHORTAGE,CROSS_MACRO_THEME,COMPARISON_POINT_UNKNOWN,NOT_AVAILABLE,NOT_AVAILABLE,,NOT_AVAILABLE,NOT_AVAILABLE,NOT_AVAILABLE,NOT_AVAILABLE,False,INSUFFICIENT_EVIDENCE,False
A,v0.2,v0.2,CC-2026-OPTICAL-LINK,RC-2024-SEMI-FUND3,CROSS_MACRO_THEME,COMPARISON_POINT_UNKNOWN,NOT_AVAILABLE,NOT_AVAILABLE,,NOT_AVAILABLE,NOT_AVAILABLE,NOT_AVAILABLE,NOT_AVAILABLE,False,INSUFFICIENT_EVIDENCE,False
A,v0.2,v0.2,CC-2026-OPTICAL-LINK,RC-2015-SEMI-LEVERAGE,CROSS_MACRO_THEME,COMPARISON_POINT_UNKNOWN,NOT_AVAILABLE,NOT_AVAILABLE,,NOT_AVAILABLE,NOT_AVAILABLE,NOT_AVAILABLE,NOT_AVAILABLE,False,INSUFFICIENT_EVIDENCE,False
A,v0.2,v0.2,CC-2026-OPTICAL-LINK,RC-2017-GPU-MINING,CROSS_MACRO_THEME,COMPARISON_POINT_UNKNOWN,NOT_AVAILABLE,NOT_AVAILABLE,,NOT_AVAILABLE,NOT_AVAILABLE,NOT_AVAILABLE,NOT_AVAILABLE,False,INSUFFICIENT_EVIDENCE,False
A,v0.2,v0.2,CC-2026-OPTICAL-LINK,RC-2024-HIEQ-EQUIP-UPDATE,CROSS_MACRO_THEME,MATCH,NOT_AVAILABLE,NOT_AVAILABLE,,MISMATCH,SEQUENCE_MISMATCH,MISMATCH,SINGLE_TYPE_ONLY,False,INSUFFICIENT_EVIDENCE,False
A,v0.2,v0.2,CC-2026-OPTICAL-LINK,RC-2024-HIEQ-HUMANOID-MASS,CROSS_MACRO_THEME,MATCH,NOT_AVAILABLE,NOT_AVAILABLE,,MATCH,SEQUENCE_MATCH,MISMATCH,SINGLE_TYPE_ONLY,False,INSUFFICIENT_EVIDENCE,False
A,v0.2,v0.2,CC-2026-OPTICAL-LINK,RC-2024-RE-POLICY-517,CROSS_MACRO_THEME,COMPARISON_POINT_UNKNOWN,NOT_AVAILABLE,NOT_AVAILABLE,,NOT_AVAILABLE,NOT_AVAILABLE,NOT_AVAILABLE,NOT_AVAILABLE,False,INSUFFICIENT_EVIDENCE,False
A,v0.2,v0.2,CC-2026-OPTICAL-LINK,RC-2019-RE-EASING,CROSS_MACRO_THEME,COMPARISON_POINT_UNKNOWN,NOT_AVAILABLE,NOT_AVAILABLE,,NOT_AVAILABLE,NOT_AVAILABLE,NOT_AVAILABLE,NOT_AVAILABLE,False,INSUFFICIENT_EVIDENCE,False
A,v0.2,v0.2,CC-2026-OPTICAL-LINK,RC-2020-FIN-BROKER-VOLUME,CROSS_MACRO_THEME,COMPARISON_POINT_UNKNOWN,NOT_AVAILABLE,NOT_AVAILABLE,,NOT_AVAILABLE,NOT_AVAILABLE,NOT_AVAILABLE,NOT_AVAILABLE,False,INSUFFICIENT_EVIDENCE,False
A,v0.2,v0.2,CC-2026-OPTICAL-LINK,RC-2016-RE-SHANTY,CROSS_MACRO_THEME,COMPARISON_POINT_UNKNOWN,NOT_AVAILABLE,NOT_AVAILABLE,,NOT_AVAILABLE,NOT_AVAILABLE,NOT_AVAILABLE,NOT_AVAILABLE,False,INSUFFICIENT_EVIDENCE,False
A,v0.2,v0.2,CC-2026-OPTICAL-LINK,RC-2015-FIN-LEVERAGE,CROSS_MACRO_THEME,COMPARISON_POINT_UNKNOWN,NOT_AVAILABLE,NOT_AVAILABLE,,NOT_AVAILABLE,NOT_AVAILABLE,NOT_AVAILABLE,NOT_AVAILABLE,False,INSUFFICIENT_EVIDENCE,False
A,v0.2,v0.2,CC-2026-OPTICAL-LINK,RC-2019-MIL-PARADE-70,CROSS_MACRO_THEME,MATCH,NOT_AVAILABLE,NOT_AVAILABLE,,NOT_AVAILABLE,NOT_AVAILABLE,NOT_AVAILABLE,NOT_AVAILABLE,False,INSUFFICIENT_EVIDENCE,False
A,v0.2,v0.2,CC-2026-OPTICAL-LINK,RC-2025-MIL-PARADE-80,CROSS_MACRO_THEME,MATCH,MISMATCH,NONE,,NOT_AVAILABLE,NOT_AVAILABLE,NOT_AVAILABLE,NOT_AVAILABLE,False,INSUFFICIENT_EVIDENCE,False
A,v0.2,v0.2,CC-2026-OPTICAL-LINK,RC-2017-MIL-MIXED-REFORM,CROSS_MACRO_THEME,MATCH,MISMATCH,NONE,,NOT_AVAILABLE,NOT_AVAILABLE,NOT_AVAILABLE,NOT_AVAILABLE,False,INSUFFICIENT_EVIDENCE,False
A,v0.2,v0.2,CC-2026-OPTICAL-LINK,RC-2015-MIL-REFORM-BULL,CROSS_MACRO_THEME,MISMATCH,MISMATCH,NONE,,NOT_AVAILABLE,NOT_AVAILABLE,NOT_AVAILABLE,NOT_AVAILABLE,False,INSUFFICIENT_EVIDENCE,False
A,v0.2,v0.2,CC-2026-OPTICAL-LINK,RC-2024-MIL-COMMERCIAL-SPACE,CROSS_MACRO_THEME,MATCH,PERIPHERAL_OVERLAP,PERIPHERAL_ONLY,TECH_BREAKTHROUGH,NOT_AVAILABLE,NOT_AVAILABLE,NOT_AVAILABLE,NOT_AVAILABLE,False,INSUFFICIENT_EVIDENCE,False
A,v0.2,v0.2,CC-2026-OFFSHORE-WIND,C-2019-AD,CROSS_MACRO_THEME,PARTIAL,PARTIAL,PRIMARY_MECHANISM_OVERLAP,POLICY_DRIVEN,NOT_AVAILABLE,NOT_AVAILABLE,MISMATCH,SINGLE_TYPE_ONLY,True,STRUCTURAL_PARTIAL,False
A,v0.2,v0.2,CC-2026-OFFSHORE-WIND,C-2020-NEV,CROSS_MACRO_THEME,PARTIAL,MISMATCH,NONE,,MISMATCH,SEQUENCE_MISMATCH,MISMATCH,SINGLE_TYPE_ONLY,True,NO_VALID_CORRESPONDENCE,False
A,v0.2,v0.2,CC-2026-OFFSHORE-WIND,C-2021-NEV,CROSS_MACRO_THEME,PARTIAL,PERIPHERAL_OVERLAP,PERIPHERAL_ONLY,SUPPLY_CONTRACTION,PARTIAL,SET_ONLY,PARTIAL,MULTI_TYPE_WITH_CHRONOLOGY,True,NO_VALID_CORRESPONDENCE,False
A,v0.2,v0.2,CC-2026-OFFSHORE-WIND,C-2022-POLICY,CROSS_MACRO_THEME,MATCH,PARTIAL,PRIMARY_MECHANISM_OVERLAP,POLICY_DRIVEN,PARTIAL,SEQUENCE_PARTIAL,PARTIAL,MULTI_TYPE_WITH_CHRONOLOGY,True,STRUCTURAL_PARTIAL,False
A,v0.2,v0.2,CC-2026-OFFSHORE-WIND,C-2023-AD,CROSS_MACRO_THEME,MATCH,PARTIAL,PRIMARY_MECHANISM_OVERLAP,POLICY_DRIVEN,PARTIAL,SEQUENCE_PARTIAL,PARTIAL,MULTI_TYPE_WITH_CHRONOLOGY,True,STRUCTURAL_PARTIAL,False
A,v0.2,v0.2,CC-2026-OFFSHORE-WIND,C-2024-V2X,CROSS_MACRO_THEME,MATCH,PERIPHERAL_OVERLAP,PERIPHERAL_ONLY,POLICY_DRIVEN,MISMATCH,SEQUENCE_MISMATCH,MISMATCH,SINGLE_TYPE_ONLY,False,NO_VALID_CORRESPONDENCE,False
A,v0.2,v0.2,CC-2026-OFFSHORE-WIND,C-2024-ROBOTAXI,CROSS_MACRO_THEME,PARTIAL,MISMATCH,NONE,,NOT_AVAILABLE,NOT_AVAILABLE,MISMATCH,SINGLE_TYPE_ONLY,True,NO_VALID_CORRESPONDENCE,False
A,v0.2,v0.2,CC-2026-OFFSHORE-WIND,C-2025-ROBOTAXI,CROSS_MACRO_THEME,PARTIAL,MISMATCH,NONE,,MATCH,SEQUENCE_MATCH,PARTIAL,MULTI_TYPE_WITH_CHRONOLOGY,True,STRUCTURAL_PARTIAL,False
A,v0.2,v0.2,CC-2026-OFFSHORE-WIND,C-2016-CONS-BAIJIU-UPGRADE,CROSS_MACRO_THEME,MISMATCH,PERIPHERAL_OVERLAP,PERIPHERAL_ONLY,SUPPLY_CONTRACTION,PARTIAL,SEQUENCE_PARTIAL,PARTIAL,MULTI_TYPE_WITH_CHRONOLOGY,False,NO_VALID_CORRESPONDENCE,False
A,v0.2,v0.2,CC-2026-OFFSHORE-WIND,C-2018-CONS-HOG-AFRICAN,CROSS_MACRO_THEME,MISMATCH,PERIPHERAL_OVERLAP,PERIPHERAL_ONLY,SUPPLY_CONTRACTION,PARTIAL,SEQUENCE_PARTIAL,PARTIAL,MULTI_TYPE_WITH_CHRONOLOGY,False,NO_VALID_CORRESPONDENCE,False
A,v0.2,v0.2,CC-2026-OFFSHORE-WIND,C-2019-CONS-BAIJIU-CORE,CROSS_MACRO_THEME,MISMATCH,MISMATCH,NONE,,PARTIAL,SEQUENCE_PARTIAL,PARTIAL,MULTI_TYPE_WITH_CHRONOLOGY,False,STRUCTURAL_PARTIAL,False
A,v0.2,v0.2,CC-2026-OFFSHORE-WIND,C-2019-CONS-AESTHETICS,CROSS_MACRO_THEME,MISMATCH,PERIPHERAL_OVERLAP,PERIPHERAL_ONLY,SUPPLY_CONTRACTION,NOT_AVAILABLE,NOT_AVAILABLE,MISMATCH,SINGLE_TYPE_ONLY,False,NO_VALID_CORRESPONDENCE,False
A,v0.2,v0.2,CC-2026-OFFSHORE-WIND,C-2020-CONS-DUTYFREE,CROSS_MACRO_THEME,MISMATCH,PERIPHERAL_OVERLAP,PERIPHERAL_ONLY,POLICY_DRIVEN,PARTIAL,SEQUENCE_PARTIAL,PARTIAL,MULTI_TYPE_WITH_CHRONOLOGY,False,NO_VALID_CORRESPONDENCE,False
A,v0.2,v0.2,CC-2026-OFFSHORE-WIND,C-2020-CONS-WHITE-GOODS,CROSS_MACRO_THEME,MISMATCH,PERIPHERAL_OVERLAP,PERIPHERAL_ONLY,SUPPLY_CONTRACTION,NOT_AVAILABLE,NOT_AVAILABLE,MISMATCH,SINGLE_TYPE_ONLY,False,NO_VALID_CORRESPONDENCE,False
A,v0.2,v0.2,CC-2026-OFFSHORE-WIND,C-2020-CONS-BEAUTY-CN,CROSS_MACRO_THEME,MISMATCH,NOT_AVAILABLE,NOT_AVAILABLE,,NOT_AVAILABLE,NOT_AVAILABLE,MISMATCH,SINGLE_TYPE_ONLY,False,INSUFFICIENT_EVIDENCE,False
A,v0.2,v0.2,CC-2026-OFFSHORE-WIND,C-2021-CONS-HOG-REVERSAL,CROSS_MACRO_THEME,MISMATCH,PERIPHERAL_OVERLAP,PERIPHERAL_ONLY,SUPPLY_CONTRACTION,PARTIAL,SEQUENCE_PARTIAL,PARTIAL,MULTI_TYPE_WITH_CHRONOLOGY,False,NO_VALID_CORRESPONDENCE,False
A,v0.2,v0.2,CC-2026-OFFSHORE-WIND,C-2022-CONS-SERVICE-REBOUND,CROSS_MACRO_THEME,MISMATCH,NOT_AVAILABLE,NOT_AVAILABLE,,PARTIAL,SEQUENCE_PARTIAL,PARTIAL,MULTI_TYPE_WITH_CHRONOLOGY,False,INSUFFICIENT_EVIDENCE,False
A,v0.2,v0.2,CC-2026-OFFSHORE-WIND,C-2023-CONS-VALUE-RETAIL,CROSS_MACRO_THEME,MISMATCH,MISMATCH,NONE,,NOT_AVAILABLE,NOT_AVAILABLE,MISMATCH,SINGLE_TYPE_ONLY,False,NO_VALID_CORRESPONDENCE,False
A,v0.2,v0.2,CC-2026-OFFSHORE-WIND,C-2024-CONS-TRADE-IN,CROSS_MACRO_THEME,MISMATCH,PERIPHERAL_OVERLAP,PERIPHERAL_ONLY,POLICY_DRIVEN,PARTIAL,SEQUENCE_PARTIAL,PARTIAL,MULTI_TYPE_WITH_CHRONOLOGY,False,NO_VALID_CORRESPONDENCE,False
A,v0.2,v0.2,CC-2026-OFFSHORE-WIND,C-2019-MIL-GROUP-RESTRUCTURE,CROSS_MACRO_THEME,MISMATCH,PERIPHERAL_OVERLAP,PERIPHERAL_ONLY,POLICY_DRIVEN,MATCH,SEQUENCE_MATCH,PARTIAL,MULTI_TYPE_WITH_CHRONOLOGY,True,NO_VALID_CORRESPONDENCE,False
A,v0.2,v0.2,CC-2026-OFFSHORE-WIND,C-2020-MIL-EQUIP-ORDER,CROSS_MACRO_THEME,MISMATCH,MISMATCH,NONE,,PARTIAL,SEQUENCE_PARTIAL,PARTIAL,MULTI_TYPE_WITH_CHRONOLOGY,True,STRUCTURAL_PARTIAL,False
A,v0.2,v0.2,CC-2026-OFFSHORE-WIND,C-2020-RE-DEBT-RISK,CROSS_MACRO_THEME,MISMATCH,NOT_AVAILABLE,NOT_AVAILABLE,,PARTIAL,SET_ONLY,PARTIAL,MULTI_TYPE_WITH_CHRONOLOGY,False,INSUFFICIENT_EVIDENCE,False
A,v0.2,v0.2,CC-2026-OFFSHORE-WIND,C-2020-FIN-BANK-CREDIT,CROSS_MACRO_THEME,MISMATCH,PERIPHERAL_OVERLAP,PERIPHERAL_ONLY,SUPPLY_CONTRACTION,PARTIAL,SET_ONLY,PARTIAL,MULTI_TYPE_WITH_CHRONOLOGY,False,NO_VALID_CORRESPONDENCE,False
A,v0.2,v0.2,CC-2026-OFFSHORE-WIND,C-2022-RE-POLICY-THREE,CROSS_MACRO_THEME,MISMATCH,PERIPHERAL_OVERLAP,PERIPHERAL_ONLY,POLICY_DRIVEN,MISMATCH,SEQUENCE_MISMATCH,MISMATCH,SINGLE_TYPE_ONLY,True,NO_VALID_CORRESPONDENCE,False
A,v0.2,v0.2,CC-2026-OFFSHORE-WIND,C-2023-FIN-SOE-VALUATION,CROSS_MACRO_THEME,MISMATCH,MISMATCH,NONE,,MISMATCH,SEQUENCE_MISMATCH,MISMATCH,SINGLE_TYPE_ONLY,True,NO_VALID_CORRESPONDENCE,False
A,v0.2,v0.2,CC-2026-OFFSHORE-WIND,C-2024-FIN-BROKER-POLICY,CROSS_MACRO_THEME,MISMATCH,PERIPHERAL_OVERLAP,PERIPHERAL_ONLY,POLICY_DRIVEN,PARTIAL,SEQUENCE_PARTIAL,PARTIAL,MULTI_TYPE_WITH_CHRONOLOGY,True,NO_VALID_CORRESPONDENCE,False
A,v0.2,v0.2,CC-2026-OFFSHORE-WIND,C-2024-FIN-BANK-DIVIDEND,CROSS_MACRO_THEME,MISMATCH,MISMATCH,NONE,,NOT_AVAILABLE,NOT_AVAILABLE,MISMATCH,SINGLE_TYPE_ONLY,True,NO_VALID_CORRESPONDENCE,False
A,v0.2,v0.2,CC-2026-OFFSHORE-WIND,C-2025-FIN-INSURANCE,CROSS_MACRO_THEME,MISMATCH,MISMATCH,NONE,,NOT_AVAILABLE,NOT_AVAILABLE,MISMATCH,SINGLE_TYPE_ONLY,True,NO_VALID_CORRESPONDENCE,False
A,v0.2,v0.2,CC-2026-OFFSHORE-WIND,C-2016-HIEQ-CONSTR,CROSS_MACRO_THEME,MISMATCH,MISMATCH,NONE,,PARTIAL,SEQUENCE_PARTIAL,PARTIAL,MULTI_TYPE_WITH_CHRONOLOGY,False,STRUCTURAL_PARTIAL,False
A,v0.2,v0.2,CC-2026-OFFSHORE-WIND,C-2018-HIEQ-ROBOT-DOWN,CROSS_MACRO_THEME,MISMATCH,MISMATCH,NONE,,PARTIAL,SEQUENCE_PARTIAL,MISMATCH,SINGLE_TYPE_ONLY,False,NO_VALID_CORRESPONDENCE,False
A,v0.2,v0.2,CC-2026-OFFSHORE-WIND,C-2020-HIEQ-AUTOMATION,CROSS_MACRO_THEME,MISMATCH,MISMATCH,NONE,,PARTIAL,SEQUENCE_PARTIAL,PARTIAL,MULTI_TYPE_WITH_CHRONOLOGY,False,STRUCTURAL_PARTIAL,False
A,v0.2,v0.2,CC-2026-OFFSHORE-WIND,C-2023-HIEQ-ROBOT-PLUS,CROSS_MACRO_THEME,MISMATCH,PERIPHERAL_OVERLAP,PERIPHERAL_ONLY,POLICY_DRIVEN,PARTIAL,SEQUENCE_PARTIAL,PARTIAL,MULTI_TYPE_WITH_CHRONOLOGY,False,NO_VALID_CORRESPONDENCE,False
A,v0.2,v0.2,CC-2026-OFFSHORE-WIND,C-2023-HIEQ-HUMANOID,CROSS_MACRO_THEME,MISMATCH,MISMATCH,NONE,,PARTIAL,SEQUENCE_PARTIAL,PARTIAL,MULTI_TYPE_WITH_CHRONOLOGY,False,STRUCTURAL_PARTIAL,False
A,v0.2,v0.2,CC-2026-OFFSHORE-WIND,C-2019-COMM-5G,CROSS_MACRO_THEME,MATCH,PARTIAL,PRIMARY_MECHANISM_OVERLAP,POLICY_DRIVEN,MISMATCH,SEQUENCE_MISMATCH,MISMATCH,SINGLE_TYPE_ONLY,True,STRUCTURAL_PARTIAL,False
A,v0.2,v0.2,CC-2026-OFFSHORE-WIND,C-2023-COMM-OPTICAL,CROSS_MACRO_THEME,MATCH,MISMATCH,NONE,,PARTIAL,SEQUENCE_PARTIAL,PARTIAL,MULTI_TYPE_WITH_CHRONOLOGY,True,STRUCTURAL_PARTIAL,False
A,v0.2,v0.2,CC-2026-OFFSHORE-WIND,C-2019-PHARMA-INNOV,CROSS_MACRO_THEME,MATCH,MISMATCH,NONE,,MISMATCH,SEQUENCE_MISMATCH,MISMATCH,SINGLE_TYPE_ONLY,True,NO_VALID_CORRESPONDENCE,False
A,v0.2,v0.2,CC-2026-OFFSHORE-WIND,C-2020-POWER-NE,SAME_MACRO_THEME,MATCH,PARTIAL,PRIMARY_MECHANISM_OVERLAP,POLICY_DRIVEN,MISMATCH,SEQUENCE_MISMATCH,MISMATCH,SINGLE_TYPE_ONLY,True,STRUCTURAL_PARTIAL,False
A,v0.2,v0.2,CC-2026-OFFSHORE-WIND,C-2022-POWER-GRID,SAME_MACRO_THEME,MATCH,PERIPHERAL_OVERLAP,PERIPHERAL_ONLY,POLICY_DRIVEN,PARTIAL,SEQUENCE_PARTIAL,PARTIAL,MULTI_TYPE_WITH_CHRONOLOGY,True,THEME_ONLY,False
A,v0.2,v0.2,CC-2026-OFFSHORE-WIND,C-2019-RES-DYE-SHOCK,CROSS_MACRO_THEME,MISMATCH,NOT_AVAILABLE,NOT_AVAILABLE,,PARTIAL,SEQUENCE_PARTIAL,PARTIAL,MULTI_TYPE_WITH_CHRONOLOGY,False,INSUFFICIENT_EVIDENCE,False
A,v0.2,v0.2,CC-2026-OFFSHORE-WIND,C-2020-RES-NONFERROUS,CROSS_MACRO_THEME,MISMATCH,PERIPHERAL_OVERLAP,PERIPHERAL_ONLY,SUPPLY_CONTRACTION,NOT_AVAILABLE,NOT_AVAILABLE,MISMATCH,SINGLE_TYPE_ONLY,False,NO_VALID_CORRESPONDENCE,False
A,v0.2,v0.2,CC-2026-OFFSHORE-WIND,C-2020-RES-LITHIUM,CROSS_MACRO_THEME,MISMATCH,PERIPHERAL_OVERLAP,PERIPHERAL_ONLY,SUPPLY_CONTRACTION,PARTIAL,SEQUENCE_PARTIAL,MISMATCH,SINGLE_TYPE_ONLY,False,NO_VALID_CORRESPONDENCE,False
A,v0.2,v0.2,CC-2026-OFFSHORE-WIND,C-2020-RES-RAREEARTH,CROSS_MACRO_THEME,MISMATCH,PARTIAL,SET_EQUAL_NO_PROVENANCE,POLICY_DRIVEN|SUPPLY_CONTRACTION,PARTIAL,SEQUENCE_PARTIAL,MISMATCH,SINGLE_TYPE_ONLY,False,STRUCTURAL_PARTIAL,False
A,v0.2,v0.2,CC-2026-OFFSHORE-WIND,C-2021-RES-CHEM-DUALCTRL,CROSS_MACRO_THEME,MISMATCH,PARTIAL,MULTI_MECHANISM,POLICY_DRIVEN|SUPPLY_CONTRACTION,PARTIAL,SEQUENCE_PARTIAL,PARTIAL,MULTI_TYPE_WITH_CHRONOLOGY,False,STRUCTURAL_PARTIAL,False
A,v0.2,v0.2,CC-2026-OFFSHORE-WIND,C-2024-RES-GOLD-CB,CROSS_MACRO_THEME,MISMATCH,MISMATCH,NONE,,MISMATCH,SEQUENCE_MISMATCH,MISMATCH,SINGLE_TYPE_ONLY,False,NO_VALID_CORRESPONDENCE,False
A,v0.2,v0.2,CC-2026-OFFSHORE-WIND,C-2016-PANEL-CYCLE,CROSS_MACRO_THEME,MISMATCH,PERIPHERAL_OVERLAP,PERIPHERAL_ONLY,SUPPLY_CONTRACTION,NOT_AVAILABLE,NOT_AVAILABLE,NOT_AVAILABLE,NOT_AVAILABLE,False,INSUFFICIENT_EVIDENCE,False
A,v0.2,v0.2,CC-2026-OFFSHORE-WIND,C-2019-SEMI-LOCALIZATION,CROSS_MACRO_THEME,MISMATCH,MISMATCH,NONE,,PARTIAL,SEQUENCE_PARTIAL,PARTIAL,MULTI_TYPE_WITH_CHRONOLOGY,False,STRUCTURAL_PARTIAL,False
A,v0.2,v0.2,CC-2026-OFFSHORE-WIND,C-2019-CONSUMER-TWS,CROSS_MACRO_THEME,MISMATCH,MISMATCH,NONE,,MISMATCH,SEQUENCE_MISMATCH,MISMATCH,SINGLE_TYPE_ONLY,False,NO_VALID_CORRESPONDENCE,False
A,v0.2,v0.2,CC-2026-OFFSHORE-WIND,C-2020-SEMI-EQUIPMENT,CROSS_MACRO_THEME,MISMATCH,PERIPHERAL_OVERLAP,PERIPHERAL_ONLY,SUPPLY_CONTRACTION,PARTIAL,SEQUENCE_PARTIAL,PARTIAL,MULTI_TYPE_WITH_CHRONOLOGY,False,NO_VALID_CORRESPONDENCE,False
A,v0.2,v0.2,CC-2026-OFFSHORE-WIND,C-2020-PANEL-CYCLE,CROSS_MACRO_THEME,MISMATCH,PERIPHERAL_OVERLAP,PERIPHERAL_ONLY,SUPPLY_CONTRACTION,PARTIAL,SEQUENCE_PARTIAL,MISMATCH,SINGLE_TYPE_ONLY,False,NO_VALID_CORRESPONDENCE,False
A,v0.2,v0.2,CC-2026-OFFSHORE-WIND,C-2022-SEMI-DOWNTURN,CROSS_MACRO_THEME,MISMATCH,PERIPHERAL_OVERLAP,PERIPHERAL_ONLY,SUPPLY_CONTRACTION,NOT_AVAILABLE,NOT_AVAILABLE,MISMATCH,SINGLE_TYPE_ONLY,False,NO_VALID_CORRESPONDENCE,False
A,v0.2,v0.2,CC-2026-OFFSHORE-WIND,C-2023-AI-COMPUTE-SEMI,CROSS_MACRO_THEME,MISMATCH,MISMATCH,NONE,,NOT_AVAILABLE,NOT_AVAILABLE,MISMATCH,SINGLE_TYPE_ONLY,False,NO_VALID_CORRESPONDENCE,False
A,v0.2,v0.2,CC-2026-OFFSHORE-WIND,C-2024-SEMI-MEMORY,CROSS_MACRO_THEME,MISMATCH,PARTIAL,MULTI_MECHANISM,POLICY_DRIVEN|SUPPLY_CONTRACTION,NOT_AVAILABLE,NOT_AVAILABLE,MISMATCH,SINGLE_TYPE_ONLY,False,NO_VALID_CORRESPONDENCE,False
A,v0.2,v0.2,CC-2026-OFFSHORE-WIND,RC-2023-HUAWEI,CROSS_MACRO_THEME,MATCH,MISMATCH,NONE,,NOT_AVAILABLE,NOT_AVAILABLE,MISMATCH,SINGLE_TYPE_ONLY,True,NO_VALID_CORRESPONDENCE,False
A,v0.2,v0.2,CC-2026-OFFSHORE-WIND,RC-2024-SECONDARY,CROSS_MACRO_THEME,PARTIAL,NOT_AVAILABLE,NOT_AVAILABLE,,NOT_AVAILABLE,NOT_AVAILABLE,NOT_AVAILABLE,NOT_AVAILABLE,False,INSUFFICIENT_EVIDENCE,False
A,v0.2,v0.2,CC-2026-OFFSHORE-WIND,RC-2020-PANDEMIC,CROSS_MACRO_THEME,PARTIAL,MISMATCH,NONE,,NOT_AVAILABLE,NOT_AVAILABLE,MISMATCH,SINGLE_TYPE_ONLY,True,NO_VALID_CORRESPONDENCE,False
A,v0.2,v0.2,CC-2026-OFFSHORE-WIND,RC-2021-TCM,CROSS_MACRO_THEME,MATCH,PARTIAL,PRIMARY_MECHANISM_OVERLAP,POLICY_DRIVEN,NOT_AVAILABLE,NOT_AVAILABLE,MISMATCH,SINGLE_TYPE_ONLY,True,STRUCTURAL_PARTIAL,False
A,v0.2,v0.2,CC-2026-OFFSHORE-WIND,RC-2020-CONS-SMALL-APPLIANCE,CROSS_MACRO_THEME,COMPARISON_POINT_UNKNOWN,NOT_AVAILABLE,NOT_AVAILABLE,,NOT_AVAILABLE,NOT_AVAILABLE,NOT_AVAILABLE,NOT_AVAILABLE,False,INSUFFICIENT_EVIDENCE,False
A,v0.2,v0.2,CC-2026-OFFSHORE-WIND,RC-2024-CONS-PET-FOOD,CROSS_MACRO_THEME,COMPARISON_POINT_UNKNOWN,NOT_AVAILABLE,NOT_AVAILABLE,,NOT_AVAILABLE,NOT_AVAILABLE,NOT_AVAILABLE,NOT_AVAILABLE,False,INSUFFICIENT_EVIDENCE,False
A,v0.2,v0.2,CC-2026-OFFSHORE-WIND,RC-2020-RES-GOLD-RATES,CROSS_MACRO_THEME,COMPARISON_POINT_UNKNOWN,NOT_AVAILABLE,NOT_AVAILABLE,,NOT_AVAILABLE,NOT_AVAILABLE,NOT_AVAILABLE,NOT_AVAILABLE,False,INSUFFICIENT_EVIDENCE,False
A,v0.2,v0.2,CC-2026-OFFSHORE-WIND,RC-2022-RES-FERTILIZER,CROSS_MACRO_THEME,COMPARISON_POINT_UNKNOWN,NOT_AVAILABLE,NOT_AVAILABLE,,NOT_AVAILABLE,NOT_AVAILABLE,NOT_AVAILABLE,NOT_AVAILABLE,False,INSUFFICIENT_EVIDENCE,False
A,v0.2,v0.2,CC-2026-OFFSHORE-WIND,RC-2025-RES-COPPER,CROSS_MACRO_THEME,COMPARISON_POINT_UNKNOWN,NOT_AVAILABLE,NOT_AVAILABLE,,NOT_AVAILABLE,NOT_AVAILABLE,NOT_AVAILABLE,NOT_AVAILABLE,False,INSUFFICIENT_EVIDENCE,False
A,v0.2,v0.2,CC-2026-OFFSHORE-WIND,RC-2017-RES-ALUMINUM,CROSS_MACRO_THEME,COMPARISON_POINT_UNKNOWN,NOT_AVAILABLE,NOT_AVAILABLE,,NOT_AVAILABLE,NOT_AVAILABLE,NOT_AVAILABLE,NOT_AVAILABLE,False,INSUFFICIENT_EVIDENCE,False
A,v0.2,v0.2,CC-2026-OFFSHORE-WIND,RC-2016-RES-CHEM-ENV,CROSS_MACRO_THEME,COMPARISON_POINT_UNKNOWN,NOT_AVAILABLE,NOT_AVAILABLE,,NOT_AVAILABLE,NOT_AVAILABLE,NOT_AVAILABLE,NOT_AVAILABLE,False,INSUFFICIENT_EVIDENCE,False
A,v0.2,v0.2,CC-2026-OFFSHORE-WIND,RC-2022-SEMI-CHIPSHORTAGE,CROSS_MACRO_THEME,COMPARISON_POINT_UNKNOWN,NOT_AVAILABLE,NOT_AVAILABLE,,NOT_AVAILABLE,NOT_AVAILABLE,NOT_AVAILABLE,NOT_AVAILABLE,False,INSUFFICIENT_EVIDENCE,False
A,v0.2,v0.2,CC-2026-OFFSHORE-WIND,RC-2024-SEMI-FUND3,CROSS_MACRO_THEME,COMPARISON_POINT_UNKNOWN,NOT_AVAILABLE,NOT_AVAILABLE,,NOT_AVAILABLE,NOT_AVAILABLE,NOT_AVAILABLE,NOT_AVAILABLE,False,INSUFFICIENT_EVIDENCE,False
A,v0.2,v0.2,CC-2026-OFFSHORE-WIND,RC-2015-SEMI-LEVERAGE,CROSS_MACRO_THEME,COMPARISON_POINT_UNKNOWN,NOT_AVAILABLE,NOT_AVAILABLE,,NOT_AVAILABLE,NOT_AVAILABLE,NOT_AVAILABLE,NOT_AVAILABLE,False,INSUFFICIENT_EVIDENCE,False
A,v0.2,v0.2,CC-2026-OFFSHORE-WIND,RC-2017-GPU-MINING,CROSS_MACRO_THEME,COMPARISON_POINT_UNKNOWN,NOT_AVAILABLE,NOT_AVAILABLE,,NOT_AVAILABLE,NOT_AVAILABLE,NOT_AVAILABLE,NOT_AVAILABLE,False,INSUFFICIENT_EVIDENCE,False
A,v0.2,v0.2,CC-2026-OFFSHORE-WIND,RC-2024-HIEQ-EQUIP-UPDATE,CROSS_MACRO_THEME,MISMATCH,NOT_AVAILABLE,NOT_AVAILABLE,,MISMATCH,SEQUENCE_MISMATCH,MISMATCH,SINGLE_TYPE_ONLY,False,INSUFFICIENT_EVIDENCE,False
A,v0.2,v0.2,CC-2026-OFFSHORE-WIND,RC-2024-HIEQ-HUMANOID-MASS,CROSS_MACRO_THEME,MISMATCH,NOT_AVAILABLE,NOT_AVAILABLE,,MISMATCH,SEQUENCE_MISMATCH,MISMATCH,SINGLE_TYPE_ONLY,False,INSUFFICIENT_EVIDENCE,False
A,v0.2,v0.2,CC-2026-OFFSHORE-WIND,RC-2024-RE-POLICY-517,CROSS_MACRO_THEME,COMPARISON_POINT_UNKNOWN,NOT_AVAILABLE,NOT_AVAILABLE,,NOT_AVAILABLE,NOT_AVAILABLE,NOT_AVAILABLE,NOT_AVAILABLE,False,INSUFFICIENT_EVIDENCE,False
A,v0.2,v0.2,CC-2026-OFFSHORE-WIND,RC-2019-RE-EASING,CROSS_MACRO_THEME,COMPARISON_POINT_UNKNOWN,NOT_AVAILABLE,NOT_AVAILABLE,,NOT_AVAILABLE,NOT_AVAILABLE,NOT_AVAILABLE,NOT_AVAILABLE,False,INSUFFICIENT_EVIDENCE,False
A,v0.2,v0.2,CC-2026-OFFSHORE-WIND,RC-2020-FIN-BROKER-VOLUME,CROSS_MACRO_THEME,COMPARISON_POINT_UNKNOWN,NOT_AVAILABLE,NOT_AVAILABLE,,NOT_AVAILABLE,NOT_AVAILABLE,NOT_AVAILABLE,NOT_AVAILABLE,False,INSUFFICIENT_EVIDENCE,False
A,v0.2,v0.2,CC-2026-OFFSHORE-WIND,RC-2016-RE-SHANTY,CROSS_MACRO_THEME,COMPARISON_POINT_UNKNOWN,NOT_AVAILABLE,NOT_AVAILABLE,,NOT_AVAILABLE,NOT_AVAILABLE,NOT_AVAILABLE,NOT_AVAILABLE,False,INSUFFICIENT_EVIDENCE,False
A,v0.2,v0.2,CC-2026-OFFSHORE-WIND,RC-2015-FIN-LEVERAGE,CROSS_MACRO_THEME,COMPARISON_POINT_UNKNOWN,NOT_AVAILABLE,NOT_AVAILABLE,,NOT_AVAILABLE,NOT_AVAILABLE,NOT_AVAILABLE,NOT_AVAILABLE,False,INSUFFICIENT_EVIDENCE,False
A,v0.2,v0.2,CC-2026-OFFSHORE-WIND,RC-2019-MIL-PARADE-70,CROSS_MACRO_THEME,MISMATCH,NOT_AVAILABLE,NOT_AVAILABLE,,NOT_AVAILABLE,NOT_AVAILABLE,NOT_AVAILABLE,NOT_AVAILABLE,False,INSUFFICIENT_EVIDENCE,False
A,v0.2,v0.2,CC-2026-OFFSHORE-WIND,RC-2025-MIL-PARADE-80,CROSS_MACRO_THEME,MISMATCH,MISMATCH,NONE,,NOT_AVAILABLE,NOT_AVAILABLE,NOT_AVAILABLE,NOT_AVAILABLE,False,INSUFFICIENT_EVIDENCE,False
A,v0.2,v0.2,CC-2026-OFFSHORE-WIND,RC-2017-MIL-MIXED-REFORM,CROSS_MACRO_THEME,MISMATCH,PERIPHERAL_OVERLAP,PERIPHERAL_ONLY,POLICY_DRIVEN,NOT_AVAILABLE,NOT_AVAILABLE,NOT_AVAILABLE,NOT_AVAILABLE,False,INSUFFICIENT_EVIDENCE,False
A,v0.2,v0.2,CC-2026-OFFSHORE-WIND,RC-2015-MIL-REFORM-BULL,CROSS_MACRO_THEME,MISMATCH,MISMATCH,NONE,,NOT_AVAILABLE,NOT_AVAILABLE,NOT_AVAILABLE,NOT_AVAILABLE,False,INSUFFICIENT_EVIDENCE,False
A,v0.2,v0.2,CC-2026-OFFSHORE-WIND,RC-2024-MIL-COMMERCIAL-SPACE,CROSS_MACRO_THEME,MISMATCH,PERIPHERAL_OVERLAP,PERIPHERAL_ONLY,POLICY_DRIVEN,NOT_AVAILABLE,NOT_AVAILABLE,NOT_AVAILABLE,NOT_AVAILABLE,False,INSUFFICIENT_EVIDENCE,False
B,v0.2,v0.3,CC-2026-BCI-MEDTECH,C-2019-AD,CROSS_MACRO_THEME,PARTIAL,PARTIAL,PRIMARY_MECHANISM_OVERLAP,POLICY_DRIVEN,NOT_AVAILABLE,NOT_AVAILABLE,MISMATCH,SINGLE_TYPE_ONLY,True,STRUCTURAL_PARTIAL,False
B,v0.2,v0.3,CC-2026-BCI-MEDTECH,C-2020-NEV,CROSS_MACRO_THEME,PARTIAL,MISMATCH,NONE,,MISMATCH,SEQUENCE_MISMATCH,MISMATCH,SINGLE_TYPE_ONLY,True,NO_VALID_CORRESPONDENCE,False
B,v0.2,v0.3,CC-2026-BCI-MEDTECH,C-2021-NEV,CROSS_MACRO_THEME,PARTIAL,MISMATCH,NONE,,PARTIAL,SET_ONLY,PARTIAL,MULTI_TYPE_WITH_CHRONOLOGY,True,STRUCTURAL_PARTIAL,False
B,v0.2,v0.3,CC-2026-BCI-MEDTECH,C-2022-POLICY,CROSS_MACRO_THEME,MATCH,PARTIAL,PRIMARY_MECHANISM_OVERLAP,POLICY_DRIVEN,PARTIAL,SEQUENCE_PARTIAL,PARTIAL,MULTI_TYPE_WITH_CHRONOLOGY,True,STRUCTURAL_PARTIAL,False
B,v0.2,v0.3,CC-2026-BCI-MEDTECH,C-2023-AD,CROSS_MACRO_THEME,MATCH,MATCH,CORE_EQUIVALENT,POLICY_DRIVEN|TECH_BREAKTHROUGH,PARTIAL,SEQUENCE_PARTIAL,PARTIAL,MULTI_TYPE_WITH_CHRONOLOGY,True,STRUCTURAL_SUPPORTED,True
B,v0.2,v0.3,CC-2026-BCI-MEDTECH,C-2024-V2X,CROSS_MACRO_THEME,MATCH,PERIPHERAL_OVERLAP,PERIPHERAL_ONLY,POLICY_DRIVEN,PARTIAL,SEQUENCE_PARTIAL,MISMATCH,SINGLE_TYPE_ONLY,False,NO_VALID_CORRESPONDENCE,False
B,v0.2,v0.3,CC-2026-BCI-MEDTECH,C-2024-ROBOTAXI,CROSS_MACRO_THEME,PARTIAL,MISMATCH,NONE,,NOT_AVAILABLE,NOT_AVAILABLE,MISMATCH,SINGLE_TYPE_ONLY,True,NO_VALID_CORRESPONDENCE,False
B,v0.2,v0.3,CC-2026-BCI-MEDTECH,C-2025-ROBOTAXI,CROSS_MACRO_THEME,PARTIAL,MISMATCH,NONE,,MATCH,SEQUENCE_MATCH,PARTIAL,MULTI_TYPE_WITH_CHRONOLOGY,True,STRUCTURAL_PARTIAL,False
B,v0.2,v0.3,CC-2026-BCI-MEDTECH,C-2016-CONS-BAIJIU-UPGRADE,CROSS_MACRO_THEME,MISMATCH,MISMATCH,NONE,,PARTIAL,SEQUENCE_PARTIAL,PARTIAL,MULTI_TYPE_WITH_CHRONOLOGY,False,STRUCTURAL_PARTIAL,False
B,v0.2,v0.3,CC-2026-BCI-MEDTECH,C-2018-CONS-HOG-AFRICAN,CROSS_MACRO_THEME,MISMATCH,MISMATCH,NONE,,PARTIAL,SEQUENCE_PARTIAL,PARTIAL,MULTI_TYPE_WITH_CHRONOLOGY,False,STRUCTURAL_PARTIAL,False
B,v0.2,v0.3,CC-2026-BCI-MEDTECH,C-2019-CONS-BAIJIU-CORE,CROSS_MACRO_THEME,MISMATCH,MISMATCH,NONE,,PARTIAL,SEQUENCE_PARTIAL,PARTIAL,MULTI_TYPE_WITH_CHRONOLOGY,False,STRUCTURAL_PARTIAL,False
B,v0.2,v0.3,CC-2026-BCI-MEDTECH,C-2019-CONS-AESTHETICS,CROSS_MACRO_THEME,MISMATCH,MISMATCH,NONE,,NOT_AVAILABLE,NOT_AVAILABLE,MISMATCH,SINGLE_TYPE_ONLY,False,NO_VALID_CORRESPONDENCE,False
B,v0.2,v0.3,CC-2026-BCI-MEDTECH,C-2020-CONS-DUTYFREE,CROSS_MACRO_THEME,MISMATCH,PERIPHERAL_OVERLAP,PERIPHERAL_ONLY,POLICY_DRIVEN,PARTIAL,SEQUENCE_PARTIAL,PARTIAL,MULTI_TYPE_WITH_CHRONOLOGY,False,NO_VALID_CORRESPONDENCE,False
B,v0.2,v0.3,CC-2026-BCI-MEDTECH,C-2020-CONS-WHITE-GOODS,CROSS_MACRO_THEME,MISMATCH,MISMATCH,NONE,,NOT_AVAILABLE,NOT_AVAILABLE,MISMATCH,SINGLE_TYPE_ONLY,False,NO_VALID_CORRESPONDENCE,False
B,v0.2,v0.3,CC-2026-BCI-MEDTECH,C-2020-CONS-BEAUTY-CN,CROSS_MACRO_THEME,MISMATCH,PERIPHERAL_OVERLAP,PERIPHERAL_ONLY,POLICY_DRIVEN,NOT_AVAILABLE,NOT_AVAILABLE,MISMATCH,SINGLE_TYPE_ONLY,False,NO_VALID_CORRESPONDENCE,False
B,v0.2,v0.3,CC-2026-BCI-MEDTECH,C-2021-CONS-HOG-REVERSAL,CROSS_MACRO_THEME,MISMATCH,MISMATCH,NONE,,PARTIAL,SEQUENCE_PARTIAL,PARTIAL,MULTI_TYPE_WITH_CHRONOLOGY,False,STRUCTURAL_PARTIAL,False
B,v0.2,v0.3,CC-2026-BCI-MEDTECH,C-2022-CONS-SERVICE-REBOUND,CROSS_MACRO_THEME,MISMATCH,PERIPHERAL_OVERLAP,PERIPHERAL_ONLY,POLICY_DRIVEN,PARTIAL,SEQUENCE_PARTIAL,PARTIAL,MULTI_TYPE_WITH_CHRONOLOGY,False,NO_VALID_CORRESPONDENCE,False
B,v0.2,v0.3,CC-2026-BCI-MEDTECH,C-2023-CONS-VALUE-RETAIL,CROSS_MACRO_THEME,MISMATCH,MISMATCH,NONE,,NOT_AVAILABLE,NOT_AVAILABLE,MISMATCH,SINGLE_TYPE_ONLY,False,NO_VALID_CORRESPONDENCE,False
B,v0.2,v0.3,CC-2026-BCI-MEDTECH,C-2024-CONS-TRADE-IN,CROSS_MACRO_THEME,MISMATCH,PERIPHERAL_OVERLAP,PERIPHERAL_ONLY,POLICY_DRIVEN,PARTIAL,SEQUENCE_PARTIAL,PARTIAL,MULTI_TYPE_WITH_CHRONOLOGY,False,NO_VALID_CORRESPONDENCE,False
B,v0.2,v0.3,CC-2026-BCI-MEDTECH,C-2019-MIL-GROUP-RESTRUCTURE,CROSS_MACRO_THEME,MISMATCH,PARTIAL,PRIMARY_MECHANISM_OVERLAP,POLICY_DRIVEN,MATCH,SEQUENCE_MATCH,PARTIAL,MULTI_TYPE_WITH_CHRONOLOGY,True,STRUCTURAL_PARTIAL,False
B,v0.2,v0.3,CC-2026-BCI-MEDTECH,C-2020-MIL-EQUIP-ORDER,CROSS_MACRO_THEME,MISMATCH,MISMATCH,NONE,,PARTIAL,SEQUENCE_PARTIAL,PARTIAL,MULTI_TYPE_WITH_CHRONOLOGY,True,STRUCTURAL_PARTIAL,False
B,v0.2,v0.3,CC-2026-BCI-MEDTECH,C-2020-RE-DEBT-RISK,CROSS_MACRO_THEME,MISMATCH,PARTIAL,PRIMARY_MECHANISM_OVERLAP,POLICY_DRIVEN,PARTIAL,SET_ONLY,PARTIAL,MULTI_TYPE_WITH_CHRONOLOGY,True,STRUCTURAL_PARTIAL,False
B,v0.2,v0.3,CC-2026-BCI-MEDTECH,C-2020-FIN-BANK-CREDIT,CROSS_MACRO_THEME,MISMATCH,MISMATCH,NONE,,PARTIAL,SEQUENCE_PARTIAL,PARTIAL,MULTI_TYPE_WITH_CHRONOLOGY,False,STRUCTURAL_PARTIAL,False
B,v0.2,v0.3,CC-2026-BCI-MEDTECH,C-2022-RE-POLICY-THREE,CROSS_MACRO_THEME,MISMATCH,PARTIAL,PRIMARY_MECHANISM_OVERLAP,POLICY_DRIVEN,PARTIAL,SEQUENCE_PARTIAL,MISMATCH,SINGLE_TYPE_ONLY,True,STRUCTURAL_PARTIAL,False
B,v0.2,v0.3,CC-2026-BCI-MEDTECH,C-2023-FIN-SOE-VALUATION,CROSS_MACRO_THEME,MISMATCH,MISMATCH,NONE,,PARTIAL,SEQUENCE_PARTIAL,MISMATCH,SINGLE_TYPE_ONLY,True,NO_VALID_CORRESPONDENCE,False
B,v0.2,v0.3,CC-2026-BCI-MEDTECH,C-2024-FIN-BROKER-POLICY,CROSS_MACRO_THEME,MISMATCH,PERIPHERAL_OVERLAP,PERIPHERAL_ONLY,POLICY_DRIVEN,PARTIAL,SEQUENCE_PARTIAL,PARTIAL,MULTI_TYPE_WITH_CHRONOLOGY,True,NO_VALID_CORRESPONDENCE,False
B,v0.2,v0.3,CC-2026-BCI-MEDTECH,C-2024-FIN-BANK-DIVIDEND,CROSS_MACRO_THEME,MISMATCH,MISMATCH,NONE,,NOT_AVAILABLE,NOT_AVAILABLE,MISMATCH,SINGLE_TYPE_ONLY,True,NO_VALID_CORRESPONDENCE,False
B,v0.2,v0.3,CC-2026-BCI-MEDTECH,C-2025-FIN-INSURANCE,CROSS_MACRO_THEME,MISMATCH,MISMATCH,NONE,,NOT_AVAILABLE,NOT_AVAILABLE,MISMATCH,SINGLE_TYPE_ONLY,False,NO_VALID_CORRESPONDENCE,False
B,v0.2,v0.3,CC-2026-BCI-MEDTECH,C-2016-HIEQ-CONSTR,CROSS_MACRO_THEME,MISMATCH,PERIPHERAL_OVERLAP,PERIPHERAL_ONLY,POLICY_DRIVEN,PARTIAL,SET_ONLY,PARTIAL,MULTI_TYPE_WITH_CHRONOLOGY,False,NO_VALID_CORRESPONDENCE,False
B,v0.2,v0.3,CC-2026-BCI-MEDTECH,C-2018-HIEQ-ROBOT-DOWN,CROSS_MACRO_THEME,MISMATCH,MISMATCH,NONE,,MISMATCH,SEQUENCE_MISMATCH,MISMATCH,SINGLE_TYPE_ONLY,False,NO_VALID_CORRESPONDENCE,False
B,v0.2,v0.3,CC-2026-BCI-MEDTECH,C-2020-HIEQ-AUTOMATION,CROSS_MACRO_THEME,MISMATCH,PERIPHERAL_OVERLAP,PERIPHERAL_ONLY,TECH_BREAKTHROUGH,PARTIAL,SEQUENCE_PARTIAL,PARTIAL,MULTI_TYPE_WITH_CHRONOLOGY,False,NO_VALID_CORRESPONDENCE,False
B,v0.2,v0.3,CC-2026-BCI-MEDTECH,C-2023-HIEQ-ROBOT-PLUS,CROSS_MACRO_THEME,MISMATCH,PERIPHERAL_OVERLAP,PERIPHERAL_ONLY,POLICY_DRIVEN,PARTIAL,SEQUENCE_PARTIAL,PARTIAL,MULTI_TYPE_WITH_CHRONOLOGY,False,NO_VALID_CORRESPONDENCE,False
B,v0.2,v0.3,CC-2026-BCI-MEDTECH,C-2023-HIEQ-HUMANOID,CROSS_MACRO_THEME,MISMATCH,PARTIAL,MULTI_MECHANISM,POLICY_DRIVEN|TECH_BREAKTHROUGH,PARTIAL,SEQUENCE_PARTIAL,PARTIAL,MULTI_TYPE_WITH_CHRONOLOGY,False,STRUCTURAL_PARTIAL,False
B,v0.2,v0.3,CC-2026-BCI-MEDTECH,C-2019-COMM-5G,CROSS_MACRO_THEME,MATCH,PARTIAL,PRIMARY_MECHANISM_OVERLAP,POLICY_DRIVEN,PARTIAL,SEQUENCE_PARTIAL,MISMATCH,SINGLE_TYPE_ONLY,True,STRUCTURAL_PARTIAL,False
B,v0.2,v0.3,CC-2026-BCI-MEDTECH,C-2023-COMM-OPTICAL,CROSS_MACRO_THEME,MATCH,PERIPHERAL_OVERLAP,PERIPHERAL_ONLY,TECH_BREAKTHROUGH,PARTIAL,SEQUENCE_PARTIAL,PARTIAL,MULTI_TYPE_WITH_CHRONOLOGY,True,NO_VALID_CORRESPONDENCE,False
B,v0.2,v0.3,CC-2026-BCI-MEDTECH,C-2019-PHARMA-INNOV,SAME_MACRO_THEME,MATCH,MISMATCH,NONE,,PARTIAL,SEQUENCE_PARTIAL,MISMATCH,SINGLE_TYPE_ONLY,True,STRUCTURAL_PARTIAL,False
B,v0.2,v0.3,CC-2026-BCI-MEDTECH,C-2020-POWER-NE,CROSS_MACRO_THEME,MATCH,PARTIAL,PRIMARY_MECHANISM_OVERLAP,POLICY_DRIVEN,PARTIAL,SEQUENCE_PARTIAL,MISMATCH,SINGLE_TYPE_ONLY,True,STRUCTURAL_PARTIAL,False
B,v0.2,v0.3,CC-2026-BCI-MEDTECH,C-2022-POWER-GRID,CROSS_MACRO_THEME,MATCH,PERIPHERAL_OVERLAP,PERIPHERAL_ONLY,POLICY_DRIVEN,PARTIAL,SEQUENCE_PARTIAL,PARTIAL,MULTI_TYPE_WITH_CHRONOLOGY,True,NO_VALID_CORRESPONDENCE,False
B,v0.2,v0.3,CC-2026-BCI-MEDTECH,C-2019-RES-DYE-SHOCK,CROSS_MACRO_THEME,MISMATCH,MISMATCH,NONE,,PARTIAL,SEQUENCE_PARTIAL,PARTIAL,MULTI_TYPE_WITH_CHRONOLOGY,False,STRUCTURAL_PARTIAL,False
B,v0.2,v0.3,CC-2026-BCI-MEDTECH,C-2020-RES-NONFERROUS,CROSS_MACRO_THEME,MISMATCH,MISMATCH,NONE,,NOT_AVAILABLE,NOT_AVAILABLE,MISMATCH,SINGLE_TYPE_ONLY,False,NO_VALID_CORRESPONDENCE,False
B,v0.2,v0.3,CC-2026-BCI-MEDTECH,C-2020-RES-LITHIUM,CROSS_MACRO_THEME,MISMATCH,MISMATCH,NONE,,MISMATCH,SEQUENCE_MISMATCH,MISMATCH,SINGLE_TYPE_ONLY,False,NO_VALID_CORRESPONDENCE,False
B,v0.2,v0.3,CC-2026-BCI-MEDTECH,C-2020-RES-RAREEARTH,CROSS_MACRO_THEME,MISMATCH,PERIPHERAL_OVERLAP,PERIPHERAL_ONLY,POLICY_DRIVEN,MISMATCH,SEQUENCE_MISMATCH,MISMATCH,SINGLE_TYPE_ONLY,False,NO_VALID_CORRESPONDENCE,False
B,v0.2,v0.3,CC-2026-BCI-MEDTECH,C-2021-RES-CHEM-DUALCTRL,CROSS_MACRO_THEME,MISMATCH,PERIPHERAL_OVERLAP,PERIPHERAL_ONLY,POLICY_DRIVEN,PARTIAL,SEQUENCE_PARTIAL,PARTIAL,MULTI_TYPE_WITH_CHRONOLOGY,False,NO_VALID_CORRESPONDENCE,False
B,v0.2,v0.3,CC-2026-BCI-MEDTECH,C-2024-RES-GOLD-CB,CROSS_MACRO_THEME,MISMATCH,PERIPHERAL_OVERLAP,PERIPHERAL_ONLY,POLICY_DRIVEN,PARTIAL,SEQUENCE_PARTIAL,MISMATCH,SINGLE_TYPE_ONLY,False,NO_VALID_CORRESPONDENCE,False
B,v0.2,v0.3,CC-2026-BCI-MEDTECH,C-2016-PANEL-CYCLE,CROSS_MACRO_THEME,MISMATCH,MISMATCH,NONE,,NOT_AVAILABLE,NOT_AVAILABLE,NOT_AVAILABLE,NOT_AVAILABLE,False,INSUFFICIENT_EVIDENCE,False
B,v0.2,v0.3,CC-2026-BCI-MEDTECH,C-2019-SEMI-LOCALIZATION,CROSS_MACRO_THEME,MISMATCH,PERIPHERAL_OVERLAP,PERIPHERAL_ONLY,POLICY_DRIVEN,PARTIAL,SEQUENCE_PARTIAL,PARTIAL,MULTI_TYPE_WITH_CHRONOLOGY,False,NO_VALID_CORRESPONDENCE,False
B,v0.2,v0.3,CC-2026-BCI-MEDTECH,C-2019-CONSUMER-TWS,CROSS_MACRO_THEME,MISMATCH,MISMATCH,NONE,,PARTIAL,SEQUENCE_PARTIAL,MISMATCH,SINGLE_TYPE_ONLY,False,NO_VALID_CORRESPONDENCE,False
B,v0.2,v0.3,CC-2026-BCI-MEDTECH,C-2020-SEMI-EQUIPMENT,CROSS_MACRO_THEME,MISMATCH,PERIPHERAL_OVERLAP,PERIPHERAL_ONLY,POLICY_DRIVEN,PARTIAL,SEQUENCE_PARTIAL,PARTIAL,MULTI_TYPE_WITH_CHRONOLOGY,False,NO_VALID_CORRESPONDENCE,False
B,v0.2,v0.3,CC-2026-BCI-MEDTECH,C-2020-PANEL-CYCLE,CROSS_MACRO_THEME,MISMATCH,MISMATCH,NONE,,MISMATCH,SEQUENCE_MISMATCH,MISMATCH,SINGLE_TYPE_ONLY,False,NO_VALID_CORRESPONDENCE,False
B,v0.2,v0.3,CC-2026-BCI-MEDTECH,C-2022-SEMI-DOWNTURN,CROSS_MACRO_THEME,MISMATCH,PERIPHERAL_OVERLAP,PERIPHERAL_ONLY,POLICY_DRIVEN,NOT_AVAILABLE,NOT_AVAILABLE,MISMATCH,SINGLE_TYPE_ONLY,False,NO_VALID_CORRESPONDENCE,False
B,v0.2,v0.3,CC-2026-BCI-MEDTECH,C-2023-AI-COMPUTE-SEMI,CROSS_MACRO_THEME,MISMATCH,PERIPHERAL_OVERLAP,PERIPHERAL_ONLY,TECH_BREAKTHROUGH,NOT_AVAILABLE,NOT_AVAILABLE,MISMATCH,SINGLE_TYPE_ONLY,False,NO_VALID_CORRESPONDENCE,False
B,v0.2,v0.3,CC-2026-BCI-MEDTECH,C-2024-SEMI-MEMORY,CROSS_MACRO_THEME,MISMATCH,PERIPHERAL_OVERLAP,PERIPHERAL_ONLY,POLICY_DRIVEN,NOT_AVAILABLE,NOT_AVAILABLE,MISMATCH,SINGLE_TYPE_ONLY,False,NO_VALID_CORRESPONDENCE,False
B,v0.2,v0.3,CC-2026-BCI-MEDTECH,RC-2023-HUAWEI,CROSS_MACRO_THEME,MATCH,PERIPHERAL_OVERLAP,PERIPHERAL_ONLY,TECH_BREAKTHROUGH,NOT_AVAILABLE,NOT_AVAILABLE,MISMATCH,SINGLE_TYPE_ONLY,True,NO_VALID_CORRESPONDENCE,False
B,v0.2,v0.3,CC-2026-BCI-MEDTECH,RC-2024-SECONDARY,CROSS_MACRO_THEME,PARTIAL,NOT_AVAILABLE,NOT_AVAILABLE,,NOT_AVAILABLE,NOT_AVAILABLE,NOT_AVAILABLE,NOT_AVAILABLE,False,INSUFFICIENT_EVIDENCE,False
B,v0.2,v0.3,CC-2026-BCI-MEDTECH,RC-2020-PANDEMIC,CROSS_MACRO_THEME,PARTIAL,MISMATCH,NONE,,NOT_AVAILABLE,NOT_AVAILABLE,MISMATCH,NO_CORRESPONDENCE,True,NO_VALID_CORRESPONDENCE,False
B,v0.2,v0.3,CC-2026-BCI-MEDTECH,RC-2021-TCM,CROSS_MACRO_THEME,MATCH,PARTIAL,PRIMARY_MECHANISM_OVERLAP,POLICY_DRIVEN,NOT_AVAILABLE,NOT_AVAILABLE,MISMATCH,SINGLE_TYPE_ONLY,True,STRUCTURAL_PARTIAL,False
B,v0.2,v0.3,CC-2026-BCI-MEDTECH,RC-2020-CONS-SMALL-APPLIANCE,CROSS_MACRO_THEME,COMPARISON_POINT_UNKNOWN,NOT_AVAILABLE,NOT_AVAILABLE,,NOT_AVAILABLE,NOT_AVAILABLE,NOT_AVAILABLE,NOT_AVAILABLE,False,INSUFFICIENT_EVIDENCE,False
B,v0.2,v0.3,CC-2026-BCI-MEDTECH,RC-2024-CONS-PET-FOOD,CROSS_MACRO_THEME,COMPARISON_POINT_UNKNOWN,NOT_AVAILABLE,NOT_AVAILABLE,,NOT_AVAILABLE,NOT_AVAILABLE,NOT_AVAILABLE,NOT_AVAILABLE,False,INSUFFICIENT_EVIDENCE,False
B,v0.2,v0.3,CC-2026-BCI-MEDTECH,RC-2020-RES-GOLD-RATES,CROSS_MACRO_THEME,COMPARISON_POINT_UNKNOWN,NOT_AVAILABLE,NOT_AVAILABLE,,NOT_AVAILABLE,NOT_AVAILABLE,NOT_AVAILABLE,NOT_AVAILABLE,False,INSUFFICIENT_EVIDENCE,False
B,v0.2,v0.3,CC-2026-BCI-MEDTECH,RC-2022-RES-FERTILIZER,CROSS_MACRO_THEME,COMPARISON_POINT_UNKNOWN,NOT_AVAILABLE,NOT_AVAILABLE,,NOT_AVAILABLE,NOT_AVAILABLE,NOT_AVAILABLE,NOT_AVAILABLE,False,INSUFFICIENT_EVIDENCE,False
B,v0.2,v0.3,CC-2026-BCI-MEDTECH,RC-2025-RES-COPPER,CROSS_MACRO_THEME,COMPARISON_POINT_UNKNOWN,NOT_AVAILABLE,NOT_AVAILABLE,,NOT_AVAILABLE,NOT_AVAILABLE,NOT_AVAILABLE,NOT_AVAILABLE,False,INSUFFICIENT_EVIDENCE,False
B,v0.2,v0.3,CC-2026-BCI-MEDTECH,RC-2017-RES-ALUMINUM,CROSS_MACRO_THEME,COMPARISON_POINT_UNKNOWN,NOT_AVAILABLE,NOT_AVAILABLE,,NOT_AVAILABLE,NOT_AVAILABLE,NOT_AVAILABLE,NOT_AVAILABLE,False,INSUFFICIENT_EVIDENCE,False
B,v0.2,v0.3,CC-2026-BCI-MEDTECH,RC-2016-RES-CHEM-ENV,CROSS_MACRO_THEME,COMPARISON_POINT_UNKNOWN,NOT_AVAILABLE,NOT_AVAILABLE,,NOT_AVAILABLE,NOT_AVAILABLE,NOT_AVAILABLE,NOT_AVAILABLE,False,INSUFFICIENT_EVIDENCE,False
B,v0.2,v0.3,CC-2026-BCI-MEDTECH,RC-2022-SEMI-CHIPSHORTAGE,CROSS_MACRO_THEME,COMPARISON_POINT_UNKNOWN,NOT_AVAILABLE,NOT_AVAILABLE,,NOT_AVAILABLE,NOT_AVAILABLE,NOT_AVAILABLE,NOT_AVAILABLE,False,INSUFFICIENT_EVIDENCE,False
B,v0.2,v0.3,CC-2026-BCI-MEDTECH,RC-2024-SEMI-FUND3,CROSS_MACRO_THEME,COMPARISON_POINT_UNKNOWN,NOT_AVAILABLE,NOT_AVAILABLE,,NOT_AVAILABLE,NOT_AVAILABLE,NOT_AVAILABLE,NOT_AVAILABLE,False,INSUFFICIENT_EVIDENCE,False
B,v0.2,v0.3,CC-2026-BCI-MEDTECH,RC-2015-SEMI-LEVERAGE,CROSS_MACRO_THEME,COMPARISON_POINT_UNKNOWN,NOT_AVAILABLE,NOT_AVAILABLE,,NOT_AVAILABLE,NOT_AVAILABLE,NOT_AVAILABLE,NOT_AVAILABLE,False,INSUFFICIENT_EVIDENCE,False
B,v0.2,v0.3,CC-2026-BCI-MEDTECH,RC-2017-GPU-MINING,CROSS_MACRO_THEME,COMPARISON_POINT_UNKNOWN,NOT_AVAILABLE,NOT_AVAILABLE,,NOT_AVAILABLE,NOT_AVAILABLE,NOT_AVAILABLE,NOT_AVAILABLE,False,INSUFFICIENT_EVIDENCE,False
B,v0.2,v0.3,CC-2026-BCI-MEDTECH,RC-2024-HIEQ-EQUIP-UPDATE,CROSS_MACRO_THEME,MISMATCH,NOT_AVAILABLE,NOT_AVAILABLE,,PARTIAL,SEQUENCE_PARTIAL,MISMATCH,SINGLE_TYPE_ONLY,False,INSUFFICIENT_EVIDENCE,False
B,v0.2,v0.3,CC-2026-BCI-MEDTECH,RC-2024-HIEQ-HUMANOID-MASS,CROSS_MACRO_THEME,MISMATCH,NOT_AVAILABLE,NOT_AVAILABLE,,MISMATCH,SEQUENCE_MISMATCH,MISMATCH,SINGLE_TYPE_ONLY,False,INSUFFICIENT_EVIDENCE,False
B,v0.2,v0.3,CC-2026-BCI-MEDTECH,RC-2024-RE-POLICY-517,CROSS_MACRO_THEME,COMPARISON_POINT_UNKNOWN,NOT_AVAILABLE,NOT_AVAILABLE,,NOT_AVAILABLE,NOT_AVAILABLE,NOT_AVAILABLE,NOT_AVAILABLE,False,INSUFFICIENT_EVIDENCE,False
B,v0.2,v0.3,CC-2026-BCI-MEDTECH,RC-2019-RE-EASING,CROSS_MACRO_THEME,COMPARISON_POINT_UNKNOWN,NOT_AVAILABLE,NOT_AVAILABLE,,NOT_AVAILABLE,NOT_AVAILABLE,NOT_AVAILABLE,NOT_AVAILABLE,False,INSUFFICIENT_EVIDENCE,False
B,v0.2,v0.3,CC-2026-BCI-MEDTECH,RC-2020-FIN-BROKER-VOLUME,CROSS_MACRO_THEME,COMPARISON_POINT_UNKNOWN,NOT_AVAILABLE,NOT_AVAILABLE,,NOT_AVAILABLE,NOT_AVAILABLE,NOT_AVAILABLE,NOT_AVAILABLE,False,INSUFFICIENT_EVIDENCE,False
B,v0.2,v0.3,CC-2026-BCI-MEDTECH,RC-2016-RE-SHANTY,CROSS_MACRO_THEME,COMPARISON_POINT_UNKNOWN,NOT_AVAILABLE,NOT_AVAILABLE,,NOT_AVAILABLE,NOT_AVAILABLE,NOT_AVAILABLE,NOT_AVAILABLE,False,INSUFFICIENT_EVIDENCE,False
B,v0.2,v0.3,CC-2026-BCI-MEDTECH,RC-2015-FIN-LEVERAGE,CROSS_MACRO_THEME,COMPARISON_POINT_UNKNOWN,NOT_AVAILABLE,NOT_AVAILABLE,,NOT_AVAILABLE,NOT_AVAILABLE,NOT_AVAILABLE,NOT_AVAILABLE,False,INSUFFICIENT_EVIDENCE,False
B,v0.2,v0.3,CC-2026-BCI-MEDTECH,RC-2019-MIL-PARADE-70,CROSS_MACRO_THEME,MISMATCH,MISMATCH,NONE,,NOT_AVAILABLE,NOT_AVAILABLE,NOT_AVAILABLE,NOT_AVAILABLE,False,INSUFFICIENT_EVIDENCE,False
B,v0.2,v0.3,CC-2026-BCI-MEDTECH,RC-2025-MIL-PARADE-80,CROSS_MACRO_THEME,MISMATCH,MISMATCH,NONE,,NOT_AVAILABLE,NOT_AVAILABLE,NOT_AVAILABLE,NOT_AVAILABLE,False,INSUFFICIENT_EVIDENCE,False
B,v0.2,v0.3,CC-2026-BCI-MEDTECH,RC-2017-MIL-MIXED-REFORM,CROSS_MACRO_THEME,MISMATCH,PERIPHERAL_OVERLAP,PERIPHERAL_ONLY,POLICY_DRIVEN,NOT_AVAILABLE,NOT_AVAILABLE,NOT_AVAILABLE,NOT_AVAILABLE,False,INSUFFICIENT_EVIDENCE,False
B,v0.2,v0.3,CC-2026-BCI-MEDTECH,RC-2015-MIL-REFORM-BULL,CROSS_MACRO_THEME,MISMATCH,PERIPHERAL_OVERLAP,PERIPHERAL_ONLY,POLICY_DRIVEN,NOT_AVAILABLE,NOT_AVAILABLE,NOT_AVAILABLE,NOT_AVAILABLE,False,INSUFFICIENT_EVIDENCE,False
B,v0.2,v0.3,CC-2026-BCI-MEDTECH,RC-2024-MIL-COMMERCIAL-SPACE,CROSS_MACRO_THEME,MISMATCH,PARTIAL,MULTI_MECHANISM,POLICY_DRIVEN|TECH_BREAKTHROUGH,NOT_AVAILABLE,NOT_AVAILABLE,NOT_AVAILABLE,NOT_AVAILABLE,False,INSUFFICIENT_EVIDENCE,False
B,v0.2,v0.3,CC-2026-COMPUTE-POWER,C-2019-AD,CROSS_MACRO_THEME,PARTIAL,PARTIAL,PRIMARY_MECHANISM_OVERLAP,POLICY_DRIVEN,NOT_AVAILABLE,NOT_AVAILABLE,MISMATCH,SINGLE_TYPE_ONLY,True,STRUCTURAL_PARTIAL,False
B,v0.2,v0.3,CC-2026-COMPUTE-POWER,C-2020-NEV,CROSS_MACRO_THEME,PARTIAL,PERIPHERAL_OVERLAP,PERIPHERAL_ONLY,INDUSTRY_UPGRADE,MISMATCH,SEQUENCE_MISMATCH,MISMATCH,NO_CORRESPONDENCE,True,NO_VALID_CORRESPONDENCE,False
B,v0.2,v0.3,CC-2026-COMPUTE-POWER,C-2021-NEV,CROSS_MACRO_THEME,PARTIAL,MISMATCH,NONE,,MISMATCH,SEQUENCE_MISMATCH,MISMATCH,SINGLE_TYPE_ONLY,True,NO_VALID_CORRESPONDENCE,False
B,v0.2,v0.3,CC-2026-COMPUTE-POWER,C-2022-POLICY,CROSS_MACRO_THEME,MATCH,PARTIAL,PRIMARY_MECHANISM_OVERLAP,POLICY_DRIVEN,PARTIAL,SEQUENCE_PARTIAL,PARTIAL,MULTI_TYPE_WITH_CHRONOLOGY,True,STRUCTURAL_PARTIAL,False
B,v0.2,v0.3,CC-2026-COMPUTE-POWER,C-2023-AD,CROSS_MACRO_THEME,MATCH,PARTIAL,PRIMARY_MECHANISM_OVERLAP,POLICY_DRIVEN,PARTIAL,SEQUENCE_PARTIAL,MISMATCH,SINGLE_TYPE_ONLY,True,STRUCTURAL_PARTIAL,False
B,v0.2,v0.3,CC-2026-COMPUTE-POWER,C-2024-V2X,CROSS_MACRO_THEME,PARTIAL,PERIPHERAL_OVERLAP,PERIPHERAL_ONLY,POLICY_DRIVEN,PARTIAL,SEQUENCE_PARTIAL,MISMATCH,SINGLE_TYPE_ONLY,False,NO_VALID_CORRESPONDENCE,False
B,v0.2,v0.3,CC-2026-COMPUTE-POWER,C-2024-ROBOTAXI,CROSS_MACRO_THEME,MATCH,MISMATCH,NONE,,NOT_AVAILABLE,NOT_AVAILABLE,MISMATCH,SINGLE_TYPE_ONLY,True,NO_VALID_CORRESPONDENCE,False
B,v0.2,v0.3,CC-2026-COMPUTE-POWER,C-2025-ROBOTAXI,CROSS_MACRO_THEME,MATCH,PARTIAL,MULTI_MECHANISM,DEMAND_SURGE|INDUSTRY_UPGRADE,MISMATCH,SEQUENCE_MISMATCH,MISMATCH,SINGLE_TYPE_ONLY,True,STRUCTURAL_PARTIAL,False
B,v0.2,v0.3,CC-2026-COMPUTE-POWER,C-2016-CONS-BAIJIU-UPGRADE,CROSS_MACRO_THEME,PARTIAL,PERIPHERAL_OVERLAP,PERIPHERAL_ONLY,DEMAND_SURGE,PARTIAL,SEQUENCE_PARTIAL,PARTIAL,MULTI_TYPE_WITH_CHRONOLOGY,False,NO_VALID_CORRESPONDENCE,False
B,v0.2,v0.3,CC-2026-COMPUTE-POWER,C-2018-CONS-HOG-AFRICAN,CROSS_MACRO_THEME,PARTIAL,MISMATCH,NONE,,MATCH,SEQUENCE_MATCH,PARTIAL,MULTI_TYPE_WITH_CHRONOLOGY,False,STRUCTURAL_PARTIAL,False
B,v0.2,v0.3,CC-2026-COMPUTE-POWER,C-2019-CONS-BAIJIU-CORE,CROSS_MACRO_THEME,PARTIAL,PARTIAL,MULTI_MECHANISM,DEMAND_SURGE|INDUSTRY_UPGRADE,PARTIAL,SEQUENCE_PARTIAL,PARTIAL,MULTI_TYPE_WITH_CHRONOLOGY,False,STRUCTURAL_PARTIAL,False
B,v0.2,v0.3,CC-2026-COMPUTE-POWER,C-2019-CONS-AESTHETICS,CROSS_MACRO_THEME,PARTIAL,PERIPHERAL_OVERLAP,PERIPHERAL_ONLY,INDUSTRY_UPGRADE,NOT_AVAILABLE,NOT_AVAILABLE,MISMATCH,SINGLE_TYPE_ONLY,False,NO_VALID_CORRESPONDENCE,False
B,v0.2,v0.3,CC-2026-COMPUTE-POWER,C-2020-CONS-DUTYFREE,CROSS_MACRO_THEME,PARTIAL,PARTIAL,MULTI_MECHANISM,DEMAND_SURGE|POLICY_DRIVEN,PARTIAL,SEQUENCE_PARTIAL,PARTIAL,MULTI_TYPE_WITH_CHRONOLOGY,False,STRUCTURAL_PARTIAL,False
B,v0.2,v0.3,CC-2026-COMPUTE-POWER,C-2020-CONS-WHITE-GOODS,CROSS_MACRO_THEME,PARTIAL,PERIPHERAL_OVERLAP,PERIPHERAL_ONLY,DEMAND_SURGE,NOT_AVAILABLE,NOT_AVAILABLE,MISMATCH,SINGLE_TYPE_ONLY,False,NO_VALID_CORRESPONDENCE,False
B,v0.2,v0.3,CC-2026-COMPUTE-POWER,C-2020-CONS-BEAUTY-CN,CROSS_MACRO_THEME,PARTIAL,PERIPHERAL_OVERLAP,PERIPHERAL_ONLY,POLICY_DRIVEN,NOT_AVAILABLE,NOT_AVAILABLE,MISMATCH,SINGLE_TYPE_ONLY,False,NO_VALID_CORRESPONDENCE,False
B,v0.2,v0.3,CC-2026-COMPUTE-POWER,C-2021-CONS-HOG-REVERSAL,CROSS_MACRO_THEME,PARTIAL,MISMATCH,NONE,,MATCH,SEQUENCE_MATCH,PARTIAL,MULTI_TYPE_WITH_CHRONOLOGY,False,STRUCTURAL_PARTIAL,False
B,v0.2,v0.3,CC-2026-COMPUTE-POWER,C-2022-CONS-SERVICE-REBOUND,CROSS_MACRO_THEME,PARTIAL,PARTIAL,MULTI_MECHANISM,DEMAND_SURGE|POLICY_DRIVEN,PARTIAL,SEQUENCE_PARTIAL,PARTIAL,MULTI_TYPE_WITH_CHRONOLOGY,False,STRUCTURAL_PARTIAL,False
B,v0.2,v0.3,CC-2026-COMPUTE-POWER,C-2023-CONS-VALUE-RETAIL,CROSS_MACRO_THEME,PARTIAL,PERIPHERAL_OVERLAP,PERIPHERAL_ONLY,DEMAND_SURGE,NOT_AVAILABLE,NOT_AVAILABLE,MISMATCH,SINGLE_TYPE_ONLY,False,NO_VALID_CORRESPONDENCE,False
B,v0.2,v0.3,CC-2026-COMPUTE-POWER,C-2024-CONS-TRADE-IN,CROSS_MACRO_THEME,PARTIAL,PARTIAL,MULTI_MECHANISM,DEMAND_SURGE|POLICY_DRIVEN,PARTIAL,SEQUENCE_PARTIAL,PARTIAL,MULTI_TYPE_WITH_CHRONOLOGY,False,STRUCTURAL_PARTIAL,False
B,v0.2,v0.3,CC-2026-COMPUTE-POWER,C-2019-MIL-GROUP-RESTRUCTURE,CROSS_MACRO_THEME,PARTIAL,PARTIAL,PRIMARY_MECHANISM_OVERLAP,POLICY_DRIVEN,MISMATCH,SEQUENCE_MISMATCH,MISMATCH,SINGLE_TYPE_ONLY,True,STRUCTURAL_PARTIAL,False
B,v0.2,v0.3,CC-2026-COMPUTE-POWER,C-2020-MIL-EQUIP-ORDER,CROSS_MACRO_THEME,PARTIAL,PARTIAL,PRIMARY_MECHANISM_OVERLAP,DEMAND_SURGE,PARTIAL,SEQUENCE_PARTIAL,PARTIAL,MULTI_TYPE_WITH_CHRONOLOGY,True,STRUCTURAL_PARTIAL,False
B,v0.2,v0.3,CC-2026-COMPUTE-POWER,C-2020-RE-DEBT-RISK,CROSS_MACRO_THEME,MISMATCH,PARTIAL,PRIMARY_MECHANISM_OVERLAP,POLICY_DRIVEN,MISMATCH,SEQUENCE_MISMATCH,MISMATCH,SINGLE_TYPE_ONLY,True,NO_VALID_CORRESPONDENCE,False
B,v0.2,v0.3,CC-2026-COMPUTE-POWER,C-2020-FIN-BANK-CREDIT,CROSS_MACRO_THEME,PARTIAL,MISMATCH,NONE,,PARTIAL,SET_ONLY,PARTIAL,MULTI_TYPE_WITH_CHRONOLOGY,False,STRUCTURAL_PARTIAL,False
B,v0.2,v0.3,CC-2026-COMPUTE-POWER,C-2022-RE-POLICY-THREE,CROSS_MACRO_THEME,PARTIAL,PARTIAL,PRIMARY_MECHANISM_OVERLAP,POLICY_DRIVEN,PARTIAL,SEQUENCE_PARTIAL,MISMATCH,SINGLE_TYPE_ONLY,True,STRUCTURAL_PARTIAL,False
B,v0.2,v0.3,CC-2026-COMPUTE-POWER,C-2023-FIN-SOE-VALUATION,CROSS_MACRO_THEME,PARTIAL,MISMATCH,NONE,,PARTIAL,SEQUENCE_PARTIAL,MISMATCH,SINGLE_TYPE_ONLY,True,STRUCTURAL_PARTIAL,False
B,v0.2,v0.3,CC-2026-COMPUTE-POWER,C-2024-FIN-BROKER-POLICY,CROSS_MACRO_THEME,PARTIAL,PERIPHERAL_OVERLAP,PERIPHERAL_ONLY,POLICY_DRIVEN,PARTIAL,SEQUENCE_PARTIAL,PARTIAL,MULTI_TYPE_WITH_CHRONOLOGY,True,NO_VALID_CORRESPONDENCE,False
B,v0.2,v0.3,CC-2026-COMPUTE-POWER,C-2024-FIN-BANK-DIVIDEND,CROSS_MACRO_THEME,PARTIAL,MISMATCH,NONE,,NOT_AVAILABLE,NOT_AVAILABLE,MISMATCH,SINGLE_TYPE_ONLY,True,NO_VALID_CORRESPONDENCE,False
B,v0.2,v0.3,CC-2026-COMPUTE-POWER,C-2025-FIN-INSURANCE,CROSS_MACRO_THEME,PARTIAL,MISMATCH,NONE,,NOT_AVAILABLE,NOT_AVAILABLE,MISMATCH,SINGLE_TYPE_ONLY,False,NO_VALID_CORRESPONDENCE,False
B,v0.2,v0.3,CC-2026-COMPUTE-POWER,C-2016-HIEQ-CONSTR,CROSS_MACRO_THEME,PARTIAL,PARTIAL,MULTI_MECHANISM,DEMAND_SURGE|POLICY_DRIVEN,MATCH,SEQUENCE_MATCH,MISMATCH,SINGLE_TYPE_ONLY,False,STRUCTURAL_PARTIAL,False
B,v0.2,v0.3,CC-2026-COMPUTE-POWER,C-2018-HIEQ-ROBOT-DOWN,CROSS_MACRO_THEME,MISMATCH,PERIPHERAL_OVERLAP,PERIPHERAL_ONLY,DEMAND_SURGE,MATCH,SEQUENCE_MATCH,MISMATCH,SINGLE_TYPE_ONLY,False,NO_VALID_CORRESPONDENCE,False
B,v0.2,v0.3,CC-2026-COMPUTE-POWER,C-2020-HIEQ-AUTOMATION,CROSS_MACRO_THEME,PARTIAL,PERIPHERAL_OVERLAP,PERIPHERAL_ONLY,DEMAND_SURGE,MATCH,SEQUENCE_MATCH,PARTIAL,MULTI_TYPE_WITH_CHRONOLOGY,False,NO_VALID_CORRESPONDENCE,False
B,v0.2,v0.3,CC-2026-COMPUTE-POWER,C-2023-HIEQ-ROBOT-PLUS,CROSS_MACRO_THEME,PARTIAL,PARTIAL,MULTI_MECHANISM,DEMAND_SURGE|POLICY_DRIVEN,PARTIAL,SEQUENCE_PARTIAL,PARTIAL,MULTI_TYPE_WITH_CHRONOLOGY,False,STRUCTURAL_PARTIAL,False
B,v0.2,v0.3,CC-2026-COMPUTE-POWER,C-2023-HIEQ-HUMANOID,CROSS_MACRO_THEME,PARTIAL,PARTIAL,MULTI_MECHANISM,INDUSTRY_UPGRADE|POLICY_DRIVEN,MATCH,SEQUENCE_MATCH,PARTIAL,MULTI_TYPE_WITH_CHRONOLOGY,False,STRUCTURAL_PARTIAL,False
B,v0.2,v0.3,CC-2026-COMPUTE-POWER,C-2019-COMM-5G,CROSS_MACRO_THEME,MATCH,PARTIAL,MULTI_MECHANISM,DEMAND_SURGE|POLICY_DRIVEN,PARTIAL,SEQUENCE_PARTIAL,MISMATCH,SINGLE_TYPE_ONLY,True,STRUCTURAL_PARTIAL,False
B,v0.2,v0.3,CC-2026-COMPUTE-POWER,C-2023-COMM-OPTICAL,CROSS_MACRO_THEME,MATCH,PARTIAL,PRIMARY_MECHANISM_OVERLAP,DEMAND_SURGE,PARTIAL,SEQUENCE_PARTIAL,PARTIAL,MULTI_TYPE_WITH_CHRONOLOGY,True,STRUCTURAL_PARTIAL,False
B,v0.2,v0.3,CC-2026-COMPUTE-POWER,C-2019-PHARMA-INNOV,CROSS_MACRO_THEME,MATCH,MISMATCH,NONE,,PARTIAL,SEQUENCE_PARTIAL,MISMATCH,SINGLE_TYPE_ONLY,True,STRUCTURAL_PARTIAL,False
B,v0.2,v0.3,CC-2026-COMPUTE-POWER,C-2020-POWER-NE,SAME_MACRO_THEME,MATCH,PARTIAL,PRIMARY_MECHANISM_OVERLAP,POLICY_DRIVEN,PARTIAL,SEQUENCE_PARTIAL,MISMATCH,SINGLE_TYPE_ONLY,True,STRUCTURAL_PARTIAL,False
B,v0.2,v0.3,CC-2026-COMPUTE-POWER,C-2022-POWER-GRID,SAME_MACRO_THEME,MATCH,PERIPHERAL_OVERLAP,PERIPHERAL_ONLY,POLICY_DRIVEN,PARTIAL,SEQUENCE_PARTIAL,PARTIAL,MULTI_TYPE_WITH_CHRONOLOGY,True,THEME_ONLY,False
B,v0.2,v0.3,CC-2026-COMPUTE-POWER,C-2019-RES-DYE-SHOCK,CROSS_MACRO_THEME,PARTIAL,MISMATCH,NONE,,MATCH,SEQUENCE_MATCH,MATCH,TYPE_AND_CHRONOLOGY,False,STRUCTURAL_PARTIAL,False
B,v0.2,v0.3,CC-2026-COMPUTE-POWER,C-2020-RES-NONFERROUS,CROSS_MACRO_THEME,PARTIAL,PERIPHERAL_OVERLAP,PERIPHERAL_ONLY,DEMAND_SURGE,NOT_AVAILABLE,NOT_AVAILABLE,MISMATCH,SINGLE_TYPE_ONLY,False,NO_VALID_CORRESPONDENCE,False
B,v0.2,v0.3,CC-2026-COMPUTE-POWER,C-2020-RES-LITHIUM,CROSS_MACRO_THEME,PARTIAL,MISMATCH,NONE,,MATCH,SEQUENCE_MATCH,MISMATCH,SINGLE_TYPE_ONLY,False,STRUCTURAL_PARTIAL,False
B,v0.2,v0.3,CC-2026-COMPUTE-POWER,C-2020-RES-RAREEARTH,CROSS_MACRO_THEME,PARTIAL,PERIPHERAL_OVERLAP,PERIPHERAL_ONLY,POLICY_DRIVEN,MATCH,SEQUENCE_MATCH,MISMATCH,SINGLE_TYPE_ONLY,False,NO_VALID_CORRESPONDENCE,False
B,v0.2,v0.3,CC-2026-COMPUTE-POWER,C-2021-RES-CHEM-DUALCTRL,CROSS_MACRO_THEME,PARTIAL,PERIPHERAL_OVERLAP,PERIPHERAL_ONLY,POLICY_DRIVEN,PARTIAL,SEQUENCE_PARTIAL,PARTIAL,MULTI_TYPE_WITH_CHRONOLOGY,False,NO_VALID_CORRESPONDENCE,False
B,v0.2,v0.3,CC-2026-COMPUTE-POWER,C-2024-RES-GOLD-CB,CROSS_MACRO_THEME,PARTIAL,PERIPHERAL_OVERLAP,PERIPHERAL_ONLY,POLICY_DRIVEN,PARTIAL,SEQUENCE_PARTIAL,MISMATCH,SINGLE_TYPE_ONLY,False,NO_VALID_CORRESPONDENCE,False
B,v0.2,v0.3,CC-2026-COMPUTE-POWER,C-2016-PANEL-CYCLE,CROSS_MACRO_THEME,PARTIAL,PERIPHERAL_OVERLAP,PERIPHERAL_ONLY,DEMAND_SURGE,NOT_AVAILABLE,NOT_AVAILABLE,NOT_AVAILABLE,NOT_AVAILABLE,False,INSUFFICIENT_EVIDENCE,False
B,v0.2,v0.3,CC-2026-COMPUTE-POWER,C-2019-SEMI-LOCALIZATION,CROSS_MACRO_THEME,PARTIAL,PARTIAL,MULTI_MECHANISM,DEMAND_SURGE|POLICY_DRIVEN,PARTIAL,SEQUENCE_PARTIAL,PARTIAL,MULTI_TYPE_WITH_CHRONOLOGY,False,STRUCTURAL_PARTIAL,False
B,v0.2,v0.3,CC-2026-COMPUTE-POWER,C-2019-CONSUMER-TWS,CROSS_MACRO_THEME,PARTIAL,PERIPHERAL_OVERLAP,PERIPHERAL_ONLY,DEMAND_SURGE,PARTIAL,SEQUENCE_PARTIAL,MISMATCH,SINGLE_TYPE_ONLY,False,NO_VALID_CORRESPONDENCE,False
B,v0.2,v0.3,CC-2026-COMPUTE-POWER,C-2020-SEMI-EQUIPMENT,CROSS_MACRO_THEME,PARTIAL,PERIPHERAL_OVERLAP,PERIPHERAL_ONLY,POLICY_DRIVEN,PARTIAL,SEQUENCE_PARTIAL,PARTIAL,MULTI_TYPE_WITH_CHRONOLOGY,False,NO_VALID_CORRESPONDENCE,False
B,v0.2,v0.3,CC-2026-COMPUTE-POWER,C-2020-PANEL-CYCLE,CROSS_MACRO_THEME,PARTIAL,PERIPHERAL_OVERLAP,PERIPHERAL_ONLY,DEMAND_SURGE,MATCH,SEQUENCE_MATCH,MISMATCH,SINGLE_TYPE_ONLY,False,NO_VALID_CORRESPONDENCE,False
B,v0.2,v0.3,CC-2026-COMPUTE-POWER,C-2022-SEMI-DOWNTURN,CROSS_MACRO_THEME,MISMATCH,PARTIAL,MULTI_MECHANISM,DEMAND_SURGE|POLICY_DRIVEN,NOT_AVAILABLE,NOT_AVAILABLE,MISMATCH,SINGLE_TYPE_ONLY,False,NO_VALID_CORRESPONDENCE,False
B,v0.2,v0.3,CC-2026-COMPUTE-POWER,C-2023-AI-COMPUTE-SEMI,CROSS_MACRO_THEME,PARTIAL,PARTIAL,MULTI_MECHANISM,DEMAND_SURGE|INDUSTRY_UPGRADE,NOT_AVAILABLE,NOT_AVAILABLE,MISMATCH,SINGLE_TYPE_ONLY,False,STRUCTURAL_PARTIAL,False
B,v0.2,v0.3,CC-2026-COMPUTE-POWER,C-2024-SEMI-MEMORY,CROSS_MACRO_THEME,PARTIAL,PARTIAL,MULTI_MECHANISM,DEMAND_SURGE|POLICY_DRIVEN,NOT_AVAILABLE,NOT_AVAILABLE,MISMATCH,SINGLE_TYPE_ONLY,False,STRUCTURAL_PARTIAL,False
B,v0.2,v0.3,CC-2026-COMPUTE-POWER,RC-2023-HUAWEI,CROSS_MACRO_THEME,MATCH,MISMATCH,NONE,,NOT_AVAILABLE,NOT_AVAILABLE,MISMATCH,NO_CORRESPONDENCE,True,NO_VALID_CORRESPONDENCE,False
B,v0.2,v0.3,CC-2026-COMPUTE-POWER,RC-2024-SECONDARY,CROSS_MACRO_THEME,MISMATCH,NOT_AVAILABLE,NOT_AVAILABLE,,NOT_AVAILABLE,NOT_AVAILABLE,NOT_AVAILABLE,NOT_AVAILABLE,False,INSUFFICIENT_EVIDENCE,False
B,v0.2,v0.3,CC-2026-COMPUTE-POWER,RC-2020-PANDEMIC,CROSS_MACRO_THEME,PARTIAL,PARTIAL,PRIMARY_MECHANISM_OVERLAP,DEMAND_SURGE,NOT_AVAILABLE,NOT_AVAILABLE,MISMATCH,NO_CORRESPONDENCE,True,STRUCTURAL_PARTIAL,False
B,v0.2,v0.3,CC-2026-COMPUTE-POWER,RC-2021-TCM,CROSS_MACRO_THEME,PARTIAL,PARTIAL,PRIMARY_MECHANISM_OVERLAP,POLICY_DRIVEN,NOT_AVAILABLE,NOT_AVAILABLE,MISMATCH,SINGLE_TYPE_ONLY,True,STRUCTURAL_PARTIAL,False
B,v0.2,v0.3,CC-2026-COMPUTE-POWER,RC-2020-CONS-SMALL-APPLIANCE,CROSS_MACRO_THEME,COMPARISON_POINT_UNKNOWN,NOT_AVAILABLE,NOT_AVAILABLE,,NOT_AVAILABLE,NOT_AVAILABLE,NOT_AVAILABLE,NOT_AVAILABLE,False,INSUFFICIENT_EVIDENCE,False
B,v0.2,v0.3,CC-2026-COMPUTE-POWER,RC-2024-CONS-PET-FOOD,CROSS_MACRO_THEME,COMPARISON_POINT_UNKNOWN,NOT_AVAILABLE,NOT_AVAILABLE,,NOT_AVAILABLE,NOT_AVAILABLE,NOT_AVAILABLE,NOT_AVAILABLE,False,INSUFFICIENT_EVIDENCE,False
B,v0.2,v0.3,CC-2026-COMPUTE-POWER,RC-2020-RES-GOLD-RATES,CROSS_MACRO_THEME,COMPARISON_POINT_UNKNOWN,NOT_AVAILABLE,NOT_AVAILABLE,,NOT_AVAILABLE,NOT_AVAILABLE,NOT_AVAILABLE,NOT_AVAILABLE,False,INSUFFICIENT_EVIDENCE,False
B,v0.2,v0.3,CC-2026-COMPUTE-POWER,RC-2022-RES-FERTILIZER,CROSS_MACRO_THEME,COMPARISON_POINT_UNKNOWN,NOT_AVAILABLE,NOT_AVAILABLE,,NOT_AVAILABLE,NOT_AVAILABLE,NOT_AVAILABLE,NOT_AVAILABLE,False,INSUFFICIENT_EVIDENCE,False
B,v0.2,v0.3,CC-2026-COMPUTE-POWER,RC-2025-RES-COPPER,CROSS_MACRO_THEME,COMPARISON_POINT_UNKNOWN,NOT_AVAILABLE,NOT_AVAILABLE,,NOT_AVAILABLE,NOT_AVAILABLE,NOT_AVAILABLE,NOT_AVAILABLE,False,INSUFFICIENT_EVIDENCE,False
B,v0.2,v0.3,CC-2026-COMPUTE-POWER,RC-2017-RES-ALUMINUM,CROSS_MACRO_THEME,COMPARISON_POINT_UNKNOWN,NOT_AVAILABLE,NOT_AVAILABLE,,NOT_AVAILABLE,NOT_AVAILABLE,NOT_AVAILABLE,NOT_AVAILABLE,False,INSUFFICIENT_EVIDENCE,False
B,v0.2,v0.3,CC-2026-COMPUTE-POWER,RC-2016-RES-CHEM-ENV,CROSS_MACRO_THEME,COMPARISON_POINT_UNKNOWN,NOT_AVAILABLE,NOT_AVAILABLE,,NOT_AVAILABLE,NOT_AVAILABLE,NOT_AVAILABLE,NOT_AVAILABLE,False,INSUFFICIENT_EVIDENCE,False
B,v0.2,v0.3,CC-2026-COMPUTE-POWER,RC-2022-SEMI-CHIPSHORTAGE,CROSS_MACRO_THEME,COMPARISON_POINT_UNKNOWN,NOT_AVAILABLE,NOT_AVAILABLE,,NOT_AVAILABLE,NOT_AVAILABLE,NOT_AVAILABLE,NOT_AVAILABLE,False,INSUFFICIENT_EVIDENCE,False
B,v0.2,v0.3,CC-2026-COMPUTE-POWER,RC-2024-SEMI-FUND3,CROSS_MACRO_THEME,COMPARISON_POINT_UNKNOWN,NOT_AVAILABLE,NOT_AVAILABLE,,NOT_AVAILABLE,NOT_AVAILABLE,NOT_AVAILABLE,NOT_AVAILABLE,False,INSUFFICIENT_EVIDENCE,False
B,v0.2,v0.3,CC-2026-COMPUTE-POWER,RC-2015-SEMI-LEVERAGE,CROSS_MACRO_THEME,COMPARISON_POINT_UNKNOWN,NOT_AVAILABLE,NOT_AVAILABLE,,NOT_AVAILABLE,NOT_AVAILABLE,NOT_AVAILABLE,NOT_AVAILABLE,False,INSUFFICIENT_EVIDENCE,False
B,v0.2,v0.3,CC-2026-COMPUTE-POWER,RC-2017-GPU-MINING,CROSS_MACRO_THEME,COMPARISON_POINT_UNKNOWN,NOT_AVAILABLE,NOT_AVAILABLE,,NOT_AVAILABLE,NOT_AVAILABLE,NOT_AVAILABLE,NOT_AVAILABLE,False,INSUFFICIENT_EVIDENCE,False
B,v0.2,v0.3,CC-2026-COMPUTE-POWER,RC-2024-HIEQ-EQUIP-UPDATE,CROSS_MACRO_THEME,PARTIAL,NOT_AVAILABLE,NOT_AVAILABLE,,PARTIAL,SEQUENCE_PARTIAL,MISMATCH,SINGLE_TYPE_ONLY,False,INSUFFICIENT_EVIDENCE,False
B,v0.2,v0.3,CC-2026-COMPUTE-POWER,RC-2024-HIEQ-HUMANOID-MASS,CROSS_MACRO_THEME,PARTIAL,NOT_AVAILABLE,NOT_AVAILABLE,,MISMATCH,SEQUENCE_MISMATCH,MISMATCH,NO_CORRESPONDENCE,False,INSUFFICIENT_EVIDENCE,False
B,v0.2,v0.3,CC-2026-COMPUTE-POWER,RC-2024-RE-POLICY-517,CROSS_MACRO_THEME,COMPARISON_POINT_UNKNOWN,NOT_AVAILABLE,NOT_AVAILABLE,,NOT_AVAILABLE,NOT_AVAILABLE,NOT_AVAILABLE,NOT_AVAILABLE,False,INSUFFICIENT_EVIDENCE,False
B,v0.2,v0.3,CC-2026-COMPUTE-POWER,RC-2019-RE-EASING,CROSS_MACRO_THEME,COMPARISON_POINT_UNKNOWN,NOT_AVAILABLE,NOT_AVAILABLE,,NOT_AVAILABLE,NOT_AVAILABLE,NOT_AVAILABLE,NOT_AVAILABLE,False,INSUFFICIENT_EVIDENCE,False
B,v0.2,v0.3,CC-2026-COMPUTE-POWER,RC-2020-FIN-BROKER-VOLUME,CROSS_MACRO_THEME,COMPARISON_POINT_UNKNOWN,NOT_AVAILABLE,NOT_AVAILABLE,,NOT_AVAILABLE,NOT_AVAILABLE,NOT_AVAILABLE,NOT_AVAILABLE,False,INSUFFICIENT_EVIDENCE,False
B,v0.2,v0.3,CC-2026-COMPUTE-POWER,RC-2016-RE-SHANTY,CROSS_MACRO_THEME,COMPARISON_POINT_UNKNOWN,NOT_AVAILABLE,NOT_AVAILABLE,,NOT_AVAILABLE,NOT_AVAILABLE,NOT_AVAILABLE,NOT_AVAILABLE,False,INSUFFICIENT_EVIDENCE,False
B,v0.2,v0.3,CC-2026-COMPUTE-POWER,RC-2015-FIN-LEVERAGE,CROSS_MACRO_THEME,COMPARISON_POINT_UNKNOWN,NOT_AVAILABLE,NOT_AVAILABLE,,NOT_AVAILABLE,NOT_AVAILABLE,NOT_AVAILABLE,NOT_AVAILABLE,False,INSUFFICIENT_EVIDENCE,False
B,v0.2,v0.3,CC-2026-COMPUTE-POWER,RC-2019-MIL-PARADE-70,CROSS_MACRO_THEME,PARTIAL,MISMATCH,NONE,,NOT_AVAILABLE,NOT_AVAILABLE,NOT_AVAILABLE,NOT_AVAILABLE,False,INSUFFICIENT_EVIDENCE,False
B,v0.2,v0.3,CC-2026-COMPUTE-POWER,RC-2025-MIL-PARADE-80,CROSS_MACRO_THEME,PARTIAL,MISMATCH,NONE,,NOT_AVAILABLE,NOT_AVAILABLE,NOT_AVAILABLE,NOT_AVAILABLE,False,INSUFFICIENT_EVIDENCE,False
B,v0.2,v0.3,CC-2026-COMPUTE-POWER,RC-2017-MIL-MIXED-REFORM,CROSS_MACRO_THEME,PARTIAL,PERIPHERAL_OVERLAP,PERIPHERAL_ONLY,POLICY_DRIVEN,NOT_AVAILABLE,NOT_AVAILABLE,NOT_AVAILABLE,NOT_AVAILABLE,False,INSUFFICIENT_EVIDENCE,False
B,v0.2,v0.3,CC-2026-COMPUTE-POWER,RC-2015-MIL-REFORM-BULL,CROSS_MACRO_THEME,MISMATCH,PERIPHERAL_OVERLAP,PERIPHERAL_ONLY,POLICY_DRIVEN,NOT_AVAILABLE,NOT_AVAILABLE,NOT_AVAILABLE,NOT_AVAILABLE,False,INSUFFICIENT_EVIDENCE,False
B,v0.2,v0.3,CC-2026-COMPUTE-POWER,RC-2024-MIL-COMMERCIAL-SPACE,CROSS_MACRO_THEME,PARTIAL,PERIPHERAL_OVERLAP,PERIPHERAL_ONLY,POLICY_DRIVEN,NOT_AVAILABLE,NOT_AVAILABLE,NOT_AVAILABLE,NOT_AVAILABLE,False,INSUFFICIENT_EVIDENCE,False
B,v0.2,v0.3,CC-2026-EMBODIED-AI,C-2019-AD,CROSS_MACRO_THEME,MATCH,PARTIAL,PRIMARY_MECHANISM_OVERLAP,POLICY_DRIVEN,NOT_AVAILABLE,NOT_AVAILABLE,MISMATCH,SINGLE_TYPE_ONLY,True,STRUCTURAL_PARTIAL,False
B,v0.2,v0.3,CC-2026-EMBODIED-AI,C-2020-NEV,CROSS_MACRO_THEME,MATCH,PERIPHERAL_OVERLAP,PERIPHERAL_ONLY,INDUSTRY_UPGRADE,MISMATCH,SEQUENCE_MISMATCH,MISMATCH,SINGLE_TYPE_ONLY,True,NO_VALID_CORRESPONDENCE,False
B,v0.2,v0.3,CC-2026-EMBODIED-AI,C-2021-NEV,CROSS_MACRO_THEME,MATCH,MISMATCH,NONE,,PARTIAL,SET_ONLY,PARTIAL,MULTI_TYPE_WITH_CHRONOLOGY,True,STRUCTURAL_PARTIAL,False
B,v0.2,v0.3,CC-2026-EMBODIED-AI,C-2022-POLICY,CROSS_MACRO_THEME,MATCH,PARTIAL,PRIMARY_MECHANISM_OVERLAP,POLICY_DRIVEN,MATCH,SEQUENCE_MATCH,PARTIAL,MULTI_TYPE_WITH_CHRONOLOGY,True,STRUCTURAL_PARTIAL,False
B,v0.2,v0.3,CC-2026-EMBODIED-AI,C-2023-AD,CROSS_MACRO_THEME,MATCH,PARTIAL,MULTI_MECHANISM,POLICY_DRIVEN|TECH_BREAKTHROUGH,MATCH,SEQUENCE_MATCH,PARTIAL,MULTI_TYPE_WITH_CHRONOLOGY,True,STRUCTURAL_SUPPORTED,False
B,v0.2,v0.3,CC-2026-EMBODIED-AI,C-2024-V2X,CROSS_MACRO_THEME,PARTIAL,PERIPHERAL_OVERLAP,PERIPHERAL_ONLY,POLICY_DRIVEN,MATCH,SEQUENCE_MATCH,MISMATCH,SINGLE_TYPE_ONLY,False,NO_VALID_CORRESPONDENCE,False
B,v0.2,v0.3,CC-2026-EMBODIED-AI,C-2024-ROBOTAXI,CROSS_MACRO_THEME,MATCH,MISMATCH,NONE,,NOT_AVAILABLE,NOT_AVAILABLE,MISMATCH,SINGLE_TYPE_ONLY,True,NO_VALID_CORRESPONDENCE,False
B,v0.2,v0.3,CC-2026-EMBODIED-AI,C-2025-ROBOTAXI,CROSS_MACRO_THEME,MATCH,PERIPHERAL_OVERLAP,PERIPHERAL_ONLY,INDUSTRY_UPGRADE,PARTIAL,SEQUENCE_PARTIAL,PARTIAL,MULTI_TYPE_WITH_CHRONOLOGY,True,NO_VALID_CORRESPONDENCE,False
B,v0.2,v0.3,CC-2026-EMBODIED-AI,C-2016-CONS-BAIJIU-UPGRADE,CROSS_MACRO_THEME,MATCH,MISMATCH,NONE,,MATCH,SEQUENCE_MATCH,PARTIAL,MULTI_TYPE_WITH_CHRONOLOGY,False,STRUCTURAL_PARTIAL,False
B,v0.2,v0.3,CC-2026-EMBODIED-AI,C-2018-CONS-HOG-AFRICAN,CROSS_MACRO_THEME,MATCH,MISMATCH,NONE,,PARTIAL,SEQUENCE_PARTIAL,PARTIAL,MULTI_TYPE_WITH_CHRONOLOGY,False,STRUCTURAL_PARTIAL,False
B,v0.2,v0.3,CC-2026-EMBODIED-AI,C-2019-CONS-BAIJIU-CORE,CROSS_MACRO_THEME,MATCH,PERIPHERAL_OVERLAP,PERIPHERAL_ONLY,INDUSTRY_UPGRADE,MATCH,SEQUENCE_MATCH,PARTIAL,MULTI_TYPE_WITH_CHRONOLOGY,False,NO_VALID_CORRESPONDENCE,False
B,v0.2,v0.3,CC-2026-EMBODIED-AI,C-2019-CONS-AESTHETICS,CROSS_MACRO_THEME,MATCH,PERIPHERAL_OVERLAP,PERIPHERAL_ONLY,INDUSTRY_UPGRADE,NOT_AVAILABLE,NOT_AVAILABLE,MISMATCH,SINGLE_TYPE_ONLY,False,NO_VALID_CORRESPONDENCE,False
B,v0.2,v0.3,CC-2026-EMBODIED-AI,C-2020-CONS-DUTYFREE,CROSS_MACRO_THEME,MATCH,PERIPHERAL_OVERLAP,PERIPHERAL_ONLY,POLICY_DRIVEN,MATCH,SEQUENCE_MATCH,PARTIAL,MULTI_TYPE_WITH_CHRONOLOGY,False,NO_VALID_CORRESPONDENCE,False
B,v0.2,v0.3,CC-2026-EMBODIED-AI,C-2020-CONS-WHITE-GOODS,CROSS_MACRO_THEME,MATCH,MISMATCH,NONE,,NOT_AVAILABLE,NOT_AVAILABLE,MISMATCH,SINGLE_TYPE_ONLY,False,NO_VALID_CORRESPONDENCE,False
B,v0.2,v0.3,CC-2026-EMBODIED-AI,C-2020-CONS-BEAUTY-CN,CROSS_MACRO_THEME,MATCH,PERIPHERAL_OVERLAP,PERIPHERAL_ONLY,POLICY_DRIVEN,NOT_AVAILABLE,NOT_AVAILABLE,MISMATCH,SINGLE_TYPE_ONLY,False,NO_VALID_CORRESPONDENCE,False
B,v0.2,v0.3,CC-2026-EMBODIED-AI,C-2021-CONS-HOG-REVERSAL,CROSS_MACRO_THEME,MATCH,MISMATCH,NONE,,PARTIAL,SEQUENCE_PARTIAL,PARTIAL,MULTI_TYPE_WITH_CHRONOLOGY,False,STRUCTURAL_PARTIAL,False
B,v0.2,v0.3,CC-2026-EMBODIED-AI,C-2022-CONS-SERVICE-REBOUND,CROSS_MACRO_THEME,MATCH,PERIPHERAL_OVERLAP,PERIPHERAL_ONLY,POLICY_DRIVEN,MATCH,SEQUENCE_MATCH,PARTIAL,MULTI_TYPE_WITH_CHRONOLOGY,False,NO_VALID_CORRESPONDENCE,False
B,v0.2,v0.3,CC-2026-EMBODIED-AI,C-2023-CONS-VALUE-RETAIL,CROSS_MACRO_THEME,MATCH,MISMATCH,NONE,,NOT_AVAILABLE,NOT_AVAILABLE,MISMATCH,SINGLE_TYPE_ONLY,False,NO_VALID_CORRESPONDENCE,False
B,v0.2,v0.3,CC-2026-EMBODIED-AI,C-2024-CONS-TRADE-IN,CROSS_MACRO_THEME,MATCH,PERIPHERAL_OVERLAP,PERIPHERAL_ONLY,POLICY_DRIVEN,MATCH,SEQUENCE_MATCH,PARTIAL,MULTI_TYPE_WITH_CHRONOLOGY,False,NO_VALID_CORRESPONDENCE,False
B,v0.2,v0.3,CC-2026-EMBODIED-AI,C-2019-MIL-GROUP-RESTRUCTURE,CROSS_MACRO_THEME,MATCH,PARTIAL,PRIMARY_MECHANISM_OVERLAP,POLICY_DRIVEN,PARTIAL,SEQUENCE_PARTIAL,PARTIAL,MULTI_TYPE_WITH_CHRONOLOGY,True,STRUCTURAL_PARTIAL,False
B,v0.2,v0.3,CC-2026-EMBODIED-AI,C-2020-MIL-EQUIP-ORDER,CROSS_MACRO_THEME,MATCH,MISMATCH,NONE,,MATCH,SEQUENCE_MATCH,PARTIAL,MULTI_TYPE_WITH_CHRONOLOGY,True,STRUCTURAL_PARTIAL,False
B,v0.2,v0.3,CC-2026-EMBODIED-AI,C-2020-RE-DEBT-RISK,CROSS_MACRO_THEME,MISMATCH,PARTIAL,PRIMARY_MECHANISM_OVERLAP,POLICY_DRIVEN,MATCH,SEQUENCE_MATCH,PARTIAL,MULTI_TYPE_WITH_CHRONOLOGY,True,STRUCTURAL_PARTIAL,False
B,v0.2,v0.3,CC-2026-EMBODIED-AI,C-2020-FIN-BANK-CREDIT,CROSS_MACRO_THEME,MATCH,MISMATCH,NONE,,PARTIAL,SET_ONLY,PARTIAL,MULTI_TYPE_WITH_CHRONOLOGY,False,STRUCTURAL_PARTIAL,False
B,v0.2,v0.3,CC-2026-EMBODIED-AI,C-2022-RE-POLICY-THREE,CROSS_MACRO_THEME,MATCH,PARTIAL,PRIMARY_MECHANISM_OVERLAP,POLICY_DRIVEN,MATCH,SEQUENCE_MATCH,MISMATCH,SINGLE_TYPE_ONLY,True,STRUCTURAL_PARTIAL,False
B,v0.2,v0.3,CC-2026-EMBODIED-AI,C-2023-FIN-SOE-VALUATION,CROSS_MACRO_THEME,MATCH,MISMATCH,NONE,,MISMATCH,SEQUENCE_MISMATCH,MISMATCH,SINGLE_TYPE_ONLY,True,NO_VALID_CORRESPONDENCE,False
B,v0.2,v0.3,CC-2026-EMBODIED-AI,C-2024-FIN-BROKER-POLICY,CROSS_MACRO_THEME,MATCH,PERIPHERAL_OVERLAP,PERIPHERAL_ONLY,POLICY_DRIVEN,MATCH,SEQUENCE_MATCH,PARTIAL,MULTI_TYPE_WITH_CHRONOLOGY,True,NO_VALID_CORRESPONDENCE,False
B,v0.2,v0.3,CC-2026-EMBODIED-AI,C-2024-FIN-BANK-DIVIDEND,CROSS_MACRO_THEME,MATCH,MISMATCH,NONE,,NOT_AVAILABLE,NOT_AVAILABLE,MISMATCH,SINGLE_TYPE_ONLY,True,NO_VALID_CORRESPONDENCE,False
B,v0.2,v0.3,CC-2026-EMBODIED-AI,C-2025-FIN-INSURANCE,CROSS_MACRO_THEME,MATCH,MISMATCH,NONE,,NOT_AVAILABLE,NOT_AVAILABLE,MISMATCH,SINGLE_TYPE_ONLY,False,NO_VALID_CORRESPONDENCE,False
B,v0.2,v0.3,CC-2026-EMBODIED-AI,C-2016-HIEQ-CONSTR,SAME_MACRO_THEME,MATCH,PERIPHERAL_OVERLAP,PERIPHERAL_ONLY,POLICY_DRIVEN,PARTIAL,SEQUENCE_PARTIAL,PARTIAL,MULTI_TYPE_WITH_CHRONOLOGY,False,THEME_ONLY,False
B,v0.2,v0.3,CC-2026-EMBODIED-AI,C-2018-HIEQ-ROBOT-DOWN,SAME_MACRO_THEME,MISMATCH,MISMATCH,NONE,,PARTIAL,SEQUENCE_PARTIAL,MISMATCH,SINGLE_TYPE_ONLY,False,NO_VALID_CORRESPONDENCE,False
B,v0.2,v0.3,CC-2026-EMBODIED-AI,C-2020-HIEQ-AUTOMATION,SAME_MACRO_THEME,MATCH,PERIPHERAL_OVERLAP,PERIPHERAL_ONLY,TECH_BREAKTHROUGH,PARTIAL,SEQUENCE_PARTIAL,PARTIAL,MULTI_TYPE_WITH_CHRONOLOGY,False,THEME_ONLY,False
B,v0.2,v0.3,CC-2026-EMBODIED-AI,C-2023-HIEQ-ROBOT-PLUS,SAME_MACRO_THEME,MATCH,PERIPHERAL_OVERLAP,PERIPHERAL_ONLY,POLICY_DRIVEN,MATCH,SEQUENCE_MATCH,PARTIAL,MULTI_TYPE_WITH_CHRONOLOGY,False,THEME_ONLY,False
B,v0.2,v0.3,CC-2026-EMBODIED-AI,C-2023-HIEQ-HUMANOID,SAME_MACRO_THEME,MATCH,PARTIAL,SET_EQUAL_NO_PROVENANCE,INDUSTRY_UPGRADE|POLICY_DRIVEN|TECH_BREAKTHROUGH,PARTIAL,SEQUENCE_PARTIAL,PARTIAL,MULTI_TYPE_WITH_CHRONOLOGY,False,STRUCTURAL_PARTIAL,False
B,v0.2,v0.3,CC-2026-EMBODIED-AI,C-2019-COMM-5G,CROSS_MACRO_THEME,MATCH,PARTIAL,PRIMARY_MECHANISM_OVERLAP,POLICY_DRIVEN,MATCH,SEQUENCE_MATCH,MISMATCH,SINGLE_TYPE_ONLY,True,STRUCTURAL_PARTIAL,False
B,v0.2,v0.3,CC-2026-EMBODIED-AI,C-2023-COMM-OPTICAL,CROSS_MACRO_THEME,MATCH,PERIPHERAL_OVERLAP,PERIPHERAL_ONLY,TECH_BREAKTHROUGH,MATCH,SEQUENCE_MATCH,PARTIAL,MULTI_TYPE_WITH_CHRONOLOGY,True,NO_VALID_CORRESPONDENCE,False
B,v0.2,v0.3,CC-2026-EMBODIED-AI,C-2019-PHARMA-INNOV,CROSS_MACRO_THEME,MATCH,MISMATCH,NONE,,MATCH,SEQUENCE_MATCH,MISMATCH,SINGLE_TYPE_ONLY,True,STRUCTURAL_PARTIAL,False
B,v0.2,v0.3,CC-2026-EMBODIED-AI,C-2020-POWER-NE,CROSS_MACRO_THEME,MATCH,PARTIAL,PRIMARY_MECHANISM_OVERLAP,POLICY_DRIVEN,MATCH,SEQUENCE_MATCH,MISMATCH,SINGLE_TYPE_ONLY,True,STRUCTURAL_PARTIAL,False
B,v0.2,v0.3,CC-2026-EMBODIED-AI,C-2022-POWER-GRID,CROSS_MACRO_THEME,MATCH,PERIPHERAL_OVERLAP,PERIPHERAL_ONLY,POLICY_DRIVEN,MATCH,SEQUENCE_MATCH,PARTIAL,MULTI_TYPE_WITH_CHRONOLOGY,True,NO_VALID_CORRESPONDENCE,False
B,v0.2,v0.3,CC-2026-EMBODIED-AI,C-2019-RES-DYE-SHOCK,CROSS_MACRO_THEME,MATCH,MISMATCH,NONE,,PARTIAL,SEQUENCE_PARTIAL,PARTIAL,MULTI_TYPE_WITH_CHRONOLOGY,False,STRUCTURAL_PARTIAL,False
B,v0.2,v0.3,CC-2026-EMBODIED-AI,C-2020-RES-NONFERROUS,CROSS_MACRO_THEME,MATCH,MISMATCH,NONE,,NOT_AVAILABLE,NOT_AVAILABLE,MISMATCH,SINGLE_TYPE_ONLY,False,NO_VALID_CORRESPONDENCE,False
B,v0.2,v0.3,CC-2026-EMBODIED-AI,C-2020-RES-LITHIUM,CROSS_MACRO_THEME,MATCH,MISMATCH,NONE,,PARTIAL,SEQUENCE_PARTIAL,MISMATCH,SINGLE_TYPE_ONLY,False,STRUCTURAL_PARTIAL,False
B,v0.2,v0.3,CC-2026-EMBODIED-AI,C-2020-RES-RAREEARTH,CROSS_MACRO_THEME,MATCH,PERIPHERAL_OVERLAP,PERIPHERAL_ONLY,POLICY_DRIVEN,PARTIAL,SEQUENCE_PARTIAL,MISMATCH,SINGLE_TYPE_ONLY,False,NO_VALID_CORRESPONDENCE,False
B,v0.2,v0.3,CC-2026-EMBODIED-AI,C-2021-RES-CHEM-DUALCTRL,CROSS_MACRO_THEME,MATCH,PERIPHERAL_OVERLAP,PERIPHERAL_ONLY,POLICY_DRIVEN,MATCH,SEQUENCE_MATCH,PARTIAL,MULTI_TYPE_WITH_CHRONOLOGY,False,NO_VALID_CORRESPONDENCE,False
B,v0.2,v0.3,CC-2026-EMBODIED-AI,C-2024-RES-GOLD-CB,CROSS_MACRO_THEME,MATCH,PERIPHERAL_OVERLAP,PERIPHERAL_ONLY,POLICY_DRIVEN,MISMATCH,SEQUENCE_MISMATCH,MISMATCH,SINGLE_TYPE_ONLY,False,NO_VALID_CORRESPONDENCE,False
B,v0.2,v0.3,CC-2026-EMBODIED-AI,C-2016-PANEL-CYCLE,CROSS_MACRO_THEME,MATCH,MISMATCH,NONE,,NOT_AVAILABLE,NOT_AVAILABLE,NOT_AVAILABLE,NOT_AVAILABLE,False,INSUFFICIENT_EVIDENCE,False
B,v0.2,v0.3,CC-2026-EMBODIED-AI,C-2019-SEMI-LOCALIZATION,CROSS_MACRO_THEME,MATCH,PERIPHERAL_OVERLAP,PERIPHERAL_ONLY,POLICY_DRIVEN,MATCH,SEQUENCE_MATCH,PARTIAL,MULTI_TYPE_WITH_CHRONOLOGY,False,NO_VALID_CORRESPONDENCE,False
B,v0.2,v0.3,CC-2026-EMBODIED-AI,C-2019-CONSUMER-TWS,CROSS_MACRO_THEME,MATCH,MISMATCH,NONE,,MISMATCH,SEQUENCE_MISMATCH,MISMATCH,SINGLE_TYPE_ONLY,False,NO_VALID_CORRESPONDENCE,False
B,v0.2,v0.3,CC-2026-EMBODIED-AI,C-2020-SEMI-EQUIPMENT,CROSS_MACRO_THEME,MATCH,PERIPHERAL_OVERLAP,PERIPHERAL_ONLY,POLICY_DRIVEN,MATCH,SEQUENCE_MATCH,PARTIAL,MULTI_TYPE_WITH_CHRONOLOGY,False,NO_VALID_CORRESPONDENCE,False
B,v0.2,v0.3,CC-2026-EMBODIED-AI,C-2020-PANEL-CYCLE,CROSS_MACRO_THEME,MATCH,MISMATCH,NONE,,PARTIAL,SEQUENCE_PARTIAL,MISMATCH,SINGLE_TYPE_ONLY,False,STRUCTURAL_PARTIAL,False
B,v0.2,v0.3,CC-2026-EMBODIED-AI,C-2022-SEMI-DOWNTURN,CROSS_MACRO_THEME,MISMATCH,PERIPHERAL_OVERLAP,PERIPHERAL_ONLY,POLICY_DRIVEN,NOT_AVAILABLE,NOT_AVAILABLE,MISMATCH,SINGLE_TYPE_ONLY,False,NO_VALID_CORRESPONDENCE,False
B,v0.2,v0.3,CC-2026-EMBODIED-AI,C-2023-AI-COMPUTE-SEMI,CROSS_MACRO_THEME,MATCH,PARTIAL,MULTI_MECHANISM,INDUSTRY_UPGRADE|TECH_BREAKTHROUGH,NOT_AVAILABLE,NOT_AVAILABLE,MISMATCH,SINGLE_TYPE_ONLY,False,STRUCTURAL_PARTIAL,False
B,v0.2,v0.3,CC-2026-EMBODIED-AI,C-2024-SEMI-MEMORY,CROSS_MACRO_THEME,MATCH,PERIPHERAL_OVERLAP,PERIPHERAL_ONLY,POLICY_DRIVEN,NOT_AVAILABLE,NOT_AVAILABLE,MISMATCH,SINGLE_TYPE_ONLY,False,NO_VALID_CORRESPONDENCE,False
B,v0.2,v0.3,CC-2026-EMBODIED-AI,RC-2023-HUAWEI,CROSS_MACRO_THEME,MATCH,PERIPHERAL_OVERLAP,PERIPHERAL_ONLY,TECH_BREAKTHROUGH,NOT_AVAILABLE,NOT_AVAILABLE,MISMATCH,SINGLE_TYPE_ONLY,True,NO_VALID_CORRESPONDENCE,False
B,v0.2,v0.3,CC-2026-EMBODIED-AI,RC-2024-SECONDARY,CROSS_MACRO_THEME,MISMATCH,NOT_AVAILABLE,NOT_AVAILABLE,,NOT_AVAILABLE,NOT_AVAILABLE,NOT_AVAILABLE,NOT_AVAILABLE,False,INSUFFICIENT_EVIDENCE,False
B,v0.2,v0.3,CC-2026-EMBODIED-AI,RC-2020-PANDEMIC,CROSS_MACRO_THEME,MATCH,MISMATCH,NONE,,NOT_AVAILABLE,NOT_AVAILABLE,MISMATCH,NO_CORRESPONDENCE,True,NO_VALID_CORRESPONDENCE,False
B,v0.2,v0.3,CC-2026-EMBODIED-AI,RC-2021-TCM,CROSS_MACRO_THEME,PARTIAL,PARTIAL,PRIMARY_MECHANISM_OVERLAP,POLICY_DRIVEN,NOT_AVAILABLE,NOT_AVAILABLE,MISMATCH,SINGLE_TYPE_ONLY,True,STRUCTURAL_PARTIAL,False
B,v0.2,v0.3,CC-2026-EMBODIED-AI,RC-2020-CONS-SMALL-APPLIANCE,CROSS_MACRO_THEME,COMPARISON_POINT_UNKNOWN,NOT_AVAILABLE,NOT_AVAILABLE,,NOT_AVAILABLE,NOT_AVAILABLE,NOT_AVAILABLE,NOT_AVAILABLE,False,INSUFFICIENT_EVIDENCE,False
B,v0.2,v0.3,CC-2026-EMBODIED-AI,RC-2024-CONS-PET-FOOD,CROSS_MACRO_THEME,COMPARISON_POINT_UNKNOWN,NOT_AVAILABLE,NOT_AVAILABLE,,NOT_AVAILABLE,NOT_AVAILABLE,NOT_AVAILABLE,NOT_AVAILABLE,False,INSUFFICIENT_EVIDENCE,False
B,v0.2,v0.3,CC-2026-EMBODIED-AI,RC-2020-RES-GOLD-RATES,CROSS_MACRO_THEME,COMPARISON_POINT_UNKNOWN,NOT_AVAILABLE,NOT_AVAILABLE,,NOT_AVAILABLE,NOT_AVAILABLE,NOT_AVAILABLE,NOT_AVAILABLE,False,INSUFFICIENT_EVIDENCE,False
B,v0.2,v0.3,CC-2026-EMBODIED-AI,RC-2022-RES-FERTILIZER,CROSS_MACRO_THEME,COMPARISON_POINT_UNKNOWN,NOT_AVAILABLE,NOT_AVAILABLE,,NOT_AVAILABLE,NOT_AVAILABLE,NOT_AVAILABLE,NOT_AVAILABLE,False,INSUFFICIENT_EVIDENCE,False
B,v0.2,v0.3,CC-2026-EMBODIED-AI,RC-2025-RES-COPPER,CROSS_MACRO_THEME,COMPARISON_POINT_UNKNOWN,NOT_AVAILABLE,NOT_AVAILABLE,,NOT_AVAILABLE,NOT_AVAILABLE,NOT_AVAILABLE,NOT_AVAILABLE,False,INSUFFICIENT_EVIDENCE,False
B,v0.2,v0.3,CC-2026-EMBODIED-AI,RC-2017-RES-ALUMINUM,CROSS_MACRO_THEME,COMPARISON_POINT_UNKNOWN,NOT_AVAILABLE,NOT_AVAILABLE,,NOT_AVAILABLE,NOT_AVAILABLE,NOT_AVAILABLE,NOT_AVAILABLE,False,INSUFFICIENT_EVIDENCE,False
B,v0.2,v0.3,CC-2026-EMBODIED-AI,RC-2016-RES-CHEM-ENV,CROSS_MACRO_THEME,COMPARISON_POINT_UNKNOWN,NOT_AVAILABLE,NOT_AVAILABLE,,NOT_AVAILABLE,NOT_AVAILABLE,NOT_AVAILABLE,NOT_AVAILABLE,False,INSUFFICIENT_EVIDENCE,False
B,v0.2,v0.3,CC-2026-EMBODIED-AI,RC-2022-SEMI-CHIPSHORTAGE,CROSS_MACRO_THEME,COMPARISON_POINT_UNKNOWN,NOT_AVAILABLE,NOT_AVAILABLE,,NOT_AVAILABLE,NOT_AVAILABLE,NOT_AVAILABLE,NOT_AVAILABLE,False,INSUFFICIENT_EVIDENCE,False
B,v0.2,v0.3,CC-2026-EMBODIED-AI,RC-2024-SEMI-FUND3,CROSS_MACRO_THEME,COMPARISON_POINT_UNKNOWN,NOT_AVAILABLE,NOT_AVAILABLE,,NOT_AVAILABLE,NOT_AVAILABLE,NOT_AVAILABLE,NOT_AVAILABLE,False,INSUFFICIENT_EVIDENCE,False
B,v0.2,v0.3,CC-2026-EMBODIED-AI,RC-2015-SEMI-LEVERAGE,CROSS_MACRO_THEME,COMPARISON_POINT_UNKNOWN,NOT_AVAILABLE,NOT_AVAILABLE,,NOT_AVAILABLE,NOT_AVAILABLE,NOT_AVAILABLE,NOT_AVAILABLE,False,INSUFFICIENT_EVIDENCE,False
B,v0.2,v0.3,CC-2026-EMBODIED-AI,RC-2017-GPU-MINING,CROSS_MACRO_THEME,COMPARISON_POINT_UNKNOWN,NOT_AVAILABLE,NOT_AVAILABLE,,NOT_AVAILABLE,NOT_AVAILABLE,NOT_AVAILABLE,NOT_AVAILABLE,False,INSUFFICIENT_EVIDENCE,False
B,v0.2,v0.3,CC-2026-EMBODIED-AI,RC-2024-HIEQ-EQUIP-UPDATE,CROSS_MACRO_THEME,MATCH,NOT_AVAILABLE,NOT_AVAILABLE,,MATCH,SEQUENCE_MATCH,MISMATCH,SINGLE_TYPE_ONLY,False,INSUFFICIENT_EVIDENCE,False
B,v0.2,v0.3,CC-2026-EMBODIED-AI,RC-2024-HIEQ-HUMANOID-MASS,SAME_MACRO_THEME,MATCH,NOT_AVAILABLE,NOT_AVAILABLE,,MISMATCH,SEQUENCE_MISMATCH,MISMATCH,SINGLE_TYPE_ONLY,False,INSUFFICIENT_EVIDENCE,False
B,v0.2,v0.3,CC-2026-EMBODIED-AI,RC-2024-RE-POLICY-517,CROSS_MACRO_THEME,COMPARISON_POINT_UNKNOWN,NOT_AVAILABLE,NOT_AVAILABLE,,NOT_AVAILABLE,NOT_AVAILABLE,NOT_AVAILABLE,NOT_AVAILABLE,False,INSUFFICIENT_EVIDENCE,False
B,v0.2,v0.3,CC-2026-EMBODIED-AI,RC-2019-RE-EASING,CROSS_MACRO_THEME,COMPARISON_POINT_UNKNOWN,NOT_AVAILABLE,NOT_AVAILABLE,,NOT_AVAILABLE,NOT_AVAILABLE,NOT_AVAILABLE,NOT_AVAILABLE,False,INSUFFICIENT_EVIDENCE,False
B,v0.2,v0.3,CC-2026-EMBODIED-AI,RC-2020-FIN-BROKER-VOLUME,CROSS_MACRO_THEME,COMPARISON_POINT_UNKNOWN,NOT_AVAILABLE,NOT_AVAILABLE,,NOT_AVAILABLE,NOT_AVAILABLE,NOT_AVAILABLE,NOT_AVAILABLE,False,INSUFFICIENT_EVIDENCE,False
B,v0.2,v0.3,CC-2026-EMBODIED-AI,RC-2016-RE-SHANTY,CROSS_MACRO_THEME,COMPARISON_POINT_UNKNOWN,NOT_AVAILABLE,NOT_AVAILABLE,,NOT_AVAILABLE,NOT_AVAILABLE,NOT_AVAILABLE,NOT_AVAILABLE,False,INSUFFICIENT_EVIDENCE,False
B,v0.2,v0.3,CC-2026-EMBODIED-AI,RC-2015-FIN-LEVERAGE,CROSS_MACRO_THEME,COMPARISON_POINT_UNKNOWN,NOT_AVAILABLE,NOT_AVAILABLE,,NOT_AVAILABLE,NOT_AVAILABLE,NOT_AVAILABLE,NOT_AVAILABLE,False,INSUFFICIENT_EVIDENCE,False
B,v0.2,v0.3,CC-2026-EMBODIED-AI,RC-2019-MIL-PARADE-70,CROSS_MACRO_THEME,MATCH,MISMATCH,NONE,,NOT_AVAILABLE,NOT_AVAILABLE,NOT_AVAILABLE,NOT_AVAILABLE,False,INSUFFICIENT_EVIDENCE,False
B,v0.2,v0.3,CC-2026-EMBODIED-AI,RC-2025-MIL-PARADE-80,CROSS_MACRO_THEME,MATCH,MISMATCH,NONE,,NOT_AVAILABLE,NOT_AVAILABLE,NOT_AVAILABLE,NOT_AVAILABLE,False,INSUFFICIENT_EVIDENCE,False
B,v0.2,v0.3,CC-2026-EMBODIED-AI,RC-2017-MIL-MIXED-REFORM,CROSS_MACRO_THEME,MATCH,PERIPHERAL_OVERLAP,PERIPHERAL_ONLY,POLICY_DRIVEN,NOT_AVAILABLE,NOT_AVAILABLE,NOT_AVAILABLE,NOT_AVAILABLE,False,INSUFFICIENT_EVIDENCE,False
B,v0.2,v0.3,CC-2026-EMBODIED-AI,RC-2015-MIL-REFORM-BULL,CROSS_MACRO_THEME,MISMATCH,PERIPHERAL_OVERLAP,PERIPHERAL_ONLY,POLICY_DRIVEN,NOT_AVAILABLE,NOT_AVAILABLE,NOT_AVAILABLE,NOT_AVAILABLE,False,INSUFFICIENT_EVIDENCE,False
B,v0.2,v0.3,CC-2026-EMBODIED-AI,RC-2024-MIL-COMMERCIAL-SPACE,CROSS_MACRO_THEME,MATCH,PARTIAL,MULTI_MECHANISM,POLICY_DRIVEN|TECH_BREAKTHROUGH,NOT_AVAILABLE,NOT_AVAILABLE,NOT_AVAILABLE,NOT_AVAILABLE,False,INSUFFICIENT_EVIDENCE,False
B,v0.2,v0.3,CC-2026-OPTICAL-LINK,C-2019-AD,CROSS_MACRO_THEME,MATCH,MISMATCH,NONE,,NOT_AVAILABLE,NOT_AVAILABLE,MISMATCH,SINGLE_TYPE_ONLY,True,NO_VALID_CORRESPONDENCE,False
B,v0.2,v0.3,CC-2026-OPTICAL-LINK,C-2020-NEV,CROSS_MACRO_THEME,MATCH,PERIPHERAL_OVERLAP,PERIPHERAL_ONLY,INDUSTRY_UPGRADE,MATCH,SEQUENCE_MATCH,MISMATCH,SINGLE_TYPE_ONLY,True,NO_VALID_CORRESPONDENCE,False
B,v0.2,v0.3,CC-2026-OPTICAL-LINK,C-2021-NEV,CROSS_MACRO_THEME,MATCH,MISMATCH,NONE,,PARTIAL,SEQUENCE_PARTIAL,PARTIAL,MULTI_TYPE_WITH_CHRONOLOGY,True,STRUCTURAL_PARTIAL,False
B,v0.2,v0.3,CC-2026-OPTICAL-LINK,C-2022-POLICY,CROSS_MACRO_THEME,MATCH,MISMATCH,NONE,,PARTIAL,SEQUENCE_PARTIAL,PARTIAL,MULTI_TYPE_WITH_CHRONOLOGY,True,STRUCTURAL_PARTIAL,False
B,v0.2,v0.3,CC-2026-OPTICAL-LINK,C-2023-AD,CROSS_MACRO_THEME,MATCH,PERIPHERAL_OVERLAP,PERIPHERAL_ONLY,TECH_BREAKTHROUGH,PARTIAL,SEQUENCE_PARTIAL,PARTIAL,MULTI_TYPE_WITH_CHRONOLOGY,True,NO_VALID_CORRESPONDENCE,False
B,v0.2,v0.3,CC-2026-OPTICAL-LINK,C-2024-V2X,CROSS_MACRO_THEME,PARTIAL,MISMATCH,NONE,,MISMATCH,SEQUENCE_MISMATCH,MISMATCH,SINGLE_TYPE_ONLY,False,NO_VALID_CORRESPONDENCE,False
B,v0.2,v0.3,CC-2026-OPTICAL-LINK,C-2024-ROBOTAXI,CROSS_MACRO_THEME,MATCH,MISMATCH,NONE,,NOT_AVAILABLE,NOT_AVAILABLE,MISMATCH,SINGLE_TYPE_ONLY,True,NO_VALID_CORRESPONDENCE,False
B,v0.2,v0.3,CC-2026-OPTICAL-LINK,C-2025-ROBOTAXI,CROSS_MACRO_THEME,MATCH,PARTIAL,MULTI_MECHANISM,DEMAND_SURGE|INDUSTRY_UPGRADE,MATCH,SEQUENCE_MATCH,PARTIAL,MULTI_TYPE_WITH_CHRONOLOGY,True,STRUCTURAL_SUPPORTED,False
B,v0.2,v0.3,CC-2026-OPTICAL-LINK,C-2016-CONS-BAIJIU-UPGRADE,CROSS_MACRO_THEME,MATCH,PERIPHERAL_OVERLAP,PERIPHERAL_ONLY,DEMAND_SURGE,PARTIAL,SET_ONLY,PARTIAL,MULTI_TYPE_WITH_CHRONOLOGY,False,NO_VALID_CORRESPONDENCE,False
B,v0.2,v0.3,CC-2026-OPTICAL-LINK,C-2018-CONS-HOG-AFRICAN,CROSS_MACRO_THEME,MATCH,MISMATCH,NONE,,PARTIAL,SEQUENCE_PARTIAL,PARTIAL,MULTI_TYPE_WITH_CHRONOLOGY,False,STRUCTURAL_PARTIAL,False
B,v0.2,v0.3,CC-2026-OPTICAL-LINK,C-2019-CONS-BAIJIU-CORE,CROSS_MACRO_THEME,MATCH,PARTIAL,MULTI_MECHANISM,DEMAND_SURGE|INDUSTRY_UPGRADE,PARTIAL,SET_ONLY,PARTIAL,MULTI_TYPE_WITH_CHRONOLOGY,False,STRUCTURAL_PARTIAL,False
B,v0.2,v0.3,CC-2026-OPTICAL-LINK,C-2019-CONS-AESTHETICS,CROSS_MACRO_THEME,MATCH,PERIPHERAL_OVERLAP,PERIPHERAL_ONLY,INDUSTRY_UPGRADE,NOT_AVAILABLE,NOT_AVAILABLE,MISMATCH,SINGLE_TYPE_ONLY,False,NO_VALID_CORRESPONDENCE,False
B,v0.2,v0.3,CC-2026-OPTICAL-LINK,C-2020-CONS-DUTYFREE,CROSS_MACRO_THEME,MATCH,PERIPHERAL_OVERLAP,PERIPHERAL_ONLY,DEMAND_SURGE,PARTIAL,SET_ONLY,PARTIAL,MULTI_TYPE_WITH_CHRONOLOGY,False,NO_VALID_CORRESPONDENCE,False
B,v0.2,v0.3,CC-2026-OPTICAL-LINK,C-2020-CONS-WHITE-GOODS,CROSS_MACRO_THEME,MATCH,PERIPHERAL_OVERLAP,PERIPHERAL_ONLY,DEMAND_SURGE,NOT_AVAILABLE,NOT_AVAILABLE,MISMATCH,SINGLE_TYPE_ONLY,False,NO_VALID_CORRESPONDENCE,False
B,v0.2,v0.3,CC-2026-OPTICAL-LINK,C-2020-CONS-BEAUTY-CN,CROSS_MACRO_THEME,MATCH,MISMATCH,NONE,,NOT_AVAILABLE,NOT_AVAILABLE,MISMATCH,SINGLE_TYPE_ONLY,False,NO_VALID_CORRESPONDENCE,False
B,v0.2,v0.3,CC-2026-OPTICAL-LINK,C-2021-CONS-HOG-REVERSAL,CROSS_MACRO_THEME,MATCH,MISMATCH,NONE,,PARTIAL,SEQUENCE_PARTIAL,PARTIAL,MULTI_TYPE_WITH_CHRONOLOGY,False,STRUCTURAL_PARTIAL,False
B,v0.2,v0.3,CC-2026-OPTICAL-LINK,C-2022-CONS-SERVICE-REBOUND,CROSS_MACRO_THEME,MATCH,PERIPHERAL_OVERLAP,PERIPHERAL_ONLY,DEMAND_SURGE,PARTIAL,SET_ONLY,PARTIAL,MULTI_TYPE_WITH_CHRONOLOGY,False,NO_VALID_CORRESPONDENCE,False
B,v0.2,v0.3,CC-2026-OPTICAL-LINK,C-2023-CONS-VALUE-RETAIL,CROSS_MACRO_THEME,MATCH,PERIPHERAL_OVERLAP,PERIPHERAL_ONLY,DEMAND_SURGE,NOT_AVAILABLE,NOT_AVAILABLE,MISMATCH,SINGLE_TYPE_ONLY,False,NO_VALID_CORRESPONDENCE,False
B,v0.2,v0.3,CC-2026-OPTICAL-LINK,C-2024-CONS-TRADE-IN,CROSS_MACRO_THEME,MATCH,PERIPHERAL_OVERLAP,PERIPHERAL_ONLY,DEMAND_SURGE,PARTIAL,SET_ONLY,PARTIAL,MULTI_TYPE_WITH_CHRONOLOGY,False,NO_VALID_CORRESPONDENCE,False
B,v0.2,v0.3,CC-2026-OPTICAL-LINK,C-2019-MIL-GROUP-RESTRUCTURE,CROSS_MACRO_THEME,MATCH,MISMATCH,NONE,,MATCH,SEQUENCE_MATCH,PARTIAL,MULTI_TYPE_WITH_CHRONOLOGY,True,STRUCTURAL_PARTIAL,False
B,v0.2,v0.3,CC-2026-OPTICAL-LINK,C-2020-MIL-EQUIP-ORDER,CROSS_MACRO_THEME,MATCH,PARTIAL,PRIMARY_MECHANISM_OVERLAP,DEMAND_SURGE,PARTIAL,SEQUENCE_PARTIAL,PARTIAL,MULTI_TYPE_WITH_CHRONOLOGY,True,STRUCTURAL_PARTIAL,False
B,v0.2,v0.3,CC-2026-OPTICAL-LINK,C-2020-RE-DEBT-RISK,CROSS_MACRO_THEME,MISMATCH,MISMATCH,NONE,,PARTIAL,SET_ONLY,PARTIAL,MULTI_TYPE_WITH_CHRONOLOGY,True,STRUCTURAL_PARTIAL,False
B,v0.2,v0.3,CC-2026-OPTICAL-LINK,C-2020-FIN-BANK-CREDIT,CROSS_MACRO_THEME,MATCH,MISMATCH,NONE,,PARTIAL,SET_ONLY,PARTIAL,MULTI_TYPE_WITH_CHRONOLOGY,False,STRUCTURAL_PARTIAL,False
B,v0.2,v0.3,CC-2026-OPTICAL-LINK,C-2022-RE-POLICY-THREE,CROSS_MACRO_THEME,MATCH,MISMATCH,NONE,,MISMATCH,SEQUENCE_MISMATCH,MISMATCH,SINGLE_TYPE_ONLY,True,NO_VALID_CORRESPONDENCE,False
B,v0.2,v0.3,CC-2026-OPTICAL-LINK,C-2023-FIN-SOE-VALUATION,CROSS_MACRO_THEME,MATCH,MISMATCH,NONE,,PARTIAL,SEQUENCE_PARTIAL,MISMATCH,SINGLE_TYPE_ONLY,True,STRUCTURAL_PARTIAL,False
B,v0.2,v0.3,CC-2026-OPTICAL-LINK,C-2024-FIN-BROKER-POLICY,CROSS_MACRO_THEME,MATCH,MISMATCH,NONE,,PARTIAL,SET_ONLY,PARTIAL,MULTI_TYPE_WITH_CHRONOLOGY,True,STRUCTURAL_PARTIAL,False
B,v0.2,v0.3,CC-2026-OPTICAL-LINK,C-2024-FIN-BANK-DIVIDEND,CROSS_MACRO_THEME,MATCH,MISMATCH,NONE,,NOT_AVAILABLE,NOT_AVAILABLE,MISMATCH,SINGLE_TYPE_ONLY,True,NO_VALID_CORRESPONDENCE,False
B,v0.2,v0.3,CC-2026-OPTICAL-LINK,C-2025-FIN-INSURANCE,CROSS_MACRO_THEME,MATCH,MISMATCH,NONE,,NOT_AVAILABLE,NOT_AVAILABLE,MISMATCH,SINGLE_TYPE_ONLY,False,NO_VALID_CORRESPONDENCE,False
B,v0.2,v0.3,CC-2026-OPTICAL-LINK,C-2016-HIEQ-CONSTR,CROSS_MACRO_THEME,MATCH,PERIPHERAL_OVERLAP,PERIPHERAL_ONLY,DEMAND_SURGE,PARTIAL,SEQUENCE_PARTIAL,PARTIAL,MULTI_TYPE_WITH_CHRONOLOGY,False,NO_VALID_CORRESPONDENCE,False
B,v0.2,v0.3,CC-2026-OPTICAL-LINK,C-2018-HIEQ-ROBOT-DOWN,CROSS_MACRO_THEME,MISMATCH,PERIPHERAL_OVERLAP,PERIPHERAL_ONLY,DEMAND_SURGE,PARTIAL,SEQUENCE_PARTIAL,MISMATCH,SINGLE_TYPE_ONLY,False,NO_VALID_CORRESPONDENCE,False
B,v0.2,v0.3,CC-2026-OPTICAL-LINK,C-2020-HIEQ-AUTOMATION,CROSS_MACRO_THEME,MATCH,PARTIAL,MULTI_MECHANISM,DEMAND_SURGE|TECH_BREAKTHROUGH,PARTIAL,SEQUENCE_PARTIAL,PARTIAL,MULTI_TYPE_WITH_CHRONOLOGY,False,STRUCTURAL_PARTIAL,False
B,v0.2,v0.3,CC-2026-OPTICAL-LINK,C-2023-HIEQ-ROBOT-PLUS,CROSS_MACRO_THEME,MATCH,PERIPHERAL_OVERLAP,PERIPHERAL_ONLY,DEMAND_SURGE,PARTIAL,SET_ONLY,PARTIAL,MULTI_TYPE_WITH_CHRONOLOGY,False,NO_VALID_CORRESPONDENCE,False
B,v0.2,v0.3,CC-2026-OPTICAL-LINK,C-2023-HIEQ-HUMANOID,CROSS_MACRO_THEME,MATCH,PARTIAL,MULTI_MECHANISM,INDUSTRY_UPGRADE|TECH_BREAKTHROUGH,PARTIAL,SEQUENCE_PARTIAL,PARTIAL,MULTI_TYPE_WITH_CHRONOLOGY,False,STRUCTURAL_PARTIAL,False
B,v0.2,v0.3,CC-2026-OPTICAL-LINK,C-2019-COMM-5G,SAME_MACRO_THEME,MATCH,PERIPHERAL_OVERLAP,PERIPHERAL_ONLY,DEMAND_SURGE,MISMATCH,SEQUENCE_MISMATCH,MISMATCH,SINGLE_TYPE_ONLY,True,THEME_ONLY,False
B,v0.2,v0.3,CC-2026-OPTICAL-LINK,C-2023-COMM-OPTICAL,SAME_MACRO_THEME,MATCH,PARTIAL,MULTI_MECHANISM,DEMAND_SURGE|TECH_BREAKTHROUGH,PARTIAL,SEQUENCE_PARTIAL,PARTIAL,MULTI_TYPE_WITH_CHRONOLOGY,True,STRUCTURAL_SUPPORTED,False
B,v0.2,v0.3,CC-2026-OPTICAL-LINK,C-2019-PHARMA-INNOV,CROSS_MACRO_THEME,MATCH,MISMATCH,NONE,,MISMATCH,SEQUENCE_MISMATCH,MISMATCH,SINGLE_TYPE_ONLY,True,NO_VALID_CORRESPONDENCE,False
B,v0.2,v0.3,CC-2026-OPTICAL-LINK,C-2020-POWER-NE,CROSS_MACRO_THEME,MATCH,MISMATCH,NONE,,MISMATCH,SEQUENCE_MISMATCH,MISMATCH,SINGLE_TYPE_ONLY,True,NO_VALID_CORRESPONDENCE,False
B,v0.2,v0.3,CC-2026-OPTICAL-LINK,C-2022-POWER-GRID,CROSS_MACRO_THEME,MATCH,MISMATCH,NONE,,PARTIAL,SEQUENCE_PARTIAL,PARTIAL,MULTI_TYPE_WITH_CHRONOLOGY,True,STRUCTURAL_PARTIAL,False
B,v0.2,v0.3,CC-2026-OPTICAL-LINK,C-2019-RES-DYE-SHOCK,CROSS_MACRO_THEME,MATCH,MISMATCH,NONE,,PARTIAL,SEQUENCE_PARTIAL,PARTIAL,MULTI_TYPE_WITH_CHRONOLOGY,False,STRUCTURAL_PARTIAL,False
B,v0.2,v0.3,CC-2026-OPTICAL-LINK,C-2020-RES-NONFERROUS,CROSS_MACRO_THEME,MATCH,PERIPHERAL_OVERLAP,PERIPHERAL_ONLY,DEMAND_SURGE,NOT_AVAILABLE,NOT_AVAILABLE,MISMATCH,SINGLE_TYPE_ONLY,False,NO_VALID_CORRESPONDENCE,False
B,v0.2,v0.3,CC-2026-OPTICAL-LINK,C-2020-RES-LITHIUM,CROSS_MACRO_THEME,MATCH,MISMATCH,NONE,,PARTIAL,SEQUENCE_PARTIAL,MISMATCH,SINGLE_TYPE_ONLY,False,STRUCTURAL_PARTIAL,False
B,v0.2,v0.3,CC-2026-OPTICAL-LINK,C-2020-RES-RAREEARTH,CROSS_MACRO_THEME,MATCH,MISMATCH,NONE,,PARTIAL,SEQUENCE_PARTIAL,MISMATCH,SINGLE_TYPE_ONLY,False,STRUCTURAL_PARTIAL,False
B,v0.2,v0.3,CC-2026-OPTICAL-LINK,C-2021-RES-CHEM-DUALCTRL,CROSS_MACRO_THEME,MATCH,MISMATCH,NONE,,PARTIAL,SET_ONLY,PARTIAL,MULTI_TYPE_WITH_CHRONOLOGY,False,STRUCTURAL_PARTIAL,False
B,v0.2,v0.3,CC-2026-OPTICAL-LINK,C-2024-RES-GOLD-CB,CROSS_MACRO_THEME,MATCH,MISMATCH,NONE,,PARTIAL,SEQUENCE_PARTIAL,MISMATCH,SINGLE_TYPE_ONLY,False,STRUCTURAL_PARTIAL,False
B,v0.2,v0.3,CC-2026-OPTICAL-LINK,C-2016-PANEL-CYCLE,CROSS_MACRO_THEME,MATCH,PERIPHERAL_OVERLAP,PERIPHERAL_ONLY,DEMAND_SURGE,NOT_AVAILABLE,NOT_AVAILABLE,NOT_AVAILABLE,NOT_AVAILABLE,False,INSUFFICIENT_EVIDENCE,False
B,v0.2,v0.3,CC-2026-OPTICAL-LINK,C-2019-SEMI-LOCALIZATION,CROSS_MACRO_THEME,MATCH,PERIPHERAL_OVERLAP,PERIPHERAL_ONLY,DEMAND_SURGE,PARTIAL,SEQUENCE_PARTIAL,PARTIAL,MULTI_TYPE_WITH_CHRONOLOGY,False,NO_VALID_CORRESPONDENCE,False
B,v0.2,v0.3,CC-2026-OPTICAL-LINK,C-2019-CONSUMER-TWS,CROSS_MACRO_THEME,MATCH,PERIPHERAL_OVERLAP,PERIPHERAL_ONLY,DEMAND_SURGE,PARTIAL,SEQUENCE_PARTIAL,MISMATCH,SINGLE_TYPE_ONLY,False,NO_VALID_CORRESPONDENCE,False
B,v0.2,v0.3,CC-2026-OPTICAL-LINK,C-2020-SEMI-EQUIPMENT,CROSS_MACRO_THEME,MATCH,MISMATCH,NONE,,PARTIAL,SEQUENCE_PARTIAL,PARTIAL,MULTI_TYPE_WITH_CHRONOLOGY,False,STRUCTURAL_PARTIAL,False
B,v0.2,v0.3,CC-2026-OPTICAL-LINK,C-2020-PANEL-CYCLE,CROSS_MACRO_THEME,MATCH,PERIPHERAL_OVERLAP,PERIPHERAL_ONLY,DEMAND_SURGE,PARTIAL,SEQUENCE_PARTIAL,MISMATCH,SINGLE_TYPE_ONLY,False,NO_VALID_CORRESPONDENCE,False
B,v0.2,v0.3,CC-2026-OPTICAL-LINK,C-2022-SEMI-DOWNTURN,CROSS_MACRO_THEME,MISMATCH,PERIPHERAL_OVERLAP,PERIPHERAL_ONLY,DEMAND_SURGE,NOT_AVAILABLE,NOT_AVAILABLE,MISMATCH,SINGLE_TYPE_ONLY,False,NO_VALID_CORRESPONDENCE,False
B,v0.2,v0.3,CC-2026-OPTICAL-LINK,C-2023-AI-COMPUTE-SEMI,CROSS_MACRO_THEME,MATCH,PARTIAL,SET_EQUAL_NO_PROVENANCE,DEMAND_SURGE|INDUSTRY_UPGRADE|TECH_BREAKTHROUGH,NOT_AVAILABLE,NOT_AVAILABLE,MISMATCH,SINGLE_TYPE_ONLY,False,STRUCTURAL_PARTIAL,False
B,v0.2,v0.3,CC-2026-OPTICAL-LINK,C-2024-SEMI-MEMORY,CROSS_MACRO_THEME,MATCH,PERIPHERAL_OVERLAP,PERIPHERAL_ONLY,DEMAND_SURGE,NOT_AVAILABLE,NOT_AVAILABLE,MISMATCH,SINGLE_TYPE_ONLY,False,NO_VALID_CORRESPONDENCE,False
B,v0.2,v0.3,CC-2026-OPTICAL-LINK,RC-2023-HUAWEI,CROSS_MACRO_THEME,MATCH,PERIPHERAL_OVERLAP,PERIPHERAL_ONLY,TECH_BREAKTHROUGH,NOT_AVAILABLE,NOT_AVAILABLE,MISMATCH,SINGLE_TYPE_ONLY,True,NO_VALID_CORRESPONDENCE,False
B,v0.2,v0.3,CC-2026-OPTICAL-LINK,RC-2024-SECONDARY,CROSS_MACRO_THEME,MISMATCH,NOT_AVAILABLE,NOT_AVAILABLE,,NOT_AVAILABLE,NOT_AVAILABLE,NOT_AVAILABLE,NOT_AVAILABLE,False,INSUFFICIENT_EVIDENCE,False
B,v0.2,v0.3,CC-2026-OPTICAL-LINK,RC-2020-PANDEMIC,CROSS_MACRO_THEME,MATCH,PARTIAL,PRIMARY_MECHANISM_OVERLAP,DEMAND_SURGE,NOT_AVAILABLE,NOT_AVAILABLE,MISMATCH,NO_CORRESPONDENCE,True,STRUCTURAL_PARTIAL,False
B,v0.2,v0.3,CC-2026-OPTICAL-LINK,RC-2021-TCM,CROSS_MACRO_THEME,PARTIAL,MISMATCH,NONE,,NOT_AVAILABLE,NOT_AVAILABLE,MISMATCH,SINGLE_TYPE_ONLY,True,NO_VALID_CORRESPONDENCE,False
B,v0.2,v0.3,CC-2026-OPTICAL-LINK,RC-2020-CONS-SMALL-APPLIANCE,CROSS_MACRO_THEME,COMPARISON_POINT_UNKNOWN,NOT_AVAILABLE,NOT_AVAILABLE,,NOT_AVAILABLE,NOT_AVAILABLE,NOT_AVAILABLE,NOT_AVAILABLE,False,INSUFFICIENT_EVIDENCE,False
B,v0.2,v0.3,CC-2026-OPTICAL-LINK,RC-2024-CONS-PET-FOOD,CROSS_MACRO_THEME,COMPARISON_POINT_UNKNOWN,NOT_AVAILABLE,NOT_AVAILABLE,,NOT_AVAILABLE,NOT_AVAILABLE,NOT_AVAILABLE,NOT_AVAILABLE,False,INSUFFICIENT_EVIDENCE,False
B,v0.2,v0.3,CC-2026-OPTICAL-LINK,RC-2020-RES-GOLD-RATES,CROSS_MACRO_THEME,COMPARISON_POINT_UNKNOWN,NOT_AVAILABLE,NOT_AVAILABLE,,NOT_AVAILABLE,NOT_AVAILABLE,NOT_AVAILABLE,NOT_AVAILABLE,False,INSUFFICIENT_EVIDENCE,False
B,v0.2,v0.3,CC-2026-OPTICAL-LINK,RC-2022-RES-FERTILIZER,CROSS_MACRO_THEME,COMPARISON_POINT_UNKNOWN,NOT_AVAILABLE,NOT_AVAILABLE,,NOT_AVAILABLE,NOT_AVAILABLE,NOT_AVAILABLE,NOT_AVAILABLE,False,INSUFFICIENT_EVIDENCE,False
B,v0.2,v0.3,CC-2026-OPTICAL-LINK,RC-2025-RES-COPPER,CROSS_MACRO_THEME,COMPARISON_POINT_UNKNOWN,NOT_AVAILABLE,NOT_AVAILABLE,,NOT_AVAILABLE,NOT_AVAILABLE,NOT_AVAILABLE,NOT_AVAILABLE,False,INSUFFICIENT_EVIDENCE,False
B,v0.2,v0.3,CC-2026-OPTICAL-LINK,RC-2017-RES-ALUMINUM,CROSS_MACRO_THEME,COMPARISON_POINT_UNKNOWN,NOT_AVAILABLE,NOT_AVAILABLE,,NOT_AVAILABLE,NOT_AVAILABLE,NOT_AVAILABLE,NOT_AVAILABLE,False,INSUFFICIENT_EVIDENCE,False
B,v0.2,v0.3,CC-2026-OPTICAL-LINK,RC-2016-RES-CHEM-ENV,CROSS_MACRO_THEME,COMPARISON_POINT_UNKNOWN,NOT_AVAILABLE,NOT_AVAILABLE,,NOT_AVAILABLE,NOT_AVAILABLE,NOT_AVAILABLE,NOT_AVAILABLE,False,INSUFFICIENT_EVIDENCE,False
B,v0.2,v0.3,CC-2026-OPTICAL-LINK,RC-2022-SEMI-CHIPSHORTAGE,CROSS_MACRO_THEME,COMPARISON_POINT_UNKNOWN,NOT_AVAILABLE,NOT_AVAILABLE,,NOT_AVAILABLE,NOT_AVAILABLE,NOT_AVAILABLE,NOT_AVAILABLE,False,INSUFFICIENT_EVIDENCE,False
B,v0.2,v0.3,CC-2026-OPTICAL-LINK,RC-2024-SEMI-FUND3,CROSS_MACRO_THEME,COMPARISON_POINT_UNKNOWN,NOT_AVAILABLE,NOT_AVAILABLE,,NOT_AVAILABLE,NOT_AVAILABLE,NOT_AVAILABLE,NOT_AVAILABLE,False,INSUFFICIENT_EVIDENCE,False
B,v0.2,v0.3,CC-2026-OPTICAL-LINK,RC-2015-SEMI-LEVERAGE,CROSS_MACRO_THEME,COMPARISON_POINT_UNKNOWN,NOT_AVAILABLE,NOT_AVAILABLE,,NOT_AVAILABLE,NOT_AVAILABLE,NOT_AVAILABLE,NOT_AVAILABLE,False,INSUFFICIENT_EVIDENCE,False
B,v0.2,v0.3,CC-2026-OPTICAL-LINK,RC-2017-GPU-MINING,CROSS_MACRO_THEME,COMPARISON_POINT_UNKNOWN,NOT_AVAILABLE,NOT_AVAILABLE,,NOT_AVAILABLE,NOT_AVAILABLE,NOT_AVAILABLE,NOT_AVAILABLE,False,INSUFFICIENT_EVIDENCE,False
B,v0.2,v0.3,CC-2026-OPTICAL-LINK,RC-2024-HIEQ-EQUIP-UPDATE,CROSS_MACRO_THEME,MATCH,NOT_AVAILABLE,NOT_AVAILABLE,,MISMATCH,SEQUENCE_MISMATCH,MISMATCH,SINGLE_TYPE_ONLY,False,INSUFFICIENT_EVIDENCE,False
B,v0.2,v0.3,CC-2026-OPTICAL-LINK,RC-2024-HIEQ-HUMANOID-MASS,CROSS_MACRO_THEME,MATCH,NOT_AVAILABLE,NOT_AVAILABLE,,MATCH,SEQUENCE_MATCH,MISMATCH,SINGLE_TYPE_ONLY,False,INSUFFICIENT_EVIDENCE,False
B,v0.2,v0.3,CC-2026-OPTICAL-LINK,RC-2024-RE-POLICY-517,CROSS_MACRO_THEME,COMPARISON_POINT_UNKNOWN,NOT_AVAILABLE,NOT_AVAILABLE,,NOT_AVAILABLE,NOT_AVAILABLE,NOT_AVAILABLE,NOT_AVAILABLE,False,INSUFFICIENT_EVIDENCE,False
B,v0.2,v0.3,CC-2026-OPTICAL-LINK,RC-2019-RE-EASING,CROSS_MACRO_THEME,COMPARISON_POINT_UNKNOWN,NOT_AVAILABLE,NOT_AVAILABLE,,NOT_AVAILABLE,NOT_AVAILABLE,NOT_AVAILABLE,NOT_AVAILABLE,False,INSUFFICIENT_EVIDENCE,False
B,v0.2,v0.3,CC-2026-OPTICAL-LINK,RC-2020-FIN-BROKER-VOLUME,CROSS_MACRO_THEME,COMPARISON_POINT_UNKNOWN,NOT_AVAILABLE,NOT_AVAILABLE,,NOT_AVAILABLE,NOT_AVAILABLE,NOT_AVAILABLE,NOT_AVAILABLE,False,INSUFFICIENT_EVIDENCE,False
B,v0.2,v0.3,CC-2026-OPTICAL-LINK,RC-2016-RE-SHANTY,CROSS_MACRO_THEME,COMPARISON_POINT_UNKNOWN,NOT_AVAILABLE,NOT_AVAILABLE,,NOT_AVAILABLE,NOT_AVAILABLE,NOT_AVAILABLE,NOT_AVAILABLE,False,INSUFFICIENT_EVIDENCE,False
B,v0.2,v0.3,CC-2026-OPTICAL-LINK,RC-2015-FIN-LEVERAGE,CROSS_MACRO_THEME,COMPARISON_POINT_UNKNOWN,NOT_AVAILABLE,NOT_AVAILABLE,,NOT_AVAILABLE,NOT_AVAILABLE,NOT_AVAILABLE,NOT_AVAILABLE,False,INSUFFICIENT_EVIDENCE,False
B,v0.2,v0.3,CC-2026-OPTICAL-LINK,RC-2019-MIL-PARADE-70,CROSS_MACRO_THEME,MATCH,MISMATCH,NONE,,NOT_AVAILABLE,NOT_AVAILABLE,NOT_AVAILABLE,NOT_AVAILABLE,False,INSUFFICIENT_EVIDENCE,False
B,v0.2,v0.3,CC-2026-OPTICAL-LINK,RC-2025-MIL-PARADE-80,CROSS_MACRO_THEME,MATCH,MISMATCH,NONE,,NOT_AVAILABLE,NOT_AVAILABLE,NOT_AVAILABLE,NOT_AVAILABLE,False,INSUFFICIENT_EVIDENCE,False
B,v0.2,v0.3,CC-2026-OPTICAL-LINK,RC-2017-MIL-MIXED-REFORM,CROSS_MACRO_THEME,MATCH,MISMATCH,NONE,,NOT_AVAILABLE,NOT_AVAILABLE,NOT_AVAILABLE,NOT_AVAILABLE,False,INSUFFICIENT_EVIDENCE,False
B,v0.2,v0.3,CC-2026-OPTICAL-LINK,RC-2015-MIL-REFORM-BULL,CROSS_MACRO_THEME,MISMATCH,MISMATCH,NONE,,NOT_AVAILABLE,NOT_AVAILABLE,NOT_AVAILABLE,NOT_AVAILABLE,False,INSUFFICIENT_EVIDENCE,False
B,v0.2,v0.3,CC-2026-OPTICAL-LINK,RC-2024-MIL-COMMERCIAL-SPACE,CROSS_MACRO_THEME,MATCH,PERIPHERAL_OVERLAP,PERIPHERAL_ONLY,TECH_BREAKTHROUGH,NOT_AVAILABLE,NOT_AVAILABLE,NOT_AVAILABLE,NOT_AVAILABLE,False,INSUFFICIENT_EVIDENCE,False
B,v0.2,v0.3,CC-2026-OFFSHORE-WIND,C-2019-AD,CROSS_MACRO_THEME,PARTIAL,PARTIAL,PRIMARY_MECHANISM_OVERLAP,POLICY_DRIVEN,NOT_AVAILABLE,NOT_AVAILABLE,MISMATCH,SINGLE_TYPE_ONLY,True,STRUCTURAL_PARTIAL,False
B,v0.2,v0.3,CC-2026-OFFSHORE-WIND,C-2020-NEV,CROSS_MACRO_THEME,PARTIAL,MISMATCH,NONE,,MISMATCH,SEQUENCE_MISMATCH,MISMATCH,SINGLE_TYPE_ONLY,True,NO_VALID_CORRESPONDENCE,False
B,v0.2,v0.3,CC-2026-OFFSHORE-WIND,C-2021-NEV,CROSS_MACRO_THEME,PARTIAL,PERIPHERAL_OVERLAP,PERIPHERAL_ONLY,SUPPLY_CONTRACTION,PARTIAL,SET_ONLY,PARTIAL,MULTI_TYPE_WITH_CHRONOLOGY,True,NO_VALID_CORRESPONDENCE,False
B,v0.2,v0.3,CC-2026-OFFSHORE-WIND,C-2022-POLICY,CROSS_MACRO_THEME,MATCH,PARTIAL,PRIMARY_MECHANISM_OVERLAP,POLICY_DRIVEN,PARTIAL,SEQUENCE_PARTIAL,PARTIAL,MULTI_TYPE_WITH_CHRONOLOGY,True,STRUCTURAL_PARTIAL,False
B,v0.2,v0.3,CC-2026-OFFSHORE-WIND,C-2023-AD,CROSS_MACRO_THEME,MATCH,PARTIAL,PRIMARY_MECHANISM_OVERLAP,POLICY_DRIVEN,PARTIAL,SEQUENCE_PARTIAL,PARTIAL,MULTI_TYPE_WITH_CHRONOLOGY,True,STRUCTURAL_PARTIAL,False
B,v0.2,v0.3,CC-2026-OFFSHORE-WIND,C-2024-V2X,CROSS_MACRO_THEME,MATCH,PERIPHERAL_OVERLAP,PERIPHERAL_ONLY,POLICY_DRIVEN,MISMATCH,SEQUENCE_MISMATCH,MISMATCH,SINGLE_TYPE_ONLY,False,NO_VALID_CORRESPONDENCE,False
B,v0.2,v0.3,CC-2026-OFFSHORE-WIND,C-2024-ROBOTAXI,CROSS_MACRO_THEME,PARTIAL,MISMATCH,NONE,,NOT_AVAILABLE,NOT_AVAILABLE,MISMATCH,SINGLE_TYPE_ONLY,True,NO_VALID_CORRESPONDENCE,False
B,v0.2,v0.3,CC-2026-OFFSHORE-WIND,C-2025-ROBOTAXI,CROSS_MACRO_THEME,PARTIAL,MISMATCH,NONE,,MATCH,SEQUENCE_MATCH,PARTIAL,MULTI_TYPE_WITH_CHRONOLOGY,True,STRUCTURAL_PARTIAL,False
B,v0.2,v0.3,CC-2026-OFFSHORE-WIND,C-2016-CONS-BAIJIU-UPGRADE,CROSS_MACRO_THEME,MISMATCH,PERIPHERAL_OVERLAP,PERIPHERAL_ONLY,SUPPLY_CONTRACTION,PARTIAL,SEQUENCE_PARTIAL,PARTIAL,MULTI_TYPE_WITH_CHRONOLOGY,False,NO_VALID_CORRESPONDENCE,False
B,v0.2,v0.3,CC-2026-OFFSHORE-WIND,C-2018-CONS-HOG-AFRICAN,CROSS_MACRO_THEME,MISMATCH,PERIPHERAL_OVERLAP,PERIPHERAL_ONLY,SUPPLY_CONTRACTION,PARTIAL,SEQUENCE_PARTIAL,PARTIAL,MULTI_TYPE_WITH_CHRONOLOGY,False,NO_VALID_CORRESPONDENCE,False
B,v0.2,v0.3,CC-2026-OFFSHORE-WIND,C-2019-CONS-BAIJIU-CORE,CROSS_MACRO_THEME,MISMATCH,MISMATCH,NONE,,PARTIAL,SEQUENCE_PARTIAL,PARTIAL,MULTI_TYPE_WITH_CHRONOLOGY,False,STRUCTURAL_PARTIAL,False
B,v0.2,v0.3,CC-2026-OFFSHORE-WIND,C-2019-CONS-AESTHETICS,CROSS_MACRO_THEME,MISMATCH,PERIPHERAL_OVERLAP,PERIPHERAL_ONLY,SUPPLY_CONTRACTION,NOT_AVAILABLE,NOT_AVAILABLE,MISMATCH,SINGLE_TYPE_ONLY,False,NO_VALID_CORRESPONDENCE,False
B,v0.2,v0.3,CC-2026-OFFSHORE-WIND,C-2020-CONS-DUTYFREE,CROSS_MACRO_THEME,MISMATCH,PERIPHERAL_OVERLAP,PERIPHERAL_ONLY,POLICY_DRIVEN,PARTIAL,SEQUENCE_PARTIAL,PARTIAL,MULTI_TYPE_WITH_CHRONOLOGY,False,NO_VALID_CORRESPONDENCE,False
B,v0.2,v0.3,CC-2026-OFFSHORE-WIND,C-2020-CONS-WHITE-GOODS,CROSS_MACRO_THEME,MISMATCH,PERIPHERAL_OVERLAP,PERIPHERAL_ONLY,SUPPLY_CONTRACTION,NOT_AVAILABLE,NOT_AVAILABLE,MISMATCH,SINGLE_TYPE_ONLY,False,NO_VALID_CORRESPONDENCE,False
B,v0.2,v0.3,CC-2026-OFFSHORE-WIND,C-2020-CONS-BEAUTY-CN,CROSS_MACRO_THEME,MISMATCH,PERIPHERAL_OVERLAP,PERIPHERAL_ONLY,POLICY_DRIVEN,NOT_AVAILABLE,NOT_AVAILABLE,MISMATCH,SINGLE_TYPE_ONLY,False,NO_VALID_CORRESPONDENCE,False
B,v0.2,v0.3,CC-2026-OFFSHORE-WIND,C-2021-CONS-HOG-REVERSAL,CROSS_MACRO_THEME,MISMATCH,PERIPHERAL_OVERLAP,PERIPHERAL_ONLY,SUPPLY_CONTRACTION,PARTIAL,SEQUENCE_PARTIAL,PARTIAL,MULTI_TYPE_WITH_CHRONOLOGY,False,NO_VALID_CORRESPONDENCE,False
B,v0.2,v0.3,CC-2026-OFFSHORE-WIND,C-2022-CONS-SERVICE-REBOUND,CROSS_MACRO_THEME,MISMATCH,PERIPHERAL_OVERLAP,PERIPHERAL_ONLY,POLICY_DRIVEN,PARTIAL,SEQUENCE_PARTIAL,PARTIAL,MULTI_TYPE_WITH_CHRONOLOGY,False,NO_VALID_CORRESPONDENCE,False
B,v0.2,v0.3,CC-2026-OFFSHORE-WIND,C-2023-CONS-VALUE-RETAIL,CROSS_MACRO_THEME,MISMATCH,MISMATCH,NONE,,NOT_AVAILABLE,NOT_AVAILABLE,MISMATCH,SINGLE_TYPE_ONLY,False,NO_VALID_CORRESPONDENCE,False
B,v0.2,v0.3,CC-2026-OFFSHORE-WIND,C-2024-CONS-TRADE-IN,CROSS_MACRO_THEME,MISMATCH,PERIPHERAL_OVERLAP,PERIPHERAL_ONLY,POLICY_DRIVEN,PARTIAL,SEQUENCE_PARTIAL,PARTIAL,MULTI_TYPE_WITH_CHRONOLOGY,False,NO_VALID_CORRESPONDENCE,False
B,v0.2,v0.3,CC-2026-OFFSHORE-WIND,C-2019-MIL-GROUP-RESTRUCTURE,CROSS_MACRO_THEME,MISMATCH,PARTIAL,PRIMARY_MECHANISM_OVERLAP,POLICY_DRIVEN,MATCH,SEQUENCE_MATCH,PARTIAL,MULTI_TYPE_WITH_CHRONOLOGY,True,STRUCTURAL_PARTIAL,False
B,v0.2,v0.3,CC-2026-OFFSHORE-WIND,C-2020-MIL-EQUIP-ORDER,CROSS_MACRO_THEME,MISMATCH,MISMATCH,NONE,,PARTIAL,SEQUENCE_PARTIAL,PARTIAL,MULTI_TYPE_WITH_CHRONOLOGY,True,STRUCTURAL_PARTIAL,False
B,v0.2,v0.3,CC-2026-OFFSHORE-WIND,C-2020-RE-DEBT-RISK,CROSS_MACRO_THEME,MISMATCH,PARTIAL,PRIMARY_MECHANISM_OVERLAP,POLICY_DRIVEN,PARTIAL,SET_ONLY,PARTIAL,MULTI_TYPE_WITH_CHRONOLOGY,True,STRUCTURAL_PARTIAL,False
B,v0.2,v0.3,CC-2026-OFFSHORE-WIND,C-2020-FIN-BANK-CREDIT,CROSS_MACRO_THEME,MISMATCH,PERIPHERAL_OVERLAP,PERIPHERAL_ONLY,SUPPLY_CONTRACTION,PARTIAL,SET_ONLY,PARTIAL,MULTI_TYPE_WITH_CHRONOLOGY,False,NO_VALID_CORRESPONDENCE,False
B,v0.2,v0.3,CC-2026-OFFSHORE-WIND,C-2022-RE-POLICY-THREE,CROSS_MACRO_THEME,MISMATCH,PARTIAL,PRIMARY_MECHANISM_OVERLAP,POLICY_DRIVEN,MISMATCH,SEQUENCE_MISMATCH,MISMATCH,SINGLE_TYPE_ONLY,True,NO_VALID_CORRESPONDENCE,False
B,v0.2,v0.3,CC-2026-OFFSHORE-WIND,C-2023-FIN-SOE-VALUATION,CROSS_MACRO_THEME,MISMATCH,MISMATCH,NONE,,MISMATCH,SEQUENCE_MISMATCH,MISMATCH,SINGLE_TYPE_ONLY,True,NO_VALID_CORRESPONDENCE,False
B,v0.2,v0.3,CC-2026-OFFSHORE-WIND,C-2024-FIN-BROKER-POLICY,CROSS_MACRO_THEME,MISMATCH,PERIPHERAL_OVERLAP,PERIPHERAL_ONLY,POLICY_DRIVEN,PARTIAL,SEQUENCE_PARTIAL,PARTIAL,MULTI_TYPE_WITH_CHRONOLOGY,True,NO_VALID_CORRESPONDENCE,False
B,v0.2,v0.3,CC-2026-OFFSHORE-WIND,C-2024-FIN-BANK-DIVIDEND,CROSS_MACRO_THEME,MISMATCH,MISMATCH,NONE,,NOT_AVAILABLE,NOT_AVAILABLE,MISMATCH,SINGLE_TYPE_ONLY,True,NO_VALID_CORRESPONDENCE,False
B,v0.2,v0.3,CC-2026-OFFSHORE-WIND,C-2025-FIN-INSURANCE,CROSS_MACRO_THEME,MISMATCH,MISMATCH,NONE,,NOT_AVAILABLE,NOT_AVAILABLE,MISMATCH,SINGLE_TYPE_ONLY,False,NO_VALID_CORRESPONDENCE,False
B,v0.2,v0.3,CC-2026-OFFSHORE-WIND,C-2016-HIEQ-CONSTR,CROSS_MACRO_THEME,MISMATCH,PERIPHERAL_OVERLAP,PERIPHERAL_ONLY,POLICY_DRIVEN,PARTIAL,SEQUENCE_PARTIAL,PARTIAL,MULTI_TYPE_WITH_CHRONOLOGY,False,NO_VALID_CORRESPONDENCE,False
B,v0.2,v0.3,CC-2026-OFFSHORE-WIND,C-2018-HIEQ-ROBOT-DOWN,CROSS_MACRO_THEME,MISMATCH,MISMATCH,NONE,,PARTIAL,SEQUENCE_PARTIAL,MISMATCH,SINGLE_TYPE_ONLY,False,NO_VALID_CORRESPONDENCE,False
B,v0.2,v0.3,CC-2026-OFFSHORE-WIND,C-2020-HIEQ-AUTOMATION,CROSS_MACRO_THEME,MISMATCH,MISMATCH,NONE,,PARTIAL,SEQUENCE_PARTIAL,PARTIAL,MULTI_TYPE_WITH_CHRONOLOGY,False,STRUCTURAL_PARTIAL,False
B,v0.2,v0.3,CC-2026-OFFSHORE-WIND,C-2023-HIEQ-ROBOT-PLUS,CROSS_MACRO_THEME,MISMATCH,PERIPHERAL_OVERLAP,PERIPHERAL_ONLY,POLICY_DRIVEN,PARTIAL,SEQUENCE_PARTIAL,PARTIAL,MULTI_TYPE_WITH_CHRONOLOGY,False,NO_VALID_CORRESPONDENCE,False
B,v0.2,v0.3,CC-2026-OFFSHORE-WIND,C-2023-HIEQ-HUMANOID,CROSS_MACRO_THEME,MISMATCH,PERIPHERAL_OVERLAP,PERIPHERAL_ONLY,POLICY_DRIVEN,PARTIAL,SEQUENCE_PARTIAL,PARTIAL,MULTI_TYPE_WITH_CHRONOLOGY,False,NO_VALID_CORRESPONDENCE,False
B,v0.2,v0.3,CC-2026-OFFSHORE-WIND,C-2019-COMM-5G,CROSS_MACRO_THEME,MATCH,PARTIAL,PRIMARY_MECHANISM_OVERLAP,POLICY_DRIVEN,MISMATCH,SEQUENCE_MISMATCH,MISMATCH,SINGLE_TYPE_ONLY,True,STRUCTURAL_PARTIAL,False
B,v0.2,v0.3,CC-2026-OFFSHORE-WIND,C-2023-COMM-OPTICAL,CROSS_MACRO_THEME,MATCH,MISMATCH,NONE,,PARTIAL,SEQUENCE_PARTIAL,PARTIAL,MULTI_TYPE_WITH_CHRONOLOGY,True,STRUCTURAL_PARTIAL,False
B,v0.2,v0.3,CC-2026-OFFSHORE-WIND,C-2019-PHARMA-INNOV,CROSS_MACRO_THEME,MATCH,MISMATCH,NONE,,MISMATCH,SEQUENCE_MISMATCH,MISMATCH,SINGLE_TYPE_ONLY,True,NO_VALID_CORRESPONDENCE,False
B,v0.2,v0.3,CC-2026-OFFSHORE-WIND,C-2020-POWER-NE,SAME_MACRO_THEME,MATCH,PARTIAL,PRIMARY_MECHANISM_OVERLAP,POLICY_DRIVEN,MISMATCH,SEQUENCE_MISMATCH,MISMATCH,SINGLE_TYPE_ONLY,True,STRUCTURAL_PARTIAL,False
B,v0.2,v0.3,CC-2026-OFFSHORE-WIND,C-2022-POWER-GRID,SAME_MACRO_THEME,MATCH,PERIPHERAL_OVERLAP,PERIPHERAL_ONLY,POLICY_DRIVEN,PARTIAL,SEQUENCE_PARTIAL,PARTIAL,MULTI_TYPE_WITH_CHRONOLOGY,True,THEME_ONLY,False
B,v0.2,v0.3,CC-2026-OFFSHORE-WIND,C-2019-RES-DYE-SHOCK,CROSS_MACRO_THEME,MISMATCH,PERIPHERAL_OVERLAP,PERIPHERAL_ONLY,SUPPLY_CONTRACTION,PARTIAL,SEQUENCE_PARTIAL,PARTIAL,MULTI_TYPE_WITH_CHRONOLOGY,False,NO_VALID_CORRESPONDENCE,False
B,v0.2,v0.3,CC-2026-OFFSHORE-WIND,C-2020-RES-NONFERROUS,CROSS_MACRO_THEME,MISMATCH,PERIPHERAL_OVERLAP,PERIPHERAL_ONLY,SUPPLY_CONTRACTION,NOT_AVAILABLE,NOT_AVAILABLE,MISMATCH,SINGLE_TYPE_ONLY,False,NO_VALID_CORRESPONDENCE,False
B,v0.2,v0.3,CC-2026-OFFSHORE-WIND,C-2020-RES-LITHIUM,CROSS_MACRO_THEME,MISMATCH,PERIPHERAL_OVERLAP,PERIPHERAL_ONLY,SUPPLY_CONTRACTION,PARTIAL,SEQUENCE_PARTIAL,MISMATCH,SINGLE_TYPE_ONLY,False,NO_VALID_CORRESPONDENCE,False
B,v0.2,v0.3,CC-2026-OFFSHORE-WIND,C-2020-RES-RAREEARTH,CROSS_MACRO_THEME,MISMATCH,PARTIAL,SET_EQUAL_NO_PROVENANCE,POLICY_DRIVEN|SUPPLY_CONTRACTION,PARTIAL,SEQUENCE_PARTIAL,MISMATCH,SINGLE_TYPE_ONLY,False,STRUCTURAL_PARTIAL,False
B,v0.2,v0.3,CC-2026-OFFSHORE-WIND,C-2021-RES-CHEM-DUALCTRL,CROSS_MACRO_THEME,MISMATCH,PARTIAL,MULTI_MECHANISM,POLICY_DRIVEN|SUPPLY_CONTRACTION,PARTIAL,SEQUENCE_PARTIAL,PARTIAL,MULTI_TYPE_WITH_CHRONOLOGY,False,STRUCTURAL_PARTIAL,False
B,v0.2,v0.3,CC-2026-OFFSHORE-WIND,C-2024-RES-GOLD-CB,CROSS_MACRO_THEME,MISMATCH,PERIPHERAL_OVERLAP,PERIPHERAL_ONLY,POLICY_DRIVEN,MISMATCH,SEQUENCE_MISMATCH,MISMATCH,SINGLE_TYPE_ONLY,False,NO_VALID_CORRESPONDENCE,False
B,v0.2,v0.3,CC-2026-OFFSHORE-WIND,C-2016-PANEL-CYCLE,CROSS_MACRO_THEME,MISMATCH,PERIPHERAL_OVERLAP,PERIPHERAL_ONLY,SUPPLY_CONTRACTION,NOT_AVAILABLE,NOT_AVAILABLE,NOT_AVAILABLE,NOT_AVAILABLE,False,INSUFFICIENT_EVIDENCE,False
B,v0.2,v0.3,CC-2026-OFFSHORE-WIND,C-2019-SEMI-LOCALIZATION,CROSS_MACRO_THEME,MISMATCH,PERIPHERAL_OVERLAP,PERIPHERAL_ONLY,POLICY_DRIVEN,PARTIAL,SEQUENCE_PARTIAL,PARTIAL,MULTI_TYPE_WITH_CHRONOLOGY,False,NO_VALID_CORRESPONDENCE,False
B,v0.2,v0.3,CC-2026-OFFSHORE-WIND,C-2019-CONSUMER-TWS,CROSS_MACRO_THEME,MISMATCH,MISMATCH,NONE,,MISMATCH,SEQUENCE_MISMATCH,MISMATCH,SINGLE_TYPE_ONLY,False,NO_VALID_CORRESPONDENCE,False
B,v0.2,v0.3,CC-2026-OFFSHORE-WIND,C-2020-SEMI-EQUIPMENT,CROSS_MACRO_THEME,MISMATCH,PERIPHERAL_OVERLAP,PERIPHERAL_ONLY,POLICY_DRIVEN,PARTIAL,SEQUENCE_PARTIAL,PARTIAL,MULTI_TYPE_WITH_CHRONOLOGY,False,NO_VALID_CORRESPONDENCE,False
B,v0.2,v0.3,CC-2026-OFFSHORE-WIND,C-2020-PANEL-CYCLE,CROSS_MACRO_THEME,MISMATCH,PERIPHERAL_OVERLAP,PERIPHERAL_ONLY,SUPPLY_CONTRACTION,PARTIAL,SEQUENCE_PARTIAL,MISMATCH,SINGLE_TYPE_ONLY,False,NO_VALID_CORRESPONDENCE,False
B,v0.2,v0.3,CC-2026-OFFSHORE-WIND,C-2022-SEMI-DOWNTURN,CROSS_MACRO_THEME,MISMATCH,PERIPHERAL_OVERLAP,PERIPHERAL_ONLY,POLICY_DRIVEN,NOT_AVAILABLE,NOT_AVAILABLE,MISMATCH,SINGLE_TYPE_ONLY,False,NO_VALID_CORRESPONDENCE,False
B,v0.2,v0.3,CC-2026-OFFSHORE-WIND,C-2023-AI-COMPUTE-SEMI,CROSS_MACRO_THEME,MISMATCH,MISMATCH,NONE,,NOT_AVAILABLE,NOT_AVAILABLE,MISMATCH,SINGLE_TYPE_ONLY,False,NO_VALID_CORRESPONDENCE,False
B,v0.2,v0.3,CC-2026-OFFSHORE-WIND,C-2024-SEMI-MEMORY,CROSS_MACRO_THEME,MISMATCH,PARTIAL,MULTI_MECHANISM,POLICY_DRIVEN|SUPPLY_CONTRACTION,NOT_AVAILABLE,NOT_AVAILABLE,MISMATCH,SINGLE_TYPE_ONLY,False,NO_VALID_CORRESPONDENCE,False
B,v0.2,v0.3,CC-2026-OFFSHORE-WIND,RC-2023-HUAWEI,CROSS_MACRO_THEME,MATCH,MISMATCH,NONE,,NOT_AVAILABLE,NOT_AVAILABLE,MISMATCH,SINGLE_TYPE_ONLY,True,NO_VALID_CORRESPONDENCE,False
B,v0.2,v0.3,CC-2026-OFFSHORE-WIND,RC-2024-SECONDARY,CROSS_MACRO_THEME,PARTIAL,NOT_AVAILABLE,NOT_AVAILABLE,,NOT_AVAILABLE,NOT_AVAILABLE,NOT_AVAILABLE,NOT_AVAILABLE,False,INSUFFICIENT_EVIDENCE,False
B,v0.2,v0.3,CC-2026-OFFSHORE-WIND,RC-2020-PANDEMIC,CROSS_MACRO_THEME,PARTIAL,MISMATCH,NONE,,NOT_AVAILABLE,NOT_AVAILABLE,MISMATCH,SINGLE_TYPE_ONLY,True,NO_VALID_CORRESPONDENCE,False
B,v0.2,v0.3,CC-2026-OFFSHORE-WIND,RC-2021-TCM,CROSS_MACRO_THEME,MATCH,PARTIAL,PRIMARY_MECHANISM_OVERLAP,POLICY_DRIVEN,NOT_AVAILABLE,NOT_AVAILABLE,MISMATCH,SINGLE_TYPE_ONLY,True,STRUCTURAL_PARTIAL,False
B,v0.2,v0.3,CC-2026-OFFSHORE-WIND,RC-2020-CONS-SMALL-APPLIANCE,CROSS_MACRO_THEME,COMPARISON_POINT_UNKNOWN,NOT_AVAILABLE,NOT_AVAILABLE,,NOT_AVAILABLE,NOT_AVAILABLE,NOT_AVAILABLE,NOT_AVAILABLE,False,INSUFFICIENT_EVIDENCE,False
B,v0.2,v0.3,CC-2026-OFFSHORE-WIND,RC-2024-CONS-PET-FOOD,CROSS_MACRO_THEME,COMPARISON_POINT_UNKNOWN,NOT_AVAILABLE,NOT_AVAILABLE,,NOT_AVAILABLE,NOT_AVAILABLE,NOT_AVAILABLE,NOT_AVAILABLE,False,INSUFFICIENT_EVIDENCE,False
B,v0.2,v0.3,CC-2026-OFFSHORE-WIND,RC-2020-RES-GOLD-RATES,CROSS_MACRO_THEME,COMPARISON_POINT_UNKNOWN,NOT_AVAILABLE,NOT_AVAILABLE,,NOT_AVAILABLE,NOT_AVAILABLE,NOT_AVAILABLE,NOT_AVAILABLE,False,INSUFFICIENT_EVIDENCE,False
B,v0.2,v0.3,CC-2026-OFFSHORE-WIND,RC-2022-RES-FERTILIZER,CROSS_MACRO_THEME,COMPARISON_POINT_UNKNOWN,NOT_AVAILABLE,NOT_AVAILABLE,,NOT_AVAILABLE,NOT_AVAILABLE,NOT_AVAILABLE,NOT_AVAILABLE,False,INSUFFICIENT_EVIDENCE,False
B,v0.2,v0.3,CC-2026-OFFSHORE-WIND,RC-2025-RES-COPPER,CROSS_MACRO_THEME,COMPARISON_POINT_UNKNOWN,NOT_AVAILABLE,NOT_AVAILABLE,,NOT_AVAILABLE,NOT_AVAILABLE,NOT_AVAILABLE,NOT_AVAILABLE,False,INSUFFICIENT_EVIDENCE,False
B,v0.2,v0.3,CC-2026-OFFSHORE-WIND,RC-2017-RES-ALUMINUM,CROSS_MACRO_THEME,COMPARISON_POINT_UNKNOWN,NOT_AVAILABLE,NOT_AVAILABLE,,NOT_AVAILABLE,NOT_AVAILABLE,NOT_AVAILABLE,NOT_AVAILABLE,False,INSUFFICIENT_EVIDENCE,False
B,v0.2,v0.3,CC-2026-OFFSHORE-WIND,RC-2016-RES-CHEM-ENV,CROSS_MACRO_THEME,COMPARISON_POINT_UNKNOWN,NOT_AVAILABLE,NOT_AVAILABLE,,NOT_AVAILABLE,NOT_AVAILABLE,NOT_AVAILABLE,NOT_AVAILABLE,False,INSUFFICIENT_EVIDENCE,False
B,v0.2,v0.3,CC-2026-OFFSHORE-WIND,RC-2022-SEMI-CHIPSHORTAGE,CROSS_MACRO_THEME,COMPARISON_POINT_UNKNOWN,NOT_AVAILABLE,NOT_AVAILABLE,,NOT_AVAILABLE,NOT_AVAILABLE,NOT_AVAILABLE,NOT_AVAILABLE,False,INSUFFICIENT_EVIDENCE,False
B,v0.2,v0.3,CC-2026-OFFSHORE-WIND,RC-2024-SEMI-FUND3,CROSS_MACRO_THEME,COMPARISON_POINT_UNKNOWN,NOT_AVAILABLE,NOT_AVAILABLE,,NOT_AVAILABLE,NOT_AVAILABLE,NOT_AVAILABLE,NOT_AVAILABLE,False,INSUFFICIENT_EVIDENCE,False
B,v0.2,v0.3,CC-2026-OFFSHORE-WIND,RC-2015-SEMI-LEVERAGE,CROSS_MACRO_THEME,COMPARISON_POINT_UNKNOWN,NOT_AVAILABLE,NOT_AVAILABLE,,NOT_AVAILABLE,NOT_AVAILABLE,NOT_AVAILABLE,NOT_AVAILABLE,False,INSUFFICIENT_EVIDENCE,False
B,v0.2,v0.3,CC-2026-OFFSHORE-WIND,RC-2017-GPU-MINING,CROSS_MACRO_THEME,COMPARISON_POINT_UNKNOWN,NOT_AVAILABLE,NOT_AVAILABLE,,NOT_AVAILABLE,NOT_AVAILABLE,NOT_AVAILABLE,NOT_AVAILABLE,False,INSUFFICIENT_EVIDENCE,False
B,v0.2,v0.3,CC-2026-OFFSHORE-WIND,RC-2024-HIEQ-EQUIP-UPDATE,CROSS_MACRO_THEME,MISMATCH,NOT_AVAILABLE,NOT_AVAILABLE,,MISMATCH,SEQUENCE_MISMATCH,MISMATCH,SINGLE_TYPE_ONLY,False,INSUFFICIENT_EVIDENCE,False
B,v0.2,v0.3,CC-2026-OFFSHORE-WIND,RC-2024-HIEQ-HUMANOID-MASS,CROSS_MACRO_THEME,MISMATCH,NOT_AVAILABLE,NOT_AVAILABLE,,MISMATCH,SEQUENCE_MISMATCH,MISMATCH,SINGLE_TYPE_ONLY,False,INSUFFICIENT_EVIDENCE,False
B,v0.2,v0.3,CC-2026-OFFSHORE-WIND,RC-2024-RE-POLICY-517,CROSS_MACRO_THEME,COMPARISON_POINT_UNKNOWN,NOT_AVAILABLE,NOT_AVAILABLE,,NOT_AVAILABLE,NOT_AVAILABLE,NOT_AVAILABLE,NOT_AVAILABLE,False,INSUFFICIENT_EVIDENCE,False
B,v0.2,v0.3,CC-2026-OFFSHORE-WIND,RC-2019-RE-EASING,CROSS_MACRO_THEME,COMPARISON_POINT_UNKNOWN,NOT_AVAILABLE,NOT_AVAILABLE,,NOT_AVAILABLE,NOT_AVAILABLE,NOT_AVAILABLE,NOT_AVAILABLE,False,INSUFFICIENT_EVIDENCE,False
B,v0.2,v0.3,CC-2026-OFFSHORE-WIND,RC-2020-FIN-BROKER-VOLUME,CROSS_MACRO_THEME,COMPARISON_POINT_UNKNOWN,NOT_AVAILABLE,NOT_AVAILABLE,,NOT_AVAILABLE,NOT_AVAILABLE,NOT_AVAILABLE,NOT_AVAILABLE,False,INSUFFICIENT_EVIDENCE,False
B,v0.2,v0.3,CC-2026-OFFSHORE-WIND,RC-2016-RE-SHANTY,CROSS_MACRO_THEME,COMPARISON_POINT_UNKNOWN,NOT_AVAILABLE,NOT_AVAILABLE,,NOT_AVAILABLE,NOT_AVAILABLE,NOT_AVAILABLE,NOT_AVAILABLE,False,INSUFFICIENT_EVIDENCE,False
B,v0.2,v0.3,CC-2026-OFFSHORE-WIND,RC-2015-FIN-LEVERAGE,CROSS_MACRO_THEME,COMPARISON_POINT_UNKNOWN,NOT_AVAILABLE,NOT_AVAILABLE,,NOT_AVAILABLE,NOT_AVAILABLE,NOT_AVAILABLE,NOT_AVAILABLE,False,INSUFFICIENT_EVIDENCE,False
B,v0.2,v0.3,CC-2026-OFFSHORE-WIND,RC-2019-MIL-PARADE-70,CROSS_MACRO_THEME,MISMATCH,MISMATCH,NONE,,NOT_AVAILABLE,NOT_AVAILABLE,NOT_AVAILABLE,NOT_AVAILABLE,False,INSUFFICIENT_EVIDENCE,False
B,v0.2,v0.3,CC-2026-OFFSHORE-WIND,RC-2025-MIL-PARADE-80,CROSS_MACRO_THEME,MISMATCH,MISMATCH,NONE,,NOT_AVAILABLE,NOT_AVAILABLE,NOT_AVAILABLE,NOT_AVAILABLE,False,INSUFFICIENT_EVIDENCE,False
B,v0.2,v0.3,CC-2026-OFFSHORE-WIND,RC-2017-MIL-MIXED-REFORM,CROSS_MACRO_THEME,MISMATCH,PERIPHERAL_OVERLAP,PERIPHERAL_ONLY,POLICY_DRIVEN,NOT_AVAILABLE,NOT_AVAILABLE,NOT_AVAILABLE,NOT_AVAILABLE,False,INSUFFICIENT_EVIDENCE,False
B,v0.2,v0.3,CC-2026-OFFSHORE-WIND,RC-2015-MIL-REFORM-BULL,CROSS_MACRO_THEME,MISMATCH,PERIPHERAL_OVERLAP,PERIPHERAL_ONLY,POLICY_DRIVEN,NOT_AVAILABLE,NOT_AVAILABLE,NOT_AVAILABLE,NOT_AVAILABLE,False,INSUFFICIENT_EVIDENCE,False
B,v0.2,v0.3,CC-2026-OFFSHORE-WIND,RC-2024-MIL-COMMERCIAL-SPACE,CROSS_MACRO_THEME,MISMATCH,PERIPHERAL_OVERLAP,PERIPHERAL_ONLY,POLICY_DRIVEN,NOT_AVAILABLE,NOT_AVAILABLE,NOT_AVAILABLE,NOT_AVAILABLE,False,INSUFFICIENT_EVIDENCE,False
C,v0.3,v0.2,CC-2026-BCI-MEDTECH,C-2019-AD,CROSS_MACRO_THEME,PARTIAL,PARTIAL,PRIMARY_MECHANISM_OVERLAP,POLICY_DRIVEN,NOT_AVAILABLE,NOT_AVAILABLE,MISMATCH,SINGLE_TYPE_ONLY,True,NO_VALID_CORRESPONDENCE,False
C,v0.3,v0.2,CC-2026-BCI-MEDTECH,C-2020-NEV,CROSS_MACRO_THEME,PARTIAL,MISMATCH,NONE,,MISMATCH,SEQUENCE_MISMATCH,MISMATCH,SINGLE_TYPE_ONLY,True,NO_VALID_CORRESPONDENCE,False
C,v0.3,v0.2,CC-2026-BCI-MEDTECH,C-2021-NEV,CROSS_MACRO_THEME,PARTIAL,MISMATCH,NONE,,PARTIAL,SET_ONLY,PARTIAL,MULTI_TYPE_WITH_CHRONOLOGY,True,NO_VALID_CORRESPONDENCE,False
C,v0.3,v0.2,CC-2026-BCI-MEDTECH,C-2022-POLICY,CROSS_MACRO_THEME,MATCH,PARTIAL,PRIMARY_MECHANISM_OVERLAP,POLICY_DRIVEN,PARTIAL,SEQUENCE_PARTIAL,PARTIAL,MULTI_TYPE_WITH_CHRONOLOGY,True,STRUCTURAL_PARTIAL,False
C,v0.3,v0.2,CC-2026-BCI-MEDTECH,C-2023-AD,CROSS_MACRO_THEME,MATCH,MATCH,CORE_EQUIVALENT,POLICY_DRIVEN|TECH_BREAKTHROUGH,PARTIAL,SEQUENCE_PARTIAL,PARTIAL,MULTI_TYPE_WITH_CHRONOLOGY,True,STRUCTURAL_SUPPORTED,True
C,v0.3,v0.2,CC-2026-BCI-MEDTECH,C-2024-V2X,CROSS_MACRO_THEME,MATCH,PERIPHERAL_OVERLAP,PERIPHERAL_ONLY,POLICY_DRIVEN,PARTIAL,SEQUENCE_PARTIAL,MISMATCH,SINGLE_TYPE_ONLY,False,NO_VALID_CORRESPONDENCE,False
C,v0.3,v0.2,CC-2026-BCI-MEDTECH,C-2024-ROBOTAXI,CROSS_MACRO_THEME,PARTIAL,MISMATCH,NONE,,NOT_AVAILABLE,NOT_AVAILABLE,MISMATCH,SINGLE_TYPE_ONLY,True,NO_VALID_CORRESPONDENCE,False
C,v0.3,v0.2,CC-2026-BCI-MEDTECH,C-2025-ROBOTAXI,CROSS_MACRO_THEME,PARTIAL,MISMATCH,NONE,,MATCH,SEQUENCE_MATCH,PARTIAL,MULTI_TYPE_WITH_CHRONOLOGY,True,NO_VALID_CORRESPONDENCE,False
C,v0.3,v0.2,CC-2026-BCI-MEDTECH,C-2016-CONS-BAIJIU-UPGRADE,CROSS_MACRO_THEME,MISMATCH,MISMATCH,NONE,,PARTIAL,SEQUENCE_PARTIAL,PARTIAL,MULTI_TYPE_WITH_CHRONOLOGY,False,NO_VALID_CORRESPONDENCE,False
C,v0.3,v0.2,CC-2026-BCI-MEDTECH,C-2018-CONS-HOG-AFRICAN,CROSS_MACRO_THEME,MISMATCH,MISMATCH,NONE,,PARTIAL,SEQUENCE_PARTIAL,PARTIAL,MULTI_TYPE_WITH_CHRONOLOGY,False,NO_VALID_CORRESPONDENCE,False
C,v0.3,v0.2,CC-2026-BCI-MEDTECH,C-2019-CONS-BAIJIU-CORE,CROSS_MACRO_THEME,MISMATCH,MISMATCH,NONE,,PARTIAL,SEQUENCE_PARTIAL,PARTIAL,MULTI_TYPE_WITH_CHRONOLOGY,False,NO_VALID_CORRESPONDENCE,False
C,v0.3,v0.2,CC-2026-BCI-MEDTECH,C-2019-CONS-AESTHETICS,CROSS_MACRO_THEME,MISMATCH,MISMATCH,NONE,,NOT_AVAILABLE,NOT_AVAILABLE,MISMATCH,SINGLE_TYPE_ONLY,False,NO_VALID_CORRESPONDENCE,False
C,v0.3,v0.2,CC-2026-BCI-MEDTECH,C-2020-CONS-DUTYFREE,CROSS_MACRO_THEME,MISMATCH,PERIPHERAL_OVERLAP,PERIPHERAL_ONLY,POLICY_DRIVEN,PARTIAL,SEQUENCE_PARTIAL,PARTIAL,MULTI_TYPE_WITH_CHRONOLOGY,False,NO_VALID_CORRESPONDENCE,False
C,v0.3,v0.2,CC-2026-BCI-MEDTECH,C-2020-CONS-WHITE-GOODS,CROSS_MACRO_THEME,MISMATCH,MISMATCH,NONE,,NOT_AVAILABLE,NOT_AVAILABLE,MISMATCH,SINGLE_TYPE_ONLY,False,NO_VALID_CORRESPONDENCE,False
C,v0.3,v0.2,CC-2026-BCI-MEDTECH,C-2020-CONS-BEAUTY-CN,CROSS_MACRO_THEME,MISMATCH,NOT_AVAILABLE,NOT_AVAILABLE,,NOT_AVAILABLE,NOT_AVAILABLE,MISMATCH,SINGLE_TYPE_ONLY,False,INSUFFICIENT_EVIDENCE,False
C,v0.3,v0.2,CC-2026-BCI-MEDTECH,C-2021-CONS-HOG-REVERSAL,CROSS_MACRO_THEME,MISMATCH,MISMATCH,NONE,,PARTIAL,SEQUENCE_PARTIAL,PARTIAL,MULTI_TYPE_WITH_CHRONOLOGY,False,NO_VALID_CORRESPONDENCE,False
C,v0.3,v0.2,CC-2026-BCI-MEDTECH,C-2022-CONS-SERVICE-REBOUND,CROSS_MACRO_THEME,MISMATCH,NOT_AVAILABLE,NOT_AVAILABLE,,PARTIAL,SEQUENCE_PARTIAL,PARTIAL,MULTI_TYPE_WITH_CHRONOLOGY,False,INSUFFICIENT_EVIDENCE,False
C,v0.3,v0.2,CC-2026-BCI-MEDTECH,C-2023-CONS-VALUE-RETAIL,CROSS_MACRO_THEME,MISMATCH,PERIPHERAL_OVERLAP,PERIPHERAL_ONLY,TECH_BREAKTHROUGH,NOT_AVAILABLE,NOT_AVAILABLE,MISMATCH,SINGLE_TYPE_ONLY,False,NO_VALID_CORRESPONDENCE,False
C,v0.3,v0.2,CC-2026-BCI-MEDTECH,C-2024-CONS-TRADE-IN,CROSS_MACRO_THEME,MISMATCH,PERIPHERAL_OVERLAP,PERIPHERAL_ONLY,POLICY_DRIVEN,PARTIAL,SEQUENCE_PARTIAL,PARTIAL,MULTI_TYPE_WITH_CHRONOLOGY,False,NO_VALID_CORRESPONDENCE,False
C,v0.3,v0.2,CC-2026-BCI-MEDTECH,C-2019-MIL-GROUP-RESTRUCTURE,CROSS_MACRO_THEME,MISMATCH,PERIPHERAL_OVERLAP,PERIPHERAL_ONLY,POLICY_DRIVEN,MATCH,SEQUENCE_MATCH,PARTIAL,MULTI_TYPE_WITH_CHRONOLOGY,True,NO_VALID_CORRESPONDENCE,False
C,v0.3,v0.2,CC-2026-BCI-MEDTECH,C-2020-MIL-EQUIP-ORDER,CROSS_MACRO_THEME,MISMATCH,MISMATCH,NONE,,PARTIAL,SEQUENCE_PARTIAL,PARTIAL,MULTI_TYPE_WITH_CHRONOLOGY,True,NO_VALID_CORRESPONDENCE,False
C,v0.3,v0.2,CC-2026-BCI-MEDTECH,C-2020-RE-DEBT-RISK,CROSS_MACRO_THEME,MISMATCH,NOT_AVAILABLE,NOT_AVAILABLE,,PARTIAL,SET_ONLY,PARTIAL,MULTI_TYPE_WITH_CHRONOLOGY,False,INSUFFICIENT_EVIDENCE,False
C,v0.3,v0.2,CC-2026-BCI-MEDTECH,C-2020-FIN-BANK-CREDIT,CROSS_MACRO_THEME,MISMATCH,MISMATCH,NONE,,PARTIAL,SEQUENCE_PARTIAL,PARTIAL,MULTI_TYPE_WITH_CHRONOLOGY,False,NO_VALID_CORRESPONDENCE,False
C,v0.3,v0.2,CC-2026-BCI-MEDTECH,C-2022-RE-POLICY-THREE,CROSS_MACRO_THEME,MISMATCH,PERIPHERAL_OVERLAP,PERIPHERAL_ONLY,POLICY_DRIVEN,PARTIAL,SEQUENCE_PARTIAL,MISMATCH,SINGLE_TYPE_ONLY,True,NO_VALID_CORRESPONDENCE,False
C,v0.3,v0.2,CC-2026-BCI-MEDTECH,C-2023-FIN-SOE-VALUATION,CROSS_MACRO_THEME,MISMATCH,MISMATCH,NONE,,PARTIAL,SEQUENCE_PARTIAL,MISMATCH,SINGLE_TYPE_ONLY,True,NO_VALID_CORRESPONDENCE,False
C,v0.3,v0.2,CC-2026-BCI-MEDTECH,C-2024-FIN-BROKER-POLICY,CROSS_MACRO_THEME,MISMATCH,PERIPHERAL_OVERLAP,PERIPHERAL_ONLY,POLICY_DRIVEN,PARTIAL,SEQUENCE_PARTIAL,PARTIAL,MULTI_TYPE_WITH_CHRONOLOGY,True,NO_VALID_CORRESPONDENCE,False
C,v0.3,v0.2,CC-2026-BCI-MEDTECH,C-2024-FIN-BANK-DIVIDEND,CROSS_MACRO_THEME,MISMATCH,MISMATCH,NONE,,NOT_AVAILABLE,NOT_AVAILABLE,MISMATCH,SINGLE_TYPE_ONLY,True,NO_VALID_CORRESPONDENCE,False
C,v0.3,v0.2,CC-2026-BCI-MEDTECH,C-2025-FIN-INSURANCE,CROSS_MACRO_THEME,MISMATCH,MISMATCH,NONE,,NOT_AVAILABLE,NOT_AVAILABLE,MISMATCH,SINGLE_TYPE_ONLY,True,NO_VALID_CORRESPONDENCE,False
C,v0.3,v0.2,CC-2026-BCI-MEDTECH,C-2016-HIEQ-CONSTR,CROSS_MACRO_THEME,MISMATCH,MISMATCH,NONE,,PARTIAL,SET_ONLY,PARTIAL,MULTI_TYPE_WITH_CHRONOLOGY,False,NO_VALID_CORRESPONDENCE,False
C,v0.3,v0.2,CC-2026-BCI-MEDTECH,C-2018-HIEQ-ROBOT-DOWN,CROSS_MACRO_THEME,MISMATCH,MISMATCH,NONE,,MISMATCH,SEQUENCE_MISMATCH,MISMATCH,SINGLE_TYPE_ONLY,False,NO_VALID_CORRESPONDENCE,False
C,v0.3,v0.2,CC-2026-BCI-MEDTECH,C-2020-HIEQ-AUTOMATION,CROSS_MACRO_THEME,MISMATCH,PERIPHERAL_OVERLAP,PERIPHERAL_ONLY,TECH_BREAKTHROUGH,PARTIAL,SEQUENCE_PARTIAL,PARTIAL,MULTI_TYPE_WITH_CHRONOLOGY,False,NO_VALID_CORRESPONDENCE,False
C,v0.3,v0.2,CC-2026-BCI-MEDTECH,C-2023-HIEQ-ROBOT-PLUS,CROSS_MACRO_THEME,MISMATCH,PERIPHERAL_OVERLAP,PERIPHERAL_ONLY,POLICY_DRIVEN,PARTIAL,SEQUENCE_PARTIAL,PARTIAL,MULTI_TYPE_WITH_CHRONOLOGY,False,NO_VALID_CORRESPONDENCE,False
C,v0.3,v0.2,CC-2026-BCI-MEDTECH,C-2023-HIEQ-HUMANOID,CROSS_MACRO_THEME,MISMATCH,PERIPHERAL_OVERLAP,PERIPHERAL_ONLY,TECH_BREAKTHROUGH,PARTIAL,SEQUENCE_PARTIAL,PARTIAL,MULTI_TYPE_WITH_CHRONOLOGY,False,NO_VALID_CORRESPONDENCE,False
C,v0.3,v0.2,CC-2026-BCI-MEDTECH,C-2019-COMM-5G,CROSS_MACRO_THEME,MATCH,PARTIAL,PRIMARY_MECHANISM_OVERLAP,POLICY_DRIVEN,PARTIAL,SEQUENCE_PARTIAL,MISMATCH,SINGLE_TYPE_ONLY,True,STRUCTURAL_PARTIAL,False
C,v0.3,v0.2,CC-2026-BCI-MEDTECH,C-2023-COMM-OPTICAL,CROSS_MACRO_THEME,MATCH,PERIPHERAL_OVERLAP,PERIPHERAL_ONLY,TECH_BREAKTHROUGH,PARTIAL,SEQUENCE_PARTIAL,PARTIAL,MULTI_TYPE_WITH_CHRONOLOGY,True,NO_VALID_CORRESPONDENCE,False
C,v0.3,v0.2,CC-2026-BCI-MEDTECH,C-2019-PHARMA-INNOV,SAME_MACRO_THEME,MATCH,MISMATCH,NONE,,PARTIAL,SEQUENCE_PARTIAL,MISMATCH,SINGLE_TYPE_ONLY,True,THEME_ONLY,False
C,v0.3,v0.2,CC-2026-BCI-MEDTECH,C-2020-POWER-NE,CROSS_MACRO_THEME,MATCH,PARTIAL,PRIMARY_MECHANISM_OVERLAP,POLICY_DRIVEN,PARTIAL,SEQUENCE_PARTIAL,MISMATCH,SINGLE_TYPE_ONLY,True,STRUCTURAL_PARTIAL,False
C,v0.3,v0.2,CC-2026-BCI-MEDTECH,C-2022-POWER-GRID,CROSS_MACRO_THEME,MATCH,PERIPHERAL_OVERLAP,PERIPHERAL_ONLY,POLICY_DRIVEN,PARTIAL,SEQUENCE_PARTIAL,PARTIAL,MULTI_TYPE_WITH_CHRONOLOGY,True,NO_VALID_CORRESPONDENCE,False
C,v0.3,v0.2,CC-2026-BCI-MEDTECH,C-2019-RES-DYE-SHOCK,CROSS_MACRO_THEME,MISMATCH,NOT_AVAILABLE,NOT_AVAILABLE,,PARTIAL,SEQUENCE_PARTIAL,PARTIAL,MULTI_TYPE_WITH_CHRONOLOGY,False,INSUFFICIENT_EVIDENCE,False
C,v0.3,v0.2,CC-2026-BCI-MEDTECH,C-2020-RES-NONFERROUS,CROSS_MACRO_THEME,MISMATCH,MISMATCH,NONE,,NOT_AVAILABLE,NOT_AVAILABLE,MISMATCH,SINGLE_TYPE_ONLY,False,NO_VALID_CORRESPONDENCE,False
C,v0.3,v0.2,CC-2026-BCI-MEDTECH,C-2020-RES-LITHIUM,CROSS_MACRO_THEME,MISMATCH,MISMATCH,NONE,,MISMATCH,SEQUENCE_MISMATCH,MISMATCH,SINGLE_TYPE_ONLY,False,NO_VALID_CORRESPONDENCE,False
C,v0.3,v0.2,CC-2026-BCI-MEDTECH,C-2020-RES-RAREEARTH,CROSS_MACRO_THEME,MISMATCH,PERIPHERAL_OVERLAP,PERIPHERAL_ONLY,POLICY_DRIVEN,MISMATCH,SEQUENCE_MISMATCH,MISMATCH,SINGLE_TYPE_ONLY,False,NO_VALID_CORRESPONDENCE,False
C,v0.3,v0.2,CC-2026-BCI-MEDTECH,C-2021-RES-CHEM-DUALCTRL,CROSS_MACRO_THEME,MISMATCH,PERIPHERAL_OVERLAP,PERIPHERAL_ONLY,POLICY_DRIVEN,PARTIAL,SEQUENCE_PARTIAL,PARTIAL,MULTI_TYPE_WITH_CHRONOLOGY,False,NO_VALID_CORRESPONDENCE,False
C,v0.3,v0.2,CC-2026-BCI-MEDTECH,C-2024-RES-GOLD-CB,CROSS_MACRO_THEME,MISMATCH,MISMATCH,NONE,,PARTIAL,SEQUENCE_PARTIAL,MISMATCH,SINGLE_TYPE_ONLY,False,NO_VALID_CORRESPONDENCE,False
C,v0.3,v0.2,CC-2026-BCI-MEDTECH,C-2016-PANEL-CYCLE,CROSS_MACRO_THEME,MISMATCH,MISMATCH,NONE,,NOT_AVAILABLE,NOT_AVAILABLE,NOT_AVAILABLE,NOT_AVAILABLE,False,INSUFFICIENT_EVIDENCE,False
C,v0.3,v0.2,CC-2026-BCI-MEDTECH,C-2019-SEMI-LOCALIZATION,CROSS_MACRO_THEME,MISMATCH,MISMATCH,NONE,,PARTIAL,SEQUENCE_PARTIAL,PARTIAL,MULTI_TYPE_WITH_CHRONOLOGY,False,NO_VALID_CORRESPONDENCE,False
C,v0.3,v0.2,CC-2026-BCI-MEDTECH,C-2019-CONSUMER-TWS,CROSS_MACRO_THEME,MISMATCH,MISMATCH,NONE,,PARTIAL,SEQUENCE_PARTIAL,MISMATCH,SINGLE_TYPE_ONLY,False,NO_VALID_CORRESPONDENCE,False
C,v0.3,v0.2,CC-2026-BCI-MEDTECH,C-2020-SEMI-EQUIPMENT,CROSS_MACRO_THEME,MISMATCH,MISMATCH,NONE,,PARTIAL,SEQUENCE_PARTIAL,PARTIAL,MULTI_TYPE_WITH_CHRONOLOGY,False,NO_VALID_CORRESPONDENCE,False
C,v0.3,v0.2,CC-2026-BCI-MEDTECH,C-2020-PANEL-CYCLE,CROSS_MACRO_THEME,MISMATCH,MISMATCH,NONE,,MISMATCH,SEQUENCE_MISMATCH,MISMATCH,SINGLE_TYPE_ONLY,False,NO_VALID_CORRESPONDENCE,False
C,v0.3,v0.2,CC-2026-BCI-MEDTECH,C-2022-SEMI-DOWNTURN,CROSS_MACRO_THEME,MISMATCH,MISMATCH,NONE,,NOT_AVAILABLE,NOT_AVAILABLE,MISMATCH,SINGLE_TYPE_ONLY,False,NO_VALID_CORRESPONDENCE,False
C,v0.3,v0.2,CC-2026-BCI-MEDTECH,C-2023-AI-COMPUTE-SEMI,CROSS_MACRO_THEME,MISMATCH,MISMATCH,NONE,,NOT_AVAILABLE,NOT_AVAILABLE,MISMATCH,SINGLE_TYPE_ONLY,False,NO_VALID_CORRESPONDENCE,False
C,v0.3,v0.2,CC-2026-BCI-MEDTECH,C-2024-SEMI-MEMORY,CROSS_MACRO_THEME,MISMATCH,PERIPHERAL_OVERLAP,PERIPHERAL_ONLY,POLICY_DRIVEN,NOT_AVAILABLE,NOT_AVAILABLE,MISMATCH,SINGLE_TYPE_ONLY,False,NO_VALID_CORRESPONDENCE,False
C,v0.3,v0.2,CC-2026-BCI-MEDTECH,RC-2023-HUAWEI,CROSS_MACRO_THEME,MATCH,PERIPHERAL_OVERLAP,PERIPHERAL_ONLY,TECH_BREAKTHROUGH,NOT_AVAILABLE,NOT_AVAILABLE,MISMATCH,SINGLE_TYPE_ONLY,True,NO_VALID_CORRESPONDENCE,False
C,v0.3,v0.2,CC-2026-BCI-MEDTECH,RC-2024-SECONDARY,CROSS_MACRO_THEME,PARTIAL,NOT_AVAILABLE,NOT_AVAILABLE,,NOT_AVAILABLE,NOT_AVAILABLE,NOT_AVAILABLE,NOT_AVAILABLE,False,INSUFFICIENT_EVIDENCE,False
C,v0.3,v0.2,CC-2026-BCI-MEDTECH,RC-2020-PANDEMIC,CROSS_MACRO_THEME,PARTIAL,MISMATCH,NONE,,NOT_AVAILABLE,NOT_AVAILABLE,MISMATCH,NO_CORRESPONDENCE,True,NO_VALID_CORRESPONDENCE,False
C,v0.3,v0.2,CC-2026-BCI-MEDTECH,RC-2021-TCM,CROSS_MACRO_THEME,MATCH,PARTIAL,PRIMARY_MECHANISM_OVERLAP,POLICY_DRIVEN,NOT_AVAILABLE,NOT_AVAILABLE,MISMATCH,SINGLE_TYPE_ONLY,True,NO_VALID_CORRESPONDENCE,False
C,v0.3,v0.2,CC-2026-BCI-MEDTECH,RC-2020-CONS-SMALL-APPLIANCE,CROSS_MACRO_THEME,COMPARISON_POINT_UNKNOWN,NOT_AVAILABLE,NOT_AVAILABLE,,NOT_AVAILABLE,NOT_AVAILABLE,NOT_AVAILABLE,NOT_AVAILABLE,False,INSUFFICIENT_EVIDENCE,False
C,v0.3,v0.2,CC-2026-BCI-MEDTECH,RC-2024-CONS-PET-FOOD,CROSS_MACRO_THEME,COMPARISON_POINT_UNKNOWN,NOT_AVAILABLE,NOT_AVAILABLE,,NOT_AVAILABLE,NOT_AVAILABLE,NOT_AVAILABLE,NOT_AVAILABLE,False,INSUFFICIENT_EVIDENCE,False
C,v0.3,v0.2,CC-2026-BCI-MEDTECH,RC-2020-RES-GOLD-RATES,CROSS_MACRO_THEME,COMPARISON_POINT_UNKNOWN,NOT_AVAILABLE,NOT_AVAILABLE,,NOT_AVAILABLE,NOT_AVAILABLE,NOT_AVAILABLE,NOT_AVAILABLE,False,INSUFFICIENT_EVIDENCE,False
C,v0.3,v0.2,CC-2026-BCI-MEDTECH,RC-2022-RES-FERTILIZER,CROSS_MACRO_THEME,COMPARISON_POINT_UNKNOWN,NOT_AVAILABLE,NOT_AVAILABLE,,NOT_AVAILABLE,NOT_AVAILABLE,NOT_AVAILABLE,NOT_AVAILABLE,False,INSUFFICIENT_EVIDENCE,False
C,v0.3,v0.2,CC-2026-BCI-MEDTECH,RC-2025-RES-COPPER,CROSS_MACRO_THEME,COMPARISON_POINT_UNKNOWN,NOT_AVAILABLE,NOT_AVAILABLE,,NOT_AVAILABLE,NOT_AVAILABLE,NOT_AVAILABLE,NOT_AVAILABLE,False,INSUFFICIENT_EVIDENCE,False
C,v0.3,v0.2,CC-2026-BCI-MEDTECH,RC-2017-RES-ALUMINUM,CROSS_MACRO_THEME,COMPARISON_POINT_UNKNOWN,NOT_AVAILABLE,NOT_AVAILABLE,,NOT_AVAILABLE,NOT_AVAILABLE,NOT_AVAILABLE,NOT_AVAILABLE,False,INSUFFICIENT_EVIDENCE,False
C,v0.3,v0.2,CC-2026-BCI-MEDTECH,RC-2016-RES-CHEM-ENV,CROSS_MACRO_THEME,COMPARISON_POINT_UNKNOWN,NOT_AVAILABLE,NOT_AVAILABLE,,NOT_AVAILABLE,NOT_AVAILABLE,NOT_AVAILABLE,NOT_AVAILABLE,False,INSUFFICIENT_EVIDENCE,False
C,v0.3,v0.2,CC-2026-BCI-MEDTECH,RC-2022-SEMI-CHIPSHORTAGE,CROSS_MACRO_THEME,COMPARISON_POINT_UNKNOWN,NOT_AVAILABLE,NOT_AVAILABLE,,NOT_AVAILABLE,NOT_AVAILABLE,NOT_AVAILABLE,NOT_AVAILABLE,False,INSUFFICIENT_EVIDENCE,False
C,v0.3,v0.2,CC-2026-BCI-MEDTECH,RC-2024-SEMI-FUND3,CROSS_MACRO_THEME,COMPARISON_POINT_UNKNOWN,NOT_AVAILABLE,NOT_AVAILABLE,,NOT_AVAILABLE,NOT_AVAILABLE,NOT_AVAILABLE,NOT_AVAILABLE,False,INSUFFICIENT_EVIDENCE,False
C,v0.3,v0.2,CC-2026-BCI-MEDTECH,RC-2015-SEMI-LEVERAGE,CROSS_MACRO_THEME,COMPARISON_POINT_UNKNOWN,NOT_AVAILABLE,NOT_AVAILABLE,,NOT_AVAILABLE,NOT_AVAILABLE,NOT_AVAILABLE,NOT_AVAILABLE,False,INSUFFICIENT_EVIDENCE,False
C,v0.3,v0.2,CC-2026-BCI-MEDTECH,RC-2017-GPU-MINING,CROSS_MACRO_THEME,COMPARISON_POINT_UNKNOWN,NOT_AVAILABLE,NOT_AVAILABLE,,NOT_AVAILABLE,NOT_AVAILABLE,NOT_AVAILABLE,NOT_AVAILABLE,False,INSUFFICIENT_EVIDENCE,False
C,v0.3,v0.2,CC-2026-BCI-MEDTECH,RC-2024-HIEQ-EQUIP-UPDATE,CROSS_MACRO_THEME,MISMATCH,NOT_AVAILABLE,NOT_AVAILABLE,,PARTIAL,SEQUENCE_PARTIAL,MISMATCH,SINGLE_TYPE_ONLY,False,INSUFFICIENT_EVIDENCE,False
C,v0.3,v0.2,CC-2026-BCI-MEDTECH,RC-2024-HIEQ-HUMANOID-MASS,CROSS_MACRO_THEME,MISMATCH,NOT_AVAILABLE,NOT_AVAILABLE,,MISMATCH,SEQUENCE_MISMATCH,MISMATCH,SINGLE_TYPE_ONLY,False,INSUFFICIENT_EVIDENCE,False
C,v0.3,v0.2,CC-2026-BCI-MEDTECH,RC-2024-RE-POLICY-517,CROSS_MACRO_THEME,COMPARISON_POINT_UNKNOWN,NOT_AVAILABLE,NOT_AVAILABLE,,NOT_AVAILABLE,NOT_AVAILABLE,NOT_AVAILABLE,NOT_AVAILABLE,False,INSUFFICIENT_EVIDENCE,False
C,v0.3,v0.2,CC-2026-BCI-MEDTECH,RC-2019-RE-EASING,CROSS_MACRO_THEME,COMPARISON_POINT_UNKNOWN,NOT_AVAILABLE,NOT_AVAILABLE,,NOT_AVAILABLE,NOT_AVAILABLE,NOT_AVAILABLE,NOT_AVAILABLE,False,INSUFFICIENT_EVIDENCE,False
C,v0.3,v0.2,CC-2026-BCI-MEDTECH,RC-2020-FIN-BROKER-VOLUME,CROSS_MACRO_THEME,COMPARISON_POINT_UNKNOWN,NOT_AVAILABLE,NOT_AVAILABLE,,NOT_AVAILABLE,NOT_AVAILABLE,NOT_AVAILABLE,NOT_AVAILABLE,False,INSUFFICIENT_EVIDENCE,False
C,v0.3,v0.2,CC-2026-BCI-MEDTECH,RC-2016-RE-SHANTY,CROSS_MACRO_THEME,COMPARISON_POINT_UNKNOWN,NOT_AVAILABLE,NOT_AVAILABLE,,NOT_AVAILABLE,NOT_AVAILABLE,NOT_AVAILABLE,NOT_AVAILABLE,False,INSUFFICIENT_EVIDENCE,False
C,v0.3,v0.2,CC-2026-BCI-MEDTECH,RC-2015-FIN-LEVERAGE,CROSS_MACRO_THEME,COMPARISON_POINT_UNKNOWN,NOT_AVAILABLE,NOT_AVAILABLE,,NOT_AVAILABLE,NOT_AVAILABLE,NOT_AVAILABLE,NOT_AVAILABLE,False,INSUFFICIENT_EVIDENCE,False
C,v0.3,v0.2,CC-2026-BCI-MEDTECH,RC-2019-MIL-PARADE-70,CROSS_MACRO_THEME,MISMATCH,NOT_AVAILABLE,NOT_AVAILABLE,,NOT_AVAILABLE,NOT_AVAILABLE,NOT_AVAILABLE,NOT_AVAILABLE,False,INSUFFICIENT_EVIDENCE,False
C,v0.3,v0.2,CC-2026-BCI-MEDTECH,RC-2025-MIL-PARADE-80,CROSS_MACRO_THEME,MISMATCH,MISMATCH,NONE,,NOT_AVAILABLE,NOT_AVAILABLE,NOT_AVAILABLE,NOT_AVAILABLE,False,INSUFFICIENT_EVIDENCE,False
C,v0.3,v0.2,CC-2026-BCI-MEDTECH,RC-2017-MIL-MIXED-REFORM,CROSS_MACRO_THEME,MISMATCH,PERIPHERAL_OVERLAP,PERIPHERAL_ONLY,POLICY_DRIVEN,NOT_AVAILABLE,NOT_AVAILABLE,NOT_AVAILABLE,NOT_AVAILABLE,False,INSUFFICIENT_EVIDENCE,False
C,v0.3,v0.2,CC-2026-BCI-MEDTECH,RC-2015-MIL-REFORM-BULL,CROSS_MACRO_THEME,MISMATCH,MISMATCH,NONE,,NOT_AVAILABLE,NOT_AVAILABLE,NOT_AVAILABLE,NOT_AVAILABLE,False,INSUFFICIENT_EVIDENCE,False
C,v0.3,v0.2,CC-2026-BCI-MEDTECH,RC-2024-MIL-COMMERCIAL-SPACE,CROSS_MACRO_THEME,MISMATCH,PARTIAL,SET_EQUAL_NO_PROVENANCE,POLICY_DRIVEN|TECH_BREAKTHROUGH,NOT_AVAILABLE,NOT_AVAILABLE,NOT_AVAILABLE,NOT_AVAILABLE,False,INSUFFICIENT_EVIDENCE,False
C,v0.3,v0.2,CC-2026-COMPUTE-POWER,C-2019-AD,CROSS_MACRO_THEME,PARTIAL,PARTIAL,PRIMARY_MECHANISM_OVERLAP,POLICY_DRIVEN,NOT_AVAILABLE,NOT_AVAILABLE,MISMATCH,SINGLE_TYPE_ONLY,True,NO_VALID_CORRESPONDENCE,False
C,v0.3,v0.2,CC-2026-COMPUTE-POWER,C-2020-NEV,CROSS_MACRO_THEME,PARTIAL,PERIPHERAL_OVERLAP,PERIPHERAL_ONLY,INDUSTRY_UPGRADE,MISMATCH,SEQUENCE_MISMATCH,MISMATCH,NO_CORRESPONDENCE,True,NO_VALID_CORRESPONDENCE,False
C,v0.3,v0.2,CC-2026-COMPUTE-POWER,C-2021-NEV,CROSS_MACRO_THEME,PARTIAL,MISMATCH,NONE,,MISMATCH,SEQUENCE_MISMATCH,MISMATCH,SINGLE_TYPE_ONLY,True,NO_VALID_CORRESPONDENCE,False
C,v0.3,v0.2,CC-2026-COMPUTE-POWER,C-2022-POLICY,CROSS_MACRO_THEME,MATCH,PARTIAL,PRIMARY_MECHANISM_OVERLAP,POLICY_DRIVEN,PARTIAL,SEQUENCE_PARTIAL,PARTIAL,MULTI_TYPE_WITH_CHRONOLOGY,True,STRUCTURAL_PARTIAL,False
C,v0.3,v0.2,CC-2026-COMPUTE-POWER,C-2023-AD,CROSS_MACRO_THEME,MATCH,PARTIAL,PRIMARY_MECHANISM_OVERLAP,POLICY_DRIVEN,PARTIAL,SEQUENCE_PARTIAL,MISMATCH,SINGLE_TYPE_ONLY,True,STRUCTURAL_PARTIAL,False
C,v0.3,v0.2,CC-2026-COMPUTE-POWER,C-2024-V2X,CROSS_MACRO_THEME,PARTIAL,PERIPHERAL_OVERLAP,PERIPHERAL_ONLY,POLICY_DRIVEN,PARTIAL,SEQUENCE_PARTIAL,MISMATCH,SINGLE_TYPE_ONLY,False,NO_VALID_CORRESPONDENCE,False
C,v0.3,v0.2,CC-2026-COMPUTE-POWER,C-2024-ROBOTAXI,CROSS_MACRO_THEME,MATCH,MISMATCH,NONE,,NOT_AVAILABLE,NOT_AVAILABLE,MISMATCH,SINGLE_TYPE_ONLY,True,NO_VALID_CORRESPONDENCE,False
C,v0.3,v0.2,CC-2026-COMPUTE-POWER,C-2025-ROBOTAXI,CROSS_MACRO_THEME,MATCH,PARTIAL,MULTI_MECHANISM,DEMAND_SURGE|INDUSTRY_UPGRADE,MISMATCH,SEQUENCE_MISMATCH,MISMATCH,SINGLE_TYPE_ONLY,True,NO_VALID_CORRESPONDENCE,False
C,v0.3,v0.2,CC-2026-COMPUTE-POWER,C-2016-CONS-BAIJIU-UPGRADE,CROSS_MACRO_THEME,PARTIAL,PERIPHERAL_OVERLAP,PERIPHERAL_ONLY,DEMAND_SURGE,PARTIAL,SEQUENCE_PARTIAL,PARTIAL,MULTI_TYPE_WITH_CHRONOLOGY,False,NO_VALID_CORRESPONDENCE,False
C,v0.3,v0.2,CC-2026-COMPUTE-POWER,C-2018-CONS-HOG-AFRICAN,CROSS_MACRO_THEME,PARTIAL,MISMATCH,NONE,,MATCH,SEQUENCE_MATCH,PARTIAL,MULTI_TYPE_WITH_CHRONOLOGY,False,NO_VALID_CORRESPONDENCE,False
C,v0.3,v0.2,CC-2026-COMPUTE-POWER,C-2019-CONS-BAIJIU-CORE,CROSS_MACRO_THEME,PARTIAL,PERIPHERAL_OVERLAP,PERIPHERAL_ONLY,DEMAND_SURGE,PARTIAL,SEQUENCE_PARTIAL,PARTIAL,MULTI_TYPE_WITH_CHRONOLOGY,False,NO_VALID_CORRESPONDENCE,False
C,v0.3,v0.2,CC-2026-COMPUTE-POWER,C-2019-CONS-AESTHETICS,CROSS_MACRO_THEME,PARTIAL,PERIPHERAL_OVERLAP,PERIPHERAL_ONLY,INDUSTRY_UPGRADE,NOT_AVAILABLE,NOT_AVAILABLE,MISMATCH,SINGLE_TYPE_ONLY,False,NO_VALID_CORRESPONDENCE,False
C,v0.3,v0.2,CC-2026-COMPUTE-POWER,C-2020-CONS-DUTYFREE,CROSS_MACRO_THEME,PARTIAL,PARTIAL,MULTI_MECHANISM,DEMAND_SURGE|POLICY_DRIVEN,PARTIAL,SEQUENCE_PARTIAL,PARTIAL,MULTI_TYPE_WITH_CHRONOLOGY,False,STRUCTURAL_PARTIAL,False
C,v0.3,v0.2,CC-2026-COMPUTE-POWER,C-2020-CONS-WHITE-GOODS,CROSS_MACRO_THEME,PARTIAL,PERIPHERAL_OVERLAP,PERIPHERAL_ONLY,DEMAND_SURGE,NOT_AVAILABLE,NOT_AVAILABLE,MISMATCH,SINGLE_TYPE_ONLY,False,NO_VALID_CORRESPONDENCE,False
C,v0.3,v0.2,CC-2026-COMPUTE-POWER,C-2020-CONS-BEAUTY-CN,CROSS_MACRO_THEME,PARTIAL,NOT_AVAILABLE,NOT_AVAILABLE,,NOT_AVAILABLE,NOT_AVAILABLE,MISMATCH,SINGLE_TYPE_ONLY,False,INSUFFICIENT_EVIDENCE,False
C,v0.3,v0.2,CC-2026-COMPUTE-POWER,C-2021-CONS-HOG-REVERSAL,CROSS_MACRO_THEME,PARTIAL,MISMATCH,NONE,,MATCH,SEQUENCE_MATCH,PARTIAL,MULTI_TYPE_WITH_CHRONOLOGY,False,NO_VALID_CORRESPONDENCE,False
C,v0.3,v0.2,CC-2026-COMPUTE-POWER,C-2022-CONS-SERVICE-REBOUND,CROSS_MACRO_THEME,PARTIAL,NOT_AVAILABLE,NOT_AVAILABLE,,PARTIAL,SEQUENCE_PARTIAL,PARTIAL,MULTI_TYPE_WITH_CHRONOLOGY,False,INSUFFICIENT_EVIDENCE,False
C,v0.3,v0.2,CC-2026-COMPUTE-POWER,C-2023-CONS-VALUE-RETAIL,CROSS_MACRO_THEME,PARTIAL,PERIPHERAL_OVERLAP,PERIPHERAL_ONLY,DEMAND_SURGE,NOT_AVAILABLE,NOT_AVAILABLE,MISMATCH,SINGLE_TYPE_ONLY,False,NO_VALID_CORRESPONDENCE,False
C,v0.3,v0.2,CC-2026-COMPUTE-POWER,C-2024-CONS-TRADE-IN,CROSS_MACRO_THEME,PARTIAL,PARTIAL,MULTI_MECHANISM,DEMAND_SURGE|POLICY_DRIVEN,PARTIAL,SEQUENCE_PARTIAL,PARTIAL,MULTI_TYPE_WITH_CHRONOLOGY,False,STRUCTURAL_PARTIAL,False
C,v0.3,v0.2,CC-2026-COMPUTE-POWER,C-2019-MIL-GROUP-RESTRUCTURE,CROSS_MACRO_THEME,PARTIAL,PERIPHERAL_OVERLAP,PERIPHERAL_ONLY,POLICY_DRIVEN,MISMATCH,SEQUENCE_MISMATCH,MISMATCH,SINGLE_TYPE_ONLY,True,NO_VALID_CORRESPONDENCE,False
C,v0.3,v0.2,CC-2026-COMPUTE-POWER,C-2020-MIL-EQUIP-ORDER,CROSS_MACRO_THEME,PARTIAL,PARTIAL,PRIMARY_MECHANISM_OVERLAP,DEMAND_SURGE,PARTIAL,SEQUENCE_PARTIAL,PARTIAL,MULTI_TYPE_WITH_CHRONOLOGY,True,STRUCTURAL_PARTIAL,False
C,v0.3,v0.2,CC-2026-COMPUTE-POWER,C-2020-RE-DEBT-RISK,CROSS_MACRO_THEME,MISMATCH,NOT_AVAILABLE,NOT_AVAILABLE,,MISMATCH,SEQUENCE_MISMATCH,MISMATCH,SINGLE_TYPE_ONLY,False,INSUFFICIENT_EVIDENCE,False
C,v0.3,v0.2,CC-2026-COMPUTE-POWER,C-2020-FIN-BANK-CREDIT,CROSS_MACRO_THEME,PARTIAL,MISMATCH,NONE,,PARTIAL,SET_ONLY,PARTIAL,MULTI_TYPE_WITH_CHRONOLOGY,False,NO_VALID_CORRESPONDENCE,False
C,v0.3,v0.2,CC-2026-COMPUTE-POWER,C-2022-RE-POLICY-THREE,CROSS_MACRO_THEME,PARTIAL,PERIPHERAL_OVERLAP,PERIPHERAL_ONLY,POLICY_DRIVEN,PARTIAL,SEQUENCE_PARTIAL,MISMATCH,SINGLE_TYPE_ONLY,True,NO_VALID_CORRESPONDENCE,False
C,v0.3,v0.2,CC-2026-COMPUTE-POWER,C-2023-FIN-SOE-VALUATION,CROSS_MACRO_THEME,PARTIAL,MISMATCH,NONE,,PARTIAL,SEQUENCE_PARTIAL,MISMATCH,SINGLE_TYPE_ONLY,True,NO_VALID_CORRESPONDENCE,False
C,v0.3,v0.2,CC-2026-COMPUTE-POWER,C-2024-FIN-BROKER-POLICY,CROSS_MACRO_THEME,PARTIAL,PERIPHERAL_OVERLAP,PERIPHERAL_ONLY,POLICY_DRIVEN,PARTIAL,SEQUENCE_PARTIAL,PARTIAL,MULTI_TYPE_WITH_CHRONOLOGY,True,NO_VALID_CORRESPONDENCE,False
C,v0.3,v0.2,CC-2026-COMPUTE-POWER,C-2024-FIN-BANK-DIVIDEND,CROSS_MACRO_THEME,PARTIAL,MISMATCH,NONE,,NOT_AVAILABLE,NOT_AVAILABLE,MISMATCH,SINGLE_TYPE_ONLY,True,NO_VALID_CORRESPONDENCE,False
C,v0.3,v0.2,CC-2026-COMPUTE-POWER,C-2025-FIN-INSURANCE,CROSS_MACRO_THEME,PARTIAL,MISMATCH,NONE,,NOT_AVAILABLE,NOT_AVAILABLE,MISMATCH,SINGLE_TYPE_ONLY,True,NO_VALID_CORRESPONDENCE,False
C,v0.3,v0.2,CC-2026-COMPUTE-POWER,C-2016-HIEQ-CONSTR,CROSS_MACRO_THEME,PARTIAL,PARTIAL,MULTI_MECHANISM,DEMAND_SURGE|INDUSTRY_UPGRADE,MATCH,SEQUENCE_MATCH,MISMATCH,SINGLE_TYPE_ONLY,False,STRUCTURAL_PARTIAL,False
C,v0.3,v0.2,CC-2026-COMPUTE-POWER,C-2018-HIEQ-ROBOT-DOWN,CROSS_MACRO_THEME,MISMATCH,PERIPHERAL_OVERLAP,PERIPHERAL_ONLY,DEMAND_SURGE,MATCH,SEQUENCE_MATCH,MISMATCH,SINGLE_TYPE_ONLY,False,NO_VALID_CORRESPONDENCE,False
C,v0.3,v0.2,CC-2026-COMPUTE-POWER,C-2020-HIEQ-AUTOMATION,CROSS_MACRO_THEME,PARTIAL,MISMATCH,NONE,,MATCH,SEQUENCE_MATCH,PARTIAL,MULTI_TYPE_WITH_CHRONOLOGY,False,NO_VALID_CORRESPONDENCE,False
C,v0.3,v0.2,CC-2026-COMPUTE-POWER,C-2023-HIEQ-ROBOT-PLUS,CROSS_MACRO_THEME,PARTIAL,PARTIAL,MULTI_MECHANISM,DEMAND_SURGE|POLICY_DRIVEN,PARTIAL,SEQUENCE_PARTIAL,PARTIAL,MULTI_TYPE_WITH_CHRONOLOGY,False,STRUCTURAL_PARTIAL,False
C,v0.3,v0.2,CC-2026-COMPUTE-POWER,C-2023-HIEQ-HUMANOID,CROSS_MACRO_THEME,PARTIAL,PERIPHERAL_OVERLAP,PERIPHERAL_ONLY,INDUSTRY_UPGRADE,MATCH,SEQUENCE_MATCH,PARTIAL,MULTI_TYPE_WITH_CHRONOLOGY,False,NO_VALID_CORRESPONDENCE,False
C,v0.3,v0.2,CC-2026-COMPUTE-POWER,C-2019-COMM-5G,CROSS_MACRO_THEME,MATCH,PARTIAL,PRIMARY_MECHANISM_OVERLAP,POLICY_DRIVEN,PARTIAL,SEQUENCE_PARTIAL,MISMATCH,SINGLE_TYPE_ONLY,True,STRUCTURAL_PARTIAL,False
C,v0.3,v0.2,CC-2026-COMPUTE-POWER,C-2023-COMM-OPTICAL,CROSS_MACRO_THEME,MATCH,PARTIAL,PRIMARY_MECHANISM_OVERLAP,DEMAND_SURGE,PARTIAL,SEQUENCE_PARTIAL,PARTIAL,MULTI_TYPE_WITH_CHRONOLOGY,True,STRUCTURAL_PARTIAL,False
C,v0.3,v0.2,CC-2026-COMPUTE-POWER,C-2019-PHARMA-INNOV,CROSS_MACRO_THEME,MATCH,PERIPHERAL_OVERLAP,PERIPHERAL_ONLY,DEMAND_SURGE,PARTIAL,SEQUENCE_PARTIAL,MISMATCH,SINGLE_TYPE_ONLY,True,NO_VALID_CORRESPONDENCE,False
C,v0.3,v0.2,CC-2026-COMPUTE-POWER,C-2020-POWER-NE,SAME_MACRO_THEME,MATCH,PARTIAL,PRIMARY_MECHANISM_OVERLAP,POLICY_DRIVEN,PARTIAL,SEQUENCE_PARTIAL,MISMATCH,SINGLE_TYPE_ONLY,True,STRUCTURAL_PARTIAL,False
C,v0.3,v0.2,CC-2026-COMPUTE-POWER,C-2022-POWER-GRID,SAME_MACRO_THEME,MATCH,PERIPHERAL_OVERLAP,PERIPHERAL_ONLY,POLICY_DRIVEN,PARTIAL,SEQUENCE_PARTIAL,PARTIAL,MULTI_TYPE_WITH_CHRONOLOGY,True,THEME_ONLY,False
C,v0.3,v0.2,CC-2026-COMPUTE-POWER,C-2019-RES-DYE-SHOCK,CROSS_MACRO_THEME,PARTIAL,NOT_AVAILABLE,NOT_AVAILABLE,,MATCH,SEQUENCE_MATCH,MATCH,TYPE_AND_CHRONOLOGY,False,INSUFFICIENT_EVIDENCE,False
C,v0.3,v0.2,CC-2026-COMPUTE-POWER,C-2020-RES-NONFERROUS,CROSS_MACRO_THEME,PARTIAL,PERIPHERAL_OVERLAP,PERIPHERAL_ONLY,DEMAND_SURGE,NOT_AVAILABLE,NOT_AVAILABLE,MISMATCH,SINGLE_TYPE_ONLY,False,NO_VALID_CORRESPONDENCE,False
C,v0.3,v0.2,CC-2026-COMPUTE-POWER,C-2020-RES-LITHIUM,CROSS_MACRO_THEME,PARTIAL,MISMATCH,NONE,,MATCH,SEQUENCE_MATCH,MISMATCH,SINGLE_TYPE_ONLY,False,NO_VALID_CORRESPONDENCE,False
C,v0.3,v0.2,CC-2026-COMPUTE-POWER,C-2020-RES-RAREEARTH,CROSS_MACRO_THEME,PARTIAL,PERIPHERAL_OVERLAP,PERIPHERAL_ONLY,POLICY_DRIVEN,MATCH,SEQUENCE_MATCH,MISMATCH,SINGLE_TYPE_ONLY,False,NO_VALID_CORRESPONDENCE,False
C,v0.3,v0.2,CC-2026-COMPUTE-POWER,C-2021-RES-CHEM-DUALCTRL,CROSS_MACRO_THEME,PARTIAL,PERIPHERAL_OVERLAP,PERIPHERAL_ONLY,POLICY_DRIVEN,PARTIAL,SEQUENCE_PARTIAL,PARTIAL,MULTI_TYPE_WITH_CHRONOLOGY,False,NO_VALID_CORRESPONDENCE,False
C,v0.3,v0.2,CC-2026-COMPUTE-POWER,C-2024-RES-GOLD-CB,CROSS_MACRO_THEME,PARTIAL,PERIPHERAL_OVERLAP,PERIPHERAL_ONLY,DEMAND_SURGE,PARTIAL,SEQUENCE_PARTIAL,MISMATCH,SINGLE_TYPE_ONLY,False,NO_VALID_CORRESPONDENCE,False
C,v0.3,v0.2,CC-2026-COMPUTE-POWER,C-2016-PANEL-CYCLE,CROSS_MACRO_THEME,PARTIAL,PERIPHERAL_OVERLAP,PERIPHERAL_ONLY,DEMAND_SURGE,NOT_AVAILABLE,NOT_AVAILABLE,NOT_AVAILABLE,NOT_AVAILABLE,False,INSUFFICIENT_EVIDENCE,False
C,v0.3,v0.2,CC-2026-COMPUTE-POWER,C-2019-SEMI-LOCALIZATION,CROSS_MACRO_THEME,PARTIAL,PERIPHERAL_OVERLAP,PERIPHERAL_ONLY,DEMAND_SURGE,PARTIAL,SEQUENCE_PARTIAL,PARTIAL,MULTI_TYPE_WITH_CHRONOLOGY,False,NO_VALID_CORRESPONDENCE,False
C,v0.3,v0.2,CC-2026-COMPUTE-POWER,C-2019-CONSUMER-TWS,CROSS_MACRO_THEME,PARTIAL,PERIPHERAL_OVERLAP,PERIPHERAL_ONLY,DEMAND_SURGE,PARTIAL,SEQUENCE_PARTIAL,MISMATCH,SINGLE_TYPE_ONLY,False,NO_VALID_CORRESPONDENCE,False
C,v0.3,v0.2,CC-2026-COMPUTE-POWER,C-2020-SEMI-EQUIPMENT,CROSS_MACRO_THEME,PARTIAL,PERIPHERAL_OVERLAP,PERIPHERAL_ONLY,DEMAND_SURGE,PARTIAL,SEQUENCE_PARTIAL,PARTIAL,MULTI_TYPE_WITH_CHRONOLOGY,False,NO_VALID_CORRESPONDENCE,False
C,v0.3,v0.2,CC-2026-COMPUTE-POWER,C-2020-PANEL-CYCLE,CROSS_MACRO_THEME,PARTIAL,PERIPHERAL_OVERLAP,PERIPHERAL_ONLY,DEMAND_SURGE,MATCH,SEQUENCE_MATCH,MISMATCH,SINGLE_TYPE_ONLY,False,NO_VALID_CORRESPONDENCE,False
C,v0.3,v0.2,CC-2026-COMPUTE-POWER,C-2022-SEMI-DOWNTURN,CROSS_MACRO_THEME,MISMATCH,PERIPHERAL_OVERLAP,PERIPHERAL_ONLY,DEMAND_SURGE,NOT_AVAILABLE,NOT_AVAILABLE,MISMATCH,SINGLE_TYPE_ONLY,False,NO_VALID_CORRESPONDENCE,False
C,v0.3,v0.2,CC-2026-COMPUTE-POWER,C-2023-AI-COMPUTE-SEMI,CROSS_MACRO_THEME,PARTIAL,PERIPHERAL_OVERLAP,PERIPHERAL_ONLY,INDUSTRY_UPGRADE,NOT_AVAILABLE,NOT_AVAILABLE,MISMATCH,SINGLE_TYPE_ONLY,False,NO_VALID_CORRESPONDENCE,False
C,v0.3,v0.2,CC-2026-COMPUTE-POWER,C-2024-SEMI-MEMORY,CROSS_MACRO_THEME,PARTIAL,PARTIAL,MULTI_MECHANISM,DEMAND_SURGE|POLICY_DRIVEN,NOT_AVAILABLE,NOT_AVAILABLE,MISMATCH,SINGLE_TYPE_ONLY,False,NO_VALID_CORRESPONDENCE,False
C,v0.3,v0.2,CC-2026-COMPUTE-POWER,RC-2023-HUAWEI,CROSS_MACRO_THEME,MATCH,MISMATCH,NONE,,NOT_AVAILABLE,NOT_AVAILABLE,MISMATCH,NO_CORRESPONDENCE,True,NO_VALID_CORRESPONDENCE,False
C,v0.3,v0.2,CC-2026-COMPUTE-POWER,RC-2024-SECONDARY,CROSS_MACRO_THEME,MISMATCH,NOT_AVAILABLE,NOT_AVAILABLE,,NOT_AVAILABLE,NOT_AVAILABLE,NOT_AVAILABLE,NOT_AVAILABLE,False,INSUFFICIENT_EVIDENCE,False
C,v0.3,v0.2,CC-2026-COMPUTE-POWER,RC-2020-PANDEMIC,CROSS_MACRO_THEME,PARTIAL,PARTIAL,PRIMARY_MECHANISM_OVERLAP,DEMAND_SURGE,NOT_AVAILABLE,NOT_AVAILABLE,MISMATCH,NO_CORRESPONDENCE,True,NO_VALID_CORRESPONDENCE,False
C,v0.3,v0.2,CC-2026-COMPUTE-POWER,RC-2021-TCM,CROSS_MACRO_THEME,PARTIAL,PARTIAL,PRIMARY_MECHANISM_OVERLAP,POLICY_DRIVEN,NOT_AVAILABLE,NOT_AVAILABLE,MISMATCH,SINGLE_TYPE_ONLY,True,NO_VALID_CORRESPONDENCE,False
C,v0.3,v0.2,CC-2026-COMPUTE-POWER,RC-2020-CONS-SMALL-APPLIANCE,CROSS_MACRO_THEME,COMPARISON_POINT_UNKNOWN,NOT_AVAILABLE,NOT_AVAILABLE,,NOT_AVAILABLE,NOT_AVAILABLE,NOT_AVAILABLE,NOT_AVAILABLE,False,INSUFFICIENT_EVIDENCE,False
C,v0.3,v0.2,CC-2026-COMPUTE-POWER,RC-2024-CONS-PET-FOOD,CROSS_MACRO_THEME,COMPARISON_POINT_UNKNOWN,NOT_AVAILABLE,NOT_AVAILABLE,,NOT_AVAILABLE,NOT_AVAILABLE,NOT_AVAILABLE,NOT_AVAILABLE,False,INSUFFICIENT_EVIDENCE,False
C,v0.3,v0.2,CC-2026-COMPUTE-POWER,RC-2020-RES-GOLD-RATES,CROSS_MACRO_THEME,COMPARISON_POINT_UNKNOWN,NOT_AVAILABLE,NOT_AVAILABLE,,NOT_AVAILABLE,NOT_AVAILABLE,NOT_AVAILABLE,NOT_AVAILABLE,False,INSUFFICIENT_EVIDENCE,False
C,v0.3,v0.2,CC-2026-COMPUTE-POWER,RC-2022-RES-FERTILIZER,CROSS_MACRO_THEME,COMPARISON_POINT_UNKNOWN,NOT_AVAILABLE,NOT_AVAILABLE,,NOT_AVAILABLE,NOT_AVAILABLE,NOT_AVAILABLE,NOT_AVAILABLE,False,INSUFFICIENT_EVIDENCE,False
C,v0.3,v0.2,CC-2026-COMPUTE-POWER,RC-2025-RES-COPPER,CROSS_MACRO_THEME,COMPARISON_POINT_UNKNOWN,NOT_AVAILABLE,NOT_AVAILABLE,,NOT_AVAILABLE,NOT_AVAILABLE,NOT_AVAILABLE,NOT_AVAILABLE,False,INSUFFICIENT_EVIDENCE,False
C,v0.3,v0.2,CC-2026-COMPUTE-POWER,RC-2017-RES-ALUMINUM,CROSS_MACRO_THEME,COMPARISON_POINT_UNKNOWN,NOT_AVAILABLE,NOT_AVAILABLE,,NOT_AVAILABLE,NOT_AVAILABLE,NOT_AVAILABLE,NOT_AVAILABLE,False,INSUFFICIENT_EVIDENCE,False
C,v0.3,v0.2,CC-2026-COMPUTE-POWER,RC-2016-RES-CHEM-ENV,CROSS_MACRO_THEME,COMPARISON_POINT_UNKNOWN,NOT_AVAILABLE,NOT_AVAILABLE,,NOT_AVAILABLE,NOT_AVAILABLE,NOT_AVAILABLE,NOT_AVAILABLE,False,INSUFFICIENT_EVIDENCE,False
C,v0.3,v0.2,CC-2026-COMPUTE-POWER,RC-2022-SEMI-CHIPSHORTAGE,CROSS_MACRO_THEME,COMPARISON_POINT_UNKNOWN,NOT_AVAILABLE,NOT_AVAILABLE,,NOT_AVAILABLE,NOT_AVAILABLE,NOT_AVAILABLE,NOT_AVAILABLE,False,INSUFFICIENT_EVIDENCE,False
C,v0.3,v0.2,CC-2026-COMPUTE-POWER,RC-2024-SEMI-FUND3,CROSS_MACRO_THEME,COMPARISON_POINT_UNKNOWN,NOT_AVAILABLE,NOT_AVAILABLE,,NOT_AVAILABLE,NOT_AVAILABLE,NOT_AVAILABLE,NOT_AVAILABLE,False,INSUFFICIENT_EVIDENCE,False
C,v0.3,v0.2,CC-2026-COMPUTE-POWER,RC-2015-SEMI-LEVERAGE,CROSS_MACRO_THEME,COMPARISON_POINT_UNKNOWN,NOT_AVAILABLE,NOT_AVAILABLE,,NOT_AVAILABLE,NOT_AVAILABLE,NOT_AVAILABLE,NOT_AVAILABLE,False,INSUFFICIENT_EVIDENCE,False
C,v0.3,v0.2,CC-2026-COMPUTE-POWER,RC-2017-GPU-MINING,CROSS_MACRO_THEME,COMPARISON_POINT_UNKNOWN,NOT_AVAILABLE,NOT_AVAILABLE,,NOT_AVAILABLE,NOT_AVAILABLE,NOT_AVAILABLE,NOT_AVAILABLE,False,INSUFFICIENT_EVIDENCE,False
C,v0.3,v0.2,CC-2026-COMPUTE-POWER,RC-2024-HIEQ-EQUIP-UPDATE,CROSS_MACRO_THEME,PARTIAL,NOT_AVAILABLE,NOT_AVAILABLE,,PARTIAL,SEQUENCE_PARTIAL,MISMATCH,SINGLE_TYPE_ONLY,False,INSUFFICIENT_EVIDENCE,False
C,v0.3,v0.2,CC-2026-COMPUTE-POWER,RC-2024-HIEQ-HUMANOID-MASS,CROSS_MACRO_THEME,PARTIAL,NOT_AVAILABLE,NOT_AVAILABLE,,MISMATCH,SEQUENCE_MISMATCH,MISMATCH,NO_CORRESPONDENCE,False,INSUFFICIENT_EVIDENCE,False
C,v0.3,v0.2,CC-2026-COMPUTE-POWER,RC-2024-RE-POLICY-517,CROSS_MACRO_THEME,COMPARISON_POINT_UNKNOWN,NOT_AVAILABLE,NOT_AVAILABLE,,NOT_AVAILABLE,NOT_AVAILABLE,NOT_AVAILABLE,NOT_AVAILABLE,False,INSUFFICIENT_EVIDENCE,False
C,v0.3,v0.2,CC-2026-COMPUTE-POWER,RC-2019-RE-EASING,CROSS_MACRO_THEME,COMPARISON_POINT_UNKNOWN,NOT_AVAILABLE,NOT_AVAILABLE,,NOT_AVAILABLE,NOT_AVAILABLE,NOT_AVAILABLE,NOT_AVAILABLE,False,INSUFFICIENT_EVIDENCE,False
C,v0.3,v0.2,CC-2026-COMPUTE-POWER,RC-2020-FIN-BROKER-VOLUME,CROSS_MACRO_THEME,COMPARISON_POINT_UNKNOWN,NOT_AVAILABLE,NOT_AVAILABLE,,NOT_AVAILABLE,NOT_AVAILABLE,NOT_AVAILABLE,NOT_AVAILABLE,False,INSUFFICIENT_EVIDENCE,False
C,v0.3,v0.2,CC-2026-COMPUTE-POWER,RC-2016-RE-SHANTY,CROSS_MACRO_THEME,COMPARISON_POINT_UNKNOWN,NOT_AVAILABLE,NOT_AVAILABLE,,NOT_AVAILABLE,NOT_AVAILABLE,NOT_AVAILABLE,NOT_AVAILABLE,False,INSUFFICIENT_EVIDENCE,False
C,v0.3,v0.2,CC-2026-COMPUTE-POWER,RC-2015-FIN-LEVERAGE,CROSS_MACRO_THEME,COMPARISON_POINT_UNKNOWN,NOT_AVAILABLE,NOT_AVAILABLE,,NOT_AVAILABLE,NOT_AVAILABLE,NOT_AVAILABLE,NOT_AVAILABLE,False,INSUFFICIENT_EVIDENCE,False
C,v0.3,v0.2,CC-2026-COMPUTE-POWER,RC-2019-MIL-PARADE-70,CROSS_MACRO_THEME,PARTIAL,NOT_AVAILABLE,NOT_AVAILABLE,,NOT_AVAILABLE,NOT_AVAILABLE,NOT_AVAILABLE,NOT_AVAILABLE,False,INSUFFICIENT_EVIDENCE,False
C,v0.3,v0.2,CC-2026-COMPUTE-POWER,RC-2025-MIL-PARADE-80,CROSS_MACRO_THEME,PARTIAL,MISMATCH,NONE,,NOT_AVAILABLE,NOT_AVAILABLE,NOT_AVAILABLE,NOT_AVAILABLE,False,INSUFFICIENT_EVIDENCE,False
C,v0.3,v0.2,CC-2026-COMPUTE-POWER,RC-2017-MIL-MIXED-REFORM,CROSS_MACRO_THEME,PARTIAL,PERIPHERAL_OVERLAP,PERIPHERAL_ONLY,POLICY_DRIVEN,NOT_AVAILABLE,NOT_AVAILABLE,NOT_AVAILABLE,NOT_AVAILABLE,False,INSUFFICIENT_EVIDENCE,False
C,v0.3,v0.2,CC-2026-COMPUTE-POWER,RC-2015-MIL-REFORM-BULL,CROSS_MACRO_THEME,MISMATCH,MISMATCH,NONE,,NOT_AVAILABLE,NOT_AVAILABLE,NOT_AVAILABLE,NOT_AVAILABLE,False,INSUFFICIENT_EVIDENCE,False
C,v0.3,v0.2,CC-2026-COMPUTE-POWER,RC-2024-MIL-COMMERCIAL-SPACE,CROSS_MACRO_THEME,PARTIAL,PERIPHERAL_OVERLAP,PERIPHERAL_ONLY,POLICY_DRIVEN,NOT_AVAILABLE,NOT_AVAILABLE,NOT_AVAILABLE,NOT_AVAILABLE,False,INSUFFICIENT_EVIDENCE,False
C,v0.3,v0.2,CC-2026-EMBODIED-AI,C-2019-AD,CROSS_MACRO_THEME,MATCH,PARTIAL,PRIMARY_MECHANISM_OVERLAP,POLICY_DRIVEN,NOT_AVAILABLE,NOT_AVAILABLE,MISMATCH,SINGLE_TYPE_ONLY,True,NO_VALID_CORRESPONDENCE,False
C,v0.3,v0.2,CC-2026-EMBODIED-AI,C-2020-NEV,CROSS_MACRO_THEME,MATCH,PERIPHERAL_OVERLAP,PERIPHERAL_ONLY,INDUSTRY_UPGRADE,MISMATCH,SEQUENCE_MISMATCH,MISMATCH,SINGLE_TYPE_ONLY,True,NO_VALID_CORRESPONDENCE,False
C,v0.3,v0.2,CC-2026-EMBODIED-AI,C-2021-NEV,CROSS_MACRO_THEME,MATCH,MISMATCH,NONE,,PARTIAL,SET_ONLY,PARTIAL,MULTI_TYPE_WITH_CHRONOLOGY,True,NO_VALID_CORRESPONDENCE,False
C,v0.3,v0.2,CC-2026-EMBODIED-AI,C-2022-POLICY,CROSS_MACRO_THEME,MATCH,PARTIAL,PRIMARY_MECHANISM_OVERLAP,POLICY_DRIVEN,MATCH,SEQUENCE_MATCH,PARTIAL,MULTI_TYPE_WITH_CHRONOLOGY,True,STRUCTURAL_PARTIAL,False
C,v0.3,v0.2,CC-2026-EMBODIED-AI,C-2023-AD,CROSS_MACRO_THEME,MATCH,PARTIAL,MULTI_MECHANISM,POLICY_DRIVEN|TECH_BREAKTHROUGH,MATCH,SEQUENCE_MATCH,PARTIAL,MULTI_TYPE_WITH_CHRONOLOGY,True,STRUCTURAL_SUPPORTED,False
C,v0.3,v0.2,CC-2026-EMBODIED-AI,C-2024-V2X,CROSS_MACRO_THEME,PARTIAL,PERIPHERAL_OVERLAP,PERIPHERAL_ONLY,POLICY_DRIVEN,MATCH,SEQUENCE_MATCH,MISMATCH,SINGLE_TYPE_ONLY,False,NO_VALID_CORRESPONDENCE,False
C,v0.3,v0.2,CC-2026-EMBODIED-AI,C-2024-ROBOTAXI,CROSS_MACRO_THEME,MATCH,MISMATCH,NONE,,NOT_AVAILABLE,NOT_AVAILABLE,MISMATCH,SINGLE_TYPE_ONLY,True,NO_VALID_CORRESPONDENCE,False
C,v0.3,v0.2,CC-2026-EMBODIED-AI,C-2025-ROBOTAXI,CROSS_MACRO_THEME,MATCH,PERIPHERAL_OVERLAP,PERIPHERAL_ONLY,INDUSTRY_UPGRADE,PARTIAL,SEQUENCE_PARTIAL,PARTIAL,MULTI_TYPE_WITH_CHRONOLOGY,True,NO_VALID_CORRESPONDENCE,False
C,v0.3,v0.2,CC-2026-EMBODIED-AI,C-2016-CONS-BAIJIU-UPGRADE,CROSS_MACRO_THEME,MATCH,MISMATCH,NONE,,MATCH,SEQUENCE_MATCH,PARTIAL,MULTI_TYPE_WITH_CHRONOLOGY,False,NO_VALID_CORRESPONDENCE,False
C,v0.3,v0.2,CC-2026-EMBODIED-AI,C-2018-CONS-HOG-AFRICAN,CROSS_MACRO_THEME,MATCH,MISMATCH,NONE,,PARTIAL,SEQUENCE_PARTIAL,PARTIAL,MULTI_TYPE_WITH_CHRONOLOGY,False,NO_VALID_CORRESPONDENCE,False
C,v0.3,v0.2,CC-2026-EMBODIED-AI,C-2019-CONS-BAIJIU-CORE,CROSS_MACRO_THEME,MATCH,MISMATCH,NONE,,MATCH,SEQUENCE_MATCH,PARTIAL,MULTI_TYPE_WITH_CHRONOLOGY,False,NO_VALID_CORRESPONDENCE,False
C,v0.3,v0.2,CC-2026-EMBODIED-AI,C-2019-CONS-AESTHETICS,CROSS_MACRO_THEME,MATCH,PERIPHERAL_OVERLAP,PERIPHERAL_ONLY,INDUSTRY_UPGRADE,NOT_AVAILABLE,NOT_AVAILABLE,MISMATCH,SINGLE_TYPE_ONLY,False,NO_VALID_CORRESPONDENCE,False
C,v0.3,v0.2,CC-2026-EMBODIED-AI,C-2020-CONS-DUTYFREE,CROSS_MACRO_THEME,MATCH,PERIPHERAL_OVERLAP,PERIPHERAL_ONLY,POLICY_DRIVEN,MATCH,SEQUENCE_MATCH,PARTIAL,MULTI_TYPE_WITH_CHRONOLOGY,False,NO_VALID_CORRESPONDENCE,False
C,v0.3,v0.2,CC-2026-EMBODIED-AI,C-2020-CONS-WHITE-GOODS,CROSS_MACRO_THEME,MATCH,MISMATCH,NONE,,NOT_AVAILABLE,NOT_AVAILABLE,MISMATCH,SINGLE_TYPE_ONLY,False,NO_VALID_CORRESPONDENCE,False
C,v0.3,v0.2,CC-2026-EMBODIED-AI,C-2020-CONS-BEAUTY-CN,CROSS_MACRO_THEME,MATCH,NOT_AVAILABLE,NOT_AVAILABLE,,NOT_AVAILABLE,NOT_AVAILABLE,MISMATCH,SINGLE_TYPE_ONLY,False,INSUFFICIENT_EVIDENCE,False
C,v0.3,v0.2,CC-2026-EMBODIED-AI,C-2021-CONS-HOG-REVERSAL,CROSS_MACRO_THEME,MATCH,MISMATCH,NONE,,PARTIAL,SEQUENCE_PARTIAL,PARTIAL,MULTI_TYPE_WITH_CHRONOLOGY,False,NO_VALID_CORRESPONDENCE,False
C,v0.3,v0.2,CC-2026-EMBODIED-AI,C-2022-CONS-SERVICE-REBOUND,CROSS_MACRO_THEME,MATCH,NOT_AVAILABLE,NOT_AVAILABLE,,MATCH,SEQUENCE_MATCH,PARTIAL,MULTI_TYPE_WITH_CHRONOLOGY,False,INSUFFICIENT_EVIDENCE,False
C,v0.3,v0.2,CC-2026-EMBODIED-AI,C-2023-CONS-VALUE-RETAIL,CROSS_MACRO_THEME,MATCH,PERIPHERAL_OVERLAP,PERIPHERAL_ONLY,TECH_BREAKTHROUGH,NOT_AVAILABLE,NOT_AVAILABLE,MISMATCH,SINGLE_TYPE_ONLY,False,NO_VALID_CORRESPONDENCE,False
C,v0.3,v0.2,CC-2026-EMBODIED-AI,C-2024-CONS-TRADE-IN,CROSS_MACRO_THEME,MATCH,PERIPHERAL_OVERLAP,PERIPHERAL_ONLY,POLICY_DRIVEN,MATCH,SEQUENCE_MATCH,PARTIAL,MULTI_TYPE_WITH_CHRONOLOGY,False,NO_VALID_CORRESPONDENCE,False
C,v0.3,v0.2,CC-2026-EMBODIED-AI,C-2019-MIL-GROUP-RESTRUCTURE,CROSS_MACRO_THEME,MATCH,PERIPHERAL_OVERLAP,PERIPHERAL_ONLY,POLICY_DRIVEN,PARTIAL,SEQUENCE_PARTIAL,PARTIAL,MULTI_TYPE_WITH_CHRONOLOGY,True,NO_VALID_CORRESPONDENCE,False
C,v0.3,v0.2,CC-2026-EMBODIED-AI,C-2020-MIL-EQUIP-ORDER,CROSS_MACRO_THEME,MATCH,MISMATCH,NONE,,MATCH,SEQUENCE_MATCH,PARTIAL,MULTI_TYPE_WITH_CHRONOLOGY,True,NO_VALID_CORRESPONDENCE,False
C,v0.3,v0.2,CC-2026-EMBODIED-AI,C-2020-RE-DEBT-RISK,CROSS_MACRO_THEME,MISMATCH,NOT_AVAILABLE,NOT_AVAILABLE,,MATCH,SEQUENCE_MATCH,PARTIAL,MULTI_TYPE_WITH_CHRONOLOGY,False,INSUFFICIENT_EVIDENCE,False
C,v0.3,v0.2,CC-2026-EMBODIED-AI,C-2020-FIN-BANK-CREDIT,CROSS_MACRO_THEME,MATCH,MISMATCH,NONE,,PARTIAL,SET_ONLY,PARTIAL,MULTI_TYPE_WITH_CHRONOLOGY,False,NO_VALID_CORRESPONDENCE,False
C,v0.3,v0.2,CC-2026-EMBODIED-AI,C-2022-RE-POLICY-THREE,CROSS_MACRO_THEME,MATCH,PERIPHERAL_OVERLAP,PERIPHERAL_ONLY,POLICY_DRIVEN,MATCH,SEQUENCE_MATCH,MISMATCH,SINGLE_TYPE_ONLY,True,NO_VALID_CORRESPONDENCE,False
C,v0.3,v0.2,CC-2026-EMBODIED-AI,C-2023-FIN-SOE-VALUATION,CROSS_MACRO_THEME,MATCH,MISMATCH,NONE,,MISMATCH,SEQUENCE_MISMATCH,MISMATCH,SINGLE_TYPE_ONLY,True,NO_VALID_CORRESPONDENCE,False
C,v0.3,v0.2,CC-2026-EMBODIED-AI,C-2024-FIN-BROKER-POLICY,CROSS_MACRO_THEME,MATCH,PERIPHERAL_OVERLAP,PERIPHERAL_ONLY,POLICY_DRIVEN,MATCH,SEQUENCE_MATCH,PARTIAL,MULTI_TYPE_WITH_CHRONOLOGY,True,NO_VALID_CORRESPONDENCE,False
C,v0.3,v0.2,CC-2026-EMBODIED-AI,C-2024-FIN-BANK-DIVIDEND,CROSS_MACRO_THEME,MATCH,MISMATCH,NONE,,NOT_AVAILABLE,NOT_AVAILABLE,MISMATCH,SINGLE_TYPE_ONLY,True,NO_VALID_CORRESPONDENCE,False
C,v0.3,v0.2,CC-2026-EMBODIED-AI,C-2025-FIN-INSURANCE,CROSS_MACRO_THEME,MATCH,MISMATCH,NONE,,NOT_AVAILABLE,NOT_AVAILABLE,MISMATCH,SINGLE_TYPE_ONLY,True,NO_VALID_CORRESPONDENCE,False
C,v0.3,v0.2,CC-2026-EMBODIED-AI,C-2016-HIEQ-CONSTR,SAME_MACRO_THEME,MATCH,PERIPHERAL_OVERLAP,PERIPHERAL_ONLY,INDUSTRY_UPGRADE,PARTIAL,SEQUENCE_PARTIAL,PARTIAL,MULTI_TYPE_WITH_CHRONOLOGY,False,THEME_ONLY,False
C,v0.3,v0.2,CC-2026-EMBODIED-AI,C-2018-HIEQ-ROBOT-DOWN,SAME_MACRO_THEME,MISMATCH,MISMATCH,NONE,,PARTIAL,SEQUENCE_PARTIAL,MISMATCH,SINGLE_TYPE_ONLY,False,THEME_ONLY,False
C,v0.3,v0.2,CC-2026-EMBODIED-AI,C-2020-HIEQ-AUTOMATION,SAME_MACRO_THEME,MATCH,PERIPHERAL_OVERLAP,PERIPHERAL_ONLY,TECH_BREAKTHROUGH,PARTIAL,SEQUENCE_PARTIAL,PARTIAL,MULTI_TYPE_WITH_CHRONOLOGY,False,THEME_ONLY,False
C,v0.3,v0.2,CC-2026-EMBODIED-AI,C-2023-HIEQ-ROBOT-PLUS,SAME_MACRO_THEME,MATCH,PERIPHERAL_OVERLAP,PERIPHERAL_ONLY,POLICY_DRIVEN,MATCH,SEQUENCE_MATCH,PARTIAL,MULTI_TYPE_WITH_CHRONOLOGY,False,THEME_ONLY,False
C,v0.3,v0.2,CC-2026-EMBODIED-AI,C-2023-HIEQ-HUMANOID,SAME_MACRO_THEME,MATCH,PARTIAL,MULTI_MECHANISM,INDUSTRY_UPGRADE|TECH_BREAKTHROUGH,PARTIAL,SEQUENCE_PARTIAL,PARTIAL,MULTI_TYPE_WITH_CHRONOLOGY,False,STRUCTURAL_PARTIAL,False
C,v0.3,v0.2,CC-2026-EMBODIED-AI,C-2019-COMM-5G,CROSS_MACRO_THEME,MATCH,PARTIAL,PRIMARY_MECHANISM_OVERLAP,POLICY_DRIVEN,MATCH,SEQUENCE_MATCH,MISMATCH,SINGLE_TYPE_ONLY,True,STRUCTURAL_PARTIAL,False
C,v0.3,v0.2,CC-2026-EMBODIED-AI,C-2023-COMM-OPTICAL,CROSS_MACRO_THEME,MATCH,PERIPHERAL_OVERLAP,PERIPHERAL_ONLY,TECH_BREAKTHROUGH,MATCH,SEQUENCE_MATCH,PARTIAL,MULTI_TYPE_WITH_CHRONOLOGY,True,NO_VALID_CORRESPONDENCE,False
C,v0.3,v0.2,CC-2026-EMBODIED-AI,C-2019-PHARMA-INNOV,CROSS_MACRO_THEME,MATCH,MISMATCH,NONE,,MATCH,SEQUENCE_MATCH,MISMATCH,SINGLE_TYPE_ONLY,True,NO_VALID_CORRESPONDENCE,False
C,v0.3,v0.2,CC-2026-EMBODIED-AI,C-2020-POWER-NE,CROSS_MACRO_THEME,MATCH,PARTIAL,PRIMARY_MECHANISM_OVERLAP,POLICY_DRIVEN,MATCH,SEQUENCE_MATCH,MISMATCH,SINGLE_TYPE_ONLY,True,STRUCTURAL_PARTIAL,False
C,v0.3,v0.2,CC-2026-EMBODIED-AI,C-2022-POWER-GRID,CROSS_MACRO_THEME,MATCH,PERIPHERAL_OVERLAP,PERIPHERAL_ONLY,POLICY_DRIVEN,MATCH,SEQUENCE_MATCH,PARTIAL,MULTI_TYPE_WITH_CHRONOLOGY,True,NO_VALID_CORRESPONDENCE,False
C,v0.3,v0.2,CC-2026-EMBODIED-AI,C-2019-RES-DYE-SHOCK,CROSS_MACRO_THEME,MATCH,NOT_AVAILABLE,NOT_AVAILABLE,,PARTIAL,SEQUENCE_PARTIAL,PARTIAL,MULTI_TYPE_WITH_CHRONOLOGY,False,INSUFFICIENT_EVIDENCE,False
C,v0.3,v0.2,CC-2026-EMBODIED-AI,C-2020-RES-NONFERROUS,CROSS_MACRO_THEME,MATCH,MISMATCH,NONE,,NOT_AVAILABLE,NOT_AVAILABLE,MISMATCH,SINGLE_TYPE_ONLY,False,NO_VALID_CORRESPONDENCE,False
C,v0.3,v0.2,CC-2026-EMBODIED-AI,C-2020-RES-LITHIUM,CROSS_MACRO_THEME,MATCH,MISMATCH,NONE,,PARTIAL,SEQUENCE_PARTIAL,MISMATCH,SINGLE_TYPE_ONLY,False,NO_VALID_CORRESPONDENCE,False
C,v0.3,v0.2,CC-2026-EMBODIED-AI,C-2020-RES-RAREEARTH,CROSS_MACRO_THEME,MATCH,PERIPHERAL_OVERLAP,PERIPHERAL_ONLY,POLICY_DRIVEN,PARTIAL,SEQUENCE_PARTIAL,MISMATCH,SINGLE_TYPE_ONLY,False,NO_VALID_CORRESPONDENCE,False
C,v0.3,v0.2,CC-2026-EMBODIED-AI,C-2021-RES-CHEM-DUALCTRL,CROSS_MACRO_THEME,MATCH,PERIPHERAL_OVERLAP,PERIPHERAL_ONLY,POLICY_DRIVEN,MATCH,SEQUENCE_MATCH,PARTIAL,MULTI_TYPE_WITH_CHRONOLOGY,False,NO_VALID_CORRESPONDENCE,False
C,v0.3,v0.2,CC-2026-EMBODIED-AI,C-2024-RES-GOLD-CB,CROSS_MACRO_THEME,MATCH,MISMATCH,NONE,,MISMATCH,SEQUENCE_MISMATCH,MISMATCH,SINGLE_TYPE_ONLY,False,NO_VALID_CORRESPONDENCE,False
C,v0.3,v0.2,CC-2026-EMBODIED-AI,C-2016-PANEL-CYCLE,CROSS_MACRO_THEME,MATCH,MISMATCH,NONE,,NOT_AVAILABLE,NOT_AVAILABLE,NOT_AVAILABLE,NOT_AVAILABLE,False,INSUFFICIENT_EVIDENCE,False
C,v0.3,v0.2,CC-2026-EMBODIED-AI,C-2019-SEMI-LOCALIZATION,CROSS_MACRO_THEME,MATCH,MISMATCH,NONE,,MATCH,SEQUENCE_MATCH,PARTIAL,MULTI_TYPE_WITH_CHRONOLOGY,False,NO_VALID_CORRESPONDENCE,False
C,v0.3,v0.2,CC-2026-EMBODIED-AI,C-2019-CONSUMER-TWS,CROSS_MACRO_THEME,MATCH,MISMATCH,NONE,,MISMATCH,SEQUENCE_MISMATCH,MISMATCH,SINGLE_TYPE_ONLY,False,NO_VALID_CORRESPONDENCE,False
C,v0.3,v0.2,CC-2026-EMBODIED-AI,C-2020-SEMI-EQUIPMENT,CROSS_MACRO_THEME,MATCH,MISMATCH,NONE,,MATCH,SEQUENCE_MATCH,PARTIAL,MULTI_TYPE_WITH_CHRONOLOGY,False,NO_VALID_CORRESPONDENCE,False
C,v0.3,v0.2,CC-2026-EMBODIED-AI,C-2020-PANEL-CYCLE,CROSS_MACRO_THEME,MATCH,MISMATCH,NONE,,PARTIAL,SEQUENCE_PARTIAL,MISMATCH,SINGLE_TYPE_ONLY,False,NO_VALID_CORRESPONDENCE,False
C,v0.3,v0.2,CC-2026-EMBODIED-AI,C-2022-SEMI-DOWNTURN,CROSS_MACRO_THEME,MISMATCH,MISMATCH,NONE,,NOT_AVAILABLE,NOT_AVAILABLE,MISMATCH,SINGLE_TYPE_ONLY,False,NO_VALID_CORRESPONDENCE,False
C,v0.3,v0.2,CC-2026-EMBODIED-AI,C-2023-AI-COMPUTE-SEMI,CROSS_MACRO_THEME,MATCH,PERIPHERAL_OVERLAP,PERIPHERAL_ONLY,INDUSTRY_UPGRADE,NOT_AVAILABLE,NOT_AVAILABLE,MISMATCH,SINGLE_TYPE_ONLY,False,NO_VALID_CORRESPONDENCE,False
C,v0.3,v0.2,CC-2026-EMBODIED-AI,C-2024-SEMI-MEMORY,CROSS_MACRO_THEME,MATCH,PERIPHERAL_OVERLAP,PERIPHERAL_ONLY,POLICY_DRIVEN,NOT_AVAILABLE,NOT_AVAILABLE,MISMATCH,SINGLE_TYPE_ONLY,False,NO_VALID_CORRESPONDENCE,False
C,v0.3,v0.2,CC-2026-EMBODIED-AI,RC-2023-HUAWEI,CROSS_MACRO_THEME,MATCH,PERIPHERAL_OVERLAP,PERIPHERAL_ONLY,TECH_BREAKTHROUGH,NOT_AVAILABLE,NOT_AVAILABLE,MISMATCH,SINGLE_TYPE_ONLY,True,NO_VALID_CORRESPONDENCE,False
C,v0.3,v0.2,CC-2026-EMBODIED-AI,RC-2024-SECONDARY,CROSS_MACRO_THEME,MISMATCH,NOT_AVAILABLE,NOT_AVAILABLE,,NOT_AVAILABLE,NOT_AVAILABLE,NOT_AVAILABLE,NOT_AVAILABLE,False,INSUFFICIENT_EVIDENCE,False
C,v0.3,v0.2,CC-2026-EMBODIED-AI,RC-2020-PANDEMIC,CROSS_MACRO_THEME,MATCH,MISMATCH,NONE,,NOT_AVAILABLE,NOT_AVAILABLE,MISMATCH,NO_CORRESPONDENCE,True,NO_VALID_CORRESPONDENCE,False
C,v0.3,v0.2,CC-2026-EMBODIED-AI,RC-2021-TCM,CROSS_MACRO_THEME,PARTIAL,PARTIAL,PRIMARY_MECHANISM_OVERLAP,POLICY_DRIVEN,NOT_AVAILABLE,NOT_AVAILABLE,MISMATCH,SINGLE_TYPE_ONLY,True,NO_VALID_CORRESPONDENCE,False
C,v0.3,v0.2,CC-2026-EMBODIED-AI,RC-2020-CONS-SMALL-APPLIANCE,CROSS_MACRO_THEME,COMPARISON_POINT_UNKNOWN,NOT_AVAILABLE,NOT_AVAILABLE,,NOT_AVAILABLE,NOT_AVAILABLE,NOT_AVAILABLE,NOT_AVAILABLE,False,INSUFFICIENT_EVIDENCE,False
C,v0.3,v0.2,CC-2026-EMBODIED-AI,RC-2024-CONS-PET-FOOD,CROSS_MACRO_THEME,COMPARISON_POINT_UNKNOWN,NOT_AVAILABLE,NOT_AVAILABLE,,NOT_AVAILABLE,NOT_AVAILABLE,NOT_AVAILABLE,NOT_AVAILABLE,False,INSUFFICIENT_EVIDENCE,False
C,v0.3,v0.2,CC-2026-EMBODIED-AI,RC-2020-RES-GOLD-RATES,CROSS_MACRO_THEME,COMPARISON_POINT_UNKNOWN,NOT_AVAILABLE,NOT_AVAILABLE,,NOT_AVAILABLE,NOT_AVAILABLE,NOT_AVAILABLE,NOT_AVAILABLE,False,INSUFFICIENT_EVIDENCE,False
C,v0.3,v0.2,CC-2026-EMBODIED-AI,RC-2022-RES-FERTILIZER,CROSS_MACRO_THEME,COMPARISON_POINT_UNKNOWN,NOT_AVAILABLE,NOT_AVAILABLE,,NOT_AVAILABLE,NOT_AVAILABLE,NOT_AVAILABLE,NOT_AVAILABLE,False,INSUFFICIENT_EVIDENCE,False
C,v0.3,v0.2,CC-2026-EMBODIED-AI,RC-2025-RES-COPPER,CROSS_MACRO_THEME,COMPARISON_POINT_UNKNOWN,NOT_AVAILABLE,NOT_AVAILABLE,,NOT_AVAILABLE,NOT_AVAILABLE,NOT_AVAILABLE,NOT_AVAILABLE,False,INSUFFICIENT_EVIDENCE,False
C,v0.3,v0.2,CC-2026-EMBODIED-AI,RC-2017-RES-ALUMINUM,CROSS_MACRO_THEME,COMPARISON_POINT_UNKNOWN,NOT_AVAILABLE,NOT_AVAILABLE,,NOT_AVAILABLE,NOT_AVAILABLE,NOT_AVAILABLE,NOT_AVAILABLE,False,INSUFFICIENT_EVIDENCE,False
C,v0.3,v0.2,CC-2026-EMBODIED-AI,RC-2016-RES-CHEM-ENV,CROSS_MACRO_THEME,COMPARISON_POINT_UNKNOWN,NOT_AVAILABLE,NOT_AVAILABLE,,NOT_AVAILABLE,NOT_AVAILABLE,NOT_AVAILABLE,NOT_AVAILABLE,False,INSUFFICIENT_EVIDENCE,False
C,v0.3,v0.2,CC-2026-EMBODIED-AI,RC-2022-SEMI-CHIPSHORTAGE,CROSS_MACRO_THEME,COMPARISON_POINT_UNKNOWN,NOT_AVAILABLE,NOT_AVAILABLE,,NOT_AVAILABLE,NOT_AVAILABLE,NOT_AVAILABLE,NOT_AVAILABLE,False,INSUFFICIENT_EVIDENCE,False
C,v0.3,v0.2,CC-2026-EMBODIED-AI,RC-2024-SEMI-FUND3,CROSS_MACRO_THEME,COMPARISON_POINT_UNKNOWN,NOT_AVAILABLE,NOT_AVAILABLE,,NOT_AVAILABLE,NOT_AVAILABLE,NOT_AVAILABLE,NOT_AVAILABLE,False,INSUFFICIENT_EVIDENCE,False
C,v0.3,v0.2,CC-2026-EMBODIED-AI,RC-2015-SEMI-LEVERAGE,CROSS_MACRO_THEME,COMPARISON_POINT_UNKNOWN,NOT_AVAILABLE,NOT_AVAILABLE,,NOT_AVAILABLE,NOT_AVAILABLE,NOT_AVAILABLE,NOT_AVAILABLE,False,INSUFFICIENT_EVIDENCE,False
C,v0.3,v0.2,CC-2026-EMBODIED-AI,RC-2017-GPU-MINING,CROSS_MACRO_THEME,COMPARISON_POINT_UNKNOWN,NOT_AVAILABLE,NOT_AVAILABLE,,NOT_AVAILABLE,NOT_AVAILABLE,NOT_AVAILABLE,NOT_AVAILABLE,False,INSUFFICIENT_EVIDENCE,False
C,v0.3,v0.2,CC-2026-EMBODIED-AI,RC-2024-HIEQ-EQUIP-UPDATE,CROSS_MACRO_THEME,MATCH,NOT_AVAILABLE,NOT_AVAILABLE,,MATCH,SEQUENCE_MATCH,MISMATCH,SINGLE_TYPE_ONLY,False,INSUFFICIENT_EVIDENCE,False
C,v0.3,v0.2,CC-2026-EMBODIED-AI,RC-2024-HIEQ-HUMANOID-MASS,SAME_MACRO_THEME,MATCH,NOT_AVAILABLE,NOT_AVAILABLE,,MISMATCH,SEQUENCE_MISMATCH,MISMATCH,SINGLE_TYPE_ONLY,False,INSUFFICIENT_EVIDENCE,False
C,v0.3,v0.2,CC-2026-EMBODIED-AI,RC-2024-RE-POLICY-517,CROSS_MACRO_THEME,COMPARISON_POINT_UNKNOWN,NOT_AVAILABLE,NOT_AVAILABLE,,NOT_AVAILABLE,NOT_AVAILABLE,NOT_AVAILABLE,NOT_AVAILABLE,False,INSUFFICIENT_EVIDENCE,False
C,v0.3,v0.2,CC-2026-EMBODIED-AI,RC-2019-RE-EASING,CROSS_MACRO_THEME,COMPARISON_POINT_UNKNOWN,NOT_AVAILABLE,NOT_AVAILABLE,,NOT_AVAILABLE,NOT_AVAILABLE,NOT_AVAILABLE,NOT_AVAILABLE,False,INSUFFICIENT_EVIDENCE,False
C,v0.3,v0.2,CC-2026-EMBODIED-AI,RC-2020-FIN-BROKER-VOLUME,CROSS_MACRO_THEME,COMPARISON_POINT_UNKNOWN,NOT_AVAILABLE,NOT_AVAILABLE,,NOT_AVAILABLE,NOT_AVAILABLE,NOT_AVAILABLE,NOT_AVAILABLE,False,INSUFFICIENT_EVIDENCE,False
C,v0.3,v0.2,CC-2026-EMBODIED-AI,RC-2016-RE-SHANTY,CROSS_MACRO_THEME,COMPARISON_POINT_UNKNOWN,NOT_AVAILABLE,NOT_AVAILABLE,,NOT_AVAILABLE,NOT_AVAILABLE,NOT_AVAILABLE,NOT_AVAILABLE,False,INSUFFICIENT_EVIDENCE,False
C,v0.3,v0.2,CC-2026-EMBODIED-AI,RC-2015-FIN-LEVERAGE,CROSS_MACRO_THEME,COMPARISON_POINT_UNKNOWN,NOT_AVAILABLE,NOT_AVAILABLE,,NOT_AVAILABLE,NOT_AVAILABLE,NOT_AVAILABLE,NOT_AVAILABLE,False,INSUFFICIENT_EVIDENCE,False
C,v0.3,v0.2,CC-2026-EMBODIED-AI,RC-2019-MIL-PARADE-70,CROSS_MACRO_THEME,MATCH,NOT_AVAILABLE,NOT_AVAILABLE,,NOT_AVAILABLE,NOT_AVAILABLE,NOT_AVAILABLE,NOT_AVAILABLE,False,INSUFFICIENT_EVIDENCE,False
C,v0.3,v0.2,CC-2026-EMBODIED-AI,RC-2025-MIL-PARADE-80,CROSS_MACRO_THEME,MATCH,MISMATCH,NONE,,NOT_AVAILABLE,NOT_AVAILABLE,NOT_AVAILABLE,NOT_AVAILABLE,False,INSUFFICIENT_EVIDENCE,False
C,v0.3,v0.2,CC-2026-EMBODIED-AI,RC-2017-MIL-MIXED-REFORM,CROSS_MACRO_THEME,MATCH,PERIPHERAL_OVERLAP,PERIPHERAL_ONLY,POLICY_DRIVEN,NOT_AVAILABLE,NOT_AVAILABLE,NOT_AVAILABLE,NOT_AVAILABLE,False,INSUFFICIENT_EVIDENCE,False
C,v0.3,v0.2,CC-2026-EMBODIED-AI,RC-2015-MIL-REFORM-BULL,CROSS_MACRO_THEME,MISMATCH,MISMATCH,NONE,,NOT_AVAILABLE,NOT_AVAILABLE,NOT_AVAILABLE,NOT_AVAILABLE,False,INSUFFICIENT_EVIDENCE,False
C,v0.3,v0.2,CC-2026-EMBODIED-AI,RC-2024-MIL-COMMERCIAL-SPACE,CROSS_MACRO_THEME,MATCH,PARTIAL,MULTI_MECHANISM,POLICY_DRIVEN|TECH_BREAKTHROUGH,NOT_AVAILABLE,NOT_AVAILABLE,NOT_AVAILABLE,NOT_AVAILABLE,False,INSUFFICIENT_EVIDENCE,False
C,v0.3,v0.2,CC-2026-OPTICAL-LINK,C-2019-AD,CROSS_MACRO_THEME,MATCH,MISMATCH,NONE,,NOT_AVAILABLE,NOT_AVAILABLE,MISMATCH,SINGLE_TYPE_ONLY,True,NO_VALID_CORRESPONDENCE,False
C,v0.3,v0.2,CC-2026-OPTICAL-LINK,C-2020-NEV,CROSS_MACRO_THEME,MATCH,PERIPHERAL_OVERLAP,PERIPHERAL_ONLY,INDUSTRY_UPGRADE,MATCH,SEQUENCE_MATCH,MISMATCH,SINGLE_TYPE_ONLY,True,NO_VALID_CORRESPONDENCE,False
C,v0.3,v0.2,CC-2026-OPTICAL-LINK,C-2021-NEV,CROSS_MACRO_THEME,MATCH,MISMATCH,NONE,,PARTIAL,SEQUENCE_PARTIAL,PARTIAL,MULTI_TYPE_WITH_CHRONOLOGY,True,NO_VALID_CORRESPONDENCE,False
C,v0.3,v0.2,CC-2026-OPTICAL-LINK,C-2022-POLICY,CROSS_MACRO_THEME,MATCH,MISMATCH,NONE,,PARTIAL,SEQUENCE_PARTIAL,PARTIAL,MULTI_TYPE_WITH_CHRONOLOGY,True,NO_VALID_CORRESPONDENCE,False
C,v0.3,v0.2,CC-2026-OPTICAL-LINK,C-2023-AD,CROSS_MACRO_THEME,MATCH,PERIPHERAL_OVERLAP,PERIPHERAL_ONLY,TECH_BREAKTHROUGH,PARTIAL,SEQUENCE_PARTIAL,PARTIAL,MULTI_TYPE_WITH_CHRONOLOGY,True,NO_VALID_CORRESPONDENCE,False
C,v0.3,v0.2,CC-2026-OPTICAL-LINK,C-2024-V2X,CROSS_MACRO_THEME,PARTIAL,MISMATCH,NONE,,MISMATCH,SEQUENCE_MISMATCH,MISMATCH,SINGLE_TYPE_ONLY,False,NO_VALID_CORRESPONDENCE,False
C,v0.3,v0.2,CC-2026-OPTICAL-LINK,C-2024-ROBOTAXI,CROSS_MACRO_THEME,MATCH,MISMATCH,NONE,,NOT_AVAILABLE,NOT_AVAILABLE,MISMATCH,SINGLE_TYPE_ONLY,True,NO_VALID_CORRESPONDENCE,False
C,v0.3,v0.2,CC-2026-OPTICAL-LINK,C-2025-ROBOTAXI,CROSS_MACRO_THEME,MATCH,PARTIAL,MULTI_MECHANISM,DEMAND_SURGE|INDUSTRY_UPGRADE,MATCH,SEQUENCE_MATCH,PARTIAL,MULTI_TYPE_WITH_CHRONOLOGY,True,STRUCTURAL_SUPPORTED,False
C,v0.3,v0.2,CC-2026-OPTICAL-LINK,C-2016-CONS-BAIJIU-UPGRADE,CROSS_MACRO_THEME,MATCH,PERIPHERAL_OVERLAP,PERIPHERAL_ONLY,DEMAND_SURGE,PARTIAL,SET_ONLY,PARTIAL,MULTI_TYPE_WITH_CHRONOLOGY,False,NO_VALID_CORRESPONDENCE,False
C,v0.3,v0.2,CC-2026-OPTICAL-LINK,C-2018-CONS-HOG-AFRICAN,CROSS_MACRO_THEME,MATCH,MISMATCH,NONE,,PARTIAL,SEQUENCE_PARTIAL,PARTIAL,MULTI_TYPE_WITH_CHRONOLOGY,False,NO_VALID_CORRESPONDENCE,False
C,v0.3,v0.2,CC-2026-OPTICAL-LINK,C-2019-CONS-BAIJIU-CORE,CROSS_MACRO_THEME,MATCH,PERIPHERAL_OVERLAP,PERIPHERAL_ONLY,DEMAND_SURGE,PARTIAL,SET_ONLY,PARTIAL,MULTI_TYPE_WITH_CHRONOLOGY,False,NO_VALID_CORRESPONDENCE,False
C,v0.3,v0.2,CC-2026-OPTICAL-LINK,C-2019-CONS-AESTHETICS,CROSS_MACRO_THEME,MATCH,PERIPHERAL_OVERLAP,PERIPHERAL_ONLY,INDUSTRY_UPGRADE,NOT_AVAILABLE,NOT_AVAILABLE,MISMATCH,SINGLE_TYPE_ONLY,False,NO_VALID_CORRESPONDENCE,False
C,v0.3,v0.2,CC-2026-OPTICAL-LINK,C-2020-CONS-DUTYFREE,CROSS_MACRO_THEME,MATCH,PERIPHERAL_OVERLAP,PERIPHERAL_ONLY,DEMAND_SURGE,PARTIAL,SET_ONLY,PARTIAL,MULTI_TYPE_WITH_CHRONOLOGY,False,NO_VALID_CORRESPONDENCE,False
C,v0.3,v0.2,CC-2026-OPTICAL-LINK,C-2020-CONS-WHITE-GOODS,CROSS_MACRO_THEME,MATCH,PERIPHERAL_OVERLAP,PERIPHERAL_ONLY,DEMAND_SURGE,NOT_AVAILABLE,NOT_AVAILABLE,MISMATCH,SINGLE_TYPE_ONLY,False,NO_VALID_CORRESPONDENCE,False
C,v0.3,v0.2,CC-2026-OPTICAL-LINK,C-2020-CONS-BEAUTY-CN,CROSS_MACRO_THEME,MATCH,NOT_AVAILABLE,NOT_AVAILABLE,,NOT_AVAILABLE,NOT_AVAILABLE,MISMATCH,SINGLE_TYPE_ONLY,False,INSUFFICIENT_EVIDENCE,False
C,v0.3,v0.2,CC-2026-OPTICAL-LINK,C-2021-CONS-HOG-REVERSAL,CROSS_MACRO_THEME,MATCH,MISMATCH,NONE,,PARTIAL,SEQUENCE_PARTIAL,PARTIAL,MULTI_TYPE_WITH_CHRONOLOGY,False,NO_VALID_CORRESPONDENCE,False
C,v0.3,v0.2,CC-2026-OPTICAL-LINK,C-2022-CONS-SERVICE-REBOUND,CROSS_MACRO_THEME,MATCH,NOT_AVAILABLE,NOT_AVAILABLE,,PARTIAL,SET_ONLY,PARTIAL,MULTI_TYPE_WITH_CHRONOLOGY,False,INSUFFICIENT_EVIDENCE,False
C,v0.3,v0.2,CC-2026-OPTICAL-LINK,C-2023-CONS-VALUE-RETAIL,CROSS_MACRO_THEME,MATCH,PARTIAL,MULTI_MECHANISM,DEMAND_SURGE|TECH_BREAKTHROUGH,NOT_AVAILABLE,NOT_AVAILABLE,MISMATCH,SINGLE_TYPE_ONLY,False,NO_VALID_CORRESPONDENCE,False
C,v0.3,v0.2,CC-2026-OPTICAL-LINK,C-2024-CONS-TRADE-IN,CROSS_MACRO_THEME,MATCH,PERIPHERAL_OVERLAP,PERIPHERAL_ONLY,DEMAND_SURGE,PARTIAL,SET_ONLY,PARTIAL,MULTI_TYPE_WITH_CHRONOLOGY,False,NO_VALID_CORRESPONDENCE,False
C,v0.3,v0.2,CC-2026-OPTICAL-LINK,C-2019-MIL-GROUP-RESTRUCTURE,CROSS_MACRO_THEME,MATCH,MISMATCH,NONE,,MATCH,SEQUENCE_MATCH,PARTIAL,MULTI_TYPE_WITH_CHRONOLOGY,True,NO_VALID_CORRESPONDENCE,False
C,v0.3,v0.2,CC-2026-OPTICAL-LINK,C-2020-MIL-EQUIP-ORDER,CROSS_MACRO_THEME,MATCH,PARTIAL,PRIMARY_MECHANISM_OVERLAP,DEMAND_SURGE,PARTIAL,SEQUENCE_PARTIAL,PARTIAL,MULTI_TYPE_WITH_CHRONOLOGY,True,STRUCTURAL_PARTIAL,False
C,v0.3,v0.2,CC-2026-OPTICAL-LINK,C-2020-RE-DEBT-RISK,CROSS_MACRO_THEME,MISMATCH,NOT_AVAILABLE,NOT_AVAILABLE,,PARTIAL,SET_ONLY,PARTIAL,MULTI_TYPE_WITH_CHRONOLOGY,False,INSUFFICIENT_EVIDENCE,False
C,v0.3,v0.2,CC-2026-OPTICAL-LINK,C-2020-FIN-BANK-CREDIT,CROSS_MACRO_THEME,MATCH,MISMATCH,NONE,,PARTIAL,SET_ONLY,PARTIAL,MULTI_TYPE_WITH_CHRONOLOGY,False,NO_VALID_CORRESPONDENCE,False
C,v0.3,v0.2,CC-2026-OPTICAL-LINK,C-2022-RE-POLICY-THREE,CROSS_MACRO_THEME,MATCH,MISMATCH,NONE,,MISMATCH,SEQUENCE_MISMATCH,MISMATCH,SINGLE_TYPE_ONLY,True,NO_VALID_CORRESPONDENCE,False
C,v0.3,v0.2,CC-2026-OPTICAL-LINK,C-2023-FIN-SOE-VALUATION,CROSS_MACRO_THEME,MATCH,MISMATCH,NONE,,PARTIAL,SEQUENCE_PARTIAL,MISMATCH,SINGLE_TYPE_ONLY,True,NO_VALID_CORRESPONDENCE,False
C,v0.3,v0.2,CC-2026-OPTICAL-LINK,C-2024-FIN-BROKER-POLICY,CROSS_MACRO_THEME,MATCH,MISMATCH,NONE,,PARTIAL,SET_ONLY,PARTIAL,MULTI_TYPE_WITH_CHRONOLOGY,True,NO_VALID_CORRESPONDENCE,False
C,v0.3,v0.2,CC-2026-OPTICAL-LINK,C-2024-FIN-BANK-DIVIDEND,CROSS_MACRO_THEME,MATCH,MISMATCH,NONE,,NOT_AVAILABLE,NOT_AVAILABLE,MISMATCH,SINGLE_TYPE_ONLY,True,NO_VALID_CORRESPONDENCE,False
C,v0.3,v0.2,CC-2026-OPTICAL-LINK,C-2025-FIN-INSURANCE,CROSS_MACRO_THEME,MATCH,MISMATCH,NONE,,NOT_AVAILABLE,NOT_AVAILABLE,MISMATCH,SINGLE_TYPE_ONLY,True,NO_VALID_CORRESPONDENCE,False
C,v0.3,v0.2,CC-2026-OPTICAL-LINK,C-2016-HIEQ-CONSTR,CROSS_MACRO_THEME,MATCH,PARTIAL,MULTI_MECHANISM,DEMAND_SURGE|INDUSTRY_UPGRADE,PARTIAL,SEQUENCE_PARTIAL,PARTIAL,MULTI_TYPE_WITH_CHRONOLOGY,False,STRUCTURAL_PARTIAL,False
C,v0.3,v0.2,CC-2026-OPTICAL-LINK,C-2018-HIEQ-ROBOT-DOWN,CROSS_MACRO_THEME,MISMATCH,PERIPHERAL_OVERLAP,PERIPHERAL_ONLY,DEMAND_SURGE,PARTIAL,SEQUENCE_PARTIAL,MISMATCH,SINGLE_TYPE_ONLY,False,NO_VALID_CORRESPONDENCE,False
C,v0.3,v0.2,CC-2026-OPTICAL-LINK,C-2020-HIEQ-AUTOMATION,CROSS_MACRO_THEME,MATCH,PERIPHERAL_OVERLAP,PERIPHERAL_ONLY,TECH_BREAKTHROUGH,PARTIAL,SEQUENCE_PARTIAL,PARTIAL,MULTI_TYPE_WITH_CHRONOLOGY,False,NO_VALID_CORRESPONDENCE,False
C,v0.3,v0.2,CC-2026-OPTICAL-LINK,C-2023-HIEQ-ROBOT-PLUS,CROSS_MACRO_THEME,MATCH,PERIPHERAL_OVERLAP,PERIPHERAL_ONLY,DEMAND_SURGE,PARTIAL,SET_ONLY,PARTIAL,MULTI_TYPE_WITH_CHRONOLOGY,False,NO_VALID_CORRESPONDENCE,False
C,v0.3,v0.2,CC-2026-OPTICAL-LINK,C-2023-HIEQ-HUMANOID,CROSS_MACRO_THEME,MATCH,PARTIAL,MULTI_MECHANISM,INDUSTRY_UPGRADE|TECH_BREAKTHROUGH,PARTIAL,SEQUENCE_PARTIAL,PARTIAL,MULTI_TYPE_WITH_CHRONOLOGY,False,STRUCTURAL_PARTIAL,False
C,v0.3,v0.2,CC-2026-OPTICAL-LINK,C-2019-COMM-5G,SAME_MACRO_THEME,MATCH,MISMATCH,NONE,,MISMATCH,SEQUENCE_MISMATCH,MISMATCH,SINGLE_TYPE_ONLY,True,THEME_ONLY,False
C,v0.3,v0.2,CC-2026-OPTICAL-LINK,C-2023-COMM-OPTICAL,SAME_MACRO_THEME,MATCH,PARTIAL,MULTI_MECHANISM,DEMAND_SURGE|TECH_BREAKTHROUGH,PARTIAL,SEQUENCE_PARTIAL,PARTIAL,MULTI_TYPE_WITH_CHRONOLOGY,True,STRUCTURAL_SUPPORTED,False
C,v0.3,v0.2,CC-2026-OPTICAL-LINK,C-2019-PHARMA-INNOV,CROSS_MACRO_THEME,MATCH,PERIPHERAL_OVERLAP,PERIPHERAL_ONLY,DEMAND_SURGE,MISMATCH,SEQUENCE_MISMATCH,MISMATCH,SINGLE_TYPE_ONLY,True,NO_VALID_CORRESPONDENCE,False
C,v0.3,v0.2,CC-2026-OPTICAL-LINK,C-2020-POWER-NE,CROSS_MACRO_THEME,MATCH,MISMATCH,NONE,,MISMATCH,SEQUENCE_MISMATCH,MISMATCH,SINGLE_TYPE_ONLY,True,NO_VALID_CORRESPONDENCE,False
C,v0.3,v0.2,CC-2026-OPTICAL-LINK,C-2022-POWER-GRID,CROSS_MACRO_THEME,MATCH,MISMATCH,NONE,,PARTIAL,SEQUENCE_PARTIAL,PARTIAL,MULTI_TYPE_WITH_CHRONOLOGY,True,NO_VALID_CORRESPONDENCE,False
C,v0.3,v0.2,CC-2026-OPTICAL-LINK,C-2019-RES-DYE-SHOCK,CROSS_MACRO_THEME,MATCH,NOT_AVAILABLE,NOT_AVAILABLE,,PARTIAL,SEQUENCE_PARTIAL,PARTIAL,MULTI_TYPE_WITH_CHRONOLOGY,False,INSUFFICIENT_EVIDENCE,False
C,v0.3,v0.2,CC-2026-OPTICAL-LINK,C-2020-RES-NONFERROUS,CROSS_MACRO_THEME,MATCH,PERIPHERAL_OVERLAP,PERIPHERAL_ONLY,DEMAND_SURGE,NOT_AVAILABLE,NOT_AVAILABLE,MISMATCH,SINGLE_TYPE_ONLY,False,NO_VALID_CORRESPONDENCE,False
C,v0.3,v0.2,CC-2026-OPTICAL-LINK,C-2020-RES-LITHIUM,CROSS_MACRO_THEME,MATCH,MISMATCH,NONE,,PARTIAL,SEQUENCE_PARTIAL,MISMATCH,SINGLE_TYPE_ONLY,False,NO_VALID_CORRESPONDENCE,False
C,v0.3,v0.2,CC-2026-OPTICAL-LINK,C-2020-RES-RAREEARTH,CROSS_MACRO_THEME,MATCH,MISMATCH,NONE,,PARTIAL,SEQUENCE_PARTIAL,MISMATCH,SINGLE_TYPE_ONLY,False,NO_VALID_CORRESPONDENCE,False
C,v0.3,v0.2,CC-2026-OPTICAL-LINK,C-2021-RES-CHEM-DUALCTRL,CROSS_MACRO_THEME,MATCH,MISMATCH,NONE,,PARTIAL,SET_ONLY,PARTIAL,MULTI_TYPE_WITH_CHRONOLOGY,False,NO_VALID_CORRESPONDENCE,False
C,v0.3,v0.2,CC-2026-OPTICAL-LINK,C-2024-RES-GOLD-CB,CROSS_MACRO_THEME,MATCH,PERIPHERAL_OVERLAP,PERIPHERAL_ONLY,DEMAND_SURGE,PARTIAL,SEQUENCE_PARTIAL,MISMATCH,SINGLE_TYPE_ONLY,False,NO_VALID_CORRESPONDENCE,False
C,v0.3,v0.2,CC-2026-OPTICAL-LINK,C-2016-PANEL-CYCLE,CROSS_MACRO_THEME,MATCH,PERIPHERAL_OVERLAP,PERIPHERAL_ONLY,DEMAND_SURGE,NOT_AVAILABLE,NOT_AVAILABLE,NOT_AVAILABLE,NOT_AVAILABLE,False,INSUFFICIENT_EVIDENCE,False
C,v0.3,v0.2,CC-2026-OPTICAL-LINK,C-2019-SEMI-LOCALIZATION,CROSS_MACRO_THEME,MATCH,PERIPHERAL_OVERLAP,PERIPHERAL_ONLY,DEMAND_SURGE,PARTIAL,SEQUENCE_PARTIAL,PARTIAL,MULTI_TYPE_WITH_CHRONOLOGY,False,NO_VALID_CORRESPONDENCE,False
C,v0.3,v0.2,CC-2026-OPTICAL-LINK,C-2019-CONSUMER-TWS,CROSS_MACRO_THEME,MATCH,PERIPHERAL_OVERLAP,PERIPHERAL_ONLY,DEMAND_SURGE,PARTIAL,SEQUENCE_PARTIAL,MISMATCH,SINGLE_TYPE_ONLY,False,NO_VALID_CORRESPONDENCE,False
C,v0.3,v0.2,CC-2026-OPTICAL-LINK,C-2020-SEMI-EQUIPMENT,CROSS_MACRO_THEME,MATCH,PERIPHERAL_OVERLAP,PERIPHERAL_ONLY,DEMAND_SURGE,PARTIAL,SEQUENCE_PARTIAL,PARTIAL,MULTI_TYPE_WITH_CHRONOLOGY,False,NO_VALID_CORRESPONDENCE,False
C,v0.3,v0.2,CC-2026-OPTICAL-LINK,C-2020-PANEL-CYCLE,CROSS_MACRO_THEME,MATCH,PERIPHERAL_OVERLAP,PERIPHERAL_ONLY,DEMAND_SURGE,PARTIAL,SEQUENCE_PARTIAL,MISMATCH,SINGLE_TYPE_ONLY,False,NO_VALID_CORRESPONDENCE,False
C,v0.3,v0.2,CC-2026-OPTICAL-LINK,C-2022-SEMI-DOWNTURN,CROSS_MACRO_THEME,MISMATCH,PERIPHERAL_OVERLAP,PERIPHERAL_ONLY,DEMAND_SURGE,NOT_AVAILABLE,NOT_AVAILABLE,MISMATCH,SINGLE_TYPE_ONLY,False,NO_VALID_CORRESPONDENCE,False
C,v0.3,v0.2,CC-2026-OPTICAL-LINK,C-2023-AI-COMPUTE-SEMI,CROSS_MACRO_THEME,MATCH,PERIPHERAL_OVERLAP,PERIPHERAL_ONLY,INDUSTRY_UPGRADE,NOT_AVAILABLE,NOT_AVAILABLE,MISMATCH,SINGLE_TYPE_ONLY,False,NO_VALID_CORRESPONDENCE,False
C,v0.3,v0.2,CC-2026-OPTICAL-LINK,C-2024-SEMI-MEMORY,CROSS_MACRO_THEME,MATCH,PERIPHERAL_OVERLAP,PERIPHERAL_ONLY,DEMAND_SURGE,NOT_AVAILABLE,NOT_AVAILABLE,MISMATCH,SINGLE_TYPE_ONLY,False,NO_VALID_CORRESPONDENCE,False
C,v0.3,v0.2,CC-2026-OPTICAL-LINK,RC-2023-HUAWEI,CROSS_MACRO_THEME,MATCH,PERIPHERAL_OVERLAP,PERIPHERAL_ONLY,TECH_BREAKTHROUGH,NOT_AVAILABLE,NOT_AVAILABLE,MISMATCH,SINGLE_TYPE_ONLY,True,NO_VALID_CORRESPONDENCE,False
C,v0.3,v0.2,CC-2026-OPTICAL-LINK,RC-2024-SECONDARY,CROSS_MACRO_THEME,MISMATCH,NOT_AVAILABLE,NOT_AVAILABLE,,NOT_AVAILABLE,NOT_AVAILABLE,NOT_AVAILABLE,NOT_AVAILABLE,False,INSUFFICIENT_EVIDENCE,False
C,v0.3,v0.2,CC-2026-OPTICAL-LINK,RC-2020-PANDEMIC,CROSS_MACRO_THEME,MATCH,PARTIAL,PRIMARY_MECHANISM_OVERLAP,DEMAND_SURGE,NOT_AVAILABLE,NOT_AVAILABLE,MISMATCH,NO_CORRESPONDENCE,True,NO_VALID_CORRESPONDENCE,False
C,v0.3,v0.2,CC-2026-OPTICAL-LINK,RC-2021-TCM,CROSS_MACRO_THEME,PARTIAL,MISMATCH,NONE,,NOT_AVAILABLE,NOT_AVAILABLE,MISMATCH,SINGLE_TYPE_ONLY,True,NO_VALID_CORRESPONDENCE,False
C,v0.3,v0.2,CC-2026-OPTICAL-LINK,RC-2020-CONS-SMALL-APPLIANCE,CROSS_MACRO_THEME,COMPARISON_POINT_UNKNOWN,NOT_AVAILABLE,NOT_AVAILABLE,,NOT_AVAILABLE,NOT_AVAILABLE,NOT_AVAILABLE,NOT_AVAILABLE,False,INSUFFICIENT_EVIDENCE,False
C,v0.3,v0.2,CC-2026-OPTICAL-LINK,RC-2024-CONS-PET-FOOD,CROSS_MACRO_THEME,COMPARISON_POINT_UNKNOWN,NOT_AVAILABLE,NOT_AVAILABLE,,NOT_AVAILABLE,NOT_AVAILABLE,NOT_AVAILABLE,NOT_AVAILABLE,False,INSUFFICIENT_EVIDENCE,False
C,v0.3,v0.2,CC-2026-OPTICAL-LINK,RC-2020-RES-GOLD-RATES,CROSS_MACRO_THEME,COMPARISON_POINT_UNKNOWN,NOT_AVAILABLE,NOT_AVAILABLE,,NOT_AVAILABLE,NOT_AVAILABLE,NOT_AVAILABLE,NOT_AVAILABLE,False,INSUFFICIENT_EVIDENCE,False
C,v0.3,v0.2,CC-2026-OPTICAL-LINK,RC-2022-RES-FERTILIZER,CROSS_MACRO_THEME,COMPARISON_POINT_UNKNOWN,NOT_AVAILABLE,NOT_AVAILABLE,,NOT_AVAILABLE,NOT_AVAILABLE,NOT_AVAILABLE,NOT_AVAILABLE,False,INSUFFICIENT_EVIDENCE,False
C,v0.3,v0.2,CC-2026-OPTICAL-LINK,RC-2025-RES-COPPER,CROSS_MACRO_THEME,COMPARISON_POINT_UNKNOWN,NOT_AVAILABLE,NOT_AVAILABLE,,NOT_AVAILABLE,NOT_AVAILABLE,NOT_AVAILABLE,NOT_AVAILABLE,False,INSUFFICIENT_EVIDENCE,False
C,v0.3,v0.2,CC-2026-OPTICAL-LINK,RC-2017-RES-ALUMINUM,CROSS_MACRO_THEME,COMPARISON_POINT_UNKNOWN,NOT_AVAILABLE,NOT_AVAILABLE,,NOT_AVAILABLE,NOT_AVAILABLE,NOT_AVAILABLE,NOT_AVAILABLE,False,INSUFFICIENT_EVIDENCE,False
C,v0.3,v0.2,CC-2026-OPTICAL-LINK,RC-2016-RES-CHEM-ENV,CROSS_MACRO_THEME,COMPARISON_POINT_UNKNOWN,NOT_AVAILABLE,NOT_AVAILABLE,,NOT_AVAILABLE,NOT_AVAILABLE,NOT_AVAILABLE,NOT_AVAILABLE,False,INSUFFICIENT_EVIDENCE,False
C,v0.3,v0.2,CC-2026-OPTICAL-LINK,RC-2022-SEMI-CHIPSHORTAGE,CROSS_MACRO_THEME,COMPARISON_POINT_UNKNOWN,NOT_AVAILABLE,NOT_AVAILABLE,,NOT_AVAILABLE,NOT_AVAILABLE,NOT_AVAILABLE,NOT_AVAILABLE,False,INSUFFICIENT_EVIDENCE,False
C,v0.3,v0.2,CC-2026-OPTICAL-LINK,RC-2024-SEMI-FUND3,CROSS_MACRO_THEME,COMPARISON_POINT_UNKNOWN,NOT_AVAILABLE,NOT_AVAILABLE,,NOT_AVAILABLE,NOT_AVAILABLE,NOT_AVAILABLE,NOT_AVAILABLE,False,INSUFFICIENT_EVIDENCE,False
C,v0.3,v0.2,CC-2026-OPTICAL-LINK,RC-2015-SEMI-LEVERAGE,CROSS_MACRO_THEME,COMPARISON_POINT_UNKNOWN,NOT_AVAILABLE,NOT_AVAILABLE,,NOT_AVAILABLE,NOT_AVAILABLE,NOT_AVAILABLE,NOT_AVAILABLE,False,INSUFFICIENT_EVIDENCE,False
C,v0.3,v0.2,CC-2026-OPTICAL-LINK,RC-2017-GPU-MINING,CROSS_MACRO_THEME,COMPARISON_POINT_UNKNOWN,NOT_AVAILABLE,NOT_AVAILABLE,,NOT_AVAILABLE,NOT_AVAILABLE,NOT_AVAILABLE,NOT_AVAILABLE,False,INSUFFICIENT_EVIDENCE,False
C,v0.3,v0.2,CC-2026-OPTICAL-LINK,RC-2024-HIEQ-EQUIP-UPDATE,CROSS_MACRO_THEME,MATCH,NOT_AVAILABLE,NOT_AVAILABLE,,MISMATCH,SEQUENCE_MISMATCH,MISMATCH,SINGLE_TYPE_ONLY,False,INSUFFICIENT_EVIDENCE,False
C,v0.3,v0.2,CC-2026-OPTICAL-LINK,RC-2024-HIEQ-HUMANOID-MASS,CROSS_MACRO_THEME,MATCH,NOT_AVAILABLE,NOT_AVAILABLE,,MATCH,SEQUENCE_MATCH,MISMATCH,SINGLE_TYPE_ONLY,False,INSUFFICIENT_EVIDENCE,False
C,v0.3,v0.2,CC-2026-OPTICAL-LINK,RC-2024-RE-POLICY-517,CROSS_MACRO_THEME,COMPARISON_POINT_UNKNOWN,NOT_AVAILABLE,NOT_AVAILABLE,,NOT_AVAILABLE,NOT_AVAILABLE,NOT_AVAILABLE,NOT_AVAILABLE,False,INSUFFICIENT_EVIDENCE,False
C,v0.3,v0.2,CC-2026-OPTICAL-LINK,RC-2019-RE-EASING,CROSS_MACRO_THEME,COMPARISON_POINT_UNKNOWN,NOT_AVAILABLE,NOT_AVAILABLE,,NOT_AVAILABLE,NOT_AVAILABLE,NOT_AVAILABLE,NOT_AVAILABLE,False,INSUFFICIENT_EVIDENCE,False
C,v0.3,v0.2,CC-2026-OPTICAL-LINK,RC-2020-FIN-BROKER-VOLUME,CROSS_MACRO_THEME,COMPARISON_POINT_UNKNOWN,NOT_AVAILABLE,NOT_AVAILABLE,,NOT_AVAILABLE,NOT_AVAILABLE,NOT_AVAILABLE,NOT_AVAILABLE,False,INSUFFICIENT_EVIDENCE,False
C,v0.3,v0.2,CC-2026-OPTICAL-LINK,RC-2016-RE-SHANTY,CROSS_MACRO_THEME,COMPARISON_POINT_UNKNOWN,NOT_AVAILABLE,NOT_AVAILABLE,,NOT_AVAILABLE,NOT_AVAILABLE,NOT_AVAILABLE,NOT_AVAILABLE,False,INSUFFICIENT_EVIDENCE,False
C,v0.3,v0.2,CC-2026-OPTICAL-LINK,RC-2015-FIN-LEVERAGE,CROSS_MACRO_THEME,COMPARISON_POINT_UNKNOWN,NOT_AVAILABLE,NOT_AVAILABLE,,NOT_AVAILABLE,NOT_AVAILABLE,NOT_AVAILABLE,NOT_AVAILABLE,False,INSUFFICIENT_EVIDENCE,False
C,v0.3,v0.2,CC-2026-OPTICAL-LINK,RC-2019-MIL-PARADE-70,CROSS_MACRO_THEME,MATCH,NOT_AVAILABLE,NOT_AVAILABLE,,NOT_AVAILABLE,NOT_AVAILABLE,NOT_AVAILABLE,NOT_AVAILABLE,False,INSUFFICIENT_EVIDENCE,False
C,v0.3,v0.2,CC-2026-OPTICAL-LINK,RC-2025-MIL-PARADE-80,CROSS_MACRO_THEME,MATCH,MISMATCH,NONE,,NOT_AVAILABLE,NOT_AVAILABLE,NOT_AVAILABLE,NOT_AVAILABLE,False,INSUFFICIENT_EVIDENCE,False
C,v0.3,v0.2,CC-2026-OPTICAL-LINK,RC-2017-MIL-MIXED-REFORM,CROSS_MACRO_THEME,MATCH,MISMATCH,NONE,,NOT_AVAILABLE,NOT_AVAILABLE,NOT_AVAILABLE,NOT_AVAILABLE,False,INSUFFICIENT_EVIDENCE,False
C,v0.3,v0.2,CC-2026-OPTICAL-LINK,RC-2015-MIL-REFORM-BULL,CROSS_MACRO_THEME,MISMATCH,MISMATCH,NONE,,NOT_AVAILABLE,NOT_AVAILABLE,NOT_AVAILABLE,NOT_AVAILABLE,False,INSUFFICIENT_EVIDENCE,False
C,v0.3,v0.2,CC-2026-OPTICAL-LINK,RC-2024-MIL-COMMERCIAL-SPACE,CROSS_MACRO_THEME,MATCH,PERIPHERAL_OVERLAP,PERIPHERAL_ONLY,TECH_BREAKTHROUGH,NOT_AVAILABLE,NOT_AVAILABLE,NOT_AVAILABLE,NOT_AVAILABLE,False,INSUFFICIENT_EVIDENCE,False
C,v0.3,v0.2,CC-2026-OFFSHORE-WIND,C-2019-AD,CROSS_MACRO_THEME,PARTIAL,PARTIAL,PRIMARY_MECHANISM_OVERLAP,POLICY_DRIVEN,NOT_AVAILABLE,NOT_AVAILABLE,MISMATCH,SINGLE_TYPE_ONLY,True,NO_VALID_CORRESPONDENCE,False
C,v0.3,v0.2,CC-2026-OFFSHORE-WIND,C-2020-NEV,CROSS_MACRO_THEME,PARTIAL,MISMATCH,NONE,,MISMATCH,SEQUENCE_MISMATCH,MISMATCH,SINGLE_TYPE_ONLY,True,NO_VALID_CORRESPONDENCE,False
C,v0.3,v0.2,CC-2026-OFFSHORE-WIND,C-2021-NEV,CROSS_MACRO_THEME,PARTIAL,PERIPHERAL_OVERLAP,PERIPHERAL_ONLY,SUPPLY_CONTRACTION,PARTIAL,SET_ONLY,PARTIAL,MULTI_TYPE_WITH_CHRONOLOGY,True,NO_VALID_CORRESPONDENCE,False
C,v0.3,v0.2,CC-2026-OFFSHORE-WIND,C-2022-POLICY,CROSS_MACRO_THEME,MATCH,PARTIAL,PRIMARY_MECHANISM_OVERLAP,POLICY_DRIVEN,PARTIAL,SEQUENCE_PARTIAL,PARTIAL,MULTI_TYPE_WITH_CHRONOLOGY,True,STRUCTURAL_PARTIAL,False
C,v0.3,v0.2,CC-2026-OFFSHORE-WIND,C-2023-AD,CROSS_MACRO_THEME,MATCH,PARTIAL,PRIMARY_MECHANISM_OVERLAP,POLICY_DRIVEN,PARTIAL,SEQUENCE_PARTIAL,PARTIAL,MULTI_TYPE_WITH_CHRONOLOGY,True,STRUCTURAL_PARTIAL,False
C,v0.3,v0.2,CC-2026-OFFSHORE-WIND,C-2024-V2X,CROSS_MACRO_THEME,MATCH,PERIPHERAL_OVERLAP,PERIPHERAL_ONLY,POLICY_DRIVEN,MISMATCH,SEQUENCE_MISMATCH,MISMATCH,SINGLE_TYPE_ONLY,False,NO_VALID_CORRESPONDENCE,False
C,v0.3,v0.2,CC-2026-OFFSHORE-WIND,C-2024-ROBOTAXI,CROSS_MACRO_THEME,PARTIAL,MISMATCH,NONE,,NOT_AVAILABLE,NOT_AVAILABLE,MISMATCH,SINGLE_TYPE_ONLY,True,NO_VALID_CORRESPONDENCE,False
C,v0.3,v0.2,CC-2026-OFFSHORE-WIND,C-2025-ROBOTAXI,CROSS_MACRO_THEME,PARTIAL,MISMATCH,NONE,,MATCH,SEQUENCE_MATCH,PARTIAL,MULTI_TYPE_WITH_CHRONOLOGY,True,NO_VALID_CORRESPONDENCE,False
C,v0.3,v0.2,CC-2026-OFFSHORE-WIND,C-2016-CONS-BAIJIU-UPGRADE,CROSS_MACRO_THEME,MISMATCH,PERIPHERAL_OVERLAP,PERIPHERAL_ONLY,SUPPLY_CONTRACTION,PARTIAL,SEQUENCE_PARTIAL,PARTIAL,MULTI_TYPE_WITH_CHRONOLOGY,False,NO_VALID_CORRESPONDENCE,False
C,v0.3,v0.2,CC-2026-OFFSHORE-WIND,C-2018-CONS-HOG-AFRICAN,CROSS_MACRO_THEME,MISMATCH,PERIPHERAL_OVERLAP,PERIPHERAL_ONLY,SUPPLY_CONTRACTION,PARTIAL,SEQUENCE_PARTIAL,PARTIAL,MULTI_TYPE_WITH_CHRONOLOGY,False,NO_VALID_CORRESPONDENCE,False
C,v0.3,v0.2,CC-2026-OFFSHORE-WIND,C-2019-CONS-BAIJIU-CORE,CROSS_MACRO_THEME,MISMATCH,MISMATCH,NONE,,PARTIAL,SEQUENCE_PARTIAL,PARTIAL,MULTI_TYPE_WITH_CHRONOLOGY,False,NO_VALID_CORRESPONDENCE,False
C,v0.3,v0.2,CC-2026-OFFSHORE-WIND,C-2019-CONS-AESTHETICS,CROSS_MACRO_THEME,MISMATCH,PERIPHERAL_OVERLAP,PERIPHERAL_ONLY,SUPPLY_CONTRACTION,NOT_AVAILABLE,NOT_AVAILABLE,MISMATCH,SINGLE_TYPE_ONLY,False,NO_VALID_CORRESPONDENCE,False
C,v0.3,v0.2,CC-2026-OFFSHORE-WIND,C-2020-CONS-DUTYFREE,CROSS_MACRO_THEME,MISMATCH,PERIPHERAL_OVERLAP,PERIPHERAL_ONLY,POLICY_DRIVEN,PARTIAL,SEQUENCE_PARTIAL,PARTIAL,MULTI_TYPE_WITH_CHRONOLOGY,False,NO_VALID_CORRESPONDENCE,False
C,v0.3,v0.2,CC-2026-OFFSHORE-WIND,C-2020-CONS-WHITE-GOODS,CROSS_MACRO_THEME,MISMATCH,PERIPHERAL_OVERLAP,PERIPHERAL_ONLY,SUPPLY_CONTRACTION,NOT_AVAILABLE,NOT_AVAILABLE,MISMATCH,SINGLE_TYPE_ONLY,False,NO_VALID_CORRESPONDENCE,False
C,v0.3,v0.2,CC-2026-OFFSHORE-WIND,C-2020-CONS-BEAUTY-CN,CROSS_MACRO_THEME,MISMATCH,NOT_AVAILABLE,NOT_AVAILABLE,,NOT_AVAILABLE,NOT_AVAILABLE,MISMATCH,SINGLE_TYPE_ONLY,False,INSUFFICIENT_EVIDENCE,False
C,v0.3,v0.2,CC-2026-OFFSHORE-WIND,C-2021-CONS-HOG-REVERSAL,CROSS_MACRO_THEME,MISMATCH,PERIPHERAL_OVERLAP,PERIPHERAL_ONLY,SUPPLY_CONTRACTION,PARTIAL,SEQUENCE_PARTIAL,PARTIAL,MULTI_TYPE_WITH_CHRONOLOGY,False,NO_VALID_CORRESPONDENCE,False
C,v0.3,v0.2,CC-2026-OFFSHORE-WIND,C-2022-CONS-SERVICE-REBOUND,CROSS_MACRO_THEME,MISMATCH,NOT_AVAILABLE,NOT_AVAILABLE,,PARTIAL,SEQUENCE_PARTIAL,PARTIAL,MULTI_TYPE_WITH_CHRONOLOGY,False,INSUFFICIENT_EVIDENCE,False
C,v0.3,v0.2,CC-2026-OFFSHORE-WIND,C-2023-CONS-VALUE-RETAIL,CROSS_MACRO_THEME,MISMATCH,MISMATCH,NONE,,NOT_AVAILABLE,NOT_AVAILABLE,MISMATCH,SINGLE_TYPE_ONLY,False,NO_VALID_CORRESPONDENCE,False
C,v0.3,v0.2,CC-2026-OFFSHORE-WIND,C-2024-CONS-TRADE-IN,CROSS_MACRO_THEME,MISMATCH,PERIPHERAL_OVERLAP,PERIPHERAL_ONLY,POLICY_DRIVEN,PARTIAL,SEQUENCE_PARTIAL,PARTIAL,MULTI_TYPE_WITH_CHRONOLOGY,False,NO_VALID_CORRESPONDENCE,False
C,v0.3,v0.2,CC-2026-OFFSHORE-WIND,C-2019-MIL-GROUP-RESTRUCTURE,CROSS_MACRO_THEME,MISMATCH,PERIPHERAL_OVERLAP,PERIPHERAL_ONLY,POLICY_DRIVEN,MATCH,SEQUENCE_MATCH,PARTIAL,MULTI_TYPE_WITH_CHRONOLOGY,True,NO_VALID_CORRESPONDENCE,False
C,v0.3,v0.2,CC-2026-OFFSHORE-WIND,C-2020-MIL-EQUIP-ORDER,CROSS_MACRO_THEME,MISMATCH,MISMATCH,NONE,,PARTIAL,SEQUENCE_PARTIAL,PARTIAL,MULTI_TYPE_WITH_CHRONOLOGY,True,NO_VALID_CORRESPONDENCE,False
C,v0.3,v0.2,CC-2026-OFFSHORE-WIND,C-2020-RE-DEBT-RISK,CROSS_MACRO_THEME,MISMATCH,NOT_AVAILABLE,NOT_AVAILABLE,,PARTIAL,SET_ONLY,PARTIAL,MULTI_TYPE_WITH_CHRONOLOGY,False,INSUFFICIENT_EVIDENCE,False
C,v0.3,v0.2,CC-2026-OFFSHORE-WIND,C-2020-FIN-BANK-CREDIT,CROSS_MACRO_THEME,MISMATCH,PERIPHERAL_OVERLAP,PERIPHERAL_ONLY,SUPPLY_CONTRACTION,PARTIAL,SET_ONLY,PARTIAL,MULTI_TYPE_WITH_CHRONOLOGY,False,NO_VALID_CORRESPONDENCE,False
C,v0.3,v0.2,CC-2026-OFFSHORE-WIND,C-2022-RE-POLICY-THREE,CROSS_MACRO_THEME,MISMATCH,PERIPHERAL_OVERLAP,PERIPHERAL_ONLY,POLICY_DRIVEN,MISMATCH,SEQUENCE_MISMATCH,MISMATCH,SINGLE_TYPE_ONLY,True,NO_VALID_CORRESPONDENCE,False
C,v0.3,v0.2,CC-2026-OFFSHORE-WIND,C-2023-FIN-SOE-VALUATION,CROSS_MACRO_THEME,MISMATCH,MISMATCH,NONE,,MISMATCH,SEQUENCE_MISMATCH,MISMATCH,SINGLE_TYPE_ONLY,True,NO_VALID_CORRESPONDENCE,False
C,v0.3,v0.2,CC-2026-OFFSHORE-WIND,C-2024-FIN-BROKER-POLICY,CROSS_MACRO_THEME,MISMATCH,PERIPHERAL_OVERLAP,PERIPHERAL_ONLY,POLICY_DRIVEN,PARTIAL,SEQUENCE_PARTIAL,PARTIAL,MULTI_TYPE_WITH_CHRONOLOGY,True,NO_VALID_CORRESPONDENCE,False
C,v0.3,v0.2,CC-2026-OFFSHORE-WIND,C-2024-FIN-BANK-DIVIDEND,CROSS_MACRO_THEME,MISMATCH,MISMATCH,NONE,,NOT_AVAILABLE,NOT_AVAILABLE,MISMATCH,SINGLE_TYPE_ONLY,True,NO_VALID_CORRESPONDENCE,False
C,v0.3,v0.2,CC-2026-OFFSHORE-WIND,C-2025-FIN-INSURANCE,CROSS_MACRO_THEME,MISMATCH,MISMATCH,NONE,,NOT_AVAILABLE,NOT_AVAILABLE,MISMATCH,SINGLE_TYPE_ONLY,True,NO_VALID_CORRESPONDENCE,False
C,v0.3,v0.2,CC-2026-OFFSHORE-WIND,C-2016-HIEQ-CONSTR,CROSS_MACRO_THEME,MISMATCH,MISMATCH,NONE,,PARTIAL,SEQUENCE_PARTIAL,PARTIAL,MULTI_TYPE_WITH_CHRONOLOGY,False,NO_VALID_CORRESPONDENCE,False
C,v0.3,v0.2,CC-2026-OFFSHORE-WIND,C-2018-HIEQ-ROBOT-DOWN,CROSS_MACRO_THEME,MISMATCH,MISMATCH,NONE,,PARTIAL,SEQUENCE_PARTIAL,MISMATCH,SINGLE_TYPE_ONLY,False,NO_VALID_CORRESPONDENCE,False
C,v0.3,v0.2,CC-2026-OFFSHORE-WIND,C-2020-HIEQ-AUTOMATION,CROSS_MACRO_THEME,MISMATCH,MISMATCH,NONE,,PARTIAL,SEQUENCE_PARTIAL,PARTIAL,MULTI_TYPE_WITH_CHRONOLOGY,False,NO_VALID_CORRESPONDENCE,False
C,v0.3,v0.2,CC-2026-OFFSHORE-WIND,C-2023-HIEQ-ROBOT-PLUS,CROSS_MACRO_THEME,MISMATCH,PERIPHERAL_OVERLAP,PERIPHERAL_ONLY,POLICY_DRIVEN,PARTIAL,SEQUENCE_PARTIAL,PARTIAL,MULTI_TYPE_WITH_CHRONOLOGY,False,NO_VALID_CORRESPONDENCE,False
C,v0.3,v0.2,CC-2026-OFFSHORE-WIND,C-2023-HIEQ-HUMANOID,CROSS_MACRO_THEME,MISMATCH,MISMATCH,NONE,,PARTIAL,SEQUENCE_PARTIAL,PARTIAL,MULTI_TYPE_WITH_CHRONOLOGY,False,NO_VALID_CORRESPONDENCE,False
C,v0.3,v0.2,CC-2026-OFFSHORE-WIND,C-2019-COMM-5G,CROSS_MACRO_THEME,MATCH,PARTIAL,PRIMARY_MECHANISM_OVERLAP,POLICY_DRIVEN,MISMATCH,SEQUENCE_MISMATCH,MISMATCH,SINGLE_TYPE_ONLY,True,NO_VALID_CORRESPONDENCE,False
C,v0.3,v0.2,CC-2026-OFFSHORE-WIND,C-2023-COMM-OPTICAL,CROSS_MACRO_THEME,MATCH,MISMATCH,NONE,,PARTIAL,SEQUENCE_PARTIAL,PARTIAL,MULTI_TYPE_WITH_CHRONOLOGY,True,NO_VALID_CORRESPONDENCE,False
C,v0.3,v0.2,CC-2026-OFFSHORE-WIND,C-2019-PHARMA-INNOV,CROSS_MACRO_THEME,MATCH,MISMATCH,NONE,,MISMATCH,SEQUENCE_MISMATCH,MISMATCH,SINGLE_TYPE_ONLY,True,NO_VALID_CORRESPONDENCE,False
C,v0.3,v0.2,CC-2026-OFFSHORE-WIND,C-2020-POWER-NE,SAME_MACRO_THEME,MATCH,PARTIAL,PRIMARY_MECHANISM_OVERLAP,POLICY_DRIVEN,MISMATCH,SEQUENCE_MISMATCH,MISMATCH,SINGLE_TYPE_ONLY,True,THEME_ONLY,False
C,v0.3,v0.2,CC-2026-OFFSHORE-WIND,C-2022-POWER-GRID,SAME_MACRO_THEME,MATCH,PERIPHERAL_OVERLAP,PERIPHERAL_ONLY,POLICY_DRIVEN,PARTIAL,SEQUENCE_PARTIAL,PARTIAL,MULTI_TYPE_WITH_CHRONOLOGY,True,THEME_ONLY,False
C,v0.3,v0.2,CC-2026-OFFSHORE-WIND,C-2019-RES-DYE-SHOCK,CROSS_MACRO_THEME,MISMATCH,NOT_AVAILABLE,NOT_AVAILABLE,,PARTIAL,SEQUENCE_PARTIAL,PARTIAL,MULTI_TYPE_WITH_CHRONOLOGY,False,INSUFFICIENT_EVIDENCE,False
C,v0.3,v0.2,CC-2026-OFFSHORE-WIND,C-2020-RES-NONFERROUS,CROSS_MACRO_THEME,MISMATCH,PERIPHERAL_OVERLAP,PERIPHERAL_ONLY,SUPPLY_CONTRACTION,NOT_AVAILABLE,NOT_AVAILABLE,MISMATCH,SINGLE_TYPE_ONLY,False,NO_VALID_CORRESPONDENCE,False
C,v0.3,v0.2,CC-2026-OFFSHORE-WIND,C-2020-RES-LITHIUM,CROSS_MACRO_THEME,MISMATCH,PERIPHERAL_OVERLAP,PERIPHERAL_ONLY,SUPPLY_CONTRACTION,PARTIAL,SEQUENCE_PARTIAL,MISMATCH,SINGLE_TYPE_ONLY,False,NO_VALID_CORRESPONDENCE,False
C,v0.3,v0.2,CC-2026-OFFSHORE-WIND,C-2020-RES-RAREEARTH,CROSS_MACRO_THEME,MISMATCH,PARTIAL,SET_EQUAL_NO_PROVENANCE,POLICY_DRIVEN|SUPPLY_CONTRACTION,PARTIAL,SEQUENCE_PARTIAL,MISMATCH,SINGLE_TYPE_ONLY,False,STRUCTURAL_PARTIAL,False
C,v0.3,v0.2,CC-2026-OFFSHORE-WIND,C-2021-RES-CHEM-DUALCTRL,CROSS_MACRO_THEME,MISMATCH,PARTIAL,MULTI_MECHANISM,POLICY_DRIVEN|SUPPLY_CONTRACTION,PARTIAL,SEQUENCE_PARTIAL,PARTIAL,MULTI_TYPE_WITH_CHRONOLOGY,False,STRUCTURAL_PARTIAL,False
C,v0.3,v0.2,CC-2026-OFFSHORE-WIND,C-2024-RES-GOLD-CB,CROSS_MACRO_THEME,MISMATCH,MISMATCH,NONE,,MISMATCH,SEQUENCE_MISMATCH,MISMATCH,SINGLE_TYPE_ONLY,False,NO_VALID_CORRESPONDENCE,False
C,v0.3,v0.2,CC-2026-OFFSHORE-WIND,C-2016-PANEL-CYCLE,CROSS_MACRO_THEME,MISMATCH,PERIPHERAL_OVERLAP,PERIPHERAL_ONLY,SUPPLY_CONTRACTION,NOT_AVAILABLE,NOT_AVAILABLE,NOT_AVAILABLE,NOT_AVAILABLE,False,INSUFFICIENT_EVIDENCE,False
C,v0.3,v0.2,CC-2026-OFFSHORE-WIND,C-2019-SEMI-LOCALIZATION,CROSS_MACRO_THEME,MISMATCH,MISMATCH,NONE,,PARTIAL,SEQUENCE_PARTIAL,PARTIAL,MULTI_TYPE_WITH_CHRONOLOGY,False,NO_VALID_CORRESPONDENCE,False
C,v0.3,v0.2,CC-2026-OFFSHORE-WIND,C-2019-CONSUMER-TWS,CROSS_MACRO_THEME,MISMATCH,MISMATCH,NONE,,MISMATCH,SEQUENCE_MISMATCH,MISMATCH,SINGLE_TYPE_ONLY,False,NO_VALID_CORRESPONDENCE,False
C,v0.3,v0.2,CC-2026-OFFSHORE-WIND,C-2020-SEMI-EQUIPMENT,CROSS_MACRO_THEME,MISMATCH,PERIPHERAL_OVERLAP,PERIPHERAL_ONLY,SUPPLY_CONTRACTION,PARTIAL,SEQUENCE_PARTIAL,PARTIAL,MULTI_TYPE_WITH_CHRONOLOGY,False,NO_VALID_CORRESPONDENCE,False
C,v0.3,v0.2,CC-2026-OFFSHORE-WIND,C-2020-PANEL-CYCLE,CROSS_MACRO_THEME,MISMATCH,PERIPHERAL_OVERLAP,PERIPHERAL_ONLY,SUPPLY_CONTRACTION,PARTIAL,SEQUENCE_PARTIAL,MISMATCH,SINGLE_TYPE_ONLY,False,NO_VALID_CORRESPONDENCE,False
C,v0.3,v0.2,CC-2026-OFFSHORE-WIND,C-2022-SEMI-DOWNTURN,CROSS_MACRO_THEME,MISMATCH,PERIPHERAL_OVERLAP,PERIPHERAL_ONLY,SUPPLY_CONTRACTION,NOT_AVAILABLE,NOT_AVAILABLE,MISMATCH,SINGLE_TYPE_ONLY,False,NO_VALID_CORRESPONDENCE,False
C,v0.3,v0.2,CC-2026-OFFSHORE-WIND,C-2023-AI-COMPUTE-SEMI,CROSS_MACRO_THEME,MISMATCH,MISMATCH,NONE,,NOT_AVAILABLE,NOT_AVAILABLE,MISMATCH,SINGLE_TYPE_ONLY,False,NO_VALID_CORRESPONDENCE,False
C,v0.3,v0.2,CC-2026-OFFSHORE-WIND,C-2024-SEMI-MEMORY,CROSS_MACRO_THEME,MISMATCH,PARTIAL,MULTI_MECHANISM,POLICY_DRIVEN|SUPPLY_CONTRACTION,NOT_AVAILABLE,NOT_AVAILABLE,MISMATCH,SINGLE_TYPE_ONLY,False,NO_VALID_CORRESPONDENCE,False
C,v0.3,v0.2,CC-2026-OFFSHORE-WIND,RC-2023-HUAWEI,CROSS_MACRO_THEME,MATCH,MISMATCH,NONE,,NOT_AVAILABLE,NOT_AVAILABLE,MISMATCH,SINGLE_TYPE_ONLY,True,NO_VALID_CORRESPONDENCE,False
C,v0.3,v0.2,CC-2026-OFFSHORE-WIND,RC-2024-SECONDARY,CROSS_MACRO_THEME,PARTIAL,NOT_AVAILABLE,NOT_AVAILABLE,,NOT_AVAILABLE,NOT_AVAILABLE,NOT_AVAILABLE,NOT_AVAILABLE,False,INSUFFICIENT_EVIDENCE,False
C,v0.3,v0.2,CC-2026-OFFSHORE-WIND,RC-2020-PANDEMIC,CROSS_MACRO_THEME,PARTIAL,MISMATCH,NONE,,NOT_AVAILABLE,NOT_AVAILABLE,MISMATCH,SINGLE_TYPE_ONLY,True,NO_VALID_CORRESPONDENCE,False
C,v0.3,v0.2,CC-2026-OFFSHORE-WIND,RC-2021-TCM,CROSS_MACRO_THEME,MATCH,PARTIAL,PRIMARY_MECHANISM_OVERLAP,POLICY_DRIVEN,NOT_AVAILABLE,NOT_AVAILABLE,MISMATCH,SINGLE_TYPE_ONLY,True,NO_VALID_CORRESPONDENCE,False
C,v0.3,v0.2,CC-2026-OFFSHORE-WIND,RC-2020-CONS-SMALL-APPLIANCE,CROSS_MACRO_THEME,COMPARISON_POINT_UNKNOWN,NOT_AVAILABLE,NOT_AVAILABLE,,NOT_AVAILABLE,NOT_AVAILABLE,NOT_AVAILABLE,NOT_AVAILABLE,False,INSUFFICIENT_EVIDENCE,False
C,v0.3,v0.2,CC-2026-OFFSHORE-WIND,RC-2024-CONS-PET-FOOD,CROSS_MACRO_THEME,COMPARISON_POINT_UNKNOWN,NOT_AVAILABLE,NOT_AVAILABLE,,NOT_AVAILABLE,NOT_AVAILABLE,NOT_AVAILABLE,NOT_AVAILABLE,False,INSUFFICIENT_EVIDENCE,False
C,v0.3,v0.2,CC-2026-OFFSHORE-WIND,RC-2020-RES-GOLD-RATES,CROSS_MACRO_THEME,COMPARISON_POINT_UNKNOWN,NOT_AVAILABLE,NOT_AVAILABLE,,NOT_AVAILABLE,NOT_AVAILABLE,NOT_AVAILABLE,NOT_AVAILABLE,False,INSUFFICIENT_EVIDENCE,False
C,v0.3,v0.2,CC-2026-OFFSHORE-WIND,RC-2022-RES-FERTILIZER,CROSS_MACRO_THEME,COMPARISON_POINT_UNKNOWN,NOT_AVAILABLE,NOT_AVAILABLE,,NOT_AVAILABLE,NOT_AVAILABLE,NOT_AVAILABLE,NOT_AVAILABLE,False,INSUFFICIENT_EVIDENCE,False
C,v0.3,v0.2,CC-2026-OFFSHORE-WIND,RC-2025-RES-COPPER,CROSS_MACRO_THEME,COMPARISON_POINT_UNKNOWN,NOT_AVAILABLE,NOT_AVAILABLE,,NOT_AVAILABLE,NOT_AVAILABLE,NOT_AVAILABLE,NOT_AVAILABLE,False,INSUFFICIENT_EVIDENCE,False
C,v0.3,v0.2,CC-2026-OFFSHORE-WIND,RC-2017-RES-ALUMINUM,CROSS_MACRO_THEME,COMPARISON_POINT_UNKNOWN,NOT_AVAILABLE,NOT_AVAILABLE,,NOT_AVAILABLE,NOT_AVAILABLE,NOT_AVAILABLE,NOT_AVAILABLE,False,INSUFFICIENT_EVIDENCE,False
C,v0.3,v0.2,CC-2026-OFFSHORE-WIND,RC-2016-RES-CHEM-ENV,CROSS_MACRO_THEME,COMPARISON_POINT_UNKNOWN,NOT_AVAILABLE,NOT_AVAILABLE,,NOT_AVAILABLE,NOT_AVAILABLE,NOT_AVAILABLE,NOT_AVAILABLE,False,INSUFFICIENT_EVIDENCE,False
C,v0.3,v0.2,CC-2026-OFFSHORE-WIND,RC-2022-SEMI-CHIPSHORTAGE,CROSS_MACRO_THEME,COMPARISON_POINT_UNKNOWN,NOT_AVAILABLE,NOT_AVAILABLE,,NOT_AVAILABLE,NOT_AVAILABLE,NOT_AVAILABLE,NOT_AVAILABLE,False,INSUFFICIENT_EVIDENCE,False
C,v0.3,v0.2,CC-2026-OFFSHORE-WIND,RC-2024-SEMI-FUND3,CROSS_MACRO_THEME,COMPARISON_POINT_UNKNOWN,NOT_AVAILABLE,NOT_AVAILABLE,,NOT_AVAILABLE,NOT_AVAILABLE,NOT_AVAILABLE,NOT_AVAILABLE,False,INSUFFICIENT_EVIDENCE,False
C,v0.3,v0.2,CC-2026-OFFSHORE-WIND,RC-2015-SEMI-LEVERAGE,CROSS_MACRO_THEME,COMPARISON_POINT_UNKNOWN,NOT_AVAILABLE,NOT_AVAILABLE,,NOT_AVAILABLE,NOT_AVAILABLE,NOT_AVAILABLE,NOT_AVAILABLE,False,INSUFFICIENT_EVIDENCE,False
C,v0.3,v0.2,CC-2026-OFFSHORE-WIND,RC-2017-GPU-MINING,CROSS_MACRO_THEME,COMPARISON_POINT_UNKNOWN,NOT_AVAILABLE,NOT_AVAILABLE,,NOT_AVAILABLE,NOT_AVAILABLE,NOT_AVAILABLE,NOT_AVAILABLE,False,INSUFFICIENT_EVIDENCE,False
C,v0.3,v0.2,CC-2026-OFFSHORE-WIND,RC-2024-HIEQ-EQUIP-UPDATE,CROSS_MACRO_THEME,MISMATCH,NOT_AVAILABLE,NOT_AVAILABLE,,MISMATCH,SEQUENCE_MISMATCH,MISMATCH,SINGLE_TYPE_ONLY,False,INSUFFICIENT_EVIDENCE,False
C,v0.3,v0.2,CC-2026-OFFSHORE-WIND,RC-2024-HIEQ-HUMANOID-MASS,CROSS_MACRO_THEME,MISMATCH,NOT_AVAILABLE,NOT_AVAILABLE,,MISMATCH,SEQUENCE_MISMATCH,MISMATCH,SINGLE_TYPE_ONLY,False,INSUFFICIENT_EVIDENCE,False
C,v0.3,v0.2,CC-2026-OFFSHORE-WIND,RC-2024-RE-POLICY-517,CROSS_MACRO_THEME,COMPARISON_POINT_UNKNOWN,NOT_AVAILABLE,NOT_AVAILABLE,,NOT_AVAILABLE,NOT_AVAILABLE,NOT_AVAILABLE,NOT_AVAILABLE,False,INSUFFICIENT_EVIDENCE,False
C,v0.3,v0.2,CC-2026-OFFSHORE-WIND,RC-2019-RE-EASING,CROSS_MACRO_THEME,COMPARISON_POINT_UNKNOWN,NOT_AVAILABLE,NOT_AVAILABLE,,NOT_AVAILABLE,NOT_AVAILABLE,NOT_AVAILABLE,NOT_AVAILABLE,False,INSUFFICIENT_EVIDENCE,False
C,v0.3,v0.2,CC-2026-OFFSHORE-WIND,RC-2020-FIN-BROKER-VOLUME,CROSS_MACRO_THEME,COMPARISON_POINT_UNKNOWN,NOT_AVAILABLE,NOT_AVAILABLE,,NOT_AVAILABLE,NOT_AVAILABLE,NOT_AVAILABLE,NOT_AVAILABLE,False,INSUFFICIENT_EVIDENCE,False
C,v0.3,v0.2,CC-2026-OFFSHORE-WIND,RC-2016-RE-SHANTY,CROSS_MACRO_THEME,COMPARISON_POINT_UNKNOWN,NOT_AVAILABLE,NOT_AVAILABLE,,NOT_AVAILABLE,NOT_AVAILABLE,NOT_AVAILABLE,NOT_AVAILABLE,False,INSUFFICIENT_EVIDENCE,False
C,v0.3,v0.2,CC-2026-OFFSHORE-WIND,RC-2015-FIN-LEVERAGE,CROSS_MACRO_THEME,COMPARISON_POINT_UNKNOWN,NOT_AVAILABLE,NOT_AVAILABLE,,NOT_AVAILABLE,NOT_AVAILABLE,NOT_AVAILABLE,NOT_AVAILABLE,False,INSUFFICIENT_EVIDENCE,False
C,v0.3,v0.2,CC-2026-OFFSHORE-WIND,RC-2019-MIL-PARADE-70,CROSS_MACRO_THEME,MISMATCH,NOT_AVAILABLE,NOT_AVAILABLE,,NOT_AVAILABLE,NOT_AVAILABLE,NOT_AVAILABLE,NOT_AVAILABLE,False,INSUFFICIENT_EVIDENCE,False
C,v0.3,v0.2,CC-2026-OFFSHORE-WIND,RC-2025-MIL-PARADE-80,CROSS_MACRO_THEME,MISMATCH,MISMATCH,NONE,,NOT_AVAILABLE,NOT_AVAILABLE,NOT_AVAILABLE,NOT_AVAILABLE,False,INSUFFICIENT_EVIDENCE,False
C,v0.3,v0.2,CC-2026-OFFSHORE-WIND,RC-2017-MIL-MIXED-REFORM,CROSS_MACRO_THEME,MISMATCH,PERIPHERAL_OVERLAP,PERIPHERAL_ONLY,POLICY_DRIVEN,NOT_AVAILABLE,NOT_AVAILABLE,NOT_AVAILABLE,NOT_AVAILABLE,False,INSUFFICIENT_EVIDENCE,False
C,v0.3,v0.2,CC-2026-OFFSHORE-WIND,RC-2015-MIL-REFORM-BULL,CROSS_MACRO_THEME,MISMATCH,MISMATCH,NONE,,NOT_AVAILABLE,NOT_AVAILABLE,NOT_AVAILABLE,NOT_AVAILABLE,False,INSUFFICIENT_EVIDENCE,False
C,v0.3,v0.2,CC-2026-OFFSHORE-WIND,RC-2024-MIL-COMMERCIAL-SPACE,CROSS_MACRO_THEME,MISMATCH,PERIPHERAL_OVERLAP,PERIPHERAL_ONLY,POLICY_DRIVEN,NOT_AVAILABLE,NOT_AVAILABLE,NOT_AVAILABLE,NOT_AVAILABLE,False,INSUFFICIENT_EVIDENCE,False
D,v0.3,v0.3,CC-2026-BCI-MEDTECH,C-2019-AD,CROSS_MACRO_THEME,PARTIAL,PARTIAL,PRIMARY_MECHANISM_OVERLAP,POLICY_DRIVEN,NOT_AVAILABLE,NOT_AVAILABLE,MISMATCH,SINGLE_TYPE_ONLY,True,NO_VALID_CORRESPONDENCE,False
D,v0.3,v0.3,CC-2026-BCI-MEDTECH,C-2020-NEV,CROSS_MACRO_THEME,PARTIAL,MISMATCH,NONE,,MISMATCH,SEQUENCE_MISMATCH,MISMATCH,SINGLE_TYPE_ONLY,True,NO_VALID_CORRESPONDENCE,False
D,v0.3,v0.3,CC-2026-BCI-MEDTECH,C-2021-NEV,CROSS_MACRO_THEME,PARTIAL,MISMATCH,NONE,,PARTIAL,SET_ONLY,PARTIAL,MULTI_TYPE_WITH_CHRONOLOGY,True,NO_VALID_CORRESPONDENCE,False
D,v0.3,v0.3,CC-2026-BCI-MEDTECH,C-2022-POLICY,CROSS_MACRO_THEME,MATCH,PARTIAL,PRIMARY_MECHANISM_OVERLAP,POLICY_DRIVEN,PARTIAL,SEQUENCE_PARTIAL,PARTIAL,MULTI_TYPE_WITH_CHRONOLOGY,True,STRUCTURAL_PARTIAL,False
D,v0.3,v0.3,CC-2026-BCI-MEDTECH,C-2023-AD,CROSS_MACRO_THEME,MATCH,MATCH,CORE_EQUIVALENT,POLICY_DRIVEN|TECH_BREAKTHROUGH,PARTIAL,SEQUENCE_PARTIAL,PARTIAL,MULTI_TYPE_WITH_CHRONOLOGY,True,STRUCTURAL_SUPPORTED,True
D,v0.3,v0.3,CC-2026-BCI-MEDTECH,C-2024-V2X,CROSS_MACRO_THEME,MATCH,PERIPHERAL_OVERLAP,PERIPHERAL_ONLY,POLICY_DRIVEN,PARTIAL,SEQUENCE_PARTIAL,MISMATCH,SINGLE_TYPE_ONLY,False,NO_VALID_CORRESPONDENCE,False
D,v0.3,v0.3,CC-2026-BCI-MEDTECH,C-2024-ROBOTAXI,CROSS_MACRO_THEME,PARTIAL,MISMATCH,NONE,,NOT_AVAILABLE,NOT_AVAILABLE,MISMATCH,SINGLE_TYPE_ONLY,True,NO_VALID_CORRESPONDENCE,False
D,v0.3,v0.3,CC-2026-BCI-MEDTECH,C-2025-ROBOTAXI,CROSS_MACRO_THEME,PARTIAL,MISMATCH,NONE,,MATCH,SEQUENCE_MATCH,PARTIAL,MULTI_TYPE_WITH_CHRONOLOGY,True,NO_VALID_CORRESPONDENCE,False
D,v0.3,v0.3,CC-2026-BCI-MEDTECH,C-2016-CONS-BAIJIU-UPGRADE,CROSS_MACRO_THEME,MISMATCH,MISMATCH,NONE,,PARTIAL,SEQUENCE_PARTIAL,PARTIAL,MULTI_TYPE_WITH_CHRONOLOGY,False,NO_VALID_CORRESPONDENCE,False
D,v0.3,v0.3,CC-2026-BCI-MEDTECH,C-2018-CONS-HOG-AFRICAN,CROSS_MACRO_THEME,MISMATCH,MISMATCH,NONE,,PARTIAL,SEQUENCE_PARTIAL,PARTIAL,MULTI_TYPE_WITH_CHRONOLOGY,False,NO_VALID_CORRESPONDENCE,False
D,v0.3,v0.3,CC-2026-BCI-MEDTECH,C-2019-CONS-BAIJIU-CORE,CROSS_MACRO_THEME,MISMATCH,MISMATCH,NONE,,PARTIAL,SEQUENCE_PARTIAL,PARTIAL,MULTI_TYPE_WITH_CHRONOLOGY,False,NO_VALID_CORRESPONDENCE,False
D,v0.3,v0.3,CC-2026-BCI-MEDTECH,C-2019-CONS-AESTHETICS,CROSS_MACRO_THEME,MISMATCH,MISMATCH,NONE,,NOT_AVAILABLE,NOT_AVAILABLE,MISMATCH,SINGLE_TYPE_ONLY,False,NO_VALID_CORRESPONDENCE,False
D,v0.3,v0.3,CC-2026-BCI-MEDTECH,C-2020-CONS-DUTYFREE,CROSS_MACRO_THEME,MISMATCH,PERIPHERAL_OVERLAP,PERIPHERAL_ONLY,POLICY_DRIVEN,PARTIAL,SEQUENCE_PARTIAL,PARTIAL,MULTI_TYPE_WITH_CHRONOLOGY,False,NO_VALID_CORRESPONDENCE,False
D,v0.3,v0.3,CC-2026-BCI-MEDTECH,C-2020-CONS-WHITE-GOODS,CROSS_MACRO_THEME,MISMATCH,MISMATCH,NONE,,NOT_AVAILABLE,NOT_AVAILABLE,MISMATCH,SINGLE_TYPE_ONLY,False,NO_VALID_CORRESPONDENCE,False
D,v0.3,v0.3,CC-2026-BCI-MEDTECH,C-2020-CONS-BEAUTY-CN,CROSS_MACRO_THEME,MISMATCH,PERIPHERAL_OVERLAP,PERIPHERAL_ONLY,POLICY_DRIVEN,NOT_AVAILABLE,NOT_AVAILABLE,MISMATCH,SINGLE_TYPE_ONLY,False,NO_VALID_CORRESPONDENCE,False
D,v0.3,v0.3,CC-2026-BCI-MEDTECH,C-2021-CONS-HOG-REVERSAL,CROSS_MACRO_THEME,MISMATCH,MISMATCH,NONE,,PARTIAL,SEQUENCE_PARTIAL,PARTIAL,MULTI_TYPE_WITH_CHRONOLOGY,False,NO_VALID_CORRESPONDENCE,False
D,v0.3,v0.3,CC-2026-BCI-MEDTECH,C-2022-CONS-SERVICE-REBOUND,CROSS_MACRO_THEME,MISMATCH,PERIPHERAL_OVERLAP,PERIPHERAL_ONLY,POLICY_DRIVEN,PARTIAL,SEQUENCE_PARTIAL,PARTIAL,MULTI_TYPE_WITH_CHRONOLOGY,False,NO_VALID_CORRESPONDENCE,False
D,v0.3,v0.3,CC-2026-BCI-MEDTECH,C-2023-CONS-VALUE-RETAIL,CROSS_MACRO_THEME,MISMATCH,MISMATCH,NONE,,NOT_AVAILABLE,NOT_AVAILABLE,MISMATCH,SINGLE_TYPE_ONLY,False,NO_VALID_CORRESPONDENCE,False
D,v0.3,v0.3,CC-2026-BCI-MEDTECH,C-2024-CONS-TRADE-IN,CROSS_MACRO_THEME,MISMATCH,PERIPHERAL_OVERLAP,PERIPHERAL_ONLY,POLICY_DRIVEN,PARTIAL,SEQUENCE_PARTIAL,PARTIAL,MULTI_TYPE_WITH_CHRONOLOGY,False,NO_VALID_CORRESPONDENCE,False
D,v0.3,v0.3,CC-2026-BCI-MEDTECH,C-2019-MIL-GROUP-RESTRUCTURE,CROSS_MACRO_THEME,MISMATCH,PARTIAL,PRIMARY_MECHANISM_OVERLAP,POLICY_DRIVEN,MATCH,SEQUENCE_MATCH,PARTIAL,MULTI_TYPE_WITH_CHRONOLOGY,True,STRUCTURAL_PARTIAL,False
D,v0.3,v0.3,CC-2026-BCI-MEDTECH,C-2020-MIL-EQUIP-ORDER,CROSS_MACRO_THEME,MISMATCH,MISMATCH,NONE,,PARTIAL,SEQUENCE_PARTIAL,PARTIAL,MULTI_TYPE_WITH_CHRONOLOGY,True,NO_VALID_CORRESPONDENCE,False
D,v0.3,v0.3,CC-2026-BCI-MEDTECH,C-2020-RE-DEBT-RISK,CROSS_MACRO_THEME,MISMATCH,PARTIAL,PRIMARY_MECHANISM_OVERLAP,POLICY_DRIVEN,PARTIAL,SET_ONLY,PARTIAL,MULTI_TYPE_WITH_CHRONOLOGY,True,STRUCTURAL_PARTIAL,False
D,v0.3,v0.3,CC-2026-BCI-MEDTECH,C-2020-FIN-BANK-CREDIT,CROSS_MACRO_THEME,MISMATCH,MISMATCH,NONE,,PARTIAL,SEQUENCE_PARTIAL,PARTIAL,MULTI_TYPE_WITH_CHRONOLOGY,False,NO_VALID_CORRESPONDENCE,False
D,v0.3,v0.3,CC-2026-BCI-MEDTECH,C-2022-RE-POLICY-THREE,CROSS_MACRO_THEME,MISMATCH,PARTIAL,PRIMARY_MECHANISM_OVERLAP,POLICY_DRIVEN,PARTIAL,SEQUENCE_PARTIAL,MISMATCH,SINGLE_TYPE_ONLY,True,STRUCTURAL_PARTIAL,False
D,v0.3,v0.3,CC-2026-BCI-MEDTECH,C-2023-FIN-SOE-VALUATION,CROSS_MACRO_THEME,MISMATCH,MISMATCH,NONE,,PARTIAL,SEQUENCE_PARTIAL,MISMATCH,SINGLE_TYPE_ONLY,True,NO_VALID_CORRESPONDENCE,False
D,v0.3,v0.3,CC-2026-BCI-MEDTECH,C-2024-FIN-BROKER-POLICY,CROSS_MACRO_THEME,MISMATCH,PERIPHERAL_OVERLAP,PERIPHERAL_ONLY,POLICY_DRIVEN,PARTIAL,SEQUENCE_PARTIAL,PARTIAL,MULTI_TYPE_WITH_CHRONOLOGY,True,NO_VALID_CORRESPONDENCE,False
D,v0.3,v0.3,CC-2026-BCI-MEDTECH,C-2024-FIN-BANK-DIVIDEND,CROSS_MACRO_THEME,MISMATCH,MISMATCH,NONE,,NOT_AVAILABLE,NOT_AVAILABLE,MISMATCH,SINGLE_TYPE_ONLY,True,NO_VALID_CORRESPONDENCE,False
D,v0.3,v0.3,CC-2026-BCI-MEDTECH,C-2025-FIN-INSURANCE,CROSS_MACRO_THEME,MISMATCH,MISMATCH,NONE,,NOT_AVAILABLE,NOT_AVAILABLE,MISMATCH,SINGLE_TYPE_ONLY,False,NO_VALID_CORRESPONDENCE,False
D,v0.3,v0.3,CC-2026-BCI-MEDTECH,C-2016-HIEQ-CONSTR,CROSS_MACRO_THEME,MISMATCH,PERIPHERAL_OVERLAP,PERIPHERAL_ONLY,POLICY_DRIVEN,PARTIAL,SET_ONLY,PARTIAL,MULTI_TYPE_WITH_CHRONOLOGY,False,NO_VALID_CORRESPONDENCE,False
D,v0.3,v0.3,CC-2026-BCI-MEDTECH,C-2018-HIEQ-ROBOT-DOWN,CROSS_MACRO_THEME,MISMATCH,MISMATCH,NONE,,MISMATCH,SEQUENCE_MISMATCH,MISMATCH,SINGLE_TYPE_ONLY,False,NO_VALID_CORRESPONDENCE,False
D,v0.3,v0.3,CC-2026-BCI-MEDTECH,C-2020-HIEQ-AUTOMATION,CROSS_MACRO_THEME,MISMATCH,PERIPHERAL_OVERLAP,PERIPHERAL_ONLY,TECH_BREAKTHROUGH,PARTIAL,SEQUENCE_PARTIAL,PARTIAL,MULTI_TYPE_WITH_CHRONOLOGY,False,NO_VALID_CORRESPONDENCE,False
D,v0.3,v0.3,CC-2026-BCI-MEDTECH,C-2023-HIEQ-ROBOT-PLUS,CROSS_MACRO_THEME,MISMATCH,PERIPHERAL_OVERLAP,PERIPHERAL_ONLY,POLICY_DRIVEN,PARTIAL,SEQUENCE_PARTIAL,PARTIAL,MULTI_TYPE_WITH_CHRONOLOGY,False,NO_VALID_CORRESPONDENCE,False
D,v0.3,v0.3,CC-2026-BCI-MEDTECH,C-2023-HIEQ-HUMANOID,CROSS_MACRO_THEME,MISMATCH,PARTIAL,MULTI_MECHANISM,POLICY_DRIVEN|TECH_BREAKTHROUGH,PARTIAL,SEQUENCE_PARTIAL,PARTIAL,MULTI_TYPE_WITH_CHRONOLOGY,False,STRUCTURAL_PARTIAL,False
D,v0.3,v0.3,CC-2026-BCI-MEDTECH,C-2019-COMM-5G,CROSS_MACRO_THEME,MATCH,PARTIAL,PRIMARY_MECHANISM_OVERLAP,POLICY_DRIVEN,PARTIAL,SEQUENCE_PARTIAL,MISMATCH,SINGLE_TYPE_ONLY,True,STRUCTURAL_PARTIAL,False
D,v0.3,v0.3,CC-2026-BCI-MEDTECH,C-2023-COMM-OPTICAL,CROSS_MACRO_THEME,MATCH,PERIPHERAL_OVERLAP,PERIPHERAL_ONLY,TECH_BREAKTHROUGH,PARTIAL,SEQUENCE_PARTIAL,PARTIAL,MULTI_TYPE_WITH_CHRONOLOGY,True,NO_VALID_CORRESPONDENCE,False
D,v0.3,v0.3,CC-2026-BCI-MEDTECH,C-2019-PHARMA-INNOV,SAME_MACRO_THEME,MATCH,MISMATCH,NONE,,PARTIAL,SEQUENCE_PARTIAL,MISMATCH,SINGLE_TYPE_ONLY,True,THEME_ONLY,False
D,v0.3,v0.3,CC-2026-BCI-MEDTECH,C-2020-POWER-NE,CROSS_MACRO_THEME,MATCH,PARTIAL,PRIMARY_MECHANISM_OVERLAP,POLICY_DRIVEN,PARTIAL,SEQUENCE_PARTIAL,MISMATCH,SINGLE_TYPE_ONLY,True,STRUCTURAL_PARTIAL,False
D,v0.3,v0.3,CC-2026-BCI-MEDTECH,C-2022-POWER-GRID,CROSS_MACRO_THEME,MATCH,PERIPHERAL_OVERLAP,PERIPHERAL_ONLY,POLICY_DRIVEN,PARTIAL,SEQUENCE_PARTIAL,PARTIAL,MULTI_TYPE_WITH_CHRONOLOGY,True,NO_VALID_CORRESPONDENCE,False
D,v0.3,v0.3,CC-2026-BCI-MEDTECH,C-2019-RES-DYE-SHOCK,CROSS_MACRO_THEME,MISMATCH,MISMATCH,NONE,,PARTIAL,SEQUENCE_PARTIAL,PARTIAL,MULTI_TYPE_WITH_CHRONOLOGY,False,NO_VALID_CORRESPONDENCE,False
D,v0.3,v0.3,CC-2026-BCI-MEDTECH,C-2020-RES-NONFERROUS,CROSS_MACRO_THEME,MISMATCH,MISMATCH,NONE,,NOT_AVAILABLE,NOT_AVAILABLE,MISMATCH,SINGLE_TYPE_ONLY,False,NO_VALID_CORRESPONDENCE,False
D,v0.3,v0.3,CC-2026-BCI-MEDTECH,C-2020-RES-LITHIUM,CROSS_MACRO_THEME,MISMATCH,MISMATCH,NONE,,MISMATCH,SEQUENCE_MISMATCH,MISMATCH,SINGLE_TYPE_ONLY,False,NO_VALID_CORRESPONDENCE,False
D,v0.3,v0.3,CC-2026-BCI-MEDTECH,C-2020-RES-RAREEARTH,CROSS_MACRO_THEME,MISMATCH,PERIPHERAL_OVERLAP,PERIPHERAL_ONLY,POLICY_DRIVEN,MISMATCH,SEQUENCE_MISMATCH,MISMATCH,SINGLE_TYPE_ONLY,False,NO_VALID_CORRESPONDENCE,False
D,v0.3,v0.3,CC-2026-BCI-MEDTECH,C-2021-RES-CHEM-DUALCTRL,CROSS_MACRO_THEME,MISMATCH,PERIPHERAL_OVERLAP,PERIPHERAL_ONLY,POLICY_DRIVEN,PARTIAL,SEQUENCE_PARTIAL,PARTIAL,MULTI_TYPE_WITH_CHRONOLOGY,False,NO_VALID_CORRESPONDENCE,False
D,v0.3,v0.3,CC-2026-BCI-MEDTECH,C-2024-RES-GOLD-CB,CROSS_MACRO_THEME,MISMATCH,PERIPHERAL_OVERLAP,PERIPHERAL_ONLY,POLICY_DRIVEN,PARTIAL,SEQUENCE_PARTIAL,MISMATCH,SINGLE_TYPE_ONLY,False,NO_VALID_CORRESPONDENCE,False
D,v0.3,v0.3,CC-2026-BCI-MEDTECH,C-2016-PANEL-CYCLE,CROSS_MACRO_THEME,MISMATCH,MISMATCH,NONE,,NOT_AVAILABLE,NOT_AVAILABLE,NOT_AVAILABLE,NOT_AVAILABLE,False,INSUFFICIENT_EVIDENCE,False
D,v0.3,v0.3,CC-2026-BCI-MEDTECH,C-2019-SEMI-LOCALIZATION,CROSS_MACRO_THEME,MISMATCH,PERIPHERAL_OVERLAP,PERIPHERAL_ONLY,POLICY_DRIVEN,PARTIAL,SEQUENCE_PARTIAL,PARTIAL,MULTI_TYPE_WITH_CHRONOLOGY,False,NO_VALID_CORRESPONDENCE,False
D,v0.3,v0.3,CC-2026-BCI-MEDTECH,C-2019-CONSUMER-TWS,CROSS_MACRO_THEME,MISMATCH,MISMATCH,NONE,,PARTIAL,SEQUENCE_PARTIAL,MISMATCH,SINGLE_TYPE_ONLY,False,NO_VALID_CORRESPONDENCE,False
D,v0.3,v0.3,CC-2026-BCI-MEDTECH,C-2020-SEMI-EQUIPMENT,CROSS_MACRO_THEME,MISMATCH,PERIPHERAL_OVERLAP,PERIPHERAL_ONLY,POLICY_DRIVEN,PARTIAL,SEQUENCE_PARTIAL,PARTIAL,MULTI_TYPE_WITH_CHRONOLOGY,False,NO_VALID_CORRESPONDENCE,False
D,v0.3,v0.3,CC-2026-BCI-MEDTECH,C-2020-PANEL-CYCLE,CROSS_MACRO_THEME,MISMATCH,MISMATCH,NONE,,MISMATCH,SEQUENCE_MISMATCH,MISMATCH,SINGLE_TYPE_ONLY,False,NO_VALID_CORRESPONDENCE,False
D,v0.3,v0.3,CC-2026-BCI-MEDTECH,C-2022-SEMI-DOWNTURN,CROSS_MACRO_THEME,MISMATCH,PERIPHERAL_OVERLAP,PERIPHERAL_ONLY,POLICY_DRIVEN,NOT_AVAILABLE,NOT_AVAILABLE,MISMATCH,SINGLE_TYPE_ONLY,False,NO_VALID_CORRESPONDENCE,False
D,v0.3,v0.3,CC-2026-BCI-MEDTECH,C-2023-AI-COMPUTE-SEMI,CROSS_MACRO_THEME,MISMATCH,PERIPHERAL_OVERLAP,PERIPHERAL_ONLY,TECH_BREAKTHROUGH,NOT_AVAILABLE,NOT_AVAILABLE,MISMATCH,SINGLE_TYPE_ONLY,False,NO_VALID_CORRESPONDENCE,False
D,v0.3,v0.3,CC-2026-BCI-MEDTECH,C-2024-SEMI-MEMORY,CROSS_MACRO_THEME,MISMATCH,PERIPHERAL_OVERLAP,PERIPHERAL_ONLY,POLICY_DRIVEN,NOT_AVAILABLE,NOT_AVAILABLE,MISMATCH,SINGLE_TYPE_ONLY,False,NO_VALID_CORRESPONDENCE,False
D,v0.3,v0.3,CC-2026-BCI-MEDTECH,RC-2023-HUAWEI,CROSS_MACRO_THEME,MATCH,PERIPHERAL_OVERLAP,PERIPHERAL_ONLY,TECH_BREAKTHROUGH,NOT_AVAILABLE,NOT_AVAILABLE,MISMATCH,SINGLE_TYPE_ONLY,True,NO_VALID_CORRESPONDENCE,False
D,v0.3,v0.3,CC-2026-BCI-MEDTECH,RC-2024-SECONDARY,CROSS_MACRO_THEME,PARTIAL,NOT_AVAILABLE,NOT_AVAILABLE,,NOT_AVAILABLE,NOT_AVAILABLE,NOT_AVAILABLE,NOT_AVAILABLE,False,INSUFFICIENT_EVIDENCE,False
D,v0.3,v0.3,CC-2026-BCI-MEDTECH,RC-2020-PANDEMIC,CROSS_MACRO_THEME,PARTIAL,MISMATCH,NONE,,NOT_AVAILABLE,NOT_AVAILABLE,MISMATCH,NO_CORRESPONDENCE,True,NO_VALID_CORRESPONDENCE,False
D,v0.3,v0.3,CC-2026-BCI-MEDTECH,RC-2021-TCM,CROSS_MACRO_THEME,MATCH,PARTIAL,PRIMARY_MECHANISM_OVERLAP,POLICY_DRIVEN,NOT_AVAILABLE,NOT_AVAILABLE,MISMATCH,SINGLE_TYPE_ONLY,True,NO_VALID_CORRESPONDENCE,False
D,v0.3,v0.3,CC-2026-BCI-MEDTECH,RC-2020-CONS-SMALL-APPLIANCE,CROSS_MACRO_THEME,COMPARISON_POINT_UNKNOWN,NOT_AVAILABLE,NOT_AVAILABLE,,NOT_AVAILABLE,NOT_AVAILABLE,NOT_AVAILABLE,NOT_AVAILABLE,False,INSUFFICIENT_EVIDENCE,False
D,v0.3,v0.3,CC-2026-BCI-MEDTECH,RC-2024-CONS-PET-FOOD,CROSS_MACRO_THEME,COMPARISON_POINT_UNKNOWN,NOT_AVAILABLE,NOT_AVAILABLE,,NOT_AVAILABLE,NOT_AVAILABLE,NOT_AVAILABLE,NOT_AVAILABLE,False,INSUFFICIENT_EVIDENCE,False
D,v0.3,v0.3,CC-2026-BCI-MEDTECH,RC-2020-RES-GOLD-RATES,CROSS_MACRO_THEME,COMPARISON_POINT_UNKNOWN,NOT_AVAILABLE,NOT_AVAILABLE,,NOT_AVAILABLE,NOT_AVAILABLE,NOT_AVAILABLE,NOT_AVAILABLE,False,INSUFFICIENT_EVIDENCE,False
D,v0.3,v0.3,CC-2026-BCI-MEDTECH,RC-2022-RES-FERTILIZER,CROSS_MACRO_THEME,COMPARISON_POINT_UNKNOWN,NOT_AVAILABLE,NOT_AVAILABLE,,NOT_AVAILABLE,NOT_AVAILABLE,NOT_AVAILABLE,NOT_AVAILABLE,False,INSUFFICIENT_EVIDENCE,False
D,v0.3,v0.3,CC-2026-BCI-MEDTECH,RC-2025-RES-COPPER,CROSS_MACRO_THEME,COMPARISON_POINT_UNKNOWN,NOT_AVAILABLE,NOT_AVAILABLE,,NOT_AVAILABLE,NOT_AVAILABLE,NOT_AVAILABLE,NOT_AVAILABLE,False,INSUFFICIENT_EVIDENCE,False
D,v0.3,v0.3,CC-2026-BCI-MEDTECH,RC-2017-RES-ALUMINUM,CROSS_MACRO_THEME,COMPARISON_POINT_UNKNOWN,NOT_AVAILABLE,NOT_AVAILABLE,,NOT_AVAILABLE,NOT_AVAILABLE,NOT_AVAILABLE,NOT_AVAILABLE,False,INSUFFICIENT_EVIDENCE,False
D,v0.3,v0.3,CC-2026-BCI-MEDTECH,RC-2016-RES-CHEM-ENV,CROSS_MACRO_THEME,COMPARISON_POINT_UNKNOWN,NOT_AVAILABLE,NOT_AVAILABLE,,NOT_AVAILABLE,NOT_AVAILABLE,NOT_AVAILABLE,NOT_AVAILABLE,False,INSUFFICIENT_EVIDENCE,False
D,v0.3,v0.3,CC-2026-BCI-MEDTECH,RC-2022-SEMI-CHIPSHORTAGE,CROSS_MACRO_THEME,COMPARISON_POINT_UNKNOWN,NOT_AVAILABLE,NOT_AVAILABLE,,NOT_AVAILABLE,NOT_AVAILABLE,NOT_AVAILABLE,NOT_AVAILABLE,False,INSUFFICIENT_EVIDENCE,False
D,v0.3,v0.3,CC-2026-BCI-MEDTECH,RC-2024-SEMI-FUND3,CROSS_MACRO_THEME,COMPARISON_POINT_UNKNOWN,NOT_AVAILABLE,NOT_AVAILABLE,,NOT_AVAILABLE,NOT_AVAILABLE,NOT_AVAILABLE,NOT_AVAILABLE,False,INSUFFICIENT_EVIDENCE,False
D,v0.3,v0.3,CC-2026-BCI-MEDTECH,RC-2015-SEMI-LEVERAGE,CROSS_MACRO_THEME,COMPARISON_POINT_UNKNOWN,NOT_AVAILABLE,NOT_AVAILABLE,,NOT_AVAILABLE,NOT_AVAILABLE,NOT_AVAILABLE,NOT_AVAILABLE,False,INSUFFICIENT_EVIDENCE,False
D,v0.3,v0.3,CC-2026-BCI-MEDTECH,RC-2017-GPU-MINING,CROSS_MACRO_THEME,COMPARISON_POINT_UNKNOWN,NOT_AVAILABLE,NOT_AVAILABLE,,NOT_AVAILABLE,NOT_AVAILABLE,NOT_AVAILABLE,NOT_AVAILABLE,False,INSUFFICIENT_EVIDENCE,False
D,v0.3,v0.3,CC-2026-BCI-MEDTECH,RC-2024-HIEQ-EQUIP-UPDATE,CROSS_MACRO_THEME,MISMATCH,NOT_AVAILABLE,NOT_AVAILABLE,,PARTIAL,SEQUENCE_PARTIAL,MISMATCH,SINGLE_TYPE_ONLY,False,INSUFFICIENT_EVIDENCE,False
D,v0.3,v0.3,CC-2026-BCI-MEDTECH,RC-2024-HIEQ-HUMANOID-MASS,CROSS_MACRO_THEME,MISMATCH,NOT_AVAILABLE,NOT_AVAILABLE,,MISMATCH,SEQUENCE_MISMATCH,MISMATCH,SINGLE_TYPE_ONLY,False,INSUFFICIENT_EVIDENCE,False
D,v0.3,v0.3,CC-2026-BCI-MEDTECH,RC-2024-RE-POLICY-517,CROSS_MACRO_THEME,COMPARISON_POINT_UNKNOWN,NOT_AVAILABLE,NOT_AVAILABLE,,NOT_AVAILABLE,NOT_AVAILABLE,NOT_AVAILABLE,NOT_AVAILABLE,False,INSUFFICIENT_EVIDENCE,False
D,v0.3,v0.3,CC-2026-BCI-MEDTECH,RC-2019-RE-EASING,CROSS_MACRO_THEME,COMPARISON_POINT_UNKNOWN,NOT_AVAILABLE,NOT_AVAILABLE,,NOT_AVAILABLE,NOT_AVAILABLE,NOT_AVAILABLE,NOT_AVAILABLE,False,INSUFFICIENT_EVIDENCE,False
D,v0.3,v0.3,CC-2026-BCI-MEDTECH,RC-2020-FIN-BROKER-VOLUME,CROSS_MACRO_THEME,COMPARISON_POINT_UNKNOWN,NOT_AVAILABLE,NOT_AVAILABLE,,NOT_AVAILABLE,NOT_AVAILABLE,NOT_AVAILABLE,NOT_AVAILABLE,False,INSUFFICIENT_EVIDENCE,False
D,v0.3,v0.3,CC-2026-BCI-MEDTECH,RC-2016-RE-SHANTY,CROSS_MACRO_THEME,COMPARISON_POINT_UNKNOWN,NOT_AVAILABLE,NOT_AVAILABLE,,NOT_AVAILABLE,NOT_AVAILABLE,NOT_AVAILABLE,NOT_AVAILABLE,False,INSUFFICIENT_EVIDENCE,False
D,v0.3,v0.3,CC-2026-BCI-MEDTECH,RC-2015-FIN-LEVERAGE,CROSS_MACRO_THEME,COMPARISON_POINT_UNKNOWN,NOT_AVAILABLE,NOT_AVAILABLE,,NOT_AVAILABLE,NOT_AVAILABLE,NOT_AVAILABLE,NOT_AVAILABLE,False,INSUFFICIENT_EVIDENCE,False
D,v0.3,v0.3,CC-2026-BCI-MEDTECH,RC-2019-MIL-PARADE-70,CROSS_MACRO_THEME,MISMATCH,MISMATCH,NONE,,NOT_AVAILABLE,NOT_AVAILABLE,NOT_AVAILABLE,NOT_AVAILABLE,False,INSUFFICIENT_EVIDENCE,False
D,v0.3,v0.3,CC-2026-BCI-MEDTECH,RC-2025-MIL-PARADE-80,CROSS_MACRO_THEME,MISMATCH,MISMATCH,NONE,,NOT_AVAILABLE,NOT_AVAILABLE,NOT_AVAILABLE,NOT_AVAILABLE,False,INSUFFICIENT_EVIDENCE,False
D,v0.3,v0.3,CC-2026-BCI-MEDTECH,RC-2017-MIL-MIXED-REFORM,CROSS_MACRO_THEME,MISMATCH,PERIPHERAL_OVERLAP,PERIPHERAL_ONLY,POLICY_DRIVEN,NOT_AVAILABLE,NOT_AVAILABLE,NOT_AVAILABLE,NOT_AVAILABLE,False,INSUFFICIENT_EVIDENCE,False
D,v0.3,v0.3,CC-2026-BCI-MEDTECH,RC-2015-MIL-REFORM-BULL,CROSS_MACRO_THEME,MISMATCH,PERIPHERAL_OVERLAP,PERIPHERAL_ONLY,POLICY_DRIVEN,NOT_AVAILABLE,NOT_AVAILABLE,NOT_AVAILABLE,NOT_AVAILABLE,False,INSUFFICIENT_EVIDENCE,False
D,v0.3,v0.3,CC-2026-BCI-MEDTECH,RC-2024-MIL-COMMERCIAL-SPACE,CROSS_MACRO_THEME,MISMATCH,PARTIAL,MULTI_MECHANISM,POLICY_DRIVEN|TECH_BREAKTHROUGH,NOT_AVAILABLE,NOT_AVAILABLE,NOT_AVAILABLE,NOT_AVAILABLE,False,INSUFFICIENT_EVIDENCE,False
D,v0.3,v0.3,CC-2026-COMPUTE-POWER,C-2019-AD,CROSS_MACRO_THEME,PARTIAL,PARTIAL,PRIMARY_MECHANISM_OVERLAP,POLICY_DRIVEN,NOT_AVAILABLE,NOT_AVAILABLE,MISMATCH,SINGLE_TYPE_ONLY,True,NO_VALID_CORRESPONDENCE,False
D,v0.3,v0.3,CC-2026-COMPUTE-POWER,C-2020-NEV,CROSS_MACRO_THEME,PARTIAL,PERIPHERAL_OVERLAP,PERIPHERAL_ONLY,INDUSTRY_UPGRADE,MISMATCH,SEQUENCE_MISMATCH,MISMATCH,NO_CORRESPONDENCE,True,NO_VALID_CORRESPONDENCE,False
D,v0.3,v0.3,CC-2026-COMPUTE-POWER,C-2021-NEV,CROSS_MACRO_THEME,PARTIAL,MISMATCH,NONE,,MISMATCH,SEQUENCE_MISMATCH,MISMATCH,SINGLE_TYPE_ONLY,True,NO_VALID_CORRESPONDENCE,False
D,v0.3,v0.3,CC-2026-COMPUTE-POWER,C-2022-POLICY,CROSS_MACRO_THEME,MATCH,PARTIAL,PRIMARY_MECHANISM_OVERLAP,POLICY_DRIVEN,PARTIAL,SEQUENCE_PARTIAL,PARTIAL,MULTI_TYPE_WITH_CHRONOLOGY,True,STRUCTURAL_PARTIAL,False
D,v0.3,v0.3,CC-2026-COMPUTE-POWER,C-2023-AD,CROSS_MACRO_THEME,MATCH,PARTIAL,PRIMARY_MECHANISM_OVERLAP,POLICY_DRIVEN,PARTIAL,SEQUENCE_PARTIAL,MISMATCH,SINGLE_TYPE_ONLY,True,STRUCTURAL_PARTIAL,False
D,v0.3,v0.3,CC-2026-COMPUTE-POWER,C-2024-V2X,CROSS_MACRO_THEME,PARTIAL,PERIPHERAL_OVERLAP,PERIPHERAL_ONLY,POLICY_DRIVEN,PARTIAL,SEQUENCE_PARTIAL,MISMATCH,SINGLE_TYPE_ONLY,False,NO_VALID_CORRESPONDENCE,False
D,v0.3,v0.3,CC-2026-COMPUTE-POWER,C-2024-ROBOTAXI,CROSS_MACRO_THEME,MATCH,MISMATCH,NONE,,NOT_AVAILABLE,NOT_AVAILABLE,MISMATCH,SINGLE_TYPE_ONLY,True,NO_VALID_CORRESPONDENCE,False
D,v0.3,v0.3,CC-2026-COMPUTE-POWER,C-2025-ROBOTAXI,CROSS_MACRO_THEME,MATCH,PARTIAL,MULTI_MECHANISM,DEMAND_SURGE|INDUSTRY_UPGRADE,MISMATCH,SEQUENCE_MISMATCH,MISMATCH,SINGLE_TYPE_ONLY,True,NO_VALID_CORRESPONDENCE,False
D,v0.3,v0.3,CC-2026-COMPUTE-POWER,C-2016-CONS-BAIJIU-UPGRADE,CROSS_MACRO_THEME,PARTIAL,PERIPHERAL_OVERLAP,PERIPHERAL_ONLY,DEMAND_SURGE,PARTIAL,SEQUENCE_PARTIAL,PARTIAL,MULTI_TYPE_WITH_CHRONOLOGY,False,NO_VALID_CORRESPONDENCE,False
D,v0.3,v0.3,CC-2026-COMPUTE-POWER,C-2018-CONS-HOG-AFRICAN,CROSS_MACRO_THEME,PARTIAL,MISMATCH,NONE,,MATCH,SEQUENCE_MATCH,PARTIAL,MULTI_TYPE_WITH_CHRONOLOGY,False,NO_VALID_CORRESPONDENCE,False
D,v0.3,v0.3,CC-2026-COMPUTE-POWER,C-2019-CONS-BAIJIU-CORE,CROSS_MACRO_THEME,PARTIAL,PARTIAL,MULTI_MECHANISM,DEMAND_SURGE|INDUSTRY_UPGRADE,PARTIAL,SEQUENCE_PARTIAL,PARTIAL,MULTI_TYPE_WITH_CHRONOLOGY,False,STRUCTURAL_PARTIAL,False
D,v0.3,v0.3,CC-2026-COMPUTE-POWER,C-2019-CONS-AESTHETICS,CROSS_MACRO_THEME,PARTIAL,PERIPHERAL_OVERLAP,PERIPHERAL_ONLY,INDUSTRY_UPGRADE,NOT_AVAILABLE,NOT_AVAILABLE,MISMATCH,SINGLE_TYPE_ONLY,False,NO_VALID_CORRESPONDENCE,False
D,v0.3,v0.3,CC-2026-COMPUTE-POWER,C-2020-CONS-DUTYFREE,CROSS_MACRO_THEME,PARTIAL,PARTIAL,MULTI_MECHANISM,DEMAND_SURGE|POLICY_DRIVEN,PARTIAL,SEQUENCE_PARTIAL,PARTIAL,MULTI_TYPE_WITH_CHRONOLOGY,False,STRUCTURAL_PARTIAL,False
D,v0.3,v0.3,CC-2026-COMPUTE-POWER,C-2020-CONS-WHITE-GOODS,CROSS_MACRO_THEME,PARTIAL,PERIPHERAL_OVERLAP,PERIPHERAL_ONLY,DEMAND_SURGE,NOT_AVAILABLE,NOT_AVAILABLE,MISMATCH,SINGLE_TYPE_ONLY,False,NO_VALID_CORRESPONDENCE,False
D,v0.3,v0.3,CC-2026-COMPUTE-POWER,C-2020-CONS-BEAUTY-CN,CROSS_MACRO_THEME,PARTIAL,PERIPHERAL_OVERLAP,PERIPHERAL_ONLY,POLICY_DRIVEN,NOT_AVAILABLE,NOT_AVAILABLE,MISMATCH,SINGLE_TYPE_ONLY,False,NO_VALID_CORRESPONDENCE,False
D,v0.3,v0.3,CC-2026-COMPUTE-POWER,C-2021-CONS-HOG-REVERSAL,CROSS_MACRO_THEME,PARTIAL,MISMATCH,NONE,,MATCH,SEQUENCE_MATCH,PARTIAL,MULTI_TYPE_WITH_CHRONOLOGY,False,NO_VALID_CORRESPONDENCE,False
D,v0.3,v0.3,CC-2026-COMPUTE-POWER,C-2022-CONS-SERVICE-REBOUND,CROSS_MACRO_THEME,PARTIAL,PARTIAL,MULTI_MECHANISM,DEMAND_SURGE|POLICY_DRIVEN,PARTIAL,SEQUENCE_PARTIAL,PARTIAL,MULTI_TYPE_WITH_CHRONOLOGY,False,STRUCTURAL_PARTIAL,False
D,v0.3,v0.3,CC-2026-COMPUTE-POWER,C-2023-CONS-VALUE-RETAIL,CROSS_MACRO_THEME,PARTIAL,PERIPHERAL_OVERLAP,PERIPHERAL_ONLY,DEMAND_SURGE,NOT_AVAILABLE,NOT_AVAILABLE,MISMATCH,SINGLE_TYPE_ONLY,False,NO_VALID_CORRESPONDENCE,False
D,v0.3,v0.3,CC-2026-COMPUTE-POWER,C-2024-CONS-TRADE-IN,CROSS_MACRO_THEME,PARTIAL,PARTIAL,MULTI_MECHANISM,DEMAND_SURGE|POLICY_DRIVEN,PARTIAL,SEQUENCE_PARTIAL,PARTIAL,MULTI_TYPE_WITH_CHRONOLOGY,False,STRUCTURAL_PARTIAL,False
D,v0.3,v0.3,CC-2026-COMPUTE-POWER,C-2019-MIL-GROUP-RESTRUCTURE,CROSS_MACRO_THEME,PARTIAL,PARTIAL,PRIMARY_MECHANISM_OVERLAP,POLICY_DRIVEN,MISMATCH,SEQUENCE_MISMATCH,MISMATCH,SINGLE_TYPE_ONLY,True,NO_VALID_CORRESPONDENCE,False
D,v0.3,v0.3,CC-2026-COMPUTE-POWER,C-2020-MIL-EQUIP-ORDER,CROSS_MACRO_THEME,PARTIAL,PARTIAL,PRIMARY_MECHANISM_OVERLAP,DEMAND_SURGE,PARTIAL,SEQUENCE_PARTIAL,PARTIAL,MULTI_TYPE_WITH_CHRONOLOGY,True,STRUCTURAL_PARTIAL,False
D,v0.3,v0.3,CC-2026-COMPUTE-POWER,C-2020-RE-DEBT-RISK,CROSS_MACRO_THEME,MISMATCH,PARTIAL,PRIMARY_MECHANISM_OVERLAP,POLICY_DRIVEN,MISMATCH,SEQUENCE_MISMATCH,MISMATCH,SINGLE_TYPE_ONLY,True,NO_VALID_CORRESPONDENCE,False
D,v0.3,v0.3,CC-2026-COMPUTE-POWER,C-2020-FIN-BANK-CREDIT,CROSS_MACRO_THEME,PARTIAL,MISMATCH,NONE,,PARTIAL,SET_ONLY,PARTIAL,MULTI_TYPE_WITH_CHRONOLOGY,False,NO_VALID_CORRESPONDENCE,False
D,v0.3,v0.3,CC-2026-COMPUTE-POWER,C-2022-RE-POLICY-THREE,CROSS_MACRO_THEME,PARTIAL,PARTIAL,PRIMARY_MECHANISM_OVERLAP,POLICY_DRIVEN,PARTIAL,SEQUENCE_PARTIAL,MISMATCH,SINGLE_TYPE_ONLY,True,STRUCTURAL_PARTIAL,False
D,v0.3,v0.3,CC-2026-COMPUTE-POWER,C-2023-FIN-SOE-VALUATION,CROSS_MACRO_THEME,PARTIAL,MISMATCH,NONE,,PARTIAL,SEQUENCE_PARTIAL,MISMATCH,SINGLE_TYPE_ONLY,True,NO_VALID_CORRESPONDENCE,False
D,v0.3,v0.3,CC-2026-COMPUTE-POWER,C-2024-FIN-BROKER-POLICY,CROSS_MACRO_THEME,PARTIAL,PERIPHERAL_OVERLAP,PERIPHERAL_ONLY,POLICY_DRIVEN,PARTIAL,SEQUENCE_PARTIAL,PARTIAL,MULTI_TYPE_WITH_CHRONOLOGY,True,NO_VALID_CORRESPONDENCE,False
D,v0.3,v0.3,CC-2026-COMPUTE-POWER,C-2024-FIN-BANK-DIVIDEND,CROSS_MACRO_THEME,PARTIAL,MISMATCH,NONE,,NOT_AVAILABLE,NOT_AVAILABLE,MISMATCH,SINGLE_TYPE_ONLY,True,NO_VALID_CORRESPONDENCE,False
D,v0.3,v0.3,CC-2026-COMPUTE-POWER,C-2025-FIN-INSURANCE,CROSS_MACRO_THEME,PARTIAL,MISMATCH,NONE,,NOT_AVAILABLE,NOT_AVAILABLE,MISMATCH,SINGLE_TYPE_ONLY,False,NO_VALID_CORRESPONDENCE,False
D,v0.3,v0.3,CC-2026-COMPUTE-POWER,C-2016-HIEQ-CONSTR,CROSS_MACRO_THEME,PARTIAL,PARTIAL,MULTI_MECHANISM,DEMAND_SURGE|POLICY_DRIVEN,MATCH,SEQUENCE_MATCH,MISMATCH,SINGLE_TYPE_ONLY,False,STRUCTURAL_PARTIAL,False
D,v0.3,v0.3,CC-2026-COMPUTE-POWER,C-2018-HIEQ-ROBOT-DOWN,CROSS_MACRO_THEME,MISMATCH,PERIPHERAL_OVERLAP,PERIPHERAL_ONLY,DEMAND_SURGE,MATCH,SEQUENCE_MATCH,MISMATCH,SINGLE_TYPE_ONLY,False,NO_VALID_CORRESPONDENCE,False
D,v0.3,v0.3,CC-2026-COMPUTE-POWER,C-2020-HIEQ-AUTOMATION,CROSS_MACRO_THEME,PARTIAL,PERIPHERAL_OVERLAP,PERIPHERAL_ONLY,DEMAND_SURGE,MATCH,SEQUENCE_MATCH,PARTIAL,MULTI_TYPE_WITH_CHRONOLOGY,False,NO_VALID_CORRESPONDENCE,False
D,v0.3,v0.3,CC-2026-COMPUTE-POWER,C-2023-HIEQ-ROBOT-PLUS,CROSS_MACRO_THEME,PARTIAL,PARTIAL,MULTI_MECHANISM,DEMAND_SURGE|POLICY_DRIVEN,PARTIAL,SEQUENCE_PARTIAL,PARTIAL,MULTI_TYPE_WITH_CHRONOLOGY,False,STRUCTURAL_PARTIAL,False
D,v0.3,v0.3,CC-2026-COMPUTE-POWER,C-2023-HIEQ-HUMANOID,CROSS_MACRO_THEME,PARTIAL,PARTIAL,MULTI_MECHANISM,INDUSTRY_UPGRADE|POLICY_DRIVEN,MATCH,SEQUENCE_MATCH,PARTIAL,MULTI_TYPE_WITH_CHRONOLOGY,False,STRUCTURAL_PARTIAL,False
D,v0.3,v0.3,CC-2026-COMPUTE-POWER,C-2019-COMM-5G,CROSS_MACRO_THEME,MATCH,PARTIAL,MULTI_MECHANISM,DEMAND_SURGE|POLICY_DRIVEN,PARTIAL,SEQUENCE_PARTIAL,MISMATCH,SINGLE_TYPE_ONLY,True,STRUCTURAL_PARTIAL,False
D,v0.3,v0.3,CC-2026-COMPUTE-POWER,C-2023-COMM-OPTICAL,CROSS_MACRO_THEME,MATCH,PARTIAL,PRIMARY_MECHANISM_OVERLAP,DEMAND_SURGE,PARTIAL,SEQUENCE_PARTIAL,PARTIAL,MULTI_TYPE_WITH_CHRONOLOGY,True,STRUCTURAL_PARTIAL,False
D,v0.3,v0.3,CC-2026-COMPUTE-POWER,C-2019-PHARMA-INNOV,CROSS_MACRO_THEME,MATCH,MISMATCH,NONE,,PARTIAL,SEQUENCE_PARTIAL,MISMATCH,SINGLE_TYPE_ONLY,True,NO_VALID_CORRESPONDENCE,False
D,v0.3,v0.3,CC-2026-COMPUTE-POWER,C-2020-POWER-NE,SAME_MACRO_THEME,MATCH,PARTIAL,PRIMARY_MECHANISM_OVERLAP,POLICY_DRIVEN,PARTIAL,SEQUENCE_PARTIAL,MISMATCH,SINGLE_TYPE_ONLY,True,STRUCTURAL_PARTIAL,False
D,v0.3,v0.3,CC-2026-COMPUTE-POWER,C-2022-POWER-GRID,SAME_MACRO_THEME,MATCH,PERIPHERAL_OVERLAP,PERIPHERAL_ONLY,POLICY_DRIVEN,PARTIAL,SEQUENCE_PARTIAL,PARTIAL,MULTI_TYPE_WITH_CHRONOLOGY,True,THEME_ONLY,False
D,v0.3,v0.3,CC-2026-COMPUTE-POWER,C-2019-RES-DYE-SHOCK,CROSS_MACRO_THEME,PARTIAL,MISMATCH,NONE,,MATCH,SEQUENCE_MATCH,MATCH,TYPE_AND_CHRONOLOGY,False,NO_VALID_CORRESPONDENCE,False
D,v0.3,v0.3,CC-2026-COMPUTE-POWER,C-2020-RES-NONFERROUS,CROSS_MACRO_THEME,PARTIAL,PERIPHERAL_OVERLAP,PERIPHERAL_ONLY,DEMAND_SURGE,NOT_AVAILABLE,NOT_AVAILABLE,MISMATCH,SINGLE_TYPE_ONLY,False,NO_VALID_CORRESPONDENCE,False
D,v0.3,v0.3,CC-2026-COMPUTE-POWER,C-2020-RES-LITHIUM,CROSS_MACRO_THEME,PARTIAL,MISMATCH,NONE,,MATCH,SEQUENCE_MATCH,MISMATCH,SINGLE_TYPE_ONLY,False,NO_VALID_CORRESPONDENCE,False
D,v0.3,v0.3,CC-2026-COMPUTE-POWER,C-2020-RES-RAREEARTH,CROSS_MACRO_THEME,PARTIAL,PERIPHERAL_OVERLAP,PERIPHERAL_ONLY,POLICY_DRIVEN,MATCH,SEQUENCE_MATCH,MISMATCH,SINGLE_TYPE_ONLY,False,NO_VALID_CORRESPONDENCE,False
D,v0.3,v0.3,CC-2026-COMPUTE-POWER,C-2021-RES-CHEM-DUALCTRL,CROSS_MACRO_THEME,PARTIAL,PERIPHERAL_OVERLAP,PERIPHERAL_ONLY,POLICY_DRIVEN,PARTIAL,SEQUENCE_PARTIAL,PARTIAL,MULTI_TYPE_WITH_CHRONOLOGY,False,NO_VALID_CORRESPONDENCE,False
D,v0.3,v0.3,CC-2026-COMPUTE-POWER,C-2024-RES-GOLD-CB,CROSS_MACRO_THEME,PARTIAL,PERIPHERAL_OVERLAP,PERIPHERAL_ONLY,POLICY_DRIVEN,PARTIAL,SEQUENCE_PARTIAL,MISMATCH,SINGLE_TYPE_ONLY,False,NO_VALID_CORRESPONDENCE,False
D,v0.3,v0.3,CC-2026-COMPUTE-POWER,C-2016-PANEL-CYCLE,CROSS_MACRO_THEME,PARTIAL,PERIPHERAL_OVERLAP,PERIPHERAL_ONLY,DEMAND_SURGE,NOT_AVAILABLE,NOT_AVAILABLE,NOT_AVAILABLE,NOT_AVAILABLE,False,INSUFFICIENT_EVIDENCE,False
D,v0.3,v0.3,CC-2026-COMPUTE-POWER,C-2019-SEMI-LOCALIZATION,CROSS_MACRO_THEME,PARTIAL,PARTIAL,MULTI_MECHANISM,DEMAND_SURGE|POLICY_DRIVEN,PARTIAL,SEQUENCE_PARTIAL,PARTIAL,MULTI_TYPE_WITH_CHRONOLOGY,False,STRUCTURAL_PARTIAL,False
D,v0.3,v0.3,CC-2026-COMPUTE-POWER,C-2019-CONSUMER-TWS,CROSS_MACRO_THEME,PARTIAL,PERIPHERAL_OVERLAP,PERIPHERAL_ONLY,DEMAND_SURGE,PARTIAL,SEQUENCE_PARTIAL,MISMATCH,SINGLE_TYPE_ONLY,False,NO_VALID_CORRESPONDENCE,False
D,v0.3,v0.3,CC-2026-COMPUTE-POWER,C-2020-SEMI-EQUIPMENT,CROSS_MACRO_THEME,PARTIAL,PERIPHERAL_OVERLAP,PERIPHERAL_ONLY,POLICY_DRIVEN,PARTIAL,SEQUENCE_PARTIAL,PARTIAL,MULTI_TYPE_WITH_CHRONOLOGY,False,NO_VALID_CORRESPONDENCE,False
D,v0.3,v0.3,CC-2026-COMPUTE-POWER,C-2020-PANEL-CYCLE,CROSS_MACRO_THEME,PARTIAL,PERIPHERAL_OVERLAP,PERIPHERAL_ONLY,DEMAND_SURGE,MATCH,SEQUENCE_MATCH,MISMATCH,SINGLE_TYPE_ONLY,False,NO_VALID_CORRESPONDENCE,False
D,v0.3,v0.3,CC-2026-COMPUTE-POWER,C-2022-SEMI-DOWNTURN,CROSS_MACRO_THEME,MISMATCH,PARTIAL,MULTI_MECHANISM,DEMAND_SURGE|POLICY_DRIVEN,NOT_AVAILABLE,NOT_AVAILABLE,MISMATCH,SINGLE_TYPE_ONLY,False,NO_VALID_CORRESPONDENCE,False
D,v0.3,v0.3,CC-2026-COMPUTE-POWER,C-2023-AI-COMPUTE-SEMI,CROSS_MACRO_THEME,PARTIAL,PARTIAL,MULTI_MECHANISM,DEMAND_SURGE|INDUSTRY_UPGRADE,NOT_AVAILABLE,NOT_AVAILABLE,MISMATCH,SINGLE_TYPE_ONLY,False,NO_VALID_CORRESPONDENCE,False
D,v0.3,v0.3,CC-2026-COMPUTE-POWER,C-2024-SEMI-MEMORY,CROSS_MACRO_THEME,PARTIAL,PARTIAL,MULTI_MECHANISM,DEMAND_SURGE|POLICY_DRIVEN,NOT_AVAILABLE,NOT_AVAILABLE,MISMATCH,SINGLE_TYPE_ONLY,False,NO_VALID_CORRESPONDENCE,False
D,v0.3,v0.3,CC-2026-COMPUTE-POWER,RC-2023-HUAWEI,CROSS_MACRO_THEME,MATCH,MISMATCH,NONE,,NOT_AVAILABLE,NOT_AVAILABLE,MISMATCH,NO_CORRESPONDENCE,True,NO_VALID_CORRESPONDENCE,False
D,v0.3,v0.3,CC-2026-COMPUTE-POWER,RC-2024-SECONDARY,CROSS_MACRO_THEME,MISMATCH,NOT_AVAILABLE,NOT_AVAILABLE,,NOT_AVAILABLE,NOT_AVAILABLE,NOT_AVAILABLE,NOT_AVAILABLE,False,INSUFFICIENT_EVIDENCE,False
D,v0.3,v0.3,CC-2026-COMPUTE-POWER,RC-2020-PANDEMIC,CROSS_MACRO_THEME,PARTIAL,PARTIAL,PRIMARY_MECHANISM_OVERLAP,DEMAND_SURGE,NOT_AVAILABLE,NOT_AVAILABLE,MISMATCH,NO_CORRESPONDENCE,True,NO_VALID_CORRESPONDENCE,False
D,v0.3,v0.3,CC-2026-COMPUTE-POWER,RC-2021-TCM,CROSS_MACRO_THEME,PARTIAL,PARTIAL,PRIMARY_MECHANISM_OVERLAP,POLICY_DRIVEN,NOT_AVAILABLE,NOT_AVAILABLE,MISMATCH,SINGLE_TYPE_ONLY,True,NO_VALID_CORRESPONDENCE,False
D,v0.3,v0.3,CC-2026-COMPUTE-POWER,RC-2020-CONS-SMALL-APPLIANCE,CROSS_MACRO_THEME,COMPARISON_POINT_UNKNOWN,NOT_AVAILABLE,NOT_AVAILABLE,,NOT_AVAILABLE,NOT_AVAILABLE,NOT_AVAILABLE,NOT_AVAILABLE,False,INSUFFICIENT_EVIDENCE,False
D,v0.3,v0.3,CC-2026-COMPUTE-POWER,RC-2024-CONS-PET-FOOD,CROSS_MACRO_THEME,COMPARISON_POINT_UNKNOWN,NOT_AVAILABLE,NOT_AVAILABLE,,NOT_AVAILABLE,NOT_AVAILABLE,NOT_AVAILABLE,NOT_AVAILABLE,False,INSUFFICIENT_EVIDENCE,False
D,v0.3,v0.3,CC-2026-COMPUTE-POWER,RC-2020-RES-GOLD-RATES,CROSS_MACRO_THEME,COMPARISON_POINT_UNKNOWN,NOT_AVAILABLE,NOT_AVAILABLE,,NOT_AVAILABLE,NOT_AVAILABLE,NOT_AVAILABLE,NOT_AVAILABLE,False,INSUFFICIENT_EVIDENCE,False
D,v0.3,v0.3,CC-2026-COMPUTE-POWER,RC-2022-RES-FERTILIZER,CROSS_MACRO_THEME,COMPARISON_POINT_UNKNOWN,NOT_AVAILABLE,NOT_AVAILABLE,,NOT_AVAILABLE,NOT_AVAILABLE,NOT_AVAILABLE,NOT_AVAILABLE,False,INSUFFICIENT_EVIDENCE,False
D,v0.3,v0.3,CC-2026-COMPUTE-POWER,RC-2025-RES-COPPER,CROSS_MACRO_THEME,COMPARISON_POINT_UNKNOWN,NOT_AVAILABLE,NOT_AVAILABLE,,NOT_AVAILABLE,NOT_AVAILABLE,NOT_AVAILABLE,NOT_AVAILABLE,False,INSUFFICIENT_EVIDENCE,False
D,v0.3,v0.3,CC-2026-COMPUTE-POWER,RC-2017-RES-ALUMINUM,CROSS_MACRO_THEME,COMPARISON_POINT_UNKNOWN,NOT_AVAILABLE,NOT_AVAILABLE,,NOT_AVAILABLE,NOT_AVAILABLE,NOT_AVAILABLE,NOT_AVAILABLE,False,INSUFFICIENT_EVIDENCE,False
D,v0.3,v0.3,CC-2026-COMPUTE-POWER,RC-2016-RES-CHEM-ENV,CROSS_MACRO_THEME,COMPARISON_POINT_UNKNOWN,NOT_AVAILABLE,NOT_AVAILABLE,,NOT_AVAILABLE,NOT_AVAILABLE,NOT_AVAILABLE,NOT_AVAILABLE,False,INSUFFICIENT_EVIDENCE,False
D,v0.3,v0.3,CC-2026-COMPUTE-POWER,RC-2022-SEMI-CHIPSHORTAGE,CROSS_MACRO_THEME,COMPARISON_POINT_UNKNOWN,NOT_AVAILABLE,NOT_AVAILABLE,,NOT_AVAILABLE,NOT_AVAILABLE,NOT_AVAILABLE,NOT_AVAILABLE,False,INSUFFICIENT_EVIDENCE,False
D,v0.3,v0.3,CC-2026-COMPUTE-POWER,RC-2024-SEMI-FUND3,CROSS_MACRO_THEME,COMPARISON_POINT_UNKNOWN,NOT_AVAILABLE,NOT_AVAILABLE,,NOT_AVAILABLE,NOT_AVAILABLE,NOT_AVAILABLE,NOT_AVAILABLE,False,INSUFFICIENT_EVIDENCE,False
D,v0.3,v0.3,CC-2026-COMPUTE-POWER,RC-2015-SEMI-LEVERAGE,CROSS_MACRO_THEME,COMPARISON_POINT_UNKNOWN,NOT_AVAILABLE,NOT_AVAILABLE,,NOT_AVAILABLE,NOT_AVAILABLE,NOT_AVAILABLE,NOT_AVAILABLE,False,INSUFFICIENT_EVIDENCE,False
D,v0.3,v0.3,CC-2026-COMPUTE-POWER,RC-2017-GPU-MINING,CROSS_MACRO_THEME,COMPARISON_POINT_UNKNOWN,NOT_AVAILABLE,NOT_AVAILABLE,,NOT_AVAILABLE,NOT_AVAILABLE,NOT_AVAILABLE,NOT_AVAILABLE,False,INSUFFICIENT_EVIDENCE,False
D,v0.3,v0.3,CC-2026-COMPUTE-POWER,RC-2024-HIEQ-EQUIP-UPDATE,CROSS_MACRO_THEME,PARTIAL,NOT_AVAILABLE,NOT_AVAILABLE,,PARTIAL,SEQUENCE_PARTIAL,MISMATCH,SINGLE_TYPE_ONLY,False,INSUFFICIENT_EVIDENCE,False
D,v0.3,v0.3,CC-2026-COMPUTE-POWER,RC-2024-HIEQ-HUMANOID-MASS,CROSS_MACRO_THEME,PARTIAL,NOT_AVAILABLE,NOT_AVAILABLE,,MISMATCH,SEQUENCE_MISMATCH,MISMATCH,NO_CORRESPONDENCE,False,INSUFFICIENT_EVIDENCE,False
D,v0.3,v0.3,CC-2026-COMPUTE-POWER,RC-2024-RE-POLICY-517,CROSS_MACRO_THEME,COMPARISON_POINT_UNKNOWN,NOT_AVAILABLE,NOT_AVAILABLE,,NOT_AVAILABLE,NOT_AVAILABLE,NOT_AVAILABLE,NOT_AVAILABLE,False,INSUFFICIENT_EVIDENCE,False
D,v0.3,v0.3,CC-2026-COMPUTE-POWER,RC-2019-RE-EASING,CROSS_MACRO_THEME,COMPARISON_POINT_UNKNOWN,NOT_AVAILABLE,NOT_AVAILABLE,,NOT_AVAILABLE,NOT_AVAILABLE,NOT_AVAILABLE,NOT_AVAILABLE,False,INSUFFICIENT_EVIDENCE,False
D,v0.3,v0.3,CC-2026-COMPUTE-POWER,RC-2020-FIN-BROKER-VOLUME,CROSS_MACRO_THEME,COMPARISON_POINT_UNKNOWN,NOT_AVAILABLE,NOT_AVAILABLE,,NOT_AVAILABLE,NOT_AVAILABLE,NOT_AVAILABLE,NOT_AVAILABLE,False,INSUFFICIENT_EVIDENCE,False
D,v0.3,v0.3,CC-2026-COMPUTE-POWER,RC-2016-RE-SHANTY,CROSS_MACRO_THEME,COMPARISON_POINT_UNKNOWN,NOT_AVAILABLE,NOT_AVAILABLE,,NOT_AVAILABLE,NOT_AVAILABLE,NOT_AVAILABLE,NOT_AVAILABLE,False,INSUFFICIENT_EVIDENCE,False
D,v0.3,v0.3,CC-2026-COMPUTE-POWER,RC-2015-FIN-LEVERAGE,CROSS_MACRO_THEME,COMPARISON_POINT_UNKNOWN,NOT_AVAILABLE,NOT_AVAILABLE,,NOT_AVAILABLE,NOT_AVAILABLE,NOT_AVAILABLE,NOT_AVAILABLE,False,INSUFFICIENT_EVIDENCE,False
D,v0.3,v0.3,CC-2026-COMPUTE-POWER,RC-2019-MIL-PARADE-70,CROSS_MACRO_THEME,PARTIAL,MISMATCH,NONE,,NOT_AVAILABLE,NOT_AVAILABLE,NOT_AVAILABLE,NOT_AVAILABLE,False,INSUFFICIENT_EVIDENCE,False
D,v0.3,v0.3,CC-2026-COMPUTE-POWER,RC-2025-MIL-PARADE-80,CROSS_MACRO_THEME,PARTIAL,MISMATCH,NONE,,NOT_AVAILABLE,NOT_AVAILABLE,NOT_AVAILABLE,NOT_AVAILABLE,False,INSUFFICIENT_EVIDENCE,False
D,v0.3,v0.3,CC-2026-COMPUTE-POWER,RC-2017-MIL-MIXED-REFORM,CROSS_MACRO_THEME,PARTIAL,PERIPHERAL_OVERLAP,PERIPHERAL_ONLY,POLICY_DRIVEN,NOT_AVAILABLE,NOT_AVAILABLE,NOT_AVAILABLE,NOT_AVAILABLE,False,INSUFFICIENT_EVIDENCE,False
D,v0.3,v0.3,CC-2026-COMPUTE-POWER,RC-2015-MIL-REFORM-BULL,CROSS_MACRO_THEME,MISMATCH,PERIPHERAL_OVERLAP,PERIPHERAL_ONLY,POLICY_DRIVEN,NOT_AVAILABLE,NOT_AVAILABLE,NOT_AVAILABLE,NOT_AVAILABLE,False,INSUFFICIENT_EVIDENCE,False
D,v0.3,v0.3,CC-2026-COMPUTE-POWER,RC-2024-MIL-COMMERCIAL-SPACE,CROSS_MACRO_THEME,PARTIAL,PERIPHERAL_OVERLAP,PERIPHERAL_ONLY,POLICY_DRIVEN,NOT_AVAILABLE,NOT_AVAILABLE,NOT_AVAILABLE,NOT_AVAILABLE,False,INSUFFICIENT_EVIDENCE,False
D,v0.3,v0.3,CC-2026-EMBODIED-AI,C-2019-AD,CROSS_MACRO_THEME,MATCH,PARTIAL,PRIMARY_MECHANISM_OVERLAP,POLICY_DRIVEN,NOT_AVAILABLE,NOT_AVAILABLE,MISMATCH,SINGLE_TYPE_ONLY,True,NO_VALID_CORRESPONDENCE,False
D,v0.3,v0.3,CC-2026-EMBODIED-AI,C-2020-NEV,CROSS_MACRO_THEME,MATCH,PERIPHERAL_OVERLAP,PERIPHERAL_ONLY,INDUSTRY_UPGRADE,MISMATCH,SEQUENCE_MISMATCH,MISMATCH,SINGLE_TYPE_ONLY,True,NO_VALID_CORRESPONDENCE,False
D,v0.3,v0.3,CC-2026-EMBODIED-AI,C-2021-NEV,CROSS_MACRO_THEME,MATCH,MISMATCH,NONE,,PARTIAL,SET_ONLY,PARTIAL,MULTI_TYPE_WITH_CHRONOLOGY,True,NO_VALID_CORRESPONDENCE,False
D,v0.3,v0.3,CC-2026-EMBODIED-AI,C-2022-POLICY,CROSS_MACRO_THEME,MATCH,PARTIAL,PRIMARY_MECHANISM_OVERLAP,POLICY_DRIVEN,MATCH,SEQUENCE_MATCH,PARTIAL,MULTI_TYPE_WITH_CHRONOLOGY,True,STRUCTURAL_PARTIAL,False
D,v0.3,v0.3,CC-2026-EMBODIED-AI,C-2023-AD,CROSS_MACRO_THEME,MATCH,PARTIAL,MULTI_MECHANISM,POLICY_DRIVEN|TECH_BREAKTHROUGH,MATCH,SEQUENCE_MATCH,PARTIAL,MULTI_TYPE_WITH_CHRONOLOGY,True,STRUCTURAL_SUPPORTED,False
D,v0.3,v0.3,CC-2026-EMBODIED-AI,C-2024-V2X,CROSS_MACRO_THEME,PARTIAL,PERIPHERAL_OVERLAP,PERIPHERAL_ONLY,POLICY_DRIVEN,MATCH,SEQUENCE_MATCH,MISMATCH,SINGLE_TYPE_ONLY,False,NO_VALID_CORRESPONDENCE,False
D,v0.3,v0.3,CC-2026-EMBODIED-AI,C-2024-ROBOTAXI,CROSS_MACRO_THEME,MATCH,MISMATCH,NONE,,NOT_AVAILABLE,NOT_AVAILABLE,MISMATCH,SINGLE_TYPE_ONLY,True,NO_VALID_CORRESPONDENCE,False
D,v0.3,v0.3,CC-2026-EMBODIED-AI,C-2025-ROBOTAXI,CROSS_MACRO_THEME,MATCH,PERIPHERAL_OVERLAP,PERIPHERAL_ONLY,INDUSTRY_UPGRADE,PARTIAL,SEQUENCE_PARTIAL,PARTIAL,MULTI_TYPE_WITH_CHRONOLOGY,True,NO_VALID_CORRESPONDENCE,False
D,v0.3,v0.3,CC-2026-EMBODIED-AI,C-2016-CONS-BAIJIU-UPGRADE,CROSS_MACRO_THEME,MATCH,MISMATCH,NONE,,MATCH,SEQUENCE_MATCH,PARTIAL,MULTI_TYPE_WITH_CHRONOLOGY,False,NO_VALID_CORRESPONDENCE,False
D,v0.3,v0.3,CC-2026-EMBODIED-AI,C-2018-CONS-HOG-AFRICAN,CROSS_MACRO_THEME,MATCH,MISMATCH,NONE,,PARTIAL,SEQUENCE_PARTIAL,PARTIAL,MULTI_TYPE_WITH_CHRONOLOGY,False,NO_VALID_CORRESPONDENCE,False
D,v0.3,v0.3,CC-2026-EMBODIED-AI,C-2019-CONS-BAIJIU-CORE,CROSS_MACRO_THEME,MATCH,PERIPHERAL_OVERLAP,PERIPHERAL_ONLY,INDUSTRY_UPGRADE,MATCH,SEQUENCE_MATCH,PARTIAL,MULTI_TYPE_WITH_CHRONOLOGY,False,NO_VALID_CORRESPONDENCE,False
D,v0.3,v0.3,CC-2026-EMBODIED-AI,C-2019-CONS-AESTHETICS,CROSS_MACRO_THEME,MATCH,PERIPHERAL_OVERLAP,PERIPHERAL_ONLY,INDUSTRY_UPGRADE,NOT_AVAILABLE,NOT_AVAILABLE,MISMATCH,SINGLE_TYPE_ONLY,False,NO_VALID_CORRESPONDENCE,False
D,v0.3,v0.3,CC-2026-EMBODIED-AI,C-2020-CONS-DUTYFREE,CROSS_MACRO_THEME,MATCH,PERIPHERAL_OVERLAP,PERIPHERAL_ONLY,POLICY_DRIVEN,MATCH,SEQUENCE_MATCH,PARTIAL,MULTI_TYPE_WITH_CHRONOLOGY,False,NO_VALID_CORRESPONDENCE,False
D,v0.3,v0.3,CC-2026-EMBODIED-AI,C-2020-CONS-WHITE-GOODS,CROSS_MACRO_THEME,MATCH,MISMATCH,NONE,,NOT_AVAILABLE,NOT_AVAILABLE,MISMATCH,SINGLE_TYPE_ONLY,False,NO_VALID_CORRESPONDENCE,False
D,v0.3,v0.3,CC-2026-EMBODIED-AI,C-2020-CONS-BEAUTY-CN,CROSS_MACRO_THEME,MATCH,PERIPHERAL_OVERLAP,PERIPHERAL_ONLY,POLICY_DRIVEN,NOT_AVAILABLE,NOT_AVAILABLE,MISMATCH,SINGLE_TYPE_ONLY,False,NO_VALID_CORRESPONDENCE,False
D,v0.3,v0.3,CC-2026-EMBODIED-AI,C-2021-CONS-HOG-REVERSAL,CROSS_MACRO_THEME,MATCH,MISMATCH,NONE,,PARTIAL,SEQUENCE_PARTIAL,PARTIAL,MULTI_TYPE_WITH_CHRONOLOGY,False,NO_VALID_CORRESPONDENCE,False
D,v0.3,v0.3,CC-2026-EMBODIED-AI,C-2022-CONS-SERVICE-REBOUND,CROSS_MACRO_THEME,MATCH,PERIPHERAL_OVERLAP,PERIPHERAL_ONLY,POLICY_DRIVEN,MATCH,SEQUENCE_MATCH,PARTIAL,MULTI_TYPE_WITH_CHRONOLOGY,False,NO_VALID_CORRESPONDENCE,False
D,v0.3,v0.3,CC-2026-EMBODIED-AI,C-2023-CONS-VALUE-RETAIL,CROSS_MACRO_THEME,MATCH,MISMATCH,NONE,,NOT_AVAILABLE,NOT_AVAILABLE,MISMATCH,SINGLE_TYPE_ONLY,False,NO_VALID_CORRESPONDENCE,False
D,v0.3,v0.3,CC-2026-EMBODIED-AI,C-2024-CONS-TRADE-IN,CROSS_MACRO_THEME,MATCH,PERIPHERAL_OVERLAP,PERIPHERAL_ONLY,POLICY_DRIVEN,MATCH,SEQUENCE_MATCH,PARTIAL,MULTI_TYPE_WITH_CHRONOLOGY,False,NO_VALID_CORRESPONDENCE,False
D,v0.3,v0.3,CC-2026-EMBODIED-AI,C-2019-MIL-GROUP-RESTRUCTURE,CROSS_MACRO_THEME,MATCH,PARTIAL,PRIMARY_MECHANISM_OVERLAP,POLICY_DRIVEN,PARTIAL,SEQUENCE_PARTIAL,PARTIAL,MULTI_TYPE_WITH_CHRONOLOGY,True,STRUCTURAL_PARTIAL,False
D,v0.3,v0.3,CC-2026-EMBODIED-AI,C-2020-MIL-EQUIP-ORDER,CROSS_MACRO_THEME,MATCH,MISMATCH,NONE,,MATCH,SEQUENCE_MATCH,PARTIAL,MULTI_TYPE_WITH_CHRONOLOGY,True,NO_VALID_CORRESPONDENCE,False
D,v0.3,v0.3,CC-2026-EMBODIED-AI,C-2020-RE-DEBT-RISK,CROSS_MACRO_THEME,MISMATCH,PARTIAL,PRIMARY_MECHANISM_OVERLAP,POLICY_DRIVEN,MATCH,SEQUENCE_MATCH,PARTIAL,MULTI_TYPE_WITH_CHRONOLOGY,True,STRUCTURAL_PARTIAL,False
D,v0.3,v0.3,CC-2026-EMBODIED-AI,C-2020-FIN-BANK-CREDIT,CROSS_MACRO_THEME,MATCH,MISMATCH,NONE,,PARTIAL,SET_ONLY,PARTIAL,MULTI_TYPE_WITH_CHRONOLOGY,False,NO_VALID_CORRESPONDENCE,False
D,v0.3,v0.3,CC-2026-EMBODIED-AI,C-2022-RE-POLICY-THREE,CROSS_MACRO_THEME,MATCH,PARTIAL,PRIMARY_MECHANISM_OVERLAP,POLICY_DRIVEN,MATCH,SEQUENCE_MATCH,MISMATCH,SINGLE_TYPE_ONLY,True,STRUCTURAL_PARTIAL,False
D,v0.3,v0.3,CC-2026-EMBODIED-AI,C-2023-FIN-SOE-VALUATION,CROSS_MACRO_THEME,MATCH,MISMATCH,NONE,,MISMATCH,SEQUENCE_MISMATCH,MISMATCH,SINGLE_TYPE_ONLY,True,NO_VALID_CORRESPONDENCE,False
D,v0.3,v0.3,CC-2026-EMBODIED-AI,C-2024-FIN-BROKER-POLICY,CROSS_MACRO_THEME,MATCH,PERIPHERAL_OVERLAP,PERIPHERAL_ONLY,POLICY_DRIVEN,MATCH,SEQUENCE_MATCH,PARTIAL,MULTI_TYPE_WITH_CHRONOLOGY,True,NO_VALID_CORRESPONDENCE,False
D,v0.3,v0.3,CC-2026-EMBODIED-AI,C-2024-FIN-BANK-DIVIDEND,CROSS_MACRO_THEME,MATCH,MISMATCH,NONE,,NOT_AVAILABLE,NOT_AVAILABLE,MISMATCH,SINGLE_TYPE_ONLY,True,NO_VALID_CORRESPONDENCE,False
D,v0.3,v0.3,CC-2026-EMBODIED-AI,C-2025-FIN-INSURANCE,CROSS_MACRO_THEME,MATCH,MISMATCH,NONE,,NOT_AVAILABLE,NOT_AVAILABLE,MISMATCH,SINGLE_TYPE_ONLY,False,NO_VALID_CORRESPONDENCE,False
D,v0.3,v0.3,CC-2026-EMBODIED-AI,C-2016-HIEQ-CONSTR,SAME_MACRO_THEME,MATCH,PERIPHERAL_OVERLAP,PERIPHERAL_ONLY,POLICY_DRIVEN,PARTIAL,SEQUENCE_PARTIAL,PARTIAL,MULTI_TYPE_WITH_CHRONOLOGY,False,THEME_ONLY,False
D,v0.3,v0.3,CC-2026-EMBODIED-AI,C-2018-HIEQ-ROBOT-DOWN,SAME_MACRO_THEME,MISMATCH,MISMATCH,NONE,,PARTIAL,SEQUENCE_PARTIAL,MISMATCH,SINGLE_TYPE_ONLY,False,THEME_ONLY,False
D,v0.3,v0.3,CC-2026-EMBODIED-AI,C-2020-HIEQ-AUTOMATION,SAME_MACRO_THEME,MATCH,PERIPHERAL_OVERLAP,PERIPHERAL_ONLY,TECH_BREAKTHROUGH,PARTIAL,SEQUENCE_PARTIAL,PARTIAL,MULTI_TYPE_WITH_CHRONOLOGY,False,THEME_ONLY,False
D,v0.3,v0.3,CC-2026-EMBODIED-AI,C-2023-HIEQ-ROBOT-PLUS,SAME_MACRO_THEME,MATCH,PERIPHERAL_OVERLAP,PERIPHERAL_ONLY,POLICY_DRIVEN,MATCH,SEQUENCE_MATCH,PARTIAL,MULTI_TYPE_WITH_CHRONOLOGY,False,THEME_ONLY,False
D,v0.3,v0.3,CC-2026-EMBODIED-AI,C-2023-HIEQ-HUMANOID,SAME_MACRO_THEME,MATCH,PARTIAL,SET_EQUAL_NO_PROVENANCE,INDUSTRY_UPGRADE|POLICY_DRIVEN|TECH_BREAKTHROUGH,PARTIAL,SEQUENCE_PARTIAL,PARTIAL,MULTI_TYPE_WITH_CHRONOLOGY,False,STRUCTURAL_PARTIAL,False
D,v0.3,v0.3,CC-2026-EMBODIED-AI,C-2019-COMM-5G,CROSS_MACRO_THEME,MATCH,PARTIAL,PRIMARY_MECHANISM_OVERLAP,POLICY_DRIVEN,MATCH,SEQUENCE_MATCH,MISMATCH,SINGLE_TYPE_ONLY,True,STRUCTURAL_PARTIAL,False
D,v0.3,v0.3,CC-2026-EMBODIED-AI,C-2023-COMM-OPTICAL,CROSS_MACRO_THEME,MATCH,PERIPHERAL_OVERLAP,PERIPHERAL_ONLY,TECH_BREAKTHROUGH,MATCH,SEQUENCE_MATCH,PARTIAL,MULTI_TYPE_WITH_CHRONOLOGY,True,NO_VALID_CORRESPONDENCE,False
D,v0.3,v0.3,CC-2026-EMBODIED-AI,C-2019-PHARMA-INNOV,CROSS_MACRO_THEME,MATCH,MISMATCH,NONE,,MATCH,SEQUENCE_MATCH,MISMATCH,SINGLE_TYPE_ONLY,True,NO_VALID_CORRESPONDENCE,False
D,v0.3,v0.3,CC-2026-EMBODIED-AI,C-2020-POWER-NE,CROSS_MACRO_THEME,MATCH,PARTIAL,PRIMARY_MECHANISM_OVERLAP,POLICY_DRIVEN,MATCH,SEQUENCE_MATCH,MISMATCH,SINGLE_TYPE_ONLY,True,STRUCTURAL_PARTIAL,False
D,v0.3,v0.3,CC-2026-EMBODIED-AI,C-2022-POWER-GRID,CROSS_MACRO_THEME,MATCH,PERIPHERAL_OVERLAP,PERIPHERAL_ONLY,POLICY_DRIVEN,MATCH,SEQUENCE_MATCH,PARTIAL,MULTI_TYPE_WITH_CHRONOLOGY,True,NO_VALID_CORRESPONDENCE,False
D,v0.3,v0.3,CC-2026-EMBODIED-AI,C-2019-RES-DYE-SHOCK,CROSS_MACRO_THEME,MATCH,MISMATCH,NONE,,PARTIAL,SEQUENCE_PARTIAL,PARTIAL,MULTI_TYPE_WITH_CHRONOLOGY,False,NO_VALID_CORRESPONDENCE,False
D,v0.3,v0.3,CC-2026-EMBODIED-AI,C-2020-RES-NONFERROUS,CROSS_MACRO_THEME,MATCH,MISMATCH,NONE,,NOT_AVAILABLE,NOT_AVAILABLE,MISMATCH,SINGLE_TYPE_ONLY,False,NO_VALID_CORRESPONDENCE,False
D,v0.3,v0.3,CC-2026-EMBODIED-AI,C-2020-RES-LITHIUM,CROSS_MACRO_THEME,MATCH,MISMATCH,NONE,,PARTIAL,SEQUENCE_PARTIAL,MISMATCH,SINGLE_TYPE_ONLY,False,NO_VALID_CORRESPONDENCE,False
D,v0.3,v0.3,CC-2026-EMBODIED-AI,C-2020-RES-RAREEARTH,CROSS_MACRO_THEME,MATCH,PERIPHERAL_OVERLAP,PERIPHERAL_ONLY,POLICY_DRIVEN,PARTIAL,SEQUENCE_PARTIAL,MISMATCH,SINGLE_TYPE_ONLY,False,NO_VALID_CORRESPONDENCE,False
D,v0.3,v0.3,CC-2026-EMBODIED-AI,C-2021-RES-CHEM-DUALCTRL,CROSS_MACRO_THEME,MATCH,PERIPHERAL_OVERLAP,PERIPHERAL_ONLY,POLICY_DRIVEN,MATCH,SEQUENCE_MATCH,PARTIAL,MULTI_TYPE_WITH_CHRONOLOGY,False,NO_VALID_CORRESPONDENCE,False
D,v0.3,v0.3,CC-2026-EMBODIED-AI,C-2024-RES-GOLD-CB,CROSS_MACRO_THEME,MATCH,PERIPHERAL_OVERLAP,PERIPHERAL_ONLY,POLICY_DRIVEN,MISMATCH,SEQUENCE_MISMATCH,MISMATCH,SINGLE_TYPE_ONLY,False,NO_VALID_CORRESPONDENCE,False
D,v0.3,v0.3,CC-2026-EMBODIED-AI,C-2016-PANEL-CYCLE,CROSS_MACRO_THEME,MATCH,MISMATCH,NONE,,NOT_AVAILABLE,NOT_AVAILABLE,NOT_AVAILABLE,NOT_AVAILABLE,False,INSUFFICIENT_EVIDENCE,False
D,v0.3,v0.3,CC-2026-EMBODIED-AI,C-2019-SEMI-LOCALIZATION,CROSS_MACRO_THEME,MATCH,PERIPHERAL_OVERLAP,PERIPHERAL_ONLY,POLICY_DRIVEN,MATCH,SEQUENCE_MATCH,PARTIAL,MULTI_TYPE_WITH_CHRONOLOGY,False,NO_VALID_CORRESPONDENCE,False
D,v0.3,v0.3,CC-2026-EMBODIED-AI,C-2019-CONSUMER-TWS,CROSS_MACRO_THEME,MATCH,MISMATCH,NONE,,MISMATCH,SEQUENCE_MISMATCH,MISMATCH,SINGLE_TYPE_ONLY,False,NO_VALID_CORRESPONDENCE,False
D,v0.3,v0.3,CC-2026-EMBODIED-AI,C-2020-SEMI-EQUIPMENT,CROSS_MACRO_THEME,MATCH,PERIPHERAL_OVERLAP,PERIPHERAL_ONLY,POLICY_DRIVEN,MATCH,SEQUENCE_MATCH,PARTIAL,MULTI_TYPE_WITH_CHRONOLOGY,False,NO_VALID_CORRESPONDENCE,False
D,v0.3,v0.3,CC-2026-EMBODIED-AI,C-2020-PANEL-CYCLE,CROSS_MACRO_THEME,MATCH,MISMATCH,NONE,,PARTIAL,SEQUENCE_PARTIAL,MISMATCH,SINGLE_TYPE_ONLY,False,NO_VALID_CORRESPONDENCE,False
D,v0.3,v0.3,CC-2026-EMBODIED-AI,C-2022-SEMI-DOWNTURN,CROSS_MACRO_THEME,MISMATCH,PERIPHERAL_OVERLAP,PERIPHERAL_ONLY,POLICY_DRIVEN,NOT_AVAILABLE,NOT_AVAILABLE,MISMATCH,SINGLE_TYPE_ONLY,False,NO_VALID_CORRESPONDENCE,False
D,v0.3,v0.3,CC-2026-EMBODIED-AI,C-2023-AI-COMPUTE-SEMI,CROSS_MACRO_THEME,MATCH,PARTIAL,MULTI_MECHANISM,INDUSTRY_UPGRADE|TECH_BREAKTHROUGH,NOT_AVAILABLE,NOT_AVAILABLE,MISMATCH,SINGLE_TYPE_ONLY,False,NO_VALID_CORRESPONDENCE,False
D,v0.3,v0.3,CC-2026-EMBODIED-AI,C-2024-SEMI-MEMORY,CROSS_MACRO_THEME,MATCH,PERIPHERAL_OVERLAP,PERIPHERAL_ONLY,POLICY_DRIVEN,NOT_AVAILABLE,NOT_AVAILABLE,MISMATCH,SINGLE_TYPE_ONLY,False,NO_VALID_CORRESPONDENCE,False
D,v0.3,v0.3,CC-2026-EMBODIED-AI,RC-2023-HUAWEI,CROSS_MACRO_THEME,MATCH,PERIPHERAL_OVERLAP,PERIPHERAL_ONLY,TECH_BREAKTHROUGH,NOT_AVAILABLE,NOT_AVAILABLE,MISMATCH,SINGLE_TYPE_ONLY,True,NO_VALID_CORRESPONDENCE,False
D,v0.3,v0.3,CC-2026-EMBODIED-AI,RC-2024-SECONDARY,CROSS_MACRO_THEME,MISMATCH,NOT_AVAILABLE,NOT_AVAILABLE,,NOT_AVAILABLE,NOT_AVAILABLE,NOT_AVAILABLE,NOT_AVAILABLE,False,INSUFFICIENT_EVIDENCE,False
D,v0.3,v0.3,CC-2026-EMBODIED-AI,RC-2020-PANDEMIC,CROSS_MACRO_THEME,MATCH,MISMATCH,NONE,,NOT_AVAILABLE,NOT_AVAILABLE,MISMATCH,NO_CORRESPONDENCE,True,NO_VALID_CORRESPONDENCE,False
D,v0.3,v0.3,CC-2026-EMBODIED-AI,RC-2021-TCM,CROSS_MACRO_THEME,PARTIAL,PARTIAL,PRIMARY_MECHANISM_OVERLAP,POLICY_DRIVEN,NOT_AVAILABLE,NOT_AVAILABLE,MISMATCH,SINGLE_TYPE_ONLY,True,NO_VALID_CORRESPONDENCE,False
D,v0.3,v0.3,CC-2026-EMBODIED-AI,RC-2020-CONS-SMALL-APPLIANCE,CROSS_MACRO_THEME,COMPARISON_POINT_UNKNOWN,NOT_AVAILABLE,NOT_AVAILABLE,,NOT_AVAILABLE,NOT_AVAILABLE,NOT_AVAILABLE,NOT_AVAILABLE,False,INSUFFICIENT_EVIDENCE,False
D,v0.3,v0.3,CC-2026-EMBODIED-AI,RC-2024-CONS-PET-FOOD,CROSS_MACRO_THEME,COMPARISON_POINT_UNKNOWN,NOT_AVAILABLE,NOT_AVAILABLE,,NOT_AVAILABLE,NOT_AVAILABLE,NOT_AVAILABLE,NOT_AVAILABLE,False,INSUFFICIENT_EVIDENCE,False
D,v0.3,v0.3,CC-2026-EMBODIED-AI,RC-2020-RES-GOLD-RATES,CROSS_MACRO_THEME,COMPARISON_POINT_UNKNOWN,NOT_AVAILABLE,NOT_AVAILABLE,,NOT_AVAILABLE,NOT_AVAILABLE,NOT_AVAILABLE,NOT_AVAILABLE,False,INSUFFICIENT_EVIDENCE,False
D,v0.3,v0.3,CC-2026-EMBODIED-AI,RC-2022-RES-FERTILIZER,CROSS_MACRO_THEME,COMPARISON_POINT_UNKNOWN,NOT_AVAILABLE,NOT_AVAILABLE,,NOT_AVAILABLE,NOT_AVAILABLE,NOT_AVAILABLE,NOT_AVAILABLE,False,INSUFFICIENT_EVIDENCE,False
D,v0.3,v0.3,CC-2026-EMBODIED-AI,RC-2025-RES-COPPER,CROSS_MACRO_THEME,COMPARISON_POINT_UNKNOWN,NOT_AVAILABLE,NOT_AVAILABLE,,NOT_AVAILABLE,NOT_AVAILABLE,NOT_AVAILABLE,NOT_AVAILABLE,False,INSUFFICIENT_EVIDENCE,False
D,v0.3,v0.3,CC-2026-EMBODIED-AI,RC-2017-RES-ALUMINUM,CROSS_MACRO_THEME,COMPARISON_POINT_UNKNOWN,NOT_AVAILABLE,NOT_AVAILABLE,,NOT_AVAILABLE,NOT_AVAILABLE,NOT_AVAILABLE,NOT_AVAILABLE,False,INSUFFICIENT_EVIDENCE,False
D,v0.3,v0.3,CC-2026-EMBODIED-AI,RC-2016-RES-CHEM-ENV,CROSS_MACRO_THEME,COMPARISON_POINT_UNKNOWN,NOT_AVAILABLE,NOT_AVAILABLE,,NOT_AVAILABLE,NOT_AVAILABLE,NOT_AVAILABLE,NOT_AVAILABLE,False,INSUFFICIENT_EVIDENCE,False
D,v0.3,v0.3,CC-2026-EMBODIED-AI,RC-2022-SEMI-CHIPSHORTAGE,CROSS_MACRO_THEME,COMPARISON_POINT_UNKNOWN,NOT_AVAILABLE,NOT_AVAILABLE,,NOT_AVAILABLE,NOT_AVAILABLE,NOT_AVAILABLE,NOT_AVAILABLE,False,INSUFFICIENT_EVIDENCE,False
D,v0.3,v0.3,CC-2026-EMBODIED-AI,RC-2024-SEMI-FUND3,CROSS_MACRO_THEME,COMPARISON_POINT_UNKNOWN,NOT_AVAILABLE,NOT_AVAILABLE,,NOT_AVAILABLE,NOT_AVAILABLE,NOT_AVAILABLE,NOT_AVAILABLE,False,INSUFFICIENT_EVIDENCE,False
D,v0.3,v0.3,CC-2026-EMBODIED-AI,RC-2015-SEMI-LEVERAGE,CROSS_MACRO_THEME,COMPARISON_POINT_UNKNOWN,NOT_AVAILABLE,NOT_AVAILABLE,,NOT_AVAILABLE,NOT_AVAILABLE,NOT_AVAILABLE,NOT_AVAILABLE,False,INSUFFICIENT_EVIDENCE,False
D,v0.3,v0.3,CC-2026-EMBODIED-AI,RC-2017-GPU-MINING,CROSS_MACRO_THEME,COMPARISON_POINT_UNKNOWN,NOT_AVAILABLE,NOT_AVAILABLE,,NOT_AVAILABLE,NOT_AVAILABLE,NOT_AVAILABLE,NOT_AVAILABLE,False,INSUFFICIENT_EVIDENCE,False
D,v0.3,v0.3,CC-2026-EMBODIED-AI,RC-2024-HIEQ-EQUIP-UPDATE,CROSS_MACRO_THEME,MATCH,NOT_AVAILABLE,NOT_AVAILABLE,,MATCH,SEQUENCE_MATCH,MISMATCH,SINGLE_TYPE_ONLY,False,INSUFFICIENT_EVIDENCE,False
D,v0.3,v0.3,CC-2026-EMBODIED-AI,RC-2024-HIEQ-HUMANOID-MASS,SAME_MACRO_THEME,MATCH,NOT_AVAILABLE,NOT_AVAILABLE,,MISMATCH,SEQUENCE_MISMATCH,MISMATCH,SINGLE_TYPE_ONLY,False,INSUFFICIENT_EVIDENCE,False
D,v0.3,v0.3,CC-2026-EMBODIED-AI,RC-2024-RE-POLICY-517,CROSS_MACRO_THEME,COMPARISON_POINT_UNKNOWN,NOT_AVAILABLE,NOT_AVAILABLE,,NOT_AVAILABLE,NOT_AVAILABLE,NOT_AVAILABLE,NOT_AVAILABLE,False,INSUFFICIENT_EVIDENCE,False
D,v0.3,v0.3,CC-2026-EMBODIED-AI,RC-2019-RE-EASING,CROSS_MACRO_THEME,COMPARISON_POINT_UNKNOWN,NOT_AVAILABLE,NOT_AVAILABLE,,NOT_AVAILABLE,NOT_AVAILABLE,NOT_AVAILABLE,NOT_AVAILABLE,False,INSUFFICIENT_EVIDENCE,False
D,v0.3,v0.3,CC-2026-EMBODIED-AI,RC-2020-FIN-BROKER-VOLUME,CROSS_MACRO_THEME,COMPARISON_POINT_UNKNOWN,NOT_AVAILABLE,NOT_AVAILABLE,,NOT_AVAILABLE,NOT_AVAILABLE,NOT_AVAILABLE,NOT_AVAILABLE,False,INSUFFICIENT_EVIDENCE,False
D,v0.3,v0.3,CC-2026-EMBODIED-AI,RC-2016-RE-SHANTY,CROSS_MACRO_THEME,COMPARISON_POINT_UNKNOWN,NOT_AVAILABLE,NOT_AVAILABLE,,NOT_AVAILABLE,NOT_AVAILABLE,NOT_AVAILABLE,NOT_AVAILABLE,False,INSUFFICIENT_EVIDENCE,False
D,v0.3,v0.3,CC-2026-EMBODIED-AI,RC-2015-FIN-LEVERAGE,CROSS_MACRO_THEME,COMPARISON_POINT_UNKNOWN,NOT_AVAILABLE,NOT_AVAILABLE,,NOT_AVAILABLE,NOT_AVAILABLE,NOT_AVAILABLE,NOT_AVAILABLE,False,INSUFFICIENT_EVIDENCE,False
D,v0.3,v0.3,CC-2026-EMBODIED-AI,RC-2019-MIL-PARADE-70,CROSS_MACRO_THEME,MATCH,MISMATCH,NONE,,NOT_AVAILABLE,NOT_AVAILABLE,NOT_AVAILABLE,NOT_AVAILABLE,False,INSUFFICIENT_EVIDENCE,False
D,v0.3,v0.3,CC-2026-EMBODIED-AI,RC-2025-MIL-PARADE-80,CROSS_MACRO_THEME,MATCH,MISMATCH,NONE,,NOT_AVAILABLE,NOT_AVAILABLE,NOT_AVAILABLE,NOT_AVAILABLE,False,INSUFFICIENT_EVIDENCE,False
D,v0.3,v0.3,CC-2026-EMBODIED-AI,RC-2017-MIL-MIXED-REFORM,CROSS_MACRO_THEME,MATCH,PERIPHERAL_OVERLAP,PERIPHERAL_ONLY,POLICY_DRIVEN,NOT_AVAILABLE,NOT_AVAILABLE,NOT_AVAILABLE,NOT_AVAILABLE,False,INSUFFICIENT_EVIDENCE,False
D,v0.3,v0.3,CC-2026-EMBODIED-AI,RC-2015-MIL-REFORM-BULL,CROSS_MACRO_THEME,MISMATCH,PERIPHERAL_OVERLAP,PERIPHERAL_ONLY,POLICY_DRIVEN,NOT_AVAILABLE,NOT_AVAILABLE,NOT_AVAILABLE,NOT_AVAILABLE,False,INSUFFICIENT_EVIDENCE,False
D,v0.3,v0.3,CC-2026-EMBODIED-AI,RC-2024-MIL-COMMERCIAL-SPACE,CROSS_MACRO_THEME,MATCH,PARTIAL,MULTI_MECHANISM,POLICY_DRIVEN|TECH_BREAKTHROUGH,NOT_AVAILABLE,NOT_AVAILABLE,NOT_AVAILABLE,NOT_AVAILABLE,False,INSUFFICIENT_EVIDENCE,False
D,v0.3,v0.3,CC-2026-OPTICAL-LINK,C-2019-AD,CROSS_MACRO_THEME,MATCH,MISMATCH,NONE,,NOT_AVAILABLE,NOT_AVAILABLE,MISMATCH,SINGLE_TYPE_ONLY,True,NO_VALID_CORRESPONDENCE,False
D,v0.3,v0.3,CC-2026-OPTICAL-LINK,C-2020-NEV,CROSS_MACRO_THEME,MATCH,PERIPHERAL_OVERLAP,PERIPHERAL_ONLY,INDUSTRY_UPGRADE,MATCH,SEQUENCE_MATCH,MISMATCH,SINGLE_TYPE_ONLY,True,NO_VALID_CORRESPONDENCE,False
D,v0.3,v0.3,CC-2026-OPTICAL-LINK,C-2021-NEV,CROSS_MACRO_THEME,MATCH,MISMATCH,NONE,,PARTIAL,SEQUENCE_PARTIAL,PARTIAL,MULTI_TYPE_WITH_CHRONOLOGY,True,NO_VALID_CORRESPONDENCE,False
D,v0.3,v0.3,CC-2026-OPTICAL-LINK,C-2022-POLICY,CROSS_MACRO_THEME,MATCH,MISMATCH,NONE,,PARTIAL,SEQUENCE_PARTIAL,PARTIAL,MULTI_TYPE_WITH_CHRONOLOGY,True,NO_VALID_CORRESPONDENCE,False
D,v0.3,v0.3,CC-2026-OPTICAL-LINK,C-2023-AD,CROSS_MACRO_THEME,MATCH,PERIPHERAL_OVERLAP,PERIPHERAL_ONLY,TECH_BREAKTHROUGH,PARTIAL,SEQUENCE_PARTIAL,PARTIAL,MULTI_TYPE_WITH_CHRONOLOGY,True,NO_VALID_CORRESPONDENCE,False
D,v0.3,v0.3,CC-2026-OPTICAL-LINK,C-2024-V2X,CROSS_MACRO_THEME,PARTIAL,MISMATCH,NONE,,MISMATCH,SEQUENCE_MISMATCH,MISMATCH,SINGLE_TYPE_ONLY,False,NO_VALID_CORRESPONDENCE,False
D,v0.3,v0.3,CC-2026-OPTICAL-LINK,C-2024-ROBOTAXI,CROSS_MACRO_THEME,MATCH,MISMATCH,NONE,,NOT_AVAILABLE,NOT_AVAILABLE,MISMATCH,SINGLE_TYPE_ONLY,True,NO_VALID_CORRESPONDENCE,False
D,v0.3,v0.3,CC-2026-OPTICAL-LINK,C-2025-ROBOTAXI,CROSS_MACRO_THEME,MATCH,PARTIAL,MULTI_MECHANISM,DEMAND_SURGE|INDUSTRY_UPGRADE,MATCH,SEQUENCE_MATCH,PARTIAL,MULTI_TYPE_WITH_CHRONOLOGY,True,STRUCTURAL_SUPPORTED,False
D,v0.3,v0.3,CC-2026-OPTICAL-LINK,C-2016-CONS-BAIJIU-UPGRADE,CROSS_MACRO_THEME,MATCH,PERIPHERAL_OVERLAP,PERIPHERAL_ONLY,DEMAND_SURGE,PARTIAL,SET_ONLY,PARTIAL,MULTI_TYPE_WITH_CHRONOLOGY,False,NO_VALID_CORRESPONDENCE,False
D,v0.3,v0.3,CC-2026-OPTICAL-LINK,C-2018-CONS-HOG-AFRICAN,CROSS_MACRO_THEME,MATCH,MISMATCH,NONE,,PARTIAL,SEQUENCE_PARTIAL,PARTIAL,MULTI_TYPE_WITH_CHRONOLOGY,False,NO_VALID_CORRESPONDENCE,False
D,v0.3,v0.3,CC-2026-OPTICAL-LINK,C-2019-CONS-BAIJIU-CORE,CROSS_MACRO_THEME,MATCH,PARTIAL,MULTI_MECHANISM,DEMAND_SURGE|INDUSTRY_UPGRADE,PARTIAL,SET_ONLY,PARTIAL,MULTI_TYPE_WITH_CHRONOLOGY,False,STRUCTURAL_PARTIAL,False
D,v0.3,v0.3,CC-2026-OPTICAL-LINK,C-2019-CONS-AESTHETICS,CROSS_MACRO_THEME,MATCH,PERIPHERAL_OVERLAP,PERIPHERAL_ONLY,INDUSTRY_UPGRADE,NOT_AVAILABLE,NOT_AVAILABLE,MISMATCH,SINGLE_TYPE_ONLY,False,NO_VALID_CORRESPONDENCE,False
D,v0.3,v0.3,CC-2026-OPTICAL-LINK,C-2020-CONS-DUTYFREE,CROSS_MACRO_THEME,MATCH,PERIPHERAL_OVERLAP,PERIPHERAL_ONLY,DEMAND_SURGE,PARTIAL,SET_ONLY,PARTIAL,MULTI_TYPE_WITH_CHRONOLOGY,False,NO_VALID_CORRESPONDENCE,False
D,v0.3,v0.3,CC-2026-OPTICAL-LINK,C-2020-CONS-WHITE-GOODS,CROSS_MACRO_THEME,MATCH,PERIPHERAL_OVERLAP,PERIPHERAL_ONLY,DEMAND_SURGE,NOT_AVAILABLE,NOT_AVAILABLE,MISMATCH,SINGLE_TYPE_ONLY,False,NO_VALID_CORRESPONDENCE,False
D,v0.3,v0.3,CC-2026-OPTICAL-LINK,C-2020-CONS-BEAUTY-CN,CROSS_MACRO_THEME,MATCH,MISMATCH,NONE,,NOT_AVAILABLE,NOT_AVAILABLE,MISMATCH,SINGLE_TYPE_ONLY,False,NO_VALID_CORRESPONDENCE,False
D,v0.3,v0.3,CC-2026-OPTICAL-LINK,C-2021-CONS-HOG-REVERSAL,CROSS_MACRO_THEME,MATCH,MISMATCH,NONE,,PARTIAL,SEQUENCE_PARTIAL,PARTIAL,MULTI_TYPE_WITH_CHRONOLOGY,False,NO_VALID_CORRESPONDENCE,False
D,v0.3,v0.3,CC-2026-OPTICAL-LINK,C-2022-CONS-SERVICE-REBOUND,CROSS_MACRO_THEME,MATCH,PERIPHERAL_OVERLAP,PERIPHERAL_ONLY,DEMAND_SURGE,PARTIAL,SET_ONLY,PARTIAL,MULTI_TYPE_WITH_CHRONOLOGY,False,NO_VALID_CORRESPONDENCE,False
D,v0.3,v0.3,CC-2026-OPTICAL-LINK,C-2023-CONS-VALUE-RETAIL,CROSS_MACRO_THEME,MATCH,PERIPHERAL_OVERLAP,PERIPHERAL_ONLY,DEMAND_SURGE,NOT_AVAILABLE,NOT_AVAILABLE,MISMATCH,SINGLE_TYPE_ONLY,False,NO_VALID_CORRESPONDENCE,False
D,v0.3,v0.3,CC-2026-OPTICAL-LINK,C-2024-CONS-TRADE-IN,CROSS_MACRO_THEME,MATCH,PERIPHERAL_OVERLAP,PERIPHERAL_ONLY,DEMAND_SURGE,PARTIAL,SET_ONLY,PARTIAL,MULTI_TYPE_WITH_CHRONOLOGY,False,NO_VALID_CORRESPONDENCE,False
D,v0.3,v0.3,CC-2026-OPTICAL-LINK,C-2019-MIL-GROUP-RESTRUCTURE,CROSS_MACRO_THEME,MATCH,MISMATCH,NONE,,MATCH,SEQUENCE_MATCH,PARTIAL,MULTI_TYPE_WITH_CHRONOLOGY,True,NO_VALID_CORRESPONDENCE,False
D,v0.3,v0.3,CC-2026-OPTICAL-LINK,C-2020-MIL-EQUIP-ORDER,CROSS_MACRO_THEME,MATCH,PARTIAL,PRIMARY_MECHANISM_OVERLAP,DEMAND_SURGE,PARTIAL,SEQUENCE_PARTIAL,PARTIAL,MULTI_TYPE_WITH_CHRONOLOGY,True,STRUCTURAL_PARTIAL,False
D,v0.3,v0.3,CC-2026-OPTICAL-LINK,C-2020-RE-DEBT-RISK,CROSS_MACRO_THEME,MISMATCH,MISMATCH,NONE,,PARTIAL,SET_ONLY,PARTIAL,MULTI_TYPE_WITH_CHRONOLOGY,True,NO_VALID_CORRESPONDENCE,False
D,v0.3,v0.3,CC-2026-OPTICAL-LINK,C-2020-FIN-BANK-CREDIT,CROSS_MACRO_THEME,MATCH,MISMATCH,NONE,,PARTIAL,SET_ONLY,PARTIAL,MULTI_TYPE_WITH_CHRONOLOGY,False,NO_VALID_CORRESPONDENCE,False
D,v0.3,v0.3,CC-2026-OPTICAL-LINK,C-2022-RE-POLICY-THREE,CROSS_MACRO_THEME,MATCH,MISMATCH,NONE,,MISMATCH,SEQUENCE_MISMATCH,MISMATCH,SINGLE_TYPE_ONLY,True,NO_VALID_CORRESPONDENCE,False
D,v0.3,v0.3,CC-2026-OPTICAL-LINK,C-2023-FIN-SOE-VALUATION,CROSS_MACRO_THEME,MATCH,MISMATCH,NONE,,PARTIAL,SEQUENCE_PARTIAL,MISMATCH,SINGLE_TYPE_ONLY,True,NO_VALID_CORRESPONDENCE,False
D,v0.3,v0.3,CC-2026-OPTICAL-LINK,C-2024-FIN-BROKER-POLICY,CROSS_MACRO_THEME,MATCH,MISMATCH,NONE,,PARTIAL,SET_ONLY,PARTIAL,MULTI_TYPE_WITH_CHRONOLOGY,True,NO_VALID_CORRESPONDENCE,False
D,v0.3,v0.3,CC-2026-OPTICAL-LINK,C-2024-FIN-BANK-DIVIDEND,CROSS_MACRO_THEME,MATCH,MISMATCH,NONE,,NOT_AVAILABLE,NOT_AVAILABLE,MISMATCH,SINGLE_TYPE_ONLY,True,NO_VALID_CORRESPONDENCE,False
D,v0.3,v0.3,CC-2026-OPTICAL-LINK,C-2025-FIN-INSURANCE,CROSS_MACRO_THEME,MATCH,MISMATCH,NONE,,NOT_AVAILABLE,NOT_AVAILABLE,MISMATCH,SINGLE_TYPE_ONLY,False,NO_VALID_CORRESPONDENCE,False
D,v0.3,v0.3,CC-2026-OPTICAL-LINK,C-2016-HIEQ-CONSTR,CROSS_MACRO_THEME,MATCH,PERIPHERAL_OVERLAP,PERIPHERAL_ONLY,DEMAND_SURGE,PARTIAL,SEQUENCE_PARTIAL,PARTIAL,MULTI_TYPE_WITH_CHRONOLOGY,False,NO_VALID_CORRESPONDENCE,False
D,v0.3,v0.3,CC-2026-OPTICAL-LINK,C-2018-HIEQ-ROBOT-DOWN,CROSS_MACRO_THEME,MISMATCH,PERIPHERAL_OVERLAP,PERIPHERAL_ONLY,DEMAND_SURGE,PARTIAL,SEQUENCE_PARTIAL,MISMATCH,SINGLE_TYPE_ONLY,False,NO_VALID_CORRESPONDENCE,False
D,v0.3,v0.3,CC-2026-OPTICAL-LINK,C-2020-HIEQ-AUTOMATION,CROSS_MACRO_THEME,MATCH,PARTIAL,MULTI_MECHANISM,DEMAND_SURGE|TECH_BREAKTHROUGH,PARTIAL,SEQUENCE_PARTIAL,PARTIAL,MULTI_TYPE_WITH_CHRONOLOGY,False,STRUCTURAL_PARTIAL,False
D,v0.3,v0.3,CC-2026-OPTICAL-LINK,C-2023-HIEQ-ROBOT-PLUS,CROSS_MACRO_THEME,MATCH,PERIPHERAL_OVERLAP,PERIPHERAL_ONLY,DEMAND_SURGE,PARTIAL,SET_ONLY,PARTIAL,MULTI_TYPE_WITH_CHRONOLOGY,False,NO_VALID_CORRESPONDENCE,False
D,v0.3,v0.3,CC-2026-OPTICAL-LINK,C-2023-HIEQ-HUMANOID,CROSS_MACRO_THEME,MATCH,PARTIAL,MULTI_MECHANISM,INDUSTRY_UPGRADE|TECH_BREAKTHROUGH,PARTIAL,SEQUENCE_PARTIAL,PARTIAL,MULTI_TYPE_WITH_CHRONOLOGY,False,STRUCTURAL_PARTIAL,False
D,v0.3,v0.3,CC-2026-OPTICAL-LINK,C-2019-COMM-5G,SAME_MACRO_THEME,MATCH,PERIPHERAL_OVERLAP,PERIPHERAL_ONLY,DEMAND_SURGE,MISMATCH,SEQUENCE_MISMATCH,MISMATCH,SINGLE_TYPE_ONLY,True,THEME_ONLY,False
D,v0.3,v0.3,CC-2026-OPTICAL-LINK,C-2023-COMM-OPTICAL,SAME_MACRO_THEME,MATCH,PARTIAL,MULTI_MECHANISM,DEMAND_SURGE|TECH_BREAKTHROUGH,PARTIAL,SEQUENCE_PARTIAL,PARTIAL,MULTI_TYPE_WITH_CHRONOLOGY,True,STRUCTURAL_SUPPORTED,False
D,v0.3,v0.3,CC-2026-OPTICAL-LINK,C-2019-PHARMA-INNOV,CROSS_MACRO_THEME,MATCH,MISMATCH,NONE,,MISMATCH,SEQUENCE_MISMATCH,MISMATCH,SINGLE_TYPE_ONLY,True,NO_VALID_CORRESPONDENCE,False
D,v0.3,v0.3,CC-2026-OPTICAL-LINK,C-2020-POWER-NE,CROSS_MACRO_THEME,MATCH,MISMATCH,NONE,,MISMATCH,SEQUENCE_MISMATCH,MISMATCH,SINGLE_TYPE_ONLY,True,NO_VALID_CORRESPONDENCE,False
D,v0.3,v0.3,CC-2026-OPTICAL-LINK,C-2022-POWER-GRID,CROSS_MACRO_THEME,MATCH,MISMATCH,NONE,,PARTIAL,SEQUENCE_PARTIAL,PARTIAL,MULTI_TYPE_WITH_CHRONOLOGY,True,NO_VALID_CORRESPONDENCE,False
D,v0.3,v0.3,CC-2026-OPTICAL-LINK,C-2019-RES-DYE-SHOCK,CROSS_MACRO_THEME,MATCH,MISMATCH,NONE,,PARTIAL,SEQUENCE_PARTIAL,PARTIAL,MULTI_TYPE_WITH_CHRONOLOGY,False,NO_VALID_CORRESPONDENCE,False
D,v0.3,v0.3,CC-2026-OPTICAL-LINK,C-2020-RES-NONFERROUS,CROSS_MACRO_THEME,MATCH,PERIPHERAL_OVERLAP,PERIPHERAL_ONLY,DEMAND_SURGE,NOT_AVAILABLE,NOT_AVAILABLE,MISMATCH,SINGLE_TYPE_ONLY,False,NO_VALID_CORRESPONDENCE,False
D,v0.3,v0.3,CC-2026-OPTICAL-LINK,C-2020-RES-LITHIUM,CROSS_MACRO_THEME,MATCH,MISMATCH,NONE,,PARTIAL,SEQUENCE_PARTIAL,MISMATCH,SINGLE_TYPE_ONLY,False,NO_VALID_CORRESPONDENCE,False
D,v0.3,v0.3,CC-2026-OPTICAL-LINK,C-2020-RES-RAREEARTH,CROSS_MACRO_THEME,MATCH,MISMATCH,NONE,,PARTIAL,SEQUENCE_PARTIAL,MISMATCH,SINGLE_TYPE_ONLY,False,NO_VALID_CORRESPONDENCE,False
D,v0.3,v0.3,CC-2026-OPTICAL-LINK,C-2021-RES-CHEM-DUALCTRL,CROSS_MACRO_THEME,MATCH,MISMATCH,NONE,,PARTIAL,SET_ONLY,PARTIAL,MULTI_TYPE_WITH_CHRONOLOGY,False,NO_VALID_CORRESPONDENCE,False
D,v0.3,v0.3,CC-2026-OPTICAL-LINK,C-2024-RES-GOLD-CB,CROSS_MACRO_THEME,MATCH,MISMATCH,NONE,,PARTIAL,SEQUENCE_PARTIAL,MISMATCH,SINGLE_TYPE_ONLY,False,NO_VALID_CORRESPONDENCE,False
D,v0.3,v0.3,CC-2026-OPTICAL-LINK,C-2016-PANEL-CYCLE,CROSS_MACRO_THEME,MATCH,PERIPHERAL_OVERLAP,PERIPHERAL_ONLY,DEMAND_SURGE,NOT_AVAILABLE,NOT_AVAILABLE,NOT_AVAILABLE,NOT_AVAILABLE,False,INSUFFICIENT_EVIDENCE,False
D,v0.3,v0.3,CC-2026-OPTICAL-LINK,C-2019-SEMI-LOCALIZATION,CROSS_MACRO_THEME,MATCH,PERIPHERAL_OVERLAP,PERIPHERAL_ONLY,DEMAND_SURGE,PARTIAL,SEQUENCE_PARTIAL,PARTIAL,MULTI_TYPE_WITH_CHRONOLOGY,False,NO_VALID_CORRESPONDENCE,False
D,v0.3,v0.3,CC-2026-OPTICAL-LINK,C-2019-CONSUMER-TWS,CROSS_MACRO_THEME,MATCH,PERIPHERAL_OVERLAP,PERIPHERAL_ONLY,DEMAND_SURGE,PARTIAL,SEQUENCE_PARTIAL,MISMATCH,SINGLE_TYPE_ONLY,False,NO_VALID_CORRESPONDENCE,False
D,v0.3,v0.3,CC-2026-OPTICAL-LINK,C-2020-SEMI-EQUIPMENT,CROSS_MACRO_THEME,MATCH,MISMATCH,NONE,,PARTIAL,SEQUENCE_PARTIAL,PARTIAL,MULTI_TYPE_WITH_CHRONOLOGY,False,NO_VALID_CORRESPONDENCE,False
D,v0.3,v0.3,CC-2026-OPTICAL-LINK,C-2020-PANEL-CYCLE,CROSS_MACRO_THEME,MATCH,PERIPHERAL_OVERLAP,PERIPHERAL_ONLY,DEMAND_SURGE,PARTIAL,SEQUENCE_PARTIAL,MISMATCH,SINGLE_TYPE_ONLY,False,NO_VALID_CORRESPONDENCE,False
D,v0.3,v0.3,CC-2026-OPTICAL-LINK,C-2022-SEMI-DOWNTURN,CROSS_MACRO_THEME,MISMATCH,PERIPHERAL_OVERLAP,PERIPHERAL_ONLY,DEMAND_SURGE,NOT_AVAILABLE,NOT_AVAILABLE,MISMATCH,SINGLE_TYPE_ONLY,False,NO_VALID_CORRESPONDENCE,False
D,v0.3,v0.3,CC-2026-OPTICAL-LINK,C-2023-AI-COMPUTE-SEMI,CROSS_MACRO_THEME,MATCH,PARTIAL,SET_EQUAL_NO_PROVENANCE,DEMAND_SURGE|INDUSTRY_UPGRADE|TECH_BREAKTHROUGH,NOT_AVAILABLE,NOT_AVAILABLE,MISMATCH,SINGLE_TYPE_ONLY,False,NO_VALID_CORRESPONDENCE,False
D,v0.3,v0.3,CC-2026-OPTICAL-LINK,C-2024-SEMI-MEMORY,CROSS_MACRO_THEME,MATCH,PERIPHERAL_OVERLAP,PERIPHERAL_ONLY,DEMAND_SURGE,NOT_AVAILABLE,NOT_AVAILABLE,MISMATCH,SINGLE_TYPE_ONLY,False,NO_VALID_CORRESPONDENCE,False
D,v0.3,v0.3,CC-2026-OPTICAL-LINK,RC-2023-HUAWEI,CROSS_MACRO_THEME,MATCH,PERIPHERAL_OVERLAP,PERIPHERAL_ONLY,TECH_BREAKTHROUGH,NOT_AVAILABLE,NOT_AVAILABLE,MISMATCH,SINGLE_TYPE_ONLY,True,NO_VALID_CORRESPONDENCE,False
D,v0.3,v0.3,CC-2026-OPTICAL-LINK,RC-2024-SECONDARY,CROSS_MACRO_THEME,MISMATCH,NOT_AVAILABLE,NOT_AVAILABLE,,NOT_AVAILABLE,NOT_AVAILABLE,NOT_AVAILABLE,NOT_AVAILABLE,False,INSUFFICIENT_EVIDENCE,False
D,v0.3,v0.3,CC-2026-OPTICAL-LINK,RC-2020-PANDEMIC,CROSS_MACRO_THEME,MATCH,PARTIAL,PRIMARY_MECHANISM_OVERLAP,DEMAND_SURGE,NOT_AVAILABLE,NOT_AVAILABLE,MISMATCH,NO_CORRESPONDENCE,True,NO_VALID_CORRESPONDENCE,False
D,v0.3,v0.3,CC-2026-OPTICAL-LINK,RC-2021-TCM,CROSS_MACRO_THEME,PARTIAL,MISMATCH,NONE,,NOT_AVAILABLE,NOT_AVAILABLE,MISMATCH,SINGLE_TYPE_ONLY,True,NO_VALID_CORRESPONDENCE,False
D,v0.3,v0.3,CC-2026-OPTICAL-LINK,RC-2020-CONS-SMALL-APPLIANCE,CROSS_MACRO_THEME,COMPARISON_POINT_UNKNOWN,NOT_AVAILABLE,NOT_AVAILABLE,,NOT_AVAILABLE,NOT_AVAILABLE,NOT_AVAILABLE,NOT_AVAILABLE,False,INSUFFICIENT_EVIDENCE,False
D,v0.3,v0.3,CC-2026-OPTICAL-LINK,RC-2024-CONS-PET-FOOD,CROSS_MACRO_THEME,COMPARISON_POINT_UNKNOWN,NOT_AVAILABLE,NOT_AVAILABLE,,NOT_AVAILABLE,NOT_AVAILABLE,NOT_AVAILABLE,NOT_AVAILABLE,False,INSUFFICIENT_EVIDENCE,False
D,v0.3,v0.3,CC-2026-OPTICAL-LINK,RC-2020-RES-GOLD-RATES,CROSS_MACRO_THEME,COMPARISON_POINT_UNKNOWN,NOT_AVAILABLE,NOT_AVAILABLE,,NOT_AVAILABLE,NOT_AVAILABLE,NOT_AVAILABLE,NOT_AVAILABLE,False,INSUFFICIENT_EVIDENCE,False
D,v0.3,v0.3,CC-2026-OPTICAL-LINK,RC-2022-RES-FERTILIZER,CROSS_MACRO_THEME,COMPARISON_POINT_UNKNOWN,NOT_AVAILABLE,NOT_AVAILABLE,,NOT_AVAILABLE,NOT_AVAILABLE,NOT_AVAILABLE,NOT_AVAILABLE,False,INSUFFICIENT_EVIDENCE,False
D,v0.3,v0.3,CC-2026-OPTICAL-LINK,RC-2025-RES-COPPER,CROSS_MACRO_THEME,COMPARISON_POINT_UNKNOWN,NOT_AVAILABLE,NOT_AVAILABLE,,NOT_AVAILABLE,NOT_AVAILABLE,NOT_AVAILABLE,NOT_AVAILABLE,False,INSUFFICIENT_EVIDENCE,False
D,v0.3,v0.3,CC-2026-OPTICAL-LINK,RC-2017-RES-ALUMINUM,CROSS_MACRO_THEME,COMPARISON_POINT_UNKNOWN,NOT_AVAILABLE,NOT_AVAILABLE,,NOT_AVAILABLE,NOT_AVAILABLE,NOT_AVAILABLE,NOT_AVAILABLE,False,INSUFFICIENT_EVIDENCE,False
D,v0.3,v0.3,CC-2026-OPTICAL-LINK,RC-2016-RES-CHEM-ENV,CROSS_MACRO_THEME,COMPARISON_POINT_UNKNOWN,NOT_AVAILABLE,NOT_AVAILABLE,,NOT_AVAILABLE,NOT_AVAILABLE,NOT_AVAILABLE,NOT_AVAILABLE,False,INSUFFICIENT_EVIDENCE,False
D,v0.3,v0.3,CC-2026-OPTICAL-LINK,RC-2022-SEMI-CHIPSHORTAGE,CROSS_MACRO_THEME,COMPARISON_POINT_UNKNOWN,NOT_AVAILABLE,NOT_AVAILABLE,,NOT_AVAILABLE,NOT_AVAILABLE,NOT_AVAILABLE,NOT_AVAILABLE,False,INSUFFICIENT_EVIDENCE,False
D,v0.3,v0.3,CC-2026-OPTICAL-LINK,RC-2024-SEMI-FUND3,CROSS_MACRO_THEME,COMPARISON_POINT_UNKNOWN,NOT_AVAILABLE,NOT_AVAILABLE,,NOT_AVAILABLE,NOT_AVAILABLE,NOT_AVAILABLE,NOT_AVAILABLE,False,INSUFFICIENT_EVIDENCE,False
D,v0.3,v0.3,CC-2026-OPTICAL-LINK,RC-2015-SEMI-LEVERAGE,CROSS_MACRO_THEME,COMPARISON_POINT_UNKNOWN,NOT_AVAILABLE,NOT_AVAILABLE,,NOT_AVAILABLE,NOT_AVAILABLE,NOT_AVAILABLE,NOT_AVAILABLE,False,INSUFFICIENT_EVIDENCE,False
D,v0.3,v0.3,CC-2026-OPTICAL-LINK,RC-2017-GPU-MINING,CROSS_MACRO_THEME,COMPARISON_POINT_UNKNOWN,NOT_AVAILABLE,NOT_AVAILABLE,,NOT_AVAILABLE,NOT_AVAILABLE,NOT_AVAILABLE,NOT_AVAILABLE,False,INSUFFICIENT_EVIDENCE,False
D,v0.3,v0.3,CC-2026-OPTICAL-LINK,RC-2024-HIEQ-EQUIP-UPDATE,CROSS_MACRO_THEME,MATCH,NOT_AVAILABLE,NOT_AVAILABLE,,MISMATCH,SEQUENCE_MISMATCH,MISMATCH,SINGLE_TYPE_ONLY,False,INSUFFICIENT_EVIDENCE,False
D,v0.3,v0.3,CC-2026-OPTICAL-LINK,RC-2024-HIEQ-HUMANOID-MASS,CROSS_MACRO_THEME,MATCH,NOT_AVAILABLE,NOT_AVAILABLE,,MATCH,SEQUENCE_MATCH,MISMATCH,SINGLE_TYPE_ONLY,False,INSUFFICIENT_EVIDENCE,False
D,v0.3,v0.3,CC-2026-OPTICAL-LINK,RC-2024-RE-POLICY-517,CROSS_MACRO_THEME,COMPARISON_POINT_UNKNOWN,NOT_AVAILABLE,NOT_AVAILABLE,,NOT_AVAILABLE,NOT_AVAILABLE,NOT_AVAILABLE,NOT_AVAILABLE,False,INSUFFICIENT_EVIDENCE,False
D,v0.3,v0.3,CC-2026-OPTICAL-LINK,RC-2019-RE-EASING,CROSS_MACRO_THEME,COMPARISON_POINT_UNKNOWN,NOT_AVAILABLE,NOT_AVAILABLE,,NOT_AVAILABLE,NOT_AVAILABLE,NOT_AVAILABLE,NOT_AVAILABLE,False,INSUFFICIENT_EVIDENCE,False
D,v0.3,v0.3,CC-2026-OPTICAL-LINK,RC-2020-FIN-BROKER-VOLUME,CROSS_MACRO_THEME,COMPARISON_POINT_UNKNOWN,NOT_AVAILABLE,NOT_AVAILABLE,,NOT_AVAILABLE,NOT_AVAILABLE,NOT_AVAILABLE,NOT_AVAILABLE,False,INSUFFICIENT_EVIDENCE,False
D,v0.3,v0.3,CC-2026-OPTICAL-LINK,RC-2016-RE-SHANTY,CROSS_MACRO_THEME,COMPARISON_POINT_UNKNOWN,NOT_AVAILABLE,NOT_AVAILABLE,,NOT_AVAILABLE,NOT_AVAILABLE,NOT_AVAILABLE,NOT_AVAILABLE,False,INSUFFICIENT_EVIDENCE,False
D,v0.3,v0.3,CC-2026-OPTICAL-LINK,RC-2015-FIN-LEVERAGE,CROSS_MACRO_THEME,COMPARISON_POINT_UNKNOWN,NOT_AVAILABLE,NOT_AVAILABLE,,NOT_AVAILABLE,NOT_AVAILABLE,NOT_AVAILABLE,NOT_AVAILABLE,False,INSUFFICIENT_EVIDENCE,False
D,v0.3,v0.3,CC-2026-OPTICAL-LINK,RC-2019-MIL-PARADE-70,CROSS_MACRO_THEME,MATCH,MISMATCH,NONE,,NOT_AVAILABLE,NOT_AVAILABLE,NOT_AVAILABLE,NOT_AVAILABLE,False,INSUFFICIENT_EVIDENCE,False
D,v0.3,v0.3,CC-2026-OPTICAL-LINK,RC-2025-MIL-PARADE-80,CROSS_MACRO_THEME,MATCH,MISMATCH,NONE,,NOT_AVAILABLE,NOT_AVAILABLE,NOT_AVAILABLE,NOT_AVAILABLE,False,INSUFFICIENT_EVIDENCE,False
D,v0.3,v0.3,CC-2026-OPTICAL-LINK,RC-2017-MIL-MIXED-REFORM,CROSS_MACRO_THEME,MATCH,MISMATCH,NONE,,NOT_AVAILABLE,NOT_AVAILABLE,NOT_AVAILABLE,NOT_AVAILABLE,False,INSUFFICIENT_EVIDENCE,False
D,v0.3,v0.3,CC-2026-OPTICAL-LINK,RC-2015-MIL-REFORM-BULL,CROSS_MACRO_THEME,MISMATCH,MISMATCH,NONE,,NOT_AVAILABLE,NOT_AVAILABLE,NOT_AVAILABLE,NOT_AVAILABLE,False,INSUFFICIENT_EVIDENCE,False
D,v0.3,v0.3,CC-2026-OPTICAL-LINK,RC-2024-MIL-COMMERCIAL-SPACE,CROSS_MACRO_THEME,MATCH,PERIPHERAL_OVERLAP,PERIPHERAL_ONLY,TECH_BREAKTHROUGH,NOT_AVAILABLE,NOT_AVAILABLE,NOT_AVAILABLE,NOT_AVAILABLE,False,INSUFFICIENT_EVIDENCE,False
D,v0.3,v0.3,CC-2026-OFFSHORE-WIND,C-2019-AD,CROSS_MACRO_THEME,PARTIAL,PARTIAL,PRIMARY_MECHANISM_OVERLAP,POLICY_DRIVEN,NOT_AVAILABLE,NOT_AVAILABLE,MISMATCH,SINGLE_TYPE_ONLY,True,NO_VALID_CORRESPONDENCE,False
D,v0.3,v0.3,CC-2026-OFFSHORE-WIND,C-2020-NEV,CROSS_MACRO_THEME,PARTIAL,MISMATCH,NONE,,MISMATCH,SEQUENCE_MISMATCH,MISMATCH,SINGLE_TYPE_ONLY,True,NO_VALID_CORRESPONDENCE,False
D,v0.3,v0.3,CC-2026-OFFSHORE-WIND,C-2021-NEV,CROSS_MACRO_THEME,PARTIAL,PERIPHERAL_OVERLAP,PERIPHERAL_ONLY,SUPPLY_CONTRACTION,PARTIAL,SET_ONLY,PARTIAL,MULTI_TYPE_WITH_CHRONOLOGY,True,NO_VALID_CORRESPONDENCE,False
D,v0.3,v0.3,CC-2026-OFFSHORE-WIND,C-2022-POLICY,CROSS_MACRO_THEME,MATCH,PARTIAL,PRIMARY_MECHANISM_OVERLAP,POLICY_DRIVEN,PARTIAL,SEQUENCE_PARTIAL,PARTIAL,MULTI_TYPE_WITH_CHRONOLOGY,True,STRUCTURAL_PARTIAL,False
D,v0.3,v0.3,CC-2026-OFFSHORE-WIND,C-2023-AD,CROSS_MACRO_THEME,MATCH,PARTIAL,PRIMARY_MECHANISM_OVERLAP,POLICY_DRIVEN,PARTIAL,SEQUENCE_PARTIAL,PARTIAL,MULTI_TYPE_WITH_CHRONOLOGY,True,STRUCTURAL_PARTIAL,False
D,v0.3,v0.3,CC-2026-OFFSHORE-WIND,C-2024-V2X,CROSS_MACRO_THEME,MATCH,PERIPHERAL_OVERLAP,PERIPHERAL_ONLY,POLICY_DRIVEN,MISMATCH,SEQUENCE_MISMATCH,MISMATCH,SINGLE_TYPE_ONLY,False,NO_VALID_CORRESPONDENCE,False
D,v0.3,v0.3,CC-2026-OFFSHORE-WIND,C-2024-ROBOTAXI,CROSS_MACRO_THEME,PARTIAL,MISMATCH,NONE,,NOT_AVAILABLE,NOT_AVAILABLE,MISMATCH,SINGLE_TYPE_ONLY,True,NO_VALID_CORRESPONDENCE,False
D,v0.3,v0.3,CC-2026-OFFSHORE-WIND,C-2025-ROBOTAXI,CROSS_MACRO_THEME,PARTIAL,MISMATCH,NONE,,MATCH,SEQUENCE_MATCH,PARTIAL,MULTI_TYPE_WITH_CHRONOLOGY,True,NO_VALID_CORRESPONDENCE,False
D,v0.3,v0.3,CC-2026-OFFSHORE-WIND,C-2016-CONS-BAIJIU-UPGRADE,CROSS_MACRO_THEME,MISMATCH,PERIPHERAL_OVERLAP,PERIPHERAL_ONLY,SUPPLY_CONTRACTION,PARTIAL,SEQUENCE_PARTIAL,PARTIAL,MULTI_TYPE_WITH_CHRONOLOGY,False,NO_VALID_CORRESPONDENCE,False
D,v0.3,v0.3,CC-2026-OFFSHORE-WIND,C-2018-CONS-HOG-AFRICAN,CROSS_MACRO_THEME,MISMATCH,PERIPHERAL_OVERLAP,PERIPHERAL_ONLY,SUPPLY_CONTRACTION,PARTIAL,SEQUENCE_PARTIAL,PARTIAL,MULTI_TYPE_WITH_CHRONOLOGY,False,NO_VALID_CORRESPONDENCE,False
D,v0.3,v0.3,CC-2026-OFFSHORE-WIND,C-2019-CONS-BAIJIU-CORE,CROSS_MACRO_THEME,MISMATCH,MISMATCH,NONE,,PARTIAL,SEQUENCE_PARTIAL,PARTIAL,MULTI_TYPE_WITH_CHRONOLOGY,False,NO_VALID_CORRESPONDENCE,False
D,v0.3,v0.3,CC-2026-OFFSHORE-WIND,C-2019-CONS-AESTHETICS,CROSS_MACRO_THEME,MISMATCH,PERIPHERAL_OVERLAP,PERIPHERAL_ONLY,SUPPLY_CONTRACTION,NOT_AVAILABLE,NOT_AVAILABLE,MISMATCH,SINGLE_TYPE_ONLY,False,NO_VALID_CORRESPONDENCE,False
D,v0.3,v0.3,CC-2026-OFFSHORE-WIND,C-2020-CONS-DUTYFREE,CROSS_MACRO_THEME,MISMATCH,PERIPHERAL_OVERLAP,PERIPHERAL_ONLY,POLICY_DRIVEN,PARTIAL,SEQUENCE_PARTIAL,PARTIAL,MULTI_TYPE_WITH_CHRONOLOGY,False,NO_VALID_CORRESPONDENCE,False
D,v0.3,v0.3,CC-2026-OFFSHORE-WIND,C-2020-CONS-WHITE-GOODS,CROSS_MACRO_THEME,MISMATCH,PERIPHERAL_OVERLAP,PERIPHERAL_ONLY,SUPPLY_CONTRACTION,NOT_AVAILABLE,NOT_AVAILABLE,MISMATCH,SINGLE_TYPE_ONLY,False,NO_VALID_CORRESPONDENCE,False
D,v0.3,v0.3,CC-2026-OFFSHORE-WIND,C-2020-CONS-BEAUTY-CN,CROSS_MACRO_THEME,MISMATCH,PERIPHERAL_OVERLAP,PERIPHERAL_ONLY,POLICY_DRIVEN,NOT_AVAILABLE,NOT_AVAILABLE,MISMATCH,SINGLE_TYPE_ONLY,False,NO_VALID_CORRESPONDENCE,False
D,v0.3,v0.3,CC-2026-OFFSHORE-WIND,C-2021-CONS-HOG-REVERSAL,CROSS_MACRO_THEME,MISMATCH,PERIPHERAL_OVERLAP,PERIPHERAL_ONLY,SUPPLY_CONTRACTION,PARTIAL,SEQUENCE_PARTIAL,PARTIAL,MULTI_TYPE_WITH_CHRONOLOGY,False,NO_VALID_CORRESPONDENCE,False
D,v0.3,v0.3,CC-2026-OFFSHORE-WIND,C-2022-CONS-SERVICE-REBOUND,CROSS_MACRO_THEME,MISMATCH,PERIPHERAL_OVERLAP,PERIPHERAL_ONLY,POLICY_DRIVEN,PARTIAL,SEQUENCE_PARTIAL,PARTIAL,MULTI_TYPE_WITH_CHRONOLOGY,False,NO_VALID_CORRESPONDENCE,False
D,v0.3,v0.3,CC-2026-OFFSHORE-WIND,C-2023-CONS-VALUE-RETAIL,CROSS_MACRO_THEME,MISMATCH,MISMATCH,NONE,,NOT_AVAILABLE,NOT_AVAILABLE,MISMATCH,SINGLE_TYPE_ONLY,False,NO_VALID_CORRESPONDENCE,False
D,v0.3,v0.3,CC-2026-OFFSHORE-WIND,C-2024-CONS-TRADE-IN,CROSS_MACRO_THEME,MISMATCH,PERIPHERAL_OVERLAP,PERIPHERAL_ONLY,POLICY_DRIVEN,PARTIAL,SEQUENCE_PARTIAL,PARTIAL,MULTI_TYPE_WITH_CHRONOLOGY,False,NO_VALID_CORRESPONDENCE,False
D,v0.3,v0.3,CC-2026-OFFSHORE-WIND,C-2019-MIL-GROUP-RESTRUCTURE,CROSS_MACRO_THEME,MISMATCH,PARTIAL,PRIMARY_MECHANISM_OVERLAP,POLICY_DRIVEN,MATCH,SEQUENCE_MATCH,PARTIAL,MULTI_TYPE_WITH_CHRONOLOGY,True,STRUCTURAL_PARTIAL,False
D,v0.3,v0.3,CC-2026-OFFSHORE-WIND,C-2020-MIL-EQUIP-ORDER,CROSS_MACRO_THEME,MISMATCH,MISMATCH,NONE,,PARTIAL,SEQUENCE_PARTIAL,PARTIAL,MULTI_TYPE_WITH_CHRONOLOGY,True,NO_VALID_CORRESPONDENCE,False
D,v0.3,v0.3,CC-2026-OFFSHORE-WIND,C-2020-RE-DEBT-RISK,CROSS_MACRO_THEME,MISMATCH,PARTIAL,PRIMARY_MECHANISM_OVERLAP,POLICY_DRIVEN,PARTIAL,SET_ONLY,PARTIAL,MULTI_TYPE_WITH_CHRONOLOGY,True,STRUCTURAL_PARTIAL,False
D,v0.3,v0.3,CC-2026-OFFSHORE-WIND,C-2020-FIN-BANK-CREDIT,CROSS_MACRO_THEME,MISMATCH,PERIPHERAL_OVERLAP,PERIPHERAL_ONLY,SUPPLY_CONTRACTION,PARTIAL,SET_ONLY,PARTIAL,MULTI_TYPE_WITH_CHRONOLOGY,False,NO_VALID_CORRESPONDENCE,False
D,v0.3,v0.3,CC-2026-OFFSHORE-WIND,C-2022-RE-POLICY-THREE,CROSS_MACRO_THEME,MISMATCH,PARTIAL,PRIMARY_MECHANISM_OVERLAP,POLICY_DRIVEN,MISMATCH,SEQUENCE_MISMATCH,MISMATCH,SINGLE_TYPE_ONLY,True,NO_VALID_CORRESPONDENCE,False
D,v0.3,v0.3,CC-2026-OFFSHORE-WIND,C-2023-FIN-SOE-VALUATION,CROSS_MACRO_THEME,MISMATCH,MISMATCH,NONE,,MISMATCH,SEQUENCE_MISMATCH,MISMATCH,SINGLE_TYPE_ONLY,True,NO_VALID_CORRESPONDENCE,False
D,v0.3,v0.3,CC-2026-OFFSHORE-WIND,C-2024-FIN-BROKER-POLICY,CROSS_MACRO_THEME,MISMATCH,PERIPHERAL_OVERLAP,PERIPHERAL_ONLY,POLICY_DRIVEN,PARTIAL,SEQUENCE_PARTIAL,PARTIAL,MULTI_TYPE_WITH_CHRONOLOGY,True,NO_VALID_CORRESPONDENCE,False
D,v0.3,v0.3,CC-2026-OFFSHORE-WIND,C-2024-FIN-BANK-DIVIDEND,CROSS_MACRO_THEME,MISMATCH,MISMATCH,NONE,,NOT_AVAILABLE,NOT_AVAILABLE,MISMATCH,SINGLE_TYPE_ONLY,True,NO_VALID_CORRESPONDENCE,False
D,v0.3,v0.3,CC-2026-OFFSHORE-WIND,C-2025-FIN-INSURANCE,CROSS_MACRO_THEME,MISMATCH,MISMATCH,NONE,,NOT_AVAILABLE,NOT_AVAILABLE,MISMATCH,SINGLE_TYPE_ONLY,False,NO_VALID_CORRESPONDENCE,False
D,v0.3,v0.3,CC-2026-OFFSHORE-WIND,C-2016-HIEQ-CONSTR,CROSS_MACRO_THEME,MISMATCH,PERIPHERAL_OVERLAP,PERIPHERAL_ONLY,POLICY_DRIVEN,PARTIAL,SEQUENCE_PARTIAL,PARTIAL,MULTI_TYPE_WITH_CHRONOLOGY,False,NO_VALID_CORRESPONDENCE,False
D,v0.3,v0.3,CC-2026-OFFSHORE-WIND,C-2018-HIEQ-ROBOT-DOWN,CROSS_MACRO_THEME,MISMATCH,MISMATCH,NONE,,PARTIAL,SEQUENCE_PARTIAL,MISMATCH,SINGLE_TYPE_ONLY,False,NO_VALID_CORRESPONDENCE,False
D,v0.3,v0.3,CC-2026-OFFSHORE-WIND,C-2020-HIEQ-AUTOMATION,CROSS_MACRO_THEME,MISMATCH,MISMATCH,NONE,,PARTIAL,SEQUENCE_PARTIAL,PARTIAL,MULTI_TYPE_WITH_CHRONOLOGY,False,NO_VALID_CORRESPONDENCE,False
D,v0.3,v0.3,CC-2026-OFFSHORE-WIND,C-2023-HIEQ-ROBOT-PLUS,CROSS_MACRO_THEME,MISMATCH,PERIPHERAL_OVERLAP,PERIPHERAL_ONLY,POLICY_DRIVEN,PARTIAL,SEQUENCE_PARTIAL,PARTIAL,MULTI_TYPE_WITH_CHRONOLOGY,False,NO_VALID_CORRESPONDENCE,False
D,v0.3,v0.3,CC-2026-OFFSHORE-WIND,C-2023-HIEQ-HUMANOID,CROSS_MACRO_THEME,MISMATCH,PERIPHERAL_OVERLAP,PERIPHERAL_ONLY,POLICY_DRIVEN,PARTIAL,SEQUENCE_PARTIAL,PARTIAL,MULTI_TYPE_WITH_CHRONOLOGY,False,NO_VALID_CORRESPONDENCE,False
D,v0.3,v0.3,CC-2026-OFFSHORE-WIND,C-2019-COMM-5G,CROSS_MACRO_THEME,MATCH,PARTIAL,PRIMARY_MECHANISM_OVERLAP,POLICY_DRIVEN,MISMATCH,SEQUENCE_MISMATCH,MISMATCH,SINGLE_TYPE_ONLY,True,NO_VALID_CORRESPONDENCE,False
D,v0.3,v0.3,CC-2026-OFFSHORE-WIND,C-2023-COMM-OPTICAL,CROSS_MACRO_THEME,MATCH,MISMATCH,NONE,,PARTIAL,SEQUENCE_PARTIAL,PARTIAL,MULTI_TYPE_WITH_CHRONOLOGY,True,NO_VALID_CORRESPONDENCE,False
D,v0.3,v0.3,CC-2026-OFFSHORE-WIND,C-2019-PHARMA-INNOV,CROSS_MACRO_THEME,MATCH,MISMATCH,NONE,,MISMATCH,SEQUENCE_MISMATCH,MISMATCH,SINGLE_TYPE_ONLY,True,NO_VALID_CORRESPONDENCE,False
D,v0.3,v0.3,CC-2026-OFFSHORE-WIND,C-2020-POWER-NE,SAME_MACRO_THEME,MATCH,PARTIAL,PRIMARY_MECHANISM_OVERLAP,POLICY_DRIVEN,MISMATCH,SEQUENCE_MISMATCH,MISMATCH,SINGLE_TYPE_ONLY,True,THEME_ONLY,False
D,v0.3,v0.3,CC-2026-OFFSHORE-WIND,C-2022-POWER-GRID,SAME_MACRO_THEME,MATCH,PERIPHERAL_OVERLAP,PERIPHERAL_ONLY,POLICY_DRIVEN,PARTIAL,SEQUENCE_PARTIAL,PARTIAL,MULTI_TYPE_WITH_CHRONOLOGY,True,THEME_ONLY,False
D,v0.3,v0.3,CC-2026-OFFSHORE-WIND,C-2019-RES-DYE-SHOCK,CROSS_MACRO_THEME,MISMATCH,PERIPHERAL_OVERLAP,PERIPHERAL_ONLY,SUPPLY_CONTRACTION,PARTIAL,SEQUENCE_PARTIAL,PARTIAL,MULTI_TYPE_WITH_CHRONOLOGY,False,NO_VALID_CORRESPONDENCE,False
D,v0.3,v0.3,CC-2026-OFFSHORE-WIND,C-2020-RES-NONFERROUS,CROSS_MACRO_THEME,MISMATCH,PERIPHERAL_OVERLAP,PERIPHERAL_ONLY,SUPPLY_CONTRACTION,NOT_AVAILABLE,NOT_AVAILABLE,MISMATCH,SINGLE_TYPE_ONLY,False,NO_VALID_CORRESPONDENCE,False
D,v0.3,v0.3,CC-2026-OFFSHORE-WIND,C-2020-RES-LITHIUM,CROSS_MACRO_THEME,MISMATCH,PERIPHERAL_OVERLAP,PERIPHERAL_ONLY,SUPPLY_CONTRACTION,PARTIAL,SEQUENCE_PARTIAL,MISMATCH,SINGLE_TYPE_ONLY,False,NO_VALID_CORRESPONDENCE,False
D,v0.3,v0.3,CC-2026-OFFSHORE-WIND,C-2020-RES-RAREEARTH,CROSS_MACRO_THEME,MISMATCH,PARTIAL,SET_EQUAL_NO_PROVENANCE,POLICY_DRIVEN|SUPPLY_CONTRACTION,PARTIAL,SEQUENCE_PARTIAL,MISMATCH,SINGLE_TYPE_ONLY,False,STRUCTURAL_PARTIAL,False
D,v0.3,v0.3,CC-2026-OFFSHORE-WIND,C-2021-RES-CHEM-DUALCTRL,CROSS_MACRO_THEME,MISMATCH,PARTIAL,MULTI_MECHANISM,POLICY_DRIVEN|SUPPLY_CONTRACTION,PARTIAL,SEQUENCE_PARTIAL,PARTIAL,MULTI_TYPE_WITH_CHRONOLOGY,False,STRUCTURAL_PARTIAL,False
D,v0.3,v0.3,CC-2026-OFFSHORE-WIND,C-2024-RES-GOLD-CB,CROSS_MACRO_THEME,MISMATCH,PERIPHERAL_OVERLAP,PERIPHERAL_ONLY,POLICY_DRIVEN,MISMATCH,SEQUENCE_MISMATCH,MISMATCH,SINGLE_TYPE_ONLY,False,NO_VALID_CORRESPONDENCE,False
D,v0.3,v0.3,CC-2026-OFFSHORE-WIND,C-2016-PANEL-CYCLE,CROSS_MACRO_THEME,MISMATCH,PERIPHERAL_OVERLAP,PERIPHERAL_ONLY,SUPPLY_CONTRACTION,NOT_AVAILABLE,NOT_AVAILABLE,NOT_AVAILABLE,NOT_AVAILABLE,False,INSUFFICIENT_EVIDENCE,False
D,v0.3,v0.3,CC-2026-OFFSHORE-WIND,C-2019-SEMI-LOCALIZATION,CROSS_MACRO_THEME,MISMATCH,PERIPHERAL_OVERLAP,PERIPHERAL_ONLY,POLICY_DRIVEN,PARTIAL,SEQUENCE_PARTIAL,PARTIAL,MULTI_TYPE_WITH_CHRONOLOGY,False,NO_VALID_CORRESPONDENCE,False
D,v0.3,v0.3,CC-2026-OFFSHORE-WIND,C-2019-CONSUMER-TWS,CROSS_MACRO_THEME,MISMATCH,MISMATCH,NONE,,MISMATCH,SEQUENCE_MISMATCH,MISMATCH,SINGLE_TYPE_ONLY,False,NO_VALID_CORRESPONDENCE,False
D,v0.3,v0.3,CC-2026-OFFSHORE-WIND,C-2020-SEMI-EQUIPMENT,CROSS_MACRO_THEME,MISMATCH,PERIPHERAL_OVERLAP,PERIPHERAL_ONLY,POLICY_DRIVEN,PARTIAL,SEQUENCE_PARTIAL,PARTIAL,MULTI_TYPE_WITH_CHRONOLOGY,False,NO_VALID_CORRESPONDENCE,False
D,v0.3,v0.3,CC-2026-OFFSHORE-WIND,C-2020-PANEL-CYCLE,CROSS_MACRO_THEME,MISMATCH,PERIPHERAL_OVERLAP,PERIPHERAL_ONLY,SUPPLY_CONTRACTION,PARTIAL,SEQUENCE_PARTIAL,MISMATCH,SINGLE_TYPE_ONLY,False,NO_VALID_CORRESPONDENCE,False
D,v0.3,v0.3,CC-2026-OFFSHORE-WIND,C-2022-SEMI-DOWNTURN,CROSS_MACRO_THEME,MISMATCH,PERIPHERAL_OVERLAP,PERIPHERAL_ONLY,POLICY_DRIVEN,NOT_AVAILABLE,NOT_AVAILABLE,MISMATCH,SINGLE_TYPE_ONLY,False,NO_VALID_CORRESPONDENCE,False
D,v0.3,v0.3,CC-2026-OFFSHORE-WIND,C-2023-AI-COMPUTE-SEMI,CROSS_MACRO_THEME,MISMATCH,MISMATCH,NONE,,NOT_AVAILABLE,NOT_AVAILABLE,MISMATCH,SINGLE_TYPE_ONLY,False,NO_VALID_CORRESPONDENCE,False
D,v0.3,v0.3,CC-2026-OFFSHORE-WIND,C-2024-SEMI-MEMORY,CROSS_MACRO_THEME,MISMATCH,PARTIAL,MULTI_MECHANISM,POLICY_DRIVEN|SUPPLY_CONTRACTION,NOT_AVAILABLE,NOT_AVAILABLE,MISMATCH,SINGLE_TYPE_ONLY,False,NO_VALID_CORRESPONDENCE,False
D,v0.3,v0.3,CC-2026-OFFSHORE-WIND,RC-2023-HUAWEI,CROSS_MACRO_THEME,MATCH,MISMATCH,NONE,,NOT_AVAILABLE,NOT_AVAILABLE,MISMATCH,SINGLE_TYPE_ONLY,True,NO_VALID_CORRESPONDENCE,False
D,v0.3,v0.3,CC-2026-OFFSHORE-WIND,RC-2024-SECONDARY,CROSS_MACRO_THEME,PARTIAL,NOT_AVAILABLE,NOT_AVAILABLE,,NOT_AVAILABLE,NOT_AVAILABLE,NOT_AVAILABLE,NOT_AVAILABLE,False,INSUFFICIENT_EVIDENCE,False
D,v0.3,v0.3,CC-2026-OFFSHORE-WIND,RC-2020-PANDEMIC,CROSS_MACRO_THEME,PARTIAL,MISMATCH,NONE,,NOT_AVAILABLE,NOT_AVAILABLE,MISMATCH,SINGLE_TYPE_ONLY,True,NO_VALID_CORRESPONDENCE,False
D,v0.3,v0.3,CC-2026-OFFSHORE-WIND,RC-2021-TCM,CROSS_MACRO_THEME,MATCH,PARTIAL,PRIMARY_MECHANISM_OVERLAP,POLICY_DRIVEN,NOT_AVAILABLE,NOT_AVAILABLE,MISMATCH,SINGLE_TYPE_ONLY,True,NO_VALID_CORRESPONDENCE,False
D,v0.3,v0.3,CC-2026-OFFSHORE-WIND,RC-2020-CONS-SMALL-APPLIANCE,CROSS_MACRO_THEME,COMPARISON_POINT_UNKNOWN,NOT_AVAILABLE,NOT_AVAILABLE,,NOT_AVAILABLE,NOT_AVAILABLE,NOT_AVAILABLE,NOT_AVAILABLE,False,INSUFFICIENT_EVIDENCE,False
D,v0.3,v0.3,CC-2026-OFFSHORE-WIND,RC-2024-CONS-PET-FOOD,CROSS_MACRO_THEME,COMPARISON_POINT_UNKNOWN,NOT_AVAILABLE,NOT_AVAILABLE,,NOT_AVAILABLE,NOT_AVAILABLE,NOT_AVAILABLE,NOT_AVAILABLE,False,INSUFFICIENT_EVIDENCE,False
D,v0.3,v0.3,CC-2026-OFFSHORE-WIND,RC-2020-RES-GOLD-RATES,CROSS_MACRO_THEME,COMPARISON_POINT_UNKNOWN,NOT_AVAILABLE,NOT_AVAILABLE,,NOT_AVAILABLE,NOT_AVAILABLE,NOT_AVAILABLE,NOT_AVAILABLE,False,INSUFFICIENT_EVIDENCE,False
D,v0.3,v0.3,CC-2026-OFFSHORE-WIND,RC-2022-RES-FERTILIZER,CROSS_MACRO_THEME,COMPARISON_POINT_UNKNOWN,NOT_AVAILABLE,NOT_AVAILABLE,,NOT_AVAILABLE,NOT_AVAILABLE,NOT_AVAILABLE,NOT_AVAILABLE,False,INSUFFICIENT_EVIDENCE,False
D,v0.3,v0.3,CC-2026-OFFSHORE-WIND,RC-2025-RES-COPPER,CROSS_MACRO_THEME,COMPARISON_POINT_UNKNOWN,NOT_AVAILABLE,NOT_AVAILABLE,,NOT_AVAILABLE,NOT_AVAILABLE,NOT_AVAILABLE,NOT_AVAILABLE,False,INSUFFICIENT_EVIDENCE,False
D,v0.3,v0.3,CC-2026-OFFSHORE-WIND,RC-2017-RES-ALUMINUM,CROSS_MACRO_THEME,COMPARISON_POINT_UNKNOWN,NOT_AVAILABLE,NOT_AVAILABLE,,NOT_AVAILABLE,NOT_AVAILABLE,NOT_AVAILABLE,NOT_AVAILABLE,False,INSUFFICIENT_EVIDENCE,False
D,v0.3,v0.3,CC-2026-OFFSHORE-WIND,RC-2016-RES-CHEM-ENV,CROSS_MACRO_THEME,COMPARISON_POINT_UNKNOWN,NOT_AVAILABLE,NOT_AVAILABLE,,NOT_AVAILABLE,NOT_AVAILABLE,NOT_AVAILABLE,NOT_AVAILABLE,False,INSUFFICIENT_EVIDENCE,False
D,v0.3,v0.3,CC-2026-OFFSHORE-WIND,RC-2022-SEMI-CHIPSHORTAGE,CROSS_MACRO_THEME,COMPARISON_POINT_UNKNOWN,NOT_AVAILABLE,NOT_AVAILABLE,,NOT_AVAILABLE,NOT_AVAILABLE,NOT_AVAILABLE,NOT_AVAILABLE,False,INSUFFICIENT_EVIDENCE,False
D,v0.3,v0.3,CC-2026-OFFSHORE-WIND,RC-2024-SEMI-FUND3,CROSS_MACRO_THEME,COMPARISON_POINT_UNKNOWN,NOT_AVAILABLE,NOT_AVAILABLE,,NOT_AVAILABLE,NOT_AVAILABLE,NOT_AVAILABLE,NOT_AVAILABLE,False,INSUFFICIENT_EVIDENCE,False
D,v0.3,v0.3,CC-2026-OFFSHORE-WIND,RC-2015-SEMI-LEVERAGE,CROSS_MACRO_THEME,COMPARISON_POINT_UNKNOWN,NOT_AVAILABLE,NOT_AVAILABLE,,NOT_AVAILABLE,NOT_AVAILABLE,NOT_AVAILABLE,NOT_AVAILABLE,False,INSUFFICIENT_EVIDENCE,False
D,v0.3,v0.3,CC-2026-OFFSHORE-WIND,RC-2017-GPU-MINING,CROSS_MACRO_THEME,COMPARISON_POINT_UNKNOWN,NOT_AVAILABLE,NOT_AVAILABLE,,NOT_AVAILABLE,NOT_AVAILABLE,NOT_AVAILABLE,NOT_AVAILABLE,False,INSUFFICIENT_EVIDENCE,False
D,v0.3,v0.3,CC-2026-OFFSHORE-WIND,RC-2024-HIEQ-EQUIP-UPDATE,CROSS_MACRO_THEME,MISMATCH,NOT_AVAILABLE,NOT_AVAILABLE,,MISMATCH,SEQUENCE_MISMATCH,MISMATCH,SINGLE_TYPE_ONLY,False,INSUFFICIENT_EVIDENCE,False
D,v0.3,v0.3,CC-2026-OFFSHORE-WIND,RC-2024-HIEQ-HUMANOID-MASS,CROSS_MACRO_THEME,MISMATCH,NOT_AVAILABLE,NOT_AVAILABLE,,MISMATCH,SEQUENCE_MISMATCH,MISMATCH,SINGLE_TYPE_ONLY,False,INSUFFICIENT_EVIDENCE,False
D,v0.3,v0.3,CC-2026-OFFSHORE-WIND,RC-2024-RE-POLICY-517,CROSS_MACRO_THEME,COMPARISON_POINT_UNKNOWN,NOT_AVAILABLE,NOT_AVAILABLE,,NOT_AVAILABLE,NOT_AVAILABLE,NOT_AVAILABLE,NOT_AVAILABLE,False,INSUFFICIENT_EVIDENCE,False
D,v0.3,v0.3,CC-2026-OFFSHORE-WIND,RC-2019-RE-EASING,CROSS_MACRO_THEME,COMPARISON_POINT_UNKNOWN,NOT_AVAILABLE,NOT_AVAILABLE,,NOT_AVAILABLE,NOT_AVAILABLE,NOT_AVAILABLE,NOT_AVAILABLE,False,INSUFFICIENT_EVIDENCE,False
D,v0.3,v0.3,CC-2026-OFFSHORE-WIND,RC-2020-FIN-BROKER-VOLUME,CROSS_MACRO_THEME,COMPARISON_POINT_UNKNOWN,NOT_AVAILABLE,NOT_AVAILABLE,,NOT_AVAILABLE,NOT_AVAILABLE,NOT_AVAILABLE,NOT_AVAILABLE,False,INSUFFICIENT_EVIDENCE,False
D,v0.3,v0.3,CC-2026-OFFSHORE-WIND,RC-2016-RE-SHANTY,CROSS_MACRO_THEME,COMPARISON_POINT_UNKNOWN,NOT_AVAILABLE,NOT_AVAILABLE,,NOT_AVAILABLE,NOT_AVAILABLE,NOT_AVAILABLE,NOT_AVAILABLE,False,INSUFFICIENT_EVIDENCE,False
D,v0.3,v0.3,CC-2026-OFFSHORE-WIND,RC-2015-FIN-LEVERAGE,CROSS_MACRO_THEME,COMPARISON_POINT_UNKNOWN,NOT_AVAILABLE,NOT_AVAILABLE,,NOT_AVAILABLE,NOT_AVAILABLE,NOT_AVAILABLE,NOT_AVAILABLE,False,INSUFFICIENT_EVIDENCE,False
D,v0.3,v0.3,CC-2026-OFFSHORE-WIND,RC-2019-MIL-PARADE-70,CROSS_MACRO_THEME,MISMATCH,MISMATCH,NONE,,NOT_AVAILABLE,NOT_AVAILABLE,NOT_AVAILABLE,NOT_AVAILABLE,False,INSUFFICIENT_EVIDENCE,False
D,v0.3,v0.3,CC-2026-OFFSHORE-WIND,RC-2025-MIL-PARADE-80,CROSS_MACRO_THEME,MISMATCH,MISMATCH,NONE,,NOT_AVAILABLE,NOT_AVAILABLE,NOT_AVAILABLE,NOT_AVAILABLE,False,INSUFFICIENT_EVIDENCE,False
D,v0.3,v0.3,CC-2026-OFFSHORE-WIND,RC-2017-MIL-MIXED-REFORM,CROSS_MACRO_THEME,MISMATCH,PERIPHERAL_OVERLAP,PERIPHERAL_ONLY,POLICY_DRIVEN,NOT_AVAILABLE,NOT_AVAILABLE,NOT_AVAILABLE,NOT_AVAILABLE,False,INSUFFICIENT_EVIDENCE,False
D,v0.3,v0.3,CC-2026-OFFSHORE-WIND,RC-2015-MIL-REFORM-BULL,CROSS_MACRO_THEME,MISMATCH,PERIPHERAL_OVERLAP,PERIPHERAL_ONLY,POLICY_DRIVEN,NOT_AVAILABLE,NOT_AVAILABLE,NOT_AVAILABLE,NOT_AVAILABLE,False,INSUFFICIENT_EVIDENCE,False
D,v0.3,v0.3,CC-2026-OFFSHORE-WIND,RC-2024-MIL-COMMERCIAL-SPACE,CROSS_MACRO_THEME,MISMATCH,PERIPHERAL_OVERLAP,PERIPHERAL_ONLY,POLICY_DRIVEN,NOT_AVAILABLE,NOT_AVAILABLE,NOT_AVAILABLE,NOT_AVAILABLE,False,INSUFFICIENT_EVIDENCE,False
