pattern_id,pattern_type,pattern_kind,scope_type,scope_id,scope_name,lifecycle_stage,name,sample_size,years,center_date_label,window_start,window_end,window_radius_days,concentration_ratio,concentration_p_analytic,recurrence_count,recurrence_ratio,front_back,loo_max_shift_days,single_year_dominance,theme_family_count,theme_cycle_count,campaign_count,mechanisms,mechanism_confidence,feature_winner,promotion_status,robustness_verdict,is_derived,derived_from_pattern_id,derived_from_stage,derivation_note,effective_promotion_status,promotion_reason
TOPC-004,CALENDAR_DRIVEN,LIFECYCLE_STAGE,THEME_FAMILY,TH-AUTO,汽车,MAIN_RISE,汽车 · MAIN_RISE,7,2019|2020|2021|2022|2023|2024|2025,06-22,05-25,07-20,28,0.3068,0.000835,5,0.7143,STABLE,5.0,False,1,7,7,CALENDAR_DRIVEN|POLICY_CADENCE|REPORTING_CADENCE|DATA_RELEASE_CADENCE,MEDIUM,INCONCLUSIVE_SIMILAR,TIMELINE_CANDIDATE,ROBUST,true,TOPC-001,EARLY_SIGNAL,MAIN_RISE 中心 06-22 ≈ EARLY_SIGNAL 中心 06-11 + 中位滞后 10d（拟合中心 06-21，残差 1d） → 派生自 TOPC-001（TH-AUTO · EARLY_SIGNAL）,EXPLORATORY,N=7 ≥ 5；集中度比率 0.3068 ≤ 0.45；前后半段 STABLE；留一法无单年主导；独立 Theme Cycle 数 7 ≥ 3；机制置信度 MEDIUM → 满足 Timeline 候选门槛。
TOPC-001,CALENDAR_DRIVEN,LIFECYCLE_STAGE,THEME_FAMILY,TH-AUTO,汽车,EARLY_SIGNAL,汽车 · EARLY_SIGNAL,7,2019|2020|2021|2022|2023|2024|2025,06-11,05-27,06-26,15,0.4018,0.00389,5,0.7143,STABLE,5.0,False,1,7,7,CALENDAR_DRIVEN|POLICY_CADENCE|REPORTING_CADENCE|DATA_RELEASE_CADENCE,MEDIUM,INCONCLUSIVE_SIMILAR,TIMELINE_CANDIDATE,ROBUST,,,,候选仅含 EARLY_SIGNAL 阶段,TIMELINE_CANDIDATE,N=7 ≥ 5；集中度比率 0.4018 ≤ 0.45；前后半段 STABLE；留一法无单年主导；独立 Theme Cycle 数 7 ≥ 3；机制置信度 MEDIUM → 满足 Timeline 候选门槛。
TOPC-021,CALENDAR_DRIVEN,LIFECYCLE_STAGE,RULE,rule_auto_summer,6-8月汽车季节性观察窗口,MAIN_RISE,6-8月汽车季节性观察窗口 · MAIN_RISE,7,2019|2020|2021|2022|2023|2024|2025,06-22,05-25,07-20,28,0.3068,0.000835,5,0.7143,STABLE,5.0,False,1,7,7,CALENDAR_DRIVEN|POLICY_CADENCE|REPORTING_CADENCE|DATA_RELEASE_CADENCE,MEDIUM,INCONCLUSIVE_SIMILAR,TIMELINE_CANDIDATE,ROBUST,true,TOPC-018,EARLY_SIGNAL,MAIN_RISE 中心 06-22 ≈ EARLY_SIGNAL 中心 06-11 + 中位滞后 10d（拟合中心 06-21，残差 1d） → 派生自 TOPC-018（rule_auto_summer · EARLY_SIGNAL）,EXPLORATORY,N=7 ≥ 5；集中度比率 0.3068 ≤ 0.45；前后半段 STABLE；留一法无单年主导；独立 Theme Cycle 数 7 ≥ 3；机制置信度 MEDIUM → 满足 Timeline 候选门槛。
TOPC-018,CALENDAR_DRIVEN,LIFECYCLE_STAGE,RULE,rule_auto_summer,6-8月汽车季节性观察窗口,EARLY_SIGNAL,6-8月汽车季节性观察窗口 · EARLY_SIGNAL,7,2019|2020|2021|2022|2023|2024|2025,06-11,05-27,06-26,15,0.4018,0.00389,5,0.7143,STABLE,5.0,False,1,7,7,CALENDAR_DRIVEN|POLICY_CADENCE|REPORTING_CADENCE|DATA_RELEASE_CADENCE,MEDIUM,INCONCLUSIVE_SIMILAR,TIMELINE_CANDIDATE,ROBUST,,,,候选仅含 EARLY_SIGNAL 阶段,TIMELINE_CANDIDATE,N=7 ≥ 5；集中度比率 0.4018 ≤ 0.45；前后半段 STABLE；留一法无单年主导；独立 Theme Cycle 数 7 ≥ 3；机制置信度 MEDIUM → 满足 Timeline 候选门槛。
TOPC-315,UNKNOWN,EVENT_TYPE,EVENT_TYPE,EVT-ALL,全部事件,,全部事件,8,2018|2019|2020|2021|2022|2023|2024|2025,03-03,12-26,05-09,67,0.5072,0.007793,7,0.875,STABLE,19.0,False,0,0,0,UNKNOWN,LOW,INCONCLUSIVE_SIMILAR,EXPLORATORY,,,,,scope 无节奏分析（或 EARLY_SIGNAL 样本 < 3）,EXPLORATORY,N=8 ≥ 5 且窗口可构建，但未全部满足门槛（集中度 0.5072 / 漂移 STABLE / 独立 Cycle 0 / 机制 LOW）→ 探索性，暂不进 Timeline。
TOPC-010,CALENDAR_DRIVEN,LIFECYCLE_STAGE,THEME_FAMILY,TH-AUTO,汽车,MAIN_END,汽车 · MAIN_END,7,2019|2020|2021|2022|2023|2024|2025,08-31,07-18,10-14,44,0.3543,0.001904,6,0.8571,STRONG_DRIFT,15.0,False,1,7,7,CALENDAR_DRIVEN|POLICY_CADENCE|REPORTING_CADENCE|DATA_RELEASE_CADENCE,MEDIUM,INCONCLUSIVE_SIMILAR,EXPLORATORY,,true,TOPC-001,EARLY_SIGNAL,MAIN_END 中心 08-31 ≈ EARLY_SIGNAL 中心 06-11 + 中位滞后 70d（拟合中心 08-20，残差 11d） → 派生自 TOPC-001（TH-AUTO · EARLY_SIGNAL）,EXPLORATORY,N=7 ≥ 5 且窗口可构建，但未全部满足门槛（集中度 0.3543 / 漂移 STRONG_DRIFT / 独立 Cycle 7 / 机制 MEDIUM）→ 探索性，暂不进 Timeline。
TOPC-005,CALENDAR_DRIVEN,LIFECYCLE_STAGE,THEME_FAMILY,TH-AUTO,汽车,PEAK,汽车 · PEAK,7,2019|2020|2021|2022|2023|2024|2025,07-11,06-07,08-14,34,0.3872,0.003154,6,0.8571,STRONG_DRIFT,8.0,False,1,7,7,CALENDAR_DRIVEN|POLICY_CADENCE|REPORTING_CADENCE|DATA_RELEASE_CADENCE,MEDIUM,INCONCLUSIVE_SIMILAR,EXPLORATORY,,true,TOPC-001,EARLY_SIGNAL,PEAK 中心 07-11 ≈ EARLY_SIGNAL 中心 06-11 + 中位滞后 40d（拟合中心 07-21，残差 10d） → 派生自 TOPC-001（TH-AUTO · EARLY_SIGNAL）,EXPLORATORY,N=7 ≥ 5 且窗口可构建，但未全部满足门槛（集中度 0.3872 / 漂移 STRONG_DRIFT / 独立 Cycle 7 / 机制 MEDIUM）→ 探索性，暂不进 Timeline。
TOPC-117,PHASE_TRANSITION,PHASE_TRANSITION,THEME_FAMILY,TH-AUTO,汽车,MAIN_RISE->PEAK,汽车 · MAIN_RISE->PEAK,7,2019|2020|2021|2022|2023|2024|2025,07-13,06-15,08-10,28,0.3872,0.003154,5,0.7143,MILD_DRIFT,8.0,False,1,7,7,CALENDAR_DRIVEN|POLICY_CADENCE|REPORTING_CADENCE|DATA_RELEASE_CADENCE|PHASE_TRANSITION,MEDIUM,INCONCLUSIVE_SIMILAR,EXPLORATORY,,true,TOPC-001,EARLY_SIGNAL,MAIN_RISE 中心 06-22 ≈ EARLY_SIGNAL 中心 06-11 + 中位滞后 10d（拟合中心 06-21，残差 1d）；PEAK 中心 07-11 ≈ EARLY_SIGNAL 中心 06-11 + 中位滞后 40d（拟合中心 07-21，残差 10d） → 派生自 TOPC-001（TH-AUTO · EARLY_SIGNAL）,EXPLORATORY,N=7 ≥ 5 且窗口可构建，但未全部满足门槛（集中度 0.3872 / 漂移 MILD_DRIFT / 独立 Cycle 7 / 机制 MEDIUM）→ 探索性，暂不进 Timeline。
TOPC-168,PHASE_TRANSITION,DB_PHASE_START,THEME_FAMILY,TH-AUTO,汽车,PHASE_MAIN_RISE,汽车 · PHASE_MAIN_RISE,6,2020|2021|2022|2023|2024|2025,06-17,05-24,07-11,24,0.1879,0.000232,5,0.8333,MILD_DRIFT,6.0,False,1,6,6,CALENDAR_DRIVEN|POLICY_CADENCE|REPORTING_CADENCE|DATA_RELEASE_CADENCE,MEDIUM,INCONCLUSIVE_SIMILAR,EXPLORATORY,,,,,存在无节奏判定的阶段（不在 export 10 阶段内，或该阶段样本 < 3）→ 不下结论,EXPLORATORY,N=6 ≥ 5 且窗口可构建，但未全部满足门槛（集中度 0.1879 / 漂移 MILD_DRIFT / 独立 Cycle 6 / 机制 MEDIUM）→ 探索性，暂不进 Timeline。
TOPC-310,UNKNOWN,EVENT_TYPE,EVENT_TYPE,EVT-COMPANY,事件类型：company,,事件类型：company,6,2018|2020|2021|2023|2024|2025,05-29,04-17,07-10,42,0.5677,0.043543,5,0.8333,STRONG_DRIFT,12.0,False,0,0,0,INDUSTRY_EVENT_CADENCE,LOW,INCONCLUSIVE_SIMILAR,EXPLORATORY,,,,,scope 无节奏分析（或 EARLY_SIGNAL 样本 < 3）,EXPLORATORY,N=6 ≥ 5 且窗口可构建，但未全部满足门槛（集中度 0.5677 / 漂移 STRONG_DRIFT / 独立 Cycle 0 / 机制 LOW）→ 探索性，暂不进 Timeline。
TOPC-008,HOLIDAY_RELATIVE,LIFECYCLE_STAGE,THEME_FAMILY,TH-AUTO,汽车,DECLINING,汽车 · DECLINING,4,2021|2022|2023|2024,08-04,07-31,08-08,4,0.0868,0.000542,3,0.75,STABLE,3.0,False,1,4,4,CALENDAR_DRIVEN|POLICY_CADENCE|REPORTING_CADENCE|DATA_RELEASE_CADENCE,MEDIUM,EVENT_RELATIVE,EXPLORATORY,,true,TOPC-001,EARLY_SIGNAL,DECLINING 中心 08-04 ≈ EARLY_SIGNAL 中心 06-11 + 中位滞后 61.5d（拟合中心 08-12，残差 7.5d） → 派生自 TOPC-001（TH-AUTO · EARLY_SIGNAL）,EXPLORATORY,N=4 落在 3–4 区间 → 只允许 RESEARCH_ONLY / EXPLORATORY，不得进入 Timeline（集中度尚可，标记为探索性）。
TOPC-171,PHASE_TRANSITION,DB_PHASE_START,THEME_FAMILY,TH-AUTO,汽车,PHASE_DECLINE,汽车 · PHASE_DECLINE,4,2021|2022|2023|2024,07-21,07-01,08-10,20,0.1689,0.00385,4,1.0,STABLE,10.0,False,1,4,4,CALENDAR_DRIVEN|POLICY_CADENCE|REPORTING_CADENCE|DATA_RELEASE_CADENCE,MEDIUM,EVENT_RELATIVE,EXPLORATORY,,,,,存在无节奏判定的阶段（不在 export 10 阶段内，或该阶段样本 < 3）→ 不下结论,EXPLORATORY,N=4 落在 3–4 区间 → 只允许 RESEARCH_ONLY / EXPLORATORY，不得进入 Timeline（集中度尚可，标记为探索性）。
TOPC-003,CALENDAR_DRIVEN,LIFECYCLE_STAGE,THEME_FAMILY,TH-AUTO,汽车,BROAD_CONFIRMATION,汽车 · BROAD_CONFIRMATION,4,2022|2023|2024|2025,06-29,06-17,07-11,12,0.1781,0.004488,3,0.75,STABLE,5.0,False,1,4,4,CALENDAR_DRIVEN|POLICY_CADENCE|REPORTING_CADENCE|DATA_RELEASE_CADENCE,MEDIUM,INCONCLUSIVE_SIMILAR,EXPLORATORY,,true,TOPC-001,EARLY_SIGNAL,BROAD_CONFIRMATION 中心 06-29 ≈ EARLY_SIGNAL 中心 06-11 + 中位滞后 25d（拟合中心 07-06，残差 7d） → 派生自 TOPC-001（TH-AUTO · EARLY_SIGNAL）,EXPLORATORY,N=4 落在 3–4 区间 → 只允许 RESEARCH_ONLY / EXPLORATORY，不得进入 Timeline（集中度尚可，标记为探索性）。
TOPC-313,UNKNOWN,EVENT_TYPE,EVENT_TYPE,EVT-MARKET,事件类型：market,,事件类型：market,4,2021|2022|2024|2025,06-17,05-30,07-05,18,0.1826,0.004832,3,0.75,MILD_DRIFT,7.0,False,0,0,0,UNKNOWN,LOW,INCONCLUSIVE_SIMILAR,EXPLORATORY,,,,,scope 无节奏分析（或 EARLY_SIGNAL 样本 < 3）,EXPLORATORY,N=4 落在 3–4 区间 → 只允许 RESEARCH_ONLY / EXPLORATORY，不得进入 Timeline（集中度尚可，标记为探索性）。
TOPC-116,PHASE_TRANSITION,PHASE_TRANSITION,THEME_FAMILY,TH-AUTO,汽车,BROAD_CONFIRMATION->PEAK,汽车 · BROAD_CONFIRMATION->PEAK,4,2022|2023|2024|2025,07-03,06-09,07-27,24,0.2237,0.008703,3,0.75,STABLE,9.0,False,1,4,4,CALENDAR_DRIVEN|POLICY_CADENCE|REPORTING_CADENCE|DATA_RELEASE_CADENCE|PHASE_TRANSITION,MEDIUM,INCONCLUSIVE_SIMILAR,EXPLORATORY,,true,TOPC-001,EARLY_SIGNAL,BROAD_CONFIRMATION 中心 06-29 ≈ EARLY_SIGNAL 中心 06-11 + 中位滞后 25d（拟合中心 07-06，残差 7d）；PEAK 中心 07-11 ≈ EARLY_SIGNAL 中心 06-11 + 中位滞后 40d（拟合中心 07-21，残差 10d） → 派生自 TOPC-001（TH-AUTO · EARLY_SIGNAL）,EXPLORATORY,N=4 落在 3–4 区间 → 只允许 RESEARCH_ONLY / EXPLORATORY，不得进入 Timeline（集中度尚可，标记为探索性）。
TOPC-172,PHASE_TRANSITION,DB_PHASE_TRANSITION,THEME_FAMILY,TH-AUTO,汽车,DB_startup->main_rise,汽车 · DB_startup->main_rise,4,2020|2022|2023|2024,06-22,05-31,07-14,22,0.2237,0.008703,3,0.75,MILD_DRIFT,11.0,False,1,4,4,CALENDAR_DRIVEN|POLICY_CADENCE|REPORTING_CADENCE|DATA_RELEASE_CADENCE|PHASE_TRANSITION,MEDIUM,INCONCLUSIVE_SIMILAR,EXPLORATORY,,,,,存在无节奏判定的阶段（不在 export 10 阶段内，或该阶段样本 < 3）→ 不下结论,EXPLORATORY,N=4 落在 3–4 区间 → 只允许 RESEARCH_ONLY / EXPLORATORY，不得进入 Timeline（集中度尚可，标记为探索性）。
TOPC-167,PHASE_TRANSITION,DB_PHASE_START,THEME_FAMILY,TH-AUTO,汽车,PHASE_STARTUP,汽车 · PHASE_STARTUP,4,2020|2022|2023|2024,06-07,05-11,07-04,27,0.3288,0.026161,2,0.5,MILD_DRIFT,6.0,False,1,4,4,CALENDAR_DRIVEN|POLICY_CADENCE|REPORTING_CADENCE|DATA_RELEASE_CADENCE,MEDIUM,INCONCLUSIVE_SIMILAR,EXPLORATORY,,,,,存在无节奏判定的阶段（不在 export 10 阶段内，或该阶段样本 < 3）→ 不下结论,EXPLORATORY,N=4 落在 3–4 区间 → 只允许 RESEARCH_ONLY / EXPLORATORY，不得进入 Timeline（集中度尚可，标记为探索性）。
TOPC-007,CALENDAR_DRIVEN,LIFECYCLE_STAGE,THEME_FAMILY,TH-AUTO,汽车,SECONDARY,汽车 · SECONDARY,4,2020|2022|2023|2024,08-12,07-19,09-05,24,0.3425,0.029355,3,0.75,MILD_DRIFT,9.0,False,1,4,4,CALENDAR_DRIVEN|POLICY_CADENCE|REPORTING_CADENCE|DATA_RELEASE_CADENCE,MEDIUM,INCONCLUSIVE_SIMILAR,EXPLORATORY,,true,TOPC-001,EARLY_SIGNAL,SECONDARY 中心 08-12 ≈ EARLY_SIGNAL 中心 06-11 + 中位滞后 68.5d（拟合中心 08-18，残差 6.5d） → 派生自 TOPC-001（TH-AUTO · EARLY_SIGNAL）,EXPLORATORY,N=4 落在 3–4 区间 → 只允许 RESEARCH_ONLY / EXPLORATORY，不得进入 Timeline（集中度尚可，标记为探索性）。
TOPC-260,PHASE_TRANSITION,DB_PHASE_START,THEME,TH-NEV,新能源汽车/电池,PHASE_MAIN_RISE,新能源汽车/电池 · PHASE_MAIN_RISE,3,2020|2021|2022,06-01,05-19,06-14,13,0.1041,0.007847,3,1.0,INSUFFICIENT_N,5.0,False,1,3,3,CALENDAR_DRIVEN|POLICY_CADENCE|REPORTING_CADENCE|DATA_RELEASE_CADENCE,MEDIUM,INCONCLUSIVE_SIMILAR,EXPLORATORY,,,,,scope 无节奏分析（或 EARLY_SIGNAL 样本 < 3）,EXPLORATORY,N=3 落在 3–4 区间 → 只允许 RESEARCH_ONLY / EXPLORATORY，不得进入 Timeline（集中度尚可，标记为探索性）。
TOPC-002,CALENDAR_DRIVEN,LIFECYCLE_STAGE,THEME_FAMILY,TH-AUTO,汽车,THEME_FORMING,汽车 · THEME_FORMING,3,2022|2023|2024,06-14,06-04,06-24,10,0.1589,0.017935,2,0.6667,INSUFFICIENT_N,11.0,False,1,3,3,CALENDAR_DRIVEN|POLICY_CADENCE|REPORTING_CADENCE|DATA_RELEASE_CADENCE,MEDIUM,INCONCLUSIVE_SIMILAR,EXPLORATORY,,true,TOPC-001,EARLY_SIGNAL,THEME_FORMING 中心 06-14 ≈ EARLY_SIGNAL 中心 06-11 + 中位滞后 9d（拟合中心 06-20，残差 6d） → 派生自 TOPC-001（TH-AUTO · EARLY_SIGNAL）,EXPLORATORY,N=3 落在 3–4 区间 → 只允许 RESEARCH_ONLY / EXPLORATORY，不得进入 Timeline（集中度尚可，标记为探索性）。
TOPC-114,PHASE_TRANSITION,PHASE_TRANSITION,THEME_FAMILY,TH-AUTO,汽车,THEME_FORMING->PEAK,汽车 · THEME_FORMING->PEAK,3,2022|2023|2024,06-18,06-06,06-30,12,0.1699,0.020415,2,0.6667,INSUFFICIENT_N,11.0,False,1,3,3,CALENDAR_DRIVEN|POLICY_CADENCE|REPORTING_CADENCE|DATA_RELEASE_CADENCE|PHASE_TRANSITION,MEDIUM,INCONCLUSIVE_SIMILAR,EXPLORATORY,,true,TOPC-001,EARLY_SIGNAL,PEAK 中心 07-11 ≈ EARLY_SIGNAL 中心 06-11 + 中位滞后 40d（拟合中心 07-21，残差 10d）；THEME_FORMING 中心 06-14 ≈ EARLY_SIGNAL 中心 06-11 + 中位滞后 9d（拟合中心 06-20，残差 6d） → 派生自 TOPC-001（TH-AUTO · EARLY_SIGNAL）,EXPLORATORY,N=3 落在 3–4 区间 → 只允许 RESEARCH_ONLY / EXPLORATORY，不得进入 Timeline（集中度尚可，标记为探索性）。
TOPC-078,CALENDAR_DRIVEN,LIFECYCLE_STAGE,THEME,TH-NEV,新能源汽车/电池,EARLY_SIGNAL,新能源汽车/电池 · EARLY_SIGNAL,3,2020|2021|2022,06-01,06-01,06-01,0,0.1918,0.025821,2,0.6667,INSUFFICIENT_N,18.0,False,1,3,3,CALENDAR_DRIVEN|POLICY_CADENCE|REPORTING_CADENCE|DATA_RELEASE_CADENCE,MEDIUM,INCONCLUSIVE_SIMILAR,EXPLORATORY,,,,,scope 无节奏分析（或 EARLY_SIGNAL 样本 < 3）,EXPLORATORY,N=3 落在 3–4 区间 → 只允许 RESEARCH_ONLY / EXPLORATORY，不得进入 Timeline（集中度尚可，标记为探索性）。
TOPC-080,CALENDAR_DRIVEN,LIFECYCLE_STAGE,THEME,TH-NEV,新能源汽车/电池,PEAK,新能源汽车/电池 · PEAK,3,2020|2021|2022,07-13,06-07,08-18,36,0.3123,0.065545,3,1.0,INSUFFICIENT_N,16.0,False,1,3,3,CALENDAR_DRIVEN|POLICY_CADENCE|REPORTING_CADENCE|DATA_RELEASE_CADENCE,MEDIUM,INCONCLUSIVE_SIMILAR,EXPLORATORY,,,,,scope 无节奏分析（或 EARLY_SIGNAL 样本 < 3）,EXPLORATORY,N=3 落在 3–4 区间 → 只允许 RESEARCH_ONLY / EXPLORATORY，不得进入 Timeline（集中度尚可，标记为探索性）。
TOPC-063,CALENDAR_DRIVEN,LIFECYCLE_STAGE,THEME,TH-AD,智能驾驶/无人驾驶,EARLY_SIGNAL,智能驾驶/无人驾驶 · EARLY_SIGNAL,3,2019|2023|2025,06-22,06-07,07-07,15,0.3507,0.081453,2,0.6667,INSUFFICIENT_N,27.0,False,1,3,3,CALENDAR_DRIVEN|POLICY_CADENCE|REPORTING_CADENCE|DATA_RELEASE_CADENCE,MEDIUM,EVENT_RELATIVE,EXPLORATORY,,,,,scope 无节奏分析（或 EARLY_SIGNAL 样本 < 3）,EXPLORATORY,N=3 落在 3–4 区间 → 只允许 RESEARCH_ONLY / EXPLORATORY，不得进入 Timeline（集中度尚可，标记为探索性）。
TOPC-027,CALENDAR_DRIVEN,LIFECYCLE_STAGE,RULE,rule_auto_summer,6-8月汽车季节性观察窗口,MAIN_END,6-8月汽车季节性观察窗口 · MAIN_END,7,2019|2020|2021|2022|2023|2024|2025,08-31,07-18,10-14,44,0.3543,0.001904,6,0.8571,STRONG_DRIFT,15.0,False,1,7,7,CALENDAR_DRIVEN|POLICY_CADENCE|REPORTING_CADENCE|DATA_RELEASE_CADENCE,MEDIUM,INCONCLUSIVE_SIMILAR,EXPLORATORY,,true,TOPC-018,EARLY_SIGNAL,MAIN_END 中心 08-31 ≈ EARLY_SIGNAL 中心 06-11 + 中位滞后 70d（拟合中心 08-20，残差 11d） → 派生自 TOPC-018（rule_auto_summer · EARLY_SIGNAL）,EXPLORATORY,N=7 ≥ 5 且窗口可构建，但未全部满足门槛（集中度 0.3543 / 漂移 STRONG_DRIFT / 独立 Cycle 7 / 机制 MEDIUM）→ 探索性，暂不进 Timeline。
TOPC-062,CALENDAR_DRIVEN,LIFECYCLE_STAGE,ALL,ALL,全部历史对象,MAIN_END,全部历史对象 · MAIN_END,7,2019|2020|2021|2022|2023|2024|2025,08-31,07-18,10-14,44,0.3543,0.001904,6,0.8571,STRONG_DRIFT,15.0,False,1,7,7,CALENDAR_DRIVEN|POLICY_CADENCE|REPORTING_CADENCE|DATA_RELEASE_CADENCE,MEDIUM,INCONCLUSIVE_SIMILAR,EXPLORATORY,,,,,scope 无节奏分析（或 EARLY_SIGNAL 样本 < 3）,EXPLORATORY,N=7 ≥ 5 且窗口可构建，但未全部满足门槛（集中度 0.3543 / 漂移 STRONG_DRIFT / 独立 Cycle 7 / 机制 MEDIUM）→ 探索性，暂不进 Timeline。
TOPC-118,PHASE_TRANSITION,PHASE_TRANSITION,THEME_FAMILY,TH-AUTO,汽车,PEAK->MAIN_END,汽车 · PEAK->MAIN_END,7,2019|2020|2021|2022|2023|2024|2025,08-31,07-18,10-14,44,0.3543,0.001904,6,0.8571,STRONG_DRIFT,15.0,False,1,7,7,CALENDAR_DRIVEN|POLICY_CADENCE|REPORTING_CADENCE|DATA_RELEASE_CADENCE|PHASE_TRANSITION,MEDIUM,INCONCLUSIVE_SIMILAR,EXPLORATORY,,true,TOPC-001,EARLY_SIGNAL,MAIN_END 中心 08-31 ≈ EARLY_SIGNAL 中心 06-11 + 中位滞后 70d（拟合中心 08-20，残差 11d）；PEAK 中心 07-11 ≈ EARLY_SIGNAL 中心 06-11 + 中位滞后 40d（拟合中心 07-21，残差 10d） → 派生自 TOPC-001（TH-AUTO · EARLY_SIGNAL）,EXPLORATORY,N=7 ≥ 5 且窗口可构建，但未全部满足门槛（集中度 0.3543 / 漂移 STRONG_DRIFT / 独立 Cycle 7 / 机制 MEDIUM）→ 探索性，暂不进 Timeline。
TOPC-134,PHASE_TRANSITION,PHASE_TRANSITION,RULE,rule_auto_summer,6-8月汽车季节性观察窗口,PEAK->MAIN_END,6-8月汽车季节性观察窗口 · PEAK->MAIN_END,7,2019|2020|2021|2022|2023|2024|2025,08-31,07-18,10-14,44,0.3543,0.001904,6,0.8571,STRONG_DRIFT,15.0,False,1,7,7,CALENDAR_DRIVEN|POLICY_CADENCE|REPORTING_CADENCE|DATA_RELEASE_CADENCE|PHASE_TRANSITION,MEDIUM,INCONCLUSIVE_SIMILAR,EXPLORATORY,,true,TOPC-018,EARLY_SIGNAL,MAIN_END 中心 08-31 ≈ EARLY_SIGNAL 中心 06-11 + 中位滞后 70d（拟合中心 08-20，残差 11d）；PEAK 中心 07-11 ≈ EARLY_SIGNAL 中心 06-11 + 中位滞后 40d（拟合中心 07-21，残差 10d） → 派生自 TOPC-018（rule_auto_summer · EARLY_SIGNAL）,EXPLORATORY,N=7 ≥ 5 且窗口可构建，但未全部满足门槛（集中度 0.3543 / 漂移 STRONG_DRIFT / 独立 Cycle 7 / 机制 MEDIUM）→ 探索性，暂不进 Timeline。
TOPC-166,PHASE_TRANSITION,PHASE_TRANSITION,ALL,ALL,全部历史对象,PEAK->MAIN_END,全部历史对象 · PEAK->MAIN_END,7,2019|2020|2021|2022|2023|2024|2025,08-31,07-18,10-14,44,0.3543,0.001904,6,0.8571,STRONG_DRIFT,15.0,False,1,7,7,CALENDAR_DRIVEN|POLICY_CADENCE|REPORTING_CADENCE|DATA_RELEASE_CADENCE|PHASE_TRANSITION,MEDIUM,INCONCLUSIVE_SIMILAR,EXPLORATORY,,,,,scope 无节奏分析（或 EARLY_SIGNAL 样本 < 3）,EXPLORATORY,N=7 ≥ 5 且窗口可构建，但未全部满足门槛（集中度 0.3543 / 漂移 STRONG_DRIFT / 独立 Cycle 7 / 机制 MEDIUM）→ 探索性，暂不进 Timeline。
TOPC-022,CALENDAR_DRIVEN,LIFECYCLE_STAGE,RULE,rule_auto_summer,6-8月汽车季节性观察窗口,PEAK,6-8月汽车季节性观察窗口 · PEAK,7,2019|2020|2021|2022|2023|2024|2025,07-11,06-07,08-14,34,0.3872,0.003154,6,0.8571,STRONG_DRIFT,8.0,False,1,7,7,CALENDAR_DRIVEN|POLICY_CADENCE|REPORTING_CADENCE|DATA_RELEASE_CADENCE,MEDIUM,INCONCLUSIVE_SIMILAR,EXPLORATORY,,true,TOPC-018,EARLY_SIGNAL,PEAK 中心 07-11 ≈ EARLY_SIGNAL 中心 06-11 + 中位滞后 40d（拟合中心 07-21，残差 10d） → 派生自 TOPC-018（rule_auto_summer · EARLY_SIGNAL）,EXPLORATORY,N=7 ≥ 5 且窗口可构建，但未全部满足门槛（集中度 0.3872 / 漂移 STRONG_DRIFT / 独立 Cycle 7 / 机制 MEDIUM）→ 探索性，暂不进 Timeline。
TOPC-133,PHASE_TRANSITION,PHASE_TRANSITION,RULE,rule_auto_summer,6-8月汽车季节性观察窗口,MAIN_RISE->PEAK,6-8月汽车季节性观察窗口 · MAIN_RISE->PEAK,7,2019|2020|2021|2022|2023|2024|2025,07-13,06-15,08-10,28,0.3872,0.003154,5,0.7143,MILD_DRIFT,8.0,False,1,7,7,CALENDAR_DRIVEN|POLICY_CADENCE|REPORTING_CADENCE|DATA_RELEASE_CADENCE|PHASE_TRANSITION,MEDIUM,INCONCLUSIVE_SIMILAR,EXPLORATORY,,true,TOPC-018,EARLY_SIGNAL,MAIN_RISE 中心 06-22 ≈ EARLY_SIGNAL 中心 06-11 + 中位滞后 10d（拟合中心 06-21，残差 1d）；PEAK 中心 07-11 ≈ EARLY_SIGNAL 中心 06-11 + 中位滞后 40d（拟合中心 07-21，残差 10d） → 派生自 TOPC-018（rule_auto_summer · EARLY_SIGNAL）,EXPLORATORY,N=7 ≥ 5 且窗口可构建，但未全部满足门槛（集中度 0.3872 / 漂移 MILD_DRIFT / 独立 Cycle 7 / 机制 MEDIUM）→ 探索性，暂不进 Timeline。
TOPC-185,PHASE_TRANSITION,DB_PHASE_START,RULE,rule_auto_summer,6-8月汽车季节性观察窗口,PHASE_MAIN_RISE,6-8月汽车季节性观察窗口 · PHASE_MAIN_RISE,6,2020|2021|2022|2023|2024|2025,06-17,05-24,07-11,24,0.1879,0.000232,5,0.8333,MILD_DRIFT,6.0,False,1,6,6,CALENDAR_DRIVEN|POLICY_CADENCE|REPORTING_CADENCE|DATA_RELEASE_CADENCE,MEDIUM,INCONCLUSIVE_SIMILAR,EXPLORATORY,,,,,存在无节奏判定的阶段（不在 export 10 阶段内，或该阶段样本 < 3）→ 不下结论,EXPLORATORY,N=6 ≥ 5 且窗口可构建，但未全部满足门槛（集中度 0.1879 / 漂移 MILD_DRIFT / 独立 Cycle 6 / 机制 MEDIUM）→ 探索性，暂不进 Timeline。
TOPC-025,HOLIDAY_RELATIVE,LIFECYCLE_STAGE,RULE,rule_auto_summer,6-8月汽车季节性观察窗口,DECLINING,6-8月汽车季节性观察窗口 · DECLINING,4,2021|2022|2023|2024,08-04,07-31,08-08,4,0.0868,0.000542,3,0.75,STABLE,3.0,False,1,4,4,CALENDAR_DRIVEN|POLICY_CADENCE|REPORTING_CADENCE|DATA_RELEASE_CADENCE,MEDIUM,EVENT_RELATIVE,EXPLORATORY,,true,TOPC-018,EARLY_SIGNAL,DECLINING 中心 08-04 ≈ EARLY_SIGNAL 中心 06-11 + 中位滞后 61.5d（拟合中心 08-12，残差 7.5d） → 派生自 TOPC-018（rule_auto_summer · EARLY_SIGNAL）,EXPLORATORY,N=4 落在 3–4 区间 → 只允许 RESEARCH_ONLY / EXPLORATORY，不得进入 Timeline（集中度尚可，标记为探索性）。
TOPC-174,PHASE_TRANSITION,DB_PHASE_TRANSITION,THEME_FAMILY,TH-AUTO,汽车,DB_main_rise->decline,汽车 · DB_main_rise->decline,4,2021|2022|2023|2024,07-21,07-01,08-10,20,0.1689,0.00385,4,1.0,STABLE,10.0,False,1,4,4,CALENDAR_DRIVEN|POLICY_CADENCE|REPORTING_CADENCE|DATA_RELEASE_CADENCE|PHASE_TRANSITION,MEDIUM,EVENT_RELATIVE,EXPLORATORY,,,,,存在无节奏判定的阶段（不在 export 10 阶段内，或该阶段样本 < 3）→ 不下结论,EXPLORATORY,N=4 落在 3–4 区间 → 只允许 RESEARCH_ONLY / EXPLORATORY，不得进入 Timeline（集中度尚可，标记为探索性）。
TOPC-188,PHASE_TRANSITION,DB_PHASE_START,RULE,rule_auto_summer,6-8月汽车季节性观察窗口,PHASE_DECLINE,6-8月汽车季节性观察窗口 · PHASE_DECLINE,4,2021|2022|2023|2024,07-21,07-01,08-10,20,0.1689,0.00385,4,1.0,STABLE,10.0,False,1,4,4,CALENDAR_DRIVEN|POLICY_CADENCE|REPORTING_CADENCE|DATA_RELEASE_CADENCE,MEDIUM,EVENT_RELATIVE,EXPLORATORY,,,,,存在无节奏判定的阶段（不在 export 10 阶段内，或该阶段样本 < 3）→ 不下结论,EXPLORATORY,N=4 落在 3–4 区间 → 只允许 RESEARCH_ONLY / EXPLORATORY，不得进入 Timeline（集中度尚可，标记为探索性）。
TOPC-191,PHASE_TRANSITION,DB_PHASE_TRANSITION,RULE,rule_auto_summer,6-8月汽车季节性观察窗口,DB_main_rise->decline,6-8月汽车季节性观察窗口 · DB_main_rise->decline,4,2021|2022|2023|2024,07-21,07-01,08-10,20,0.1689,0.00385,4,1.0,STABLE,10.0,False,1,4,4,CALENDAR_DRIVEN|POLICY_CADENCE|REPORTING_CADENCE|DATA_RELEASE_CADENCE|PHASE_TRANSITION,MEDIUM,EVENT_RELATIVE,EXPLORATORY,,,,,存在无节奏判定的阶段（不在 export 10 阶段内，或该阶段样本 < 3）→ 不下结论,EXPLORATORY,N=4 落在 3–4 区间 → 只允许 RESEARCH_ONLY / EXPLORATORY，不得进入 Timeline（集中度尚可，标记为探索性）。
TOPC-020,CALENDAR_DRIVEN,LIFECYCLE_STAGE,RULE,rule_auto_summer,6-8月汽车季节性观察窗口,BROAD_CONFIRMATION,6-8月汽车季节性观察窗口 · BROAD_CONFIRMATION,4,2022|2023|2024|2025,06-29,06-17,07-11,12,0.1781,0.004488,3,0.75,STABLE,5.0,False,1,4,4,CALENDAR_DRIVEN|POLICY_CADENCE|REPORTING_CADENCE|DATA_RELEASE_CADENCE,MEDIUM,INCONCLUSIVE_SIMILAR,EXPLORATORY,,true,TOPC-018,EARLY_SIGNAL,BROAD_CONFIRMATION 中心 06-29 ≈ EARLY_SIGNAL 中心 06-11 + 中位滞后 25d（拟合中心 07-06，残差 7d） → 派生自 TOPC-018（rule_auto_summer · EARLY_SIGNAL）,EXPLORATORY,N=4 落在 3–4 区间 → 只允许 RESEARCH_ONLY / EXPLORATORY，不得进入 Timeline（集中度尚可，标记为探索性）。
TOPC-112,PHASE_TRANSITION,PHASE_TRANSITION,THEME_FAMILY,TH-AUTO,汽车,EARLY_SIGNAL->BROAD_CONFIRMATION,汽车 · EARLY_SIGNAL->BROAD_CONFIRMATION,4,2022|2023|2024|2025,06-29,06-17,07-11,12,0.1781,0.004488,3,0.75,STABLE,5.0,False,1,4,4,CALENDAR_DRIVEN|POLICY_CADENCE|REPORTING_CADENCE|DATA_RELEASE_CADENCE|PHASE_TRANSITION,MEDIUM,INCONCLUSIVE_SIMILAR,EXPLORATORY,,true,TOPC-001,EARLY_SIGNAL,BROAD_CONFIRMATION 中心 06-29 ≈ EARLY_SIGNAL 中心 06-11 + 中位滞后 25d（拟合中心 07-06，残差 7d） → 派生自 TOPC-001（TH-AUTO · EARLY_SIGNAL）,EXPLORATORY,N=4 落在 3–4 区间 → 只允许 RESEARCH_ONLY / EXPLORATORY，不得进入 Timeline（集中度尚可，标记为探索性）。
TOPC-128,PHASE_TRANSITION,PHASE_TRANSITION,RULE,rule_auto_summer,6-8月汽车季节性观察窗口,EARLY_SIGNAL->BROAD_CONFIRMATION,6-8月汽车季节性观察窗口 · EARLY_SIGNAL->BROAD_CONFIRMATION,4,2022|2023|2024|2025,06-29,06-17,07-11,12,0.1781,0.004488,3,0.75,STABLE,5.0,False,1,4,4,CALENDAR_DRIVEN|POLICY_CADENCE|REPORTING_CADENCE|DATA_RELEASE_CADENCE|PHASE_TRANSITION,MEDIUM,INCONCLUSIVE_SIMILAR,EXPLORATORY,,true,TOPC-018,EARLY_SIGNAL,BROAD_CONFIRMATION 中心 06-29 ≈ EARLY_SIGNAL 中心 06-11 + 中位滞后 25d（拟合中心 07-06，残差 7d） → 派生自 TOPC-018（rule_auto_summer · EARLY_SIGNAL）,EXPLORATORY,N=4 落在 3–4 区间 → 只允许 RESEARCH_ONLY / EXPLORATORY，不得进入 Timeline（集中度尚可，标记为探索性）。
TOPC-132,PHASE_TRANSITION,PHASE_TRANSITION,RULE,rule_auto_summer,6-8月汽车季节性观察窗口,BROAD_CONFIRMATION->PEAK,6-8月汽车季节性观察窗口 · BROAD_CONFIRMATION->PEAK,4,2022|2023|2024|2025,07-03,06-09,07-27,24,0.2237,0.008703,3,0.75,STABLE,9.0,False,1,4,4,CALENDAR_DRIVEN|POLICY_CADENCE|REPORTING_CADENCE|DATA_RELEASE_CADENCE|PHASE_TRANSITION,MEDIUM,INCONCLUSIVE_SIMILAR,EXPLORATORY,,true,TOPC-018,EARLY_SIGNAL,BROAD_CONFIRMATION 中心 06-29 ≈ EARLY_SIGNAL 中心 06-11 + 中位滞后 25d（拟合中心 07-06，残差 7d）；PEAK 中心 07-11 ≈ EARLY_SIGNAL 中心 06-11 + 中位滞后 40d（拟合中心 07-21，残差 10d） → 派生自 TOPC-018（rule_auto_summer · EARLY_SIGNAL）,EXPLORATORY,N=4 落在 3–4 区间 → 只允许 RESEARCH_ONLY / EXPLORATORY，不得进入 Timeline（集中度尚可，标记为探索性）。
TOPC-189,PHASE_TRANSITION,DB_PHASE_TRANSITION,RULE,rule_auto_summer,6-8月汽车季节性观察窗口,DB_startup->main_rise,6-8月汽车季节性观察窗口 · DB_startup->main_rise,4,2020|2022|2023|2024,06-22,05-31,07-14,22,0.2237,0.008703,3,0.75,MILD_DRIFT,11.0,False,1,4,4,CALENDAR_DRIVEN|POLICY_CADENCE|REPORTING_CADENCE|DATA_RELEASE_CADENCE|PHASE_TRANSITION,MEDIUM,INCONCLUSIVE_SIMILAR,EXPLORATORY,,,,,存在无节奏判定的阶段（不在 export 10 阶段内，或该阶段样本 < 3）→ 不下结论,EXPLORATORY,N=4 落在 3–4 区间 → 只允许 RESEARCH_ONLY / EXPLORATORY，不得进入 Timeline（集中度尚可，标记为探索性）。
TOPC-184,PHASE_TRANSITION,DB_PHASE_START,RULE,rule_auto_summer,6-8月汽车季节性观察窗口,PHASE_STARTUP,6-8月汽车季节性观察窗口 · PHASE_STARTUP,4,2020|2022|2023|2024,06-07,05-11,07-04,27,0.3288,0.026161,2,0.5,MILD_DRIFT,6.0,False,1,4,4,CALENDAR_DRIVEN|POLICY_CADENCE|REPORTING_CADENCE|DATA_RELEASE_CADENCE,MEDIUM,INCONCLUSIVE_SIMILAR,EXPLORATORY,,,,,存在无节奏判定的阶段（不在 export 10 阶段内，或该阶段样本 < 3）→ 不下结论,EXPLORATORY,N=4 落在 3–4 区间 → 只允许 RESEARCH_ONLY / EXPLORATORY，不得进入 Timeline（集中度尚可，标记为探索性）。
TOPC-024,CALENDAR_DRIVEN,LIFECYCLE_STAGE,RULE,rule_auto_summer,6-8月汽车季节性观察窗口,SECONDARY,6-8月汽车季节性观察窗口 · SECONDARY,4,2020|2022|2023|2024,08-12,07-19,09-05,24,0.3425,0.029355,3,0.75,MILD_DRIFT,9.0,False,1,4,4,CALENDAR_DRIVEN|POLICY_CADENCE|REPORTING_CADENCE|DATA_RELEASE_CADENCE,MEDIUM,INCONCLUSIVE_SIMILAR,EXPLORATORY,,true,TOPC-018,EARLY_SIGNAL,SECONDARY 中心 08-12 ≈ EARLY_SIGNAL 中心 06-11 + 中位滞后 68.5d（拟合中心 08-18，残差 6.5d） → 派生自 TOPC-018（rule_auto_summer · EARLY_SIGNAL）,EXPLORATORY,N=4 落在 3–4 区间 → 只允许 RESEARCH_ONLY / EXPLORATORY，不得进入 Timeline（集中度尚可，标记为探索性）。
TOPC-019,CALENDAR_DRIVEN,LIFECYCLE_STAGE,RULE,rule_auto_summer,6-8月汽车季节性观察窗口,THEME_FORMING,6-8月汽车季节性观察窗口 · THEME_FORMING,3,2022|2023|2024,06-14,06-04,06-24,10,0.1589,0.017935,2,0.6667,INSUFFICIENT_N,11.0,False,1,3,3,CALENDAR_DRIVEN|POLICY_CADENCE|REPORTING_CADENCE|DATA_RELEASE_CADENCE,MEDIUM,INCONCLUSIVE_SIMILAR,EXPLORATORY,,true,TOPC-018,EARLY_SIGNAL,THEME_FORMING 中心 06-14 ≈ EARLY_SIGNAL 中心 06-11 + 中位滞后 9d（拟合中心 06-20，残差 6d） → 派生自 TOPC-018（rule_auto_summer · EARLY_SIGNAL）,EXPLORATORY,N=3 落在 3–4 区间 → 只允许 RESEARCH_ONLY / EXPLORATORY，不得进入 Timeline（集中度尚可，标记为探索性）。
TOPC-111,PHASE_TRANSITION,PHASE_TRANSITION,THEME_FAMILY,TH-AUTO,汽车,EARLY_SIGNAL->THEME_FORMING,汽车 · EARLY_SIGNAL->THEME_FORMING,3,2022|2023|2024,06-14,06-04,06-24,10,0.1589,0.017935,2,0.6667,INSUFFICIENT_N,11.0,False,1,3,3,CALENDAR_DRIVEN|POLICY_CADENCE|REPORTING_CADENCE|DATA_RELEASE_CADENCE|PHASE_TRANSITION,MEDIUM,INCONCLUSIVE_SIMILAR,EXPLORATORY,,true,TOPC-001,EARLY_SIGNAL,THEME_FORMING 中心 06-14 ≈ EARLY_SIGNAL 中心 06-11 + 中位滞后 9d（拟合中心 06-20，残差 6d） → 派生自 TOPC-001（TH-AUTO · EARLY_SIGNAL）,EXPLORATORY,N=3 落在 3–4 区间 → 只允许 RESEARCH_ONLY / EXPLORATORY，不得进入 Timeline（集中度尚可，标记为探索性）。
TOPC-127,PHASE_TRANSITION,PHASE_TRANSITION,RULE,rule_auto_summer,6-8月汽车季节性观察窗口,EARLY_SIGNAL->THEME_FORMING,6-8月汽车季节性观察窗口 · EARLY_SIGNAL->THEME_FORMING,3,2022|2023|2024,06-14,06-04,06-24,10,0.1589,0.017935,2,0.6667,INSUFFICIENT_N,11.0,False,1,3,3,CALENDAR_DRIVEN|POLICY_CADENCE|REPORTING_CADENCE|DATA_RELEASE_CADENCE|PHASE_TRANSITION,MEDIUM,INCONCLUSIVE_SIMILAR,EXPLORATORY,,true,TOPC-018,EARLY_SIGNAL,THEME_FORMING 中心 06-14 ≈ EARLY_SIGNAL 中心 06-11 + 中位滞后 9d（拟合中心 06-20，残差 6d） → 派生自 TOPC-018（rule_auto_summer · EARLY_SIGNAL）,EXPLORATORY,N=3 落在 3–4 区间 → 只允许 RESEARCH_ONLY / EXPLORATORY，不得进入 Timeline（集中度尚可，标记为探索性）。
TOPC-130,PHASE_TRANSITION,PHASE_TRANSITION,RULE,rule_auto_summer,6-8月汽车季节性观察窗口,THEME_FORMING->PEAK,6-8月汽车季节性观察窗口 · THEME_FORMING->PEAK,3,2022|2023|2024,06-18,06-06,06-30,12,0.1699,0.020415,2,0.6667,INSUFFICIENT_N,11.0,False,1,3,3,CALENDAR_DRIVEN|POLICY_CADENCE|REPORTING_CADENCE|DATA_RELEASE_CADENCE|PHASE_TRANSITION,MEDIUM,INCONCLUSIVE_SIMILAR,EXPLORATORY,,true,TOPC-018,EARLY_SIGNAL,PEAK 中心 07-11 ≈ EARLY_SIGNAL 中心 06-11 + 中位滞后 40d（拟合中心 07-21，残差 10d）；THEME_FORMING 中心 06-14 ≈ EARLY_SIGNAL 中心 06-11 + 中位滞后 9d（拟合中心 06-20，残差 6d） → 派生自 TOPC-018（rule_auto_summer · EARLY_SIGNAL）,EXPLORATORY,N=3 落在 3–4 区间 → 只允许 RESEARCH_ONLY / EXPLORATORY，不得进入 Timeline（集中度尚可，标记为探索性）。
TOPC-057,CALENDAR_DRIVEN,LIFECYCLE_STAGE,ALL,ALL,全部历史对象,PEAK,全部历史对象 · PEAK,7,2019|2020|2021|2022|2023|2024|2025,06-18,05-15,07-22,34,0.884,0.256695,4,0.5714,STRONG_DRIFT,4.0,False,3,7,7,CALENDAR_DRIVEN|POLICY_CADENCE|REPORTING_CADENCE|DATA_RELEASE_CADENCE,MEDIUM,INCONCLUSIVE_SIMILAR,RESEARCH_ONLY,,,,,scope 无节奏分析（或 EARLY_SIGNAL 样本 < 3）,RESEARCH_ONLY,N=7 ≥ 5 但集中度比率 0.884 不足（> 0.60）→ 时间分散，仅留研究层。
TOPC-165,PHASE_TRANSITION,PHASE_TRANSITION,ALL,ALL,全部历史对象,MAIN_RISE->PEAK,全部历史对象 · MAIN_RISE->PEAK,7,2019|2020|2021|2022|2023|2024|2025,06-24,05-30,07-19,25,0.884,0.256695,4,0.5714,STRONG_DRIFT,7.0,False,4,7,7,CALENDAR_DRIVEN|POLICY_CADENCE|REPORTING_CADENCE|DATA_RELEASE_CADENCE|PHASE_TRANSITION,MEDIUM,INCONCLUSIVE_SIMILAR,RESEARCH_ONLY,,,,,scope 无节奏分析（或 EARLY_SIGNAL 样本 < 3）,RESEARCH_ONLY,N=7 ≥ 5 但集中度比率 0.884 不足（> 0.60）→ 时间分散，仅留研究层。
TOPC-053,CALENDAR_DRIVEN,LIFECYCLE_STAGE,ALL,ALL,全部历史对象,EARLY_SIGNAL,全部历史对象 · EARLY_SIGNAL,7,2019|2020|2021|2022|2023|2024|2025,03-21,,,,0.6247,0.044293,,,STRONG_DRIFT,36.0,False,4,6,7,CALENDAR_DRIVEN|POLICY_CADENCE|REPORTING_CADENCE|DATA_RELEASE_CADENCE,MEDIUM,INCONCLUSIVE_SIMILAR,REJECTED,,,,,scope 无节奏分析（或 EARLY_SIGNAL 样本 < 3）,REJECTED,IQR=140.5 天 → 锚点跨三个以上季节，无法构建有意义的观察窗口（不得人为造窗口）。
TOPC-314,CALENDAR_DRIVEN,EVENT_TYPE,EVENT_TYPE,EVT-POLICY,事件类型：policy,,事件类型：policy,7,2018|2019|2020|2021|2022|2023|2024,04-16,,,,0.6429,0.051621,,,STRONG_DRIFT,30.0,False,0,0,0,POLICY_CADENCE|CALENDAR_DRIVEN,MEDIUM,INCONCLUSIVE_SIMILAR,REJECTED,,,,,scope 无节奏分析（或 EARLY_SIGNAL 样本 < 3）,REJECTED,IQR=134.0 天 → 锚点跨三个以上季节，无法构建有意义的观察窗口（不得人为造窗口）。
TOPC-056,CALENDAR_DRIVEN,LIFECYCLE_STAGE,ALL,ALL,全部历史对象,MAIN_RISE,全部历史对象 · MAIN_RISE,7,2019|2020|2021|2022|2023|2024|2025,05-23,,,,0.8256,0.185106,,,MILD_DRIFT,22.0,False,4,7,7,CALENDAR_DRIVEN|POLICY_CADENCE|REPORTING_CADENCE|DATA_RELEASE_CADENCE,MEDIUM,INCONCLUSIVE_SIMILAR,REJECTED,,,,,scope 无节奏分析（或 EARLY_SIGNAL 样本 < 3）,REJECTED,IQR=122.0 天 → 锚点跨三个以上季节，无法构建有意义的观察窗口（不得人为造窗口）。
TOPC-055,CALENDAR_DRIVEN,LIFECYCLE_STAGE,ALL,ALL,全部历史对象,BROAD_CONFIRMATION,全部历史对象 · BROAD_CONFIRMATION,7,2019|2020|2021|2022|2023|2024|2025,07-03,05-17,08-19,47,0.9826,0.413098,4,0.5714,STRONG_DRIFT,105.0,True,4,7,7,CALENDAR_DRIVEN|POLICY_CADENCE|REPORTING_CADENCE|DATA_RELEASE_CADENCE,MEDIUM,INCONCLUSIVE_SIMILAR,REJECTED,,,,,scope 无节奏分析（或 EARLY_SIGNAL 样本 < 3）,REJECTED,留一法显示结果由单一年份主导（最大中心位移 105.0 天）→ 不构成时间规律。
TOPC-223,PHASE_TRANSITION,DB_PHASE_START,ALL,ALL,全部历史对象,PHASE_MAIN_RISE,全部历史对象 · PHASE_MAIN_RISE,6,2020|2021|2022|2023|2024|2025,05-01,,,,0.7326,0.132763,,,MILD_DRIFT,22.0,False,4,6,6,CALENDAR_DRIVEN|POLICY_CADENCE|REPORTING_CADENCE|DATA_RELEASE_CADENCE,MEDIUM,INCONCLUSIVE_SIMILAR,REJECTED,,,,,scope 无节奏分析（或 EARLY_SIGNAL 样本 < 3）,REJECTED,IQR=124.25 天 → 锚点跨三个以上季节，无法构建有意义的观察窗口（不得人为造窗口）。
TOPC-164,PHASE_TRANSITION,PHASE_TRANSITION,ALL,ALL,全部历史对象,BROAD_CONFIRMATION->PEAK,全部历史对象 · BROAD_CONFIRMATION->PEAK,6,2020|2021|2022|2023|2024|2025,07-10,,,,0.7595,0.154437,,,STRONG_DRIFT,1.0,False,3,6,6,CALENDAR_DRIVEN|POLICY_CADENCE|REPORTING_CADENCE|DATA_RELEASE_CADENCE|PHASE_TRANSITION,MEDIUM,INCONCLUSIVE_SIMILAR,REJECTED,,,,,scope 无节奏分析（或 EARLY_SIGNAL 样本 < 3）,REJECTED,IQR=94.25 天 → 锚点跨三个以上季节，无法构建有意义的观察窗口（不得人为造窗口）。
TOPC-054,CALENDAR_DRIVEN,LIFECYCLE_STAGE,ALL,ALL,全部历史对象,THEME_FORMING,全部历史对象 · THEME_FORMING,6,2019|2020|2021|2022|2023|2024,04-02,,,,0.8515,0.246281,,,STRONG_DRIFT,181.0,True,4,5,6,CALENDAR_DRIVEN|POLICY_CADENCE|REPORTING_CADENCE|DATA_RELEASE_CADENCE,MEDIUM,ABSOLUTE_CALENDAR,REJECTED,,,,,scope 无节奏分析（或 EARLY_SIGNAL 样本 < 3）,REJECTED,留一法显示结果由单一年份主导（最大中心位移 181.0 天）→ 不构成时间规律。
TOPC-162,PHASE_TRANSITION,PHASE_TRANSITION,ALL,ALL,全部历史对象,THEME_FORMING->PEAK,全部历史对象 · THEME_FORMING->PEAK,6,2020|2021|2022|2023|2024|2025,03-05,,,,0.9858,0.429099,,,MILD_DRIFT,230.0,True,3,6,6,CALENDAR_DRIVEN|POLICY_CADENCE|REPORTING_CADENCE|DATA_RELEASE_CADENCE|PHASE_TRANSITION,MEDIUM,INCONCLUSIVE_SIMILAR,REJECTED,,,,,scope 无节奏分析（或 EARLY_SIGNAL 样本 < 3）,REJECTED,留一法显示结果由单一年份主导（最大中心位移 230.0 天）→ 不构成时间规律。
TOPC-059,CALENDAR_DRIVEN,LIFECYCLE_STAGE,ALL,ALL,全部历史对象,SECONDARY,全部历史对象 · SECONDARY,5,2020|2021|2022|2023|2024,08-04,,,,0.6986,0.147617,,,STRONG_DRIFT,50.0,True,3,5,5,CALENDAR_DRIVEN|POLICY_CADENCE|REPORTING_CADENCE|DATA_RELEASE_CADENCE,MEDIUM,INCONCLUSIVE_SIMILAR,REJECTED,,,,,scope 无节奏分析（或 EARLY_SIGNAL 样本 < 3）,REJECTED,留一法显示结果由单一年份主导（最大中心位移 50.0 天）→ 不构成时间规律。
TOPC-221,PHASE_TRANSITION,DB_PHASE_START,ALL,ALL,全部历史对象,PHASE_STARTUP,全部历史对象 · PHASE_STARTUP,5,2019|2020|2022|2023|2024,03-21,,,,0.7685,0.203291,,,STABLE,36.0,False,4,5,5,CALENDAR_DRIVEN|POLICY_CADENCE|REPORTING_CADENCE|DATA_RELEASE_CADENCE,MEDIUM,INCONCLUSIVE_SIMILAR,REJECTED,,,,,scope 无节奏分析（或 EARLY_SIGNAL 样本 < 3）,REJECTED,IQR=142.0 天 → 锚点跨三个以上季节，无法构建有意义的观察窗口（不得人为造窗口）。
TOPC-228,PHASE_TRANSITION,DB_PHASE_TRANSITION,ALL,ALL,全部历史对象,DB_startup->main_rise,全部历史对象 · DB_startup->main_rise,5,2020|2021|2022|2023|2024,05-23,,,,0.7849,0.217964,,,STRONG_DRIFT,71.0,True,3,5,5,CALENDAR_DRIVEN|POLICY_CADENCE|REPORTING_CADENCE|DATA_RELEASE_CADENCE|PHASE_TRANSITION,MEDIUM,INCONCLUSIVE_SIMILAR,REJECTED,,,,,scope 无节奏分析（或 EARLY_SIGNAL 样本 < 3）,REJECTED,留一法显示结果由单一年份主导（最大中心位移 71.0 天）→ 不构成时间规律。
TOPC-161,PHASE_TRANSITION,PHASE_TRANSITION,ALL,ALL,全部历史对象,THEME_FORMING->BROAD_CONFIRMATION,全部历史对象 · THEME_FORMING->BROAD_CONFIRMATION,5,2019|2020|2021|2022|2023,07-03,,,,1.1055,0.605378,,,STABLE,108.0,True,4,5,5,CALENDAR_DRIVEN|POLICY_CADENCE|REPORTING_CADENCE|DATA_RELEASE_CADENCE|PHASE_TRANSITION,MEDIUM,INCONCLUSIVE_SIMILAR,REJECTED,,,,,scope 无节奏分析（或 EARLY_SIGNAL 样本 < 3）,REJECTED,留一法显示结果由单一年份主导（最大中心位移 108.0 天）→ 不构成时间规律。
TOPC-227,PHASE_TRANSITION,DB_PHASE_START,ALL,ALL,全部历史对象,PHASE_DECLINE,全部历史对象 · PHASE_DECLINE,4,2021|2022|2023|2024,10-06,09-16,10-26,20,0.7945,0.278406,0,0.0,STRONG_DRIFT,68.0,True,2,4,4,CALENDAR_DRIVEN|POLICY_CADENCE|REPORTING_CADENCE|DATA_RELEASE_CADENCE,MEDIUM,INCONCLUSIVE_SIMILAR,REJECTED,,,,,scope 无节奏分析（或 EARLY_SIGNAL 样本 < 3）,REJECTED,留一法显示结果由单一年份主导（最大中心位移 68.0 天）→ 不构成时间规律。
TOPC-058,CALENDAR_DRIVEN,LIFECYCLE_STAGE,ALL,ALL,全部历史对象,RETRACEMENT,全部历史对象 · RETRACEMENT,4,2020|2021|2022|2024,10-17,,,,0.8676,0.343937,,,STRONG_DRIFT,43.0,False,3,4,4,CALENDAR_DRIVEN|POLICY_CADENCE|REPORTING_CADENCE|DATA_RELEASE_CADENCE,MEDIUM,ABSOLUTE_CALENDAR,REJECTED,,,,,scope 无节奏分析（或 EARLY_SIGNAL 样本 < 3）,REJECTED,IQR=136.75 天 → 锚点跨三个以上季节，无法构建有意义的观察窗口（不得人为造窗口）。
TOPC-060,CALENDAR_DRIVEN,LIFECYCLE_STAGE,ALL,ALL,全部历史对象,DECLINING,全部历史对象 · DECLINING,4,2021|2022|2023|2024,04-26,,,,0.9909,0.465754,,,STRONG_DRIFT,192.0,True,3,4,4,CALENDAR_DRIVEN|POLICY_CADENCE|REPORTING_CADENCE|DATA_RELEASE_CADENCE,MEDIUM,INCONCLUSIVE_SIMILAR,REJECTED,,,,,scope 无节奏分析（或 EARLY_SIGNAL 样本 < 3）,REJECTED,留一法显示结果由单一年份主导（最大中心位移 192.0 天）→ 不构成时间规律。
TOPC-222,PHASE_TRANSITION,DB_PHASE_START,ALL,ALL,全部历史对象,PHASE_ACCELERATION,全部历史对象 · PHASE_ACCELERATION,4,2019|2020|2022|2023,06-23,,,,1.0457,0.523015,,,STRONG_DRIFT,112.0,True,3,4,4,CALENDAR_DRIVEN|POLICY_CADENCE,LOW,INCONCLUSIVE_SIMILAR,REJECTED,,,,,scope 无节奏分析（或 EARLY_SIGNAL 样本 < 3）,REJECTED,留一法显示结果由单一年份主导（最大中心位移 112.0 天）→ 不构成时间规律。
TOPC-015,CALENDAR_DRIVEN,LIFECYCLE_STAGE,THEME_FAMILY,TH-PHARMA,医药健康,PEAK,医药健康 · PEAK,3,2020|2021|2022,12-28,,,,0.3068,0.063394,,,INSUFFICIENT_N,352.0,True,1,1,3,CALENDAR_DRIVEN|POLICY_CADENCE,LOW,ABSOLUTE_CALENDAR,REJECTED,,,,,scope 无节奏分析（或 EARLY_SIGNAL 样本 < 3）,REJECTED,留一法显示结果由单一年份主导（最大中心位移 352.0 天）→ 不构成时间规律。
TOPC-011,CALENDAR_DRIVEN,LIFECYCLE_STAGE,THEME_FAMILY,TH-PHARMA,医药健康,EARLY_SIGNAL,医药健康 · EARLY_SIGNAL,3,2019|2020|2021,12-12,,,,0.4548,0.131611,,,INSUFFICIENT_N,334.0,True,1,1,3,CALENDAR_DRIVEN|POLICY_CADENCE,LOW,ABSOLUTE_CALENDAR,REJECTED,,,,,scope 无节奏分析（或 EARLY_SIGNAL 样本 < 3）,REJECTED,留一法显示结果由单一年份主导（最大中心位移 334.0 天）→ 不构成时间规律。
TOPC-065,CALENDAR_DRIVEN,LIFECYCLE_STAGE,THEME,TH-AD,智能驾驶/无人驾驶,PEAK,智能驾驶/无人驾驶 · PEAK,3,2019|2023|2025,07-11,,,,0.5041,0.158568,,,INSUFFICIENT_N,38.0,False,1,3,3,CALENDAR_DRIVEN|POLICY_CADENCE|REPORTING_CADENCE|DATA_RELEASE_CADENCE,MEDIUM,INCONCLUSIVE_SIMILAR,REJECTED,,,,,scope 无节奏分析（或 EARLY_SIGNAL 样本 < 3）,REJECTED,IQR=92.0 天 → 锚点跨三个以上季节，无法构建有意义的观察窗口（不得人为造窗口）。
TOPC-226,PHASE_TRANSITION,DB_PHASE_START,ALL,ALL,全部历史对象,PHASE_SECONDARY_RALLY,全部历史对象 · PHASE_SECONDARY_RALLY,3,2020|2021|2022,04-27,,,,0.8493,0.387842,,,INSUFFICIENT_N,58.0,True,3,3,3,CALENDAR_DRIVEN|POLICY_CADENCE|REPORTING_CADENCE|DATA_RELEASE_CADENCE,MEDIUM,INCONCLUSIVE_SIMILAR,REJECTED,,,,,scope 无节奏分析（或 EARLY_SIGNAL 样本 < 3）,REJECTED,留一法显示结果由单一年份主导（最大中心位移 58.0 天）→ 不构成时间规律。
TOPC-225,PHASE_TRANSITION,DB_PHASE_START,ALL,ALL,全部历史对象,PHASE_RETRACEMENT,全部历史对象 · PHASE_RETRACEMENT,3,2020|2021|2022,07-02,,,,0.9589,0.469195,,,INSUFFICIENT_N,81.0,True,3,3,3,CALENDAR_DRIVEN|POLICY_CADENCE|REPORTING_CADENCE|DATA_RELEASE_CADENCE,MEDIUM,INCONCLUSIVE_SIMILAR,REJECTED,,,,,scope 无节奏分析（或 EARLY_SIGNAL 样本 < 3）,REJECTED,留一法显示结果由单一年份主导（最大中心位移 81.0 天）→ 不构成时间规律。
TOPC-213,PHASE_TRANSITION,DB_PHASE_START,RULE,rule_infocomm,信息通信历史周期观察,PHASE_MAIN_RISE,信息通信历史周期观察 · PHASE_MAIN_RISE,3,2020|2023|2025,04-09,,,,1.0301,0.522596,,,INSUFFICIENT_N,71.0,True,1,2,2,UNKNOWN,LOW,INCONCLUSIVE_SIMILAR,REJECTED,,,,,scope 无节奏分析（或 EARLY_SIGNAL 样本 < 3）,REJECTED,留一法显示结果由单一年份主导（最大中心位移 71.0 天）→ 不构成时间规律。
TOPC-163,PHASE_TRANSITION,PHASE_TRANSITION,ALL,ALL,全部历史对象,BROAD_CONFIRMATION->MAIN_RISE,全部历史对象 · BROAD_CONFIRMATION->MAIN_RISE,3,2020|2023|2024,01-01,,,,1.0466,0.534906,,,INSUFFICIENT_N,95.0,True,3,3,3,CALENDAR_DRIVEN|POLICY_CADENCE|REPORTING_CADENCE|DATA_RELEASE_CADENCE|PHASE_TRANSITION,MEDIUM,INCONCLUSIVE_SIMILAR,REJECTED,,,,,scope 无节奏分析（或 EARLY_SIGNAL 样本 < 3）,REJECTED,留一法显示结果由单一年份主导（最大中心位移 95.0 天）→ 不构成时间规律。
TOPC-047,UNKNOWN,LIFECYCLE_STAGE,RULE,rule_infocomm,信息通信历史周期观察,MAIN_RISE,信息通信历史周期观察 · MAIN_RISE,3,2019|2023|2025,08-28,,,,1.1233,0.591997,,,INSUFFICIENT_N,221.0,True,1,2,2,UNKNOWN,LOW,INCONCLUSIVE_SIMILAR,REJECTED,,,,,scope 无节奏分析（或 EARLY_SIGNAL 样本 < 3）,REJECTED,留一法显示结果由单一年份主导（最大中心位移 221.0 天）→ 不构成时间规律。
TOPC-224,PHASE_TRANSITION,DB_PHASE_START,ALL,ALL,全部历史对象,PHASE_DIFFUSION,全部历史对象 · PHASE_DIFFUSION,3,2020|2021|2024,07-09,,,,1.3425,0.746808,,,INSUFFICIENT_N,170.0,True,2,3,3,UNKNOWN,LOW,INCONCLUSIVE_SIMILAR,REJECTED,,,,,scope 无节奏分析（或 EARLY_SIGNAL 样本 < 3）,REJECTED,留一法显示结果由单一年份主导（最大中心位移 170.0 天）→ 不构成时间规律。
TOPC-160,PHASE_TRANSITION,PHASE_TRANSITION,ALL,ALL,全部历史对象,EARLY_SIGNAL->BROAD_CONFIRMATION,全部历史对象 · EARLY_SIGNAL->BROAD_CONFIRMATION,7,2019|2020|2021|2022|2023|2024|2025,07-03,05-17,08-19,47,0.9826,0.413098,4,0.5714,STRONG_DRIFT,105.0,True,4,7,7,CALENDAR_DRIVEN|POLICY_CADENCE|REPORTING_CADENCE|DATA_RELEASE_CADENCE|PHASE_TRANSITION,MEDIUM,INCONCLUSIVE_SIMILAR,REJECTED,,,,,scope 无节奏分析（或 EARLY_SIGNAL 样本 < 3）,REJECTED,留一法显示结果由单一年份主导（最大中心位移 105.0 天）→ 不构成时间规律。
TOPC-159,PHASE_TRANSITION,PHASE_TRANSITION,ALL,ALL,全部历史对象,EARLY_SIGNAL->THEME_FORMING,全部历史对象 · EARLY_SIGNAL->THEME_FORMING,6,2019|2020|2021|2022|2023|2024,04-02,,,,0.8515,0.246281,,,STRONG_DRIFT,181.0,True,4,5,6,CALENDAR_DRIVEN|POLICY_CADENCE|REPORTING_CADENCE|DATA_RELEASE_CADENCE|PHASE_TRANSITION,MEDIUM,ABSOLUTE_CALENDAR,REJECTED,,,,,scope 无节奏分析（或 EARLY_SIGNAL 样本 < 3）,REJECTED,留一法显示结果由单一年份主导（最大中心位移 181.0 天）→ 不构成时间规律。
TOPC-230,PHASE_TRANSITION,DB_PHASE_TRANSITION,ALL,ALL,全部历史对象,DB_main_rise->decline,全部历史对象 · DB_main_rise->decline,4,2021|2022|2023|2024,10-06,09-16,10-26,20,0.7945,0.278406,0,0.0,STRONG_DRIFT,68.0,True,2,4,4,CALENDAR_DRIVEN|POLICY_CADENCE|REPORTING_CADENCE|DATA_RELEASE_CADENCE|PHASE_TRANSITION,MEDIUM,INCONCLUSIVE_SIMILAR,REJECTED,,,,,scope 无节奏分析（或 EARLY_SIGNAL 样本 < 3）,REJECTED,留一法显示结果由单一年份主导（最大中心位移 68.0 天）→ 不构成时间规律。
TOPC-032,CALENDAR_DRIVEN,LIFECYCLE_STAGE,RULE,rule_pharma_upgrade,医药健康结构性升级观察窗口,PEAK,医药健康结构性升级观察窗口 · PEAK,3,2020|2021|2022,12-28,,,,0.3068,0.063394,,,INSUFFICIENT_N,352.0,True,1,1,3,CALENDAR_DRIVEN|POLICY_CADENCE,LOW,ABSOLUTE_CALENDAR,REJECTED,,,,,scope 无节奏分析（或 EARLY_SIGNAL 样本 < 3）,REJECTED,留一法显示结果由单一年份主导（最大中心位移 352.0 天）→ 不构成时间规律。
TOPC-028,CALENDAR_DRIVEN,LIFECYCLE_STAGE,RULE,rule_pharma_upgrade,医药健康结构性升级观察窗口,EARLY_SIGNAL,医药健康结构性升级观察窗口 · EARLY_SIGNAL,3,2019|2020|2021,12-12,,,,0.4548,0.131611,,,INSUFFICIENT_N,334.0,True,1,1,3,CALENDAR_DRIVEN|POLICY_CADENCE,LOW,ABSOLUTE_CALENDAR,REJECTED,,,,,scope 无节奏分析（或 EARLY_SIGNAL 样本 < 3）,REJECTED,留一法显示结果由单一年份主导（最大中心位移 334.0 天）→ 不构成时间规律。
TOPC-240,PHASE_TRANSITION,DB_PHASE_START,THEME,TH-COMM,信息通信,PHASE_MAIN_RISE,信息通信 · PHASE_MAIN_RISE,3,2020|2023|2025,04-09,,,,1.0301,0.522596,,,INSUFFICIENT_N,71.0,True,1,2,2,UNKNOWN,LOW,INCONCLUSIVE_SIMILAR,REJECTED,,,,,scope 无节奏分析（或 EARLY_SIGNAL 样本 < 3）,REJECTED,留一法显示结果由单一年份主导（最大中心位移 71.0 天）→ 不构成时间规律。
TOPC-254,PHASE_TRANSITION,DB_PHASE_START,THEME,TH-COMM-OPTICAL,光模块/高速光互联,PHASE_MAIN_RISE,光模块/高速光互联 · PHASE_MAIN_RISE,3,2020|2023|2025,04-09,,,,1.0301,0.522596,,,INSUFFICIENT_N,71.0,True,1,2,2,UNKNOWN,LOW,INCONCLUSIVE_SIMILAR,REJECTED,,,,,scope 无节奏分析（或 EARLY_SIGNAL 样本 < 3）,REJECTED,留一法显示结果由单一年份主导（最大中心位移 71.0 天）→ 不构成时间规律。
TOPC-043,SEASONAL,LIFECYCLE_STAGE,RULE,rule_power_equipment,电力设备历史周期观察,MAIN_END,电力设备历史周期观察 · MAIN_END,2,2022|2025,12-30,,,,0.0082,0.005472,,,INSUFFICIENT_N,,,1,2,2,UNKNOWN,LOW,,INSUFFICIENT_DATA,,,,,scope 无节奏分析（或 EARLY_SIGNAL 样本 < 3）,INSUFFICIENT_DATA,N=2 < 3：样本不足以判断是否存在时间结构。
TOPC-115,PHASE_TRANSITION,PHASE_TRANSITION,THEME_FAMILY,TH-AUTO,汽车,BROAD_CONFIRMATION->MAIN_RISE,汽车 · BROAD_CONFIRMATION->MAIN_RISE,2,2023|2024,07-07,,,,0.0658,0.043355,,,INSUFFICIENT_N,,,1,2,2,CALENDAR_DRIVEN|POLICY_CADENCE|REPORTING_CADENCE|DATA_RELEASE_CADENCE|PHASE_TRANSITION,MEDIUM,,INSUFFICIENT_DATA,,true,TOPC-001,EARLY_SIGNAL,BROAD_CONFIRMATION 中心 06-29 ≈ EARLY_SIGNAL 中心 06-11 + 中位滞后 25d（拟合中心 07-06，残差 7d）；MAIN_RISE 中心 06-22 ≈ EARLY_SIGNAL 中心 06-11 + 中位滞后 10d（拟合中心 06-21，残差 1d） → 派生自 TOPC-001（TH-AUTO · EARLY_SIGNAL）,INSUFFICIENT_DATA,N=2 < 3：样本不足以判断是否存在时间结构。
TOPC-232,PHASE_TRANSITION,DB_PHASE_START,THEME,TH-AD,智能驾驶/无人驾驶,PHASE_MAIN_RISE,智能驾驶/无人驾驶 · PHASE_MAIN_RISE,2,2023|2025,06-27,,,,0.0904,0.059366,,,INSUFFICIENT_N,,,1,2,2,CALENDAR_DRIVEN|POLICY_CADENCE|REPORTING_CADENCE|DATA_RELEASE_CADENCE,MEDIUM,,INSUFFICIENT_DATA,,,,,scope 无节奏分析（或 EARLY_SIGNAL 样本 < 3）,INSUFFICIENT_DATA,N=2 < 3：样本不足以判断是否存在时间结构。
TOPC-229,PHASE_TRANSITION,DB_PHASE_TRANSITION,ALL,ALL,全部历史对象,DB_main_rise->retracement,全部历史对象 · DB_main_rise->retracement,2,2020|2021,07-08,,,,0.0986,0.064673,,,INSUFFICIENT_N,,,2,2,2,CALENDAR_DRIVEN|POLICY_CADENCE|REPORTING_CADENCE|DATA_RELEASE_CADENCE|PHASE_TRANSITION,MEDIUM,,INSUFFICIENT_DATA,,,,,scope 无节奏分析（或 EARLY_SIGNAL 样本 < 3）,INSUFFICIENT_DATA,N=2 < 3：样本不足以判断是否存在时间结构。
TOPC-006,CALENDAR_DRIVEN,LIFECYCLE_STAGE,THEME_FAMILY,TH-AUTO,汽车,RETRACEMENT,汽车 · RETRACEMENT,2,2020|2022,07-07,,,,0.1068,0.069964,,,INSUFFICIENT_N,,,1,2,2,CALENDAR_DRIVEN|POLICY_CADENCE|REPORTING_CADENCE|DATA_RELEASE_CADENCE,MEDIUM,,INSUFFICIENT_DATA,,,,,存在无节奏判定的阶段（不在 export 10 阶段内，或该阶段样本 < 3）→ 不下结论,INSUFFICIENT_DATA,N=2 < 3：样本不足以判断是否存在时间结构。
TOPC-104,CALENDAR_DRIVEN,LIFECYCLE_STAGE,THEME,TH-ROBOTAXI,Robotaxi/无人驾驶/智能网约车,EARLY_SIGNAL,Robotaxi/无人驾驶/智能网约车 · EARLY_SIGNAL,2,2024|2025,06-30,,,,0.1315,0.08575,,,INSUFFICIENT_N,,,1,2,2,CALENDAR_DRIVEN|POLICY_CADENCE|REPORTING_CADENCE|DATA_RELEASE_CADENCE,MEDIUM,,INSUFFICIENT_DATA,,,,,scope 无节奏分析（或 EARLY_SIGNAL 样本 < 3）,INSUFFICIENT_DATA,N=2 < 3：样本不足以判断是否存在时间结构。
TOPC-304,PHASE_TRANSITION,DB_PHASE_START,THEME,TH-ROBOTAXI,Robotaxi/无人驾驶/智能网约车,PHASE_MAIN_RISE,Robotaxi/无人驾驶/智能网约车 · PHASE_MAIN_RISE,2,2024|2025,07-01,,,,0.1562,0.1014,,,INSUFFICIENT_N,,,1,2,2,CALENDAR_DRIVEN|POLICY_CADENCE|REPORTING_CADENCE|DATA_RELEASE_CADENCE,MEDIUM,,INSUFFICIENT_DATA,,,,,scope 无节奏分析（或 EARLY_SIGNAL 样本 < 3）,INSUFFICIENT_DATA,N=2 < 3：样本不足以判断是否存在时间结构。
TOPC-038,SEASONAL,LIFECYCLE_STAGE,RULE,rule_power_equipment,电力设备历史周期观察,MAIN_RISE,电力设备历史周期观察 · MAIN_RISE,2,2020|2023,12-22,,,,0.1644,0.106587,,,INSUFFICIENT_N,,,1,2,2,UNKNOWN,LOW,,INSUFFICIENT_DATA,,,,,scope 无节奏分析（或 EARLY_SIGNAL 样本 < 3）,INSUFFICIENT_DATA,N=2 < 3：样本不足以判断是否存在时间结构。
TOPC-122,PHASE_TRANSITION,PHASE_TRANSITION,THEME_FAMILY,TH-PHARMA,医药健康,THEME_FORMING->PEAK,医药健康 · THEME_FORMING->PEAK,2,2020|2022,12-12,,,,0.2055,0.132295,,,INSUFFICIENT_N,,,1,1,2,CALENDAR_DRIVEN|POLICY_CADENCE|PHASE_TRANSITION,MEDIUM,,INSUFFICIENT_DATA,,,,,scope 无节奏分析（或 EARLY_SIGNAL 样本 < 3）,INSUFFICIENT_DATA,N=2 < 3：样本不足以判断是否存在时间结构。
TOPC-125,PHASE_TRANSITION,PHASE_TRANSITION,THEME_FAMILY,TH-PHARMA,医药健康,MAIN_RISE->PEAK,医药健康 · MAIN_RISE->PEAK,2,2020|2021,01-10,,,,0.2548,0.16265,,,INSUFFICIENT_N,,,1,1,2,CALENDAR_DRIVEN|POLICY_CADENCE|PHASE_TRANSITION,MEDIUM,,INSUFFICIENT_DATA,,,,,scope 无节奏分析（或 EARLY_SIGNAL 样本 < 3）,INSUFFICIENT_DATA,N=2 < 3：样本不足以判断是否存在时间结构。
TOPC-113,PHASE_TRANSITION,PHASE_TRANSITION,THEME_FAMILY,TH-AUTO,汽车,THEME_FORMING->BROAD_CONFIRMATION,汽车 · THEME_FORMING->BROAD_CONFIRMATION,2,2022|2023,06-17,,,,0.263,0.167656,,,INSUFFICIENT_N,,,1,2,2,CALENDAR_DRIVEN|POLICY_CADENCE|REPORTING_CADENCE|DATA_RELEASE_CADENCE|PHASE_TRANSITION,MEDIUM,,INSUFFICIENT_DATA,,true,TOPC-001,EARLY_SIGNAL,BROAD_CONFIRMATION 中心 06-29 ≈ EARLY_SIGNAL 中心 06-11 + 中位滞后 25d（拟合中心 07-06，残差 7d）；THEME_FORMING 中心 06-14 ≈ EARLY_SIGNAL 中心 06-11 + 中位滞后 9d（拟合中心 06-20，残差 6d） → 派生自 TOPC-001（TH-AUTO · EARLY_SIGNAL）,INSUFFICIENT_DATA,N=2 < 3：样本不足以判断是否存在时间结构。
TOPC-036,SEASONAL,LIFECYCLE_STAGE,RULE,rule_power_equipment,电力设备历史周期观察,THEME_FORMING,电力设备历史周期观察 · THEME_FORMING,2,2020|2022,12-30,,,,0.2877,0.182586,,,INSUFFICIENT_N,,,1,2,2,UNKNOWN,LOW,,INSUFFICIENT_DATA,,,,,scope 无节奏分析（或 EARLY_SIGNAL 样本 < 3）,INSUFFICIENT_DATA,N=2 < 3：样本不足以判断是否存在时间结构。
TOPC-105,CALENDAR_DRIVEN,LIFECYCLE_STAGE,THEME,TH-ROBOTAXI,Robotaxi/无人驾驶/智能网约车,PEAK,Robotaxi/无人驾驶/智能网约车 · PEAK,2,2024|2025,07-11,,,,0.2877,0.182586,,,INSUFFICIENT_N,,,1,2,2,CALENDAR_DRIVEN|POLICY_CADENCE|REPORTING_CADENCE|DATA_RELEASE_CADENCE,MEDIUM,,INSUFFICIENT_DATA,,,,,scope 无节奏分析（或 EARLY_SIGNAL 样本 < 3）,INSUFFICIENT_DATA,N=2 < 3：样本不足以判断是否存在时间结构。
TOPC-259,PHASE_TRANSITION,DB_PHASE_START,THEME,TH-NEV,新能源汽车/电池,PHASE_STARTUP,新能源汽车/电池 · PHASE_STARTUP,2,2020|2022,05-14,,,,0.2877,0.182586,,,INSUFFICIENT_N,,,1,2,2,CALENDAR_DRIVEN|POLICY_CADENCE|REPORTING_CADENCE|DATA_RELEASE_CADENCE,MEDIUM,,INSUFFICIENT_DATA,,,,,scope 无节奏分析（或 EARLY_SIGNAL 样本 < 3）,INSUFFICIENT_DATA,N=2 < 3：样本不足以判断是否存在时间结构。
TOPC-037,SEASONAL,LIFECYCLE_STAGE,RULE,rule_power_equipment,电力设备历史周期观察,BROAD_CONFIRMATION,电力设备历史周期观察 · BROAD_CONFIRMATION,2,2021|2022,08-21,,,,0.2959,0.187532,,,INSUFFICIENT_N,,,1,2,2,UNKNOWN,LOW,,INSUFFICIENT_DATA,,,,,scope 无节奏分析（或 EARLY_SIGNAL 样本 < 3）,INSUFFICIENT_DATA,N=2 < 3：样本不足以判断是否存在时间结构。
TOPC-263,PHASE_TRANSITION,DB_PHASE_START,THEME,TH-NEV,新能源汽车/电池,PHASE_DECLINE,新能源汽车/电池 · PHASE_DECLINE,2,2021|2022,07-19,,,,0.3041,0.192464,,,INSUFFICIENT_N,,,1,2,2,CALENDAR_DRIVEN|POLICY_CADENCE|REPORTING_CADENCE|DATA_RELEASE_CADENCE,MEDIUM,,INSUFFICIENT_DATA,,,,,scope 无节奏分析（或 EARLY_SIGNAL 样本 < 3）,INSUFFICIENT_DATA,N=2 < 3：样本不足以判断是否存在时间结构。
TOPC-042,SEASONAL,LIFECYCLE_STAGE,RULE,rule_power_equipment,电力设备历史周期观察,DECLINING,电力设备历史周期观察 · DECLINING,2,2022|2024,09-19,,,,0.4274,0.264635,,,INSUFFICIENT_N,,,1,2,2,UNKNOWN,LOW,,INSUFFICIENT_DATA,,,,,scope 无节奏分析（或 EARLY_SIGNAL 样本 < 3）,INSUFFICIENT_DATA,N=2 < 3：样本不足以判断是否存在时间结构。
TOPC-016,CALENDAR_DRIVEN,LIFECYCLE_STAGE,THEME_FAMILY,TH-PHARMA,医药健康,DECLINING,医药健康 · DECLINING,2,2021|2022,01-05,,,,0.4438,0.274003,,,INSUFFICIENT_N,,,1,1,2,CALENDAR_DRIVEN|POLICY_CADENCE,LOW,,INSUFFICIENT_DATA,,,,,scope 无节奏分析（或 EARLY_SIGNAL 样本 < 3）,INSUFFICIENT_DATA,N=2 < 3：样本不足以判断是否存在时间结构。
TOPC-170,PHASE_TRANSITION,DB_PHASE_START,THEME_FAMILY,TH-AUTO,汽车,PHASE_SECONDARY_RALLY,汽车 · PHASE_SECONDARY_RALLY,2,2020|2022,07-22,,,,0.4932,0.301745,,,INSUFFICIENT_N,,,1,2,2,CALENDAR_DRIVEN|POLICY_CADENCE|REPORTING_CADENCE|DATA_RELEASE_CADENCE,MEDIUM,,INSUFFICIENT_DATA,,,,,存在无节奏判定的阶段（不在 export 10 阶段内，或该阶段样本 < 3）→ 不下结论,INSUFFICIENT_DATA,N=2 < 3：样本不足以判断是否存在时间结构。
TOPC-017,CALENDAR_DRIVEN,LIFECYCLE_STAGE,THEME_FAMILY,TH-PHARMA,医药健康,MAIN_END,医药健康 · MAIN_END,2,2021|2022,11-30,,,,0.5014,0.306316,,,INSUFFICIENT_N,,,1,1,2,CALENDAR_DRIVEN|POLICY_CADENCE,LOW,,INSUFFICIENT_DATA,,,,,scope 无节奏分析（或 EARLY_SIGNAL 样本 < 3）,INSUFFICIENT_DATA,N=2 < 3：样本不足以判断是否存在时间结构。
TOPC-048,SEASONAL,LIFECYCLE_STAGE,RULE,rule_infocomm,信息通信历史周期观察,PEAK,信息通信历史周期观察 · PEAK,2,2020|2025,01-23,,,,0.526,0.31994,,,INSUFFICIENT_N,,,1,2,2,UNKNOWN,LOW,,INSUFFICIENT_DATA,,,,,scope 无节奏分析（或 EARLY_SIGNAL 样本 < 3）,INSUFFICIENT_DATA,N=2 < 3：样本不足以判断是否存在时间结构。
TOPC-049,SEASONAL,LIFECYCLE_STAGE,RULE,rule_infocomm,信息通信历史周期观察,RETRACEMENT,信息通信历史周期观察 · RETRACEMENT,2,2020|2024,09-06,,,,0.526,0.31994,,,INSUFFICIENT_N,,,1,2,2,UNKNOWN,LOW,,INSUFFICIENT_DATA,,,,,scope 无节奏分析（或 EARLY_SIGNAL 样本 < 3）,INSUFFICIENT_DATA,N=2 < 3：样本不足以判断是否存在时间结构。
TOPC-040,UNKNOWN,LIFECYCLE_STAGE,RULE,rule_power_equipment,电力设备历史周期观察,RETRACEMENT,电力设备历史周期观察 · RETRACEMENT,2,2021|2022,12-13,,,,0.6247,0.373083,,,INSUFFICIENT_N,,,1,2,2,UNKNOWN,LOW,,INSUFFICIENT_DATA,,,,,scope 无节奏分析（或 EARLY_SIGNAL 样本 < 3）,INSUFFICIENT_DATA,N=2 < 3：样本不足以判断是否存在时间结构。
TOPC-044,UNKNOWN,LIFECYCLE_STAGE,RULE,rule_infocomm,信息通信历史周期观察,EARLY_SIGNAL,信息通信历史周期观察 · EARLY_SIGNAL,2,2019|2023,04-28,,,,0.6329,0.377414,,,INSUFFICIENT_N,,,1,2,2,UNKNOWN,LOW,,INSUFFICIENT_DATA,,,,,scope 无节奏分析（或 EARLY_SIGNAL 样本 < 3）,INSUFFICIENT_DATA,N=2 < 3：样本不足以判断是否存在时间结构。
TOPC-035,UNKNOWN,LIFECYCLE_STAGE,RULE,rule_power_equipment,电力设备历史周期观察,EARLY_SIGNAL,电力设备历史周期观察 · EARLY_SIGNAL,2,2020|2022,11-16,,,,0.9041,0.511916,,,INSUFFICIENT_N,,,1,2,2,UNKNOWN,LOW,,INSUFFICIENT_DATA,,,,,scope 无节奏分析（或 EARLY_SIGNAL 样本 < 3）,INSUFFICIENT_DATA,N=2 < 3：样本不足以判断是否存在时间结构。
TOPC-039,UNKNOWN,LIFECYCLE_STAGE,RULE,rule_power_equipment,电力设备历史周期观察,PEAK,电力设备历史周期观察 · PEAK,2,2021|2024,09-02,,,,0.9041,0.511916,,,INSUFFICIENT_N,,,1,2,2,UNKNOWN,LOW,,INSUFFICIENT_DATA,,,,,scope 无节奏分析（或 EARLY_SIGNAL 样本 < 3）,INSUFFICIENT_DATA,N=2 < 3：样本不足以判断是否存在时间结构。
TOPC-202,PHASE_TRANSITION,DB_PHASE_START,RULE,rule_power_equipment,电力设备历史周期观察,PHASE_ACCELERATION,电力设备历史周期观察 · PHASE_ACCELERATION,2,2020|2022,02-18,,,,1.1178,0.606373,,,INSUFFICIENT_N,,,1,2,2,UNKNOWN,LOW,,INSUFFICIENT_DATA,,,,,scope 无节奏分析（或 EARLY_SIGNAL 样本 < 3）,INSUFFICIENT_DATA,N=2 < 3：样本不足以判断是否存在时间结构。
TOPC-214,PHASE_TRANSITION,DB_PHASE_START,RULE,rule_infocomm,信息通信历史周期观察,PHASE_DIFFUSION,信息通信历史周期观察 · PHASE_DIFFUSION,2,2020|2024,12-16,,,,1.1425,0.616619,,,INSUFFICIENT_N,,,1,2,2,UNKNOWN,LOW,,INSUFFICIENT_DATA,,,,,scope 无节奏分析（或 EARLY_SIGNAL 样本 < 3）,INSUFFICIENT_DATA,N=2 < 3：样本不足以判断是否存在时间结构。
TOPC-045,UNKNOWN,LIFECYCLE_STAGE,RULE,rule_infocomm,信息通信历史周期观察,THEME_FORMING,信息通信历史周期观察 · THEME_FORMING,2,2019|2023,08-12,,,,1.3151,0.684556,,,INSUFFICIENT_N,,,1,2,2,UNKNOWN,LOW,,INSUFFICIENT_DATA,,,,,scope 无节奏分析（或 EARLY_SIGNAL 样本 < 3）,INSUFFICIENT_DATA,N=2 < 3：样本不足以判断是否存在时间结构。
TOPC-012,CALENDAR_DRIVEN,LIFECYCLE_STAGE,THEME_FAMILY,TH-PHARMA,医药健康,THEME_FORMING,医药健康 · THEME_FORMING,2,2019|2021,10-11,,,,1.3315,0.690681,,,INSUFFICIENT_N,,,1,1,2,CALENDAR_DRIVEN|POLICY_CADENCE,LOW,,INSUFFICIENT_DATA,,,,,scope 无节奏分析（或 EARLY_SIGNAL 样本 < 3）,INSUFFICIENT_DATA,N=2 < 3：样本不足以判断是否存在时间结构。
TOPC-203,PHASE_TRANSITION,DB_PHASE_START,RULE,rule_power_equipment,电力设备历史周期观察,PHASE_MAIN_RISE,电力设备历史周期观察 · PHASE_MAIN_RISE,2,2021|2023,03-27,,,,1.3973,0.714581,,,INSUFFICIENT_N,,,1,2,2,UNKNOWN,LOW,,INSUFFICIENT_DATA,,,,,scope 无节奏分析（或 EARLY_SIGNAL 样本 < 3）,INSUFFICIENT_DATA,N=2 < 3：样本不足以判断是否存在时间结构。
TOPC-046,UNKNOWN,LIFECYCLE_STAGE,RULE,rule_infocomm,信息通信历史周期观察,BROAD_CONFIRMATION,信息通信历史周期观察 · BROAD_CONFIRMATION,2,2020|2023,06-01,,,,1.4548,0.734704,,,INSUFFICIENT_N,,,1,2,2,UNKNOWN,LOW,,INSUFFICIENT_DATA,,,,,scope 无节奏分析（或 EARLY_SIGNAL 样本 < 3）,INSUFFICIENT_DATA,N=2 < 3：样本不足以判断是否存在时间结构。
TOPC-218,PHASE_TRANSITION,DB_PHASE_TRANSITION,RULE,rule_infocomm,信息通信历史周期观察,DB_startup->main_rise,信息通信历史周期观察 · DB_startup->main_rise,2,2020|2023,05-26,,,,1.5452,0.764841,,,INSUFFICIENT_N,,,1,2,2,PHASE_TRANSITION,MEDIUM,,INSUFFICIENT_DATA,,,,,scope 无节奏分析（或 EARLY_SIGNAL 样本 < 3）,INSUFFICIENT_DATA,N=2 < 3：样本不足以判断是否存在时间结构。
TOPC-009,CALENDAR_DRIVEN,LIFECYCLE_STAGE,THEME_FAMILY,TH-AUTO,汽车,FIRST_DECLINE,汽车 · FIRST_DECLINE,1,2024,08-06,,,,,,,,INSUFFICIENT_N,,,1,1,1,CALENDAR_DRIVEN|POLICY_CADENCE|REPORTING_CADENCE|DATA_RELEASE_CADENCE,MEDIUM,,INSUFFICIENT_DATA,,,,,存在无节奏判定的阶段（不在 export 10 阶段内，或该阶段样本 < 3）→ 不下结论,INSUFFICIENT_DATA,N=1 < 3：样本不足以判断是否存在时间结构。
TOPC-013,CALENDAR_DRIVEN,LIFECYCLE_STAGE,THEME_FAMILY,TH-PHARMA,医药健康,BROAD_CONFIRMATION,医药健康 · BROAD_CONFIRMATION,1,2019,11-28,,,,,,,,INSUFFICIENT_N,,,1,1,1,CALENDAR_DRIVEN|POLICY_CADENCE,LOW,,INSUFFICIENT_DATA,,,,,scope 无节奏分析（或 EARLY_SIGNAL 样本 < 3）,INSUFFICIENT_DATA,N=1 < 3：样本不足以判断是否存在时间结构。
TOPC-014,CALENDAR_DRIVEN,LIFECYCLE_STAGE,THEME_FAMILY,TH-PHARMA,医药健康,MAIN_RISE,医药健康 · MAIN_RISE,1,2020,01-01,,,,,,,,INSUFFICIENT_N,,,1,1,1,CALENDAR_DRIVEN|POLICY_CADENCE,LOW,,INSUFFICIENT_DATA,,,,,scope 无节奏分析（或 EARLY_SIGNAL 样本 < 3）,INSUFFICIENT_DATA,N=1 < 3：样本不足以判断是否存在时间结构。
TOPC-041,UNKNOWN,LIFECYCLE_STAGE,RULE,rule_power_equipment,电力设备历史周期观察,SECONDARY,电力设备历史周期观察 · SECONDARY,1,2022,04-27,,,,,,,,INSUFFICIENT_N,,,1,1,1,UNKNOWN,LOW,,INSUFFICIENT_DATA,,,,,scope 无节奏分析（或 EARLY_SIGNAL 样本 < 3）,INSUFFICIENT_DATA,N=1 < 3：样本不足以判断是否存在时间结构。
TOPC-050,UNKNOWN,LIFECYCLE_STAGE,RULE,rule_infocomm,信息通信历史周期观察,SECONDARY,信息通信历史周期观察 · SECONDARY,1,2021,03-19,,,,,,,,INSUFFICIENT_N,,,1,1,1,UNKNOWN,LOW,,INSUFFICIENT_DATA,,,,,scope 无节奏分析（或 EARLY_SIGNAL 样本 < 3）,INSUFFICIENT_DATA,N=1 < 3：样本不足以判断是否存在时间结构。
TOPC-051,UNKNOWN,LIFECYCLE_STAGE,RULE,rule_infocomm,信息通信历史周期观察,DECLINING,信息通信历史周期观察 · DECLINING,1,2022,01-01,,,,,,,,INSUFFICIENT_N,,,1,1,1,UNKNOWN,LOW,,INSUFFICIENT_DATA,,,,,scope 无节奏分析（或 EARLY_SIGNAL 样本 < 3）,INSUFFICIENT_DATA,N=1 < 3：样本不足以判断是否存在时间结构。
TOPC-052,UNKNOWN,LIFECYCLE_STAGE,RULE,rule_infocomm,信息通信历史周期观察,MAIN_END,信息通信历史周期观察 · MAIN_END,1,2022,10-11,,,,,,,,INSUFFICIENT_N,,,1,1,1,UNKNOWN,LOW,,INSUFFICIENT_DATA,,,,,scope 无节奏分析（或 EARLY_SIGNAL 样本 < 3）,INSUFFICIENT_DATA,N=1 < 3：样本不足以判断是否存在时间结构。
TOPC-064,CALENDAR_DRIVEN,LIFECYCLE_STAGE,THEME,TH-AD,智能驾驶/无人驾驶,THEME_FORMING,智能驾驶/无人驾驶 · THEME_FORMING,1,2023,06-21,,,,,,,,INSUFFICIENT_N,,,1,1,1,CALENDAR_DRIVEN|POLICY_CADENCE|REPORTING_CADENCE|DATA_RELEASE_CADENCE,MEDIUM,,INSUFFICIENT_DATA,,,,,scope 无节奏分析（或 EARLY_SIGNAL 样本 < 3）,INSUFFICIENT_DATA,N=1 < 3：样本不足以判断是否存在时间结构。
TOPC-066,CALENDAR_DRIVEN,LIFECYCLE_STAGE,THEME,TH-CAR-CONSUMPTION,汽车消费/购置税刺激,EARLY_SIGNAL,汽车消费/购置税刺激 · EARLY_SIGNAL,1,2022,04-27,,,,,,,,INSUFFICIENT_N,,,1,1,1,CALENDAR_DRIVEN|POLICY_CADENCE|REPORTING_CADENCE|DATA_RELEASE_CADENCE,MEDIUM,,INSUFFICIENT_DATA,,,,,scope 无节奏分析（或 EARLY_SIGNAL 样本 < 3）,INSUFFICIENT_DATA,N=1 < 3：样本不足以判断是否存在时间结构。
TOPC-067,CALENDAR_DRIVEN,LIFECYCLE_STAGE,THEME,TH-CAR-CONSUMPTION,汽车消费/购置税刺激,THEME_FORMING,汽车消费/购置税刺激 · THEME_FORMING,1,2022,05-23,,,,,,,,INSUFFICIENT_N,,,1,1,1,CALENDAR_DRIVEN|POLICY_CADENCE|REPORTING_CADENCE|DATA_RELEASE_CADENCE,MEDIUM,,INSUFFICIENT_DATA,,,,,scope 无节奏分析（或 EARLY_SIGNAL 样本 < 3）,INSUFFICIENT_DATA,N=1 < 3：样本不足以判断是否存在时间结构。
TOPC-068,CALENDAR_DRIVEN,LIFECYCLE_STAGE,THEME,TH-CAR-CONSUMPTION,汽车消费/购置税刺激,PEAK,汽车消费/购置税刺激 · PEAK,1,2022,06-10,,,,,,,,INSUFFICIENT_N,,,1,1,1,CALENDAR_DRIVEN|POLICY_CADENCE|REPORTING_CADENCE|DATA_RELEASE_CADENCE,MEDIUM,,INSUFFICIENT_DATA,,,,,scope 无节奏分析（或 EARLY_SIGNAL 样本 < 3）,INSUFFICIENT_DATA,N=1 < 3：样本不足以判断是否存在时间结构。
TOPC-072,UNKNOWN,LIFECYCLE_STAGE,THEME,TH-COMM-5G,5G网络建设/通信设备,EARLY_SIGNAL,5G网络建设/通信设备 · EARLY_SIGNAL,1,2019,06-06,,,,,,,,INSUFFICIENT_N,,,1,1,1,UNKNOWN,LOW,,INSUFFICIENT_DATA,,,,,scope 无节奏分析（或 EARLY_SIGNAL 样本 < 3）,INSUFFICIENT_DATA,N=1 < 3：样本不足以判断是否存在时间结构。
TOPC-073,UNKNOWN,LIFECYCLE_STAGE,THEME,TH-COMM-5G,5G网络建设/通信设备,THEME_FORMING,5G网络建设/通信设备 · THEME_FORMING,1,2019,10-31,,,,,,,,INSUFFICIENT_N,,,1,1,1,UNKNOWN,LOW,,INSUFFICIENT_DATA,,,,,scope 无节奏分析（或 EARLY_SIGNAL 样本 < 3）,INSUFFICIENT_DATA,N=1 < 3：样本不足以判断是否存在时间结构。
TOPC-074,UNKNOWN,LIFECYCLE_STAGE,THEME,TH-COMM-5G,5G网络建设/通信设备,PEAK,5G网络建设/通信设备 · PEAK,1,2020,02-24,,,,,,,,INSUFFICIENT_N,,,1,1,1,UNKNOWN,LOW,,INSUFFICIENT_DATA,,,,,scope 无节奏分析（或 EARLY_SIGNAL 样本 < 3）,INSUFFICIENT_DATA,N=1 < 3：样本不足以判断是否存在时间结构。
TOPC-081,CALENDAR_DRIVEN,LIFECYCLE_STAGE,THEME,TH-PHARMA-CXO,CXO(研发外包),EARLY_SIGNAL,CXO(研发外包) · EARLY_SIGNAL,1,2019,01-02,,,,,,,,INSUFFICIENT_N,,,1,1,1,CALENDAR_DRIVEN|POLICY_CADENCE,LOW,,INSUFFICIENT_DATA,,,,,scope 无节奏分析（或 EARLY_SIGNAL 样本 < 3）,INSUFFICIENT_DATA,N=1 < 3：样本不足以判断是否存在时间结构。
TOPC-082,CALENDAR_DRIVEN,LIFECYCLE_STAGE,THEME,TH-PHARMA-CXO,CXO(研发外包),THEME_FORMING,CXO(研发外包) · THEME_FORMING,1,2019,07-22,,,,,,,,INSUFFICIENT_N,,,1,1,1,CALENDAR_DRIVEN|POLICY_CADENCE,LOW,,INSUFFICIENT_DATA,,,,,scope 无节奏分析（或 EARLY_SIGNAL 样本 < 3）,INSUFFICIENT_DATA,N=1 < 3：样本不足以判断是否存在时间结构。
TOPC-083,CALENDAR_DRIVEN,LIFECYCLE_STAGE,THEME,TH-PHARMA-CXO,CXO(研发外包),PEAK,CXO(研发外包) · PEAK,1,2020,12-25,,,,,,,,INSUFFICIENT_N,,,1,1,1,CALENDAR_DRIVEN|POLICY_CADENCE,LOW,,INSUFFICIENT_DATA,,,,,scope 无节奏分析（或 EARLY_SIGNAL 样本 < 3）,INSUFFICIENT_DATA,N=1 < 3：样本不足以判断是否存在时间结构。
TOPC-087,CALENDAR_DRIVEN,LIFECYCLE_STAGE,THEME,TH-PHARMA-PANDEMIC,疫情医疗,EARLY_SIGNAL,疫情医疗 · EARLY_SIGNAL,1,2020,01-23,,,,,,,,INSUFFICIENT_N,,,1,1,1,CALENDAR_DRIVEN|POLICY_CADENCE,LOW,,INSUFFICIENT_DATA,,,,,scope 无节奏分析（或 EARLY_SIGNAL 样本 < 3）,INSUFFICIENT_DATA,N=1 < 3：样本不足以判断是否存在时间结构。
TOPC-088,CALENDAR_DRIVEN,LIFECYCLE_STAGE,THEME,TH-PHARMA-PANDEMIC,疫情医疗,PEAK,疫情医疗 · PEAK,1,2021,01-25,,,,,,,,INSUFFICIENT_N,,,1,1,1,CALENDAR_DRIVEN|POLICY_CADENCE,LOW,,INSUFFICIENT_DATA,,,,,scope 无节奏分析（或 EARLY_SIGNAL 样本 < 3）,INSUFFICIENT_DATA,N=1 < 3：样本不足以判断是否存在时间结构。
TOPC-089,CALENDAR_DRIVEN,LIFECYCLE_STAGE,THEME,TH-PHARMA-TCM,中医药,EARLY_SIGNAL,中医药 · EARLY_SIGNAL,1,2021,11-01,,,,,,,,INSUFFICIENT_N,,,1,1,1,CALENDAR_DRIVEN|POLICY_CADENCE,LOW,,INSUFFICIENT_DATA,,,,,scope 无节奏分析（或 EARLY_SIGNAL 样本 < 3）,INSUFFICIENT_DATA,N=1 < 3：样本不足以判断是否存在时间结构。
TOPC-090,CALENDAR_DRIVEN,LIFECYCLE_STAGE,THEME,TH-PHARMA-TCM,中医药,THEME_FORMING,中医药 · THEME_FORMING,1,2021,12-31,,,,,,,,INSUFFICIENT_N,,,1,1,1,CALENDAR_DRIVEN|POLICY_CADENCE,LOW,,INSUFFICIENT_DATA,,,,,scope 无节奏分析（或 EARLY_SIGNAL 样本 < 3）,INSUFFICIENT_DATA,N=1 < 3：样本不足以判断是否存在时间结构。
TOPC-091,CALENDAR_DRIVEN,LIFECYCLE_STAGE,THEME,TH-PHARMA-TCM,中医药,PEAK,中医药 · PEAK,1,2022,11-30,,,,,,,,INSUFFICIENT_N,,,1,1,1,CALENDAR_DRIVEN|POLICY_CADENCE,LOW,,INSUFFICIENT_DATA,,,,,scope 无节奏分析（或 EARLY_SIGNAL 样本 < 3）,INSUFFICIENT_DATA,N=1 < 3：样本不足以判断是否存在时间结构。
TOPC-095,UNKNOWN,LIFECYCLE_STAGE,THEME,TH-POWER-GRID,电网/输变电设备,EARLY_SIGNAL,电网/输变电设备 · EARLY_SIGNAL,1,2022,01-10,,,,,,,,INSUFFICIENT_N,,,1,1,1,UNKNOWN,LOW,,INSUFFICIENT_DATA,,,,,scope 无节奏分析（或 EARLY_SIGNAL 样本 < 3）,INSUFFICIENT_DATA,N=1 < 3：样本不足以判断是否存在时间结构。
TOPC-096,UNKNOWN,LIFECYCLE_STAGE,THEME,TH-POWER-GRID,电网/输变电设备,THEME_FORMING,电网/输变电设备 · THEME_FORMING,1,2022,01-16,,,,,,,,INSUFFICIENT_N,,,1,1,1,UNKNOWN,LOW,,INSUFFICIENT_DATA,,,,,scope 无节奏分析（或 EARLY_SIGNAL 样本 < 3）,INSUFFICIENT_DATA,N=1 < 3：样本不足以判断是否存在时间结构。
TOPC-097,UNKNOWN,LIFECYCLE_STAGE,THEME,TH-POWER-GRID,电网/输变电设备,PEAK,电网/输变电设备 · PEAK,1,2024,07-09,,,,,,,,INSUFFICIENT_N,,,1,1,1,UNKNOWN,LOW,,INSUFFICIENT_DATA,,,,,scope 无节奏分析（或 EARLY_SIGNAL 样本 < 3）,INSUFFICIENT_DATA,N=1 < 3：样本不足以判断是否存在时间结构。
TOPC-098,UNKNOWN,LIFECYCLE_STAGE,THEME,TH-POWER-PV,光伏/新能源发电设备,EARLY_SIGNAL,光伏/新能源发电设备 · EARLY_SIGNAL,1,2020,09-22,,,,,,,,INSUFFICIENT_N,,,1,1,1,UNKNOWN,LOW,,INSUFFICIENT_DATA,,,,,scope 无节奏分析（或 EARLY_SIGNAL 样本 < 3）,INSUFFICIENT_DATA,N=1 < 3：样本不足以判断是否存在时间结构。
TOPC-099,UNKNOWN,LIFECYCLE_STAGE,THEME,TH-POWER-PV,光伏/新能源发电设备,THEME_FORMING,光伏/新能源发电设备 · THEME_FORMING,1,2020,12-12,,,,,,,,INSUFFICIENT_N,,,1,1,1,UNKNOWN,LOW,,INSUFFICIENT_DATA,,,,,scope 无节奏分析（或 EARLY_SIGNAL 样本 < 3）,INSUFFICIENT_DATA,N=1 < 3：样本不足以判断是否存在时间结构。
TOPC-100,UNKNOWN,LIFECYCLE_STAGE,THEME,TH-POWER-PV,光伏/新能源发电设备,PEAK,光伏/新能源发电设备 · PEAK,1,2021,10-27,,,,,,,,INSUFFICIENT_N,,,1,1,1,UNKNOWN,LOW,,INSUFFICIENT_DATA,,,,,scope 无节奏分析（或 EARLY_SIGNAL 样本 < 3）,INSUFFICIENT_DATA,N=1 < 3：样本不足以判断是否存在时间结构。
TOPC-106,CALENDAR_DRIVEN,LIFECYCLE_STAGE,THEME,TH-TESLA-CHAIN,特斯拉产业链,EARLY_SIGNAL,特斯拉产业链 · EARLY_SIGNAL,1,2020,06-01,,,,,,,,INSUFFICIENT_N,,,1,1,1,CALENDAR_DRIVEN|POLICY_CADENCE|REPORTING_CADENCE|DATA_RELEASE_CADENCE,MEDIUM,,INSUFFICIENT_DATA,,,,,scope 无节奏分析（或 EARLY_SIGNAL 样本 < 3）,INSUFFICIENT_DATA,N=1 < 3：样本不足以判断是否存在时间结构。
TOPC-107,CALENDAR_DRIVEN,LIFECYCLE_STAGE,THEME,TH-TESLA-CHAIN,特斯拉产业链,PEAK,特斯拉产业链 · PEAK,1,2020,07-13,,,,,,,,INSUFFICIENT_N,,,1,1,1,CALENDAR_DRIVEN|POLICY_CADENCE|REPORTING_CADENCE|DATA_RELEASE_CADENCE,MEDIUM,,INSUFFICIENT_DATA,,,,,scope 无节奏分析（或 EARLY_SIGNAL 样本 < 3）,INSUFFICIENT_DATA,N=1 < 3：样本不足以判断是否存在时间结构。
TOPC-108,CALENDAR_DRIVEN,LIFECYCLE_STAGE,THEME,TH-V2X,车路云一体化/车路协同,EARLY_SIGNAL,车路云一体化/车路协同 · EARLY_SIGNAL,1,2024,06-11,,,,,,,,INSUFFICIENT_N,,,1,1,1,CALENDAR_DRIVEN|POLICY_CADENCE|REPORTING_CADENCE|DATA_RELEASE_CADENCE,MEDIUM,,INSUFFICIENT_DATA,,,,,scope 无节奏分析（或 EARLY_SIGNAL 样本 < 3）,INSUFFICIENT_DATA,N=1 < 3：样本不足以判断是否存在时间结构。
TOPC-109,CALENDAR_DRIVEN,LIFECYCLE_STAGE,THEME,TH-V2X,车路云一体化/车路协同,THEME_FORMING,车路云一体化/车路协同 · THEME_FORMING,1,2024,06-14,,,,,,,,INSUFFICIENT_N,,,1,1,1,CALENDAR_DRIVEN|POLICY_CADENCE|REPORTING_CADENCE|DATA_RELEASE_CADENCE,MEDIUM,,INSUFFICIENT_DATA,,,,,scope 无节奏分析（或 EARLY_SIGNAL 样本 < 3）,INSUFFICIENT_DATA,N=1 < 3：样本不足以判断是否存在时间结构。
TOPC-110,CALENDAR_DRIVEN,LIFECYCLE_STAGE,THEME,TH-V2X,车路云一体化/车路协同,PEAK,车路云一体化/车路协同 · PEAK,1,2024,06-18,,,,,,,,INSUFFICIENT_N,,,1,1,1,CALENDAR_DRIVEN|POLICY_CADENCE|REPORTING_CADENCE|DATA_RELEASE_CADENCE,MEDIUM,,INSUFFICIENT_DATA,,,,,scope 无节奏分析（或 EARLY_SIGNAL 样本 < 3）,INSUFFICIENT_DATA,N=1 < 3：样本不足以判断是否存在时间结构。
TOPC-147,PHASE_TRANSITION,PHASE_TRANSITION,RULE,rule_power_equipment,电力设备历史周期观察,BROAD_CONFIRMATION->MAIN_RISE,电力设备历史周期观察 · BROAD_CONFIRMATION->MAIN_RISE,1,2023,01-01,,,,,,,,INSUFFICIENT_N,,,1,1,1,PHASE_TRANSITION,MEDIUM,,INSUFFICIENT_DATA,,,,,scope 无节奏分析（或 EARLY_SIGNAL 样本 < 3）,INSUFFICIENT_DATA,N=1 < 3：样本不足以判断是否存在时间结构。
TOPC-155,PHASE_TRANSITION,PHASE_TRANSITION,RULE,rule_infocomm,信息通信历史周期观察,BROAD_CONFIRMATION->MAIN_RISE,信息通信历史周期观察 · BROAD_CONFIRMATION->MAIN_RISE,1,2023,08-28,,,,,,,,INSUFFICIENT_N,,,1,1,1,PHASE_TRANSITION,MEDIUM,,INSUFFICIENT_DATA,,,,,scope 无节奏分析（或 EARLY_SIGNAL 样本 < 3）,INSUFFICIENT_DATA,N=1 < 3：样本不足以判断是否存在时间结构。
TOPC-156,PHASE_TRANSITION,PHASE_TRANSITION,RULE,rule_infocomm,信息通信历史周期观察,BROAD_CONFIRMATION->PEAK,信息通信历史周期观察 · BROAD_CONFIRMATION->PEAK,1,2025,12-22,,,,,,,,INSUFFICIENT_N,,,1,1,1,PHASE_TRANSITION,MEDIUM,,INSUFFICIENT_DATA,,,,,scope 无节奏分析（或 EARLY_SIGNAL 样本 < 3）,INSUFFICIENT_DATA,N=1 < 3：样本不足以判断是否存在时间结构。
TOPC-169,PHASE_TRANSITION,DB_PHASE_START,THEME_FAMILY,TH-AUTO,汽车,PHASE_RETRACEMENT,汽车 · PHASE_RETRACEMENT,1,2020,07-14,,,,,,,,INSUFFICIENT_N,,,1,1,1,CALENDAR_DRIVEN|POLICY_CADENCE|REPORTING_CADENCE|DATA_RELEASE_CADENCE,MEDIUM,,INSUFFICIENT_DATA,,,,,存在无节奏判定的阶段（不在 export 10 阶段内，或该阶段样本 < 3）→ 不下结论,INSUFFICIENT_DATA,N=1 < 3：样本不足以判断是否存在时间结构。
TOPC-179,PHASE_TRANSITION,DB_PHASE_START,THEME_FAMILY,TH-PHARMA,医药健康,PHASE_RETRACEMENT,医药健康 · PHASE_RETRACEMENT,1,2021,07-02,,,,,,,,INSUFFICIENT_N,,,1,1,1,CALENDAR_DRIVEN|POLICY_CADENCE,LOW,,INSUFFICIENT_DATA,,,,,scope 无节奏分析（或 EARLY_SIGNAL 样本 < 3）,INSUFFICIENT_DATA,N=1 < 3：样本不足以判断是否存在时间结构。
TOPC-180,PHASE_TRANSITION,DB_PHASE_START,THEME_FAMILY,TH-PHARMA,医药健康,PHASE_DECLINE,医药健康 · PHASE_DECLINE,1,2022,01-03,,,,,,,,INSUFFICIENT_N,,,1,1,1,CALENDAR_DRIVEN|POLICY_CADENCE,LOW,,INSUFFICIENT_DATA,,,,,scope 无节奏分析（或 EARLY_SIGNAL 样本 < 3）,INSUFFICIENT_DATA,N=1 < 3：样本不足以判断是否存在时间结构。
TOPC-209,PHASE_TRANSITION,DB_PHASE_TRANSITION,RULE,rule_power_equipment,电力设备历史周期观察,DB_main_rise->retracement,电力设备历史周期观察 · DB_main_rise->retracement,1,2021,11-05,,,,,,,,INSUFFICIENT_N,,,1,1,1,PHASE_TRANSITION,MEDIUM,,INSUFFICIENT_DATA,,,,,scope 无节奏分析（或 EARLY_SIGNAL 样本 < 3）,INSUFFICIENT_DATA,N=1 < 3：样本不足以判断是否存在时间结构。
TOPC-215,PHASE_TRANSITION,DB_PHASE_START,RULE,rule_infocomm,信息通信历史周期观察,PHASE_RETRACEMENT,信息通信历史周期观察 · PHASE_RETRACEMENT,1,2020,08-05,,,,,,,,INSUFFICIENT_N,,,1,1,1,UNKNOWN,LOW,,INSUFFICIENT_DATA,,,,,scope 无节奏分析（或 EARLY_SIGNAL 样本 < 3）,INSUFFICIENT_DATA,N=1 < 3：样本不足以判断是否存在时间结构。
TOPC-231,PHASE_TRANSITION,DB_PHASE_START,THEME,TH-AD,智能驾驶/无人驾驶,PHASE_STARTUP,智能驾驶/无人驾驶 · PHASE_STARTUP,1,2023,06-12,,,,,,,,INSUFFICIENT_N,,,1,1,1,CALENDAR_DRIVEN|POLICY_CADENCE|REPORTING_CADENCE|DATA_RELEASE_CADENCE,MEDIUM,,INSUFFICIENT_DATA,,,,,scope 无节奏分析（或 EARLY_SIGNAL 样本 < 3）,INSUFFICIENT_DATA,N=1 < 3：样本不足以判断是否存在时间结构。
TOPC-233,PHASE_TRANSITION,DB_PHASE_START,THEME,TH-AD,智能驾驶/无人驾驶,PHASE_DECLINE,智能驾驶/无人驾驶 · PHASE_DECLINE,1,2023,07-11,,,,,,,,INSUFFICIENT_N,,,1,1,1,CALENDAR_DRIVEN|POLICY_CADENCE|REPORTING_CADENCE|DATA_RELEASE_CADENCE,MEDIUM,,INSUFFICIENT_DATA,,,,,scope 无节奏分析（或 EARLY_SIGNAL 样本 < 3）,INSUFFICIENT_DATA,N=1 < 3：样本不足以判断是否存在时间结构。
TOPC-236,PHASE_TRANSITION,DB_PHASE_START,THEME,TH-CAR-CONSUMPTION,汽车消费/购置税刺激,PHASE_SECONDARY_RALLY,汽车消费/购置税刺激 · PHASE_SECONDARY_RALLY,1,2022,06-22,,,,,,,,INSUFFICIENT_N,,,1,1,1,CALENDAR_DRIVEN|POLICY_CADENCE|REPORTING_CADENCE|DATA_RELEASE_CADENCE,MEDIUM,,INSUFFICIENT_DATA,,,,,scope 无节奏分析（或 EARLY_SIGNAL 样本 < 3）,INSUFFICIENT_DATA,N=1 < 3：样本不足以判断是否存在时间结构。
TOPC-237,PHASE_TRANSITION,DB_PHASE_START,THEME,TH-CAR-CONSUMPTION,汽车消费/购置税刺激,PHASE_DECLINE,汽车消费/购置税刺激 · PHASE_DECLINE,1,2022,07-01,,,,,,,,INSUFFICIENT_N,,,1,1,1,CALENDAR_DRIVEN|POLICY_CADENCE|REPORTING_CADENCE|DATA_RELEASE_CADENCE,MEDIUM,,INSUFFICIENT_DATA,,,,,scope 无节奏分析（或 EARLY_SIGNAL 样本 < 3）,INSUFFICIENT_DATA,N=1 < 3：样本不足以判断是否存在时间结构。
TOPC-247,PHASE_TRANSITION,DB_PHASE_START,THEME,TH-COMM-5G,5G网络建设/通信设备,PHASE_MAIN_RISE,5G网络建设/通信设备 · PHASE_MAIN_RISE,1,2020,02-21,,,,,,,,INSUFFICIENT_N,,,1,1,1,UNKNOWN,LOW,,INSUFFICIENT_DATA,,,,,scope 无节奏分析（或 EARLY_SIGNAL 样本 < 3）,INSUFFICIENT_DATA,N=1 < 3：样本不足以判断是否存在时间结构。
TOPC-284,PHASE_TRANSITION,DB_PHASE_START,THEME,TH-POWER-GRID,电网/输变电设备,PHASE_ACCELERATION,电网/输变电设备 · PHASE_ACCELERATION,1,2022,04-27,,,,,,,,INSUFFICIENT_N,,,1,1,1,UNKNOWN,LOW,,INSUFFICIENT_DATA,,,,,scope 无节奏分析（或 EARLY_SIGNAL 样本 < 3）,INSUFFICIENT_DATA,N=1 < 3：样本不足以判断是否存在时间结构。
TOPC-287,PHASE_TRANSITION,DB_PHASE_START,THEME,TH-POWER-GRID,电网/输变电设备,PHASE_RETRACEMENT,电网/输变电设备 · PHASE_RETRACEMENT,1,2022,01-20,,,,,,,,INSUFFICIENT_N,,,1,1,1,UNKNOWN,LOW,,INSUFFICIENT_DATA,,,,,scope 无节奏分析（或 EARLY_SIGNAL 样本 < 3）,INSUFFICIENT_DATA,N=1 < 3：样本不足以判断是否存在时间结构。
TOPC-288,PHASE_TRANSITION,DB_PHASE_START,THEME,TH-POWER-GRID,电网/输变电设备,PHASE_DECLINE,电网/输变电设备 · PHASE_DECLINE,1,2024,10-15,,,,,,,,INSUFFICIENT_N,,,1,1,1,UNKNOWN,LOW,,INSUFFICIENT_DATA,,,,,scope 无节奏分析（或 EARLY_SIGNAL 样本 < 3）,INSUFFICIENT_DATA,N=1 < 3：样本不足以判断是否存在时间结构。
TOPC-291,PHASE_TRANSITION,DB_PHASE_START,THEME,TH-POWER-PV,光伏/新能源发电设备,PHASE_MAIN_RISE,光伏/新能源发电设备 · PHASE_MAIN_RISE,1,2021,06-20,,,,,,,,INSUFFICIENT_N,,,1,1,1,UNKNOWN,LOW,,INSUFFICIENT_DATA,,,,,scope 无节奏分析（或 EARLY_SIGNAL 样本 < 3）,INSUFFICIENT_DATA,N=1 < 3：样本不足以判断是否存在时间结构。
TOPC-295,PHASE_TRANSITION,DB_PHASE_START,THEME,TH-POWER-PV,光伏/新能源发电设备,PHASE_DECLINE,光伏/新能源发电设备 · PHASE_DECLINE,1,2022,08-24,,,,,,,,INSUFFICIENT_N,,,1,1,1,UNKNOWN,LOW,,INSUFFICIENT_DATA,,,,,scope 无节奏分析（或 EARLY_SIGNAL 样本 < 3）,INSUFFICIENT_DATA,N=1 < 3：样本不足以判断是否存在时间结构。
TOPC-303,PHASE_TRANSITION,DB_PHASE_START,THEME,TH-ROBOTAXI,Robotaxi/无人驾驶/智能网约车,PHASE_STARTUP,Robotaxi/无人驾驶/智能网约车 · PHASE_STARTUP,1,2024,07-08,,,,,,,,INSUFFICIENT_N,,,1,1,1,CALENDAR_DRIVEN|POLICY_CADENCE|REPORTING_CADENCE|DATA_RELEASE_CADENCE,MEDIUM,,INSUFFICIENT_DATA,,,,,scope 无节奏分析（或 EARLY_SIGNAL 样本 < 3）,INSUFFICIENT_DATA,N=1 < 3：样本不足以判断是否存在时间结构。
TOPC-305,PHASE_TRANSITION,DB_PHASE_START,THEME,TH-ROBOTAXI,Robotaxi/无人驾驶/智能网约车,PHASE_DECLINE,Robotaxi/无人驾驶/智能网约车 · PHASE_DECLINE,1,2024,07-30,,,,,,,,INSUFFICIENT_N,,,1,1,1,CALENDAR_DRIVEN|POLICY_CADENCE|REPORTING_CADENCE|DATA_RELEASE_CADENCE,MEDIUM,,INSUFFICIENT_DATA,,,,,scope 无节奏分析（或 EARLY_SIGNAL 样本 < 3）,INSUFFICIENT_DATA,N=1 < 3：样本不足以判断是否存在时间结构。
TOPC-307,PHASE_TRANSITION,DB_PHASE_START,THEME,TH-TESLA-CHAIN,特斯拉产业链,PHASE_MAIN_RISE,特斯拉产业链 · PHASE_MAIN_RISE,1,2020,06-11,,,,,,,,INSUFFICIENT_N,,,1,1,1,CALENDAR_DRIVEN|POLICY_CADENCE|REPORTING_CADENCE|DATA_RELEASE_CADENCE,MEDIUM,,INSUFFICIENT_DATA,,,,,scope 无节奏分析（或 EARLY_SIGNAL 样本 < 3）,INSUFFICIENT_DATA,N=1 < 3：样本不足以判断是否存在时间结构。
TOPC-309,PHASE_TRANSITION,DB_PHASE_START,THEME,TH-TESLA-CHAIN,特斯拉产业链,PHASE_SECONDARY_RALLY,特斯拉产业链 · PHASE_SECONDARY_RALLY,1,2020,08-21,,,,,,,,INSUFFICIENT_N,,,1,1,1,CALENDAR_DRIVEN|POLICY_CADENCE|REPORTING_CADENCE|DATA_RELEASE_CADENCE,MEDIUM,,INSUFFICIENT_DATA,,,,,scope 无节奏分析（或 EARLY_SIGNAL 样本 < 3）,INSUFFICIENT_DATA,N=1 < 3：样本不足以判断是否存在时间结构。
TOPC-311,UNKNOWN,EVENT_TYPE,EVENT_TYPE,EVT-INDUSTRY,事件类型：industry,,事件类型：industry,1,2023,03-21,,,,,,,,INSUFFICIENT_N,,,0,0,0,UNKNOWN,LOW,,INSUFFICIENT_DATA,,,,,scope 无节奏分析（或 EARLY_SIGNAL 样本 < 3）,INSUFFICIENT_DATA,N=1 < 3：样本不足以判断是否存在时间结构。
TOPC-312,UNKNOWN,EVENT_TYPE,EVENT_TYPE,EVT-MACRO,事件类型：macro,,事件类型：macro,1,2020,01-23,,,,,,,,INSUFFICIENT_N,,,0,0,0,UNKNOWN,LOW,,INSUFFICIENT_DATA,,,,,scope 无节奏分析（或 EARLY_SIGNAL 样本 < 3）,INSUFFICIENT_DATA,N=1 < 3：样本不足以判断是否存在时间结构。
TOPC-150,PHASE_TRANSITION,PHASE_TRANSITION,RULE,rule_power_equipment,电力设备历史周期观察,PEAK->MAIN_END,电力设备历史周期观察 · PEAK->MAIN_END,2,2022|2025,12-30,,,,0.0082,0.005472,,,INSUFFICIENT_N,,,1,2,2,PHASE_TRANSITION,MEDIUM,,INSUFFICIENT_DATA,,,,,scope 无节奏分析（或 EARLY_SIGNAL 样本 < 3）,INSUFFICIENT_DATA,N=2 < 3：样本不足以判断是否存在时间结构。
TOPC-131,PHASE_TRANSITION,PHASE_TRANSITION,RULE,rule_auto_summer,6-8月汽车季节性观察窗口,BROAD_CONFIRMATION->MAIN_RISE,6-8月汽车季节性观察窗口 · BROAD_CONFIRMATION->MAIN_RISE,2,2023|2024,07-07,,,,0.0658,0.043355,,,INSUFFICIENT_N,,,1,2,2,CALENDAR_DRIVEN|POLICY_CADENCE|REPORTING_CADENCE|DATA_RELEASE_CADENCE|PHASE_TRANSITION,MEDIUM,,INSUFFICIENT_DATA,,true,TOPC-018,EARLY_SIGNAL,BROAD_CONFIRMATION 中心 06-29 ≈ EARLY_SIGNAL 中心 06-11 + 中位滞后 25d（拟合中心 07-06，残差 7d）；MAIN_RISE 中心 06-22 ≈ EARLY_SIGNAL 中心 06-11 + 中位滞后 10d（拟合中心 06-21，残差 1d） → 派生自 TOPC-018（rule_auto_summer · EARLY_SIGNAL）,INSUFFICIENT_DATA,N=2 < 3：样本不足以判断是否存在时间结构。
TOPC-023,CALENDAR_DRIVEN,LIFECYCLE_STAGE,RULE,rule_auto_summer,6-8月汽车季节性观察窗口,RETRACEMENT,6-8月汽车季节性观察窗口 · RETRACEMENT,2,2020|2022,07-07,,,,0.1068,0.069964,,,INSUFFICIENT_N,,,1,2,2,CALENDAR_DRIVEN|POLICY_CADENCE|REPORTING_CADENCE|DATA_RELEASE_CADENCE,MEDIUM,,INSUFFICIENT_DATA,,,,,存在无节奏判定的阶段（不在 export 10 阶段内，或该阶段样本 < 3）→ 不下结论,INSUFFICIENT_DATA,N=2 < 3：样本不足以判断是否存在时间结构。
TOPC-138,PHASE_TRANSITION,PHASE_TRANSITION,RULE,rule_pharma_upgrade,医药健康结构性升级观察窗口,THEME_FORMING->PEAK,医药健康结构性升级观察窗口 · THEME_FORMING->PEAK,2,2020|2022,12-12,,,,0.2055,0.132295,,,INSUFFICIENT_N,,,1,1,2,CALENDAR_DRIVEN|POLICY_CADENCE|PHASE_TRANSITION,MEDIUM,,INSUFFICIENT_DATA,,,,,scope 无节奏分析（或 EARLY_SIGNAL 样本 < 3）,INSUFFICIENT_DATA,N=2 < 3：样本不足以判断是否存在时间结构。
TOPC-141,PHASE_TRANSITION,PHASE_TRANSITION,RULE,rule_pharma_upgrade,医药健康结构性升级观察窗口,MAIN_RISE->PEAK,医药健康结构性升级观察窗口 · MAIN_RISE->PEAK,2,2020|2021,01-10,,,,0.2548,0.16265,,,INSUFFICIENT_N,,,1,1,2,CALENDAR_DRIVEN|POLICY_CADENCE|PHASE_TRANSITION,MEDIUM,,INSUFFICIENT_DATA,,,,,scope 无节奏分析（或 EARLY_SIGNAL 样本 < 3）,INSUFFICIENT_DATA,N=2 < 3：样本不足以判断是否存在时间结构。
TOPC-129,PHASE_TRANSITION,PHASE_TRANSITION,RULE,rule_auto_summer,6-8月汽车季节性观察窗口,THEME_FORMING->BROAD_CONFIRMATION,6-8月汽车季节性观察窗口 · THEME_FORMING->BROAD_CONFIRMATION,2,2022|2023,06-17,,,,0.263,0.167656,,,INSUFFICIENT_N,,,1,2,2,CALENDAR_DRIVEN|POLICY_CADENCE|REPORTING_CADENCE|DATA_RELEASE_CADENCE|PHASE_TRANSITION,MEDIUM,,INSUFFICIENT_DATA,,true,TOPC-018,EARLY_SIGNAL,BROAD_CONFIRMATION 中心 06-29 ≈ EARLY_SIGNAL 中心 06-11 + 中位滞后 25d（拟合中心 07-06，残差 7d）；THEME_FORMING 中心 06-14 ≈ EARLY_SIGNAL 中心 06-11 + 中位滞后 9d（拟合中心 06-20，残差 6d） → 派生自 TOPC-018（rule_auto_summer · EARLY_SIGNAL）,INSUFFICIENT_DATA,N=2 < 3：样本不足以判断是否存在时间结构。
TOPC-093,SEASONAL,LIFECYCLE_STAGE,THEME,TH-POWER,电力设备,THEME_FORMING,电力设备 · THEME_FORMING,2,2020|2022,12-30,,,,0.2877,0.182586,,,INSUFFICIENT_N,,,1,2,2,UNKNOWN,LOW,,INSUFFICIENT_DATA,,,,,scope 无节奏分析（或 EARLY_SIGNAL 样本 < 3）,INSUFFICIENT_DATA,N=2 < 3：样本不足以判断是否存在时间结构。
TOPC-143,PHASE_TRANSITION,PHASE_TRANSITION,RULE,rule_power_equipment,电力设备历史周期观察,EARLY_SIGNAL->THEME_FORMING,电力设备历史周期观察 · EARLY_SIGNAL->THEME_FORMING,2,2020|2022,12-30,,,,0.2877,0.182586,,,INSUFFICIENT_N,,,1,2,2,PHASE_TRANSITION,MEDIUM,,INSUFFICIENT_DATA,,,,,scope 无节奏分析（或 EARLY_SIGNAL 样本 < 3）,INSUFFICIENT_DATA,N=2 < 3：样本不足以判断是否存在时间结构。
TOPC-144,PHASE_TRANSITION,PHASE_TRANSITION,RULE,rule_power_equipment,电力设备历史周期观察,EARLY_SIGNAL->BROAD_CONFIRMATION,电力设备历史周期观察 · EARLY_SIGNAL->BROAD_CONFIRMATION,2,2021|2022,08-21,,,,0.2959,0.187532,,,INSUFFICIENT_N,,,1,2,2,PHASE_TRANSITION,MEDIUM,,INSUFFICIENT_DATA,,,,,scope 无节奏分析（或 EARLY_SIGNAL 样本 < 3）,INSUFFICIENT_DATA,N=2 < 3：样本不足以判断是否存在时间结构。
TOPC-145,PHASE_TRANSITION,PHASE_TRANSITION,RULE,rule_power_equipment,电力设备历史周期观察,THEME_FORMING->BROAD_CONFIRMATION,电力设备历史周期观察 · THEME_FORMING->BROAD_CONFIRMATION,2,2021|2022,08-21,,,,0.2959,0.187532,,,INSUFFICIENT_N,,,1,2,2,PHASE_TRANSITION,MEDIUM,,INSUFFICIENT_DATA,,,,,scope 无节奏分析（或 EARLY_SIGNAL 样本 < 3）,INSUFFICIENT_DATA,N=2 < 3：样本不足以判断是否存在时间结构。
TOPC-207,PHASE_TRANSITION,DB_PHASE_START,RULE,rule_power_equipment,电力设备历史周期观察,PHASE_DECLINE,电力设备历史周期观察 · PHASE_DECLINE,2,2022|2024,09-19,,,,0.4274,0.264635,,,INSUFFICIENT_N,,,1,2,2,UNKNOWN,LOW,,INSUFFICIENT_DATA,,,,,scope 无节奏分析（或 EARLY_SIGNAL 样本 < 3）,INSUFFICIENT_DATA,N=2 < 3：样本不足以判断是否存在时间结构。
TOPC-210,PHASE_TRANSITION,DB_PHASE_TRANSITION,RULE,rule_power_equipment,电力设备历史周期观察,DB_main_rise->decline,电力设备历史周期观察 · DB_main_rise->decline,2,2022|2024,09-19,,,,0.4274,0.264635,,,INSUFFICIENT_N,,,1,2,2,PHASE_TRANSITION,MEDIUM,,INSUFFICIENT_DATA,,,,,scope 无节奏分析（或 EARLY_SIGNAL 样本 < 3）,INSUFFICIENT_DATA,N=2 < 3：样本不足以判断是否存在时间结构。
TOPC-282,PHASE_TRANSITION,DB_PHASE_START,THEME,TH-POWER,电力设备,PHASE_DECLINE,电力设备 · PHASE_DECLINE,2,2022|2024,09-19,,,,0.4274,0.264635,,,INSUFFICIENT_N,,,1,2,2,UNKNOWN,LOW,,INSUFFICIENT_DATA,,,,,scope 无节奏分析（或 EARLY_SIGNAL 样本 < 3）,INSUFFICIENT_DATA,N=2 < 3：样本不足以判断是否存在时间结构。
TOPC-033,CALENDAR_DRIVEN,LIFECYCLE_STAGE,RULE,rule_pharma_upgrade,医药健康结构性升级观察窗口,DECLINING,医药健康结构性升级观察窗口 · DECLINING,2,2021|2022,01-05,,,,0.4438,0.274003,,,INSUFFICIENT_N,,,1,1,2,CALENDAR_DRIVEN|POLICY_CADENCE,LOW,,INSUFFICIENT_DATA,,,,,scope 无节奏分析（或 EARLY_SIGNAL 样本 < 3）,INSUFFICIENT_DATA,N=2 < 3：样本不足以判断是否存在时间结构。
TOPC-187,PHASE_TRANSITION,DB_PHASE_START,RULE,rule_auto_summer,6-8月汽车季节性观察窗口,PHASE_SECONDARY_RALLY,6-8月汽车季节性观察窗口 · PHASE_SECONDARY_RALLY,2,2020|2022,07-22,,,,0.4932,0.301745,,,INSUFFICIENT_N,,,1,2,2,CALENDAR_DRIVEN|POLICY_CADENCE|REPORTING_CADENCE|DATA_RELEASE_CADENCE,MEDIUM,,INSUFFICIENT_DATA,,,,,存在无节奏判定的阶段（不在 export 10 阶段内，或该阶段样本 < 3）→ 不下结论,INSUFFICIENT_DATA,N=2 < 3：样本不足以判断是否存在时间结构。
TOPC-262,PHASE_TRANSITION,DB_PHASE_START,THEME,TH-NEV,新能源汽车/电池,PHASE_SECONDARY_RALLY,新能源汽车/电池 · PHASE_SECONDARY_RALLY,2,2020|2022,07-22,,,,0.4932,0.301745,,,INSUFFICIENT_N,,,1,2,2,CALENDAR_DRIVEN|POLICY_CADENCE|REPORTING_CADENCE|DATA_RELEASE_CADENCE,MEDIUM,,INSUFFICIENT_DATA,,,,,scope 无节奏分析（或 EARLY_SIGNAL 样本 < 3）,INSUFFICIENT_DATA,N=2 < 3：样本不足以判断是否存在时间结构。
TOPC-034,CALENDAR_DRIVEN,LIFECYCLE_STAGE,RULE,rule_pharma_upgrade,医药健康结构性升级观察窗口,MAIN_END,医药健康结构性升级观察窗口 · MAIN_END,2,2021|2022,11-30,,,,0.5014,0.306316,,,INSUFFICIENT_N,,,1,1,2,CALENDAR_DRIVEN|POLICY_CADENCE,LOW,,INSUFFICIENT_DATA,,,,,scope 无节奏分析（或 EARLY_SIGNAL 样本 < 3）,INSUFFICIENT_DATA,N=2 < 3：样本不足以判断是否存在时间结构。
TOPC-126,PHASE_TRANSITION,PHASE_TRANSITION,THEME_FAMILY,TH-PHARMA,医药健康,PEAK->MAIN_END,医药健康 · PEAK->MAIN_END,2,2021|2022,11-30,,,,0.5014,0.306316,,,INSUFFICIENT_N,,,1,1,2,CALENDAR_DRIVEN|POLICY_CADENCE|PHASE_TRANSITION,MEDIUM,,INSUFFICIENT_DATA,,,,,scope 无节奏分析（或 EARLY_SIGNAL 样本 < 3）,INSUFFICIENT_DATA,N=2 < 3：样本不足以判断是否存在时间结构。
TOPC-142,PHASE_TRANSITION,PHASE_TRANSITION,RULE,rule_pharma_upgrade,医药健康结构性升级观察窗口,PEAK->MAIN_END,医药健康结构性升级观察窗口 · PEAK->MAIN_END,2,2021|2022,11-30,,,,0.5014,0.306316,,,INSUFFICIENT_N,,,1,1,2,CALENDAR_DRIVEN|POLICY_CADENCE|PHASE_TRANSITION,MEDIUM,,INSUFFICIENT_DATA,,,,,scope 无节奏分析（或 EARLY_SIGNAL 样本 < 3）,INSUFFICIENT_DATA,N=2 < 3：样本不足以判断是否存在时间结构。
TOPC-071,SEASONAL,LIFECYCLE_STAGE,THEME,TH-COMM,信息通信,PEAK,信息通信 · PEAK,2,2020|2025,01-23,,,,0.526,0.31994,,,INSUFFICIENT_N,,,1,2,2,UNKNOWN,LOW,,INSUFFICIENT_DATA,,,,,scope 无节奏分析（或 EARLY_SIGNAL 样本 < 3）,INSUFFICIENT_DATA,N=2 < 3：样本不足以判断是否存在时间结构。
TOPC-077,SEASONAL,LIFECYCLE_STAGE,THEME,TH-COMM-OPTICAL,光模块/高速光互联,PEAK,光模块/高速光互联 · PEAK,2,2020|2025,01-23,,,,0.526,0.31994,,,INSUFFICIENT_N,,,1,2,2,UNKNOWN,LOW,,INSUFFICIENT_DATA,,,,,scope 无节奏分析（或 EARLY_SIGNAL 样本 < 3）,INSUFFICIENT_DATA,N=2 < 3：样本不足以判断是否存在时间结构。
TOPC-154,PHASE_TRANSITION,PHASE_TRANSITION,RULE,rule_infocomm,信息通信历史周期观察,THEME_FORMING->PEAK,信息通信历史周期观察 · THEME_FORMING->PEAK,2,2020|2025,01-23,,,,0.526,0.31994,,,INSUFFICIENT_N,,,1,2,2,PHASE_TRANSITION,MEDIUM,,INSUFFICIENT_DATA,,,,,scope 无节奏分析（或 EARLY_SIGNAL 样本 < 3）,INSUFFICIENT_DATA,N=2 < 3：样本不足以判断是否存在时间结构。
TOPC-157,PHASE_TRANSITION,PHASE_TRANSITION,RULE,rule_infocomm,信息通信历史周期观察,MAIN_RISE->PEAK,信息通信历史周期观察 · MAIN_RISE->PEAK,2,2020|2025,01-23,,,,0.526,0.31994,,,INSUFFICIENT_N,,,1,2,2,PHASE_TRANSITION,MEDIUM,,INSUFFICIENT_DATA,,,,,scope 无节奏分析（或 EARLY_SIGNAL 样本 < 3）,INSUFFICIENT_DATA,N=2 < 3：样本不足以判断是否存在时间结构。
TOPC-205,PHASE_TRANSITION,DB_PHASE_START,RULE,rule_power_equipment,电力设备历史周期观察,PHASE_RETRACEMENT,电力设备历史周期观察 · PHASE_RETRACEMENT,2,2021|2022,12-13,,,,0.6247,0.373083,,,INSUFFICIENT_N,,,1,2,2,UNKNOWN,LOW,,INSUFFICIENT_DATA,,,,,scope 无节奏分析（或 EARLY_SIGNAL 样本 < 3）,INSUFFICIENT_DATA,N=2 < 3：样本不足以判断是否存在时间结构。
TOPC-280,PHASE_TRANSITION,DB_PHASE_START,THEME,TH-POWER,电力设备,PHASE_RETRACEMENT,电力设备 · PHASE_RETRACEMENT,2,2021|2022,12-13,,,,0.6247,0.373083,,,INSUFFICIENT_N,,,1,2,2,UNKNOWN,LOW,,INSUFFICIENT_DATA,,,,,scope 无节奏分析（或 EARLY_SIGNAL 样本 < 3）,INSUFFICIENT_DATA,N=2 < 3：样本不足以判断是否存在时间结构。
TOPC-069,UNKNOWN,LIFECYCLE_STAGE,THEME,TH-COMM,信息通信,EARLY_SIGNAL,信息通信 · EARLY_SIGNAL,2,2019|2023,04-28,,,,0.6329,0.377414,,,INSUFFICIENT_N,,,1,2,2,UNKNOWN,LOW,,INSUFFICIENT_DATA,,,,,scope 无节奏分析（或 EARLY_SIGNAL 样本 < 3）,INSUFFICIENT_DATA,N=2 < 3：样本不足以判断是否存在时间结构。
TOPC-075,UNKNOWN,LIFECYCLE_STAGE,THEME,TH-COMM-OPTICAL,光模块/高速光互联,EARLY_SIGNAL,光模块/高速光互联 · EARLY_SIGNAL,2,2019|2023,04-28,,,,0.6329,0.377414,,,INSUFFICIENT_N,,,1,2,2,UNKNOWN,LOW,,INSUFFICIENT_DATA,,,,,scope 无节奏分析（或 EARLY_SIGNAL 样本 < 3）,INSUFFICIENT_DATA,N=2 < 3：样本不足以判断是否存在时间结构。
TOPC-211,PHASE_TRANSITION,DB_PHASE_START,RULE,rule_infocomm,信息通信历史周期观察,PHASE_STARTUP,信息通信历史周期观察 · PHASE_STARTUP,2,2019|2023,04-28,,,,0.6329,0.377414,,,INSUFFICIENT_N,,,1,2,2,UNKNOWN,LOW,,INSUFFICIENT_DATA,,,,,scope 无节奏分析（或 EARLY_SIGNAL 样本 < 3）,INSUFFICIENT_DATA,N=2 < 3：样本不足以判断是否存在时间结构。
TOPC-238,PHASE_TRANSITION,DB_PHASE_START,THEME,TH-COMM,信息通信,PHASE_STARTUP,信息通信 · PHASE_STARTUP,2,2019|2023,04-28,,,,0.6329,0.377414,,,INSUFFICIENT_N,,,1,2,2,UNKNOWN,LOW,,INSUFFICIENT_DATA,,,,,scope 无节奏分析（或 EARLY_SIGNAL 样本 < 3）,INSUFFICIENT_DATA,N=2 < 3：样本不足以判断是否存在时间结构。
TOPC-252,PHASE_TRANSITION,DB_PHASE_START,THEME,TH-COMM-OPTICAL,光模块/高速光互联,PHASE_STARTUP,光模块/高速光互联 · PHASE_STARTUP,2,2019|2023,04-28,,,,0.6329,0.377414,,,INSUFFICIENT_N,,,1,2,2,UNKNOWN,LOW,,INSUFFICIENT_DATA,,,,,scope 无节奏分析（或 EARLY_SIGNAL 样本 < 3）,INSUFFICIENT_DATA,N=2 < 3：样本不足以判断是否存在时间结构。
TOPC-092,UNKNOWN,LIFECYCLE_STAGE,THEME,TH-POWER,电力设备,EARLY_SIGNAL,电力设备 · EARLY_SIGNAL,2,2020|2022,11-16,,,,0.9041,0.511916,,,INSUFFICIENT_N,,,1,2,2,UNKNOWN,LOW,,INSUFFICIENT_DATA,,,,,scope 无节奏分析（或 EARLY_SIGNAL 样本 < 3）,INSUFFICIENT_DATA,N=2 < 3：样本不足以判断是否存在时间结构。
TOPC-094,UNKNOWN,LIFECYCLE_STAGE,THEME,TH-POWER,电力设备,PEAK,电力设备 · PEAK,2,2021|2024,09-02,,,,0.9041,0.511916,,,INSUFFICIENT_N,,,1,2,2,UNKNOWN,LOW,,INSUFFICIENT_DATA,,,,,scope 无节奏分析（或 EARLY_SIGNAL 样本 < 3）,INSUFFICIENT_DATA,N=2 < 3：样本不足以判断是否存在时间结构。
TOPC-146,PHASE_TRANSITION,PHASE_TRANSITION,RULE,rule_power_equipment,电力设备历史周期观察,THEME_FORMING->PEAK,电力设备历史周期观察 · THEME_FORMING->PEAK,2,2021|2024,09-02,,,,0.9041,0.511916,,,INSUFFICIENT_N,,,1,2,2,PHASE_TRANSITION,MEDIUM,,INSUFFICIENT_DATA,,,,,scope 无节奏分析（或 EARLY_SIGNAL 样本 < 3）,INSUFFICIENT_DATA,N=2 < 3：样本不足以判断是否存在时间结构。
TOPC-148,PHASE_TRANSITION,PHASE_TRANSITION,RULE,rule_power_equipment,电力设备历史周期观察,BROAD_CONFIRMATION->PEAK,电力设备历史周期观察 · BROAD_CONFIRMATION->PEAK,2,2021|2024,09-02,,,,0.9041,0.511916,,,INSUFFICIENT_N,,,1,2,2,PHASE_TRANSITION,MEDIUM,,INSUFFICIENT_DATA,,,,,scope 无节奏分析（或 EARLY_SIGNAL 样本 < 3）,INSUFFICIENT_DATA,N=2 < 3：样本不足以判断是否存在时间结构。
TOPC-149,PHASE_TRANSITION,PHASE_TRANSITION,RULE,rule_power_equipment,电力设备历史周期观察,MAIN_RISE->PEAK,电力设备历史周期观察 · MAIN_RISE->PEAK,2,2021|2024,09-02,,,,0.9041,0.511916,,,INSUFFICIENT_N,,,1,2,2,PHASE_TRANSITION,MEDIUM,,INSUFFICIENT_DATA,,,,,scope 无节奏分析（或 EARLY_SIGNAL 样本 < 3）,INSUFFICIENT_DATA,N=2 < 3：样本不足以判断是否存在时间结构。
TOPC-201,PHASE_TRANSITION,DB_PHASE_START,RULE,rule_power_equipment,电力设备历史周期观察,PHASE_STARTUP,电力设备历史周期观察 · PHASE_STARTUP,2,2020|2022,11-16,,,,0.9041,0.511916,,,INSUFFICIENT_N,,,1,2,2,UNKNOWN,LOW,,INSUFFICIENT_DATA,,,,,scope 无节奏分析（或 EARLY_SIGNAL 样本 < 3）,INSUFFICIENT_DATA,N=2 < 3：样本不足以判断是否存在时间结构。
TOPC-204,PHASE_TRANSITION,DB_PHASE_START,RULE,rule_power_equipment,电力设备历史周期观察,PHASE_DIFFUSION,电力设备历史周期观察 · PHASE_DIFFUSION,2,2021|2024,09-02,,,,0.9041,0.511916,,,INSUFFICIENT_N,,,1,2,2,UNKNOWN,LOW,,INSUFFICIENT_DATA,,,,,scope 无节奏分析（或 EARLY_SIGNAL 样本 < 3）,INSUFFICIENT_DATA,N=2 < 3：样本不足以判断是否存在时间结构。
TOPC-276,PHASE_TRANSITION,DB_PHASE_START,THEME,TH-POWER,电力设备,PHASE_STARTUP,电力设备 · PHASE_STARTUP,2,2020|2022,11-16,,,,0.9041,0.511916,,,INSUFFICIENT_N,,,1,2,2,UNKNOWN,LOW,,INSUFFICIENT_DATA,,,,,scope 无节奏分析（或 EARLY_SIGNAL 样本 < 3）,INSUFFICIENT_DATA,N=2 < 3：样本不足以判断是否存在时间结构。
TOPC-279,PHASE_TRANSITION,DB_PHASE_START,THEME,TH-POWER,电力设备,PHASE_DIFFUSION,电力设备 · PHASE_DIFFUSION,2,2021|2024,09-02,,,,0.9041,0.511916,,,INSUFFICIENT_N,,,1,2,2,UNKNOWN,LOW,,INSUFFICIENT_DATA,,,,,scope 无节奏分析（或 EARLY_SIGNAL 样本 < 3）,INSUFFICIENT_DATA,N=2 < 3：样本不足以判断是否存在时间结构。
TOPC-277,PHASE_TRANSITION,DB_PHASE_START,THEME,TH-POWER,电力设备,PHASE_ACCELERATION,电力设备 · PHASE_ACCELERATION,2,2020|2022,02-18,,,,1.1178,0.606373,,,INSUFFICIENT_N,,,1,2,2,UNKNOWN,LOW,,INSUFFICIENT_DATA,,,,,scope 无节奏分析（或 EARLY_SIGNAL 样本 < 3）,INSUFFICIENT_DATA,N=2 < 3：样本不足以判断是否存在时间结构。
TOPC-241,PHASE_TRANSITION,DB_PHASE_START,THEME,TH-COMM,信息通信,PHASE_DIFFUSION,信息通信 · PHASE_DIFFUSION,2,2020|2024,12-16,,,,1.1425,0.616619,,,INSUFFICIENT_N,,,1,2,2,UNKNOWN,LOW,,INSUFFICIENT_DATA,,,,,scope 无节奏分析（或 EARLY_SIGNAL 样本 < 3）,INSUFFICIENT_DATA,N=2 < 3：样本不足以判断是否存在时间结构。
TOPC-255,PHASE_TRANSITION,DB_PHASE_START,THEME,TH-COMM-OPTICAL,光模块/高速光互联,PHASE_DIFFUSION,光模块/高速光互联 · PHASE_DIFFUSION,2,2020|2024,12-16,,,,1.1425,0.616619,,,INSUFFICIENT_N,,,1,2,2,UNKNOWN,LOW,,INSUFFICIENT_DATA,,,,,scope 无节奏分析（或 EARLY_SIGNAL 样本 < 3）,INSUFFICIENT_DATA,N=2 < 3：样本不足以判断是否存在时间结构。
TOPC-070,UNKNOWN,LIFECYCLE_STAGE,THEME,TH-COMM,信息通信,THEME_FORMING,信息通信 · THEME_FORMING,2,2019|2023,08-12,,,,1.3151,0.684556,,,INSUFFICIENT_N,,,1,2,2,UNKNOWN,LOW,,INSUFFICIENT_DATA,,,,,scope 无节奏分析（或 EARLY_SIGNAL 样本 < 3）,INSUFFICIENT_DATA,N=2 < 3：样本不足以判断是否存在时间结构。
TOPC-076,UNKNOWN,LIFECYCLE_STAGE,THEME,TH-COMM-OPTICAL,光模块/高速光互联,THEME_FORMING,光模块/高速光互联 · THEME_FORMING,2,2019|2023,08-12,,,,1.3151,0.684556,,,INSUFFICIENT_N,,,1,2,2,UNKNOWN,LOW,,INSUFFICIENT_DATA,,,,,scope 无节奏分析（或 EARLY_SIGNAL 样本 < 3）,INSUFFICIENT_DATA,N=2 < 3：样本不足以判断是否存在时间结构。
TOPC-151,PHASE_TRANSITION,PHASE_TRANSITION,RULE,rule_infocomm,信息通信历史周期观察,EARLY_SIGNAL->THEME_FORMING,信息通信历史周期观察 · EARLY_SIGNAL->THEME_FORMING,2,2019|2023,08-12,,,,1.3151,0.684556,,,INSUFFICIENT_N,,,1,2,2,PHASE_TRANSITION,MEDIUM,,INSUFFICIENT_DATA,,,,,scope 无节奏分析（或 EARLY_SIGNAL 样本 < 3）,INSUFFICIENT_DATA,N=2 < 3：样本不足以判断是否存在时间结构。
TOPC-212,PHASE_TRANSITION,DB_PHASE_START,RULE,rule_infocomm,信息通信历史周期观察,PHASE_ACCELERATION,信息通信历史周期观察 · PHASE_ACCELERATION,2,2019|2023,08-12,,,,1.3151,0.684556,,,INSUFFICIENT_N,,,1,2,2,UNKNOWN,LOW,,INSUFFICIENT_DATA,,,,,scope 无节奏分析（或 EARLY_SIGNAL 样本 < 3）,INSUFFICIENT_DATA,N=2 < 3：样本不足以判断是否存在时间结构。
TOPC-239,PHASE_TRANSITION,DB_PHASE_START,THEME,TH-COMM,信息通信,PHASE_ACCELERATION,信息通信 · PHASE_ACCELERATION,2,2019|2023,08-12,,,,1.3151,0.684556,,,INSUFFICIENT_N,,,1,2,2,UNKNOWN,LOW,,INSUFFICIENT_DATA,,,,,scope 无节奏分析（或 EARLY_SIGNAL 样本 < 3）,INSUFFICIENT_DATA,N=2 < 3：样本不足以判断是否存在时间结构。
TOPC-253,PHASE_TRANSITION,DB_PHASE_START,THEME,TH-COMM-OPTICAL,光模块/高速光互联,PHASE_ACCELERATION,光模块/高速光互联 · PHASE_ACCELERATION,2,2019|2023,08-12,,,,1.3151,0.684556,,,INSUFFICIENT_N,,,1,2,2,UNKNOWN,LOW,,INSUFFICIENT_DATA,,,,,scope 无节奏分析（或 EARLY_SIGNAL 样本 < 3）,INSUFFICIENT_DATA,N=2 < 3：样本不足以判断是否存在时间结构。
TOPC-029,CALENDAR_DRIVEN,LIFECYCLE_STAGE,RULE,rule_pharma_upgrade,医药健康结构性升级观察窗口,THEME_FORMING,医药健康结构性升级观察窗口 · THEME_FORMING,2,2019|2021,10-11,,,,1.3315,0.690681,,,INSUFFICIENT_N,,,1,1,2,CALENDAR_DRIVEN|POLICY_CADENCE,LOW,,INSUFFICIENT_DATA,,,,,scope 无节奏分析（或 EARLY_SIGNAL 样本 < 3）,INSUFFICIENT_DATA,N=2 < 3：样本不足以判断是否存在时间结构。
TOPC-119,PHASE_TRANSITION,PHASE_TRANSITION,THEME_FAMILY,TH-PHARMA,医药健康,EARLY_SIGNAL->THEME_FORMING,医药健康 · EARLY_SIGNAL->THEME_FORMING,2,2019|2021,10-11,,,,1.3315,0.690681,,,INSUFFICIENT_N,,,1,1,2,CALENDAR_DRIVEN|POLICY_CADENCE|PHASE_TRANSITION,MEDIUM,,INSUFFICIENT_DATA,,,,,scope 无节奏分析（或 EARLY_SIGNAL 样本 < 3）,INSUFFICIENT_DATA,N=2 < 3：样本不足以判断是否存在时间结构。
TOPC-135,PHASE_TRANSITION,PHASE_TRANSITION,RULE,rule_pharma_upgrade,医药健康结构性升级观察窗口,EARLY_SIGNAL->THEME_FORMING,医药健康结构性升级观察窗口 · EARLY_SIGNAL->THEME_FORMING,2,2019|2021,10-11,,,,1.3315,0.690681,,,INSUFFICIENT_N,,,1,1,2,CALENDAR_DRIVEN|POLICY_CADENCE|PHASE_TRANSITION,MEDIUM,,INSUFFICIENT_DATA,,,,,scope 无节奏分析（或 EARLY_SIGNAL 样本 < 3）,INSUFFICIENT_DATA,N=2 < 3：样本不足以判断是否存在时间结构。
TOPC-208,PHASE_TRANSITION,DB_PHASE_TRANSITION,RULE,rule_power_equipment,电力设备历史周期观察,DB_startup->main_rise,电力设备历史周期观察 · DB_startup->main_rise,2,2021|2023,03-27,,,,1.3973,0.714581,,,INSUFFICIENT_N,,,1,2,2,PHASE_TRANSITION,MEDIUM,,INSUFFICIENT_DATA,,,,,scope 无节奏分析（或 EARLY_SIGNAL 样本 < 3）,INSUFFICIENT_DATA,N=2 < 3：样本不足以判断是否存在时间结构。
TOPC-278,PHASE_TRANSITION,DB_PHASE_START,THEME,TH-POWER,电力设备,PHASE_MAIN_RISE,电力设备 · PHASE_MAIN_RISE,2,2021|2023,03-27,,,,1.3973,0.714581,,,INSUFFICIENT_N,,,1,2,2,UNKNOWN,LOW,,INSUFFICIENT_DATA,,,,,scope 无节奏分析（或 EARLY_SIGNAL 样本 < 3）,INSUFFICIENT_DATA,N=2 < 3：样本不足以判断是否存在时间结构。
TOPC-152,PHASE_TRANSITION,PHASE_TRANSITION,RULE,rule_infocomm,信息通信历史周期观察,EARLY_SIGNAL->BROAD_CONFIRMATION,信息通信历史周期观察 · EARLY_SIGNAL->BROAD_CONFIRMATION,2,2020|2023,06-01,,,,1.4548,0.734704,,,INSUFFICIENT_N,,,1,2,2,PHASE_TRANSITION,MEDIUM,,INSUFFICIENT_DATA,,,,,scope 无节奏分析（或 EARLY_SIGNAL 样本 < 3）,INSUFFICIENT_DATA,N=2 < 3：样本不足以判断是否存在时间结构。
TOPC-153,PHASE_TRANSITION,PHASE_TRANSITION,RULE,rule_infocomm,信息通信历史周期观察,THEME_FORMING->BROAD_CONFIRMATION,信息通信历史周期观察 · THEME_FORMING->BROAD_CONFIRMATION,2,2020|2023,06-01,,,,1.4548,0.734704,,,INSUFFICIENT_N,,,1,2,2,PHASE_TRANSITION,MEDIUM,,INSUFFICIENT_DATA,,,,,scope 无节奏分析（或 EARLY_SIGNAL 样本 < 3）,INSUFFICIENT_DATA,N=2 < 3：样本不足以判断是否存在时间结构。
TOPC-026,CALENDAR_DRIVEN,LIFECYCLE_STAGE,RULE,rule_auto_summer,6-8月汽车季节性观察窗口,FIRST_DECLINE,6-8月汽车季节性观察窗口 · FIRST_DECLINE,1,2024,08-06,,,,,,,,INSUFFICIENT_N,,,1,1,1,CALENDAR_DRIVEN|POLICY_CADENCE|REPORTING_CADENCE|DATA_RELEASE_CADENCE,MEDIUM,,INSUFFICIENT_DATA,,,,,存在无节奏判定的阶段（不在 export 10 阶段内，或该阶段样本 < 3）→ 不下结论,INSUFFICIENT_DATA,N=1 < 3：样本不足以判断是否存在时间结构。
TOPC-030,CALENDAR_DRIVEN,LIFECYCLE_STAGE,RULE,rule_pharma_upgrade,医药健康结构性升级观察窗口,BROAD_CONFIRMATION,医药健康结构性升级观察窗口 · BROAD_CONFIRMATION,1,2019,11-28,,,,,,,,INSUFFICIENT_N,,,1,1,1,CALENDAR_DRIVEN|POLICY_CADENCE,LOW,,INSUFFICIENT_DATA,,,,,scope 无节奏分析（或 EARLY_SIGNAL 样本 < 3）,INSUFFICIENT_DATA,N=1 < 3：样本不足以判断是否存在时间结构。
TOPC-031,CALENDAR_DRIVEN,LIFECYCLE_STAGE,RULE,rule_pharma_upgrade,医药健康结构性升级观察窗口,MAIN_RISE,医药健康结构性升级观察窗口 · MAIN_RISE,1,2020,01-01,,,,,,,,INSUFFICIENT_N,,,1,1,1,CALENDAR_DRIVEN|POLICY_CADENCE,LOW,,INSUFFICIENT_DATA,,,,,scope 无节奏分析（或 EARLY_SIGNAL 样本 < 3）,INSUFFICIENT_DATA,N=1 < 3：样本不足以判断是否存在时间结构。
TOPC-061,CALENDAR_DRIVEN,LIFECYCLE_STAGE,ALL,ALL,全部历史对象,FIRST_DECLINE,全部历史对象 · FIRST_DECLINE,1,2024,08-06,,,,,,,,INSUFFICIENT_N,,,1,1,1,CALENDAR_DRIVEN|POLICY_CADENCE|REPORTING_CADENCE|DATA_RELEASE_CADENCE,MEDIUM,,INSUFFICIENT_DATA,,,,,scope 无节奏分析（或 EARLY_SIGNAL 样本 < 3）,INSUFFICIENT_DATA,N=1 < 3：样本不足以判断是否存在时间结构。
TOPC-079,CALENDAR_DRIVEN,LIFECYCLE_STAGE,THEME,TH-NEV,新能源汽车/电池,THEME_FORMING,新能源汽车/电池 · THEME_FORMING,1,2022,05-23,,,,,,,,INSUFFICIENT_N,,,1,1,1,CALENDAR_DRIVEN|POLICY_CADENCE|REPORTING_CADENCE|DATA_RELEASE_CADENCE,MEDIUM,,INSUFFICIENT_DATA,,,,,scope 无节奏分析（或 EARLY_SIGNAL 样本 < 3）,INSUFFICIENT_DATA,N=1 < 3：样本不足以判断是否存在时间结构。
TOPC-084,CALENDAR_DRIVEN,LIFECYCLE_STAGE,THEME,TH-PHARMA-INNOV,创新药,EARLY_SIGNAL,创新药 · EARLY_SIGNAL,1,2019,01-02,,,,,,,,INSUFFICIENT_N,,,1,1,1,CALENDAR_DRIVEN|POLICY_CADENCE,LOW,,INSUFFICIENT_DATA,,,,,scope 无节奏分析（或 EARLY_SIGNAL 样本 < 3）,INSUFFICIENT_DATA,N=1 < 3：样本不足以判断是否存在时间结构。
TOPC-085,CALENDAR_DRIVEN,LIFECYCLE_STAGE,THEME,TH-PHARMA-INNOV,创新药,THEME_FORMING,创新药 · THEME_FORMING,1,2019,07-22,,,,,,,,INSUFFICIENT_N,,,1,1,1,CALENDAR_DRIVEN|POLICY_CADENCE,LOW,,INSUFFICIENT_DATA,,,,,scope 无节奏分析（或 EARLY_SIGNAL 样本 < 3）,INSUFFICIENT_DATA,N=1 < 3：样本不足以判断是否存在时间结构。
TOPC-086,CALENDAR_DRIVEN,LIFECYCLE_STAGE,THEME,TH-PHARMA-INNOV,创新药,PEAK,创新药 · PEAK,1,2020,12-25,,,,,,,,INSUFFICIENT_N,,,1,1,1,CALENDAR_DRIVEN|POLICY_CADENCE,LOW,,INSUFFICIENT_DATA,,,,,scope 无节奏分析（或 EARLY_SIGNAL 样本 < 3）,INSUFFICIENT_DATA,N=1 < 3：样本不足以判断是否存在时间结构。
TOPC-101,UNKNOWN,LIFECYCLE_STAGE,THEME,TH-POWER-WIND,风电设备,EARLY_SIGNAL,风电设备 · EARLY_SIGNAL,1,2020,09-22,,,,,,,,INSUFFICIENT_N,,,1,1,1,UNKNOWN,LOW,,INSUFFICIENT_DATA,,,,,scope 无节奏分析（或 EARLY_SIGNAL 样本 < 3）,INSUFFICIENT_DATA,N=1 < 3：样本不足以判断是否存在时间结构。
TOPC-102,UNKNOWN,LIFECYCLE_STAGE,THEME,TH-POWER-WIND,风电设备,THEME_FORMING,风电设备 · THEME_FORMING,1,2020,12-12,,,,,,,,INSUFFICIENT_N,,,1,1,1,UNKNOWN,LOW,,INSUFFICIENT_DATA,,,,,scope 无节奏分析（或 EARLY_SIGNAL 样本 < 3）,INSUFFICIENT_DATA,N=1 < 3：样本不足以判断是否存在时间结构。
TOPC-103,UNKNOWN,LIFECYCLE_STAGE,THEME,TH-POWER-WIND,风电设备,PEAK,风电设备 · PEAK,1,2021,10-27,,,,,,,,INSUFFICIENT_N,,,1,1,1,UNKNOWN,LOW,,INSUFFICIENT_DATA,,,,,scope 无节奏分析（或 EARLY_SIGNAL 样本 < 3）,INSUFFICIENT_DATA,N=1 < 3：样本不足以判断是否存在时间结构。
TOPC-120,PHASE_TRANSITION,PHASE_TRANSITION,THEME_FAMILY,TH-PHARMA,医药健康,EARLY_SIGNAL->BROAD_CONFIRMATION,医药健康 · EARLY_SIGNAL->BROAD_CONFIRMATION,1,2019,11-28,,,,,,,,INSUFFICIENT_N,,,1,1,1,CALENDAR_DRIVEN|POLICY_CADENCE|PHASE_TRANSITION,MEDIUM,,INSUFFICIENT_DATA,,,,,scope 无节奏分析（或 EARLY_SIGNAL 样本 < 3）,INSUFFICIENT_DATA,N=1 < 3：样本不足以判断是否存在时间结构。
TOPC-121,PHASE_TRANSITION,PHASE_TRANSITION,THEME_FAMILY,TH-PHARMA,医药健康,THEME_FORMING->BROAD_CONFIRMATION,医药健康 · THEME_FORMING->BROAD_CONFIRMATION,1,2019,11-28,,,,,,,,INSUFFICIENT_N,,,1,1,1,CALENDAR_DRIVEN|POLICY_CADENCE|PHASE_TRANSITION,MEDIUM,,INSUFFICIENT_DATA,,,,,scope 无节奏分析（或 EARLY_SIGNAL 样本 < 3）,INSUFFICIENT_DATA,N=1 < 3：样本不足以判断是否存在时间结构。
TOPC-123,PHASE_TRANSITION,PHASE_TRANSITION,THEME_FAMILY,TH-PHARMA,医药健康,BROAD_CONFIRMATION->MAIN_RISE,医药健康 · BROAD_CONFIRMATION->MAIN_RISE,1,2020,01-01,,,,,,,,INSUFFICIENT_N,,,1,1,1,CALENDAR_DRIVEN|POLICY_CADENCE|PHASE_TRANSITION,MEDIUM,,INSUFFICIENT_DATA,,,,,scope 无节奏分析（或 EARLY_SIGNAL 样本 < 3）,INSUFFICIENT_DATA,N=1 < 3：样本不足以判断是否存在时间结构。
TOPC-124,PHASE_TRANSITION,PHASE_TRANSITION,THEME_FAMILY,TH-PHARMA,医药健康,BROAD_CONFIRMATION->PEAK,医药健康 · BROAD_CONFIRMATION->PEAK,1,2020,12-25,,,,,,,,INSUFFICIENT_N,,,1,1,1,CALENDAR_DRIVEN|POLICY_CADENCE|PHASE_TRANSITION,MEDIUM,,INSUFFICIENT_DATA,,,,,scope 无节奏分析（或 EARLY_SIGNAL 样本 < 3）,INSUFFICIENT_DATA,N=1 < 3：样本不足以判断是否存在时间结构。
TOPC-136,PHASE_TRANSITION,PHASE_TRANSITION,RULE,rule_pharma_upgrade,医药健康结构性升级观察窗口,EARLY_SIGNAL->BROAD_CONFIRMATION,医药健康结构性升级观察窗口 · EARLY_SIGNAL->BROAD_CONFIRMATION,1,2019,11-28,,,,,,,,INSUFFICIENT_N,,,1,1,1,CALENDAR_DRIVEN|POLICY_CADENCE|PHASE_TRANSITION,MEDIUM,,INSUFFICIENT_DATA,,,,,scope 无节奏分析（或 EARLY_SIGNAL 样本 < 3）,INSUFFICIENT_DATA,N=1 < 3：样本不足以判断是否存在时间结构。
TOPC-137,PHASE_TRANSITION,PHASE_TRANSITION,RULE,rule_pharma_upgrade,医药健康结构性升级观察窗口,THEME_FORMING->BROAD_CONFIRMATION,医药健康结构性升级观察窗口 · THEME_FORMING->BROAD_CONFIRMATION,1,2019,11-28,,,,,,,,INSUFFICIENT_N,,,1,1,1,CALENDAR_DRIVEN|POLICY_CADENCE|PHASE_TRANSITION,MEDIUM,,INSUFFICIENT_DATA,,,,,scope 无节奏分析（或 EARLY_SIGNAL 样本 < 3）,INSUFFICIENT_DATA,N=1 < 3：样本不足以判断是否存在时间结构。
TOPC-139,PHASE_TRANSITION,PHASE_TRANSITION,RULE,rule_pharma_upgrade,医药健康结构性升级观察窗口,BROAD_CONFIRMATION->MAIN_RISE,医药健康结构性升级观察窗口 · BROAD_CONFIRMATION->MAIN_RISE,1,2020,01-01,,,,,,,,INSUFFICIENT_N,,,1,1,1,CALENDAR_DRIVEN|POLICY_CADENCE|PHASE_TRANSITION,MEDIUM,,INSUFFICIENT_DATA,,,,,scope 无节奏分析（或 EARLY_SIGNAL 样本 < 3）,INSUFFICIENT_DATA,N=1 < 3：样本不足以判断是否存在时间结构。
TOPC-140,PHASE_TRANSITION,PHASE_TRANSITION,RULE,rule_pharma_upgrade,医药健康结构性升级观察窗口,BROAD_CONFIRMATION->PEAK,医药健康结构性升级观察窗口 · BROAD_CONFIRMATION->PEAK,1,2020,12-25,,,,,,,,INSUFFICIENT_N,,,1,1,1,CALENDAR_DRIVEN|POLICY_CADENCE|PHASE_TRANSITION,MEDIUM,,INSUFFICIENT_DATA,,,,,scope 无节奏分析（或 EARLY_SIGNAL 样本 < 3）,INSUFFICIENT_DATA,N=1 < 3：样本不足以判断是否存在时间结构。
TOPC-158,PHASE_TRANSITION,PHASE_TRANSITION,RULE,rule_infocomm,信息通信历史周期观察,PEAK->MAIN_END,信息通信历史周期观察 · PEAK->MAIN_END,1,2022,10-11,,,,,,,,INSUFFICIENT_N,,,1,1,1,PHASE_TRANSITION,MEDIUM,,INSUFFICIENT_DATA,,,,,scope 无节奏分析（或 EARLY_SIGNAL 样本 < 3）,INSUFFICIENT_DATA,N=1 < 3：样本不足以判断是否存在时间结构。
TOPC-173,PHASE_TRANSITION,DB_PHASE_TRANSITION,THEME_FAMILY,TH-AUTO,汽车,DB_main_rise->retracement,汽车 · DB_main_rise->retracement,1,2020,07-14,,,,,,,,INSUFFICIENT_N,,,1,1,1,CALENDAR_DRIVEN|POLICY_CADENCE|REPORTING_CADENCE|DATA_RELEASE_CADENCE|PHASE_TRANSITION,MEDIUM,,INSUFFICIENT_DATA,,,,,存在无节奏判定的阶段（不在 export 10 阶段内，或该阶段样本 < 3）→ 不下结论,INSUFFICIENT_DATA,N=1 < 3：样本不足以判断是否存在时间结构。
TOPC-175,PHASE_TRANSITION,DB_PHASE_START,THEME_FAMILY,TH-PHARMA,医药健康,PHASE_STARTUP,医药健康 · PHASE_STARTUP,1,2019,01-02,,,,,,,,INSUFFICIENT_N,,,1,1,1,CALENDAR_DRIVEN|POLICY_CADENCE,LOW,,INSUFFICIENT_DATA,,,,,scope 无节奏分析（或 EARLY_SIGNAL 样本 < 3）,INSUFFICIENT_DATA,N=1 < 3：样本不足以判断是否存在时间结构。
TOPC-176,PHASE_TRANSITION,DB_PHASE_START,THEME_FAMILY,TH-PHARMA,医药健康,PHASE_ACCELERATION,医药健康 · PHASE_ACCELERATION,1,2019,07-22,,,,,,,,INSUFFICIENT_N,,,1,1,1,CALENDAR_DRIVEN|POLICY_CADENCE,LOW,,INSUFFICIENT_DATA,,,,,scope 无节奏分析（或 EARLY_SIGNAL 样本 < 3）,INSUFFICIENT_DATA,N=1 < 3：样本不足以判断是否存在时间结构。
TOPC-177,PHASE_TRANSITION,DB_PHASE_START,THEME_FAMILY,TH-PHARMA,医药健康,PHASE_MAIN_RISE,医药健康 · PHASE_MAIN_RISE,1,2020,01-01,,,,,,,,INSUFFICIENT_N,,,1,1,1,CALENDAR_DRIVEN|POLICY_CADENCE,LOW,,INSUFFICIENT_DATA,,,,,scope 无节奏分析（或 EARLY_SIGNAL 样本 < 3）,INSUFFICIENT_DATA,N=1 < 3：样本不足以判断是否存在时间结构。
TOPC-178,PHASE_TRANSITION,DB_PHASE_START,THEME_FAMILY,TH-PHARMA,医药健康,PHASE_DIFFUSION,医药健康 · PHASE_DIFFUSION,1,2020,12-25,,,,,,,,INSUFFICIENT_N,,,1,1,1,CALENDAR_DRIVEN|POLICY_CADENCE,LOW,,INSUFFICIENT_DATA,,,,,scope 无节奏分析（或 EARLY_SIGNAL 样本 < 3）,INSUFFICIENT_DATA,N=1 < 3：样本不足以判断是否存在时间结构。
TOPC-181,PHASE_TRANSITION,DB_PHASE_TRANSITION,THEME_FAMILY,TH-PHARMA,医药健康,DB_startup->main_rise,医药健康 · DB_startup->main_rise,1,2020,01-01,,,,,,,,INSUFFICIENT_N,,,1,1,1,CALENDAR_DRIVEN|POLICY_CADENCE|PHASE_TRANSITION,MEDIUM,,INSUFFICIENT_DATA,,,,,scope 无节奏分析（或 EARLY_SIGNAL 样本 < 3）,INSUFFICIENT_DATA,N=1 < 3：样本不足以判断是否存在时间结构。
TOPC-182,PHASE_TRANSITION,DB_PHASE_TRANSITION,THEME_FAMILY,TH-PHARMA,医药健康,DB_main_rise->retracement,医药健康 · DB_main_rise->retracement,1,2021,07-02,,,,,,,,INSUFFICIENT_N,,,1,1,1,CALENDAR_DRIVEN|POLICY_CADENCE|PHASE_TRANSITION,MEDIUM,,INSUFFICIENT_DATA,,,,,scope 无节奏分析（或 EARLY_SIGNAL 样本 < 3）,INSUFFICIENT_DATA,N=1 < 3：样本不足以判断是否存在时间结构。
TOPC-183,PHASE_TRANSITION,DB_PHASE_TRANSITION,THEME_FAMILY,TH-PHARMA,医药健康,DB_main_rise->decline,医药健康 · DB_main_rise->decline,1,2022,01-03,,,,,,,,INSUFFICIENT_N,,,1,1,1,CALENDAR_DRIVEN|POLICY_CADENCE|PHASE_TRANSITION,MEDIUM,,INSUFFICIENT_DATA,,,,,scope 无节奏分析（或 EARLY_SIGNAL 样本 < 3）,INSUFFICIENT_DATA,N=1 < 3：样本不足以判断是否存在时间结构。
TOPC-186,PHASE_TRANSITION,DB_PHASE_START,RULE,rule_auto_summer,6-8月汽车季节性观察窗口,PHASE_RETRACEMENT,6-8月汽车季节性观察窗口 · PHASE_RETRACEMENT,1,2020,07-14,,,,,,,,INSUFFICIENT_N,,,1,1,1,CALENDAR_DRIVEN|POLICY_CADENCE|REPORTING_CADENCE|DATA_RELEASE_CADENCE,MEDIUM,,INSUFFICIENT_DATA,,,,,存在无节奏判定的阶段（不在 export 10 阶段内，或该阶段样本 < 3）→ 不下结论,INSUFFICIENT_DATA,N=1 < 3：样本不足以判断是否存在时间结构。
TOPC-190,PHASE_TRANSITION,DB_PHASE_TRANSITION,RULE,rule_auto_summer,6-8月汽车季节性观察窗口,DB_main_rise->retracement,6-8月汽车季节性观察窗口 · DB_main_rise->retracement,1,2020,07-14,,,,,,,,INSUFFICIENT_N,,,1,1,1,CALENDAR_DRIVEN|POLICY_CADENCE|REPORTING_CADENCE|DATA_RELEASE_CADENCE|PHASE_TRANSITION,MEDIUM,,INSUFFICIENT_DATA,,,,,存在无节奏判定的阶段（不在 export 10 阶段内，或该阶段样本 < 3）→ 不下结论,INSUFFICIENT_DATA,N=1 < 3：样本不足以判断是否存在时间结构。
TOPC-192,PHASE_TRANSITION,DB_PHASE_START,RULE,rule_pharma_upgrade,医药健康结构性升级观察窗口,PHASE_STARTUP,医药健康结构性升级观察窗口 · PHASE_STARTUP,1,2019,01-02,,,,,,,,INSUFFICIENT_N,,,1,1,1,CALENDAR_DRIVEN|POLICY_CADENCE,LOW,,INSUFFICIENT_DATA,,,,,scope 无节奏分析（或 EARLY_SIGNAL 样本 < 3）,INSUFFICIENT_DATA,N=1 < 3：样本不足以判断是否存在时间结构。
TOPC-193,PHASE_TRANSITION,DB_PHASE_START,RULE,rule_pharma_upgrade,医药健康结构性升级观察窗口,PHASE_ACCELERATION,医药健康结构性升级观察窗口 · PHASE_ACCELERATION,1,2019,07-22,,,,,,,,INSUFFICIENT_N,,,1,1,1,CALENDAR_DRIVEN|POLICY_CADENCE,LOW,,INSUFFICIENT_DATA,,,,,scope 无节奏分析（或 EARLY_SIGNAL 样本 < 3）,INSUFFICIENT_DATA,N=1 < 3：样本不足以判断是否存在时间结构。
TOPC-194,PHASE_TRANSITION,DB_PHASE_START,RULE,rule_pharma_upgrade,医药健康结构性升级观察窗口,PHASE_MAIN_RISE,医药健康结构性升级观察窗口 · PHASE_MAIN_RISE,1,2020,01-01,,,,,,,,INSUFFICIENT_N,,,1,1,1,CALENDAR_DRIVEN|POLICY_CADENCE,LOW,,INSUFFICIENT_DATA,,,,,scope 无节奏分析（或 EARLY_SIGNAL 样本 < 3）,INSUFFICIENT_DATA,N=1 < 3：样本不足以判断是否存在时间结构。
TOPC-195,PHASE_TRANSITION,DB_PHASE_START,RULE,rule_pharma_upgrade,医药健康结构性升级观察窗口,PHASE_DIFFUSION,医药健康结构性升级观察窗口 · PHASE_DIFFUSION,1,2020,12-25,,,,,,,,INSUFFICIENT_N,,,1,1,1,CALENDAR_DRIVEN|POLICY_CADENCE,LOW,,INSUFFICIENT_DATA,,,,,scope 无节奏分析（或 EARLY_SIGNAL 样本 < 3）,INSUFFICIENT_DATA,N=1 < 3：样本不足以判断是否存在时间结构。
TOPC-196,PHASE_TRANSITION,DB_PHASE_START,RULE,rule_pharma_upgrade,医药健康结构性升级观察窗口,PHASE_RETRACEMENT,医药健康结构性升级观察窗口 · PHASE_RETRACEMENT,1,2021,07-02,,,,,,,,INSUFFICIENT_N,,,1,1,1,CALENDAR_DRIVEN|POLICY_CADENCE,LOW,,INSUFFICIENT_DATA,,,,,scope 无节奏分析（或 EARLY_SIGNAL 样本 < 3）,INSUFFICIENT_DATA,N=1 < 3：样本不足以判断是否存在时间结构。
TOPC-197,PHASE_TRANSITION,DB_PHASE_START,RULE,rule_pharma_upgrade,医药健康结构性升级观察窗口,PHASE_DECLINE,医药健康结构性升级观察窗口 · PHASE_DECLINE,1,2022,01-03,,,,,,,,INSUFFICIENT_N,,,1,1,1,CALENDAR_DRIVEN|POLICY_CADENCE,LOW,,INSUFFICIENT_DATA,,,,,scope 无节奏分析（或 EARLY_SIGNAL 样本 < 3）,INSUFFICIENT_DATA,N=1 < 3：样本不足以判断是否存在时间结构。
TOPC-198,PHASE_TRANSITION,DB_PHASE_TRANSITION,RULE,rule_pharma_upgrade,医药健康结构性升级观察窗口,DB_startup->main_rise,医药健康结构性升级观察窗口 · DB_startup->main_rise,1,2020,01-01,,,,,,,,INSUFFICIENT_N,,,1,1,1,CALENDAR_DRIVEN|POLICY_CADENCE|PHASE_TRANSITION,MEDIUM,,INSUFFICIENT_DATA,,,,,scope 无节奏分析（或 EARLY_SIGNAL 样本 < 3）,INSUFFICIENT_DATA,N=1 < 3：样本不足以判断是否存在时间结构。
TOPC-199,PHASE_TRANSITION,DB_PHASE_TRANSITION,RULE,rule_pharma_upgrade,医药健康结构性升级观察窗口,DB_main_rise->retracement,医药健康结构性升级观察窗口 · DB_main_rise->retracement,1,2021,07-02,,,,,,,,INSUFFICIENT_N,,,1,1,1,CALENDAR_DRIVEN|POLICY_CADENCE|PHASE_TRANSITION,MEDIUM,,INSUFFICIENT_DATA,,,,,scope 无节奏分析（或 EARLY_SIGNAL 样本 < 3）,INSUFFICIENT_DATA,N=1 < 3：样本不足以判断是否存在时间结构。
TOPC-200,PHASE_TRANSITION,DB_PHASE_TRANSITION,RULE,rule_pharma_upgrade,医药健康结构性升级观察窗口,DB_main_rise->decline,医药健康结构性升级观察窗口 · DB_main_rise->decline,1,2022,01-03,,,,,,,,INSUFFICIENT_N,,,1,1,1,CALENDAR_DRIVEN|POLICY_CADENCE|PHASE_TRANSITION,MEDIUM,,INSUFFICIENT_DATA,,,,,scope 无节奏分析（或 EARLY_SIGNAL 样本 < 3）,INSUFFICIENT_DATA,N=1 < 3：样本不足以判断是否存在时间结构。
TOPC-206,PHASE_TRANSITION,DB_PHASE_START,RULE,rule_power_equipment,电力设备历史周期观察,PHASE_SECONDARY_RALLY,电力设备历史周期观察 · PHASE_SECONDARY_RALLY,1,2022,04-27,,,,,,,,INSUFFICIENT_N,,,1,1,1,UNKNOWN,LOW,,INSUFFICIENT_DATA,,,,,scope 无节奏分析（或 EARLY_SIGNAL 样本 < 3）,INSUFFICIENT_DATA,N=1 < 3：样本不足以判断是否存在时间结构。
TOPC-216,PHASE_TRANSITION,DB_PHASE_START,RULE,rule_infocomm,信息通信历史周期观察,PHASE_SECONDARY_RALLY,信息通信历史周期观察 · PHASE_SECONDARY_RALLY,1,2021,03-19,,,,,,,,INSUFFICIENT_N,,,1,1,1,UNKNOWN,LOW,,INSUFFICIENT_DATA,,,,,scope 无节奏分析（或 EARLY_SIGNAL 样本 < 3）,INSUFFICIENT_DATA,N=1 < 3：样本不足以判断是否存在时间结构。
TOPC-217,PHASE_TRANSITION,DB_PHASE_START,RULE,rule_infocomm,信息通信历史周期观察,PHASE_DECLINE,信息通信历史周期观察 · PHASE_DECLINE,1,2022,01-01,,,,,,,,INSUFFICIENT_N,,,1,1,1,UNKNOWN,LOW,,INSUFFICIENT_DATA,,,,,scope 无节奏分析（或 EARLY_SIGNAL 样本 < 3）,INSUFFICIENT_DATA,N=1 < 3：样本不足以判断是否存在时间结构。
TOPC-219,PHASE_TRANSITION,DB_PHASE_TRANSITION,RULE,rule_infocomm,信息通信历史周期观察,DB_main_rise->retracement,信息通信历史周期观察 · DB_main_rise->retracement,1,2020,08-05,,,,,,,,INSUFFICIENT_N,,,1,1,1,PHASE_TRANSITION,MEDIUM,,INSUFFICIENT_DATA,,,,,scope 无节奏分析（或 EARLY_SIGNAL 样本 < 3）,INSUFFICIENT_DATA,N=1 < 3：样本不足以判断是否存在时间结构。
TOPC-220,PHASE_TRANSITION,DB_PHASE_TRANSITION,RULE,rule_infocomm,信息通信历史周期观察,DB_main_rise->decline,信息通信历史周期观察 · DB_main_rise->decline,1,2022,01-01,,,,,,,,INSUFFICIENT_N,,,1,1,1,PHASE_TRANSITION,MEDIUM,,INSUFFICIENT_DATA,,,,,scope 无节奏分析（或 EARLY_SIGNAL 样本 < 3）,INSUFFICIENT_DATA,N=1 < 3：样本不足以判断是否存在时间结构。
TOPC-234,PHASE_TRANSITION,DB_PHASE_START,THEME,TH-CAR-CONSUMPTION,汽车消费/购置税刺激,PHASE_STARTUP,汽车消费/购置税刺激 · PHASE_STARTUP,1,2022,04-27,,,,,,,,INSUFFICIENT_N,,,1,1,1,CALENDAR_DRIVEN|POLICY_CADENCE|REPORTING_CADENCE|DATA_RELEASE_CADENCE,MEDIUM,,INSUFFICIENT_DATA,,,,,scope 无节奏分析（或 EARLY_SIGNAL 样本 < 3）,INSUFFICIENT_DATA,N=1 < 3：样本不足以判断是否存在时间结构。
TOPC-235,PHASE_TRANSITION,DB_PHASE_START,THEME,TH-CAR-CONSUMPTION,汽车消费/购置税刺激,PHASE_MAIN_RISE,汽车消费/购置税刺激 · PHASE_MAIN_RISE,1,2022,05-23,,,,,,,,INSUFFICIENT_N,,,1,1,1,CALENDAR_DRIVEN|POLICY_CADENCE|REPORTING_CADENCE|DATA_RELEASE_CADENCE,MEDIUM,,INSUFFICIENT_DATA,,,,,scope 无节奏分析（或 EARLY_SIGNAL 样本 < 3）,INSUFFICIENT_DATA,N=1 < 3：样本不足以判断是否存在时间结构。
TOPC-242,PHASE_TRANSITION,DB_PHASE_START,THEME,TH-COMM,信息通信,PHASE_RETRACEMENT,信息通信 · PHASE_RETRACEMENT,1,2020,08-05,,,,,,,,INSUFFICIENT_N,,,1,1,1,UNKNOWN,LOW,,INSUFFICIENT_DATA,,,,,scope 无节奏分析（或 EARLY_SIGNAL 样本 < 3）,INSUFFICIENT_DATA,N=1 < 3：样本不足以判断是否存在时间结构。
TOPC-243,PHASE_TRANSITION,DB_PHASE_START,THEME,TH-COMM,信息通信,PHASE_SECONDARY_RALLY,信息通信 · PHASE_SECONDARY_RALLY,1,2021,03-19,,,,,,,,INSUFFICIENT_N,,,1,1,1,UNKNOWN,LOW,,INSUFFICIENT_DATA,,,,,scope 无节奏分析（或 EARLY_SIGNAL 样本 < 3）,INSUFFICIENT_DATA,N=1 < 3：样本不足以判断是否存在时间结构。
TOPC-244,PHASE_TRANSITION,DB_PHASE_START,THEME,TH-COMM,信息通信,PHASE_DECLINE,信息通信 · PHASE_DECLINE,1,2022,01-01,,,,,,,,INSUFFICIENT_N,,,1,1,1,UNKNOWN,LOW,,INSUFFICIENT_DATA,,,,,scope 无节奏分析（或 EARLY_SIGNAL 样本 < 3）,INSUFFICIENT_DATA,N=1 < 3：样本不足以判断是否存在时间结构。
TOPC-245,PHASE_TRANSITION,DB_PHASE_START,THEME,TH-COMM-5G,5G网络建设/通信设备,PHASE_STARTUP,5G网络建设/通信设备 · PHASE_STARTUP,1,2019,06-06,,,,,,,,INSUFFICIENT_N,,,1,1,1,UNKNOWN,LOW,,INSUFFICIENT_DATA,,,,,scope 无节奏分析（或 EARLY_SIGNAL 样本 < 3）,INSUFFICIENT_DATA,N=1 < 3：样本不足以判断是否存在时间结构。
TOPC-246,PHASE_TRANSITION,DB_PHASE_START,THEME,TH-COMM-5G,5G网络建设/通信设备,PHASE_ACCELERATION,5G网络建设/通信设备 · PHASE_ACCELERATION,1,2019,10-31,,,,,,,,INSUFFICIENT_N,,,1,1,1,UNKNOWN,LOW,,INSUFFICIENT_DATA,,,,,scope 无节奏分析（或 EARLY_SIGNAL 样本 < 3）,INSUFFICIENT_DATA,N=1 < 3：样本不足以判断是否存在时间结构。
TOPC-248,PHASE_TRANSITION,DB_PHASE_START,THEME,TH-COMM-5G,5G网络建设/通信设备,PHASE_DIFFUSION,5G网络建设/通信设备 · PHASE_DIFFUSION,1,2020,02-24,,,,,,,,INSUFFICIENT_N,,,1,1,1,UNKNOWN,LOW,,INSUFFICIENT_DATA,,,,,scope 无节奏分析（或 EARLY_SIGNAL 样本 < 3）,INSUFFICIENT_DATA,N=1 < 3：样本不足以判断是否存在时间结构。
TOPC-249,PHASE_TRANSITION,DB_PHASE_START,THEME,TH-COMM-5G,5G网络建设/通信设备,PHASE_RETRACEMENT,5G网络建设/通信设备 · PHASE_RETRACEMENT,1,2020,08-05,,,,,,,,INSUFFICIENT_N,,,1,1,1,UNKNOWN,LOW,,INSUFFICIENT_DATA,,,,,scope 无节奏分析（或 EARLY_SIGNAL 样本 < 3）,INSUFFICIENT_DATA,N=1 < 3：样本不足以判断是否存在时间结构。
TOPC-250,PHASE_TRANSITION,DB_PHASE_START,THEME,TH-COMM-5G,5G网络建设/通信设备,PHASE_SECONDARY_RALLY,5G网络建设/通信设备 · PHASE_SECONDARY_RALLY,1,2021,03-19,,,,,,,,INSUFFICIENT_N,,,1,1,1,UNKNOWN,LOW,,INSUFFICIENT_DATA,,,,,scope 无节奏分析（或 EARLY_SIGNAL 样本 < 3）,INSUFFICIENT_DATA,N=1 < 3：样本不足以判断是否存在时间结构。
TOPC-251,PHASE_TRANSITION,DB_PHASE_START,THEME,TH-COMM-5G,5G网络建设/通信设备,PHASE_DECLINE,5G网络建设/通信设备 · PHASE_DECLINE,1,2022,01-01,,,,,,,,INSUFFICIENT_N,,,1,1,1,UNKNOWN,LOW,,INSUFFICIENT_DATA,,,,,scope 无节奏分析（或 EARLY_SIGNAL 样本 < 3）,INSUFFICIENT_DATA,N=1 < 3：样本不足以判断是否存在时间结构。
TOPC-256,PHASE_TRANSITION,DB_PHASE_START,THEME,TH-COMM-OPTICAL,光模块/高速光互联,PHASE_RETRACEMENT,光模块/高速光互联 · PHASE_RETRACEMENT,1,2020,08-05,,,,,,,,INSUFFICIENT_N,,,1,1,1,UNKNOWN,LOW,,INSUFFICIENT_DATA,,,,,scope 无节奏分析（或 EARLY_SIGNAL 样本 < 3）,INSUFFICIENT_DATA,N=1 < 3：样本不足以判断是否存在时间结构。
TOPC-257,PHASE_TRANSITION,DB_PHASE_START,THEME,TH-COMM-OPTICAL,光模块/高速光互联,PHASE_SECONDARY_RALLY,光模块/高速光互联 · PHASE_SECONDARY_RALLY,1,2021,03-19,,,,,,,,INSUFFICIENT_N,,,1,1,1,UNKNOWN,LOW,,INSUFFICIENT_DATA,,,,,scope 无节奏分析（或 EARLY_SIGNAL 样本 < 3）,INSUFFICIENT_DATA,N=1 < 3：样本不足以判断是否存在时间结构。
TOPC-258,PHASE_TRANSITION,DB_PHASE_START,THEME,TH-COMM-OPTICAL,光模块/高速光互联,PHASE_DECLINE,光模块/高速光互联 · PHASE_DECLINE,1,2022,01-01,,,,,,,,INSUFFICIENT_N,,,1,1,1,UNKNOWN,LOW,,INSUFFICIENT_DATA,,,,,scope 无节奏分析（或 EARLY_SIGNAL 样本 < 3）,INSUFFICIENT_DATA,N=1 < 3：样本不足以判断是否存在时间结构。
TOPC-261,PHASE_TRANSITION,DB_PHASE_START,THEME,TH-NEV,新能源汽车/电池,PHASE_RETRACEMENT,新能源汽车/电池 · PHASE_RETRACEMENT,1,2020,07-14,,,,,,,,INSUFFICIENT_N,,,1,1,1,CALENDAR_DRIVEN|POLICY_CADENCE|REPORTING_CADENCE|DATA_RELEASE_CADENCE,MEDIUM,,INSUFFICIENT_DATA,,,,,scope 无节奏分析（或 EARLY_SIGNAL 样本 < 3）,INSUFFICIENT_DATA,N=1 < 3：样本不足以判断是否存在时间结构。
TOPC-264,PHASE_TRANSITION,DB_PHASE_START,THEME,TH-PHARMA-CXO,CXO(研发外包),PHASE_STARTUP,CXO(研发外包) · PHASE_STARTUP,1,2019,01-02,,,,,,,,INSUFFICIENT_N,,,1,1,1,CALENDAR_DRIVEN|POLICY_CADENCE,LOW,,INSUFFICIENT_DATA,,,,,scope 无节奏分析（或 EARLY_SIGNAL 样本 < 3）,INSUFFICIENT_DATA,N=1 < 3：样本不足以判断是否存在时间结构。
TOPC-265,PHASE_TRANSITION,DB_PHASE_START,THEME,TH-PHARMA-CXO,CXO(研发外包),PHASE_ACCELERATION,CXO(研发外包) · PHASE_ACCELERATION,1,2019,07-22,,,,,,,,INSUFFICIENT_N,,,1,1,1,CALENDAR_DRIVEN|POLICY_CADENCE,LOW,,INSUFFICIENT_DATA,,,,,scope 无节奏分析（或 EARLY_SIGNAL 样本 < 3）,INSUFFICIENT_DATA,N=1 < 3：样本不足以判断是否存在时间结构。
TOPC-266,PHASE_TRANSITION,DB_PHASE_START,THEME,TH-PHARMA-CXO,CXO(研发外包),PHASE_MAIN_RISE,CXO(研发外包) · PHASE_MAIN_RISE,1,2020,01-01,,,,,,,,INSUFFICIENT_N,,,1,1,1,CALENDAR_DRIVEN|POLICY_CADENCE,LOW,,INSUFFICIENT_DATA,,,,,scope 无节奏分析（或 EARLY_SIGNAL 样本 < 3）,INSUFFICIENT_DATA,N=1 < 3：样本不足以判断是否存在时间结构。
TOPC-267,PHASE_TRANSITION,DB_PHASE_START,THEME,TH-PHARMA-CXO,CXO(研发外包),PHASE_DIFFUSION,CXO(研发外包) · PHASE_DIFFUSION,1,2020,12-25,,,,,,,,INSUFFICIENT_N,,,1,1,1,CALENDAR_DRIVEN|POLICY_CADENCE,LOW,,INSUFFICIENT_DATA,,,,,scope 无节奏分析（或 EARLY_SIGNAL 样本 < 3）,INSUFFICIENT_DATA,N=1 < 3：样本不足以判断是否存在时间结构。
TOPC-268,PHASE_TRANSITION,DB_PHASE_START,THEME,TH-PHARMA-CXO,CXO(研发外包),PHASE_RETRACEMENT,CXO(研发外包) · PHASE_RETRACEMENT,1,2021,07-02,,,,,,,,INSUFFICIENT_N,,,1,1,1,CALENDAR_DRIVEN|POLICY_CADENCE,LOW,,INSUFFICIENT_DATA,,,,,scope 无节奏分析（或 EARLY_SIGNAL 样本 < 3）,INSUFFICIENT_DATA,N=1 < 3：样本不足以判断是否存在时间结构。
TOPC-269,PHASE_TRANSITION,DB_PHASE_START,THEME,TH-PHARMA-CXO,CXO(研发外包),PHASE_DECLINE,CXO(研发外包) · PHASE_DECLINE,1,2022,01-03,,,,,,,,INSUFFICIENT_N,,,1,1,1,CALENDAR_DRIVEN|POLICY_CADENCE,LOW,,INSUFFICIENT_DATA,,,,,scope 无节奏分析（或 EARLY_SIGNAL 样本 < 3）,INSUFFICIENT_DATA,N=1 < 3：样本不足以判断是否存在时间结构。
TOPC-270,PHASE_TRANSITION,DB_PHASE_START,THEME,TH-PHARMA-INNOV,创新药,PHASE_STARTUP,创新药 · PHASE_STARTUP,1,2019,01-02,,,,,,,,INSUFFICIENT_N,,,1,1,1,CALENDAR_DRIVEN|POLICY_CADENCE,LOW,,INSUFFICIENT_DATA,,,,,scope 无节奏分析（或 EARLY_SIGNAL 样本 < 3）,INSUFFICIENT_DATA,N=1 < 3：样本不足以判断是否存在时间结构。
TOPC-271,PHASE_TRANSITION,DB_PHASE_START,THEME,TH-PHARMA-INNOV,创新药,PHASE_ACCELERATION,创新药 · PHASE_ACCELERATION,1,2019,07-22,,,,,,,,INSUFFICIENT_N,,,1,1,1,CALENDAR_DRIVEN|POLICY_CADENCE,LOW,,INSUFFICIENT_DATA,,,,,scope 无节奏分析（或 EARLY_SIGNAL 样本 < 3）,INSUFFICIENT_DATA,N=1 < 3：样本不足以判断是否存在时间结构。
TOPC-272,PHASE_TRANSITION,DB_PHASE_START,THEME,TH-PHARMA-INNOV,创新药,PHASE_MAIN_RISE,创新药 · PHASE_MAIN_RISE,1,2020,01-01,,,,,,,,INSUFFICIENT_N,,,1,1,1,CALENDAR_DRIVEN|POLICY_CADENCE,LOW,,INSUFFICIENT_DATA,,,,,scope 无节奏分析（或 EARLY_SIGNAL 样本 < 3）,INSUFFICIENT_DATA,N=1 < 3：样本不足以判断是否存在时间结构。
TOPC-273,PHASE_TRANSITION,DB_PHASE_START,THEME,TH-PHARMA-INNOV,创新药,PHASE_DIFFUSION,创新药 · PHASE_DIFFUSION,1,2020,12-25,,,,,,,,INSUFFICIENT_N,,,1,1,1,CALENDAR_DRIVEN|POLICY_CADENCE,LOW,,INSUFFICIENT_DATA,,,,,scope 无节奏分析（或 EARLY_SIGNAL 样本 < 3）,INSUFFICIENT_DATA,N=1 < 3：样本不足以判断是否存在时间结构。
TOPC-274,PHASE_TRANSITION,DB_PHASE_START,THEME,TH-PHARMA-INNOV,创新药,PHASE_RETRACEMENT,创新药 · PHASE_RETRACEMENT,1,2021,07-02,,,,,,,,INSUFFICIENT_N,,,1,1,1,CALENDAR_DRIVEN|POLICY_CADENCE,LOW,,INSUFFICIENT_DATA,,,,,scope 无节奏分析（或 EARLY_SIGNAL 样本 < 3）,INSUFFICIENT_DATA,N=1 < 3：样本不足以判断是否存在时间结构。
TOPC-275,PHASE_TRANSITION,DB_PHASE_START,THEME,TH-PHARMA-INNOV,创新药,PHASE_DECLINE,创新药 · PHASE_DECLINE,1,2022,01-03,,,,,,,,INSUFFICIENT_N,,,1,1,1,CALENDAR_DRIVEN|POLICY_CADENCE,LOW,,INSUFFICIENT_DATA,,,,,scope 无节奏分析（或 EARLY_SIGNAL 样本 < 3）,INSUFFICIENT_DATA,N=1 < 3：样本不足以判断是否存在时间结构。
TOPC-281,PHASE_TRANSITION,DB_PHASE_START,THEME,TH-POWER,电力设备,PHASE_SECONDARY_RALLY,电力设备 · PHASE_SECONDARY_RALLY,1,2022,04-27,,,,,,,,INSUFFICIENT_N,,,1,1,1,UNKNOWN,LOW,,INSUFFICIENT_DATA,,,,,scope 无节奏分析（或 EARLY_SIGNAL 样本 < 3）,INSUFFICIENT_DATA,N=1 < 3：样本不足以判断是否存在时间结构。
TOPC-283,PHASE_TRANSITION,DB_PHASE_START,THEME,TH-POWER-GRID,电网/输变电设备,PHASE_STARTUP,电网/输变电设备 · PHASE_STARTUP,1,2022,01-10,,,,,,,,INSUFFICIENT_N,,,1,1,1,UNKNOWN,LOW,,INSUFFICIENT_DATA,,,,,scope 无节奏分析（或 EARLY_SIGNAL 样本 < 3）,INSUFFICIENT_DATA,N=1 < 3：样本不足以判断是否存在时间结构。
TOPC-285,PHASE_TRANSITION,DB_PHASE_START,THEME,TH-POWER-GRID,电网/输变电设备,PHASE_MAIN_RISE,电网/输变电设备 · PHASE_MAIN_RISE,1,2023,01-01,,,,,,,,INSUFFICIENT_N,,,1,1,1,UNKNOWN,LOW,,INSUFFICIENT_DATA,,,,,scope 无节奏分析（或 EARLY_SIGNAL 样本 < 3）,INSUFFICIENT_DATA,N=1 < 3：样本不足以判断是否存在时间结构。
TOPC-286,PHASE_TRANSITION,DB_PHASE_START,THEME,TH-POWER-GRID,电网/输变电设备,PHASE_DIFFUSION,电网/输变电设备 · PHASE_DIFFUSION,1,2024,07-09,,,,,,,,INSUFFICIENT_N,,,1,1,1,UNKNOWN,LOW,,INSUFFICIENT_DATA,,,,,scope 无节奏分析（或 EARLY_SIGNAL 样本 < 3）,INSUFFICIENT_DATA,N=1 < 3：样本不足以判断是否存在时间结构。
TOPC-289,PHASE_TRANSITION,DB_PHASE_START,THEME,TH-POWER-PV,光伏/新能源发电设备,PHASE_STARTUP,光伏/新能源发电设备 · PHASE_STARTUP,1,2020,09-22,,,,,,,,INSUFFICIENT_N,,,1,1,1,UNKNOWN,LOW,,INSUFFICIENT_DATA,,,,,scope 无节奏分析（或 EARLY_SIGNAL 样本 < 3）,INSUFFICIENT_DATA,N=1 < 3：样本不足以判断是否存在时间结构。
TOPC-290,PHASE_TRANSITION,DB_PHASE_START,THEME,TH-POWER-PV,光伏/新能源发电设备,PHASE_ACCELERATION,光伏/新能源发电设备 · PHASE_ACCELERATION,1,2020,12-12,,,,,,,,INSUFFICIENT_N,,,1,1,1,UNKNOWN,LOW,,INSUFFICIENT_DATA,,,,,scope 无节奏分析（或 EARLY_SIGNAL 样本 < 3）,INSUFFICIENT_DATA,N=1 < 3：样本不足以判断是否存在时间结构。
TOPC-292,PHASE_TRANSITION,DB_PHASE_START,THEME,TH-POWER-PV,光伏/新能源发电设备,PHASE_DIFFUSION,光伏/新能源发电设备 · PHASE_DIFFUSION,1,2021,10-27,,,,,,,,INSUFFICIENT_N,,,1,1,1,UNKNOWN,LOW,,INSUFFICIENT_DATA,,,,,scope 无节奏分析（或 EARLY_SIGNAL 样本 < 3）,INSUFFICIENT_DATA,N=1 < 3：样本不足以判断是否存在时间结构。
TOPC-293,PHASE_TRANSITION,DB_PHASE_START,THEME,TH-POWER-PV,光伏/新能源发电设备,PHASE_RETRACEMENT,光伏/新能源发电设备 · PHASE_RETRACEMENT,1,2021,11-05,,,,,,,,INSUFFICIENT_N,,,1,1,1,UNKNOWN,LOW,,INSUFFICIENT_DATA,,,,,scope 无节奏分析（或 EARLY_SIGNAL 样本 < 3）,INSUFFICIENT_DATA,N=1 < 3：样本不足以判断是否存在时间结构。
TOPC-294,PHASE_TRANSITION,DB_PHASE_START,THEME,TH-POWER-PV,光伏/新能源发电设备,PHASE_SECONDARY_RALLY,光伏/新能源发电设备 · PHASE_SECONDARY_RALLY,1,2022,04-27,,,,,,,,INSUFFICIENT_N,,,1,1,1,UNKNOWN,LOW,,INSUFFICIENT_DATA,,,,,scope 无节奏分析（或 EARLY_SIGNAL 样本 < 3）,INSUFFICIENT_DATA,N=1 < 3：样本不足以判断是否存在时间结构。
TOPC-296,PHASE_TRANSITION,DB_PHASE_START,THEME,TH-POWER-WIND,风电设备,PHASE_STARTUP,风电设备 · PHASE_STARTUP,1,2020,09-22,,,,,,,,INSUFFICIENT_N,,,1,1,1,UNKNOWN,LOW,,INSUFFICIENT_DATA,,,,,scope 无节奏分析（或 EARLY_SIGNAL 样本 < 3）,INSUFFICIENT_DATA,N=1 < 3：样本不足以判断是否存在时间结构。
TOPC-297,PHASE_TRANSITION,DB_PHASE_START,THEME,TH-POWER-WIND,风电设备,PHASE_ACCELERATION,风电设备 · PHASE_ACCELERATION,1,2020,12-12,,,,,,,,INSUFFICIENT_N,,,1,1,1,UNKNOWN,LOW,,INSUFFICIENT_DATA,,,,,scope 无节奏分析（或 EARLY_SIGNAL 样本 < 3）,INSUFFICIENT_DATA,N=1 < 3：样本不足以判断是否存在时间结构。
TOPC-298,PHASE_TRANSITION,DB_PHASE_START,THEME,TH-POWER-WIND,风电设备,PHASE_MAIN_RISE,风电设备 · PHASE_MAIN_RISE,1,2021,06-20,,,,,,,,INSUFFICIENT_N,,,1,1,1,UNKNOWN,LOW,,INSUFFICIENT_DATA,,,,,scope 无节奏分析（或 EARLY_SIGNAL 样本 < 3）,INSUFFICIENT_DATA,N=1 < 3：样本不足以判断是否存在时间结构。
TOPC-299,PHASE_TRANSITION,DB_PHASE_START,THEME,TH-POWER-WIND,风电设备,PHASE_DIFFUSION,风电设备 · PHASE_DIFFUSION,1,2021,10-27,,,,,,,,INSUFFICIENT_N,,,1,1,1,UNKNOWN,LOW,,INSUFFICIENT_DATA,,,,,scope 无节奏分析（或 EARLY_SIGNAL 样本 < 3）,INSUFFICIENT_DATA,N=1 < 3：样本不足以判断是否存在时间结构。
TOPC-300,PHASE_TRANSITION,DB_PHASE_START,THEME,TH-POWER-WIND,风电设备,PHASE_RETRACEMENT,风电设备 · PHASE_RETRACEMENT,1,2021,11-05,,,,,,,,INSUFFICIENT_N,,,1,1,1,UNKNOWN,LOW,,INSUFFICIENT_DATA,,,,,scope 无节奏分析（或 EARLY_SIGNAL 样本 < 3）,INSUFFICIENT_DATA,N=1 < 3：样本不足以判断是否存在时间结构。
TOPC-301,PHASE_TRANSITION,DB_PHASE_START,THEME,TH-POWER-WIND,风电设备,PHASE_SECONDARY_RALLY,风电设备 · PHASE_SECONDARY_RALLY,1,2022,04-27,,,,,,,,INSUFFICIENT_N,,,1,1,1,UNKNOWN,LOW,,INSUFFICIENT_DATA,,,,,scope 无节奏分析（或 EARLY_SIGNAL 样本 < 3）,INSUFFICIENT_DATA,N=1 < 3：样本不足以判断是否存在时间结构。
TOPC-302,PHASE_TRANSITION,DB_PHASE_START,THEME,TH-POWER-WIND,风电设备,PHASE_DECLINE,风电设备 · PHASE_DECLINE,1,2022,08-24,,,,,,,,INSUFFICIENT_N,,,1,1,1,UNKNOWN,LOW,,INSUFFICIENT_DATA,,,,,scope 无节奏分析（或 EARLY_SIGNAL 样本 < 3）,INSUFFICIENT_DATA,N=1 < 3：样本不足以判断是否存在时间结构。
TOPC-306,PHASE_TRANSITION,DB_PHASE_START,THEME,TH-TESLA-CHAIN,特斯拉产业链,PHASE_STARTUP,特斯拉产业链 · PHASE_STARTUP,1,2020,06-01,,,,,,,,INSUFFICIENT_N,,,1,1,1,CALENDAR_DRIVEN|POLICY_CADENCE|REPORTING_CADENCE|DATA_RELEASE_CADENCE,MEDIUM,,INSUFFICIENT_DATA,,,,,scope 无节奏分析（或 EARLY_SIGNAL 样本 < 3）,INSUFFICIENT_DATA,N=1 < 3：样本不足以判断是否存在时间结构。
TOPC-308,PHASE_TRANSITION,DB_PHASE_START,THEME,TH-TESLA-CHAIN,特斯拉产业链,PHASE_RETRACEMENT,特斯拉产业链 · PHASE_RETRACEMENT,1,2020,07-14,,,,,,,,INSUFFICIENT_N,,,1,1,1,CALENDAR_DRIVEN|POLICY_CADENCE|REPORTING_CADENCE|DATA_RELEASE_CADENCE,MEDIUM,,INSUFFICIENT_DATA,,,,,scope 无节奏分析（或 EARLY_SIGNAL 样本 < 3）,INSUFFICIENT_DATA,N=1 < 3：样本不足以判断是否存在时间结构。
